REPORTING PERIOD,,,MONTHLY UTILIZATION STATUS,,LGU PROFILE,,,,,
PERIOD,YEAR,MONTH,LGU FULL NAME,MONTHLY STATUS,UNIVERSAL STATUS,DISTRICT,LEVEL,INCOME CLASS,DICT RO,VERSION
PERIOD ID,YEAR,MONTH,LGU NAME,STATUS,USTATUS,DISTRICT,LEVEL,INCOME CLASS,DICT RO,VERSION
2026-01,2026,[01] January,"Alimodian, Iloilo",[1] Live,[A] Live,3rd,Mun,3rd,R6,v1
2026-01,2026,[01] January,"Anilao, Iloilo",[1] Live,[A] Live,4th,Mun,4th,R6,v1
2026-01,2026,[01] January,"Balete, Aklan",[1] Live,[A] Live,4th,Mun,4th,R6,v1
2026-01,2026,[01] January,"Banate, Iloilo",[1] Live,[A] Live,4th,Mun,4th,R6,v1
2026-01,2026,[01] January,"Barbaza, Antique",[1] Live,[A] Live,4th,Mun,4th,R6,v1
2026-01,2026,[01] January,"Barotac Nuevo, Iloilo",[1] Live,[A] Live,2nd,Mun,2nd,R6,v1
2026-01,2026,[01] January,"Batad, Iloilo",[1] Live,[A] Live,5th,Mun,5th,R6,v1
2026-01,2026,[01] January,"Belison, Antique",[1] Live,[A] Live,5th,Mun,5th,R6,v1
2026-01,2026,[01] January,"Bingawan, Iloilo",[1] Live,[A] Live,5th,Mun,5th,R6,v1
2026-01,2026,[01] January,"Buruanga, Aklan",[1] Live,[A] Live,5th,Mun,5th,R6,v1
2026-01,2026,[01] January,"Cabatuan, Iloilo",[1] Live,[A] Live,2nd,Mun,2nd,R6,v1
2026-01,2026,[01] January,"Calinog, Iloilo",[1] Live,[A] Live,1st,Mun,1st,R6,v1
2026-01,2026,[01] January,"Carles, Iloilo",[1] Live,[A] Live,2nd,Mun,2nd,R6,v1
2026-01,2026,[01] January,"City of Iloilo, Iloilo",[1] Live,[A] Live,1st,City,1st,R6,v1
2026-01,2026,[01] January,"Concepcion, Iloilo",[1] Live,[A] Live,3rd,Mun,3rd,R6,v1
2026-01,2026,[01] January,"Cuartero, Capiz",[1] Live,[A] Live,4th,Mun,4th,R6,v1
2026-01,2026,[01] January,"Dueñas, Iloilo",[1] Live,[A] Live,4th,Mun,4th,R6,v1
2026-01,2026,[01] January,"Dumarao, Capiz",[1] Live,[A] Live,2nd,Mun,2nd,R6,v1
2026-01,2026,[01] January,"Guimbal, Iloilo",[1] Live,[A] Live,4th,Mun,4th,R6,v1
2026-01,2026,[01] January,"Jamindan, Capiz",[1] Live,[A] Live,2nd,Mun,2nd,R6,v1
2026-01,2026,[01] January,"Lambunao, Iloilo",[1] Live,[A] Live,1st,Mun,1st,R6,v1
2026-01,2026,[01] January,"Leganes, Iloilo",[1] Live,[A] Live,4th,Mun,4th,R6,v1
2026-01,2026,[01] January,"Leon, Iloilo",[1] Live,[A] Live,2nd,Mun,2nd,R6,v1
2026-01,2026,[01] January,"Lezo, Aklan",[1] Live,[A] Live,5th,Mun,5th,R6,v1
2026-01,2026,[01] January,"Libertad, Antique",[1] Live,[A] Live,5th,Mun,5th,R6,v1
2026-01,2026,[01] January,"Ma-Ayon, Capiz",[1] Live,[A] Live,3rd,Mun,3rd,R6,v1
2026-01,2026,[01] January,"Maasin, Iloilo",[1] Live,[A] Live,3rd,Mun,3rd,R6,v1
2026-01,2026,[01] January,"Malinao, Aklan",[1] Live,[A] Live,4th,Mun,4th,R6,v1
2026-01,2026,[01] January,"Mambusao, Capiz",[1] Live,[A] Live,3rd,Mun,3rd,R6,v1
2026-01,2026,[01] January,"Mina, Iloilo",[1] Live,[A] Live,5th,Mun,5th,R6,v1
2026-01,2026,[01] January,"New Lucena, Iloilo",[1] Live,[A] Live,4th,Mun,4th,R6,v1
2026-01,2026,[01] January,"New Washington, Aklan",[1] Live,[A] Live,3rd,Mun,3rd,R6,v1
2026-01,2026,[01] January,"Oton, Iloilo",[1] Live,[A] Live,1st,Mun,1st,R6,v1
2026-01,2026,[01] January,"Pandan, Antique",[1] Live,[A] Live,4th,Mun,4th,R6,v1
2026-01,2026,[01] January,"Panitan, Capiz",[1] Live,[A] Live,3rd,Mun,3rd,R6,v1
2026-01,2026,[01] January,"Pototan, Iloilo",[1] Live,[A] Live,1st,Mun,1st,R6,v1
2026-01,2026,[01] January,"San Joaquin, Iloilo",[1] Live,[A] Live,2nd,Mun,2nd,R6,v1
2026-01,2026,[01] January,"San Miguel, Iloilo",[1] Live,[A] Live,4th,Mun,4th,R6,v1
2026-01,2026,[01] January,"San Remigio, Antique",[1] Live,[A] Live,3rd,Mun,3rd,R6,v1
2026-01,2026,[01] January,"Santa Barbara, Iloilo",[1] Live,[A] Live,2nd,Mun,2nd,R6,v1
2026-01,2026,[01] January,"Sapi-An, Capiz",[1] Live,[A] Live,4th,Mun,4th,R6,v1
2026-01,2026,[01] January,"Sara, Iloilo",[1] Live,[A] Live,2nd,Mun,2nd,R6,v1
2026-01,2026,[01] January,"Sebaste, Antique",[1] Live,[A] Live,4th,Mun,4th,R6,v1
2026-01,2026,[01] January,"Sibalom, Antique",[1] Live,[A] Live,2nd,Mun,2nd,R6,v1
2026-01,2026,[01] January,"Tangalan, Aklan",[1] Live,[A] Live,5th,Mun,5th,R6,v1
2026-01,2026,[01] January,"Tapaz, Capiz",[1] Live,[A] Live,1st,Mun,1st,R6,v1
2026-01,2026,[01] January,"Tibiao, Antique",[1] Live,[A] Live,4th,Mun,4th,R6,v1
2026-01,2026,[01] January,"Valderrama, Antique",[1] Live,[A] Live,4th,Mun,4th,R6,v1
2026-01,2026,[01] January,"Zarraga, Iloilo",[1] Live,[A] Live,4th,Mun,4th,R6,v1
2026-01,2026,[01] January,"Alabel, Sarangani",[1] Live,[A] Live,1st,Mun,1st,R12,v1
2026-01,2026,[01] January,"Aleosan, Cotabato",[1] Live,[A] Live,3rd,Mun,3rd,R12,v1
2026-01,2026,[01] January,"Bagumbayan, Sultan Kudarat",[1] Live,[A] Live,1st,Mun,1st,R12,v1
2026-01,2026,[01] January,"Banisilan, Cotabato",[1] Live,[A] Live,2nd,Mun,2nd,R12,v1
2026-01,2026,[01] January,"City of Kidapawan, Cotabato",[1] Live,[A] Live,3rd,City,3rd,R12,v1
2026-01,2026,[01] January,"Columbio, Sultan Kudarat",[1] Live,[A] Live,1st,Mun,1st,R12,v1
2026-01,2026,[01] January,"Kabacan, Cotabato",[1] Live,[A] Live,1st,Mun,1st,R12,v1
2026-01,2026,[01] January,"Kalamansig, Sultan Kudarat",[1] Live,[A] Live,1st,Mun,1st,R12,v1
2026-01,2026,[01] January,"Kiamba, Sarangani",[1] Live,[A] Live,1st,Mun,1st,R12,v1
2026-01,2026,[01] January,"Lambayong, Sultan Kudarat",[1] Live,[A] Live,2nd,Mun,2nd,R12,v1
2026-01,2026,[01] January,"Lebak, Sultan Kudarat",[1] Live,[A] Live,1st,Mun,1st,R12,v1
2026-01,2026,[01] January,"M'Lang, Cotabato",[1] Live,[A] Live,1st,Mun,1st,R12,v1
2026-01,2026,[01] January,"Maasim, Sarangani",[1] Live,[A] Live,1st,Mun,1st,R12,v1
2026-01,2026,[01] January,"Malapatan, Sarangani",[1] Live,[A] Live,1st,Mun,1st,R12,v1
2026-01,2026,[01] January,"Midsayap, Cotabato",[1] Live,[A] Live,1st,Mun,1st,R12,v1
2026-01,2026,[01] January,"Palimbang, Sultan Kudarat",[1] Live,[A] Live,2nd,Mun,2nd,R12,v1
2026-01,2026,[01] January,"Pigkawayan, Cotabato",[1] Live,[A] Live,1st,Mun,1st,R12,v1
2026-01,2026,[01] January,"Pikit, Cotabato",[1] Live,[A] Live,1st,Mun,1st,R12,v1
2026-01,2026,[01] January,"Polomolok, South Cotabato",[1] Live,[A] Live,1st,Mun,1st,R12,v1
2026-01,2026,[01] January,"President Roxas, Cotabato",[1] Live,[A] Live,1st,Mun,1st,R12,v1
2026-01,2026,[01] January,"Sen. Ninoy Aquino, Sultan Kudarat",[1] Live,[A] Live,3rd,Mun,3rd,R12,v1
2026-01,2026,[01] January,"T'Boli, South Cotabato",[1] Live,[A] Live,1st,Mun,1st,R12,v1
2026-01,2026,[01] January,"Tampakan, South Cotabato",[1] Live,[A] Live,2nd,Mun,2nd,R12,v1
2026-01,2026,[01] January,"Tantangan, South Cotabato",[1] Live,[A] Live,3rd,Mun,3rd,R12,v1
2026-01,2026,[01] January,"Tupi, South Cotabato",[1] Live,[A] Live,1st,Mun,1st,R12,v1
2026-01,2026,[01] January,"Alegria, Surigao del Norte",[1] Live,[A] Live,5th,Mun,5th,R13,v1
2026-01,2026,[01] January,"Bayabas, Surigao del Sur",[1] Live,[A] Live,5th,Mun,5th,R13,v1
2026-01,2026,[01] January,"Buenavista, Agusan del Norte",[1] Live,[A] Live,1st,Mun,1st,R13,v1
2026-01,2026,[01] January,"Burgos, Surigao del Norte",[1] Live,[A] Live,6th,Mun,6th,R13,v1
2026-01,2026,[01] January,"Cagdianao, Dinagat Islands",[1] Live,[A] Live,3rd,Mun,3rd,R13,v1
2026-01,2026,[01] January,"Cagwait, Surigao del Sur",[1] Live,[A] Live,4th,Mun,4th,R13,v1
2026-01,2026,[01] January,"Carmen, Surigao del Sur",[1] Live,[A] Live,5th,Mun,5th,R13,v1
2026-01,2026,[01] January,"City of Cabadbaran, Agusan del Norte",[1] Live,[A] Live,6th,City,6th,R13,v1
2026-01,2026,[01] January,"City of Tandag, Surigao del Sur",[1] Live,[A] Live,5th,City,5th,R13,v1
2026-01,2026,[01] January,"Cortes, Surigao del Sur",[1] Live,[A] Live,4th,Mun,4th,R13,v1
2026-01,2026,[01] January,"Del Carmen, Surigao del Norte",[1] Live,[A] Live,5th,Mun,5th,R13,v1
2026-01,2026,[01] January,"Dinagat, Dinagat Islands",[1] Live,[A] Live,5th,Mun,5th,R13,v1
2026-01,2026,[01] January,"General Luna, Surigao del Norte",[1] Live,[A] Live,5th,Mun,5th,R13,v1
2026-01,2026,[01] January,"Gigaquit, Surigao del Norte",[1] Live,[A] Live,4th,Mun,4th,R13,v1
2026-01,2026,[01] January,"Hinatuan, Surigao del Sur",[1] Live,[A] Live,2nd,Mun,2nd,R13,v1
2026-01,2026,[01] January,"Kitcharao, Agusan del Norte",[1] Live,[A] Live,4th,Mun,4th,R13,v1
2026-01,2026,[01] January,"Las Nieves, Agusan del Norte",[1] Live,[A] Live,2nd,Mun,2nd,R13,v1
2026-01,2026,[01] January,"Mainit, Surigao del Norte",[1] Live,[A] Live,4th,Mun,4th,R13,v1
2026-01,2026,[01] January,"Marihatag, Surigao del Sur",[1] Live,[A] Live,3rd,Mun,3rd,R13,v1
2026-01,2026,[01] January,"Remedios T. Romualdez, Agusan del Norte",[1] Live,[A] Live,5th,Mun,5th,R13,v1
2026-01,2026,[01] January,"San Agustin, Surigao del Sur",[1] Live,[A] Live,4th,Mun,4th,R13,v1
2026-01,2026,[01] January,"San Francisco, Agusan del Sur",[1] Live,[A] Live,1st,Mun,1st,R13,v1
2026-01,2026,[01] January,"San Isidro, Surigao del Norte",[1] Live,[A] Live,5th,Mun,5th,R13,v1
2026-01,2026,[01] January,"San Jose, Dinagat Islands",[1] Live,[A] Live,4th,Mun,4th,R13,v1
2026-01,2026,[01] January,"San Miguel, Surigao del Sur",[1] Live,[A] Live,1st,Mun,1st,R13,v1
2026-01,2026,[01] January,"Santa Josefa, Agusan del Sur",[1] Live,[A] Live,3rd,Mun,3rd,R13,v1
2026-01,2026,[01] January,"Santiago, Agusan del Norte",[1] Live,[A] Live,4th,Mun,4th,R13,v1
2026-01,2026,[01] January,"Sison, Surigao del Norte",[1] Live,[A] Live,5th,Mun,5th,R13,v1
2026-01,2026,[01] January,"Socorro, Surigao del Norte",[1] Live,[A] Live,4th,Mun,4th,R13,v1
2026-01,2026,[01] January,"Tagana-An, Surigao del Norte",[1] Live,[A] Live,5th,Mun,5th,R13,v1
2026-01,2026,[01] January,"Tagbina, Surigao del Sur",[1] Live,[A] Live,2nd,Mun,2nd,R13,v1
2026-01,2026,[01] January,"Tago, Surigao del Sur",[1] Live,[A] Live,2nd,Mun,2nd,R13,v1
2026-01,2026,[01] January,"Trento, Agusan del Sur",[1] Live,[A] Live,1st,Mun,1st,R13,v1
2026-01,2026,[01] January,"Tubod, Surigao del Norte",[1] Live,[A] Live,5th,Mun,5th,R13,v1
2026-01,2026,[01] January,"Aborlan, Palawan",[1] Live,[A] Live,1st,Mun,1st,R4B,v1
2026-01,2026,[01] January,"Abra De Ilog, Occidental Mindoro",[1] Live,[A] Live,2nd,Mun,2nd,R4B,v1
2026-01,2026,[01] January,"Alcantara, Romblon",[1] Live,[A] Live,5th,Mun,5th,R4B,v1
2026-01,2026,[01] January,"Baco, Oriental Mindoro",[1] Live,[A] Live,3rd,Mun,3rd,R4B,v1
2026-01,2026,[01] January,"Banton, Romblon",[1] Live,[A] Live,5th,Mun,5th,R4B,v1
2026-01,2026,[01] January,"Bongabong, Oriental Mindoro",[2] System Setup,[B] Developmental,1st,Mun,1st,R4B,
2026-01,2026,[01] January,"Brooke'S Point, Palawan",[1] Live,[A] Live,1st,Mun,1st,R4B,v1
2026-01,2026,[01] January,"Bulalacao, Oriental Mindoro",[1] Live,[A] Live,3rd,Mun,3rd,R4B,v1
2026-01,2026,[01] January,"Busuanga, Palawan",[1] Live,[A] Live,3rd,Mun,3rd,R4B,v1
2026-01,2026,[01] January,"Calatrava, Romblon",[1] Live,[A] Live,5th,Mun,5th,R4B,v1
2026-01,2026,[01] January,"Calintaan, Occidental Mindoro",[1] Live,[A] Live,3rd,Mun,3rd,R4B,v1
2026-01,2026,[01] January,"Coron, Palawan",[1] Live,[A] Live,1st,Mun,1st,R4B,v1
2026-01,2026,[01] January,"Culion, Palawan",[1] Live,[A] Live,3rd,Mun,3rd,R4B,v1
2026-01,2026,[01] January,"Ferrol, Romblon",[1] Live,[A] Live,6th,Mun,6th,R4B,v1
2026-01,2026,[01] January,"Gloria, Oriental Mindoro",[1] Live,[A] Live,3rd,Mun,3rd,R4B,v1
2026-01,2026,[01] January,"Looc, Occidental Mindoro",[1] Live,[A] Live,5th,Mun,5th,R4B,v1
2026-01,2026,[01] January,"Looc, Romblon",[1] Live,[A] Live,4th,Mun,4th,R4B,v1
2026-01,2026,[01] January,"Lubang, Occidental Mindoro",[1] Live,[A] Live,4th,Mun,4th,R4B,v1
2026-01,2026,[01] January,"Magsaysay, Occidental Mindoro",[2] System Setup,[B] Developmental,3rd,Mun,3rd,R4B,v1
2026-01,2026,[01] January,"Mamburao, Occidental Mindoro",[1] Live,[A] Live,2nd,Mun,2nd,R4B,v1
2026-01,2026,[01] January,"Narra, Palawan",[1] Live,[A] Live,1st,Mun,1st,R4B,v1
2026-01,2026,[01] January,"Naujan, Oriental Mindoro",[1] Live,[A] Live,1st,Mun,1st,R4B,v1
2026-01,2026,[01] January,"Pinamalayan, Oriental Mindoro",[1] Live,[A] Live,1st,Mun,1st,R4B,v1
2026-01,2026,[01] January,"Quezon, Palawan",[1] Live,[A] Live,1st,Mun,1st,R4B,v1
2026-01,2026,[01] January,"Rizal, Occidental Mindoro",[2] System Setup,[B] Developmental,3rd,Mun,3rd,R4B,
2026-01,2026,[01] January,"Rizal, Palawan",[1] Live,[A] Live,1st,Mun,1st,R4B,v1
2026-01,2026,[01] January,"Sablayan, Occidental Mindoro",[1] Live,[A] Live,1st,Mun,1st,R4B,v1
2026-01,2026,[01] January,"San Andres, Romblon",[1] Live,[A] Live,5th,Mun,5th,R4B,v1
2026-01,2026,[01] January,"San Fernando, Romblon",[1] Live,[A] Live,4th,Mun,4th,R4B,v1
2026-01,2026,[01] January,"San Jose, Occidental Mindoro",[1] Live,[A] Live,1st,Mun,1st,R4B,v1
2026-01,2026,[01] January,"San Jose, Romblon",[1] Live,[A] Live,5th,Mun,5th,R4B,v1
2026-01,2026,[01] January,"San Teodoro, Oriental Mindoro",[1] Live,[A] Live,4th,Mun,4th,R4B,v1
2026-01,2026,[01] January,"San Vicente, Palawan",[1] Live,[A] Live,1st,Mun,1st,R4B,v1
2026-01,2026,[01] January,"Santa Cruz, Marinduque",[1] Live,[A] Live,1st,Mun,1st,R4B,v1
2026-01,2026,[01] January,"Santa Cruz, Occidental Mindoro",[1] Live,[A] Live,1st,Mun,1st,R4B,v1
2026-01,2026,[01] January,"Santa Fe, Romblon",[1] Live,[A] Live,5th,Mun,5th,R4B,v1
2026-01,2026,[01] January,"Socorro, Oriental Mindoro",[1] Live,[A] Live,3rd,Mun,3rd,R4B,v1
2026-01,2026,[01] January,"Bongao, Tawi-Tawi",[1] Live,[A] Live,2nd,Mun,2nd,BARMM I,v1
2026-01,2026,[01] January,"City of Isabela, Basilan",[1] Live,[A] Live,4th,City,4th,R9,v1
2026-01,2026,[01] January,"City of Lamitan, Basilan",[1] Live,[A] Live,6th,City,6th,BARMM I,v1
2026-01,2026,[01] January,"Dimataling, Zamboanga del Sur",[1] Live,[A] Live,4th,Mun,4th,R9,v1
2026-01,2026,[01] January,"Diplahan, Zamboanga Sibugay",[1] Live,[A] Live,3rd,Mun,3rd,R9,v1
2026-01,2026,[01] January,"Dumalinao, Zamboanga del Sur",[1] Live,[A] Live,4th,Mun,4th,R9,v1
2026-01,2026,[01] January,"Guipos, Zamboanga del Sur",[1] Live,[A] Live,4th,Mun,4th,R9,v1
2026-01,2026,[01] January,"Gutalac, Zamboanga del Norte",[1] Live,[A] Live,2nd,Mun,2nd,R9,v1
2026-01,2026,[01] January,"Josefina, Zamboanga del Sur",[1] Live,[A] Live,5th,Mun,5th,R9,v1
2026-01,2026,[01] January,"Kabasalan, Zamboanga Sibugay",[1] Live,[A] Live,2nd,Mun,2nd,R9,v1
2026-01,2026,[01] January,"Labason, Zamboanga del Norte",[1] Live,[A] Live,3rd,Mun,3rd,R9,v1
2026-01,2026,[01] January,"Leon B. Postigo (Bacungan), Zamboanga del Norte",[1] Live,[A] Live,4th,Mun,4th,R9,v1
2026-01,2026,[01] January,"Mahayag, Zamboanga del Sur",[1] Live,[A] Live,3rd,Mun,3rd,R9,v1
2026-01,2026,[01] January,"Molave, Zamboanga del Sur",[1] Live,[A] Live,1st,Mun,1st,R9,with v1 v2
2026-01,2026,[01] January,"Polanco, Zamboanga del Norte",[1] Live,[A] Live,3rd,Mun,3rd,R9,v1
2026-01,2026,[01] January,"Ramon Magsaysay, Zamboanga del Sur",[1] Live,[A] Live,4th,Mun,4th,R9,v1
2026-01,2026,[01] January,"Salug, Zamboanga del Norte",[1] Live,[A] Live,3rd,Mun,3rd,R9,v1
2026-01,2026,[01] January,"San Pablo, Zamboanga del Sur",[1] Live,[A] Live,4th,Mun,4th,R9,v1
2026-01,2026,[01] January,"Siayan, Zamboanga del Norte",[1] Live,[A] Live,2nd,Mun,2nd,R9,with v1 v2
2026-01,2026,[01] January,"Sindangan, Zamboanga del Norte",[1] Live,[A] Live,1st,Mun,1st,R9,v1
2026-01,2026,[01] January,"Talipao, Sulu",[1] Live,[A] Live,1st,Mun,1st,BARMM I,v1
2026-01,2026,[01] January,"Tambulig, Zamboanga del Sur",[1] Live,[A] Live,4th,Mun,4th,R9,v1
2026-01,2026,[01] January,"Tampilisan, Zamboanga del Norte",[1] Live,[A] Live,4th,Mun,4th,R9,v1
2026-01,2026,[01] January,"Tigbao, Zamboanga del Sur",[1] Live,[A] Live,5th,Mun,5th,R9,v1
2026-01,2026,[01] January,"Ampatuan, Maguindanao del Sur",[1] Live,[A] Live,4th,Mun,4th,BARMM II,v1
2026-01,2026,[01] January,"Datu Abdullah Sangki, Maguindanao del Sur",[1] Live,[A] Live,-,Mun,-,BARMM II,v1
2026-01,2026,[01] January,"Datu Anggal Midtimbang, Maguindanao del Sur",[2] System Setup,[B] Developmental,-,Mun,-,BARMM II,
2026-01,2026,[01] January,"Datu Paglas, Maguindanao del Sur",[1] Live,[A] Live,4th,Mun,4th,BARMM II,v1
2026-01,2026,[01] January,"Datu Piang, Maguindanao del Sur",[2] System Setup,[B] Developmental,2nd,Mun,2nd,BARMM II,
2026-01,2026,[01] January,"Northern Kabuntalan, Maguindanao del Norte",[2] System Setup,[B] Developmental,5th,Mun,5th,BARMM II,
2026-01,2026,[01] January,"Pagalungan, Maguindanao del Sur",[1] Live,[A] Live,1st,Mun,1st,BARMM II,v1
2026-01,2026,[01] January,"Parang, Maguindanao del Norte",[1] Live,[A] Live,1st,Mun,1st,BARMM II,v1
2026-01,2026,[01] January,"Shariff Aguak, Maguindanao del Sur",[1] Live,[A] Live,2nd,Mun,2nd,BARMM II,v1
2026-01,2026,[01] January,"Sultan Kudarat, Maguindanao del Norte",[1] Live,[A] Live,1st,Mun,1st,BARMM II,v1
2026-01,2026,[01] January,"Talayan, Maguindanao del Sur",[1] Live,[A] Live,4th,Mun,4th,BARMM II,v1
2026-01,2026,[01] January,"Upi, Maguindanao del Norte",[1] Live,[A] Live,1st,Mun,1st,BARMM II,v1
2026-01,2026,[01] January,"Agoncillo, Batangas",[1] Live,[A] Live,4th,Mun,4th,R4A,v1
2026-01,2026,[01] January,"Alabat, Quezon",[1] Live,[A] Live,5th,Mun,5th,R4A,v1
2026-01,2026,[01] January,"Alfonso, Cavite",[1] Live,[A] Live,1st,Mun,1st,R4A,v1
2026-01,2026,[01] January,"Alitagtag, Batangas",[1] Live,[A] Live,4th,Mun,4th,R4A,v1
2026-01,2026,[01] January,"Calauag, Quezon",[1] Live,[A] Live,1st,Mun,1st,R4A,v1
2026-01,2026,[01] January,"Calauan, Laguna",[1] Live,[A] Live,2nd,Mun,2nd,R4A,v1
2026-01,2026,[01] January,"Cardona, Rizal",[1] Live,[A] Live,3rd,Mun,3rd,R4A,v1
2026-01,2026,[01] January,"Gumaca, Quezon",[1] Live,[A] Live,1st,Mun,1st,R4A,v1
2026-01,2026,[01] January,"Infanta, Quezon",[1] Live,[A] Live,1st,Mun,1st,R4A,v1
2026-01,2026,[01] January,"Lobo, Batangas",[1] Live,[A] Live,3rd,Mun,3rd,R4A,v1
2026-01,2026,[01] January,"Lopez, Quezon",[1] Live,[A] Live,1st,Mun,1st,R4A,v1
2026-01,2026,[01] January,"Lumban, Laguna",[1] Live,[A] Live,3rd,Mun,3rd,R4A,v1
2026-01,2026,[01] January,"Magallanes, Cavite",[1] Live,[A] Live,4th,Mun,4th,R4A,v1
2026-01,2026,[01] January,"Mataasnakahoy, Batangas",[1] Live,[A] Live,4th,Mun,4th,R4A,v1
2026-01,2026,[01] January,"Naic, Cavite",[1] Live,[A] Live,1st,Mun,1st,R4A,v1
2026-01,2026,[01] January,"Noveleta, Cavite",[1] Live,[A] Live,3rd,Mun,3rd,R4A,v1
2026-01,2026,[01] January,"Paete, Laguna",[1] Live,[A] Live,4th,Mun,4th,R4A,v1
2026-01,2026,[01] January,"Rizal, Laguna",[1] Live,[A] Live,5th,Mun,5th,R4A,with v1 v2
2026-01,2026,[01] January,"Sampaloc, Quezon",[1] Live,[A] Live,5th,Mun,5th,R4A,v1
2026-01,2026,[01] January,"San Nicolas, Batangas",[1] Live,[A] Live,5th,Mun,5th,R4A,v1
2026-01,2026,[01] January,"San Pascual, Batangas",[1] Live,[A] Live,1st,Mun,1st,R4A,v1
2026-01,2026,[01] January,"Santa Teresita, Batangas",[1] Live,[A] Live,5th,Mun,5th,R4A,v1
2026-01,2026,[01] January,"Siniloan, Laguna",[1] Live,[A] Live,2nd,Mun,2nd,R4A,v1
2026-01,2026,[01] January,"Tanza, Cavite",[1] Live,[A] Live,1st,Mun,1st,R4A,v1
2026-01,2026,[01] January,"Aguinaldo, Ifugao",[1] Live,[A] Live,2nd,Mun,2nd,CAR,v1
2026-01,2026,[01] January,"Alfonso Lista, Ifugao",[1] Live,[A] Live,3rd,Mun,3rd,CAR,v1
2026-01,2026,[01] January,"Asipulo, Ifugao",[1] Live,[A] Live,5th,Mun,5th,CAR,v1
2026-01,2026,[01] January,"Banaue, Ifugao",[1] Live,[A] Live,4th,Mun,4th,CAR,v1
2026-01,2026,[01] January,"Bauko, Mountain Province",[1] Live,[A] Live,4th,Mun,4th,CAR,v1
2026-01,2026,[01] January,"Bontoc, Mountain Province",[1] Live,[A] Live,2nd,Mun,2nd,CAR,v1
2026-01,2026,[01] January,"City of Tabuk, Kalinga",[1] Live,[A] Live,5th,City,5th,CAR,v1
2026-01,2026,[01] January,"Danglas, Abra",[1] Live,[A] Live,5th,Mun,5th,CAR,v1
2026-01,2026,[01] January,"Dolores, Abra",[1] Live,[A] Live,5th,Mun,5th,CAR,with v1 v2
2026-01,2026,[01] January,"Hungduan, Ifugao",[1] Live,[A] Live,4th,Mun,4th,CAR,v1
2026-01,2026,[01] January,"Lamut, Ifugao",[1] Live,[A] Live,4th,Mun,4th,CAR,v1
2026-01,2026,[01] January,"Luna, Apayao",[1] Live,[A] Live,2nd,Mun,2nd,CAR,v1
2026-01,2026,[01] January,"Mankayan, Benguet",[1] Live,[A] Live,1st,Mun,1st,CAR,v1
2026-01,2026,[01] January,"Mayoyao, Ifugao",[1] Live,[A] Live,4th,Mun,4th,CAR,v1
2026-01,2026,[01] January,"Paracelis, Mountain Province",[1] Live,[A] Live,2nd,Mun,2nd,CAR,v1
2026-01,2026,[01] January,"Peñarrubia, Abra",[1] Live,[A] Live,6th,Mun,6th,CAR,v1
2026-01,2026,[01] January,"Pudtol, Apayao",[1] Live,[A] Live,4th,Mun,4th,CAR,v1
2026-01,2026,[01] January,"Sablan, Benguet",[1] Live,[A] Live,5th,Mun,5th,CAR,v1
2026-01,2026,[01] January,"Santa Marcela, Apayao",[1] Live,[A] Live,4th,Mun,4th,CAR,v1
2026-01,2026,[01] January,"Tayum, Abra",[1] Live,[A] Live,5th,Mun,5th,CAR,v1
2026-01,2026,[01] January,"Tuba, Benguet",[1] Live,[A] Live,1st,Mun,1st,CAR,v1
2026-01,2026,[01] January,"Tublay, Benguet",[1] Live,[A] Live,5th,Mun,5th,CAR,v1
2026-01,2026,[01] January,"Tinoc, Ifugao",[1] Live,[A] Live,4th,Mun,4th,CAR,v1
2026-01,2026,[01] January,"Anao, Tarlac",[1] Live,[A] Live,5th,Mun,5th,R3,v1
2026-01,2026,[01] January,"Apalit, Pampanga",[1] Live,[A] Live,1st,Mun,1st,R3,v1
2026-01,2026,[01] January,"Arayat, Pampanga",[1] Live,[A] Live,1st,Mun,1st,R3,v1
2026-01,2026,[01] January,"Bacolor, Pampanga",[1] Live,[A] Live,3rd,Mun,3rd,R3,v1
2026-01,2026,[01] January,"Baler, Aurora",[1] Live,[A] Live,3rd,Mun,3rd,R3,v1
2026-01,2026,[01] January,"Bongabon, Nueva Ecija",[1] Live,[A] Live,2nd,Mun,2nd,R3,v1
2026-01,2026,[01] January,"Botolan, Zambales",[1] Live,[A] Live,1st,Mun,1st,R3,v1
2026-01,2026,[01] January,"Bustos, Bulacan",[1] Live,[A] Live,2nd,Mun,2nd,R3,v1
2026-01,2026,[01] January,"Camiling, Tarlac",[1] Live,[A] Live,1st,Mun,1st,R3,v1
2026-01,2026,[01] January,"Casiguran, Aurora",[1] Live,[A] Live,2nd,Mun,2nd,R3,v1
2026-01,2026,[01] January,"Castillejos, Zambales",[1] Live,[A] Live,3rd,Mun,3rd,R3,v1
2026-01,2026,[01] January,"City of Palayan, Nueva Ecija",[2] System Setup,[B] Developmental,5th,City,5th,R3,
2026-01,2026,[01] January,"City of San Jose Del Monte, Bulacan",[1] Live,[A] Live,1st,City,1st,R3,v1
2026-01,2026,[01] January,"Cuyapo, Nueva Ecija",[1] Live,[A] Live,1st,Mun,1st,R3,v1
2026-01,2026,[01] January,"Dingalan, Aurora",[1] Live,[A] Live,3rd,Mun,3rd,R3,v1
2026-01,2026,[01] January,"Dipaculao, Aurora",[1] Live,[A] Live,3rd,Mun,3rd,R3,v1
2026-01,2026,[01] January,"Floridablanca, Pampanga",[1] Live,[A] Live,1st,Mun,1st,R3,v1
2026-01,2026,[01] January,"Gabaldon, Nueva Ecija",[1] Live,[A] Live,4th,Mun,4th,R3,v1
2026-01,2026,[01] January,"General Tinio, Nueva Ecija",[1] Live,[A] Live,1st,Mun,1st,R3,v1
2026-01,2026,[01] January,"Guagua, Pampanga",[1] Live,[A] Live,1st,Mun,1st,R3,v1
2026-01,2026,[01] January,"Licab, Nueva Ecija",[1] Live,[A] Live,4th,Mun,4th,R3,v1
2026-01,2026,[01] January,"Limay, Bataan",[1] Live,[A] Live,1st,Mun,1st,R3,v1
2026-01,2026,[01] January,"Mabalacat City, Pampanga",[1] Live,[A] Live,3rd,City,3rd,R3,v1
2026-01,2026,[01] January,"Macabebe, Pampanga",[1] Live,[A] Live,1st,Mun,1st,R3,v1
2026-01,2026,[01] January,"Magalang, Pampanga",[1] Live,[A] Live,1st,Mun,1st,R3,v1
2026-01,2026,[01] January,"Maria Aurora, Aurora",[1] Live,[A] Live,2nd,Mun,2nd,R3,v1
2026-01,2026,[01] January,"Mayantoc, Tarlac",[2] System Setup,[B] Developmental,3rd,Mun,3rd,R3,
2026-01,2026,[01] January,"Mexico, Pampanga",[1] Live,[A] Live,1st,Mun,1st,R3,v1
2026-01,2026,[01] January,"Minalin, Pampanga",[1] Live,[A] Live,4th,Mun,4th,R3,v1
2026-01,2026,[01] January,"Morong, Bataan",[2] System Setup,[B] Developmental,3rd,Mun,3rd,R3,v2
2026-01,2026,[01] January,"Obando, Bulacan",[1] Live,[A] Live,2nd,Mun,2nd,R3,v1
2026-01,2026,[01] January,"Orani, Bataan",[1] Live,[A] Live,3rd,Mun,3rd,R3,v1
2026-01,2026,[01] January,"Pandi, Bulacan",[1] Live,[A] Live,2nd,Mun,2nd,R3,v1
2026-01,2026,[01] January,"Paniqui, Tarlac",[1] Live,[A] Live,1st,Mun,1st,R3,v1
2026-01,2026,[01] January,"Pura, Tarlac",[1] Live,[A] Live,4th,Mun,4th,R3,v1
2026-01,2026,[01] January,"Quezon, Nueva Ecija",[1] Live,[A] Live,4th,Mun,4th,R3,v1
2026-01,2026,[01] January,"Rizal, Nueva Ecija",[1] Live,[A] Live,2nd,Mun,2nd,R3,v1
2026-01,2026,[01] January,"Samal, Bataan",[1] Live,[A] Live,4th,Mun,4th,R3,v1
2026-01,2026,[01] January,"San Felipe, Zambales",[1] Live,[A] Live,4th,Mun,4th,R3,v1
2026-01,2026,[01] January,"San Ildefonso, Bulacan",[1] Live,[A] Live,1st,Mun,1st,R3,v1
2026-01,2026,[01] January,"San Jose, Tarlac",[1] Live,[A] Live,3rd,Mun,3rd,R3,v1
2026-01,2026,[01] January,"San Luis, Aurora",[1] Live,[A] Live,2nd,Mun,2nd,R3,v1
2026-01,2026,[01] January,"San Luis, Pampanga",[1] Live,[A] Live,3rd,Mun,3rd,R3,v1
2026-01,2026,[01] January,"San Manuel, Tarlac",[1] Live,[A] Live,4th,Mun,4th,R3,v1
2026-01,2026,[01] January,"San Marcelino, Zambales",[1] Live,[A] Live,1st,Mun,1st,R3,v1
2026-01,2026,[01] January,"San Narciso, Zambales",[1] Live,[A] Live,4th,Mun,4th,R3,v1
2026-01,2026,[01] January,"Santa Ignacia, Tarlac",[1] Live,[A] Live,2nd,Mun,2nd,R3,with v1 v2
2026-01,2026,[01] January,"Santo Domingo, Nueva Ecija",[1] Live,[A] Live,3rd,Mun,3rd,R3,v1
2026-01,2026,[01] January,"Subic, Zambales",[1] Live,[A] Live,1st,Mun,1st,R3,v1
2026-01,2026,[01] January,"Talugtug, Nueva Ecija",[1] Live,[A] Live,4th,Mun,4th,R3,v1
2026-01,2026,[01] January,"Paombong, Bulacan",[1] Live,[A] Live,3rd,Mun,3rd,R3,v1
2026-01,2026,[01] January,"San Antonio, Zambales",[1] Live,[A] Live,2nd,Mun,2nd,R3,v1
2026-01,2026,[01] January,"Ayungon, Negros Oriental",[1] Live,[A] Live,2nd,Mun,2nd,NIR,v1
2026-01,2026,[01] January,"Basay, Negros Oriental",[1] Live,[A] Live,4th,Mun,4th,NIR,
2026-01,2026,[01] January,"Mabinay, Negros Oriental",[1] Live,[A] Live,1st,Mun,1st,NIR,v1
2026-01,2026,[01] January,"San Jose, Negros Oriental",[1] Live,[A] Live,5th,Mun,5th,NIR,v1
2026-01,2026,[01] January,"City of Escalante, Negros Occidental",[1] Live,[A] Live,4th,City,4th,NIR,v1
2026-01,2026,[01] January,"City of Himamaylan, Negros Occidental",[1] Live,[A] Live,3rd,City,3rd,NIR,v1
2026-01,2026,[01] January,"City of La Carlota, Negros Occidental",[1] Live,[A] Live,4th,City,4th,NIR,v1
2026-01,2026,[01] January,"City of Sagay, Negros Occidental",[1] Live,[A] Live,3rd,City,3rd,NIR,v1
2026-01,2026,[01] January,"City of Sipalay, Negros Occidental",[1] Live,[A] Live,4th,City,4th,NIR,v1
2026-01,2026,[01] January,"Hinigaran, Negros Occidental",[1] Live,[A] Live,1st,Mun,1st,NIR,v1
2026-01,2026,[01] January,"Hinoba-an, Negros Occidental",[1] Live,[A] Live,1st,Mun,1st,NIR,v1
2026-01,2026,[01] January,"Manapla, Negros Occidental",[1] Live,[A] Live,2nd,Mun,2nd,NIR,v1
2026-01,2026,[01] January,"Lazi, Siquijor",[1] Live,[A] Live,4th,Mun,4th,NIR,v1
2026-01,2026,[01] January,"Larena, Siquijor",[1] Live,[A] Live,5th,Mun,5th,NIR,v1
2026-01,2026,[01] January,"City of Kabankalan, Negros Occidental",[3] With Concerns,[A] Live,1st,City,1st,NIR,v1
2026-01,2026,[01] January,"Aloran, Misamis Occidental",[1] Live,[A] Live,4th,Mun,4th,R10,v1
2026-01,2026,[01] January,"Alubijid, Misamis Oriental",[1] Live,[A] Live,4th,Mun,4th,R10,v1
2026-01,2026,[01] January,"Bacolod, Lanao del Norte",[1] Live,[A] Live,4th,Mun,4th,R10,v1
2026-01,2026,[01] January,"Balingasag, Misamis Oriental",[1] Live,[A] Live,2nd,Mun,2nd,R10,v1
2026-01,2026,[01] January,"Balingoan, Misamis Oriental",[1] Live,[A] Live,5th,Mun,5th,R10,v1
2026-01,2026,[01] January,"Baroy, Lanao del Norte",[2] System Setup,[B] Developmental,4th,Mun,4th,R10,
2026-01,2026,[01] January,"Bonifacio, Misamis Occidental",[1] Live,[A] Live,4th,Mun,4th,R10,v1
2026-01,2026,[01] January,"Calamba, Misamis Occidental",[1] Live,[A] Live,4th,Mun,4th,R10,v1
2026-01,2026,[01] January,"Catarman, Camiguin",[1] Live,[A] Live,5th,Mun,5th,R10,v1
2026-01,2026,[01] January,"City of El Salvador, Misamis Oriental",[1] Live,[A] Live,6th,City,6th,R10,v1
2026-01,2026,[01] January,"City of Gingoog, Misamis Oriental",[1] Live,[A] Live,2nd,City,2nd,R10,v1
2026-01,2026,[01] January,"City of Ozamiz, Misamis Occidental",[1] Live,[A] Live,3rd,City,3rd,R10,v1
2026-01,2026,[01] January,"City of Tangub, Misamis Occidental",[1] Live,[A] Live,4th,City,4th,R10,v1
2026-01,2026,[01] January,"Clarin, Misamis Occidental",[1] Live,[A] Live,4th,Mun,4th,R10,v1
2026-01,2026,[01] January,"Claveria, Misamis Oriental",[1] Live,[A] Live,1st,Mun,1st,R10,v1
2026-01,2026,[01] January,"Don Carlos, Bukidnon",[1] Live,[A] Live,1st,Mun,1st,R10,v1
2026-01,2026,[01] January,"Gitagum, Misamis Oriental",[1] Live,[A] Live,5th,Mun,5th,R10,v1
2026-01,2026,[01] January,"Guinsiliban, Camiguin",[1] Live,[A] Live,6th,Mun,6th,R10,v1
2026-01,2026,[01] January,"Impasug-ong, Bukidnon",[1] Live,[A] Live,1st,Mun,1st,R10,v1
2026-01,2026,[01] January,"Jasaan, Misamis Oriental",[1] Live,[A] Live,2nd,Mun,2nd,R10,v1
2026-01,2026,[01] January,"Jimenez, Misamis Occidental",[1] Live,[A] Live,3rd,Mun,3rd,R10,v1
2026-01,2026,[01] January,"Kadingilan, Bukidnon",[1] Live,[A] Live,3rd,Mun,3rd,R10,v1
2026-01,2026,[01] January,"Kapatagan, Lanao del Norte",[1] Live,[A] Live,2nd,Mun,2nd,R10,v1
2026-01,2026,[01] January,"Kauswagan, Lanao del Norte",[1] Live,[A] Live,5th,Mun,5th,R10,v1
2026-01,2026,[01] January,"Kibawe, Bukidnon",[1] Live,[A] Live,2nd,Mun,2nd,R10,v1
2026-01,2026,[01] January,"Lagonglong, Misamis Oriental",[1] Live,[A] Live,5th,Mun,5th,R10,v1
2026-01,2026,[01] January,"Laguindingan, Misamis Oriental",[1] Live,[A] Live,4th,Mun,4th,R10,v1
2026-01,2026,[01] January,"Libertad, Misamis Oriental",[1] Live,[A] Live,5th,Mun,5th,R10,v1
2026-01,2026,[01] January,"Linamon, Lanao del Norte",[1] Live,[A] Live,5th,Mun,5th,R10,v1
2026-01,2026,[01] January,"Lugait, Misamis Oriental",[1] Live,[A] Live,2nd,Mun,2nd,R10,v1
2026-01,2026,[01] January,"Magsaysay, Lanao del Norte",[2] System Setup,[B] Developmental,5th,Mun,5th,R10,
2026-01,2026,[01] January,"Magsaysay, Misamis Oriental",[1] Live,[A] Live,4th,Mun,4th,R10,v1
2026-01,2026,[01] January,"Mahinog, Camiguin",[1] Live,[A] Live,5th,Mun,5th,R10,v1
2026-01,2026,[01] January,"Mambajao, Camiguin",[1] Live,[A] Live,3rd,Mun,3rd,R10,v1
2026-01,2026,[01] January,"Manticao, Misamis Oriental",[1] Live,[A] Live,4th,Mun,4th,R10,v1
2026-01,2026,[01] January,"Medina, Misamis Oriental",[1] Live,[A] Live,4th,Mun,4th,R10,v1
2026-01,2026,[01] January,"Naawan, Misamis Oriental",[1] Live,[A] Live,4th,Mun,4th,R10,v1
2026-01,2026,[01] January,"Nunungan, Lanao del Norte",[1] Live,[A] Live,3rd,Mun,3rd,R10,v1
2026-01,2026,[01] January,"Opol, Misamis Oriental",[1] Live,[A] Live,2nd,Mun,2nd,R10,v1
2026-01,2026,[01] January,"Plaridel, Misamis Occidental",[1] Live,[A] Live,3rd,Mun,3rd,R10,v1
2026-01,2026,[01] January,"Sagay, Camiguin",[1] Live,[A] Live,5th,Mun,5th,R10,v1
2026-01,2026,[01] January,"Salay, Misamis Oriental",[1] Live,[A] Live,4th,Mun,4th,R10,v1
2026-01,2026,[01] January,"San Fernando, Bukidnon",[1] Live,[A] Live,1st,Mun,1st,R10,v1
2026-01,2026,[01] January,"Sapang Dalaga, Misamis Occidental",[1] Live,[A] Live,5th,Mun,5th,R10,v1
2026-01,2026,[01] January,"Sinacaban, Misamis Occidental",[1] Live,[A] Live,5th,Mun,5th,R10,v1
2026-01,2026,[01] January,"Sugbongcogon, Misamis Oriental",[1] Live,[A] Live,5th,Mun,5th,R10,v1
2026-01,2026,[01] January,"Sultan Naga Dimaporo, Lanao del Norte",[1] Live,[A] Live,3rd,Mun,3rd,R10,v1
2026-01,2026,[01] January,"Tagoloan, Misamis Oriental",[1] Live,[A] Live,1st,Mun,1st,R10,v1
2026-01,2026,[01] January,"Talisayan, Misamis Oriental",[1] Live,[A] Live,4th,Mun,4th,R10,v1
2026-01,2026,[01] January,"Villanueva, Misamis Oriental",[1] Live,[A] Live,2nd,Mun,2nd,R10,v1
2026-01,2026,[01] January,"Adams, Ilocos Norte",[1] Live,[A] Live,5th,Mun,5th,R1,v1
2026-01,2026,[01] January,"Agoo, La Union",[1] Live,[A] Live,1st,Mun,1st,R1,v1
2026-01,2026,[01] January,"Aguilar, Pangasinan",[1] Live,[A] Live,3rd,Mun,3rd,R1,v1
2026-01,2026,[01] January,"Aringay, La Union",[1] Live,[A] Live,2nd,Mun,2nd,R1,v1
2026-01,2026,[01] January,"Badoc, Ilocos Norte",[1] Live,[A] Live,3rd,Mun,3rd,R1,v1
2026-01,2026,[01] January,"Balaoan, La Union",[1] Live,[A] Live,1st,Mun,1st,R1,v1
2026-01,2026,[01] January,"Balungao, Pangasinan",[1] Live,[A] Live,4th,Mun,4th,R1,v1
2026-01,2026,[01] January,"Banayoyo, Ilocos Sur",[1] Live,[A] Live,4th,Mun,4th,R1,v1
2026-01,2026,[01] January,"Bangui, Ilocos Norte",[1] Live,[A] Live,4th,Mun,4th,R1,v1
2026-01,2026,[01] January,"Bantay, Ilocos Sur",[1] Live,[A] Live,3rd,Mun,3rd,R1,v1
2026-01,2026,[01] January,"Bautista, Pangasinan",[1] Live,[A] Live,4th,Mun,4th,R1,v1
2026-01,2026,[01] January,"Bayambang, Pangasinan",[1] Live,[A] Live,1st,Mun,1st,R1,v1
2026-01,2026,[01] January,"Burgos, La Union",[1] Live,[A] Live,5th,Mun,5th,R1,v1
2026-01,2026,[01] January,"Caba, La Union",[1] Live,[A] Live,4th,Mun,4th,R1,v1
2026-01,2026,[01] January,"Caoayan, Ilocos Sur",[1] Live,[A] Live,4th,Mun,4th,R1,v1
2026-01,2026,[01] January,"City of Batac, Ilocos Norte",[1] Live,[A] Live,5th,City,5th,R1,v1
2026-01,2026,[01] January,"City of Candon, Ilocos Sur",[1] Live,[A] Live,4th,City,4th,R1,v1
2026-01,2026,[01] January,"City of Laoag, Ilocos Norte",[1] Live,[A] Live,3rd,City,3rd,R1,with v1 v2
2026-01,2026,[01] January,"Dingras, Ilocos Norte",[1] Live,[A] Live,2nd,Mun,2nd,R1,v1
2026-01,2026,[01] January,"Dumalneg, Ilocos Norte",[1] Live,[A] Live,5th,Mun,5th,R1,v1
2026-01,2026,[01] January,"Lidlidda, Ilocos Sur",[1] Live,[A] Live,5th,Mun,5th,R1,v1
2026-01,2026,[01] January,"Mangaldan, Pangasinan",[1] Live,[A] Live,1st,Mun,1st,R1,v1
2026-01,2026,[01] January,"Mapandan, Pangasinan",[1] Live,[A] Live,3rd,Mun,3rd,R1,v1
2026-01,2026,[01] January,"Naguilian, La Union",[2] System Setup,[B] Developmental,1st,Mun,1st,R1,
2026-01,2026,[01] January,"Nueva Era, Ilocos Norte",[1] Live,[A] Live,3rd,Mun,3rd,R1,v1
2026-01,2026,[01] January,"Pasuquin, Ilocos Norte",[1] Live,[A] Live,3rd,Mun,3rd,R1,v1
2026-01,2026,[01] January,"Piddig, Ilocos Norte",[1] Live,[A] Live,3rd,Mun,3rd,R1,v1
2026-01,2026,[01] January,"Pozorrubio, Pangasinan",[1] Live,[A] Live,1st,Mun,1st,R1,v1
2026-01,2026,[01] January,"Rosario, La Union",[1] Live,[A] Live,1st,Mun,1st,R1,v1
2026-01,2026,[01] January,"San Esteban, Ilocos Sur",[1] Live,[A] Live,5th,Mun,5th,R1,v1
2026-01,2026,[01] January,"San Fabian, Pangasinan",[2] System Setup,[B] Developmental,1st,Mun,1st,R1,
2026-01,2026,[01] January,"San Juan, Ilocos Sur",[1] Live,[A] Live,3rd,Mun,3rd,R1,v1
2026-01,2026,[01] January,"San Manuel, Pangasinan",[1] Live,[A] Live,1st,Mun,1st,R1,v1
2026-01,2026,[01] January,"San Nicolas, Ilocos Norte",[1] Live,[A] Live,2nd,Mun,2nd,R1,v1
2026-01,2026,[01] January,"San Nicolas, Pangasinan",[1] Live,[A] Live,1st,Mun,1st,R1,v1
2026-01,2026,[01] January,"Santa Barbara, Pangasinan",[1] Live,[A] Live,1st,Mun,1st,R1,v1
2026-01,2026,[01] January,"Santo Domingo, Ilocos Sur",[1] Live,[A] Live,3rd,Mun,3rd,R1,v1
2026-01,2026,[01] January,"Santo Tomas, La Union",[1] Live,[A] Live,4th,Mun,4th,R1,v1
2026-01,2026,[01] January,"Santo Tomas, Pangasinan",[2] System Setup,[B] Developmental,5th,Mun,5th,R1,
2026-01,2026,[01] January,"Sarrat, Ilocos Norte",[1] Live,[A] Live,4th,Mun,4th,R1,v1
2026-01,2026,[01] January,"Sinait, Ilocos Sur",[1] Live,[A] Live,3rd,Mun,3rd,R1,v1
2026-01,2026,[01] January,"Sison, Pangasinan",[2] System Setup,[B] Developmental,3rd,Mun,3rd,R1,
2026-01,2026,[01] January,"Solsona, Ilocos Norte",[1] Live,[A] Live,3rd,Mun,3rd,R1,v1
2026-01,2026,[01] January,"Suyo, Ilocos Sur",[1] Live,[A] Live,4th,Mun,4th,R1,v1
2026-01,2026,[01] January,"Tagudin, Ilocos Sur",[1] Live,[A] Live,2nd,Mun,2nd,R1,v1
2026-01,2026,[01] January,"Tubao, La Union",[1] Live,[A] Live,4th,Mun,4th,R1,v1
2026-01,2026,[01] January,"Alcantara, Cebu",[1] Live,[A] Live,5th,Mun,5th,R7,v1
2026-01,2026,[01] January,"Alcoy, Cebu",[1] Live,[A] Live,5th,Mun,5th,R7,v1
2026-01,2026,[01] January,"Alegria, Cebu",[1] Live,[A] Live,4th,Mun,4th,R7,v1
2026-01,2026,[01] January,"Aloguinsan, Cebu",[1] Live,[A] Live,4th,Mun,4th,R7,v1
2026-01,2026,[01] January,"Argao, Cebu",[1] Live,[A] Live,1st,Mun,1st,R7,v1
2026-01,2026,[01] January,"Balamban, Cebu",[1] Live,[A] Live,1st,Mun,1st,R7,v1
2026-01,2026,[01] January,"Catmon, Cebu",[1] Live,[A] Live,4th,Mun,4th,R7,v1
2026-01,2026,[01] January,"Cordova, Cebu",[1] Live,[A] Live,3rd,Mun,3rd,R7,v1
2026-01,2026,[01] January,"Corella, Bohol",[1] Live,[A] Live,5th,Mun,5th,R7,v1
2026-01,2026,[01] January,"Daanbantayan, Cebu",[1] Live,[A] Live,1st,Mun,1st,R7,v1
2026-01,2026,[01] January,"Ginatilan, Cebu",[1] Live,[A] Live,5th,Mun,5th,R7,v1
2026-01,2026,[01] January,"Loay, Bohol",[2] System Setup,[B] Developmental,5th,Mun,5th,R7,
2026-01,2026,[01] January,"Madridejos, Cebu",[1] Live,[A] Live,4th,Mun,4th,R7,v1
2026-01,2026,[01] January,"Malabuyoc, Cebu",[1] Live,[A] Live,5th,Mun,5th,R7,v1
2026-01,2026,[01] January,"Pinamungajan, Cebu",[1] Live,[A] Live,2nd,Mun,2nd,R7,v1
2026-01,2026,[01] January,"Poro, Cebu",[1] Live,[A] Live,4th,Mun,4th,R7,v1
2026-01,2026,[01] January,"San Remigio, Cebu",[1] Live,[A] Live,3rd,Mun,3rd,R7,v1
2026-01,2026,[01] January,"Sevilla, Bohol",[1] Live,[A] Live,5th,Mun,5th,R7,v1
2026-01,2026,[01] January,"Sogod, Cebu",[1] Live,[A] Live,4th,Mun,4th,R7,v1
2026-01,2026,[01] January,"Tuburan, Cebu",[1] Live,[A] Live,2nd,Mun,2nd,R7,v1
2026-01,2026,[01] January,"Tudela, Cebu",[1] Live,[A] Live,5th,Mun,5th,R7,v1
2026-01,2026,[01] January,"Albuera, Leyte",[1] Live,[A] Live,3rd,Mun,3rd,R8,v1
2026-01,2026,[01] January,"Anahawan, Southern Leyte",[1] Live,[A] Live,5th,Mun,5th,R8,v1
2026-01,2026,[01] January,"Balangkayan, Eastern Samar",[1] Live,[A] Live,5th,Mun,5th,R8,v1
2026-01,2026,[01] January,"Barugo, Leyte",[4] Withdraw,[D] Withdraw,4th,Mun,4th,R8,
2026-01,2026,[01] January,"Biliran, Biliran",[1] Live,[A] Live,5th,Mun,5th,R8,v1
2026-01,2026,[01] January,"Bobon, Northern Samar",[1] Live,[A] Live,4th,Mun,4th,R8,v1
2026-01,2026,[01] January,"Calubian, Leyte",[1] Live,[A] Live,4th,Mun,4th,R8,v1
2026-01,2026,[01] January,"Can-Avid, Eastern Samar",[1] Live,[A] Live,4th,Mun,4th,R8,v1
2026-01,2026,[01] January,"Catubig, Northern Samar",[1] Live,[A] Live,3rd,Mun,3rd,R8,v1
2026-01,2026,[01] January,"City of Borongan, Eastern Samar",[1] Live,[A] Live,1st,City,1st,R8,v1
2026-01,2026,[01] January,"City of Catbalogan, Samar",[1] Live,[A] Live,5th,City,5th,R8,v1
2026-01,2026,[01] January,"City of Maasin, Southern Leyte",[1] Live,[A] Live,4th,City,4th,R8,v1
2026-01,2026,[01] January,"Daram, Samar",[1] Live,[A] Live,3rd,Mun,3rd,R8,v1
2026-01,2026,[01] January,"Dolores, Eastern Samar",[1] Live,[A] Live,3rd,Mun,3rd,R8,v1
2026-01,2026,[01] January,"Gamay, Northern Samar",[1] Live,[A] Live,4th,Mun,4th,R8,v1
2026-01,2026,[01] January,"Gandara, Samar",[1] Live,[A] Live,2nd,Mun,2nd,R8,v1
2026-01,2026,[01] January,"Guiuan, Eastern Samar",[1] Live,[A] Live,2nd,Mun,2nd,R8,v1
2026-01,2026,[01] January,"Hinunangan, Southern Leyte",[1] Live,[A] Live,3rd,Mun,3rd,R8,v1
2026-01,2026,[01] January,"Hinundayan, Southern Leyte",[1] Live,[A] Live,5th,Mun,5th,R8,v1
2026-01,2026,[01] January,"Inopacan, Leyte",[1] Live,[A] Live,4th,Mun,4th,R8,v1
2026-01,2026,[01] January,"Jiabong, Samar",[1] Live,[A] Live,5th,Mun,5th,R8,v1
2026-01,2026,[01] January,"Kananga, Leyte",[1] Live,[A] Live,1st,Mun,1st,R8,v1
2026-01,2026,[01] January,"Kawayan, Biliran",[1] Live,[A] Live,5th,Mun,5th,R8,v1
2026-01,2026,[01] January,"Lapinig, Northern Samar",[1] Live,[A] Live,5th,Mun,5th,R8,v1
2026-01,2026,[01] January,"Lavezares, Northern Samar",[1] Live,[A] Live,4th,Mun,4th,R8,v1
2026-01,2026,[01] January,"Lawaan, Eastern Samar",[1] Live,[A] Live,5th,Mun,5th,R8,v1
2026-01,2026,[01] January,"Leyte, Leyte",[1] Live,[A] Live,4th,Mun,4th,R8,v1
2026-01,2026,[01] January,"Libagon, Southern Leyte",[1] Live,[A] Live,5th,Mun,5th,R8,v1
2026-01,2026,[01] January,"Liloan, Southern Leyte",[1] Live,[A] Live,4th,Mun,4th,R8,v1
2026-01,2026,[01] January,"Lope De Vega, Northern Samar",[1] Live,[A] Live,4th,Mun,4th,R8,v1
2026-01,2026,[01] January,"Macrohon, Southern Leyte",[1] Live,[A] Live,4th,Mun,4th,R8,v1
2026-01,2026,[01] January,"Mahaplag, Leyte",[1] Live,[A] Live,4th,Mun,4th,R8,v1
2026-01,2026,[01] January,"Malitbog, Southern Leyte",[1] Live,[A] Live,4th,Mun,4th,R8,v1
2026-01,2026,[01] January,"Matag-Ob, Leyte",[1] Live,[A] Live,4th,Mun,4th,R8,v1
2026-01,2026,[01] January,"Matalom, Leyte",[1] Live,[A] Live,3rd,Mun,3rd,R8,v1
2026-01,2026,[01] January,"Maydolong, Eastern Samar",[1] Live,[A] Live,4th,Mun,4th,R8,v1
2026-01,2026,[01] January,"Merida, Leyte",[1] Live,[A] Live,5th,Mun,5th,R8,v1
2026-01,2026,[01] January,"Motiong, Samar",[1] Live,[A] Live,4th,Mun,4th,R8,v1
2026-01,2026,[01] January,"Naval, Biliran",[1] Live,[A] Live,2nd,Mun,2nd,R8,v1
2026-01,2026,[01] January,"Oras, Eastern Samar",[1] Live,[A] Live,3rd,Mun,3rd,R8,v1
2026-01,2026,[01] January,"Padre Burgos, Southern Leyte",[1] Live,[A] Live,5th,Mun,5th,R8,v1
2026-01,2026,[01] January,"Paranas, Samar",[1] Live,[A] Live,2nd,Mun,2nd,R8,v1
2026-01,2026,[01] January,"Pastrana, Leyte",[1] Live,[A] Live,5th,Mun,5th,R8,v1
2026-01,2026,[01] January,"Pintuyan, Southern Leyte",[1] Live,[A] Live,5th,Mun,5th,R8,v1
2026-01,2026,[01] January,"Quinapondan, Eastern Samar",[1] Live,[A] Live,5th,Mun,5th,R8,v1
2026-01,2026,[01] January,"Salcedo, Eastern Samar",[1] Live,[A] Live,5th,Mun,5th,R8,v1
2026-01,2026,[01] January,"San Antonio, Northern Samar",[1] Live,[A] Live,5th,Mun,5th,R8,v1
2026-01,2026,[01] January,"San Francisco, Southern Leyte",[1] Live,[A] Live,5th,Mun,5th,R8,v1
2026-01,2026,[01] January,"San Juan, Southern Leyte",[1] Live,[A] Live,5th,Mun,5th,R8,v1
2026-01,2026,[01] January,"San Julian, Eastern Samar",[1] Live,[A] Live,5th,Mun,5th,R8,v1
2026-01,2026,[01] January,"San Miguel, Leyte",[4] Withdraw,[D] Withdraw,4th,Mun,4th,R8,
2026-01,2026,[01] January,"San Ricardo, Southern Leyte",[1] Live,[A] Live,5th,Mun,5th,R8,v1
2026-01,2026,[01] January,"San Roque, Northern Samar",[1] Live,[A] Live,4th,Mun,4th,R8,v1
2026-01,2026,[01] January,"Santa Fe, Leyte",[3] With Concerns,[A] Live,5th,Mun,5th,R8,v1
2026-01,2026,[01] January,"Santa Margarita, Samar",[1] Live,[A] Live,4th,Mun,4th,R8,v1
2026-01,2026,[01] January,"Silago, Southern Leyte",[1] Live,[A] Live,4th,Mun,4th,R8,v1
2026-01,2026,[01] January,"Sogod, Southern Leyte",[1] Live,[A] Live,2nd,Mun,2nd,R8,v1
2026-01,2026,[01] January,"Sulat, Eastern Samar",[1] Live,[A] Live,4th,Mun,4th,R8,v1
2026-01,2026,[01] January,"Tabontabon, Leyte",[1] Live,[A] Live,5th,Mun,5th,R8,v1
2026-01,2026,[01] January,"Tarangnan, Samar",[1] Live,[A] Live,4th,Mun,4th,R8,v1
2026-01,2026,[01] January,"Tomas Oppus, Southern Leyte",[1] Live,[A] Live,5th,Mun,5th,R8,v1
2026-01,2026,[01] January,"Victoria, Northern Samar",[1] Live,[A] Live,5th,Mun,5th,R8,v1
2026-01,2026,[01] January,"Villareal, Samar",[1] Live,[A] Live,4th,Mun,4th,R8,v1
2026-01,2026,[01] January,"Zumarraga, Samar",[1] Live,[A] Live,5th,Mun,5th,R8,v1
2026-01,2026,[01] January,"Bansalan, Davao del Sur",[1] Live,[A] Live,1st,Mun,1st,R11,v1
2026-01,2026,[01] January,"City of Digos, Davao del Sur",[1] Live,[A] Live,2nd,City,2nd,R11,v1
2026-01,2026,[01] January,"Lupon, Davao Oriental",[1] Live,[A] Live,1st,Mun,1st,R11,v1
2026-01,2026,[01] January,"Manay, Davao Oriental",[1] Live,[A] Live,2nd,Mun,2nd,R11,v1
2026-01,2026,[01] January,"Matanao, Davao del Sur",[1] Live,[A] Live,2nd,Mun,2nd,R11,v1
2026-01,2026,[01] January,"San Isidro, Davao Oriental",[1] Live,[A] Live,3rd,Mun,3rd,R11,v1
2026-01,2026,[01] January,"Sulop, Davao del Sur",[1] Live,[A] Live,3rd,Mun,3rd,R11,v1
2026-01,2026,[01] January,"Magsaysay, Davao del Sur",[1] Live,[A] Live,3rd,Mun,3rd,R11,v1
2026-01,2026,[01] January,"Boston, Davao Oriental",[1] Live,[A] Live,3rd,Mun,3rd,R11,v1
2026-01,2026,[01] January,"Tarragona, Davao Oriental",[1] Live,[A] Live,3rd,Mun,3rd,R11,v1
2026-01,2026,[01] January,"City of Mati, Davao Oriental",[1] Live,[A] Live,5th,City,5th,R11,v1
2026-01,2026,[01] January,"Santa Cruz, Davao del Sur",[1] Live,[A] Live,1st,Mun,1st,R11,v1
2026-01,2026,[01] January,"Aglipay, Quirino",[1] Live,[A] Live,3rd,Mun,3rd,R2,v1
2026-01,2026,[01] January,"Alfonso Castaneda, Nueva Vizcaya",[1] Live,[A] Live,1st,Mun,1st,R2,v1
2026-01,2026,[01] January,"Alicia, Isabela",[1] Live,[A] Live,1st,Mun,1st,R2,v1
2026-01,2026,[01] January,"Ambaguio, Nueva Vizcaya",[1] Live,[A] Live,5th,Mun,5th,R2,v1
2026-01,2026,[01] January,"Amulung, Cagayan",[1] Live,[A] Live,2nd,Mun,2nd,R2,v1
2026-01,2026,[01] January,"Aparri, Cagayan",[1] Live,[A] Live,1st,Mun,1st,R2,v1
2026-01,2026,[01] January,"Aritao, Nueva Vizcaya",[1] Live,[A] Live,2nd,Mun,2nd,R2,v1
2026-01,2026,[01] January,"Aurora, Isabela",[1] Live,[A] Live,3rd,Mun,3rd,R2,with v1 v2
2026-01,2026,[01] January,"Baggao, Cagayan",[1] Live,[A] Live,1st,Mun,1st,R2,v1
2026-01,2026,[01] January,"Bambang, Nueva Vizcaya",[1] Live,[A] Live,1st,Mun,1st,R2,v1
2026-01,2026,[01] January,"Burgos, Isabela",[1] Live,[A] Live,4th,Mun,4th,R2,with v1 v2
2026-01,2026,[01] January,"Cabagan, Isabela",[1] Live,[A] Live,1st,Mun,1st,R2,v1
2026-01,2026,[01] January,"Cabarroguis, Quirino",[1] Live,[A] Live,3rd,Mun,3rd,R2,v1
2026-01,2026,[01] January,"Camalaniugan, Cagayan",[1] Live,[A] Live,4th,Mun,4th,R2,v1
2026-01,2026,[01] January,"City of Ilagan, Isabela",[1] Live,[A] Live,1st,City,1st,R2,v1
2026-01,2026,[01] January,"Diadi, Nueva Vizcaya",[1] Live,[A] Live,4th,Mun,4th,R2,v1
2026-01,2026,[01] January,"Diffun, Quirino",[1] Live,[A] Live,2nd,Mun,2nd,R2,v1
2026-01,2026,[01] January,"Dinapigue, Isabela",[1] Live,[A] Live,1st,Mun,1st,R2,v1
2026-01,2026,[01] January,"Divilacan, Isabela",[1] Live,[A] Live,2nd,Mun,2nd,R2,v1
2026-01,2026,[01] January,"Dupax del Norte, Nueva Vizcaya",[1] Live,[A] Live,3rd,Mun,3rd,R2,v1
2026-01,2026,[01] January,"Echague, Isabela",[1] Live,[A] Live,1st,Mun,1st,R2,v1
2026-01,2026,[01] January,"Enrile, Cagayan",[1] Live,[A] Live,3rd,Mun,3rd,R2,v1
2026-01,2026,[01] January,"Gamu, Isabela",[1] Live,[A] Live,4th,Mun,4th,R2,v1
2026-01,2026,[01] January,"Gattaran, Cagayan",[1] Live,[A] Live,1st,Mun,1st,R2,v1
2026-01,2026,[01] January,"Jones, Isabela",[1] Live,[A] Live,1st,Mun,1st,R2,v1
2026-01,2026,[01] January,"Kasibu, Nueva Vizcaya",[1] Live,[A] Live,3rd,Mun,3rd,R2,v1
2026-01,2026,[01] January,"Kayapa, Nueva Vizcaya",[1] Live,[A] Live,3rd,Mun,3rd,R2,v1
2026-01,2026,[01] January,"Lal-Lo, Cagayan",[1] Live,[A] Live,1st,Mun,1st,R2,v1
2026-01,2026,[01] January,"Lasam, Cagayan",[1] Live,[A] Live,3rd,Mun,3rd,R2,v1
2026-01,2026,[01] January,"Maddela, Quirino",[1] Live,[A] Live,1st,Mun,1st,R2,v1
2026-01,2026,[01] January,"Mallig, Isabela",[1] Live,[A] Live,4th,Mun,4th,R2,with v1 v2
2026-01,2026,[01] January,"Nagtipunan, Quirino",[1] Live,[A] Live,1st,Mun,1st,R2,v1
2026-01,2026,[01] January,"Palanan, Isabela",[1] Live,[A] Live,1st,Mun,1st,R2,v1
2026-01,2026,[01] January,"Pamplona, Cagayan",[1] Live,[A] Live,4th,Mun,4th,R2,v1
2026-01,2026,[01] January,"Peñablanca, Cagayan",[1] Live,[A] Live,1st,Mun,1st,R2,v1
2026-01,2026,[01] January,"Ramon, Isabela",[1] Live,[A] Live,2nd,Mun,2nd,R2,v1
2026-01,2026,[01] January,"San Mariano, Isabela",[1] Live,[A] Live,1st,Mun,1st,R2,v1
2026-01,2026,[01] January,"San Mateo, Isabela",[1] Live,[A] Live,1st,Mun,1st,R2,v1
2026-01,2026,[01] January,"Sanchez-Mira, Cagayan",[1] Live,[A] Live,3rd,Mun,3rd,R2,v1
2026-01,2026,[01] January,"Santa Ana, Cagayan",[1] Live,[A] Live,2nd,Mun,2nd,R2,v1
2026-01,2026,[01] January,"Santa Maria, Isabela",[1] Live,[A] Live,4th,Mun,4th,R2,v1
2026-01,2026,[01] January,"Santa Praxedes, Cagayan",[1] Live,[A] Live,5th,Mun,5th,R2,v1
2026-01,2026,[01] January,"Santa Teresita, Cagayan",[1] Live,[A] Live,4th,Mun,4th,R2,v1
2026-01,2026,[01] January,"Santo Tomas, Isabela",[1] Live,[A] Live,4th,Mun,4th,R2,v1
2026-01,2026,[01] January,"Solana, Cagayan",[1] Live,[A] Live,1st,Mun,1st,R2,v1
2026-01,2026,[01] January,"Tuao, Cagayan",[1] Live,[A] Live,1st,Mun,1st,R2,v1
2026-01,2026,[01] January,"Allacapan, Cagayan",[1] Live,[A] Live,3rd,Mun,3rd,R2,v1
2026-01,2026,[01] January,"Benito Soliven, Isabela",[1] Live,[A] Live,4th,Mun,4th,R2,v1
2026-01,2026,[01] January,"San Guillermo, Isabela",[1] Live,[A] Live,4th,Mun,4th,R2,v1
2026-01,2026,[01] January,"San Isidro, Isabela",[1] Live,[A] Live,5th,Mun,5th,R2,with v1 v2
2026-01,2026,[01] January,"Tumauini, Isabela",[1] Live,[A] Live,1st,Mun,1st,R2,v1
2026-01,2026,[01] January,"San Agustin, Isabela",[1] Live,[A] Live,3rd,Mun,3rd,R2,v1
2026-01,2026,[01] January,"Bacacay, Albay",[1] Live,[A] Live,2nd,Mun,2nd,R5,v1
2026-01,2026,[01] January,"Barcelona, Sorsogon",[1] Live,[A] Live,5th,Mun,5th,R5,v1
2026-01,2026,[01] January,"Basud, Camarines Norte",[1] Live,[A] Live,3rd,Mun,3rd,R5,v1
2026-01,2026,[01] January,"Bulusan, Sorsogon",[1] Live,[A] Live,4th,Mun,4th,R5,v1
2026-01,2026,[01] January,"Camalig, Albay",[1] Live,[A] Live,1st,Mun,1st,R5,v1
2026-01,2026,[01] January,"Canaman, Camarines Sur",[1] Live,[A] Live,4th,Mun,4th,R5,v1
2026-01,2026,[01] January,"Capalonga, Camarines Norte",[1] Live,[A] Live,3rd,Mun,3rd,R5,v1
2026-01,2026,[01] January,"Cataingan, Masbate",[1] Live,[A] Live,2nd,Mun,2nd,R5,v1
2026-01,2026,[01] January,"Cawayan, Masbate",[1] Live,[A] Live,2nd,Mun,2nd,R5,v1
2026-01,2026,[01] January,"Labo, Camarines Norte",[1] Live,[A] Live,1st,Mun,1st,R5,v1
2026-01,2026,[01] January,"Libon, Albay",[1] Live,[A] Live,1st,Mun,1st,R5,v1
2026-01,2026,[01] January,"Mandaon, Masbate",[1] Live,[A] Live,3rd,Mun,3rd,R5,v1
2026-01,2026,[01] January,"Minalabac, Camarines Sur",[1] Live,[A] Live,3rd,Mun,3rd,R5,v1
2026-01,2026,[01] January,"Mobo, Masbate",[1] Live,[A] Live,4th,Mun,4th,R5,v1
2026-01,2026,[01] January,"Monreal, Masbate",[1] Live,[A] Live,4th,Mun,4th,R5,v1
2026-01,2026,[01] January,"Panganiban, Catanduanes",[1] Live,[A] Live,5th,Mun,5th,R5,v1
2026-01,2026,[01] January,"Paracale, Camarines Norte",[1] Live,[A] Live,3rd,Mun,3rd,R5,v1
2026-01,2026,[01] January,"Ragay, Camarines Sur",[1] Live,[A] Live,1st,Mun,1st,R5,v1
2026-01,2026,[01] January,"Virac, Catanduanes",[1] Live,[A] Live,1st,Mun,1st,R5,v1
2026-01,2026,[01] January,"San Jose, Camarines Sur",[1] Live,[A] Live,4th,Mun,4th,R5,with v1 v2
2026-02,2026,[02] February,"Alimodian, Iloilo",[1] Live,[A] Live,3rd,Mun,3rd,R6,v1
2026-02,2026,[02] February,"Anilao, Iloilo",[1] Live,[A] Live,4th,Mun,4th,R6,v1
2026-02,2026,[02] February,"Balete, Aklan",[1] Live,[A] Live,4th,Mun,4th,R6,v1
2026-02,2026,[02] February,"Banate, Iloilo",[1] Live,[A] Live,4th,Mun,4th,R6,v1
2026-02,2026,[02] February,"Barbaza, Antique",[1] Live,[A] Live,4th,Mun,4th,R6,v1
2026-02,2026,[02] February,"Barotac Nuevo, Iloilo",[1] Live,[A] Live,2nd,Mun,2nd,R6,v1
2026-02,2026,[02] February,"Batad, Iloilo",[1] Live,[A] Live,5th,Mun,5th,R6,v1
2026-02,2026,[02] February,"Belison, Antique",[1] Live,[A] Live,5th,Mun,5th,R6,v1
2026-02,2026,[02] February,"Bingawan, Iloilo",[1] Live,[A] Live,5th,Mun,5th,R6,v1
2026-02,2026,[02] February,"Buruanga, Aklan",[1] Live,[A] Live,5th,Mun,5th,R6,v1
2026-02,2026,[02] February,"Cabatuan, Iloilo",[1] Live,[A] Live,2nd,Mun,2nd,R6,v1
2026-02,2026,[02] February,"Calinog, Iloilo",[1] Live,[A] Live,1st,Mun,1st,R6,v1
2026-02,2026,[02] February,"Carles, Iloilo",[1] Live,[A] Live,2nd,Mun,2nd,R6,v1
2026-02,2026,[02] February,"City of Iloilo, Iloilo",[1] Live,[A] Live,1st,City,1st,R6,v1
2026-02,2026,[02] February,"Concepcion, Iloilo",[1] Live,[A] Live,3rd,Mun,3rd,R6,v1
2026-02,2026,[02] February,"Cuartero, Capiz",[1] Live,[A] Live,4th,Mun,4th,R6,v1
2026-02,2026,[02] February,"Dueñas, Iloilo",[1] Live,[A] Live,4th,Mun,4th,R6,v1
2026-02,2026,[02] February,"Dumarao, Capiz",[1] Live,[A] Live,2nd,Mun,2nd,R6,v1
2026-02,2026,[02] February,"Guimbal, Iloilo",[1] Live,[A] Live,4th,Mun,4th,R6,v1
2026-02,2026,[02] February,"Jamindan, Capiz",[1] Live,[A] Live,2nd,Mun,2nd,R6,v1
2026-02,2026,[02] February,"Lambunao, Iloilo",[1] Live,[A] Live,1st,Mun,1st,R6,v1
2026-02,2026,[02] February,"Leganes, Iloilo",[1] Live,[A] Live,4th,Mun,4th,R6,v1
2026-02,2026,[02] February,"Leon, Iloilo",[1] Live,[A] Live,2nd,Mun,2nd,R6,v1
2026-02,2026,[02] February,"Lezo, Aklan",[1] Live,[A] Live,5th,Mun,5th,R6,v1
2026-02,2026,[02] February,"Libertad, Antique",[1] Live,[A] Live,5th,Mun,5th,R6,v1
2026-02,2026,[02] February,"Ma-Ayon, Capiz",[1] Live,[A] Live,3rd,Mun,3rd,R6,v1
2026-02,2026,[02] February,"Maasin, Iloilo",[1] Live,[A] Live,3rd,Mun,3rd,R6,v1
2026-02,2026,[02] February,"Malinao, Aklan",[1] Live,[A] Live,4th,Mun,4th,R6,v1
2026-02,2026,[02] February,"Mambusao, Capiz",[1] Live,[A] Live,3rd,Mun,3rd,R6,v1
2026-02,2026,[02] February,"Mina, Iloilo",[1] Live,[A] Live,5th,Mun,5th,R6,v1
2026-02,2026,[02] February,"New Lucena, Iloilo",[1] Live,[A] Live,4th,Mun,4th,R6,v1
2026-02,2026,[02] February,"New Washington, Aklan",[1] Live,[A] Live,3rd,Mun,3rd,R6,v1
2026-02,2026,[02] February,"Oton, Iloilo",[1] Live,[A] Live,1st,Mun,1st,R6,v1
2026-02,2026,[02] February,"Pandan, Antique",[1] Live,[A] Live,4th,Mun,4th,R6,v1
2026-02,2026,[02] February,"Panitan, Capiz",[1] Live,[A] Live,3rd,Mun,3rd,R6,v1
2026-02,2026,[02] February,"Pototan, Iloilo",[1] Live,[A] Live,1st,Mun,1st,R6,v1
2026-02,2026,[02] February,"San Joaquin, Iloilo",[1] Live,[A] Live,2nd,Mun,2nd,R6,v1
2026-02,2026,[02] February,"San Miguel, Iloilo",[1] Live,[A] Live,4th,Mun,4th,R6,v1
2026-02,2026,[02] February,"San Remigio, Antique",[1] Live,[A] Live,3rd,Mun,3rd,R6,v1
2026-02,2026,[02] February,"Santa Barbara, Iloilo",[1] Live,[A] Live,2nd,Mun,2nd,R6,v1
2026-02,2026,[02] February,"Sapi-An, Capiz",[1] Live,[A] Live,4th,Mun,4th,R6,v1
2026-02,2026,[02] February,"Sara, Iloilo",[1] Live,[A] Live,2nd,Mun,2nd,R6,v1
2026-02,2026,[02] February,"Sebaste, Antique",[1] Live,[A] Live,4th,Mun,4th,R6,v1
2026-02,2026,[02] February,"Sibalom, Antique",[1] Live,[A] Live,2nd,Mun,2nd,R6,v1
2026-02,2026,[02] February,"Tangalan, Aklan",[1] Live,[A] Live,5th,Mun,5th,R6,v1
2026-02,2026,[02] February,"Tapaz, Capiz",[1] Live,[A] Live,1st,Mun,1st,R6,v1
2026-02,2026,[02] February,"Tibiao, Antique",[1] Live,[A] Live,4th,Mun,4th,R6,v1
2026-02,2026,[02] February,"Valderrama, Antique",[1] Live,[A] Live,4th,Mun,4th,R6,v1
2026-02,2026,[02] February,"Zarraga, Iloilo",[1] Live,[A] Live,4th,Mun,4th,R6,v1
2026-02,2026,[02] February,"Ayungon, Negros Oriental",[1] Live,[A] Live,2nd,Mun,2nd,NIR,v1
2026-02,2026,[02] February,"Basay, Negros Oriental",[1] Live,[A] Live,4th,Mun,4th,NIR,
2026-02,2026,[02] February,"City of Escalante, Negros Occidental",[1] Live,[A] Live,4th,City,4th,NIR,v1
2026-02,2026,[02] February,"City of Himamaylan, Negros Occidental",[1] Live,[A] Live,3rd,City,3rd,NIR,v1
2026-02,2026,[02] February,"City of Kabankalan, Negros Occidental",[3] With Concerns,[A] Live,1st,City,1st,NIR,v1
2026-02,2026,[02] February,"City of La Carlota, Negros Occidental",[1] Live,[A] Live,4th,City,4th,NIR,v1
2026-02,2026,[02] February,"City of Sagay, Negros Occidental",[1] Live,[A] Live,3rd,City,3rd,NIR,v1
2026-02,2026,[02] February,"City of Sipalay, Negros Occidental",[1] Live,[A] Live,4th,City,4th,NIR,v1
2026-02,2026,[02] February,"Hinigaran, Negros Occidental",[1] Live,[A] Live,1st,Mun,1st,NIR,v1
2026-02,2026,[02] February,"Hinoba-an, Negros Occidental",[1] Live,[A] Live,1st,Mun,1st,NIR,v1
2026-02,2026,[02] February,"Larena, Siquijor",[1] Live,[A] Live,5th,Mun,5th,NIR,v1
2026-02,2026,[02] February,"Lazi, Siquijor",[1] Live,[A] Live,4th,Mun,4th,NIR,v1
2026-02,2026,[02] February,"Mabinay, Negros Oriental",[1] Live,[A] Live,1st,Mun,1st,NIR,v1
2026-02,2026,[02] February,"Manapla, Negros Occidental",[1] Live,[A] Live,2nd,Mun,2nd,NIR,v1
2026-02,2026,[02] February,"San Jose, Negros Oriental",[1] Live,[A] Live,5th,Mun,5th,NIR,v1
2026-02,2026,[02] February,"Ampatuan, Maguindanao del Sur",[1] Live,[A] Live,4th,Mun,4th,BARMM II,v1
2026-02,2026,[02] February,"Datu Abdullah Sangki, Maguindanao del Sur",[1] Live,[A] Live,-,Mun,-,BARMM II,v1
2026-02,2026,[02] February,"Datu Anggal Midtimbang, Maguindanao del Sur",[2] System Setup,[B] Developmental,-,Mun,-,BARMM II,
2026-02,2026,[02] February,"Datu Paglas, Maguindanao del Sur",[1] Live,[A] Live,4th,Mun,4th,BARMM II,v1
2026-02,2026,[02] February,"Datu Piang, Maguindanao del Sur",[2] System Setup,[B] Developmental,2nd,Mun,2nd,BARMM II,
2026-02,2026,[02] February,"Northern Kabuntalan, Maguindanao del Norte",[2] System Setup,[B] Developmental,5th,Mun,5th,BARMM II,
2026-02,2026,[02] February,"Pagalungan, Maguindanao del Sur",[1] Live,[A] Live,1st,Mun,1st,BARMM II,v1
2026-02,2026,[02] February,"Parang, Maguindanao del Norte",[1] Live,[A] Live,1st,Mun,1st,BARMM II,v1
2026-02,2026,[02] February,"Shariff Aguak, Maguindanao del Sur",[1] Live,[A] Live,2nd,Mun,2nd,BARMM II,v1
2026-02,2026,[02] February,"Sultan Kudarat, Maguindanao del Norte",[1] Live,[A] Live,1st,Mun,1st,BARMM II,v1
2026-02,2026,[02] February,"Talayan, Maguindanao del Sur",[1] Live,[A] Live,4th,Mun,4th,BARMM II,v1
2026-02,2026,[02] February,"Upi, Maguindanao del Norte",[1] Live,[A] Live,1st,Mun,1st,BARMM II,v1
2026-02,2026,[02] February,"Adams, Ilocos Norte",[1] Live,[A] Live,5th,Mun,5th,R1,v1
2026-02,2026,[02] February,"Agoo, La Union",[1] Live,[A] Live,1st,Mun,1st,R1,v1
2026-02,2026,[02] February,"Aguilar, Pangasinan",[1] Live,[A] Live,3rd,Mun,3rd,R1,v1
2026-02,2026,[02] February,"Aringay, La Union",[1] Live,[A] Live,2nd,Mun,2nd,R1,v1
2026-02,2026,[02] February,"Badoc, Ilocos Norte",[1] Live,[A] Live,3rd,Mun,3rd,R1,v1
2026-02,2026,[02] February,"Balaoan, La Union",[1] Live,[A] Live,1st,Mun,1st,R1,v1
2026-02,2026,[02] February,"Balungao, Pangasinan",[1] Live,[A] Live,4th,Mun,4th,R1,v1
2026-02,2026,[02] February,"Banayoyo, Ilocos Sur",[1] Live,[A] Live,4th,Mun,4th,R1,v1
2026-02,2026,[02] February,"Bangui, Ilocos Norte",[1] Live,[A] Live,4th,Mun,4th,R1,v1
2026-02,2026,[02] February,"Bantay, Ilocos Sur",[1] Live,[A] Live,3rd,Mun,3rd,R1,v1
2026-02,2026,[02] February,"Bautista, Pangasinan",[1] Live,[A] Live,4th,Mun,4th,R1,v1
2026-02,2026,[02] February,"Bayambang, Pangasinan",[1] Live,[A] Live,1st,Mun,1st,R1,v1
2026-02,2026,[02] February,"Burgos, La Union",[1] Live,[A] Live,5th,Mun,5th,R1,v1
2026-02,2026,[02] February,"Caba, La Union",[1] Live,[A] Live,4th,Mun,4th,R1,v1
2026-02,2026,[02] February,"Caoayan, Ilocos Sur",[1] Live,[A] Live,4th,Mun,4th,R1,v1
2026-02,2026,[02] February,"City of Batac, Ilocos Norte",[1] Live,[A] Live,5th,City,5th,R1,v1
2026-02,2026,[02] February,"City of Candon, Ilocos Sur",[1] Live,[A] Live,4th,City,4th,R1,v1
2026-02,2026,[02] February,"City of Laoag, Ilocos Norte",[1] Live,[A] Live,3rd,City,3rd,R1,with v1 v2
2026-02,2026,[02] February,"Dingras, Ilocos Norte",[1] Live,[A] Live,2nd,Mun,2nd,R1,v1
2026-02,2026,[02] February,"Dumalneg, Ilocos Norte",[1] Live,[A] Live,5th,Mun,5th,R1,v1
2026-02,2026,[02] February,"Lidlidda, Ilocos Sur",[1] Live,[A] Live,5th,Mun,5th,R1,v1
2026-02,2026,[02] February,"Mangaldan, Pangasinan",[1] Live,[A] Live,1st,Mun,1st,R1,v1
2026-02,2026,[02] February,"Mapandan, Pangasinan",[1] Live,[A] Live,3rd,Mun,3rd,R1,v1
2026-02,2026,[02] February,"Naguilian, La Union",[2] System Setup,[B] Developmental,1st,Mun,1st,R1,
2026-02,2026,[02] February,"Nueva Era, Ilocos Norte",[1] Live,[A] Live,3rd,Mun,3rd,R1,v1
2026-02,2026,[02] February,"Pasuquin, Ilocos Norte",[1] Live,[A] Live,3rd,Mun,3rd,R1,v1
2026-02,2026,[02] February,"Piddig, Ilocos Norte",[1] Live,[A] Live,3rd,Mun,3rd,R1,v1
2026-02,2026,[02] February,"Pozorrubio, Pangasinan",[1] Live,[A] Live,1st,Mun,1st,R1,v1
2026-02,2026,[02] February,"Rosario, La Union",[1] Live,[A] Live,1st,Mun,1st,R1,v1
2026-02,2026,[02] February,"San Esteban, Ilocos Sur",[1] Live,[A] Live,5th,Mun,5th,R1,v1
2026-02,2026,[02] February,"San Fabian, Pangasinan",[2] System Setup,[B] Developmental,1st,Mun,1st,R1,
2026-02,2026,[02] February,"San Juan, Ilocos Sur",[1] Live,[A] Live,3rd,Mun,3rd,R1,v1
2026-02,2026,[02] February,"San Manuel, Pangasinan",[1] Live,[A] Live,1st,Mun,1st,R1,v1
2026-02,2026,[02] February,"San Nicolas, Ilocos Norte",[1] Live,[A] Live,2nd,Mun,2nd,R1,v1
2026-02,2026,[02] February,"San Nicolas, Pangasinan",[1] Live,[A] Live,1st,Mun,1st,R1,v1
2026-02,2026,[02] February,"Santa Barbara, Pangasinan",[1] Live,[A] Live,1st,Mun,1st,R1,v1
2026-02,2026,[02] February,"Santo Domingo, Ilocos Sur",[1] Live,[A] Live,3rd,Mun,3rd,R1,v1
2026-02,2026,[02] February,"Santo Tomas, La Union",[1] Live,[A] Live,4th,Mun,4th,R1,v1
2026-02,2026,[02] February,"Santo Tomas, Pangasinan",[2] System Setup,[B] Developmental,5th,Mun,5th,R1,
2026-02,2026,[02] February,"Sarrat, Ilocos Norte",[1] Live,[A] Live,4th,Mun,4th,R1,v1
2026-02,2026,[02] February,"Sinait, Ilocos Sur",[1] Live,[A] Live,3rd,Mun,3rd,R1,v1
2026-02,2026,[02] February,"Sison, Pangasinan",[2] System Setup,[B] Developmental,3rd,Mun,3rd,R1,
2026-02,2026,[02] February,"Solsona, Ilocos Norte",[1] Live,[A] Live,3rd,Mun,3rd,R1,v1
2026-02,2026,[02] February,"Suyo, Ilocos Sur",[1] Live,[A] Live,4th,Mun,4th,R1,v1
2026-02,2026,[02] February,"Tagudin, Ilocos Sur",[1] Live,[A] Live,2nd,Mun,2nd,R1,v1
2026-02,2026,[02] February,"Tubao, La Union",[1] Live,[A] Live,4th,Mun,4th,R1,v1
2026-02,2026,[02] February,"Bongao, Tawi-Tawi",[1] Live,[A] Live,2nd,Mun,2nd,BARMM I,v1
2026-02,2026,[02] February,"City of Isabela, Basilan",[1] Live,[A] Live,4th,City,4th,R9,v1
2026-02,2026,[02] February,"City of Lamitan, Basilan",[1] Live,[A] Live,6th,City,6th,BARMM I,v1
2026-02,2026,[02] February,"Dimataling, Zamboanga del Sur",[1] Live,[A] Live,4th,Mun,4th,R9,v1
2026-02,2026,[02] February,"Diplahan, Zamboanga Sibugay",[1] Live,[A] Live,3rd,Mun,3rd,R9,v1
2026-02,2026,[02] February,"Dumalinao, Zamboanga del Sur",[1] Live,[A] Live,4th,Mun,4th,R9,v1
2026-02,2026,[02] February,"Guipos, Zamboanga del Sur",[1] Live,[A] Live,4th,Mun,4th,R9,v1
2026-02,2026,[02] February,"Gutalac, Zamboanga del Norte",[1] Live,[A] Live,2nd,Mun,2nd,R9,v1
2026-02,2026,[02] February,"Josefina, Zamboanga del Sur",[1] Live,[A] Live,5th,Mun,5th,R9,v1
2026-02,2026,[02] February,"Kabasalan, Zamboanga Sibugay",[1] Live,[A] Live,2nd,Mun,2nd,R9,v1
2026-02,2026,[02] February,"Labason, Zamboanga del Norte",[1] Live,[A] Live,3rd,Mun,3rd,R9,v1
2026-02,2026,[02] February,"Leon B. Postigo (Bacungan), Zamboanga del Norte",[1] Live,[A] Live,4th,Mun,4th,R9,v1
2026-02,2026,[02] February,"Mahayag, Zamboanga del Sur",[1] Live,[A] Live,3rd,Mun,3rd,R9,v1
2026-02,2026,[02] February,"Molave, Zamboanga del Sur",[1] Live,[A] Live,1st,Mun,1st,R9,with v1 v2
2026-02,2026,[02] February,"Polanco, Zamboanga del Norte",[1] Live,[A] Live,3rd,Mun,3rd,R9,v1
2026-02,2026,[02] February,"Ramon Magsaysay, Zamboanga del Sur",[1] Live,[A] Live,4th,Mun,4th,R9,v1
2026-02,2026,[02] February,"Salug, Zamboanga del Norte",[1] Live,[A] Live,3rd,Mun,3rd,R9,v1
2026-02,2026,[02] February,"San Pablo, Zamboanga del Sur",[1] Live,[A] Live,4th,Mun,4th,R9,v1
2026-02,2026,[02] February,"Siayan, Zamboanga del Norte",[1] Live,[A] Live,2nd,Mun,2nd,R9,with v1 v2
2026-02,2026,[02] February,"Sindangan, Zamboanga del Norte",[1] Live,[A] Live,1st,Mun,1st,R9,v1
2026-02,2026,[02] February,"Talipao, Sulu",[1] Live,[A] Live,1st,Mun,1st,BARMM I,v1
2026-02,2026,[02] February,"Tambulig, Zamboanga del Sur",[1] Live,[A] Live,4th,Mun,4th,R9,v1
2026-02,2026,[02] February,"Tampilisan, Zamboanga del Norte",[1] Live,[A] Live,4th,Mun,4th,R9,v1
2026-02,2026,[02] February,"Tigbao, Zamboanga del Sur",[1] Live,[A] Live,5th,Mun,5th,R9,v1
2026-02,2026,[02] February,"Aloran, Misamis Occidental",[1] Live,[A] Live,4th,Mun,4th,R10,v1
2026-02,2026,[02] February,"Alubijid, Misamis Oriental",[1] Live,[A] Live,4th,Mun,4th,R10,v1
2026-02,2026,[02] February,"Bacolod, Lanao del Norte",[1] Live,[A] Live,4th,Mun,4th,R10,v1
2026-02,2026,[02] February,"Balingasag, Misamis Oriental",[1] Live,[A] Live,2nd,Mun,2nd,R10,v1
2026-02,2026,[02] February,"Balingoan, Misamis Oriental",[1] Live,[A] Live,5th,Mun,5th,R10,v1
2026-02,2026,[02] February,"Baroy, Lanao del Norte",[2] System Setup,[B] Developmental,4th,Mun,4th,R10,
2026-02,2026,[02] February,"Bonifacio, Misamis Occidental",[1] Live,[A] Live,4th,Mun,4th,R10,v1
2026-02,2026,[02] February,"Calamba, Misamis Occidental",[1] Live,[A] Live,4th,Mun,4th,R10,v1
2026-02,2026,[02] February,"Catarman, Camiguin",[1] Live,[A] Live,5th,Mun,5th,R10,v1
2026-02,2026,[02] February,"City of El Salvador, Misamis Oriental",[1] Live,[A] Live,6th,City,6th,R10,v1
2026-02,2026,[02] February,"City of Gingoog, Misamis Oriental",[1] Live,[A] Live,2nd,City,2nd,R10,v1
2026-02,2026,[02] February,"City of Ozamiz, Misamis Occidental",[1] Live,[A] Live,3rd,City,3rd,R10,v1
2026-02,2026,[02] February,"City of Tangub, Misamis Occidental",[1] Live,[A] Live,4th,City,4th,R10,v1
2026-02,2026,[02] February,"Clarin, Misamis Occidental",[1] Live,[A] Live,4th,Mun,4th,R10,v1
2026-02,2026,[02] February,"Claveria, Misamis Oriental",[1] Live,[A] Live,1st,Mun,1st,R10,v1
2026-02,2026,[02] February,"Don Carlos, Bukidnon",[1] Live,[A] Live,1st,Mun,1st,R10,v1
2026-02,2026,[02] February,"Gitagum, Misamis Oriental",[1] Live,[A] Live,5th,Mun,5th,R10,v1
2026-02,2026,[02] February,"Guinsiliban, Camiguin",[1] Live,[A] Live,6th,Mun,6th,R10,v1
2026-02,2026,[02] February,"Impasug-ong, Bukidnon",[1] Live,[A] Live,1st,Mun,1st,R10,v1
2026-02,2026,[02] February,"Jasaan, Misamis Oriental",[1] Live,[A] Live,2nd,Mun,2nd,R10,v1
2026-02,2026,[02] February,"Jimenez, Misamis Occidental",[1] Live,[A] Live,3rd,Mun,3rd,R10,v1
2026-02,2026,[02] February,"Kadingilan, Bukidnon",[1] Live,[A] Live,3rd,Mun,3rd,R10,v1
2026-02,2026,[02] February,"Kapatagan, Lanao del Norte",[1] Live,[A] Live,2nd,Mun,2nd,R10,v1
2026-02,2026,[02] February,"Kauswagan, Lanao del Norte",[1] Live,[A] Live,5th,Mun,5th,R10,v1
2026-02,2026,[02] February,"Kibawe, Bukidnon",[1] Live,[A] Live,2nd,Mun,2nd,R10,v1
2026-02,2026,[02] February,"Lagonglong, Misamis Oriental",[1] Live,[A] Live,5th,Mun,5th,R10,v1
2026-02,2026,[02] February,"Laguindingan, Misamis Oriental",[1] Live,[A] Live,4th,Mun,4th,R10,v1
2026-02,2026,[02] February,"Libertad, Misamis Oriental",[1] Live,[A] Live,5th,Mun,5th,R10,v1
2026-02,2026,[02] February,"Linamon, Lanao del Norte",[1] Live,[A] Live,5th,Mun,5th,R10,v1
2026-02,2026,[02] February,"Lugait, Misamis Oriental",[1] Live,[A] Live,2nd,Mun,2nd,R10,v1
2026-02,2026,[02] February,"Magsaysay, Lanao del Norte",[2] System Setup,[B] Developmental,5th,Mun,5th,R10,
2026-02,2026,[02] February,"Magsaysay, Misamis Oriental",[1] Live,[A] Live,4th,Mun,4th,R10,v1
2026-02,2026,[02] February,"Mahinog, Camiguin",[1] Live,[A] Live,5th,Mun,5th,R10,v1
2026-02,2026,[02] February,"Mambajao, Camiguin",[1] Live,[A] Live,3rd,Mun,3rd,R10,v1
2026-02,2026,[02] February,"Manticao, Misamis Oriental",[1] Live,[A] Live,4th,Mun,4th,R10,v1
2026-02,2026,[02] February,"Medina, Misamis Oriental",[1] Live,[A] Live,4th,Mun,4th,R10,v1
2026-02,2026,[02] February,"Naawan, Misamis Oriental",[1] Live,[A] Live,4th,Mun,4th,R10,v1
2026-02,2026,[02] February,"Nunungan, Lanao del Norte",[1] Live,[A] Live,3rd,Mun,3rd,R10,v1
2026-02,2026,[02] February,"Opol, Misamis Oriental",[1] Live,[A] Live,2nd,Mun,2nd,R10,v1
2026-02,2026,[02] February,"Plaridel, Misamis Occidental",[1] Live,[A] Live,3rd,Mun,3rd,R10,v1
2026-02,2026,[02] February,"Sagay, Camiguin",[1] Live,[A] Live,5th,Mun,5th,R10,v1
2026-02,2026,[02] February,"Salay, Misamis Oriental",[1] Live,[A] Live,4th,Mun,4th,R10,v1
2026-02,2026,[02] February,"San Fernando, Bukidnon",[1] Live,[A] Live,1st,Mun,1st,R10,v1
2026-02,2026,[02] February,"Sapang Dalaga, Misamis Occidental",[1] Live,[A] Live,5th,Mun,5th,R10,v1
2026-02,2026,[02] February,"Sinacaban, Misamis Occidental",[1] Live,[A] Live,5th,Mun,5th,R10,v1
2026-02,2026,[02] February,"Sugbongcogon, Misamis Oriental",[1] Live,[A] Live,5th,Mun,5th,R10,v1
2026-02,2026,[02] February,"Sultan Naga Dimaporo, Lanao del Norte",[1] Live,[A] Live,3rd,Mun,3rd,R10,v1
2026-02,2026,[02] February,"Tagoloan, Misamis Oriental",[1] Live,[A] Live,1st,Mun,1st,R10,v1
2026-02,2026,[02] February,"Talisayan, Misamis Oriental",[1] Live,[A] Live,4th,Mun,4th,R10,v1
2026-02,2026,[02] February,"Villanueva, Misamis Oriental",[1] Live,[A] Live,2nd,Mun,2nd,R10,v1
2026-02,2026,[02] February,"Bansalan, Davao del Sur",[1] Live,[A] Live,1st,Mun,1st,R11,v1
2026-02,2026,[02] February,"City of Digos, Davao del Sur",[1] Live,[A] Live,2nd,City,2nd,R11,v1
2026-02,2026,[02] February,"Lupon, Davao Oriental",[1] Live,[A] Live,1st,Mun,1st,R11,v1
2026-02,2026,[02] February,"Manay, Davao Oriental",[1] Live,[A] Live,2nd,Mun,2nd,R11,v1
2026-02,2026,[02] February,"Matanao, Davao del Sur",[1] Live,[A] Live,2nd,Mun,2nd,R11,v1
2026-02,2026,[02] February,"San Isidro, Davao Oriental",[1] Live,[A] Live,3rd,Mun,3rd,R11,v1
2026-02,2026,[02] February,"Sulop, Davao del Sur",[1] Live,[A] Live,3rd,Mun,3rd,R11,v1
2026-02,2026,[02] February,"Magsaysay, Davao del Sur",[1] Live,[A] Live,3rd,Mun,3rd,R11,v1
2026-02,2026,[02] February,"Boston, Davao Oriental",[1] Live,[A] Live,3rd,Mun,3rd,R11,v1
2026-02,2026,[02] February,"Tarragona, Davao Oriental",[1] Live,[A] Live,3rd,Mun,3rd,R11,v1
2026-02,2026,[02] February,"City of Mati, Davao Oriental",[1] Live,[A] Live,5th,City,5th,R11,v1
2026-02,2026,[02] February,"Santa Cruz, Davao del Sur",[1] Live,[A] Live,1st,Mun,1st,R11,v1
2026-02,2026,[02] February,"Alabel, Sarangani",[1] Live,[A] Live,1st,Mun,1st,R12,v1
2026-02,2026,[02] February,"Aleosan, Cotabato",[1] Live,[A] Live,3rd,Mun,3rd,R12,v1
2026-02,2026,[02] February,"Bagumbayan, Sultan Kudarat",[1] Live,[A] Live,1st,Mun,1st,R12,v1
2026-02,2026,[02] February,"Banisilan, Cotabato",[1] Live,[A] Live,2nd,Mun,2nd,R12,v1
2026-02,2026,[02] February,"City of Kidapawan, Cotabato",[1] Live,[A] Live,3rd,City,3rd,R12,v1
2026-02,2026,[02] February,"Columbio, Sultan Kudarat",[1] Live,[A] Live,1st,Mun,1st,R12,v1
2026-02,2026,[02] February,"Kabacan, Cotabato",[1] Live,[A] Live,1st,Mun,1st,R12,v1
2026-02,2026,[02] February,"Kalamansig, Sultan Kudarat",[1] Live,[A] Live,1st,Mun,1st,R12,v1
2026-02,2026,[02] February,"Kiamba, Sarangani",[1] Live,[A] Live,1st,Mun,1st,R12,v1
2026-02,2026,[02] February,"Lambayong, Sultan Kudarat",[1] Live,[A] Live,2nd,Mun,2nd,R12,v1
2026-02,2026,[02] February,"Lebak, Sultan Kudarat",[1] Live,[A] Live,1st,Mun,1st,R12,v1
2026-02,2026,[02] February,"M'Lang, Cotabato",[1] Live,[A] Live,1st,Mun,1st,R12,v1
2026-02,2026,[02] February,"Maasim, Sarangani",[1] Live,[A] Live,1st,Mun,1st,R12,v1
2026-02,2026,[02] February,"Malapatan, Sarangani",[1] Live,[A] Live,1st,Mun,1st,R12,v1
2026-02,2026,[02] February,"Midsayap, Cotabato",[1] Live,[A] Live,1st,Mun,1st,R12,v1
2026-02,2026,[02] February,"Palimbang, Sultan Kudarat",[1] Live,[A] Live,2nd,Mun,2nd,R12,v1
2026-02,2026,[02] February,"Pigkawayan, Cotabato",[1] Live,[A] Live,1st,Mun,1st,R12,v1
2026-02,2026,[02] February,"Pikit, Cotabato",[1] Live,[A] Live,1st,Mun,1st,R12,v1
2026-02,2026,[02] February,"Polomolok, South Cotabato",[1] Live,[A] Live,1st,Mun,1st,R12,v1
2026-02,2026,[02] February,"President Roxas, Cotabato",[1] Live,[A] Live,1st,Mun,1st,R12,v1
2026-02,2026,[02] February,"Sen. Ninoy Aquino, Sultan Kudarat",[1] Live,[A] Live,3rd,Mun,3rd,R12,v1
2026-02,2026,[02] February,"T'Boli, South Cotabato",[1] Live,[A] Live,1st,Mun,1st,R12,v1
2026-02,2026,[02] February,"Tampakan, South Cotabato",[1] Live,[A] Live,2nd,Mun,2nd,R12,v1
2026-02,2026,[02] February,"Tantangan, South Cotabato",[1] Live,[A] Live,3rd,Mun,3rd,R12,v1
2026-02,2026,[02] February,"Tupi, South Cotabato",[1] Live,[A] Live,1st,Mun,1st,R12,v1
2026-02,2026,[02] February,"Alegria, Surigao del Norte",[1] Live,[A] Live,5th,Mun,5th,R13,v1
2026-02,2026,[02] February,"Bayabas, Surigao del Sur",[1] Live,[A] Live,5th,Mun,5th,R13,v1
2026-02,2026,[02] February,"Buenavista, Agusan del Norte",[1] Live,[A] Live,1st,Mun,1st,R13,v1
2026-02,2026,[02] February,"Burgos, Surigao del Norte",[1] Live,[A] Live,6th,Mun,6th,R13,v1
2026-02,2026,[02] February,"Cagdianao, Dinagat Islands",[1] Live,[A] Live,3rd,Mun,3rd,R13,v1
2026-02,2026,[02] February,"Cagwait, Surigao del Sur",[1] Live,[A] Live,4th,Mun,4th,R13,v1
2026-02,2026,[02] February,"Carmen, Surigao del Sur",[1] Live,[A] Live,5th,Mun,5th,R13,v1
2026-02,2026,[02] February,"City of Cabadbaran, Agusan del Norte",[1] Live,[A] Live,6th,City,6th,R13,v1
2026-02,2026,[02] February,"City of Tandag, Surigao del Sur",[1] Live,[A] Live,5th,City,5th,R13,v1
2026-02,2026,[02] February,"Cortes, Surigao del Sur",[1] Live,[A] Live,4th,Mun,4th,R13,v1
2026-02,2026,[02] February,"Del Carmen, Surigao del Norte",[1] Live,[A] Live,5th,Mun,5th,R13,v1
2026-02,2026,[02] February,"Dinagat, Dinagat Islands",[1] Live,[A] Live,5th,Mun,5th,R13,v1
2026-02,2026,[02] February,"General Luna, Surigao del Norte",[1] Live,[A] Live,5th,Mun,5th,R13,v1
2026-02,2026,[02] February,"Gigaquit, Surigao del Norte",[1] Live,[A] Live,4th,Mun,4th,R13,v1
2026-02,2026,[02] February,"Hinatuan, Surigao del Sur",[1] Live,[A] Live,2nd,Mun,2nd,R13,v1
2026-02,2026,[02] February,"Kitcharao, Agusan del Norte",[1] Live,[A] Live,4th,Mun,4th,R13,v1
2026-02,2026,[02] February,"Las Nieves, Agusan del Norte",[1] Live,[A] Live,2nd,Mun,2nd,R13,v1
2026-02,2026,[02] February,"Mainit, Surigao del Norte",[1] Live,[A] Live,4th,Mun,4th,R13,v1
2026-02,2026,[02] February,"Marihatag, Surigao del Sur",[1] Live,[A] Live,3rd,Mun,3rd,R13,v1
2026-02,2026,[02] February,"Remedios T. Romualdez, Agusan del Norte",[1] Live,[A] Live,5th,Mun,5th,R13,v1
2026-02,2026,[02] February,"San Agustin, Surigao del Sur",[1] Live,[A] Live,4th,Mun,4th,R13,v1
2026-02,2026,[02] February,"San Francisco, Agusan del Sur",[1] Live,[A] Live,1st,Mun,1st,R13,v1
2026-02,2026,[02] February,"San Isidro, Surigao del Norte",[1] Live,[A] Live,5th,Mun,5th,R13,v1
2026-02,2026,[02] February,"San Jose, Dinagat Islands",[1] Live,[A] Live,4th,Mun,4th,R13,v1
2026-02,2026,[02] February,"San Miguel, Surigao del Sur",[1] Live,[A] Live,1st,Mun,1st,R13,v1
2026-02,2026,[02] February,"Santa Josefa, Agusan del Sur",[1] Live,[A] Live,3rd,Mun,3rd,R13,v1
2026-02,2026,[02] February,"Santiago, Agusan del Norte",[1] Live,[A] Live,4th,Mun,4th,R13,v1
2026-02,2026,[02] February,"Sison, Surigao del Norte",[1] Live,[A] Live,5th,Mun,5th,R13,v1
2026-02,2026,[02] February,"Socorro, Surigao del Norte",[1] Live,[A] Live,4th,Mun,4th,R13,v1
2026-02,2026,[02] February,"Tagana-An, Surigao del Norte",[1] Live,[A] Live,5th,Mun,5th,R13,v1
2026-02,2026,[02] February,"Tagbina, Surigao del Sur",[1] Live,[A] Live,2nd,Mun,2nd,R13,v1
2026-02,2026,[02] February,"Tago, Surigao del Sur",[1] Live,[A] Live,2nd,Mun,2nd,R13,v1
2026-02,2026,[02] February,"Trento, Agusan del Sur",[1] Live,[A] Live,1st,Mun,1st,R13,v1
2026-02,2026,[02] February,"Tubod, Surigao del Norte",[1] Live,[A] Live,5th,Mun,5th,R13,v1
2026-02,2026,[02] February,"Agoncillo, Batangas",[1] Live,[A] Live,4th,Mun,4th,R4A,v1
2026-02,2026,[02] February,"Alabat, Quezon",[1] Live,[A] Live,5th,Mun,5th,R4A,v1
2026-02,2026,[02] February,"Alfonso, Cavite",[1] Live,[A] Live,1st,Mun,1st,R4A,v1
2026-02,2026,[02] February,"Alitagtag, Batangas",[1] Live,[A] Live,4th,Mun,4th,R4A,v1
2026-02,2026,[02] February,"Calauag, Quezon",[1] Live,[A] Live,1st,Mun,1st,R4A,v1
2026-02,2026,[02] February,"Calauan, Laguna",[1] Live,[A] Live,2nd,Mun,2nd,R4A,v1
2026-02,2026,[02] February,"Cardona, Rizal",[1] Live,[A] Live,3rd,Mun,3rd,R4A,v1
2026-02,2026,[02] February,"Gumaca, Quezon",[1] Live,[A] Live,1st,Mun,1st,R4A,v1
2026-02,2026,[02] February,"Infanta, Quezon",[1] Live,[A] Live,1st,Mun,1st,R4A,v1
2026-02,2026,[02] February,"Lobo, Batangas",[1] Live,[A] Live,3rd,Mun,3rd,R4A,v1
2026-02,2026,[02] February,"Lopez, Quezon",[1] Live,[A] Live,1st,Mun,1st,R4A,v1
2026-02,2026,[02] February,"Lumban, Laguna",[1] Live,[A] Live,3rd,Mun,3rd,R4A,v1
2026-02,2026,[02] February,"Magallanes, Cavite",[1] Live,[A] Live,4th,Mun,4th,R4A,v1
2026-02,2026,[02] February,"Mataasnakahoy, Batangas",[1] Live,[A] Live,4th,Mun,4th,R4A,v1
2026-02,2026,[02] February,"Naic, Cavite",[1] Live,[A] Live,1st,Mun,1st,R4A,v1
2026-02,2026,[02] February,"Noveleta, Cavite",[1] Live,[A] Live,3rd,Mun,3rd,R4A,v1
2026-02,2026,[02] February,"Paete, Laguna",[1] Live,[A] Live,4th,Mun,4th,R4A,v1
2026-02,2026,[02] February,"Rizal, Laguna",[1] Live,[A] Live,5th,Mun,5th,R4A,with v1 v2
2026-02,2026,[02] February,"Sampaloc, Quezon",[1] Live,[A] Live,5th,Mun,5th,R4A,v1
2026-02,2026,[02] February,"San Nicolas, Batangas",[1] Live,[A] Live,5th,Mun,5th,R4A,v1
2026-02,2026,[02] February,"San Pascual, Batangas",[1] Live,[A] Live,1st,Mun,1st,R4A,v1
2026-02,2026,[02] February,"Santa Teresita, Batangas",[1] Live,[A] Live,5th,Mun,5th,R4A,v1
2026-02,2026,[02] February,"Siniloan, Laguna",[1] Live,[A] Live,2nd,Mun,2nd,R4A,v1
2026-02,2026,[02] February,"Tanza, Cavite",[1] Live,[A] Live,1st,Mun,1st,R4A,v1
2026-02,2026,[02] February,"Alcantara, Cebu",[1] Live,[A] Live,5th,Mun,5th,R7,v1
2026-02,2026,[02] February,"Alcoy, Cebu",[1] Live,[A] Live,5th,Mun,5th,R7,v1
2026-02,2026,[02] February,"Alegria, Cebu",[1] Live,[A] Live,4th,Mun,4th,R7,v1
2026-02,2026,[02] February,"Aloguinsan, Cebu",[1] Live,[A] Live,4th,Mun,4th,R7,v1
2026-02,2026,[02] February,"Argao, Cebu",[1] Live,[A] Live,1st,Mun,1st,R7,v1
2026-02,2026,[02] February,"Balamban, Cebu",[1] Live,[A] Live,1st,Mun,1st,R7,v1
2026-02,2026,[02] February,"Catmon, Cebu",[1] Live,[A] Live,4th,Mun,4th,R7,v1
2026-02,2026,[02] February,"Cordova, Cebu",[1] Live,[A] Live,3rd,Mun,3rd,R7,v1
2026-02,2026,[02] February,"Corella, Bohol",[1] Live,[A] Live,5th,Mun,5th,R7,v1
2026-02,2026,[02] February,"Daanbantayan, Cebu",[1] Live,[A] Live,1st,Mun,1st,R7,v1
2026-02,2026,[02] February,"Ginatilan, Cebu",[1] Live,[A] Live,5th,Mun,5th,R7,v1
2026-02,2026,[02] February,"Loay, Bohol",[2] System Setup,[B] Developmental,5th,Mun,5th,R7,
2026-02,2026,[02] February,"Madridejos, Cebu",[1] Live,[A] Live,4th,Mun,4th,R7,v1
2026-02,2026,[02] February,"Malabuyoc, Cebu",[1] Live,[A] Live,5th,Mun,5th,R7,v1
2026-02,2026,[02] February,"Pinamungajan, Cebu",[1] Live,[A] Live,2nd,Mun,2nd,R7,v1
2026-02,2026,[02] February,"Poro, Cebu",[1] Live,[A] Live,4th,Mun,4th,R7,v1
2026-02,2026,[02] February,"San Remigio, Cebu",[1] Live,[A] Live,3rd,Mun,3rd,R7,v1
2026-02,2026,[02] February,"Sevilla, Bohol",[1] Live,[A] Live,5th,Mun,5th,R7,v1
2026-02,2026,[02] February,"Sogod, Cebu",[1] Live,[A] Live,4th,Mun,4th,R7,v1
2026-02,2026,[02] February,"Tuburan, Cebu",[1] Live,[A] Live,2nd,Mun,2nd,R7,v1
2026-02,2026,[02] February,"Tudela, Cebu",[1] Live,[A] Live,5th,Mun,5th,R7,v1
2026-02,2026,[02] February,"Albuera, Leyte",[1] Live,[A] Live,3rd,Mun,3rd,R8,v1
2026-02,2026,[02] February,"Anahawan, Southern Leyte",[1] Live,[A] Live,5th,Mun,5th,R8,v1
2026-02,2026,[02] February,"Balangkayan, Eastern Samar",[1] Live,[A] Live,5th,Mun,5th,R8,v1
2026-02,2026,[02] February,"Barugo, Leyte",[4] Withdraw,[D] Withdraw,4th,Mun,4th,R8,
2026-02,2026,[02] February,"Biliran, Biliran",[1] Live,[A] Live,5th,Mun,5th,R8,v1
2026-02,2026,[02] February,"Bobon, Northern Samar",[1] Live,[A] Live,4th,Mun,4th,R8,v1
2026-02,2026,[02] February,"Calubian, Leyte",[1] Live,[A] Live,4th,Mun,4th,R8,v1
2026-02,2026,[02] February,"Can-Avid, Eastern Samar",[1] Live,[A] Live,4th,Mun,4th,R8,v1
2026-02,2026,[02] February,"Catubig, Northern Samar",[1] Live,[A] Live,3rd,Mun,3rd,R8,v1
2026-02,2026,[02] February,"City of Borongan, Eastern Samar",[1] Live,[A] Live,1st,City,1st,R8,v1
2026-02,2026,[02] February,"City of Catbalogan, Samar",[1] Live,[A] Live,5th,City,5th,R8,v1
2026-02,2026,[02] February,"City of Maasin, Southern Leyte",[1] Live,[A] Live,4th,City,4th,R8,v1
2026-02,2026,[02] February,"Daram, Samar",[1] Live,[A] Live,3rd,Mun,3rd,R8,v1
2026-02,2026,[02] February,"Dolores, Eastern Samar",[1] Live,[A] Live,3rd,Mun,3rd,R8,v1
2026-02,2026,[02] February,"Gamay, Northern Samar",[1] Live,[A] Live,4th,Mun,4th,R8,v1
2026-02,2026,[02] February,"Gandara, Samar",[1] Live,[A] Live,2nd,Mun,2nd,R8,v1
2026-02,2026,[02] February,"Guiuan, Eastern Samar",[1] Live,[A] Live,2nd,Mun,2nd,R8,v1
2026-02,2026,[02] February,"Hinunangan, Southern Leyte",[1] Live,[A] Live,3rd,Mun,3rd,R8,v1
2026-02,2026,[02] February,"Hinundayan, Southern Leyte",[1] Live,[A] Live,5th,Mun,5th,R8,v1
2026-02,2026,[02] February,"Inopacan, Leyte",[1] Live,[A] Live,4th,Mun,4th,R8,v1
2026-02,2026,[02] February,"Jiabong, Samar",[1] Live,[A] Live,5th,Mun,5th,R8,v1
2026-02,2026,[02] February,"Kananga, Leyte",[1] Live,[A] Live,1st,Mun,1st,R8,v1
2026-02,2026,[02] February,"Kawayan, Biliran",[1] Live,[A] Live,5th,Mun,5th,R8,v1
2026-02,2026,[02] February,"Lapinig, Northern Samar",[1] Live,[A] Live,5th,Mun,5th,R8,v1
2026-02,2026,[02] February,"Lavezares, Northern Samar",[1] Live,[A] Live,4th,Mun,4th,R8,v1
2026-02,2026,[02] February,"Lawaan, Eastern Samar",[1] Live,[A] Live,5th,Mun,5th,R8,v1
2026-02,2026,[02] February,"Leyte, Leyte",[1] Live,[A] Live,4th,Mun,4th,R8,v1
2026-02,2026,[02] February,"Libagon, Southern Leyte",[1] Live,[A] Live,5th,Mun,5th,R8,v1
2026-02,2026,[02] February,"Liloan, Southern Leyte",[1] Live,[A] Live,4th,Mun,4th,R8,v1
2026-02,2026,[02] February,"Lope De Vega, Northern Samar",[1] Live,[A] Live,4th,Mun,4th,R8,v1
2026-02,2026,[02] February,"Macrohon, Southern Leyte",[1] Live,[A] Live,4th,Mun,4th,R8,v1
2026-02,2026,[02] February,"Mahaplag, Leyte",[1] Live,[A] Live,4th,Mun,4th,R8,v1
2026-02,2026,[02] February,"Malitbog, Southern Leyte",[1] Live,[A] Live,4th,Mun,4th,R8,v1
2026-02,2026,[02] February,"Matag-Ob, Leyte",[1] Live,[A] Live,4th,Mun,4th,R8,v1
2026-02,2026,[02] February,"Matalom, Leyte",[1] Live,[A] Live,3rd,Mun,3rd,R8,v1
2026-02,2026,[02] February,"Maydolong, Eastern Samar",[1] Live,[A] Live,4th,Mun,4th,R8,v1
2026-02,2026,[02] February,"Merida, Leyte",[1] Live,[A] Live,5th,Mun,5th,R8,v1
2026-02,2026,[02] February,"Motiong, Samar",[1] Live,[A] Live,4th,Mun,4th,R8,v1
2026-02,2026,[02] February,"Naval, Biliran",[1] Live,[A] Live,2nd,Mun,2nd,R8,v1
2026-02,2026,[02] February,"Oras, Eastern Samar",[1] Live,[A] Live,3rd,Mun,3rd,R8,v1
2026-02,2026,[02] February,"Padre Burgos, Southern Leyte",[1] Live,[A] Live,5th,Mun,5th,R8,v1
2026-02,2026,[02] February,"Paranas, Samar",[1] Live,[A] Live,2nd,Mun,2nd,R8,v1
2026-02,2026,[02] February,"Pastrana, Leyte",[1] Live,[A] Live,5th,Mun,5th,R8,v1
2026-02,2026,[02] February,"Pintuyan, Southern Leyte",[1] Live,[A] Live,5th,Mun,5th,R8,v1
2026-02,2026,[02] February,"Quinapondan, Eastern Samar",[1] Live,[A] Live,5th,Mun,5th,R8,v1
2026-02,2026,[02] February,"Salcedo, Eastern Samar",[1] Live,[A] Live,5th,Mun,5th,R8,v1
2026-02,2026,[02] February,"San Antonio, Northern Samar",[1] Live,[A] Live,5th,Mun,5th,R8,v1
2026-02,2026,[02] February,"San Francisco, Southern Leyte",[1] Live,[A] Live,5th,Mun,5th,R8,v1
2026-02,2026,[02] February,"San Juan, Southern Leyte",[1] Live,[A] Live,5th,Mun,5th,R8,v1
2026-02,2026,[02] February,"San Julian, Eastern Samar",[1] Live,[A] Live,5th,Mun,5th,R8,v1
2026-02,2026,[02] February,"San Miguel, Leyte",[4] Withdraw,[D] Withdraw,4th,Mun,4th,R8,
2026-02,2026,[02] February,"San Ricardo, Southern Leyte",[1] Live,[A] Live,5th,Mun,5th,R8,v1
2026-02,2026,[02] February,"San Roque, Northern Samar",[1] Live,[A] Live,4th,Mun,4th,R8,v1
2026-02,2026,[02] February,"Santa Fe, Leyte",[3] With Concerns,[A] Live,5th,Mun,5th,R8,v1
2026-02,2026,[02] February,"Santa Margarita, Samar",[1] Live,[A] Live,4th,Mun,4th,R8,v1
2026-02,2026,[02] February,"Silago, Southern Leyte",[1] Live,[A] Live,4th,Mun,4th,R8,v1
2026-02,2026,[02] February,"Sogod, Southern Leyte",[1] Live,[A] Live,2nd,Mun,2nd,R8,v1
2026-02,2026,[02] February,"Sulat, Eastern Samar",[1] Live,[A] Live,4th,Mun,4th,R8,v1
2026-02,2026,[02] February,"Tabontabon, Leyte",[1] Live,[A] Live,5th,Mun,5th,R8,v1
2026-02,2026,[02] February,"Tarangnan, Samar",[1] Live,[A] Live,4th,Mun,4th,R8,v1
2026-02,2026,[02] February,"Tomas Oppus, Southern Leyte",[1] Live,[A] Live,5th,Mun,5th,R8,v1
2026-02,2026,[02] February,"Victoria, Northern Samar",[1] Live,[A] Live,5th,Mun,5th,R8,v1
2026-02,2026,[02] February,"Villareal, Samar",[1] Live,[A] Live,4th,Mun,4th,R8,v1
2026-02,2026,[02] February,"Zumarraga, Samar",[1] Live,[A] Live,5th,Mun,5th,R8,v1
2026-02,2026,[02] February,"Aborlan, Palawan",[1] Live,[A] Live,1st,Mun,1st,R4B,v1
2026-02,2026,[02] February,"Abra De Ilog, Occidental Mindoro",[1] Live,[A] Live,2nd,Mun,2nd,R4B,v1
2026-02,2026,[02] February,"Alcantara, Romblon",[1] Live,[A] Live,5th,Mun,5th,R4B,v1
2026-02,2026,[02] February,"Baco, Oriental Mindoro",[1] Live,[A] Live,3rd,Mun,3rd,R4B,v1
2026-02,2026,[02] February,"Banton, Romblon",[1] Live,[A] Live,5th,Mun,5th,R4B,v1
2026-02,2026,[02] February,"Bongabong, Oriental Mindoro",[2] System Setup,[B] Developmental,1st,Mun,1st,R4B,
2026-02,2026,[02] February,"Brooke'S Point, Palawan",[1] Live,[A] Live,1st,Mun,1st,R4B,v1
2026-02,2026,[02] February,"Bulalacao, Oriental Mindoro",[1] Live,[A] Live,3rd,Mun,3rd,R4B,v1
2026-02,2026,[02] February,"Busuanga, Palawan",[1] Live,[A] Live,3rd,Mun,3rd,R4B,v1
2026-02,2026,[02] February,"Calatrava, Romblon",[1] Live,[A] Live,5th,Mun,5th,R4B,v1
2026-02,2026,[02] February,"Calintaan, Occidental Mindoro",[1] Live,[A] Live,3rd,Mun,3rd,R4B,v1
2026-02,2026,[02] February,"Coron, Palawan",[1] Live,[A] Live,1st,Mun,1st,R4B,v1
2026-02,2026,[02] February,"Culion, Palawan",[1] Live,[A] Live,3rd,Mun,3rd,R4B,v1
2026-02,2026,[02] February,"Ferrol, Romblon",[1] Live,[A] Live,6th,Mun,6th,R4B,v1
2026-02,2026,[02] February,"Gloria, Oriental Mindoro",[1] Live,[A] Live,3rd,Mun,3rd,R4B,v1
2026-02,2026,[02] February,"Looc, Occidental Mindoro",[1] Live,[A] Live,5th,Mun,5th,R4B,v1
2026-02,2026,[02] February,"Looc, Romblon",[1] Live,[A] Live,4th,Mun,4th,R4B,v1
2026-02,2026,[02] February,"Lubang, Occidental Mindoro",[1] Live,[A] Live,4th,Mun,4th,R4B,v1
2026-02,2026,[02] February,"Magsaysay, Occidental Mindoro",[2] System Setup,[B] Developmental,3rd,Mun,3rd,R4B,v1
2026-02,2026,[02] February,"Mamburao, Occidental Mindoro",[1] Live,[A] Live,2nd,Mun,2nd,R4B,v1
2026-02,2026,[02] February,"Narra, Palawan",[1] Live,[A] Live,1st,Mun,1st,R4B,v1
2026-02,2026,[02] February,"Naujan, Oriental Mindoro",[1] Live,[A] Live,1st,Mun,1st,R4B,v1
2026-02,2026,[02] February,"Pinamalayan, Oriental Mindoro",[1] Live,[A] Live,1st,Mun,1st,R4B,v1
2026-02,2026,[02] February,"Quezon, Palawan",[1] Live,[A] Live,1st,Mun,1st,R4B,v1
2026-02,2026,[02] February,"Rizal, Occidental Mindoro",[2] System Setup,[B] Developmental,3rd,Mun,3rd,R4B,
2026-02,2026,[02] February,"Rizal, Palawan",[1] Live,[A] Live,1st,Mun,1st,R4B,v1
2026-02,2026,[02] February,"Sablayan, Occidental Mindoro",[1] Live,[A] Live,1st,Mun,1st,R4B,v1
2026-02,2026,[02] February,"San Andres, Romblon",[1] Live,[A] Live,5th,Mun,5th,R4B,v1
2026-02,2026,[02] February,"San Fernando, Romblon",[1] Live,[A] Live,4th,Mun,4th,R4B,v1
2026-02,2026,[02] February,"San Jose, Occidental Mindoro",[1] Live,[A] Live,1st,Mun,1st,R4B,v1
2026-02,2026,[02] February,"San Jose, Romblon",[1] Live,[A] Live,5th,Mun,5th,R4B,v1
2026-02,2026,[02] February,"San Teodoro, Oriental Mindoro",[1] Live,[A] Live,4th,Mun,4th,R4B,v1
2026-02,2026,[02] February,"San Vicente, Palawan",[1] Live,[A] Live,1st,Mun,1st,R4B,v1
2026-02,2026,[02] February,"Santa Cruz, Marinduque",[1] Live,[A] Live,1st,Mun,1st,R4B,v1
2026-02,2026,[02] February,"Santa Cruz, Occidental Mindoro",[1] Live,[A] Live,1st,Mun,1st,R4B,v1
2026-02,2026,[02] February,"Santa Fe, Romblon",[1] Live,[A] Live,5th,Mun,5th,R4B,v1
2026-02,2026,[02] February,"Socorro, Oriental Mindoro",[1] Live,[A] Live,3rd,Mun,3rd,R4B,v1
2026-02,2026,[02] February,"Aguinaldo, Ifugao",[1] Live,[A] Live,2nd,Mun,2nd,CAR,v1
2026-02,2026,[02] February,"Alfonso Lista, Ifugao",[1] Live,[A] Live,3rd,Mun,3rd,CAR,v1
2026-02,2026,[02] February,"Asipulo, Ifugao",[1] Live,[A] Live,5th,Mun,5th,CAR,v1
2026-02,2026,[02] February,"Banaue, Ifugao",[1] Live,[A] Live,4th,Mun,4th,CAR,v1
2026-02,2026,[02] February,"Bauko, Mountain Province",[1] Live,[A] Live,4th,Mun,4th,CAR,v1
2026-02,2026,[02] February,"Bontoc, Mountain Province",[1] Live,[A] Live,2nd,Mun,2nd,CAR,v1
2026-02,2026,[02] February,"City of Tabuk, Kalinga",[1] Live,[A] Live,5th,City,5th,CAR,v1
2026-02,2026,[02] February,"Danglas, Abra",[1] Live,[A] Live,5th,Mun,5th,CAR,v1
2026-02,2026,[02] February,"Dolores, Abra",[1] Live,[A] Live,5th,Mun,5th,CAR,with v1 v2
2026-02,2026,[02] February,"Hungduan, Ifugao",[1] Live,[A] Live,4th,Mun,4th,CAR,v1
2026-02,2026,[02] February,"Lamut, Ifugao",[1] Live,[A] Live,4th,Mun,4th,CAR,v1
2026-02,2026,[02] February,"Luna, Apayao",[1] Live,[A] Live,2nd,Mun,2nd,CAR,v1
2026-02,2026,[02] February,"Mankayan, Benguet",[1] Live,[A] Live,1st,Mun,1st,CAR,v1
2026-02,2026,[02] February,"Mayoyao, Ifugao",[1] Live,[A] Live,4th,Mun,4th,CAR,v1
2026-02,2026,[02] February,"Paracelis, Mountain Province",[1] Live,[A] Live,2nd,Mun,2nd,CAR,v1
2026-02,2026,[02] February,"Peñarrubia, Abra",[1] Live,[A] Live,6th,Mun,6th,CAR,v1
2026-02,2026,[02] February,"Pudtol, Apayao",[1] Live,[A] Live,4th,Mun,4th,CAR,v1
2026-02,2026,[02] February,"Sablan, Benguet",[1] Live,[A] Live,5th,Mun,5th,CAR,v1
2026-02,2026,[02] February,"Santa Marcela, Apayao",[1] Live,[A] Live,4th,Mun,4th,CAR,v1
2026-02,2026,[02] February,"Tayum, Abra",[1] Live,[A] Live,5th,Mun,5th,CAR,v1
2026-02,2026,[02] February,"Tinoc, Ifugao",[1] Live,[A] Live,4th,Mun,4th,CAR,v1
2026-02,2026,[02] February,"Tuba, Benguet",[1] Live,[A] Live,1st,Mun,1st,CAR,v1
2026-02,2026,[02] February,"Tublay, Benguet",[1] Live,[A] Live,5th,Mun,5th,CAR,v1
2026-02,2026,[02] February,"Anao, Tarlac",[1] Live,[A] Live,5th,Mun,5th,R3,v1
2026-02,2026,[02] February,"Apalit, Pampanga",[1] Live,[A] Live,1st,Mun,1st,R3,v1
2026-02,2026,[02] February,"Arayat, Pampanga",[1] Live,[A] Live,1st,Mun,1st,R3,v1
2026-02,2026,[02] February,"Bacolor, Pampanga",[1] Live,[A] Live,3rd,Mun,3rd,R3,v1
2026-02,2026,[02] February,"Baler, Aurora",[1] Live,[A] Live,3rd,Mun,3rd,R3,v1
2026-02,2026,[02] February,"Bongabon, Nueva Ecija",[1] Live,[A] Live,2nd,Mun,2nd,R3,v1
2026-02,2026,[02] February,"Botolan, Zambales",[1] Live,[A] Live,1st,Mun,1st,R3,v1
2026-02,2026,[02] February,"Bustos, Bulacan",[1] Live,[A] Live,2nd,Mun,2nd,R3,v1
2026-02,2026,[02] February,"Camiling, Tarlac",[1] Live,[A] Live,1st,Mun,1st,R3,v1
2026-02,2026,[02] February,"Casiguran, Aurora",[1] Live,[A] Live,2nd,Mun,2nd,R3,v1
2026-02,2026,[02] February,"Castillejos, Zambales",[1] Live,[A] Live,3rd,Mun,3rd,R3,v1
2026-02,2026,[02] February,"City of Palayan, Nueva Ecija",[2] System Setup,[B] Developmental,5th,City,5th,R3,
2026-02,2026,[02] February,"City of San Jose Del Monte, Bulacan",[1] Live,[A] Live,1st,City,1st,R3,v1
2026-02,2026,[02] February,"Cuyapo, Nueva Ecija",[1] Live,[A] Live,1st,Mun,1st,R3,v1
2026-02,2026,[02] February,"Dingalan, Aurora",[1] Live,[A] Live,3rd,Mun,3rd,R3,v1
2026-02,2026,[02] February,"Dipaculao, Aurora",[1] Live,[A] Live,3rd,Mun,3rd,R3,v1
2026-02,2026,[02] February,"Floridablanca, Pampanga",[1] Live,[A] Live,1st,Mun,1st,R3,v1
2026-02,2026,[02] February,"Gabaldon, Nueva Ecija",[1] Live,[A] Live,4th,Mun,4th,R3,v1
2026-02,2026,[02] February,"General Tinio, Nueva Ecija",[1] Live,[A] Live,1st,Mun,1st,R3,v1
2026-02,2026,[02] February,"Guagua, Pampanga",[1] Live,[A] Live,1st,Mun,1st,R3,v1
2026-02,2026,[02] February,"Licab, Nueva Ecija",[1] Live,[A] Live,4th,Mun,4th,R3,v1
2026-02,2026,[02] February,"Limay, Bataan",[1] Live,[A] Live,1st,Mun,1st,R3,v1
2026-02,2026,[02] February,"Mabalacat City, Pampanga",[1] Live,[A] Live,3rd,City,3rd,R3,v1
2026-02,2026,[02] February,"Macabebe, Pampanga",[1] Live,[A] Live,1st,Mun,1st,R3,v1
2026-02,2026,[02] February,"Magalang, Pampanga",[1] Live,[A] Live,1st,Mun,1st,R3,v1
2026-02,2026,[02] February,"Maria Aurora, Aurora",[1] Live,[A] Live,2nd,Mun,2nd,R3,v1
2026-02,2026,[02] February,"Mayantoc, Tarlac",[2] System Setup,[B] Developmental,3rd,Mun,3rd,R3,
2026-02,2026,[02] February,"Mexico, Pampanga",[1] Live,[A] Live,1st,Mun,1st,R3,v1
2026-02,2026,[02] February,"Minalin, Pampanga",[1] Live,[A] Live,4th,Mun,4th,R3,v1
2026-02,2026,[02] February,"Morong, Bataan",[2] System Setup,[B] Developmental,3rd,Mun,3rd,R3,v2
2026-02,2026,[02] February,"Obando, Bulacan",[1] Live,[A] Live,2nd,Mun,2nd,R3,v1
2026-02,2026,[02] February,"Orani, Bataan",[1] Live,[A] Live,3rd,Mun,3rd,R3,v1
2026-02,2026,[02] February,"Pandi, Bulacan",[1] Live,[A] Live,2nd,Mun,2nd,R3,v1
2026-02,2026,[02] February,"Paniqui, Tarlac",[1] Live,[A] Live,1st,Mun,1st,R3,v1
2026-02,2026,[02] February,"Paombong, Bulacan",[1] Live,[A] Live,3rd,Mun,3rd,R3,v1
2026-02,2026,[02] February,"Pura, Tarlac",[1] Live,[A] Live,4th,Mun,4th,R3,v1
2026-02,2026,[02] February,"Quezon, Nueva Ecija",[1] Live,[A] Live,4th,Mun,4th,R3,v1
2026-02,2026,[02] February,"Rizal, Nueva Ecija",[1] Live,[A] Live,2nd,Mun,2nd,R3,v1
2026-02,2026,[02] February,"Samal, Bataan",[1] Live,[A] Live,4th,Mun,4th,R3,v1
2026-02,2026,[02] February,"San Antonio, Zambales",[1] Live,[A] Live,2nd,Mun,2nd,R3,v1
2026-02,2026,[02] February,"San Felipe, Zambales",[1] Live,[A] Live,4th,Mun,4th,R3,v1
2026-02,2026,[02] February,"San Ildefonso, Bulacan",[1] Live,[A] Live,1st,Mun,1st,R3,v1
2026-02,2026,[02] February,"San Jose, Tarlac",[1] Live,[A] Live,3rd,Mun,3rd,R3,v1
2026-02,2026,[02] February,"San Luis, Aurora",[1] Live,[A] Live,2nd,Mun,2nd,R3,v1
2026-02,2026,[02] February,"San Luis, Pampanga",[1] Live,[A] Live,3rd,Mun,3rd,R3,v1
2026-02,2026,[02] February,"San Manuel, Tarlac",[1] Live,[A] Live,4th,Mun,4th,R3,v1
2026-02,2026,[02] February,"San Marcelino, Zambales",[1] Live,[A] Live,1st,Mun,1st,R3,v1
2026-02,2026,[02] February,"San Narciso, Zambales",[1] Live,[A] Live,4th,Mun,4th,R3,v1
2026-02,2026,[02] February,"Santa Ignacia, Tarlac",[1] Live,[A] Live,2nd,Mun,2nd,R3,with v1 v2
2026-02,2026,[02] February,"Santo Domingo, Nueva Ecija",[1] Live,[A] Live,3rd,Mun,3rd,R3,v1
2026-02,2026,[02] February,"Subic, Zambales",[1] Live,[A] Live,1st,Mun,1st,R3,v1
2026-02,2026,[02] February,"Talugtug, Nueva Ecija",[1] Live,[A] Live,4th,Mun,4th,R3,v1
2026-02,2026,[02] February,"Aglipay, Quirino",[1] Live,[A] Live,3rd,Mun,3rd,R2,v1
2026-02,2026,[02] February,"Alfonso Castaneda, Nueva Vizcaya",[1] Live,[A] Live,1st,Mun,1st,R2,v1
2026-02,2026,[02] February,"Alicia, Isabela",[1] Live,[A] Live,1st,Mun,1st,R2,v1
2026-02,2026,[02] February,"Allacapan, Cagayan",[1] Live,[A] Live,3rd,Mun,3rd,R2,v1
2026-02,2026,[02] February,"Ambaguio, Nueva Vizcaya",[1] Live,[A] Live,5th,Mun,5th,R2,v1
2026-02,2026,[02] February,"Amulung, Cagayan",[1] Live,[A] Live,2nd,Mun,2nd,R2,v1
2026-02,2026,[02] February,"Aparri, Cagayan",[1] Live,[A] Live,1st,Mun,1st,R2,v1
2026-02,2026,[02] February,"Aritao, Nueva Vizcaya",[1] Live,[A] Live,2nd,Mun,2nd,R2,v1
2026-02,2026,[02] February,"Aurora, Isabela",[1] Live,[A] Live,3rd,Mun,3rd,R2,with v1 v2
2026-02,2026,[02] February,"Baggao, Cagayan",[1] Live,[A] Live,1st,Mun,1st,R2,v1
2026-02,2026,[02] February,"Bambang, Nueva Vizcaya",[1] Live,[A] Live,1st,Mun,1st,R2,v1
2026-02,2026,[02] February,"Benito Soliven, Isabela",[1] Live,[A] Live,4th,Mun,4th,R2,v1
2026-02,2026,[02] February,"Burgos, Isabela",[1] Live,[A] Live,4th,Mun,4th,R2,with v1 v2
2026-02,2026,[02] February,"Cabagan, Isabela",[1] Live,[A] Live,1st,Mun,1st,R2,v1
2026-02,2026,[02] February,"Cabarroguis, Quirino",[1] Live,[A] Live,3rd,Mun,3rd,R2,v1
2026-02,2026,[02] February,"Camalaniugan, Cagayan",[1] Live,[A] Live,4th,Mun,4th,R2,v1
2026-02,2026,[02] February,"City of Ilagan, Isabela",[1] Live,[A] Live,1st,City,1st,R2,v1
2026-02,2026,[02] February,"Diadi, Nueva Vizcaya",[1] Live,[A] Live,4th,Mun,4th,R2,v1
2026-02,2026,[02] February,"Diffun, Quirino",[1] Live,[A] Live,2nd,Mun,2nd,R2,v1
2026-02,2026,[02] February,"Dinapigue, Isabela",[1] Live,[A] Live,1st,Mun,1st,R2,v1
2026-02,2026,[02] February,"Divilacan, Isabela",[1] Live,[A] Live,2nd,Mun,2nd,R2,v1
2026-02,2026,[02] February,"Dupax del Norte, Nueva Vizcaya",[1] Live,[A] Live,3rd,Mun,3rd,R2,v1
2026-02,2026,[02] February,"Echague, Isabela",[1] Live,[A] Live,1st,Mun,1st,R2,v1
2026-02,2026,[02] February,"Enrile, Cagayan",[1] Live,[A] Live,3rd,Mun,3rd,R2,v1
2026-02,2026,[02] February,"Gamu, Isabela",[1] Live,[A] Live,4th,Mun,4th,R2,v1
2026-02,2026,[02] February,"Gattaran, Cagayan",[1] Live,[A] Live,1st,Mun,1st,R2,v1
2026-02,2026,[02] February,"Jones, Isabela",[1] Live,[A] Live,1st,Mun,1st,R2,v1
2026-02,2026,[02] February,"Kasibu, Nueva Vizcaya",[1] Live,[A] Live,3rd,Mun,3rd,R2,v1
2026-02,2026,[02] February,"Kayapa, Nueva Vizcaya",[1] Live,[A] Live,3rd,Mun,3rd,R2,v1
2026-02,2026,[02] February,"Lal-Lo, Cagayan",[1] Live,[A] Live,1st,Mun,1st,R2,v1
2026-02,2026,[02] February,"Lasam, Cagayan",[1] Live,[A] Live,3rd,Mun,3rd,R2,v1
2026-02,2026,[02] February,"Maddela, Quirino",[1] Live,[A] Live,1st,Mun,1st,R2,v1
2026-02,2026,[02] February,"Mallig, Isabela",[1] Live,[A] Live,4th,Mun,4th,R2,with v1 v2
2026-02,2026,[02] February,"Nagtipunan, Quirino",[1] Live,[A] Live,1st,Mun,1st,R2,v1
2026-02,2026,[02] February,"Palanan, Isabela",[1] Live,[A] Live,1st,Mun,1st,R2,v1
2026-02,2026,[02] February,"Pamplona, Cagayan",[1] Live,[A] Live,4th,Mun,4th,R2,v1
2026-02,2026,[02] February,"Peñablanca, Cagayan",[1] Live,[A] Live,1st,Mun,1st,R2,v1
2026-02,2026,[02] February,"Ramon, Isabela",[1] Live,[A] Live,2nd,Mun,2nd,R2,v1
2026-02,2026,[02] February,"San Agustin, Isabela",[1] Live,[A] Live,3rd,Mun,3rd,R2,v1
2026-02,2026,[02] February,"San Guillermo, Isabela",[1] Live,[A] Live,4th,Mun,4th,R2,v1
2026-02,2026,[02] February,"San Isidro, Isabela",[1] Live,[A] Live,5th,Mun,5th,R2,with v1 v2
2026-02,2026,[02] February,"San Mariano, Isabela",[1] Live,[A] Live,1st,Mun,1st,R2,v1
2026-02,2026,[02] February,"San Mateo, Isabela",[1] Live,[A] Live,1st,Mun,1st,R2,v1
2026-02,2026,[02] February,"Sanchez-Mira, Cagayan",[1] Live,[A] Live,3rd,Mun,3rd,R2,v1
2026-02,2026,[02] February,"Santa Ana, Cagayan",[1] Live,[A] Live,2nd,Mun,2nd,R2,v1
2026-02,2026,[02] February,"Santa Maria, Isabela",[1] Live,[A] Live,4th,Mun,4th,R2,v1
2026-02,2026,[02] February,"Santa Praxedes, Cagayan",[1] Live,[A] Live,5th,Mun,5th,R2,v1
2026-02,2026,[02] February,"Santa Teresita, Cagayan",[1] Live,[A] Live,4th,Mun,4th,R2,v1
2026-02,2026,[02] February,"Santo Tomas, Isabela",[1] Live,[A] Live,4th,Mun,4th,R2,v1
2026-02,2026,[02] February,"Solana, Cagayan",[1] Live,[A] Live,1st,Mun,1st,R2,v1
2026-02,2026,[02] February,"Tuao, Cagayan",[1] Live,[A] Live,1st,Mun,1st,R2,v1
2026-02,2026,[02] February,"Tumauini, Isabela",[1] Live,[A] Live,1st,Mun,1st,R2,v1
2026-02,2026,[02] February,"Bacacay, Albay",[1] Live,[A] Live,2nd,Mun,2nd,R5,v1
2026-02,2026,[02] February,"Barcelona, Sorsogon",[1] Live,[A] Live,5th,Mun,5th,R5,v1
2026-02,2026,[02] February,"Basud, Camarines Norte",[1] Live,[A] Live,3rd,Mun,3rd,R5,v1
2026-02,2026,[02] February,"Bulusan, Sorsogon",[1] Live,[A] Live,4th,Mun,4th,R5,v1
2026-02,2026,[02] February,"Camalig, Albay",[1] Live,[A] Live,1st,Mun,1st,R5,v1
2026-02,2026,[02] February,"Canaman, Camarines Sur",[1] Live,[A] Live,4th,Mun,4th,R5,v1
2026-02,2026,[02] February,"Capalonga, Camarines Norte",[1] Live,[A] Live,3rd,Mun,3rd,R5,v1
2026-02,2026,[02] February,"Cataingan, Masbate",[1] Live,[A] Live,2nd,Mun,2nd,R5,v1
2026-02,2026,[02] February,"Cawayan, Masbate",[1] Live,[A] Live,2nd,Mun,2nd,R5,v1
2026-02,2026,[02] February,"Labo, Camarines Norte",[1] Live,[A] Live,1st,Mun,1st,R5,v1
2026-02,2026,[02] February,"Libon, Albay",[1] Live,[A] Live,1st,Mun,1st,R5,v1
2026-02,2026,[02] February,"Mandaon, Masbate",[1] Live,[A] Live,3rd,Mun,3rd,R5,v1
2026-02,2026,[02] February,"Minalabac, Camarines Sur",[1] Live,[A] Live,3rd,Mun,3rd,R5,v1
2026-02,2026,[02] February,"Mobo, Masbate",[1] Live,[A] Live,4th,Mun,4th,R5,v1
2026-02,2026,[02] February,"Monreal, Masbate",[1] Live,[A] Live,4th,Mun,4th,R5,v1
2026-02,2026,[02] February,"Panganiban, Catanduanes",[1] Live,[A] Live,5th,Mun,5th,R5,v1
2026-02,2026,[02] February,"Paracale, Camarines Norte",[1] Live,[A] Live,3rd,Mun,3rd,R5,v1
2026-02,2026,[02] February,"Ragay, Camarines Sur",[1] Live,[A] Live,1st,Mun,1st,R5,v1
2026-02,2026,[02] February,"Virac, Catanduanes",[1] Live,[A] Live,1st,Mun,1st,R5,v1
2026-02,2026,[02] February,"San Jose, Camarines Sur",[1] Live,[A] Live,4th,Mun,4th,R5,with v1 v2
2026-03,2026,[03] March,"Alimodian, Iloilo",[1] Live,[A] Live,3rd,Mun,3rd,R6,v1
2026-03,2026,[03] March,"Anilao, Iloilo",[1] Live,[A] Live,4th,Mun,4th,R6,v1
2026-03,2026,[03] March,"Balete, Aklan",[1] Live,[A] Live,4th,Mun,4th,R6,v1
2026-03,2026,[03] March,"Banate, Iloilo",[1] Live,[A] Live,4th,Mun,4th,R6,v1
2026-03,2026,[03] March,"Barbaza, Antique",[1] Live,[A] Live,4th,Mun,4th,R6,v1
2026-03,2026,[03] March,"Barotac Nuevo, Iloilo",[1] Live,[A] Live,2nd,Mun,2nd,R6,v1
2026-03,2026,[03] March,"Batad, Iloilo",[1] Live,[A] Live,5th,Mun,5th,R6,v1
2026-03,2026,[03] March,"Belison, Antique",[1] Live,[A] Live,5th,Mun,5th,R6,v1
2026-03,2026,[03] March,"Bingawan, Iloilo",[1] Live,[A] Live,5th,Mun,5th,R6,v1
2026-03,2026,[03] March,"Buruanga, Aklan",[1] Live,[A] Live,5th,Mun,5th,R6,v1
2026-03,2026,[03] March,"Cabatuan, Iloilo",[1] Live,[A] Live,2nd,Mun,2nd,R6,v1
2026-03,2026,[03] March,"Calinog, Iloilo",[1] Live,[A] Live,1st,Mun,1st,R6,v1
2026-03,2026,[03] March,"Carles, Iloilo",[1] Live,[A] Live,2nd,Mun,2nd,R6,v1
2026-03,2026,[03] March,"City of Iloilo, Iloilo",[1] Live,[A] Live,1st,City,1st,R6,v1
2026-03,2026,[03] March,"Concepcion, Iloilo",[1] Live,[A] Live,3rd,Mun,3rd,R6,v1
2026-03,2026,[03] March,"Cuartero, Capiz",[1] Live,[A] Live,4th,Mun,4th,R6,v1
2026-03,2026,[03] March,"Dueñas, Iloilo",[1] Live,[A] Live,4th,Mun,4th,R6,v1
2026-03,2026,[03] March,"Dumarao, Capiz",[1] Live,[A] Live,2nd,Mun,2nd,R6,v1
2026-03,2026,[03] March,"Guimbal, Iloilo",[1] Live,[A] Live,4th,Mun,4th,R6,v1
2026-03,2026,[03] March,"Jamindan, Capiz",[1] Live,[A] Live,2nd,Mun,2nd,R6,v1
2026-03,2026,[03] March,"Lambunao, Iloilo",[1] Live,[A] Live,1st,Mun,1st,R6,v1
2026-03,2026,[03] March,"Leganes, Iloilo",[1] Live,[A] Live,4th,Mun,4th,R6,v1
2026-03,2026,[03] March,"Leon, Iloilo",[1] Live,[A] Live,2nd,Mun,2nd,R6,v1
2026-03,2026,[03] March,"Lezo, Aklan",[1] Live,[A] Live,5th,Mun,5th,R6,v1
2026-03,2026,[03] March,"Libertad, Antique",[1] Live,[A] Live,5th,Mun,5th,R6,v1
2026-03,2026,[03] March,"Ma-Ayon, Capiz",[1] Live,[A] Live,3rd,Mun,3rd,R6,v1
2026-03,2026,[03] March,"Maasin, Iloilo",[1] Live,[A] Live,3rd,Mun,3rd,R6,v1
2026-03,2026,[03] March,"Malinao, Aklan",[1] Live,[A] Live,4th,Mun,4th,R6,v1
2026-03,2026,[03] March,"Mambusao, Capiz",[1] Live,[A] Live,3rd,Mun,3rd,R6,v1
2026-03,2026,[03] March,"Mina, Iloilo",[1] Live,[A] Live,5th,Mun,5th,R6,v1
2026-03,2026,[03] March,"New Lucena, Iloilo",[1] Live,[A] Live,4th,Mun,4th,R6,v1
2026-03,2026,[03] March,"New Washington, Aklan",[1] Live,[A] Live,3rd,Mun,3rd,R6,v1
2026-03,2026,[03] March,"Oton, Iloilo",[1] Live,[A] Live,1st,Mun,1st,R6,v1
2026-03,2026,[03] March,"Pandan, Antique",[1] Live,[A] Live,4th,Mun,4th,R6,v1
2026-03,2026,[03] March,"Panitan, Capiz",[1] Live,[A] Live,3rd,Mun,3rd,R6,v1
2026-03,2026,[03] March,"Pototan, Iloilo",[1] Live,[A] Live,1st,Mun,1st,R6,v1
2026-03,2026,[03] March,"San Joaquin, Iloilo",[1] Live,[A] Live,2nd,Mun,2nd,R6,v1
2026-03,2026,[03] March,"San Miguel, Iloilo",[1] Live,[A] Live,4th,Mun,4th,R6,v1
2026-03,2026,[03] March,"San Remigio, Antique",[1] Live,[A] Live,3rd,Mun,3rd,R6,v1
2026-03,2026,[03] March,"Santa Barbara, Iloilo",[1] Live,[A] Live,2nd,Mun,2nd,R6,v1
2026-03,2026,[03] March,"Sapi-An, Capiz",[1] Live,[A] Live,4th,Mun,4th,R6,v1
2026-03,2026,[03] March,"Sara, Iloilo",[1] Live,[A] Live,2nd,Mun,2nd,R6,v1
2026-03,2026,[03] March,"Sebaste, Antique",[1] Live,[A] Live,4th,Mun,4th,R6,v1
2026-03,2026,[03] March,"Sibalom, Antique",[1] Live,[A] Live,2nd,Mun,2nd,R6,v1
2026-03,2026,[03] March,"Tangalan, Aklan",[1] Live,[A] Live,5th,Mun,5th,R6,v1
2026-03,2026,[03] March,"Tapaz, Capiz",[1] Live,[A] Live,1st,Mun,1st,R6,v1
2026-03,2026,[03] March,"Tibiao, Antique",[1] Live,[A] Live,4th,Mun,4th,R6,v1
2026-03,2026,[03] March,"Valderrama, Antique",[1] Live,[A] Live,4th,Mun,4th,R6,v1
2026-03,2026,[03] March,"Zarraga, Iloilo",[1] Live,[A] Live,4th,Mun,4th,R6,v1
2026-03,2026,[03] March,"Alcantara, Cebu",[1] Live,[A] Live,5th,Mun,5th,R7,v1
2026-03,2026,[03] March,"Alcoy, Cebu",[1] Live,[A] Live,5th,Mun,5th,R7,v1
2026-03,2026,[03] March,"Alegria, Cebu",[1] Live,[A] Live,4th,Mun,4th,R7,v1
2026-03,2026,[03] March,"Aloguinsan, Cebu",[1] Live,[A] Live,4th,Mun,4th,R7,v1
2026-03,2026,[03] March,"Argao, Cebu",[1] Live,[A] Live,1st,Mun,1st,R7,v1
2026-03,2026,[03] March,"Balamban, Cebu",[1] Live,[A] Live,1st,Mun,1st,R7,v1
2026-03,2026,[03] March,"Catmon, Cebu",[1] Live,[A] Live,4th,Mun,4th,R7,v1
2026-03,2026,[03] March,"Cordova, Cebu",[1] Live,[A] Live,3rd,Mun,3rd,R7,v1
2026-03,2026,[03] March,"Corella, Bohol",[1] Live,[A] Live,5th,Mun,5th,R7,v1
2026-03,2026,[03] March,"Daanbantayan, Cebu",[1] Live,[A] Live,1st,Mun,1st,R7,v1
2026-03,2026,[03] March,"Ginatilan, Cebu",[1] Live,[A] Live,5th,Mun,5th,R7,v1
2026-03,2026,[03] March,"Loay, Bohol",[2] System Setup,[B] Developmental,5th,Mun,5th,R7,
2026-03,2026,[03] March,"Madridejos, Cebu",[1] Live,[A] Live,4th,Mun,4th,R7,v1
2026-03,2026,[03] March,"Malabuyoc, Cebu",[1] Live,[A] Live,5th,Mun,5th,R7,v1
2026-03,2026,[03] March,"Pinamungajan, Cebu",[1] Live,[A] Live,2nd,Mun,2nd,R7,v1
2026-03,2026,[03] March,"Poro, Cebu",[1] Live,[A] Live,4th,Mun,4th,R7,v1
2026-03,2026,[03] March,"San Remigio, Cebu",[1] Live,[A] Live,3rd,Mun,3rd,R7,v1
2026-03,2026,[03] March,"Sevilla, Bohol",[1] Live,[A] Live,5th,Mun,5th,R7,v1
2026-03,2026,[03] March,"Sogod, Cebu",[1] Live,[A] Live,4th,Mun,4th,R7,v1
2026-03,2026,[03] March,"Tuburan, Cebu",[1] Live,[A] Live,2nd,Mun,2nd,R7,v1
2026-03,2026,[03] March,"Tudela, Cebu",[1] Live,[A] Live,5th,Mun,5th,R7,v1
2026-03,2026,[03] March,"Adams, Ilocos Norte",[1] Live,[A] Live,5th,Mun,5th,R1,v1
2026-03,2026,[03] March,"Agoo, La Union",[1] Live,[A] Live,1st,Mun,1st,R1,v1
2026-03,2026,[03] March,"Aguilar, Pangasinan",[1] Live,[A] Live,3rd,Mun,3rd,R1,v1
2026-03,2026,[03] March,"Aringay, La Union",[1] Live,[A] Live,2nd,Mun,2nd,R1,v1
2026-03,2026,[03] March,"Badoc, Ilocos Norte",[1] Live,[A] Live,3rd,Mun,3rd,R1,v1
2026-03,2026,[03] March,"Balaoan, La Union",[1] Live,[A] Live,1st,Mun,1st,R1,v1
2026-03,2026,[03] March,"Balungao, Pangasinan",[1] Live,[A] Live,4th,Mun,4th,R1,v1
2026-03,2026,[03] March,"Banayoyo, Ilocos Sur",[1] Live,[A] Live,4th,Mun,4th,R1,v1
2026-03,2026,[03] March,"Bangui, Ilocos Norte",[1] Live,[A] Live,4th,Mun,4th,R1,v1
2026-03,2026,[03] March,"Bantay, Ilocos Sur",[1] Live,[A] Live,3rd,Mun,3rd,R1,v1
2026-03,2026,[03] March,"Bautista, Pangasinan",[1] Live,[A] Live,4th,Mun,4th,R1,v1
2026-03,2026,[03] March,"Bayambang, Pangasinan",[1] Live,[A] Live,1st,Mun,1st,R1,v1
2026-03,2026,[03] March,"Burgos, La Union",[1] Live,[A] Live,5th,Mun,5th,R1,v1
2026-03,2026,[03] March,"Caba, La Union",[1] Live,[A] Live,4th,Mun,4th,R1,v1
2026-03,2026,[03] March,"Caoayan, Ilocos Sur",[1] Live,[A] Live,4th,Mun,4th,R1,v1
2026-03,2026,[03] March,"City of Batac, Ilocos Norte",[1] Live,[A] Live,5th,City,5th,R1,v1
2026-03,2026,[03] March,"City of Candon, Ilocos Sur",[1] Live,[A] Live,4th,City,4th,R1,v1
2026-03,2026,[03] March,"City of Laoag, Ilocos Norte",[1] Live,[A] Live,3rd,City,3rd,R1,with v1 v2
2026-03,2026,[03] March,"Dingras, Ilocos Norte",[1] Live,[A] Live,2nd,Mun,2nd,R1,v1
2026-03,2026,[03] March,"Dumalneg, Ilocos Norte",[1] Live,[A] Live,5th,Mun,5th,R1,v1
2026-03,2026,[03] March,"Lidlidda, Ilocos Sur",[1] Live,[A] Live,5th,Mun,5th,R1,v1
2026-03,2026,[03] March,"Mangaldan, Pangasinan",[1] Live,[A] Live,1st,Mun,1st,R1,v1
2026-03,2026,[03] March,"Mapandan, Pangasinan",[1] Live,[A] Live,3rd,Mun,3rd,R1,v1
2026-03,2026,[03] March,"Naguilian, La Union",[2] System Setup,[B] Developmental,1st,Mun,1st,R1,
2026-03,2026,[03] March,"Nueva Era, Ilocos Norte",[1] Live,[A] Live,3rd,Mun,3rd,R1,v1
2026-03,2026,[03] March,"Pasuquin, Ilocos Norte",[1] Live,[A] Live,3rd,Mun,3rd,R1,v1
2026-03,2026,[03] March,"Piddig, Ilocos Norte",[1] Live,[A] Live,3rd,Mun,3rd,R1,v1
2026-03,2026,[03] March,"Pozorrubio, Pangasinan",[1] Live,[A] Live,1st,Mun,1st,R1,v1
2026-03,2026,[03] March,"Rosario, La Union",[1] Live,[A] Live,1st,Mun,1st,R1,v1
2026-03,2026,[03] March,"San Esteban, Ilocos Sur",[1] Live,[A] Live,5th,Mun,5th,R1,v1
2026-03,2026,[03] March,"San Fabian, Pangasinan",[2] System Setup,[B] Developmental,1st,Mun,1st,R1,
2026-03,2026,[03] March,"San Juan, Ilocos Sur",[1] Live,[A] Live,3rd,Mun,3rd,R1,v1
2026-03,2026,[03] March,"San Manuel, Pangasinan",[1] Live,[A] Live,1st,Mun,1st,R1,v1
2026-03,2026,[03] March,"San Nicolas, Ilocos Norte",[1] Live,[A] Live,2nd,Mun,2nd,R1,v1
2026-03,2026,[03] March,"San Nicolas, Pangasinan",[1] Live,[A] Live,1st,Mun,1st,R1,v1
2026-03,2026,[03] March,"Santa Barbara, Pangasinan",[1] Live,[A] Live,1st,Mun,1st,R1,v1
2026-03,2026,[03] March,"Santo Domingo, Ilocos Sur",[1] Live,[A] Live,3rd,Mun,3rd,R1,v1
2026-03,2026,[03] March,"Santo Tomas, La Union",[1] Live,[A] Live,4th,Mun,4th,R1,v1
2026-03,2026,[03] March,"Santo Tomas, Pangasinan",[2] System Setup,[B] Developmental,5th,Mun,5th,R1,
2026-03,2026,[03] March,"Sarrat, Ilocos Norte",[1] Live,[A] Live,4th,Mun,4th,R1,v1
2026-03,2026,[03] March,"Sinait, Ilocos Sur",[1] Live,[A] Live,3rd,Mun,3rd,R1,v1
2026-03,2026,[03] March,"Sison, Pangasinan",[2] System Setup,[B] Developmental,3rd,Mun,3rd,R1,
2026-03,2026,[03] March,"Solsona, Ilocos Norte",[1] Live,[A] Live,3rd,Mun,3rd,R1,v1
2026-03,2026,[03] March,"Suyo, Ilocos Sur",[1] Live,[A] Live,4th,Mun,4th,R1,v1
2026-03,2026,[03] March,"Tagudin, Ilocos Sur",[1] Live,[A] Live,2nd,Mun,2nd,R1,v1
2026-03,2026,[03] March,"Tubao, La Union",[1] Live,[A] Live,4th,Mun,4th,R1,v1
2026-03,2026,[03] March,"Anao, Tarlac",[1] Live,[A] Live,5th,Mun,5th,R3,v1
2026-03,2026,[03] March,"Apalit, Pampanga",[1] Live,[A] Live,1st,Mun,1st,R3,v1
2026-03,2026,[03] March,"Arayat, Pampanga",[1] Live,[A] Live,1st,Mun,1st,R3,v1
2026-03,2026,[03] March,"Bacolor, Pampanga",[1] Live,[A] Live,3rd,Mun,3rd,R3,v1
2026-03,2026,[03] March,"Baler, Aurora",[1] Live,[A] Live,3rd,Mun,3rd,R3,v1
2026-03,2026,[03] March,"Bongabon, Nueva Ecija",[1] Live,[A] Live,2nd,Mun,2nd,R3,v1
2026-03,2026,[03] March,"Botolan, Zambales",[1] Live,[A] Live,1st,Mun,1st,R3,v1
2026-03,2026,[03] March,"Bustos, Bulacan",[1] Live,[A] Live,2nd,Mun,2nd,R3,v1
2026-03,2026,[03] March,"Camiling, Tarlac",[1] Live,[A] Live,1st,Mun,1st,R3,v1
2026-03,2026,[03] March,"Casiguran, Aurora",[1] Live,[A] Live,2nd,Mun,2nd,R3,v1
2026-03,2026,[03] March,"Castillejos, Zambales",[1] Live,[A] Live,3rd,Mun,3rd,R3,v1
2026-03,2026,[03] March,"City of Palayan, Nueva Ecija",[2] System Setup,[B] Developmental,5th,City,5th,R3,
2026-03,2026,[03] March,"City of San Jose Del Monte, Bulacan",[1] Live,[A] Live,1st,City,1st,R3,v1
2026-03,2026,[03] March,"Cuyapo, Nueva Ecija",[1] Live,[A] Live,1st,Mun,1st,R3,v1
2026-03,2026,[03] March,"Dingalan, Aurora",[1] Live,[A] Live,3rd,Mun,3rd,R3,v1
2026-03,2026,[03] March,"Dipaculao, Aurora",[1] Live,[A] Live,3rd,Mun,3rd,R3,v1
2026-03,2026,[03] March,"Floridablanca, Pampanga",[1] Live,[A] Live,1st,Mun,1st,R3,v1
2026-03,2026,[03] March,"Gabaldon, Nueva Ecija",[1] Live,[A] Live,4th,Mun,4th,R3,v1
2026-03,2026,[03] March,"General Tinio, Nueva Ecija",[1] Live,[A] Live,1st,Mun,1st,R3,v1
2026-03,2026,[03] March,"Guagua, Pampanga",[1] Live,[A] Live,1st,Mun,1st,R3,v1
2026-03,2026,[03] March,"Licab, Nueva Ecija",[1] Live,[A] Live,4th,Mun,4th,R3,v1
2026-03,2026,[03] March,"Limay, Bataan",[1] Live,[A] Live,1st,Mun,1st,R3,v1
2026-03,2026,[03] March,"Mabalacat City, Pampanga",[1] Live,[A] Live,3rd,City,3rd,R3,v1
2026-03,2026,[03] March,"Macabebe, Pampanga",[1] Live,[A] Live,1st,Mun,1st,R3,v1
2026-03,2026,[03] March,"Magalang, Pampanga",[1] Live,[A] Live,1st,Mun,1st,R3,v1
2026-03,2026,[03] March,"Maria Aurora, Aurora",[1] Live,[A] Live,2nd,Mun,2nd,R3,v1
2026-03,2026,[03] March,"Mayantoc, Tarlac",[2] System Setup,[B] Developmental,3rd,Mun,3rd,R3,
2026-03,2026,[03] March,"Mexico, Pampanga",[1] Live,[A] Live,1st,Mun,1st,R3,v1
2026-03,2026,[03] March,"Minalin, Pampanga",[1] Live,[A] Live,4th,Mun,4th,R3,v1
2026-03,2026,[03] March,"Morong, Bataan",[2] System Setup,[B] Developmental,3rd,Mun,3rd,R3,v2
2026-03,2026,[03] March,"Obando, Bulacan",[1] Live,[A] Live,2nd,Mun,2nd,R3,v1
2026-03,2026,[03] March,"Orani, Bataan",[1] Live,[A] Live,3rd,Mun,3rd,R3,v1
2026-03,2026,[03] March,"Pandi, Bulacan",[1] Live,[A] Live,2nd,Mun,2nd,R3,v1
2026-03,2026,[03] March,"Paniqui, Tarlac",[1] Live,[A] Live,1st,Mun,1st,R3,v1
2026-03,2026,[03] March,"Paombong, Bulacan",[1] Live,[A] Live,3rd,Mun,3rd,R3,v1
2026-03,2026,[03] March,"Pura, Tarlac",[1] Live,[A] Live,4th,Mun,4th,R3,v1
2026-03,2026,[03] March,"Quezon, Nueva Ecija",[1] Live,[A] Live,4th,Mun,4th,R3,v1
2026-03,2026,[03] March,"Rizal, Nueva Ecija",[1] Live,[A] Live,2nd,Mun,2nd,R3,v1
2026-03,2026,[03] March,"Samal, Bataan",[1] Live,[A] Live,4th,Mun,4th,R3,v1
2026-03,2026,[03] March,"San Antonio, Zambales",[1] Live,[A] Live,2nd,Mun,2nd,R3,v1
2026-03,2026,[03] March,"San Felipe, Zambales",[1] Live,[A] Live,4th,Mun,4th,R3,v1
2026-03,2026,[03] March,"San Ildefonso, Bulacan",[1] Live,[A] Live,1st,Mun,1st,R3,v1
2026-03,2026,[03] March,"San Jose, Tarlac",[1] Live,[A] Live,3rd,Mun,3rd,R3,v1
2026-03,2026,[03] March,"San Luis, Aurora",[1] Live,[A] Live,2nd,Mun,2nd,R3,v1
2026-03,2026,[03] March,"San Luis, Pampanga",[1] Live,[A] Live,3rd,Mun,3rd,R3,v1
2026-03,2026,[03] March,"San Manuel, Tarlac",[1] Live,[A] Live,4th,Mun,4th,R3,v1
2026-03,2026,[03] March,"San Marcelino, Zambales",[1] Live,[A] Live,1st,Mun,1st,R3,v1
2026-03,2026,[03] March,"San Narciso, Zambales",[1] Live,[A] Live,4th,Mun,4th,R3,v1
2026-03,2026,[03] March,"Santa Ignacia, Tarlac",[1] Live,[A] Live,2nd,Mun,2nd,R3,with v1 v2
2026-03,2026,[03] March,"Santo Domingo, Nueva Ecija",[1] Live,[A] Live,3rd,Mun,3rd,R3,v1
2026-03,2026,[03] March,"Subic, Zambales",[1] Live,[A] Live,1st,Mun,1st,R3,v1
2026-03,2026,[03] March,"Talugtug, Nueva Ecija",[1] Live,[A] Live,4th,Mun,4th,R3,v1
2026-03,2026,[03] March,"Bongao, Tawi-Tawi",[1] Live,[A] Live,2nd,Mun,2nd,BARMM I,v1
2026-03,2026,[03] March,"City of Isabela, Basilan",[1] Live,[A] Live,4th,City,4th,R9,v1
2026-03,2026,[03] March,"City of Lamitan, Basilan",[1] Live,[A] Live,6th,City,6th,BARMM I,v1
2026-03,2026,[03] March,"Dimataling, Zamboanga del Sur",[1] Live,[A] Live,4th,Mun,4th,R9,v1
2026-03,2026,[03] March,"Diplahan, Zamboanga Sibugay",[1] Live,[A] Live,3rd,Mun,3rd,R9,v1
2026-03,2026,[03] March,"Dumalinao, Zamboanga del Sur",[1] Live,[A] Live,4th,Mun,4th,R9,v1
2026-03,2026,[03] March,"Guipos, Zamboanga del Sur",[1] Live,[A] Live,4th,Mun,4th,R9,v1
2026-03,2026,[03] March,"Gutalac, Zamboanga del Norte",[1] Live,[A] Live,2nd,Mun,2nd,R9,v1
2026-03,2026,[03] March,"Josefina, Zamboanga del Sur",[1] Live,[A] Live,5th,Mun,5th,R9,v1
2026-03,2026,[03] March,"Kabasalan, Zamboanga Sibugay",[1] Live,[A] Live,2nd,Mun,2nd,R9,v1
2026-03,2026,[03] March,"Labason, Zamboanga del Norte",[1] Live,[A] Live,3rd,Mun,3rd,R9,v1
2026-03,2026,[03] March,"Leon B. Postigo (Bacungan), Zamboanga del Norte",[1] Live,[A] Live,4th,Mun,4th,R9,v1
2026-03,2026,[03] March,"Mahayag, Zamboanga del Sur",[1] Live,[A] Live,3rd,Mun,3rd,R9,v1
2026-03,2026,[03] March,"Molave, Zamboanga del Sur",[1] Live,[A] Live,1st,Mun,1st,R9,with v1 v2
2026-03,2026,[03] March,"Polanco, Zamboanga del Norte",[1] Live,[A] Live,3rd,Mun,3rd,R9,v1
2026-03,2026,[03] March,"Ramon Magsaysay, Zamboanga del Sur",[1] Live,[A] Live,4th,Mun,4th,R9,v1
2026-03,2026,[03] March,"Salug, Zamboanga del Norte",[1] Live,[A] Live,3rd,Mun,3rd,R9,v1
2026-03,2026,[03] March,"San Pablo, Zamboanga del Sur",[1] Live,[A] Live,4th,Mun,4th,R9,v1
2026-03,2026,[03] March,"Siayan, Zamboanga del Norte",[1] Live,[A] Live,2nd,Mun,2nd,R9,with v1 v2
2026-03,2026,[03] March,"Sindangan, Zamboanga del Norte",[1] Live,[A] Live,1st,Mun,1st,R9,v1
2026-03,2026,[03] March,"Talipao, Sulu",[1] Live,[A] Live,1st,Mun,1st,BARMM I,v1
2026-03,2026,[03] March,"Tambulig, Zamboanga del Sur",[1] Live,[A] Live,4th,Mun,4th,R9,v1
2026-03,2026,[03] March,"Tampilisan, Zamboanga del Norte",[1] Live,[A] Live,4th,Mun,4th,R9,v1
2026-03,2026,[03] March,"Tigbao, Zamboanga del Sur",[1] Live,[A] Live,5th,Mun,5th,R9,v1
2026-03,2026,[03] March,"Aguinaldo, Ifugao",[1] Live,[A] Live,2nd,Mun,2nd,CAR,v1
2026-03,2026,[03] March,"Alfonso Lista, Ifugao",[1] Live,[A] Live,3rd,Mun,3rd,CAR,v1
2026-03,2026,[03] March,"Asipulo, Ifugao",[1] Live,[A] Live,5th,Mun,5th,CAR,v1
2026-03,2026,[03] March,"Banaue, Ifugao",[1] Live,[A] Live,4th,Mun,4th,CAR,v1
2026-03,2026,[03] March,"Bauko, Mountain Province",[1] Live,[A] Live,4th,Mun,4th,CAR,v1
2026-03,2026,[03] March,"Bontoc, Mountain Province",[1] Live,[A] Live,2nd,Mun,2nd,CAR,v1
2026-03,2026,[03] March,"City of Tabuk, Kalinga",[1] Live,[A] Live,5th,City,5th,CAR,v1
2026-03,2026,[03] March,"Danglas, Abra",[1] Live,[A] Live,5th,Mun,5th,CAR,v1
2026-03,2026,[03] March,"Dolores, Abra",[1] Live,[A] Live,5th,Mun,5th,CAR,with v1 v2
2026-03,2026,[03] March,"Hungduan, Ifugao",[1] Live,[A] Live,4th,Mun,4th,CAR,v1
2026-03,2026,[03] March,"Lamut, Ifugao",[1] Live,[A] Live,4th,Mun,4th,CAR,v1
2026-03,2026,[03] March,"Luna, Apayao",[1] Live,[A] Live,2nd,Mun,2nd,CAR,v1
2026-03,2026,[03] March,"Mankayan, Benguet",[1] Live,[A] Live,1st,Mun,1st,CAR,v1
2026-03,2026,[03] March,"Mayoyao, Ifugao",[1] Live,[A] Live,4th,Mun,4th,CAR,v1
2026-03,2026,[03] March,"Paracelis, Mountain Province",[1] Live,[A] Live,2nd,Mun,2nd,CAR,v1
2026-03,2026,[03] March,"Peñarrubia, Abra",[1] Live,[A] Live,6th,Mun,6th,CAR,v1
2026-03,2026,[03] March,"Pudtol, Apayao",[1] Live,[A] Live,4th,Mun,4th,CAR,v1
2026-03,2026,[03] March,"Sablan, Benguet",[1] Live,[A] Live,5th,Mun,5th,CAR,v1
2026-03,2026,[03] March,"Santa Marcela, Apayao",[1] Live,[A] Live,4th,Mun,4th,CAR,v1
2026-03,2026,[03] March,"Tayum, Abra",[1] Live,[A] Live,5th,Mun,5th,CAR,v1
2026-03,2026,[03] March,"Tinoc, Ifugao",[1] Live,[A] Live,4th,Mun,4th,CAR,v1
2026-03,2026,[03] March,"Tuba, Benguet",[1] Live,[A] Live,1st,Mun,1st,CAR,v1
2026-03,2026,[03] March,"Tublay, Benguet",[1] Live,[A] Live,5th,Mun,5th,CAR,v1
2026-03,2026,[03] March,"Aglipay, Quirino",[1] Live,[A] Live,3rd,Mun,3rd,R2,v1
2026-03,2026,[03] March,"Alfonso Castaneda, Nueva Vizcaya",[1] Live,[A] Live,1st,Mun,1st,R2,v1
2026-03,2026,[03] March,"Alicia, Isabela",[1] Live,[A] Live,1st,Mun,1st,R2,v1
2026-03,2026,[03] March,"Allacapan, Cagayan",[1] Live,[A] Live,3rd,Mun,3rd,R2,v1
2026-03,2026,[03] March,"Ambaguio, Nueva Vizcaya",[1] Live,[A] Live,5th,Mun,5th,R2,v1
2026-03,2026,[03] March,"Amulung, Cagayan",[1] Live,[A] Live,2nd,Mun,2nd,R2,v1
2026-03,2026,[03] March,"Aparri, Cagayan",[1] Live,[A] Live,1st,Mun,1st,R2,v1
2026-03,2026,[03] March,"Aritao, Nueva Vizcaya",[1] Live,[A] Live,2nd,Mun,2nd,R2,v1
2026-03,2026,[03] March,"Aurora, Isabela",[1] Live,[A] Live,3rd,Mun,3rd,R2,with v1 v2
2026-03,2026,[03] March,"Baggao, Cagayan",[1] Live,[A] Live,1st,Mun,1st,R2,v1
2026-03,2026,[03] March,"Bambang, Nueva Vizcaya",[1] Live,[A] Live,1st,Mun,1st,R2,v1
2026-03,2026,[03] March,"Benito Soliven, Isabela",[1] Live,[A] Live,4th,Mun,4th,R2,v1
2026-03,2026,[03] March,"Burgos, Isabela",[1] Live,[A] Live,4th,Mun,4th,R2,with v1 v2
2026-03,2026,[03] March,"Cabagan, Isabela",[1] Live,[A] Live,1st,Mun,1st,R2,v1
2026-03,2026,[03] March,"Cabarroguis, Quirino",[1] Live,[A] Live,3rd,Mun,3rd,R2,v1
2026-03,2026,[03] March,"Camalaniugan, Cagayan",[1] Live,[A] Live,4th,Mun,4th,R2,v1
2026-03,2026,[03] March,"City of Ilagan, Isabela",[1] Live,[A] Live,1st,City,1st,R2,v1
2026-03,2026,[03] March,"Diadi, Nueva Vizcaya",[1] Live,[A] Live,4th,Mun,4th,R2,v1
2026-03,2026,[03] March,"Diffun, Quirino",[1] Live,[A] Live,2nd,Mun,2nd,R2,v1
2026-03,2026,[03] March,"Dinapigue, Isabela",[1] Live,[A] Live,1st,Mun,1st,R2,v1
2026-03,2026,[03] March,"Divilacan, Isabela",[1] Live,[A] Live,2nd,Mun,2nd,R2,v1
2026-03,2026,[03] March,"Dupax del Norte, Nueva Vizcaya",[1] Live,[A] Live,3rd,Mun,3rd,R2,v1
2026-03,2026,[03] March,"Echague, Isabela",[1] Live,[A] Live,1st,Mun,1st,R2,v1
2026-03,2026,[03] March,"Enrile, Cagayan",[1] Live,[A] Live,3rd,Mun,3rd,R2,v1
2026-03,2026,[03] March,"Gamu, Isabela",[1] Live,[A] Live,4th,Mun,4th,R2,v1
2026-03,2026,[03] March,"Gattaran, Cagayan",[1] Live,[A] Live,1st,Mun,1st,R2,v1
2026-03,2026,[03] March,"Jones, Isabela",[1] Live,[A] Live,1st,Mun,1st,R2,v1
2026-03,2026,[03] March,"Kasibu, Nueva Vizcaya",[1] Live,[A] Live,3rd,Mun,3rd,R2,v1
2026-03,2026,[03] March,"Kayapa, Nueva Vizcaya",[1] Live,[A] Live,3rd,Mun,3rd,R2,v1
2026-03,2026,[03] March,"Lal-Lo, Cagayan",[1] Live,[A] Live,1st,Mun,1st,R2,v1
2026-03,2026,[03] March,"Lasam, Cagayan",[1] Live,[A] Live,3rd,Mun,3rd,R2,v1
2026-03,2026,[03] March,"Maddela, Quirino",[1] Live,[A] Live,1st,Mun,1st,R2,v1
2026-03,2026,[03] March,"Mallig, Isabela",[1] Live,[A] Live,4th,Mun,4th,R2,with v1 v2
2026-03,2026,[03] March,"Nagtipunan, Quirino",[1] Live,[A] Live,1st,Mun,1st,R2,v1
2026-03,2026,[03] March,"Palanan, Isabela",[1] Live,[A] Live,1st,Mun,1st,R2,v1
2026-03,2026,[03] March,"Pamplona, Cagayan",[1] Live,[A] Live,4th,Mun,4th,R2,v1
2026-03,2026,[03] March,"Peñablanca, Cagayan",[1] Live,[A] Live,1st,Mun,1st,R2,v1
2026-03,2026,[03] March,"Ramon, Isabela",[1] Live,[A] Live,2nd,Mun,2nd,R2,v1
2026-03,2026,[03] March,"San Agustin, Isabela",[1] Live,[A] Live,3rd,Mun,3rd,R2,v1
2026-03,2026,[03] March,"San Guillermo, Isabela",[1] Live,[A] Live,4th,Mun,4th,R2,v1
2026-03,2026,[03] March,"San Isidro, Isabela",[1] Live,[A] Live,5th,Mun,5th,R2,with v1 v2
2026-03,2026,[03] March,"San Mariano, Isabela",[1] Live,[A] Live,1st,Mun,1st,R2,v1
2026-03,2026,[03] March,"San Mateo, Isabela",[1] Live,[A] Live,1st,Mun,1st,R2,v1
2026-03,2026,[03] March,"Sanchez-Mira, Cagayan",[1] Live,[A] Live,3rd,Mun,3rd,R2,v1
2026-03,2026,[03] March,"Santa Ana, Cagayan",[1] Live,[A] Live,2nd,Mun,2nd,R2,v1
2026-03,2026,[03] March,"Santa Maria, Isabela",[1] Live,[A] Live,4th,Mun,4th,R2,v1
2026-03,2026,[03] March,"Santa Praxedes, Cagayan",[1] Live,[A] Live,5th,Mun,5th,R2,v1
2026-03,2026,[03] March,"Santa Teresita, Cagayan",[1] Live,[A] Live,4th,Mun,4th,R2,v1
2026-03,2026,[03] March,"Santo Tomas, Isabela",[1] Live,[A] Live,4th,Mun,4th,R2,v1
2026-03,2026,[03] March,"Solana, Cagayan",[1] Live,[A] Live,1st,Mun,1st,R2,v1
2026-03,2026,[03] March,"Tuao, Cagayan",[1] Live,[A] Live,1st,Mun,1st,R2,v1
2026-03,2026,[03] March,"Tumauini, Isabela",[1] Live,[A] Live,1st,Mun,1st,R2,v1
2026-03,2026,[03] March,"Aloran, Misamis Occidental",[1] Live,[A] Live,4th,Mun,4th,R10,v1
2026-03,2026,[03] March,"Alubijid, Misamis Oriental",[1] Live,[A] Live,4th,Mun,4th,R10,v1
2026-03,2026,[03] March,"Bacolod, Lanao del Norte",[1] Live,[A] Live,4th,Mun,4th,R10,v1
2026-03,2026,[03] March,"Balingasag, Misamis Oriental",[1] Live,[A] Live,2nd,Mun,2nd,R10,v1
2026-03,2026,[03] March,"Balingoan, Misamis Oriental",[1] Live,[A] Live,5th,Mun,5th,R10,v1
2026-03,2026,[03] March,"Baroy, Lanao del Norte",[2] System Setup,[B] Developmental,4th,Mun,4th,R10,
2026-03,2026,[03] March,"Bonifacio, Misamis Occidental",[1] Live,[A] Live,4th,Mun,4th,R10,v1
2026-03,2026,[03] March,"Calamba, Misamis Occidental",[1] Live,[A] Live,4th,Mun,4th,R10,v1
2026-03,2026,[03] March,"Catarman, Camiguin",[1] Live,[A] Live,5th,Mun,5th,R10,v1
2026-03,2026,[03] March,"City of El Salvador, Misamis Oriental",[1] Live,[A] Live,6th,City,6th,R10,v1
2026-03,2026,[03] March,"City of Gingoog, Misamis Oriental",[1] Live,[A] Live,2nd,City,2nd,R10,v1
2026-03,2026,[03] March,"City of Ozamiz, Misamis Occidental",[1] Live,[A] Live,3rd,City,3rd,R10,v1
2026-03,2026,[03] March,"City of Tangub, Misamis Occidental",[1] Live,[A] Live,4th,City,4th,R10,v1
2026-03,2026,[03] March,"Clarin, Misamis Occidental",[1] Live,[A] Live,4th,Mun,4th,R10,v1
2026-03,2026,[03] March,"Claveria, Misamis Oriental",[1] Live,[A] Live,1st,Mun,1st,R10,v1
2026-03,2026,[03] March,"Don Carlos, Bukidnon",[1] Live,[A] Live,1st,Mun,1st,R10,v1
2026-03,2026,[03] March,"Gitagum, Misamis Oriental",[1] Live,[A] Live,5th,Mun,5th,R10,v1
2026-03,2026,[03] March,"Guinsiliban, Camiguin",[1] Live,[A] Live,6th,Mun,6th,R10,v1
2026-03,2026,[03] March,"Impasug-ong, Bukidnon",[1] Live,[A] Live,1st,Mun,1st,R10,v1
2026-03,2026,[03] March,"Jasaan, Misamis Oriental",[1] Live,[A] Live,2nd,Mun,2nd,R10,v1
2026-03,2026,[03] March,"Jimenez, Misamis Occidental",[1] Live,[A] Live,3rd,Mun,3rd,R10,v1
2026-03,2026,[03] March,"Kadingilan, Bukidnon",[1] Live,[A] Live,3rd,Mun,3rd,R10,v1
2026-03,2026,[03] March,"Kapatagan, Lanao del Norte",[1] Live,[A] Live,2nd,Mun,2nd,R10,v1
2026-03,2026,[03] March,"Kauswagan, Lanao del Norte",[1] Live,[A] Live,5th,Mun,5th,R10,v1
2026-03,2026,[03] March,"Kibawe, Bukidnon",[1] Live,[A] Live,2nd,Mun,2nd,R10,v1
2026-03,2026,[03] March,"Lagonglong, Misamis Oriental",[1] Live,[A] Live,5th,Mun,5th,R10,v1
2026-03,2026,[03] March,"Laguindingan, Misamis Oriental",[1] Live,[A] Live,4th,Mun,4th,R10,v1
2026-03,2026,[03] March,"Libertad, Misamis Oriental",[1] Live,[A] Live,5th,Mun,5th,R10,v1
2026-03,2026,[03] March,"Linamon, Lanao del Norte",[1] Live,[A] Live,5th,Mun,5th,R10,v1
2026-03,2026,[03] March,"Lugait, Misamis Oriental",[1] Live,[A] Live,2nd,Mun,2nd,R10,v1
2026-03,2026,[03] March,"Magsaysay, Lanao del Norte",[2] System Setup,[B] Developmental,5th,Mun,5th,R10,
2026-03,2026,[03] March,"Magsaysay, Misamis Oriental",[1] Live,[A] Live,4th,Mun,4th,R10,v1
2026-03,2026,[03] March,"Mahinog, Camiguin",[1] Live,[A] Live,5th,Mun,5th,R10,v1
2026-03,2026,[03] March,"Mambajao, Camiguin",[1] Live,[A] Live,3rd,Mun,3rd,R10,v1
2026-03,2026,[03] March,"Manticao, Misamis Oriental",[1] Live,[A] Live,4th,Mun,4th,R10,v1
2026-03,2026,[03] March,"Medina, Misamis Oriental",[1] Live,[A] Live,4th,Mun,4th,R10,v1
2026-03,2026,[03] March,"Naawan, Misamis Oriental",[1] Live,[A] Live,4th,Mun,4th,R10,v1
2026-03,2026,[03] March,"Nunungan, Lanao del Norte",[1] Live,[A] Live,3rd,Mun,3rd,R10,v1
2026-03,2026,[03] March,"Opol, Misamis Oriental",[1] Live,[A] Live,2nd,Mun,2nd,R10,v1
2026-03,2026,[03] March,"Plaridel, Misamis Occidental",[1] Live,[A] Live,3rd,Mun,3rd,R10,v1
2026-03,2026,[03] March,"Sagay, Camiguin",[1] Live,[A] Live,5th,Mun,5th,R10,v1
2026-03,2026,[03] March,"Salay, Misamis Oriental",[1] Live,[A] Live,4th,Mun,4th,R10,v1
2026-03,2026,[03] March,"San Fernando, Bukidnon",[1] Live,[A] Live,1st,Mun,1st,R10,v1
2026-03,2026,[03] March,"Sapang Dalaga, Misamis Occidental",[1] Live,[A] Live,5th,Mun,5th,R10,v1
2026-03,2026,[03] March,"Sinacaban, Misamis Occidental",[1] Live,[A] Live,5th,Mun,5th,R10,v1
2026-03,2026,[03] March,"Sugbongcogon, Misamis Oriental",[1] Live,[A] Live,5th,Mun,5th,R10,v1
2026-03,2026,[03] March,"Sultan Naga Dimaporo, Lanao del Norte",[1] Live,[A] Live,3rd,Mun,3rd,R10,v1
2026-03,2026,[03] March,"Tagoloan, Misamis Oriental",[1] Live,[A] Live,1st,Mun,1st,R10,v1
2026-03,2026,[03] March,"Talisayan, Misamis Oriental",[1] Live,[A] Live,4th,Mun,4th,R10,v1
2026-03,2026,[03] March,"Villanueva, Misamis Oriental",[1] Live,[A] Live,2nd,Mun,2nd,R10,v1
2026-03,2026,[03] March,"Bansalan, Davao del Sur",[1] Live,[A] Live,1st,Mun,1st,R11,v1
2026-03,2026,[03] March,"City of Digos, Davao del Sur",[1] Live,[A] Live,2nd,City,2nd,R11,v1
2026-03,2026,[03] March,"Lupon, Davao Oriental",[1] Live,[A] Live,1st,Mun,1st,R11,v1
2026-03,2026,[03] March,"Manay, Davao Oriental",[1] Live,[A] Live,2nd,Mun,2nd,R11,v1
2026-03,2026,[03] March,"Matanao, Davao del Sur",[1] Live,[A] Live,2nd,Mun,2nd,R11,v1
2026-03,2026,[03] March,"San Isidro, Davao Oriental",[1] Live,[A] Live,3rd,Mun,3rd,R11,v1
2026-03,2026,[03] March,"Sulop, Davao del Sur",[1] Live,[A] Live,3rd,Mun,3rd,R11,v1
2026-03,2026,[03] March,"Magsaysay, Davao del Sur",[1] Live,[A] Live,3rd,Mun,3rd,R11,v1
2026-03,2026,[03] March,"Boston, Davao Oriental",[1] Live,[A] Live,3rd,Mun,3rd,R11,v1
2026-03,2026,[03] March,"Tarragona, Davao Oriental",[1] Live,[A] Live,3rd,Mun,3rd,R11,v1
2026-03,2026,[03] March,"City of Mati, Davao Oriental",[1] Live,[A] Live,5th,City,5th,R11,v1
2026-03,2026,[03] March,"Santa Cruz, Davao del Sur",[1] Live,[A] Live,1st,Mun,1st,R11,v1
2026-03,2026,[03] March,"Agoncillo, Batangas",[1] Live,[A] Live,4th,Mun,4th,R4A,v1
2026-03,2026,[03] March,"Alabat, Quezon",[1] Live,[A] Live,5th,Mun,5th,R4A,v1
2026-03,2026,[03] March,"Alfonso, Cavite",[1] Live,[A] Live,1st,Mun,1st,R4A,v1
2026-03,2026,[03] March,"Alitagtag, Batangas",[1] Live,[A] Live,4th,Mun,4th,R4A,v1
2026-03,2026,[03] March,"Calauag, Quezon",[1] Live,[A] Live,1st,Mun,1st,R4A,v1
2026-03,2026,[03] March,"Calauan, Laguna",[1] Live,[A] Live,2nd,Mun,2nd,R4A,v1
2026-03,2026,[03] March,"Cardona, Rizal",[1] Live,[A] Live,3rd,Mun,3rd,R4A,v1
2026-03,2026,[03] March,"Gumaca, Quezon",[1] Live,[A] Live,1st,Mun,1st,R4A,v1
2026-03,2026,[03] March,"Infanta, Quezon",[1] Live,[A] Live,1st,Mun,1st,R4A,v1
2026-03,2026,[03] March,"Lobo, Batangas",[1] Live,[A] Live,3rd,Mun,3rd,R4A,v1
2026-03,2026,[03] March,"Lopez, Quezon",[1] Live,[A] Live,1st,Mun,1st,R4A,v1
2026-03,2026,[03] March,"Lumban, Laguna",[1] Live,[A] Live,3rd,Mun,3rd,R4A,v1
2026-03,2026,[03] March,"Magallanes, Cavite",[1] Live,[A] Live,4th,Mun,4th,R4A,v1
2026-03,2026,[03] March,"Mataasnakahoy, Batangas",[1] Live,[A] Live,4th,Mun,4th,R4A,v1
2026-03,2026,[03] March,"Naic, Cavite",[1] Live,[A] Live,1st,Mun,1st,R4A,v1
2026-03,2026,[03] March,"Noveleta, Cavite",[1] Live,[A] Live,3rd,Mun,3rd,R4A,v1
2026-03,2026,[03] March,"Paete, Laguna",[1] Live,[A] Live,4th,Mun,4th,R4A,v1
2026-03,2026,[03] March,"Rizal, Laguna",[1] Live,[A] Live,5th,Mun,5th,R4A,with v1 v2
2026-03,2026,[03] March,"Sampaloc, Quezon",[1] Live,[A] Live,5th,Mun,5th,R4A,v1
2026-03,2026,[03] March,"San Nicolas, Batangas",[1] Live,[A] Live,5th,Mun,5th,R4A,v1
2026-03,2026,[03] March,"San Pascual, Batangas",[1] Live,[A] Live,1st,Mun,1st,R4A,v1
2026-03,2026,[03] March,"Santa Teresita, Batangas",[1] Live,[A] Live,5th,Mun,5th,R4A,v1
2026-03,2026,[03] March,"Siniloan, Laguna",[1] Live,[A] Live,2nd,Mun,2nd,R4A,v1
2026-03,2026,[03] March,"Tanza, Cavite",[1] Live,[A] Live,1st,Mun,1st,R4A,v1
2026-03,2026,[03] March,"Bacacay, Albay",[1] Live,[A] Live,2nd,Mun,2nd,R5,v1
2026-03,2026,[03] March,"Barcelona, Sorsogon",[1] Live,[A] Live,5th,Mun,5th,R5,v1
2026-03,2026,[03] March,"Basud, Camarines Norte",[1] Live,[A] Live,3rd,Mun,3rd,R5,v1
2026-03,2026,[03] March,"Bulusan, Sorsogon",[1] Live,[A] Live,4th,Mun,4th,R5,v1
2026-03,2026,[03] March,"Camalig, Albay",[1] Live,[A] Live,1st,Mun,1st,R5,v1
2026-03,2026,[03] March,"Canaman, Camarines Sur",[1] Live,[A] Live,4th,Mun,4th,R5,v1
2026-03,2026,[03] March,"Capalonga, Camarines Norte",[1] Live,[A] Live,3rd,Mun,3rd,R5,v1
2026-03,2026,[03] March,"Cataingan, Masbate",[1] Live,[A] Live,2nd,Mun,2nd,R5,v1
2026-03,2026,[03] March,"Cawayan, Masbate",[1] Live,[A] Live,2nd,Mun,2nd,R5,v1
2026-03,2026,[03] March,"Labo, Camarines Norte",[1] Live,[A] Live,1st,Mun,1st,R5,v1
2026-03,2026,[03] March,"Libon, Albay",[1] Live,[A] Live,1st,Mun,1st,R5,v1
2026-03,2026,[03] March,"Mandaon, Masbate",[1] Live,[A] Live,3rd,Mun,3rd,R5,v1
2026-03,2026,[03] March,"Minalabac, Camarines Sur",[1] Live,[A] Live,3rd,Mun,3rd,R5,v1
2026-03,2026,[03] March,"Mobo, Masbate",[1] Live,[A] Live,4th,Mun,4th,R5,v1
2026-03,2026,[03] March,"Monreal, Masbate",[1] Live,[A] Live,4th,Mun,4th,R5,v1
2026-03,2026,[03] March,"Panganiban, Catanduanes",[1] Live,[A] Live,5th,Mun,5th,R5,v1
2026-03,2026,[03] March,"Paracale, Camarines Norte",[1] Live,[A] Live,3rd,Mun,3rd,R5,v1
2026-03,2026,[03] March,"Ragay, Camarines Sur",[1] Live,[A] Live,1st,Mun,1st,R5,v1
2026-03,2026,[03] March,"Virac, Catanduanes",[1] Live,[A] Live,1st,Mun,1st,R5,v1
2026-03,2026,[03] March,"San Jose, Camarines Sur",[1] Live,[A] Live,4th,Mun,4th,R5,with v1 v2
2026-03,2026,[03] March,"Ayungon, Negros Oriental",[1] Live,[A] Live,2nd,Mun,2nd,NIR,v1
2026-03,2026,[03] March,"Basay, Negros Oriental",[2] System Setup,[B] Developmental,4th,Mun,4th,NIR,
2026-03,2026,[03] March,"City of Escalante, Negros Occidental",[1] Live,[A] Live,4th,City,4th,NIR,v1
2026-03,2026,[03] March,"City of Himamaylan, Negros Occidental",[1] Live,[A] Live,3rd,City,3rd,NIR,v1
2026-03,2026,[03] March,"City of Kabankalan, Negros Occidental",[3] With Concerns,[A] Live,1st,City,1st,NIR,v1
2026-03,2026,[03] March,"City of La Carlota, Negros Occidental",[1] Live,[A] Live,4th,City,4th,NIR,v1
2026-03,2026,[03] March,"City of Sagay, Negros Occidental",[1] Live,[A] Live,3rd,City,3rd,NIR,v1
2026-03,2026,[03] March,"City of Sipalay, Negros Occidental",[1] Live,[A] Live,4th,City,4th,NIR,v1
2026-03,2026,[03] March,"Hinigaran, Negros Occidental",[1] Live,[A] Live,1st,Mun,1st,NIR,v1
2026-03,2026,[03] March,"Hinoba-an, Negros Occidental",[1] Live,[A] Live,1st,Mun,1st,NIR,v1
2026-03,2026,[03] March,"Larena, Siquijor",[1] Live,[A] Live,5th,Mun,5th,NIR,v1
2026-03,2026,[03] March,"Lazi, Siquijor",[1] Live,[A] Live,4th,Mun,4th,NIR,v1
2026-03,2026,[03] March,"Mabinay, Negros Oriental",[1] Live,[A] Live,1st,Mun,1st,NIR,v1
2026-03,2026,[03] March,"Manapla, Negros Occidental",[1] Live,[A] Live,2nd,Mun,2nd,NIR,v1
2026-03,2026,[03] March,"San Jose, Negros Oriental",[1] Live,[A] Live,5th,Mun,5th,NIR,v1
2026-03,2026,[03] March,"Alegria, Surigao del Norte",[1] Live,[A] Live,5th,Mun,5th,R13,v1
2026-03,2026,[03] March,"Bayabas, Surigao del Sur",[1] Live,[A] Live,5th,Mun,5th,R13,v1
2026-03,2026,[03] March,"Buenavista, Agusan del Norte",[1] Live,[A] Live,1st,Mun,1st,R13,v1
2026-03,2026,[03] March,"Burgos, Surigao del Norte",[1] Live,[A] Live,6th,Mun,6th,R13,v1
2026-03,2026,[03] March,"Cagdianao, Dinagat Islands",[1] Live,[A] Live,3rd,Mun,3rd,R13,v1
2026-03,2026,[03] March,"Cagwait, Surigao del Sur",[1] Live,[A] Live,4th,Mun,4th,R13,v1
2026-03,2026,[03] March,"Carmen, Surigao del Sur",[1] Live,[A] Live,5th,Mun,5th,R13,v1
2026-03,2026,[03] March,"City of Cabadbaran, Agusan del Norte",[1] Live,[A] Live,6th,City,6th,R13,v1
2026-03,2026,[03] March,"City of Tandag, Surigao del Sur",[1] Live,[A] Live,5th,City,5th,R13,v1
2026-03,2026,[03] March,"Cortes, Surigao del Sur",[1] Live,[A] Live,4th,Mun,4th,R13,v1
2026-03,2026,[03] March,"Del Carmen, Surigao del Norte",[1] Live,[A] Live,5th,Mun,5th,R13,v1
2026-03,2026,[03] March,"Dinagat, Dinagat Islands",[1] Live,[A] Live,5th,Mun,5th,R13,v1
2026-03,2026,[03] March,"General Luna, Surigao del Norte",[1] Live,[A] Live,5th,Mun,5th,R13,v1
2026-03,2026,[03] March,"Gigaquit, Surigao del Norte",[1] Live,[A] Live,4th,Mun,4th,R13,v1
2026-03,2026,[03] March,"Hinatuan, Surigao del Sur",[1] Live,[A] Live,2nd,Mun,2nd,R13,v1
2026-03,2026,[03] March,"Kitcharao, Agusan del Norte",[1] Live,[A] Live,4th,Mun,4th,R13,v1
2026-03,2026,[03] March,"Las Nieves, Agusan del Norte",[1] Live,[A] Live,2nd,Mun,2nd,R13,v1
2026-03,2026,[03] March,"Mainit, Surigao del Norte",[1] Live,[A] Live,4th,Mun,4th,R13,v1
2026-03,2026,[03] March,"Marihatag, Surigao del Sur",[1] Live,[A] Live,3rd,Mun,3rd,R13,v1
2026-03,2026,[03] March,"Remedios T. Romualdez, Agusan del Norte",[1] Live,[A] Live,5th,Mun,5th,R13,v1
2026-03,2026,[03] March,"San Agustin, Surigao del Sur",[1] Live,[A] Live,4th,Mun,4th,R13,v1
2026-03,2026,[03] March,"San Francisco, Agusan del Sur",[1] Live,[A] Live,1st,Mun,1st,R13,v1
2026-03,2026,[03] March,"San Isidro, Surigao del Norte",[1] Live,[A] Live,5th,Mun,5th,R13,v1
2026-03,2026,[03] March,"San Jose, Dinagat Islands",[3] With Concerns,[A] Live,4th,Mun,4th,R13,v1
2026-03,2026,[03] March,"San Miguel, Surigao del Sur",[1] Live,[A] Live,1st,Mun,1st,R13,v1
2026-03,2026,[03] March,"Santa Josefa, Agusan del Sur",[1] Live,[A] Live,3rd,Mun,3rd,R13,v1
2026-03,2026,[03] March,"Santiago, Agusan del Norte",[1] Live,[A] Live,4th,Mun,4th,R13,v1
2026-03,2026,[03] March,"Sison, Surigao del Norte",[1] Live,[A] Live,5th,Mun,5th,R13,v1
2026-03,2026,[03] March,"Socorro, Surigao del Norte",[1] Live,[A] Live,4th,Mun,4th,R13,v1
2026-03,2026,[03] March,"Tagana-An, Surigao del Norte",[1] Live,[A] Live,5th,Mun,5th,R13,v1
2026-03,2026,[03] March,"Tagbina, Surigao del Sur",[1] Live,[A] Live,2nd,Mun,2nd,R13,v1
2026-03,2026,[03] March,"Tago, Surigao del Sur",[1] Live,[A] Live,2nd,Mun,2nd,R13,v1
2026-03,2026,[03] March,"Trento, Agusan del Sur",[1] Live,[A] Live,1st,Mun,1st,R13,v1
2026-03,2026,[03] March,"Tubod, Surigao del Norte",[1] Live,[A] Live,5th,Mun,5th,R13,v1
2026-03,2026,[03] March,"Albuera, Leyte",[1] Live,[A] Live,3rd,Mun,3rd,R8,v1
2026-03,2026,[03] March,"Anahawan, Southern Leyte",[1] Live,[A] Live,5th,Mun,5th,R8,v1
2026-03,2026,[03] March,"Balangkayan, Eastern Samar",[1] Live,[A] Live,5th,Mun,5th,R8,v1
2026-03,2026,[03] March,"Barugo, Leyte",[4] Withdraw,[D] Withdraw,4th,Mun,4th,R8,
2026-03,2026,[03] March,"Biliran, Biliran",[1] Live,[A] Live,5th,Mun,5th,R8,v1
2026-03,2026,[03] March,"Bobon, Northern Samar",[1] Live,[A] Live,4th,Mun,4th,R8,v1
2026-03,2026,[03] March,"Calubian, Leyte",[1] Live,[A] Live,4th,Mun,4th,R8,v1
2026-03,2026,[03] March,"Can-Avid, Eastern Samar",[1] Live,[A] Live,4th,Mun,4th,R8,v1
2026-03,2026,[03] March,"Catubig, Northern Samar",[1] Live,[A] Live,3rd,Mun,3rd,R8,v1
2026-03,2026,[03] March,"City of Borongan, Eastern Samar",[1] Live,[A] Live,1st,City,1st,R8,v1
2026-03,2026,[03] March,"City of Catbalogan, Samar",[1] Live,[A] Live,5th,City,5th,R8,v1
2026-03,2026,[03] March,"City of Maasin, Southern Leyte",[1] Live,[A] Live,4th,City,4th,R8,v1
2026-03,2026,[03] March,"Daram, Samar",[1] Live,[A] Live,3rd,Mun,3rd,R8,v1
2026-03,2026,[03] March,"Dolores, Eastern Samar",[1] Live,[A] Live,3rd,Mun,3rd,R8,v1
2026-03,2026,[03] March,"Gamay, Northern Samar",[1] Live,[A] Live,4th,Mun,4th,R8,v1
2026-03,2026,[03] March,"Gandara, Samar",[1] Live,[A] Live,2nd,Mun,2nd,R8,v1
2026-03,2026,[03] March,"Guiuan, Eastern Samar",[1] Live,[A] Live,2nd,Mun,2nd,R8,v1
2026-03,2026,[03] March,"Hinunangan, Southern Leyte",[1] Live,[A] Live,3rd,Mun,3rd,R8,v1
2026-03,2026,[03] March,"Hinundayan, Southern Leyte",[1] Live,[A] Live,5th,Mun,5th,R8,v1
2026-03,2026,[03] March,"Inopacan, Leyte",[1] Live,[A] Live,4th,Mun,4th,R8,v1
2026-03,2026,[03] March,"Jiabong, Samar",[1] Live,[A] Live,5th,Mun,5th,R8,v1
2026-03,2026,[03] March,"Kananga, Leyte",[1] Live,[A] Live,1st,Mun,1st,R8,v1
2026-03,2026,[03] March,"Kawayan, Biliran",[1] Live,[A] Live,5th,Mun,5th,R8,v1
2026-03,2026,[03] March,"Lapinig, Northern Samar",[1] Live,[A] Live,5th,Mun,5th,R8,v1
2026-03,2026,[03] March,"Lavezares, Northern Samar",[1] Live,[A] Live,4th,Mun,4th,R8,v1
2026-03,2026,[03] March,"Lawaan, Eastern Samar",[1] Live,[A] Live,5th,Mun,5th,R8,v1
2026-03,2026,[03] March,"Leyte, Leyte",[1] Live,[A] Live,4th,Mun,4th,R8,v1
2026-03,2026,[03] March,"Libagon, Southern Leyte",[1] Live,[A] Live,5th,Mun,5th,R8,v1
2026-03,2026,[03] March,"Liloan, Southern Leyte",[1] Live,[A] Live,4th,Mun,4th,R8,v1
2026-03,2026,[03] March,"Lope De Vega, Northern Samar",[1] Live,[A] Live,4th,Mun,4th,R8,v1
2026-03,2026,[03] March,"Macrohon, Southern Leyte",[1] Live,[A] Live,4th,Mun,4th,R8,v1
2026-03,2026,[03] March,"Mahaplag, Leyte",[1] Live,[A] Live,4th,Mun,4th,R8,v1
2026-03,2026,[03] March,"Malitbog, Southern Leyte",[1] Live,[A] Live,4th,Mun,4th,R8,v1
2026-03,2026,[03] March,"Matag-Ob, Leyte",[1] Live,[A] Live,4th,Mun,4th,R8,v1
2026-03,2026,[03] March,"Matalom, Leyte",[1] Live,[A] Live,3rd,Mun,3rd,R8,v1
2026-03,2026,[03] March,"Maydolong, Eastern Samar",[1] Live,[A] Live,4th,Mun,4th,R8,v1
2026-03,2026,[03] March,"Merida, Leyte",[1] Live,[A] Live,5th,Mun,5th,R8,v1
2026-03,2026,[03] March,"Motiong, Samar",[1] Live,[A] Live,4th,Mun,4th,R8,v1
2026-03,2026,[03] March,"Naval, Biliran",[1] Live,[A] Live,2nd,Mun,2nd,R8,v1
2026-03,2026,[03] March,"Oras, Eastern Samar",[1] Live,[A] Live,3rd,Mun,3rd,R8,v1
2026-03,2026,[03] March,"Padre Burgos, Southern Leyte",[1] Live,[A] Live,5th,Mun,5th,R8,v1
2026-03,2026,[03] March,"Paranas, Samar",[1] Live,[A] Live,2nd,Mun,2nd,R8,v1
2026-03,2026,[03] March,"Pastrana, Leyte",[1] Live,[A] Live,5th,Mun,5th,R8,v1
2026-03,2026,[03] March,"Pintuyan, Southern Leyte",[1] Live,[A] Live,5th,Mun,5th,R8,v1
2026-03,2026,[03] March,"Quinapondan, Eastern Samar",[1] Live,[A] Live,5th,Mun,5th,R8,v1
2026-03,2026,[03] March,"Salcedo, Eastern Samar",[1] Live,[A] Live,5th,Mun,5th,R8,v1
2026-03,2026,[03] March,"San Antonio, Northern Samar",[1] Live,[A] Live,5th,Mun,5th,R8,v1
2026-03,2026,[03] March,"San Francisco, Southern Leyte",[1] Live,[A] Live,5th,Mun,5th,R8,v1
2026-03,2026,[03] March,"San Juan, Southern Leyte",[1] Live,[A] Live,5th,Mun,5th,R8,v1
2026-03,2026,[03] March,"San Julian, Eastern Samar",[1] Live,[A] Live,5th,Mun,5th,R8,v1
2026-03,2026,[03] March,"San Miguel, Leyte",[4] Withdraw,[D] Withdraw,4th,Mun,4th,R8,
2026-03,2026,[03] March,"San Ricardo, Southern Leyte",[1] Live,[A] Live,5th,Mun,5th,R8,v1
2026-03,2026,[03] March,"San Roque, Northern Samar",[1] Live,[A] Live,4th,Mun,4th,R8,v1
2026-03,2026,[03] March,"Santa Fe, Leyte",[3] With Concerns,[A] Live,5th,Mun,5th,R8,v1
2026-03,2026,[03] March,"Santa Margarita, Samar",[1] Live,[A] Live,4th,Mun,4th,R8,v1
2026-03,2026,[03] March,"Silago, Southern Leyte",[1] Live,[A] Live,4th,Mun,4th,R8,v1
2026-03,2026,[03] March,"Sogod, Southern Leyte",[1] Live,[A] Live,2nd,Mun,2nd,R8,v1
2026-03,2026,[03] March,"Sulat, Eastern Samar",[1] Live,[A] Live,4th,Mun,4th,R8,v1
2026-03,2026,[03] March,"Tabontabon, Leyte",[1] Live,[A] Live,5th,Mun,5th,R8,v1
2026-03,2026,[03] March,"Tarangnan, Samar",[1] Live,[A] Live,4th,Mun,4th,R8,v1
2026-03,2026,[03] March,"Tomas Oppus, Southern Leyte",[1] Live,[A] Live,5th,Mun,5th,R8,v1
2026-03,2026,[03] March,"Victoria, Northern Samar",[1] Live,[A] Live,5th,Mun,5th,R8,v1
2026-03,2026,[03] March,"Villareal, Samar",[1] Live,[A] Live,4th,Mun,4th,R8,v1
2026-03,2026,[03] March,"Zumarraga, Samar",[1] Live,[A] Live,5th,Mun,5th,R8,v1
2026-03,2026,[03] March,"Ampatuan, Maguindanao del Sur",[1] Live,[A] Live,4th,Mun,4th,BARMM II,v1
2026-03,2026,[03] March,"Datu Abdullah Sangki, Maguindanao del Sur",[1] Live,[A] Live,-,Mun,-,BARMM II,v1
2026-03,2026,[03] March,"Datu Anggal Midtimbang, Maguindanao del Sur",[2] System Setup,[B] Developmental,-,Mun,-,BARMM II,
2026-03,2026,[03] March,"Datu Paglas, Maguindanao del Sur",[1] Live,[A] Live,4th,Mun,4th,BARMM II,v1
2026-03,2026,[03] March,"Datu Piang, Maguindanao del Sur",[2] System Setup,[B] Developmental,2nd,Mun,2nd,BARMM II,
2026-03,2026,[03] March,"Northern Kabuntalan, Maguindanao del Norte",[2] System Setup,[B] Developmental,5th,Mun,5th,BARMM II,
2026-03,2026,[03] March,"Pagalungan, Maguindanao del Sur",[1] Live,[A] Live,1st,Mun,1st,BARMM II,v1
2026-03,2026,[03] March,"Parang, Maguindanao del Norte",[1] Live,[A] Live,1st,Mun,1st,BARMM II,v1
2026-03,2026,[03] March,"Shariff Aguak, Maguindanao del Sur",[1] Live,[A] Live,2nd,Mun,2nd,BARMM II,v1
2026-03,2026,[03] March,"Sultan Kudarat, Maguindanao del Norte",[1] Live,[A] Live,1st,Mun,1st,BARMM II,v1
2026-03,2026,[03] March,"Talayan, Maguindanao del Sur",[1] Live,[A] Live,4th,Mun,4th,BARMM II,v1
2026-03,2026,[03] March,"Upi, Maguindanao del Norte",[1] Live,[A] Live,1st,Mun,1st,BARMM II,v1
2026-03,2026,[03] March,"Alabel, Sarangani",[1] Live,[A] Live,1st,Mun,1st,R12,v1
2026-03,2026,[03] March,"Aleosan, Cotabato",[1] Live,[A] Live,3rd,Mun,3rd,R12,v1
2026-03,2026,[03] March,"Bagumbayan, Sultan Kudarat",[1] Live,[A] Live,1st,Mun,1st,R12,v1
2026-03,2026,[03] March,"Banisilan, Cotabato",[1] Live,[A] Live,2nd,Mun,2nd,R12,v1
2026-03,2026,[03] March,"City of Kidapawan, Cotabato",[1] Live,[A] Live,3rd,City,3rd,R12,v1
2026-03,2026,[03] March,"Columbio, Sultan Kudarat",[1] Live,[A] Live,1st,Mun,1st,R12,v1
2026-03,2026,[03] March,"Kabacan, Cotabato",[1] Live,[A] Live,1st,Mun,1st,R12,v1
2026-03,2026,[03] March,"Kalamansig, Sultan Kudarat",[1] Live,[A] Live,1st,Mun,1st,R12,v1
2026-03,2026,[03] March,"Kiamba, Sarangani",[1] Live,[A] Live,1st,Mun,1st,R12,v1
2026-03,2026,[03] March,"Lambayong, Sultan Kudarat",[1] Live,[A] Live,2nd,Mun,2nd,R12,v1
2026-03,2026,[03] March,"Lebak, Sultan Kudarat",[1] Live,[A] Live,1st,Mun,1st,R12,v1
2026-03,2026,[03] March,"M'Lang, Cotabato",[1] Live,[A] Live,1st,Mun,1st,R12,v1
2026-03,2026,[03] March,"Maasim, Sarangani",[1] Live,[A] Live,1st,Mun,1st,R12,v1
2026-03,2026,[03] March,"Malapatan, Sarangani",[1] Live,[A] Live,1st,Mun,1st,R12,v1
2026-03,2026,[03] March,"Midsayap, Cotabato",[1] Live,[A] Live,1st,Mun,1st,R12,v1
2026-03,2026,[03] March,"Palimbang, Sultan Kudarat",[1] Live,[A] Live,2nd,Mun,2nd,R12,v1
2026-03,2026,[03] March,"Pigkawayan, Cotabato",[1] Live,[A] Live,1st,Mun,1st,R12,v1
2026-03,2026,[03] March,"Pikit, Cotabato",[1] Live,[A] Live,1st,Mun,1st,R12,v1
2026-03,2026,[03] March,"Polomolok, South Cotabato",[1] Live,[A] Live,1st,Mun,1st,R12,v1
2026-03,2026,[03] March,"President Roxas, Cotabato",[1] Live,[A] Live,1st,Mun,1st,R12,v1
2026-03,2026,[03] March,"Sen. Ninoy Aquino, Sultan Kudarat",[1] Live,[A] Live,3rd,Mun,3rd,R12,v1
2026-03,2026,[03] March,"T'Boli, South Cotabato",[1] Live,[A] Live,1st,Mun,1st,R12,v1
2026-03,2026,[03] March,"Tampakan, South Cotabato",[1] Live,[A] Live,2nd,Mun,2nd,R12,v1
2026-03,2026,[03] March,"Tantangan, South Cotabato",[1] Live,[A] Live,3rd,Mun,3rd,R12,v1
2026-03,2026,[03] March,"Tupi, South Cotabato",[1] Live,[A] Live,1st,Mun,1st,R12,v1
2026-03,2026,[03] March,"Aborlan, Palawan",[1] Live,[A] Live,1st,Mun,1st,R4B,v1
2026-03,2026,[03] March,"Abra De Ilog, Occidental Mindoro",[1] Live,[A] Live,2nd,Mun,2nd,R4B,v1
2026-03,2026,[03] March,"Alcantara, Romblon",[1] Live,[A] Live,5th,Mun,5th,R4B,v1
2026-03,2026,[03] March,"Baco, Oriental Mindoro",[1] Live,[A] Live,3rd,Mun,3rd,R4B,v1
2026-03,2026,[03] March,"Banton, Romblon",[1] Live,[A] Live,5th,Mun,5th,R4B,v1
2026-03,2026,[03] March,"Bongabong, Oriental Mindoro",[2] System Setup,[B] Developmental,1st,Mun,1st,R4B,
2026-03,2026,[03] March,"Brooke'S Point, Palawan",[1] Live,[A] Live,1st,Mun,1st,R4B,v1
2026-03,2026,[03] March,"Bulalacao, Oriental Mindoro",[1] Live,[A] Live,3rd,Mun,3rd,R4B,v1
2026-03,2026,[03] March,"Busuanga, Palawan",[1] Live,[A] Live,3rd,Mun,3rd,R4B,v1
2026-03,2026,[03] March,"Calatrava, Romblon",[1] Live,[A] Live,5th,Mun,5th,R4B,v1
2026-03,2026,[03] March,"Calintaan, Occidental Mindoro",[1] Live,[A] Live,3rd,Mun,3rd,R4B,v1
2026-03,2026,[03] March,"Coron, Palawan",[1] Live,[A] Live,1st,Mun,1st,R4B,v1
2026-03,2026,[03] March,"Culion, Palawan",[1] Live,[A] Live,3rd,Mun,3rd,R4B,v1
2026-03,2026,[03] March,"Ferrol, Romblon",[1] Live,[A] Live,6th,Mun,6th,R4B,v1
2026-03,2026,[03] March,"Gloria, Oriental Mindoro",[1] Live,[A] Live,3rd,Mun,3rd,R4B,v1
2026-03,2026,[03] March,"Looc, Occidental Mindoro",[1] Live,[A] Live,5th,Mun,5th,R4B,v1
2026-03,2026,[03] March,"Looc, Romblon",[1] Live,[A] Live,4th,Mun,4th,R4B,v1
2026-03,2026,[03] March,"Lubang, Occidental Mindoro",[1] Live,[A] Live,4th,Mun,4th,R4B,v1
2026-03,2026,[03] March,"Magsaysay, Occidental Mindoro",[1] Live,[A] Live,3rd,Mun,3rd,R4B,v1
2026-03,2026,[03] March,"Mamburao, Occidental Mindoro",[1] Live,[A] Live,2nd,Mun,2nd,R4B,v1
2026-03,2026,[03] March,"Narra, Palawan",[1] Live,[A] Live,1st,Mun,1st,R4B,v1
2026-03,2026,[03] March,"Naujan, Oriental Mindoro",[1] Live,[A] Live,1st,Mun,1st,R4B,v1
2026-03,2026,[03] March,"Pinamalayan, Oriental Mindoro",[1] Live,[A] Live,1st,Mun,1st,R4B,v1
2026-03,2026,[03] March,"Quezon, Palawan",[1] Live,[A] Live,1st,Mun,1st,R4B,v1
2026-03,2026,[03] March,"Rizal, Occidental Mindoro",[2] System Setup,[B] Developmental,3rd,Mun,3rd,R4B,
2026-03,2026,[03] March,"Rizal, Palawan",[1] Live,[A] Live,1st,Mun,1st,R4B,v1
2026-03,2026,[03] March,"Sablayan, Occidental Mindoro",[1] Live,[A] Live,1st,Mun,1st,R4B,v1
2026-03,2026,[03] March,"San Andres, Romblon",[1] Live,[A] Live,5th,Mun,5th,R4B,v1
2026-03,2026,[03] March,"San Fernando, Romblon",[1] Live,[A] Live,4th,Mun,4th,R4B,v1
2026-03,2026,[03] March,"San Jose, Occidental Mindoro",[1] Live,[A] Live,1st,Mun,1st,R4B,v1
2026-03,2026,[03] March,"San Jose, Romblon",[1] Live,[A] Live,5th,Mun,5th,R4B,v1
2026-03,2026,[03] March,"San Teodoro, Oriental Mindoro",[1] Live,[A] Live,4th,Mun,4th,R4B,v1
2026-03,2026,[03] March,"San Vicente, Palawan",[1] Live,[A] Live,1st,Mun,1st,R4B,v1
2026-03,2026,[03] March,"Santa Cruz, Marinduque",[1] Live,[A] Live,1st,Mun,1st,R4B,v1
2026-03,2026,[03] March,"Santa Cruz, Occidental Mindoro",[1] Live,[A] Live,1st,Mun,1st,R4B,v1
2026-03,2026,[03] March,"Santa Fe, Romblon",[1] Live,[A] Live,5th,Mun,5th,R4B,v1
2026-03,2026,[03] March,"Socorro, Oriental Mindoro",[1] Live,[A] Live,3rd,Mun,3rd,R4B,v1
2026-01,2026,[01] January,"ANGAT, BULACAN",[1] Live,[A] Live,1st,Mun,1st,R3,v2
2026-01,2026,[01] January,"AURORA, ISABELA",[1] Live,[A] Live,3rd,Mun,3rd,R2,with v1 v2
2026-01,2026,[01] January,"BALATAN, CAMARINES SUR",[1] Live,[A] Live,4th,Mun,4th,R5,v2
2026-01,2026,[01] January,"BURGOS, ISABELA",[1] Live,[A] Live,4th,Mun,4th,R2,with v1 v2
2026-01,2026,[01] January,"CABATUAN, ISABELA",[1] Live,[A] Live,3rd,Mun,3rd,R2,v2
2026-01,2026,[01] January,"CABUCGAYAN, BILIRAN",[1] Live,[A] Live,5th,Mun,5th,R8,v2
2026-01,2026,[01] January,"CALANOGAS, LANAO DEL SUR",[1] Live,[A] Live,5th,Mun,5th,BARMM II,v2
2026-01,2026,[01] January,"CAPAS, TARLAC",[1] Live,[A] Live,1st,Mun,1st,R3,v2
2026-01,2026,[01] January,"CITY OF BISLIG, SURIGAO DEL SUR",[1] Live,[A] Live,3rd,City,3rd,R13,v2
2026-01,2026,[01] January,"CITY OF CAUAYAN, ISABELA",[1] Live,[A] Live,3rd,City,3rd,R2,v2
2026-01,2026,[01] January,"CITY OF LAOAG, ILOCOS NORTE",[1] Live,[A] Live,3rd,City,3rd,R1,with v1 v2
2026-01,2026,[01] January,"CITY OF PASSI, ILOILO",[1] Live,[A] Live,4th,City,4th,R6,v2
2026-01,2026,[01] January,"DATU SAUDI AMPATUAN, MAGUINDANAO DEL SUR",[1] Live,[A] Live,4th,Mun,4th,BARMM II,v2
2026-01,2026,[01] January,"DELFIN ALBANO, ISABELA",[1] Live,[A] Live,4th,Mun,4th,R2,v2
2026-01,2026,[01] January,"DOLORES, ABRA",[1] Live,[A] Live,5th,Mun,5th,CAR,with v1 v2
2026-01,2026,[01] January,"ENRIQUE B. MAGALONA, NEGROS OCCIDENTAL",[1] Live,[A] Live,2nd,Mun,2nd,NIR,v2
2026-01,2026,[01] January,"ESPERANZA, AGUSAN DEL SUR",[1] Live,[A] Live,1st,Mun,1st,R13,v2
2026-01,2026,[01] January,"GUIMBA, NUEVA ECIJA",[1] Live,[A] Live,1st,Mun,1st,R3,v2
2026-01,2026,[01] January,"ITOGON, BENGUET",[1] Live,[A] Live,1st,Mun,1st,CAR,v2
2026-01,2026,[01] January,"KAPATAGAN, LANAO DEL SUR",[1] Live,[A] Live,4th,Mun,4th,BARMM II,v2
2026-01,2026,[01] January,"LABRADOR, PANGASINAN",[1] Live,[A] Live,4th,Mun,4th,R1,v2
2026-01,2026,[01] January,"LAKE SEBU, SOUTH COTABATO",[1] Live,[A] Live,1st,Mun,1st,R12,v2
2026-01,2026,[01] January,"LAUREL, BATANGAS",[1] Live,[A] Live,3rd,Mun,3rd,R4A,v2
2026-01,2026,[01] January,"LIMASAWA, SOUTHERN LEYTE",[1] Live,[A] Live,6th,Mun,6th,R8,v2
2026-01,2026,[01] January,"LLANERA, NUEVA ECIJA",[1] Live,[A] Live,4th,Mun,4th,R3,v2
2026-01,2026,[01] January,"LUNA, ISABELA",[1] Live,[A] Live,5th,Mun,5th,R2,v2
2026-01,2026,[01] January,"MACONACON, ISABELA",[1] Live,[A] Live,3rd,Mun,3rd,R2,v2
2026-01,2026,[01] January,"MAKILALA, COTABATO",[1] Live,[A] Live,1st,Mun,1st,R12,v2
2026-01,2026,[01] January,"MALLIG, ISABELA",[1] Live,[A] Live,4th,Mun,4th,R2,with v1 v2
2026-01,2026,[01] January,"MOLAVE, ZAMBOANGA DEL SUR",[1] Live,[A] Live,1st,Mun,1st,R9,with v1 v2
2026-01,2026,[01] January,"MONCADA, TARLAC",[1] Live,[A] Live,1st,Mun,1st,R3,v2
2026-01,2026,[01] January,"MORONG, BATAAN",[1] Live,[A] Live,3rd,Mun,3rd,R3,v2
2026-01,2026,[01] January,"NAGUILIAN, ISABELA",[1] Live,[A] Live,4th,Mun,4th,R2,v2
2026-01,2026,[01] January,"NORALA, SOUTH COTABATO",[1] Live,[A] Live,3rd,Mun,3rd,R12,v2
2026-01,2026,[01] January,"PALAPAG, NORTHERN SAMAR",[1] Live,[A] Live,3rd,Mun,3rd,R8,v2
2026-01,2026,[01] January,"PILAR, BATAAN",[1] Live,[A] Live,3rd,Mun,3rd,R3,v2
2026-01,2026,[01] January,"REINA MERCEDES, ISABELA",[1] Live,[A] Live,4th,Mun,4th,R2,v2
2026-01,2026,[01] January,"RIZAL, LAGUNA",[1] Live,[A] Live,5th,Mun,5th,R4A,with v1 v2
2026-01,2026,[01] January,"ROXAS, ISABELA",[1] Live,[A] Live,1st,Mun,1st,R2,v2
2026-01,2026,[01] January,"SAN EMILIO, ILOCOS SUR",[1] Live,[A] Live,4th,Mun,4th,R1,v2
2026-01,2026,[01] January,"SAN ISIDRO, ISABELA",[1] Live,[A] Live,5th,Mun,5th,R2,with v1 v2
2026-01,2026,[01] January,"SAN JOSE, CAMARINES SUR",[1] Live,[A] Live,4th,Mun,4th,R5,with v1 v2
2026-01,2026,[01] January,"SAN PABLO, ISABELA",[1] Live,[A] Live,2nd,Mun,2nd,R2,v2
2026-01,2026,[01] January,"SANTA IGNACIA, TARLAC",[1] Live,[A] Live,2nd,Mun,2nd,R3,with v1 v2
2026-01,2026,[01] January,"Science City of Muñoz, Nueva Ecija",[1] Live,[A] Live,4th,City,4th,R3,v2
2026-01,2026,[01] January,"SIAYAN, ZAMBOANGA DEL NORTE",[1] Live,[A] Live,2nd,Mun,2nd,R9,with v1 v2
2026-01,2026,[01] January,"SOUTH UPI, MAGUINDANAO DEL SUR",[1] Live,[A] Live,4th,Mun,4th,BARMM II,v2
2026-01,2026,[01] January,"TALISAY, BATANGAS",[1] Live,[A] Live,3rd,Mun,3rd,R4A,v2
2026-01,2026,[01] January,"TIGBAUAN, ILOILO",[1] Live,[A] Live,2nd,Mun,2nd,R6,v2
2026-01,2026,[01] January,"TINEG, ABRA",[1] Live,[A] Live,2nd,Mun,2nd,CAR,v2
2026-01,2026,[01] January,"VERUELA, AGUSAN DEL SUR",[1] Live,[A] Live,2nd,Mun,2nd,R13,v2
2026-02,2026,[02] February,"CITY OF LAOAG, ILOCOS NORTE",[1] Live,[A] Live,3rd,City,3rd,R1,with v1 v2
2026-02,2026,[02] February,"SAN EMILIO, ILOCOS SUR",[1] Live,[A] Live,4th,Mun,4th,R1,v2
2026-02,2026,[02] February,"LABRADOR, PANGASINAN",[1] Live,[A] Live,4th,Mun,4th,R1,v2
2026-02,2026,[02] February,"AURORA, ISABELA",[1] Live,[A] Live,3rd,Mun,3rd,R2,with v1 v2
2026-02,2026,[02] February,"BURGOS, ISABELA",[1] Live,[A] Live,4th,Mun,4th,R2,with v1 v2
2026-02,2026,[02] February,"CABATUAN, ISABELA",[1] Live,[A] Live,3rd,Mun,3rd,R2,v2
2026-02,2026,[02] February,"CITY OF CAUAYAN, ISABELA",[1] Live,[A] Live,3rd,City,3rd,R2,v2
2026-02,2026,[02] February,"LUNA, ISABELA",[1] Live,[A] Live,5th,Mun,5th,R2,v2
2026-02,2026,[02] February,"MACONACON, ISABELA",[1] Live,[A] Live,3rd,Mun,3rd,R2,v2
2026-02,2026,[02] February,"DELFIN ALBANO, ISABELA",[1] Live,[A] Live,4th,Mun,4th,R2,v2
2026-02,2026,[02] February,"MALLIG, ISABELA",[1] Live,[A] Live,4th,Mun,4th,R2,with v1 v2
2026-02,2026,[02] February,"NAGUILIAN, ISABELA",[1] Live,[A] Live,4th,Mun,4th,R2,v2
2026-02,2026,[02] February,"REINA MERCEDES, ISABELA",[1] Live,[A] Live,4th,Mun,4th,R2,v2
2026-02,2026,[02] February,"ROXAS, ISABELA",[1] Live,[A] Live,1st,Mun,1st,R2,v2
2026-02,2026,[02] February,"SAN ISIDRO, ISABELA",[1] Live,[A] Live,5th,Mun,5th,R2,with v1 v2
2026-02,2026,[02] February,"SAN PABLO, ISABELA",[1] Live,[A] Live,2nd,Mun,2nd,R2,v2
2026-02,2026,[02] February,"MORONG, BATAAN",[1] Live,[A] Live,3rd,Mun,3rd,R3,v2
2026-02,2026,[02] February,"PILAR, BATAAN",[1] Live,[A] Live,3rd,Mun,3rd,R3,v2
2026-02,2026,[02] February,"ANGAT, BULACAN",[1] Live,[A] Live,1st,Mun,1st,R3,v2
2026-02,2026,[02] February,"GENERAL MAMERTO NATIVIDAD, NUEVA ECIJA",[1] Live,[A] Live,3rd,Mun,3rd,R3,v2
2026-02,2026,[02] February,"GUIMBA, NUEVA ECIJA",[1] Live,[A] Live,1st,Mun,1st,R3,v2
2026-02,2026,[02] February,"LLANERA, NUEVA ECIJA",[1] Live,[A] Live,4th,Mun,4th,R3,v2
2026-02,2026,[02] February,"SCIENCE CITY OF MUÑOZ, NUEVA ECIJA",[1] Live,[A] Live,4th,City,4th,R3,v2
2026-02,2026,[02] February,"CAPAS, TARLAC",[1] Live,[A] Live,1st,Mun,1st,R3,v2
2026-02,2026,[02] February,"MONCADA, TARLAC",[1] Live,[A] Live,1st,Mun,1st,R3,v2
2026-02,2026,[02] February,"SANTA IGNACIA, TARLAC",[1] Live,[A] Live,2nd,Mun,2nd,R3,with v1 v2
2026-02,2026,[02] February,"LAUREL, BATANGAS",[1] Live,[A] Live,3rd,Mun,3rd,R4A,v2
2026-02,2026,[02] February,"TALISAY, BATANGAS",[1] Live,[A] Live,3rd,Mun,3rd,R4A,v2
2026-02,2026,[02] February,"RIZAL, LAGUNA",[1] Live,[A] Live,5th,Mun,5th,R4A,with v1 v2
2026-02,2026,[02] February,"BALATAN, CAMARINES SUR",[1] Live,[A] Live,4th,Mun,4th,R5,v2
2026-02,2026,[02] February,"SAN JOSE, CAMARINES SUR",[1] Live,[A] Live,4th,Mun,4th,R5,with v1 v2
2026-02,2026,[02] February,"CITY OF PASSI, ILOILO",[1] Live,[A] Live,4th,City,4th,R6,v2
2026-02,2026,[02] February,"TIGBAUAN, ILOILO",[1] Live,[A] Live,2nd,Mun,2nd,R6,v2
2026-02,2026,[02] February,"ENRIQUE B. MAGALONA, NEGROS OCCIDENTAL",[1] Live,[A] Live,2nd,Mun,2nd,NIR,v2
2026-02,2026,[02] February,"PALAPAG, NORTHERN SAMAR",[1] Live,[A] Live,3rd,Mun,3rd,R8,v2
2026-02,2026,[02] February,"LIMASAWA, SOUTHERN LEYTE",[1] Live,[A] Live,6th,Mun,6th,R8,v2
2026-02,2026,[02] February,"CABUCGAYAN, BILIRAN",[1] Live,[A] Live,5th,Mun,5th,R8,v2
2026-02,2026,[02] February,"SIAYAN, ZAMBOANGA DEL NORTE",[1] Live,[A] Live,2nd,Mun,2nd,R9,with v1 v2
2026-02,2026,[02] February,"MOLAVE, ZAMBOANGA DEL SUR",[1] Live,[A] Live,1st,Mun,1st,R9,with v1 v2
2026-02,2026,[02] February,"MAKILALA, COTABATO",[1] Live,[A] Live,1st,Mun,1st,R12,v2
2026-02,2026,[02] February,"NORALA, SOUTH COTABATO",[1] Live,[A] Live,3rd,Mun,3rd,R12,v2
2026-02,2026,[02] February,"LAKE SEBU, SOUTH COTABATO",[1] Live,[A] Live,1st,Mun,1st,R12,v2
2026-02,2026,[02] February,"DOLORES, ABRA",[1] Live,[A] Live,5th,Mun,5th,CAR,with v1 v2
2026-02,2026,[02] February,"LAGANGILANG, ABRA",[1] Live,[A] Live,5th,Mun,5th,CAR,v2
2026-02,2026,[02] February,"TINEG, ABRA",[1] Live,[A] Live,2nd,Mun,2nd,CAR,v2
2026-02,2026,[02] February,"ITOGON, BENGUET",[1] Live,[A] Live,1st,Mun,1st,CAR,v2
2026-02,2026,[02] February,"ESPERANZA, AGUSAN DEL SUR",[1] Live,[A] Live,1st,Mun,1st,R13,v2
2026-02,2026,[02] February,"VERUELA, AGUSAN DEL SUR",[1] Live,[A] Live,2nd,Mun,2nd,R13,v2
2026-02,2026,[02] February,"CITY OF BISLIG, SURIGAO DEL SUR",[1] Live,[A] Live,3rd,City,3rd,R13,v2
2026-02,2026,[02] February,"CALANOGAS, LANAO DEL SUR",[1] Live,[A] Live,5th,Mun,5th,BARMM II,v2
2026-02,2026,[02] February,"KAPATAGAN, LANAO DEL SUR",[1] Live,[A] Live,4th,Mun,4th,BARMM II,v2
2026-02,2026,[02] February,"DATU SAUDI AMPATUAN, MAGUINDANAO DEL SUR",[1] Live,[A] Live,4th,Mun,4th,BARMM II,v2
2026-02,2026,[02] February,"SOUTH UPI, MAGUINDANAO DEL SUR",[1] Live,[A] Live,4th,Mun,4th,BARMM II,v2
2026-03,2026,[03] March,"SAN EMILIO, ILOCOS SUR",[1] Live,[A] Live,4th,Mun,4th,R1,v2
2026-03,2026,[03] March,"LABRADOR, PANGASINAN",[1] Live,[A] Live,4th,Mun,4th,R1,v2
2026-03,2026,[03] March,"CABATUAN, ISABELA",[1] Live,[A] Live,3rd,Mun,3rd,R2,v2
2026-03,2026,[03] March,"CITY OF CAUAYAN, ISABELA",[1] Live,[A] Live,3rd,City,3rd,R2,v2
2026-03,2026,[03] March,"LUNA, ISABELA",[1] Live,[A] Live,5th,Mun,5th,R2,v2
2026-03,2026,[03] March,"MACONACON, ISABELA",[1] Live,[A] Live,3rd,Mun,3rd,R2,v2
2026-03,2026,[03] March,"DELFIN ALBANO, ISABELA",[1] Live,[A] Live,4th,Mun,4th,R2,v2
2026-03,2026,[03] March,"NAGUILIAN, ISABELA",[1] Live,[A] Live,4th,Mun,4th,R2,v2
2026-03,2026,[03] March,"REINA MERCEDES, ISABELA",[1] Live,[A] Live,4th,Mun,4th,R2,v2
2026-03,2026,[03] March,"ROXAS, ISABELA",[1] Live,[A] Live,1st,Mun,1st,R2,v2
2026-03,2026,[03] March,"SAN PABLO, ISABELA",[1] Live,[A] Live,2nd,Mun,2nd,R2,v2
2026-03,2026,[03] March,"MORONG, BATAAN",[1] Live,[A] Live,3rd,Mun,3rd,R3,v2
2026-03,2026,[03] March,"PILAR, BATAAN",[1] Live,[A] Live,3rd,Mun,3rd,R3,v2
2026-03,2026,[03] March,"ANGAT, BULACAN",[1] Live,[A] Live,1st,Mun,1st,R3,v2
2026-03,2026,[03] March,"GENERAL MAMERTO NATIVIDAD, NUEVA ECIJA",[1] Live,[A] Live,3rd,Mun,3rd,R3,v2
2026-03,2026,[03] March,"GUIMBA, NUEVA ECIJA",[1] Live,[A] Live,1st,Mun,1st,R3,v2
2026-03,2026,[03] March,"LLANERA, NUEVA ECIJA",[1] Live,[A] Live,4th,Mun,4th,R3,v2
2026-03,2026,[03] March,"SCIENCE CITY OF MUÑOZ, NUEVA ECIJA",[1] Live,[A] Live,4th,City,4th,R3,v2
2026-03,2026,[03] March,"CAPAS, TARLAC",[1] Live,[A] Live,1st,Mun,1st,R3,v2
2026-03,2026,[03] March,"MONCADA, TARLAC",[1] Live,[A] Live,1st,Mun,1st,R3,v2
2026-03,2026,[03] March,"LAUREL, BATANGAS",[1] Live,[A] Live,3rd,Mun,3rd,R4A,v2
2026-03,2026,[03] March,"TALISAY, BATANGAS",[1] Live,[A] Live,3rd,Mun,3rd,R4A,v2
2026-03,2026,[03] March,"BALATAN, CAMARINES SUR",[1] Live,[A] Live,4th,Mun,4th,R5,v2
2026-03,2026,[03] March,"CITY OF PASSI, ILOILO",[1] Live,[A] Live,4th,City,4th,R6,v2
2026-03,2026,[03] March,"TIGBAUAN, ILOILO",[1] Live,[A] Live,2nd,Mun,2nd,R6,v2
2026-03,2026,[03] March,"ENRIQUE B. MAGALONA, NEGROS OCCIDENTAL",[1] Live,[A] Live,2nd,Mun,2nd,NIR,v2
2026-03,2026,[03] March,"PALAPAG, NORTHERN SAMAR",[1] Live,[A] Live,3rd,Mun,3rd,R8,v2
2026-03,2026,[03] March,"LIMASAWA, SOUTHERN LEYTE",[1] Live,[A] Live,6th,Mun,6th,R8,v2
2026-03,2026,[03] March,"CABUCGAYAN, BILIRAN",[1] Live,[A] Live,5th,Mun,5th,R8,v2
2026-03,2026,[03] March,"MAKILALA, COTABATO",[1] Live,[A] Live,1st,Mun,1st,R12,v2
2026-03,2026,[03] March,"NORALA, SOUTH COTABATO",[1] Live,[A] Live,3rd,Mun,3rd,R12,v2
2026-03,2026,[03] March,"LAKE SEBU, SOUTH COTABATO",[1] Live,[A] Live,1st,Mun,1st,R12,v2
2026-03,2026,[03] March,"LA PAZ, ABRA",[1] Live,[A] Live,5th,Mun,5th,CAR,v2
2026-03,2026,[03] March,"LAGANGILANG, ABRA",[1] Live,[A] Live,5th,Mun,5th,CAR,v2
2026-03,2026,[03] March,"TINEG, ABRA",[1] Live,[A] Live,2nd,Mun,2nd,CAR,v2
2026-03,2026,[03] March,"ITOGON, BENGUET",[1] Live,[A] Live,1st,Mun,1st,CAR,v2
2026-03,2026,[03] March,"ESPERANZA, AGUSAN DEL SUR",[1] Live,[A] Live,1st,Mun,1st,R13,v2
2026-03,2026,[03] March,"VERUELA, AGUSAN DEL SUR",[1] Live,[A] Live,2nd,Mun,2nd,R13,v2
2026-03,2026,[03] March,"CITY OF BISLIG, SURIGAO DEL SUR",[1] Live,[A] Live,3rd,City,3rd,R13,v2
2026-03,2026,[03] March,"CALANOGAS, LANAO DEL SUR",[1] Live,[A] Live,5th,Mun,5th,BARMM II,v2
2026-03,2026,[03] March,"KAPATAGAN, LANAO DEL SUR",[1] Live,[A] Live,4th,Mun,4th,BARMM II,v2
2026-03,2026,[03] March,"DATU SAUDI AMPATUAN, MAGUINDANAO DEL SUR",[1] Live,[A] Live,4th,Mun,4th,BARMM II,v2
2026-03,2026,[03] March,"SOUTH UPI, MAGUINDANAO DEL SUR",[1] Live,[A] Live,4th,Mun,4th,BARMM II,v2
,,,"Akbar, Basilan",,,,,,,Not client
,,,"Al-Barka, Basilan",,,,,,,Not client
,,,"Hadji Mohammad Ajul, Basilan",,,,,,,Not client
,,,"Hadji Muhtamad, Basilan",,,,,,,Not client
,,,"Hadji Panglima Tahil, Sulu",,,,,,,Not client
,,,"Indanan, Sulu",,,,,,,Not client
,,,"Jolo, Sulu",,,,,,,Not client
,,,"Kalingalan Caluang, Sulu",,,,,,,Not client
,,,"Languyan, Tawi-Tawi",,,,,,,Not client
,,,"Lantawan, Basilan",,,,,,,Not client
,,,"Lugus, Sulu",,,,,,,Not client
,,,"Luuk, Sulu",,,,,,,Not client
,,,"Maimbung, Sulu",,,,,,,Not client
,,,"Maluso, Basilan",,,,,,,Not client
,,,"Mapun, Tawi-Tawi",,,,,,,Not client
,,,"Old Panamao, Sulu",,,,,,,Not client
,,,"Omar, Sulu",,,,,,,Not client
,,,"Pandami, Sulu",,,,,,,Not client
,,,"Panglima Estino, Sulu",,,,,,,Not client
,,,"Panglima Sugala, Tawi-Tawi",,,,,,,Not client
,,,"Pangutaran, Sulu",,,,,,,Not client
,,,"Parang, Sulu",,,,,,,Not client
,,,"Pata, Sulu",,,,,,,Not client
,,,"Patikul, Sulu",,,,,,,Not client
,,,"Sapa-Sapa, Tawi-Tawi",,,,,,,Not client
,,,"Siasi, Sulu",,,,,,,Not client
,,,"Sibutu, Tawi-Tawi",,,,,,,Not client
,,,"Simunul, Tawi-Tawi",,,,,,,Not client
,,,"Sitangkai, Tawi-Tawi",,,,,,,Not client
,,,"South Ubian, Tawi-Tawi",,,,,,,Not client
,,,"Sumisip, Basilan",,,,,,,Not client
,,,"Tabuan-Lasa, Basilan",,,,,,,Not client
,,,"Tandubas, Tawi-Tawi",,,,,,,Not client
,,,"Tapul, Sulu",,,,,,,Not client
,,,"Tipo-Tipo, Basilan",,,,,,,Not client
,,,"Tongkil, Sulu",,,,,,,Not client
,,,"Tuburan, Basilan",,,,,,,Not client
,,,"Turtle Islands, Tawi-Tawi",,,,,,,Not client
,,,"Ungkaya Pukan, Basilan",,,,,,,Not client
,,,"Amai Manabilang, Lanao del Sur",,,,,,,Not client
,,,"Bacolod-Kalawi, Lanao del Sur",,,,,,,Not client
,,,"Balabagan, Lanao del Sur",,,,,,,Not client
,,,"Balindong, Lanao del Sur",,,,,,,Not client
,,,"Barira, Maguindanao del Norte",,,,,,,Not client
,,,"Bayang, Lanao del Sur",,,,,,,Not client
,,,"Binidayan, Lanao del Sur",,,,,,,Not client
,,,"Buadiposo-Buntong, Lanao del Sur",,,,,,,Not client
,,,"Bubong, Lanao del Sur",,,,,,,Not client
,,,"Buldon, Maguindanao del Norte",,,,,,,Not client
,,,"Buluan, Maguindanao del Sur",,,,,,,Not client
,,,"Butig, Lanao del Sur",,,,,,,Not client
,,,"City of Cotabato, Maguindanao del Norte",,,,,,,Not client
,,,"City of Marawi, Lanao del Sur",,,,,,,Not client
,,,"Datu Blah T. Sinsuat, Maguindanao del Norte",,,,,,,Not client
,,,"Datu Hoffer Ampatuan, Maguindanao del Sur",,,,,,,Not client
,,,"Datu Odin Sinsuat, Maguindanao del Norte",,,,,,,Not client
,,,"Datu Salibo, Maguindanao del Sur",,,,,,,Not client
,,,"Datu Unsay, Maguindanao del Sur",,,,,,,Not client
,,,"Ditsaan-Ramain, Lanao del Sur",,,,,,,Not client
,,,"Ganassi, Lanao del Sur",,,,,,,Not client
,,,"Gen. S.K. Pendatun, Maguindanao del Sur",,,,,,,Not client
,,,"Guindulungan, Maguindanao del Sur",,,,,,,Not client
,,,"Kabuntalan, Maguindanao del Norte",,,,,,,Not client
,,,"Kadayangan, Special Geographic Area",,,,,,,Not client
,,,"Kapai, Lanao del Sur",,,,,,,Not client
,,,"Kapalawan, Special Geographic Area",,,,,,,Not client
,,,"Ligawasan, Special Geographic Area",,,,,,,Not client
,,,"Lumba-Bayabao, Lanao del Sur",,,,,,,Not client
,,,"Lumbaca-Unayan, Lanao del Sur",,,,,,,Not client
,,,"Lumbatan, Lanao del Sur",,,,,,,Not client
,,,"Lumbayanague, Lanao del Sur",,,,,,,Not client
,,,"Madalum, Lanao del Sur",,,,,,,Not client
,,,"Madamba, Lanao del Sur",,,,,,,Not client
,,,"Maguing, Lanao del Sur",,,,,,,Not client
,,,"Malabang, Lanao del Sur",,,,,,,Not client
,,,"Malidegao, Special Geographic Area",,,,,,,Not client
,,,"Mamasapano, Maguindanao del Sur",,,,,,,Not client
,,,"Mangudadatu, Maguindanao del Sur",,,,,,,Not client
,,,"Marantao, Lanao del Sur",,,,,,,Not client
,,,"Marogong, Lanao del Sur",,,,,,,Not client
,,,"Masiu, Lanao del Sur",,,,,,,Not client
,,,"Matanog, Maguindanao del Norte",,,,,,,Not client
,,,"Mulondo, Lanao del Sur",,,,,,,Not client
,,,"Nabalawag, Special Geographic Area",,,,,,,Not client
,,,"Old Kaabakan, Special Geographic Area",,,,,,,Not client
,,,"Pagagawan, Maguindanao del Sur",,,,,,,Not client
,,,"Pagayawan, Lanao del Sur",,,,,,,Not client
,,,"Paglat, Maguindanao del Sur",,,,,,,Not client
,,,"Pahamuddin, Special Geographic Area",,,,,,,Not client
,,,"Pandag, Maguindanao del Sur",,,,,,,Not client
,,,"Piagapo, Lanao del Sur",,,,,,,Not client
,,,"Picong, Lanao del Sur",,,,,,,Not client
,,,"Poona Bayabao, Lanao del Sur",,,,,,,Not client
,,,"Pualas, Lanao del Sur",,,,,,,Not client
,,,"Rajah Buayan, Maguindanao del Sur",,,,,,,Not client
,,,"Saguiaran, Lanao del Sur",,,,,,,Not client
,,,"Shariff Saydona Mustapha, Maguindanao del Sur",,,,,,,Not client
,,,"Sultan Dumalondong, Lanao del Sur",,,,,,,Not client
,,,"Sultan Mastura, Maguindanao del Norte",,,,,,,Not client
,,,"Sultan Sa Barongis, Maguindanao del Sur",,,,,,,Not client
,,,"Tagoloan Ii, Lanao del Sur",,,,,,,Not client
,,,"Talitay, Maguindanao del Norte",,,,,,,Not client
,,,"Tamparan, Lanao del Sur",,,,,,,Not client
,,,"Taraka, Lanao del Sur",,,,,,,Not client
,,,"Tubaran, Lanao del Sur",,,,,,,Not client
,,,"Tugaya, Lanao del Sur",,,,,,,Not client
,,,"Tugunan, Special Geographic Area",,,,,,,Not client
,,,"Wao, Lanao del Sur",,,,,,,Not client
,,,"Atok, Benguet",,,,,,,Not client
,,,"Bakun, Benguet",,,,,,,Not client
,,,"Balbalan, Kalinga",,,,,,,Not client
,,,"Bangued, Abra",,,,,,,Not client
,,,"Barlig, Mountain Province",,,,,,,Not client
,,,"Besao, Mountain Province",,,,,,,Not client
,,,"Bokod, Benguet",,,,,,,Not client
,,,"Boliney, Abra",,,,,,,Not client
,,,"Bucay, Abra",,,,,,,Not client
,,,"Bucloc, Abra",,,,,,,Not client
,,,"Buguias, Benguet",,,,,,,Not client
,,,"Calanasan, Apayao",,,,,,,Not client
,,,"City of Baguio, Benguet",,,,,,,Not client
,,,"Conner, Apayao",,,,,,,Not client
,,,"Daguioman, Abra",,,,,,,Not client
,,,"Flora, Apayao",,,,,,,Not client
,,,"Hingyon, Ifugao",,,,,,,Not client
,,,"Kabayan, Benguet",,,,,,,Not client
,,,"Kabugao, Apayao",,,,,,,Not client
,,,"Kapangan, Benguet",,,,,,,Not client
,,,"Kiangan, Ifugao",,,,,,,Not client
,,,"Kibungan, Benguet",,,,,,,Not client
,,,"La Trinidad, Benguet",,,,,,,Not client
,,,"Lacub, Abra",,,,,,,Not client
,,,"Lagawe, Ifugao",,,,,,,Not client
,,,"Lagayan, Abra",,,,,,,Not client
,,,"Langiden, Abra",,,,,,,Not client
,,,"Licuan-Baay, Abra",,,,,,,Not client
,,,"Luba, Abra",,,,,,,Not client
,,,"Lubuagan, Kalinga",,,,,,,Not client
,,,"Malibcong, Abra",,,,,,,Not client
,,,"Manabo, Abra",,,,,,,Not client
,,,"Natonin, Mountain Province",,,,,,,Not client
,,,"Pasil, Kalinga",,,,,,,Not client
,,,"Pidigan, Abra",,,,,,,Not client
,,,"Pilar, Abra",,,,,,,Not client
,,,"Pinukpuk, Kalinga",,,,,,,Not client
,,,"Rizal, Kalinga",,,,,,,Not client
,,,"Sabangan, Mountain Province",,,,,,,Not client
,,,"Sadanga, Mountain Province",,,,,,,Not client
,,,"Sagada, Mountain Province",,,,,,,Not client
,,,"Sallapadan, Abra",,,,,,,Not client
,,,"San Isidro, Abra",,,,,,,Not client
,,,"San Juan, Abra",,,,,,,Not client
,,,"San Quintin, Abra",,,,,,,Not client
,,,"Tadian, Mountain Province",,,,,,,Not client
,,,"Tanudan, Kalinga",,,,,,,Not client
,,,"Tinglayan, Kalinga",,,,,,,Not client
,,,"Tubo, Abra",,,,,,,Not client
,,,"Villaviciosa, Abra",,,,,,,Not client
,,,"City of Caloocan, Metro Manila",,,,,,,Not client
,,,"City of Las Piñas, Metro Manila",,,,,,,Not client
,,,"City of Makati, Metro Manila",,,,,,,Not client
,,,"City of Malabon, Metro Manila",,,,,,,Not client
,,,"City of Mandaluyong, Metro Manila",,,,,,,Not client
,,,"City of Manila, Metro Manila",,,,,,,Not client
,,,"City of Marikina, Metro Manila",,,,,,,Not client
,,,"City of Muntinlupa, Metro Manila",,,,,,,Not client
,,,"City of Navotas, Metro Manila",,,,,,,Not client
,,,"City of Parañaque, Metro Manila",,,,,,,Not client
,,,"City of Pasig, Metro Manila",,,,,,,Not client
,,,"City of San Juan, Metro Manila",,,,,,,Not client
,,,"City of Taguig, Metro Manila",,,,,,,Not client
,,,"City of Valenzuela, Metro Manila",,,,,,,Not client
,,,"Pasay City, Metro Manila",,,,,,,Not client
,,,"Pateros, Metro Manila",,,,,,,Not client
,,,"Quezon City, Metro Manila",,,,,,,Not client
,,,"Amlan, Negros Oriental",,,,,,,Not client
,,,"Bacong, Negros Oriental",,,,,,,Not client
,,,"Binalbagan, Negros Occidental",,,,,,,Not client
,,,"Bindoy, Negros Oriental",,,,,,,Not client
,,,"Calatrava, Negros Occidental",,,,,,,Not client
,,,"Candoni, Negros Occidental",,,,,,,Not client
,,,"Cauayan, Negros Occidental",,,,,,,Not client
,,,"City of Bacolod, Negros Occidental",,,,,,,Not client
,,,"City of Bago, Negros Occidental",,,,,,,Not client
,,,"City of Bais, Negros Oriental",,,,,,,Not client
,,,"City of Bayawan, Negros Oriental",,,,,,,Not client
,,,"City of Cadiz, Negros Occidental",,,,,,,Not client
,,,"City of Canlaon, Negros Oriental",,,,,,,Not client
,,,"City of Dumaguete, Negros Oriental",,,,,,,Not client
,,,"City of Guihulngan, Negros Oriental",,,,,,,Not client
,,,"City of San Carlos, Negros Occidental",,,,,,,Not client
,,,"City of Silay, Negros Occidental",,,,,,,Not client
,,,"City of Talisay, Negros Occidental",,,,,,,Not client
,,,"City of Tanjay, Negros Oriental",,,,,,,Not client
,,,"City of Victorias, Negros Occidental",,,,,,,Not client
,,,"Dauin, Negros Oriental",,,,,,,Not client
,,,"Enrique Villanueva, Siquijor",,,,,,,Not client
,,,"Ilog, Negros Occidental",,,,,,,Not client
,,,"Isabela, Negros Occidental",,,,,,,Not client
,,,"Jimalalud, Negros Oriental",,,,,,,Not client
,,,"La Castellana, Negros Occidental",,,,,,,Not client
,,,"La Libertad, Negros Oriental",,,,,,,Not client
,,,"Manjuyod, Negros Oriental",,,,,,,Not client
,,,"Maria, Siquijor",,,,,,,Not client
,,,"Moises Padilla, Negros Occidental",,,,,,,Not client
,,,"Murcia, Negros Occidental",,,,,,,Not client
,,,"Pamplona, Negros Oriental",,,,,,,Not client
,,,"Pontevedra, Negros Occidental",,,,,,,Not client
,,,"Pulupandan, Negros Occidental",,,,,,,Not client
,,,"Salvador Benedicto, Negros Occidental",,,,,,,Not client
,,,"San Enrique, Negros Occidental",,,,,,,Not client
,,,"San Juan, Siquijor",,,,,,,Not client
,,,"Santa Catalina, Negros Oriental",,,,,,,Not client
,,,"Siaton, Negros Oriental",,,,,,,Not client
,,,"Sibulan, Negros Oriental",,,,,,,Not client
,,,"Siquijor, Siquijor",,,,,,,Not client
,,,"Tayasan, Negros Oriental",,,,,,,Not client
,,,"Toboso, Negros Occidental",,,,,,,Not client
,,,"Valencia, Negros Oriental",,,,,,,Not client
,,,"Valladolid, Negros Occidental",,,,,,,Not client
,,,"Vallehermoso, Negros Oriental",,,,,,,Not client
,,,"Zamboanguita, Negros Oriental",,,,,,,Not client
,,,"Agno, Pangasinan",,,,,,,Not client
,,,"Alcala, Pangasinan",,,,,,,Not client
,,,"Alilem, Ilocos Sur",,,,,,,Not client
,,,"Anda, Pangasinan",,,,,,,Not client
,,,"Asingan, Pangasinan",,,,,,,Not client
,,,"Bacarra, Ilocos Norte",,,,,,,Not client
,,,"Bacnotan, La Union",,,,,,,Not client
,,,"Bagulin, La Union",,,,,,,Not client
,,,"Bangar, La Union",,,,,,,Not client
,,,"Bani, Pangasinan",,,,,,,Not client
,,,"Banna, Ilocos Norte",,,,,,,Not client
,,,"Basista, Pangasinan",,,,,,,Not client
,,,"Bauang, La Union",,,,,,,Not client
,,,"Binalonan, Pangasinan",,,,,,,Not client
,,,"Binmaley, Pangasinan",,,,,,,Not client
,,,"Bolinao, Pangasinan",,,,,,,Not client
,,,"Bugallon, Pangasinan",,,,,,,Not client
,,,"Burgos, Ilocos Norte",,,,,,,Not client
,,,"Burgos, Ilocos Sur",,,,,,,Not client
,,,"Burgos, Pangasinan",,,,,,,Not client
,,,"Cabugao, Ilocos Sur",,,,,,,Not client
,,,"Calasiao, Pangasinan",,,,,,,Not client
,,,"Carasi, Ilocos Norte",,,,,,,Not client
,,,"Cervantes, Ilocos Sur",,,,,,,Not client
,,,"City of Alaminos, Pangasinan",,,,,,,Not client
,,,"City of Dagupan, Pangasinan",,,,,,,Not client
,,,"City of San Carlos, Pangasinan",,,,,,,Not client
,,,"City of San Fernando, La Union",,,,,,,Not client
,,,"City of Urdaneta, Pangasinan",,,,,,,Not client
,,,"City of Vigan, Ilocos Sur",,,,,,,Not client
,,,"Currimao, Ilocos Norte",,,,,,,Not client
,,,"Dasol, Pangasinan",,,,,,,Not client
,,,"Galimuyod, Ilocos Sur",,,,,,,Not client
,,,"Gregorio del Pilar, Ilocos Sur",,,,,,,Not client
,,,"Infanta, Pangasinan",,,,,,,Not client
,,,"Laoac, Pangasinan",,,,,,,Not client
,,,"Lingayen, Pangasinan",,,,,,,Not client
,,,"Luna, La Union",,,,,,,Not client
,,,"Mabini, Pangasinan",,,,,,,Not client
,,,"Magsingal, Ilocos Sur",,,,,,,Not client
,,,"Malasiqui, Pangasinan",,,,,,,Not client
,,,"Manaoag, Pangasinan",,,,,,,Not client
,,,"Mangatarem, Pangasinan",,,,,,,Not client
,,,"Marcos, Ilocos Norte",,,,,,,Not client
,,,"Nagbukel, Ilocos Sur",,,,,,,Not client
,,,"Narvacan, Ilocos Sur",,,,,,,Not client
,,,"Natividad, Pangasinan",,,,,,,Not client
,,,"Pagudpud, Ilocos Norte",,,,,,,Not client
,,,"Paoay, Ilocos Norte",,,,,,,Not client
,,,"Pinili, Ilocos Norte",,,,,,,Not client
,,,"Pugo, La Union",,,,,,,Not client
,,,"Quirino, Ilocos Sur",,,,,,,Not client
,,,"Rosales, Pangasinan",,,,,,,Not client
,,,"Salcedo, Ilocos Sur",,,,,,,Not client
,,,"San Gabriel, La Union",,,,,,,Not client
,,,"San Ildefonso, Ilocos Sur",,,,,,,Not client
,,,"San Jacinto, Pangasinan",,,,,,,Not client
,,,"San Juan, La Union",,,,,,,Not client
,,,"San Quintin, Pangasinan",,,,,,,Not client
,,,"San Vicente, Ilocos Sur",,,,,,,Not client
,,,"Santa Catalina, Ilocos Sur",,,,,,,Not client
,,,"Santa Cruz, Ilocos Sur",,,,,,,Not client
,,,"Santa Lucia, Ilocos Sur",,,,,,,Not client
,,,"Santa Maria, Ilocos Sur",,,,,,,Not client
,,,"Santa Maria, Pangasinan",,,,,,,Not client
,,,"Santa, Ilocos Sur",,,,,,,Not client
,,,"Santiago, Ilocos Sur",,,,,,,Not client
,,,"Santol, La Union",,,,,,,Not client
,,,"Sigay, Ilocos Sur",,,,,,,Not client
,,,"Sual, Pangasinan",,,,,,,Not client
,,,"Sudipen, La Union",,,,,,,Not client
,,,"Sugpon, Ilocos Sur",,,,,,,Not client
,,,"Tayug, Pangasinan",,,,,,,Not client
,,,"Umingan, Pangasinan",,,,,,,Not client
,,,"Urbiztondo, Pangasinan",,,,,,,Not client
,,,"Villasis, Pangasinan",,,,,,,Not client
,,,"Vintar, Ilocos Norte",,,,,,,Not client
,,,"Baliangao, Misamis Occidental",,,,,,,Not client
,,,"Baloi, Lanao del Norte",,,,,,,Not client
,,,"Baungon, Bukidnon",,,,,,,Not client
,,,"Binuangan, Misamis Oriental",,,,,,,Not client
,,,"Cabanglasan, Bukidnon",,,,,,,Not client
,,,"City of Cagayan De Oro, Misamis Oriental",,,,,,,Not client
,,,"City of Iligan, Lanao del Norte",,,,,,,Not client
,,,"City of Malaybalay, Bukidnon",,,,,,,Not client
,,,"City of Oroquieta, Misamis Occidental",,,,,,,Not client
,,,"City of Valencia, Bukidnon",,,,,,,Not client
,,,"Concepcion, Misamis Occidental",,,,,,,Not client
,,,"Damulog, Bukidnon",,,,,,,Not client
,,,"Dangcagan, Bukidnon",,,,,,,Not client
,,,"Don Victoriano Chiongbian, Misamis Occidental",,,,,,,Not client
,,,"Initao, Misamis Oriental",,,,,,,Not client
,,,"Kalilangan, Bukidnon",,,,,,,Not client
,,,"Kinoguitan, Misamis Oriental",,,,,,,Not client
,,,"Kitaotao, Bukidnon",,,,,,,Not client
,,,"Kolambugan, Lanao del Norte",,,,,,,Not client
,,,"Lala, Lanao del Norte",,,,,,,Not client
,,,"Lantapan, Bukidnon",,,,,,,Not client
,,,"Libona, Bukidnon",,,,,,,Not client
,,,"Lopez Jaena, Misamis Occidental",,,,,,,Not client
,,,"Maigo, Lanao del Norte",,,,,,,Not client
,,,"Malitbog, Bukidnon",,,,,,,Not client
,,,"Manolo Fortich, Bukidnon",,,,,,,Not client
,,,"Maramag, Bukidnon",,,,,,,Not client
,,,"Matungao, Lanao del Norte",,,,,,,Not client
,,,"Munai, Lanao del Norte",,,,,,,Not client
,,,"Panaon, Misamis Occidental",,,,,,,Not client
,,,"Pangantucan, Bukidnon",,,,,,,Not client
,,,"Pantao Ragat, Lanao del Norte",,,,,,,Not client
,,,"Pantar, Lanao del Norte",,,,,,,Not client
,,,"Poona Piagapo, Lanao del Norte",,,,,,,Not client
,,,"Quezon, Bukidnon",,,,,,,Not client
,,,"Salvador, Lanao del Norte",,,,,,,Not client
,,,"Sapad, Lanao del Norte",,,,,,,Not client
,,,"Sumilao, Bukidnon",,,,,,,Not client
,,,"Tagoloan, Lanao del Norte",,,,,,,Not client
,,,"Talakag, Bukidnon",,,,,,,Not client
,,,"Tangcal, Lanao del Norte",,,,,,,Not client
,,,"Tubod, Lanao del Norte",,,,,,,Not client
,,,"Tudela, Misamis Occidental",,,,,,,Not client
,,,"Asuncion, Davao del Norte",,,,,,,Not client
,,,"Baganga, Davao Oriental",,,,,,,Not client
,,,"Banaybanay, Davao Oriental",,,,,,,Not client
,,,"Braulio E. Dujali, Davao del Norte",,,,,,,Not client
,,,"Caraga, Davao Oriental",,,,,,,Not client
,,,"Carmen, Davao del Norte",,,,,,,Not client
,,,"Cateel, Davao Oriental",,,,,,,Not client
,,,"City of Davao, Davao del Sur",,,,,,,Not client
,,,"City of Panabo, Davao del Norte",,,,,,,Not client
,,,"City of Tagum, Davao del Norte",,,,,,,Not client
,,,"Compostela, Davao de Oro",,,,,,,Not client
,,,"Don Marcelino, Davao Occidental",,,,,,,Not client
,,,"Governor Generoso, Davao Oriental",,,,,,,Not client
,,,"Hagonoy, Davao del Sur",,,,,,,Not client
,,,"Island Garden City of Samal, Davao del Norte",,,,,,,Not client
,,,"Jose Abad Santos, Davao Occidental",,,,,,,Not client
,,,"Kapalong, Davao del Norte",,,,,,,Not client
,,,"Kiblawan, Davao del Sur",,,,,,,Not client
,,,"Laak, Davao de Oro",,,,,,,Not client
,,,"Mabini, Davao de Oro",,,,,,,Not client
,,,"Maco, Davao de Oro",,,,,,,Not client
,,,"Malalag, Davao del Sur",,,,,,,Not client
,,,"Malita, Davao Occidental",,,,,,,Not client
,,,"Maragusan, Davao de Oro",,,,,,,Not client
,,,"Mawab, Davao de Oro",,,,,,,Not client
,,,"Monkayo, Davao de Oro",,,,,,,Not client
,,,"Montevista, Davao de Oro",,,,,,,Not client
,,,"Nabunturan, Davao de Oro",,,,,,,Not client
,,,"New Bataan, Davao de Oro",,,,,,,Not client
,,,"New Corella, Davao del Norte",,,,,,,Not client
,,,"Padada, Davao del Sur",,,,,,,Not client
,,,"Pantukan, Davao de Oro",,,,,,,Not client
,,,"San Isidro, Davao del Norte",,,,,,,Not client
,,,"Santa Maria, Davao Occidental",,,,,,,Not client
,,,"Santo Tomas, Davao del Norte",,,,,,,Not client
,,,"Sarangani, Davao Occidental",,,,,,,Not client
,,,"Talaingod, Davao del Norte",,,,,,,Not client
,,,"Alamada, Cotabato",,,,,,,Not client
,,,"Antipas, Cotabato",,,,,,,Not client
,,,"Arakan, Cotabato",,,,,,,Not client
,,,"Banga, South Cotabato",,,,,,,Not client
,,,"Carmen, Cotabato",,,,,,,Not client
,,,"City of General Santos, South Cotabato",,,,,,,Not client
,,,"City of Koronadal, South Cotabato",,,,,,,Not client
,,,"City of Tacurong, Sultan Kudarat",,,,,,,Not client
,,,"Esperanza, Sultan Kudarat",,,,,,,Not client
,,,"Glan, Sarangani",,,,,,,Not client
,,,"Isulan, Sultan Kudarat",,,,,,,Not client
,,,"Libungan, Cotabato",,,,,,,Not client
,,,"Lutayan, Sultan Kudarat",,,,,,,Not client
,,,"Magpet, Cotabato",,,,,,,Not client
,,,"Maitum, Sarangani",,,,,,,Not client
,,,"Malungon, Sarangani",,,,,,,Not client
,,,"Matalam, Cotabato",,,,,,,Not client
,,,"President Quirino, Sultan Kudarat",,,,,,,Not client
,,,"Santo Niño, South Cotabato",,,,,,,Not client
,,,"Surallah, South Cotabato",,,,,,,Not client
,,,"Tulunan, Cotabato",,,,,,,Not client
,,,"Bacuag, Surigao del Norte",,,,,,,Not client
,,,"Barobo, Surigao del Sur",,,,,,,Not client
,,,"Basilisa, Dinagat Islands",,,,,,,Not client
,,,"Bunawan, Agusan del Sur",,,,,,,Not client
,,,"Cantilan, Surigao del Sur",,,,,,,Not client
,,,"Carmen, Agusan del Norte",,,,,,,Not client
,,,"Carrascal, Surigao del Sur",,,,,,,Not client
,,,"City of Bayugan, Agusan del Sur",,,,,,,Not client
,,,"City of Butuan, Agusan del Norte",,,,,,,Not client
,,,"City of Surigao, Surigao del Norte",,,,,,,Not client
,,,"Claver, Surigao del Norte",,,,,,,Not client
,,,"Dapa, Surigao del Norte",,,,,,,Not client
,,,"Jabonga, Agusan del Norte",,,,,,,Not client
,,,"La Paz, Agusan del Sur",,,,,,,Not client
,,,"Lanuza, Surigao del Sur",,,,,,,Not client
,,,"Lianga, Surigao del Sur",,,,,,,Not client
,,,"Libjo, Dinagat Islands",,,,,,,Not client
,,,"Lingig, Surigao del Sur",,,,,,,Not client
,,,"Loreto, Agusan del Sur",,,,,,,Not client
,,,"Loreto, Dinagat Islands",,,,,,,Not client
,,,"Madrid, Surigao del Sur",,,,,,,Not client
,,,"Magallanes, Agusan del Norte",,,,,,,Not client
,,,"Malimono, Surigao del Norte",,,,,,,Not client
,,,"Nasipit, Agusan del Norte",,,,,,,Not client
,,,"Pilar, Surigao del Norte",,,,,,,Not client
,,,"Placer, Surigao del Norte",,,,,,,Not client
,,,"Prosperidad, Agusan del Sur",,,,,,,Not client
,,,"Rosario, Agusan del Sur",,,,,,,Not client
,,,"San Benito, Surigao del Norte",,,,,,,Not client
,,,"San Francisco, Surigao del Norte",,,,,,,Not client
,,,"San Luis, Agusan del Sur",,,,,,,Not client
,,,"Santa Monica, Surigao del Norte",,,,,,,Not client
,,,"Sibagat, Agusan del Sur",,,,,,,Not client
,,,"Talacogon, Agusan del Sur",,,,,,,Not client
,,,"Tubajon, Dinagat Islands",,,,,,,Not client
,,,"Tubay, Agusan del Norte",,,,,,,Not client
,,,"Abulug, Cagayan",,,,,,,Not client
,,,"Alcala, Cagayan",,,,,,,Not client
,,,"Angadanan, Isabela",,,,,,,Not client
,,,"Bagabag, Nueva Vizcaya",,,,,,,Not client
,,,"Ballesteros, Cagayan",,,,,,,Not client
,,,"Basco, Batanes",,,,,,,Not client
,,,"Bayombong, Nueva Vizcaya",,,,,,,Not client
,,,"Buguey, Cagayan",,,,,,,Not client
,,,"Calayan, Cagayan",,,,,,,Not client
,,,"City of Santiago, Isabela",,,,,,,Not client
,,,"Claveria, Cagayan",,,,,,,Not client
,,,"Cordon, Isabela",,,,,,,Not client
,,,"Dupax del Sur, Nueva Vizcaya",,,,,,,Not client
,,,"Gonzaga, Cagayan",,,,,,,Not client
,,,"Iguig, Cagayan",,,,,,,Not client
,,,"Itbayat, Batanes",,,,,,,Not client
,,,"Ivana, Batanes",,,,,,,Not client
,,,"Mahatao, Batanes",,,,,,,Not client
,,,"Piat, Cagayan",,,,,,,Not client
,,,"Quezon, Isabela",,,,,,,Not client
,,,"Quezon, Nueva Vizcaya",,,,,,,Not client
,,,"Quirino, Isabela",,,,,,,Not client
,,,"Rizal, Cagayan",,,,,,,Not client
,,,"Sabtang, Batanes",,,,,,,Not client
,,,"Saguday, Quirino",,,,,,,Not client
,,,"San Manuel, Isabela",,,,,,,Not client
,,,"Santa Fe, Nueva Vizcaya",,,,,,,Not client
,,,"Santo Niño, Cagayan",,,,,,,Not client
,,,"Solano, Nueva Vizcaya",,,,,,,Not client
,,,"Tuguegarao City, Cagayan",,,,,,,Not client
,,,"Uyugan, Batanes",,,,,,,Not client
,,,"Villaverde, Nueva Vizcaya",,,,,,,Not client
,,,"Abucay, Bataan",,,,,,,Not client
,,,"Aliaga, Nueva Ecija",,,,,,,Not client
,,,"Bagac, Bataan",,,,,,,Not client
,,,"Balagtas, Bulacan",,,,,,,Not client
,,,"Bamban, Tarlac",,,,,,,Not client
,,,"Bocaue, Bulacan",,,,,,,Not client
,,,"Bulacan, Bulacan",,,,,,,Not client
,,,"Cabangan, Zambales",,,,,,,Not client
,,,"Cabiao, Nueva Ecija",,,,,,,Not client
,,,"Calumpit, Bulacan",,,,,,,Not client
,,,"Candaba, Pampanga",,,,,,,Not client
,,,"Candelaria, Zambales",,,,,,,Not client
,,,"Carranglan, Nueva Ecija",,,,,,,Not client
,,,"City of Angeles, Pampanga",,,,,,,Not client
,,,"City of Balanga, Bataan",,,,,,,Not client
,,,"City of Baliwag, Bulacan",,,,,,,Not client
,,,"City of Cabanatuan, Nueva Ecija",,,,,,,Not client
,,,"City of Gapan, Nueva Ecija",,,,,,,Not client
,,,"City of Malolos, Bulacan",,,,,,,Not client
,,,"City of Meycauayan, Bulacan",,,,,,,Not client
,,,"City of Olongapo, Zambales",,,,,,,Not client
,,,"City of San Fernando, Pampanga",,,,,,,Not client
,,,"City of Tarlac, Tarlac",,,,,,,Not client
,,,"Concepcion, Tarlac",,,,,,,Not client
,,,"Dilasag, Aurora",,,,,,,Not client
,,,"Dinalungan, Aurora",,,,,,,Not client
,,,"Dinalupihan, Bataan",,,,,,,Not client
,,,"Doña Remedios Trinidad, Bulacan",,,,,,,Not client
,,,"Gerona, Tarlac",,,,,,,Not client
,,,"Guiguinto, Bulacan",,,,,,,Not client
,,,"Hagonoy, Bulacan",,,,,,,Not client
,,,"Hermosa, Bataan",,,,,,,Not client
,,,"Iba, Zambales",,,,,,,Not client
,,,"Jaen, Nueva Ecija",,,,,,,Not client
,,,"La Paz, Tarlac",,,,,,,Not client
,,,"Laur, Nueva Ecija",,,,,,,Not client
,,,"Lubao, Pampanga",,,,,,,Not client
,,,"Lupao, Nueva Ecija",,,,,,,Not client
,,,"Marilao, Bulacan",,,,,,,Not client
,,,"Mariveles, Bataan",,,,,,,Not client
,,,"Masantol, Pampanga",,,,,,,Not client
,,,"Masinloc, Zambales",,,,,,,Not client
,,,"Nampicuan, Nueva Ecija",,,,,,,Not client
,,,"Norzagaray, Bulacan",,,,,,,Not client
,,,"Orion, Bataan",,,,,,,Not client
,,,"Palauig, Zambales",,,,,,,Not client
,,,"Pantabangan, Nueva Ecija",,,,,,,Not client
,,,"Peñaranda, Nueva Ecija",,,,,,,Not client
,,,"Plaridel, Bulacan",,,,,,,Not client
,,,"Porac, Pampanga",,,,,,,Not client
,,,"Pulilan, Bulacan",,,,,,,Not client
,,,"Ramos, Tarlac",,,,,,,Not client
,,,"San Antonio, Nueva Ecija",,,,,,,Not client
,,,"San Clemente, Tarlac",,,,,,,Not client
,,,"San Isidro, Nueva Ecija",,,,,,,Not client
,,,"San Jose City, Nueva Ecija",,,,,,,Not client
,,,"San Leonardo, Nueva Ecija",,,,,,,Not client
,,,"San Miguel, Bulacan",,,,,,,Not client
,,,"San Rafael, Bulacan",,,,,,,Not client
,,,"San Simon, Pampanga",,,,,,,Not client
,,,"Santa Ana, Pampanga",,,,,,,Not client
,,,"Santa Cruz, Zambales",,,,,,,Not client
,,,"Santa Maria, Bulacan",,,,,,,Not client
,,,"Santa Rita, Pampanga",,,,,,,Not client
,,,"Santa Rosa, Nueva Ecija",,,,,,,Not client
,,,"Sasmuan, Pampanga",,,,,,,Not client
,,,"Sto. Tomas, Pampanga",,,,,,,Not client
,,,"Talavera, Nueva Ecija",,,,,,,Not client
,,,"Victoria, Tarlac",,,,,,,Not client
,,,"Zaragoza, Nueva Ecija",,,,,,,Not client
,,,"Agdangan, Quezon",,,,,,,Not client
,,,"Alaminos, Laguna",,,,,,,Not client
,,,"Amadeo, Cavite",,,,,,,Not client
,,,"Angono, Rizal",,,,,,,Not client
,,,"Atimonan, Quezon",,,,,,,Not client
,,,"Balayan, Batangas",,,,,,,Not client
,,,"Balete, Batangas",,,,,,,Not client
,,,"Baras, Rizal",,,,,,,Not client
,,,"Batangas City, Batangas",,,,,,,Not client
,,,"Bauan, Batangas",,,,,,,Not client
,,,"Bay, Laguna",,,,,,,Not client
,,,"Binangonan, Rizal",,,,,,,Not client
,,,"Buenavista, Quezon",,,,,,,Not client
,,,"Burdeos, Quezon",,,,,,,Not client
,,,"Cainta, Rizal",,,,,,,Not client
,,,"Calatagan, Batangas",,,,,,,Not client
,,,"Candelaria, Quezon",,,,,,,Not client
,,,"Catanauan, Quezon",,,,,,,Not client
,,,"Cavinti, Laguna",,,,,,,Not client
,,,"City of Antipolo, Rizal",,,,,,,Not client
,,,"City of Bacoor, Cavite",,,,,,,Not client
,,,"City of Biñan, Laguna",,,,,,,Not client
,,,"City of Cabuyao, Laguna",,,,,,,Not client
,,,"City of Calaca, Batangas",,,,,,,Not client
,,,"City of Calamba, Laguna",,,,,,,Not client
,,,"City of Carmona, Cavite",,,,,,,Not client
,,,"City of Cavite, Cavite",,,,,,,Not client
,,,"City of Dasmariñas, Cavite",,,,,,,Not client
,,,"City of General Trias, Cavite",,,,,,,Not client
,,,"City of Imus, Cavite",,,,,,,Not client
,,,"City of Lipa, Batangas",,,,,,,Not client
,,,"City of Lucena, Quezon",,,,,,,Not client
,,,"City of San Pablo, Laguna",,,,,,,Not client
,,,"City of San Pedro, Laguna",,,,,,,Not client
,,,"City of Santa Rosa, Laguna",,,,,,,Not client
,,,"City of Sto. Tomas, Batangas",,,,,,,Not client
,,,"City of Tagaytay, Cavite",,,,,,,Not client
,,,"City of Tanauan, Batangas",,,,,,,Not client
,,,"City of Tayabas, Quezon",,,,,,,Not client
,,,"City of Trece Martires, Cavite",,,,,,,Not client
,,,"Cuenca, Batangas",,,,,,,Not client
,,,"Dolores, Quezon",,,,,,,Not client
,,,"Famy, Laguna",,,,,,,Not client
,,,"Gen. Mariano Alvarez, Cavite",,,,,,,Not client
,,,"General Emilio Aguinaldo, Cavite",,,,,,,Not client
,,,"General Luna, Quezon",,,,,,,Not client
,,,"General Nakar, Quezon",,,,,,,Not client
,,,"Guinayangan, Quezon",,,,,,,Not client
,,,"Ibaan, Batangas",,,,,,,Not client
,,,"Indang, Cavite",,,,,,,Not client
,,,"Jala-Jala, Rizal",,,,,,,Not client
,,,"Jomalig, Quezon",,,,,,,Not client
,,,"Kalayaan, Laguna",,,,,,,Not client
,,,"Kawit, Cavite",,,,,,,Not client
,,,"Lemery, Batangas",,,,,,,Not client
,,,"Lian, Batangas",,,,,,,Not client
,,,"Liliw, Laguna",,,,,,,Not client
,,,"Los Baños, Laguna",,,,,,,Not client
,,,"Lucban, Quezon",,,,,,,Not client
,,,"Luisiana, Laguna",,,,,,,Not client
,,,"Mabini, Batangas",,,,,,,Not client
,,,"Mabitac, Laguna",,,,,,,Not client
,,,"Macalelon, Quezon",,,,,,,Not client
,,,"Magdalena, Laguna",,,,,,,Not client
,,,"Majayjay, Laguna",,,,,,,Not client
,,,"Malvar, Batangas",,,,,,,Not client
,,,"Maragondon, Cavite",,,,,,,Not client
,,,"Mauban, Quezon",,,,,,,Not client
,,,"Mendez, Cavite",,,,,,,Not client
,,,"Morong, Rizal",,,,,,,Not client
,,,"Mulanay, Quezon",,,,,,,Not client
,,,"Nagcarlan, Laguna",,,,,,,Not client
,,,"Nasugbu, Batangas",,,,,,,Not client
,,,"Padre Burgos, Quezon",,,,,,,Not client
,,,"Padre Garcia, Batangas",,,,,,,Not client
,,,"Pagbilao, Quezon",,,,,,,Not client
,,,"Pagsanjan, Laguna",,,,,,,Not client
,,,"Pakil, Laguna",,,,,,,Not client
,,,"Pangil, Laguna",,,,,,,Not client
,,,"Panukulan, Quezon",,,,,,,Not client
,,,"Patnanungan, Quezon",,,,,,,Not client
,,,"Perez, Quezon",,,,,,,Not client
,,,"Pila, Laguna",,,,,,,Not client
,,,"Pililla, Rizal",,,,,,,Not client
,,,"Pitogo, Quezon",,,,,,,Not client
,,,"Plaridel, Quezon",,,,,,,Not client
,,,"Polillo, Quezon",,,,,,,Not client
,,,"Quezon, Quezon",,,,,,,Not client
,,,"Real, Quezon",,,,,,,Not client
,,,"Rodriguez, Rizal",,,,,,,Not client
,,,"Rosario, Batangas",,,,,,,Not client
,,,"Rosario, Cavite",,,,,,,Not client
,,,"San Andres, Quezon",,,,,,,Not client
,,,"San Antonio, Quezon",,,,,,,Not client
,,,"San Francisco, Quezon",,,,,,,Not client
,,,"San Jose, Batangas",,,,,,,Not client
,,,"San Juan, Batangas",,,,,,,Not client
,,,"San Luis, Batangas",,,,,,,Not client
,,,"San Mateo, Rizal",,,,,,,Not client
,,,"San Narciso, Quezon",,,,,,,Not client
,,,"Santa Cruz, Laguna",,,,,,,Not client
,,,"Santa Maria, Laguna",,,,,,,Not client
,,,"Sariaya, Quezon",,,,,,,Not client
,,,"Silang, Cavite",,,,,,,Not client
,,,"Taal, Batangas",,,,,,,Not client
,,,"Tagkawayan, Quezon",,,,,,,Not client
,,,"Tanay, Rizal",,,,,,,Not client
,,,"Taysan, Batangas",,,,,,,Not client
,,,"Taytay, Rizal",,,,,,,Not client
,,,"Teresa, Rizal",,,,,,,Not client
,,,"Ternate, Cavite",,,,,,,Not client
,,,"Tiaong, Quezon",,,,,,,Not client
,,,"Tingloy, Batangas",,,,,,,Not client
,,,"Tuy, Batangas",,,,,,,Not client
,,,"Unisan, Quezon",,,,,,,Not client
,,,"Victoria, Laguna",,,,,,,Not client
,,,"Agutaya, Palawan",,,,,,,Not client
,,,"Araceli, Palawan",,,,,,,Not client
,,,"Balabac, Palawan",,,,,,,Not client
,,,"Bansud, Oriental Mindoro",,,,,,,Not client
,,,"Bataraza, Palawan",,,,,,,Not client
,,,"Boac, Marinduque",,,,,,,Not client
,,,"Buenavista, Marinduque",,,,,,,Not client
,,,"Cagayancillo, Palawan",,,,,,,Not client
,,,"Cajidiocan, Romblon",,,,,,,Not client
,,,"City of Calapan, Oriental Mindoro",,,,,,,Not client
,,,"City of Puerto Princesa, Palawan",,,,,,,Not client
,,,"Concepcion, Romblon",,,,,,,Not client
,,,"Corcuera, Romblon",,,,,,,Not client
,,,"Cuyo, Palawan",,,,,,,Not client
,,,"Dumaran, Palawan",,,,,,,Not client
,,,"El Nido, Palawan",,,,,,,Not client
,,,"Gasan, Marinduque",,,,,,,Not client
,,,"Kalayaan, Palawan",,,,,,,Not client
,,,"Linapacan, Palawan",,,,,,,Not client
,,,"Magdiwang, Romblon",,,,,,,Not client
,,,"Magsaysay, Palawan",,,,,,,Not client
,,,"Mansalay, Oriental Mindoro",,,,,,,Not client
,,,"Mogpog, Marinduque",,,,,,,Not client
,,,"Odiongan, Romblon",,,,,,,Not client
,,,"Paluan, Occidental Mindoro",,,,,,,Not client
,,,"Pola, Oriental Mindoro",,,,,,,Not client
,,,"Puerto Galera, Oriental Mindoro",,,,,,,Not client
,,,"Romblon, Romblon",,,,,,,Not client
,,,"Roxas, Oriental Mindoro",,,,,,,Not client
,,,"Roxas, Palawan",,,,,,,Not client
,,,"San Agustin, Romblon",,,,,,,Not client
,,,"Santa Maria, Romblon",,,,,,,Not client
,,,"Sofronio Española, Palawan",,,,,,,Not client
,,,"Taytay, Palawan",,,,,,,Not client
,,,"Torrijos, Marinduque",,,,,,,Not client
,,,"Victoria, Oriental Mindoro",,,,,,,Not client
,,,"Aroroy, Masbate",,,,,,,Not client
,,,"Baao, Camarines Sur",,,,,,,Not client
,,,"Bagamanoc, Catanduanes",,,,,,,Not client
,,,"Baleno, Masbate",,,,,,,Not client
,,,"Balud, Masbate",,,,,,,Not client
,,,"Baras, Catanduanes",,,,,,,Not client
,,,"Bato, Camarines Sur",,,,,,,Not client
,,,"Bato, Catanduanes",,,,,,,Not client
,,,"Batuan, Masbate",,,,,,,Not client
,,,"Bombon, Camarines Sur",,,,,,,Not client
,,,"Buhi, Camarines Sur",,,,,,,Not client
,,,"Bula, Camarines Sur",,,,,,,Not client
,,,"Bulan, Sorsogon",,,,,,,Not client
,,,"Cabusao, Camarines Sur",,,,,,,Not client
,,,"Calabanga, Camarines Sur",,,,,,,Not client
,,,"Camaligan, Camarines Sur",,,,,,,Not client
,,,"Caramoan, Camarines Sur",,,,,,,Not client
,,,"Caramoran, Catanduanes",,,,,,,Not client
,,,"Casiguran, Sorsogon",,,,,,,Not client
,,,"Castilla, Sorsogon",,,,,,,Not client
,,,"City of Iriga, Camarines Sur",,,,,,,Not client
,,,"City of Legazpi, Albay",,,,,,,Not client
,,,"City of Ligao, Albay",,,,,,,Not client
,,,"City of Masbate, Masbate",,,,,,,Not client
,,,"City of Naga, Camarines Sur",,,,,,,Not client
,,,"City of Sorsogon, Sorsogon",,,,,,,Not client
,,,"City of Tabaco, Albay",,,,,,,Not client
,,,"Claveria, Masbate",,,,,,,Not client
,,,"Daet, Camarines Norte",,,,,,,Not client
,,,"Daraga, Albay",,,,,,,Not client
,,,"Del Gallego, Camarines Sur",,,,,,,Not client
,,,"Dimasalang, Masbate",,,,,,,Not client
,,,"Donsol, Sorsogon",,,,,,,Not client
,,,"Esperanza, Masbate",,,,,,,Not client
,,,"Gainza, Camarines Sur",,,,,,,Not client
,,,"Garchitorena, Camarines Sur",,,,,,,Not client
,,,"Gigmoto, Catanduanes",,,,,,,Not client
,,,"Goa, Camarines Sur",,,,,,,Not client
,,,"Gubat, Sorsogon",,,,,,,Not client
,,,"Guinobatan, Albay",,,,,,,Not client
,,,"Irosin, Sorsogon",,,,,,,Not client
,,,"Jose Panganiban, Camarines Norte",,,,,,,Not client
,,,"Jovellar, Albay",,,,,,,Not client
,,,"Juban, Sorsogon",,,,,,,Not client
,,,"Lagonoy, Camarines Sur",,,,,,,Not client
,,,"Libmanan, Camarines Sur",,,,,,,Not client
,,,"Lupi, Camarines Sur",,,,,,,Not client
,,,"Magallanes, Sorsogon",,,,,,,Not client
,,,"Magarao, Camarines Sur",,,,,,,Not client
,,,"Malilipot, Albay",,,,,,,Not client
,,,"Malinao, Albay",,,,,,,Not client
,,,"Manito, Albay",,,,,,,Not client
,,,"Matnog, Sorsogon",,,,,,,Not client
,,,"Mercedes, Camarines Norte",,,,,,,Not client
,,,"Milagros, Masbate",,,,,,,Not client
,,,"Milaor, Camarines Sur",,,,,,,Not client
,,,"Nabua, Camarines Sur",,,,,,,Not client
,,,"Oas, Albay",,,,,,,Not client
,,,"Ocampo, Camarines Sur",,,,,,,Not client
,,,"Palanas, Masbate",,,,,,,Not client
,,,"Pamplona, Camarines Sur",,,,,,,Not client
,,,"Pandan, Catanduanes",,,,,,,Not client
,,,"Pasacao, Camarines Sur",,,,,,,Not client
,,,"Pilar, Sorsogon",,,,,,,Not client
,,,"Pili, Camarines Sur",,,,,,,Not client
,,,"Pio Duran, Albay",,,,,,,Not client
,,,"Pio V. Corpus, Masbate",,,,,,,Not client
,,,"Placer, Masbate",,,,,,,Not client
,,,"Polangui, Albay",,,,,,,Not client
,,,"Presentacion, Camarines Sur",,,,,,,Not client
,,,"Prieto Diaz, Sorsogon",,,,,,,Not client
,,,"Rapu-Rapu, Albay",,,,,,,Not client
,,,"Sagñay, Camarines Sur",,,,,,,Not client
,,,"San Andres, Catanduanes",,,,,,,Not client
,,,"San Fernando, Camarines Sur",,,,,,,Not client
,,,"San Fernando, Masbate",,,,,,,Not client
,,,"San Jacinto, Masbate",,,,,,,Not client
,,,"San Lorenzo Ruiz, Camarines Norte",,,,,,,Not client
,,,"San Miguel, Catanduanes",,,,,,,Not client
,,,"San Pascual, Masbate",,,,,,,Not client
,,,"San Vicente, Camarines Norte",,,,,,,Not client
,,,"Santa Elena, Camarines Norte",,,,,,,Not client
,,,"Santa Magdalena, Sorsogon",,,,,,,Not client
,,,"Santo Domingo, Albay",,,,,,,Not client
,,,"Sipocot, Camarines Sur",,,,,,,Not client
,,,"Siruma, Camarines Sur",,,,,,,Not client
,,,"Talisay, Camarines Norte",,,,,,,Not client
,,,"Tigaon, Camarines Sur",,,,,,,Not client
,,,"Tinambac, Camarines Sur",,,,,,,Not client
,,,"Tiwi, Albay",,,,,,,Not client
,,,"Uson, Masbate",,,,,,,Not client
,,,"Viga, Catanduanes",,,,,,,Not client
,,,"Vinzons, Camarines Norte",,,,,,,Not client
,,,"Ajuy, Iloilo",,,,,,,Not client
,,,"Altavas, Aklan",,,,,,,Not client
,,,"Anini-Y, Antique",,,,,,,Not client
,,,"Badiangan, Iloilo",,,,,,,Not client
,,,"Balasan, Iloilo",,,,,,,Not client
,,,"Banga, Aklan",,,,,,,Not client
,,,"Barotac Viejo, Iloilo",,,,,,,Not client
,,,"Batan, Aklan",,,,,,,Not client
,,,"Buenavista, Guimaras",,,,,,,Not client
,,,"Bugasong, Antique",,,,,,,Not client
,,,"Caluya, Antique",,,,,,,Not client
,,,"City of Roxas, Capiz",,,,,,,Not client
,,,"Culasi, Antique",,,,,,,Not client
,,,"Dao, Capiz",,,,,,,Not client
,,,"Dingle, Iloilo",,,,,,,Not client
,,,"Dumalag, Capiz",,,,,,,Not client
,,,"Dumangas, Iloilo",,,,,,,Not client
,,,"Estancia, Iloilo",,,,,,,Not client
,,,"Hamtic, Antique",,,,,,,Not client
,,,"Ibajay, Aklan",,,,,,,Not client
,,,"Igbaras, Iloilo",,,,,,,Not client
,,,"Ivisan, Capiz",,,,,,,Not client
,,,"Janiuay, Iloilo",,,,,,,Not client
,,,"Jordan, Guimaras",,,,,,,Not client
,,,"Kalibo, Aklan",,,,,,,Not client
,,,"Laua-An, Antique",,,,,,,Not client
,,,"Lemery, Iloilo",,,,,,,Not client
,,,"Libacao, Aklan",,,,,,,Not client
,,,"Madalag, Aklan",,,,,,,Not client
,,,"Makato, Aklan",,,,,,,Not client
,,,"Malay, Aklan",,,,,,,Not client
,,,"Miagao, Iloilo",,,,,,,Not client
,,,"Nabas, Aklan",,,,,,,Not client
,,,"Nueva Valencia, Guimaras",,,,,,,Not client
,,,"Numancia, Aklan",,,,,,,Not client
,,,"Panay, Capiz",,,,,,,Not client
,,,"Patnongon, Antique",,,,,,,Not client
,,,"Pavia, Iloilo",,,,,,,Not client
,,,"Pilar, Capiz",,,,,,,Not client
,,,"Pontevedra, Capiz",,,,,,,Not client
,,,"President Roxas, Capiz",,,,,,,Not client
,,,"San Dionisio, Iloilo",,,,,,,Not client
,,,"San Enrique, Iloilo",,,,,,,Not client
,,,"San Jose, Antique",,,,,,,Not client
,,,"San Lorenzo, Guimaras",,,,,,,Not client
,,,"San Rafael, Iloilo",,,,,,,Not client
,,,"Sibunag, Guimaras",,,,,,,Not client
,,,"Sigma, Capiz",,,,,,,Not client
,,,"Tobias Fornier, Antique",,,,,,,Not client
,,,"Tubungan, Iloilo",,,,,,,Not client
,,,"Alburquerque, Bohol",,,,,,,Not client
,,,"Alicia, Bohol",,,,,,,Not client
,,,"Anda, Bohol",,,,,,,Not client
,,,"Antequera, Bohol",,,,,,,Not client
,,,"Asturias, Cebu",,,,,,,Not client
,,,"Baclayon, Bohol",,,,,,,Not client
,,,"Badian, Cebu",,,,,,,Not client
,,,"Balilihan, Bohol",,,,,,,Not client
,,,"Bantayan, Cebu",,,,,,,Not client
,,,"Barili, Cebu",,,,,,,Not client
,,,"Batuan, Bohol",,,,,,,Not client
,,,"Bien Unido, Bohol",,,,,,,Not client
,,,"Bilar, Bohol",,,,,,,Not client
,,,"Boljoon, Cebu",,,,,,,Not client
,,,"Borbon, Cebu",,,,,,,Not client
,,,"Buenavista, Bohol",,,,,,,Not client
,,,"Calape, Bohol",,,,,,,Not client
,,,"Candijay, Bohol",,,,,,,Not client
,,,"Carmen, Bohol",,,,,,,Not client
,,,"Carmen, Cebu",,,,,,,Not client
,,,"Catigbian, Bohol",,,,,,,Not client
,,,"City of Bogo, Cebu",,,,,,,Not client
,,,"City of Carcar, Cebu",,,,,,,Not client
,,,"City of Cebu, Cebu",,,,,,,Not client
,,,"City of Lapu-Lapu, Cebu",,,,,,,Not client
,,,"City of Mandaue, Cebu",,,,,,,Not client
,,,"City of Naga, Cebu",,,,,,,Not client
,,,"City of Tagbilaran, Bohol",,,,,,,Not client
,,,"City of Talisay, Cebu",,,,,,,Not client
,,,"City of Toledo, Cebu",,,,,,,Not client
,,,"Clarin, Bohol",,,,,,,Not client
,,,"Compostela, Cebu",,,,,,,Not client
,,,"Consolacion, Cebu",,,,,,,Not client
,,,"Cortes, Bohol",,,,,,,Not client
,,,"Dagohoy, Bohol",,,,,,,Not client
,,,"Dalaguete, Cebu",,,,,,,Not client
,,,"Danao City, Cebu",,,,,,,Not client
,,,"Danao, Bohol",,,,,,,Not client
,,,"Dauis, Bohol",,,,,,,Not client
,,,"Dimiao, Bohol",,,,,,,Not client
,,,"Duero, Bohol",,,,,,,Not client
,,,"Dumanjug, Cebu",,,,,,,Not client
,,,"Garcia Hernandez, Bohol",,,,,,,Not client
,,,"Getafe, Bohol",,,,,,,Not client
,,,"Guindulman, Bohol",,,,,,,Not client
,,,"Inabanga, Bohol",,,,,,,Not client
,,,"Jagna, Bohol",,,,,,,Not client
,,,"Lila, Bohol",,,,,,,Not client
,,,"Liloan, Cebu",,,,,,,Not client
,,,"Loboc, Bohol",,,,,,,Not client
,,,"Loon, Bohol",,,,,,,Not client
,,,"Mabini, Bohol",,,,,,,Not client
,,,"Maribojoc, Bohol",,,,,,,Not client
,,,"Medellin, Cebu",,,,,,,Not client
,,,"Minglanilla, Cebu",,,,,,,Not client
,,,"Moalboal, Cebu",,,,,,,Not client
,,,"Oslob, Cebu",,,,,,,Not client
,,,"Panglao, Bohol",,,,,,,Not client
,,,"Pilar, Bohol",,,,,,,Not client
,,,"Pilar, Cebu",,,,,,,Not client
,,,"President Carlos P. Garcia, Bohol",,,,,,,Not client
,,,"Ronda, Cebu",,,,,,,Not client
,,,"Sagbayan, Bohol",,,,,,,Not client
,,,"Samboan, Cebu",,,,,,,Not client
,,,"San Fernando, Cebu",,,,,,,Not client
,,,"San Francisco, Cebu",,,,,,,Not client
,,,"San Isidro, Bohol",,,,,,,Not client
,,,"San Miguel, Bohol",,,,,,,Not client
,,,"Santa Fe, Cebu",,,,,,,Not client
,,,"Santander, Cebu",,,,,,,Not client
,,,"Sibonga, Cebu",,,,,,,Not client
,,,"Sierra Bullones, Bohol",,,,,,,Not client
,,,"Sikatuna, Bohol",,,,,,,Not client
,,,"Tabogon, Cebu",,,,,,,Not client
,,,"Tabuelan, Cebu",,,,,,,Not client
,,,"Talibon, Bohol",,,,,,,Not client
,,,"Trinidad, Bohol",,,,,,,Not client
,,,"Tubigon, Bohol",,,,,,,Not client
,,,"Ubay, Bohol",,,,,,,Not client
,,,"Valencia, Bohol",,,,,,,Not client
,,,"Abuyog, Leyte",,,,,,,Not client
,,,"Alangalang, Leyte",,,,,,,Not client
,,,"Allen, Northern Samar",,,,,,,Not client
,,,"Almagro, Samar",,,,,,,Not client
,,,"Almeria, Biliran",,,,,,,Not client
,,,"Arteche, Eastern Samar",,,,,,,Not client
,,,"Babatngon, Leyte",,,,,,,Not client
,,,"Balangiga, Eastern Samar",,,,,,,Not client
,,,"Basey, Samar",,,,,,,Not client
,,,"Bato, Leyte",,,,,,,Not client
,,,"Biri, Northern Samar",,,,,,,Not client
,,,"Bontoc, Southern Leyte",,,,,,,Not client
,,,"Burauen, Leyte",,,,,,,Not client
,,,"Caibiran, Biliran",,,,,,,Not client
,,,"Calbiga, Samar",,,,,,,Not client
,,,"Capoocan, Leyte",,,,,,,Not client
,,,"Capul, Northern Samar",,,,,,,Not client
,,,"Carigara, Leyte",,,,,,,Not client
,,,"Catarman, Northern Samar",,,,,,,Not client
,,,"City of Baybay, Leyte",,,,,,,Not client
,,,"City of Calbayog, Samar",,,,,,,Not client
,,,"City of Tacloban, Leyte",,,,,,,Not client
,,,"Culaba, Biliran",,,,,,,Not client
,,,"Dagami, Leyte",,,,,,,Not client
,,,"Dulag, Leyte",,,,,,,Not client
,,,"General Macarthur, Eastern Samar",,,,,,,Not client
,,,"Giporlos, Eastern Samar",,,,,,,Not client
,,,"Hernani, Eastern Samar",,,,,,,Not client
,,,"Hilongos, Leyte",,,,,,,Not client
,,,"Hinabangan, Samar",,,,,,,Not client
,,,"Hindang, Leyte",,,,,,,Not client
,,,"Isabel, Leyte",,,,,,,Not client
,,,"Jaro, Leyte",,,,,,,Not client
,,,"Javier, Leyte",,,,,,,Not client
,,,"Jipapad, Eastern Samar",,,,,,,Not client
,,,"Julita, Leyte",,,,,,,Not client
,,,"La Paz, Leyte",,,,,,,Not client
,,,"Laoang, Northern Samar",,,,,,,Not client
,,,"Las Navas, Northern Samar",,,,,,,Not client
,,,"Llorente, Eastern Samar",,,,,,,Not client
,,,"Macarthur, Leyte",,,,,,,Not client
,,,"Mapanas, Northern Samar",,,,,,,Not client
,,,"Marabut, Samar",,,,,,,Not client
,,,"Maripipi, Biliran",,,,,,,Not client
,,,"Maslog, Eastern Samar",,,,,,,Not client
,,,"Matuguinao, Samar",,,,,,,Not client
,,,"Mayorga, Leyte",,,,,,,Not client
,,,"Mercedes, Eastern Samar",,,,,,,Not client
,,,"Mondragon, Northern Samar",,,,,,,Not client
,,,"Ormoc City, Leyte",,,,,,,Not client
,,,"Pagsanghan, Samar",,,,,,,Not client
,,,"Palo, Leyte",,,,,,,Not client
,,,"Palompon, Leyte",,,,,,,Not client
,,,"Pambujan, Northern Samar",,,,,,,Not client
,,,"Pinabacdao, Samar",,,,,,,Not client
,,,"Rosario, Northern Samar",,,,,,,Not client
,,,"Saint Bernard, Southern Leyte",,,,,,,Not client
,,,"San Isidro, Leyte",,,,,,,Not client
,,,"San Isidro, Northern Samar",,,,,,,Not client
,,,"San Jorge, Samar",,,,,,,Not client
,,,"San Jose De Buan, Samar",,,,,,,Not client
,,,"San Jose, Northern Samar",,,,,,,Not client
,,,"San Policarpo, Eastern Samar",,,,,,,Not client
,,,"San Sebastian, Samar",,,,,,,Not client
,,,"San Vicente, Northern Samar",,,,,,,Not client
,,,"Santa Rita, Samar",,,,,,,Not client
,,,"Santo Niño, Samar",,,,,,,Not client
,,,"Silvino Lobos, Northern Samar",,,,,,,Not client
,,,"Tabango, Leyte",,,,,,,Not client
,,,"Taft, Eastern Samar",,,,,,,Not client
,,,"Tagapul-An, Samar",,,,,,,Not client
,,,"Talalora, Samar",,,,,,,Not client
,,,"Tanauan, Leyte",,,,,,,Not client
,,,"Tolosa, Leyte",,,,,,,Not client
,,,"Tunga, Leyte",,,,,,,Not client
,,,"Villaba, Leyte",,,,,,,Not client
,,,"Alicia, Zamboanga Sibugay",,,,,,,Not client
,,,"Aurora, Zamboanga del Sur",,,,,,,Not client
,,,"Baliguian, Zamboanga del Norte",,,,,,,Not client
,,,"Bayog, Zamboanga del Sur",,,,,,,Not client
,,,"Buug, Zamboanga Sibugay",,,,,,,Not client
,,,"City of Dapitan, Zamboanga del Norte",,,,,,,Not client
,,,"City of Dipolog, Zamboanga del Norte",,,,,,,Not client
,,,"City of Pagadian, Zamboanga del Sur",,,,,,,Not client
,,,"City of Zamboanga, Zamboanga del Sur",,,,,,,Not client
,,,"Dinas, Zamboanga del Sur",,,,,,,Not client
,,,"Dumingag, Zamboanga del Sur",,,,,,,Not client
,,,"Godod, Zamboanga del Norte",,,,,,,Not client
,,,"Imelda, Zamboanga Sibugay",,,,,,,Not client
,,,"Ipil, Zamboanga Sibugay",,,,,,,Not client
,,,"Jose Dalman, Zamboanga del Norte",,,,,,,Not client
,,,"Kalawit, Zamboanga del Norte",,,,,,,Not client
,,,"Katipunan, Zamboanga del Norte",,,,,,,Not client
,,,"Kumalarang, Zamboanga del Sur",,,,,,,Not client
,,,"La Libertad, Zamboanga del Norte",,,,,,,Not client
,,,"Labangan, Zamboanga del Sur",,,,,,,Not client
,,,"Lakewood, Zamboanga del Sur",,,,,,,Not client
,,,"Lapuyan, Zamboanga del Sur",,,,,,,Not client
,,,"Liloy, Zamboanga del Norte",,,,,,,Not client
,,,"Mabuhay, Zamboanga Sibugay",,,,,,,Not client
,,,"Malangas, Zamboanga Sibugay",,,,,,,Not client
,,,"Manukan, Zamboanga del Norte",,,,,,,Not client
,,,"Margosatubig, Zamboanga del Sur",,,,,,,Not client
,,,"Midsalip, Zamboanga del Sur",,,,,,,Not client
,,,"Mutia, Zamboanga del Norte",,,,,,,Not client
,,,"Naga, Zamboanga Sibugay",,,,,,,Not client
,,,"Olutanga, Zamboanga Sibugay",,,,,,,Not client
,,,"Payao, Zamboanga Sibugay",,,,,,,Not client
,,,"Piñan, Zamboanga del Norte",,,,,,,Not client
,,,"Pitogo, Zamboanga del Sur",,,,,,,Not client
,,,"Pres. Manuel A. Roxas, Zamboanga del Norte",,,,,,,Not client
,,,"Rizal, Zamboanga del Norte",,,,,,,Not client
,,,"Roseller Lim, Zamboanga Sibugay",,,,,,,Not client
,,,"San Miguel, Zamboanga del Sur",,,,,,,Not client
,,,"Sergio Osmeña Sr., Zamboanga del Norte",,,,,,,Not client
,,,"Siay, Zamboanga Sibugay",,,,,,,Not client
,,,"Sibuco, Zamboanga del Norte",,,,,,,Not client
,,,"Sibutad, Zamboanga del Norte",,,,,,,Not client
,,,"Siocon, Zamboanga del Norte",,,,,,,Not client
,,,"Sirawai, Zamboanga del Norte",,,,,,,Not client
,,,"Sominot, Zamboanga del Sur",,,,,,,Not client
,,,"Tabina, Zamboanga del Sur",,,,,,,Not client
,,,"Talusan, Zamboanga Sibugay",,,,,,,Not client
,,,"Titay, Zamboanga Sibugay",,,,,,,Not client
,,,"Tukuran, Zamboanga del Sur",,,,,,,Not client
,,,"Tungawan, Zamboanga Sibugay",,,,,,,Not client
,,,"Vincenzo A. Sagun, Zamboanga del Sur",,,,,,,Not client