ID,,REPORTING PERIOD,,MONTHLY UTILIZATION STATUS,,,,,,,,LGU PROFILE,,,,,,,
REPORT,PERIOD,YEAR,MONTH,LGU FULL NAME,MONTHLY STATUS,PROGRESS RATE,CONCERNS,ACTION ITEMS,OTHER REMARKS,UNIVERSAL STATUS,MPAR,GEOCODE,C/M,PROVINCE,REGION,LEVEL,INCOME CLASS,DICT RO,SORT
REPORT ID,PERIOD ID,YEAR,MONTH,LGU NAME,STATUS,PROGRESS RATE,CONCERNS,ACTION ITEMS,OTHER REMARKS,USTATUS,MPAR,NEW GEOCODE,NAME,PROVINCE,REGION,LEVEL,INCOME CLASS,DICT RO,SORT
[2024-01] 08-037-01-000,2024-01,2024,[01] January,"Abuyog, Leyte",[2] Pilot Testing,80%,Nonresponsive LGU,,Nonresponsive LGU,[B] Developmental,B,08-037-01-000,Abuyog,Leyte,Region VIII (Eastern Visayas),Municipality,1st*,R8,K
[2024-01] 04-056-02-000,2024-01,2024,[01] January,"Alabat, Quezon",[1] Operational,,,,,[A] Operational,B,04-056-02-000,Alabat,Quezon,Region IV-A (CALABARZON),Municipality,5th,R4A,F
[2024-01] 08-037-02-000,2024-01,2024,[01] January,"Alangalang, Leyte",[1] Operational,,,,Normal Operations ,[A] Operational,A,08-037-02-000,Alangalang,Leyte,Region VIII (Eastern Visayas),Municipality,2nd,R8,K
[2024-01] 07-022-01-000,2024-01,2024,[01] January,"Alcantara, Cebu",[3] Ongoing Data Build-up,90%,,,LGU is unresponsive for calls and messages,[B] Developmental,B,07-022-01-000,Alcantara,Cebu,Region VII (Central Visayas),Municipality,5th,R7,J
[2024-01] 04-021-01-000,2024-01,2024,[01] January,"Alfonso, Cavite",[3] Ongoing Data Build-up,50%,,,,[B] Developmental,B,04-021-01-000,Alfonso,Cavite,Region IV-A (CALABARZON),Municipality,1st,R4A,F
[2024-01] 03-049-01-000,2024-01,2024,[01] January,"Aliaga, Nueva Ecija",[8] Withdraw,,,,,[D] Withdraw,B,03-049-01-000,Aliaga,Nueva Ecija,Region III (Central Luzon),Municipality,2nd,R3,E
[2024-01] 06-030-02-000,2024-01,2024,[01] January,"Alimodian, Iloilo",[1] Operational,,,,,[A] Operational,B,06-030-02-000,Alimodian,Iloilo,Region VI (Western Visayas),Municipality,3rd,R6,I
[2024-01] 04-021-02-000,2024-01,2024,[01] January,"Amadeo, Cavite",[2] Pilot Testing,60%,,,,[B] Developmental,B,04-021-02-000,Amadeo,Cavite,Region IV-A (CALABARZON),Municipality,4th,R4A,F
[2024-01] 07-046-01-000,2024-01,2024,[01] January,"Amlan, Negros Oriental",[3] Ongoing Data Build-up,25%,Internal problem in using the system ,LGU will call back once they fixed the problem internally,,[B] Developmental,B,07-046-01-000,Amlan,Negros Oriental,Region VII (Central Visayas),Municipality,4th,R7,J
[2024-01] 06-030-03-000,2024-01,2024,[01] January,"Anilao, Iloilo",[1] Operational,,,,,[A] Operational,B,06-030-03-000,Anilao,Iloilo,Region VI (Western Visayas),Municipality,4th,R6,I
[2024-01] 03-054-03-000,2024-01,2024,[01] January,"Arayat, Pampanga",[1] Operational,,,,,[A] Operational,A,03-054-03-000,Arayat,Pampanga,Region III (Central Luzon),Municipality,1st,R3,E
[2024-01] 07-022-05-000,2024-01,2024,[01] January,"Argao, Cebu",[1] Operational,,,,,[A] Operational,A,07-022-05-000,Argao,Cebu,Region VII (Central Visayas),Municipality,1st,R7,J
[2024-01] 02-031-03-000,2024-01,2024,[01] January,"Aurora, Isabela",[1] Operational,,,,,[A] Operational,B,02-031-03-000,Aurora,Isabela,Region II (Cagayan Valley),Municipality,3rd,R2,D
[2024-01] 17-052-01-000,2024-01,2024,[01] January,"Baco, Oriental Mindoro",[1] Operational,,,,,[A] Operational,B,17-052-01-000,Baco,Oriental Mindoro,MIMAROPA Region,Municipality,3rd,R4B,G
[2024-01] 10-035-01-000,2024-01,2024,[01] January,"Bacolod, Lanao del Norte",[1] Operational,,,,,[A] Operational,B,10-035-01-000,Bacolod,Lanao del Norte,Region X (Northern Mindanao),Municipality,4th,R10,N
[2024-01] 12-065-01-000,2024-01,2024,[01] January,"Bagumbayan, Sultan Kudarat",[3] Ongoing Data Build-up,70%,,,,[B] Developmental,B,12-065-01-000,Bagumbayan,Sultan Kudarat,Region XII (SOCCSKSARGEN),Municipality,1st,R12,Q
[2024-01] 07-022-08-000,2024-01,2024,[01] January,"Balamban, Cebu",[1] Operational,,,,,[A] Operational,A,07-022-08-000,Balamban,Cebu,Region VII (Central Visayas),Municipality,1st,R7,J
[2024-01] 06-030-05-000,2024-01,2024,[01] January,"Balasan, Iloilo",[1] Operational,,,,,[A] Operational,B,06-030-05-000,Balasan,Iloilo,Region VI (Western Visayas),Municipality,4th,R6,I
[2024-01] 04-010-03-000,2024-01,2024,[01] January,"Balayan, Batangas",[1] Operational,,,,,[A] Operational,A,04-010-03-000,Balayan,Batangas,Region IV-A (CALABARZON),Municipality,1st,R4A,F
[2024-01] 03-077-01-000,2024-01,2024,[01] January,"Baler, Aurora",[1] Operational,,,,,[A] Operational,A,03-077-01-000,Baler,Aurora,Region III (Central Luzon),Municipality,3rd,R3,E
[2024-01] 17-059-02-000,2024-01,2024,[01] January,"Banton, Romblon",[1] Operational,,,,,[A] Operational,B,17-059-02-000,Banton,Romblon,MIMAROPA Region,Municipality,5th,R4B,G
[2024-01] 06-006-02-000,2024-01,2024,[01] January,"Barbaza, Antique",[1] Operational,,,,,[A] Operational,B,06-006-02-000,Barbaza,Antique,Region VI (Western Visayas),Municipality,4th,R6,I
[2024-01] 05-062-02-000,2024-01,2024,[01] January,"Barcelona, Sorsogon",[3] Ongoing Data Build-up,85%,,,,[B] Developmental,B,05-062-02-000,Barcelona,Sorsogon,Region V (Bicol Region),Municipality,5th,R5,H
[2024-01] 06-030-07-000,2024-01,2024,[01] January,"Barotac Nuevo, Iloilo",[1] Operational,,,,,[A] Operational,B,06-030-07-000,Barotac Nuevo,Iloilo,Region VI (Western Visayas),Municipality,2nd,R6,I
[2024-01] 06-030-08-000,2024-01,2024,[01] January,"Barotac Viejo, Iloilo",[5] For Training,,,,,[C] For Training/Others,B,06-030-08-000,Barotac Viejo,Iloilo,Region VI (Western Visayas),Municipality,3rd,R6,I
[2024-01] 07-046-05-000,2024-01,2024,[01] January,"Basay, Negros Oriental",[1] Operational,,,,,[A] Operational,B,07-046-05-000,Basay,Negros Oriental,Region VII (Central Visayas),Municipality,4th,R7,J
[2024-01] 08-060-02-000,2024-01,2024,[01] January,"Basey, Samar",[1] Operational,,,,Normal Operations ,[A] Operational,B,08-060-02-000,Basey,Samar,Region VIII (Eastern Visayas),Municipality,1st,R8,K
[2024-01] 16-068-02-000,2024-01,2024,[01] January,"Bayabas, Surigao del Sur",[1] Operational,,,,,[A] Operational,A,16-068-02-000,Bayabas,Surigao del Sur,Region XIII (Caraga),Municipality,5th,R13,O
[2024-01] 06-030-10-000,2024-01,2024,[01] January,"Bingawan, Iloilo",[1] Operational,,,,,[A] Operational,B,06-030-10-000,Bingawan,Iloilo,Region VI (Western Visayas),Municipality,5th,R6,I
[2024-01] 10-042-03-000,2024-01,2024,[01] January,"Bonifacio, Misamis Occidental",[3] Ongoing Data Build-up,11%,Still at 11% ,For refreshers training on 2024,,[B] Developmental,B,10-042-03-000,Bonifacio,Misamis Occidental,Region X (Northern Mindanao),Municipality,4th,R10,N
[2024-01] 11-025-03-000,2024-01,2024,[01] January,"Boston, Davao Oriental",[1] Operational,,,,,[A] Operational,A,11-025-03-000,Boston,Davao Oriental,Region XI (Davao Region),Municipality,3rd,R11,P
[2024-01] 07-012-09-000,2024-01,2024,[01] January,"Buenavista, Bohol",[1] Operational,,,,,[A] Operational,B,07-012-09-000,Buenavista,Bohol,Region VII (Central Visayas),Municipality,4th,R7,J
[2024-01] 06-079-01-000,2024-01,2024,[01] January,"Buenavista, Guimaras",[1] Operational,,,,,[A] Operational,B,06-079-01-000,Buenavista,Guimaras,Region VI (Western Visayas),Municipality,2nd,R6,I
[2024-01] 06-006-04-000,2024-01,2024,[01] January,"Bugasong, Antique",[1] Operational,,,,,[A] Operational,A,06-006-04-000,Bugasong,Antique,Region VI (Western Visayas),Municipality,3rd,R6,I
[2024-01] 17-053-07-000,2024-01,2024,[01] January,"Busuanga, Palawan",[1] Operational,,,,,[A] Operational,A,17-053-07-000,Busuanga,Palawan,MIMAROPA Region,Municipality,3rd,R4B,G
[2024-01] 06-030-12-000,2024-01,2024,[01] January,"Cabatuan, Iloilo",[1] Operational,,,,,[A] Operational,B,06-030-12-000,Cabatuan,Iloilo,Region VI (Western Visayas),Municipality,2nd,R6,I
[2024-01] 03-049-04-000,2024-01,2024,[01] January,"Cabiao, Nueva Ecija",[3] Ongoing Data Build-up,78%,,For Visitation,,[B] Developmental,B,03-049-04-000,Cabiao,Nueva Ecija,Region III (Central Luzon),Municipality,1st,R3,E
[2024-01] 10-042-04-000,2024-01,2024,[01] January,"Calamba, Misamis Occidental",[1] Operational,,,,,[A] Operational,A,10-042-04-000,Calamba,Misamis Occidental,Region X (Northern Mindanao),Municipality,4th,R10,N
[2024-01] 06-030-13-000,2024-01,2024,[01] January,"Calinog, Iloilo",[1] Operational,,,,,[A] Operational,A,06-030-13-000,Calinog,Iloilo,Region VI (Western Visayas),Municipality,1st,R6,I
[2024-01] 04-056-08-000,2024-01,2024,[01] January,"Candelaria, Quezon",[1] Operational,,,,,[A] Operational,A,04-056-08-000,Candelaria,Quezon,Region IV-A (CALABARZON),Municipality,1st,R4A,F
[2024-01] 07-012-11-000,2024-01,2024,[01] January,"Candijay, Bohol",[1] Operational,,,,,[A] Operational,B,07-012-11-000,Candijay,Bohol,Region VII (Central Visayas),Municipality,4th,R7,J
[2024-01] 05-016-02-000,2024-01,2024,[01] January,"Capalonga, Camarines Norte",[3] Ongoing Data Build-up,10%,,,,[B] Developmental,B,05-016-02-000,Capalonga,Camarines Norte,Region V (Bicol Region),Municipality,3rd,R5,H
[2024-01] 08-037-15-000,2024-01,2024,[01] January,"Carigara, Leyte",[1] Operational,,,,Normal Operations ,[A] Operational,B,08-037-15-000,Carigara,Leyte,Region VIII (Eastern Visayas),Municipality,2nd,R8,K
[2024-01] 16-068-06-000,2024-01,2024,[01] January,"Carmen, Surigao del Sur",[1] Operational,,,,,[A] Operational,A,16-068-06-000,Carmen,Surigao del Sur,Region XIII (Caraga),Municipality,5th,R13,O
[2024-01] 03-077-02-000,2024-01,2024,[01] January,"Casiguran, Aurora",[1] Operational,,,,,[A] Operational,A,03-077-02-000,Casiguran,Aurora,Region III (Central Luzon),Municipality,2nd,R3,E
[2024-01] 10-018-01-000,2024-01,2024,[01] January,"Catarman, Camiguin",[3] Ongoing Data Build-up,100%,,To operate on 2024,,[B] Developmental,B,10-018-01-000,Catarman,Camiguin,Region X (Northern Mindanao),Municipality,5th,R10,N
[2024-01] 11-025-05-000,2024-01,2024,[01] January,"Cateel, Davao Oriental",[1] Operational,,,,,[A] Operational,A,11-025-05-000,Cateel,Davao Oriental,Region XI (Davao Region),Municipality,2nd,R11,P
[2024-01] 04-034-07-000,2024-01,2024,[01] January,"Cavinti, Laguna",[2] Pilot Testing,30%,,,,[B] Developmental,B,04-034-07-000,Cavinti,Laguna,Region IV-A (CALABARZON),Municipality,3rd,R4A,F
[2024-01] 06-302-00-000,2024-01,2024,[01] January,"City of Bacolod, Negros Occidental",[1] Operational,,,,,[A] Operational,A,06-302-00-000,City of Bacolod,Negros Occidental,Region VI (Western Visayas),City,1st,R6,I
[2024-01] 01-028-05-000,2024-01,2024,[01] January,"City of Batac, Ilocos Norte",[3] Ongoing Data Build-up,80%,,Conducted UT last Nov 13-18,,[B] Developmental,B,01-028-05-000,City of Batac,Ilocos Norte,Region I (Ilocos Region),City,5th,R1,C
[2024-01] 08-026-04-000,2024-01,2024,[01] January,"City of Borongan, Eastern Samar",[1] Operational,,,,Normal Operations ,[A] Operational,A,08-026-04-000,City of Borongan,Eastern Samar,Region VIII (Eastern Visayas),City,1st (as Mun),R8,K
[2024-01] 07-046-08-000,2024-01,2024,[01] January,"City of Canlaon, Negros Oriental",[1] Operational,,,,,[A] Operational,B,07-046-08-000,City of Canlaon,Negros Oriental,Region VII (Central Visayas),City,4th,R7,J
[2024-01] 11-024-03-000,2024-01,2024,[01] January,"City of Digos, Davao del Sur",[1] Operational,,,,,[A] Operational,B,11-024-03-000,City of Digos,Davao del Sur,Region XI (Davao Region),City,2nd,R11,P
[2024-01] 10-043-08-000,2024-01,2024,[01] January,"City of Gingoog, Misamis Oriental",[1] Operational,,,,,[A] Operational,A,10-043-08-000,City of Gingoog,Misamis Oriental,Region X (Northern Mindanao),City,2nd,R10,N
[2024-01] 02-031-14-000,2024-01,2024,[01] January,"City of Ilagan, Isabela",[1] Operational,,,,,[A] Operational,A,02-031-14-000,City of Ilagan,Isabela,Region II (Cagayan Valley),City,1st (as Mun),R2,D
[2024-01] 06-045-15-000,2024-01,2024,[01] January,"City of Kabankalan, Negros Occidental",[1] Operational,,,,,[A] Operational,B,06-045-15-000,City of Kabankalan,Negros Occidental,Region VI (Western Visayas),City,1st,R6,I
[2024-01] 12-047-04-000,2024-01,2024,[01] January,"City of Kidapawan, Cotabato",[1] Operational,,,,,[A] Operational,A,12-047-04-000,City of Kidapawan,Cotabato,Region XII (SOCCSKSARGEN),City,3rd,R12,Q
[2024-01] 01-028-12-000,2024-01,2024,[01] January,"City of Laoag, Ilocos Norte",[5] For Training,,Waiting for the SB Resolution,For Follow-up,,[C] For Training/Others,B,01-028-12-000,City of Laoag,Ilocos Norte,Region I (Ilocos Region),City,3rd,R1,C
[2024-01] 08-064-07-000,2024-01,2024,[01] January,"City of Maasin, Southern Leyte",[1] Operational,,,,Normal Operations ,[A] Operational,A,08-064-07-000,City of Maasin,Southern Leyte,Region VIII (Eastern Visayas),City,4th,R8,K
[2024-01] 11-025-09-000,2024-01,2024,[01] January,"City of Mati, Davao Oriental",[1] Operational,,,,,[A] Operational,A,11-025-09-000,City of Mati,Davao Oriental,Region XI (Davao Region),City,5th,R11,P
[2024-02] 03-049-01-000,2024-02,2024,[02] February,"Aliaga, Nueva Ecija",[8] Withdraw,,,,,[D] Withdraw,B,03-049-01-000,Aliaga,Nueva Ecija,Region III (Central Luzon),Municipality,2nd,R3,E
[2024-01] 03-314-00-000,2024-01,2024,[01] January,"City of Olongapo, Zambales",[3] Ongoing Data Build-up,60%,,For Visitation,,[B] Developmental,B,03-314-00-000,City of Olongapo,Zambales,Region III (Central Luzon),City,1st,R3,E
[2024-01] 03-049-19-000,2024-01,2024,[01] January,"City of Palayan, Nueva Ecija",[2] Pilot Testing,50%,,,,[B] Developmental,B,03-049-19-000,City of Palayan,Nueva Ecija,Region III (Central Luzon),City,5th,R3,E
[2024-01] 14-032-13-000,2024-01,2024,[01] January,"City of Tabuk, Kalinga",[1] Operational,,,,,[A] Operational,B,14-032-13-000,City of Tabuk,Kalinga,Cordillera Administrative Region (CAR),City,5th,CAR,B
[2024-01] 10-042-15-000,2024-01,2024,[01] January,"City of Tangub, Misamis Occidental",[5] For Training,,,,,[C] For Training/Others,B,10-042-15-000,City of Tangub,Misamis Occidental,Region X (Northern Mindanao),City,4th,R10,N
[2024-01] 10-042-05-000,2024-01,2024,[01] January,"Clarin, Misamis Occidental",[5] For Training,,,,,[C] For Training/Others,B,10-042-05-000,Clarin,Misamis Occidental,Region X (Northern Mindanao),Municipality,4th,R10,N
[2024-01] 10-043-06-000,2024-01,2024,[01] January,"Claveria, Misamis Oriental",[1] Operational,,,,,[A] Operational,A,10-043-06-000,Claveria,Misamis Oriental,Region X (Northern Mindanao),Municipality,1st,R10,N
[2024-01] 07-022-18-000,2024-01,2024,[01] January,"Compostela, Cebu",[3] Ongoing Data Build-up,75%,,,,[B] Developmental,B,07-022-18-000,Compostela,Cebu,Region VII (Central Visayas),Municipality,3rd,R7,J
[2024-01] 06-030-15-000,2024-01,2024,[01] January,"Concepcion, Iloilo",[2] Pilot Testing,50%,,,,[B] Developmental,B,06-030-15-000,Concepcion,Iloilo,Region VI (Western Visayas),Municipality,3rd,R6,I
[2024-01] 17-053-09-000,2024-01,2024,[01] January,"Coron, Palawan",[1] Operational,,,,,[A] Operational,B,17-053-09-000,Coron,Palawan,MIMAROPA Region,Municipality,1st,R4B,G
[2024-01] 07-022-21-000,2024-01,2024,[01] January,"Daanbantayan, Cebu",[3] Ongoing Data Build-up,75%,,,,[B] Developmental,B,07-022-21-000,Daanbantayan,Cebu,Region VII (Central Visayas),Municipality,1st,R7,J
[2024-01] 07-012-18-000,2024-01,2024,[01] January,"Danao, Bohol",[1] Operational,,,,,[A] Operational,B,07-012-18-000,Danao,Bohol,Region VII (Central Visayas),Municipality,4th*,R7,J
[2024-01] 01-055-19-000,2024-01,2024,[01] January,"Dasol, Pangasinan",[7] To Follow-up,,for schedule of training,For Follow-up,,[C] For Training/Others,B,01-055-19-000,Dasol,Pangasinan,Region I (Ilocos Region),Municipality,3rd,R1,C
[2024-01] 03-077-05-000,2024-01,2024,[01] January,"Dingalan, Aurora",[2] Pilot Testing,97%,,For refresher training,,[B] Developmental,B,03-077-05-000,Dingalan,Aurora,Region III (Central Luzon),Municipality,3rd,R3,E
[2024-01] 06-030-16-000,2024-01,2024,[01] January,"Dingle, Iloilo",[1] Operational,,,,,[A] Operational,A,06-030-16-000,Dingle,Iloilo,Region VI (Western Visayas),Municipality,3rd,R6,I
[2024-01] 03-077-06-000,2024-01,2024,[01] January,"Dipaculao, Aurora",[1] Operational,,,,,[A] Operational,B,03-077-06-000,Dipaculao,Aurora,Region III (Central Luzon),Municipality,3rd,R3,E
[2024-01] 09-073-08-000,2024-01,2024,[01] January,"Dumingag, Zamboanga del Sur",[3] Ongoing Data Build-up,50%,,,,[B] Developmental,B,09-073-08-000,Dumingag,Zamboanga del Sur,Region IX (Zamboanga Peninsula),Municipality,2nd,R9,L
[2024-01] 17-053-12-000,2024-01,2024,[01] January,"El Nido, Palawan",[1] Operational,,,,,[A] Operational,A,17-053-12-000,El Nido,Palawan,MIMAROPA Region,Municipality,1st,R4B,G
[2024-01] 17-059-16-000,2024-01,2024,[01] January,"Ferrol, Romblon",[1] Operational,,,,,[A] Operational,A,17-059-16-000,Ferrol,Romblon,MIMAROPA Region,Municipality,6th,R4B,G
[2024-01] 03-049-07-000,2024-01,2024,[01] January,"Gabaldon, Nueva Ecija",[2] Pilot Testing,65%,Requesting for refresher training,For refresher training,,[B] Developmental,B,03-049-07-000,Gabaldon,Nueva Ecija,Region III (Central Luzon),Municipality,4th,R3,E
[2024-01] 08-060-07-000,2024-01,2024,[01] January,"Gandara, Samar",[2] Pilot Testing,95%,Internet Connectivity Issues - Unstable Connection,LGU target date of implementation was December 2023 but no progress/update as of Jan 2024.,Internet Connectivity Issues - Unstable ConnectionLGU target date of implementation was December 2023 but no progress/update as of Jan 2024.,[B] Developmental,B,08-060-07-000,Gandara,Samar,Region VIII (Eastern Visayas),Municipality,2nd,R8,K
[2024-01] 04-056-16-000,2024-01,2024,[01] January,"General Luna, Quezon",[1] Operational,,,,,[A] Operational,B,04-056-16-000,General Luna,Quezon,Region IV-A (CALABARZON),Municipality,4th,R4A,F
[2024-01] 04-056-17-000,2024-01,2024,[01] January,"General Nakar, Quezon",[1] Operational,,,,,[A] Operational,B,04-056-17-000,General Nakar,Quezon,Region IV-A (CALABARZON),Municipality,1st,R4A,F
[2024-01] 03-069-06-000,2024-01,2024,[01] January,"Gerona, Tarlac",[1] Operational,,,,,[A] Operational,B,03-069-06-000,Gerona,Tarlac,Region III (Central Luzon),Municipality,1st,R3,E
[2024-01] 17-052-06-000,2024-01,2024,[01] January,"Gloria, Oriental Mindoro",[1] Operational,,,,,[A] Operational,B,17-052-06-000,Gloria,Oriental Mindoro,MIMAROPA Region,Municipality,3rd,R4B,G
[2024-01] 09-073-43-000,2024-01,2024,[01] January,"Guipos, Zamboanga del Sur",[3] Ongoing Data Build-up,50%,,,,[B] Developmental,B,09-073-43-000,Guipos,Zamboanga del Sur,Region IX (Zamboanga Peninsula),Municipality,4th,R9,L
[2024-01] 08-026-09-000,2024-01,2024,[01] January,"Guiuan, Eastern Samar",[1] Operational,,,,Normal Operations ,[A] Operational,B,08-026-09-000,Guiuan,Eastern Samar,Region VIII (Eastern Visayas),Municipality,2nd,R8,K
[2024-01] 04-056-19-000,2024-01,2024,[01] January,"Gumaca, Quezon",[7] To Follow-up,,LGU unresponsive,For visitation,,[C] For Training/Others,B,04-056-19-000,Gumaca,Quezon,Region IV-A (CALABARZON),Municipality,1st,R4A,F
[2024-01] 08-037-20-000,2024-01,2024,[01] January,"Hindang, Leyte",[1] Operational,,,,Zero transactions for the month of January 2024.,[A] Operational,B,08-037-20-000,Hindang,Leyte,Region VIII (Eastern Visayas),Municipality,5th,R8,K
[2024-01] 06-045-11-000,2024-01,2024,[01] January,"Hinigaran, Negros Occidental",[1] Operational,,,,,[A] Operational,B,06-045-11-000,Hinigaran,Negros Occidental,Region VI (Western Visayas),Municipality,1st,R6,I
[2024-01] 03-071-05-000,2024-01,2024,[01] January,"Iba, Zambales",[2] Pilot Testing,65%,,,,[B] Developmental,B,03-071-05-000,Iba,Zambales,Region III (Central Luzon),Municipality,2nd,R3,E
[2024-01] 04-056-20-000,2024-01,2024,[01] January,"Infanta, Quezon",[1] Operational,,,,,[A] Operational,A,04-056-20-000,Infanta,Quezon,Region IV-A (CALABARZON),Municipality,1st,R4A,F
[2024-01] 06-030-23-000,2024-01,2024,[01] January,"Janiuay, Iloilo",[1] Operational,,,,,[A] Operational,B,06-030-23-000,Janiuay,Iloilo,Region VI (Western Visayas),Municipality,1st,R6,I
[2024-01] 10-043-11-000,2024-01,2024,[01] January,"Jasaan, Misamis Oriental",[2] Pilot Testing,50%,,,To operate on 2024,[B] Developmental,B,10-043-11-000,Jasaan,Misamis Oriental,Region X (Northern Mindanao),Municipality,2nd,R10,N
[2024-01] 08-037-24-000,2024-01,2024,[01] January,"Javier, Leyte",[1] Operational,,,,Normal Operations ,[A] Operational,B,08-037-24-000,Javier,Leyte,Region VIII (Eastern Visayas),Municipality,4th*,R8,K
[2024-01] 08-060-09-000,2024-01,2024,[01] January,"Jiabong, Samar",[1] Operational,,,,Zero transactions for the month of January 2024.,[A] Operational,B,08-060-09-000,Jiabong,Samar,Region VIII (Eastern Visayas),Municipality,5th,R8,K
[2024-01] 05-016-05-000,2024-01,2024,[01] January,"Jose Panganiban, Camarines Norte",[3] Ongoing Data Build-up,10%,,,,[B] Developmental,B,05-016-05-000,Jose Panganiban,Camarines Norte,Region V (Bicol Region),Municipality,2nd,R5,H
[2024-01] 12-047-03-000,2024-01,2024,[01] January,"Kabacan, Cotabato",[1] Operational,,,,,[A] Operational,A,12-047-03-000,Kabacan,Cotabato,Region XII (SOCCSKSARGEN),Municipality,1st,R12,Q
[2024-01] 10-035-05-000,2024-01,2024,[01] January,"Kapatagan, Lanao del Norte",[1] Operational,,,,,[A] Operational,A,10-035-05-000,Kapatagan,Lanao del Norte,Region X (Northern Mindanao),Municipality,2nd,R10,N
[2024-03] 03-049-01-000,2024-03,2024,[03] March,"Aliaga, Nueva Ecija",[8] Withdraw,,,,,[D] Withdraw,B,03-049-01-000,Aliaga,Nueva Ecija,Region III (Central Luzon),Municipality,2nd,R3,E
[2024-01] 08-037-28-000,2024-01,2024,[01] January,"La Paz, Leyte",[2] Pilot Testing,100%,LGU requested for refresher training.,Waiting for LGU's request letter to finalize date of refresher training. ,LGU requested for refresher training.Waiting for LGU's request letter to finalize date of refresher training. ,[B] Developmental,B,08-037-28-000,La Paz,Leyte,Region VIII (Eastern Visayas),Municipality,5th*,R8,K
[2024-01] 09-073-12-000,2024-01,2024,[01] January,"Labangan, Zamboanga del Sur",[1] Operational,,,,,[A] Operational,B,09-073-12-000,Labangan,Zamboanga del Sur,Region IX (Zamboanga Peninsula),Municipality,3rd,R9,L
[2024-01] 05-016-06-000,2024-01,2024,[01] January,"Labo, Camarines Norte",[6] With Concerns,,"concern regarding manual entry of building permit number, due to conflict with complex applications numbering",,,[C] For Training/Others,B,05-016-06-000,Labo,Camarines Norte,Region V (Bicol Region),Municipality,1st,R5,H
[2024-01] 10-043-13-000,2024-01,2024,[01] January,"Lagonglong, Misamis Oriental",[1] Operational,,,,,[A] Operational,A,10-043-13-000,Lagonglong,Misamis Oriental,Region X (Northern Mindanao),Municipality,5th,R10,N
[2024-01] 09-073-33-000,2024-01,2024,[01] January,"Lakewood, Zamboanga del Sur",[2] Pilot Testing,75%,,,,[B] Developmental,B,09-073-33-000,Lakewood,Zamboanga del Sur,Region IX (Zamboanga Peninsula),Municipality,4th,R9,L
[2024-01] 06-030-25-000,2024-01,2024,[01] January,"Lambunao, Iloilo",[5] For Training,,,,,[C] For Training/Others,B,06-030-25-000,Lambunao,Iloilo,Region VI (Western Visayas),Municipality,1st,R6,I
[2024-01] 01-055-48-000,2024-01,2024,[01] January,"Laoac, Pangasinan",[7] To Follow-up,,for schedule of training,For Follow-up,,[C] For Training/Others,B,01-055-48-000,Laoac,Pangasinan,Region I (Ilocos Region),Municipality,4th,R1,C
[2024-01] 16-002-07-000,2024-01,2024,[01] January,"Las Nieves, Agusan del Norte",[1] Operational,,,,,[A] Operational,A,16-002-07-000,Las Nieves,Agusan del Norte,Region XIII (Caraga),Municipality,2nd,R13,O
[2024-01] 06-006-09-000,2024-01,2024,[01] January,"Laua-An, Antique",[1] Operational,,,,,[A] Operational,A,06-006-09-000,Laua-An,Antique,Region VI (Western Visayas),Municipality,4th,R6,I
[2024-01] 12-065-06-000,2024-01,2024,[01] January,"Lebak, Sultan Kudarat",[7] To Follow-up,,LGU Unresponsive ,,,[C] For Training/Others,B,12-065-06-000,Lebak,Sultan Kudarat,Region XII (SOCCSKSARGEN),Municipality,1st,R12,Q
[2024-04] 03-049-01-000,2024-04,2024,[04] April,"Aliaga, Nueva Ecija",[8] Withdraw,,,,,[D] Withdraw,B,03-049-01-000,Aliaga,Nueva Ecija,Region III (Central Luzon),Municipality,2nd,R3,E
[2024-01] 08-037-29-000,2024-01,2024,[01] January,"Leyte, Leyte",[1] Operational,,,,Normal Operations ,[A] Operational,A,08-037-29-000,Leyte,Leyte,Region VIII (Eastern Visayas),Municipality,4th*,R8,K
[2024-01] 04-010-13-000,2024-01,2024,[01] January,"Lian, Batangas",[1] Operational,,,,,[A] Operational,A,04-010-13-000,Lian,Batangas,Region IV-A (CALABARZON),Municipality,3rd,R4A,F
[2024-01] 06-006-10-000,2024-01,2024,[01] January,"Libertad, Antique",[1] Operational,,,,,[A] Operational,A,06-006-10-000,Libertad,Antique,Region VI (Western Visayas),Municipality,5th,R6,I
[2024-01] 10-043-15-000,2024-01,2024,[01] January,"Libertad, Misamis Oriental",[7] To Follow-up,,Responded. Lack of Manpower,To follow up LGU decision to continue or withdraw,To continue on 2024 as per OBO,[C] For Training/Others,B,10-043-15-000,Libertad,Misamis Oriental,Region X (Northern Mindanao),Municipality,5th,R10,N
[2024-01] 03-008-06-000,2024-01,2024,[01] January,"Limay, Bataan",[6] With Concerns,,Internet connectivity issue,"Sent Notice Letter, awaiting for their reply
Intends to withdraw
For visitation",,[C] For Training/Others,B,03-008-06-000,Limay,Bataan,Region III (Central Luzon),Municipality,1st,R3,E
[2024-01] 16-068-12-000,2024-01,2024,[01] January,"Lingig, Surigao del Sur",[7] To Follow-up,,"
Last Status: For Data Buildup",A notice of unutilization was served. Still waiting for response letter,,[C] For Training/Others,B,16-068-12-000,Lingig,Surigao del Sur,Region XIII (Caraga),Municipality,2nd,R13,O
[2024-01] 17-059-07-000,2024-01,2024,[01] January,"Looc, Romblon",[1] Operational,,,,,[A] Operational,A,17-059-07-000,Looc,Romblon,MIMAROPA Region,Municipality,4th,R4B,G
[2024-01] 11-025-07-000,2024-01,2024,[01] January,"Lupon, Davao Oriental",[1] Operational,,,,,[A] Operational,B,11-025-07-000,Lupon,Davao Oriental,Region XI (Davao Region),Municipality,1st,R11,P
[2024-01] 04-010-16-000,2024-01,2024,[01] January,"Mabini, Batangas",[1] Operational,,,,,[A] Operational,A,04-010-16-000,Mabini,Batangas,Region IV-A (CALABARZON),Municipality,1st,R4A,F
[2024-01] 03-054-10-000,2024-01,2024,[01] January,"Macabebe, Pampanga",[6] With Concerns,,New LGU Staff and Internet connectivity issue,"intended to withdraw
waiting for the withdrawal letter",,[C] For Training/Others,B,03-054-10-000,Macabebe,Pampanga,Region III (Central Luzon),Municipality,1st,R3,E
[2024-01] 08-064-08-000,2024-01,2024,[01] January,"Macrohon, Southern Leyte",[1] Operational,,,,Normal Operations ,[A] Operational,A,08-064-08-000,Macrohon,Southern Leyte,Region VIII (Eastern Visayas),Municipality,4th,R8,K
[2024-01] 07-022-28-000,2024-01,2024,[01] January,"Madridejos, Cebu",[1] Operational,,,,,[A] Operational,B,07-022-28-000,Madridejos,Cebu,Region VII (Central Visayas),Municipality,4th,R7,J
[2024-01] 04-021-12-000,2024-01,2024,[01] January,"Magallanes, Cavite",[1] Operational,,,,,[A] Operational,B,04-021-12-000,Magallanes,Cavite,Region IV-A (CALABARZON),Municipality,4th,R4A,F
[2024-01] 10-035-12-000,2024-01,2024,[01] January,"Maigo, Lanao del Norte",[1] Operational,,,,,[A] Operational,A,10-035-12-000,Maigo,Lanao del Norte,Region X (Northern Mindanao),Municipality,4th,R10,N
[2024-01] 11-024-08-000,2024-01,2024,[01] January,"Malalag, Davao del Sur",[1] Operational,,,,,[A] Operational,A,11-024-08-000,Malalag,Davao del Sur,Region XI (Davao Region),Municipality,2nd,R11,P
[2024-01] 06-045-18-000,2024-01,2024,[01] January,"Manapla, Negros Occidental",[1] Operational,,,,,[A] Operational,B,06-045-18-000,Manapla,Negros Occidental,Region VI (Western Visayas),Municipality,2nd,R6,I
[2024-01] 11-025-08-000,2024-01,2024,[01] January,"Manay, Davao Oriental",[1] Operational,,,,,[A] Operational,A,11-025-08-000,Manay,Davao Oriental,Region XI (Davao Region),Municipality,2nd,R11,P
[2024-01] 10-043-18-000,2024-01,2024,[01] January,"Manticao, Misamis Oriental",[1] Operational,,,,,[A] Operational,B,10-043-18-000,Manticao,Misamis Oriental,Region X (Northern Mindanao),Municipality,4th,R10,N
[2024-01] 11-082-05-000,2024-01,2024,[01] January,"Maragusan, Davao de Oro",[1] Operational,,,,,[A] Operational,B,11-082-05-000,Maragusan,Davao de Oro,Region XI (Davao Region),Municipality,1st,R11,P
[2024-01] 03-077-07-000,2024-01,2024,[01] January,"Maria Aurora, Aurora",[1] Operational,,,,,[A] Operational,A,03-077-07-000,Maria Aurora,Aurora,Region III (Central Luzon),Municipality,2nd,R3,E
[2024-01] 04-056-27-000,2024-01,2024,[01] January,"Mauban, Quezon",[1] Operational,,,,,[A] Operational,A,04-056-27-000,Mauban,Quezon,Region IV-A (CALABARZON),Municipality,1st,R4A,F
[2024-01] 05-016-07-000,2024-01,2024,[01] January,"Mercedes, Camarines Norte",[3] Ongoing Data Build-up,80%,,,,[B] Developmental,B,05-016-07-000,Mercedes,Camarines Norte,Region V (Bicol Region),Municipality,2nd,R5,H
[2024-01] 06-030-30-000,2024-01,2024,[01] January,"Miagao, Iloilo",[5] For Training,,,,,[C] For Training/Others,B,06-030-30-000,Miagao,Iloilo,Region VI (Western Visayas),Municipality,1st,R6,I
[2024-01] 12-047-09-000,2024-01,2024,[01] January,"Midsayap, Cotabato",[1] Operational,,,,,[A] Operational,B,12-047-09-000,Midsayap,Cotabato,Region XII (SOCCSKSARGEN),Municipality,1st,R12,Q
[2024-01] 06-030-31-000,2024-01,2024,[01] January,"Mina, Iloilo",[1] Operational,,,,,[A] Operational,A,06-030-31-000,Mina,Iloilo,Region VI (Western Visayas),Municipality,5th,R6,I
[2024-01] 07-022-32-000,2024-01,2024,[01] January,"Minglanilla, Cebu",[7] To Follow-up,,OSCP Still in Construction; proposed to conduct Refresher Training when the OSCP Building is done; target to utilize next year,Followed up LGUs concern regarding this matter,,[C] For Training/Others,B,07-022-32-000,Minglanilla,Cebu,Region VII (Central Visayas),Municipality,1st,R7,J
[2024-01] 06-045-19-000,2024-01,2024,[01] January,"Moises Padilla, Negros Occidental",[1] Operational,,,,,[A] Operational,B,06-045-19-000,Moises Padilla,Negros Occidental,Region VI (Western Visayas),Municipality,3rd,R6,I
[2024-01] 04-021-15-000,2024-01,2024,[01] January,"Naic, Cavite",[1] Operational,,,,,[A] Operational,A,04-021-15-000,Naic,Cavite,Region IV-A (CALABARZON),Municipality,1st,R4A,F
[2024-01] 08-078-08-000,2024-01,2024,[01] January,"Naval, Biliran",[1] Operational,,,,Normal Operations ,[A] Operational,A,08-078-08-000,Naval,Biliran,Region VIII (Eastern Visayas),Municipality,2nd,R8,K
[2024-01] 06-030-32-000,2024-01,2024,[01] January,"New Lucena, Iloilo",[1] Operational,,,,,[A] Operational,B,06-030-32-000,New Lucena,Iloilo,Region VI (Western Visayas),Municipality,4th,R6,I
[2024-01] 06-004-15-000,2024-01,2024,[01] January,"New Washington, Aklan",[1] Operational,,,,,[A] Operational,A,06-004-15-000,New Washington,Aklan,Region VI (Western Visayas),Municipality,3rd,R6,I
[2024-01] 03-014-13-000,2024-01,2024,[01] January,"Norzagaray, Bulacan",[1] Operational,,,,,[A] Operational,A,03-014-13-000,Norzagaray,Bulacan,Region III (Central Luzon),Municipality,1st,R3,E
[2024-05] 03-049-01-000,2024-05,2024,[05] May,"Aliaga, Nueva Ecija",[8] Withdraw,,,,,[D] Withdraw,B,03-049-01-000,Aliaga,Nueva Ecija,Region III (Central Luzon),Municipality,2nd,R3,E
[2024-01] 11-024-11-000,2024-01,2024,[01] January,"Padada, Davao del Sur",[1] Operational,,,,,[A] Operational,B,11-024-11-000,Padada,Davao del Sur,Region XI (Davao Region),Municipality,3rd,R11,P
[2024-01] 04-034-18-000,2024-01,2024,[01] January,"Paete, Laguna",[1] Operational,,,,,[A] Operational,B,04-034-18-000,Paete,Laguna,Region IV-A (CALABARZON),Municipality,4th,R4A,F
[2024-01] 08-037-39-000,2024-01,2024,[01] January,"Palo, Leyte",[1] Operational,,,,Normal Operations ,[A] Operational,A,08-037-39-000,Palo,Leyte,Region VIII (Eastern Visayas),Municipality,3rd,R8,K
[2024-01] 08-048-15-000,2024-01,2024,[01] January,"Pambujan, Northern Samar",[1] Operational,,,,,[A] Operational,A,08-048-15-000,Pambujan,Northern Samar,Region VIII (Eastern Visayas),Municipality,4th,R8,K
[2024-01] 06-006-11-000,2024-01,2024,[01] January,"Pandan, Antique",[1] Operational,,,,,[A] Operational,A,06-006-11-000,Pandan,Antique,Region VI (Western Visayas),Municipality,4th,R6,I
[2024-01] 08-037-41-000,2024-01,2024,[01] January,"Pastrana, Leyte",[1] Operational,,,,Zero transactions for the month of January 2024.,[A] Operational,A,08-037-41-000,Pastrana,Leyte,Region VIII (Eastern Visayas),Municipality,5th*,R8,K
[2024-01] 06-006-12-000,2024-01,2024,[01] January,"Patnongon, Antique",[1] Operational,,,,,[A] Operational,A,06-006-12-000,Patnongon,Antique,Region VI (Western Visayas),Municipality,3rd,R6,I
[2024-01] 12-047-12-000,2024-01,2024,[01] January,"Pikit, Cotabato",[6] With Concerns,,On going retesting ,,,[C] For Training/Others,B,12-047-12-000,Pikit,Cotabato,Region XII (SOCCSKSARGEN),Municipality,1st,R12,Q
[2024-01] 17-052-09-000,2024-01,2024,[01] January,"Pinamalayan, Oriental Mindoro",[1] Operational,,,,,[A] Operational,B,17-052-09-000,Pinamalayan,Oriental Mindoro,MIMAROPA Region,Municipality,1st,R4B,G
[2024-01] 07-022-37-000,2024-01,2024,[01] January,"Pinamungajan, Cebu",[1] Operational,,,,,[A] Operational,A,07-022-37-000,Pinamungajan,Cebu,Region VII (Central Visayas),Municipality,2nd,R7,J
[2024-01] 04-056-34-000,2024-01,2024,[01] January,"Pitogo, Quezon",[2] Pilot Testing,40%,,,,[B] Developmental,B,04-056-34-000,Pitogo,Quezon,Region IV-A (CALABARZON),Municipality,4th,R4A,F
[2024-01] 10-042-12-000,2024-01,2024,[01] January,"Plaridel, Misamis Occidental",[1] Operational,,,,,[A] Operational,A,10-042-12-000,Plaridel,Misamis Occidental,Region X (Northern Mindanao),Municipality,3rd,R10,N
[2024-01] 09-072-10-000,2024-01,2024,[01] January,"Polanco, Zamboanga del Norte",[1] Operational,,,,,[A] Operational,A,09-072-10-000,Polanco,Zamboanga del Norte,Region IX (Zamboanga Peninsula),Municipality,3rd,R9,L
[2024-01] 01-055-30-000,2024-01,2024,[01] January,"Pozorrubio, Pangasinan",[5] For Training,,,For Follow-up,,[C] For Training/Others,B,01-055-30-000,Pozorrubio,Pangasinan,Region I (Ilocos Region),Municipality,1st,R1,C
[2024-01] 09-072-11-000,2024-01,2024,[01] January,"Pres. Manuel A. Roxas, Zamboanga del Norte",[2] Pilot Testing,75%,,,,[B] Developmental,B,09-072-11-000,Pres. Manuel A. Roxas,Zamboanga del Norte,Region IX (Zamboanga Peninsula),Municipality,2nd,R9,L
[2024-01] 17-051-08-000,2024-01,2024,[01] January,"Rizal, Occidental Mindoro",[1] Operational,,,,,[A] Operational,B,17-051-08-000,Rizal,Occidental Mindoro,MIMAROPA Region,Municipality,3rd,R4B,G
[2024-01] 09-072-12-000,2024-01,2024,[01] January,"Rizal, Zamboanga del Norte",[2] Pilot Testing,25%,,,,[B] Developmental,B,09-072-12-000,Rizal,Zamboanga del Norte,Region IX (Zamboanga Peninsula),Municipality,5th,R9,L
[2024-01] 10-043-22-000,2024-01,2024,[01] January,"Salay, Misamis Oriental",[1] Operational,,,,,[A] Operational,A,10-043-22-000,Salay,Misamis Oriental,Region X (Northern Mindanao),Municipality,4th,R10,N
[2024-01] 07-022-40-000,2024-01,2024,[01] January,"Samboan, Cebu",[2] Pilot Testing,25%,Engineering office is short of staff; for hiring of personnel,Monitor LGUs concern,,[B] Developmental,B,07-022-40-000,Samboan,Cebu,Region VII (Central Visayas),Municipality,5th,R7,J
[2024-01] 04-056-39-000,2024-01,2024,[01] January,"Sampaloc, Quezon",[1] Operational,,,,,[A] Operational,B,04-056-39-000,Sampaloc,Quezon,Region IV-A (CALABARZON),Municipality,5th,R4A,F
[2024-01] 16-068-15-000,2024-01,2024,[01] January,"San Agustin, Surigao del Sur",[2] Pilot Testing,100%,Still waiting for an actual entry of application and issuance to tag them as operational/ compliant,"Refresher training was conducted last october 10, 2023",,[B] Developmental,A,16-068-15-000,San Agustin,Surigao del Sur,Region XIII (Caraga),Municipality,4th,R13,O
[2024-01] 03-071-09-000,2024-01,2024,[01] January,"San Antonio, Zambales",[2] Pilot Testing,80%,,,,[B] Developmental,B,03-071-09-000,San Antonio,Zambales,Region III (Central Luzon),Municipality,2nd,R3,E
[2024-01] 01-029-18-000,2024-01,2024,[01] January,"San Esteban, Ilocos Sur",[5] For Training,,,For Follow-up,,[C] For Training/Others,B,01-029-18-000,San Esteban,Ilocos Sur,Region I (Ilocos Region),Municipality,5th,R1,C
[2024-01] 07-022-42-000,2024-01,2024,[01] January,"San Francisco, Cebu",[7] To Follow-up,,For Refresher Training for the new personnel in charge ,,,[C] For Training/Others,B,07-022-42-000,San Francisco,Cebu,Region VII (Central Visayas),Municipality,3rd,R7,J
[2024-01] 06-030-40-000,2024-01,2024,[01] January,"San Joaquin, Iloilo",[5] For Training,,,,,[C] For Training/Others,B,06-030-40-000,San Joaquin,Iloilo,Region VI (Western Visayas),Municipality,2nd,R6,I
[2024-01] 07-046-17-000,2024-01,2024,[01] January,"San Jose, Negros Oriental",[2] Pilot Testing,25%,,,,[B] Developmental,B,07-046-17-000,San Jose,Negros Oriental,Region VII (Central Visayas),Municipality,5th,R7,J
[2024-01] 17-051-10-000,2024-01,2024,[01] January,"San Jose, Occidental Mindoro",[1] Operational,,,,,[A] Operational,A,17-051-10-000,San Jose,Occidental Mindoro,MIMAROPA Region,Municipality,1st,R4B,G
[2024-01] 08-064-14-000,2024-01,2024,[01] January,"San Juan, Southern Leyte",[1] Operational,,,,Normal Operations ,[A] Operational,A,08-064-14-000,San Juan,Southern Leyte,Region VIII (Eastern Visayas),Municipality,5th,R8,K
[2024-01] 04-010-24-000,2024-01,2024,[01] January,"San Luis, Batangas",[1] Operational,,,,,[A] Operational,B,04-010-24-000,San Luis,Batangas,Region IV-A (CALABARZON),Municipality,4th,R4A,F
[2024-01] 03-054-17-000,2024-01,2024,[01] January,"San Luis, Pampanga",[6] With Concerns,,"Still on process of familiarizing the whole system
for pilot testing 30%",,,[C] For Training/Others,B,03-054-17-000,San Luis,Pampanga,Region III (Central Luzon),Municipality,3rd,R3,E
[2024-01] 16-068-16-000,2024-01,2024,[01] January,"San Miguel, Surigao del Sur",[2] Pilot Testing,95%,Still waiting for an actual entry of application and issuance to tag them as operational/ compliant,"Refresher training was conducted last september 21-22, 2023",,[B] Developmental,B,16-068-16-000,San Miguel,Surigao del Sur,Region XIII (Caraga),Municipality,1st,R13,O
[2024-01] 03-071-12-000,2024-01,2024,[01] January,"San Narciso, Zambales",[1] Operational,,,,,[A] Operational,A,03-071-12-000,San Narciso,Zambales,Region III (Central Luzon),Municipality,4th,R3,E
[2024-01] 04-010-25-000,2024-01,2024,[01] January,"San Nicolas, Batangas",[2] Pilot Testing,30%,,,,[B] Developmental,B,04-010-25-000,San Nicolas,Batangas,Region IV-A (CALABARZON),Municipality,5th,R4A,F
[2024-01] 09-073-25-000,2024-01,2024,[01] January,"San Pablo, Zamboanga del Sur",[2] Pilot Testing,75%,,,,[B] Developmental,B,09-073-25-000,San Pablo,Zamboanga del Sur,Region IX (Zamboanga Peninsula),Municipality,4th*,R9,L
[2024-01] 08-048-20-000,2024-01,2024,[01] January,"San Roque, Northern Samar",[1] Operational,,,,Normal Operations ,[A] Operational,A,08-048-20-000,San Roque,Northern Samar,Region VIII (Eastern Visayas),Municipality,4th,R8,K
[2024-01] 17-052-13-000,2024-01,2024,[01] January,"San Teodoro, Oriental Mindoro",[1] Operational,,,,,[A] Operational,B,17-052-13-000,San Teodoro,Oriental Mindoro,MIMAROPA Region,Municipality,4th,R4B,G
[2024-01] 17-053-19-000,2024-01,2024,[01] January,"San Vicente, Palawan",[1] Operational,,,,,[A] Operational,A,17-053-19-000,San Vicente,Palawan,MIMAROPA Region,Municipality,1st,R4B,G
[2024-01] 06-030-43-000,2024-01,2024,[01] January,"Santa Barbara, Iloilo",[1] Operational,,,,,[A] Operational,B,06-030-43-000,Santa Barbara,Iloilo,Region VI (Western Visayas),Municipality,2nd,R6,I
[2024-01] 03-069-15-000,2024-01,2024,[01] January,"Santa Ignacia, Tarlac",[1] Operational,,,,,[A] Operational,A,03-069-15-000,Santa Ignacia,Tarlac,Region III (Central Luzon),Municipality,2nd,R3,E
[2024-01] 04-010-27-000,2024-01,2024,[01] January,"Santa Teresita, Batangas",[1] Operational,,,,,[A] Operational,A,04-010-27-000,Santa Teresita,Batangas,Region IV-A (CALABARZON),Municipality,5th,R4A,F
[2024-01] 06-019-15-000,2024-01,2024,[01] January,"Sapi-An, Capiz",[6] With Concerns,,Slow moving in utilizing the system.,"To visit after renewal period for a consultative meeting with the key users, Mayor and MLGOO.",,[C] For Training/Others,A,06-019-15-000,Sapi-An,Capiz,Region VI (Western Visayas),Municipality,4th,R6,I
[2024-01] 06-030-44-000,2024-01,2024,[01] January,"Sara, Iloilo",[1] Operational,,,,,[A] Operational,B,06-030-44-000,Sara,Iloilo,Region VI (Western Visayas),Municipality,2nd,R6,I
[2024-01] 06-006-15-000,2024-01,2024,[01] January,"Sebaste, Antique",[5] For Training,,,,,[C] For Training/Others,B,06-006-15-000,Sebaste,Antique,Region VI (Western Visayas),Municipality,4th,R6,I
[2024-01] 09-072-15-000,2024-01,2024,[01] January,"Siayan, Zamboanga del Norte",[3] Ongoing Data Build-up,50%,,,,[B] Developmental,B,09-072-15-000,Siayan,Zamboanga del Norte,Region IX (Zamboanga Peninsula),Municipality,2nd,R9,L
[2024-01] 10-042-14-000,2024-01,2024,[01] January,"Sinacaban, Misamis Occidental",[1] Operational,,,,,[A] Operational,A,10-042-14-000,Sinacaban,Misamis Occidental,Region X (Northern Mindanao),Municipality,5th,R10,N
[2024-01] 09-072-18-000,2024-01,2024,[01] January,"Sindangan, Zamboanga del Norte",[7] To Follow-up,,"For Withdrawal : Despite confirming their attendance, LGU failed to show up for Refresher training and not responding afterward.",To send notice of withdrawal,,[C] For Training/Others,B,09-072-18-000,Sindangan,Zamboanga del Norte,Region IX (Zamboanga Peninsula),Municipality,1st,R9,L
[2024-01] 16-067-23-000,2024-01,2024,[01] January,"Socorro, Surigao del Norte",[2] Pilot Testing,95%,,,,[B] Developmental,B,16-067-23-000,Socorro,Surigao del Norte,Region XIII (Caraga),Municipality,4th,R13,O
[2024-01] 08-064-17-000,2024-01,2024,[01] January,"Sogod, Southern Leyte",[1] Operational,,,,Normal Operations ,[A] Operational,A,08-064-17-000,Sogod,Southern Leyte,Region VIII (Eastern Visayas),Municipality,2nd,R8,K
[2024-01] 11-024-14-000,2024-01,2024,[01] January,"Sulop, Davao del Sur",[1] Operational,,,,,[A] Operational,A,11-024-14-000,Sulop,Davao del Sur,Region XI (Davao Region),Municipality,3rd,R11,P
[2024-01] 04-010-29-000,2024-01,2024,[01] January,"Taal, Batangas",[1] Operational,,,,,[A] Operational,A,04-010-29-000,Taal,Batangas,Region IV-A (CALABARZON),Municipality,3rd,R4A,F
[2024-01] 16-067-25-000,2024-01,2024,[01] January,"Tagana-An, Surigao del Norte",[1] Operational,,,,,[A] Operational,A,16-067-25-000,Tagana-An,Surigao del Norte,Region XIII (Caraga),Municipality,5th*,R13,O
[2024-01] 16-068-17-000,2024-01,2024,[01] January,"Tagbina, Surigao del Sur",[1] Operational,,"
Last Status: Pilot Testing",A notice of unutilization was served. Still waiting for response letter,,[A] Operational,A,16-068-17-000,Tagbina,Surigao del Sur,Region XIII (Caraga),Municipality,2nd,R13,O
[2024-01] 16-068-18-000,2024-01,2024,[01] January,"Tago, Surigao del Sur",[1] Operational,100%,,,,[A] Operational,B,16-068-18-000,Tago,Surigao del Sur,Region XIII (Caraga),Municipality,2nd,R13,O
[2024-01] 10-043-24-000,2024-01,2024,[01] January,"Tagoloan, Misamis Oriental",[7] To Follow-up,,Responded. Lack of Manpower,To follow up LGU decision to continue or withdraw,To continue on 2024 as per OBO,[C] For Training/Others,B,10-043-24-000,Tagoloan,Misamis Oriental,Region X (Northern Mindanao),Municipality,1st,R10,N
[2024-01] 19-066-13-000,2024-01,2024,[01] January,"Talipao, Sulu",[2] Pilot Testing,75%,,,,[B] Developmental,B,19-066-13-000,Talipao,Sulu,Bangsamoro Autonomous Region In Muslim Mindanao (BARMM),Municipality,1st,BARMM I,M
[2024-01] 05-016-11-000,2024-01,2024,[01] January,"Talisay, Camarines Norte",[1] Operational,,,,,[A] Operational,A,05-016-11-000,Talisay,Camarines Norte,Region V (Bicol Region),Municipality,4th,R5,H
[2024-01] 10-043-25-000,2024-01,2024,[01] January,"Talisayan, Misamis Oriental",[3] Ongoing Data Build-up,100%,,,To operate on 2024,[B] Developmental,B,10-043-25-000,Talisayan,Misamis Oriental,Region X (Northern Mindanao),Municipality,4th,R10,N
[2024-01] 06-004-17-000,2024-01,2024,[01] January,"Tangalan, Aklan",[1] Operational,,,,,[A] Operational,A,06-004-17-000,Tangalan,Aklan,Region VI (Western Visayas),Municipality,5th,R6,I
[2024-01] 06-019-17-000,2024-01,2024,[01] January,"Tapaz, Capiz",[1] Operational,,,,,[A] Operational,A,06-019-17-000,Tapaz,Capiz,Region VI (Western Visayas),Municipality,1st,R6,I
[2024-01] 11-025-11-000,2024-01,2024,[01] January,"Tarragona, Davao Oriental",[1] Operational,,,,,[A] Operational,B,11-025-11-000,Tarragona,Davao Oriental,Region XI (Davao Region),Municipality,3rd,R11,P
[2024-01] 09-083-15-000,2024-01,2024,[01] January,"Titay, Zamboanga Sibugay",[1] Operational,,,,,[A] Operational,A,09-083-15-000,Titay,Zamboanga Sibugay,Region IX (Zamboanga Peninsula),Municipality,2nd,R9,L
[2024-06] 03-049-01-000,2024-06,2024,[06] June,"Aliaga, Nueva Ecija",[8] Withdraw,,,,,[D] Withdraw,B,03-049-01-000,Aliaga,Nueva Ecija,Region III (Central Luzon),Municipality,2nd,R3,E
[2024-07] 03-049-01-000,2024-07,2024,[07] July,"Aliaga, Nueva Ecija",[8] Withdraw,,,,,[D] Withdraw,B,03-049-01-000,Aliaga,Nueva Ecija,Region III (Central Luzon),Municipality,2nd,R3,E
[2024-01] 08-064-18-000,2024-01,2024,[01] January,"Tomas Oppus, Southern Leyte",[1] Operational,,,,Normal Operations ,[A] Operational,A,08-064-18-000,Tomas Oppus,Southern Leyte,Region VIII (Eastern Visayas),Municipality,5th,R8,K
[2024-01] 16-003-12-000,2024-01,2024,[01] January,"Trento, Agusan del Sur",[2] Pilot Testing,100%,,"Refresher training was conducted last September 15, 2023",,[B] Developmental,B,16-003-12-000,Trento,Agusan del Sur,Region XIII (Caraga),Municipality,1st,R13,O
[2024-01] 07-012-44-000,2024-01,2024,[01] January,"Trinidad, Bohol",[1] Operational,,,,,[A] Operational,B,07-012-44-000,Trinidad,Bohol,Region VII (Central Visayas),Municipality,3rd,R7,J
[2024-01] 10-035-22-000,2024-01,2024,[01] January,"Tubod, Lanao del Norte",[2] Pilot Testing,40%,Still at 40% ,will continue next year according to BO,,[B] Developmental,B,10-035-22-000,Tubod,Lanao del Norte,Region X (Northern Mindanao),Municipality,2nd,R10,N
[2024-01] 16-067-27-000,2024-01,2024,[01] January,"Tubod, Surigao del Norte",[1] Operational,100%,,,,[A] Operational,A,16-067-27-000,Tubod,Surigao del Norte,Region XIII (Caraga),Municipality,5th,R13,O
[2024-01] 07-022-52-000,2024-01,2024,[01] January,"Tuburan, Cebu",[1] Operational,,,,,[A] Operational,A,07-022-52-000,Tuburan,Cebu,Region VII (Central Visayas),Municipality,2nd,R7,J
[2024-01] 07-022-53-000,2024-01,2024,[01] January,"Tudela, Cebu",[1] Operational,,,,,[A] Operational,A,07-022-53-000,Tudela,Cebu,Region VII (Central Visayas),Municipality,5th,R7,J
[2024-01] 19-087-13-000,2024-01,2024,[01] January,"Upi, Maguindanao del Norte",[1] Operational,,,,With Ongoing Application,[A] Operational,A,19-087-13-000,Upi,Maguindanao del Norte,Bangsamoro Autonomous Region In Muslim Mindanao (BARMM),Municipality,1st,BARMM II,R
[2024-01] 05-016-12-000,2024-01,2024,[01] January,"Vinzons, Camarines Norte",[3] Ongoing Data Build-up,30%,,,,[B] Developmental,B,05-016-12-000,Vinzons,Camarines Norte,Region V (Bicol Region),Municipality,3rd,R5,H
[2024-01] 05-020-11-000,2024-01,2024,[01] January,"Virac, Catanduanes",[6] With Concerns,,May mga need pa po ayusin specially sa mga signatories,,,[C] For Training/Others,B,05-020-11-000,Virac,Catanduanes,Region V (Bicol Region),Municipality,1st,R5,H
[2024-01] 03-049-32-000,2024-01,2024,[01] January,"Zaragoza, Nueva Ecija",[2] Pilot Testing,95%,,for launching phase,,[B] Developmental,B,03-049-32-000,Zaragoza,Nueva Ecija,Region III (Central Luzon),Municipality,3rd,R3,E
[2024-01] 06-030-47-000,2024-01,2024,[01] January,"Zarraga, Iloilo",[5] For Training,,,,,[C] For Training/Others,B,06-030-47-000,Zarraga,Iloilo,Region VI (Western Visayas),Municipality,4th,R6,I
[2024-02] 08-037-01-000,2024-02,2024,[02] February,"Abuyog, Leyte",[2] Pilot Testing,80%,Nonresponsive LGU,,Nonresponsive LGU,[B] Developmental,B,08-037-01-000,Abuyog,Leyte,Region VIII (Eastern Visayas),Municipality,1st*,R8,K
[2024-02] 04-056-02-000,2024-02,2024,[02] February,"Alabat, Quezon",[1] Operational,,,,,[A] Operational,B,04-056-02-000,Alabat,Quezon,Region IV-A (CALABARZON),Municipality,5th,R4A,F
[2024-02] 08-037-02-000,2024-02,2024,[02] February,"Alangalang, Leyte",[1] Operational,,,,Normal Operations,[A] Operational,A,08-037-02-000,Alangalang,Leyte,Region VIII (Eastern Visayas),Municipality,2nd,R8,K
[2024-02] 07-022-01-000,2024-02,2024,[02] February,"Alcantara, Cebu",[3] Ongoing Data Build-up,90%,,,,[B] Developmental,B,07-022-01-000,Alcantara,Cebu,Region VII (Central Visayas),Municipality,5th,R7,J
[2024-02] 04-021-01-000,2024-02,2024,[02] February,"Alfonso, Cavite",[3] Ongoing Data Build-up,55%,,,,[B] Developmental,B,04-021-01-000,Alfonso,Cavite,Region IV-A (CALABARZON),Municipality,1st,R4A,F
[2024-08] 03-049-01-000,2024-08,2024,[08] August,"Aliaga, Nueva Ecija",[8] Withdraw,,,,,[D] Withdraw,B,03-049-01-000,Aliaga,Nueva Ecija,Region III (Central Luzon),Municipality,2nd,R3,E
[2024-02] 06-030-02-000,2024-02,2024,[02] February,"Alimodian, Iloilo",[1] Operational,,,,,[A] Operational,B,06-030-02-000,Alimodian,Iloilo,Region VI (Western Visayas),Municipality,3rd,R6,I
[2024-02] 04-021-02-000,2024-02,2024,[02] February,"Amadeo, Cavite",[2] Pilot Testing,65%,,,,[B] Developmental,B,04-021-02-000,Amadeo,Cavite,Region IV-A (CALABARZON),Municipality,4th,R4A,F
[2024-02] 07-046-01-000,2024-02,2024,[02] February,"Amlan, Negros Oriental",[3] Ongoing Data Build-up,25%,Internal problem in using the system,LGU will call back once they fixed the problem internally,,[B] Developmental,B,07-046-01-000,Amlan,Negros Oriental,Region VII (Central Visayas),Municipality,4th,R7,J
[2024-02] 06-030-03-000,2024-02,2024,[02] February,"Anilao, Iloilo",[1] Operational,,,,,[A] Operational,B,06-030-03-000,Anilao,Iloilo,Region VI (Western Visayas),Municipality,4th,R6,I
[2024-02] 03-054-03-000,2024-02,2024,[02] February,"Arayat, Pampanga",[1] Operational,,,,,[A] Operational,A,03-054-03-000,Arayat,Pampanga,Region III (Central Luzon),Municipality,1st,R3,E
[2024-02] 07-022-05-000,2024-02,2024,[02] February,"Argao, Cebu",[1] Operational,,,,,[A] Operational,A,07-022-05-000,Argao,Cebu,Region VII (Central Visayas),Municipality,1st,R7,J
[2024-02] 02-031-03-000,2024-02,2024,[02] February,"Aurora, Isabela",[1] Operational,,,,,[A] Operational,B,02-031-03-000,Aurora,Isabela,Region II (Cagayan Valley),Municipality,3rd,R2,D
[2024-02] 17-052-01-000,2024-02,2024,[02] February,"Baco, Oriental Mindoro",[1] Operational,,,,,[A] Operational,B,17-052-01-000,Baco,Oriental Mindoro,MIMAROPA Region,Municipality,3rd,R4B,G
[2024-02] 10-035-01-000,2024-02,2024,[02] February,"Bacolod, Lanao del Norte",[1] Operational,,,,,[A] Operational,B,10-035-01-000,Bacolod,Lanao del Norte,Region X (Northern Mindanao),Municipality,4th,R10,N
[2024-02] 12-065-01-000,2024-02,2024,[02] February,"Bagumbayan, Sultan Kudarat",[3] Ongoing Data Build-up,70%,,,,[B] Developmental,B,12-065-01-000,Bagumbayan,Sultan Kudarat,Region XII (SOCCSKSARGEN),Municipality,1st,R12,Q
[2024-02] 07-022-08-000,2024-02,2024,[02] February,"Balamban, Cebu",[1] Operational,,,,,[A] Operational,A,07-022-08-000,Balamban,Cebu,Region VII (Central Visayas),Municipality,1st,R7,J
[2024-02] 06-030-05-000,2024-02,2024,[02] February,"Balasan, Iloilo",[1] Operational,,,,,[A] Operational,B,06-030-05-000,Balasan,Iloilo,Region VI (Western Visayas),Municipality,4th,R6,I
[2024-02] 04-010-03-000,2024-02,2024,[02] February,"Balayan, Batangas",[1] Operational,,,,,[A] Operational,A,04-010-03-000,Balayan,Batangas,Region IV-A (CALABARZON),Municipality,1st,R4A,F
[2024-02] 03-077-01-000,2024-02,2024,[02] February,"Baler, Aurora",[1] Operational,,,,,[A] Operational,A,03-077-01-000,Baler,Aurora,Region III (Central Luzon),Municipality,3rd,R3,E
[2024-02] 17-059-02-000,2024-02,2024,[02] February,"Banton, Romblon",[1] Operational,,,,,[A] Operational,B,17-059-02-000,Banton,Romblon,MIMAROPA Region,Municipality,5th,R4B,G
[2024-02] 06-006-02-000,2024-02,2024,[02] February,"Barbaza, Antique",[1] Operational,,,,,[A] Operational,B,06-006-02-000,Barbaza,Antique,Region VI (Western Visayas),Municipality,4th,R6,I
[2024-02] 05-062-02-000,2024-02,2024,[02] February,"Barcelona, Sorsogon",[3] Ongoing Data Build-up,85%,,,,[B] Developmental,B,05-062-02-000,Barcelona,Sorsogon,Region V (Bicol Region),Municipality,5th,R5,H
[2024-02] 06-030-07-000,2024-02,2024,[02] February,"Barotac Nuevo, Iloilo",[1] Operational,,,,,[A] Operational,B,06-030-07-000,Barotac Nuevo,Iloilo,Region VI (Western Visayas),Municipality,2nd,R6,I
[2024-02] 06-030-08-000,2024-02,2024,[02] February,"Barotac Viejo, Iloilo",[5] For Training,,,,,[C] For Training/Others,B,06-030-08-000,Barotac Viejo,Iloilo,Region VI (Western Visayas),Municipality,3rd,R6,I
[2024-02] 07-046-05-000,2024-02,2024,[02] February,"Basay, Negros Oriental",[1] Operational,,,,,[A] Operational,B,07-046-05-000,Basay,Negros Oriental,Region VII (Central Visayas),Municipality,4th,R7,J
[2024-02] 08-060-02-000,2024-02,2024,[02] February,"Basey, Samar",[1] Operational,,,,Normal Operations,[A] Operational,B,08-060-02-000,Basey,Samar,Region VIII (Eastern Visayas),Municipality,1st,R8,K
[2024-02] 16-068-02-000,2024-02,2024,[02] February,"Bayabas, Surigao del Sur",[1] Operational,,,,,[A] Operational,A,16-068-02-000,Bayabas,Surigao del Sur,Region XIII (Caraga),Municipality,5th,R13,O
[2024-02] 06-030-10-000,2024-02,2024,[02] February,"Bingawan, Iloilo",[1] Operational,,,,,[A] Operational,B,06-030-10-000,Bingawan,Iloilo,Region VI (Western Visayas),Municipality,5th,R6,I
[2024-02] 10-042-03-000,2024-02,2024,[02] February,"Bonifacio, Misamis Occidental",[3] Ongoing Data Build-up,11%,Still at 11%,For refreshers training on 2024,,[B] Developmental,B,10-042-03-000,Bonifacio,Misamis Occidental,Region X (Northern Mindanao),Municipality,4th,R10,N
[2024-02] 11-025-03-000,2024-02,2024,[02] February,"Boston, Davao Oriental",[1] Operational,,,,,[A] Operational,A,11-025-03-000,Boston,Davao Oriental,Region XI (Davao Region),Municipality,3rd,R11,P
[2024-02] 07-012-09-000,2024-02,2024,[02] February,"Buenavista, Bohol",[1] Operational,,,,,[A] Operational,B,07-012-09-000,Buenavista,Bohol,Region VII (Central Visayas),Municipality,4th,R7,J
[2024-02] 06-079-01-000,2024-02,2024,[02] February,"Buenavista, Guimaras",[1] Operational,,,,,[A] Operational,B,06-079-01-000,Buenavista,Guimaras,Region VI (Western Visayas),Municipality,2nd,R6,I
[2024-02] 06-006-04-000,2024-02,2024,[02] February,"Bugasong, Antique",[1] Operational,,,,,[A] Operational,A,06-006-04-000,Bugasong,Antique,Region VI (Western Visayas),Municipality,3rd,R6,I
[2024-02] 17-053-07-000,2024-02,2024,[02] February,"Busuanga, Palawan",[1] Operational,,,,,[A] Operational,A,17-053-07-000,Busuanga,Palawan,MIMAROPA Region,Municipality,3rd,R4B,G
[2024-02] 06-030-12-000,2024-02,2024,[02] February,"Cabatuan, Iloilo",[1] Operational,,,,,[A] Operational,B,06-030-12-000,Cabatuan,Iloilo,Region VI (Western Visayas),Municipality,2nd,R6,I
[2024-02] 03-049-04-000,2024-02,2024,[02] February,"Cabiao, Nueva Ecija",[3] Ongoing Data Build-up,80%,Requesting for refresher training,,,[B] Developmental,B,03-049-04-000,Cabiao,Nueva Ecija,Region III (Central Luzon),Municipality,1st,R3,E
[2024-02] 10-042-04-000,2024-02,2024,[02] February,"Calamba, Misamis Occidental",[1] Operational,,,,,[A] Operational,A,10-042-04-000,Calamba,Misamis Occidental,Region X (Northern Mindanao),Municipality,4th,R10,N
[2024-02] 06-030-13-000,2024-02,2024,[02] February,"Calinog, Iloilo",[1] Operational,,,,,[A] Operational,A,06-030-13-000,Calinog,Iloilo,Region VI (Western Visayas),Municipality,1st,R6,I
[2024-02] 04-056-08-000,2024-02,2024,[02] February,"Candelaria, Quezon",[1] Operational,,,,,[A] Operational,A,04-056-08-000,Candelaria,Quezon,Region IV-A (CALABARZON),Municipality,1st,R4A,F
[2024-02] 07-012-11-000,2024-02,2024,[02] February,"Candijay, Bohol",[1] Operational,,,,,[A] Operational,B,07-012-11-000,Candijay,Bohol,Region VII (Central Visayas),Municipality,4th,R7,J
[2024-02] 05-016-02-000,2024-02,2024,[02] February,"Capalonga, Camarines Norte",[3] Ongoing Data Build-up,10%,,,,[B] Developmental,B,05-016-02-000,Capalonga,Camarines Norte,Region V (Bicol Region),Municipality,3rd,R5,H
[2024-02] 08-037-15-000,2024-02,2024,[02] February,"Carigara, Leyte",[1] Operational,,,,Normal Operations,[A] Operational,B,08-037-15-000,Carigara,Leyte,Region VIII (Eastern Visayas),Municipality,2nd,R8,K
[2024-02] 16-068-06-000,2024-02,2024,[02] February,"Carmen, Surigao del Sur",[1] Operational,,,,,[A] Operational,A,16-068-06-000,Carmen,Surigao del Sur,Region XIII (Caraga),Municipality,5th,R13,O
[2024-02] 03-077-02-000,2024-02,2024,[02] February,"Casiguran, Aurora",[1] Operational,,,,,[A] Operational,A,03-077-02-000,Casiguran,Aurora,Region III (Central Luzon),Municipality,2nd,R3,E
[2024-02] 10-018-01-000,2024-02,2024,[02] February,"Catarman, Camiguin",[3] Ongoing Data Build-up,100%,,To operate on 2024,,[B] Developmental,B,10-018-01-000,Catarman,Camiguin,Region X (Northern Mindanao),Municipality,5th,R10,N
[2024-02] 11-025-05-000,2024-02,2024,[02] February,"Cateel, Davao Oriental",[1] Operational,,,,,[A] Operational,A,11-025-05-000,Cateel,Davao Oriental,Region XI (Davao Region),Municipality,2nd,R11,P
[2024-02] 04-034-07-000,2024-02,2024,[02] February,"Cavinti, Laguna",[2] Pilot Testing,40%,,,Waiting for LGU Schedule,[B] Developmental,B,04-034-07-000,Cavinti,Laguna,Region IV-A (CALABARZON),Municipality,3rd,R4A,F
[2024-02] 06-302-00-000,2024-02,2024,[02] February,"City of Bacolod, Negros Occidental",[1] Operational,,,,,[A] Operational,A,06-302-00-000,City of Bacolod,Negros Occidental,Region VI (Western Visayas),City,1st,R6,I
[2024-02] 01-028-05-000,2024-02,2024,[02] February,"City of Batac, Ilocos Norte",[3] Ongoing Data Build-up,80%,,Conducted UT last Nov 13-18,,[B] Developmental,B,01-028-05-000,City of Batac,Ilocos Norte,Region I (Ilocos Region),City,5th,R1,C
[2024-02] 08-026-04-000,2024-02,2024,[02] February,"City of Borongan, Eastern Samar",[1] Operational,,,,Normal Operations,[A] Operational,A,08-026-04-000,City of Borongan,Eastern Samar,Region VIII (Eastern Visayas),City,1st (as Mun),R8,K
[2024-02] 07-046-08-000,2024-02,2024,[02] February,"City of Canlaon, Negros Oriental",[1] Operational,,,,,[A] Operational,B,07-046-08-000,City of Canlaon,Negros Oriental,Region VII (Central Visayas),City,4th,R7,J
[2024-02] 11-024-03-000,2024-02,2024,[02] February,"City of Digos, Davao del Sur",[1] Operational,,,,,[A] Operational,B,11-024-03-000,City of Digos,Davao del Sur,Region XI (Davao Region),City,2nd,R11,P
[2024-02] 10-043-08-000,2024-02,2024,[02] February,"City of Gingoog, Misamis Oriental",[1] Operational,,,,,[A] Operational,A,10-043-08-000,City of Gingoog,Misamis Oriental,Region X (Northern Mindanao),City,2nd,R10,N
[2024-02] 02-031-14-000,2024-02,2024,[02] February,"City of Ilagan, Isabela",[1] Operational,,,,,[A] Operational,A,02-031-14-000,City of Ilagan,Isabela,Region II (Cagayan Valley),City,1st (as Mun),R2,D
[2024-02] 06-045-15-000,2024-02,2024,[02] February,"City of Kabankalan, Negros Occidental",[1] Operational,,,,,[A] Operational,B,06-045-15-000,City of Kabankalan,Negros Occidental,Region VI (Western Visayas),City,1st,R6,I
[2024-02] 12-047-04-000,2024-02,2024,[02] February,"City of Kidapawan, Cotabato",[1] Operational,,,,,[A] Operational,A,12-047-04-000,City of Kidapawan,Cotabato,Region XII (SOCCSKSARGEN),City,3rd,R12,Q
[2024-02] 01-028-12-000,2024-02,2024,[02] February,"City of Laoag, Ilocos Norte",[5] For Training,,Waiting for the SB Resolution,For Follow-up,,[C] For Training/Others,B,01-028-12-000,City of Laoag,Ilocos Norte,Region I (Ilocos Region),City,3rd,R1,C
[2024-02] 08-064-07-000,2024-02,2024,[02] February,"City of Maasin, Southern Leyte",[1] Operational,,,,Normal Operations,[A] Operational,A,08-064-07-000,City of Maasin,Southern Leyte,Region VIII (Eastern Visayas),City,4th,R8,K
[2024-02] 11-025-09-000,2024-02,2024,[02] February,"City of Mati, Davao Oriental",[1] Operational,,,,,[A] Operational,A,11-025-09-000,City of Mati,Davao Oriental,Region XI (Davao Region),City,5th,R11,P
[2023-12] 03-049-01-000,2023-12,2023,[12] December,"Aliaga, Nueva Ecija",[8] Withdraw,,,,,[D] Withdraw,B,03-049-01-000,Aliaga,Nueva Ecija,Region III (Central Luzon),Municipality,2nd,R3,E
[2024-02] 03-314-00-000,2024-02,2024,[02] February,"City of Olongapo, Zambales",[3] Ongoing Data Build-up,60%,,For Visitation,,[B] Developmental,B,03-314-00-000,City of Olongapo,Zambales,Region III (Central Luzon),City,1st,R3,E
[2024-02] 03-049-19-000,2024-02,2024,[02] February,"City of Palayan, Nueva Ecija",[2] Pilot Testing,50%,,,,[B] Developmental,B,03-049-19-000,City of Palayan,Nueva Ecija,Region III (Central Luzon),City,5th,R3,E
[2024-02] 14-032-13-000,2024-02,2024,[02] February,"City of Tabuk, Kalinga",[1] Operational,,,,,[A] Operational,B,14-032-13-000,City of Tabuk,Kalinga,Cordillera Administrative Region (CAR),City,5th,CAR,B
[2024-02] 10-042-15-000,2024-02,2024,[02] February,"City of Tangub, Misamis Occidental",[5] For Training,,,,,[C] For Training/Others,B,10-042-15-000,City of Tangub,Misamis Occidental,Region X (Northern Mindanao),City,4th,R10,N
[2024-02] 10-042-05-000,2024-02,2024,[02] February,"Clarin, Misamis Occidental",[5] For Training,,,,,[C] For Training/Others,B,10-042-05-000,Clarin,Misamis Occidental,Region X (Northern Mindanao),Municipality,4th,R10,N
[2024-02] 10-043-06-000,2024-02,2024,[02] February,"Claveria, Misamis Oriental",[1] Operational,,,,,[A] Operational,A,10-043-06-000,Claveria,Misamis Oriental,Region X (Northern Mindanao),Municipality,1st,R10,N
[2024-02] 07-022-18-000,2024-02,2024,[02] February,"Compostela, Cebu",[3] Ongoing Data Build-up,75%,,,,[B] Developmental,B,07-022-18-000,Compostela,Cebu,Region VII (Central Visayas),Municipality,3rd,R7,J
[2024-02] 06-030-15-000,2024-02,2024,[02] February,"Concepcion, Iloilo",[2] Pilot Testing,50%,,,,[B] Developmental,B,06-030-15-000,Concepcion,Iloilo,Region VI (Western Visayas),Municipality,3rd,R6,I
[2024-02] 17-053-09-000,2024-02,2024,[02] February,"Coron, Palawan",[1] Operational,,,,,[A] Operational,B,17-053-09-000,Coron,Palawan,MIMAROPA Region,Municipality,1st,R4B,G
[2024-02] 07-022-21-000,2024-02,2024,[02] February,"Daanbantayan, Cebu",[3] Ongoing Data Build-up,75%,,,,[B] Developmental,B,07-022-21-000,Daanbantayan,Cebu,Region VII (Central Visayas),Municipality,1st,R7,J
[2024-02] 07-012-18-000,2024-02,2024,[02] February,"Danao, Bohol",[1] Operational,,,,,[A] Operational,B,07-012-18-000,Danao,Bohol,Region VII (Central Visayas),Municipality,4th*,R7,J
[2024-02] 01-055-19-000,2024-02,2024,[02] February,"Dasol, Pangasinan",[7] To Follow-up,,for schedule of training,For Follow-up,,[C] For Training/Others,B,01-055-19-000,Dasol,Pangasinan,Region I (Ilocos Region),Municipality,3rd,R1,C
[2024-02] 03-077-05-000,2024-02,2024,[02] February,"Dingalan, Aurora",[2] Pilot Testing,97%,,For refresher training,,[B] Developmental,B,03-077-05-000,Dingalan,Aurora,Region III (Central Luzon),Municipality,3rd,R3,E
[2024-02] 06-030-16-000,2024-02,2024,[02] February,"Dingle, Iloilo",[1] Operational,,,,,[A] Operational,A,06-030-16-000,Dingle,Iloilo,Region VI (Western Visayas),Municipality,3rd,R6,I
[2024-02] 03-077-06-000,2024-02,2024,[02] February,"Dipaculao, Aurora",[1] Operational,,,,,[A] Operational,B,03-077-06-000,Dipaculao,Aurora,Region III (Central Luzon),Municipality,3rd,R3,E
[2024-02] 09-073-08-000,2024-02,2024,[02] February,"Dumingag, Zamboanga del Sur",[3] Ongoing Data Build-up,50%,,,,[B] Developmental,B,09-073-08-000,Dumingag,Zamboanga del Sur,Region IX (Zamboanga Peninsula),Municipality,2nd,R9,L
[2024-02] 17-053-12-000,2024-02,2024,[02] February,"El Nido, Palawan",[1] Operational,,,,,[A] Operational,A,17-053-12-000,El Nido,Palawan,MIMAROPA Region,Municipality,1st,R4B,G
[2024-02] 17-059-16-000,2024-02,2024,[02] February,"Ferrol, Romblon",[1] Operational,,,,,[A] Operational,A,17-059-16-000,Ferrol,Romblon,MIMAROPA Region,Municipality,6th,R4B,G
[2024-02] 03-049-07-000,2024-02,2024,[02] February,"Gabaldon, Nueva Ecija",[2] Pilot Testing,65%,Requesting for refresher training,,,[B] Developmental,B,03-049-07-000,Gabaldon,Nueva Ecija,Region III (Central Luzon),Municipality,4th,R3,E
[2024-02] 08-060-07-000,2024-02,2024,[02] February,"Gandara, Samar",[2] Pilot Testing,95%,Internet Connectivity Issues - Unstable Connection,LGU target date of implementation was December 2023 but no progress/update as of Feb 2024.,Internet Connectivity Issues - Unstable ConnectionLGU target date of implementation was December 2023 but no progress/update as of Feb 2024.,[B] Developmental,B,08-060-07-000,Gandara,Samar,Region VIII (Eastern Visayas),Municipality,2nd,R8,K
[2024-02] 04-056-16-000,2024-02,2024,[02] February,"General Luna, Quezon",[1] Operational,,,,,[A] Operational,B,04-056-16-000,General Luna,Quezon,Region IV-A (CALABARZON),Municipality,4th,R4A,F
[2024-02] 04-056-17-000,2024-02,2024,[02] February,"General Nakar, Quezon",[1] Operational,,,,,[A] Operational,B,04-056-17-000,General Nakar,Quezon,Region IV-A (CALABARZON),Municipality,1st,R4A,F
[2024-02] 03-069-06-000,2024-02,2024,[02] February,"Gerona, Tarlac",[1] Operational,,,,,[A] Operational,B,03-069-06-000,Gerona,Tarlac,Region III (Central Luzon),Municipality,1st,R3,E
[2024-02] 17-052-06-000,2024-02,2024,[02] February,"Gloria, Oriental Mindoro",[1] Operational,,,,,[A] Operational,B,17-052-06-000,Gloria,Oriental Mindoro,MIMAROPA Region,Municipality,3rd,R4B,G
[2024-02] 09-073-43-000,2024-02,2024,[02] February,"Guipos, Zamboanga del Sur",[3] Ongoing Data Build-up,50%,,,,[B] Developmental,B,09-073-43-000,Guipos,Zamboanga del Sur,Region IX (Zamboanga Peninsula),Municipality,4th,R9,L
[2024-02] 08-026-09-000,2024-02,2024,[02] February,"Guiuan, Eastern Samar",[1] Operational,,,,Normal Operations,[A] Operational,B,08-026-09-000,Guiuan,Eastern Samar,Region VIII (Eastern Visayas),Municipality,2nd,R8,K
[2024-02] 04-056-19-000,2024-02,2024,[02] February,"Gumaca, Quezon",[7] To Follow-up,,LGU unresponsive,For visitation,,[C] For Training/Others,B,04-056-19-000,Gumaca,Quezon,Region IV-A (CALABARZON),Municipality,1st,R4A,F
[2024-02] 08-037-20-000,2024-02,2024,[02] February,"Hindang, Leyte",[1] Operational,,,,Normal Operations,[A] Operational,B,08-037-20-000,Hindang,Leyte,Region VIII (Eastern Visayas),Municipality,5th,R8,K
[2024-02] 06-045-11-000,2024-02,2024,[02] February,"Hinigaran, Negros Occidental",[1] Operational,,,,,[A] Operational,B,06-045-11-000,Hinigaran,Negros Occidental,Region VI (Western Visayas),Municipality,1st,R6,I
[2024-02] 03-071-05-000,2024-02,2024,[02] February,"Iba, Zambales",[2] Pilot Testing,70%,,,,[B] Developmental,B,03-071-05-000,Iba,Zambales,Region III (Central Luzon),Municipality,2nd,R3,E
[2024-02] 04-056-20-000,2024-02,2024,[02] February,"Infanta, Quezon",[1] Operational,,,,,[A] Operational,A,04-056-20-000,Infanta,Quezon,Region IV-A (CALABARZON),Municipality,1st,R4A,F
[2024-02] 06-030-23-000,2024-02,2024,[02] February,"Janiuay, Iloilo",[1] Operational,,,,,[A] Operational,B,06-030-23-000,Janiuay,Iloilo,Region VI (Western Visayas),Municipality,1st,R6,I
[2024-02] 10-043-11-000,2024-02,2024,[02] February,"Jasaan, Misamis Oriental",[1] Operational,,,,To operate on 2024,[A] Operational,B,10-043-11-000,Jasaan,Misamis Oriental,Region X (Northern Mindanao),Municipality,2nd,R10,N
[2024-02] 08-037-24-000,2024-02,2024,[02] February,"Javier, Leyte",[1] Operational,,,,Normal Operations,[A] Operational,B,08-037-24-000,Javier,Leyte,Region VIII (Eastern Visayas),Municipality,4th*,R8,K
[2024-02] 08-060-09-000,2024-02,2024,[02] February,"Jiabong, Samar",[1] Operational,,,,Normal Operations,[A] Operational,B,08-060-09-000,Jiabong,Samar,Region VIII (Eastern Visayas),Municipality,5th,R8,K
[2024-02] 05-016-05-000,2024-02,2024,[02] February,"Jose Panganiban, Camarines Norte",[3] Ongoing Data Build-up,10%,,,,[B] Developmental,B,05-016-05-000,Jose Panganiban,Camarines Norte,Region V (Bicol Region),Municipality,2nd,R5,H
[2024-02] 12-047-03-000,2024-02,2024,[02] February,"Kabacan, Cotabato",[1] Operational,,,,,[A] Operational,A,12-047-03-000,Kabacan,Cotabato,Region XII (SOCCSKSARGEN),Municipality,1st,R12,Q
[2024-02] 10-035-05-000,2024-02,2024,[02] February,"Kapatagan, Lanao del Norte",[1] Operational,,,,,[A] Operational,A,10-035-05-000,Kapatagan,Lanao del Norte,Region X (Northern Mindanao),Municipality,2nd,R10,N
[2024-09] 03-049-01-000,2024-09,2024,[09] September,"Aliaga, Nueva Ecija",[8] Withdraw,,,,,[D] Withdraw,B,03-049-01-000,Aliaga,Nueva Ecija,Region III (Central Luzon),Municipality,2nd,R3,E
[2024-02] 08-037-28-000,2024-02,2024,[02] February,"La Paz, Leyte",[2] Pilot Testing,100%,LGU requested for refresher training.,"iBPLS Team conducted Refresher Training last Feb 12-13, 2024 and requested for deletion of test data. Waiting for actual transaction.","LGU requested for refresher training.iBPLS Team conducted Refresher Training last Feb 12-13, 2024 and requested for deletion of test data. Waiting for actual transaction.",[B] Developmental,B,08-037-28-000,La Paz,Leyte,Region VIII (Eastern Visayas),Municipality,5th*,R8,K
[2024-02] 09-073-12-000,2024-02,2024,[02] February,"Labangan, Zamboanga del Sur",[1] Operational,,,,,[A] Operational,B,09-073-12-000,Labangan,Zamboanga del Sur,Region IX (Zamboanga Peninsula),Municipality,3rd,R9,L
[2024-02] 05-016-06-000,2024-02,2024,[02] February,"Labo, Camarines Norte",[6] With Concerns,,"concern regarding manual entry of building permit number, due to conflict with complex applications numbering",,,[C] For Training/Others,B,05-016-06-000,Labo,Camarines Norte,Region V (Bicol Region),Municipality,1st,R5,H
[2024-02] 10-043-13-000,2024-02,2024,[02] February,"Lagonglong, Misamis Oriental",[1] Operational,,,,,[A] Operational,A,10-043-13-000,Lagonglong,Misamis Oriental,Region X (Northern Mindanao),Municipality,5th,R10,N
[2024-02] 09-073-33-000,2024-02,2024,[02] February,"Lakewood, Zamboanga del Sur",[2] Pilot Testing,75%,,,,[B] Developmental,B,09-073-33-000,Lakewood,Zamboanga del Sur,Region IX (Zamboanga Peninsula),Municipality,4th,R9,L
[2024-02] 06-030-25-000,2024-02,2024,[02] February,"Lambunao, Iloilo",[5] For Training,,,,,[C] For Training/Others,B,06-030-25-000,Lambunao,Iloilo,Region VI (Western Visayas),Municipality,1st,R6,I
[2024-02] 01-055-48-000,2024-02,2024,[02] February,"Laoac, Pangasinan",[7] To Follow-up,,for schedule of training,For Follow-up,,[C] For Training/Others,B,01-055-48-000,Laoac,Pangasinan,Region I (Ilocos Region),Municipality,4th,R1,C
[2024-02] 16-002-07-000,2024-02,2024,[02] February,"Las Nieves, Agusan del Norte",[1] Operational,,,,,[A] Operational,A,16-002-07-000,Las Nieves,Agusan del Norte,Region XIII (Caraga),Municipality,2nd,R13,O
[2024-02] 06-006-09-000,2024-02,2024,[02] February,"Laua-An, Antique",[1] Operational,,,,,[A] Operational,A,06-006-09-000,Laua-An,Antique,Region VI (Western Visayas),Municipality,4th,R6,I
[2024-02] 12-065-06-000,2024-02,2024,[02] February,"Lebak, Sultan Kudarat",[7] To Follow-up,,LGU Unresponsive,,,[C] For Training/Others,B,12-065-06-000,Lebak,Sultan Kudarat,Region XII (SOCCSKSARGEN),Municipality,1st,R12,Q
[2024-10] 03-049-01-000,2024-10,2024,[10] October,"Aliaga, Nueva Ecija",[8] Withdraw,,,,,[D] Withdraw,B,03-049-01-000,Aliaga,Nueva Ecija,Region III (Central Luzon),Municipality,2nd,R3,E
[2024-02] 08-037-29-000,2024-02,2024,[02] February,"Leyte, Leyte",[1] Operational,,,,Zero Transactions for the month of February 2024.,[A] Operational,A,08-037-29-000,Leyte,Leyte,Region VIII (Eastern Visayas),Municipality,4th*,R8,K
[2024-02] 04-010-13-000,2024-02,2024,[02] February,"Lian, Batangas",[1] Operational,,,,,[A] Operational,A,04-010-13-000,Lian,Batangas,Region IV-A (CALABARZON),Municipality,3rd,R4A,F
[2024-02] 06-006-10-000,2024-02,2024,[02] February,"Libertad, Antique",[1] Operational,,,,,[A] Operational,A,06-006-10-000,Libertad,Antique,Region VI (Western Visayas),Municipality,5th,R6,I
[2024-02] 10-043-15-000,2024-02,2024,[02] February,"Libertad, Misamis Oriental",[7] To Follow-up,,Responded. Lack of Manpower,To follow up LGU decision to continue or withdraw,To continue on 2024 as per OBO,[C] For Training/Others,B,10-043-15-000,Libertad,Misamis Oriental,Region X (Northern Mindanao),Municipality,5th,R10,N
[2024-02] 03-008-06-000,2024-02,2024,[02] February,"Limay, Bataan",[6] With Concerns,,Internet connectivity issue,"Sent Notice Letter, awaiting for their reply
Intends to withdraw
For visitation",,[C] For Training/Others,B,03-008-06-000,Limay,Bataan,Region III (Central Luzon),Municipality,1st,R3,E
[2024-02] 16-068-12-000,2024-02,2024,[02] February,"Lingig, Surigao del Sur",[7] To Follow-up,,"
Last Status: For Data Buildup",A notice of unutilization was served. Still waiting for response letter,,[C] For Training/Others,B,16-068-12-000,Lingig,Surigao del Sur,Region XIII (Caraga),Municipality,2nd,R13,O
[2024-02] 17-059-07-000,2024-02,2024,[02] February,"Looc, Romblon",[1] Operational,,,,,[A] Operational,A,17-059-07-000,Looc,Romblon,MIMAROPA Region,Municipality,4th,R4B,G
[2024-02] 11-025-07-000,2024-02,2024,[02] February,"Lupon, Davao Oriental",[1] Operational,,,,,[A] Operational,B,11-025-07-000,Lupon,Davao Oriental,Region XI (Davao Region),Municipality,1st,R11,P
[2024-02] 04-010-16-000,2024-02,2024,[02] February,"Mabini, Batangas",[1] Operational,,,,,[A] Operational,A,04-010-16-000,Mabini,Batangas,Region IV-A (CALABARZON),Municipality,1st,R4A,F
[2024-02] 03-054-10-000,2024-02,2024,[02] February,"Macabebe, Pampanga",[6] With Concerns,,New LGU Staff and Internet connectivity issue,"intended to withdraw
waiting for the withdrawal letter",,[C] For Training/Others,B,03-054-10-000,Macabebe,Pampanga,Region III (Central Luzon),Municipality,1st,R3,E
[2024-02] 08-064-08-000,2024-02,2024,[02] February,"Macrohon, Southern Leyte",[1] Operational,,,,Normal Operations,[A] Operational,A,08-064-08-000,Macrohon,Southern Leyte,Region VIII (Eastern Visayas),Municipality,4th,R8,K
[2024-02] 07-022-28-000,2024-02,2024,[02] February,"Madridejos, Cebu",[1] Operational,,,,,[A] Operational,B,07-022-28-000,Madridejos,Cebu,Region VII (Central Visayas),Municipality,4th,R7,J
[2024-02] 04-021-12-000,2024-02,2024,[02] February,"Magallanes, Cavite",[1] Operational,,,,,[A] Operational,B,04-021-12-000,Magallanes,Cavite,Region IV-A (CALABARZON),Municipality,4th,R4A,F
[2024-02] 10-035-12-000,2024-02,2024,[02] February,"Maigo, Lanao del Norte",[1] Operational,,,,,[A] Operational,A,10-035-12-000,Maigo,Lanao del Norte,Region X (Northern Mindanao),Municipality,4th,R10,N
[2024-02] 11-024-08-000,2024-02,2024,[02] February,"Malalag, Davao del Sur",[1] Operational,,,,,[A] Operational,A,11-024-08-000,Malalag,Davao del Sur,Region XI (Davao Region),Municipality,2nd,R11,P
[2024-02] 06-045-18-000,2024-02,2024,[02] February,"Manapla, Negros Occidental",[1] Operational,,,,,[A] Operational,B,06-045-18-000,Manapla,Negros Occidental,Region VI (Western Visayas),Municipality,2nd,R6,I
[2024-02] 11-025-08-000,2024-02,2024,[02] February,"Manay, Davao Oriental",[1] Operational,,,,,[A] Operational,A,11-025-08-000,Manay,Davao Oriental,Region XI (Davao Region),Municipality,2nd,R11,P
[2024-02] 10-043-18-000,2024-02,2024,[02] February,"Manticao, Misamis Oriental",[1] Operational,,,,,[A] Operational,B,10-043-18-000,Manticao,Misamis Oriental,Region X (Northern Mindanao),Municipality,4th,R10,N
[2024-02] 11-082-05-000,2024-02,2024,[02] February,"Maragusan, Davao de Oro",[1] Operational,,,,,[A] Operational,B,11-082-05-000,Maragusan,Davao de Oro,Region XI (Davao Region),Municipality,1st,R11,P
[2024-02] 03-077-07-000,2024-02,2024,[02] February,"Maria Aurora, Aurora",[1] Operational,,,,,[A] Operational,A,03-077-07-000,Maria Aurora,Aurora,Region III (Central Luzon),Municipality,2nd,R3,E
[2024-02] 11-024-10-000,2024-02,2024,[02] February,"Matanao, Davao del Sur",[2] Pilot Testing,25%,,,"Done User's Training - February 27-29, 2024",[B] Developmental,A,11-024-10-000,Matanao,Davao del Sur,Region XI (Davao Region),Municipality,2nd,R11,P
[2024-02] 04-056-27-000,2024-02,2024,[02] February,"Mauban, Quezon",[1] Operational,,,,,[A] Operational,A,04-056-27-000,Mauban,Quezon,Region IV-A (CALABARZON),Municipality,1st,R4A,F
[2024-02] 05-016-07-000,2024-02,2024,[02] February,"Mercedes, Camarines Norte",[3] Ongoing Data Build-up,80%,,,,[B] Developmental,B,05-016-07-000,Mercedes,Camarines Norte,Region V (Bicol Region),Municipality,2nd,R5,H
[2024-02] 06-030-30-000,2024-02,2024,[02] February,"Miagao, Iloilo",[5] For Training,,,,,[C] For Training/Others,B,06-030-30-000,Miagao,Iloilo,Region VI (Western Visayas),Municipality,1st,R6,I
[2024-02] 12-047-09-000,2024-02,2024,[02] February,"Midsayap, Cotabato",[1] Operational,,,,,[A] Operational,B,12-047-09-000,Midsayap,Cotabato,Region XII (SOCCSKSARGEN),Municipality,1st,R12,Q
[2024-02] 06-030-31-000,2024-02,2024,[02] February,"Mina, Iloilo",[1] Operational,,,,,[A] Operational,A,06-030-31-000,Mina,Iloilo,Region VI (Western Visayas),Municipality,5th,R6,I
[2024-02] 07-022-32-000,2024-02,2024,[02] February,"Minglanilla, Cebu",[7] To Follow-up,,OSCP Still in Construction; proposed to conduct Refresher Training when the OSCP Building is done; target to utilize this year 2024,Followed up LGUs concern regarding this matter,,[C] For Training/Others,B,07-022-32-000,Minglanilla,Cebu,Region VII (Central Visayas),Municipality,1st,R7,J
[2024-02] 06-045-19-000,2024-02,2024,[02] February,"Moises Padilla, Negros Occidental",[1] Operational,,,,,[A] Operational,B,06-045-19-000,Moises Padilla,Negros Occidental,Region VI (Western Visayas),Municipality,3rd,R6,I
[2024-02] 04-021-15-000,2024-02,2024,[02] February,"Naic, Cavite",[1] Operational,,,,,[A] Operational,A,04-021-15-000,Naic,Cavite,Region IV-A (CALABARZON),Municipality,1st,R4A,F
[2024-02] 08-078-08-000,2024-02,2024,[02] February,"Naval, Biliran",[1] Operational,,,,Normal Operations,[A] Operational,A,08-078-08-000,Naval,Biliran,Region VIII (Eastern Visayas),Municipality,2nd,R8,K
[2024-02] 06-030-32-000,2024-02,2024,[02] February,"New Lucena, Iloilo",[1] Operational,,,,,[A] Operational,B,06-030-32-000,New Lucena,Iloilo,Region VI (Western Visayas),Municipality,4th,R6,I
[2024-02] 06-004-15-000,2024-02,2024,[02] February,"New Washington, Aklan",[1] Operational,,,,,[A] Operational,A,06-004-15-000,New Washington,Aklan,Region VI (Western Visayas),Municipality,3rd,R6,I
[2024-02] 03-014-13-000,2024-02,2024,[02] February,"Norzagaray, Bulacan",[1] Operational,,,,,[A] Operational,A,03-014-13-000,Norzagaray,Bulacan,Region III (Central Luzon),Municipality,1st,R3,E
[2024-01] 03-014-12-000,2024-01,2024,[01] January,"City of Meycauayan, Bulacan",[8] Withdraw,,"Withdrawal Letter - Meycauayan City, Bulacan",Last Status Ongoing Data Build-up 25%,,[D] Withdraw,B,03-014-12-000,City of Meycauayan,Bulacan,Region III (Central Luzon),City,3rd,R3,E
[2024-02] 11-024-11-000,2024-02,2024,[02] February,"Padada, Davao del Sur",[1] Operational,,,,,[A] Operational,B,11-024-11-000,Padada,Davao del Sur,Region XI (Davao Region),Municipality,3rd,R11,P
[2024-02] 04-034-18-000,2024-02,2024,[02] February,"Paete, Laguna",[1] Operational,,,,,[A] Operational,B,04-034-18-000,Paete,Laguna,Region IV-A (CALABARZON),Municipality,4th,R4A,F
[2024-02] 08-037-39-000,2024-02,2024,[02] February,"Palo, Leyte",[1] Operational,,,,Normal Operations,[A] Operational,A,08-037-39-000,Palo,Leyte,Region VIII (Eastern Visayas),Municipality,3rd,R8,K
[2024-02] 08-048-15-000,2024-02,2024,[02] February,"Pambujan, Northern Samar",[1] Operational,,,,,[A] Operational,A,08-048-15-000,Pambujan,Northern Samar,Region VIII (Eastern Visayas),Municipality,4th,R8,K
[2024-02] 06-006-11-000,2024-02,2024,[02] February,"Pandan, Antique",[1] Operational,,,,,[A] Operational,A,06-006-11-000,Pandan,Antique,Region VI (Western Visayas),Municipality,4th,R6,I
[2024-02] 08-037-41-000,2024-02,2024,[02] February,"Pastrana, Leyte",[1] Operational,,,,Normal Operations,[A] Operational,A,08-037-41-000,Pastrana,Leyte,Region VIII (Eastern Visayas),Municipality,5th*,R8,K
[2024-02] 06-006-12-000,2024-02,2024,[02] February,"Patnongon, Antique",[1] Operational,,,,,[A] Operational,A,06-006-12-000,Patnongon,Antique,Region VI (Western Visayas),Municipality,3rd,R6,I
[2024-02] 12-047-12-000,2024-02,2024,[02] February,"Pikit, Cotabato",[6] With Concerns,,On going retesting,,,[C] For Training/Others,B,12-047-12-000,Pikit,Cotabato,Region XII (SOCCSKSARGEN),Municipality,1st,R12,Q
[2024-02] 17-052-09-000,2024-02,2024,[02] February,"Pinamalayan, Oriental Mindoro",[1] Operational,,,,,[A] Operational,B,17-052-09-000,Pinamalayan,Oriental Mindoro,MIMAROPA Region,Municipality,1st,R4B,G
[2024-02] 07-022-37-000,2024-02,2024,[02] February,"Pinamungajan, Cebu",[1] Operational,,,,,[A] Operational,A,07-022-37-000,Pinamungajan,Cebu,Region VII (Central Visayas),Municipality,2nd,R7,J
[2024-02] 04-056-34-000,2024-02,2024,[02] February,"Pitogo, Quezon",[2] Pilot Testing,45%,,,,[B] Developmental,B,04-056-34-000,Pitogo,Quezon,Region IV-A (CALABARZON),Municipality,4th,R4A,F
[2024-02] 10-042-12-000,2024-02,2024,[02] February,"Plaridel, Misamis Occidental",[1] Operational,,,,,[A] Operational,A,10-042-12-000,Plaridel,Misamis Occidental,Region X (Northern Mindanao),Municipality,3rd,R10,N
[2024-02] 09-072-10-000,2024-02,2024,[02] February,"Polanco, Zamboanga del Norte",[1] Operational,,,,,[A] Operational,A,09-072-10-000,Polanco,Zamboanga del Norte,Region IX (Zamboanga Peninsula),Municipality,3rd,R9,L
[2024-02] 01-055-30-000,2024-02,2024,[02] February,"Pozorrubio, Pangasinan",[5] For Training,,,For Follow-up,,[C] For Training/Others,B,01-055-30-000,Pozorrubio,Pangasinan,Region I (Ilocos Region),Municipality,1st,R1,C
[2024-02] 09-072-11-000,2024-02,2024,[02] February,"Pres. Manuel A. Roxas, Zamboanga del Norte",[2] Pilot Testing,75%,,,,[B] Developmental,B,09-072-11-000,Pres. Manuel A. Roxas,Zamboanga del Norte,Region IX (Zamboanga Peninsula),Municipality,2nd,R9,L
[2024-02] 17-051-08-000,2024-02,2024,[02] February,"Rizal, Occidental Mindoro",[1] Operational,,,,,[A] Operational,B,17-051-08-000,Rizal,Occidental Mindoro,MIMAROPA Region,Municipality,3rd,R4B,G
[2024-02] 09-072-12-000,2024-02,2024,[02] February,"Rizal, Zamboanga del Norte",[2] Pilot Testing,25%,,,,[B] Developmental,B,09-072-12-000,Rizal,Zamboanga del Norte,Region IX (Zamboanga Peninsula),Municipality,5th,R9,L
[2024-02] 10-043-22-000,2024-02,2024,[02] February,"Salay, Misamis Oriental",[1] Operational,,,,,[A] Operational,A,10-043-22-000,Salay,Misamis Oriental,Region X (Northern Mindanao),Municipality,4th,R10,N
[2024-02] 07-022-40-000,2024-02,2024,[02] February,"Samboan, Cebu",[2] Pilot Testing,25%,Engineering office is short of staff; for hiring of personnel,Monitor LGUs concern,,[B] Developmental,B,07-022-40-000,Samboan,Cebu,Region VII (Central Visayas),Municipality,5th,R7,J
[2024-02] 04-056-39-000,2024-02,2024,[02] February,"Sampaloc, Quezon",[1] Operational,,,,,[A] Operational,B,04-056-39-000,Sampaloc,Quezon,Region IV-A (CALABARZON),Municipality,5th,R4A,F
[2024-02] 16-068-15-000,2024-02,2024,[02] February,"San Agustin, Surigao del Sur",[2] Pilot Testing,100%,Still waiting for an actual entry of application and issuance to tag them as operational/ compliant,"Refresher training was conducted last october 10, 2023",,[B] Developmental,A,16-068-15-000,San Agustin,Surigao del Sur,Region XIII (Caraga),Municipality,4th,R13,O
[2024-02] 03-071-09-000,2024-02,2024,[02] February,"San Antonio, Zambales",[2] Pilot Testing,82%,,,,[B] Developmental,B,03-071-09-000,San Antonio,Zambales,Region III (Central Luzon),Municipality,2nd,R3,E
[2024-02] 01-029-18-000,2024-02,2024,[02] February,"San Esteban, Ilocos Sur",[5] For Training,,,For Follow-up,,[C] For Training/Others,B,01-029-18-000,San Esteban,Ilocos Sur,Region I (Ilocos Region),Municipality,5th,R1,C
[2024-02] 07-022-42-000,2024-02,2024,[02] February,"San Francisco, Cebu",[7] To Follow-up,,For Refresher Training for the new personnel in-charge,,,[C] For Training/Others,B,07-022-42-000,San Francisco,Cebu,Region VII (Central Visayas),Municipality,3rd,R7,J
[2024-02] 06-030-40-000,2024-02,2024,[02] February,"San Joaquin, Iloilo",[5] For Training,,,,,[C] For Training/Others,B,06-030-40-000,San Joaquin,Iloilo,Region VI (Western Visayas),Municipality,2nd,R6,I
[2024-02] 07-046-17-000,2024-02,2024,[02] February,"San Jose, Negros Oriental",[2] Pilot Testing,25%,,,,[B] Developmental,B,07-046-17-000,San Jose,Negros Oriental,Region VII (Central Visayas),Municipality,5th,R7,J
[2024-02] 17-051-10-000,2024-02,2024,[02] February,"San Jose, Occidental Mindoro",[1] Operational,,,,,[A] Operational,A,17-051-10-000,San Jose,Occidental Mindoro,MIMAROPA Region,Municipality,1st,R4B,G
[2024-02] 08-064-14-000,2024-02,2024,[02] February,"San Juan, Southern Leyte",[1] Operational,,,,Normal Operations,[A] Operational,A,08-064-14-000,San Juan,Southern Leyte,Region VIII (Eastern Visayas),Municipality,5th,R8,K
[2024-02] 04-010-24-000,2024-02,2024,[02] February,"San Luis, Batangas",[1] Operational,,,,,[A] Operational,B,04-010-24-000,San Luis,Batangas,Region IV-A (CALABARZON),Municipality,4th,R4A,F
[2024-02] 03-054-17-000,2024-02,2024,[02] February,"San Luis, Pampanga",[6] With Concerns,,"Still on process of familiarizing the whole system
for pilot testing 30%",,,[C] For Training/Others,B,03-054-17-000,San Luis,Pampanga,Region III (Central Luzon),Municipality,3rd,R3,E
[2024-02] 16-068-16-000,2024-02,2024,[02] February,"San Miguel, Surigao del Sur",[2] Pilot Testing,95%,Still waiting for an actual entry of application and issuance to tag them as operational/ compliant,"Refresher training was conducted last september 21-22, 2023",,[B] Developmental,B,16-068-16-000,San Miguel,Surigao del Sur,Region XIII (Caraga),Municipality,1st,R13,O
[2024-02] 03-071-12-000,2024-02,2024,[02] February,"San Narciso, Zambales",[1] Operational,,,,,[A] Operational,A,03-071-12-000,San Narciso,Zambales,Region III (Central Luzon),Municipality,4th,R3,E
[2024-02] 04-010-25-000,2024-02,2024,[02] February,"San Nicolas, Batangas",[2] Pilot Testing,35%,,,Waiting for LGU Schedule,[B] Developmental,B,04-010-25-000,San Nicolas,Batangas,Region IV-A (CALABARZON),Municipality,5th,R4A,F
[2024-02] 09-073-25-000,2024-02,2024,[02] February,"San Pablo, Zamboanga del Sur",[2] Pilot Testing,75%,,,,[B] Developmental,B,09-073-25-000,San Pablo,Zamboanga del Sur,Region IX (Zamboanga Peninsula),Municipality,4th*,R9,L
[2024-02] 08-048-20-000,2024-02,2024,[02] February,"San Roque, Northern Samar",[1] Operational,,,,Normal Operations,[A] Operational,A,08-048-20-000,San Roque,Northern Samar,Region VIII (Eastern Visayas),Municipality,4th,R8,K
[2024-02] 17-052-13-000,2024-02,2024,[02] February,"San Teodoro, Oriental Mindoro",[1] Operational,,,,,[A] Operational,B,17-052-13-000,San Teodoro,Oriental Mindoro,MIMAROPA Region,Municipality,4th,R4B,G
[2024-02] 17-053-19-000,2024-02,2024,[02] February,"San Vicente, Palawan",[1] Operational,,,,,[A] Operational,A,17-053-19-000,San Vicente,Palawan,MIMAROPA Region,Municipality,1st,R4B,G
[2024-02] 06-030-43-000,2024-02,2024,[02] February,"Santa Barbara, Iloilo",[1] Operational,,,,,[A] Operational,B,06-030-43-000,Santa Barbara,Iloilo,Region VI (Western Visayas),Municipality,2nd,R6,I
[2024-02] 03-069-15-000,2024-02,2024,[02] February,"Santa Ignacia, Tarlac",[1] Operational,,,,,[A] Operational,A,03-069-15-000,Santa Ignacia,Tarlac,Region III (Central Luzon),Municipality,2nd,R3,E
[2024-02] 04-010-27-000,2024-02,2024,[02] February,"Santa Teresita, Batangas",[1] Operational,,,,,[A] Operational,A,04-010-27-000,Santa Teresita,Batangas,Region IV-A (CALABARZON),Municipality,5th,R4A,F
[2024-02] 06-019-15-000,2024-02,2024,[02] February,"Sapi-An, Capiz",[6] With Concerns,,,,,[C] For Training/Others,A,06-019-15-000,Sapi-An,Capiz,Region VI (Western Visayas),Municipality,4th,R6,I
[2024-02] 06-030-44-000,2024-02,2024,[02] February,"Sara, Iloilo",[1] Operational,,,,,[A] Operational,B,06-030-44-000,Sara,Iloilo,Region VI (Western Visayas),Municipality,2nd,R6,I
[2024-02] 06-006-15-000,2024-02,2024,[02] February,"Sebaste, Antique",[5] For Training,,,,,[C] For Training/Others,B,06-006-15-000,Sebaste,Antique,Region VI (Western Visayas),Municipality,4th,R6,I
[2024-02] 09-072-15-000,2024-02,2024,[02] February,"Siayan, Zamboanga del Norte",[3] Ongoing Data Build-up,50%,,,,[B] Developmental,B,09-072-15-000,Siayan,Zamboanga del Norte,Region IX (Zamboanga Peninsula),Municipality,2nd,R9,L
[2024-02] 10-042-14-000,2024-02,2024,[02] February,"Sinacaban, Misamis Occidental",[1] Operational,,,,,[A] Operational,A,10-042-14-000,Sinacaban,Misamis Occidental,Region X (Northern Mindanao),Municipality,5th,R10,N
[2024-02] 09-072-18-000,2024-02,2024,[02] February,"Sindangan, Zamboanga del Norte",[7] To Follow-up,,"For Withdrawal : Despite confirming their attendance, LGU failed to show up for Refresher training and not responding afterward.",To send notice of withdrawal,,[C] For Training/Others,B,09-072-18-000,Sindangan,Zamboanga del Norte,Region IX (Zamboanga Peninsula),Municipality,1st,R9,L
[2024-02] 16-067-23-000,2024-02,2024,[02] February,"Socorro, Surigao del Norte",[2] Pilot Testing,95%,,,,[B] Developmental,B,16-067-23-000,Socorro,Surigao del Norte,Region XIII (Caraga),Municipality,4th,R13,O
[2024-02] 08-064-17-000,2024-02,2024,[02] February,"Sogod, Southern Leyte",[1] Operational,,,,Normal Operations,[A] Operational,A,08-064-17-000,Sogod,Southern Leyte,Region VIII (Eastern Visayas),Municipality,2nd,R8,K
[2024-02] 11-024-14-000,2024-02,2024,[02] February,"Sulop, Davao del Sur",[1] Operational,,,,,[A] Operational,A,11-024-14-000,Sulop,Davao del Sur,Region XI (Davao Region),Municipality,3rd,R11,P
[2024-02] 04-010-29-000,2024-02,2024,[02] February,"Taal, Batangas",[1] Operational,,,,,[A] Operational,A,04-010-29-000,Taal,Batangas,Region IV-A (CALABARZON),Municipality,3rd,R4A,F
[2024-02] 16-067-25-000,2024-02,2024,[02] February,"Tagana-An, Surigao del Norte",[1] Operational,,,,,[A] Operational,A,16-067-25-000,Tagana-An,Surigao del Norte,Region XIII (Caraga),Municipality,5th*,R13,O
[2024-02] 16-068-17-000,2024-02,2024,[02] February,"Tagbina, Surigao del Sur",[1] Operational,,,,,[A] Operational,A,16-068-17-000,Tagbina,Surigao del Sur,Region XIII (Caraga),Municipality,2nd,R13,O
[2024-02] 16-068-18-000,2024-02,2024,[02] February,"Tago, Surigao del Sur",[1] Operational,100%,,,,[A] Operational,B,16-068-18-000,Tago,Surigao del Sur,Region XIII (Caraga),Municipality,2nd,R13,O
[2024-02] 10-043-24-000,2024-02,2024,[02] February,"Tagoloan, Misamis Oriental",[7] To Follow-up,,Responded. Lack of Manpower,To follow up LGU decision to continue or withdraw,To continue on 2024 as per OBO,[C] For Training/Others,B,10-043-24-000,Tagoloan,Misamis Oriental,Region X (Northern Mindanao),Municipality,1st,R10,N
[2024-02] 19-066-13-000,2024-02,2024,[02] February,"Talipao, Sulu",[2] Pilot Testing,75%,,,,[B] Developmental,B,19-066-13-000,Talipao,Sulu,Bangsamoro Autonomous Region In Muslim Mindanao (BARMM),Municipality,1st,BARMM I,M
[2024-02] 05-016-11-000,2024-02,2024,[02] February,"Talisay, Camarines Norte",[1] Operational,,,,,[A] Operational,A,05-016-11-000,Talisay,Camarines Norte,Region V (Bicol Region),Municipality,4th,R5,H
[2024-02] 10-043-25-000,2024-02,2024,[02] February,"Talisayan, Misamis Oriental",[3] Ongoing Data Build-up,100%,,,To operate on 2024,[B] Developmental,B,10-043-25-000,Talisayan,Misamis Oriental,Region X (Northern Mindanao),Municipality,4th,R10,N
[2024-02] 06-004-17-000,2024-02,2024,[02] February,"Tangalan, Aklan",[1] Operational,,,,,[A] Operational,A,06-004-17-000,Tangalan,Aklan,Region VI (Western Visayas),Municipality,5th,R6,I
[2024-02] 06-019-17-000,2024-02,2024,[02] February,"Tapaz, Capiz",[1] Operational,,,,,[A] Operational,A,06-019-17-000,Tapaz,Capiz,Region VI (Western Visayas),Municipality,1st,R6,I
[2024-02] 11-025-11-000,2024-02,2024,[02] February,"Tarragona, Davao Oriental",[1] Operational,,,,,[A] Operational,B,11-025-11-000,Tarragona,Davao Oriental,Region XI (Davao Region),Municipality,3rd,R11,P
[2024-02] 09-083-15-000,2024-02,2024,[02] February,"Titay, Zamboanga Sibugay",[1] Operational,,,,,[A] Operational,A,09-083-15-000,Titay,Zamboanga Sibugay,Region IX (Zamboanga Peninsula),Municipality,2nd,R9,L
[2024-02] 03-014-12-000,2024-02,2024,[02] February,"City of Meycauayan, Bulacan",[8] Withdraw,,"Withdrawal Letter - Meycauayan City, Bulacan",Last Status Ongoing Data Build-up 25%,,[D] Withdraw,B,03-014-12-000,City of Meycauayan,Bulacan,Region III (Central Luzon),City,3rd,R3,E
[2024-03] 03-014-12-000,2024-03,2024,[03] March,"City of Meycauayan, Bulacan",[8] Withdraw,,"Withdrawal Letter - Meycauayan City, Bulacan",Last Status Ongoing Data Build-up 25%,,[D] Withdraw,B,03-014-12-000,City of Meycauayan,Bulacan,Region III (Central Luzon),City,3rd,R3,E
[2024-02] 08-064-18-000,2024-02,2024,[02] February,"Tomas Oppus, Southern Leyte",[1] Operational,,,,Normal Operations,[A] Operational,A,08-064-18-000,Tomas Oppus,Southern Leyte,Region VIII (Eastern Visayas),Municipality,5th,R8,K
[2024-02] 16-003-12-000,2024-02,2024,[02] February,"Trento, Agusan del Sur",[2] Pilot Testing,100%,Municipal Mayor of Trento expressed his intention to use the system however he wants to have the MOA signed first before using the system for  legal purposes.Moreover only the USEC can sign the MOA so it might take so long to use the system.,"Refresher training was conducted last September 15, 2023",,[B] Developmental,B,16-003-12-000,Trento,Agusan del Sur,Region XIII (Caraga),Municipality,1st,R13,O
[2024-02] 07-012-44-000,2024-02,2024,[02] February,"Trinidad, Bohol",[1] Operational,,,,,[A] Operational,B,07-012-44-000,Trinidad,Bohol,Region VII (Central Visayas),Municipality,3rd,R7,J
[2024-02] 10-035-22-000,2024-02,2024,[02] February,"Tubod, Lanao del Norte",[2] Pilot Testing,40%,Still at 40%,will continue next year according to BO,,[B] Developmental,B,10-035-22-000,Tubod,Lanao del Norte,Region X (Northern Mindanao),Municipality,2nd,R10,N
[2024-02] 16-067-27-000,2024-02,2024,[02] February,"Tubod, Surigao del Norte",[1] Operational,100%,,,,[A] Operational,A,16-067-27-000,Tubod,Surigao del Norte,Region XIII (Caraga),Municipality,5th,R13,O
[2024-02] 07-022-52-000,2024-02,2024,[02] February,"Tuburan, Cebu",[1] Operational,,,,,[A] Operational,A,07-022-52-000,Tuburan,Cebu,Region VII (Central Visayas),Municipality,2nd,R7,J
[2024-02] 07-022-53-000,2024-02,2024,[02] February,"Tudela, Cebu",[1] Operational,,,,,[A] Operational,A,07-022-53-000,Tudela,Cebu,Region VII (Central Visayas),Municipality,5th,R7,J
[2024-02] 19-087-13-000,2024-02,2024,[02] February,"Upi, Maguindanao del Norte",[1] Operational,,,,,[A] Operational,A,19-087-13-000,Upi,Maguindanao del Norte,Bangsamoro Autonomous Region In Muslim Mindanao (BARMM),Municipality,1st,BARMM II,R
[2024-02] 05-016-12-000,2024-02,2024,[02] February,"Vinzons, Camarines Norte",[3] Ongoing Data Build-up,30%,,,,[B] Developmental,B,05-016-12-000,Vinzons,Camarines Norte,Region V (Bicol Region),Municipality,3rd,R5,H
[2024-02] 05-020-11-000,2024-02,2024,[02] February,"Virac, Catanduanes",[6] With Concerns,,May mga need pa po ayusin specially sa mga signatories,,,[C] For Training/Others,B,05-020-11-000,Virac,Catanduanes,Region V (Bicol Region),Municipality,1st,R5,H
[2024-02] 03-049-32-000,2024-02,2024,[02] February,"Zaragoza, Nueva Ecija",[2] Pilot Testing,96%,,for launching phase,,[B] Developmental,B,03-049-32-000,Zaragoza,Nueva Ecija,Region III (Central Luzon),Municipality,3rd,R3,E
[2024-02] 06-030-47-000,2024-02,2024,[02] February,"Zarraga, Iloilo",[5] For Training,,,,,[C] For Training/Others,B,06-030-47-000,Zarraga,Iloilo,Region VI (Western Visayas),Municipality,4th,R6,I
[2024-03] 08-037-01-000,2024-03,2024,[03] March,"Abuyog, Leyte",[2] Pilot Testing,80%,Nonresponsive LGU,,Nonresponsive LGU,[B] Developmental,B,08-037-01-000,Abuyog,Leyte,Region VIII (Eastern Visayas),Municipality,1st*,R8,K
[2024-03] 04-056-02-000,2024-03,2024,[03] March,"Alabat, Quezon",[1] Operational,,,,,[A] Operational,B,04-056-02-000,Alabat,Quezon,Region IV-A (CALABARZON),Municipality,5th,R4A,F
[2024-03] 08-037-02-000,2024-03,2024,[03] March,"Alangalang, Leyte",[1] Operational,,,,Normal Operations,[A] Operational,A,08-037-02-000,Alangalang,Leyte,Region VIII (Eastern Visayas),Municipality,2nd,R8,K
[2024-03] 07-022-01-000,2024-03,2024,[03] March,"Alcantara, Cebu",[3] Ongoing Data Build-up,90%,,,,[B] Developmental,B,07-022-01-000,Alcantara,Cebu,Region VII (Central Visayas),Municipality,5th,R7,J
[2024-03] 04-021-01-000,2024-03,2024,[03] March,"Alfonso, Cavite",[3] Ongoing Data Build-up,60%,,,,[B] Developmental,B,04-021-01-000,Alfonso,Cavite,Region IV-A (CALABARZON),Municipality,1st,R4A,F
[2024-04] 03-014-12-000,2024-04,2024,[04] April,"City of Meycauayan, Bulacan",[8] Withdraw,,"Withdrawal Letter - Meycauayan City, Bulacan",Last Status Ongoing Data Build-up 25%,,[D] Withdraw,B,03-014-12-000,City of Meycauayan,Bulacan,Region III (Central Luzon),City,3rd,R3,E
[2024-03] 06-030-02-000,2024-03,2024,[03] March,"Alimodian, Iloilo",[1] Operational,,,,,[A] Operational,B,06-030-02-000,Alimodian,Iloilo,Region VI (Western Visayas),Municipality,3rd,R6,I
[2024-03] 04-021-02-000,2024-03,2024,[03] March,"Amadeo, Cavite",[2] Pilot Testing,67%,,,,[B] Developmental,B,04-021-02-000,Amadeo,Cavite,Region IV-A (CALABARZON),Municipality,4th,R4A,F
[2024-03] 07-046-01-000,2024-03,2024,[03] March,"Amlan, Negros Oriental",[3] Ongoing Data Build-up,25%,Internal problem in using the system,LGU will call back once they fixed the problem internally,,[B] Developmental,B,07-046-01-000,Amlan,Negros Oriental,Region VII (Central Visayas),Municipality,4th,R7,J
[2024-03] 06-030-03-000,2024-03,2024,[03] March,"Anilao, Iloilo",[1] Operational,,,,,[A] Operational,B,06-030-03-000,Anilao,Iloilo,Region VI (Western Visayas),Municipality,4th,R6,I
[2024-03] 03-054-03-000,2024-03,2024,[03] March,"Arayat, Pampanga",[1] Operational,,,,,[A] Operational,A,03-054-03-000,Arayat,Pampanga,Region III (Central Luzon),Municipality,1st,R3,E
[2024-03] 07-022-05-000,2024-03,2024,[03] March,"Argao, Cebu",[1] Operational,,,,,[A] Operational,A,07-022-05-000,Argao,Cebu,Region VII (Central Visayas),Municipality,1st,R7,J
[2024-03] 02-031-03-000,2024-03,2024,[03] March,"Aurora, Isabela",[1] Operational,,,,,[A] Operational,B,02-031-03-000,Aurora,Isabela,Region II (Cagayan Valley),Municipality,3rd,R2,D
[2024-03] 17-052-01-000,2024-03,2024,[03] March,"Baco, Oriental Mindoro",[1] Operational,,,,,[A] Operational,B,17-052-01-000,Baco,Oriental Mindoro,MIMAROPA Region,Municipality,3rd,R4B,G
[2024-03] 10-035-01-000,2024-03,2024,[03] March,"Bacolod, Lanao del Norte",[1] Operational,,,,,[A] Operational,B,10-035-01-000,Bacolod,Lanao del Norte,Region X (Northern Mindanao),Municipality,4th,R10,N
[2024-03] 12-065-01-000,2024-03,2024,[03] March,"Bagumbayan, Sultan Kudarat",[3] Ongoing Data Build-up,75%,,,,[B] Developmental,B,12-065-01-000,Bagumbayan,Sultan Kudarat,Region XII (SOCCSKSARGEN),Municipality,1st,R12,Q
[2024-03] 07-022-08-000,2024-03,2024,[03] March,"Balamban, Cebu",[1] Operational,,,,,[A] Operational,A,07-022-08-000,Balamban,Cebu,Region VII (Central Visayas),Municipality,1st,R7,J
[2024-03] 06-030-05-000,2024-03,2024,[03] March,"Balasan, Iloilo",[1] Operational,,,,,[A] Operational,B,06-030-05-000,Balasan,Iloilo,Region VI (Western Visayas),Municipality,4th,R6,I
[2024-03] 04-010-03-000,2024-03,2024,[03] March,"Balayan, Batangas",[1] Operational,,,,,[A] Operational,A,04-010-03-000,Balayan,Batangas,Region IV-A (CALABARZON),Municipality,1st,R4A,F
[2024-03] 03-077-01-000,2024-03,2024,[03] March,"Baler, Aurora",[1] Operational,,,,,[A] Operational,A,03-077-01-000,Baler,Aurora,Region III (Central Luzon),Municipality,3rd,R3,E
[2024-03] 17-059-02-000,2024-03,2024,[03] March,"Banton, Romblon",[1] Operational,,,,,[A] Operational,B,17-059-02-000,Banton,Romblon,MIMAROPA Region,Municipality,5th,R4B,G
[2024-03] 06-006-02-000,2024-03,2024,[03] March,"Barbaza, Antique",[1] Operational,,,,,[A] Operational,B,06-006-02-000,Barbaza,Antique,Region VI (Western Visayas),Municipality,4th,R6,I
[2024-03] 05-062-02-000,2024-03,2024,[03] March,"Barcelona, Sorsogon",[3] Ongoing Data Build-up,85%,,,,[B] Developmental,B,05-062-02-000,Barcelona,Sorsogon,Region V (Bicol Region),Municipality,5th,R5,H
[2024-03] 06-030-07-000,2024-03,2024,[03] March,"Barotac Nuevo, Iloilo",[1] Operational,,,,,[A] Operational,B,06-030-07-000,Barotac Nuevo,Iloilo,Region VI (Western Visayas),Municipality,2nd,R6,I
[2024-03] 06-030-08-000,2024-03,2024,[03] March,"Barotac Viejo, Iloilo",[5] For Training,,,,,[C] For Training/Others,B,06-030-08-000,Barotac Viejo,Iloilo,Region VI (Western Visayas),Municipality,3rd,R6,I
[2024-03] 07-046-05-000,2024-03,2024,[03] March,"Basay, Negros Oriental",[1] Operational,,,,,[A] Operational,B,07-046-05-000,Basay,Negros Oriental,Region VII (Central Visayas),Municipality,4th,R7,J
[2024-03] 08-060-02-000,2024-03,2024,[03] March,"Basey, Samar",[1] Operational,,,,Normal Operations,[A] Operational,B,08-060-02-000,Basey,Samar,Region VIII (Eastern Visayas),Municipality,1st,R8,K
[2024-03] 16-068-02-000,2024-03,2024,[03] March,"Bayabas, Surigao del Sur",[1] Operational,,,,,[A] Operational,A,16-068-02-000,Bayabas,Surigao del Sur,Region XIII (Caraga),Municipality,5th,R13,O
[2024-03] 06-030-10-000,2024-03,2024,[03] March,"Bingawan, Iloilo",[1] Operational,,,,,[A] Operational,B,06-030-10-000,Bingawan,Iloilo,Region VI (Western Visayas),Municipality,5th,R6,I
[2024-03] 10-042-03-000,2024-03,2024,[03] March,"Bonifacio, Misamis Occidental",[3] Ongoing Data Build-up,11%,Still at 11%,For refreshers training on 2024,To schedule in April 2024,[B] Developmental,B,10-042-03-000,Bonifacio,Misamis Occidental,Region X (Northern Mindanao),Municipality,4th,R10,N
[2024-03] 11-025-03-000,2024-03,2024,[03] March,"Boston, Davao Oriental",[1] Operational,,,,,[A] Operational,A,11-025-03-000,Boston,Davao Oriental,Region XI (Davao Region),Municipality,3rd,R11,P
[2024-03] 07-012-09-000,2024-03,2024,[03] March,"Buenavista, Bohol",[1] Operational,,,,,[A] Operational,B,07-012-09-000,Buenavista,Bohol,Region VII (Central Visayas),Municipality,4th,R7,J
[2024-03] 06-079-01-000,2024-03,2024,[03] March,"Buenavista, Guimaras",[1] Operational,,,,,[A] Operational,B,06-079-01-000,Buenavista,Guimaras,Region VI (Western Visayas),Municipality,2nd,R6,I
[2024-03] 06-006-04-000,2024-03,2024,[03] March,"Bugasong, Antique",[1] Operational,,,,,[A] Operational,A,06-006-04-000,Bugasong,Antique,Region VI (Western Visayas),Municipality,3rd,R6,I
[2024-03] 17-053-07-000,2024-03,2024,[03] March,"Busuanga, Palawan",[1] Operational,,,,,[A] Operational,A,17-053-07-000,Busuanga,Palawan,MIMAROPA Region,Municipality,3rd,R4B,G
[2024-03] 06-030-12-000,2024-03,2024,[03] March,"Cabatuan, Iloilo",[1] Operational,,,,,[A] Operational,B,06-030-12-000,Cabatuan,Iloilo,Region VI (Western Visayas),Municipality,2nd,R6,I
[2024-03] 03-049-04-000,2024-03,2024,[03] March,"Cabiao, Nueva Ecija",[3] Ongoing Data Build-up,82%,Requesting for refresher training,,,[B] Developmental,B,03-049-04-000,Cabiao,Nueva Ecija,Region III (Central Luzon),Municipality,1st,R3,E
[2024-03] 10-042-04-000,2024-03,2024,[03] March,"Calamba, Misamis Occidental",[1] Operational,,,,,[A] Operational,A,10-042-04-000,Calamba,Misamis Occidental,Region X (Northern Mindanao),Municipality,4th,R10,N
[2024-03] 06-030-13-000,2024-03,2024,[03] March,"Calinog, Iloilo",[1] Operational,,,,,[A] Operational,A,06-030-13-000,Calinog,Iloilo,Region VI (Western Visayas),Municipality,1st,R6,I
[2024-03] 04-056-08-000,2024-03,2024,[03] March,"Candelaria, Quezon",[1] Operational,,,,,[A] Operational,A,04-056-08-000,Candelaria,Quezon,Region IV-A (CALABARZON),Municipality,1st,R4A,F
[2024-03] 07-012-11-000,2024-03,2024,[03] March,"Candijay, Bohol",[1] Operational,,,,,[A] Operational,B,07-012-11-000,Candijay,Bohol,Region VII (Central Visayas),Municipality,4th,R7,J
[2024-03] 05-016-02-000,2024-03,2024,[03] March,"Capalonga, Camarines Norte",[3] Ongoing Data Build-up,10%,,,,[B] Developmental,B,05-016-02-000,Capalonga,Camarines Norte,Region V (Bicol Region),Municipality,3rd,R5,H
[2024-03] 08-037-15-000,2024-03,2024,[03] March,"Carigara, Leyte",[1] Operational,,,,Normal Operations,[A] Operational,B,08-037-15-000,Carigara,Leyte,Region VIII (Eastern Visayas),Municipality,2nd,R8,K
[2024-03] 16-068-06-000,2024-03,2024,[03] March,"Carmen, Surigao del Sur",[1] Operational,,,,,[A] Operational,A,16-068-06-000,Carmen,Surigao del Sur,Region XIII (Caraga),Municipality,5th,R13,O
[2024-03] 03-077-02-000,2024-03,2024,[03] March,"Casiguran, Aurora",[1] Operational,,,,,[A] Operational,A,03-077-02-000,Casiguran,Aurora,Region III (Central Luzon),Municipality,2nd,R3,E
[2024-03] 10-018-01-000,2024-03,2024,[03] March,"Catarman, Camiguin",[3] Ongoing Data Build-up,100%,,To operate on 2024,,[B] Developmental,B,10-018-01-000,Catarman,Camiguin,Region X (Northern Mindanao),Municipality,5th,R10,N
[2024-03] 11-025-05-000,2024-03,2024,[03] March,"Cateel, Davao Oriental",[1] Operational,,,,,[A] Operational,A,11-025-05-000,Cateel,Davao Oriental,Region XI (Davao Region),Municipality,2nd,R11,P
[2024-03] 04-034-07-000,2024-03,2024,[03] March,"Cavinti, Laguna",[2] Pilot Testing,45%,,,Waiting for LGU Schedule,[B] Developmental,B,04-034-07-000,Cavinti,Laguna,Region IV-A (CALABARZON),Municipality,3rd,R4A,F
[2024-03] 06-302-00-000,2024-03,2024,[03] March,"City of Bacolod, Negros Occidental",[1] Operational,,,,,[A] Operational,A,06-302-00-000,City of Bacolod,Negros Occidental,Region VI (Western Visayas),City,1st,R6,I
[2024-03] 01-028-05-000,2024-03,2024,[03] March,"City of Batac, Ilocos Norte",[3] Ongoing Data Build-up,80%,,Conducted UT last Nov 13-18,,[B] Developmental,B,01-028-05-000,City of Batac,Ilocos Norte,Region I (Ilocos Region),City,5th,R1,C
[2024-03] 08-026-04-000,2024-03,2024,[03] March,"City of Borongan, Eastern Samar",[1] Operational,,,,Normal Operations,[A] Operational,A,08-026-04-000,City of Borongan,Eastern Samar,Region VIII (Eastern Visayas),City,1st (as Mun),R8,K
[2024-03] 07-046-08-000,2024-03,2024,[03] March,"City of Canlaon, Negros Oriental",[1] Operational,,,,,[A] Operational,B,07-046-08-000,City of Canlaon,Negros Oriental,Region VII (Central Visayas),City,4th,R7,J
[2024-03] 11-024-03-000,2024-03,2024,[03] March,"City of Digos, Davao del Sur",[1] Operational,,,,,[A] Operational,B,11-024-03-000,City of Digos,Davao del Sur,Region XI (Davao Region),City,2nd,R11,P
[2024-03] 10-043-08-000,2024-03,2024,[03] March,"City of Gingoog, Misamis Oriental",[1] Operational,,,,,[A] Operational,A,10-043-08-000,City of Gingoog,Misamis Oriental,Region X (Northern Mindanao),City,2nd,R10,N
[2024-03] 02-031-14-000,2024-03,2024,[03] March,"City of Ilagan, Isabela",[1] Operational,,,,,[A] Operational,A,02-031-14-000,City of Ilagan,Isabela,Region II (Cagayan Valley),City,1st (as Mun),R2,D
[2024-03] 06-045-15-000,2024-03,2024,[03] March,"City of Kabankalan, Negros Occidental",[1] Operational,,,,,[A] Operational,B,06-045-15-000,City of Kabankalan,Negros Occidental,Region VI (Western Visayas),City,1st,R6,I
[2024-03] 12-047-04-000,2024-03,2024,[03] March,"City of Kidapawan, Cotabato",[1] Operational,,,,,[A] Operational,A,12-047-04-000,City of Kidapawan,Cotabato,Region XII (SOCCSKSARGEN),City,3rd,R12,Q
[2024-03] 01-028-12-000,2024-03,2024,[03] March,"City of Laoag, Ilocos Norte",[5] For Training,,Waiting for the SB Resolution,For Follow-up,,[C] For Training/Others,B,01-028-12-000,City of Laoag,Ilocos Norte,Region I (Ilocos Region),City,3rd,R1,C
[2024-03] 08-064-07-000,2024-03,2024,[03] March,"City of Maasin, Southern Leyte",[1] Operational,,,,Normal Operations,[A] Operational,A,08-064-07-000,City of Maasin,Southern Leyte,Region VIII (Eastern Visayas),City,4th,R8,K
[2024-03] 11-025-09-000,2024-03,2024,[03] March,"City of Mati, Davao Oriental",[1] Operational,,,,,[A] Operational,A,11-025-09-000,City of Mati,Davao Oriental,Region XI (Davao Region),City,5th,R11,P
[2024-05] 03-014-12-000,2024-05,2024,[05] May,"City of Meycauayan, Bulacan",[8] Withdraw,,"Withdrawal Letter - Meycauayan City, Bulacan",Last Status Ongoing Data Build-up 25%,,[D] Withdraw,B,03-014-12-000,City of Meycauayan,Bulacan,Region III (Central Luzon),City,3rd,R3,E
[2024-03] 03-314-00-000,2024-03,2024,[03] March,"City of Olongapo, Zambales",[3] Ongoing Data Build-up,60%,,For Visitation,,[B] Developmental,B,03-314-00-000,City of Olongapo,Zambales,Region III (Central Luzon),City,1st,R3,E
[2024-03] 03-049-19-000,2024-03,2024,[03] March,"City of Palayan, Nueva Ecija",[2] Pilot Testing,50%,,,,[B] Developmental,B,03-049-19-000,City of Palayan,Nueva Ecija,Region III (Central Luzon),City,5th,R3,E
[2024-03] 14-032-13-000,2024-03,2024,[03] March,"City of Tabuk, Kalinga",[1] Operational,,,,,[A] Operational,B,14-032-13-000,City of Tabuk,Kalinga,Cordillera Administrative Region (CAR),City,5th,CAR,B
[2024-03] 10-042-15-000,2024-03,2024,[03] March,"City of Tangub, Misamis Occidental",[5] For Training,,,,,[C] For Training/Others,B,10-042-15-000,City of Tangub,Misamis Occidental,Region X (Northern Mindanao),City,4th,R10,N
[2024-03] 10-042-05-000,2024-03,2024,[03] March,"Clarin, Misamis Occidental",[5] For Training,,,,,[C] For Training/Others,B,10-042-05-000,Clarin,Misamis Occidental,Region X (Northern Mindanao),Municipality,4th,R10,N
[2024-03] 10-043-06-000,2024-03,2024,[03] March,"Claveria, Misamis Oriental",[1] Operational,,,,,[A] Operational,A,10-043-06-000,Claveria,Misamis Oriental,Region X (Northern Mindanao),Municipality,1st,R10,N
[2024-03] 07-022-18-000,2024-03,2024,[03] March,"Compostela, Cebu",[3] Ongoing Data Build-up,75%,,,,[B] Developmental,B,07-022-18-000,Compostela,Cebu,Region VII (Central Visayas),Municipality,3rd,R7,J
[2024-03] 06-030-15-000,2024-03,2024,[03] March,"Concepcion, Iloilo",[6] With Concerns,,MEO is not using the system to process their Building Permit and Certificate of Occupancy.,Waiting for reply from the Office of the Mayor if they are still committed to implement the system or not.,,[C] For Training/Others,B,06-030-15-000,Concepcion,Iloilo,Region VI (Western Visayas),Municipality,3rd,R6,I
[2024-03] 17-053-09-000,2024-03,2024,[03] March,"Coron, Palawan",[1] Operational,,,,,[A] Operational,B,17-053-09-000,Coron,Palawan,MIMAROPA Region,Municipality,1st,R4B,G
[2024-03] 07-022-21-000,2024-03,2024,[03] March,"Daanbantayan, Cebu",[3] Ongoing Data Build-up,75%,,,,[B] Developmental,B,07-022-21-000,Daanbantayan,Cebu,Region VII (Central Visayas),Municipality,1st,R7,J
[2024-03] 07-012-18-000,2024-03,2024,[03] March,"Danao, Bohol",[1] Operational,,,,,[A] Operational,B,07-012-18-000,Danao,Bohol,Region VII (Central Visayas),Municipality,4th*,R7,J
[2024-03] 01-055-19-000,2024-03,2024,[03] March,"Dasol, Pangasinan",[7] To Follow-up,,for schedule of training,For Follow-up,,[C] For Training/Others,B,01-055-19-000,Dasol,Pangasinan,Region I (Ilocos Region),Municipality,3rd,R1,C
[2024-03] 03-077-05-000,2024-03,2024,[03] March,"Dingalan, Aurora",[2] Pilot Testing,97%,Requesting for refresher training,,,[B] Developmental,B,03-077-05-000,Dingalan,Aurora,Region III (Central Luzon),Municipality,3rd,R3,E
[2024-03] 06-030-16-000,2024-03,2024,[03] March,"Dingle, Iloilo",[1] Operational,,,,,[A] Operational,A,06-030-16-000,Dingle,Iloilo,Region VI (Western Visayas),Municipality,3rd,R6,I
[2024-03] 03-077-06-000,2024-03,2024,[03] March,"Dipaculao, Aurora",[1] Operational,,,,,[A] Operational,B,03-077-06-000,Dipaculao,Aurora,Region III (Central Luzon),Municipality,3rd,R3,E
[2024-03] 09-073-08-000,2024-03,2024,[03] March,"Dumingag, Zamboanga del Sur",[3] Ongoing Data Build-up,50%,,,,[B] Developmental,B,09-073-08-000,Dumingag,Zamboanga del Sur,Region IX (Zamboanga Peninsula),Municipality,2nd,R9,L
[2024-03] 17-053-12-000,2024-03,2024,[03] March,"El Nido, Palawan",[1] Operational,,,,,[A] Operational,A,17-053-12-000,El Nido,Palawan,MIMAROPA Region,Municipality,1st,R4B,G
[2024-03] 17-059-16-000,2024-03,2024,[03] March,"Ferrol, Romblon",[1] Operational,,,,,[A] Operational,A,17-059-16-000,Ferrol,Romblon,MIMAROPA Region,Municipality,6th,R4B,G
[2024-03] 03-049-07-000,2024-03,2024,[03] March,"Gabaldon, Nueva Ecija",[2] Pilot Testing,65%,Requesting for refresher training,,,[B] Developmental,B,03-049-07-000,Gabaldon,Nueva Ecija,Region III (Central Luzon),Municipality,4th,R3,E
[2024-03] 08-060-07-000,2024-03,2024,[03] March,"Gandara, Samar",[2] Pilot Testing,95%,Internet Connectivity Issues - Unstable Connection,LGU target date of implementation was December 2023 but no progress/update as of Feb 2024.,Internet Connectivity Issues - Unstable ConnectionLGU target date of implementation was December 2023 but no progress/update as of Feb 2024.,[B] Developmental,B,08-060-07-000,Gandara,Samar,Region VIII (Eastern Visayas),Municipality,2nd,R8,K
[2024-03] 04-056-16-000,2024-03,2024,[03] March,"General Luna, Quezon",[1] Operational,,,,,[A] Operational,B,04-056-16-000,General Luna,Quezon,Region IV-A (CALABARZON),Municipality,4th,R4A,F
[2024-03] 04-056-17-000,2024-03,2024,[03] March,"General Nakar, Quezon",[1] Operational,,,,,[A] Operational,B,04-056-17-000,General Nakar,Quezon,Region IV-A (CALABARZON),Municipality,1st,R4A,F
[2024-03] 03-069-06-000,2024-03,2024,[03] March,"Gerona, Tarlac",[1] Operational,,,,,[A] Operational,B,03-069-06-000,Gerona,Tarlac,Region III (Central Luzon),Municipality,1st,R3,E
[2024-03] 17-052-06-000,2024-03,2024,[03] March,"Gloria, Oriental Mindoro",[1] Operational,,,,,[A] Operational,B,17-052-06-000,Gloria,Oriental Mindoro,MIMAROPA Region,Municipality,3rd,R4B,G
[2024-03] 09-073-43-000,2024-03,2024,[03] March,"Guipos, Zamboanga del Sur",[3] Ongoing Data Build-up,50%,,,,[B] Developmental,B,09-073-43-000,Guipos,Zamboanga del Sur,Region IX (Zamboanga Peninsula),Municipality,4th,R9,L
[2024-03] 08-026-09-000,2024-03,2024,[03] March,"Guiuan, Eastern Samar",[1] Operational,,,,Normal Operations,[A] Operational,B,08-026-09-000,Guiuan,Eastern Samar,Region VIII (Eastern Visayas),Municipality,2nd,R8,K
[2024-03] 04-056-19-000,2024-03,2024,[03] March,"Gumaca, Quezon",[7] To Follow-up,,LGU unresponsive,For visitation,,[C] For Training/Others,B,04-056-19-000,Gumaca,Quezon,Region IV-A (CALABARZON),Municipality,1st,R4A,F
[2024-03] 08-037-20-000,2024-03,2024,[03] March,"Hindang, Leyte",[1] Operational,,,,Normal Operations,[A] Operational,B,08-037-20-000,Hindang,Leyte,Region VIII (Eastern Visayas),Municipality,5th,R8,K
[2024-03] 06-045-11-000,2024-03,2024,[03] March,"Hinigaran, Negros Occidental",[1] Operational,,,,,[A] Operational,B,06-045-11-000,Hinigaran,Negros Occidental,Region VI (Western Visayas),Municipality,1st,R6,I
[2024-03] 03-071-05-000,2024-03,2024,[03] March,"Iba, Zambales",[2] Pilot Testing,70%,,,,[B] Developmental,B,03-071-05-000,Iba,Zambales,Region III (Central Luzon),Municipality,2nd,R3,E
[2024-03] 04-056-20-000,2024-03,2024,[03] March,"Infanta, Quezon",[1] Operational,,,,,[A] Operational,A,04-056-20-000,Infanta,Quezon,Region IV-A (CALABARZON),Municipality,1st,R4A,F
[2024-03] 06-030-23-000,2024-03,2024,[03] March,"Janiuay, Iloilo",[1] Operational,,,,,[A] Operational,B,06-030-23-000,Janiuay,Iloilo,Region VI (Western Visayas),Municipality,1st,R6,I
[2024-03] 10-043-11-000,2024-03,2024,[03] March,"Jasaan, Misamis Oriental",[1] Operational,,,,To operate on 2024,[A] Operational,B,10-043-11-000,Jasaan,Misamis Oriental,Region X (Northern Mindanao),Municipality,2nd,R10,N
[2024-03] 08-037-24-000,2024-03,2024,[03] March,"Javier, Leyte",[1] Operational,,,,Normal Operations,[A] Operational,B,08-037-24-000,Javier,Leyte,Region VIII (Eastern Visayas),Municipality,4th*,R8,K
[2024-03] 08-060-09-000,2024-03,2024,[03] March,"Jiabong, Samar",[1] Operational,,,,Zero Transactions for the month of March 2024.,[A] Operational,B,08-060-09-000,Jiabong,Samar,Region VIII (Eastern Visayas),Municipality,5th,R8,K
[2024-03] 05-016-05-000,2024-03,2024,[03] March,"Jose Panganiban, Camarines Norte",[3] Ongoing Data Build-up,10%,,,,[B] Developmental,B,05-016-05-000,Jose Panganiban,Camarines Norte,Region V (Bicol Region),Municipality,2nd,R5,H
[2024-03] 12-047-03-000,2024-03,2024,[03] March,"Kabacan, Cotabato",[1] Operational,,,,,[A] Operational,A,12-047-03-000,Kabacan,Cotabato,Region XII (SOCCSKSARGEN),Municipality,1st,R12,Q
[2024-03] 10-035-05-000,2024-03,2024,[03] March,"Kapatagan, Lanao del Norte",[1] Operational,,,,,[A] Operational,A,10-035-05-000,Kapatagan,Lanao del Norte,Region X (Northern Mindanao),Municipality,2nd,R10,N
[2024-06] 03-014-12-000,2024-06,2024,[06] June,"City of Meycauayan, Bulacan",[8] Withdraw,,"Withdrawal Letter - Meycauayan City, Bulacan",Last Status Ongoing Data Build-up 25%,,[D] Withdraw,B,03-014-12-000,City of Meycauayan,Bulacan,Region III (Central Luzon),City,3rd,R3,E
[2024-03] 08-037-28-000,2024-03,2024,[03] March,"La Paz, Leyte",[2] Pilot Testing,100%,,Waiting for first client.,Waiting for first client.,[B] Developmental,B,08-037-28-000,La Paz,Leyte,Region VIII (Eastern Visayas),Municipality,5th*,R8,K
[2024-03] 09-073-12-000,2024-03,2024,[03] March,"Labangan, Zamboanga del Sur",[1] Operational,,,,,[A] Operational,B,09-073-12-000,Labangan,Zamboanga del Sur,Region IX (Zamboanga Peninsula),Municipality,3rd,R9,L
[2024-03] 05-016-06-000,2024-03,2024,[03] March,"Labo, Camarines Norte",[6] With Concerns,,"concern regarding manual entry of building permit number, due to conflict with complex applications numbering",,,[C] For Training/Others,B,05-016-06-000,Labo,Camarines Norte,Region V (Bicol Region),Municipality,1st,R5,H
[2024-03] 10-043-13-000,2024-03,2024,[03] March,"Lagonglong, Misamis Oriental",[1] Operational,,,,,[A] Operational,A,10-043-13-000,Lagonglong,Misamis Oriental,Region X (Northern Mindanao),Municipality,5th,R10,N
[2024-03] 09-073-33-000,2024-03,2024,[03] March,"Lakewood, Zamboanga del Sur",[2] Pilot Testing,75%,,,,[B] Developmental,B,09-073-33-000,Lakewood,Zamboanga del Sur,Region IX (Zamboanga Peninsula),Municipality,4th,R9,L
[2024-03] 06-030-25-000,2024-03,2024,[03] March,"Lambunao, Iloilo",[5] For Training,,,,,[C] For Training/Others,B,06-030-25-000,Lambunao,Iloilo,Region VI (Western Visayas),Municipality,1st,R6,I
[2024-03] 01-055-48-000,2024-03,2024,[03] March,"Laoac, Pangasinan",[7] To Follow-up,,for schedule of training,For Follow-up,,[C] For Training/Others,B,01-055-48-000,Laoac,Pangasinan,Region I (Ilocos Region),Municipality,4th,R1,C
[2024-03] 16-002-07-000,2024-03,2024,[03] March,"Las Nieves, Agusan del Norte",[1] Operational,,,,,[A] Operational,A,16-002-07-000,Las Nieves,Agusan del Norte,Region XIII (Caraga),Municipality,2nd,R13,O
[2024-03] 06-006-09-000,2024-03,2024,[03] March,"Laua-An, Antique",[1] Operational,,,,,[A] Operational,A,06-006-09-000,Laua-An,Antique,Region VI (Western Visayas),Municipality,4th,R6,I
[2024-03] 12-065-06-000,2024-03,2024,[03] March,"Lebak, Sultan Kudarat",[7] To Follow-up,,LGU Unresponsive,,,[C] For Training/Others,B,12-065-06-000,Lebak,Sultan Kudarat,Region XII (SOCCSKSARGEN),Municipality,1st,R12,Q
[2024-07] 03-014-12-000,2024-07,2024,[07] July,"City of Meycauayan, Bulacan",[8] Withdraw,,"Withdrawal Letter - Meycauayan City, Bulacan",Last Status Ongoing Data Build-up 25%,,[D] Withdraw,B,03-014-12-000,City of Meycauayan,Bulacan,Region III (Central Luzon),City,3rd,R3,E
[2024-03] 08-037-29-000,2024-03,2024,[03] March,"Leyte, Leyte",[1] Operational,,,,Normal Operations,[A] Operational,A,08-037-29-000,Leyte,Leyte,Region VIII (Eastern Visayas),Municipality,4th*,R8,K
[2024-03] 04-010-13-000,2024-03,2024,[03] March,"Lian, Batangas",[1] Operational,,,,,[A] Operational,A,04-010-13-000,Lian,Batangas,Region IV-A (CALABARZON),Municipality,3rd,R4A,F
[2024-03] 06-006-10-000,2024-03,2024,[03] March,"Libertad, Antique",[1] Operational,,,,,[A] Operational,A,06-006-10-000,Libertad,Antique,Region VI (Western Visayas),Municipality,5th,R6,I
[2024-08] 03-014-12-000,2024-08,2024,[08] August,"City of Meycauayan, Bulacan",[8] Withdraw,,"Withdrawal Letter - Meycauayan City, Bulacan",Last Status Ongoing Data Build-up 25%,,[D] Withdraw,B,03-014-12-000,City of Meycauayan,Bulacan,Region III (Central Luzon),City,3rd,R3,E
[2024-03] 03-008-06-000,2024-03,2024,[03] March,"Limay, Bataan",[6] With Concerns,,Internet connectivity issue,"Sent Notice Letter, awaiting for their reply
Intends to withdraw
For visitation",,[C] For Training/Others,B,03-008-06-000,Limay,Bataan,Region III (Central Luzon),Municipality,1st,R3,E
[2024-03] 16-068-12-000,2024-03,2024,[03] March,"Lingig, Surigao del Sur",[7] To Follow-up,,"
Last Status: For Data Buildup",A notice of unutilization was served. Still waiting for response letter,,[C] For Training/Others,B,16-068-12-000,Lingig,Surigao del Sur,Region XIII (Caraga),Municipality,2nd,R13,O
[2024-03] 17-059-07-000,2024-03,2024,[03] March,"Looc, Romblon",[1] Operational,,,,,[A] Operational,A,17-059-07-000,Looc,Romblon,MIMAROPA Region,Municipality,4th,R4B,G
[2024-03] 11-025-07-000,2024-03,2024,[03] March,"Lupon, Davao Oriental",[1] Operational,,,,,[A] Operational,B,11-025-07-000,Lupon,Davao Oriental,Region XI (Davao Region),Municipality,1st,R11,P
[2024-03] 04-010-16-000,2024-03,2024,[03] March,"Mabini, Batangas",[1] Operational,,,,,[A] Operational,A,04-010-16-000,Mabini,Batangas,Region IV-A (CALABARZON),Municipality,1st,R4A,F
[2024-03] 03-054-10-000,2024-03,2024,[03] March,"Macabebe, Pampanga",[6] With Concerns,,New LGU Staff and Internet connectivity issue,"intended to withdraw
waiting for the withdrawal letter",,[C] For Training/Others,B,03-054-10-000,Macabebe,Pampanga,Region III (Central Luzon),Municipality,1st,R3,E
[2024-03] 08-064-08-000,2024-03,2024,[03] March,"Macrohon, Southern Leyte",[1] Operational,,,,Normal Operations,[A] Operational,A,08-064-08-000,Macrohon,Southern Leyte,Region VIII (Eastern Visayas),Municipality,4th,R8,K
[2024-03] 07-022-28-000,2024-03,2024,[03] March,"Madridejos, Cebu",[1] Operational,,,,,[A] Operational,B,07-022-28-000,Madridejos,Cebu,Region VII (Central Visayas),Municipality,4th,R7,J
[2024-03] 04-021-12-000,2024-03,2024,[03] March,"Magallanes, Cavite",[1] Operational,,,,,[A] Operational,B,04-021-12-000,Magallanes,Cavite,Region IV-A (CALABARZON),Municipality,4th,R4A,F
[2024-03] 10-035-12-000,2024-03,2024,[03] March,"Maigo, Lanao del Norte",[1] Operational,,,,,[A] Operational,A,10-035-12-000,Maigo,Lanao del Norte,Region X (Northern Mindanao),Municipality,4th,R10,N
[2024-03] 11-024-08-000,2024-03,2024,[03] March,"Malalag, Davao del Sur",[1] Operational,,,,,[A] Operational,A,11-024-08-000,Malalag,Davao del Sur,Region XI (Davao Region),Municipality,2nd,R11,P
[2024-03] 06-045-18-000,2024-03,2024,[03] March,"Manapla, Negros Occidental",[1] Operational,,,,,[A] Operational,B,06-045-18-000,Manapla,Negros Occidental,Region VI (Western Visayas),Municipality,2nd,R6,I
[2024-03] 11-025-08-000,2024-03,2024,[03] March,"Manay, Davao Oriental",[1] Operational,,,,,[A] Operational,A,11-025-08-000,Manay,Davao Oriental,Region XI (Davao Region),Municipality,2nd,R11,P
[2024-03] 10-043-18-000,2024-03,2024,[03] March,"Manticao, Misamis Oriental",[1] Operational,,,,,[A] Operational,B,10-043-18-000,Manticao,Misamis Oriental,Region X (Northern Mindanao),Municipality,4th,R10,N
[2024-03] 11-082-05-000,2024-03,2024,[03] March,"Maragusan, Davao de Oro",[1] Operational,,,,,[A] Operational,B,11-082-05-000,Maragusan,Davao de Oro,Region XI (Davao Region),Municipality,1st,R11,P
[2024-03] 03-077-07-000,2024-03,2024,[03] March,"Maria Aurora, Aurora",[1] Operational,,,,,[A] Operational,A,03-077-07-000,Maria Aurora,Aurora,Region III (Central Luzon),Municipality,2nd,R3,E
[2024-03] 11-024-10-000,2024-03,2024,[03] March,"Matanao, Davao del Sur",[2] Pilot Testing,50%,,,,[B] Developmental,A,11-024-10-000,Matanao,Davao del Sur,Region XI (Davao Region),Municipality,2nd,R11,P
[2024-03] 04-056-27-000,2024-03,2024,[03] March,"Mauban, Quezon",[1] Operational,,,,,[A] Operational,A,04-056-27-000,Mauban,Quezon,Region IV-A (CALABARZON),Municipality,1st,R4A,F
[2024-03] 05-016-07-000,2024-03,2024,[03] March,"Mercedes, Camarines Norte",[3] Ongoing Data Build-up,80%,,,,[B] Developmental,B,05-016-07-000,Mercedes,Camarines Norte,Region V (Bicol Region),Municipality,2nd,R5,H
[2024-03] 06-030-30-000,2024-03,2024,[03] March,"Miagao, Iloilo",[5] For Training,,,,,[C] For Training/Others,B,06-030-30-000,Miagao,Iloilo,Region VI (Western Visayas),Municipality,1st,R6,I
[2024-03] 12-047-09-000,2024-03,2024,[03] March,"Midsayap, Cotabato",[1] Operational,,,,,[A] Operational,B,12-047-09-000,Midsayap,Cotabato,Region XII (SOCCSKSARGEN),Municipality,1st,R12,Q
[2024-03] 06-030-31-000,2024-03,2024,[03] March,"Mina, Iloilo",[1] Operational,,,,,[A] Operational,A,06-030-31-000,Mina,Iloilo,Region VI (Western Visayas),Municipality,5th,R6,I
[2024-03] 07-022-32-000,2024-03,2024,[03] March,"Minglanilla, Cebu",[7] To Follow-up,,OSCP Still in Construction; proposed to conduct Refresher Training when the OSCP Building is done; target to utilize this year 2024,Followed up LGUs concern regarding this matter,,[C] For Training/Others,B,07-022-32-000,Minglanilla,Cebu,Region VII (Central Visayas),Municipality,1st,R7,J
[2024-03] 06-045-19-000,2024-03,2024,[03] March,"Moises Padilla, Negros Occidental",[1] Operational,,,,,[A] Operational,B,06-045-19-000,Moises Padilla,Negros Occidental,Region VI (Western Visayas),Municipality,3rd,R6,I
[2024-03] 04-021-15-000,2024-03,2024,[03] March,"Naic, Cavite",[1] Operational,,,,,[A] Operational,A,04-021-15-000,Naic,Cavite,Region IV-A (CALABARZON),Municipality,1st,R4A,F
[2024-03] 08-078-08-000,2024-03,2024,[03] March,"Naval, Biliran",[1] Operational,,,,Normal Operations,[A] Operational,A,08-078-08-000,Naval,Biliran,Region VIII (Eastern Visayas),Municipality,2nd,R8,K
[2024-03] 06-030-32-000,2024-03,2024,[03] March,"New Lucena, Iloilo",[1] Operational,,,,,[A] Operational,B,06-030-32-000,New Lucena,Iloilo,Region VI (Western Visayas),Municipality,4th,R6,I
[2024-03] 06-004-15-000,2024-03,2024,[03] March,"New Washington, Aklan",[1] Operational,,,,,[A] Operational,A,06-004-15-000,New Washington,Aklan,Region VI (Western Visayas),Municipality,3rd,R6,I
[2024-03] 03-014-13-000,2024-03,2024,[03] March,"Norzagaray, Bulacan",[1] Operational,,,,,[A] Operational,A,03-014-13-000,Norzagaray,Bulacan,Region III (Central Luzon),Municipality,1st,R3,E
[2023-12] 03-014-12-000,2023-12,2023,[12] December,"City of Meycauayan, Bulacan",[8] Withdraw,,"Withdrawal Letter - Meycauayan City, Bulacan",Last Status Ongoing Data Build-up 25%,,[D] Withdraw,B,03-014-12-000,City of Meycauayan,Bulacan,Region III (Central Luzon),City,3rd,R3,E
[2024-03] 11-024-11-000,2024-03,2024,[03] March,"Padada, Davao del Sur",[1] Operational,,,,,[A] Operational,B,11-024-11-000,Padada,Davao del Sur,Region XI (Davao Region),Municipality,3rd,R11,P
[2024-03] 04-034-18-000,2024-03,2024,[03] March,"Paete, Laguna",[1] Operational,,,,,[A] Operational,B,04-034-18-000,Paete,Laguna,Region IV-A (CALABARZON),Municipality,4th,R4A,F
[2024-03] 08-037-39-000,2024-03,2024,[03] March,"Palo, Leyte",[1] Operational,,,,Normal Operations,[A] Operational,A,08-037-39-000,Palo,Leyte,Region VIII (Eastern Visayas),Municipality,3rd,R8,K
[2024-03] 08-048-15-000,2024-03,2024,[03] March,"Pambujan, Northern Samar",[1] Operational,,,,Normal Operations,[A] Operational,A,08-048-15-000,Pambujan,Northern Samar,Region VIII (Eastern Visayas),Municipality,4th,R8,K
[2024-03] 06-006-11-000,2024-03,2024,[03] March,"Pandan, Antique",[1] Operational,,,,,[A] Operational,A,06-006-11-000,Pandan,Antique,Region VI (Western Visayas),Municipality,4th,R6,I
[2024-03] 08-037-41-000,2024-03,2024,[03] March,"Pastrana, Leyte",[1] Operational,,,,Normal Operations,[A] Operational,A,08-037-41-000,Pastrana,Leyte,Region VIII (Eastern Visayas),Municipality,5th*,R8,K
[2024-03] 06-006-12-000,2024-03,2024,[03] March,"Patnongon, Antique",[1] Operational,,,,,[A] Operational,A,06-006-12-000,Patnongon,Antique,Region VI (Western Visayas),Municipality,3rd,R6,I
[2024-03] 12-047-12-000,2024-03,2024,[03] March,"Pikit, Cotabato",[1] Operational,,,,,[A] Operational,B,12-047-12-000,Pikit,Cotabato,Region XII (SOCCSKSARGEN),Municipality,1st,R12,Q
[2024-03] 17-052-09-000,2024-03,2024,[03] March,"Pinamalayan, Oriental Mindoro",[1] Operational,,,,,[A] Operational,B,17-052-09-000,Pinamalayan,Oriental Mindoro,MIMAROPA Region,Municipality,1st,R4B,G
[2024-03] 07-022-37-000,2024-03,2024,[03] March,"Pinamungajan, Cebu",[1] Operational,,,,,[A] Operational,A,07-022-37-000,Pinamungajan,Cebu,Region VII (Central Visayas),Municipality,2nd,R7,J
[2024-03] 04-056-34-000,2024-03,2024,[03] March,"Pitogo, Quezon",[2] Pilot Testing,47%,,,,[B] Developmental,B,04-056-34-000,Pitogo,Quezon,Region IV-A (CALABARZON),Municipality,4th,R4A,F
[2024-03] 10-042-12-000,2024-03,2024,[03] March,"Plaridel, Misamis Occidental",[1] Operational,,,,,[A] Operational,A,10-042-12-000,Plaridel,Misamis Occidental,Region X (Northern Mindanao),Municipality,3rd,R10,N
[2024-03] 09-072-10-000,2024-03,2024,[03] March,"Polanco, Zamboanga del Norte",[1] Operational,,,,,[A] Operational,A,09-072-10-000,Polanco,Zamboanga del Norte,Region IX (Zamboanga Peninsula),Municipality,3rd,R9,L
[2024-03] 01-055-30-000,2024-03,2024,[03] March,"Pozorrubio, Pangasinan",[5] For Training,,,For Follow-up,,[C] For Training/Others,B,01-055-30-000,Pozorrubio,Pangasinan,Region I (Ilocos Region),Municipality,1st,R1,C
[2024-03] 09-072-11-000,2024-03,2024,[03] March,"Pres. Manuel A. Roxas, Zamboanga del Norte",[2] Pilot Testing,75%,,,,[B] Developmental,B,09-072-11-000,Pres. Manuel A. Roxas,Zamboanga del Norte,Region IX (Zamboanga Peninsula),Municipality,2nd,R9,L
[2024-03] 17-051-08-000,2024-03,2024,[03] March,"Rizal, Occidental Mindoro",[1] Operational,,,,,[A] Operational,B,17-051-08-000,Rizal,Occidental Mindoro,MIMAROPA Region,Municipality,3rd,R4B,G
[2024-03] 09-072-12-000,2024-03,2024,[03] March,"Rizal, Zamboanga del Norte",[2] Pilot Testing,25%,,,,[B] Developmental,B,09-072-12-000,Rizal,Zamboanga del Norte,Region IX (Zamboanga Peninsula),Municipality,5th,R9,L
[2024-03] 10-043-22-000,2024-03,2024,[03] March,"Salay, Misamis Oriental",[1] Operational,,,,,[A] Operational,A,10-043-22-000,Salay,Misamis Oriental,Region X (Northern Mindanao),Municipality,4th,R10,N
[2024-03] 07-022-40-000,2024-03,2024,[03] March,"Samboan, Cebu",[2] Pilot Testing,25%,Engineering office is short of staff; for hiring of personnel,Monitor LGUs concern,,[B] Developmental,B,07-022-40-000,Samboan,Cebu,Region VII (Central Visayas),Municipality,5th,R7,J
[2024-03] 04-056-39-000,2024-03,2024,[03] March,"Sampaloc, Quezon",[1] Operational,,,,,[A] Operational,B,04-056-39-000,Sampaloc,Quezon,Region IV-A (CALABARZON),Municipality,5th,R4A,F
[2024-03] 16-068-15-000,2024-03,2024,[03] March,"San Agustin, Surigao del Sur",[2] Pilot Testing,100%,Still waiting for an actual entry of application and issuance to tag them as operational/ compliant,"Refresher training was conducted last october 10, 2023",,[B] Developmental,A,16-068-15-000,San Agustin,Surigao del Sur,Region XIII (Caraga),Municipality,4th,R13,O
[2024-03] 03-071-09-000,2024-03,2024,[03] March,"San Antonio, Zambales",[2] Pilot Testing,82%,for visitation,,,[B] Developmental,B,03-071-09-000,San Antonio,Zambales,Region III (Central Luzon),Municipality,2nd,R3,E
[2024-03] 01-029-18-000,2024-03,2024,[03] March,"San Esteban, Ilocos Sur",[5] For Training,,,For Follow-up,,[C] For Training/Others,B,01-029-18-000,San Esteban,Ilocos Sur,Region I (Ilocos Region),Municipality,5th,R1,C
[2024-03] 07-022-42-000,2024-03,2024,[03] March,"San Francisco, Cebu",[7] To Follow-up,,For Refresher Training for the new personnel in-charge,,,[C] For Training/Others,B,07-022-42-000,San Francisco,Cebu,Region VII (Central Visayas),Municipality,3rd,R7,J
[2024-03] 06-030-40-000,2024-03,2024,[03] March,"San Joaquin, Iloilo",[5] For Training,,,,,[C] For Training/Others,B,06-030-40-000,San Joaquin,Iloilo,Region VI (Western Visayas),Municipality,2nd,R6,I
[2024-03] 07-046-17-000,2024-03,2024,[03] March,"San Jose, Negros Oriental",[2] Pilot Testing,25%,,,,[B] Developmental,B,07-046-17-000,San Jose,Negros Oriental,Region VII (Central Visayas),Municipality,5th,R7,J
[2024-03] 17-051-10-000,2024-03,2024,[03] March,"San Jose, Occidental Mindoro",[1] Operational,,,,,[A] Operational,A,17-051-10-000,San Jose,Occidental Mindoro,MIMAROPA Region,Municipality,1st,R4B,G
[2024-03] 08-064-14-000,2024-03,2024,[03] March,"San Juan, Southern Leyte",[1] Operational,,,,Normal Operations,[A] Operational,A,08-064-14-000,San Juan,Southern Leyte,Region VIII (Eastern Visayas),Municipality,5th,R8,K
[2024-03] 04-010-24-000,2024-03,2024,[03] March,"San Luis, Batangas",[1] Operational,,,,,[A] Operational,B,04-010-24-000,San Luis,Batangas,Region IV-A (CALABARZON),Municipality,4th,R4A,F
[2024-03] 03-054-17-000,2024-03,2024,[03] March,"San Luis, Pampanga",[6] With Concerns,,"Still on process of familiarizing the whole system
for pilot testing 30%",,,[C] For Training/Others,B,03-054-17-000,San Luis,Pampanga,Region III (Central Luzon),Municipality,3rd,R3,E
[2024-03] 16-068-16-000,2024-03,2024,[03] March,"San Miguel, Surigao del Sur",[2] Pilot Testing,95%,Still waiting for an actual entry of application and issuance to tag them as operational/ compliant,"Refresher training was conducted last september 21-22, 2023",,[B] Developmental,B,16-068-16-000,San Miguel,Surigao del Sur,Region XIII (Caraga),Municipality,1st,R13,O
[2024-03] 03-071-12-000,2024-03,2024,[03] March,"San Narciso, Zambales",[1] Operational,,,,,[A] Operational,A,03-071-12-000,San Narciso,Zambales,Region III (Central Luzon),Municipality,4th,R3,E
[2024-03] 04-010-25-000,2024-03,2024,[03] March,"San Nicolas, Batangas",[2] Pilot Testing,38%,,,Waiting for LGU Schedule,[B] Developmental,B,04-010-25-000,San Nicolas,Batangas,Region IV-A (CALABARZON),Municipality,5th,R4A,F
[2024-03] 09-073-25-000,2024-03,2024,[03] March,"San Pablo, Zamboanga del Sur",[2] Pilot Testing,75%,,,,[B] Developmental,B,09-073-25-000,San Pablo,Zamboanga del Sur,Region IX (Zamboanga Peninsula),Municipality,4th*,R9,L
[2024-03] 08-048-20-000,2024-03,2024,[03] March,"San Roque, Northern Samar",[1] Operational,,,,Normal Operations,[A] Operational,A,08-048-20-000,San Roque,Northern Samar,Region VIII (Eastern Visayas),Municipality,4th,R8,K
[2024-03] 17-052-13-000,2024-03,2024,[03] March,"San Teodoro, Oriental Mindoro",[1] Operational,,,,,[A] Operational,B,17-052-13-000,San Teodoro,Oriental Mindoro,MIMAROPA Region,Municipality,4th,R4B,G
[2024-03] 17-053-19-000,2024-03,2024,[03] March,"San Vicente, Palawan",[1] Operational,,,,,[A] Operational,A,17-053-19-000,San Vicente,Palawan,MIMAROPA Region,Municipality,1st,R4B,G
[2024-03] 06-030-43-000,2024-03,2024,[03] March,"Santa Barbara, Iloilo",[1] Operational,,,,,[A] Operational,B,06-030-43-000,Santa Barbara,Iloilo,Region VI (Western Visayas),Municipality,2nd,R6,I
[2024-03] 03-069-15-000,2024-03,2024,[03] March,"Santa Ignacia, Tarlac",[1] Operational,,,,,[A] Operational,A,03-069-15-000,Santa Ignacia,Tarlac,Region III (Central Luzon),Municipality,2nd,R3,E
[2024-03] 04-010-27-000,2024-03,2024,[03] March,"Santa Teresita, Batangas",[1] Operational,,,,,[A] Operational,A,04-010-27-000,Santa Teresita,Batangas,Region IV-A (CALABARZON),Municipality,5th,R4A,F
[2024-03] 06-019-15-000,2024-03,2024,[03] March,"Sapi-An, Capiz",[1] Operational,,,,,[A] Operational,A,06-019-15-000,Sapi-An,Capiz,Region VI (Western Visayas),Municipality,4th,R6,I
[2024-03] 06-030-44-000,2024-03,2024,[03] March,"Sara, Iloilo",[1] Operational,,,,,[A] Operational,B,06-030-44-000,Sara,Iloilo,Region VI (Western Visayas),Municipality,2nd,R6,I
[2024-03] 06-006-15-000,2024-03,2024,[03] March,"Sebaste, Antique",[5] For Training,,,,,[C] For Training/Others,B,06-006-15-000,Sebaste,Antique,Region VI (Western Visayas),Municipality,4th,R6,I
[2024-03] 09-072-15-000,2024-03,2024,[03] March,"Siayan, Zamboanga del Norte",[3] Ongoing Data Build-up,50%,,,,[B] Developmental,B,09-072-15-000,Siayan,Zamboanga del Norte,Region IX (Zamboanga Peninsula),Municipality,2nd,R9,L
[2024-03] 10-042-14-000,2024-03,2024,[03] March,"Sinacaban, Misamis Occidental",[1] Operational,,,,,[A] Operational,A,10-042-14-000,Sinacaban,Misamis Occidental,Region X (Northern Mindanao),Municipality,5th,R10,N
[2024-03] 09-072-18-000,2024-03,2024,[03] March,"Sindangan, Zamboanga del Norte",[7] To Follow-up,,"For Withdrawal : Despite confirming their attendance, LGU failed to show up for Refresher training and not responding afterward.",To send notice of withdrawal,,[C] For Training/Others,B,09-072-18-000,Sindangan,Zamboanga del Norte,Region IX (Zamboanga Peninsula),Municipality,1st,R9,L
[2024-03] 16-067-23-000,2024-03,2024,[03] March,"Socorro, Surigao del Norte",[2] Pilot Testing,95%,,,,[B] Developmental,B,16-067-23-000,Socorro,Surigao del Norte,Region XIII (Caraga),Municipality,4th,R13,O
[2024-03] 08-064-17-000,2024-03,2024,[03] March,"Sogod, Southern Leyte",[1] Operational,,,,Normal Operations,[A] Operational,A,08-064-17-000,Sogod,Southern Leyte,Region VIII (Eastern Visayas),Municipality,2nd,R8,K
[2024-03] 11-024-14-000,2024-03,2024,[03] March,"Sulop, Davao del Sur",[1] Operational,,,,,[A] Operational,A,11-024-14-000,Sulop,Davao del Sur,Region XI (Davao Region),Municipality,3rd,R11,P
[2024-03] 04-010-29-000,2024-03,2024,[03] March,"Taal, Batangas",[1] Operational,,,,,[A] Operational,A,04-010-29-000,Taal,Batangas,Region IV-A (CALABARZON),Municipality,3rd,R4A,F
[2024-03] 16-067-25-000,2024-03,2024,[03] March,"Tagana-An, Surigao del Norte",[1] Operational,,,,,[A] Operational,A,16-067-25-000,Tagana-An,Surigao del Norte,Region XIII (Caraga),Municipality,5th*,R13,O
[2024-03] 16-068-17-000,2024-03,2024,[03] March,"Tagbina, Surigao del Sur",[1] Operational,,,,,[A] Operational,A,16-068-17-000,Tagbina,Surigao del Sur,Region XIII (Caraga),Municipality,2nd,R13,O
[2024-03] 16-068-18-000,2024-03,2024,[03] March,"Tago, Surigao del Sur",[1] Operational,100%,,,,[A] Operational,B,16-068-18-000,Tago,Surigao del Sur,Region XIII (Caraga),Municipality,2nd,R13,O
[2024-03] 10-043-24-000,2024-03,2024,[03] March,"Tagoloan, Misamis Oriental",[7] To Follow-up,,Responded. Lack of Manpower,To follow up LGU decision to continue or withdraw,To continue on 2024 as per OBO,[C] For Training/Others,B,10-043-24-000,Tagoloan,Misamis Oriental,Region X (Northern Mindanao),Municipality,1st,R10,N
[2024-03] 19-066-13-000,2024-03,2024,[03] March,"Talipao, Sulu",[2] Pilot Testing,75%,,,,[B] Developmental,B,19-066-13-000,Talipao,Sulu,Bangsamoro Autonomous Region In Muslim Mindanao (BARMM),Municipality,1st,BARMM I,M
[2024-03] 05-016-11-000,2024-03,2024,[03] March,"Talisay, Camarines Norte",[1] Operational,,,,,[A] Operational,A,05-016-11-000,Talisay,Camarines Norte,Region V (Bicol Region),Municipality,4th,R5,H
[2024-03] 10-043-25-000,2024-03,2024,[03] March,"Talisayan, Misamis Oriental",[1] Operational,,,,,[A] Operational,B,10-043-25-000,Talisayan,Misamis Oriental,Region X (Northern Mindanao),Municipality,4th,R10,N
[2024-03] 06-004-17-000,2024-03,2024,[03] March,"Tangalan, Aklan",[1] Operational,,,,,[A] Operational,A,06-004-17-000,Tangalan,Aklan,Region VI (Western Visayas),Municipality,5th,R6,I
[2024-03] 06-019-17-000,2024-03,2024,[03] March,"Tapaz, Capiz",[1] Operational,,,,,[A] Operational,A,06-019-17-000,Tapaz,Capiz,Region VI (Western Visayas),Municipality,1st,R6,I
[2024-03] 11-025-11-000,2024-03,2024,[03] March,"Tarragona, Davao Oriental",[1] Operational,,,,,[A] Operational,B,11-025-11-000,Tarragona,Davao Oriental,Region XI (Davao Region),Municipality,3rd,R11,P
[2024-03] 09-083-15-000,2024-03,2024,[03] March,"Titay, Zamboanga Sibugay",[1] Operational,,,,,[A] Operational,A,09-083-15-000,Titay,Zamboanga Sibugay,Region IX (Zamboanga Peninsula),Municipality,2nd,R9,L
[2024-09] 03-014-12-000,2024-09,2024,[09] September,"City of Meycauayan, Bulacan",[8] Withdraw,,"Withdrawal Letter - Meycauayan City, Bulacan",Last Status Ongoing Data Build-up 25%,,[D] Withdraw,B,03-014-12-000,City of Meycauayan,Bulacan,Region III (Central Luzon),City,3rd,R3,E
[2024-10] 03-014-12-000,2024-10,2024,[10] October,"City of Meycauayan, Bulacan",[8] Withdraw,,"Withdrawal Letter - Meycauayan City, Bulacan",Last Status Ongoing Data Build-up 25%,,[D] Withdraw,B,03-014-12-000,City of Meycauayan,Bulacan,Region III (Central Luzon),City,3rd,R3,E
[2024-03] 08-064-18-000,2024-03,2024,[03] March,"Tomas Oppus, Southern Leyte",[1] Operational,,,,Normal Operations,[A] Operational,A,08-064-18-000,Tomas Oppus,Southern Leyte,Region VIII (Eastern Visayas),Municipality,5th,R8,K
[2024-03] 16-003-12-000,2024-03,2024,[03] March,"Trento, Agusan del Sur",[2] Pilot Testing,100%,Municipal Mayor of Trento expressed his intention to use the system however he wants to have the MOA signed first before using the system for  legal purposes.Moreover only the USEC can sign the MOA so it might take so long to use the system.,"Refresher training was conducted last September 15, 2023",,[B] Developmental,B,16-003-12-000,Trento,Agusan del Sur,Region XIII (Caraga),Municipality,1st,R13,O
[2024-03] 07-012-44-000,2024-03,2024,[03] March,"Trinidad, Bohol",[1] Operational,,,,,[A] Operational,B,07-012-44-000,Trinidad,Bohol,Region VII (Central Visayas),Municipality,3rd,R7,J
[2024-03] 10-035-22-000,2024-03,2024,[03] March,"Tubod, Lanao del Norte",[2] Pilot Testing,40%,Still at 40%,Scheduled for Refresher's Training in April 2024,,[B] Developmental,B,10-035-22-000,Tubod,Lanao del Norte,Region X (Northern Mindanao),Municipality,2nd,R10,N
[2024-03] 16-067-27-000,2024-03,2024,[03] March,"Tubod, Surigao del Norte",[1] Operational,100%,,,,[A] Operational,A,16-067-27-000,Tubod,Surigao del Norte,Region XIII (Caraga),Municipality,5th,R13,O
[2024-03] 07-022-52-000,2024-03,2024,[03] March,"Tuburan, Cebu",[1] Operational,,,,,[A] Operational,A,07-022-52-000,Tuburan,Cebu,Region VII (Central Visayas),Municipality,2nd,R7,J
[2024-03] 07-022-53-000,2024-03,2024,[03] March,"Tudela, Cebu",[1] Operational,,,,,[A] Operational,A,07-022-53-000,Tudela,Cebu,Region VII (Central Visayas),Municipality,5th,R7,J
[2024-03] 19-087-13-000,2024-03,2024,[03] March,"Upi, Maguindanao del Norte",[1] Operational,,,,,[A] Operational,A,19-087-13-000,Upi,Maguindanao del Norte,Bangsamoro Autonomous Region In Muslim Mindanao (BARMM),Municipality,1st,BARMM II,R
[2024-03] 05-016-12-000,2024-03,2024,[03] March,"Vinzons, Camarines Norte",[3] Ongoing Data Build-up,30%,,,,[B] Developmental,B,05-016-12-000,Vinzons,Camarines Norte,Region V (Bicol Region),Municipality,3rd,R5,H
[2024-03] 05-020-11-000,2024-03,2024,[03] March,"Virac, Catanduanes",[6] With Concerns,,May mga need pa po ayusin specially sa mga signatories,,,[C] For Training/Others,B,05-020-11-000,Virac,Catanduanes,Region V (Bicol Region),Municipality,1st,R5,H
[2024-03] 03-049-32-000,2024-03,2024,[03] March,"Zaragoza, Nueva Ecija",[2] Pilot Testing,96%,,for launching phase,,[B] Developmental,B,03-049-32-000,Zaragoza,Nueva Ecija,Region III (Central Luzon),Municipality,3rd,R3,E
[2024-03] 06-030-47-000,2024-03,2024,[03] March,"Zarraga, Iloilo",[5] For Training,,,,,[C] For Training/Others,B,06-030-47-000,Zarraga,Iloilo,Region VI (Western Visayas),Municipality,4th,R6,I
[2024-04] 08-037-01-000,2024-04,2024,[04] April,"Abuyog, Leyte",[2] Pilot Testing,80%,Nonresponsive LGU,,Nonresponsive LGU,[B] Developmental,B,08-037-01-000,Abuyog,Leyte,Region VIII (Eastern Visayas),Municipality,1st*,R8,K
[2024-04] 04-056-02-000,2024-04,2024,[04] April,"Alabat, Quezon",[1] Operational,,,,,[A] Operational,B,04-056-02-000,Alabat,Quezon,Region IV-A (CALABARZON),Municipality,5th,R4A,F
[2024-04] 08-037-02-000,2024-04,2024,[04] April,"Alangalang, Leyte",[1] Operational,,,,Normal Operations,[A] Operational,A,08-037-02-000,Alangalang,Leyte,Region VIII (Eastern Visayas),Municipality,2nd,R8,K
[2024-04] 07-022-01-000,2024-04,2024,[04] April,"Alcantara, Cebu",[3] Ongoing Data Build-up,90%,,,,[B] Developmental,B,07-022-01-000,Alcantara,Cebu,Region VII (Central Visayas),Municipality,5th,R7,J
[2024-04] 04-021-01-000,2024-04,2024,[04] April,"Alfonso, Cavite",[3] Ongoing Data Build-up,62%,,,,[B] Developmental,B,04-021-01-000,Alfonso,Cavite,Region IV-A (CALABARZON),Municipality,1st,R4A,F
[2024-01] 08-078-06-000,2024-01,2024,[01] January,"Kawayan, Biliran",[8] Withdraw,,,,Withdrawn,[D] Withdraw,B,08-078-06-000,Kawayan,Biliran,Region VIII (Eastern Visayas),Municipality,5th*,R8,K
[2024-04] 06-030-02-000,2024-04,2024,[04] April,"Alimodian, Iloilo",[1] Operational,,,,,[A] Operational,B,06-030-02-000,Alimodian,Iloilo,Region VI (Western Visayas),Municipality,3rd,R6,I
[2024-04] 04-021-02-000,2024-04,2024,[04] April,"Amadeo, Cavite",[2] Pilot Testing,69%,,,,[B] Developmental,B,04-021-02-000,Amadeo,Cavite,Region IV-A (CALABARZON),Municipality,4th,R4A,F
[2024-04] 07-046-01-000,2024-04,2024,[04] April,"Amlan, Negros Oriental",[3] Ongoing Data Build-up,25%,For refresher Training,,,[B] Developmental,B,07-046-01-000,Amlan,Negros Oriental,Region VII (Central Visayas),Municipality,4th,R7,J
[2024-04] 06-030-03-000,2024-04,2024,[04] April,"Anilao, Iloilo",[1] Operational,,,,,[A] Operational,B,06-030-03-000,Anilao,Iloilo,Region VI (Western Visayas),Municipality,4th,R6,I
[2024-04] 03-054-03-000,2024-04,2024,[04] April,"Arayat, Pampanga",[1] Operational,,,,,[A] Operational,A,03-054-03-000,Arayat,Pampanga,Region III (Central Luzon),Municipality,1st,R3,E
[2024-04] 07-022-05-000,2024-04,2024,[04] April,"Argao, Cebu",[1] Operational,,,,,[A] Operational,A,07-022-05-000,Argao,Cebu,Region VII (Central Visayas),Municipality,1st,R7,J
[2024-04] 02-031-03-000,2024-04,2024,[04] April,"Aurora, Isabela",[1] Operational,,,,,[A] Operational,B,02-031-03-000,Aurora,Isabela,Region II (Cagayan Valley),Municipality,3rd,R2,D
[2024-04] 17-052-01-000,2024-04,2024,[04] April,"Baco, Oriental Mindoro",[1] Operational,,,,,[A] Operational,B,17-052-01-000,Baco,Oriental Mindoro,MIMAROPA Region,Municipality,3rd,R4B,G
[2024-04] 10-035-01-000,2024-04,2024,[04] April,"Bacolod, Lanao del Norte",[1] Operational,,,,,[A] Operational,B,10-035-01-000,Bacolod,Lanao del Norte,Region X (Northern Mindanao),Municipality,4th,R10,N
[2024-04] 12-065-01-000,2024-04,2024,[04] April,"Bagumbayan, Sultan Kudarat",[3] Ongoing Data Build-up,80%,,,,[B] Developmental,B,12-065-01-000,Bagumbayan,Sultan Kudarat,Region XII (SOCCSKSARGEN),Municipality,1st,R12,Q
[2024-04] 07-022-08-000,2024-04,2024,[04] April,"Balamban, Cebu",[1] Operational,,,,,[A] Operational,A,07-022-08-000,Balamban,Cebu,Region VII (Central Visayas),Municipality,1st,R7,J
[2024-04] 06-030-05-000,2024-04,2024,[04] April,"Balasan, Iloilo",[1] Operational,,,,,[A] Operational,B,06-030-05-000,Balasan,Iloilo,Region VI (Western Visayas),Municipality,4th,R6,I
[2024-04] 04-010-03-000,2024-04,2024,[04] April,"Balayan, Batangas",[1] Operational,,,,,[A] Operational,A,04-010-03-000,Balayan,Batangas,Region IV-A (CALABARZON),Municipality,1st,R4A,F
[2024-04] 03-077-01-000,2024-04,2024,[04] April,"Baler, Aurora",[1] Operational,,,,,[A] Operational,A,03-077-01-000,Baler,Aurora,Region III (Central Luzon),Municipality,3rd,R3,E
[2024-04] 17-059-02-000,2024-04,2024,[04] April,"Banton, Romblon",[1] Operational,,,,,[A] Operational,B,17-059-02-000,Banton,Romblon,MIMAROPA Region,Municipality,5th,R4B,G
[2024-04] 06-006-02-000,2024-04,2024,[04] April,"Barbaza, Antique",[1] Operational,,,,,[A] Operational,B,06-006-02-000,Barbaza,Antique,Region VI (Western Visayas),Municipality,4th,R6,I
[2024-04] 05-062-02-000,2024-04,2024,[04] April,"Barcelona, Sorsogon",[3] Ongoing Data Build-up,85%,,,,[B] Developmental,B,05-062-02-000,Barcelona,Sorsogon,Region V (Bicol Region),Municipality,5th,R5,H
[2024-04] 06-030-07-000,2024-04,2024,[04] April,"Barotac Nuevo, Iloilo",[1] Operational,,,,,[A] Operational,B,06-030-07-000,Barotac Nuevo,Iloilo,Region VI (Western Visayas),Municipality,2nd,R6,I
[2024-04] 06-030-08-000,2024-04,2024,[04] April,"Barotac Viejo, Iloilo",[5] For Training,,,,,[C] For Training/Others,B,06-030-08-000,Barotac Viejo,Iloilo,Region VI (Western Visayas),Municipality,3rd,R6,I
[2024-04] 07-046-05-000,2024-04,2024,[04] April,"Basay, Negros Oriental",[1] Operational,,,,,[A] Operational,B,07-046-05-000,Basay,Negros Oriental,Region VII (Central Visayas),Municipality,4th,R7,J
[2024-04] 08-060-02-000,2024-04,2024,[04] April,"Basey, Samar",[1] Operational,,,,Normal Operations,[A] Operational,B,08-060-02-000,Basey,Samar,Region VIII (Eastern Visayas),Municipality,1st,R8,K
[2024-04] 16-068-02-000,2024-04,2024,[04] April,"Bayabas, Surigao del Sur",[1] Operational,100%,,,,[A] Operational,A,16-068-02-000,Bayabas,Surigao del Sur,Region XIII (Caraga),Municipality,5th,R13,O
[2024-04] 06-030-10-000,2024-04,2024,[04] April,"Bingawan, Iloilo",[1] Operational,,,,,[A] Operational,B,06-030-10-000,Bingawan,Iloilo,Region VI (Western Visayas),Municipality,5th,R6,I
[2024-04] 10-042-03-000,2024-04,2024,[04] April,"Bonifacio, Misamis Occidental",[3] Ongoing Data Build-up,11%,Still at 11%,For refreshers training on 2024,To schedule in May 2024,[B] Developmental,B,10-042-03-000,Bonifacio,Misamis Occidental,Region X (Northern Mindanao),Municipality,4th,R10,N
[2024-04] 11-025-03-000,2024-04,2024,[04] April,"Boston, Davao Oriental",[1] Operational,,,,,[A] Operational,A,11-025-03-000,Boston,Davao Oriental,Region XI (Davao Region),Municipality,3rd,R11,P
[2024-04] 07-012-09-000,2024-04,2024,[04] April,"Buenavista, Bohol",[1] Operational,,,,,[A] Operational,B,07-012-09-000,Buenavista,Bohol,Region VII (Central Visayas),Municipality,4th,R7,J
[2024-04] 06-079-01-000,2024-04,2024,[04] April,"Buenavista, Guimaras",[1] Operational,,,,,[A] Operational,B,06-079-01-000,Buenavista,Guimaras,Region VI (Western Visayas),Municipality,2nd,R6,I
[2024-04] 06-006-04-000,2024-04,2024,[04] April,"Bugasong, Antique",[1] Operational,,,,,[A] Operational,A,06-006-04-000,Bugasong,Antique,Region VI (Western Visayas),Municipality,3rd,R6,I
[2024-04] 17-053-07-000,2024-04,2024,[04] April,"Busuanga, Palawan",[1] Operational,,,,,[A] Operational,A,17-053-07-000,Busuanga,Palawan,MIMAROPA Region,Municipality,3rd,R4B,G
[2024-04] 06-030-12-000,2024-04,2024,[04] April,"Cabatuan, Iloilo",[1] Operational,,,,,[A] Operational,B,06-030-12-000,Cabatuan,Iloilo,Region VI (Western Visayas),Municipality,2nd,R6,I
[2024-04] 03-049-04-000,2024-04,2024,[04] April,"Cabiao, Nueva Ecija",[3] Ongoing Data Build-up,85%,Requesting for refresher training,,,[B] Developmental,B,03-049-04-000,Cabiao,Nueva Ecija,Region III (Central Luzon),Municipality,1st,R3,E
[2024-04] 10-042-04-000,2024-04,2024,[04] April,"Calamba, Misamis Occidental",[1] Operational,,,,,[A] Operational,A,10-042-04-000,Calamba,Misamis Occidental,Region X (Northern Mindanao),Municipality,4th,R10,N
[2024-04] 06-030-13-000,2024-04,2024,[04] April,"Calinog, Iloilo",[1] Operational,,,,,[A] Operational,A,06-030-13-000,Calinog,Iloilo,Region VI (Western Visayas),Municipality,1st,R6,I
[2024-04] 04-056-08-000,2024-04,2024,[04] April,"Candelaria, Quezon",[1] Operational,,,,,[A] Operational,A,04-056-08-000,Candelaria,Quezon,Region IV-A (CALABARZON),Municipality,1st,R4A,F
[2024-04] 07-012-11-000,2024-04,2024,[04] April,"Candijay, Bohol",[1] Operational,,,,,[A] Operational,B,07-012-11-000,Candijay,Bohol,Region VII (Central Visayas),Municipality,4th,R7,J
[2024-04] 05-016-02-000,2024-04,2024,[04] April,"Capalonga, Camarines Norte",[3] Ongoing Data Build-up,10%,,,,[B] Developmental,B,05-016-02-000,Capalonga,Camarines Norte,Region V (Bicol Region),Municipality,3rd,R5,H
[2024-04] 08-037-15-000,2024-04,2024,[04] April,"Carigara, Leyte",[1] Operational,,,,Normal Operations,[A] Operational,B,08-037-15-000,Carigara,Leyte,Region VIII (Eastern Visayas),Municipality,2nd,R8,K
[2024-04] 16-068-06-000,2024-04,2024,[04] April,"Carmen, Surigao del Sur",[1] Operational,100%,,,,[A] Operational,A,16-068-06-000,Carmen,Surigao del Sur,Region XIII (Caraga),Municipality,5th,R13,O
[2024-04] 03-077-02-000,2024-04,2024,[04] April,"Casiguran, Aurora",[1] Operational,,,,,[A] Operational,A,03-077-02-000,Casiguran,Aurora,Region III (Central Luzon),Municipality,2nd,R3,E
[2024-04] 10-018-01-000,2024-04,2024,[04] April,"Catarman, Camiguin",[3] Ongoing Data Build-up,100%,,To operate on 2024,,[B] Developmental,B,10-018-01-000,Catarman,Camiguin,Region X (Northern Mindanao),Municipality,5th,R10,N
[2024-04] 11-025-05-000,2024-04,2024,[04] April,"Cateel, Davao Oriental",[1] Operational,,,,,[A] Operational,A,11-025-05-000,Cateel,Davao Oriental,Region XI (Davao Region),Municipality,2nd,R11,P
[2024-04] 04-034-07-000,2024-04,2024,[04] April,"Cavinti, Laguna",[2] Pilot Testing,47%,,,Waiting for LGU Schedule,[B] Developmental,B,04-034-07-000,Cavinti,Laguna,Region IV-A (CALABARZON),Municipality,3rd,R4A,F
[2024-04] 06-302-00-000,2024-04,2024,[04] April,"City of Bacolod, Negros Occidental",[1] Operational,,,,,[A] Operational,A,06-302-00-000,City of Bacolod,Negros Occidental,Region VI (Western Visayas),City,1st,R6,I
[2024-04] 01-028-05-000,2024-04,2024,[04] April,"City of Batac, Ilocos Norte",[1] Operational,,,,,[A] Operational,B,01-028-05-000,City of Batac,Ilocos Norte,Region I (Ilocos Region),City,5th,R1,C
[2024-04] 08-026-04-000,2024-04,2024,[04] April,"City of Borongan, Eastern Samar",[1] Operational,,,,Normal Operations,[A] Operational,A,08-026-04-000,City of Borongan,Eastern Samar,Region VIII (Eastern Visayas),City,1st (as Mun),R8,K
[2024-04] 07-046-08-000,2024-04,2024,[04] April,"City of Canlaon, Negros Oriental",[1] Operational,,,,,[A] Operational,B,07-046-08-000,City of Canlaon,Negros Oriental,Region VII (Central Visayas),City,4th,R7,J
[2024-04] 11-024-03-000,2024-04,2024,[04] April,"City of Digos, Davao del Sur",[1] Operational,,,,,[A] Operational,B,11-024-03-000,City of Digos,Davao del Sur,Region XI (Davao Region),City,2nd,R11,P
[2024-04] 10-043-08-000,2024-04,2024,[04] April,"City of Gingoog, Misamis Oriental",[1] Operational,,,,,[A] Operational,A,10-043-08-000,City of Gingoog,Misamis Oriental,Region X (Northern Mindanao),City,2nd,R10,N
[2024-04] 02-031-14-000,2024-04,2024,[04] April,"City of Ilagan, Isabela",[1] Operational,,,,,[A] Operational,A,02-031-14-000,City of Ilagan,Isabela,Region II (Cagayan Valley),City,1st (as Mun),R2,D
[2024-04] 06-045-15-000,2024-04,2024,[04] April,"City of Kabankalan, Negros Occidental",[1] Operational,,,,,[A] Operational,B,06-045-15-000,City of Kabankalan,Negros Occidental,Region VI (Western Visayas),City,1st,R6,I
[2024-04] 12-047-04-000,2024-04,2024,[04] April,"City of Kidapawan, Cotabato",[1] Operational,,,,,[A] Operational,A,12-047-04-000,City of Kidapawan,Cotabato,Region XII (SOCCSKSARGEN),City,3rd,R12,Q
[2024-04] 01-028-12-000,2024-04,2024,[04] April,"City of Laoag, Ilocos Norte",[5] For Training,,Waiting for the SB Resolution,For Follow-up,,[C] For Training/Others,B,01-028-12-000,City of Laoag,Ilocos Norte,Region I (Ilocos Region),City,3rd,R1,C
[2024-04] 08-064-07-000,2024-04,2024,[04] April,"City of Maasin, Southern Leyte",[1] Operational,,,,Normal Operations,[A] Operational,A,08-064-07-000,City of Maasin,Southern Leyte,Region VIII (Eastern Visayas),City,4th,R8,K
[2024-04] 11-025-09-000,2024-04,2024,[04] April,"City of Mati, Davao Oriental",[1] Operational,,,,,[A] Operational,A,11-025-09-000,City of Mati,Davao Oriental,Region XI (Davao Region),City,5th,R11,P
[2024-02] 08-078-06-000,2024-02,2024,[02] February,"Kawayan, Biliran",[8] Withdraw,,,,Withdrawn,[D] Withdraw,B,08-078-06-000,Kawayan,Biliran,Region VIII (Eastern Visayas),Municipality,5th*,R8,K
[2024-04] 03-314-00-000,2024-04,2024,[04] April,"City of Olongapo, Zambales",[3] Ongoing Data Build-up,60%,,For Visitation,,[B] Developmental,B,03-314-00-000,City of Olongapo,Zambales,Region III (Central Luzon),City,1st,R3,E
[2024-04] 03-049-19-000,2024-04,2024,[04] April,"City of Palayan, Nueva Ecija",[2] Pilot Testing,50%,,,,[B] Developmental,B,03-049-19-000,City of Palayan,Nueva Ecija,Region III (Central Luzon),City,5th,R3,E
[2024-04] 14-032-13-000,2024-04,2024,[04] April,"City of Tabuk, Kalinga",[1] Operational,,,,,[A] Operational,B,14-032-13-000,City of Tabuk,Kalinga,Cordillera Administrative Region (CAR),City,5th,CAR,B
[2024-04] 10-042-15-000,2024-04,2024,[04] April,"City of Tangub, Misamis Occidental",[5] For Training,,,,,[C] For Training/Others,B,10-042-15-000,City of Tangub,Misamis Occidental,Region X (Northern Mindanao),City,4th,R10,N
[2024-04] 10-042-05-000,2024-04,2024,[04] April,"Clarin, Misamis Occidental",[5] For Training,,,,,[C] For Training/Others,B,10-042-05-000,Clarin,Misamis Occidental,Region X (Northern Mindanao),Municipality,4th,R10,N
[2024-04] 10-043-06-000,2024-04,2024,[04] April,"Claveria, Misamis Oriental",[1] Operational,,,,,[A] Operational,A,10-043-06-000,Claveria,Misamis Oriental,Region X (Northern Mindanao),Municipality,1st,R10,N
[2024-04] 07-022-18-000,2024-04,2024,[04] April,"Compostela, Cebu",[3] Ongoing Data Build-up,75%,For Refresher Training,,,[B] Developmental,B,07-022-18-000,Compostela,Cebu,Region VII (Central Visayas),Municipality,3rd,R7,J
[2024-04] 06-030-15-000,2024-04,2024,[04] April,"Concepcion, Iloilo",[6] With Concerns,,Does not have much BPCO application hence did not use the system.,Waiting for reply from the LGU to continue the implementation or not.,,[C] For Training/Others,B,06-030-15-000,Concepcion,Iloilo,Region VI (Western Visayas),Municipality,3rd,R6,I
[2024-04] 17-053-09-000,2024-04,2024,[04] April,"Coron, Palawan",[1] Operational,,,,,[A] Operational,B,17-053-09-000,Coron,Palawan,MIMAROPA Region,Municipality,1st,R4B,G
[2024-04] 07-022-21-000,2024-04,2024,[04] April,"Daanbantayan, Cebu",[3] Ongoing Data Build-up,75%,,,,[B] Developmental,B,07-022-21-000,Daanbantayan,Cebu,Region VII (Central Visayas),Municipality,1st,R7,J
[2024-04] 07-012-18-000,2024-04,2024,[04] April,"Danao, Bohol",[1] Operational,,,,,[A] Operational,B,07-012-18-000,Danao,Bohol,Region VII (Central Visayas),Municipality,4th*,R7,J
[2024-04] 01-055-19-000,2024-04,2024,[04] April,"Dasol, Pangasinan",[7] To Follow-up,,for schedule of training,For Follow-up,,[C] For Training/Others,B,01-055-19-000,Dasol,Pangasinan,Region I (Ilocos Region),Municipality,3rd,R1,C
[2024-04] 03-077-05-000,2024-04,2024,[04] April,"Dingalan, Aurora",[2] Pilot Testing,97%,Requesting for refresher training,,,[B] Developmental,B,03-077-05-000,Dingalan,Aurora,Region III (Central Luzon),Municipality,3rd,R3,E
[2024-04] 06-030-16-000,2024-04,2024,[04] April,"Dingle, Iloilo",[1] Operational,,,,,[A] Operational,A,06-030-16-000,Dingle,Iloilo,Region VI (Western Visayas),Municipality,3rd,R6,I
[2024-04] 03-077-06-000,2024-04,2024,[04] April,"Dipaculao, Aurora",[1] Operational,,,,,[A] Operational,B,03-077-06-000,Dipaculao,Aurora,Region III (Central Luzon),Municipality,3rd,R3,E
[2024-04] 09-073-08-000,2024-04,2024,[04] April,"Dumingag, Zamboanga del Sur",[3] Ongoing Data Build-up,50%,,,,[B] Developmental,B,09-073-08-000,Dumingag,Zamboanga del Sur,Region IX (Zamboanga Peninsula),Municipality,2nd,R9,L
[2024-04] 17-053-12-000,2024-04,2024,[04] April,"El Nido, Palawan",[1] Operational,,,,,[A] Operational,A,17-053-12-000,El Nido,Palawan,MIMAROPA Region,Municipality,1st,R4B,G
[2024-04] 17-059-16-000,2024-04,2024,[04] April,"Ferrol, Romblon",[1] Operational,,,,,[A] Operational,A,17-059-16-000,Ferrol,Romblon,MIMAROPA Region,Municipality,6th,R4B,G
[2024-04] 03-049-07-000,2024-04,2024,[04] April,"Gabaldon, Nueva Ecija",[2] Pilot Testing,65%,Requesting for refresher training,,,[B] Developmental,B,03-049-07-000,Gabaldon,Nueva Ecija,Region III (Central Luzon),Municipality,4th,R3,E
[2024-04] 08-060-07-000,2024-04,2024,[04] April,"Gandara, Samar",[2] Pilot Testing,95%,Internet Connectivity Issues - Unstable Connection,LGU target date of implementation was December 2023 but no progress/update as of Feb 2024.,Internet Connectivity Issues - Unstable ConnectionLGU target date of implementation was December 2023 but no progress/update as of Feb 2024.,[B] Developmental,B,08-060-07-000,Gandara,Samar,Region VIII (Eastern Visayas),Municipality,2nd,R8,K
[2024-04] 04-056-16-000,2024-04,2024,[04] April,"General Luna, Quezon",[1] Operational,,,,,[A] Operational,B,04-056-16-000,General Luna,Quezon,Region IV-A (CALABARZON),Municipality,4th,R4A,F
[2024-04] 04-056-17-000,2024-04,2024,[04] April,"General Nakar, Quezon",[1] Operational,,,,,[A] Operational,B,04-056-17-000,General Nakar,Quezon,Region IV-A (CALABARZON),Municipality,1st,R4A,F
[2024-04] 03-069-06-000,2024-04,2024,[04] April,"Gerona, Tarlac",[1] Operational,,,,,[A] Operational,B,03-069-06-000,Gerona,Tarlac,Region III (Central Luzon),Municipality,1st,R3,E
[2024-04] 17-052-06-000,2024-04,2024,[04] April,"Gloria, Oriental Mindoro",[1] Operational,,,,,[A] Operational,B,17-052-06-000,Gloria,Oriental Mindoro,MIMAROPA Region,Municipality,3rd,R4B,G
[2024-04] 09-073-43-000,2024-04,2024,[04] April,"Guipos, Zamboanga del Sur",[3] Ongoing Data Build-up,50%,,,,[B] Developmental,B,09-073-43-000,Guipos,Zamboanga del Sur,Region IX (Zamboanga Peninsula),Municipality,4th,R9,L
[2024-04] 08-026-09-000,2024-04,2024,[04] April,"Guiuan, Eastern Samar",[1] Operational,,,,Normal Operations,[A] Operational,B,08-026-09-000,Guiuan,Eastern Samar,Region VIII (Eastern Visayas),Municipality,2nd,R8,K
[2024-04] 04-056-19-000,2024-04,2024,[04] April,"Gumaca, Quezon",[7] To Follow-up,,LGU unresponsive,For visitation,,[C] For Training/Others,B,04-056-19-000,Gumaca,Quezon,Region IV-A (CALABARZON),Municipality,1st,R4A,F
[2024-04] 08-037-20-000,2024-04,2024,[04] April,"Hindang, Leyte",[1] Operational,,,,Normal Operations,[A] Operational,B,08-037-20-000,Hindang,Leyte,Region VIII (Eastern Visayas),Municipality,5th,R8,K
[2024-04] 06-045-11-000,2024-04,2024,[04] April,"Hinigaran, Negros Occidental",[1] Operational,,,,,[A] Operational,B,06-045-11-000,Hinigaran,Negros Occidental,Region VI (Western Visayas),Municipality,1st,R6,I
[2024-04] 03-071-05-000,2024-04,2024,[04] April,"Iba, Zambales",[2] Pilot Testing,70%,for launching phase,,,[B] Developmental,B,03-071-05-000,Iba,Zambales,Region III (Central Luzon),Municipality,2nd,R3,E
[2024-04] 04-056-20-000,2024-04,2024,[04] April,"Infanta, Quezon",[1] Operational,,,,,[A] Operational,A,04-056-20-000,Infanta,Quezon,Region IV-A (CALABARZON),Municipality,1st,R4A,F
[2024-04] 06-030-23-000,2024-04,2024,[04] April,"Janiuay, Iloilo",[1] Operational,,,,,[A] Operational,B,06-030-23-000,Janiuay,Iloilo,Region VI (Western Visayas),Municipality,1st,R6,I
[2024-04] 10-043-11-000,2024-04,2024,[04] April,"Jasaan, Misamis Oriental",[1] Operational,,,,,[A] Operational,B,10-043-11-000,Jasaan,Misamis Oriental,Region X (Northern Mindanao),Municipality,2nd,R10,N
[2024-04] 08-037-24-000,2024-04,2024,[04] April,"Javier, Leyte",[1] Operational,,,,Normal Operations,[A] Operational,B,08-037-24-000,Javier,Leyte,Region VIII (Eastern Visayas),Municipality,4th*,R8,K
[2024-04] 08-060-09-000,2024-04,2024,[04] April,"Jiabong, Samar",[1] Operational,,,,Zero Transactions for the month of March 2024.,[A] Operational,B,08-060-09-000,Jiabong,Samar,Region VIII (Eastern Visayas),Municipality,5th,R8,K
[2024-04] 05-016-05-000,2024-04,2024,[04] April,"Jose Panganiban, Camarines Norte",[3] Ongoing Data Build-up,10%,,,,[B] Developmental,B,05-016-05-000,Jose Panganiban,Camarines Norte,Region V (Bicol Region),Municipality,2nd,R5,H
[2024-04] 12-047-03-000,2024-04,2024,[04] April,"Kabacan, Cotabato",[1] Operational,,,,,[A] Operational,A,12-047-03-000,Kabacan,Cotabato,Region XII (SOCCSKSARGEN),Municipality,1st,R12,Q
[2024-04] 10-035-05-000,2024-04,2024,[04] April,"Kapatagan, Lanao del Norte",[1] Operational,,,,,[A] Operational,A,10-035-05-000,Kapatagan,Lanao del Norte,Region X (Northern Mindanao),Municipality,2nd,R10,N
[2024-03] 08-078-06-000,2024-03,2024,[03] March,"Kawayan, Biliran",[8] Withdraw,,,,Withdrawn,[D] Withdraw,B,08-078-06-000,Kawayan,Biliran,Region VIII (Eastern Visayas),Municipality,5th*,R8,K
[2024-04] 08-037-28-000,2024-04,2024,[04] April,"La Paz, Leyte",[2] Pilot Testing,100%,,Waiting for first client.,Waiting for first client.,[B] Developmental,B,08-037-28-000,La Paz,Leyte,Region VIII (Eastern Visayas),Municipality,5th*,R8,K
[2024-04] 09-073-12-000,2024-04,2024,[04] April,"Labangan, Zamboanga del Sur",[1] Operational,,,,,[A] Operational,B,09-073-12-000,Labangan,Zamboanga del Sur,Region IX (Zamboanga Peninsula),Municipality,3rd,R9,L
[2024-04] 05-016-06-000,2024-04,2024,[04] April,"Labo, Camarines Norte",[6] With Concerns,,"concern regarding manual entry of building permit number, due to conflict with complex applications numbering",,,[C] For Training/Others,B,05-016-06-000,Labo,Camarines Norte,Region V (Bicol Region),Municipality,1st,R5,H
[2024-04] 10-043-13-000,2024-04,2024,[04] April,"Lagonglong, Misamis Oriental",[1] Operational,,,,,[A] Operational,A,10-043-13-000,Lagonglong,Misamis Oriental,Region X (Northern Mindanao),Municipality,5th,R10,N
[2024-04] 09-073-33-000,2024-04,2024,[04] April,"Lakewood, Zamboanga del Sur",[2] Pilot Testing,75%,,,,[B] Developmental,B,09-073-33-000,Lakewood,Zamboanga del Sur,Region IX (Zamboanga Peninsula),Municipality,4th,R9,L
[2024-04] 06-030-25-000,2024-04,2024,[04] April,"Lambunao, Iloilo",[5] For Training,,,,,[C] For Training/Others,B,06-030-25-000,Lambunao,Iloilo,Region VI (Western Visayas),Municipality,1st,R6,I
[2024-04] 01-055-48-000,2024-04,2024,[04] April,"Laoac, Pangasinan",[7] To Follow-up,,for schedule of training,For Follow-up,,[C] For Training/Others,B,01-055-48-000,Laoac,Pangasinan,Region I (Ilocos Region),Municipality,4th,R1,C
[2024-04] 16-002-07-000,2024-04,2024,[04] April,"Las Nieves, Agusan del Norte",[1] Operational,100%,,,,[A] Operational,A,16-002-07-000,Las Nieves,Agusan del Norte,Region XIII (Caraga),Municipality,2nd,R13,O
[2024-04] 06-006-09-000,2024-04,2024,[04] April,"Laua-An, Antique",[1] Operational,,,,,[A] Operational,A,06-006-09-000,Laua-An,Antique,Region VI (Western Visayas),Municipality,4th,R6,I
[2024-04] 12-065-06-000,2024-04,2024,[04] April,"Lebak, Sultan Kudarat",[7] To Follow-up,,LGU Unresponsive,,,[C] For Training/Others,B,12-065-06-000,Lebak,Sultan Kudarat,Region XII (SOCCSKSARGEN),Municipality,1st,R12,Q
[2024-04] 08-078-06-000,2024-04,2024,[04] April,"Kawayan, Biliran",[8] Withdraw,,,,Withdrawn,[D] Withdraw,B,08-078-06-000,Kawayan,Biliran,Region VIII (Eastern Visayas),Municipality,5th*,R8,K
[2024-04] 08-037-29-000,2024-04,2024,[04] April,"Leyte, Leyte",[1] Operational,,,,Normal Operations,[A] Operational,A,08-037-29-000,Leyte,Leyte,Region VIII (Eastern Visayas),Municipality,4th*,R8,K
[2024-04] 04-010-13-000,2024-04,2024,[04] April,"Lian, Batangas",[1] Operational,,,,,[A] Operational,A,04-010-13-000,Lian,Batangas,Region IV-A (CALABARZON),Municipality,3rd,R4A,F
[2024-04] 06-006-10-000,2024-04,2024,[04] April,"Libertad, Antique",[1] Operational,,,,,[A] Operational,A,06-006-10-000,Libertad,Antique,Region VI (Western Visayas),Municipality,5th,R6,I
[2024-05] 08-078-06-000,2024-05,2024,[05] May,"Kawayan, Biliran",[8] Withdraw,,,,Withdrawn,[D] Withdraw,B,08-078-06-000,Kawayan,Biliran,Region VIII (Eastern Visayas),Municipality,5th*,R8,K
[2024-04] 03-008-06-000,2024-04,2024,[04] April,"Limay, Bataan",[6] With Concerns,,Internet connectivity issue and new staff,"Sent Notice Letter, awaiting for their reply
Intends to withdraw",for visitation,[C] For Training/Others,B,03-008-06-000,Limay,Bataan,Region III (Central Luzon),Municipality,1st,R3,E
[2024-04] 16-068-12-000,2024-04,2024,[04] April,"Lingig, Surigao del Sur",[7] To Follow-up,,"
Last Status: For Data Buildup",A notice of unutilization was served. Still waiting for response letter,,[C] For Training/Others,B,16-068-12-000,Lingig,Surigao del Sur,Region XIII (Caraga),Municipality,2nd,R13,O
[2024-04] 17-059-07-000,2024-04,2024,[04] April,"Looc, Romblon",[1] Operational,,,,,[A] Operational,A,17-059-07-000,Looc,Romblon,MIMAROPA Region,Municipality,4th,R4B,G
[2024-04] 11-025-07-000,2024-04,2024,[04] April,"Lupon, Davao Oriental",[1] Operational,,,,,[A] Operational,B,11-025-07-000,Lupon,Davao Oriental,Region XI (Davao Region),Municipality,1st,R11,P
[2024-04] 04-010-16-000,2024-04,2024,[04] April,"Mabini, Batangas",[1] Operational,,,,,[A] Operational,A,04-010-16-000,Mabini,Batangas,Region IV-A (CALABARZON),Municipality,1st,R4A,F
[2024-04] 03-054-10-000,2024-04,2024,[04] April,"Macabebe, Pampanga",[6] With Concerns,,New LGU Staff and Internet connectivity issue,"intended to withdraw
waiting for the withdrawal letter",for visitation,[C] For Training/Others,B,03-054-10-000,Macabebe,Pampanga,Region III (Central Luzon),Municipality,1st,R3,E
[2024-04] 08-064-08-000,2024-04,2024,[04] April,"Macrohon, Southern Leyte",[1] Operational,,,,Normal Operations,[A] Operational,A,08-064-08-000,Macrohon,Southern Leyte,Region VIII (Eastern Visayas),Municipality,4th,R8,K
[2024-04] 07-022-28-000,2024-04,2024,[04] April,"Madridejos, Cebu",[1] Operational,,,,,[A] Operational,B,07-022-28-000,Madridejos,Cebu,Region VII (Central Visayas),Municipality,4th,R7,J
[2024-04] 04-021-12-000,2024-04,2024,[04] April,"Magallanes, Cavite",[1] Operational,,,,,[A] Operational,B,04-021-12-000,Magallanes,Cavite,Region IV-A (CALABARZON),Municipality,4th,R4A,F
[2024-04] 10-035-12-000,2024-04,2024,[04] April,"Maigo, Lanao del Norte",[1] Operational,,,,,[A] Operational,A,10-035-12-000,Maigo,Lanao del Norte,Region X (Northern Mindanao),Municipality,4th,R10,N
[2024-04] 11-024-08-000,2024-04,2024,[04] April,"Malalag, Davao del Sur",[1] Operational,,,,,[A] Operational,A,11-024-08-000,Malalag,Davao del Sur,Region XI (Davao Region),Municipality,2nd,R11,P
[2024-04] 06-045-18-000,2024-04,2024,[04] April,"Manapla, Negros Occidental",[1] Operational,,,,,[A] Operational,B,06-045-18-000,Manapla,Negros Occidental,Region VI (Western Visayas),Municipality,2nd,R6,I
[2024-04] 11-025-08-000,2024-04,2024,[04] April,"Manay, Davao Oriental",[1] Operational,,,,,[A] Operational,A,11-025-08-000,Manay,Davao Oriental,Region XI (Davao Region),Municipality,2nd,R11,P
[2024-04] 10-043-18-000,2024-04,2024,[04] April,"Manticao, Misamis Oriental",[1] Operational,,,,,[A] Operational,B,10-043-18-000,Manticao,Misamis Oriental,Region X (Northern Mindanao),Municipality,4th,R10,N
[2024-04] 11-082-05-000,2024-04,2024,[04] April,"Maragusan, Davao de Oro",[1] Operational,,,,,[A] Operational,B,11-082-05-000,Maragusan,Davao de Oro,Region XI (Davao Region),Municipality,1st,R11,P
[2024-04] 03-077-07-000,2024-04,2024,[04] April,"Maria Aurora, Aurora",[1] Operational,,,,,[A] Operational,A,03-077-07-000,Maria Aurora,Aurora,Region III (Central Luzon),Municipality,2nd,R3,E
[2024-04] 11-024-10-000,2024-04,2024,[04] April,"Matanao, Davao del Sur",[2] Pilot Testing,75%,,,,[B] Developmental,A,11-024-10-000,Matanao,Davao del Sur,Region XI (Davao Region),Municipality,2nd,R11,P
[2024-04] 04-056-27-000,2024-04,2024,[04] April,"Mauban, Quezon",[1] Operational,,,,,[A] Operational,A,04-056-27-000,Mauban,Quezon,Region IV-A (CALABARZON),Municipality,1st,R4A,F
[2024-04] 05-016-07-000,2024-04,2024,[04] April,"Mercedes, Camarines Norte",[3] Ongoing Data Build-up,80%,,,,[B] Developmental,B,05-016-07-000,Mercedes,Camarines Norte,Region V (Bicol Region),Municipality,2nd,R5,H
[2024-04] 06-030-30-000,2024-04,2024,[04] April,"Miagao, Iloilo",[5] For Training,,,,,[C] For Training/Others,B,06-030-30-000,Miagao,Iloilo,Region VI (Western Visayas),Municipality,1st,R6,I
[2024-04] 12-047-09-000,2024-04,2024,[04] April,"Midsayap, Cotabato",[1] Operational,,,,,[A] Operational,B,12-047-09-000,Midsayap,Cotabato,Region XII (SOCCSKSARGEN),Municipality,1st,R12,Q
[2024-04] 06-030-31-000,2024-04,2024,[04] April,"Mina, Iloilo",[1] Operational,,,,,[A] Operational,A,06-030-31-000,Mina,Iloilo,Region VI (Western Visayas),Municipality,5th,R6,I
[2024-04] 07-022-32-000,2024-04,2024,[04] April,"Minglanilla, Cebu",[7] To Follow-up,,OSCP Still in Construction; proposed to conduct Refresher Training when the OSCP Building is done; target to utilize this year 2024,Followed up LGUs concern regarding this matter,,[C] For Training/Others,B,07-022-32-000,Minglanilla,Cebu,Region VII (Central Visayas),Municipality,1st,R7,J
[2024-04] 06-045-19-000,2024-04,2024,[04] April,"Moises Padilla, Negros Occidental",[1] Operational,,,,,[A] Operational,B,06-045-19-000,Moises Padilla,Negros Occidental,Region VI (Western Visayas),Municipality,3rd,R6,I
[2024-04] 04-021-15-000,2024-04,2024,[04] April,"Naic, Cavite",[1] Operational,,,,,[A] Operational,A,04-021-15-000,Naic,Cavite,Region IV-A (CALABARZON),Municipality,1st,R4A,F
[2024-04] 08-078-08-000,2024-04,2024,[04] April,"Naval, Biliran",[1] Operational,,,,Normal Operations,[A] Operational,A,08-078-08-000,Naval,Biliran,Region VIII (Eastern Visayas),Municipality,2nd,R8,K
[2024-04] 06-030-32-000,2024-04,2024,[04] April,"New Lucena, Iloilo",[1] Operational,,,,,[A] Operational,B,06-030-32-000,New Lucena,Iloilo,Region VI (Western Visayas),Municipality,4th,R6,I
[2024-04] 06-004-15-000,2024-04,2024,[04] April,"New Washington, Aklan",[1] Operational,,,,,[A] Operational,A,06-004-15-000,New Washington,Aklan,Region VI (Western Visayas),Municipality,3rd,R6,I
[2024-04] 03-014-13-000,2024-04,2024,[04] April,"Norzagaray, Bulacan",[1] Operational,,,,,[A] Operational,A,03-014-13-000,Norzagaray,Bulacan,Region III (Central Luzon),Municipality,1st,R3,E
[2024-06] 08-078-06-000,2024-06,2024,[06] June,"Kawayan, Biliran",[8] Withdraw,,,,Withdrawn,[D] Withdraw,B,08-078-06-000,Kawayan,Biliran,Region VIII (Eastern Visayas),Municipality,5th*,R8,K
[2024-04] 11-024-11-000,2024-04,2024,[04] April,"Padada, Davao del Sur",[1] Operational,,,,,[A] Operational,B,11-024-11-000,Padada,Davao del Sur,Region XI (Davao Region),Municipality,3rd,R11,P
[2024-04] 04-034-18-000,2024-04,2024,[04] April,"Paete, Laguna",[1] Operational,,,,,[A] Operational,B,04-034-18-000,Paete,Laguna,Region IV-A (CALABARZON),Municipality,4th,R4A,F
[2024-04] 08-037-39-000,2024-04,2024,[04] April,"Palo, Leyte",[1] Operational,,,,Normal Operations,[A] Operational,A,08-037-39-000,Palo,Leyte,Region VIII (Eastern Visayas),Municipality,3rd,R8,K
[2024-04] 08-048-15-000,2024-04,2024,[04] April,"Pambujan, Northern Samar",[1] Operational,,,,Normal Operations,[A] Operational,A,08-048-15-000,Pambujan,Northern Samar,Region VIII (Eastern Visayas),Municipality,4th,R8,K
[2024-04] 06-006-11-000,2024-04,2024,[04] April,"Pandan, Antique",[1] Operational,,,,,[A] Operational,A,06-006-11-000,Pandan,Antique,Region VI (Western Visayas),Municipality,4th,R6,I
[2024-04] 08-037-41-000,2024-04,2024,[04] April,"Pastrana, Leyte",[1] Operational,,,,Normal Operations,[A] Operational,A,08-037-41-000,Pastrana,Leyte,Region VIII (Eastern Visayas),Municipality,5th*,R8,K
[2024-04] 06-006-12-000,2024-04,2024,[04] April,"Patnongon, Antique",[1] Operational,,,,,[A] Operational,A,06-006-12-000,Patnongon,Antique,Region VI (Western Visayas),Municipality,3rd,R6,I
[2024-04] 12-047-12-000,2024-04,2024,[04] April,"Pikit, Cotabato",[1] Operational,,,,,[A] Operational,B,12-047-12-000,Pikit,Cotabato,Region XII (SOCCSKSARGEN),Municipality,1st,R12,Q
[2024-04] 17-052-09-000,2024-04,2024,[04] April,"Pinamalayan, Oriental Mindoro",[1] Operational,,,,,[A] Operational,B,17-052-09-000,Pinamalayan,Oriental Mindoro,MIMAROPA Region,Municipality,1st,R4B,G
[2024-04] 07-022-37-000,2024-04,2024,[04] April,"Pinamungajan, Cebu",[1] Operational,,,,,[A] Operational,A,07-022-37-000,Pinamungajan,Cebu,Region VII (Central Visayas),Municipality,2nd,R7,J
[2024-04] 04-056-34-000,2024-04,2024,[04] April,"Pitogo, Quezon",[2] Pilot Testing,48%,,,,[B] Developmental,B,04-056-34-000,Pitogo,Quezon,Region IV-A (CALABARZON),Municipality,4th,R4A,F
[2024-04] 10-042-12-000,2024-04,2024,[04] April,"Plaridel, Misamis Occidental",[1] Operational,,,,,[A] Operational,A,10-042-12-000,Plaridel,Misamis Occidental,Region X (Northern Mindanao),Municipality,3rd,R10,N
[2024-04] 09-072-10-000,2024-04,2024,[04] April,"Polanco, Zamboanga del Norte",[1] Operational,,,,,[A] Operational,A,09-072-10-000,Polanco,Zamboanga del Norte,Region IX (Zamboanga Peninsula),Municipality,3rd,R9,L
[2024-04] 01-055-30-000,2024-04,2024,[04] April,"Pozorrubio, Pangasinan",[5] For Training,,,For Follow-up,,[C] For Training/Others,B,01-055-30-000,Pozorrubio,Pangasinan,Region I (Ilocos Region),Municipality,1st,R1,C
[2024-04] 09-072-11-000,2024-04,2024,[04] April,"Pres. Manuel A. Roxas, Zamboanga del Norte",[2] Pilot Testing,75%,,,,[B] Developmental,B,09-072-11-000,Pres. Manuel A. Roxas,Zamboanga del Norte,Region IX (Zamboanga Peninsula),Municipality,2nd,R9,L
[2024-04] 17-051-08-000,2024-04,2024,[04] April,"Rizal, Occidental Mindoro",[1] Operational,,,,,[A] Operational,B,17-051-08-000,Rizal,Occidental Mindoro,MIMAROPA Region,Municipality,3rd,R4B,G
[2024-04] 09-072-12-000,2024-04,2024,[04] April,"Rizal, Zamboanga del Norte",[2] Pilot Testing,25%,,,,[B] Developmental,B,09-072-12-000,Rizal,Zamboanga del Norte,Region IX (Zamboanga Peninsula),Municipality,5th,R9,L
[2024-04] 10-043-22-000,2024-04,2024,[04] April,"Salay, Misamis Oriental",[1] Operational,,,,,[A] Operational,A,10-043-22-000,Salay,Misamis Oriental,Region X (Northern Mindanao),Municipality,4th,R10,N
[2024-04] 07-022-40-000,2024-04,2024,[04] April,"Samboan, Cebu",[2] Pilot Testing,25%,For Refresher Training,,,[B] Developmental,B,07-022-40-000,Samboan,Cebu,Region VII (Central Visayas),Municipality,5th,R7,J
[2024-04] 04-056-39-000,2024-04,2024,[04] April,"Sampaloc, Quezon",[1] Operational,,,,,[A] Operational,B,04-056-39-000,Sampaloc,Quezon,Region IV-A (CALABARZON),Municipality,5th,R4A,F
[2024-04] 16-068-15-000,2024-04,2024,[04] April,"San Agustin, Surigao del Sur",[2] Pilot Testing,100%,Still waiting for an actual entry of application and issuance to tag them as operational/ compliant,"Refresher training was conducted last october 10, 2023",,[B] Developmental,A,16-068-15-000,San Agustin,Surigao del Sur,Region XIII (Caraga),Municipality,4th,R13,O
[2024-04] 03-071-09-000,2024-04,2024,[04] April,"San Antonio, Zambales",[2] Pilot Testing,85%,for visitation,,,[B] Developmental,B,03-071-09-000,San Antonio,Zambales,Region III (Central Luzon),Municipality,2nd,R3,E
[2024-04] 01-029-18-000,2024-04,2024,[04] April,"San Esteban, Ilocos Sur",[5] For Training,,,For Follow-up,,[C] For Training/Others,B,01-029-18-000,San Esteban,Ilocos Sur,Region I (Ilocos Region),Municipality,5th,R1,C
[2024-04] 07-022-42-000,2024-04,2024,[04] April,"San Francisco, Cebu",[7] To Follow-up,,For Refresher Training for the new personnel in-charge,,,[C] For Training/Others,B,07-022-42-000,San Francisco,Cebu,Region VII (Central Visayas),Municipality,3rd,R7,J
[2024-04] 06-030-40-000,2024-04,2024,[04] April,"San Joaquin, Iloilo",[5] For Training,,,,,[C] For Training/Others,B,06-030-40-000,San Joaquin,Iloilo,Region VI (Western Visayas),Municipality,2nd,R6,I
[2024-04] 07-046-17-000,2024-04,2024,[04] April,"San Jose, Negros Oriental",[2] Pilot Testing,25%,For Refresher Training,,,[B] Developmental,B,07-046-17-000,San Jose,Negros Oriental,Region VII (Central Visayas),Municipality,5th,R7,J
[2024-04] 17-051-10-000,2024-04,2024,[04] April,"San Jose, Occidental Mindoro",[1] Operational,,,,,[A] Operational,A,17-051-10-000,San Jose,Occidental Mindoro,MIMAROPA Region,Municipality,1st,R4B,G
[2024-04] 08-064-14-000,2024-04,2024,[04] April,"San Juan, Southern Leyte",[1] Operational,,,,Normal Operations,[A] Operational,A,08-064-14-000,San Juan,Southern Leyte,Region VIII (Eastern Visayas),Municipality,5th,R8,K
[2024-04] 04-010-24-000,2024-04,2024,[04] April,"San Luis, Batangas",[1] Operational,,,,,[A] Operational,B,04-010-24-000,San Luis,Batangas,Region IV-A (CALABARZON),Municipality,4th,R4A,F
[2024-04] 03-054-17-000,2024-04,2024,[04] April,"San Luis, Pampanga",[6] With Concerns,,"Still on process of familiarizing the whole system
for pilot testing 30%
Unresponsive LGU",for visitation,,[C] For Training/Others,B,03-054-17-000,San Luis,Pampanga,Region III (Central Luzon),Municipality,3rd,R3,E
[2024-04] 16-068-16-000,2024-04,2024,[04] April,"San Miguel, Surigao del Sur",[2] Pilot Testing,95%,Still waiting for an actual entry of application and issuance to tag them as operational/ compliant,"Refresher training was conducted last september 21-22, 2023",,[B] Developmental,B,16-068-16-000,San Miguel,Surigao del Sur,Region XIII (Caraga),Municipality,1st,R13,O
[2024-04] 03-071-12-000,2024-04,2024,[04] April,"San Narciso, Zambales",[1] Operational,,,,,[A] Operational,A,03-071-12-000,San Narciso,Zambales,Region III (Central Luzon),Municipality,4th,R3,E
[2024-04] 04-010-25-000,2024-04,2024,[04] April,"San Nicolas, Batangas",[2] Pilot Testing,90%,,,Pilot Testing Schedule on May 10,[B] Developmental,B,04-010-25-000,San Nicolas,Batangas,Region IV-A (CALABARZON),Municipality,5th,R4A,F
[2024-04] 09-073-25-000,2024-04,2024,[04] April,"San Pablo, Zamboanga del Sur",[2] Pilot Testing,75%,,,,[B] Developmental,B,09-073-25-000,San Pablo,Zamboanga del Sur,Region IX (Zamboanga Peninsula),Municipality,4th*,R9,L
[2024-04] 08-048-20-000,2024-04,2024,[04] April,"San Roque, Northern Samar",[1] Operational,,,,Normal Operations,[A] Operational,A,08-048-20-000,San Roque,Northern Samar,Region VIII (Eastern Visayas),Municipality,4th,R8,K
[2024-04] 17-052-13-000,2024-04,2024,[04] April,"San Teodoro, Oriental Mindoro",[1] Operational,,,,,[A] Operational,B,17-052-13-000,San Teodoro,Oriental Mindoro,MIMAROPA Region,Municipality,4th,R4B,G
[2024-04] 17-053-19-000,2024-04,2024,[04] April,"San Vicente, Palawan",[1] Operational,,,,,[A] Operational,A,17-053-19-000,San Vicente,Palawan,MIMAROPA Region,Municipality,1st,R4B,G
[2024-04] 06-030-43-000,2024-04,2024,[04] April,"Santa Barbara, Iloilo",[1] Operational,,,,,[A] Operational,B,06-030-43-000,Santa Barbara,Iloilo,Region VI (Western Visayas),Municipality,2nd,R6,I
[2024-04] 03-069-15-000,2024-04,2024,[04] April,"Santa Ignacia, Tarlac",[1] Operational,,,,,[A] Operational,A,03-069-15-000,Santa Ignacia,Tarlac,Region III (Central Luzon),Municipality,2nd,R3,E
[2024-04] 04-010-27-000,2024-04,2024,[04] April,"Santa Teresita, Batangas",[1] Operational,,,,,[A] Operational,A,04-010-27-000,Santa Teresita,Batangas,Region IV-A (CALABARZON),Municipality,5th,R4A,F
[2024-04] 06-019-15-000,2024-04,2024,[04] April,"Sapi-An, Capiz",[1] Operational,,,,,[A] Operational,A,06-019-15-000,Sapi-An,Capiz,Region VI (Western Visayas),Municipality,4th,R6,I
[2024-04] 06-030-44-000,2024-04,2024,[04] April,"Sara, Iloilo",[1] Operational,,,,,[A] Operational,B,06-030-44-000,Sara,Iloilo,Region VI (Western Visayas),Municipality,2nd,R6,I
[2024-04] 06-006-15-000,2024-04,2024,[04] April,"Sebaste, Antique",[5] For Training,,,,,[C] For Training/Others,B,06-006-15-000,Sebaste,Antique,Region VI (Western Visayas),Municipality,4th,R6,I
[2024-04] 09-072-15-000,2024-04,2024,[04] April,"Siayan, Zamboanga del Norte",[3] Ongoing Data Build-up,50%,,,,[B] Developmental,B,09-072-15-000,Siayan,Zamboanga del Norte,Region IX (Zamboanga Peninsula),Municipality,2nd,R9,L
[2024-04] 10-042-14-000,2024-04,2024,[04] April,"Sinacaban, Misamis Occidental",[1] Operational,,,,,[A] Operational,A,10-042-14-000,Sinacaban,Misamis Occidental,Region X (Northern Mindanao),Municipality,5th,R10,N
[2024-04] 09-072-18-000,2024-04,2024,[04] April,"Sindangan, Zamboanga del Norte",[7] To Follow-up,,"For Withdrawal : Despite confirming their attendance, LGU failed to show up for Refresher training and not responding afterward.",To send notice of withdrawal,,[C] For Training/Others,B,09-072-18-000,Sindangan,Zamboanga del Norte,Region IX (Zamboanga Peninsula),Municipality,1st,R9,L
[2024-04] 16-067-23-000,2024-04,2024,[04] April,"Socorro, Surigao del Norte",[2] Pilot Testing,95%,,,,[B] Developmental,B,16-067-23-000,Socorro,Surigao del Norte,Region XIII (Caraga),Municipality,4th,R13,O
[2024-04] 08-064-17-000,2024-04,2024,[04] April,"Sogod, Southern Leyte",[1] Operational,,,,Normal Operations,[A] Operational,A,08-064-17-000,Sogod,Southern Leyte,Region VIII (Eastern Visayas),Municipality,2nd,R8,K
[2024-04] 11-024-14-000,2024-04,2024,[04] April,"Sulop, Davao del Sur",[1] Operational,,,,,[A] Operational,A,11-024-14-000,Sulop,Davao del Sur,Region XI (Davao Region),Municipality,3rd,R11,P
[2024-04] 04-010-29-000,2024-04,2024,[04] April,"Taal, Batangas",[1] Operational,,,,,[A] Operational,A,04-010-29-000,Taal,Batangas,Region IV-A (CALABARZON),Municipality,3rd,R4A,F
[2024-04] 16-067-25-000,2024-04,2024,[04] April,"Tagana-An, Surigao del Norte",[1] Operational,100%,,,,[A] Operational,A,16-067-25-000,Tagana-An,Surigao del Norte,Region XIII (Caraga),Municipality,5th*,R13,O
[2024-04] 16-068-17-000,2024-04,2024,[04] April,"Tagbina, Surigao del Sur",[1] Operational,100%,,,,[A] Operational,A,16-068-17-000,Tagbina,Surigao del Sur,Region XIII (Caraga),Municipality,2nd,R13,O
[2024-04] 16-068-18-000,2024-04,2024,[04] April,"Tago, Surigao del Sur",[1] Operational,100%,,,,[A] Operational,B,16-068-18-000,Tago,Surigao del Sur,Region XIII (Caraga),Municipality,2nd,R13,O
[2024-04] 10-043-24-000,2024-04,2024,[04] April,"Tagoloan, Misamis Oriental",[7] To Follow-up,,Responded. Lack of Manpower,To follow up LGU decision to continue or withdraw,To continue on 2024 as per OBO,[C] For Training/Others,B,10-043-24-000,Tagoloan,Misamis Oriental,Region X (Northern Mindanao),Municipality,1st,R10,N
[2024-04] 19-066-13-000,2024-04,2024,[04] April,"Talipao, Sulu",[7] To Follow-up,,For withdrawal: LGU is undergoing system development provided by the BARMM,To follow up on the LGU withdrawal letter,Coordinated with LGU. Sent the notice of withdrawal with reply slip template via email and courier.  Waiting for reponse from the LGU.,[C] For Training/Others,B,19-066-13-000,Talipao,Sulu,Bangsamoro Autonomous Region In Muslim Mindanao (BARMM),Municipality,1st,BARMM I,M
[2024-04] 05-016-11-000,2024-04,2024,[04] April,"Talisay, Camarines Norte",[1] Operational,,,,,[A] Operational,A,05-016-11-000,Talisay,Camarines Norte,Region V (Bicol Region),Municipality,4th,R5,H
[2024-04] 10-043-25-000,2024-04,2024,[04] April,"Talisayan, Misamis Oriental",[1] Operational,,,,,[A] Operational,B,10-043-25-000,Talisayan,Misamis Oriental,Region X (Northern Mindanao),Municipality,4th,R10,N
[2024-04] 06-004-17-000,2024-04,2024,[04] April,"Tangalan, Aklan",[1] Operational,,,,,[A] Operational,A,06-004-17-000,Tangalan,Aklan,Region VI (Western Visayas),Municipality,5th,R6,I
[2024-04] 06-019-17-000,2024-04,2024,[04] April,"Tapaz, Capiz",[1] Operational,,,,,[A] Operational,A,06-019-17-000,Tapaz,Capiz,Region VI (Western Visayas),Municipality,1st,R6,I
[2024-04] 11-025-11-000,2024-04,2024,[04] April,"Tarragona, Davao Oriental",[1] Operational,,,,,[A] Operational,B,11-025-11-000,Tarragona,Davao Oriental,Region XI (Davao Region),Municipality,3rd,R11,P
[2024-04] 09-083-15-000,2024-04,2024,[04] April,"Titay, Zamboanga Sibugay",[1] Operational,,,,,[A] Operational,A,09-083-15-000,Titay,Zamboanga Sibugay,Region IX (Zamboanga Peninsula),Municipality,2nd,R9,L
[2024-07] 08-078-06-000,2024-07,2024,[07] July,"Kawayan, Biliran",[8] Withdraw,,,,Withdrawn,[D] Withdraw,B,08-078-06-000,Kawayan,Biliran,Region VIII (Eastern Visayas),Municipality,5th*,R8,K
[2024-08] 08-078-06-000,2024-08,2024,[08] August,"Kawayan, Biliran",[8] Withdraw,,,,Withdrawn,[D] Withdraw,B,08-078-06-000,Kawayan,Biliran,Region VIII (Eastern Visayas),Municipality,5th*,R8,K
[2024-04] 08-064-18-000,2024-04,2024,[04] April,"Tomas Oppus, Southern Leyte",[1] Operational,,,,Normal Operations,[A] Operational,A,08-064-18-000,Tomas Oppus,Southern Leyte,Region VIII (Eastern Visayas),Municipality,5th,R8,K
[2024-04] 16-003-12-000,2024-04,2024,[04] April,"Trento, Agusan del Sur",[2] Pilot Testing,100%,"Municipal Mayor of Trento expressed his intention to use the system however he wants to have the MOA signed first before using the system for  legal purposes. Moreover, only the USEC can sign the MOA so it might take so long to use the system.","The concern was already refferered to the Central Office.
Refresher training was conducted last September 15, 2023",,[B] Developmental,B,16-003-12-000,Trento,Agusan del Sur,Region XIII (Caraga),Municipality,1st,R13,O
[2024-04] 07-012-44-000,2024-04,2024,[04] April,"Trinidad, Bohol",[1] Operational,,,,,[A] Operational,B,07-012-44-000,Trinidad,Bohol,Region VII (Central Visayas),Municipality,3rd,R7,J
[2024-04] 10-035-22-000,2024-04,2024,[04] April,"Tubod, Lanao del Norte",[2] Pilot Testing,50%,,,,[B] Developmental,B,10-035-22-000,Tubod,Lanao del Norte,Region X (Northern Mindanao),Municipality,2nd,R10,N
[2024-04] 16-067-27-000,2024-04,2024,[04] April,"Tubod, Surigao del Norte",[1] Operational,100%,,,,[A] Operational,A,16-067-27-000,Tubod,Surigao del Norte,Region XIII (Caraga),Municipality,5th,R13,O
[2024-04] 07-022-52-000,2024-04,2024,[04] April,"Tuburan, Cebu",[1] Operational,,,,,[A] Operational,A,07-022-52-000,Tuburan,Cebu,Region VII (Central Visayas),Municipality,2nd,R7,J
[2024-04] 07-022-53-000,2024-04,2024,[04] April,"Tudela, Cebu",[1] Operational,,,,,[A] Operational,A,07-022-53-000,Tudela,Cebu,Region VII (Central Visayas),Municipality,5th,R7,J
[2024-04] 19-087-13-000,2024-04,2024,[04] April,"Upi, Maguindanao del Norte",[1] Operational,,,,No Transaction for the Month of April,[A] Operational,A,19-087-13-000,Upi,Maguindanao del Norte,Bangsamoro Autonomous Region In Muslim Mindanao (BARMM),Municipality,1st,BARMM II,R
[2024-04] 05-016-12-000,2024-04,2024,[04] April,"Vinzons, Camarines Norte",[3] Ongoing Data Build-up,98%,,,,[B] Developmental,B,05-016-12-000,Vinzons,Camarines Norte,Region V (Bicol Region),Municipality,3rd,R5,H
[2024-04] 05-020-11-000,2024-04,2024,[04] April,"Virac, Catanduanes",[6] With Concerns,,May mga need pa po ayusin specially sa mga signatories,,,[C] For Training/Others,B,05-020-11-000,Virac,Catanduanes,Region V (Bicol Region),Municipality,1st,R5,H
[2024-04] 03-049-32-000,2024-04,2024,[04] April,"Zaragoza, Nueva Ecija",[2] Pilot Testing,97%,,for launching phase,,[B] Developmental,B,03-049-32-000,Zaragoza,Nueva Ecija,Region III (Central Luzon),Municipality,3rd,R3,E
[2024-04] 06-030-47-000,2024-04,2024,[04] April,"Zarraga, Iloilo",[5] For Training,,,,,[C] For Training/Others,B,06-030-47-000,Zarraga,Iloilo,Region VI (Western Visayas),Municipality,4th,R6,I
[2024-05] 08-037-01-000,2024-05,2024,[05] May,"Abuyog, Leyte",[2] Pilot Testing,80%,Nonresponsive LGU,,Nonresponsive LGU,[B] Developmental,B,08-037-01-000,Abuyog,Leyte,Region VIII (Eastern Visayas),Municipality,1st*,R8,K
[2024-05] 04-056-02-000,2024-05,2024,[05] May,"Alabat, Quezon",[1] Operational,,,,,[A] Operational,B,04-056-02-000,Alabat,Quezon,Region IV-A (CALABARZON),Municipality,5th,R4A,F
[2024-05] 08-037-02-000,2024-05,2024,[05] May,"Alangalang, Leyte",[1] Operational,,,,Normal Operations,[A] Operational,A,08-037-02-000,Alangalang,Leyte,Region VIII (Eastern Visayas),Municipality,2nd,R8,K
[2024-05] 07-022-01-000,2024-05,2024,[05] May,"Alcantara, Cebu",[3] Ongoing Data Build-up,90%,,,,[B] Developmental,B,07-022-01-000,Alcantara,Cebu,Region VII (Central Visayas),Municipality,5th,R7,J
[2024-05] 04-021-01-000,2024-05,2024,[05] May,"Alfonso, Cavite",[3] Ongoing Data Build-up,64%,,,,[B] Developmental,B,04-021-01-000,Alfonso,Cavite,Region IV-A (CALABARZON),Municipality,1st,R4A,F
[2023-12] 08-078-06-000,2023-12,2023,[12] December,"Kawayan, Biliran",[8] Withdraw,,,,Withdrawn,[D] Withdraw,B,08-078-06-000,Kawayan,Biliran,Region VIII (Eastern Visayas),Municipality,5th*,R8,K
[2024-05] 06-030-02-000,2024-05,2024,[05] May,"Alimodian, Iloilo",[1] Operational,,,,,[A] Operational,B,06-030-02-000,Alimodian,Iloilo,Region VI (Western Visayas),Municipality,3rd,R6,I
[2024-05] 04-021-02-000,2024-05,2024,[05] May,"Amadeo, Cavite",[2] Pilot Testing,70%,,,,[B] Developmental,B,04-021-02-000,Amadeo,Cavite,Region IV-A (CALABARZON),Municipality,4th,R4A,F
[2024-05] 07-046-01-000,2024-05,2024,[05] May,"Amlan, Negros Oriental",[3] Ongoing Data Build-up,25%,For refresher Training,,,[B] Developmental,B,07-046-01-000,Amlan,Negros Oriental,Region VII (Central Visayas),Municipality,4th,R7,J
[2024-05] 06-030-03-000,2024-05,2024,[05] May,"Anilao, Iloilo",[1] Operational,,,,,[A] Operational,B,06-030-03-000,Anilao,Iloilo,Region VI (Western Visayas),Municipality,4th,R6,I
[2024-05] 03-054-03-000,2024-05,2024,[05] May,"Arayat, Pampanga",[1] Operational,,,,,[A] Operational,A,03-054-03-000,Arayat,Pampanga,Region III (Central Luzon),Municipality,1st,R3,E
[2024-05] 07-022-05-000,2024-05,2024,[05] May,"Argao, Cebu",[1] Operational,,,,,[A] Operational,A,07-022-05-000,Argao,Cebu,Region VII (Central Visayas),Municipality,1st,R7,J
[2024-05] 02-031-03-000,2024-05,2024,[05] May,"Aurora, Isabela",[1] Operational,,,,,[A] Operational,B,02-031-03-000,Aurora,Isabela,Region II (Cagayan Valley),Municipality,3rd,R2,D
[2024-05] 17-052-01-000,2024-05,2024,[05] May,"Baco, Oriental Mindoro",[1] Operational,,,,,[A] Operational,B,17-052-01-000,Baco,Oriental Mindoro,MIMAROPA Region,Municipality,3rd,R4B,G
[2024-05] 10-035-01-000,2024-05,2024,[05] May,"Bacolod, Lanao del Norte",[1] Operational,,,,,[A] Operational,B,10-035-01-000,Bacolod,Lanao del Norte,Region X (Northern Mindanao),Municipality,4th,R10,N
[2024-05] 12-065-01-000,2024-05,2024,[05] May,"Bagumbayan, Sultan Kudarat",[3] Ongoing Data Build-up,80%,,,,[B] Developmental,B,12-065-01-000,Bagumbayan,Sultan Kudarat,Region XII (SOCCSKSARGEN),Municipality,1st,R12,Q
[2024-05] 07-022-08-000,2024-05,2024,[05] May,"Balamban, Cebu",[1] Operational,,,,,[A] Operational,A,07-022-08-000,Balamban,Cebu,Region VII (Central Visayas),Municipality,1st,R7,J
[2024-05] 06-030-05-000,2024-05,2024,[05] May,"Balasan, Iloilo",[1] Operational,,,,,[A] Operational,B,06-030-05-000,Balasan,Iloilo,Region VI (Western Visayas),Municipality,4th,R6,I
[2024-05] 04-010-03-000,2024-05,2024,[05] May,"Balayan, Batangas",[1] Operational,,,,,[A] Operational,A,04-010-03-000,Balayan,Batangas,Region IV-A (CALABARZON),Municipality,1st,R4A,F
[2024-05] 03-077-01-000,2024-05,2024,[05] May,"Baler, Aurora",[1] Operational,,,,,[A] Operational,A,03-077-01-000,Baler,Aurora,Region III (Central Luzon),Municipality,3rd,R3,E
[2024-05] 17-059-02-000,2024-05,2024,[05] May,"Banton, Romblon",[1] Operational,,,,,[A] Operational,B,17-059-02-000,Banton,Romblon,MIMAROPA Region,Municipality,5th,R4B,G
[2024-05] 06-006-02-000,2024-05,2024,[05] May,"Barbaza, Antique",[1] Operational,,,,,[A] Operational,B,06-006-02-000,Barbaza,Antique,Region VI (Western Visayas),Municipality,4th,R6,I
[2024-05] 05-062-02-000,2024-05,2024,[05] May,"Barcelona, Sorsogon",[3] Ongoing Data Build-up,85%,Applicants not familiar with the system and unstable internet connection,,,[B] Developmental,B,05-062-02-000,Barcelona,Sorsogon,Region V (Bicol Region),Municipality,5th,R5,H
[2024-05] 06-030-07-000,2024-05,2024,[05] May,"Barotac Nuevo, Iloilo",[1] Operational,,,,,[A] Operational,B,06-030-07-000,Barotac Nuevo,Iloilo,Region VI (Western Visayas),Municipality,2nd,R6,I
[2024-05] 06-030-08-000,2024-05,2024,[05] May,"Barotac Viejo, Iloilo",[5] For Training,,,,,[C] For Training/Others,B,06-030-08-000,Barotac Viejo,Iloilo,Region VI (Western Visayas),Municipality,3rd,R6,I
[2024-05] 07-046-05-000,2024-05,2024,[05] May,"Basay, Negros Oriental",[1] Operational,,,,,[A] Operational,B,07-046-05-000,Basay,Negros Oriental,Region VII (Central Visayas),Municipality,4th,R7,J
[2024-05] 08-060-02-000,2024-05,2024,[05] May,"Basey, Samar",[1] Operational,,,,Normal Operations,[A] Operational,B,08-060-02-000,Basey,Samar,Region VIII (Eastern Visayas),Municipality,1st,R8,K
[2024-05] 16-068-02-000,2024-05,2024,[05] May,"Bayabas, Surigao del Sur",[1] Operational,100%,,,,[A] Operational,A,16-068-02-000,Bayabas,Surigao del Sur,Region XIII (Caraga),Municipality,5th,R13,O
[2024-05] 06-030-10-000,2024-05,2024,[05] May,"Bingawan, Iloilo",[1] Operational,,,,,[A] Operational,B,06-030-10-000,Bingawan,Iloilo,Region VI (Western Visayas),Municipality,5th,R6,I
[2024-05] 10-042-03-000,2024-05,2024,[05] May,"Bonifacio, Misamis Occidental",[3] Ongoing Data Build-up,11%,Still at 11%,For refreshers training on 2024,To schedule in June 2024,[B] Developmental,B,10-042-03-000,Bonifacio,Misamis Occidental,Region X (Northern Mindanao),Municipality,4th,R10,N
[2024-05] 11-025-03-000,2024-05,2024,[05] May,"Boston, Davao Oriental",[1] Operational,,,,,[A] Operational,A,11-025-03-000,Boston,Davao Oriental,Region XI (Davao Region),Municipality,3rd,R11,P
[2024-05] 07-012-09-000,2024-05,2024,[05] May,"Buenavista, Bohol",[1] Operational,,,,,[A] Operational,B,07-012-09-000,Buenavista,Bohol,Region VII (Central Visayas),Municipality,4th,R7,J
[2024-05] 06-079-01-000,2024-05,2024,[05] May,"Buenavista, Guimaras",[1] Operational,,,,,[A] Operational,B,06-079-01-000,Buenavista,Guimaras,Region VI (Western Visayas),Municipality,2nd,R6,I
[2024-05] 06-006-04-000,2024-05,2024,[05] May,"Bugasong, Antique",[1] Operational,,,,,[A] Operational,A,06-006-04-000,Bugasong,Antique,Region VI (Western Visayas),Municipality,3rd,R6,I
[2024-05] 17-053-07-000,2024-05,2024,[05] May,"Busuanga, Palawan",[1] Operational,,,,,[A] Operational,A,17-053-07-000,Busuanga,Palawan,MIMAROPA Region,Municipality,3rd,R4B,G
[2024-05] 06-030-12-000,2024-05,2024,[05] May,"Cabatuan, Iloilo",[1] Operational,,,,,[A] Operational,B,06-030-12-000,Cabatuan,Iloilo,Region VI (Western Visayas),Municipality,2nd,R6,I
[2024-05] 03-049-04-000,2024-05,2024,[05] May,"Cabiao, Nueva Ecija",[3] Ongoing Data Build-up,85%,Requesting for refresher training,,,[B] Developmental,B,03-049-04-000,Cabiao,Nueva Ecija,Region III (Central Luzon),Municipality,1st,R3,E
[2024-05] 10-042-04-000,2024-05,2024,[05] May,"Calamba, Misamis Occidental",[1] Operational,,,,,[A] Operational,A,10-042-04-000,Calamba,Misamis Occidental,Region X (Northern Mindanao),Municipality,4th,R10,N
[2024-05] 06-030-13-000,2024-05,2024,[05] May,"Calinog, Iloilo",[1] Operational,,,,,[A] Operational,A,06-030-13-000,Calinog,Iloilo,Region VI (Western Visayas),Municipality,1st,R6,I
[2024-05] 04-056-08-000,2024-05,2024,[05] May,"Candelaria, Quezon",[1] Operational,,,,,[A] Operational,A,04-056-08-000,Candelaria,Quezon,Region IV-A (CALABARZON),Municipality,1st,R4A,F
[2024-05] 07-012-11-000,2024-05,2024,[05] May,"Candijay, Bohol",[1] Operational,,,,,[A] Operational,B,07-012-11-000,Candijay,Bohol,Region VII (Central Visayas),Municipality,4th,R7,J
[2024-05] 05-016-02-000,2024-05,2024,[05] May,"Capalonga, Camarines Norte",[3] Ongoing Data Build-up,10%,,,,[B] Developmental,B,05-016-02-000,Capalonga,Camarines Norte,Region V (Bicol Region),Municipality,3rd,R5,H
[2024-05] 08-037-15-000,2024-05,2024,[05] May,"Carigara, Leyte",[1] Operational,,,,Normal Operations,[A] Operational,B,08-037-15-000,Carigara,Leyte,Region VIII (Eastern Visayas),Municipality,2nd,R8,K
[2024-05] 16-068-06-000,2024-05,2024,[05] May,"Carmen, Surigao del Sur",[1] Operational,100%,,,,[A] Operational,A,16-068-06-000,Carmen,Surigao del Sur,Region XIII (Caraga),Municipality,5th,R13,O
[2024-05] 03-077-02-000,2024-05,2024,[05] May,"Casiguran, Aurora",[1] Operational,,,,,[A] Operational,A,03-077-02-000,Casiguran,Aurora,Region III (Central Luzon),Municipality,2nd,R3,E
[2024-05] 10-018-01-000,2024-05,2024,[05] May,"Catarman, Camiguin",[3] Ongoing Data Build-up,100%,,To operate on 2024,,[B] Developmental,B,10-018-01-000,Catarman,Camiguin,Region X (Northern Mindanao),Municipality,5th,R10,N
[2024-05] 11-025-05-000,2024-05,2024,[05] May,"Cateel, Davao Oriental",[1] Operational,,,,,[A] Operational,A,11-025-05-000,Cateel,Davao Oriental,Region XI (Davao Region),Municipality,2nd,R11,P
[2024-05] 04-034-07-000,2024-05,2024,[05] May,"Cavinti, Laguna",[2] Pilot Testing,49%,,,Waiting for LGU Schedule,[B] Developmental,B,04-034-07-000,Cavinti,Laguna,Region IV-A (CALABARZON),Municipality,3rd,R4A,F
[2024-05] 06-302-00-000,2024-05,2024,[05] May,"City of Bacolod, Negros Occidental",[1] Operational,,,,,[A] Operational,A,06-302-00-000,City of Bacolod,Negros Occidental,Region VI (Western Visayas),City,1st,R6,I
[2024-05] 01-028-05-000,2024-05,2024,[05] May,"City of Batac, Ilocos Norte",[1] Operational,,,,,[A] Operational,B,01-028-05-000,City of Batac,Ilocos Norte,Region I (Ilocos Region),City,5th,R1,C
[2024-05] 08-026-04-000,2024-05,2024,[05] May,"City of Borongan, Eastern Samar",[1] Operational,,,,Normal Operations,[A] Operational,A,08-026-04-000,City of Borongan,Eastern Samar,Region VIII (Eastern Visayas),City,1st (as Mun),R8,K
[2024-05] 07-046-08-000,2024-05,2024,[05] May,"City of Canlaon, Negros Oriental",[1] Operational,,,,,[A] Operational,B,07-046-08-000,City of Canlaon,Negros Oriental,Region VII (Central Visayas),City,4th,R7,J
[2024-05] 11-024-03-000,2024-05,2024,[05] May,"City of Digos, Davao del Sur",[1] Operational,,,,,[A] Operational,B,11-024-03-000,City of Digos,Davao del Sur,Region XI (Davao Region),City,2nd,R11,P
[2024-05] 10-043-08-000,2024-05,2024,[05] May,"City of Gingoog, Misamis Oriental",[1] Operational,,,,,[A] Operational,A,10-043-08-000,City of Gingoog,Misamis Oriental,Region X (Northern Mindanao),City,2nd,R10,N
[2024-05] 02-031-14-000,2024-05,2024,[05] May,"City of Ilagan, Isabela",[1] Operational,,,,,[A] Operational,A,02-031-14-000,City of Ilagan,Isabela,Region II (Cagayan Valley),City,1st (as Mun),R2,D
[2024-05] 06-045-15-000,2024-05,2024,[05] May,"City of Kabankalan, Negros Occidental",[1] Operational,,,,,[A] Operational,B,06-045-15-000,City of Kabankalan,Negros Occidental,Region VI (Western Visayas),City,1st,R6,I
[2024-05] 12-047-04-000,2024-05,2024,[05] May,"City of Kidapawan, Cotabato",[1] Operational,,,,,[A] Operational,A,12-047-04-000,City of Kidapawan,Cotabato,Region XII (SOCCSKSARGEN),City,3rd,R12,Q
[2024-05] 01-028-12-000,2024-05,2024,[05] May,"City of Laoag, Ilocos Norte",[5] For Training,,Waiting for the SB Resolution,For Follow-up,,[C] For Training/Others,B,01-028-12-000,City of Laoag,Ilocos Norte,Region I (Ilocos Region),City,3rd,R1,C
[2024-05] 08-064-07-000,2024-05,2024,[05] May,"City of Maasin, Southern Leyte",[1] Operational,,,,Normal Operations,[A] Operational,A,08-064-07-000,City of Maasin,Southern Leyte,Region VIII (Eastern Visayas),City,4th,R8,K
[2024-05] 11-025-09-000,2024-05,2024,[05] May,"City of Mati, Davao Oriental",[1] Operational,,,,,[A] Operational,A,11-025-09-000,City of Mati,Davao Oriental,Region XI (Davao Region),City,5th,R11,P
[2024-09] 08-078-06-000,2024-09,2024,[09] September,"Kawayan, Biliran",[8] Withdraw,,,,Withdrawn,[D] Withdraw,B,08-078-06-000,Kawayan,Biliran,Region VIII (Eastern Visayas),Municipality,5th*,R8,K
[2024-05] 03-314-00-000,2024-05,2024,[05] May,"City of Olongapo, Zambales",[3] Ongoing Data Build-up,60%,lack of Staff,For Visitation,,[B] Developmental,B,03-314-00-000,City of Olongapo,Zambales,Region III (Central Luzon),City,1st,R3,E
[2024-05] 03-049-19-000,2024-05,2024,[05] May,"City of Palayan, Nueva Ecija",[2] Pilot Testing,50%,,for visitation,,[B] Developmental,B,03-049-19-000,City of Palayan,Nueva Ecija,Region III (Central Luzon),City,5th,R3,E
[2024-05] 14-032-13-000,2024-05,2024,[05] May,"City of Tabuk, Kalinga",[1] Operational,,,,,[A] Operational,B,14-032-13-000,City of Tabuk,Kalinga,Cordillera Administrative Region (CAR),City,5th,CAR,B
[2024-05] 10-042-15-000,2024-05,2024,[05] May,"City of Tangub, Misamis Occidental",[5] For Training,,,,,[C] For Training/Others,B,10-042-15-000,City of Tangub,Misamis Occidental,Region X (Northern Mindanao),City,4th,R10,N
[2024-05] 10-042-05-000,2024-05,2024,[05] May,"Clarin, Misamis Occidental",[5] For Training,,,,,[C] For Training/Others,B,10-042-05-000,Clarin,Misamis Occidental,Region X (Northern Mindanao),Municipality,4th,R10,N
[2024-05] 10-043-06-000,2024-05,2024,[05] May,"Claveria, Misamis Oriental",[1] Operational,,,,,[A] Operational,A,10-043-06-000,Claveria,Misamis Oriental,Region X (Northern Mindanao),Municipality,1st,R10,N
[2024-05] 07-022-18-000,2024-05,2024,[05] May,"Compostela, Cebu",[3] Ongoing Data Build-up,75%,For Refresher Training,,,[B] Developmental,B,07-022-18-000,Compostela,Cebu,Region VII (Central Visayas),Municipality,3rd,R7,J
[2024-05] 06-030-15-000,2024-05,2024,[05] May,"Concepcion, Iloilo",[1] Operational,,,,,[A] Operational,B,06-030-15-000,Concepcion,Iloilo,Region VI (Western Visayas),Municipality,3rd,R6,I
[2024-05] 17-053-09-000,2024-05,2024,[05] May,"Coron, Palawan",[1] Operational,,,,,[A] Operational,B,17-053-09-000,Coron,Palawan,MIMAROPA Region,Municipality,1st,R4B,G
[2024-05] 07-022-21-000,2024-05,2024,[05] May,"Daanbantayan, Cebu",[3] Ongoing Data Build-up,75%,,,,[B] Developmental,B,07-022-21-000,Daanbantayan,Cebu,Region VII (Central Visayas),Municipality,1st,R7,J
[2024-05] 07-012-18-000,2024-05,2024,[05] May,"Danao, Bohol",[1] Operational,,,,,[A] Operational,B,07-012-18-000,Danao,Bohol,Region VII (Central Visayas),Municipality,4th*,R7,J
[2024-05] 01-055-19-000,2024-05,2024,[05] May,"Dasol, Pangasinan",[7] To Follow-up,,for schedule of training,For Follow-up,,[C] For Training/Others,B,01-055-19-000,Dasol,Pangasinan,Region I (Ilocos Region),Municipality,3rd,R1,C
[2024-05] 03-077-05-000,2024-05,2024,[05] May,"Dingalan, Aurora",[2] Pilot Testing,97%,Requesting for refresher training,for visitation,,[B] Developmental,B,03-077-05-000,Dingalan,Aurora,Region III (Central Luzon),Municipality,3rd,R3,E
[2024-05] 06-030-16-000,2024-05,2024,[05] May,"Dingle, Iloilo",[1] Operational,,,,,[A] Operational,A,06-030-16-000,Dingle,Iloilo,Region VI (Western Visayas),Municipality,3rd,R6,I
[2024-05] 03-077-06-000,2024-05,2024,[05] May,"Dipaculao, Aurora",[1] Operational,,,,,[A] Operational,B,03-077-06-000,Dipaculao,Aurora,Region III (Central Luzon),Municipality,3rd,R3,E
[2024-05] 09-073-08-000,2024-05,2024,[05] May,"Dumingag, Zamboanga del Sur",[3] Ongoing Data Build-up,50%,,,,[B] Developmental,B,09-073-08-000,Dumingag,Zamboanga del Sur,Region IX (Zamboanga Peninsula),Municipality,2nd,R9,L
[2024-05] 17-053-12-000,2024-05,2024,[05] May,"El Nido, Palawan",[1] Operational,,,,,[A] Operational,A,17-053-12-000,El Nido,Palawan,MIMAROPA Region,Municipality,1st,R4B,G
[2024-05] 17-059-16-000,2024-05,2024,[05] May,"Ferrol, Romblon",[1] Operational,,,,,[A] Operational,A,17-059-16-000,Ferrol,Romblon,MIMAROPA Region,Municipality,6th,R4B,G
[2024-05] 03-049-07-000,2024-05,2024,[05] May,"Gabaldon, Nueva Ecija",[2] Pilot Testing,65%,Requesting for refresher training,for visitation,,[B] Developmental,B,03-049-07-000,Gabaldon,Nueva Ecija,Region III (Central Luzon),Municipality,4th,R3,E
[2024-05] 08-060-07-000,2024-05,2024,[05] May,"Gandara, Samar",[2] Pilot Testing,95%,Internet Connectivity Issues - Unstable Connection,LGU target date of implementation was December 2023 but no progress/update as of Feb 2024.,Internet Connectivity Issues - Unstable ConnectionLGU target date of implementation was December 2023 but no progress/update as of May 2024.,[B] Developmental,B,08-060-07-000,Gandara,Samar,Region VIII (Eastern Visayas),Municipality,2nd,R8,K
[2024-05] 04-056-16-000,2024-05,2024,[05] May,"General Luna, Quezon",[1] Operational,,,,,[A] Operational,B,04-056-16-000,General Luna,Quezon,Region IV-A (CALABARZON),Municipality,4th,R4A,F
[2024-05] 04-056-17-000,2024-05,2024,[05] May,"General Nakar, Quezon",[1] Operational,,,,,[A] Operational,B,04-056-17-000,General Nakar,Quezon,Region IV-A (CALABARZON),Municipality,1st,R4A,F
[2024-05] 03-069-06-000,2024-05,2024,[05] May,"Gerona, Tarlac",[1] Operational,,,,,[A] Operational,B,03-069-06-000,Gerona,Tarlac,Region III (Central Luzon),Municipality,1st,R3,E
[2024-05] 17-052-06-000,2024-05,2024,[05] May,"Gloria, Oriental Mindoro",[1] Operational,,,,,[A] Operational,B,17-052-06-000,Gloria,Oriental Mindoro,MIMAROPA Region,Municipality,3rd,R4B,G
[2024-05] 09-073-43-000,2024-05,2024,[05] May,"Guipos, Zamboanga del Sur",[3] Ongoing Data Build-up,50%,,,,[B] Developmental,B,09-073-43-000,Guipos,Zamboanga del Sur,Region IX (Zamboanga Peninsula),Municipality,4th,R9,L
[2024-05] 08-026-09-000,2024-05,2024,[05] May,"Guiuan, Eastern Samar",[1] Operational,,,,Normal Operations,[A] Operational,B,08-026-09-000,Guiuan,Eastern Samar,Region VIII (Eastern Visayas),Municipality,2nd,R8,K
[2024-05] 04-056-19-000,2024-05,2024,[05] May,"Gumaca, Quezon",[7] To Follow-up,,LGU unresponsive,For visitation,,[C] For Training/Others,B,04-056-19-000,Gumaca,Quezon,Region IV-A (CALABARZON),Municipality,1st,R4A,F
[2024-05] 08-037-20-000,2024-05,2024,[05] May,"Hindang, Leyte",[1] Operational,,,,Normal Operations,[A] Operational,B,08-037-20-000,Hindang,Leyte,Region VIII (Eastern Visayas),Municipality,5th,R8,K
[2024-05] 06-045-11-000,2024-05,2024,[05] May,"Hinigaran, Negros Occidental",[1] Operational,,,,,[A] Operational,B,06-045-11-000,Hinigaran,Negros Occidental,Region VI (Western Visayas),Municipality,1st,R6,I
[2024-05] 03-071-05-000,2024-05,2024,[05] May,"Iba, Zambales",[2] Pilot Testing,70%,for launching phase,,,[B] Developmental,B,03-071-05-000,Iba,Zambales,Region III (Central Luzon),Municipality,2nd,R3,E
[2024-05] 04-056-20-000,2024-05,2024,[05] May,"Infanta, Quezon",[1] Operational,,,,,[A] Operational,A,04-056-20-000,Infanta,Quezon,Region IV-A (CALABARZON),Municipality,1st,R4A,F
[2024-05] 06-030-23-000,2024-05,2024,[05] May,"Janiuay, Iloilo",[1] Operational,,,,,[A] Operational,B,06-030-23-000,Janiuay,Iloilo,Region VI (Western Visayas),Municipality,1st,R6,I
[2024-05] 10-043-11-000,2024-05,2024,[05] May,"Jasaan, Misamis Oriental",[1] Operational,,,,,[A] Operational,B,10-043-11-000,Jasaan,Misamis Oriental,Region X (Northern Mindanao),Municipality,2nd,R10,N
[2024-05] 08-037-24-000,2024-05,2024,[05] May,"Javier, Leyte",[1] Operational,,,,Zero Transactions for the month of May 2024.,[A] Operational,B,08-037-24-000,Javier,Leyte,Region VIII (Eastern Visayas),Municipality,4th*,R8,K
[2024-05] 08-060-09-000,2024-05,2024,[05] May,"Jiabong, Samar",[1] Operational,,,,Normal Operations,[A] Operational,B,08-060-09-000,Jiabong,Samar,Region VIII (Eastern Visayas),Municipality,5th,R8,K
[2024-05] 05-016-05-000,2024-05,2024,[05] May,"Jose Panganiban, Camarines Norte",[3] Ongoing Data Build-up,10%,,,,[B] Developmental,B,05-016-05-000,Jose Panganiban,Camarines Norte,Region V (Bicol Region),Municipality,2nd,R5,H
[2024-05] 12-047-03-000,2024-05,2024,[05] May,"Kabacan, Cotabato",[1] Operational,,,,,[A] Operational,A,12-047-03-000,Kabacan,Cotabato,Region XII (SOCCSKSARGEN),Municipality,1st,R12,Q
[2024-05] 10-035-05-000,2024-05,2024,[05] May,"Kapatagan, Lanao del Norte",[1] Operational,,,,,[A] Operational,A,10-035-05-000,Kapatagan,Lanao del Norte,Region X (Northern Mindanao),Municipality,2nd,R10,N
[2024-10] 08-078-06-000,2024-10,2024,[10] October,"Kawayan, Biliran",[8] Withdraw,,,,Withdrawn,[D] Withdraw,B,08-078-06-000,Kawayan,Biliran,Region VIII (Eastern Visayas),Municipality,5th*,R8,K
[2024-05] 08-037-28-000,2024-05,2024,[05] May,"La Paz, Leyte",[2] Pilot Testing,100%,,Waiting for first client.,Waiting for first client.,[B] Developmental,B,08-037-28-000,La Paz,Leyte,Region VIII (Eastern Visayas),Municipality,5th*,R8,K
[2024-05] 09-073-12-000,2024-05,2024,[05] May,"Labangan, Zamboanga del Sur",[1] Operational,,,,,[A] Operational,B,09-073-12-000,Labangan,Zamboanga del Sur,Region IX (Zamboanga Peninsula),Municipality,3rd,R9,L
[2024-05] 05-016-06-000,2024-05,2024,[05] May,"Labo, Camarines Norte",[6] With Concerns,,"concern regarding manual entry of building permit number, due to conflict with complex applications numbering",,,[C] For Training/Others,B,05-016-06-000,Labo,Camarines Norte,Region V (Bicol Region),Municipality,1st,R5,H
[2024-05] 10-043-13-000,2024-05,2024,[05] May,"Lagonglong, Misamis Oriental",[1] Operational,,,,,[A] Operational,A,10-043-13-000,Lagonglong,Misamis Oriental,Region X (Northern Mindanao),Municipality,5th,R10,N
[2024-05] 09-073-33-000,2024-05,2024,[05] May,"Lakewood, Zamboanga del Sur",[2] Pilot Testing,75%,,,,[B] Developmental,B,09-073-33-000,Lakewood,Zamboanga del Sur,Region IX (Zamboanga Peninsula),Municipality,4th,R9,L
[2024-05] 06-030-25-000,2024-05,2024,[05] May,"Lambunao, Iloilo",[5] For Training,,,,,[C] For Training/Others,B,06-030-25-000,Lambunao,Iloilo,Region VI (Western Visayas),Municipality,1st,R6,I
[2024-05] 01-055-48-000,2024-05,2024,[05] May,"Laoac, Pangasinan",[7] To Follow-up,,for schedule of training,For Follow-up,,[C] For Training/Others,B,01-055-48-000,Laoac,Pangasinan,Region I (Ilocos Region),Municipality,4th,R1,C
[2024-05] 16-002-07-000,2024-05,2024,[05] May,"Las Nieves, Agusan del Norte",[1] Operational,100%,,,,[A] Operational,A,16-002-07-000,Las Nieves,Agusan del Norte,Region XIII (Caraga),Municipality,2nd,R13,O
[2024-05] 06-006-09-000,2024-05,2024,[05] May,"Laua-An, Antique",[1] Operational,,,,,[A] Operational,A,06-006-09-000,Laua-An,Antique,Region VI (Western Visayas),Municipality,4th,R6,I
[2024-05] 12-065-06-000,2024-05,2024,[05] May,"Lebak, Sultan Kudarat",[7] To Follow-up,,Unresponsive,,,[C] For Training/Others,B,12-065-06-000,Lebak,Sultan Kudarat,Region XII (SOCCSKSARGEN),Municipality,1st,R12,Q
[2024-01] 04-010-12-000,2024-01,2024,[01] January,"Lemery, Batangas",[8] Withdraw,,,,,[D] Withdraw,B,04-010-12-000,Lemery,Batangas,Region IV-A (CALABARZON),Municipality,1st,R4A,F
[2024-05] 08-037-29-000,2024-05,2024,[05] May,"Leyte, Leyte",[1] Operational,,,,Zero Transactions for the month of May 2024.,[A] Operational,A,08-037-29-000,Leyte,Leyte,Region VIII (Eastern Visayas),Municipality,4th*,R8,K
[2024-05] 04-010-13-000,2024-05,2024,[05] May,"Lian, Batangas",[1] Operational,,,,,[A] Operational,A,04-010-13-000,Lian,Batangas,Region IV-A (CALABARZON),Municipality,3rd,R4A,F
[2024-05] 06-006-10-000,2024-05,2024,[05] May,"Libertad, Antique",[1] Operational,,,,,[A] Operational,A,06-006-10-000,Libertad,Antique,Region VI (Western Visayas),Municipality,5th,R6,I
[2024-02] 04-010-12-000,2024-02,2024,[02] February,"Lemery, Batangas",[8] Withdraw,,,,,[D] Withdraw,B,04-010-12-000,Lemery,Batangas,Region IV-A (CALABARZON),Municipality,1st,R4A,F
[2024-05] 03-008-06-000,2024-05,2024,[05] May,"Limay, Bataan",[6] With Concerns,,Internet connectivity issue and new staff,"Sent Notice Letter, awaiting for their reply
Intends to withdraw",for visitation,[C] For Training/Others,B,03-008-06-000,Limay,Bataan,Region III (Central Luzon),Municipality,1st,R3,E
[2024-05] 16-068-12-000,2024-05,2024,[05] May,"Lingig, Surigao del Sur",[7] To Follow-up,,"
Last Status: For Data Buildup",A notice of unutilization was served. Still waiting for response letter,,[C] For Training/Others,B,16-068-12-000,Lingig,Surigao del Sur,Region XIII (Caraga),Municipality,2nd,R13,O
[2024-05] 17-059-07-000,2024-05,2024,[05] May,"Looc, Romblon",[1] Operational,,,,,[A] Operational,A,17-059-07-000,Looc,Romblon,MIMAROPA Region,Municipality,4th,R4B,G
[2024-05] 11-025-07-000,2024-05,2024,[05] May,"Lupon, Davao Oriental",[1] Operational,,,,,[A] Operational,B,11-025-07-000,Lupon,Davao Oriental,Region XI (Davao Region),Municipality,1st,R11,P
[2024-05] 04-010-16-000,2024-05,2024,[05] May,"Mabini, Batangas",[1] Operational,,,,,[A] Operational,A,04-010-16-000,Mabini,Batangas,Region IV-A (CALABARZON),Municipality,1st,R4A,F
[2024-05] 03-054-10-000,2024-05,2024,[05] May,"Macabebe, Pampanga",[6] With Concerns,,New LGU Staff and Internet connectivity issue,"intended to withdraw
waiting for the withdrawal letter",for visitation,[C] For Training/Others,B,03-054-10-000,Macabebe,Pampanga,Region III (Central Luzon),Municipality,1st,R3,E
[2024-05] 08-064-08-000,2024-05,2024,[05] May,"Macrohon, Southern Leyte",[1] Operational,,,,Normal Operations,[A] Operational,A,08-064-08-000,Macrohon,Southern Leyte,Region VIII (Eastern Visayas),Municipality,4th,R8,K
[2024-05] 07-022-28-000,2024-05,2024,[05] May,"Madridejos, Cebu",[1] Operational,,,,,[A] Operational,B,07-022-28-000,Madridejos,Cebu,Region VII (Central Visayas),Municipality,4th,R7,J
[2024-05] 04-021-12-000,2024-05,2024,[05] May,"Magallanes, Cavite",[1] Operational,,,,,[A] Operational,B,04-021-12-000,Magallanes,Cavite,Region IV-A (CALABARZON),Municipality,4th,R4A,F
[2024-05] 10-035-12-000,2024-05,2024,[05] May,"Maigo, Lanao del Norte",[1] Operational,,,,,[A] Operational,A,10-035-12-000,Maigo,Lanao del Norte,Region X (Northern Mindanao),Municipality,4th,R10,N
[2024-05] 11-024-08-000,2024-05,2024,[05] May,"Malalag, Davao del Sur",[1] Operational,,,,,[A] Operational,A,11-024-08-000,Malalag,Davao del Sur,Region XI (Davao Region),Municipality,2nd,R11,P
[2024-05] 06-045-18-000,2024-05,2024,[05] May,"Manapla, Negros Occidental",[1] Operational,,,,,[A] Operational,B,06-045-18-000,Manapla,Negros Occidental,Region VI (Western Visayas),Municipality,2nd,R6,I
[2024-05] 11-025-08-000,2024-05,2024,[05] May,"Manay, Davao Oriental",[1] Operational,,,,,[A] Operational,A,11-025-08-000,Manay,Davao Oriental,Region XI (Davao Region),Municipality,2nd,R11,P
[2024-05] 10-043-18-000,2024-05,2024,[05] May,"Manticao, Misamis Oriental",[1] Operational,,,,,[A] Operational,B,10-043-18-000,Manticao,Misamis Oriental,Region X (Northern Mindanao),Municipality,4th,R10,N
[2024-05] 11-082-05-000,2024-05,2024,[05] May,"Maragusan, Davao de Oro",[1] Operational,,,,,[A] Operational,B,11-082-05-000,Maragusan,Davao de Oro,Region XI (Davao Region),Municipality,1st,R11,P
[2024-05] 03-077-07-000,2024-05,2024,[05] May,"Maria Aurora, Aurora",[1] Operational,,,,,[A] Operational,A,03-077-07-000,Maria Aurora,Aurora,Region III (Central Luzon),Municipality,2nd,R3,E
[2024-05] 11-024-10-000,2024-05,2024,[05] May,"Matanao, Davao del Sur",[2] Pilot Testing,100%,,,,[B] Developmental,A,11-024-10-000,Matanao,Davao del Sur,Region XI (Davao Region),Municipality,2nd,R11,P
[2024-05] 04-056-27-000,2024-05,2024,[05] May,"Mauban, Quezon",[1] Operational,,,,,[A] Operational,A,04-056-27-000,Mauban,Quezon,Region IV-A (CALABARZON),Municipality,1st,R4A,F
[2024-05] 05-016-07-000,2024-05,2024,[05] May,"Mercedes, Camarines Norte",[3] Ongoing Data Build-up,80%,,,,[B] Developmental,B,05-016-07-000,Mercedes,Camarines Norte,Region V (Bicol Region),Municipality,2nd,R5,H
[2024-05] 06-030-30-000,2024-05,2024,[05] May,"Miagao, Iloilo",[5] For Training,,,,,[C] For Training/Others,B,06-030-30-000,Miagao,Iloilo,Region VI (Western Visayas),Municipality,1st,R6,I
[2024-05] 12-047-09-000,2024-05,2024,[05] May,"Midsayap, Cotabato",[1] Operational,,,,,[A] Operational,B,12-047-09-000,Midsayap,Cotabato,Region XII (SOCCSKSARGEN),Municipality,1st,R12,Q
[2024-05] 06-030-31-000,2024-05,2024,[05] May,"Mina, Iloilo",[1] Operational,,,,,[A] Operational,A,06-030-31-000,Mina,Iloilo,Region VI (Western Visayas),Municipality,5th,R6,I
[2024-05] 07-022-32-000,2024-05,2024,[05] May,"Minglanilla, Cebu",[7] To Follow-up,,OSCP Still in Construction; proposed to conduct Refresher Training when the OSCP Building is done; target to utilize this year 2024,Followed up LGUs concern regarding this matter,,[C] For Training/Others,B,07-022-32-000,Minglanilla,Cebu,Region VII (Central Visayas),Municipality,1st,R7,J
[2024-05] 06-045-19-000,2024-05,2024,[05] May,"Moises Padilla, Negros Occidental",[1] Operational,,,,,[A] Operational,B,06-045-19-000,Moises Padilla,Negros Occidental,Region VI (Western Visayas),Municipality,3rd,R6,I
[2024-05] 04-021-15-000,2024-05,2024,[05] May,"Naic, Cavite",[1] Operational,,,,,[A] Operational,A,04-021-15-000,Naic,Cavite,Region IV-A (CALABARZON),Municipality,1st,R4A,F
[2024-05] 08-078-08-000,2024-05,2024,[05] May,"Naval, Biliran",[1] Operational,,,,Normal Operations,[A] Operational,A,08-078-08-000,Naval,Biliran,Region VIII (Eastern Visayas),Municipality,2nd,R8,K
[2024-05] 06-030-32-000,2024-05,2024,[05] May,"New Lucena, Iloilo",[1] Operational,,,,,[A] Operational,B,06-030-32-000,New Lucena,Iloilo,Region VI (Western Visayas),Municipality,4th,R6,I
[2024-05] 06-004-15-000,2024-05,2024,[05] May,"New Washington, Aklan",[1] Operational,,,,,[A] Operational,A,06-004-15-000,New Washington,Aklan,Region VI (Western Visayas),Municipality,3rd,R6,I
[2024-05] 03-014-13-000,2024-05,2024,[05] May,"Norzagaray, Bulacan",[1] Operational,,,,,[A] Operational,A,03-014-13-000,Norzagaray,Bulacan,Region III (Central Luzon),Municipality,1st,R3,E
[2024-03] 04-010-12-000,2024-03,2024,[03] March,"Lemery, Batangas",[8] Withdraw,,,,,[D] Withdraw,B,04-010-12-000,Lemery,Batangas,Region IV-A (CALABARZON),Municipality,1st,R4A,F
[2024-05] 11-024-11-000,2024-05,2024,[05] May,"Padada, Davao del Sur",[1] Operational,,,,,[A] Operational,B,11-024-11-000,Padada,Davao del Sur,Region XI (Davao Region),Municipality,3rd,R11,P
[2024-05] 04-034-18-000,2024-05,2024,[05] May,"Paete, Laguna",[1] Operational,,,,,[A] Operational,B,04-034-18-000,Paete,Laguna,Region IV-A (CALABARZON),Municipality,4th,R4A,F
[2024-05] 08-037-39-000,2024-05,2024,[05] May,"Palo, Leyte",[1] Operational,,,,Normal Operations,[A] Operational,A,08-037-39-000,Palo,Leyte,Region VIII (Eastern Visayas),Municipality,3rd,R8,K
[2024-05] 08-048-15-000,2024-05,2024,[05] May,"Pambujan, Northern Samar",[1] Operational,,,,Zero Transactions for the month of May 2024.,[A] Operational,A,08-048-15-000,Pambujan,Northern Samar,Region VIII (Eastern Visayas),Municipality,4th,R8,K
[2024-05] 06-006-11-000,2024-05,2024,[05] May,"Pandan, Antique",[1] Operational,,,,,[A] Operational,A,06-006-11-000,Pandan,Antique,Region VI (Western Visayas),Municipality,4th,R6,I
[2024-05] 08-037-41-000,2024-05,2024,[05] May,"Pastrana, Leyte",[1] Operational,,,,Normal Operations,[A] Operational,A,08-037-41-000,Pastrana,Leyte,Region VIII (Eastern Visayas),Municipality,5th*,R8,K
[2024-05] 06-006-12-000,2024-05,2024,[05] May,"Patnongon, Antique",[1] Operational,,,,,[A] Operational,A,06-006-12-000,Patnongon,Antique,Region VI (Western Visayas),Municipality,3rd,R6,I
[2024-05] 12-047-12-000,2024-05,2024,[05] May,"Pikit, Cotabato",[1] Operational,,,,,[A] Operational,B,12-047-12-000,Pikit,Cotabato,Region XII (SOCCSKSARGEN),Municipality,1st,R12,Q
[2024-05] 17-052-09-000,2024-05,2024,[05] May,"Pinamalayan, Oriental Mindoro",[1] Operational,,,,,[A] Operational,B,17-052-09-000,Pinamalayan,Oriental Mindoro,MIMAROPA Region,Municipality,1st,R4B,G
[2024-05] 07-022-37-000,2024-05,2024,[05] May,"Pinamungajan, Cebu",[1] Operational,,,,,[A] Operational,A,07-022-37-000,Pinamungajan,Cebu,Region VII (Central Visayas),Municipality,2nd,R7,J
[2024-05] 04-056-34-000,2024-05,2024,[05] May,"Pitogo, Quezon",[2] Pilot Testing,49%,,,,[B] Developmental,B,04-056-34-000,Pitogo,Quezon,Region IV-A (CALABARZON),Municipality,4th,R4A,F
[2024-05] 10-042-12-000,2024-05,2024,[05] May,"Plaridel, Misamis Occidental",[1] Operational,,,,,[A] Operational,A,10-042-12-000,Plaridel,Misamis Occidental,Region X (Northern Mindanao),Municipality,3rd,R10,N
[2024-05] 09-072-10-000,2024-05,2024,[05] May,"Polanco, Zamboanga del Norte",[1] Operational,,,,,[A] Operational,A,09-072-10-000,Polanco,Zamboanga del Norte,Region IX (Zamboanga Peninsula),Municipality,3rd,R9,L
[2024-05] 01-055-30-000,2024-05,2024,[05] May,"Pozorrubio, Pangasinan",[5] For Training,,,For Follow-up,,[C] For Training/Others,B,01-055-30-000,Pozorrubio,Pangasinan,Region I (Ilocos Region),Municipality,1st,R1,C
[2024-05] 09-072-11-000,2024-05,2024,[05] May,"Pres. Manuel A. Roxas, Zamboanga del Norte",[2] Pilot Testing,75%,,,,[B] Developmental,B,09-072-11-000,Pres. Manuel A. Roxas,Zamboanga del Norte,Region IX (Zamboanga Peninsula),Municipality,2nd,R9,L
[2024-05] 17-051-08-000,2024-05,2024,[05] May,"Rizal, Occidental Mindoro",[1] Operational,,,,,[A] Operational,B,17-051-08-000,Rizal,Occidental Mindoro,MIMAROPA Region,Municipality,3rd,R4B,G
[2024-05] 09-072-12-000,2024-05,2024,[05] May,"Rizal, Zamboanga del Norte",[2] Pilot Testing,25%,,,,[B] Developmental,B,09-072-12-000,Rizal,Zamboanga del Norte,Region IX (Zamboanga Peninsula),Municipality,5th,R9,L
[2024-05] 10-043-22-000,2024-05,2024,[05] May,"Salay, Misamis Oriental",[1] Operational,,,,,[A] Operational,A,10-043-22-000,Salay,Misamis Oriental,Region X (Northern Mindanao),Municipality,4th,R10,N
[2024-05] 07-022-40-000,2024-05,2024,[05] May,"Samboan, Cebu",[2] Pilot Testing,25%,For Refresher Training,,,[B] Developmental,B,07-022-40-000,Samboan,Cebu,Region VII (Central Visayas),Municipality,5th,R7,J
[2024-05] 04-056-39-000,2024-05,2024,[05] May,"Sampaloc, Quezon",[1] Operational,,,,,[A] Operational,B,04-056-39-000,Sampaloc,Quezon,Region IV-A (CALABARZON),Municipality,5th,R4A,F
[2024-05] 16-068-15-000,2024-05,2024,[05] May,"San Agustin, Surigao del Sur",[2] Pilot Testing,100%,Still waiting for an actual entry of application and issuance to tag them as operational/ compliant,"Refresher training was conducted last october 10, 2023",,[B] Developmental,A,16-068-15-000,San Agustin,Surigao del Sur,Region XIII (Caraga),Municipality,4th,R13,O
[2024-05] 03-071-09-000,2024-05,2024,[05] May,"San Antonio, Zambales",[2] Pilot Testing,90%,for visitation,,,[B] Developmental,B,03-071-09-000,San Antonio,Zambales,Region III (Central Luzon),Municipality,2nd,R3,E
[2024-05] 01-029-18-000,2024-05,2024,[05] May,"San Esteban, Ilocos Sur",[5] For Training,,,For Follow-up,,[C] For Training/Others,B,01-029-18-000,San Esteban,Ilocos Sur,Region I (Ilocos Region),Municipality,5th,R1,C
[2024-05] 07-022-42-000,2024-05,2024,[05] May,"San Francisco, Cebu",[7] To Follow-up,,For Refresher Training for the new personnel in-charge,,,[C] For Training/Others,B,07-022-42-000,San Francisco,Cebu,Region VII (Central Visayas),Municipality,3rd,R7,J
[2024-05] 06-030-40-000,2024-05,2024,[05] May,"San Joaquin, Iloilo",[5] For Training,,,,,[C] For Training/Others,B,06-030-40-000,San Joaquin,Iloilo,Region VI (Western Visayas),Municipality,2nd,R6,I
[2024-05] 07-046-17-000,2024-05,2024,[05] May,"San Jose, Negros Oriental",[2] Pilot Testing,25%,For Refresher Training,,,[B] Developmental,B,07-046-17-000,San Jose,Negros Oriental,Region VII (Central Visayas),Municipality,5th,R7,J
[2024-05] 17-051-10-000,2024-05,2024,[05] May,"San Jose, Occidental Mindoro",[1] Operational,,,,,[A] Operational,A,17-051-10-000,San Jose,Occidental Mindoro,MIMAROPA Region,Municipality,1st,R4B,G
[2024-05] 08-064-14-000,2024-05,2024,[05] May,"San Juan, Southern Leyte",[1] Operational,,,,Normal Operations,[A] Operational,A,08-064-14-000,San Juan,Southern Leyte,Region VIII (Eastern Visayas),Municipality,5th,R8,K
[2024-05] 04-010-24-000,2024-05,2024,[05] May,"San Luis, Batangas",[1] Operational,,,,,[A] Operational,B,04-010-24-000,San Luis,Batangas,Region IV-A (CALABARZON),Municipality,4th,R4A,F
[2024-05] 03-054-17-000,2024-05,2024,[05] May,"San Luis, Pampanga",[6] With Concerns,,"Still on process of familiarizing the whole system
for pilot testing 30%
Unresponsive LGU",for visitation,,[C] For Training/Others,B,03-054-17-000,San Luis,Pampanga,Region III (Central Luzon),Municipality,3rd,R3,E
[2024-05] 16-068-16-000,2024-05,2024,[05] May,"San Miguel, Surigao del Sur",[2] Pilot Testing,95%,Still waiting for an actual entry of application and issuance to tag them as operational/ compliant,"Refresher training was conducted last september 21-22, 2023",,[B] Developmental,B,16-068-16-000,San Miguel,Surigao del Sur,Region XIII (Caraga),Municipality,1st,R13,O
[2024-05] 03-071-12-000,2024-05,2024,[05] May,"San Narciso, Zambales",[1] Operational,,,,,[A] Operational,A,03-071-12-000,San Narciso,Zambales,Region III (Central Luzon),Municipality,4th,R3,E
[2024-05] 04-010-25-000,2024-05,2024,[05] May,"San Nicolas, Batangas",[2] Pilot Testing,100%,,,For Launching,[B] Developmental,B,04-010-25-000,San Nicolas,Batangas,Region IV-A (CALABARZON),Municipality,5th,R4A,F
[2024-05] 09-073-25-000,2024-05,2024,[05] May,"San Pablo, Zamboanga del Sur",[2] Pilot Testing,75%,,,,[B] Developmental,B,09-073-25-000,San Pablo,Zamboanga del Sur,Region IX (Zamboanga Peninsula),Municipality,4th*,R9,L
[2024-05] 08-048-20-000,2024-05,2024,[05] May,"San Roque, Northern Samar",[1] Operational,,,,Zero Transactions for the month of May 2024.,[A] Operational,A,08-048-20-000,San Roque,Northern Samar,Region VIII (Eastern Visayas),Municipality,4th,R8,K
[2024-05] 17-052-13-000,2024-05,2024,[05] May,"San Teodoro, Oriental Mindoro",[1] Operational,,,,,[A] Operational,B,17-052-13-000,San Teodoro,Oriental Mindoro,MIMAROPA Region,Municipality,4th,R4B,G
[2024-05] 17-053-19-000,2024-05,2024,[05] May,"San Vicente, Palawan",[1] Operational,,,,,[A] Operational,A,17-053-19-000,San Vicente,Palawan,MIMAROPA Region,Municipality,1st,R4B,G
[2024-05] 06-030-43-000,2024-05,2024,[05] May,"Santa Barbara, Iloilo",[1] Operational,,,,,[A] Operational,B,06-030-43-000,Santa Barbara,Iloilo,Region VI (Western Visayas),Municipality,2nd,R6,I
[2024-05] 03-069-15-000,2024-05,2024,[05] May,"Santa Ignacia, Tarlac",[1] Operational,,,,,[A] Operational,A,03-069-15-000,Santa Ignacia,Tarlac,Region III (Central Luzon),Municipality,2nd,R3,E
[2024-05] 04-010-27-000,2024-05,2024,[05] May,"Santa Teresita, Batangas",[1] Operational,,,,,[A] Operational,A,04-010-27-000,Santa Teresita,Batangas,Region IV-A (CALABARZON),Municipality,5th,R4A,F
[2024-05] 06-019-15-000,2024-05,2024,[05] May,"Sapi-An, Capiz",[1] Operational,,,,,[A] Operational,A,06-019-15-000,Sapi-An,Capiz,Region VI (Western Visayas),Municipality,4th,R6,I
[2024-05] 06-030-44-000,2024-05,2024,[05] May,"Sara, Iloilo",[1] Operational,,,,,[A] Operational,B,06-030-44-000,Sara,Iloilo,Region VI (Western Visayas),Municipality,2nd,R6,I
[2024-05] 06-006-15-000,2024-05,2024,[05] May,"Sebaste, Antique",[5] For Training,,,,,[C] For Training/Others,B,06-006-15-000,Sebaste,Antique,Region VI (Western Visayas),Municipality,4th,R6,I
[2024-05] 09-072-15-000,2024-05,2024,[05] May,"Siayan, Zamboanga del Norte",[1] Operational,,,,,[A] Operational,B,09-072-15-000,Siayan,Zamboanga del Norte,Region IX (Zamboanga Peninsula),Municipality,2nd,R9,L
[2024-05] 10-042-14-000,2024-05,2024,[05] May,"Sinacaban, Misamis Occidental",[1] Operational,,,,,[A] Operational,A,10-042-14-000,Sinacaban,Misamis Occidental,Region X (Northern Mindanao),Municipality,5th,R10,N
[2024-05] 09-072-18-000,2024-05,2024,[05] May,"Sindangan, Zamboanga del Norte",[7] To Follow-up,,"For Withdrawal : Despite confirming their attendance, LGU failed to show up for Refresher training and not responding afterward.",To send notice of withdrawal,,[C] For Training/Others,B,09-072-18-000,Sindangan,Zamboanga del Norte,Region IX (Zamboanga Peninsula),Municipality,1st,R9,L
[2024-05] 16-067-23-000,2024-05,2024,[05] May,"Socorro, Surigao del Norte",[2] Pilot Testing,95%,,,,[B] Developmental,B,16-067-23-000,Socorro,Surigao del Norte,Region XIII (Caraga),Municipality,4th,R13,O
[2024-05] 08-064-17-000,2024-05,2024,[05] May,"Sogod, Southern Leyte",[1] Operational,,,,Normal Operations,[A] Operational,A,08-064-17-000,Sogod,Southern Leyte,Region VIII (Eastern Visayas),Municipality,2nd,R8,K
[2024-05] 11-024-14-000,2024-05,2024,[05] May,"Sulop, Davao del Sur",[1] Operational,,,,,[A] Operational,A,11-024-14-000,Sulop,Davao del Sur,Region XI (Davao Region),Municipality,3rd,R11,P
[2024-05] 04-010-29-000,2024-05,2024,[05] May,"Taal, Batangas",[1] Operational,,,,,[A] Operational,A,04-010-29-000,Taal,Batangas,Region IV-A (CALABARZON),Municipality,3rd,R4A,F
[2024-05] 16-067-25-000,2024-05,2024,[05] May,"Tagana-An, Surigao del Norte",[1] Operational,100%,,,,[A] Operational,A,16-067-25-000,Tagana-An,Surigao del Norte,Region XIII (Caraga),Municipality,5th*,R13,O
[2024-05] 16-068-17-000,2024-05,2024,[05] May,"Tagbina, Surigao del Sur",[1] Operational,100%,,,,[A] Operational,A,16-068-17-000,Tagbina,Surigao del Sur,Region XIII (Caraga),Municipality,2nd,R13,O
[2024-05] 16-068-18-000,2024-05,2024,[05] May,"Tago, Surigao del Sur",[1] Operational,100%,,,,[A] Operational,B,16-068-18-000,Tago,Surigao del Sur,Region XIII (Caraga),Municipality,2nd,R13,O
[2024-05] 10-043-24-000,2024-05,2024,[05] May,"Tagoloan, Misamis Oriental",[7] To Follow-up,,Responded. Lack of Manpower,To follow up LGU decision to continue or withdraw,To continue on 2024 as per OBO,[C] For Training/Others,B,10-043-24-000,Tagoloan,Misamis Oriental,Region X (Northern Mindanao),Municipality,1st,R10,N
[2024-05] 19-066-13-000,2024-05,2024,[05] May,"Talipao, Sulu",[7] To Follow-up,,For withdrawal: LGU is undergoing system development provided by the BARMM,To follow up on the LGU withdrawal letter,Coordinated with LGU. Sent the notice of withdrawal with reply slip template via email and courier.  Waiting for reponse from the LGU.,[C] For Training/Others,B,19-066-13-000,Talipao,Sulu,Bangsamoro Autonomous Region In Muslim Mindanao (BARMM),Municipality,1st,BARMM I,M
[2024-05] 05-016-11-000,2024-05,2024,[05] May,"Talisay, Camarines Norte",[1] Operational,,,,,[A] Operational,A,05-016-11-000,Talisay,Camarines Norte,Region V (Bicol Region),Municipality,4th,R5,H
[2024-05] 10-043-25-000,2024-05,2024,[05] May,"Talisayan, Misamis Oriental",[1] Operational,,,,,[A] Operational,B,10-043-25-000,Talisayan,Misamis Oriental,Region X (Northern Mindanao),Municipality,4th,R10,N
[2024-05] 06-004-17-000,2024-05,2024,[05] May,"Tangalan, Aklan",[1] Operational,,,,,[A] Operational,A,06-004-17-000,Tangalan,Aklan,Region VI (Western Visayas),Municipality,5th,R6,I
[2024-05] 06-019-17-000,2024-05,2024,[05] May,"Tapaz, Capiz",[1] Operational,,,,,[A] Operational,A,06-019-17-000,Tapaz,Capiz,Region VI (Western Visayas),Municipality,1st,R6,I
[2024-05] 11-025-11-000,2024-05,2024,[05] May,"Tarragona, Davao Oriental",[1] Operational,,,,,[A] Operational,B,11-025-11-000,Tarragona,Davao Oriental,Region XI (Davao Region),Municipality,3rd,R11,P
[2024-05] 09-083-15-000,2024-05,2024,[05] May,"Titay, Zamboanga Sibugay",[1] Operational,,,,,[A] Operational,A,09-083-15-000,Titay,Zamboanga Sibugay,Region IX (Zamboanga Peninsula),Municipality,2nd,R9,L
[2024-04] 04-010-12-000,2024-04,2024,[04] April,"Lemery, Batangas",[8] Withdraw,,,,,[D] Withdraw,B,04-010-12-000,Lemery,Batangas,Region IV-A (CALABARZON),Municipality,1st,R4A,F
[2024-05] 04-010-12-000,2024-05,2024,[05] May,"Lemery, Batangas",[8] Withdraw,,,,,[D] Withdraw,B,04-010-12-000,Lemery,Batangas,Region IV-A (CALABARZON),Municipality,1st,R4A,F
[2024-05] 08-064-18-000,2024-05,2024,[05] May,"Tomas Oppus, Southern Leyte",[1] Operational,,,,Normal Operations,[A] Operational,A,08-064-18-000,Tomas Oppus,Southern Leyte,Region VIII (Eastern Visayas),Municipality,5th,R8,K
[2024-05] 16-003-12-000,2024-05,2024,[05] May,"Trento, Agusan del Sur",[2] Pilot Testing,100%,"Municipal Mayor of Trento expressed his intention to use the system however he wants to have the MOA signed first before using the system for  legal purposes. Moreover, only the USEC can sign the MOA so it might take so long to use the system.","The concern was already refferered to the Central Office.
Refresher training was conducted last September 15, 2023",,[B] Developmental,B,16-003-12-000,Trento,Agusan del Sur,Region XIII (Caraga),Municipality,1st,R13,O
[2024-05] 07-012-44-000,2024-05,2024,[05] May,"Trinidad, Bohol",[1] Operational,,,,,[A] Operational,B,07-012-44-000,Trinidad,Bohol,Region VII (Central Visayas),Municipality,3rd,R7,J
[2024-05] 10-035-22-000,2024-05,2024,[05] May,"Tubod, Lanao del Norte",[2] Pilot Testing,70%,,,,[B] Developmental,B,10-035-22-000,Tubod,Lanao del Norte,Region X (Northern Mindanao),Municipality,2nd,R10,N
[2024-05] 16-067-27-000,2024-05,2024,[05] May,"Tubod, Surigao del Norte",[1] Operational,100%,,,,[A] Operational,A,16-067-27-000,Tubod,Surigao del Norte,Region XIII (Caraga),Municipality,5th,R13,O
[2024-05] 07-022-52-000,2024-05,2024,[05] May,"Tuburan, Cebu",[1] Operational,,,,,[A] Operational,A,07-022-52-000,Tuburan,Cebu,Region VII (Central Visayas),Municipality,2nd,R7,J
[2024-05] 07-022-53-000,2024-05,2024,[05] May,"Tudela, Cebu",[1] Operational,,,,,[A] Operational,A,07-022-53-000,Tudela,Cebu,Region VII (Central Visayas),Municipality,5th,R7,J
[2024-05] 19-087-13-000,2024-05,2024,[05] May,"Upi, Maguindanao del Norte",[1] Operational,,,,No Transaction for the Month of May,[A] Operational,A,19-087-13-000,Upi,Maguindanao del Norte,Bangsamoro Autonomous Region In Muslim Mindanao (BARMM),Municipality,1st,BARMM II,R
[2024-05] 05-016-12-000,2024-05,2024,[05] May,"Vinzons, Camarines Norte",[3] Ongoing Data Build-up,98%,,,,[B] Developmental,B,05-016-12-000,Vinzons,Camarines Norte,Region V (Bicol Region),Municipality,3rd,R5,H
[2024-05] 05-020-11-000,2024-05,2024,[05] May,"Virac, Catanduanes",[6] With Concerns,,May mga need pa po ayusin specially sa mga signatories,,,[C] For Training/Others,B,05-020-11-000,Virac,Catanduanes,Region V (Bicol Region),Municipality,1st,R5,H
[2024-05] 03-049-32-000,2024-05,2024,[05] May,"Zaragoza, Nueva Ecija",[2] Pilot Testing,98%,,for launching phase,,[B] Developmental,B,03-049-32-000,Zaragoza,Nueva Ecija,Region III (Central Luzon),Municipality,3rd,R3,E
[2024-05] 06-030-47-000,2024-05,2024,[05] May,"Zarraga, Iloilo",[5] For Training,,,,,[C] For Training/Others,B,06-030-47-000,Zarraga,Iloilo,Region VI (Western Visayas),Municipality,4th,R6,I
[2024-06] 08-037-01-000,2024-06,2024,[06] June,"Abuyog, Leyte",[2] Pilot Testing,80%,Nonresponsive LGU,,Nonresponsive LGU,[B] Developmental,B,08-037-01-000,Abuyog,Leyte,Region VIII (Eastern Visayas),Municipality,1st*,R8,K
[2024-06] 04-056-02-000,2024-06,2024,[06] June,"Alabat, Quezon",[1] Operational,,,,,[A] Operational,B,04-056-02-000,Alabat,Quezon,Region IV-A (CALABARZON),Municipality,5th,R4A,F
[2024-06] 08-037-02-000,2024-06,2024,[06] June,"Alangalang, Leyte",[1] Operational,,,,Normal Operations,[A] Operational,A,08-037-02-000,Alangalang,Leyte,Region VIII (Eastern Visayas),Municipality,2nd,R8,K
[2024-06] 07-022-01-000,2024-06,2024,[06] June,"Alcantara, Cebu",[3] Ongoing Data Build-up,90%,,,,[B] Developmental,B,07-022-01-000,Alcantara,Cebu,Region VII (Central Visayas),Municipality,5th,R7,J
[2024-06] 04-021-01-000,2024-06,2024,[06] June,"Alfonso, Cavite",[3] Ongoing Data Build-up,64%,,,,[B] Developmental,B,04-021-01-000,Alfonso,Cavite,Region IV-A (CALABARZON),Municipality,1st,R4A,F
[2024-06] 04-010-12-000,2024-06,2024,[06] June,"Lemery, Batangas",[8] Withdraw,,,,,[D] Withdraw,B,04-010-12-000,Lemery,Batangas,Region IV-A (CALABARZON),Municipality,1st,R4A,F
[2024-06] 06-030-02-000,2024-06,2024,[06] June,"Alimodian, Iloilo",[1] Operational,,,,,[A] Operational,B,06-030-02-000,Alimodian,Iloilo,Region VI (Western Visayas),Municipality,3rd,R6,I
[2024-06] 04-021-02-000,2024-06,2024,[06] June,"Amadeo, Cavite",[2] Pilot Testing,70%,,,,[B] Developmental,B,04-021-02-000,Amadeo,Cavite,Region IV-A (CALABARZON),Municipality,4th,R4A,F
[2024-06] 07-046-01-000,2024-06,2024,[06] June,"Amlan, Negros Oriental",[3] Ongoing Data Build-up,25%,For refresher Training,,,[B] Developmental,B,07-046-01-000,Amlan,Negros Oriental,Region VII (Central Visayas),Municipality,4th,R7,J
[2024-06] 06-030-03-000,2024-06,2024,[06] June,"Anilao, Iloilo",[1] Operational,,,,,[A] Operational,B,06-030-03-000,Anilao,Iloilo,Region VI (Western Visayas),Municipality,4th,R6,I
[2024-06] 03-054-03-000,2024-06,2024,[06] June,"Arayat, Pampanga",[1] Operational,,,,,[A] Operational,A,03-054-03-000,Arayat,Pampanga,Region III (Central Luzon),Municipality,1st,R3,E
[2024-06] 07-022-05-000,2024-06,2024,[06] June,"Argao, Cebu",[1] Operational,,,,,[A] Operational,A,07-022-05-000,Argao,Cebu,Region VII (Central Visayas),Municipality,1st,R7,J
[2024-06] 02-031-03-000,2024-06,2024,[06] June,"Aurora, Isabela",[1] Operational,,,,,[A] Operational,B,02-031-03-000,Aurora,Isabela,Region II (Cagayan Valley),Municipality,3rd,R2,D
[2024-06] 17-052-01-000,2024-06,2024,[06] June,"Baco, Oriental Mindoro",[1] Operational,,,,,[A] Operational,B,17-052-01-000,Baco,Oriental Mindoro,MIMAROPA Region,Municipality,3rd,R4B,G
[2024-06] 10-035-01-000,2024-06,2024,[06] June,"Bacolod, Lanao del Norte",[1] Operational,,,,,[A] Operational,B,10-035-01-000,Bacolod,Lanao del Norte,Region X (Northern Mindanao),Municipality,4th,R10,N
[2024-06] 12-065-01-000,2024-06,2024,[06] June,"Bagumbayan, Sultan Kudarat",[3] Ongoing Data Build-up,85%,,,,[B] Developmental,B,12-065-01-000,Bagumbayan,Sultan Kudarat,Region XII (SOCCSKSARGEN),Municipality,1st,R12,Q
[2024-06] 07-022-08-000,2024-06,2024,[06] June,"Balamban, Cebu",[1] Operational,,,,,[A] Operational,A,07-022-08-000,Balamban,Cebu,Region VII (Central Visayas),Municipality,1st,R7,J
[2024-06] 06-030-05-000,2024-06,2024,[06] June,"Balasan, Iloilo",[1] Operational,,,,,[A] Operational,B,06-030-05-000,Balasan,Iloilo,Region VI (Western Visayas),Municipality,4th,R6,I
[2024-06] 04-010-03-000,2024-06,2024,[06] June,"Balayan, Batangas",[1] Operational,,,,,[A] Operational,A,04-010-03-000,Balayan,Batangas,Region IV-A (CALABARZON),Municipality,1st,R4A,F
[2024-06] 03-077-01-000,2024-06,2024,[06] June,"Baler, Aurora",[1] Operational,,,,,[A] Operational,A,03-077-01-000,Baler,Aurora,Region III (Central Luzon),Municipality,3rd,R3,E
[2024-06] 17-059-02-000,2024-06,2024,[06] June,"Banton, Romblon",[1] Operational,,,,,[A] Operational,B,17-059-02-000,Banton,Romblon,MIMAROPA Region,Municipality,5th,R4B,G
[2024-06] 06-006-02-000,2024-06,2024,[06] June,"Barbaza, Antique",[1] Operational,,,,,[A] Operational,B,06-006-02-000,Barbaza,Antique,Region VI (Western Visayas),Municipality,4th,R6,I
[2024-06] 05-062-02-000,2024-06,2024,[06] June,"Barcelona, Sorsogon",[3] Ongoing Data Build-up,85%,Applicants not familiar with the system and unstable internet connection,,,[B] Developmental,B,05-062-02-000,Barcelona,Sorsogon,Region V (Bicol Region),Municipality,5th,R5,H
[2024-06] 06-030-07-000,2024-06,2024,[06] June,"Barotac Nuevo, Iloilo",[1] Operational,,,,,[A] Operational,B,06-030-07-000,Barotac Nuevo,Iloilo,Region VI (Western Visayas),Municipality,2nd,R6,I
[2024-06] 06-030-08-000,2024-06,2024,[06] June,"Barotac Viejo, Iloilo",[5] For Training,,,,,[C] For Training/Others,B,06-030-08-000,Barotac Viejo,Iloilo,Region VI (Western Visayas),Municipality,3rd,R6,I
[2024-06] 07-046-05-000,2024-06,2024,[06] June,"Basay, Negros Oriental",[1] Operational,,,,,[A] Operational,B,07-046-05-000,Basay,Negros Oriental,Region VII (Central Visayas),Municipality,4th,R7,J
[2024-06] 08-060-02-000,2024-06,2024,[06] June,"Basey, Samar",[1] Operational,,,,Normal Operations,[A] Operational,B,08-060-02-000,Basey,Samar,Region VIII (Eastern Visayas),Municipality,1st,R8,K
[2024-06] 16-068-02-000,2024-06,2024,[06] June,"Bayabas, Surigao del Sur",[1] Operational,100%,,,,[A] Operational,A,16-068-02-000,Bayabas,Surigao del Sur,Region XIII (Caraga),Municipality,5th,R13,O
[2024-06] 06-030-10-000,2024-06,2024,[06] June,"Bingawan, Iloilo",[1] Operational,,,,,[A] Operational,B,06-030-10-000,Bingawan,Iloilo,Region VI (Western Visayas),Municipality,5th,R6,I
[2024-06] 10-042-03-000,2024-06,2024,[06] June,"Bonifacio, Misamis Occidental",[3] Ongoing Data Build-up,11%,Still at 11%,For refreshers training on 2024,To schedule in July  2024,[B] Developmental,B,10-042-03-000,Bonifacio,Misamis Occidental,Region X (Northern Mindanao),Municipality,4th,R10,N
[2024-06] 11-025-03-000,2024-06,2024,[06] June,"Boston, Davao Oriental",[1] Operational,,,,,[A] Operational,A,11-025-03-000,Boston,Davao Oriental,Region XI (Davao Region),Municipality,3rd,R11,P
[2024-06] 07-012-09-000,2024-06,2024,[06] June,"Buenavista, Bohol",[1] Operational,,,,,[A] Operational,B,07-012-09-000,Buenavista,Bohol,Region VII (Central Visayas),Municipality,4th,R7,J
[2024-06] 06-079-01-000,2024-06,2024,[06] June,"Buenavista, Guimaras",[1] Operational,,,,,[A] Operational,B,06-079-01-000,Buenavista,Guimaras,Region VI (Western Visayas),Municipality,2nd,R6,I
[2024-06] 06-006-04-000,2024-06,2024,[06] June,"Bugasong, Antique",[1] Operational,,,,,[A] Operational,A,06-006-04-000,Bugasong,Antique,Region VI (Western Visayas),Municipality,3rd,R6,I
[2024-06] 17-053-07-000,2024-06,2024,[06] June,"Busuanga, Palawan",[1] Operational,,,,,[A] Operational,A,17-053-07-000,Busuanga,Palawan,MIMAROPA Region,Municipality,3rd,R4B,G
[2024-06] 06-030-12-000,2024-06,2024,[06] June,"Cabatuan, Iloilo",[1] Operational,,,,,[A] Operational,B,06-030-12-000,Cabatuan,Iloilo,Region VI (Western Visayas),Municipality,2nd,R6,I
[2024-06] 03-049-04-000,2024-06,2024,[06] June,"Cabiao, Nueva Ecija",[3] Ongoing Data Build-up,85%,Requesting for refresher training,,,[B] Developmental,B,03-049-04-000,Cabiao,Nueva Ecija,Region III (Central Luzon),Municipality,1st,R3,E
[2024-06] 10-042-04-000,2024-06,2024,[06] June,"Calamba, Misamis Occidental",[1] Operational,,,,,[A] Operational,A,10-042-04-000,Calamba,Misamis Occidental,Region X (Northern Mindanao),Municipality,4th,R10,N
[2024-06] 06-030-13-000,2024-06,2024,[06] June,"Calinog, Iloilo",[1] Operational,,,,,[A] Operational,A,06-030-13-000,Calinog,Iloilo,Region VI (Western Visayas),Municipality,1st,R6,I
[2024-06] 04-056-08-000,2024-06,2024,[06] June,"Candelaria, Quezon",[1] Operational,,,,,[A] Operational,A,04-056-08-000,Candelaria,Quezon,Region IV-A (CALABARZON),Municipality,1st,R4A,F
[2024-06] 07-012-11-000,2024-06,2024,[06] June,"Candijay, Bohol",[1] Operational,,,,,[A] Operational,B,07-012-11-000,Candijay,Bohol,Region VII (Central Visayas),Municipality,4th,R7,J
[2024-06] 05-016-02-000,2024-06,2024,[06] June,"Capalonga, Camarines Norte",[3] Ongoing Data Build-up,10%,,,,[B] Developmental,B,05-016-02-000,Capalonga,Camarines Norte,Region V (Bicol Region),Municipality,3rd,R5,H
[2024-06] 08-037-15-000,2024-06,2024,[06] June,"Carigara, Leyte",[1] Operational,,,,Normal Operations,[A] Operational,B,08-037-15-000,Carigara,Leyte,Region VIII (Eastern Visayas),Municipality,2nd,R8,K
[2024-06] 16-068-06-000,2024-06,2024,[06] June,"Carmen, Surigao del Sur",[1] Operational,100%,,,,[A] Operational,A,16-068-06-000,Carmen,Surigao del Sur,Region XIII (Caraga),Municipality,5th,R13,O
[2024-06] 03-077-02-000,2024-06,2024,[06] June,"Casiguran, Aurora",[1] Operational,,,,,[A] Operational,A,03-077-02-000,Casiguran,Aurora,Region III (Central Luzon),Municipality,2nd,R3,E
[2024-06] 10-018-01-000,2024-06,2024,[06] June,"Catarman, Camiguin",[3] Ongoing Data Build-up,100%,,To operate on 2024,,[B] Developmental,B,10-018-01-000,Catarman,Camiguin,Region X (Northern Mindanao),Municipality,5th,R10,N
[2024-06] 11-025-05-000,2024-06,2024,[06] June,"Cateel, Davao Oriental",[1] Operational,,,,,[A] Operational,A,11-025-05-000,Cateel,Davao Oriental,Region XI (Davao Region),Municipality,2nd,R11,P
[2024-06] 04-034-07-000,2024-06,2024,[06] June,"Cavinti, Laguna",[2] Pilot Testing,60%,,Continuation of Pilot Testing on July 2,Waiting for LGU Schedule,[B] Developmental,B,04-034-07-000,Cavinti,Laguna,Region IV-A (CALABARZON),Municipality,3rd,R4A,F
[2024-06] 06-302-00-000,2024-06,2024,[06] June,"City of Bacolod, Negros Occidental",[1] Operational,,,,,[A] Operational,A,06-302-00-000,City of Bacolod,Negros Occidental,Region VI (Western Visayas),City,1st,R6,I
[2024-06] 01-028-05-000,2024-06,2024,[06] June,"City of Batac, Ilocos Norte",[1] Operational,,,,,[A] Operational,B,01-028-05-000,City of Batac,Ilocos Norte,Region I (Ilocos Region),City,5th,R1,C
[2024-06] 08-026-04-000,2024-06,2024,[06] June,"City of Borongan, Eastern Samar",[1] Operational,,,,Normal Operations,[A] Operational,A,08-026-04-000,City of Borongan,Eastern Samar,Region VIII (Eastern Visayas),City,1st (as Mun),R8,K
[2024-06] 07-046-08-000,2024-06,2024,[06] June,"City of Canlaon, Negros Oriental",[1] Operational,,,,,[A] Operational,B,07-046-08-000,City of Canlaon,Negros Oriental,Region VII (Central Visayas),City,4th,R7,J
[2024-06] 11-024-03-000,2024-06,2024,[06] June,"City of Digos, Davao del Sur",[1] Operational,,,,,[A] Operational,B,11-024-03-000,City of Digos,Davao del Sur,Region XI (Davao Region),City,2nd,R11,P
[2024-06] 10-043-08-000,2024-06,2024,[06] June,"City of Gingoog, Misamis Oriental",[1] Operational,,,,,[A] Operational,A,10-043-08-000,City of Gingoog,Misamis Oriental,Region X (Northern Mindanao),City,2nd,R10,N
[2024-06] 02-031-14-000,2024-06,2024,[06] June,"City of Ilagan, Isabela",[1] Operational,,,,,[A] Operational,A,02-031-14-000,City of Ilagan,Isabela,Region II (Cagayan Valley),City,1st (as Mun),R2,D
[2024-06] 06-045-15-000,2024-06,2024,[06] June,"City of Kabankalan, Negros Occidental",[1] Operational,,,,,[A] Operational,B,06-045-15-000,City of Kabankalan,Negros Occidental,Region VI (Western Visayas),City,1st,R6,I
[2024-06] 12-047-04-000,2024-06,2024,[06] June,"City of Kidapawan, Cotabato",[1] Operational,,,,,[A] Operational,A,12-047-04-000,City of Kidapawan,Cotabato,Region XII (SOCCSKSARGEN),City,3rd,R12,Q
[2024-06] 01-028-12-000,2024-06,2024,[06] June,"City of Laoag, Ilocos Norte",[5] For Training,,Waiting for the SB Resolution,For Follow-up,,[C] For Training/Others,B,01-028-12-000,City of Laoag,Ilocos Norte,Region I (Ilocos Region),City,3rd,R1,C
[2024-06] 08-064-07-000,2024-06,2024,[06] June,"City of Maasin, Southern Leyte",[1] Operational,,,,Normal Operations,[A] Operational,A,08-064-07-000,City of Maasin,Southern Leyte,Region VIII (Eastern Visayas),City,4th,R8,K
[2024-06] 07-313-00-000,2024-06,2024,[06] June,"City of Mandaue, Cebu",[3] Ongoing Data Build-up,25%,"Done Users' Training last June 19-21, 2024",,,[B] Developmental,A,07-313-00-000,City of Mandaue,Cebu,Region VII (Central Visayas),City,1st,R7,J
[2024-06] 11-025-09-000,2024-06,2024,[06] June,"City of Mati, Davao Oriental",[1] Operational,,,,,[A] Operational,A,11-025-09-000,City of Mati,Davao Oriental,Region XI (Davao Region),City,5th,R11,P
[2024-07] 04-010-12-000,2024-07,2024,[07] July,"Lemery, Batangas",[8] Withdraw,,,,,[D] Withdraw,B,04-010-12-000,Lemery,Batangas,Region IV-A (CALABARZON),Municipality,1st,R4A,F
[2024-06] 03-314-00-000,2024-06,2024,[06] June,"City of Olongapo, Zambales",[3] Ongoing Data Build-up,60%,lack of Staff,For Visitation,,[B] Developmental,B,03-314-00-000,City of Olongapo,Zambales,Region III (Central Luzon),City,1st,R3,E
[2024-06] 03-049-19-000,2024-06,2024,[06] June,"City of Palayan, Nueva Ecija",[2] Pilot Testing,50%,,for visitation,,[B] Developmental,B,03-049-19-000,City of Palayan,Nueva Ecija,Region III (Central Luzon),City,5th,R3,E
[2024-06] 14-032-13-000,2024-06,2024,[06] June,"City of Tabuk, Kalinga",[1] Operational,,,,,[A] Operational,B,14-032-13-000,City of Tabuk,Kalinga,Cordillera Administrative Region (CAR),City,5th,CAR,B
[2024-06] 10-042-15-000,2024-06,2024,[06] June,"City of Tangub, Misamis Occidental",[5] For Training,,,,,[C] For Training/Others,B,10-042-15-000,City of Tangub,Misamis Occidental,Region X (Northern Mindanao),City,4th,R10,N
[2024-06] 10-042-05-000,2024-06,2024,[06] June,"Clarin, Misamis Occidental",[5] For Training,,,,,[C] For Training/Others,B,10-042-05-000,Clarin,Misamis Occidental,Region X (Northern Mindanao),Municipality,4th,R10,N
[2024-06] 10-043-06-000,2024-06,2024,[06] June,"Claveria, Misamis Oriental",[1] Operational,,,,,[A] Operational,A,10-043-06-000,Claveria,Misamis Oriental,Region X (Northern Mindanao),Municipality,1st,R10,N
[2024-06] 07-022-18-000,2024-06,2024,[06] June,"Compostela, Cebu",[3] Ongoing Data Build-up,75%,For Refresher Training,,,[B] Developmental,B,07-022-18-000,Compostela,Cebu,Region VII (Central Visayas),Municipality,3rd,R7,J
[2024-06] 06-030-15-000,2024-06,2024,[06] June,"Concepcion, Iloilo",[1] Operational,,,,,[A] Operational,B,06-030-15-000,Concepcion,Iloilo,Region VI (Western Visayas),Municipality,3rd,R6,I
[2024-06] 17-053-09-000,2024-06,2024,[06] June,"Coron, Palawan",[1] Operational,,,,,[A] Operational,B,17-053-09-000,Coron,Palawan,MIMAROPA Region,Municipality,1st,R4B,G
[2024-06] 07-022-21-000,2024-06,2024,[06] June,"Daanbantayan, Cebu",[3] Ongoing Data Build-up,75%,,,,[B] Developmental,B,07-022-21-000,Daanbantayan,Cebu,Region VII (Central Visayas),Municipality,1st,R7,J
[2024-06] 07-012-18-000,2024-06,2024,[06] June,"Danao, Bohol",[1] Operational,,,,,[A] Operational,B,07-012-18-000,Danao,Bohol,Region VII (Central Visayas),Municipality,4th*,R7,J
[2024-06] 01-055-19-000,2024-06,2024,[06] June,"Dasol, Pangasinan",[7] To Follow-up,,for schedule of training,For Follow-up,,[C] For Training/Others,B,01-055-19-000,Dasol,Pangasinan,Region I (Ilocos Region),Municipality,3rd,R1,C
[2024-06] 03-077-05-000,2024-06,2024,[06] June,"Dingalan, Aurora",[2] Pilot Testing,97%,Requesting for refresher training,for visitation,,[B] Developmental,B,03-077-05-000,Dingalan,Aurora,Region III (Central Luzon),Municipality,3rd,R3,E
[2024-06] 06-030-16-000,2024-06,2024,[06] June,"Dingle, Iloilo",[1] Operational,,,,,[A] Operational,A,06-030-16-000,Dingle,Iloilo,Region VI (Western Visayas),Municipality,3rd,R6,I
[2024-06] 03-077-06-000,2024-06,2024,[06] June,"Dipaculao, Aurora",[1] Operational,,,,,[A] Operational,B,03-077-06-000,Dipaculao,Aurora,Region III (Central Luzon),Municipality,3rd,R3,E
[2024-06] 09-073-08-000,2024-06,2024,[06] June,"Dumingag, Zamboanga del Sur",[3] Ongoing Data Build-up,50%,,,,[B] Developmental,B,09-073-08-000,Dumingag,Zamboanga del Sur,Region IX (Zamboanga Peninsula),Municipality,2nd,R9,L
[2024-06] 17-053-12-000,2024-06,2024,[06] June,"El Nido, Palawan",[1] Operational,,,,,[A] Operational,A,17-053-12-000,El Nido,Palawan,MIMAROPA Region,Municipality,1st,R4B,G
[2024-06] 17-059-16-000,2024-06,2024,[06] June,"Ferrol, Romblon",[1] Operational,,,,,[A] Operational,A,17-059-16-000,Ferrol,Romblon,MIMAROPA Region,Municipality,6th,R4B,G
[2024-06] 03-049-07-000,2024-06,2024,[06] June,"Gabaldon, Nueva Ecija",[2] Pilot Testing,65%,Requesting for refresher training,for visitation,,[B] Developmental,B,03-049-07-000,Gabaldon,Nueva Ecija,Region III (Central Luzon),Municipality,4th,R3,E
[2024-06] 08-060-07-000,2024-06,2024,[06] June,"Gandara, Samar",[2] Pilot Testing,95%,Internet Connectivity Issues - Unstable Connection,LGU target date of implementation was December 2023 but no progress/update as of Feb 2024.,Internet Connectivity Issues - Unstable ConnectionLGU target date of implementation was December 2023 but no progress/update as of June 2024.,[B] Developmental,B,08-060-07-000,Gandara,Samar,Region VIII (Eastern Visayas),Municipality,2nd,R8,K
[2024-06] 04-056-16-000,2024-06,2024,[06] June,"General Luna, Quezon",[1] Operational,,,,,[A] Operational,B,04-056-16-000,General Luna,Quezon,Region IV-A (CALABARZON),Municipality,4th,R4A,F
[2024-06] 04-056-17-000,2024-06,2024,[06] June,"General Nakar, Quezon",[1] Operational,,,,,[A] Operational,B,04-056-17-000,General Nakar,Quezon,Region IV-A (CALABARZON),Municipality,1st,R4A,F
[2024-06] 03-069-06-000,2024-06,2024,[06] June,"Gerona, Tarlac",[1] Operational,,,,,[A] Operational,B,03-069-06-000,Gerona,Tarlac,Region III (Central Luzon),Municipality,1st,R3,E
[2024-06] 17-052-06-000,2024-06,2024,[06] June,"Gloria, Oriental Mindoro",[1] Operational,,,,,[A] Operational,B,17-052-06-000,Gloria,Oriental Mindoro,MIMAROPA Region,Municipality,3rd,R4B,G
[2024-06] 09-073-43-000,2024-06,2024,[06] June,"Guipos, Zamboanga del Sur",[3] Ongoing Data Build-up,50%,,,,[B] Developmental,B,09-073-43-000,Guipos,Zamboanga del Sur,Region IX (Zamboanga Peninsula),Municipality,4th,R9,L
[2024-06] 08-026-09-000,2024-06,2024,[06] June,"Guiuan, Eastern Samar",[1] Operational,,,,Normal Operations,[A] Operational,B,08-026-09-000,Guiuan,Eastern Samar,Region VIII (Eastern Visayas),Municipality,2nd,R8,K
[2024-06] 04-056-19-000,2024-06,2024,[06] June,"Gumaca, Quezon",[7] To Follow-up,,LGU unresponsive,For visitation,,[C] For Training/Others,B,04-056-19-000,Gumaca,Quezon,Region IV-A (CALABARZON),Municipality,1st,R4A,F
[2024-06] 08-037-20-000,2024-06,2024,[06] June,"Hindang, Leyte",[1] Operational,,,,Normal Operations,[A] Operational,B,08-037-20-000,Hindang,Leyte,Region VIII (Eastern Visayas),Municipality,5th,R8,K
[2024-06] 06-045-11-000,2024-06,2024,[06] June,"Hinigaran, Negros Occidental",[1] Operational,,,,,[A] Operational,B,06-045-11-000,Hinigaran,Negros Occidental,Region VI (Western Visayas),Municipality,1st,R6,I
[2024-06] 03-071-05-000,2024-06,2024,[06] June,"Iba, Zambales",[2] Pilot Testing,70%,for launching phase,,,[B] Developmental,B,03-071-05-000,Iba,Zambales,Region III (Central Luzon),Municipality,2nd,R3,E
[2024-06] 04-056-20-000,2024-06,2024,[06] June,"Infanta, Quezon",[1] Operational,,,,,[A] Operational,A,04-056-20-000,Infanta,Quezon,Region IV-A (CALABARZON),Municipality,1st,R4A,F
[2024-06] 06-030-23-000,2024-06,2024,[06] June,"Janiuay, Iloilo",[1] Operational,,,,,[A] Operational,B,06-030-23-000,Janiuay,Iloilo,Region VI (Western Visayas),Municipality,1st,R6,I
[2024-06] 10-043-11-000,2024-06,2024,[06] June,"Jasaan, Misamis Oriental",[1] Operational,,,,,[A] Operational,B,10-043-11-000,Jasaan,Misamis Oriental,Region X (Northern Mindanao),Municipality,2nd,R10,N
[2024-06] 08-037-24-000,2024-06,2024,[06] June,"Javier, Leyte",[1] Operational,,,,Normal Operations,[A] Operational,B,08-037-24-000,Javier,Leyte,Region VIII (Eastern Visayas),Municipality,4th*,R8,K
[2024-06] 08-060-09-000,2024-06,2024,[06] June,"Jiabong, Samar",[1] Operational,,,,Normal Operations,[A] Operational,B,08-060-09-000,Jiabong,Samar,Region VIII (Eastern Visayas),Municipality,5th,R8,K
[2024-06] 05-016-05-000,2024-06,2024,[06] June,"Jose Panganiban, Camarines Norte",[3] Ongoing Data Build-up,10%,,,,[B] Developmental,B,05-016-05-000,Jose Panganiban,Camarines Norte,Region V (Bicol Region),Municipality,2nd,R5,H
[2024-06] 12-047-03-000,2024-06,2024,[06] June,"Kabacan, Cotabato",[1] Operational,,,,,[A] Operational,A,12-047-03-000,Kabacan,Cotabato,Region XII (SOCCSKSARGEN),Municipality,1st,R12,Q
[2024-06] 10-035-05-000,2024-06,2024,[06] June,"Kapatagan, Lanao del Norte",[1] Operational,,,,,[A] Operational,A,10-035-05-000,Kapatagan,Lanao del Norte,Region X (Northern Mindanao),Municipality,2nd,R10,N
[2024-08] 04-010-12-000,2024-08,2024,[08] August,"Lemery, Batangas",[8] Withdraw,,,,,[D] Withdraw,B,04-010-12-000,Lemery,Batangas,Region IV-A (CALABARZON),Municipality,1st,R4A,F
[2024-06] 08-037-28-000,2024-06,2024,[06] June,"La Paz, Leyte",[2] Pilot Testing,100%,,Waiting for first client.,Waiting for first client.,[B] Developmental,B,08-037-28-000,La Paz,Leyte,Region VIII (Eastern Visayas),Municipality,5th*,R8,K
[2024-06] 09-073-12-000,2024-06,2024,[06] June,"Labangan, Zamboanga del Sur",[1] Operational,,,,,[A] Operational,B,09-073-12-000,Labangan,Zamboanga del Sur,Region IX (Zamboanga Peninsula),Municipality,3rd,R9,L
[2024-06] 05-016-06-000,2024-06,2024,[06] June,"Labo, Camarines Norte",[6] With Concerns,,"concern regarding manual entry of building permit number, due to conflict with complex applications numbering",,,[C] For Training/Others,B,05-016-06-000,Labo,Camarines Norte,Region V (Bicol Region),Municipality,1st,R5,H
[2024-06] 10-043-13-000,2024-06,2024,[06] June,"Lagonglong, Misamis Oriental",[1] Operational,,,,,[A] Operational,A,10-043-13-000,Lagonglong,Misamis Oriental,Region X (Northern Mindanao),Municipality,5th,R10,N
[2024-06] 09-073-33-000,2024-06,2024,[06] June,"Lakewood, Zamboanga del Sur",[2] Pilot Testing,75%,,,,[B] Developmental,B,09-073-33-000,Lakewood,Zamboanga del Sur,Region IX (Zamboanga Peninsula),Municipality,4th,R9,L
[2024-06] 06-030-25-000,2024-06,2024,[06] June,"Lambunao, Iloilo",[5] For Training,,,,,[C] For Training/Others,B,06-030-25-000,Lambunao,Iloilo,Region VI (Western Visayas),Municipality,1st,R6,I
[2024-06] 01-055-48-000,2024-06,2024,[06] June,"Laoac, Pangasinan",[7] To Follow-up,,for schedule of training,For Follow-up,,[C] For Training/Others,B,01-055-48-000,Laoac,Pangasinan,Region I (Ilocos Region),Municipality,4th,R1,C
[2024-06] 16-002-07-000,2024-06,2024,[06] June,"Las Nieves, Agusan del Norte",[1] Operational,100%,,,,[A] Operational,A,16-002-07-000,Las Nieves,Agusan del Norte,Region XIII (Caraga),Municipality,2nd,R13,O
[2024-06] 06-006-09-000,2024-06,2024,[06] June,"Laua-An, Antique",[1] Operational,,,,,[A] Operational,A,06-006-09-000,Laua-An,Antique,Region VI (Western Visayas),Municipality,4th,R6,I
[2024-06] 12-065-06-000,2024-06,2024,[06] June,"Lebak, Sultan Kudarat",[7] To Follow-up,,Unresponsive,,,[C] For Training/Others,B,12-065-06-000,Lebak,Sultan Kudarat,Region XII (SOCCSKSARGEN),Municipality,1st,R12,Q
[2023-12] 04-010-12-000,2023-12,2023,[12] December,"Lemery, Batangas",[8] Withdraw,,,,,[D] Withdraw,B,04-010-12-000,Lemery,Batangas,Region IV-A (CALABARZON),Municipality,1st,R4A,F
[2024-06] 08-037-29-000,2024-06,2024,[06] June,"Leyte, Leyte",[1] Operational,,,,Zero Transactions for the month of May 2024.,[A] Operational,A,08-037-29-000,Leyte,Leyte,Region VIII (Eastern Visayas),Municipality,4th*,R8,K
[2024-06] 04-010-13-000,2024-06,2024,[06] June,"Lian, Batangas",[1] Operational,,,,,[A] Operational,A,04-010-13-000,Lian,Batangas,Region IV-A (CALABARZON),Municipality,3rd,R4A,F
[2024-06] 06-006-10-000,2024-06,2024,[06] June,"Libertad, Antique",[1] Operational,,,,,[A] Operational,A,06-006-10-000,Libertad,Antique,Region VI (Western Visayas),Municipality,5th,R6,I
[2024-09] 04-010-12-000,2024-09,2024,[09] September,"Lemery, Batangas",[8] Withdraw,,,,,[D] Withdraw,B,04-010-12-000,Lemery,Batangas,Region IV-A (CALABARZON),Municipality,1st,R4A,F
[2024-06] 03-008-06-000,2024-06,2024,[06] June,"Limay, Bataan",[6] With Concerns,,Internet connectivity issue and new staff,"Sent Notice Letter, awaiting for their reply
Intends to withdraw",for visitation,[C] For Training/Others,B,03-008-06-000,Limay,Bataan,Region III (Central Luzon),Municipality,1st,R3,E
[2024-06] 16-068-12-000,2024-06,2024,[06] June,"Lingig, Surigao del Sur",[7] To Follow-up,,"
Last Status: For Data Buildup",A notice of unutilization was served. Still waiting for response letter,Unresponsive LGU,[C] For Training/Others,B,16-068-12-000,Lingig,Surigao del Sur,Region XIII (Caraga),Municipality,2nd,R13,O
[2024-06] 17-059-07-000,2024-06,2024,[06] June,"Looc, Romblon",[1] Operational,,,,,[A] Operational,A,17-059-07-000,Looc,Romblon,MIMAROPA Region,Municipality,4th,R4B,G
[2024-06] 11-025-07-000,2024-06,2024,[06] June,"Lupon, Davao Oriental",[1] Operational,,,,,[A] Operational,B,11-025-07-000,Lupon,Davao Oriental,Region XI (Davao Region),Municipality,1st,R11,P
[2024-06] 04-010-16-000,2024-06,2024,[06] June,"Mabini, Batangas",[1] Operational,,,,,[A] Operational,A,04-010-16-000,Mabini,Batangas,Region IV-A (CALABARZON),Municipality,1st,R4A,F
[2024-06] 03-054-10-000,2024-06,2024,[06] June,"Macabebe, Pampanga",[6] With Concerns,,New LGU Staff and Internet connectivity issue,"intended to withdraw
waiting for the withdrawal letter",for visitation,[C] For Training/Others,B,03-054-10-000,Macabebe,Pampanga,Region III (Central Luzon),Municipality,1st,R3,E
[2024-06] 08-064-08-000,2024-06,2024,[06] June,"Macrohon, Southern Leyte",[1] Operational,,,,Normal Operations,[A] Operational,A,08-064-08-000,Macrohon,Southern Leyte,Region VIII (Eastern Visayas),Municipality,4th,R8,K
[2024-06] 07-022-28-000,2024-06,2024,[06] June,"Madridejos, Cebu",[1] Operational,,,,,[A] Operational,B,07-022-28-000,Madridejos,Cebu,Region VII (Central Visayas),Municipality,4th,R7,J
[2024-06] 04-021-12-000,2024-06,2024,[06] June,"Magallanes, Cavite",[1] Operational,,,,,[A] Operational,B,04-021-12-000,Magallanes,Cavite,Region IV-A (CALABARZON),Municipality,4th,R4A,F
[2024-06] 10-035-12-000,2024-06,2024,[06] June,"Maigo, Lanao del Norte",[1] Operational,,,,,[A] Operational,A,10-035-12-000,Maigo,Lanao del Norte,Region X (Northern Mindanao),Municipality,4th,R10,N
[2024-06] 11-024-08-000,2024-06,2024,[06] June,"Malalag, Davao del Sur",[1] Operational,,,,,[A] Operational,A,11-024-08-000,Malalag,Davao del Sur,Region XI (Davao Region),Municipality,2nd,R11,P
[2024-06] 06-045-18-000,2024-06,2024,[06] June,"Manapla, Negros Occidental",[1] Operational,,,,,[A] Operational,B,06-045-18-000,Manapla,Negros Occidental,Region VI (Western Visayas),Municipality,2nd,R6,I
[2024-06] 11-025-08-000,2024-06,2024,[06] June,"Manay, Davao Oriental",[1] Operational,,,,,[A] Operational,A,11-025-08-000,Manay,Davao Oriental,Region XI (Davao Region),Municipality,2nd,R11,P
[2024-06] 10-043-18-000,2024-06,2024,[06] June,"Manticao, Misamis Oriental",[1] Operational,,,,,[A] Operational,B,10-043-18-000,Manticao,Misamis Oriental,Region X (Northern Mindanao),Municipality,4th,R10,N
[2024-06] 11-082-05-000,2024-06,2024,[06] June,"Maragusan, Davao de Oro",[1] Operational,,,,,[A] Operational,B,11-082-05-000,Maragusan,Davao de Oro,Region XI (Davao Region),Municipality,1st,R11,P
[2024-06] 03-077-07-000,2024-06,2024,[06] June,"Maria Aurora, Aurora",[1] Operational,,,,,[A] Operational,A,03-077-07-000,Maria Aurora,Aurora,Region III (Central Luzon),Municipality,2nd,R3,E
[2024-06] 11-024-10-000,2024-06,2024,[06] June,"Matanao, Davao del Sur",[2] Pilot Testing,100%,,,Waiting for actual transaction,[B] Developmental,A,11-024-10-000,Matanao,Davao del Sur,Region XI (Davao Region),Municipality,2nd,R11,P
[2024-06] 04-056-27-000,2024-06,2024,[06] June,"Mauban, Quezon",[1] Operational,,,,,[A] Operational,A,04-056-27-000,Mauban,Quezon,Region IV-A (CALABARZON),Municipality,1st,R4A,F
[2024-06] 05-016-07-000,2024-06,2024,[06] June,"Mercedes, Camarines Norte",[3] Ongoing Data Build-up,80%,,,,[B] Developmental,B,05-016-07-000,Mercedes,Camarines Norte,Region V (Bicol Region),Municipality,2nd,R5,H
[2024-06] 06-030-30-000,2024-06,2024,[06] June,"Miagao, Iloilo",[5] For Training,,,,,[C] For Training/Others,B,06-030-30-000,Miagao,Iloilo,Region VI (Western Visayas),Municipality,1st,R6,I
[2024-06] 12-047-09-000,2024-06,2024,[06] June,"Midsayap, Cotabato",[1] Operational,,,,,[A] Operational,B,12-047-09-000,Midsayap,Cotabato,Region XII (SOCCSKSARGEN),Municipality,1st,R12,Q
[2024-06] 06-030-31-000,2024-06,2024,[06] June,"Mina, Iloilo",[1] Operational,,,,,[A] Operational,A,06-030-31-000,Mina,Iloilo,Region VI (Western Visayas),Municipality,5th,R6,I
[2024-06] 07-022-32-000,2024-06,2024,[06] June,"Minglanilla, Cebu",[7] To Follow-up,,OSCP Still in Construction; proposed to conduct Refresher Training when the OSCP Building is done; target to utilize this year 2024,,,[C] For Training/Others,B,07-022-32-000,Minglanilla,Cebu,Region VII (Central Visayas),Municipality,1st,R7,J
[2024-06] 06-045-19-000,2024-06,2024,[06] June,"Moises Padilla, Negros Occidental",[1] Operational,,,,,[A] Operational,B,06-045-19-000,Moises Padilla,Negros Occidental,Region VI (Western Visayas),Municipality,3rd,R6,I
[2024-06] 04-021-15-000,2024-06,2024,[06] June,"Naic, Cavite",[1] Operational,,,,,[A] Operational,A,04-021-15-000,Naic,Cavite,Region IV-A (CALABARZON),Municipality,1st,R4A,F
[2024-06] 08-078-08-000,2024-06,2024,[06] June,"Naval, Biliran",[1] Operational,,,,Normal Operations,[A] Operational,A,08-078-08-000,Naval,Biliran,Region VIII (Eastern Visayas),Municipality,2nd,R8,K
[2024-06] 06-030-32-000,2024-06,2024,[06] June,"New Lucena, Iloilo",[1] Operational,,,,,[A] Operational,B,06-030-32-000,New Lucena,Iloilo,Region VI (Western Visayas),Municipality,4th,R6,I
[2024-06] 06-004-15-000,2024-06,2024,[06] June,"New Washington, Aklan",[1] Operational,,,,,[A] Operational,A,06-004-15-000,New Washington,Aklan,Region VI (Western Visayas),Municipality,3rd,R6,I
[2024-06] 03-014-13-000,2024-06,2024,[06] June,"Norzagaray, Bulacan",[1] Operational,,,,,[A] Operational,A,03-014-13-000,Norzagaray,Bulacan,Region III (Central Luzon),Municipality,1st,R3,E
[2024-10] 04-010-12-000,2024-10,2024,[10] October,"Lemery, Batangas",[8] Withdraw,,,,,[D] Withdraw,B,04-010-12-000,Lemery,Batangas,Region IV-A (CALABARZON),Municipality,1st,R4A,F
[2024-06] 11-024-11-000,2024-06,2024,[06] June,"Padada, Davao del Sur",[1] Operational,,,,,[A] Operational,B,11-024-11-000,Padada,Davao del Sur,Region XI (Davao Region),Municipality,3rd,R11,P
[2024-06] 04-034-18-000,2024-06,2024,[06] June,"Paete, Laguna",[1] Operational,,,,,[A] Operational,B,04-034-18-000,Paete,Laguna,Region IV-A (CALABARZON),Municipality,4th,R4A,F
[2024-06] 08-037-39-000,2024-06,2024,[06] June,"Palo, Leyte",[1] Operational,,,,Normal Operations,[A] Operational,A,08-037-39-000,Palo,Leyte,Region VIII (Eastern Visayas),Municipality,3rd,R8,K
[2024-06] 08-048-15-000,2024-06,2024,[06] June,"Pambujan, Northern Samar",[1] Operational,,,,Zero Transactions for the month of June 2024.,[A] Operational,A,08-048-15-000,Pambujan,Northern Samar,Region VIII (Eastern Visayas),Municipality,4th,R8,K
[2024-06] 06-006-11-000,2024-06,2024,[06] June,"Pandan, Antique",[1] Operational,,,,,[A] Operational,A,06-006-11-000,Pandan,Antique,Region VI (Western Visayas),Municipality,4th,R6,I
[2024-06] 08-037-41-000,2024-06,2024,[06] June,"Pastrana, Leyte",[1] Operational,,,,Normal Operations,[A] Operational,A,08-037-41-000,Pastrana,Leyte,Region VIII (Eastern Visayas),Municipality,5th*,R8,K
[2024-06] 06-006-12-000,2024-06,2024,[06] June,"Patnongon, Antique",[1] Operational,,,,,[A] Operational,A,06-006-12-000,Patnongon,Antique,Region VI (Western Visayas),Municipality,3rd,R6,I
[2024-06] 12-047-12-000,2024-06,2024,[06] June,"Pikit, Cotabato",[1] Operational,,,,,[A] Operational,B,12-047-12-000,Pikit,Cotabato,Region XII (SOCCSKSARGEN),Municipality,1st,R12,Q
[2024-06] 17-052-09-000,2024-06,2024,[06] June,"Pinamalayan, Oriental Mindoro",[1] Operational,,,,,[A] Operational,B,17-052-09-000,Pinamalayan,Oriental Mindoro,MIMAROPA Region,Municipality,1st,R4B,G
[2024-06] 07-022-37-000,2024-06,2024,[06] June,"Pinamungajan, Cebu",[1] Operational,,,,,[A] Operational,A,07-022-37-000,Pinamungajan,Cebu,Region VII (Central Visayas),Municipality,2nd,R7,J
[2024-06] 04-056-34-000,2024-06,2024,[06] June,"Pitogo, Quezon",[2] Pilot Testing,49%,,,,[B] Developmental,B,04-056-34-000,Pitogo,Quezon,Region IV-A (CALABARZON),Municipality,4th,R4A,F
[2024-06] 10-042-12-000,2024-06,2024,[06] June,"Plaridel, Misamis Occidental",[1] Operational,,,,,[A] Operational,A,10-042-12-000,Plaridel,Misamis Occidental,Region X (Northern Mindanao),Municipality,3rd,R10,N
[2024-06] 09-072-10-000,2024-06,2024,[06] June,"Polanco, Zamboanga del Norte",[1] Operational,,,,,[A] Operational,A,09-072-10-000,Polanco,Zamboanga del Norte,Region IX (Zamboanga Peninsula),Municipality,3rd,R9,L
[2024-06] 01-055-30-000,2024-06,2024,[06] June,"Pozorrubio, Pangasinan",[5] For Training,,,For Follow-up,,[C] For Training/Others,B,01-055-30-000,Pozorrubio,Pangasinan,Region I (Ilocos Region),Municipality,1st,R1,C
[2024-06] 09-072-11-000,2024-06,2024,[06] June,"Pres. Manuel A. Roxas, Zamboanga del Norte",[2] Pilot Testing,75%,,,,[B] Developmental,B,09-072-11-000,Pres. Manuel A. Roxas,Zamboanga del Norte,Region IX (Zamboanga Peninsula),Municipality,2nd,R9,L
[2024-06] 17-051-08-000,2024-06,2024,[06] June,"Rizal, Occidental Mindoro",[1] Operational,,,,,[A] Operational,B,17-051-08-000,Rizal,Occidental Mindoro,MIMAROPA Region,Municipality,3rd,R4B,G
[2024-06] 09-072-12-000,2024-06,2024,[06] June,"Rizal, Zamboanga del Norte",[2] Pilot Testing,25%,,,,[B] Developmental,B,09-072-12-000,Rizal,Zamboanga del Norte,Region IX (Zamboanga Peninsula),Municipality,5th,R9,L
[2024-06] 17-051-09-000,2024-06,2024,[06] June,"Sablayan, Occidental Mindoro",[1] Operational,,,,,[A] Operational,A,17-051-09-000,Sablayan,Occidental Mindoro,MIMAROPA Region,Municipality,1st,R4B,G
[2024-06] 10-043-22-000,2024-06,2024,[06] June,"Salay, Misamis Oriental",[1] Operational,,,,,[A] Operational,A,10-043-22-000,Salay,Misamis Oriental,Region X (Northern Mindanao),Municipality,4th,R10,N
[2024-06] 07-022-40-000,2024-06,2024,[06] June,"Samboan, Cebu",[2] Pilot Testing,25%,For Refresher Training,,,[B] Developmental,B,07-022-40-000,Samboan,Cebu,Region VII (Central Visayas),Municipality,5th,R7,J
[2024-06] 04-056-39-000,2024-06,2024,[06] June,"Sampaloc, Quezon",[1] Operational,,,,,[A] Operational,B,04-056-39-000,Sampaloc,Quezon,Region IV-A (CALABARZON),Municipality,5th,R4A,F
[2024-06] 16-068-15-000,2024-06,2024,[06] June,"San Agustin, Surigao del Sur",[2] Pilot Testing,100%,Still waiting for an actual entry of application and issuance to tag them as operational/ compliant,"Refresher training was conducted last october 10, 2023",Unresponsive LGU,[B] Developmental,A,16-068-15-000,San Agustin,Surigao del Sur,Region XIII (Caraga),Municipality,4th,R13,O
[2024-06] 03-071-09-000,2024-06,2024,[06] June,"San Antonio, Zambales",[2] Pilot Testing,90%,for visitation,,,[B] Developmental,B,03-071-09-000,San Antonio,Zambales,Region III (Central Luzon),Municipality,2nd,R3,E
[2024-06] 01-029-18-000,2024-06,2024,[06] June,"San Esteban, Ilocos Sur",[5] For Training,,,For Follow-up,,[C] For Training/Others,B,01-029-18-000,San Esteban,Ilocos Sur,Region I (Ilocos Region),Municipality,5th,R1,C
[2024-06] 07-022-42-000,2024-06,2024,[06] June,"San Francisco, Cebu",[7] To Follow-up,,For Refresher Training for the new personnel in-charge,,,[C] For Training/Others,B,07-022-42-000,San Francisco,Cebu,Region VII (Central Visayas),Municipality,3rd,R7,J
[2024-06] 06-030-40-000,2024-06,2024,[06] June,"San Joaquin, Iloilo",[5] For Training,,,,,[C] For Training/Others,B,06-030-40-000,San Joaquin,Iloilo,Region VI (Western Visayas),Municipality,2nd,R6,I
[2024-06] 07-046-17-000,2024-06,2024,[06] June,"San Jose, Negros Oriental",[2] Pilot Testing,25%,For Refresher Training,,,[B] Developmental,B,07-046-17-000,San Jose,Negros Oriental,Region VII (Central Visayas),Municipality,5th,R7,J
[2024-06] 17-051-10-000,2024-06,2024,[06] June,"San Jose, Occidental Mindoro",[1] Operational,,,,,[A] Operational,A,17-051-10-000,San Jose,Occidental Mindoro,MIMAROPA Region,Municipality,1st,R4B,G
[2024-06] 08-064-14-000,2024-06,2024,[06] June,"San Juan, Southern Leyte",[1] Operational,,,,Normal Operations,[A] Operational,A,08-064-14-000,San Juan,Southern Leyte,Region VIII (Eastern Visayas),Municipality,5th,R8,K
[2024-06] 04-010-24-000,2024-06,2024,[06] June,"San Luis, Batangas",[1] Operational,,,,,[A] Operational,B,04-010-24-000,San Luis,Batangas,Region IV-A (CALABARZON),Municipality,4th,R4A,F
[2024-06] 03-054-17-000,2024-06,2024,[06] June,"San Luis, Pampanga",[6] With Concerns,,"Still on process of familiarizing the whole system
for pilot testing 30%
Unresponsive LGU",for visitation,,[C] For Training/Others,B,03-054-17-000,San Luis,Pampanga,Region III (Central Luzon),Municipality,3rd,R3,E
[2024-06] 16-068-16-000,2024-06,2024,[06] June,"San Miguel, Surigao del Sur",[2] Pilot Testing,95%,Still waiting for an actual entry of application and issuance to tag them as operational/ compliant,"Refresher training was conducted last september 21-22, 2023",Unresponsive LGU,[B] Developmental,B,16-068-16-000,San Miguel,Surigao del Sur,Region XIII (Caraga),Municipality,1st,R13,O
[2024-06] 03-071-12-000,2024-06,2024,[06] June,"San Narciso, Zambales",[1] Operational,,,,,[A] Operational,A,03-071-12-000,San Narciso,Zambales,Region III (Central Luzon),Municipality,4th,R3,E
[2024-06] 04-010-25-000,2024-06,2024,[06] June,"San Nicolas, Batangas",[2] Pilot Testing,100%,For Launching,,For Launching,[B] Developmental,B,04-010-25-000,San Nicolas,Batangas,Region IV-A (CALABARZON),Municipality,5th,R4A,F
[2024-06] 09-073-25-000,2024-06,2024,[06] June,"San Pablo, Zamboanga del Sur",[2] Pilot Testing,75%,,,,[B] Developmental,B,09-073-25-000,San Pablo,Zamboanga del Sur,Region IX (Zamboanga Peninsula),Municipality,4th*,R9,L
[2024-06] 08-048-20-000,2024-06,2024,[06] June,"San Roque, Northern Samar",[1] Operational,,,,Zero Transactions for the month of May 2024.,[A] Operational,A,08-048-20-000,San Roque,Northern Samar,Region VIII (Eastern Visayas),Municipality,4th,R8,K
[2024-06] 17-052-13-000,2024-06,2024,[06] June,"San Teodoro, Oriental Mindoro",[1] Operational,,,,,[A] Operational,B,17-052-13-000,San Teodoro,Oriental Mindoro,MIMAROPA Region,Municipality,4th,R4B,G
[2024-06] 17-053-19-000,2024-06,2024,[06] June,"San Vicente, Palawan",[1] Operational,,,,,[A] Operational,A,17-053-19-000,San Vicente,Palawan,MIMAROPA Region,Municipality,1st,R4B,G
[2024-06] 06-030-43-000,2024-06,2024,[06] June,"Santa Barbara, Iloilo",[1] Operational,,,,,[A] Operational,B,06-030-43-000,Santa Barbara,Iloilo,Region VI (Western Visayas),Municipality,2nd,R6,I
[2024-06] 03-069-15-000,2024-06,2024,[06] June,"Santa Ignacia, Tarlac",[1] Operational,,,,,[A] Operational,A,03-069-15-000,Santa Ignacia,Tarlac,Region III (Central Luzon),Municipality,2nd,R3,E
[2024-06] 04-010-27-000,2024-06,2024,[06] June,"Santa Teresita, Batangas",[1] Operational,,,,,[A] Operational,A,04-010-27-000,Santa Teresita,Batangas,Region IV-A (CALABARZON),Municipality,5th,R4A,F
[2024-06] 06-019-15-000,2024-06,2024,[06] June,"Sapi-An, Capiz",[1] Operational,,,,,[A] Operational,A,06-019-15-000,Sapi-An,Capiz,Region VI (Western Visayas),Municipality,4th,R6,I
[2024-06] 06-030-44-000,2024-06,2024,[06] June,"Sara, Iloilo",[1] Operational,,,,,[A] Operational,B,06-030-44-000,Sara,Iloilo,Region VI (Western Visayas),Municipality,2nd,R6,I
[2024-06] 06-006-15-000,2024-06,2024,[06] June,"Sebaste, Antique",[5] For Training,,,,,[C] For Training/Others,B,06-006-15-000,Sebaste,Antique,Region VI (Western Visayas),Municipality,4th,R6,I
[2024-06] 09-072-15-000,2024-06,2024,[06] June,"Siayan, Zamboanga del Norte",[1] Operational,,,,,[A] Operational,B,09-072-15-000,Siayan,Zamboanga del Norte,Region IX (Zamboanga Peninsula),Municipality,2nd,R9,L
[2024-06] 10-042-14-000,2024-06,2024,[06] June,"Sinacaban, Misamis Occidental",[1] Operational,,,,,[A] Operational,A,10-042-14-000,Sinacaban,Misamis Occidental,Region X (Northern Mindanao),Municipality,5th,R10,N
[2024-06] 09-072-18-000,2024-06,2024,[06] June,"Sindangan, Zamboanga del Norte",[7] To Follow-up,,"For Withdrawal : Despite confirming their attendance, LGU failed to show up for Refresher training and not responding afterward.",To send notice of withdrawal,,[C] For Training/Others,B,09-072-18-000,Sindangan,Zamboanga del Norte,Region IX (Zamboanga Peninsula),Municipality,1st,R9,L
[2024-06] 16-067-23-000,2024-06,2024,[06] June,"Socorro, Surigao del Norte",[1] Operational,95%,,,,[A] Operational,B,16-067-23-000,Socorro,Surigao del Norte,Region XIII (Caraga),Municipality,4th,R13,O
[2024-06] 08-064-17-000,2024-06,2024,[06] June,"Sogod, Southern Leyte",[1] Operational,,,,Normal Operations,[A] Operational,A,08-064-17-000,Sogod,Southern Leyte,Region VIII (Eastern Visayas),Municipality,2nd,R8,K
[2024-06] 11-024-14-000,2024-06,2024,[06] June,"Sulop, Davao del Sur",[1] Operational,,,,,[A] Operational,A,11-024-14-000,Sulop,Davao del Sur,Region XI (Davao Region),Municipality,3rd,R11,P
[2024-06] 04-010-29-000,2024-06,2024,[06] June,"Taal, Batangas",[1] Operational,,,,,[A] Operational,A,04-010-29-000,Taal,Batangas,Region IV-A (CALABARZON),Municipality,3rd,R4A,F
[2024-06] 16-067-25-000,2024-06,2024,[06] June,"Tagana-An, Surigao del Norte",[1] Operational,100%,,,,[A] Operational,A,16-067-25-000,Tagana-An,Surigao del Norte,Region XIII (Caraga),Municipality,5th*,R13,O
[2024-06] 16-068-17-000,2024-06,2024,[06] June,"Tagbina, Surigao del Sur",[1] Operational,100%,,,,[A] Operational,A,16-068-17-000,Tagbina,Surigao del Sur,Region XIII (Caraga),Municipality,2nd,R13,O
[2024-06] 16-068-18-000,2024-06,2024,[06] June,"Tago, Surigao del Sur",[1] Operational,100%,,,,[A] Operational,B,16-068-18-000,Tago,Surigao del Sur,Region XIII (Caraga),Municipality,2nd,R13,O
[2024-06] 10-043-24-000,2024-06,2024,[06] June,"Tagoloan, Misamis Oriental",[7] To Follow-up,,Responded. Lack of Manpower,To follow up LGU decision to continue or withdraw,To continue on 2024 as per OBO,[C] For Training/Others,B,10-043-24-000,Tagoloan,Misamis Oriental,Region X (Northern Mindanao),Municipality,1st,R10,N
[2024-06] 19-066-13-000,2024-06,2024,[06] June,"Talipao, Sulu",[7] To Follow-up,,For withdrawal: LGU is undergoing system development provided by the BARMM,To follow up on the LGU withdrawal letter,Coordinated with LGU. Sent the notice of withdrawal with reply slip template via email and courier.  Waiting for reponse from the LGU.,[C] For Training/Others,B,19-066-13-000,Talipao,Sulu,Bangsamoro Autonomous Region In Muslim Mindanao (BARMM),Municipality,1st,BARMM I,M
[2024-06] 05-016-11-000,2024-06,2024,[06] June,"Talisay, Camarines Norte",[1] Operational,,,,,[A] Operational,A,05-016-11-000,Talisay,Camarines Norte,Region V (Bicol Region),Municipality,4th,R5,H
[2024-06] 10-043-25-000,2024-06,2024,[06] June,"Talisayan, Misamis Oriental",[1] Operational,,,,,[A] Operational,B,10-043-25-000,Talisayan,Misamis Oriental,Region X (Northern Mindanao),Municipality,4th,R10,N
[2024-06] 06-004-17-000,2024-06,2024,[06] June,"Tangalan, Aklan",[1] Operational,,,,,[A] Operational,A,06-004-17-000,Tangalan,Aklan,Region VI (Western Visayas),Municipality,5th,R6,I
[2024-06] 06-019-17-000,2024-06,2024,[06] June,"Tapaz, Capiz",[1] Operational,,,,,[A] Operational,A,06-019-17-000,Tapaz,Capiz,Region VI (Western Visayas),Municipality,1st,R6,I
[2024-06] 11-025-11-000,2024-06,2024,[06] June,"Tarragona, Davao Oriental",[1] Operational,,,,,[A] Operational,B,11-025-11-000,Tarragona,Davao Oriental,Region XI (Davao Region),Municipality,3rd,R11,P
[2024-06] 09-083-15-000,2024-06,2024,[06] June,"Titay, Zamboanga Sibugay",[1] Operational,,,,,[A] Operational,A,09-083-15-000,Titay,Zamboanga Sibugay,Region IX (Zamboanga Peninsula),Municipality,2nd,R9,L
[2024-03] 10-043-15-000,2024-03,2024,[03] March,"Libertad, Misamis Oriental",[8] Withdraw,,,,,[D] Withdraw,B,10-043-15-000,Libertad,Misamis Oriental,Region X (Northern Mindanao),Municipality,5th,R10,N
[2024-04] 10-043-15-000,2024-04,2024,[04] April,"Libertad, Misamis Oriental",[8] Withdraw,,,,,[D] Withdraw,B,10-043-15-000,Libertad,Misamis Oriental,Region X (Northern Mindanao),Municipality,5th,R10,N
[2024-06] 08-064-18-000,2024-06,2024,[06] June,"Tomas Oppus, Southern Leyte",[1] Operational,,,,Normal Operations,[A] Operational,A,08-064-18-000,Tomas Oppus,Southern Leyte,Region VIII (Eastern Visayas),Municipality,5th,R8,K
[2024-06] 16-003-12-000,2024-06,2024,[06] June,"Trento, Agusan del Sur",[2] Pilot Testing,100%,"Municipal Mayor of Trento expressed his intention to use the system however he wants to have the MOA signed first before using the system for  legal purposes. Moreover, only the USEC can sign the MOA so it might take so long to use the system.","The concern was already refferered to the Central Office.
Refresher training was conducted last September 15, 2023",,[B] Developmental,B,16-003-12-000,Trento,Agusan del Sur,Region XIII (Caraga),Municipality,1st,R13,O
[2024-06] 07-012-44-000,2024-06,2024,[06] June,"Trinidad, Bohol",[1] Operational,,,,,[A] Operational,B,07-012-44-000,Trinidad,Bohol,Region VII (Central Visayas),Municipality,3rd,R7,J
[2024-06] 10-035-22-000,2024-06,2024,[06] June,"Tubod, Lanao del Norte",[2] Pilot Testing,70%,,,,[B] Developmental,B,10-035-22-000,Tubod,Lanao del Norte,Region X (Northern Mindanao),Municipality,2nd,R10,N
[2024-06] 07-022-52-000,2024-06,2024,[06] June,"Tuburan, Cebu",[1] Operational,,,,,[A] Operational,A,07-022-52-000,Tuburan,Cebu,Region VII (Central Visayas),Municipality,2nd,R7,J
[2024-06] 07-022-53-000,2024-06,2024,[06] June,"Tudela, Cebu",[1] Operational,,,,,[A] Operational,A,07-022-53-000,Tudela,Cebu,Region VII (Central Visayas),Municipality,5th,R7,J
[2024-06] 19-087-13-000,2024-06,2024,[06] June,"Upi, Maguindanao del Norte",[1] Operational,,,,,[A] Operational,A,19-087-13-000,Upi,Maguindanao del Norte,Bangsamoro Autonomous Region In Muslim Mindanao (BARMM),Municipality,1st,BARMM II,R
[2024-06] 05-016-12-000,2024-06,2024,[06] June,"Vinzons, Camarines Norte",[3] Ongoing Data Build-up,98%,,,,[B] Developmental,B,05-016-12-000,Vinzons,Camarines Norte,Region V (Bicol Region),Municipality,3rd,R5,H
[2024-06] 05-020-11-000,2024-06,2024,[06] June,"Virac, Catanduanes",[6] With Concerns,,May mga need pa po ayusin specially sa mga signatories,,,[C] For Training/Others,B,05-020-11-000,Virac,Catanduanes,Region V (Bicol Region),Municipality,1st,R5,H
[2024-06] 03-049-32-000,2024-06,2024,[06] June,"Zaragoza, Nueva Ecija",[2] Pilot Testing,99%,,for launching phase,,[B] Developmental,B,03-049-32-000,Zaragoza,Nueva Ecija,Region III (Central Luzon),Municipality,3rd,R3,E
[2024-06] 06-030-47-000,2024-06,2024,[06] June,"Zarraga, Iloilo",[5] For Training,,,,,[C] For Training/Others,B,06-030-47-000,Zarraga,Iloilo,Region VI (Western Visayas),Municipality,4th,R6,I
[2024-07] 08-037-01-000,2024-07,2024,[07] July,"Abuyog, Leyte",[2] Pilot Testing,80%,Nonresponsive LGU,,Nonresponsive LGU,[B] Developmental,B,08-037-01-000,Abuyog,Leyte,Region VIII (Eastern Visayas),Municipality,1st*,R8,K
[2024-08] 08-037-01-000,2024-08,2024,[08] August,"Abuyog, Leyte",[2] Pilot Testing,80%,Nonresponsive LGU,Forwarded follow letter to LGU regarding their implementation but no response.,Nonresponsive LGUForwarded follow letter to LGU regarding their implementation but no response.,[B] Developmental,B,08-037-01-000,Abuyog,Leyte,Region VIII (Eastern Visayas),Municipality,1st*,R8,K
[2024-07] 04-056-02-000,2024-07,2024,[07] July,"Alabat, Quezon",[1] Operational,,,,,[A] Operational,B,04-056-02-000,Alabat,Quezon,Region IV-A (CALABARZON),Municipality,5th,R4A,F
[2024-08] 04-056-02-000,2024-08,2024,[08] August,"Alabat, Quezon",[1] Operational,,,,,[A] Operational,B,04-056-02-000,Alabat,Quezon,Region IV-A (CALABARZON),Municipality,5th,R4A,F
[2024-07] 08-037-02-000,2024-07,2024,[07] July,"Alangalang, Leyte",[1] Operational,,,,Normal Operations,[A] Operational,A,08-037-02-000,Alangalang,Leyte,Region VIII (Eastern Visayas),Municipality,2nd,R8,K
[2024-08] 08-037-02-000,2024-08,2024,[08] August,"Alangalang, Leyte",[1] Operational,,,,Normal Operations,[A] Operational,A,08-037-02-000,Alangalang,Leyte,Region VIII (Eastern Visayas),Municipality,2nd,R8,K
[2024-07] 07-022-01-000,2024-07,2024,[07] July,"Alcantara, Cebu",[3] Ongoing Data Build-up,90%,,,,[B] Developmental,B,07-022-01-000,Alcantara,Cebu,Region VII (Central Visayas),Municipality,5th,R7,J
[2024-08] 07-022-01-000,2024-08,2024,[08] August,"Alcantara, Cebu",[3] Ongoing Data Build-up,90%,,,,[B] Developmental,B,07-022-01-000,Alcantara,Cebu,Region VII (Central Visayas),Municipality,5th,R7,J
[2024-07] 04-021-01-000,2024-07,2024,[07] July,"Alfonso, Cavite",[3] Ongoing Data Build-up,70%,,,,[B] Developmental,B,04-021-01-000,Alfonso,Cavite,Region IV-A (CALABARZON),Municipality,1st,R4A,F
[2024-08] 04-021-01-000,2024-08,2024,[08] August,"Alfonso, Cavite",[3] Ongoing Data Build-up,72%,,,,[B] Developmental,B,04-021-01-000,Alfonso,Cavite,Region IV-A (CALABARZON),Municipality,1st,R4A,F
[2024-05] 10-043-15-000,2024-05,2024,[05] May,"Libertad, Misamis Oriental",[8] Withdraw,,,,,[D] Withdraw,B,10-043-15-000,Libertad,Misamis Oriental,Region X (Northern Mindanao),Municipality,5th,R10,N
[2024-06] 10-043-15-000,2024-06,2024,[06] June,"Libertad, Misamis Oriental",[8] Withdraw,,,,,[D] Withdraw,B,10-043-15-000,Libertad,Misamis Oriental,Region X (Northern Mindanao),Municipality,5th,R10,N
[2024-07] 06-030-02-000,2024-07,2024,[07] July,"Alimodian, Iloilo",[1] Operational,,,,,[A] Operational,B,06-030-02-000,Alimodian,Iloilo,Region VI (Western Visayas),Municipality,3rd,R6,I
[2024-08] 06-030-02-000,2024-08,2024,[08] August,"Alimodian, Iloilo",[1] Operational,,,,,[A] Operational,B,06-030-02-000,Alimodian,Iloilo,Region VI (Western Visayas),Municipality,3rd,R6,I
[2024-07] 04-021-02-000,2024-07,2024,[07] July,"Amadeo, Cavite",[2] Pilot Testing,80%,,,,[B] Developmental,B,04-021-02-000,Amadeo,Cavite,Region IV-A (CALABARZON),Municipality,4th,R4A,F
[2024-08] 04-021-02-000,2024-08,2024,[08] August,"Amadeo, Cavite",[2] Pilot Testing,82%,,,,[B] Developmental,B,04-021-02-000,Amadeo,Cavite,Region IV-A (CALABARZON),Municipality,4th,R4A,F
[2024-07] 07-046-01-000,2024-07,2024,[07] July,"Amlan, Negros Oriental",[3] Ongoing Data Build-up,25%,For refresher Training,,,[B] Developmental,B,07-046-01-000,Amlan,Negros Oriental,Region VII (Central Visayas),Municipality,4th,R7,J
[2024-08] 07-046-01-000,2024-08,2024,[08] August,"Amlan, Negros Oriental",[3] Ongoing Data Build-up,25%,For refresher Training,,,[B] Developmental,B,07-046-01-000,Amlan,Negros Oriental,Region VII (Central Visayas),Municipality,4th,R7,J
[2024-07] 06-030-03-000,2024-07,2024,[07] July,"Anilao, Iloilo",[1] Operational,,,,,[A] Operational,B,06-030-03-000,Anilao,Iloilo,Region VI (Western Visayas),Municipality,4th,R6,I
[2024-08] 06-030-03-000,2024-08,2024,[08] August,"Anilao, Iloilo",[1] Operational,,,,,[A] Operational,B,06-030-03-000,Anilao,Iloilo,Region VI (Western Visayas),Municipality,4th,R6,I
[2024-07] 03-054-03-000,2024-07,2024,[07] July,"Arayat, Pampanga",[1] Operational,,,,,[A] Operational,A,03-054-03-000,Arayat,Pampanga,Region III (Central Luzon),Municipality,1st,R3,E
[2024-08] 03-054-03-000,2024-08,2024,[08] August,"Arayat, Pampanga",[1] Operational,,,,,[A] Operational,A,03-054-03-000,Arayat,Pampanga,Region III (Central Luzon),Municipality,1st,R3,E
[2024-07] 07-022-05-000,2024-07,2024,[07] July,"Argao, Cebu",[1] Operational,,,,,[A] Operational,A,07-022-05-000,Argao,Cebu,Region VII (Central Visayas),Municipality,1st,R7,J
[2024-08] 07-022-05-000,2024-08,2024,[08] August,"Argao, Cebu",[1] Operational,,,,,[A] Operational,A,07-022-05-000,Argao,Cebu,Region VII (Central Visayas),Municipality,1st,R7,J
[2024-07] 02-031-03-000,2024-07,2024,[07] July,"Aurora, Isabela",[1] Operational,,,,,[A] Operational,B,02-031-03-000,Aurora,Isabela,Region II (Cagayan Valley),Municipality,3rd,R2,D
[2024-08] 02-031-03-000,2024-08,2024,[08] August,"Aurora, Isabela",[1] Operational,,,,,[A] Operational,B,02-031-03-000,Aurora,Isabela,Region II (Cagayan Valley),Municipality,3rd,R2,D
[2024-07] 17-052-01-000,2024-07,2024,[07] July,"Baco, Oriental Mindoro",[1] Operational,,,,,[A] Operational,B,17-052-01-000,Baco,Oriental Mindoro,MIMAROPA Region,Municipality,3rd,R4B,G
[2024-08] 17-052-01-000,2024-08,2024,[08] August,"Baco, Oriental Mindoro",[1] Operational,,,,,[A] Operational,B,17-052-01-000,Baco,Oriental Mindoro,MIMAROPA Region,Municipality,3rd,R4B,G
[2024-07] 10-035-01-000,2024-07,2024,[07] July,"Bacolod, Lanao del Norte",[1] Operational,,,,,[A] Operational,B,10-035-01-000,Bacolod,Lanao del Norte,Region X (Northern Mindanao),Municipality,4th,R10,N
[2024-08] 10-035-01-000,2024-08,2024,[08] August,"Bacolod, Lanao del Norte",[1] Operational,,,,,[A] Operational,B,10-035-01-000,Bacolod,Lanao del Norte,Region X (Northern Mindanao),Municipality,4th,R10,N
[2024-07] 12-065-01-000,2024-07,2024,[07] July,"Bagumbayan, Sultan Kudarat",[3] Ongoing Data Build-up,85%,,,,[B] Developmental,B,12-065-01-000,Bagumbayan,Sultan Kudarat,Region XII (SOCCSKSARGEN),Municipality,1st,R12,Q
[2024-08] 12-065-01-000,2024-08,2024,[08] August,"Bagumbayan, Sultan Kudarat",[3] Ongoing Data Build-up,85%,,,,[B] Developmental,B,12-065-01-000,Bagumbayan,Sultan Kudarat,Region XII (SOCCSKSARGEN),Municipality,1st,R12,Q
[2024-07] 07-022-08-000,2024-07,2024,[07] July,"Balamban, Cebu",[1] Operational,,,,,[A] Operational,A,07-022-08-000,Balamban,Cebu,Region VII (Central Visayas),Municipality,1st,R7,J
[2024-08] 07-022-08-000,2024-08,2024,[08] August,"Balamban, Cebu",[1] Operational,,,,,[A] Operational,A,07-022-08-000,Balamban,Cebu,Region VII (Central Visayas),Municipality,1st,R7,J
[2024-07] 06-030-05-000,2024-07,2024,[07] July,"Balasan, Iloilo",[1] Operational,,,,,[A] Operational,B,06-030-05-000,Balasan,Iloilo,Region VI (Western Visayas),Municipality,4th,R6,I
[2024-08] 06-030-05-000,2024-08,2024,[08] August,"Balasan, Iloilo",[1] Operational,,,,,[A] Operational,B,06-030-05-000,Balasan,Iloilo,Region VI (Western Visayas),Municipality,4th,R6,I
[2024-07] 04-010-03-000,2024-07,2024,[07] July,"Balayan, Batangas",[1] Operational,,,,,[A] Operational,A,04-010-03-000,Balayan,Batangas,Region IV-A (CALABARZON),Municipality,1st,R4A,F
[2024-08] 04-010-03-000,2024-08,2024,[08] August,"Balayan, Batangas",[1] Operational,,,,,[A] Operational,A,04-010-03-000,Balayan,Batangas,Region IV-A (CALABARZON),Municipality,1st,R4A,F
[2024-07] 03-077-01-000,2024-07,2024,[07] July,"Baler, Aurora",[1] Operational,,,,,[A] Operational,A,03-077-01-000,Baler,Aurora,Region III (Central Luzon),Municipality,3rd,R3,E
[2024-08] 03-077-01-000,2024-08,2024,[08] August,"Baler, Aurora",[1] Operational,,,,,[A] Operational,A,03-077-01-000,Baler,Aurora,Region III (Central Luzon),Municipality,3rd,R3,E
[2024-07] 17-059-02-000,2024-07,2024,[07] July,"Banton, Romblon",[1] Operational,,,,,[A] Operational,B,17-059-02-000,Banton,Romblon,MIMAROPA Region,Municipality,5th,R4B,G
[2024-08] 17-059-02-000,2024-08,2024,[08] August,"Banton, Romblon",[1] Operational,,,,,[A] Operational,B,17-059-02-000,Banton,Romblon,MIMAROPA Region,Municipality,5th,R4B,G
[2024-07] 06-006-02-000,2024-07,2024,[07] July,"Barbaza, Antique",[1] Operational,,,,,[A] Operational,B,06-006-02-000,Barbaza,Antique,Region VI (Western Visayas),Municipality,4th,R6,I
[2024-08] 06-006-02-000,2024-08,2024,[08] August,"Barbaza, Antique",[1] Operational,,,,,[A] Operational,B,06-006-02-000,Barbaza,Antique,Region VI (Western Visayas),Municipality,4th,R6,I
[2024-07] 05-062-02-000,2024-07,2024,[07] July,"Barcelona, Sorsogon",[3] Ongoing Data Build-up,85%,Applicants not familiar with the system and unstable internet connection,,,[B] Developmental,B,05-062-02-000,Barcelona,Sorsogon,Region V (Bicol Region),Municipality,5th,R5,H
[2024-08] 05-062-02-000,2024-08,2024,[08] August,"Barcelona, Sorsogon",[3] Ongoing Data Build-up,85%,Applicants not familiar with the system and unstable internet connection,,,[B] Developmental,B,05-062-02-000,Barcelona,Sorsogon,Region V (Bicol Region),Municipality,5th,R5,H
[2024-07] 06-030-07-000,2024-07,2024,[07] July,"Barotac Nuevo, Iloilo",[1] Operational,,,,,[A] Operational,B,06-030-07-000,Barotac Nuevo,Iloilo,Region VI (Western Visayas),Municipality,2nd,R6,I
[2024-08] 06-030-07-000,2024-08,2024,[08] August,"Barotac Nuevo, Iloilo",[1] Operational,,,,,[A] Operational,B,06-030-07-000,Barotac Nuevo,Iloilo,Region VI (Western Visayas),Municipality,2nd,R6,I
[2024-07] 06-030-08-000,2024-07,2024,[07] July,"Barotac Viejo, Iloilo",[5] For Training,,,,,[C] For Training/Others,B,06-030-08-000,Barotac Viejo,Iloilo,Region VI (Western Visayas),Municipality,3rd,R6,I
[2024-08] 06-030-08-000,2024-08,2024,[08] August,"Barotac Viejo, Iloilo",[5] For Training,,,,,[C] For Training/Others,B,06-030-08-000,Barotac Viejo,Iloilo,Region VI (Western Visayas),Municipality,3rd,R6,I
[2024-07] 07-046-05-000,2024-07,2024,[07] July,"Basay, Negros Oriental",[1] Operational,,,,,[A] Operational,B,07-046-05-000,Basay,Negros Oriental,Region VII (Central Visayas),Municipality,4th,R7,J
[2024-08] 07-046-05-000,2024-08,2024,[08] August,"Basay, Negros Oriental",[1] Operational,,,,,[A] Operational,B,07-046-05-000,Basay,Negros Oriental,Region VII (Central Visayas),Municipality,4th,R7,J
[2024-07] 08-060-02-000,2024-07,2024,[07] July,"Basey, Samar",[1] Operational,,,,Normal Operations,[A] Operational,B,08-060-02-000,Basey,Samar,Region VIII (Eastern Visayas),Municipality,1st,R8,K
[2024-08] 08-060-02-000,2024-08,2024,[08] August,"Basey, Samar",[1] Operational,,,,Normal Operations,[A] Operational,B,08-060-02-000,Basey,Samar,Region VIII (Eastern Visayas),Municipality,1st,R8,K
[2024-07] 16-068-02-000,2024-07,2024,[07] July,"Bayabas, Surigao del Sur",[1] Operational,100%,,,,[A] Operational,A,16-068-02-000,Bayabas,Surigao del Sur,Region XIII (Caraga),Municipality,5th,R13,O
[2024-08] 16-068-02-000,2024-08,2024,[08] August,"Bayabas, Surigao del Sur",[1] Operational,,,,,[A] Operational,A,16-068-02-000,Bayabas,Surigao del Sur,Region XIII (Caraga),Municipality,5th,R13,O
[2024-07] 06-030-10-000,2024-07,2024,[07] July,"Bingawan, Iloilo",[1] Operational,,,,,[A] Operational,B,06-030-10-000,Bingawan,Iloilo,Region VI (Western Visayas),Municipality,5th,R6,I
[2024-08] 06-030-10-000,2024-08,2024,[08] August,"Bingawan, Iloilo",[1] Operational,,,,,[A] Operational,B,06-030-10-000,Bingawan,Iloilo,Region VI (Western Visayas),Municipality,5th,R6,I
[2024-07] 10-042-03-000,2024-07,2024,[07] July,"Bonifacio, Misamis Occidental",[3] Ongoing Data Build-up,11%,Still at 11%,For refreshers training on August 2024,,[B] Developmental,B,10-042-03-000,Bonifacio,Misamis Occidental,Region X (Northern Mindanao),Municipality,4th,R10,N
[2024-08] 10-042-03-000,2024-08,2024,[08] August,"Bonifacio, Misamis Occidental",[3] Ongoing Data Build-up,11%,Still at 11%,For refreshers training on August 2024,,[B] Developmental,B,10-042-03-000,Bonifacio,Misamis Occidental,Region X (Northern Mindanao),Municipality,4th,R10,N
[2024-07] 11-025-03-000,2024-07,2024,[07] July,"Boston, Davao Oriental",[1] Operational,,,,,[A] Operational,A,11-025-03-000,Boston,Davao Oriental,Region XI (Davao Region),Municipality,3rd,R11,P
[2024-08] 11-025-03-000,2024-08,2024,[08] August,"Boston, Davao Oriental",[1] Operational,,,,,[A] Operational,A,11-025-03-000,Boston,Davao Oriental,Region XI (Davao Region),Municipality,3rd,R11,P
[2024-07] 07-012-09-000,2024-07,2024,[07] July,"Buenavista, Bohol",[1] Operational,,,,,[A] Operational,B,07-012-09-000,Buenavista,Bohol,Region VII (Central Visayas),Municipality,4th,R7,J
[2024-08] 07-012-09-000,2024-08,2024,[08] August,"Buenavista, Bohol",[1] Operational,,,,,[A] Operational,B,07-012-09-000,Buenavista,Bohol,Region VII (Central Visayas),Municipality,4th,R7,J
[2024-07] 06-079-01-000,2024-07,2024,[07] July,"Buenavista, Guimaras",[1] Operational,,,,,[A] Operational,B,06-079-01-000,Buenavista,Guimaras,Region VI (Western Visayas),Municipality,2nd,R6,I
[2024-08] 06-079-01-000,2024-08,2024,[08] August,"Buenavista, Guimaras",[1] Operational,,,,,[A] Operational,B,06-079-01-000,Buenavista,Guimaras,Region VI (Western Visayas),Municipality,2nd,R6,I
[2024-07] 06-006-04-000,2024-07,2024,[07] July,"Bugasong, Antique",[1] Operational,,,,,[A] Operational,A,06-006-04-000,Bugasong,Antique,Region VI (Western Visayas),Municipality,3rd,R6,I
[2024-08] 06-006-04-000,2024-08,2024,[08] August,"Bugasong, Antique",[1] Operational,,,,,[A] Operational,A,06-006-04-000,Bugasong,Antique,Region VI (Western Visayas),Municipality,3rd,R6,I
[2024-07] 17-053-07-000,2024-07,2024,[07] July,"Busuanga, Palawan",[1] Operational,,,,,[A] Operational,A,17-053-07-000,Busuanga,Palawan,MIMAROPA Region,Municipality,3rd,R4B,G
[2024-08] 17-053-07-000,2024-08,2024,[08] August,"Busuanga, Palawan",[1] Operational,,,,,[A] Operational,A,17-053-07-000,Busuanga,Palawan,MIMAROPA Region,Municipality,3rd,R4B,G
[2024-07] 06-030-12-000,2024-07,2024,[07] July,"Cabatuan, Iloilo",[1] Operational,,,,,[A] Operational,B,06-030-12-000,Cabatuan,Iloilo,Region VI (Western Visayas),Municipality,2nd,R6,I
[2024-08] 06-030-12-000,2024-08,2024,[08] August,"Cabatuan, Iloilo",[1] Operational,,,,,[A] Operational,B,06-030-12-000,Cabatuan,Iloilo,Region VI (Western Visayas),Municipality,2nd,R6,I
[2024-07] 03-049-04-000,2024-07,2024,[07] July,"Cabiao, Nueva Ecija",[3] Ongoing Data Build-up,88%,Requesting for refresher training,,,[B] Developmental,B,03-049-04-000,Cabiao,Nueva Ecija,Region III (Central Luzon),Municipality,1st,R3,E
[2024-08] 03-049-04-000,2024-08,2024,[08] August,"Cabiao, Nueva Ecija",[3] Ongoing Data Build-up,88%,Requesting for refresher training,,,[B] Developmental,B,03-049-04-000,Cabiao,Nueva Ecija,Region III (Central Luzon),Municipality,1st,R3,E
[2024-07] 10-042-04-000,2024-07,2024,[07] July,"Calamba, Misamis Occidental",[1] Operational,,,,,[A] Operational,A,10-042-04-000,Calamba,Misamis Occidental,Region X (Northern Mindanao),Municipality,4th,R10,N
[2024-08] 10-042-04-000,2024-08,2024,[08] August,"Calamba, Misamis Occidental",[1] Operational,,,,,[A] Operational,A,10-042-04-000,Calamba,Misamis Occidental,Region X (Northern Mindanao),Municipality,4th,R10,N
[2024-07] 06-030-13-000,2024-07,2024,[07] July,"Calinog, Iloilo",[1] Operational,,,,,[A] Operational,A,06-030-13-000,Calinog,Iloilo,Region VI (Western Visayas),Municipality,1st,R6,I
[2024-08] 06-030-13-000,2024-08,2024,[08] August,"Calinog, Iloilo",[1] Operational,,,,,[A] Operational,A,06-030-13-000,Calinog,Iloilo,Region VI (Western Visayas),Municipality,1st,R6,I
[2024-07] 04-056-08-000,2024-07,2024,[07] July,"Candelaria, Quezon",[1] Operational,,,,,[A] Operational,A,04-056-08-000,Candelaria,Quezon,Region IV-A (CALABARZON),Municipality,1st,R4A,F
[2024-08] 04-056-08-000,2024-08,2024,[08] August,"Candelaria, Quezon",[1] Operational,,,,,[A] Operational,A,04-056-08-000,Candelaria,Quezon,Region IV-A (CALABARZON),Municipality,1st,R4A,F
[2024-07] 07-012-11-000,2024-07,2024,[07] July,"Candijay, Bohol",[1] Operational,,,,,[A] Operational,B,07-012-11-000,Candijay,Bohol,Region VII (Central Visayas),Municipality,4th,R7,J
[2024-08] 07-012-11-000,2024-08,2024,[08] August,"Candijay, Bohol",[1] Operational,,,,,[A] Operational,B,07-012-11-000,Candijay,Bohol,Region VII (Central Visayas),Municipality,4th,R7,J
[2024-07] 05-016-02-000,2024-07,2024,[07] July,"Capalonga, Camarines Norte",[3] Ongoing Data Build-up,10%,,,,[B] Developmental,B,05-016-02-000,Capalonga,Camarines Norte,Region V (Bicol Region),Municipality,3rd,R5,H
[2024-08] 05-016-02-000,2024-08,2024,[08] August,"Capalonga, Camarines Norte",[3] Ongoing Data Build-up,10%,,,,[B] Developmental,B,05-016-02-000,Capalonga,Camarines Norte,Region V (Bicol Region),Municipality,3rd,R5,H
[2024-07] 08-037-15-000,2024-07,2024,[07] July,"Carigara, Leyte",[1] Operational,,,,Normal Operations,[A] Operational,B,08-037-15-000,Carigara,Leyte,Region VIII (Eastern Visayas),Municipality,2nd,R8,K
[2024-08] 08-037-15-000,2024-08,2024,[08] August,"Carigara, Leyte",[1] Operational,,,,Normal Operations,[A] Operational,B,08-037-15-000,Carigara,Leyte,Region VIII (Eastern Visayas),Municipality,2nd,R8,K
[2024-07] 16-068-06-000,2024-07,2024,[07] July,"Carmen, Surigao del Sur",[1] Operational,100%,,,,[A] Operational,A,16-068-06-000,Carmen,Surigao del Sur,Region XIII (Caraga),Municipality,5th,R13,O
[2024-08] 16-068-06-000,2024-08,2024,[08] August,"Carmen, Surigao del Sur",[1] Operational,,,,,[A] Operational,A,16-068-06-000,Carmen,Surigao del Sur,Region XIII (Caraga),Municipality,5th,R13,O
[2024-07] 03-077-02-000,2024-07,2024,[07] July,"Casiguran, Aurora",[1] Operational,,,,,[A] Operational,A,03-077-02-000,Casiguran,Aurora,Region III (Central Luzon),Municipality,2nd,R3,E
[2024-08] 03-077-02-000,2024-08,2024,[08] August,"Casiguran, Aurora",[1] Operational,,,,,[A] Operational,A,03-077-02-000,Casiguran,Aurora,Region III (Central Luzon),Municipality,2nd,R3,E
[2024-07] 10-018-01-000,2024-07,2024,[07] July,"Catarman, Camiguin",[3] Ongoing Data Build-up,100%,,To operate on 2024,,[B] Developmental,B,10-018-01-000,Catarman,Camiguin,Region X (Northern Mindanao),Municipality,5th,R10,N
[2024-08] 10-018-01-000,2024-08,2024,[08] August,"Catarman, Camiguin",[3] Ongoing Data Build-up,100%,,To operate on 2024,,[B] Developmental,B,10-018-01-000,Catarman,Camiguin,Region X (Northern Mindanao),Municipality,5th,R10,N
[2024-07] 11-025-05-000,2024-07,2024,[07] July,"Cateel, Davao Oriental",[1] Operational,,,,,[A] Operational,A,11-025-05-000,Cateel,Davao Oriental,Region XI (Davao Region),Municipality,2nd,R11,P
[2024-08] 11-025-05-000,2024-08,2024,[08] August,"Cateel, Davao Oriental",[1] Operational,,,,,[A] Operational,A,11-025-05-000,Cateel,Davao Oriental,Region XI (Davao Region),Municipality,2nd,R11,P
[2024-07] 04-034-07-000,2024-07,2024,[07] July,"Cavinti, Laguna",[2] Pilot Testing,100%,For Launching,Continuation of Pilot Testing on July 2,Waiting for LGU Schedule,[B] Developmental,B,04-034-07-000,Cavinti,Laguna,Region IV-A (CALABARZON),Municipality,3rd,R4A,F
[2024-08] 04-034-07-000,2024-08,2024,[08] August,"Cavinti, Laguna",[2] Pilot Testing,100%,For Launching,Continuation of Pilot Testing on July 2,Waiting for LGU Schedule,[B] Developmental,B,04-034-07-000,Cavinti,Laguna,Region IV-A (CALABARZON),Municipality,3rd,R4A,F
[2024-07] 06-302-00-000,2024-07,2024,[07] July,"City of Bacolod, Negros Occidental",[1] Operational,,,,,[A] Operational,A,06-302-00-000,City of Bacolod,Negros Occidental,Region VI (Western Visayas),City,1st,R6,I
[2024-08] 06-302-00-000,2024-08,2024,[08] August,"City of Bacolod, Negros Occidental",[1] Operational,,,,,[A] Operational,A,06-302-00-000,City of Bacolod,Negros Occidental,Region VI (Western Visayas),City,1st,R6,I
[2024-07] 01-028-05-000,2024-07,2024,[07] July,"City of Batac, Ilocos Norte",[1] Operational,,,,,[A] Operational,B,01-028-05-000,City of Batac,Ilocos Norte,Region I (Ilocos Region),City,5th,R1,C
[2024-08] 01-028-05-000,2024-08,2024,[08] August,"City of Batac, Ilocos Norte",[1] Operational,,,,,[A] Operational,B,01-028-05-000,City of Batac,Ilocos Norte,Region I (Ilocos Region),City,5th,R1,C
[2024-07] 08-026-04-000,2024-07,2024,[07] July,"City of Borongan, Eastern Samar",[1] Operational,,,,Normal Operations,[A] Operational,A,08-026-04-000,City of Borongan,Eastern Samar,Region VIII (Eastern Visayas),City,1st (as Mun),R8,K
[2024-08] 08-026-04-000,2024-08,2024,[08] August,"City of Borongan, Eastern Samar",[1] Operational,,,,Normal Operations,[A] Operational,A,08-026-04-000,City of Borongan,Eastern Samar,Region VIII (Eastern Visayas),City,1st (as Mun),R8,K
[2024-07] 07-046-08-000,2024-07,2024,[07] July,"City of Canlaon, Negros Oriental",[1] Operational,,,,,[A] Operational,B,07-046-08-000,City of Canlaon,Negros Oriental,Region VII (Central Visayas),City,4th,R7,J
[2024-08] 07-046-08-000,2024-08,2024,[08] August,"City of Canlaon, Negros Oriental",[1] Operational,,,,,[A] Operational,B,07-046-08-000,City of Canlaon,Negros Oriental,Region VII (Central Visayas),City,4th,R7,J
[2024-07] 11-024-03-000,2024-07,2024,[07] July,"City of Digos, Davao del Sur",[1] Operational,,,,,[A] Operational,B,11-024-03-000,City of Digos,Davao del Sur,Region XI (Davao Region),City,2nd,R11,P
[2024-08] 11-024-03-000,2024-08,2024,[08] August,"City of Digos, Davao del Sur",[1] Operational,,,,,[A] Operational,B,11-024-03-000,City of Digos,Davao del Sur,Region XI (Davao Region),City,2nd,R11,P
[2024-07] 10-043-08-000,2024-07,2024,[07] July,"City of Gingoog, Misamis Oriental",[1] Operational,,,,,[A] Operational,A,10-043-08-000,City of Gingoog,Misamis Oriental,Region X (Northern Mindanao),City,2nd,R10,N
[2024-08] 10-043-08-000,2024-08,2024,[08] August,"City of Gingoog, Misamis Oriental",[1] Operational,,,,,[A] Operational,A,10-043-08-000,City of Gingoog,Misamis Oriental,Region X (Northern Mindanao),City,2nd,R10,N
[2024-08] 06-045-10-000,2024-08,2024,[08] August,"City of Himamaylan, Negros Occidental",[1] Operational,,,,,[A] Operational,A,06-045-10-000,City of Himamaylan,Negros Occidental,Region VI (Western Visayas),City,3rd,R6,I
[2024-07] 02-031-14-000,2024-07,2024,[07] July,"City of Ilagan, Isabela",[1] Operational,,,,,[A] Operational,A,02-031-14-000,City of Ilagan,Isabela,Region II (Cagayan Valley),City,1st (as Mun),R2,D
[2024-08] 02-031-14-000,2024-08,2024,[08] August,"City of Ilagan, Isabela",[1] Operational,,,,,[A] Operational,A,02-031-14-000,City of Ilagan,Isabela,Region II (Cagayan Valley),City,1st (as Mun),R2,D
[2024-07] 06-045-15-000,2024-07,2024,[07] July,"City of Kabankalan, Negros Occidental",[1] Operational,,,,,[A] Operational,B,06-045-15-000,City of Kabankalan,Negros Occidental,Region VI (Western Visayas),City,1st,R6,I
[2024-08] 06-045-15-000,2024-08,2024,[08] August,"City of Kabankalan, Negros Occidental",[1] Operational,,,,,[A] Operational,B,06-045-15-000,City of Kabankalan,Negros Occidental,Region VI (Western Visayas),City,1st,R6,I
[2024-07] 12-047-04-000,2024-07,2024,[07] July,"City of Kidapawan, Cotabato",[1] Operational,,,,,[A] Operational,A,12-047-04-000,City of Kidapawan,Cotabato,Region XII (SOCCSKSARGEN),City,3rd,R12,Q
[2024-08] 12-047-04-000,2024-08,2024,[08] August,"City of Kidapawan, Cotabato",[1] Operational,,,,,[A] Operational,A,12-047-04-000,City of Kidapawan,Cotabato,Region XII (SOCCSKSARGEN),City,3rd,R12,Q
[2024-07] 01-028-12-000,2024-07,2024,[07] July,"City of Laoag, Ilocos Norte",[5] For Training,,Waiting for the SB Resolution,For Follow-up,,[C] For Training/Others,B,01-028-12-000,City of Laoag,Ilocos Norte,Region I (Ilocos Region),City,3rd,R1,C
[2024-08] 01-028-12-000,2024-08,2024,[08] August,"City of Laoag, Ilocos Norte",[5] For Training,,Waiting for the SB Resolution,For Follow-up,,[C] For Training/Others,B,01-028-12-000,City of Laoag,Ilocos Norte,Region I (Ilocos Region),City,3rd,R1,C
[2024-07] 08-064-07-000,2024-07,2024,[07] July,"City of Maasin, Southern Leyte",[1] Operational,,,,Normal Operations,[A] Operational,A,08-064-07-000,City of Maasin,Southern Leyte,Region VIII (Eastern Visayas),City,4th,R8,K
[2024-08] 08-064-07-000,2024-08,2024,[08] August,"City of Maasin, Southern Leyte",[1] Operational,,Internet Connectivity Issues,Forwarded follow letter to LGU regarding their implementation and as per LGU they are having internet connectivity issues but they are committed to address their issue an implement as soon as possible.,Internet Connectivity IssuesForwarded follow letter to LGU regarding their implementation and as per LGU they are having internet connectivity issues but they are committed to address their issue an implement as soon as possible.,[A] Operational,A,08-064-07-000,City of Maasin,Southern Leyte,Region VIII (Eastern Visayas),City,4th,R8,K
[2024-07] 07-313-00-000,2024-07,2024,[07] July,"City of Mandaue, Cebu",[3] Ongoing Data Build-up,25%,,,,[B] Developmental,A,07-313-00-000,City of Mandaue,Cebu,Region VII (Central Visayas),City,1st,R7,J
[2024-08] 07-313-00-000,2024-08,2024,[08] August,"City of Mandaue, Cebu",[3] Ongoing Data Build-up,25%,,,,[B] Developmental,A,07-313-00-000,City of Mandaue,Cebu,Region VII (Central Visayas),City,1st,R7,J
[2024-07] 11-025-09-000,2024-07,2024,[07] July,"City of Mati, Davao Oriental",[1] Operational,,,,,[A] Operational,A,11-025-09-000,City of Mati,Davao Oriental,Region XI (Davao Region),City,5th,R11,P
[2024-08] 11-025-09-000,2024-08,2024,[08] August,"City of Mati, Davao Oriental",[1] Operational,,,,,[A] Operational,A,11-025-09-000,City of Mati,Davao Oriental,Region XI (Davao Region),City,5th,R11,P
[2024-07] 10-043-15-000,2024-07,2024,[07] July,"Libertad, Misamis Oriental",[8] Withdraw,,,,,[D] Withdraw,B,10-043-15-000,Libertad,Misamis Oriental,Region X (Northern Mindanao),Municipality,5th,R10,N
[2024-08] 10-043-15-000,2024-08,2024,[08] August,"Libertad, Misamis Oriental",[8] Withdraw,,,,,[D] Withdraw,B,10-043-15-000,Libertad,Misamis Oriental,Region X (Northern Mindanao),Municipality,5th,R10,N
[2024-07] 03-314-00-000,2024-07,2024,[07] July,"City of Olongapo, Zambales",[3] Ongoing Data Build-up,60%,lack of Staff,For Visitation,,[B] Developmental,B,03-314-00-000,City of Olongapo,Zambales,Region III (Central Luzon),City,1st,R3,E
[2024-08] 03-314-00-000,2024-08,2024,[08] August,"City of Olongapo, Zambales",[3] Ongoing Data Build-up,60%,lack of Staff,For Visitation,,[B] Developmental,B,03-314-00-000,City of Olongapo,Zambales,Region III (Central Luzon),City,1st,R3,E
[2024-07] 03-049-19-000,2024-07,2024,[07] July,"City of Palayan, Nueva Ecija",[2] Pilot Testing,50%,,for visitation,,[B] Developmental,B,03-049-19-000,City of Palayan,Nueva Ecija,Region III (Central Luzon),City,5th,R3,E
[2024-08] 03-049-19-000,2024-08,2024,[08] August,"City of Palayan, Nueva Ecija",[2] Pilot Testing,50%,,for visitation,,[B] Developmental,B,03-049-19-000,City of Palayan,Nueva Ecija,Region III (Central Luzon),City,5th,R3,E
[2024-07] 14-032-13-000,2024-07,2024,[07] July,"City of Tabuk, Kalinga",[1] Operational,,,,,[A] Operational,B,14-032-13-000,City of Tabuk,Kalinga,Cordillera Administrative Region (CAR),City,5th,CAR,B
[2024-08] 14-032-13-000,2024-08,2024,[08] August,"City of Tabuk, Kalinga",[1] Operational,,,,,[A] Operational,B,14-032-13-000,City of Tabuk,Kalinga,Cordillera Administrative Region (CAR),City,5th,CAR,B
[2024-07] 10-042-15-000,2024-07,2024,[07] July,"City of Tangub, Misamis Occidental",[5] For Training,,,,,[C] For Training/Others,B,10-042-15-000,City of Tangub,Misamis Occidental,Region X (Northern Mindanao),City,4th,R10,N
[2024-08] 10-042-15-000,2024-08,2024,[08] August,"City of Tangub, Misamis Occidental",[5] For Training,,,,,[C] For Training/Others,B,10-042-15-000,City of Tangub,Misamis Occidental,Region X (Northern Mindanao),City,4th,R10,N
[2024-07] 10-042-05-000,2024-07,2024,[07] July,"Clarin, Misamis Occidental",[5] For Training,,,,,[C] For Training/Others,B,10-042-05-000,Clarin,Misamis Occidental,Region X (Northern Mindanao),Municipality,4th,R10,N
[2024-08] 10-042-05-000,2024-08,2024,[08] August,"Clarin, Misamis Occidental",[5] For Training,,,,,[C] For Training/Others,B,10-042-05-000,Clarin,Misamis Occidental,Region X (Northern Mindanao),Municipality,4th,R10,N
[2024-07] 10-043-06-000,2024-07,2024,[07] July,"Claveria, Misamis Oriental",[1] Operational,,,,,[A] Operational,A,10-043-06-000,Claveria,Misamis Oriental,Region X (Northern Mindanao),Municipality,1st,R10,N
[2024-08] 10-043-06-000,2024-08,2024,[08] August,"Claveria, Misamis Oriental",[1] Operational,,,,,[A] Operational,A,10-043-06-000,Claveria,Misamis Oriental,Region X (Northern Mindanao),Municipality,1st,R10,N
[2024-07] 07-022-18-000,2024-07,2024,[07] July,"Compostela, Cebu",[3] Ongoing Data Build-up,75%,For Refresher Training,,,[B] Developmental,B,07-022-18-000,Compostela,Cebu,Region VII (Central Visayas),Municipality,3rd,R7,J
[2024-08] 07-022-18-000,2024-08,2024,[08] August,"Compostela, Cebu",[3] Ongoing Data Build-up,75%,For Refresher Training,,,[B] Developmental,B,07-022-18-000,Compostela,Cebu,Region VII (Central Visayas),Municipality,3rd,R7,J
[2024-07] 06-030-15-000,2024-07,2024,[07] July,"Concepcion, Iloilo",[1] Operational,,,,,[A] Operational,B,06-030-15-000,Concepcion,Iloilo,Region VI (Western Visayas),Municipality,3rd,R6,I
[2024-08] 06-030-15-000,2024-08,2024,[08] August,"Concepcion, Iloilo",[1] Operational,,,,,[A] Operational,B,06-030-15-000,Concepcion,Iloilo,Region VI (Western Visayas),Municipality,3rd,R6,I
[2024-07] 17-053-09-000,2024-07,2024,[07] July,"Coron, Palawan",[1] Operational,,,,,[A] Operational,B,17-053-09-000,Coron,Palawan,MIMAROPA Region,Municipality,1st,R4B,G
[2024-08] 17-053-09-000,2024-08,2024,[08] August,"Coron, Palawan",[1] Operational,,,,,[A] Operational,B,17-053-09-000,Coron,Palawan,MIMAROPA Region,Municipality,1st,R4B,G
[2024-07] 07-022-21-000,2024-07,2024,[07] July,"Daanbantayan, Cebu",[3] Ongoing Data Build-up,75%,,,,[B] Developmental,B,07-022-21-000,Daanbantayan,Cebu,Region VII (Central Visayas),Municipality,1st,R7,J
[2024-08] 07-022-21-000,2024-08,2024,[08] August,"Daanbantayan, Cebu",[3] Ongoing Data Build-up,75%,,,,[B] Developmental,B,07-022-21-000,Daanbantayan,Cebu,Region VII (Central Visayas),Municipality,1st,R7,J
[2024-07] 07-012-18-000,2024-07,2024,[07] July,"Danao, Bohol",[1] Operational,,,,,[A] Operational,B,07-012-18-000,Danao,Bohol,Region VII (Central Visayas),Municipality,4th*,R7,J
[2024-08] 07-012-18-000,2024-08,2024,[08] August,"Danao, Bohol",[1] Operational,,,,,[A] Operational,B,07-012-18-000,Danao,Bohol,Region VII (Central Visayas),Municipality,4th*,R7,J
[2024-07] 01-055-19-000,2024-07,2024,[07] July,"Dasol, Pangasinan",[7] To Follow-up,,for schedule of training,For Follow-up,,[C] For Training/Others,B,01-055-19-000,Dasol,Pangasinan,Region I (Ilocos Region),Municipality,3rd,R1,C
[2024-08] 01-055-19-000,2024-08,2024,[08] August,"Dasol, Pangasinan",[7] To Follow-up,,for schedule of training,For Follow-up,,[C] For Training/Others,B,01-055-19-000,Dasol,Pangasinan,Region I (Ilocos Region),Municipality,3rd,R1,C
[2024-07] 03-077-05-000,2024-07,2024,[07] July,"Dingalan, Aurora",[2] Pilot Testing,98%,Visited,Visited,,[B] Developmental,B,03-077-05-000,Dingalan,Aurora,Region III (Central Luzon),Municipality,3rd,R3,E
[2024-08] 03-077-05-000,2024-08,2024,[08] August,"Dingalan, Aurora",[2] Pilot Testing,98%,Visited,Visited,,[B] Developmental,B,03-077-05-000,Dingalan,Aurora,Region III (Central Luzon),Municipality,3rd,R3,E
[2024-07] 06-030-16-000,2024-07,2024,[07] July,"Dingle, Iloilo",[1] Operational,,,,,[A] Operational,A,06-030-16-000,Dingle,Iloilo,Region VI (Western Visayas),Municipality,3rd,R6,I
[2024-08] 06-030-16-000,2024-08,2024,[08] August,"Dingle, Iloilo",[1] Operational,,,,,[A] Operational,A,06-030-16-000,Dingle,Iloilo,Region VI (Western Visayas),Municipality,3rd,R6,I
[2024-07] 03-077-06-000,2024-07,2024,[07] July,"Dipaculao, Aurora",[1] Operational,,,,,[A] Operational,B,03-077-06-000,Dipaculao,Aurora,Region III (Central Luzon),Municipality,3rd,R3,E
[2024-08] 03-077-06-000,2024-08,2024,[08] August,"Dipaculao, Aurora",[1] Operational,,,,,[A] Operational,B,03-077-06-000,Dipaculao,Aurora,Region III (Central Luzon),Municipality,3rd,R3,E
[2024-07] 09-073-08-000,2024-07,2024,[07] July,"Dumingag, Zamboanga del Sur",[3] Ongoing Data Build-up,50%,,,,[B] Developmental,B,09-073-08-000,Dumingag,Zamboanga del Sur,Region IX (Zamboanga Peninsula),Municipality,2nd,R9,L
[2024-08] 09-073-08-000,2024-08,2024,[08] August,"Dumingag, Zamboanga del Sur",[3] Ongoing Data Build-up,50%,,,,[B] Developmental,B,09-073-08-000,Dumingag,Zamboanga del Sur,Region IX (Zamboanga Peninsula),Municipality,2nd,R9,L
[2024-07] 17-053-12-000,2024-07,2024,[07] July,"El Nido, Palawan",[1] Operational,,,,,[A] Operational,A,17-053-12-000,El Nido,Palawan,MIMAROPA Region,Municipality,1st,R4B,G
[2024-08] 17-053-12-000,2024-08,2024,[08] August,"El Nido, Palawan",[1] Operational,,,,,[A] Operational,A,17-053-12-000,El Nido,Palawan,MIMAROPA Region,Municipality,1st,R4B,G
[2024-07] 17-059-16-000,2024-07,2024,[07] July,"Ferrol, Romblon",[1] Operational,,,,,[A] Operational,A,17-059-16-000,Ferrol,Romblon,MIMAROPA Region,Municipality,6th,R4B,G
[2024-08] 17-059-16-000,2024-08,2024,[08] August,"Ferrol, Romblon",[1] Operational,,,,,[A] Operational,A,17-059-16-000,Ferrol,Romblon,MIMAROPA Region,Municipality,6th,R4B,G
[2024-07] 03-049-07-000,2024-07,2024,[07] July,"Gabaldon, Nueva Ecija",[2] Pilot Testing,66%,Requesting for refresher training,for visitation,,[B] Developmental,B,03-049-07-000,Gabaldon,Nueva Ecija,Region III (Central Luzon),Municipality,4th,R3,E
[2024-08] 03-049-07-000,2024-08,2024,[08] August,"Gabaldon, Nueva Ecija",[2] Pilot Testing,68%,Requesting for refresher training,for visitation,,[B] Developmental,B,03-049-07-000,Gabaldon,Nueva Ecija,Region III (Central Luzon),Municipality,4th,R3,E
[2024-07] 08-060-07-000,2024-07,2024,[07] July,"Gandara, Samar",[2] Pilot Testing,95%,Internet Connectivity Issues - Unstable Connection,LGU target date of implementation was December 2023 but no progress/update as of Feb 2024.,Internet Connectivity Issues - Unstable ConnectionLGU target date of implementation was December 2023 but no progress/update as of June 2024.,[B] Developmental,B,08-060-07-000,Gandara,Samar,Region VIII (Eastern Visayas),Municipality,2nd,R8,K
[2024-08] 08-060-07-000,2024-08,2024,[08] August,"Gandara, Samar",[2] Pilot Testing,95%,Internet Connectivity Issues - Unstable Connection,Forwarded follow letter to LGU regarding their implementation but no response.,Internet Connectivity Issues - Unstable ConnectionForwarded follow letter to LGU regarding their implementation but no response.,[B] Developmental,B,08-060-07-000,Gandara,Samar,Region VIII (Eastern Visayas),Municipality,2nd,R8,K
[2024-07] 04-056-16-000,2024-07,2024,[07] July,"General Luna, Quezon",[1] Operational,,,,,[A] Operational,B,04-056-16-000,General Luna,Quezon,Region IV-A (CALABARZON),Municipality,4th,R4A,F
[2024-08] 04-056-16-000,2024-08,2024,[08] August,"General Luna, Quezon",[1] Operational,,,,,[A] Operational,B,04-056-16-000,General Luna,Quezon,Region IV-A (CALABARZON),Municipality,4th,R4A,F
[2024-07] 04-056-17-000,2024-07,2024,[07] July,"General Nakar, Quezon",[1] Operational,,,,,[A] Operational,B,04-056-17-000,General Nakar,Quezon,Region IV-A (CALABARZON),Municipality,1st,R4A,F
[2024-08] 04-056-17-000,2024-08,2024,[08] August,"General Nakar, Quezon",[1] Operational,,,,,[A] Operational,B,04-056-17-000,General Nakar,Quezon,Region IV-A (CALABARZON),Municipality,1st,R4A,F
[2024-07] 03-069-06-000,2024-07,2024,[07] July,"Gerona, Tarlac",[1] Operational,,,,,[A] Operational,B,03-069-06-000,Gerona,Tarlac,Region III (Central Luzon),Municipality,1st,R3,E
[2024-08] 03-069-06-000,2024-08,2024,[08] August,"Gerona, Tarlac",[1] Operational,,,,,[A] Operational,B,03-069-06-000,Gerona,Tarlac,Region III (Central Luzon),Municipality,1st,R3,E
[2024-07] 17-052-06-000,2024-07,2024,[07] July,"Gloria, Oriental Mindoro",[1] Operational,,,,,[A] Operational,B,17-052-06-000,Gloria,Oriental Mindoro,MIMAROPA Region,Municipality,3rd,R4B,G
[2024-08] 17-052-06-000,2024-08,2024,[08] August,"Gloria, Oriental Mindoro",[1] Operational,,,,,[A] Operational,B,17-052-06-000,Gloria,Oriental Mindoro,MIMAROPA Region,Municipality,3rd,R4B,G
[2024-07] 09-073-43-000,2024-07,2024,[07] July,"Guipos, Zamboanga del Sur",[3] Ongoing Data Build-up,50%,,,,[B] Developmental,B,09-073-43-000,Guipos,Zamboanga del Sur,Region IX (Zamboanga Peninsula),Municipality,4th,R9,L
[2024-08] 09-073-43-000,2024-08,2024,[08] August,"Guipos, Zamboanga del Sur",[3] Ongoing Data Build-up,50%,,,,[B] Developmental,B,09-073-43-000,Guipos,Zamboanga del Sur,Region IX (Zamboanga Peninsula),Municipality,4th,R9,L
[2024-07] 08-026-09-000,2024-07,2024,[07] July,"Guiuan, Eastern Samar",[1] Operational,,,,Normal Operations,[A] Operational,B,08-026-09-000,Guiuan,Eastern Samar,Region VIII (Eastern Visayas),Municipality,2nd,R8,K
[2024-08] 08-026-09-000,2024-08,2024,[08] August,"Guiuan, Eastern Samar",[1] Operational,,,,Normal Operations,[A] Operational,B,08-026-09-000,Guiuan,Eastern Samar,Region VIII (Eastern Visayas),Municipality,2nd,R8,K
[2024-07] 04-056-19-000,2024-07,2024,[07] July,"Gumaca, Quezon",[7] To Follow-up,,LGU unresponsive,For visitation,,[C] For Training/Others,B,04-056-19-000,Gumaca,Quezon,Region IV-A (CALABARZON),Municipality,1st,R4A,F
[2024-08] 04-056-19-000,2024-08,2024,[08] August,"Gumaca, Quezon",[7] To Follow-up,,LGU unresponsive,For visitation,,[C] For Training/Others,B,04-056-19-000,Gumaca,Quezon,Region IV-A (CALABARZON),Municipality,1st,R4A,F
[2024-07] 08-037-20-000,2024-07,2024,[07] July,"Hindang, Leyte",[1] Operational,,,,Normal Operations,[A] Operational,B,08-037-20-000,Hindang,Leyte,Region VIII (Eastern Visayas),Municipality,5th,R8,K
[2024-08] 08-037-20-000,2024-08,2024,[08] August,"Hindang, Leyte",[1] Operational,,,,Normal Operations,[A] Operational,B,08-037-20-000,Hindang,Leyte,Region VIII (Eastern Visayas),Municipality,5th,R8,K
[2024-07] 06-045-11-000,2024-07,2024,[07] July,"Hinigaran, Negros Occidental",[1] Operational,,,,,[A] Operational,B,06-045-11-000,Hinigaran,Negros Occidental,Region VI (Western Visayas),Municipality,1st,R6,I
[2024-08] 06-045-11-000,2024-08,2024,[08] August,"Hinigaran, Negros Occidental",[1] Operational,,,,,[A] Operational,B,06-045-11-000,Hinigaran,Negros Occidental,Region VI (Western Visayas),Municipality,1st,R6,I
[2024-07] 03-071-05-000,2024-07,2024,[07] July,"Iba, Zambales",[2] Pilot Testing,72%,for launching phase,for visitation,,[B] Developmental,B,03-071-05-000,Iba,Zambales,Region III (Central Luzon),Municipality,2nd,R3,E
[2024-08] 03-071-05-000,2024-08,2024,[08] August,"Iba, Zambales",[2] Pilot Testing,75%,for launching phase,for visitation,,[B] Developmental,B,03-071-05-000,Iba,Zambales,Region III (Central Luzon),Municipality,2nd,R3,E
[2024-07] 04-056-20-000,2024-07,2024,[07] July,"Infanta, Quezon",[1] Operational,,,,,[A] Operational,A,04-056-20-000,Infanta,Quezon,Region IV-A (CALABARZON),Municipality,1st,R4A,F
[2024-08] 04-056-20-000,2024-08,2024,[08] August,"Infanta, Quezon",[1] Operational,,,,,[A] Operational,A,04-056-20-000,Infanta,Quezon,Region IV-A (CALABARZON),Municipality,1st,R4A,F
[2024-07] 06-030-23-000,2024-07,2024,[07] July,"Janiuay, Iloilo",[1] Operational,,,,,[A] Operational,B,06-030-23-000,Janiuay,Iloilo,Region VI (Western Visayas),Municipality,1st,R6,I
[2024-08] 06-030-23-000,2024-08,2024,[08] August,"Janiuay, Iloilo",[1] Operational,,,,,[A] Operational,B,06-030-23-000,Janiuay,Iloilo,Region VI (Western Visayas),Municipality,1st,R6,I
[2024-07] 10-043-11-000,2024-07,2024,[07] July,"Jasaan, Misamis Oriental",[1] Operational,,,,,[A] Operational,B,10-043-11-000,Jasaan,Misamis Oriental,Region X (Northern Mindanao),Municipality,2nd,R10,N
[2024-08] 10-043-11-000,2024-08,2024,[08] August,"Jasaan, Misamis Oriental",[1] Operational,,,,,[A] Operational,B,10-043-11-000,Jasaan,Misamis Oriental,Region X (Northern Mindanao),Municipality,2nd,R10,N
[2024-07] 08-037-24-000,2024-07,2024,[07] July,"Javier, Leyte",[1] Operational,,,,Normal Operations,[A] Operational,B,08-037-24-000,Javier,Leyte,Region VIII (Eastern Visayas),Municipality,4th*,R8,K
[2024-08] 08-037-24-000,2024-08,2024,[08] August,"Javier, Leyte",[1] Operational,,,,Normal Operations,[A] Operational,B,08-037-24-000,Javier,Leyte,Region VIII (Eastern Visayas),Municipality,4th*,R8,K
[2024-07] 08-060-09-000,2024-07,2024,[07] July,"Jiabong, Samar",[1] Operational,,,,Normal Operations,[A] Operational,B,08-060-09-000,Jiabong,Samar,Region VIII (Eastern Visayas),Municipality,5th,R8,K
[2024-08] 08-060-09-000,2024-08,2024,[08] August,"Jiabong, Samar",[1] Operational,,,,Normal Operations,[A] Operational,B,08-060-09-000,Jiabong,Samar,Region VIII (Eastern Visayas),Municipality,5th,R8,K
[2024-07] 05-016-05-000,2024-07,2024,[07] July,"Jose Panganiban, Camarines Norte",[3] Ongoing Data Build-up,10%,,,,[B] Developmental,B,05-016-05-000,Jose Panganiban,Camarines Norte,Region V (Bicol Region),Municipality,2nd,R5,H
[2024-08] 05-016-05-000,2024-08,2024,[08] August,"Jose Panganiban, Camarines Norte",[3] Ongoing Data Build-up,10%,,,,[B] Developmental,B,05-016-05-000,Jose Panganiban,Camarines Norte,Region V (Bicol Region),Municipality,2nd,R5,H
[2024-07] 12-047-03-000,2024-07,2024,[07] July,"Kabacan, Cotabato",[1] Operational,,,,,[A] Operational,A,12-047-03-000,Kabacan,Cotabato,Region XII (SOCCSKSARGEN),Municipality,1st,R12,Q
[2024-08] 12-047-03-000,2024-08,2024,[08] August,"Kabacan, Cotabato",[1] Operational,,,,,[A] Operational,A,12-047-03-000,Kabacan,Cotabato,Region XII (SOCCSKSARGEN),Municipality,1st,R12,Q
[2024-07] 10-035-05-000,2024-07,2024,[07] July,"Kapatagan, Lanao del Norte",[1] Operational,,,,,[A] Operational,A,10-035-05-000,Kapatagan,Lanao del Norte,Region X (Northern Mindanao),Municipality,2nd,R10,N
[2024-08] 10-035-05-000,2024-08,2024,[08] August,"Kapatagan, Lanao del Norte",[1] Operational,,,,,[A] Operational,A,10-035-05-000,Kapatagan,Lanao del Norte,Region X (Northern Mindanao),Municipality,2nd,R10,N
[2024-09] 10-043-15-000,2024-09,2024,[09] September,"Libertad, Misamis Oriental",[8] Withdraw,,,,,[D] Withdraw,B,10-043-15-000,Libertad,Misamis Oriental,Region X (Northern Mindanao),Municipality,5th,R10,N
[2024-01] 06-030-34-000,2024-01,2024,[01] January,"Oton, Iloilo",[8] Withdraw,,,,,[D] Withdraw,B,06-030-34-000,Oton,Iloilo,Region VI (Western Visayas),Municipality,1st,R6,I
[2024-07] 08-037-28-000,2024-07,2024,[07] July,"La Paz, Leyte",[2] Pilot Testing,100%,,Waiting for first client.,Waiting for first client.,[B] Developmental,B,08-037-28-000,La Paz,Leyte,Region VIII (Eastern Visayas),Municipality,5th*,R8,K
[2024-08] 08-037-28-000,2024-08,2024,[08] August,"La Paz, Leyte",[2] Pilot Testing,100%,,Waiting for first client.,Waiting for first client.,[B] Developmental,B,08-037-28-000,La Paz,Leyte,Region VIII (Eastern Visayas),Municipality,5th*,R8,K
[2024-07] 09-073-12-000,2024-07,2024,[07] July,"Labangan, Zamboanga del Sur",[1] Operational,,,,,[A] Operational,B,09-073-12-000,Labangan,Zamboanga del Sur,Region IX (Zamboanga Peninsula),Municipality,3rd,R9,L
[2024-08] 09-073-12-000,2024-08,2024,[08] August,"Labangan, Zamboanga del Sur",[1] Operational,,,,,[A] Operational,B,09-073-12-000,Labangan,Zamboanga del Sur,Region IX (Zamboanga Peninsula),Municipality,3rd,R9,L
[2024-07] 05-016-06-000,2024-07,2024,[07] July,"Labo, Camarines Norte",[6] With Concerns,,"concern regarding manual entry of building permit number, due to conflict with complex applications numbering",,,[C] For Training/Others,B,05-016-06-000,Labo,Camarines Norte,Region V (Bicol Region),Municipality,1st,R5,H
[2024-08] 05-016-06-000,2024-08,2024,[08] August,"Labo, Camarines Norte",[6] With Concerns,,"concern regarding manual entry of building permit number, due to conflict with complex applications numbering",,,[C] For Training/Others,B,05-016-06-000,Labo,Camarines Norte,Region V (Bicol Region),Municipality,1st,R5,H
[2024-07] 10-043-13-000,2024-07,2024,[07] July,"Lagonglong, Misamis Oriental",[1] Operational,,,,,[A] Operational,A,10-043-13-000,Lagonglong,Misamis Oriental,Region X (Northern Mindanao),Municipality,5th,R10,N
[2024-08] 10-043-13-000,2024-08,2024,[08] August,"Lagonglong, Misamis Oriental",[1] Operational,,,,,[A] Operational,A,10-043-13-000,Lagonglong,Misamis Oriental,Region X (Northern Mindanao),Municipality,5th,R10,N
[2024-07] 09-073-33-000,2024-07,2024,[07] July,"Lakewood, Zamboanga del Sur",[2] Pilot Testing,75%,,,,[B] Developmental,B,09-073-33-000,Lakewood,Zamboanga del Sur,Region IX (Zamboanga Peninsula),Municipality,4th,R9,L
[2024-08] 09-073-33-000,2024-08,2024,[08] August,"Lakewood, Zamboanga del Sur",[2] Pilot Testing,75%,,,,[B] Developmental,B,09-073-33-000,Lakewood,Zamboanga del Sur,Region IX (Zamboanga Peninsula),Municipality,4th,R9,L
[2024-07] 06-030-25-000,2024-07,2024,[07] July,"Lambunao, Iloilo",[5] For Training,,,,,[C] For Training/Others,B,06-030-25-000,Lambunao,Iloilo,Region VI (Western Visayas),Municipality,1st,R6,I
[2024-08] 06-030-25-000,2024-08,2024,[08] August,"Lambunao, Iloilo",[5] For Training,,,,,[C] For Training/Others,B,06-030-25-000,Lambunao,Iloilo,Region VI (Western Visayas),Municipality,1st,R6,I
[2024-07] 01-055-48-000,2024-07,2024,[07] July,"Laoac, Pangasinan",[7] To Follow-up,,for schedule of training,For Follow-up,,[C] For Training/Others,B,01-055-48-000,Laoac,Pangasinan,Region I (Ilocos Region),Municipality,4th,R1,C
[2024-08] 01-055-48-000,2024-08,2024,[08] August,"Laoac, Pangasinan",[7] To Follow-up,,for schedule of training,For Follow-up,,[C] For Training/Others,B,01-055-48-000,Laoac,Pangasinan,Region I (Ilocos Region),Municipality,4th,R1,C
[2024-07] 16-002-07-000,2024-07,2024,[07] July,"Las Nieves, Agusan del Norte",[1] Operational,100%,,,,[A] Operational,A,16-002-07-000,Las Nieves,Agusan del Norte,Region XIII (Caraga),Municipality,2nd,R13,O
[2024-08] 16-002-07-000,2024-08,2024,[08] August,"Las Nieves, Agusan del Norte",[1] Operational,,,,,[A] Operational,A,16-002-07-000,Las Nieves,Agusan del Norte,Region XIII (Caraga),Municipality,2nd,R13,O
[2024-07] 06-006-09-000,2024-07,2024,[07] July,"Laua-An, Antique",[1] Operational,,,,,[A] Operational,A,06-006-09-000,Laua-An,Antique,Region VI (Western Visayas),Municipality,4th,R6,I
[2024-08] 06-006-09-000,2024-08,2024,[08] August,"Laua-An, Antique",[1] Operational,,,,,[A] Operational,A,06-006-09-000,Laua-An,Antique,Region VI (Western Visayas),Municipality,4th,R6,I
[2024-07] 12-065-06-000,2024-07,2024,[07] July,"Lebak, Sultan Kudarat",[7] To Follow-up,,Unresponsive,,,[C] For Training/Others,B,12-065-06-000,Lebak,Sultan Kudarat,Region XII (SOCCSKSARGEN),Municipality,1st,R12,Q
[2024-08] 12-065-06-000,2024-08,2024,[08] August,"Lebak, Sultan Kudarat",[7] To Follow-up,,UNRESPONSIVE,,,[C] For Training/Others,B,12-065-06-000,Lebak,Sultan Kudarat,Region XII (SOCCSKSARGEN),Municipality,1st,R12,Q
[2024-02] 06-030-34-000,2024-02,2024,[02] February,"Oton, Iloilo",[8] Withdraw,,,,,[D] Withdraw,B,06-030-34-000,Oton,Iloilo,Region VI (Western Visayas),Municipality,1st,R6,I
[2024-03] 06-030-34-000,2024-03,2024,[03] March,"Oton, Iloilo",[8] Withdraw,,,,,[D] Withdraw,B,06-030-34-000,Oton,Iloilo,Region VI (Western Visayas),Municipality,1st,R6,I
[2024-07] 08-037-29-000,2024-07,2024,[07] July,"Leyte, Leyte",[1] Operational,,,,Zero Transactions for the month of May 2024.,[A] Operational,A,08-037-29-000,Leyte,Leyte,Region VIII (Eastern Visayas),Municipality,4th*,R8,K
[2024-08] 08-037-29-000,2024-08,2024,[08] August,"Leyte, Leyte",[1] Operational,,,,Normal Operations,[A] Operational,A,08-037-29-000,Leyte,Leyte,Region VIII (Eastern Visayas),Municipality,4th*,R8,K
[2024-07] 04-010-13-000,2024-07,2024,[07] July,"Lian, Batangas",[1] Operational,,,,,[A] Operational,A,04-010-13-000,Lian,Batangas,Region IV-A (CALABARZON),Municipality,3rd,R4A,F
[2024-08] 04-010-13-000,2024-08,2024,[08] August,"Lian, Batangas",[1] Operational,,,,,[A] Operational,A,04-010-13-000,Lian,Batangas,Region IV-A (CALABARZON),Municipality,3rd,R4A,F
[2024-07] 06-006-10-000,2024-07,2024,[07] July,"Libertad, Antique",[1] Operational,,,,,[A] Operational,A,06-006-10-000,Libertad,Antique,Region VI (Western Visayas),Municipality,5th,R6,I
[2024-08] 06-006-10-000,2024-08,2024,[08] August,"Libertad, Antique",[1] Operational,,,,,[A] Operational,A,06-006-10-000,Libertad,Antique,Region VI (Western Visayas),Municipality,5th,R6,I
[2024-04] 06-030-34-000,2024-04,2024,[04] April,"Oton, Iloilo",[8] Withdraw,,,,,[D] Withdraw,B,06-030-34-000,Oton,Iloilo,Region VI (Western Visayas),Municipality,1st,R6,I
[2024-05] 06-030-34-000,2024-05,2024,[05] May,"Oton, Iloilo",[8] Withdraw,,,,,[D] Withdraw,B,06-030-34-000,Oton,Iloilo,Region VI (Western Visayas),Municipality,1st,R6,I
[2024-07] 03-008-06-000,2024-07,2024,[07] July,"Limay, Bataan",[6] With Concerns,,Internet connectivity issue and new staff,"Sent Notice Letter, awaiting for their reply
Intends to withdraw",for visitation,[C] For Training/Others,B,03-008-06-000,Limay,Bataan,Region III (Central Luzon),Municipality,1st,R3,E
[2024-08] 03-008-06-000,2024-08,2024,[08] August,"Limay, Bataan",[6] With Concerns,,Internet connectivity issue and new staff,"Sent Notice Letter, awaiting for their reply
Intends to withdraw",for visitation,[C] For Training/Others,B,03-008-06-000,Limay,Bataan,Region III (Central Luzon),Municipality,1st,R3,E
[2024-07] 16-068-12-000,2024-07,2024,[07] July,"Lingig, Surigao del Sur",[7] To Follow-up,,"
Last Status: For Data Buildup",A notice of unutilization was served. Still waiting for response letter,Unresponsive LGU,[C] For Training/Others,B,16-068-12-000,Lingig,Surigao del Sur,Region XIII (Caraga),Municipality,2nd,R13,O
[2024-08] 16-068-12-000,2024-08,2024,[08] August,"Lingig, Surigao del Sur",[7] To Follow-up,,"
Last Status: For Data Buildup",A notice of unutilization was served. Still waiting for response letter,Unresponsive LGU,[C] For Training/Others,B,16-068-12-000,Lingig,Surigao del Sur,Region XIII (Caraga),Municipality,2nd,R13,O
[2024-07] 17-059-07-000,2024-07,2024,[07] July,"Looc, Romblon",[1] Operational,,,,,[A] Operational,A,17-059-07-000,Looc,Romblon,MIMAROPA Region,Municipality,4th,R4B,G
[2024-08] 17-059-07-000,2024-08,2024,[08] August,"Looc, Romblon",[1] Operational,,,,,[A] Operational,A,17-059-07-000,Looc,Romblon,MIMAROPA Region,Municipality,4th,R4B,G
[2024-07] 11-025-07-000,2024-07,2024,[07] July,"Lupon, Davao Oriental",[1] Operational,,,,,[A] Operational,B,11-025-07-000,Lupon,Davao Oriental,Region XI (Davao Region),Municipality,1st,R11,P
[2024-08] 11-025-07-000,2024-08,2024,[08] August,"Lupon, Davao Oriental",[1] Operational,,,,,[A] Operational,B,11-025-07-000,Lupon,Davao Oriental,Region XI (Davao Region),Municipality,1st,R11,P
[2024-07] 04-010-16-000,2024-07,2024,[07] July,"Mabini, Batangas",[1] Operational,,,,,[A] Operational,A,04-010-16-000,Mabini,Batangas,Region IV-A (CALABARZON),Municipality,1st,R4A,F
[2024-08] 04-010-16-000,2024-08,2024,[08] August,"Mabini, Batangas",[1] Operational,,,,,[A] Operational,A,04-010-16-000,Mabini,Batangas,Region IV-A (CALABARZON),Municipality,1st,R4A,F
[2024-07] 03-054-10-000,2024-07,2024,[07] July,"Macabebe, Pampanga",[6] With Concerns,,New LGU Staff and Internet connectivity issue,"intended to withdraw
waiting for the withdrawal letter",for visitation,[C] For Training/Others,B,03-054-10-000,Macabebe,Pampanga,Region III (Central Luzon),Municipality,1st,R3,E
[2024-08] 03-054-10-000,2024-08,2024,[08] August,"Macabebe, Pampanga",[6] With Concerns,,New LGU Staff and Internet connectivity issue,"intended to withdraw
waiting for the withdrawal letter",for visitation,[C] For Training/Others,B,03-054-10-000,Macabebe,Pampanga,Region III (Central Luzon),Municipality,1st,R3,E
[2024-07] 08-064-08-000,2024-07,2024,[07] July,"Macrohon, Southern Leyte",[1] Operational,,,,Normal Operations,[A] Operational,A,08-064-08-000,Macrohon,Southern Leyte,Region VIII (Eastern Visayas),Municipality,4th,R8,K
[2024-08] 08-064-08-000,2024-08,2024,[08] August,"Macrohon, Southern Leyte",[1] Operational,,,,Normal Operations,[A] Operational,A,08-064-08-000,Macrohon,Southern Leyte,Region VIII (Eastern Visayas),Municipality,4th,R8,K
[2024-07] 07-022-28-000,2024-07,2024,[07] July,"Madridejos, Cebu",[1] Operational,,,,,[A] Operational,B,07-022-28-000,Madridejos,Cebu,Region VII (Central Visayas),Municipality,4th,R7,J
[2024-08] 07-022-28-000,2024-08,2024,[08] August,"Madridejos, Cebu",[1] Operational,,,,,[A] Operational,B,07-022-28-000,Madridejos,Cebu,Region VII (Central Visayas),Municipality,4th,R7,J
[2024-07] 04-021-12-000,2024-07,2024,[07] July,"Magallanes, Cavite",[1] Operational,,,,,[A] Operational,B,04-021-12-000,Magallanes,Cavite,Region IV-A (CALABARZON),Municipality,4th,R4A,F
[2024-08] 04-021-12-000,2024-08,2024,[08] August,"Magallanes, Cavite",[1] Operational,,,,,[A] Operational,B,04-021-12-000,Magallanes,Cavite,Region IV-A (CALABARZON),Municipality,4th,R4A,F
[2024-07] 10-035-12-000,2024-07,2024,[07] July,"Maigo, Lanao del Norte",[1] Operational,,,,,[A] Operational,A,10-035-12-000,Maigo,Lanao del Norte,Region X (Northern Mindanao),Municipality,4th,R10,N
[2024-08] 10-035-12-000,2024-08,2024,[08] August,"Maigo, Lanao del Norte",[1] Operational,,,,,[A] Operational,A,10-035-12-000,Maigo,Lanao del Norte,Region X (Northern Mindanao),Municipality,4th,R10,N
[2024-07] 11-024-08-000,2024-07,2024,[07] July,"Malalag, Davao del Sur",[1] Operational,,,,,[A] Operational,A,11-024-08-000,Malalag,Davao del Sur,Region XI (Davao Region),Municipality,2nd,R11,P
[2024-08] 11-024-08-000,2024-08,2024,[08] August,"Malalag, Davao del Sur",[1] Operational,,,,,[A] Operational,A,11-024-08-000,Malalag,Davao del Sur,Region XI (Davao Region),Municipality,2nd,R11,P
[2024-07] 06-045-18-000,2024-07,2024,[07] July,"Manapla, Negros Occidental",[1] Operational,,,,,[A] Operational,B,06-045-18-000,Manapla,Negros Occidental,Region VI (Western Visayas),Municipality,2nd,R6,I
[2024-08] 06-045-18-000,2024-08,2024,[08] August,"Manapla, Negros Occidental",[1] Operational,,,,,[A] Operational,B,06-045-18-000,Manapla,Negros Occidental,Region VI (Western Visayas),Municipality,2nd,R6,I
[2024-07] 11-025-08-000,2024-07,2024,[07] July,"Manay, Davao Oriental",[1] Operational,,,,,[A] Operational,A,11-025-08-000,Manay,Davao Oriental,Region XI (Davao Region),Municipality,2nd,R11,P
[2024-08] 11-025-08-000,2024-08,2024,[08] August,"Manay, Davao Oriental",[1] Operational,,,,,[A] Operational,A,11-025-08-000,Manay,Davao Oriental,Region XI (Davao Region),Municipality,2nd,R11,P
[2024-07] 10-043-18-000,2024-07,2024,[07] July,"Manticao, Misamis Oriental",[1] Operational,,,,,[A] Operational,B,10-043-18-000,Manticao,Misamis Oriental,Region X (Northern Mindanao),Municipality,4th,R10,N
[2024-08] 10-043-18-000,2024-08,2024,[08] August,"Manticao, Misamis Oriental",[1] Operational,,,,,[A] Operational,B,10-043-18-000,Manticao,Misamis Oriental,Region X (Northern Mindanao),Municipality,4th,R10,N
[2024-07] 11-082-05-000,2024-07,2024,[07] July,"Maragusan, Davao de Oro",[1] Operational,,,,,[A] Operational,B,11-082-05-000,Maragusan,Davao de Oro,Region XI (Davao Region),Municipality,1st,R11,P
[2024-08] 11-082-05-000,2024-08,2024,[08] August,"Maragusan, Davao de Oro",[1] Operational,,,,,[A] Operational,B,11-082-05-000,Maragusan,Davao de Oro,Region XI (Davao Region),Municipality,1st,R11,P
[2024-07] 03-077-07-000,2024-07,2024,[07] July,"Maria Aurora, Aurora",[1] Operational,,,,,[A] Operational,A,03-077-07-000,Maria Aurora,Aurora,Region III (Central Luzon),Municipality,2nd,R3,E
[2024-08] 03-077-07-000,2024-08,2024,[08] August,"Maria Aurora, Aurora",[1] Operational,,,,,[A] Operational,A,03-077-07-000,Maria Aurora,Aurora,Region III (Central Luzon),Municipality,2nd,R3,E
[2024-07] 11-024-10-000,2024-07,2024,[07] July,"Matanao, Davao del Sur",[2] Pilot Testing,100%,,,Waiting for actual transaction,[B] Developmental,A,11-024-10-000,Matanao,Davao del Sur,Region XI (Davao Region),Municipality,2nd,R11,P
[2024-08] 11-024-10-000,2024-08,2024,[08] August,"Matanao, Davao del Sur",[1] Operational,,,,,[A] Operational,A,11-024-10-000,Matanao,Davao del Sur,Region XI (Davao Region),Municipality,2nd,R11,P
[2024-07] 04-056-27-000,2024-07,2024,[07] July,"Mauban, Quezon",[1] Operational,,,,,[A] Operational,A,04-056-27-000,Mauban,Quezon,Region IV-A (CALABARZON),Municipality,1st,R4A,F
[2024-08] 04-056-27-000,2024-08,2024,[08] August,"Mauban, Quezon",[1] Operational,,,,,[A] Operational,A,04-056-27-000,Mauban,Quezon,Region IV-A (CALABARZON),Municipality,1st,R4A,F
[2024-07] 05-016-07-000,2024-07,2024,[07] July,"Mercedes, Camarines Norte",[3] Ongoing Data Build-up,80%,,,,[B] Developmental,B,05-016-07-000,Mercedes,Camarines Norte,Region V (Bicol Region),Municipality,2nd,R5,H
[2024-08] 05-016-07-000,2024-08,2024,[08] August,"Mercedes, Camarines Norte",[3] Ongoing Data Build-up,80%,,,,[B] Developmental,B,05-016-07-000,Mercedes,Camarines Norte,Region V (Bicol Region),Municipality,2nd,R5,H
[2024-07] 06-030-30-000,2024-07,2024,[07] July,"Miagao, Iloilo",[5] For Training,,,,,[C] For Training/Others,B,06-030-30-000,Miagao,Iloilo,Region VI (Western Visayas),Municipality,1st,R6,I
[2024-08] 06-030-30-000,2024-08,2024,[08] August,"Miagao, Iloilo",[5] For Training,,,,,[C] For Training/Others,B,06-030-30-000,Miagao,Iloilo,Region VI (Western Visayas),Municipality,1st,R6,I
[2024-07] 12-047-09-000,2024-07,2024,[07] July,"Midsayap, Cotabato",[1] Operational,,,,,[A] Operational,B,12-047-09-000,Midsayap,Cotabato,Region XII (SOCCSKSARGEN),Municipality,1st,R12,Q
[2024-08] 12-047-09-000,2024-08,2024,[08] August,"Midsayap, Cotabato",[1] Operational,,,,,[A] Operational,B,12-047-09-000,Midsayap,Cotabato,Region XII (SOCCSKSARGEN),Municipality,1st,R12,Q
[2024-07] 06-030-31-000,2024-07,2024,[07] July,"Mina, Iloilo",[1] Operational,,,,,[A] Operational,A,06-030-31-000,Mina,Iloilo,Region VI (Western Visayas),Municipality,5th,R6,I
[2024-08] 06-030-31-000,2024-08,2024,[08] August,"Mina, Iloilo",[1] Operational,,,,,[A] Operational,A,06-030-31-000,Mina,Iloilo,Region VI (Western Visayas),Municipality,5th,R6,I
[2024-07] 07-022-32-000,2024-07,2024,[07] July,"Minglanilla, Cebu",[7] To Follow-up,,OSCP Still in Construction; proposed to conduct Refresher Training when the OSCP Building is done; target to utilize this year 2024,,,[C] For Training/Others,B,07-022-32-000,Minglanilla,Cebu,Region VII (Central Visayas),Municipality,1st,R7,J
[2024-08] 07-022-32-000,2024-08,2024,[08] August,"Minglanilla, Cebu",[7] To Follow-up,,For Refresher Training,,,[C] For Training/Others,B,07-022-32-000,Minglanilla,Cebu,Region VII (Central Visayas),Municipality,1st,R7,J
[2024-07] 06-045-19-000,2024-07,2024,[07] July,"Moises Padilla, Negros Occidental",[1] Operational,,,,,[A] Operational,B,06-045-19-000,Moises Padilla,Negros Occidental,Region VI (Western Visayas),Municipality,3rd,R6,I
[2024-08] 06-045-19-000,2024-08,2024,[08] August,"Moises Padilla, Negros Occidental",[1] Operational,,,,,[A] Operational,B,06-045-19-000,Moises Padilla,Negros Occidental,Region VI (Western Visayas),Municipality,3rd,R6,I
[2024-07] 04-021-15-000,2024-07,2024,[07] July,"Naic, Cavite",[1] Operational,,,,,[A] Operational,A,04-021-15-000,Naic,Cavite,Region IV-A (CALABARZON),Municipality,1st,R4A,F
[2024-08] 04-021-15-000,2024-08,2024,[08] August,"Naic, Cavite",[1] Operational,,,,,[A] Operational,A,04-021-15-000,Naic,Cavite,Region IV-A (CALABARZON),Municipality,1st,R4A,F
[2024-07] 08-078-08-000,2024-07,2024,[07] July,"Naval, Biliran",[1] Operational,,,,Normal Operations,[A] Operational,A,08-078-08-000,Naval,Biliran,Region VIII (Eastern Visayas),Municipality,2nd,R8,K
[2024-08] 08-078-08-000,2024-08,2024,[08] August,"Naval, Biliran",[1] Operational,,,,Normal Operations,[A] Operational,A,08-078-08-000,Naval,Biliran,Region VIII (Eastern Visayas),Municipality,2nd,R8,K
[2024-07] 06-030-32-000,2024-07,2024,[07] July,"New Lucena, Iloilo",[1] Operational,,,,,[A] Operational,B,06-030-32-000,New Lucena,Iloilo,Region VI (Western Visayas),Municipality,4th,R6,I
[2024-08] 06-030-32-000,2024-08,2024,[08] August,"New Lucena, Iloilo",[1] Operational,,,,,[A] Operational,B,06-030-32-000,New Lucena,Iloilo,Region VI (Western Visayas),Municipality,4th,R6,I
[2024-07] 06-004-15-000,2024-07,2024,[07] July,"New Washington, Aklan",[1] Operational,,,,,[A] Operational,A,06-004-15-000,New Washington,Aklan,Region VI (Western Visayas),Municipality,3rd,R6,I
[2024-08] 06-004-15-000,2024-08,2024,[08] August,"New Washington, Aklan",[1] Operational,,,,,[A] Operational,A,06-004-15-000,New Washington,Aklan,Region VI (Western Visayas),Municipality,3rd,R6,I
[2024-07] 03-014-13-000,2024-07,2024,[07] July,"Norzagaray, Bulacan",[1] Operational,,,,,[A] Operational,A,03-014-13-000,Norzagaray,Bulacan,Region III (Central Luzon),Municipality,1st,R3,E
[2024-08] 03-014-13-000,2024-08,2024,[08] August,"Norzagaray, Bulacan",[1] Operational,,,,,[A] Operational,A,03-014-13-000,Norzagaray,Bulacan,Region III (Central Luzon),Municipality,1st,R3,E
[2024-06] 06-030-34-000,2024-06,2024,[06] June,"Oton, Iloilo",[8] Withdraw,,,,,[D] Withdraw,B,06-030-34-000,Oton,Iloilo,Region VI (Western Visayas),Municipality,1st,R6,I
[2024-07] 06-030-34-000,2024-07,2024,[07] July,"Oton, Iloilo",[8] Withdraw,,,,,[D] Withdraw,B,06-030-34-000,Oton,Iloilo,Region VI (Western Visayas),Municipality,1st,R6,I
[2024-07] 11-024-11-000,2024-07,2024,[07] July,"Padada, Davao del Sur",[1] Operational,,,,,[A] Operational,B,11-024-11-000,Padada,Davao del Sur,Region XI (Davao Region),Municipality,3rd,R11,P
[2024-08] 11-024-11-000,2024-08,2024,[08] August,"Padada, Davao del Sur",[1] Operational,,,,,[A] Operational,B,11-024-11-000,Padada,Davao del Sur,Region XI (Davao Region),Municipality,3rd,R11,P
[2024-07] 04-034-18-000,2024-07,2024,[07] July,"Paete, Laguna",[1] Operational,,,,,[A] Operational,B,04-034-18-000,Paete,Laguna,Region IV-A (CALABARZON),Municipality,4th,R4A,F
[2024-08] 04-034-18-000,2024-08,2024,[08] August,"Paete, Laguna",[1] Operational,,,,,[A] Operational,B,04-034-18-000,Paete,Laguna,Region IV-A (CALABARZON),Municipality,4th,R4A,F
[2024-07] 08-037-39-000,2024-07,2024,[07] July,"Palo, Leyte",[1] Operational,,,,Normal Operations,[A] Operational,A,08-037-39-000,Palo,Leyte,Region VIII (Eastern Visayas),Municipality,3rd,R8,K
[2024-08] 08-037-39-000,2024-08,2024,[08] August,"Palo, Leyte",[1] Operational,,,,Normal Operations,[A] Operational,A,08-037-39-000,Palo,Leyte,Region VIII (Eastern Visayas),Municipality,3rd,R8,K
[2024-07] 08-048-15-000,2024-07,2024,[07] July,"Pambujan, Northern Samar",[1] Operational,,,,,[A] Operational,A,08-048-15-000,Pambujan,Northern Samar,Region VIII (Eastern Visayas),Municipality,4th,R8,K
[2024-08] 08-048-15-000,2024-08,2024,[08] August,"Pambujan, Northern Samar",[1] Operational,,,,,[A] Operational,A,08-048-15-000,Pambujan,Northern Samar,Region VIII (Eastern Visayas),Municipality,4th,R8,K
[2024-07] 06-006-11-000,2024-07,2024,[07] July,"Pandan, Antique",[1] Operational,,,,,[A] Operational,A,06-006-11-000,Pandan,Antique,Region VI (Western Visayas),Municipality,4th,R6,I
[2024-08] 06-006-11-000,2024-08,2024,[08] August,"Pandan, Antique",[1] Operational,,,,,[A] Operational,A,06-006-11-000,Pandan,Antique,Region VI (Western Visayas),Municipality,4th,R6,I
[2024-07] 08-037-41-000,2024-07,2024,[07] July,"Pastrana, Leyte",[1] Operational,,,,Zero Transactions for the month of July 2024.,[A] Operational,A,08-037-41-000,Pastrana,Leyte,Region VIII (Eastern Visayas),Municipality,5th*,R8,K
[2024-08] 08-037-41-000,2024-08,2024,[08] August,"Pastrana, Leyte",[1] Operational,,,,Zero Transactions for the month of August 2024.,[A] Operational,A,08-037-41-000,Pastrana,Leyte,Region VIII (Eastern Visayas),Municipality,5th*,R8,K
[2024-07] 06-006-12-000,2024-07,2024,[07] July,"Patnongon, Antique",[1] Operational,,,,,[A] Operational,A,06-006-12-000,Patnongon,Antique,Region VI (Western Visayas),Municipality,3rd,R6,I
[2024-08] 06-006-12-000,2024-08,2024,[08] August,"Patnongon, Antique",[1] Operational,,,,,[A] Operational,A,06-006-12-000,Patnongon,Antique,Region VI (Western Visayas),Municipality,3rd,R6,I
[2024-07] 12-047-12-000,2024-07,2024,[07] July,"Pikit, Cotabato",[1] Operational,,,,,[A] Operational,B,12-047-12-000,Pikit,Cotabato,Region XII (SOCCSKSARGEN),Municipality,1st,R12,Q
[2024-08] 12-047-12-000,2024-08,2024,[08] August,"Pikit, Cotabato",[1] Operational,,,,,[A] Operational,B,12-047-12-000,Pikit,Cotabato,Region XII (SOCCSKSARGEN),Municipality,1st,R12,Q
[2024-07] 17-052-09-000,2024-07,2024,[07] July,"Pinamalayan, Oriental Mindoro",[1] Operational,,,,,[A] Operational,B,17-052-09-000,Pinamalayan,Oriental Mindoro,MIMAROPA Region,Municipality,1st,R4B,G
[2024-08] 17-052-09-000,2024-08,2024,[08] August,"Pinamalayan, Oriental Mindoro",[1] Operational,,,,,[A] Operational,B,17-052-09-000,Pinamalayan,Oriental Mindoro,MIMAROPA Region,Municipality,1st,R4B,G
[2024-07] 07-022-37-000,2024-07,2024,[07] July,"Pinamungajan, Cebu",[1] Operational,,,,,[A] Operational,A,07-022-37-000,Pinamungajan,Cebu,Region VII (Central Visayas),Municipality,2nd,R7,J
[2024-08] 07-022-37-000,2024-08,2024,[08] August,"Pinamungajan, Cebu",[1] Operational,,,,,[A] Operational,A,07-022-37-000,Pinamungajan,Cebu,Region VII (Central Visayas),Municipality,2nd,R7,J
[2024-07] 04-056-34-000,2024-07,2024,[07] July,"Pitogo, Quezon",[2] Pilot Testing,55%,,,,[B] Developmental,B,04-056-34-000,Pitogo,Quezon,Region IV-A (CALABARZON),Municipality,4th,R4A,F
[2024-08] 04-056-34-000,2024-08,2024,[08] August,"Pitogo, Quezon",[2] Pilot Testing,57%,,,,[B] Developmental,B,04-056-34-000,Pitogo,Quezon,Region IV-A (CALABARZON),Municipality,4th,R4A,F
[2024-07] 10-042-12-000,2024-07,2024,[07] July,"Plaridel, Misamis Occidental",[1] Operational,,,,,[A] Operational,A,10-042-12-000,Plaridel,Misamis Occidental,Region X (Northern Mindanao),Municipality,3rd,R10,N
[2024-08] 10-042-12-000,2024-08,2024,[08] August,"Plaridel, Misamis Occidental",[1] Operational,,,,,[A] Operational,A,10-042-12-000,Plaridel,Misamis Occidental,Region X (Northern Mindanao),Municipality,3rd,R10,N
[2024-07] 09-072-10-000,2024-07,2024,[07] July,"Polanco, Zamboanga del Norte",[1] Operational,,,,,[A] Operational,A,09-072-10-000,Polanco,Zamboanga del Norte,Region IX (Zamboanga Peninsula),Municipality,3rd,R9,L
[2024-08] 09-072-10-000,2024-08,2024,[08] August,"Polanco, Zamboanga del Norte",[1] Operational,,,,,[A] Operational,A,09-072-10-000,Polanco,Zamboanga del Norte,Region IX (Zamboanga Peninsula),Municipality,3rd,R9,L
[2024-07] 01-055-30-000,2024-07,2024,[07] July,"Pozorrubio, Pangasinan",[5] For Training,,,For Follow-up,,[C] For Training/Others,B,01-055-30-000,Pozorrubio,Pangasinan,Region I (Ilocos Region),Municipality,1st,R1,C
[2024-08] 01-055-30-000,2024-08,2024,[08] August,"Pozorrubio, Pangasinan",[5] For Training,,,For Follow-up,,[C] For Training/Others,B,01-055-30-000,Pozorrubio,Pangasinan,Region I (Ilocos Region),Municipality,1st,R1,C
[2024-07] 09-072-11-000,2024-07,2024,[07] July,"Pres. Manuel A. Roxas, Zamboanga del Norte",[2] Pilot Testing,75%,,,,[B] Developmental,B,09-072-11-000,Pres. Manuel A. Roxas,Zamboanga del Norte,Region IX (Zamboanga Peninsula),Municipality,2nd,R9,L
[2024-08] 09-072-11-000,2024-08,2024,[08] August,"Pres. Manuel A. Roxas, Zamboanga del Norte",[2] Pilot Testing,75%,,,,[B] Developmental,B,09-072-11-000,Pres. Manuel A. Roxas,Zamboanga del Norte,Region IX (Zamboanga Peninsula),Municipality,2nd,R9,L
[2024-07] 17-051-08-000,2024-07,2024,[07] July,"Rizal, Occidental Mindoro",[1] Operational,,,,,[A] Operational,B,17-051-08-000,Rizal,Occidental Mindoro,MIMAROPA Region,Municipality,3rd,R4B,G
[2024-08] 17-051-08-000,2024-08,2024,[08] August,"Rizal, Occidental Mindoro",[1] Operational,,,,,[A] Operational,B,17-051-08-000,Rizal,Occidental Mindoro,MIMAROPA Region,Municipality,3rd,R4B,G
[2024-07] 09-072-12-000,2024-07,2024,[07] July,"Rizal, Zamboanga del Norte",[2] Pilot Testing,25%,,,,[B] Developmental,B,09-072-12-000,Rizal,Zamboanga del Norte,Region IX (Zamboanga Peninsula),Municipality,5th,R9,L
[2024-08] 09-072-12-000,2024-08,2024,[08] August,"Rizal, Zamboanga del Norte",[2] Pilot Testing,25%,,,,[B] Developmental,B,09-072-12-000,Rizal,Zamboanga del Norte,Region IX (Zamboanga Peninsula),Municipality,5th,R9,L
[2024-07] 17-051-09-000,2024-07,2024,[07] July,"Sablayan, Occidental Mindoro",[1] Operational,,,,,[A] Operational,A,17-051-09-000,Sablayan,Occidental Mindoro,MIMAROPA Region,Municipality,1st,R4B,G
[2024-08] 17-051-09-000,2024-08,2024,[08] August,"Sablayan, Occidental Mindoro",[1] Operational,,,,,[A] Operational,A,17-051-09-000,Sablayan,Occidental Mindoro,MIMAROPA Region,Municipality,1st,R4B,G
[2024-07] 10-043-22-000,2024-07,2024,[07] July,"Salay, Misamis Oriental",[1] Operational,,,,,[A] Operational,A,10-043-22-000,Salay,Misamis Oriental,Region X (Northern Mindanao),Municipality,4th,R10,N
[2024-08] 10-043-22-000,2024-08,2024,[08] August,"Salay, Misamis Oriental",[1] Operational,,,,,[A] Operational,A,10-043-22-000,Salay,Misamis Oriental,Region X (Northern Mindanao),Municipality,4th,R10,N
[2024-07] 07-022-40-000,2024-07,2024,[07] July,"Samboan, Cebu",[2] Pilot Testing,25%,Decided not to continue; problem with the OBO lack of personnel,,,[B] Developmental,B,07-022-40-000,Samboan,Cebu,Region VII (Central Visayas),Municipality,5th,R7,J
[2024-08] 07-022-40-000,2024-08,2024,[08] August,"Samboan, Cebu",[2] Pilot Testing,25%,Decided not to continue; problem with the OBO lack of personnel,,,[B] Developmental,B,07-022-40-000,Samboan,Cebu,Region VII (Central Visayas),Municipality,5th,R7,J
[2024-07] 04-056-39-000,2024-07,2024,[07] July,"Sampaloc, Quezon",[1] Operational,,,,,[A] Operational,B,04-056-39-000,Sampaloc,Quezon,Region IV-A (CALABARZON),Municipality,5th,R4A,F
[2024-08] 04-056-39-000,2024-08,2024,[08] August,"Sampaloc, Quezon",[1] Operational,,,,,[A] Operational,B,04-056-39-000,Sampaloc,Quezon,Region IV-A (CALABARZON),Municipality,5th,R4A,F
[2024-07] 16-068-15-000,2024-07,2024,[07] July,"San Agustin, Surigao del Sur",[2] Pilot Testing,100%,Still waiting for an actual entry of application and issuance to tag them as operational/ compliant,"Refresher training was conducted last october 10, 2023",Unresponsive LGU,[B] Developmental,A,16-068-15-000,San Agustin,Surigao del Sur,Region XIII (Caraga),Municipality,4th,R13,O
[2024-08] 16-068-15-000,2024-08,2024,[08] August,"San Agustin, Surigao del Sur",[2] Pilot Testing,100%,,,Unresponsive LGU,[B] Developmental,A,16-068-15-000,San Agustin,Surigao del Sur,Region XIII (Caraga),Municipality,4th,R13,O
[2024-07] 03-071-09-000,2024-07,2024,[07] July,"San Antonio, Zambales",[2] Pilot Testing,92%,for visitation,,,[B] Developmental,B,03-071-09-000,San Antonio,Zambales,Region III (Central Luzon),Municipality,2nd,R3,E
[2024-08] 03-071-09-000,2024-08,2024,[08] August,"San Antonio, Zambales",[2] Pilot Testing,92%,,renovation of municipal hall,,[B] Developmental,B,03-071-09-000,San Antonio,Zambales,Region III (Central Luzon),Municipality,2nd,R3,E
[2024-07] 01-029-18-000,2024-07,2024,[07] July,"San Esteban, Ilocos Sur",[5] For Training,,,For Follow-up,,[C] For Training/Others,B,01-029-18-000,San Esteban,Ilocos Sur,Region I (Ilocos Region),Municipality,5th,R1,C
[2024-08] 01-029-18-000,2024-08,2024,[08] August,"San Esteban, Ilocos Sur",[5] For Training,,,For Follow-up,,[C] For Training/Others,B,01-029-18-000,San Esteban,Ilocos Sur,Region I (Ilocos Region),Municipality,5th,R1,C
[2024-07] 07-022-42-000,2024-07,2024,[07] July,"San Francisco, Cebu",[7] To Follow-up,,For Refresher Training for the new personnel in-charge,,,[C] For Training/Others,B,07-022-42-000,San Francisco,Cebu,Region VII (Central Visayas),Municipality,3rd,R7,J
[2024-08] 07-022-42-000,2024-08,2024,[08] August,"San Francisco, Cebu",[7] To Follow-up,,For Refresher Training for the new personnel in-charge,,,[C] For Training/Others,B,07-022-42-000,San Francisco,Cebu,Region VII (Central Visayas),Municipality,3rd,R7,J
[2024-07] 06-030-40-000,2024-07,2024,[07] July,"San Joaquin, Iloilo",[5] For Training,,,,,[C] For Training/Others,B,06-030-40-000,San Joaquin,Iloilo,Region VI (Western Visayas),Municipality,2nd,R6,I
[2024-08] 06-030-40-000,2024-08,2024,[08] August,"San Joaquin, Iloilo",[5] For Training,,,,,[C] For Training/Others,B,06-030-40-000,San Joaquin,Iloilo,Region VI (Western Visayas),Municipality,2nd,R6,I
[2024-07] 07-046-17-000,2024-07,2024,[07] July,"San Jose, Negros Oriental",[2] Pilot Testing,25%,For Refresher Training,,,[B] Developmental,B,07-046-17-000,San Jose,Negros Oriental,Region VII (Central Visayas),Municipality,5th,R7,J
[2024-08] 07-046-17-000,2024-08,2024,[08] August,"San Jose, Negros Oriental",[2] Pilot Testing,25%,For Refresher Training,,,[B] Developmental,B,07-046-17-000,San Jose,Negros Oriental,Region VII (Central Visayas),Municipality,5th,R7,J
[2024-07] 17-051-10-000,2024-07,2024,[07] July,"San Jose, Occidental Mindoro",[1] Operational,,,,,[A] Operational,A,17-051-10-000,San Jose,Occidental Mindoro,MIMAROPA Region,Municipality,1st,R4B,G
[2024-08] 17-051-10-000,2024-08,2024,[08] August,"San Jose, Occidental Mindoro",[1] Operational,,,,,[A] Operational,A,17-051-10-000,San Jose,Occidental Mindoro,MIMAROPA Region,Municipality,1st,R4B,G
[2024-07] 08-064-14-000,2024-07,2024,[07] July,"San Juan, Southern Leyte",[1] Operational,,,,Normal Operations,[A] Operational,A,08-064-14-000,San Juan,Southern Leyte,Region VIII (Eastern Visayas),Municipality,5th,R8,K
[2024-08] 08-064-14-000,2024-08,2024,[08] August,"San Juan, Southern Leyte",[1] Operational,,,,Normal Operations,[A] Operational,A,08-064-14-000,San Juan,Southern Leyte,Region VIII (Eastern Visayas),Municipality,5th,R8,K
[2024-07] 04-010-24-000,2024-07,2024,[07] July,"San Luis, Batangas",[1] Operational,,,,,[A] Operational,B,04-010-24-000,San Luis,Batangas,Region IV-A (CALABARZON),Municipality,4th,R4A,F
[2024-08] 04-010-24-000,2024-08,2024,[08] August,"San Luis, Batangas",[1] Operational,,,,,[A] Operational,B,04-010-24-000,San Luis,Batangas,Region IV-A (CALABARZON),Municipality,4th,R4A,F
[2024-07] 03-054-17-000,2024-07,2024,[07] July,"San Luis, Pampanga",[6] With Concerns,,"Still on process of familiarizing the whole system
for pilot testing 30%
Unresponsive LGU",for visitation,,[C] For Training/Others,B,03-054-17-000,San Luis,Pampanga,Region III (Central Luzon),Municipality,3rd,R3,E
[2024-08] 03-054-17-000,2024-08,2024,[08] August,"San Luis, Pampanga",[6] With Concerns,,"Still on process of familiarizing the whole system
for pilot testing 30%
Unresponsive LGU",for visitation,,[C] For Training/Others,B,03-054-17-000,San Luis,Pampanga,Region III (Central Luzon),Municipality,3rd,R3,E
[2024-07] 16-068-16-000,2024-07,2024,[07] July,"San Miguel, Surigao del Sur",[2] Pilot Testing,95%,Still waiting for an actual entry of application and issuance to tag them as operational/ compliant,"Refresher training was conducted last september 21-22, 2023",Unresponsive LGU,[B] Developmental,B,16-068-16-000,San Miguel,Surigao del Sur,Region XIII (Caraga),Municipality,1st,R13,O
[2024-08] 16-068-16-000,2024-08,2024,[08] August,"San Miguel, Surigao del Sur",[2] Pilot Testing,95%,,,Unresponsive LGU,[B] Developmental,B,16-068-16-000,San Miguel,Surigao del Sur,Region XIII (Caraga),Municipality,1st,R13,O
[2024-07] 03-071-12-000,2024-07,2024,[07] July,"San Narciso, Zambales",[1] Operational,,,,,[A] Operational,A,03-071-12-000,San Narciso,Zambales,Region III (Central Luzon),Municipality,4th,R3,E
[2024-08] 03-071-12-000,2024-08,2024,[08] August,"San Narciso, Zambales",[1] Operational,,,,,[A] Operational,A,03-071-12-000,San Narciso,Zambales,Region III (Central Luzon),Municipality,4th,R3,E
[2024-07] 04-010-25-000,2024-07,2024,[07] July,"San Nicolas, Batangas",[2] Pilot Testing,100%,For Launching,,For Launching,[B] Developmental,B,04-010-25-000,San Nicolas,Batangas,Region IV-A (CALABARZON),Municipality,5th,R4A,F
[2024-08] 04-010-25-000,2024-08,2024,[08] August,"San Nicolas, Batangas",[2] Pilot Testing,100%,For Launching,,For Launching,[B] Developmental,B,04-010-25-000,San Nicolas,Batangas,Region IV-A (CALABARZON),Municipality,5th,R4A,F
[2024-07] 09-073-25-000,2024-07,2024,[07] July,"San Pablo, Zamboanga del Sur",[2] Pilot Testing,75%,,,,[B] Developmental,B,09-073-25-000,San Pablo,Zamboanga del Sur,Region IX (Zamboanga Peninsula),Municipality,4th*,R9,L
[2024-08] 09-073-25-000,2024-08,2024,[08] August,"San Pablo, Zamboanga del Sur",[2] Pilot Testing,75%,,,,[B] Developmental,B,09-073-25-000,San Pablo,Zamboanga del Sur,Region IX (Zamboanga Peninsula),Municipality,4th*,R9,L
[2024-07] 08-048-20-000,2024-07,2024,[07] July,"San Roque, Northern Samar",[1] Operational,,,,Zero Transactions for the month of May 2024.,[A] Operational,A,08-048-20-000,San Roque,Northern Samar,Region VIII (Eastern Visayas),Municipality,4th,R8,K
[2024-08] 08-048-20-000,2024-08,2024,[08] August,"San Roque, Northern Samar",[1] Operational,,,,Normal Operations,[A] Operational,A,08-048-20-000,San Roque,Northern Samar,Region VIII (Eastern Visayas),Municipality,4th,R8,K
[2024-07] 17-052-13-000,2024-07,2024,[07] July,"San Teodoro, Oriental Mindoro",[1] Operational,,,,,[A] Operational,B,17-052-13-000,San Teodoro,Oriental Mindoro,MIMAROPA Region,Municipality,4th,R4B,G
[2024-08] 17-052-13-000,2024-08,2024,[08] August,"San Teodoro, Oriental Mindoro",[1] Operational,,,,,[A] Operational,B,17-052-13-000,San Teodoro,Oriental Mindoro,MIMAROPA Region,Municipality,4th,R4B,G
[2024-07] 17-053-19-000,2024-07,2024,[07] July,"San Vicente, Palawan",[1] Operational,,,,,[A] Operational,A,17-053-19-000,San Vicente,Palawan,MIMAROPA Region,Municipality,1st,R4B,G
[2024-08] 17-053-19-000,2024-08,2024,[08] August,"San Vicente, Palawan",[1] Operational,,,,,[A] Operational,A,17-053-19-000,San Vicente,Palawan,MIMAROPA Region,Municipality,1st,R4B,G
[2024-07] 06-030-43-000,2024-07,2024,[07] July,"Santa Barbara, Iloilo",[1] Operational,,,,,[A] Operational,B,06-030-43-000,Santa Barbara,Iloilo,Region VI (Western Visayas),Municipality,2nd,R6,I
[2024-08] 06-030-43-000,2024-08,2024,[08] August,"Santa Barbara, Iloilo",[1] Operational,,,,,[A] Operational,B,06-030-43-000,Santa Barbara,Iloilo,Region VI (Western Visayas),Municipality,2nd,R6,I
[2024-07] 03-069-15-000,2024-07,2024,[07] July,"Santa Ignacia, Tarlac",[1] Operational,,,,,[A] Operational,A,03-069-15-000,Santa Ignacia,Tarlac,Region III (Central Luzon),Municipality,2nd,R3,E
[2024-08] 03-069-15-000,2024-08,2024,[08] August,"Santa Ignacia, Tarlac",[1] Operational,,,,,[A] Operational,A,03-069-15-000,Santa Ignacia,Tarlac,Region III (Central Luzon),Municipality,2nd,R3,E
[2024-07] 04-010-27-000,2024-07,2024,[07] July,"Santa Teresita, Batangas",[1] Operational,,,,,[A] Operational,A,04-010-27-000,Santa Teresita,Batangas,Region IV-A (CALABARZON),Municipality,5th,R4A,F
[2024-08] 04-010-27-000,2024-08,2024,[08] August,"Santa Teresita, Batangas",[1] Operational,,,,,[A] Operational,A,04-010-27-000,Santa Teresita,Batangas,Region IV-A (CALABARZON),Municipality,5th,R4A,F
[2024-07] 06-019-15-000,2024-07,2024,[07] July,"Sapi-An, Capiz",[1] Operational,,,,,[A] Operational,A,06-019-15-000,Sapi-An,Capiz,Region VI (Western Visayas),Municipality,4th,R6,I
[2024-08] 06-019-15-000,2024-08,2024,[08] August,"Sapi-An, Capiz",[1] Operational,,,,,[A] Operational,A,06-019-15-000,Sapi-An,Capiz,Region VI (Western Visayas),Municipality,4th,R6,I
[2024-07] 06-030-44-000,2024-07,2024,[07] July,"Sara, Iloilo",[1] Operational,,,,,[A] Operational,B,06-030-44-000,Sara,Iloilo,Region VI (Western Visayas),Municipality,2nd,R6,I
[2024-08] 06-030-44-000,2024-08,2024,[08] August,"Sara, Iloilo",[1] Operational,,,,,[A] Operational,B,06-030-44-000,Sara,Iloilo,Region VI (Western Visayas),Municipality,2nd,R6,I
[2024-07] 06-006-15-000,2024-07,2024,[07] July,"Sebaste, Antique",[5] For Training,,,,,[C] For Training/Others,B,06-006-15-000,Sebaste,Antique,Region VI (Western Visayas),Municipality,4th,R6,I
[2024-08] 06-006-15-000,2024-08,2024,[08] August,"Sebaste, Antique",[5] For Training,,,,,[C] For Training/Others,B,06-006-15-000,Sebaste,Antique,Region VI (Western Visayas),Municipality,4th,R6,I
[2024-07] 09-072-15-000,2024-07,2024,[07] July,"Siayan, Zamboanga del Norte",[1] Operational,,,,,[A] Operational,B,09-072-15-000,Siayan,Zamboanga del Norte,Region IX (Zamboanga Peninsula),Municipality,2nd,R9,L
[2024-08] 09-072-15-000,2024-08,2024,[08] August,"Siayan, Zamboanga del Norte",[1] Operational,,,,,[A] Operational,B,09-072-15-000,Siayan,Zamboanga del Norte,Region IX (Zamboanga Peninsula),Municipality,2nd,R9,L
[2024-07] 10-042-14-000,2024-07,2024,[07] July,"Sinacaban, Misamis Occidental",[1] Operational,,,,,[A] Operational,A,10-042-14-000,Sinacaban,Misamis Occidental,Region X (Northern Mindanao),Municipality,5th,R10,N
[2024-08] 10-042-14-000,2024-08,2024,[08] August,"Sinacaban, Misamis Occidental",[1] Operational,,,,,[A] Operational,A,10-042-14-000,Sinacaban,Misamis Occidental,Region X (Northern Mindanao),Municipality,5th,R10,N
[2024-07] 09-072-18-000,2024-07,2024,[07] July,"Sindangan, Zamboanga del Norte",[7] To Follow-up,,"For Withdrawal : Despite confirming their attendance, LGU failed to show up for Refresher training and not responding afterward.",To send notice of withdrawal,,[C] For Training/Others,B,09-072-18-000,Sindangan,Zamboanga del Norte,Region IX (Zamboanga Peninsula),Municipality,1st,R9,L
[2024-08] 09-072-18-000,2024-08,2024,[08] August,"Sindangan, Zamboanga del Norte",[7] To Follow-up,,"For Withdrawal : Despite confirming their attendance, LGU failed to show up for Refresher training and not responding afterward.",To send notice of withdrawal,,[C] For Training/Others,B,09-072-18-000,Sindangan,Zamboanga del Norte,Region IX (Zamboanga Peninsula),Municipality,1st,R9,L
[2024-07] 16-067-23-000,2024-07,2024,[07] July,"Socorro, Surigao del Norte",[1] Operational,95%,,,,[A] Operational,B,16-067-23-000,Socorro,Surigao del Norte,Region XIII (Caraga),Municipality,4th,R13,O
[2024-08] 16-067-23-000,2024-08,2024,[08] August,"Socorro, Surigao del Norte",[1] Operational,,,,,[A] Operational,B,16-067-23-000,Socorro,Surigao del Norte,Region XIII (Caraga),Municipality,4th,R13,O
[2024-07] 08-064-17-000,2024-07,2024,[07] July,"Sogod, Southern Leyte",[1] Operational,,,,Normal Operations,[A] Operational,A,08-064-17-000,Sogod,Southern Leyte,Region VIII (Eastern Visayas),Municipality,2nd,R8,K
[2024-08] 08-064-17-000,2024-08,2024,[08] August,"Sogod, Southern Leyte",[1] Operational,,,,Normal Operations,[A] Operational,A,08-064-17-000,Sogod,Southern Leyte,Region VIII (Eastern Visayas),Municipality,2nd,R8,K
[2024-07] 11-024-14-000,2024-07,2024,[07] July,"Sulop, Davao del Sur",[1] Operational,,,,,[A] Operational,A,11-024-14-000,Sulop,Davao del Sur,Region XI (Davao Region),Municipality,3rd,R11,P
[2024-08] 11-024-14-000,2024-08,2024,[08] August,"Sulop, Davao del Sur",[1] Operational,,,,,[A] Operational,A,11-024-14-000,Sulop,Davao del Sur,Region XI (Davao Region),Municipality,3rd,R11,P
[2024-07] 04-010-29-000,2024-07,2024,[07] July,"Taal, Batangas",[1] Operational,,,,,[A] Operational,A,04-010-29-000,Taal,Batangas,Region IV-A (CALABARZON),Municipality,3rd,R4A,F
[2024-08] 04-010-29-000,2024-08,2024,[08] August,"Taal, Batangas",[1] Operational,,,,,[A] Operational,A,04-010-29-000,Taal,Batangas,Region IV-A (CALABARZON),Municipality,3rd,R4A,F
[2024-07] 16-067-25-000,2024-07,2024,[07] July,"Tagana-An, Surigao del Norte",[1] Operational,100%,,,,[A] Operational,A,16-067-25-000,Tagana-An,Surigao del Norte,Region XIII (Caraga),Municipality,5th*,R13,O
[2024-08] 16-067-25-000,2024-08,2024,[08] August,"Tagana-An, Surigao del Norte",[1] Operational,,,,,[A] Operational,A,16-067-25-000,Tagana-An,Surigao del Norte,Region XIII (Caraga),Municipality,5th*,R13,O
[2024-07] 16-068-17-000,2024-07,2024,[07] July,"Tagbina, Surigao del Sur",[1] Operational,100%,,,,[A] Operational,A,16-068-17-000,Tagbina,Surigao del Sur,Region XIII (Caraga),Municipality,2nd,R13,O
[2024-08] 16-068-17-000,2024-08,2024,[08] August,"Tagbina, Surigao del Sur",[1] Operational,,,,,[A] Operational,A,16-068-17-000,Tagbina,Surigao del Sur,Region XIII (Caraga),Municipality,2nd,R13,O
[2024-07] 16-068-18-000,2024-07,2024,[07] July,"Tago, Surigao del Sur",[1] Operational,100%,,,,[A] Operational,B,16-068-18-000,Tago,Surigao del Sur,Region XIII (Caraga),Municipality,2nd,R13,O
[2024-08] 16-068-18-000,2024-08,2024,[08] August,"Tago, Surigao del Sur",[1] Operational,,,,,[A] Operational,B,16-068-18-000,Tago,Surigao del Sur,Region XIII (Caraga),Municipality,2nd,R13,O
[2024-07] 10-043-24-000,2024-07,2024,[07] July,"Tagoloan, Misamis Oriental",[7] To Follow-up,,Responded. Lack of Manpower,To follow up LGU decision to continue or withdraw,To continue on 2024 as per OBO,[C] For Training/Others,B,10-043-24-000,Tagoloan,Misamis Oriental,Region X (Northern Mindanao),Municipality,1st,R10,N
[2024-08] 10-043-24-000,2024-08,2024,[08] August,"Tagoloan, Misamis Oriental",[7] To Follow-up,,Responded. Lack of Manpower,To follow up LGU decision to continue or withdraw,To continue on 2024 as per OBO,[C] For Training/Others,B,10-043-24-000,Tagoloan,Misamis Oriental,Region X (Northern Mindanao),Municipality,1st,R10,N
[2024-07] 19-066-13-000,2024-07,2024,[07] July,"Talipao, Sulu",[7] To Follow-up,,LGU decided to utilize the system. LGU requested for Refresher Training,,Coordinated with LGU. Sent the notice of withdrawal with reply slip template via email and courier.  Waiting for reponse from the LGU.,[C] For Training/Others,B,19-066-13-000,Talipao,Sulu,Bangsamoro Autonomous Region In Muslim Mindanao (BARMM),Municipality,1st,BARMM I,M
[2024-08] 19-066-13-000,2024-08,2024,[08] August,"Talipao, Sulu",[7] To Follow-up,,LGU decided to utilize the system. LGU requested for Refresher Training,,Coordinated with LGU. Sent the notice of withdrawal with reply slip template via email and courier.  Waiting for reponse from the LGU.,[C] For Training/Others,B,19-066-13-000,Talipao,Sulu,Bangsamoro Autonomous Region In Muslim Mindanao (BARMM),Municipality,1st,BARMM I,M
[2024-07] 05-016-11-000,2024-07,2024,[07] July,"Talisay, Camarines Norte",[1] Operational,,,,,[A] Operational,A,05-016-11-000,Talisay,Camarines Norte,Region V (Bicol Region),Municipality,4th,R5,H
[2024-08] 05-016-11-000,2024-08,2024,[08] August,"Talisay, Camarines Norte",[1] Operational,,,,,[A] Operational,A,05-016-11-000,Talisay,Camarines Norte,Region V (Bicol Region),Municipality,4th,R5,H
[2024-07] 10-043-25-000,2024-07,2024,[07] July,"Talisayan, Misamis Oriental",[1] Operational,,,,,[A] Operational,B,10-043-25-000,Talisayan,Misamis Oriental,Region X (Northern Mindanao),Municipality,4th,R10,N
[2024-08] 10-043-25-000,2024-08,2024,[08] August,"Talisayan, Misamis Oriental",[1] Operational,,,,,[A] Operational,B,10-043-25-000,Talisayan,Misamis Oriental,Region X (Northern Mindanao),Municipality,4th,R10,N
[2024-07] 06-004-17-000,2024-07,2024,[07] July,"Tangalan, Aklan",[1] Operational,,,,,[A] Operational,A,06-004-17-000,Tangalan,Aklan,Region VI (Western Visayas),Municipality,5th,R6,I
[2024-08] 06-004-17-000,2024-08,2024,[08] August,"Tangalan, Aklan",[1] Operational,,,,,[A] Operational,A,06-004-17-000,Tangalan,Aklan,Region VI (Western Visayas),Municipality,5th,R6,I
[2024-07] 06-019-17-000,2024-07,2024,[07] July,"Tapaz, Capiz",[1] Operational,,,,,[A] Operational,A,06-019-17-000,Tapaz,Capiz,Region VI (Western Visayas),Municipality,1st,R6,I
[2024-08] 06-019-17-000,2024-08,2024,[08] August,"Tapaz, Capiz",[1] Operational,,,,,[A] Operational,A,06-019-17-000,Tapaz,Capiz,Region VI (Western Visayas),Municipality,1st,R6,I
[2024-07] 11-025-11-000,2024-07,2024,[07] July,"Tarragona, Davao Oriental",[1] Operational,,,,,[A] Operational,B,11-025-11-000,Tarragona,Davao Oriental,Region XI (Davao Region),Municipality,3rd,R11,P
[2024-08] 11-025-11-000,2024-08,2024,[08] August,"Tarragona, Davao Oriental",[1] Operational,,,,,[A] Operational,B,11-025-11-000,Tarragona,Davao Oriental,Region XI (Davao Region),Municipality,3rd,R11,P
[2024-07] 09-083-15-000,2024-07,2024,[07] July,"Titay, Zamboanga Sibugay",[1] Operational,,,,,[A] Operational,A,09-083-15-000,Titay,Zamboanga Sibugay,Region IX (Zamboanga Peninsula),Municipality,2nd,R9,L
[2024-08] 09-083-15-000,2024-08,2024,[08] August,"Titay, Zamboanga Sibugay",[1] Operational,,,,,[A] Operational,A,09-083-15-000,Titay,Zamboanga Sibugay,Region IX (Zamboanga Peninsula),Municipality,2nd,R9,L
[2024-08] 06-030-34-000,2024-08,2024,[08] August,"Oton, Iloilo",[8] Withdraw,,,,,[D] Withdraw,B,06-030-34-000,Oton,Iloilo,Region VI (Western Visayas),Municipality,1st,R6,I
[2023-12] 06-030-34-000,2023-12,2023,[12] December,"Oton, Iloilo",[8] Withdraw,,,,,[D] Withdraw,B,06-030-34-000,Oton,Iloilo,Region VI (Western Visayas),Municipality,1st,R6,I
[2024-09] 06-030-34-000,2024-09,2024,[09] September,"Oton, Iloilo",[8] Withdraw,,,,,[D] Withdraw,B,06-030-34-000,Oton,Iloilo,Region VI (Western Visayas),Municipality,1st,R6,I
[2024-10] 06-030-34-000,2024-10,2024,[10] October,"Oton, Iloilo",[8] Withdraw,,,,,[D] Withdraw,B,06-030-34-000,Oton,Iloilo,Region VI (Western Visayas),Municipality,1st,R6,I
[2024-07] 08-064-18-000,2024-07,2024,[07] July,"Tomas Oppus, Southern Leyte",[1] Operational,,,,Normal Operations,[A] Operational,A,08-064-18-000,Tomas Oppus,Southern Leyte,Region VIII (Eastern Visayas),Municipality,5th,R8,K
[2024-08] 08-064-18-000,2024-08,2024,[08] August,"Tomas Oppus, Southern Leyte",[1] Operational,,,,Normal Operations,[A] Operational,A,08-064-18-000,Tomas Oppus,Southern Leyte,Region VIII (Eastern Visayas),Municipality,5th,R8,K
[2024-07] 16-003-12-000,2024-07,2024,[07] July,"Trento, Agusan del Sur",[2] Pilot Testing,100%,"Municipal Mayor of Trento expressed his intention to use the system however he wants to have the MOA signed first before using the system for  legal purposes. Moreover, only the USEC can sign the MOA so it might take so long to use the system.","The concern was already refferered to the Central Office.
Refresher training was conducted last September 15, 2023",,[B] Developmental,B,16-003-12-000,Trento,Agusan del Sur,Region XIII (Caraga),Municipality,1st,R13,O
[2024-08] 16-003-12-000,2024-08,2024,[08] August,"Trento, Agusan del Sur",[2] Pilot Testing,100%,,,,[B] Developmental,B,16-003-12-000,Trento,Agusan del Sur,Region XIII (Caraga),Municipality,1st,R13,O
[2024-07] 07-012-44-000,2024-07,2024,[07] July,"Trinidad, Bohol",[1] Operational,,,,,[A] Operational,B,07-012-44-000,Trinidad,Bohol,Region VII (Central Visayas),Municipality,3rd,R7,J
[2024-08] 07-012-44-000,2024-08,2024,[08] August,"Trinidad, Bohol",[1] Operational,,,,,[A] Operational,B,07-012-44-000,Trinidad,Bohol,Region VII (Central Visayas),Municipality,3rd,R7,J
[2024-07] 10-035-22-000,2024-07,2024,[07] July,"Tubod, Lanao del Norte",[2] Pilot Testing,70%,Still at 70% Updating of requirements category is not working,for follow up in PMT,,[B] Developmental,B,10-035-22-000,Tubod,Lanao del Norte,Region X (Northern Mindanao),Municipality,2nd,R10,N
[2024-08] 10-035-22-000,2024-08,2024,[08] August,"Tubod, Lanao del Norte",[2] Pilot Testing,70%,Still at 70% Updating of requirements category is not working,for follow up in PMT,,[B] Developmental,B,10-035-22-000,Tubod,Lanao del Norte,Region X (Northern Mindanao),Municipality,2nd,R10,N
[2024-07] 16-067-27-000,2024-07,2024,[07] July,"Tubod, Surigao del Norte",[1] Operational,100%,,,,[A] Operational,A,16-067-27-000,Tubod,Surigao del Norte,Region XIII (Caraga),Municipality,5th,R13,O
[2024-08] 16-067-27-000,2024-08,2024,[08] August,"Tubod, Surigao del Norte",[1] Operational,,,,,[A] Operational,A,16-067-27-000,Tubod,Surigao del Norte,Region XIII (Caraga),Municipality,5th,R13,O
[2024-07] 07-022-52-000,2024-07,2024,[07] July,"Tuburan, Cebu",[1] Operational,,,,,[A] Operational,A,07-022-52-000,Tuburan,Cebu,Region VII (Central Visayas),Municipality,2nd,R7,J
[2024-08] 07-022-52-000,2024-08,2024,[08] August,"Tuburan, Cebu",[1] Operational,,,,,[A] Operational,A,07-022-52-000,Tuburan,Cebu,Region VII (Central Visayas),Municipality,2nd,R7,J
[2024-07] 07-022-53-000,2024-07,2024,[07] July,"Tudela, Cebu",[1] Operational,,,,,[A] Operational,A,07-022-53-000,Tudela,Cebu,Region VII (Central Visayas),Municipality,5th,R7,J
[2024-08] 07-022-53-000,2024-08,2024,[08] August,"Tudela, Cebu",[1] Operational,,,,,[A] Operational,A,07-022-53-000,Tudela,Cebu,Region VII (Central Visayas),Municipality,5th,R7,J
[2024-07] 19-087-13-000,2024-07,2024,[07] July,"Upi, Maguindanao del Norte",[1] Operational,,,,,[A] Operational,A,19-087-13-000,Upi,Maguindanao del Norte,Bangsamoro Autonomous Region In Muslim Mindanao (BARMM),Municipality,1st,BARMM II,R
[2024-08] 19-087-13-000,2024-08,2024,[08] August,"Upi, Maguindanao del Norte",[1] Operational,,,,,[A] Operational,A,19-087-13-000,Upi,Maguindanao del Norte,Bangsamoro Autonomous Region In Muslim Mindanao (BARMM),Municipality,1st,BARMM II,R
[2024-07] 05-016-12-000,2024-07,2024,[07] July,"Vinzons, Camarines Norte",[3] Ongoing Data Build-up,98%,,,,[B] Developmental,B,05-016-12-000,Vinzons,Camarines Norte,Region V (Bicol Region),Municipality,3rd,R5,H
[2024-08] 05-016-12-000,2024-08,2024,[08] August,"Vinzons, Camarines Norte",[3] Ongoing Data Build-up,98%,,,,[B] Developmental,B,05-016-12-000,Vinzons,Camarines Norte,Region V (Bicol Region),Municipality,3rd,R5,H
[2024-07] 05-020-11-000,2024-07,2024,[07] July,"Virac, Catanduanes",[6] With Concerns,,May mga need pa po ayusin specially sa mga signatories,,,[C] For Training/Others,B,05-020-11-000,Virac,Catanduanes,Region V (Bicol Region),Municipality,1st,R5,H
[2024-08] 05-020-11-000,2024-08,2024,[08] August,"Virac, Catanduanes",[6] With Concerns,,May mga need pa po ayusin specially sa mga signatories,,,[C] For Training/Others,B,05-020-11-000,Virac,Catanduanes,Region V (Bicol Region),Municipality,1st,R5,H
[2024-07] 03-049-32-000,2024-07,2024,[07] July,"Zaragoza, Nueva Ecija",[2] Pilot Testing,99%,,for launching phase,,[B] Developmental,B,03-049-32-000,Zaragoza,Nueva Ecija,Region III (Central Luzon),Municipality,3rd,R3,E
[2024-08] 03-049-32-000,2024-08,2024,[08] August,"Zaragoza, Nueva Ecija",[2] Pilot Testing,99%,,for launching phase,,[B] Developmental,B,03-049-32-000,Zaragoza,Nueva Ecija,Region III (Central Luzon),Municipality,3rd,R3,E
[2024-07] 06-030-47-000,2024-07,2024,[07] July,"Zarraga, Iloilo",[5] For Training,,,,,[C] For Training/Others,B,06-030-47-000,Zarraga,Iloilo,Region VI (Western Visayas),Municipality,4th,R6,I
[2024-08] 06-030-47-000,2024-08,2024,[08] August,"Zarraga, Iloilo",[5] For Training,,,,,[C] For Training/Others,B,06-030-47-000,Zarraga,Iloilo,Region VI (Western Visayas),Municipality,4th,R6,I
[2023-12] 08-037-01-000,2023-12,2023,[12] December,"Abuyog, Leyte",[2] Pilot Testing,80%,Nonresponsive LGU,,Nonresponsive LGU,[B] Developmental,B,08-037-01-000,Abuyog,Leyte,Region VIII (Eastern Visayas),Municipality,1st*,R8,K
[2023-12] 04-056-02-000,2023-12,2023,[12] December,"Alabat, Quezon",[1] Operational,,,,,[A] Operational,B,04-056-02-000,Alabat,Quezon,Region IV-A (CALABARZON),Municipality,5th,R4A,F
[2023-12] 08-037-02-000,2023-12,2023,[12] December,"Alangalang, Leyte",[1] Operational,,,,Normal Operations,[A] Operational,A,08-037-02-000,Alangalang,Leyte,Region VIII (Eastern Visayas),Municipality,2nd,R8,K
[2023-12] 07-022-01-000,2023-12,2023,[12] December,"Alcantara, Cebu",[3] Ongoing Data Build-up,90%,,,LGU is unresponsive for calls and messages,[B] Developmental,B,07-022-01-000,Alcantara,Cebu,Region VII (Central Visayas),Municipality,5th,R7,J
[2023-12] 04-021-01-000,2023-12,2023,[12] December,"Alfonso, Cavite",[3] Ongoing Data Build-up,35%,,,,[B] Developmental,B,04-021-01-000,Alfonso,Cavite,Region IV-A (CALABARZON),Municipality,1st,R4A,F
[2024-01] 05-005-18-000,2024-01,2024,[01] January,"Tiwi, Albay",[8] Withdraw,,,,,[D] Withdraw,B,05-005-18-000,Tiwi,Albay,Region V (Bicol Region),Municipality,1st,R5,H
[2023-12] 06-030-02-000,2023-12,2023,[12] December,"Alimodian, Iloilo",[1] Operational,,,,,[A] Operational,B,06-030-02-000,Alimodian,Iloilo,Region VI (Western Visayas),Municipality,3rd,R6,I
[2023-12] 04-021-02-000,2023-12,2023,[12] December,"Amadeo, Cavite",[2] Pilot Testing,55%,,,,[B] Developmental,B,04-021-02-000,Amadeo,Cavite,Region IV-A (CALABARZON),Municipality,4th,R4A,F
[2023-12] 07-046-01-000,2023-12,2023,[12] December,"Amlan, Negros Oriental",[3] Ongoing Data Build-up,25%,,Internal problem in using the system LGU will call back once they fixed the problem,,[B] Developmental,B,07-046-01-000,Amlan,Negros Oriental,Region VII (Central Visayas),Municipality,4th,R7,J
[2023-12] 06-030-03-000,2023-12,2023,[12] December,"Anilao, Iloilo",[1] Operational,,,,,[A] Operational,B,06-030-03-000,Anilao,Iloilo,Region VI (Western Visayas),Municipality,4th,R6,I
[2023-12] 03-054-03-000,2023-12,2023,[12] December,"Arayat, Pampanga",[1] Operational,,,,,[A] Operational,A,03-054-03-000,Arayat,Pampanga,Region III (Central Luzon),Municipality,1st,R3,E
[2023-12] 07-022-05-000,2023-12,2023,[12] December,"Argao, Cebu",[1] Operational,,,,,[A] Operational,A,07-022-05-000,Argao,Cebu,Region VII (Central Visayas),Municipality,1st,R7,J
[2023-12] 02-031-03-000,2023-12,2023,[12] December,"Aurora, Isabela",[1] Operational,,,,,[A] Operational,B,02-031-03-000,Aurora,Isabela,Region II (Cagayan Valley),Municipality,3rd,R2,D
[2023-12] 17-052-01-000,2023-12,2023,[12] December,"Baco, Oriental Mindoro",[1] Operational,,,,,[A] Operational,B,17-052-01-000,Baco,Oriental Mindoro,MIMAROPA Region,Municipality,3rd,R4B,G
[2023-12] 10-035-01-000,2023-12,2023,[12] December,"Bacolod, Lanao del Norte",[1] Operational,,,,,[A] Operational,B,10-035-01-000,Bacolod,Lanao del Norte,Region X (Northern Mindanao),Municipality,4th,R10,N
[2023-12] 12-065-01-000,2023-12,2023,[12] December,"Bagumbayan, Sultan Kudarat",[3] Ongoing Data Build-up,70%,,,,[B] Developmental,B,12-065-01-000,Bagumbayan,Sultan Kudarat,Region XII (SOCCSKSARGEN),Municipality,1st,R12,Q
[2023-12] 07-022-08-000,2023-12,2023,[12] December,"Balamban, Cebu",[1] Operational,,,,,[A] Operational,A,07-022-08-000,Balamban,Cebu,Region VII (Central Visayas),Municipality,1st,R7,J
[2023-12] 06-030-05-000,2023-12,2023,[12] December,"Balasan, Iloilo",[1] Operational,,,,,[A] Operational,B,06-030-05-000,Balasan,Iloilo,Region VI (Western Visayas),Municipality,4th,R6,I
[2023-12] 04-010-03-000,2023-12,2023,[12] December,"Balayan, Batangas",[1] Operational,,,,,[A] Operational,A,04-010-03-000,Balayan,Batangas,Region IV-A (CALABARZON),Municipality,1st,R4A,F
[2023-12] 03-077-01-000,2023-12,2023,[12] December,"Baler, Aurora",[1] Operational,,,,,[A] Operational,A,03-077-01-000,Baler,Aurora,Region III (Central Luzon),Municipality,3rd,R3,E
[2023-12] 17-059-02-000,2023-12,2023,[12] December,"Banton, Romblon",[1] Operational,,,,,[A] Operational,B,17-059-02-000,Banton,Romblon,MIMAROPA Region,Municipality,5th,R4B,G
[2023-12] 06-006-02-000,2023-12,2023,[12] December,"Barbaza, Antique",[1] Operational,,,,,[A] Operational,B,06-006-02-000,Barbaza,Antique,Region VI (Western Visayas),Municipality,4th,R6,I
[2023-12] 05-062-02-000,2023-12,2023,[12] December,"Barcelona, Sorsogon",[3] Ongoing Data Build-up,85%,Applicants not familiar with the system and unstable internet connection,,,[B] Developmental,B,05-062-02-000,Barcelona,Sorsogon,Region V (Bicol Region),Municipality,5th,R5,H
[2023-12] 06-030-07-000,2023-12,2023,[12] December,"Barotac Nuevo, Iloilo",[1] Operational,,,,,[A] Operational,B,06-030-07-000,Barotac Nuevo,Iloilo,Region VI (Western Visayas),Municipality,2nd,R6,I
[2023-12] 06-030-08-000,2023-12,2023,[12] December,"Barotac Viejo, Iloilo",[5] For Training,,,,,[C] For Training/Others,B,06-030-08-000,Barotac Viejo,Iloilo,Region VI (Western Visayas),Municipality,3rd,R6,I
[2023-12] 07-046-05-000,2023-12,2023,[12] December,"Basay, Negros Oriental",[1] Operational,,,,,[A] Operational,B,07-046-05-000,Basay,Negros Oriental,Region VII (Central Visayas),Municipality,4th,R7,J
[2023-12] 08-060-02-000,2023-12,2023,[12] December,"Basey, Samar",[1] Operational,,,,Normal Operations,[A] Operational,B,08-060-02-000,Basey,Samar,Region VIII (Eastern Visayas),Municipality,1st,R8,K
[2023-12] 16-068-02-000,2023-12,2023,[12] December,"Bayabas, Surigao del Sur",[1] Operational,,,,,[A] Operational,A,16-068-02-000,Bayabas,Surigao del Sur,Region XIII (Caraga),Municipality,5th,R13,O
[2023-12] 06-030-10-000,2023-12,2023,[12] December,"Bingawan, Iloilo",[1] Operational,,,,,[A] Operational,B,06-030-10-000,Bingawan,Iloilo,Region VI (Western Visayas),Municipality,5th,R6,I
[2023-12] 10-042-03-000,2023-12,2023,[12] December,"Bonifacio, Misamis Occidental",[3] Ongoing Data Build-up,11%,,For reschedule on DBU training,,[B] Developmental,B,10-042-03-000,Bonifacio,Misamis Occidental,Region X (Northern Mindanao),Municipality,4th,R10,N
[2023-12] 11-025-03-000,2023-12,2023,[12] December,"Boston, Davao Oriental",[1] Operational,,,,,[A] Operational,A,11-025-03-000,Boston,Davao Oriental,Region XI (Davao Region),Municipality,3rd,R11,P
[2023-12] 07-012-09-000,2023-12,2023,[12] December,"Buenavista, Bohol",[1] Operational,,,,,[A] Operational,B,07-012-09-000,Buenavista,Bohol,Region VII (Central Visayas),Municipality,4th,R7,J
[2023-12] 06-079-01-000,2023-12,2023,[12] December,"Buenavista, Guimaras",[1] Operational,,,,,[A] Operational,B,06-079-01-000,Buenavista,Guimaras,Region VI (Western Visayas),Municipality,2nd,R6,I
[2023-12] 06-006-04-000,2023-12,2023,[12] December,"Bugasong, Antique",[1] Operational,,,,,[A] Operational,A,06-006-04-000,Bugasong,Antique,Region VI (Western Visayas),Municipality,3rd,R6,I
[2023-12] 17-053-07-000,2023-12,2023,[12] December,"Busuanga, Palawan",[1] Operational,,,,,[A] Operational,A,17-053-07-000,Busuanga,Palawan,MIMAROPA Region,Municipality,3rd,R4B,G
[2023-12] 06-030-12-000,2023-12,2023,[12] December,"Cabatuan, Iloilo",[1] Operational,,,,,[A] Operational,B,06-030-12-000,Cabatuan,Iloilo,Region VI (Western Visayas),Municipality,2nd,R6,I
[2023-12] 03-049-04-000,2023-12,2023,[12] December,"Cabiao, Nueva Ecija",[3] Ongoing Data Build-up,78%,,,,[B] Developmental,B,03-049-04-000,Cabiao,Nueva Ecija,Region III (Central Luzon),Municipality,1st,R3,E
[2023-12] 10-042-04-000,2023-12,2023,[12] December,"Calamba, Misamis Occidental",[1] Operational,,,,,[A] Operational,A,10-042-04-000,Calamba,Misamis Occidental,Region X (Northern Mindanao),Municipality,4th,R10,N
[2023-12] 06-030-13-000,2023-12,2023,[12] December,"Calinog, Iloilo",[1] Operational,,,,,[A] Operational,A,06-030-13-000,Calinog,Iloilo,Region VI (Western Visayas),Municipality,1st,R6,I
[2023-12] 04-056-08-000,2023-12,2023,[12] December,"Candelaria, Quezon",[1] Operational,,,,,[A] Operational,A,04-056-08-000,Candelaria,Quezon,Region IV-A (CALABARZON),Municipality,1st,R4A,F
[2023-12] 07-012-11-000,2023-12,2023,[12] December,"Candijay, Bohol",[1] Operational,,,,,[A] Operational,B,07-012-11-000,Candijay,Bohol,Region VII (Central Visayas),Municipality,4th,R7,J
[2023-12] 05-016-02-000,2023-12,2023,[12] December,"Capalonga, Camarines Norte",[3] Ongoing Data Build-up,10%,,,,[B] Developmental,B,05-016-02-000,Capalonga,Camarines Norte,Region V (Bicol Region),Municipality,3rd,R5,H
[2023-12] 08-037-15-000,2023-12,2023,[12] December,"Carigara, Leyte",[1] Operational,,,,Normal Operations,[A] Operational,B,08-037-15-000,Carigara,Leyte,Region VIII (Eastern Visayas),Municipality,2nd,R8,K
[2023-12] 16-068-06-000,2023-12,2023,[12] December,"Carmen, Surigao del Sur",[1] Operational,,,,,[A] Operational,A,16-068-06-000,Carmen,Surigao del Sur,Region XIII (Caraga),Municipality,5th,R13,O
[2023-12] 03-077-02-000,2023-12,2023,[12] December,"Casiguran, Aurora",[1] Operational,,,,,[A] Operational,A,03-077-02-000,Casiguran,Aurora,Region III (Central Luzon),Municipality,2nd,R3,E
[2023-12] 10-018-01-000,2023-12,2023,[12] December,"Catarman, Camiguin",[3] Ongoing Data Build-up,100%,,To operate on 2024,,[B] Developmental,B,10-018-01-000,Catarman,Camiguin,Region X (Northern Mindanao),Municipality,5th,R10,N
[2023-12] 11-025-05-000,2023-12,2023,[12] December,"Cateel, Davao Oriental",[1] Operational,,,,,[A] Operational,A,11-025-05-000,Cateel,Davao Oriental,Region XI (Davao Region),Municipality,2nd,R11,P
[2023-12] 04-034-07-000,2023-12,2023,[12] December,"Cavinti, Laguna",[2] Pilot Testing,20%,,,,[B] Developmental,B,04-034-07-000,Cavinti,Laguna,Region IV-A (CALABARZON),Municipality,3rd,R4A,F
[2023-12] 06-302-00-000,2023-12,2023,[12] December,"City of Bacolod, Negros Occidental",[1] Operational,,,,,[A] Operational,A,06-302-00-000,City of Bacolod,Negros Occidental,Region VI (Western Visayas),City,1st,R6,I
[2023-12] 01-028-05-000,2023-12,2023,[12] December,"City of Batac, Ilocos Norte",[3] Ongoing Data Build-up,40%,,Conducted UT last Nov 13-17,,[B] Developmental,B,01-028-05-000,City of Batac,Ilocos Norte,Region I (Ilocos Region),City,5th,R1,C
[2023-12] 08-026-04-000,2023-12,2023,[12] December,"City of Borongan, Eastern Samar",[1] Operational,,,,Normal Operations,[A] Operational,A,08-026-04-000,City of Borongan,Eastern Samar,Region VIII (Eastern Visayas),City,1st (as Mun),R8,K
[2023-12] 07-046-08-000,2023-12,2023,[12] December,"City of Canlaon, Negros Oriental",[2] Pilot Testing,100%,,Waiting for actual transaction,,[B] Developmental,B,07-046-08-000,City of Canlaon,Negros Oriental,Region VII (Central Visayas),City,4th,R7,J
[2023-12] 11-024-03-000,2023-12,2023,[12] December,"City of Digos, Davao del Sur",[1] Operational,,,,,[A] Operational,B,11-024-03-000,City of Digos,Davao del Sur,Region XI (Davao Region),City,2nd,R11,P
[2023-12] 10-043-08-000,2023-12,2023,[12] December,"City of Gingoog, Misamis Oriental",[1] Operational,,,,,[A] Operational,A,10-043-08-000,City of Gingoog,Misamis Oriental,Region X (Northern Mindanao),City,2nd,R10,N
[2023-12] 02-031-14-000,2023-12,2023,[12] December,"City of Ilagan, Isabela",[1] Operational,,,,,[A] Operational,A,02-031-14-000,City of Ilagan,Isabela,Region II (Cagayan Valley),City,1st (as Mun),R2,D
[2023-12] 06-045-15-000,2023-12,2023,[12] December,"City of Kabankalan, Negros Occidental",[1] Operational,,,,,[A] Operational,B,06-045-15-000,City of Kabankalan,Negros Occidental,Region VI (Western Visayas),City,1st,R6,I
[2023-12] 12-047-04-000,2023-12,2023,[12] December,"City of Kidapawan, Cotabato",[1] Operational,,,,,[A] Operational,A,12-047-04-000,City of Kidapawan,Cotabato,Region XII (SOCCSKSARGEN),City,3rd,R12,Q
[2023-12] 01-028-12-000,2023-12,2023,[12] December,"City of Laoag, Ilocos Norte",[5] For Training,,Waiting for the SB Resolution,For Follow-up,,[C] For Training/Others,B,01-028-12-000,City of Laoag,Ilocos Norte,Region I (Ilocos Region),City,3rd,R1,C
[2023-12] 08-064-07-000,2023-12,2023,[12] December,"City of Maasin, Southern Leyte",[1] Operational,,,,Normal Operations,[A] Operational,A,08-064-07-000,City of Maasin,Southern Leyte,Region VIII (Eastern Visayas),City,4th,R8,K
[2023-12] 11-025-09-000,2023-12,2023,[12] December,"City of Mati, Davao Oriental",[1] Operational,,,,,[A] Operational,A,11-025-09-000,City of Mati,Davao Oriental,Region XI (Davao Region),City,5th,R11,P
[2024-02] 05-005-18-000,2024-02,2024,[02] February,"Tiwi, Albay",[8] Withdraw,,,,,[D] Withdraw,B,05-005-18-000,Tiwi,Albay,Region V (Bicol Region),Municipality,1st,R5,H
[2023-12] 03-314-00-000,2023-12,2023,[12] December,"City of Olongapo, Zambales",[3] Ongoing Data Build-up,60%,,,,[B] Developmental,B,03-314-00-000,City of Olongapo,Zambales,Region III (Central Luzon),City,1st,R3,E
[2023-12] 03-049-19-000,2023-12,2023,[12] December,"City of Palayan, Nueva Ecija",[2] Pilot Testing,45%,,Still familiriazing the system and for visitation,,[B] Developmental,B,03-049-19-000,City of Palayan,Nueva Ecija,Region III (Central Luzon),City,5th,R3,E
[2023-12] 14-032-13-000,2023-12,2023,[12] December,"City of Tabuk, Kalinga",[2] Pilot Testing,25%,They are doing parallel processing using their manual and system if okay na sa kanila they will fully implement the system next year,,,[B] Developmental,B,14-032-13-000,City of Tabuk,Kalinga,Cordillera Administrative Region (CAR),City,5th,CAR,B
[2023-12] 10-042-15-000,2023-12,2023,[12] December,"City of Tangub, Misamis Occidental",[5] For Training,,,,,[C] For Training/Others,B,10-042-15-000,City of Tangub,Misamis Occidental,Region X (Northern Mindanao),City,4th,R10,N
[2023-12] 10-042-05-000,2023-12,2023,[12] December,"Clarin, Misamis Occidental",[5] For Training,,,,,[C] For Training/Others,B,10-042-05-000,Clarin,Misamis Occidental,Region X (Northern Mindanao),Municipality,4th,R10,N
[2023-12] 10-043-06-000,2023-12,2023,[12] December,"Claveria, Misamis Oriental",[1] Operational,,,,,[A] Operational,A,10-043-06-000,Claveria,Misamis Oriental,Region X (Northern Mindanao),Municipality,1st,R10,N
[2023-12] 07-022-18-000,2023-12,2023,[12] December,"Compostela, Cebu",[3] Ongoing Data Build-up,75%,,,,[B] Developmental,B,07-022-18-000,Compostela,Cebu,Region VII (Central Visayas),Municipality,3rd,R7,J
[2023-12] 06-030-15-000,2023-12,2023,[12] December,"Concepcion, Iloilo",[2] Pilot Testing,45%,,,,[B] Developmental,B,06-030-15-000,Concepcion,Iloilo,Region VI (Western Visayas),Municipality,3rd,R6,I
[2023-12] 17-053-09-000,2023-12,2023,[12] December,"Coron, Palawan",[1] Operational,,,,,[A] Operational,B,17-053-09-000,Coron,Palawan,MIMAROPA Region,Municipality,1st,R4B,G
[2023-12] 07-022-21-000,2023-12,2023,[12] December,"Daanbantayan, Cebu",[3] Ongoing Data Build-up,50%,"Done Refresher Training last December 4-6, 2023",,,[B] Developmental,B,07-022-21-000,Daanbantayan,Cebu,Region VII (Central Visayas),Municipality,1st,R7,J
[2023-12] 07-012-18-000,2023-12,2023,[12] December,"Danao, Bohol",[1] Operational,,,,,[A] Operational,B,07-012-18-000,Danao,Bohol,Region VII (Central Visayas),Municipality,4th*,R7,J
[2023-12] 01-055-19-000,2023-12,2023,[12] December,"Dasol, Pangasinan",[7] To Follow-up,,for schedule of training,For Follow-up,,[C] For Training/Others,B,01-055-19-000,Dasol,Pangasinan,Region I (Ilocos Region),Municipality,3rd,R1,C
[2023-12] 03-077-05-000,2023-12,2023,[12] December,"Dingalan, Aurora",[2] Pilot Testing,96%,,For refresher training,,[B] Developmental,B,03-077-05-000,Dingalan,Aurora,Region III (Central Luzon),Municipality,3rd,R3,E
[2023-12] 06-030-16-000,2023-12,2023,[12] December,"Dingle, Iloilo",[1] Operational,,,,,[A] Operational,A,06-030-16-000,Dingle,Iloilo,Region VI (Western Visayas),Municipality,3rd,R6,I
[2023-12] 03-077-06-000,2023-12,2023,[12] December,"Dipaculao, Aurora",[1] Operational,,,,,[A] Operational,B,03-077-06-000,Dipaculao,Aurora,Region III (Central Luzon),Municipality,3rd,R3,E
[2023-12] 09-073-08-000,2023-12,2023,[12] December,"Dumingag, Zamboanga del Sur",[3] Ongoing Data Build-up,50%,,,,[B] Developmental,B,09-073-08-000,Dumingag,Zamboanga del Sur,Region IX (Zamboanga Peninsula),Municipality,2nd,R9,L
[2023-12] 17-053-12-000,2023-12,2023,[12] December,"El Nido, Palawan",[1] Operational,,,,,[A] Operational,A,17-053-12-000,El Nido,Palawan,MIMAROPA Region,Municipality,1st,R4B,G
[2023-12] 17-059-16-000,2023-12,2023,[12] December,"Ferrol, Romblon",[1] Operational,,,,,[A] Operational,A,17-059-16-000,Ferrol,Romblon,MIMAROPA Region,Municipality,6th,R4B,G
[2023-12] 03-049-07-000,2023-12,2023,[12] December,"Gabaldon, Nueva Ecija",[2] Pilot Testing,60%,Requesting for refresher training,for schedule of training,,[B] Developmental,B,03-049-07-000,Gabaldon,Nueva Ecija,Region III (Central Luzon),Municipality,4th,R3,E
[2023-12] 08-060-07-000,2023-12,2023,[12] December,"Gandara, Samar",[2] Pilot Testing,95%,LGU is nonresponsive.,LGU target date of implementation is December 2023 but no progress/update.,LGU is nonresponsive.LGU target date of implementation is December 2023 but no progress/update.,[B] Developmental,B,08-060-07-000,Gandara,Samar,Region VIII (Eastern Visayas),Municipality,2nd,R8,K
[2023-12] 04-056-16-000,2023-12,2023,[12] December,"General Luna, Quezon",[1] Operational,,,,,[A] Operational,B,04-056-16-000,General Luna,Quezon,Region IV-A (CALABARZON),Municipality,4th,R4A,F
[2023-12] 04-056-17-000,2023-12,2023,[12] December,"General Nakar, Quezon",[1] Operational,,,,,[A] Operational,B,04-056-17-000,General Nakar,Quezon,Region IV-A (CALABARZON),Municipality,1st,R4A,F
[2023-12] 03-069-06-000,2023-12,2023,[12] December,"Gerona, Tarlac",[1] Operational,,,"Launched last November 10, 2023",,[A] Operational,B,03-069-06-000,Gerona,Tarlac,Region III (Central Luzon),Municipality,1st,R3,E
[2023-12] 17-052-06-000,2023-12,2023,[12] December,"Gloria, Oriental Mindoro",[1] Operational,,,,,[A] Operational,B,17-052-06-000,Gloria,Oriental Mindoro,MIMAROPA Region,Municipality,3rd,R4B,G
[2023-12] 09-073-43-000,2023-12,2023,[12] December,"Guipos, Zamboanga del Sur",[3] Ongoing Data Build-up,50%,,,,[B] Developmental,B,09-073-43-000,Guipos,Zamboanga del Sur,Region IX (Zamboanga Peninsula),Municipality,4th,R9,L
[2023-12] 08-026-09-000,2023-12,2023,[12] December,"Guiuan, Eastern Samar",[1] Operational,,,,Normal Operations,[A] Operational,B,08-026-09-000,Guiuan,Eastern Samar,Region VIII (Eastern Visayas),Municipality,2nd,R8,K
[2023-12] 04-056-19-000,2023-12,2023,[12] December,"Gumaca, Quezon",[7] To Follow-up,,LGU unresponsive,For visitation,,[C] For Training/Others,B,04-056-19-000,Gumaca,Quezon,Region IV-A (CALABARZON),Municipality,1st,R4A,F
[2023-12] 08-037-20-000,2023-12,2023,[12] December,"Hindang, Leyte",[1] Operational,,,,Zero transactions for the month of December 2023,[A] Operational,B,08-037-20-000,Hindang,Leyte,Region VIII (Eastern Visayas),Municipality,5th,R8,K
[2023-12] 06-045-11-000,2023-12,2023,[12] December,"Hinigaran, Negros Occidental",[1] Operational,,,,,[A] Operational,B,06-045-11-000,Hinigaran,Negros Occidental,Region VI (Western Visayas),Municipality,1st,R6,I
[2023-12] 03-071-05-000,2023-12,2023,[12] December,"Iba, Zambales",[2] Pilot Testing,60%,,,,[B] Developmental,B,03-071-05-000,Iba,Zambales,Region III (Central Luzon),Municipality,2nd,R3,E
[2023-12] 04-056-20-000,2023-12,2023,[12] December,"Infanta, Quezon",[1] Operational,,,,,[A] Operational,A,04-056-20-000,Infanta,Quezon,Region IV-A (CALABARZON),Municipality,1st,R4A,F
[2023-12] 06-030-23-000,2023-12,2023,[12] December,"Janiuay, Iloilo",[1] Operational,,,,,[A] Operational,B,06-030-23-000,Janiuay,Iloilo,Region VI (Western Visayas),Municipality,1st,R6,I
[2023-12] 10-043-11-000,2023-12,2023,[12] December,"Jasaan, Misamis Oriental",[3] Ongoing Data Build-up,100%,,,To operate on 2024,[B] Developmental,B,10-043-11-000,Jasaan,Misamis Oriental,Region X (Northern Mindanao),Municipality,2nd,R10,N
[2023-12] 08-037-24-000,2023-12,2023,[12] December,"Javier, Leyte",[1] Operational,,,,Normal Operations,[A] Operational,B,08-037-24-000,Javier,Leyte,Region VIII (Eastern Visayas),Municipality,4th*,R8,K
[2023-12] 08-060-09-000,2023-12,2023,[12] December,"Jiabong, Samar",[1] Operational,,,,Normal Operations,[A] Operational,B,08-060-09-000,Jiabong,Samar,Region VIII (Eastern Visayas),Municipality,5th,R8,K
[2023-12] 05-016-05-000,2023-12,2023,[12] December,"Jose Panganiban, Camarines Norte",[3] Ongoing Data Build-up,10%,,,,[B] Developmental,B,05-016-05-000,Jose Panganiban,Camarines Norte,Region V (Bicol Region),Municipality,2nd,R5,H
[2023-12] 12-047-03-000,2023-12,2023,[12] December,"Kabacan, Cotabato",[1] Operational,,,,,[A] Operational,A,12-047-03-000,Kabacan,Cotabato,Region XII (SOCCSKSARGEN),Municipality,1st,R12,Q
[2023-12] 10-035-05-000,2023-12,2023,[12] December,"Kapatagan, Lanao del Norte",[1] Operational,,,,,[A] Operational,A,10-035-05-000,Kapatagan,Lanao del Norte,Region X (Northern Mindanao),Municipality,2nd,R10,N
[2024-03] 05-005-18-000,2024-03,2024,[03] March,"Tiwi, Albay",[8] Withdraw,,,,,[D] Withdraw,B,05-005-18-000,Tiwi,Albay,Region V (Bicol Region),Municipality,1st,R5,H
[2023-12] 08-037-28-000,2023-12,2023,[12] December,"La Paz, Leyte",[2] Pilot Testing,100%,Nonresponsive,LGU committed but no update yet from LGU.,LGU committed but no update yet from LGU.,[B] Developmental,B,08-037-28-000,La Paz,Leyte,Region VIII (Eastern Visayas),Municipality,5th*,R8,K
[2023-12] 09-073-12-000,2023-12,2023,[12] December,"Labangan, Zamboanga del Sur",[1] Operational,,,,,[A] Operational,B,09-073-12-000,Labangan,Zamboanga del Sur,Region IX (Zamboanga Peninsula),Municipality,3rd,R9,L
[2023-12] 05-016-06-000,2023-12,2023,[12] December,"Labo, Camarines Norte",[6] With Concerns,,"concern regarding manual entry of building permit number, due to conflict with complex applications numbering",,,[C] For Training/Others,B,05-016-06-000,Labo,Camarines Norte,Region V (Bicol Region),Municipality,1st,R5,H
[2023-12] 10-043-13-000,2023-12,2023,[12] December,"Lagonglong, Misamis Oriental",[1] Operational,,,,,[A] Operational,A,10-043-13-000,Lagonglong,Misamis Oriental,Region X (Northern Mindanao),Municipality,5th,R10,N
[2023-12] 09-073-33-000,2023-12,2023,[12] December,"Lakewood, Zamboanga del Sur",[2] Pilot Testing,75%,,,,[B] Developmental,B,09-073-33-000,Lakewood,Zamboanga del Sur,Region IX (Zamboanga Peninsula),Municipality,4th,R9,L
[2023-12] 06-030-25-000,2023-12,2023,[12] December,"Lambunao, Iloilo",[5] For Training,,,,,[C] For Training/Others,B,06-030-25-000,Lambunao,Iloilo,Region VI (Western Visayas),Municipality,1st,R6,I
[2023-12] 01-055-48-000,2023-12,2023,[12] December,"Laoac, Pangasinan",[7] To Follow-up,,for schedule of training,For Follow-up,,[C] For Training/Others,B,01-055-48-000,Laoac,Pangasinan,Region I (Ilocos Region),Municipality,4th,R1,C
[2023-12] 16-002-07-000,2023-12,2023,[12] December,"Las Nieves, Agusan del Norte",[1] Operational,,,,,[A] Operational,A,16-002-07-000,Las Nieves,Agusan del Norte,Region XIII (Caraga),Municipality,2nd,R13,O
[2023-12] 06-006-09-000,2023-12,2023,[12] December,"Laua-An, Antique",[1] Operational,,,,,[A] Operational,A,06-006-09-000,Laua-An,Antique,Region VI (Western Visayas),Municipality,4th,R6,I
[2023-12] 12-065-06-000,2023-12,2023,[12] December,"Lebak, Sultan Kudarat",[7] To Follow-up,,LGU Unresponsive,Requested assistance from DILG XII,,[C] For Training/Others,B,12-065-06-000,Lebak,Sultan Kudarat,Region XII (SOCCSKSARGEN),Municipality,1st,R12,Q
[2024-04] 05-005-18-000,2024-04,2024,[04] April,"Tiwi, Albay",[8] Withdraw,,,,,[D] Withdraw,B,05-005-18-000,Tiwi,Albay,Region V (Bicol Region),Municipality,1st,R5,H
[2023-12] 08-037-29-000,2023-12,2023,[12] December,"Leyte, Leyte",[1] Operational,,,,Normal Operations,[A] Operational,A,08-037-29-000,Leyte,Leyte,Region VIII (Eastern Visayas),Municipality,4th*,R8,K
[2023-12] 04-010-13-000,2023-12,2023,[12] December,"Lian, Batangas",[1] Operational,,,,,[A] Operational,A,04-010-13-000,Lian,Batangas,Region IV-A (CALABARZON),Municipality,3rd,R4A,F
[2023-12] 06-006-10-000,2023-12,2023,[12] December,"Libertad, Antique",[1] Operational,,,,,[A] Operational,A,06-006-10-000,Libertad,Antique,Region VI (Western Visayas),Municipality,5th,R6,I
[2023-12] 10-043-15-000,2023-12,2023,[12] December,"Libertad, Misamis Oriental",[7] To Follow-up,,Responded. Lack of Manpower,To follow up LGU decision to continue or withdraw,To continue on 2024 as per OBO,[C] For Training/Others,B,10-043-15-000,Libertad,Misamis Oriental,Region X (Northern Mindanao),Municipality,5th,R10,N
[2023-12] 03-008-06-000,2023-12,2023,[12] December,"Limay, Bataan",[6] With Concerns,,Internet connectivity issue,"Sent Notice Letter, awaiting for their reply
Intends to withdraw
For visitation",,[C] For Training/Others,B,03-008-06-000,Limay,Bataan,Region III (Central Luzon),Municipality,1st,R3,E
[2023-12] 16-068-12-000,2023-12,2023,[12] December,"Lingig, Surigao del Sur",[7] To Follow-up,,"
Last Status: For Data Buildup",A notice of unutilization was served. Still waiting for response letter,,[C] For Training/Others,B,16-068-12-000,Lingig,Surigao del Sur,Region XIII (Caraga),Municipality,2nd,R13,O
[2023-12] 17-059-07-000,2023-12,2023,[12] December,"Looc, Romblon",[1] Operational,,,,,[A] Operational,A,17-059-07-000,Looc,Romblon,MIMAROPA Region,Municipality,4th,R4B,G
[2023-12] 11-025-07-000,2023-12,2023,[12] December,"Lupon, Davao Oriental",[1] Operational,,,,,[A] Operational,B,11-025-07-000,Lupon,Davao Oriental,Region XI (Davao Region),Municipality,1st,R11,P
[2023-12] 04-010-16-000,2023-12,2023,[12] December,"Mabini, Batangas",[1] Operational,,,,,[A] Operational,A,04-010-16-000,Mabini,Batangas,Region IV-A (CALABARZON),Municipality,1st,R4A,F
[2023-12] 03-054-10-000,2023-12,2023,[12] December,"Macabebe, Pampanga",[6] With Concerns,,New LGU Staff and Internet connectivity issue,"intended to withdraw
waiting for the withdrawal letter",,[C] For Training/Others,B,03-054-10-000,Macabebe,Pampanga,Region III (Central Luzon),Municipality,1st,R3,E
[2023-12] 08-064-08-000,2023-12,2023,[12] December,"Macrohon, Southern Leyte",[1] Operational,,,,Normal Operations,[A] Operational,A,08-064-08-000,Macrohon,Southern Leyte,Region VIII (Eastern Visayas),Municipality,4th,R8,K
[2023-12] 07-022-28-000,2023-12,2023,[12] December,"Madridejos, Cebu",[1] Operational,,,,,[A] Operational,B,07-022-28-000,Madridejos,Cebu,Region VII (Central Visayas),Municipality,4th,R7,J
[2023-12] 04-021-12-000,2023-12,2023,[12] December,"Magallanes, Cavite",[1] Operational,,,,,[A] Operational,B,04-021-12-000,Magallanes,Cavite,Region IV-A (CALABARZON),Municipality,4th,R4A,F
[2023-12] 10-035-12-000,2023-12,2023,[12] December,"Maigo, Lanao del Norte",[1] Operational,,,,,[A] Operational,A,10-035-12-000,Maigo,Lanao del Norte,Region X (Northern Mindanao),Municipality,4th,R10,N
[2023-12] 11-024-08-000,2023-12,2023,[12] December,"Malalag, Davao del Sur",[1] Operational,,,,,[A] Operational,A,11-024-08-000,Malalag,Davao del Sur,Region XI (Davao Region),Municipality,2nd,R11,P
[2023-12] 06-045-18-000,2023-12,2023,[12] December,"Manapla, Negros Occidental",[1] Operational,,,,,[A] Operational,B,06-045-18-000,Manapla,Negros Occidental,Region VI (Western Visayas),Municipality,2nd,R6,I
[2023-12] 11-025-08-000,2023-12,2023,[12] December,"Manay, Davao Oriental",[1] Operational,,,,,[A] Operational,A,11-025-08-000,Manay,Davao Oriental,Region XI (Davao Region),Municipality,2nd,R11,P
[2023-12] 10-043-18-000,2023-12,2023,[12] December,"Manticao, Misamis Oriental",[1] Operational,,,,,[A] Operational,B,10-043-18-000,Manticao,Misamis Oriental,Region X (Northern Mindanao),Municipality,4th,R10,N
[2023-12] 11-082-05-000,2023-12,2023,[12] December,"Maragusan, Davao de Oro",[1] Operational,,,,,[A] Operational,B,11-082-05-000,Maragusan,Davao de Oro,Region XI (Davao Region),Municipality,1st,R11,P
[2023-12] 03-077-07-000,2023-12,2023,[12] December,"Maria Aurora, Aurora",[1] Operational,,,,,[A] Operational,A,03-077-07-000,Maria Aurora,Aurora,Region III (Central Luzon),Municipality,2nd,R3,E
[2023-12] 04-056-27-000,2023-12,2023,[12] December,"Mauban, Quezon",[1] Operational,,,,,[A] Operational,A,04-056-27-000,Mauban,Quezon,Region IV-A (CALABARZON),Municipality,1st,R4A,F
[2023-12] 05-016-07-000,2023-12,2023,[12] December,"Mercedes, Camarines Norte",[3] Ongoing Data Build-up,80%,,,,[B] Developmental,B,05-016-07-000,Mercedes,Camarines Norte,Region V (Bicol Region),Municipality,2nd,R5,H
[2023-12] 06-030-30-000,2023-12,2023,[12] December,"Miagao, Iloilo",[5] For Training,,,,,[C] For Training/Others,B,06-030-30-000,Miagao,Iloilo,Region VI (Western Visayas),Municipality,1st,R6,I
[2023-12] 12-047-09-000,2023-12,2023,[12] December,"Midsayap, Cotabato",[1] Operational,,,,,[A] Operational,B,12-047-09-000,Midsayap,Cotabato,Region XII (SOCCSKSARGEN),Municipality,1st,R12,Q
[2023-12] 06-030-31-000,2023-12,2023,[12] December,"Mina, Iloilo",[1] Operational,,,,,[A] Operational,A,06-030-31-000,Mina,Iloilo,Region VI (Western Visayas),Municipality,5th,R6,I
[2023-12] 07-022-32-000,2023-12,2023,[12] December,"Minglanilla, Cebu",[7] To Follow-up,,OSCP Still in Construction; proposed to conduct Refresher Training when the OSCP Building is done; target to utilize next year,Followed up LGUs concern regarding this matter,They will utilized the system next year once OSCP is done,[C] For Training/Others,B,07-022-32-000,Minglanilla,Cebu,Region VII (Central Visayas),Municipality,1st,R7,J
[2023-12] 06-045-19-000,2023-12,2023,[12] December,"Moises Padilla, Negros Occidental",[1] Operational,,,,,[A] Operational,B,06-045-19-000,Moises Padilla,Negros Occidental,Region VI (Western Visayas),Municipality,3rd,R6,I
[2023-12] 04-021-15-000,2023-12,2023,[12] December,"Naic, Cavite",[1] Operational,,,,,[A] Operational,A,04-021-15-000,Naic,Cavite,Region IV-A (CALABARZON),Municipality,1st,R4A,F
[2023-12] 08-078-08-000,2023-12,2023,[12] December,"Naval, Biliran",[1] Operational,,,,Normal Operations,[A] Operational,A,08-078-08-000,Naval,Biliran,Region VIII (Eastern Visayas),Municipality,2nd,R8,K
[2023-12] 06-030-32-000,2023-12,2023,[12] December,"New Lucena, Iloilo",[1] Operational,,,,,[A] Operational,B,06-030-32-000,New Lucena,Iloilo,Region VI (Western Visayas),Municipality,4th,R6,I
[2023-12] 06-004-15-000,2023-12,2023,[12] December,"New Washington, Aklan",[1] Operational,,,,,[A] Operational,A,06-004-15-000,New Washington,Aklan,Region VI (Western Visayas),Municipality,3rd,R6,I
[2023-12] 03-014-13-000,2023-12,2023,[12] December,"Norzagaray, Bulacan",[1] Operational,,,,,[A] Operational,A,03-014-13-000,Norzagaray,Bulacan,Region III (Central Luzon),Municipality,1st,R3,E
[2024-05] 05-005-18-000,2024-05,2024,[05] May,"Tiwi, Albay",[8] Withdraw,,,,,[D] Withdraw,B,05-005-18-000,Tiwi,Albay,Region V (Bicol Region),Municipality,1st,R5,H
[2023-12] 11-024-11-000,2023-12,2023,[12] December,"Padada, Davao del Sur",[1] Operational,,,,,[A] Operational,B,11-024-11-000,Padada,Davao del Sur,Region XI (Davao Region),Municipality,3rd,R11,P
[2023-12] 04-034-18-000,2023-12,2023,[12] December,"Paete, Laguna",[1] Operational,,,,,[A] Operational,B,04-034-18-000,Paete,Laguna,Region IV-A (CALABARZON),Municipality,4th,R4A,F
[2023-12] 08-037-39-000,2023-12,2023,[12] December,"Palo, Leyte",[1] Operational,,,,Normal Operations,[A] Operational,A,08-037-39-000,Palo,Leyte,Region VIII (Eastern Visayas),Municipality,3rd,R8,K
[2023-12] 08-048-15-000,2023-12,2023,[12] December,"Pambujan, Northern Samar",[1] Operational,,,,Zero transactions for the month of December 2023,[A] Operational,A,08-048-15-000,Pambujan,Northern Samar,Region VIII (Eastern Visayas),Municipality,4th,R8,K
[2023-12] 06-006-11-000,2023-12,2023,[12] December,"Pandan, Antique",[1] Operational,,,,,[A] Operational,A,06-006-11-000,Pandan,Antique,Region VI (Western Visayas),Municipality,4th,R6,I
[2023-12] 08-037-41-000,2023-12,2023,[12] December,"Pastrana, Leyte",[1] Operational,,,,Normal Operations,[A] Operational,A,08-037-41-000,Pastrana,Leyte,Region VIII (Eastern Visayas),Municipality,5th*,R8,K
[2023-12] 06-006-12-000,2023-12,2023,[12] December,"Patnongon, Antique",[1] Operational,,,,,[A] Operational,A,06-006-12-000,Patnongon,Antique,Region VI (Western Visayas),Municipality,3rd,R6,I
[2023-12] 12-047-12-000,2023-12,2023,[12] December,"Pikit, Cotabato",[6] With Concerns,,On going retesting,,,[C] For Training/Others,B,12-047-12-000,Pikit,Cotabato,Region XII (SOCCSKSARGEN),Municipality,1st,R12,Q
[2023-12] 17-052-09-000,2023-12,2023,[12] December,"Pinamalayan, Oriental Mindoro",[1] Operational,,,,,[A] Operational,B,17-052-09-000,Pinamalayan,Oriental Mindoro,MIMAROPA Region,Municipality,1st,R4B,G
[2023-12] 07-022-37-000,2023-12,2023,[12] December,"Pinamungajan, Cebu",[1] Operational,,,,,[A] Operational,A,07-022-37-000,Pinamungajan,Cebu,Region VII (Central Visayas),Municipality,2nd,R7,J
[2023-12] 04-056-34-000,2023-12,2023,[12] December,"Pitogo, Quezon",[2] Pilot Testing,35%,,,,[B] Developmental,B,04-056-34-000,Pitogo,Quezon,Region IV-A (CALABARZON),Municipality,4th,R4A,F
[2023-12] 10-042-12-000,2023-12,2023,[12] December,"Plaridel, Misamis Occidental",[1] Operational,,,,,[A] Operational,A,10-042-12-000,Plaridel,Misamis Occidental,Region X (Northern Mindanao),Municipality,3rd,R10,N
[2023-12] 09-072-10-000,2023-12,2023,[12] December,"Polanco, Zamboanga del Norte",[1] Operational,,,,,[A] Operational,A,09-072-10-000,Polanco,Zamboanga del Norte,Region IX (Zamboanga Peninsula),Municipality,3rd,R9,L
[2023-12] 01-055-30-000,2023-12,2023,[12] December,"Pozorrubio, Pangasinan",[5] For Training,,,For Follow-up,,[C] For Training/Others,B,01-055-30-000,Pozorrubio,Pangasinan,Region I (Ilocos Region),Municipality,1st,R1,C
[2023-12] 09-072-11-000,2023-12,2023,[12] December,"Pres. Manuel A. Roxas, Zamboanga del Norte",[2] Pilot Testing,75%,,,,[B] Developmental,B,09-072-11-000,Pres. Manuel A. Roxas,Zamboanga del Norte,Region IX (Zamboanga Peninsula),Municipality,2nd,R9,L
[2023-12] 17-051-08-000,2023-12,2023,[12] December,"Rizal, Occidental Mindoro",[1] Operational,,,,,[A] Operational,B,17-051-08-000,Rizal,Occidental Mindoro,MIMAROPA Region,Municipality,3rd,R4B,G
[2023-12] 09-072-12-000,2023-12,2023,[12] December,"Rizal, Zamboanga del Norte",[2] Pilot Testing,25%,,,,[B] Developmental,B,09-072-12-000,Rizal,Zamboanga del Norte,Region IX (Zamboanga Peninsula),Municipality,5th,R9,L
[2023-12] 10-043-22-000,2023-12,2023,[12] December,"Salay, Misamis Oriental",[1] Operational,,,,,[A] Operational,A,10-043-22-000,Salay,Misamis Oriental,Region X (Northern Mindanao),Municipality,4th,R10,N
[2023-12] 07-022-40-000,2023-12,2023,[12] December,"Samboan, Cebu",[2] Pilot Testing,25%,,,,[B] Developmental,B,07-022-40-000,Samboan,Cebu,Region VII (Central Visayas),Municipality,5th,R7,J
[2023-12] 04-056-39-000,2023-12,2023,[12] December,"Sampaloc, Quezon",[1] Operational,,,,,[A] Operational,B,04-056-39-000,Sampaloc,Quezon,Region IV-A (CALABARZON),Municipality,5th,R4A,F
[2023-12] 16-068-15-000,2023-12,2023,[12] December,"San Agustin, Surigao del Sur",[2] Pilot Testing,100%,Still waiting for an actual entry of application and issuance to tag them as operational/ compliant,"Refresher training was conducted last october 11, 2023",,[B] Developmental,A,16-068-15-000,San Agustin,Surigao del Sur,Region XIII (Caraga),Municipality,4th,R13,O
[2023-12] 03-071-09-000,2023-12,2023,[12] December,"San Antonio, Zambales",[2] Pilot Testing,77%,,,,[B] Developmental,B,03-071-09-000,San Antonio,Zambales,Region III (Central Luzon),Municipality,2nd,R3,E
[2023-12] 01-029-18-000,2023-12,2023,[12] December,"San Esteban, Ilocos Sur",[5] For Training,,,For Follow-up,,[C] For Training/Others,B,01-029-18-000,San Esteban,Ilocos Sur,Region I (Ilocos Region),Municipality,5th,R1,C
[2023-12] 07-022-42-000,2023-12,2023,[12] December,"San Francisco, Cebu",[7] To Follow-up,,For Refresher Training for the new personnel in charge but maybe by next year since their schedule on December was already fully booked,,,[C] For Training/Others,B,07-022-42-000,San Francisco,Cebu,Region VII (Central Visayas),Municipality,3rd,R7,J
[2023-12] 06-030-40-000,2023-12,2023,[12] December,"San Joaquin, Iloilo",[5] For Training,,,,,[C] For Training/Others,B,06-030-40-000,San Joaquin,Iloilo,Region VI (Western Visayas),Municipality,2nd,R6,I
[2023-12] 07-046-17-000,2023-12,2023,[12] December,"San Jose, Negros Oriental",[3] Ongoing Data Build-up,100%,,LGU ask an ample time to practice the system,,[B] Developmental,B,07-046-17-000,San Jose,Negros Oriental,Region VII (Central Visayas),Municipality,5th,R7,J
[2023-12] 17-051-10-000,2023-12,2023,[12] December,"San Jose, Occidental Mindoro",[1] Operational,,,,,[A] Operational,A,17-051-10-000,San Jose,Occidental Mindoro,MIMAROPA Region,Municipality,1st,R4B,G
[2023-12] 08-064-14-000,2023-12,2023,[12] December,"San Juan, Southern Leyte",[1] Operational,,,,Normal Operations,[A] Operational,A,08-064-14-000,San Juan,Southern Leyte,Region VIII (Eastern Visayas),Municipality,5th,R8,K
[2023-12] 04-010-24-000,2023-12,2023,[12] December,"San Luis, Batangas",[1] Operational,,,,,[A] Operational,B,04-010-24-000,San Luis,Batangas,Region IV-A (CALABARZON),Municipality,4th,R4A,F
[2023-12] 03-054-17-000,2023-12,2023,[12] December,"San Luis, Pampanga",[6] With Concerns,,"Still on process of familiarizing the whole system
for pilot testing 30%",,,[C] For Training/Others,B,03-054-17-000,San Luis,Pampanga,Region III (Central Luzon),Municipality,3rd,R3,E
[2023-12] 16-068-16-000,2023-12,2023,[12] December,"San Miguel, Surigao del Sur",[2] Pilot Testing,95%,Still waiting for an actual entry of application and issuance to tag them as operational/ compliant,"Refresher training was conducted last october 10, 2023",,[B] Developmental,B,16-068-16-000,San Miguel,Surigao del Sur,Region XIII (Caraga),Municipality,1st,R13,O
[2023-12] 03-071-12-000,2023-12,2023,[12] December,"San Narciso, Zambales",[1] Operational,,,,,[A] Operational,A,03-071-12-000,San Narciso,Zambales,Region III (Central Luzon),Municipality,4th,R3,E
[2023-12] 04-010-25-000,2023-12,2023,[12] December,"San Nicolas, Batangas",[2] Pilot Testing,20%,,,,[B] Developmental,B,04-010-25-000,San Nicolas,Batangas,Region IV-A (CALABARZON),Municipality,5th,R4A,F
[2023-12] 09-073-25-000,2023-12,2023,[12] December,"San Pablo, Zamboanga del Sur",[2] Pilot Testing,75%,,,,[B] Developmental,B,09-073-25-000,San Pablo,Zamboanga del Sur,Region IX (Zamboanga Peninsula),Municipality,4th*,R9,L
[2023-12] 08-048-20-000,2023-12,2023,[12] December,"San Roque, Northern Samar",[1] Operational,,,,Normal Operations,[A] Operational,A,08-048-20-000,San Roque,Northern Samar,Region VIII (Eastern Visayas),Municipality,4th,R8,K
[2023-12] 17-052-13-000,2023-12,2023,[12] December,"San Teodoro, Oriental Mindoro",[1] Operational,,,,,[A] Operational,B,17-052-13-000,San Teodoro,Oriental Mindoro,MIMAROPA Region,Municipality,4th,R4B,G
[2023-12] 17-053-19-000,2023-12,2023,[12] December,"San Vicente, Palawan",[1] Operational,,,,,[A] Operational,A,17-053-19-000,San Vicente,Palawan,MIMAROPA Region,Municipality,1st,R4B,G
[2023-12] 06-030-43-000,2023-12,2023,[12] December,"Santa Barbara, Iloilo",[1] Operational,,,,,[A] Operational,B,06-030-43-000,Santa Barbara,Iloilo,Region VI (Western Visayas),Municipality,2nd,R6,I
[2023-12] 03-069-15-000,2023-12,2023,[12] December,"Santa Ignacia, Tarlac",[1] Operational,,,,,[A] Operational,A,03-069-15-000,Santa Ignacia,Tarlac,Region III (Central Luzon),Municipality,2nd,R3,E
[2023-12] 04-010-27-000,2023-12,2023,[12] December,"Santa Teresita, Batangas",[1] Operational,,,,,[A] Operational,A,04-010-27-000,Santa Teresita,Batangas,Region IV-A (CALABARZON),Municipality,5th,R4A,F
[2023-12] 06-019-15-000,2023-12,2023,[12] December,"Sapi-An, Capiz",[6] With Concerns,,Slow moving in utilizing the system.,,,[C] For Training/Others,A,06-019-15-000,Sapi-An,Capiz,Region VI (Western Visayas),Municipality,4th,R6,I
[2023-12] 06-030-44-000,2023-12,2023,[12] December,"Sara, Iloilo",[1] Operational,,,,,[A] Operational,B,06-030-44-000,Sara,Iloilo,Region VI (Western Visayas),Municipality,2nd,R6,I
[2023-12] 06-006-15-000,2023-12,2023,[12] December,"Sebaste, Antique",[5] For Training,,,,,[C] For Training/Others,B,06-006-15-000,Sebaste,Antique,Region VI (Western Visayas),Municipality,4th,R6,I
[2023-12] 09-072-15-000,2023-12,2023,[12] December,"Siayan, Zamboanga del Norte",[3] Ongoing Data Build-up,50%,,,,[B] Developmental,B,09-072-15-000,Siayan,Zamboanga del Norte,Region IX (Zamboanga Peninsula),Municipality,2nd,R9,L
[2023-12] 10-042-14-000,2023-12,2023,[12] December,"Sinacaban, Misamis Occidental",[1] Operational,,,,,[A] Operational,A,10-042-14-000,Sinacaban,Misamis Occidental,Region X (Northern Mindanao),Municipality,5th,R10,N
[2023-12] 09-072-18-000,2023-12,2023,[12] December,"Sindangan, Zamboanga del Norte",[7] To Follow-up,,"For Withdrawal : Despite confirming their attendance, LGU failed to show up for Refresher training and not responding afterward.",To send notice of withdrawal,,[C] For Training/Others,B,09-072-18-000,Sindangan,Zamboanga del Norte,Region IX (Zamboanga Peninsula),Municipality,1st,R9,L
[2023-12] 16-067-23-000,2023-12,2023,[12] December,"Socorro, Surigao del Norte",[2] Pilot Testing,95%,Still waiting for an actual entry of application and issuance to tag them as operational/ compliant,"Refresher training was conducted last september 21-22, 2023",,[B] Developmental,B,16-067-23-000,Socorro,Surigao del Norte,Region XIII (Caraga),Municipality,4th,R13,O
[2023-12] 08-064-17-000,2023-12,2023,[12] December,"Sogod, Southern Leyte",[1] Operational,,,,Normal Operations,[A] Operational,A,08-064-17-000,Sogod,Southern Leyte,Region VIII (Eastern Visayas),Municipality,2nd,R8,K
[2023-12] 11-024-14-000,2023-12,2023,[12] December,"Sulop, Davao del Sur",[1] Operational,,,,,[A] Operational,A,11-024-14-000,Sulop,Davao del Sur,Region XI (Davao Region),Municipality,3rd,R11,P
[2023-12] 04-010-29-000,2023-12,2023,[12] December,"Taal, Batangas",[1] Operational,,,,,[A] Operational,A,04-010-29-000,Taal,Batangas,Region IV-A (CALABARZON),Municipality,3rd,R4A,F
[2023-12] 16-067-25-000,2023-12,2023,[12] December,"Tagana-An, Surigao del Norte",[1] Operational,,,,,[A] Operational,A,16-067-25-000,Tagana-An,Surigao del Norte,Region XIII (Caraga),Municipality,5th*,R13,O
[2023-12] 16-068-17-000,2023-12,2023,[12] December,"Tagbina, Surigao del Sur",[1] Operational,,,,,[A] Operational,A,16-068-17-000,Tagbina,Surigao del Sur,Region XIII (Caraga),Municipality,2nd,R13,O
[2023-12] 16-068-18-000,2023-12,2023,[12] December,"Tago, Surigao del Sur",[7] To Follow-up,93%,"
Last Status: Pilot Testing",A notice of unutilization was served. Still waiting for response letter,,[C] For Training/Others,B,16-068-18-000,Tago,Surigao del Sur,Region XIII (Caraga),Municipality,2nd,R13,O
[2023-12] 10-043-24-000,2023-12,2023,[12] December,"Tagoloan, Misamis Oriental",[7] To Follow-up,,Responded. Lack of Manpower,To follow up LGU decision to continue or withdraw,To continue on 2024 as per OBO,[C] For Training/Others,B,10-043-24-000,Tagoloan,Misamis Oriental,Region X (Northern Mindanao),Municipality,1st,R10,N
[2023-12] 19-066-13-000,2023-12,2023,[12] December,"Talipao, Sulu",[2] Pilot Testing,75%,,,,[B] Developmental,B,19-066-13-000,Talipao,Sulu,Bangsamoro Autonomous Region In Muslim Mindanao (BARMM),Municipality,1st,BARMM I,M
[2023-12] 05-016-11-000,2023-12,2023,[12] December,"Talisay, Camarines Norte",[1] Operational,,,,,[A] Operational,A,05-016-11-000,Talisay,Camarines Norte,Region V (Bicol Region),Municipality,4th,R5,H
[2023-12] 10-043-25-000,2023-12,2023,[12] December,"Talisayan, Misamis Oriental",[3] Ongoing Data Build-up,100%,,,To operate on 2024,[B] Developmental,B,10-043-25-000,Talisayan,Misamis Oriental,Region X (Northern Mindanao),Municipality,4th,R10,N
[2023-12] 06-004-17-000,2023-12,2023,[12] December,"Tangalan, Aklan",[1] Operational,,,,,[A] Operational,A,06-004-17-000,Tangalan,Aklan,Region VI (Western Visayas),Municipality,5th,R6,I
[2023-12] 06-019-17-000,2023-12,2023,[12] December,"Tapaz, Capiz",[1] Operational,,,,,[A] Operational,A,06-019-17-000,Tapaz,Capiz,Region VI (Western Visayas),Municipality,1st,R6,I
[2023-12] 11-025-11-000,2023-12,2023,[12] December,"Tarragona, Davao Oriental",[1] Operational,,,,,[A] Operational,B,11-025-11-000,Tarragona,Davao Oriental,Region XI (Davao Region),Municipality,3rd,R11,P
[2023-12] 09-083-15-000,2023-12,2023,[12] December,"Titay, Zamboanga Sibugay",[1] Operational,,,,,[A] Operational,A,09-083-15-000,Titay,Zamboanga Sibugay,Region IX (Zamboanga Peninsula),Municipality,2nd,R9,L
[2024-06] 05-005-18-000,2024-06,2024,[06] June,"Tiwi, Albay",[8] Withdraw,,,,,[D] Withdraw,B,05-005-18-000,Tiwi,Albay,Region V (Bicol Region),Municipality,1st,R5,H
[2024-07] 05-005-18-000,2024-07,2024,[07] July,"Tiwi, Albay",[8] Withdraw,,,,,[D] Withdraw,B,05-005-18-000,Tiwi,Albay,Region V (Bicol Region),Municipality,1st,R5,H
[2023-12] 08-064-18-000,2023-12,2023,[12] December,"Tomas Oppus, Southern Leyte",[1] Operational,,,,Normal Operations,[A] Operational,A,08-064-18-000,Tomas Oppus,Southern Leyte,Region VIII (Eastern Visayas),Municipality,5th,R8,K
[2023-12] 16-003-12-000,2023-12,2023,[12] December,"Trento, Agusan del Sur",[2] Pilot Testing,100%,"The module's implementation is pending since the municipal mayor's needs the signed MOA first. The RD lacks the authority to sign the MOA; only the USEC has that prerogative, causing a delay in the process.","The concern was refered to central office, waiting for response.",,[B] Developmental,B,16-003-12-000,Trento,Agusan del Sur,Region XIII (Caraga),Municipality,1st,R13,O
[2023-12] 07-012-44-000,2023-12,2023,[12] December,"Trinidad, Bohol",[1] Operational,,,,,[A] Operational,B,07-012-44-000,Trinidad,Bohol,Region VII (Central Visayas),Municipality,3rd,R7,J
[2023-12] 10-035-22-000,2023-12,2023,[12] December,"Tubod, Lanao del Norte",[2] Pilot Testing,40%,,,,[B] Developmental,B,10-035-22-000,Tubod,Lanao del Norte,Region X (Northern Mindanao),Municipality,2nd,R10,N
[2023-12] 16-067-27-000,2023-12,2023,[12] December,"Tubod, Surigao del Norte",[1] Operational,100%,,"Refresher training was conducted last September 15, 2023",,[A] Operational,A,16-067-27-000,Tubod,Surigao del Norte,Region XIII (Caraga),Municipality,5th,R13,O
[2023-12] 07-022-52-000,2023-12,2023,[12] December,"Tuburan, Cebu",[1] Operational,,,,,[A] Operational,A,07-022-52-000,Tuburan,Cebu,Region VII (Central Visayas),Municipality,2nd,R7,J
[2023-12] 07-022-53-000,2023-12,2023,[12] December,"Tudela, Cebu",[1] Operational,,,,,[A] Operational,A,07-022-53-000,Tudela,Cebu,Region VII (Central Visayas),Municipality,5th,R7,J
[2023-12] 19-087-13-000,2023-12,2023,[12] December,"Upi, Maguindanao del Norte",[1] Operational,,,,With Ongoing Application,[A] Operational,A,19-087-13-000,Upi,Maguindanao del Norte,Bangsamoro Autonomous Region In Muslim Mindanao (BARMM),Municipality,1st,BARMM II,R
[2023-12] 05-016-12-000,2023-12,2023,[12] December,"Vinzons, Camarines Norte",[3] Ongoing Data Build-up,30%,,,,[B] Developmental,B,05-016-12-000,Vinzons,Camarines Norte,Region V (Bicol Region),Municipality,3rd,R5,H
[2023-12] 05-020-11-000,2023-12,2023,[12] December,"Virac, Catanduanes",[6] With Concerns,,Not using the system,,,[C] For Training/Others,B,05-020-11-000,Virac,Catanduanes,Region V (Bicol Region),Municipality,1st,R5,H
[2023-12] 03-049-32-000,2023-12,2023,[12] December,"Zaragoza, Nueva Ecija",[2] Pilot Testing,90%,,for launching phase,,[B] Developmental,B,03-049-32-000,Zaragoza,Nueva Ecija,Region III (Central Luzon),Municipality,3rd,R3,E
[2023-12] 06-030-47-000,2023-12,2023,[12] December,"Zarraga, Iloilo",[5] For Training,,,,,[C] For Training/Others,B,06-030-47-000,Zarraga,Iloilo,Region VI (Western Visayas),Municipality,4th,R6,I
[2024-09] 07-022-01-000,2024-09,2024,[09] September,"Alcantara, Cebu",[3] Ongoing Data Build-up,90%,,,,[B] Developmental,B,07-022-01-000,Alcantara,Cebu,Region VII (Central Visayas),Municipality,5th,R7,J
[2024-09] 07-046-01-000,2024-09,2024,[09] September,"Amlan, Negros Oriental",[3] Ongoing Data Build-up,25%,"For refresher Training;
not yet scheduled",,,[B] Developmental,B,07-046-01-000,Amlan,Negros Oriental,Region VII (Central Visayas),Municipality,4th,R7,J
[2024-09] 07-022-05-000,2024-09,2024,[09] September,"Argao, Cebu",[1] Operational,,,,,[A] Operational,A,07-022-05-000,Argao,Cebu,Region VII (Central Visayas),Municipality,1st,R7,J
[2024-09] 07-022-08-000,2024-09,2024,[09] September,"Balamban, Cebu",[1] Operational,,,,,[A] Operational,A,07-022-08-000,Balamban,Cebu,Region VII (Central Visayas),Municipality,1st,R7,J
[2024-09] 07-046-05-000,2024-09,2024,[09] September,"Basay, Negros Oriental",[1] Operational,,,,,[A] Operational,B,07-046-05-000,Basay,Negros Oriental,Region VII (Central Visayas),Municipality,4th,R7,J
[2024-09] 07-012-09-000,2024-09,2024,[09] September,"Buenavista, Bohol",[1] Operational,,,,,[A] Operational,B,07-012-09-000,Buenavista,Bohol,Region VII (Central Visayas),Municipality,4th,R7,J
[2024-09] 07-012-11-000,2024-09,2024,[09] September,"Candijay, Bohol",[1] Operational,,,,,[A] Operational,B,07-012-11-000,Candijay,Bohol,Region VII (Central Visayas),Municipality,4th,R7,J
[2024-09] 07-046-08-000,2024-09,2024,[09] September,"City of Canlaon, Negros Oriental",[1] Operational,,,,,[A] Operational,B,07-046-08-000,City of Canlaon,Negros Oriental,Region VII (Central Visayas),City,4th,R7,J
[2024-09] 07-313-00-000,2024-09,2024,[09] September,"City of Mandaue, Cebu",[3] Ongoing Data Build-up,25%,,,,[B] Developmental,A,07-313-00-000,City of Mandaue,Cebu,Region VII (Central Visayas),City,1st,R7,J
[2024-09] 07-022-18-000,2024-09,2024,[09] September,"Compostela, Cebu",[3] Ongoing Data Build-up,75%,,,,[B] Developmental,B,07-022-18-000,Compostela,Cebu,Region VII (Central Visayas),Municipality,3rd,R7,J
[2024-09] 07-022-21-000,2024-09,2024,[09] September,"Daanbantayan, Cebu",[3] Ongoing Data Build-up,75%,,,,[B] Developmental,B,07-022-21-000,Daanbantayan,Cebu,Region VII (Central Visayas),Municipality,1st,R7,J
[2024-09] 07-012-18-000,2024-09,2024,[09] September,"Danao, Bohol",[1] Operational,,,,,[A] Operational,B,07-012-18-000,Danao,Bohol,Region VII (Central Visayas),Municipality,4th*,R7,J
[2024-09] 07-022-28-000,2024-09,2024,[09] September,"Madridejos, Cebu",[1] Operational,,,,,[A] Operational,B,07-022-28-000,Madridejos,Cebu,Region VII (Central Visayas),Municipality,4th,R7,J
[2024-09] 07-022-32-000,2024-09,2024,[09] September,"Minglanilla, Cebu",[7] To Follow-up,,"For Refresher Training;
not yet scheduled",,,[C] For Training/Others,B,07-022-32-000,Minglanilla,Cebu,Region VII (Central Visayas),Municipality,1st,R7,J
[2024-09] 07-022-37-000,2024-09,2024,[09] September,"Pinamungajan, Cebu",[1] Operational,,,,,[A] Operational,A,07-022-37-000,Pinamungajan,Cebu,Region VII (Central Visayas),Municipality,2nd,R7,J
[2024-09] 07-022-40-000,2024-09,2024,[09] September,"Samboan, Cebu",[6] With Concerns,,Decided not to continue; problem with the OBO lack of personnel ; waiting for the withdrawal letter,,,[C] For Training/Others,B,07-022-40-000,Samboan,Cebu,Region VII (Central Visayas),Municipality,5th,R7,J
[2024-09] 07-022-42-000,2024-09,2024,[09] September,"San Francisco, Cebu",[2] Pilot Testing,100%,"Done Refresher Training last Septmber 17-19, 2024 for the new personnel in-charge.",,,[B] Developmental,B,07-022-42-000,San Francisco,Cebu,Region VII (Central Visayas),Municipality,3rd,R7,J
[2024-09] 07-046-17-000,2024-09,2024,[09] September,"San Jose, Negros Oriental",[2] Pilot Testing,25%,"For Refresher Training;
not yet scheduled",,,[B] Developmental,B,07-046-17-000,San Jose,Negros Oriental,Region VII (Central Visayas),Municipality,5th,R7,J
[2024-09] 07-012-44-000,2024-09,2024,[09] September,"Trinidad, Bohol",[1] Operational,,,,,[A] Operational,B,07-012-44-000,Trinidad,Bohol,Region VII (Central Visayas),Municipality,3rd,R7,J
[2024-09] 07-022-52-000,2024-09,2024,[09] September,"Tuburan, Cebu",[1] Operational,,,,,[A] Operational,A,07-022-52-000,Tuburan,Cebu,Region VII (Central Visayas),Municipality,2nd,R7,J
[2024-09] 07-022-53-000,2024-09,2024,[09] September,"Tudela, Cebu",[1] Operational,,,,,[A] Operational,A,07-022-53-000,Tudela,Cebu,Region VII (Central Visayas),Municipality,5th,R7,J
[2024-09] 08-037-01-000,2024-09,2024,[09] September,"Abuyog, Leyte",[2] Pilot Testing,80%,Nonresponsive LGU,Forwarded follow up letter to LGU regarding their implementation but no response.,Nonresponsive LGU. Forwarded follow up  letter to LGU regarding their implementation but no response.,[B] Developmental,B,08-037-01-000,Abuyog,Leyte,Region VIII (Eastern Visayas),Municipality,1st*,R8,K
[2024-09] 08-037-02-000,2024-09,2024,[09] September,"Alangalang, Leyte",[1] Operational,,,,Normal Operations,[A] Operational,A,08-037-02-000,Alangalang,Leyte,Region VIII (Eastern Visayas),Municipality,2nd,R8,K
[2024-09] 08-060-02-000,2024-09,2024,[09] September,"Basey, Samar",[1] Operational,,,,Normal Operations,[A] Operational,B,08-060-02-000,Basey,Samar,Region VIII (Eastern Visayas),Municipality,1st,R8,K
[2024-09] 08-037-15-000,2024-09,2024,[09] September,"Carigara, Leyte",[1] Operational,,,,Normal Operations,[A] Operational,B,08-037-15-000,Carigara,Leyte,Region VIII (Eastern Visayas),Municipality,2nd,R8,K
[2024-09] 08-026-04-000,2024-09,2024,[09] September,"City of Borongan, Eastern Samar",[1] Operational,,,,Normal Operations,[A] Operational,A,08-026-04-000,City of Borongan,Eastern Samar,Region VIII (Eastern Visayas),City,1st (as Mun),R8,K
[2024-09] 08-064-07-000,2024-09,2024,[09] September,"City of Maasin, Southern Leyte",[1] Operational,,,,Normal Operations,[A] Operational,A,08-064-07-000,City of Maasin,Southern Leyte,Region VIII (Eastern Visayas),City,4th,R8,K
[2024-09] 08-060-07-000,2024-09,2024,[09] September,"Gandara, Samar",[2] Pilot Testing,95%,Internet Connectivity Issues - Unstable Connection,Forwarded follow letter to LGU regarding their implementation but no response.,Internet Connectivity Issues - Unstable ConnectionForwarded follow letter to LGU regarding their implementation but no response.,[B] Developmental,B,08-060-07-000,Gandara,Samar,Region VIII (Eastern Visayas),Municipality,2nd,R8,K
[2024-09] 08-026-09-000,2024-09,2024,[09] September,"Guiuan, Eastern Samar",[1] Operational,,,,Normal Operations,[A] Operational,B,08-026-09-000,Guiuan,Eastern Samar,Region VIII (Eastern Visayas),Municipality,2nd,R8,K
[2024-09] 08-037-20-000,2024-09,2024,[09] September,"Hindang, Leyte",[1] Operational,,,,Normal Operations,[A] Operational,B,08-037-20-000,Hindang,Leyte,Region VIII (Eastern Visayas),Municipality,5th,R8,K
[2024-09] 08-037-24-000,2024-09,2024,[09] September,"Javier, Leyte",[1] Operational,,,,Normal Operations,[A] Operational,B,08-037-24-000,Javier,Leyte,Region VIII (Eastern Visayas),Municipality,4th*,R8,K
[2024-09] 08-060-09-000,2024-09,2024,[09] September,"Jiabong, Samar",[1] Operational,,,,Normal Operations,[A] Operational,B,08-060-09-000,Jiabong,Samar,Region VIII (Eastern Visayas),Municipality,5th,R8,K
[2024-08] 05-005-18-000,2024-08,2024,[08] August,"Tiwi, Albay",[8] Withdraw,,,,,[D] Withdraw,B,05-005-18-000,Tiwi,Albay,Region V (Bicol Region),Municipality,1st,R5,H
[2024-09] 08-037-28-000,2024-09,2024,[09] September,"La Paz, Leyte",[2] Pilot Testing,100%,,Waiting for first client.,Waiting for first client.,[B] Developmental,B,08-037-28-000,La Paz,Leyte,Region VIII (Eastern Visayas),Municipality,5th*,R8,K
[2024-09] 08-037-29-000,2024-09,2024,[09] September,"Leyte, Leyte",[1] Operational,,,,Normal Operations,[A] Operational,A,08-037-29-000,Leyte,Leyte,Region VIII (Eastern Visayas),Municipality,4th*,R8,K
[2024-09] 08-064-08-000,2024-09,2024,[09] September,"Macrohon, Southern Leyte",[1] Operational,,,,Normal Operations,[A] Operational,A,08-064-08-000,Macrohon,Southern Leyte,Region VIII (Eastern Visayas),Municipality,4th,R8,K
[2024-09] 08-078-08-000,2024-09,2024,[09] September,"Naval, Biliran",[1] Operational,,,,Normal Operations,[A] Operational,A,08-078-08-000,Naval,Biliran,Region VIII (Eastern Visayas),Municipality,2nd,R8,K
[2024-09] 08-037-39-000,2024-09,2024,[09] September,"Palo, Leyte",[1] Operational,,,,Normal Operations,[A] Operational,A,08-037-39-000,Palo,Leyte,Region VIII (Eastern Visayas),Municipality,3rd,R8,K
[2024-09] 08-048-15-000,2024-09,2024,[09] September,"Pambujan, Northern Samar",[1] Operational,,,,,[A] Operational,A,08-048-15-000,Pambujan,Northern Samar,Region VIII (Eastern Visayas),Municipality,4th,R8,K
[2024-09] 08-037-41-000,2024-09,2024,[09] September,"Pastrana, Leyte",[1] Operational,,,,Zero Transactions for the month of September 2024.,[A] Operational,A,08-037-41-000,Pastrana,Leyte,Region VIII (Eastern Visayas),Municipality,5th*,R8,K
[2024-09] 08-064-14-000,2024-09,2024,[09] September,"San Juan, Southern Leyte",[1] Operational,,,,Normal Operations,[A] Operational,A,08-064-14-000,San Juan,Southern Leyte,Region VIII (Eastern Visayas),Municipality,5th,R8,K
[2024-09] 08-048-20-000,2024-09,2024,[09] September,"San Roque, Northern Samar",[1] Operational,,,,Normal Operations,[A] Operational,A,08-048-20-000,San Roque,Northern Samar,Region VIII (Eastern Visayas),Municipality,4th,R8,K
[2024-09] 08-064-17-000,2024-09,2024,[09] September,"Sogod, Southern Leyte",[1] Operational,,,,Normal Operations,[A] Operational,A,08-064-17-000,Sogod,Southern Leyte,Region VIII (Eastern Visayas),Municipality,2nd,R8,K
[2024-09] 08-064-18-000,2024-09,2024,[09] September,"Tomas Oppus, Southern Leyte",[1] Operational,,,,Normal Operations,[A] Operational,A,08-064-18-000,Tomas Oppus,Southern Leyte,Region VIII (Eastern Visayas),Municipality,5th,R8,K
[2024-09] 19-066-13-000,2024-09,2024,[09] September,"Talipao, Sulu",[3] Ongoing Data Build-up,50%,,,"Refresher Training conducted on September 25-27, 2024",[B] Developmental,B,19-066-13-000,Talipao,Sulu,Bangsamoro Autonomous Region In Muslim Mindanao (BARMM),Municipality,1st,BARMM I,M
[2024-09] 09-072-10-000,2024-09,2024,[09] September,"Polanco, Zamboanga del Norte",[1] Operational,,,,,[A] Operational,A,09-072-10-000,Polanco,Zamboanga del Norte,Region IX (Zamboanga Peninsula),Municipality,3rd,R9,L
[2024-09] 09-072-11-000,2024-09,2024,[09] September,"Pres. Manuel A. Roxas, Zamboanga del Norte",[2] Pilot Testing,75%,,,"Refresher Training conducted on September 25-27, 2024",[B] Developmental,B,09-072-11-000,Pres. Manuel A. Roxas,Zamboanga del Norte,Region IX (Zamboanga Peninsula),Municipality,2nd,R9,L
[2024-09] 09-072-12-000,2024-09,2024,[09] September,"Rizal, Zamboanga del Norte",[2] Pilot Testing,25%,,,,[B] Developmental,B,09-072-12-000,Rizal,Zamboanga del Norte,Region IX (Zamboanga Peninsula),Municipality,5th,R9,L
[2024-09] 09-072-15-000,2024-09,2024,[09] September,"Siayan, Zamboanga del Norte",[1] Operational,,,,,[A] Operational,B,09-072-15-000,Siayan,Zamboanga del Norte,Region IX (Zamboanga Peninsula),Municipality,2nd,R9,L
[2024-09] 09-072-18-000,2024-09,2024,[09] September,"Sindangan, Zamboanga del Norte",[3] Ongoing Data Build-up,50%,,,"Refresher Training conducted on September 25-27, 2024",[B] Developmental,B,09-072-18-000,Sindangan,Zamboanga del Norte,Region IX (Zamboanga Peninsula),Municipality,1st,R9,L
[2024-09] 09-073-08-000,2024-09,2024,[09] September,"Dumingag, Zamboanga del Sur",[3] Ongoing Data Build-up,50%,,,"Refresher Training conducted on September 25-27, 2024",[B] Developmental,B,09-073-08-000,Dumingag,Zamboanga del Sur,Region IX (Zamboanga Peninsula),Municipality,2nd,R9,L
[2024-09] 09-073-43-000,2024-09,2024,[09] September,"Guipos, Zamboanga del Sur",[3] Ongoing Data Build-up,50%,,,,[B] Developmental,B,09-073-43-000,Guipos,Zamboanga del Sur,Region IX (Zamboanga Peninsula),Municipality,4th,R9,L
[2024-09] 09-073-12-000,2024-09,2024,[09] September,"Labangan, Zamboanga del Sur",[1] Operational,,,,,[A] Operational,B,09-073-12-000,Labangan,Zamboanga del Sur,Region IX (Zamboanga Peninsula),Municipality,3rd,R9,L
[2024-09] 09-073-33-000,2024-09,2024,[09] September,"Lakewood, Zamboanga del Sur",[2] Pilot Testing,75%,,,,[B] Developmental,B,09-073-33-000,Lakewood,Zamboanga del Sur,Region IX (Zamboanga Peninsula),Municipality,4th,R9,L
[2024-09] 09-073-25-000,2024-09,2024,[09] September,"San Pablo, Zamboanga del Sur",[2] Pilot Testing,75%,,,,[B] Developmental,B,09-073-25-000,San Pablo,Zamboanga del Sur,Region IX (Zamboanga Peninsula),Municipality,4th*,R9,L
[2024-09] 09-083-15-000,2024-09,2024,[09] September,"Titay, Zamboanga Sibugay",[1] Operational,,,,,[A] Operational,A,09-083-15-000,Titay,Zamboanga Sibugay,Region IX (Zamboanga Peninsula),Municipality,2nd,R9,L
[2024-09] 10-035-01-000,2024-09,2024,[09] September,"Bacolod, Lanao del Norte",[1] Operational,,,,,[A] Operational,B,10-035-01-000,Bacolod,Lanao del Norte,Region X (Northern Mindanao),Municipality,4th,R10,N
[2024-09] 10-042-03-000,2024-09,2024,[09] September,"Bonifacio, Misamis Occidental",[3] Ongoing Data Build-up,11%,Still at 11%,For refreshers training on August 2024,,[B] Developmental,B,10-042-03-000,Bonifacio,Misamis Occidental,Region X (Northern Mindanao),Municipality,4th,R10,N
[2024-09] 10-042-04-000,2024-09,2024,[09] September,"Calamba, Misamis Occidental",[1] Operational,,,,,[A] Operational,A,10-042-04-000,Calamba,Misamis Occidental,Region X (Northern Mindanao),Municipality,4th,R10,N
[2024-09] 10-018-01-000,2024-09,2024,[09] September,"Catarman, Camiguin",[3] Ongoing Data Build-up,100%,,To operate on 2024,,[B] Developmental,B,10-018-01-000,Catarman,Camiguin,Region X (Northern Mindanao),Municipality,5th,R10,N
[2024-09] 10-043-08-000,2024-09,2024,[09] September,"City of Gingoog, Misamis Oriental",[1] Operational,,,,,[A] Operational,A,10-043-08-000,City of Gingoog,Misamis Oriental,Region X (Northern Mindanao),City,2nd,R10,N
[2024-09] 10-042-15-000,2024-09,2024,[09] September,"City of Tangub, Misamis Occidental",[5] For Training,,,,,[C] For Training/Others,B,10-042-15-000,City of Tangub,Misamis Occidental,Region X (Northern Mindanao),City,4th,R10,N
[2024-09] 10-042-05-000,2024-09,2024,[09] September,"Clarin, Misamis Occidental",[5] For Training,,,,,[C] For Training/Others,B,10-042-05-000,Clarin,Misamis Occidental,Region X (Northern Mindanao),Municipality,4th,R10,N
[2024-09] 10-043-06-000,2024-09,2024,[09] September,"Claveria, Misamis Oriental",[1] Operational,,,,,[A] Operational,A,10-043-06-000,Claveria,Misamis Oriental,Region X (Northern Mindanao),Municipality,1st,R10,N
[2024-09] 10-043-11-000,2024-09,2024,[09] September,"Jasaan, Misamis Oriental",[1] Operational,,,,,[A] Operational,B,10-043-11-000,Jasaan,Misamis Oriental,Region X (Northern Mindanao),Municipality,2nd,R10,N
[2024-09] 10-035-05-000,2024-09,2024,[09] September,"Kapatagan, Lanao del Norte",[1] Operational,,,,,[A] Operational,A,10-035-05-000,Kapatagan,Lanao del Norte,Region X (Northern Mindanao),Municipality,2nd,R10,N
[2024-09] 10-043-13-000,2024-09,2024,[09] September,"Lagonglong, Misamis Oriental",[1] Operational,,,,,[A] Operational,A,10-043-13-000,Lagonglong,Misamis Oriental,Region X (Northern Mindanao),Municipality,5th,R10,N
[2023-12] 05-005-18-000,2023-12,2023,[12] December,"Tiwi, Albay",[8] Withdraw,,,,,[D] Withdraw,B,05-005-18-000,Tiwi,Albay,Region V (Bicol Region),Municipality,1st,R5,H
[2024-09] 10-035-12-000,2024-09,2024,[09] September,"Maigo, Lanao del Norte",[1] Operational,,,,,[A] Operational,A,10-035-12-000,Maigo,Lanao del Norte,Region X (Northern Mindanao),Municipality,4th,R10,N
[2024-09] 10-043-18-000,2024-09,2024,[09] September,"Manticao, Misamis Oriental",[1] Operational,,,,,[A] Operational,B,10-043-18-000,Manticao,Misamis Oriental,Region X (Northern Mindanao),Municipality,4th,R10,N
[2024-09] 10-042-12-000,2024-09,2024,[09] September,"Plaridel, Misamis Occidental",[1] Operational,,,,,[A] Operational,A,10-042-12-000,Plaridel,Misamis Occidental,Region X (Northern Mindanao),Municipality,3rd,R10,N
[2024-09] 10-043-22-000,2024-09,2024,[09] September,"Salay, Misamis Oriental",[1] Operational,,,,,[A] Operational,A,10-043-22-000,Salay,Misamis Oriental,Region X (Northern Mindanao),Municipality,4th,R10,N
[2024-09] 10-042-14-000,2024-09,2024,[09] September,"Sinacaban, Misamis Occidental",[1] Operational,,,,,[A] Operational,A,10-042-14-000,Sinacaban,Misamis Occidental,Region X (Northern Mindanao),Municipality,5th,R10,N
[2024-09] 10-043-24-000,2024-09,2024,[09] September,"Tagoloan, Misamis Oriental",[7] To Follow-up,,Responded. Lack of Manpower,To follow up LGU decision to continue or withdraw,To continue on 2024 as per OBO,[C] For Training/Others,B,10-043-24-000,Tagoloan,Misamis Oriental,Region X (Northern Mindanao),Municipality,1st,R10,N
[2024-09] 10-043-25-000,2024-09,2024,[09] September,"Talisayan, Misamis Oriental",[1] Operational,,,,,[A] Operational,B,10-043-25-000,Talisayan,Misamis Oriental,Region X (Northern Mindanao),Municipality,4th,R10,N
[2024-09] 10-035-22-000,2024-09,2024,[09] September,"Tubod, Lanao del Norte",[2] Pilot Testing,70%,Still at 70% Updating of requirements category is not working,for follow up in PMT,,[B] Developmental,B,10-035-22-000,Tubod,Lanao del Norte,Region X (Northern Mindanao),Municipality,2nd,R10,N
[2024-09] 10-042-01-000,2024-09,2024,[09] September,"Aloran, Misamis Occidental",[5] For Training,,,,"Scheduled on Oct 1-4, 2024",[C] For Training/Others,A,10-042-01-000,Aloran,Misamis Occidental,Region X (Northern Mindanao),Municipality,4th,R10,N
[2024-09] 11-025-03-000,2024-09,2024,[09] September,"Boston, Davao Oriental",[1] Operational,,,,,[A] Operational,A,11-025-03-000,Boston,Davao Oriental,Region XI (Davao Region),Municipality,3rd,R11,P
[2024-09] 11-025-05-000,2024-09,2024,[09] September,"Cateel, Davao Oriental",[1] Operational,,,,,[A] Operational,A,11-025-05-000,Cateel,Davao Oriental,Region XI (Davao Region),Municipality,2nd,R11,P
[2024-09] 11-024-03-000,2024-09,2024,[09] September,"City of Digos, Davao del Sur",[1] Operational,,,,,[A] Operational,B,11-024-03-000,City of Digos,Davao del Sur,Region XI (Davao Region),City,2nd,R11,P
[2024-09] 11-025-09-000,2024-09,2024,[09] September,"City of Mati, Davao Oriental",[1] Operational,,,,,[A] Operational,A,11-025-09-000,City of Mati,Davao Oriental,Region XI (Davao Region),City,5th,R11,P
[2024-09] 11-025-07-000,2024-09,2024,[09] September,"Lupon, Davao Oriental",[1] Operational,,,,,[A] Operational,B,11-025-07-000,Lupon,Davao Oriental,Region XI (Davao Region),Municipality,1st,R11,P
[2024-09] 11-024-08-000,2024-09,2024,[09] September,"Malalag, Davao del Sur",[1] Operational,,,,,[A] Operational,A,11-024-08-000,Malalag,Davao del Sur,Region XI (Davao Region),Municipality,2nd,R11,P
[2024-09] 11-025-08-000,2024-09,2024,[09] September,"Manay, Davao Oriental",[1] Operational,,,,,[A] Operational,A,11-025-08-000,Manay,Davao Oriental,Region XI (Davao Region),Municipality,2nd,R11,P
[2024-09] 11-082-05-000,2024-09,2024,[09] September,"Maragusan, Davao de Oro",[1] Operational,,,,,[A] Operational,B,11-082-05-000,Maragusan,Davao de Oro,Region XI (Davao Region),Municipality,1st,R11,P
[2024-09] 11-024-10-000,2024-09,2024,[09] September,"Matanao, Davao del Sur",[1] Operational,,,,,[A] Operational,A,11-024-10-000,Matanao,Davao del Sur,Region XI (Davao Region),Municipality,2nd,R11,P
[2024-09] 11-024-11-000,2024-09,2024,[09] September,"Padada, Davao del Sur",[1] Operational,,,,,[A] Operational,B,11-024-11-000,Padada,Davao del Sur,Region XI (Davao Region),Municipality,3rd,R11,P
[2024-09] 11-024-14-000,2024-09,2024,[09] September,"Sulop, Davao del Sur",[1] Operational,,,,,[A] Operational,A,11-024-14-000,Sulop,Davao del Sur,Region XI (Davao Region),Municipality,3rd,R11,P
[2024-09] 11-025-11-000,2024-09,2024,[09] September,"Tarragona, Davao Oriental",[1] Operational,,,,,[A] Operational,B,11-025-11-000,Tarragona,Davao Oriental,Region XI (Davao Region),Municipality,3rd,R11,P
[2024-09] 11-025-06-000,2024-09,2024,[09] September,"Governor Generoso, Davao Oriental",[5] For Training,,,,Still waiting for LGUs final schedule,[C] For Training/Others,A,11-025-06-000,Governor Generoso,Davao Oriental,Region XI (Davao Region),Municipality,2nd,R11,P
[2024-09] 11-024-12-000,2024-09,2024,[09] September,"Santa Cruz, Davao del Sur",[5] For Training,,,,Still waiting for LGUs final schedule,[C] For Training/Others,A,11-024-12-000,Santa Cruz,Davao del Sur,Region XI (Davao Region),Municipality,1st,R11,P
[2024-09] 16-068-02-000,2024-09,2024,[09] September,"Bayabas, Surigao del Sur",[1] Operational,,,,,[A] Operational,A,16-068-02-000,Bayabas,Surigao del Sur,Region XIII (Caraga),Municipality,5th,R13,O
[2024-09] 16-068-06-000,2024-09,2024,[09] September,"Carmen, Surigao del Sur",[1] Operational,,,,,[A] Operational,A,16-068-06-000,Carmen,Surigao del Sur,Region XIII (Caraga),Municipality,5th,R13,O
[2024-09] 16-002-07-000,2024-09,2024,[09] September,"Las Nieves, Agusan del Norte",[1] Operational,,,,,[A] Operational,A,16-002-07-000,Las Nieves,Agusan del Norte,Region XIII (Caraga),Municipality,2nd,R13,O
[2024-09] 16-068-12-000,2024-09,2024,[09] September,"Lingig, Surigao del Sur",[7] To Follow-up,,"
Last Status: For Data Buildup",A notice of unutilization was served. Still waiting for response letter,,[C] For Training/Others,B,16-068-12-000,Lingig,Surigao del Sur,Region XIII (Caraga),Municipality,2nd,R13,O
[2024-09] 16-068-15-000,2024-09,2024,[09] September,"San Agustin, Surigao del Sur",[2] Pilot Testing,100%,,,,[B] Developmental,A,16-068-15-000,San Agustin,Surigao del Sur,Region XIII (Caraga),Municipality,4th,R13,O
[2024-09] 16-068-16-000,2024-09,2024,[09] September,"San Miguel, Surigao del Sur",[2] Pilot Testing,95%,,,,[B] Developmental,B,16-068-16-000,San Miguel,Surigao del Sur,Region XIII (Caraga),Municipality,1st,R13,O
[2024-09] 16-067-23-000,2024-09,2024,[09] September,"Socorro, Surigao del Norte",[1] Operational,,,,,[A] Operational,B,16-067-23-000,Socorro,Surigao del Norte,Region XIII (Caraga),Municipality,4th,R13,O
[2024-09] 16-067-25-000,2024-09,2024,[09] September,"Tagana-An, Surigao del Norte",[1] Operational,,,,,[A] Operational,A,16-067-25-000,Tagana-An,Surigao del Norte,Region XIII (Caraga),Municipality,5th*,R13,O
[2024-09] 16-068-17-000,2024-09,2024,[09] September,"Tagbina, Surigao del Sur",[1] Operational,,,,,[A] Operational,A,16-068-17-000,Tagbina,Surigao del Sur,Region XIII (Caraga),Municipality,2nd,R13,O
[2024-09] 16-068-18-000,2024-09,2024,[09] September,"Tago, Surigao del Sur",[1] Operational,,,,,[A] Operational,B,16-068-18-000,Tago,Surigao del Sur,Region XIII (Caraga),Municipality,2nd,R13,O
[2024-09] 16-003-12-000,2024-09,2024,[09] September,"Trento, Agusan del Sur",[2] Pilot Testing,100%,,,,[B] Developmental,B,16-003-12-000,Trento,Agusan del Sur,Region XIII (Caraga),Municipality,1st,R13,O
[2024-09] 16-067-27-000,2024-09,2024,[09] September,"Tubod, Surigao del Norte",[1] Operational,,,,,[A] Operational,A,16-067-27-000,Tubod,Surigao del Norte,Region XIII (Caraga),Municipality,5th,R13,O
[2024-09] 01-028-05-000,2024-09,2024,[09] September,"City of Batac, Ilocos Norte",[1] Operational,,,,,[A] Operational,B,01-028-05-000,City of Batac,Ilocos Norte,Region I (Ilocos Region),City,5th,R1,C
[2024-09] 01-028-12-000,2024-09,2024,[09] September,"City of Laoag, Ilocos Norte",[5] For Training,,Waiting for the SB Resolution,For Follow-up,,[C] For Training/Others,B,01-028-12-000,City of Laoag,Ilocos Norte,Region I (Ilocos Region),City,3rd,R1,C
[2024-09] 01-055-19-000,2024-09,2024,[09] September,"Dasol, Pangasinan",[7] To Follow-up,,for schedule of training,For Follow-up,,[C] For Training/Others,B,01-055-19-000,Dasol,Pangasinan,Region I (Ilocos Region),Municipality,3rd,R1,C
[2024-09] 01-055-48-000,2024-09,2024,[09] September,"Laoac, Pangasinan",[7] To Follow-up,,for schedule of training,For Follow-up,,[C] For Training/Others,B,01-055-48-000,Laoac,Pangasinan,Region I (Ilocos Region),Municipality,4th,R1,C
[2024-09] 01-055-30-000,2024-09,2024,[09] September,"Pozorrubio, Pangasinan",[5] For Training,,,For Follow-up,,[C] For Training/Others,B,01-055-30-000,Pozorrubio,Pangasinan,Region I (Ilocos Region),Municipality,1st,R1,C
[2024-09] 01-029-18-000,2024-09,2024,[09] September,"San Esteban, Ilocos Sur",[5] For Training,,,For Follow-up,,[C] For Training/Others,B,01-029-18-000,San Esteban,Ilocos Sur,Region I (Ilocos Region),Municipality,5th,R1,C
[2024-09] 14-032-13-000,2024-09,2024,[09] September,"City of Tabuk, Kalinga",[1] Operational,,,,,[A] Operational,B,14-032-13-000,City of Tabuk,Kalinga,Cordillera Administrative Region (CAR),City,5th,CAR,B
[2024-09] 02-031-03-000,2024-09,2024,[09] September,"Aurora, Isabela",[1] Operational,,,,,[A] Operational,B,02-031-03-000,Aurora,Isabela,Region II (Cagayan Valley),Municipality,3rd,R2,D
[2024-09] 02-031-14-000,2024-09,2024,[09] September,"City of Ilagan, Isabela",[1] Operational,,,,,[A] Operational,A,02-031-14-000,City of Ilagan,Isabela,Region II (Cagayan Valley),City,1st (as Mun),R2,D
[2024-09] 05-005-18-000,2024-09,2024,[09] September,"Tiwi, Albay",[8] Withdraw,,,,,[D] Withdraw,B,05-005-18-000,Tiwi,Albay,Region V (Bicol Region),Municipality,1st,R5,H
[2024-09] 03-054-03-000,2024-09,2024,[09] September,"Arayat, Pampanga",[1] Operational,,,,,[A] Operational,A,03-054-03-000,Arayat,Pampanga,Region III (Central Luzon),Municipality,1st,R3,E
[2024-09] 03-077-01-000,2024-09,2024,[09] September,"Baler, Aurora",[1] Operational,,,,,[A] Operational,A,03-077-01-000,Baler,Aurora,Region III (Central Luzon),Municipality,3rd,R3,E
[2024-09] 03-049-04-000,2024-09,2024,[09] September,"Cabiao, Nueva Ecija",[3] Ongoing Data Build-up,88%,Requesting for refresher training,,,[B] Developmental,B,03-049-04-000,Cabiao,Nueva Ecija,Region III (Central Luzon),Municipality,1st,R3,E
[2024-09] 03-077-02-000,2024-09,2024,[09] September,"Casiguran, Aurora",[1] Operational,,,,,[A] Operational,A,03-077-02-000,Casiguran,Aurora,Region III (Central Luzon),Municipality,2nd,R3,E
[2024-10] 05-005-18-000,2024-10,2024,[10] October,"Tiwi, Albay",[8] Withdraw,,,,,[D] Withdraw,B,05-005-18-000,Tiwi,Albay,Region V (Bicol Region),Municipality,1st,R5,H
[2024-09] 03-314-00-000,2024-09,2024,[09] September,"City of Olongapo, Zambales",[3] Ongoing Data Build-up,60%,lack of Staff,For Visitation,,[B] Developmental,B,03-314-00-000,City of Olongapo,Zambales,Region III (Central Luzon),City,1st,R3,E
[2024-09] 03-049-19-000,2024-09,2024,[09] September,"City of Palayan, Nueva Ecija",[2] Pilot Testing,50%,,for visitation,,[B] Developmental,B,03-049-19-000,City of Palayan,Nueva Ecija,Region III (Central Luzon),City,5th,R3,E
[2024-09] 03-077-05-000,2024-09,2024,[09] September,"Dingalan, Aurora",[2] Pilot Testing,98%,Visited,for refresher training,,[B] Developmental,B,03-077-05-000,Dingalan,Aurora,Region III (Central Luzon),Municipality,3rd,R3,E
[2024-09] 03-077-06-000,2024-09,2024,[09] September,"Dipaculao, Aurora",[1] Operational,,,,,[A] Operational,B,03-077-06-000,Dipaculao,Aurora,Region III (Central Luzon),Municipality,3rd,R3,E
[2024-09] 03-049-07-000,2024-09,2024,[09] September,"Gabaldon, Nueva Ecija",[2] Pilot Testing,68%,Requesting for refresher training,for visitation,,[B] Developmental,B,03-049-07-000,Gabaldon,Nueva Ecija,Region III (Central Luzon),Municipality,4th,R3,E
[2024-09] 03-069-06-000,2024-09,2024,[09] September,"Gerona, Tarlac",[1] Operational,,,,,[A] Operational,B,03-069-06-000,Gerona,Tarlac,Region III (Central Luzon),Municipality,1st,R3,E
[2024-09] 03-071-05-000,2024-09,2024,[09] September,"Iba, Zambales",[2] Pilot Testing,75%,for launching phase,for visitation,,[B] Developmental,B,03-071-05-000,Iba,Zambales,Region III (Central Luzon),Municipality,2nd,R3,E
[2024-09] 03-008-06-000,2024-09,2024,[09] September,"Limay, Bataan",[6] With Concerns,,Internet connectivity issue and new staff,"Sent Notice Letter, awaiting for their reply
Intends to withdraw",for visitation,[C] For Training/Others,B,03-008-06-000,Limay,Bataan,Region III (Central Luzon),Municipality,1st,R3,E
[2024-09] 03-054-10-000,2024-09,2024,[09] September,"Macabebe, Pampanga",[6] With Concerns,,New LGU Staff and Internet connectivity issue,"intended to withdraw
waiting for the withdrawal letter",for visitation,[C] For Training/Others,B,03-054-10-000,Macabebe,Pampanga,Region III (Central Luzon),Municipality,1st,R3,E
[2024-09] 03-077-07-000,2024-09,2024,[09] September,"Maria Aurora, Aurora",[1] Operational,,,,,[A] Operational,A,03-077-07-000,Maria Aurora,Aurora,Region III (Central Luzon),Municipality,2nd,R3,E
[2024-09] 03-014-13-000,2024-09,2024,[09] September,"Norzagaray, Bulacan",[1] Operational,,,,,[A] Operational,A,03-014-13-000,Norzagaray,Bulacan,Region III (Central Luzon),Municipality,1st,R3,E
[2024-09] 03-071-09-000,2024-09,2024,[09] September,"San Antonio, Zambales",[2] Pilot Testing,92%,,renovation of municipal hall,,[B] Developmental,B,03-071-09-000,San Antonio,Zambales,Region III (Central Luzon),Municipality,2nd,R3,E
[2024-09] 03-054-17-000,2024-09,2024,[09] September,"San Luis, Pampanga",[6] With Concerns,,"Still on process of familiarizing the whole system
for pilot testing 30%
Unresponsive LGU",for visitation,,[C] For Training/Others,B,03-054-17-000,San Luis,Pampanga,Region III (Central Luzon),Municipality,3rd,R3,E
[2024-09] 03-071-12-000,2024-09,2024,[09] September,"San Narciso, Zambales",[1] Operational,,,,,[A] Operational,A,03-071-12-000,San Narciso,Zambales,Region III (Central Luzon),Municipality,4th,R3,E
[2024-09] 03-069-15-000,2024-09,2024,[09] September,"Santa Ignacia, Tarlac",[1] Operational,,,,,[A] Operational,A,03-069-15-000,Santa Ignacia,Tarlac,Region III (Central Luzon),Municipality,2nd,R3,E
[2024-09] 03-049-32-000,2024-09,2024,[09] September,"Zaragoza, Nueva Ecija",[2] Pilot Testing,99%,,for launching phase,,[B] Developmental,B,03-049-32-000,Zaragoza,Nueva Ecija,Region III (Central Luzon),Municipality,3rd,R3,E
[2024-09] 04-056-02-000,2024-09,2024,[09] September,"Alabat, Quezon",[1] Operational,,,,,[A] Operational,B,04-056-02-000,Alabat,Quezon,Region IV-A (CALABARZON),Municipality,5th,R4A,F
[2024-09] 04-021-01-000,2024-09,2024,[09] September,"Alfonso, Cavite",[3] Ongoing Data Build-up,74%,,,,[B] Developmental,B,04-021-01-000,Alfonso,Cavite,Region IV-A (CALABARZON),Municipality,1st,R4A,F
[2024-09] 04-021-02-000,2024-09,2024,[09] September,"Amadeo, Cavite",[2] Pilot Testing,83%,,,Waiting for decision of LGU if they will use the system,[B] Developmental,B,04-021-02-000,Amadeo,Cavite,Region IV-A (CALABARZON),Municipality,4th,R4A,F
[2024-09] 04-010-03-000,2024-09,2024,[09] September,"Balayan, Batangas",[1] Operational,,,,,[A] Operational,A,04-010-03-000,Balayan,Batangas,Region IV-A (CALABARZON),Municipality,1st,R4A,F
[2024-09] 04-056-08-000,2024-09,2024,[09] September,"Candelaria, Quezon",[1] Operational,,,,,[A] Operational,A,04-056-08-000,Candelaria,Quezon,Region IV-A (CALABARZON),Municipality,1st,R4A,F
[2024-09] 04-034-07-000,2024-09,2024,[09] September,"Cavinti, Laguna",[2] Pilot Testing,100%,For Launching,Continuation of Pilot Testing on July 2,Waiting for LGU Schedule,[B] Developmental,B,04-034-07-000,Cavinti,Laguna,Region IV-A (CALABARZON),Municipality,3rd,R4A,F
[2024-09] 04-056-16-000,2024-09,2024,[09] September,"General Luna, Quezon",[1] Operational,,,,,[A] Operational,B,04-056-16-000,General Luna,Quezon,Region IV-A (CALABARZON),Municipality,4th,R4A,F
[2024-09] 04-056-17-000,2024-09,2024,[09] September,"General Nakar, Quezon",[1] Operational,,,,,[A] Operational,B,04-056-17-000,General Nakar,Quezon,Region IV-A (CALABARZON),Municipality,1st,R4A,F
[2024-09] 04-056-19-000,2024-09,2024,[09] September,"Gumaca, Quezon",[7] To Follow-up,,LGU unresponsive,For visitation,,[C] For Training/Others,B,04-056-19-000,Gumaca,Quezon,Region IV-A (CALABARZON),Municipality,1st,R4A,F
[2024-09] 04-056-20-000,2024-09,2024,[09] September,"Infanta, Quezon",[1] Operational,,,,,[A] Operational,A,04-056-20-000,Infanta,Quezon,Region IV-A (CALABARZON),Municipality,1st,R4A,F
[2024-01] 06-006-07-000,2024-01,2024,[01] January,"Tobias Fornier, Antique",[8] Withdraw,,,,,[D] Withdraw,B,06-006-07-000,Tobias Fornier,Antique,Region VI (Western Visayas),Municipality,4th,R6,I
[2024-09] 04-010-13-000,2024-09,2024,[09] September,"Lian, Batangas",[1] Operational,,,,,[A] Operational,A,04-010-13-000,Lian,Batangas,Region IV-A (CALABARZON),Municipality,3rd,R4A,F
[2024-09] 04-010-16-000,2024-09,2024,[09] September,"Mabini, Batangas",[1] Operational,,,,,[A] Operational,A,04-010-16-000,Mabini,Batangas,Region IV-A (CALABARZON),Municipality,1st,R4A,F
[2024-09] 04-021-12-000,2024-09,2024,[09] September,"Magallanes, Cavite",[1] Operational,,,,,[A] Operational,B,04-021-12-000,Magallanes,Cavite,Region IV-A (CALABARZON),Municipality,4th,R4A,F
[2024-09] 04-056-27-000,2024-09,2024,[09] September,"Mauban, Quezon",[1] Operational,,,,,[A] Operational,A,04-056-27-000,Mauban,Quezon,Region IV-A (CALABARZON),Municipality,1st,R4A,F
[2024-09] 04-021-15-000,2024-09,2024,[09] September,"Naic, Cavite",[1] Operational,,,,,[A] Operational,A,04-021-15-000,Naic,Cavite,Region IV-A (CALABARZON),Municipality,1st,R4A,F
[2024-09] 04-034-18-000,2024-09,2024,[09] September,"Paete, Laguna",[1] Operational,,,,,[A] Operational,B,04-034-18-000,Paete,Laguna,Region IV-A (CALABARZON),Municipality,4th,R4A,F
[2024-09] 04-056-34-000,2024-09,2024,[09] September,"Pitogo, Quezon",[2] Pilot Testing,59%,,,,[B] Developmental,B,04-056-34-000,Pitogo,Quezon,Region IV-A (CALABARZON),Municipality,4th,R4A,F
[2024-09] 04-056-39-000,2024-09,2024,[09] September,"Sampaloc, Quezon",[1] Operational,,,,,[A] Operational,B,04-056-39-000,Sampaloc,Quezon,Region IV-A (CALABARZON),Municipality,5th,R4A,F
[2024-09] 04-010-24-000,2024-09,2024,[09] September,"San Luis, Batangas",[1] Operational,,,,,[A] Operational,B,04-010-24-000,San Luis,Batangas,Region IV-A (CALABARZON),Municipality,4th,R4A,F
[2024-09] 04-010-25-000,2024-09,2024,[09] September,"San Nicolas, Batangas",[1] Operational,,,,"Launched on August 30, 2024",[A] Operational,B,04-010-25-000,San Nicolas,Batangas,Region IV-A (CALABARZON),Municipality,5th,R4A,F
[2024-09] 04-010-27-000,2024-09,2024,[09] September,"Santa Teresita, Batangas",[1] Operational,,,,,[A] Operational,A,04-010-27-000,Santa Teresita,Batangas,Region IV-A (CALABARZON),Municipality,5th,R4A,F
[2024-09] 04-010-29-000,2024-09,2024,[09] September,"Taal, Batangas",[1] Operational,,,,,[A] Operational,A,04-010-29-000,Taal,Batangas,Region IV-A (CALABARZON),Municipality,3rd,R4A,F
[2024-09] 17-052-01-000,2024-09,2024,[09] September,"Baco, Oriental Mindoro",[1] Operational,,,,,[A] Operational,B,17-052-01-000,Baco,Oriental Mindoro,MIMAROPA Region,Municipality,3rd,R4B,G
[2024-09] 17-059-02-000,2024-09,2024,[09] September,"Banton, Romblon",[1] Operational,,,,,[A] Operational,B,17-059-02-000,Banton,Romblon,MIMAROPA Region,Municipality,5th,R4B,G
[2024-09] 17-053-07-000,2024-09,2024,[09] September,"Busuanga, Palawan",[1] Operational,,,,,[A] Operational,A,17-053-07-000,Busuanga,Palawan,MIMAROPA Region,Municipality,3rd,R4B,G
[2024-09] 17-053-09-000,2024-09,2024,[09] September,"Coron, Palawan",[1] Operational,,,,,[A] Operational,B,17-053-09-000,Coron,Palawan,MIMAROPA Region,Municipality,1st,R4B,G
[2024-09] 17-053-12-000,2024-09,2024,[09] September,"El Nido, Palawan",[1] Operational,,,,,[A] Operational,A,17-053-12-000,El Nido,Palawan,MIMAROPA Region,Municipality,1st,R4B,G
[2024-09] 17-059-16-000,2024-09,2024,[09] September,"Ferrol, Romblon",[1] Operational,,,,,[A] Operational,A,17-059-16-000,Ferrol,Romblon,MIMAROPA Region,Municipality,6th,R4B,G
[2024-09] 17-052-06-000,2024-09,2024,[09] September,"Gloria, Oriental Mindoro",[1] Operational,,,,,[A] Operational,B,17-052-06-000,Gloria,Oriental Mindoro,MIMAROPA Region,Municipality,3rd,R4B,G
[2024-09] 17-059-07-000,2024-09,2024,[09] September,"Looc, Romblon",[1] Operational,,,,,[A] Operational,A,17-059-07-000,Looc,Romblon,MIMAROPA Region,Municipality,4th,R4B,G
[2024-09] 17-052-09-000,2024-09,2024,[09] September,"Pinamalayan, Oriental Mindoro",[1] Operational,,,,,[A] Operational,B,17-052-09-000,Pinamalayan,Oriental Mindoro,MIMAROPA Region,Municipality,1st,R4B,G
[2024-09] 17-051-08-000,2024-09,2024,[09] September,"Rizal, Occidental Mindoro",[1] Operational,,,,,[A] Operational,B,17-051-08-000,Rizal,Occidental Mindoro,MIMAROPA Region,Municipality,3rd,R4B,G
[2024-09] 17-051-09-000,2024-09,2024,[09] September,"Sablayan, Occidental Mindoro",[1] Operational,,,,,[A] Operational,A,17-051-09-000,Sablayan,Occidental Mindoro,MIMAROPA Region,Municipality,1st,R4B,G
[2024-09] 17-051-10-000,2024-09,2024,[09] September,"San Jose, Occidental Mindoro",[1] Operational,,,,,[A] Operational,A,17-051-10-000,San Jose,Occidental Mindoro,MIMAROPA Region,Municipality,1st,R4B,G
[2024-09] 17-052-13-000,2024-09,2024,[09] September,"San Teodoro, Oriental Mindoro",[1] Operational,,,,,[A] Operational,B,17-052-13-000,San Teodoro,Oriental Mindoro,MIMAROPA Region,Municipality,4th,R4B,G
[2024-09] 17-053-19-000,2024-09,2024,[09] September,"San Vicente, Palawan",[1] Operational,,,,,[A] Operational,A,17-053-19-000,San Vicente,Palawan,MIMAROPA Region,Municipality,1st,R4B,G
[2024-09] 05-062-02-000,2024-09,2024,[09] September,"Barcelona, Sorsogon",[3] Ongoing Data Build-up,85%,Applicants not familiar with the system and unstable internet connection,,,[B] Developmental,B,05-062-02-000,Barcelona,Sorsogon,Region V (Bicol Region),Municipality,5th,R5,H
[2024-09] 05-016-02-000,2024-09,2024,[09] September,"Capalonga, Camarines Norte",[3] Ongoing Data Build-up,10%,,,,[B] Developmental,B,05-016-02-000,Capalonga,Camarines Norte,Region V (Bicol Region),Municipality,3rd,R5,H
[2024-09] 05-016-05-000,2024-09,2024,[09] September,"Jose Panganiban, Camarines Norte",[3] Ongoing Data Build-up,10%,,,,[B] Developmental,B,05-016-05-000,Jose Panganiban,Camarines Norte,Region V (Bicol Region),Municipality,2nd,R5,H
[2024-09] 05-016-06-000,2024-09,2024,[09] September,"Labo, Camarines Norte",[6] With Concerns,,"concern regarding manual entry of building permit number, due to conflict with complex applications numbering",,,[C] For Training/Others,B,05-016-06-000,Labo,Camarines Norte,Region V (Bicol Region),Municipality,1st,R5,H
[2024-09] 05-016-07-000,2024-09,2024,[09] September,"Mercedes, Camarines Norte",[3] Ongoing Data Build-up,80%,,,,[B] Developmental,B,05-016-07-000,Mercedes,Camarines Norte,Region V (Bicol Region),Municipality,2nd,R5,H
[2024-09] 05-016-11-000,2024-09,2024,[09] September,"Talisay, Camarines Norte",[1] Operational,,,,,[A] Operational,A,05-016-11-000,Talisay,Camarines Norte,Region V (Bicol Region),Municipality,4th,R5,H
[2024-02] 06-006-07-000,2024-02,2024,[02] February,"Tobias Fornier, Antique",[8] Withdraw,,,,,[D] Withdraw,B,06-006-07-000,Tobias Fornier,Antique,Region VI (Western Visayas),Municipality,4th,R6,I
[2024-09] 05-016-12-000,2024-09,2024,[09] September,"Vinzons, Camarines Norte",[3] Ongoing Data Build-up,98%,,,,[B] Developmental,B,05-016-12-000,Vinzons,Camarines Norte,Region V (Bicol Region),Municipality,3rd,R5,H
[2024-09] 05-020-11-000,2024-09,2024,[09] September,"Virac, Catanduanes",[6] With Concerns,,May mga need pa po ayusin specially sa mga signatories,,,[C] For Training/Others,B,05-020-11-000,Virac,Catanduanes,Region V (Bicol Region),Municipality,1st,R5,H
[2024-09] 06-030-02-000,2024-09,2024,[09] September,"Alimodian, Iloilo",[1] Operational,,,,,[A] Operational,B,06-030-02-000,Alimodian,Iloilo,Region VI (Western Visayas),Municipality,3rd,R6,I
[2024-09] 06-030-03-000,2024-09,2024,[09] September,"Anilao, Iloilo",[1] Operational,,,,,[A] Operational,B,06-030-03-000,Anilao,Iloilo,Region VI (Western Visayas),Municipality,4th,R6,I
[2024-09] 06-030-05-000,2024-09,2024,[09] September,"Balasan, Iloilo",[1] Operational,,,,,[A] Operational,B,06-030-05-000,Balasan,Iloilo,Region VI (Western Visayas),Municipality,4th,R6,I
[2024-09] 06-006-02-000,2024-09,2024,[09] September,"Barbaza, Antique",[1] Operational,,,,,[A] Operational,B,06-006-02-000,Barbaza,Antique,Region VI (Western Visayas),Municipality,4th,R6,I
[2024-09] 06-030-07-000,2024-09,2024,[09] September,"Barotac Nuevo, Iloilo",[1] Operational,,,,,[A] Operational,B,06-030-07-000,Barotac Nuevo,Iloilo,Region VI (Western Visayas),Municipality,2nd,R6,I
[2024-09] 06-030-08-000,2024-09,2024,[09] September,"Barotac Viejo, Iloilo",[5] For Training,,,,,[C] For Training/Others,B,06-030-08-000,Barotac Viejo,Iloilo,Region VI (Western Visayas),Municipality,3rd,R6,I
[2024-09] 06-030-10-000,2024-09,2024,[09] September,"Bingawan, Iloilo",[1] Operational,,,,,[A] Operational,B,06-030-10-000,Bingawan,Iloilo,Region VI (Western Visayas),Municipality,5th,R6,I
[2024-09] 06-079-01-000,2024-09,2024,[09] September,"Buenavista, Guimaras",[1] Operational,,,,,[A] Operational,B,06-079-01-000,Buenavista,Guimaras,Region VI (Western Visayas),Municipality,2nd,R6,I
[2024-09] 06-006-04-000,2024-09,2024,[09] September,"Bugasong, Antique",[1] Operational,,,,,[A] Operational,A,06-006-04-000,Bugasong,Antique,Region VI (Western Visayas),Municipality,3rd,R6,I
[2024-09] 06-030-12-000,2024-09,2024,[09] September,"Cabatuan, Iloilo",[1] Operational,,,,,[A] Operational,B,06-030-12-000,Cabatuan,Iloilo,Region VI (Western Visayas),Municipality,2nd,R6,I
[2024-09] 06-030-13-000,2024-09,2024,[09] September,"Calinog, Iloilo",[1] Operational,,,,,[A] Operational,A,06-030-13-000,Calinog,Iloilo,Region VI (Western Visayas),Municipality,1st,R6,I
[2024-09] 06-302-00-000,2024-09,2024,[09] September,"City of Bacolod, Negros Occidental",[1] Operational,,,,,[A] Operational,A,06-302-00-000,City of Bacolod,Negros Occidental,Region VI (Western Visayas),City,1st,R6,I
[2024-09] 06-045-10-000,2024-09,2024,[09] September,"City of Himamaylan, Negros Occidental",[1] Operational,,,,,[A] Operational,A,06-045-10-000,City of Himamaylan,Negros Occidental,Region VI (Western Visayas),City,3rd,R6,I
[2024-09] 06-045-15-000,2024-09,2024,[09] September,"City of Kabankalan, Negros Occidental",[1] Operational,,,,,[A] Operational,B,06-045-15-000,City of Kabankalan,Negros Occidental,Region VI (Western Visayas),City,1st,R6,I
[2024-09] 06-030-15-000,2024-09,2024,[09] September,"Concepcion, Iloilo",[1] Operational,,,,,[A] Operational,B,06-030-15-000,Concepcion,Iloilo,Region VI (Western Visayas),Municipality,3rd,R6,I
[2024-09] 06-030-16-000,2024-09,2024,[09] September,"Dingle, Iloilo",[1] Operational,,,,,[A] Operational,A,06-030-16-000,Dingle,Iloilo,Region VI (Western Visayas),Municipality,3rd,R6,I
[2024-09] 06-045-11-000,2024-09,2024,[09] September,"Hinigaran, Negros Occidental",[1] Operational,,,,,[A] Operational,B,06-045-11-000,Hinigaran,Negros Occidental,Region VI (Western Visayas),Municipality,1st,R6,I
[2024-09] 06-030-23-000,2024-09,2024,[09] September,"Janiuay, Iloilo",[1] Operational,,,,,[A] Operational,B,06-030-23-000,Janiuay,Iloilo,Region VI (Western Visayas),Municipality,1st,R6,I
[2024-09] 06-030-25-000,2024-09,2024,[09] September,"Lambunao, Iloilo",[5] For Training,,,,,[C] For Training/Others,B,06-030-25-000,Lambunao,Iloilo,Region VI (Western Visayas),Municipality,1st,R6,I
[2024-09] 06-006-09-000,2024-09,2024,[09] September,"Laua-An, Antique",[1] Operational,,,,,[A] Operational,A,06-006-09-000,Laua-An,Antique,Region VI (Western Visayas),Municipality,4th,R6,I
[2024-09] 06-006-10-000,2024-09,2024,[09] September,"Libertad, Antique",[1] Operational,,,,,[A] Operational,A,06-006-10-000,Libertad,Antique,Region VI (Western Visayas),Municipality,5th,R6,I
[2024-09] 06-045-18-000,2024-09,2024,[09] September,"Manapla, Negros Occidental",[1] Operational,,,,,[A] Operational,B,06-045-18-000,Manapla,Negros Occidental,Region VI (Western Visayas),Municipality,2nd,R6,I
[2024-09] 06-030-30-000,2024-09,2024,[09] September,"Miagao, Iloilo",[5] For Training,,,,,[C] For Training/Others,B,06-030-30-000,Miagao,Iloilo,Region VI (Western Visayas),Municipality,1st,R6,I
[2024-09] 06-030-31-000,2024-09,2024,[09] September,"Mina, Iloilo",[1] Operational,,,,,[A] Operational,A,06-030-31-000,Mina,Iloilo,Region VI (Western Visayas),Municipality,5th,R6,I
[2024-09] 06-045-19-000,2024-09,2024,[09] September,"Moises Padilla, Negros Occidental",[1] Operational,,,,,[A] Operational,B,06-045-19-000,Moises Padilla,Negros Occidental,Region VI (Western Visayas),Municipality,3rd,R6,I
[2024-09] 06-030-32-000,2024-09,2024,[09] September,"New Lucena, Iloilo",[1] Operational,,,,,[A] Operational,B,06-030-32-000,New Lucena,Iloilo,Region VI (Western Visayas),Municipality,4th,R6,I
[2024-09] 06-004-15-000,2024-09,2024,[09] September,"New Washington, Aklan",[1] Operational,,,,,[A] Operational,A,06-004-15-000,New Washington,Aklan,Region VI (Western Visayas),Municipality,3rd,R6,I
[2024-03] 06-006-07-000,2024-03,2024,[03] March,"Tobias Fornier, Antique",[8] Withdraw,,,,,[D] Withdraw,B,06-006-07-000,Tobias Fornier,Antique,Region VI (Western Visayas),Municipality,4th,R6,I
[2024-09] 06-006-11-000,2024-09,2024,[09] September,"Pandan, Antique",[1] Operational,,,,,[A] Operational,A,06-006-11-000,Pandan,Antique,Region VI (Western Visayas),Municipality,4th,R6,I
[2024-09] 06-006-12-000,2024-09,2024,[09] September,"Patnongon, Antique",[1] Operational,,,,,[A] Operational,A,06-006-12-000,Patnongon,Antique,Region VI (Western Visayas),Municipality,3rd,R6,I
[2024-09] 06-030-40-000,2024-09,2024,[09] September,"San Joaquin, Iloilo",[5] For Training,,,,,[C] For Training/Others,B,06-030-40-000,San Joaquin,Iloilo,Region VI (Western Visayas),Municipality,2nd,R6,I
[2024-09] 06-030-43-000,2024-09,2024,[09] September,"Santa Barbara, Iloilo",[1] Operational,,,,,[A] Operational,B,06-030-43-000,Santa Barbara,Iloilo,Region VI (Western Visayas),Municipality,2nd,R6,I
[2024-09] 06-019-15-000,2024-09,2024,[09] September,"Sapi-An, Capiz",[1] Operational,,,,,[A] Operational,A,06-019-15-000,Sapi-An,Capiz,Region VI (Western Visayas),Municipality,4th,R6,I
[2024-09] 06-030-44-000,2024-09,2024,[09] September,"Sara, Iloilo",[1] Operational,,,,,[A] Operational,B,06-030-44-000,Sara,Iloilo,Region VI (Western Visayas),Municipality,2nd,R6,I
[2024-09] 06-006-15-000,2024-09,2024,[09] September,"Sebaste, Antique",[5] For Training,,,,,[C] For Training/Others,B,06-006-15-000,Sebaste,Antique,Region VI (Western Visayas),Municipality,4th,R6,I
[2024-09] 06-004-17-000,2024-09,2024,[09] September,"Tangalan, Aklan",[1] Operational,,,,,[A] Operational,A,06-004-17-000,Tangalan,Aklan,Region VI (Western Visayas),Municipality,5th,R6,I
[2024-09] 06-019-17-000,2024-09,2024,[09] September,"Tapaz, Capiz",[1] Operational,,,,,[A] Operational,A,06-019-17-000,Tapaz,Capiz,Region VI (Western Visayas),Municipality,1st,R6,I
[2024-04] 06-006-07-000,2024-04,2024,[04] April,"Tobias Fornier, Antique",[8] Withdraw,,,,,[D] Withdraw,B,06-006-07-000,Tobias Fornier,Antique,Region VI (Western Visayas),Municipality,4th,R6,I
[2024-09] 06-030-47-000,2024-09,2024,[09] September,"Zarraga, Iloilo",[5] For Training,,,,,[C] For Training/Others,B,06-030-47-000,Zarraga,Iloilo,Region VI (Western Visayas),Municipality,4th,R6,I
[2024-09] 12-065-01-000,2024-09,2024,[09] September,"Bagumbayan, Sultan Kudarat",[3] Ongoing Data Build-up,85%,,,,[B] Developmental,B,12-065-01-000,Bagumbayan,Sultan Kudarat,Region XII (SOCCSKSARGEN),Municipality,1st,R12,Q
[2024-09] 12-047-04-000,2024-09,2024,[09] September,"City of Kidapawan, Cotabato",[1] Operational,,,,,[A] Operational,A,12-047-04-000,City of Kidapawan,Cotabato,Region XII (SOCCSKSARGEN),City,3rd,R12,Q
[2024-09] 12-047-03-000,2024-09,2024,[09] September,"Kabacan, Cotabato",[1] Operational,,,,,[A] Operational,A,12-047-03-000,Kabacan,Cotabato,Region XII (SOCCSKSARGEN),Municipality,1st,R12,Q
[2024-09] 12-065-06-000,2024-09,2024,[09] September,"Lebak, Sultan Kudarat",[7] To Follow-up,,URESPONSIVE,,,[C] For Training/Others,B,12-065-06-000,Lebak,Sultan Kudarat,Region XII (SOCCSKSARGEN),Municipality,1st,R12,Q
[2024-09] 12-047-09-000,2024-09,2024,[09] September,"Midsayap, Cotabato",[1] Operational,,,,,[A] Operational,B,12-047-09-000,Midsayap,Cotabato,Region XII (SOCCSKSARGEN),Municipality,1st,R12,Q
[2024-09] 12-047-12-000,2024-09,2024,[09] September,"Pikit, Cotabato",[1] Operational,,,,,[A] Operational,B,12-047-12-000,Pikit,Cotabato,Region XII (SOCCSKSARGEN),Municipality,1st,R12,Q
[2024-09] 19-087-13-000,2024-09,2024,[09] September,"Upi, Maguindanao del Norte",[1] Operational,,,,,[A] Operational,A,19-087-13-000,Upi,Maguindanao del Norte,Bangsamoro Autonomous Region In Muslim Mindanao (BARMM),Municipality,1st,BARMM II,R
[2024-10] 07-022-01-000,2024-10,2024,[10] October,"Alcantara, Cebu",[3] Ongoing Data Build-up,90%,,,,[B] Developmental,B,07-022-01-000,Alcantara,Cebu,Region VII (Central Visayas),Municipality,5th,R7,J
[2024-10] 07-046-01-000,2024-10,2024,[10] October,"Amlan, Negros Oriental",[3] Ongoing Data Build-up,25%,"For refresher Training;
not yet scheduled",,,[B] Developmental,B,07-046-01-000,Amlan,Negros Oriental,Region VII (Central Visayas),Municipality,4th,R7,J
[2024-10] 07-022-05-000,2024-10,2024,[10] October,"Argao, Cebu",[1] Operational,,,,,[A] Operational,A,07-022-05-000,Argao,Cebu,Region VII (Central Visayas),Municipality,1st,R7,J
[2024-10] 07-022-08-000,2024-10,2024,[10] October,"Balamban, Cebu",[1] Operational,,,,,[A] Operational,A,07-022-08-000,Balamban,Cebu,Region VII (Central Visayas),Municipality,1st,R7,J
[2024-10] 07-046-05-000,2024-10,2024,[10] October,"Basay, Negros Oriental",[1] Operational,,,,,[A] Operational,B,07-046-05-000,Basay,Negros Oriental,Region VII (Central Visayas),Municipality,4th,R7,J
[2024-10] 07-012-09-000,2024-10,2024,[10] October,"Buenavista, Bohol",[1] Operational,,,,,[A] Operational,B,07-012-09-000,Buenavista,Bohol,Region VII (Central Visayas),Municipality,4th,R7,J
[2024-10] 07-012-11-000,2024-10,2024,[10] October,"Candijay, Bohol",[1] Operational,,,,,[A] Operational,B,07-012-11-000,Candijay,Bohol,Region VII (Central Visayas),Municipality,4th,R7,J
[2024-10] 07-046-08-000,2024-10,2024,[10] October,"City of Canlaon, Negros Oriental",[1] Operational,,,,,[A] Operational,B,07-046-08-000,City of Canlaon,Negros Oriental,Region VII (Central Visayas),City,4th,R7,J
[2024-10] 07-313-00-000,2024-10,2024,[10] October,"City of Mandaue, Cebu",[3] Ongoing Data Build-up,25%,,,,[B] Developmental,A,07-313-00-000,City of Mandaue,Cebu,Region VII (Central Visayas),City,1st,R7,J
[2024-10] 07-022-18-000,2024-10,2024,[10] October,"Compostela, Cebu",[3] Ongoing Data Build-up,75%,,,,[B] Developmental,B,07-022-18-000,Compostela,Cebu,Region VII (Central Visayas),Municipality,3rd,R7,J
[2024-10] 07-022-21-000,2024-10,2024,[10] October,"Daanbantayan, Cebu",[3] Ongoing Data Build-up,75%,,,,[B] Developmental,B,07-022-21-000,Daanbantayan,Cebu,Region VII (Central Visayas),Municipality,1st,R7,J
[2024-10] 07-012-18-000,2024-10,2024,[10] October,"Danao, Bohol",[1] Operational,,,,,[A] Operational,B,07-012-18-000,Danao,Bohol,Region VII (Central Visayas),Municipality,4th*,R7,J
[2024-10] 07-022-28-000,2024-10,2024,[10] October,"Madridejos, Cebu",[1] Operational,,,,,[A] Operational,B,07-022-28-000,Madridejos,Cebu,Region VII (Central Visayas),Municipality,4th,R7,J
[2024-10] 07-022-32-000,2024-10,2024,[10] October,"Minglanilla, Cebu",[7] To Follow-up,,"For Refresher Training;
not yet scheduled",,,[C] For Training/Others,B,07-022-32-000,Minglanilla,Cebu,Region VII (Central Visayas),Municipality,1st,R7,J
[2024-10] 07-022-37-000,2024-10,2024,[10] October,"Pinamungajan, Cebu",[1] Operational,,,,,[A] Operational,A,07-022-37-000,Pinamungajan,Cebu,Region VII (Central Visayas),Municipality,2nd,R7,J
[2024-10] 07-022-40-000,2024-10,2024,[10] October,"Samboan, Cebu",[6] With Concerns,,Decided not to continue; problem with the OBO lack of personnel ; waiting for the withdrawal letter,,,[C] For Training/Others,B,07-022-40-000,Samboan,Cebu,Region VII (Central Visayas),Municipality,5th,R7,J
[2024-10] 07-022-42-000,2024-10,2024,[10] October,"San Francisco, Cebu",[2] Pilot Testing,100%,"Done Refresher Training last Septmber 17-19, 2024 for the new personnel in-charge | Waiting for actual transaction",,Waiting for LGU's request of deletion of test data in the system,[B] Developmental,B,07-022-42-000,San Francisco,Cebu,Region VII (Central Visayas),Municipality,3rd,R7,J
[2024-10] 07-046-17-000,2024-10,2024,[10] October,"San Jose, Negros Oriental",[2] Pilot Testing,25%,"For Refresher Training;
not yet scheduled",,,[B] Developmental,B,07-046-17-000,San Jose,Negros Oriental,Region VII (Central Visayas),Municipality,5th,R7,J
[2024-10] 07-012-44-000,2024-10,2024,[10] October,"Trinidad, Bohol",[1] Operational,,,,,[A] Operational,B,07-012-44-000,Trinidad,Bohol,Region VII (Central Visayas),Municipality,3rd,R7,J
[2024-10] 07-022-52-000,2024-10,2024,[10] October,"Tuburan, Cebu",[1] Operational,,,,,[A] Operational,A,07-022-52-000,Tuburan,Cebu,Region VII (Central Visayas),Municipality,2nd,R7,J
[2024-10] 07-022-53-000,2024-10,2024,[10] October,"Tudela, Cebu",[1] Operational,,,,,[A] Operational,A,07-022-53-000,Tudela,Cebu,Region VII (Central Visayas),Municipality,5th,R7,J
[2024-10] 08-037-01-000,2024-10,2024,[10] October,"Abuyog, Leyte",[2] Pilot Testing,80%,Nonresponsive LGU,Forwarded follow up letter to LGU regarding their implementation but no response.,Nonresponsive LGU. Forwarded follow up  letter to LGU regarding their implementation but no response.,[B] Developmental,B,08-037-01-000,Abuyog,Leyte,Region VIII (Eastern Visayas),Municipality,1st*,R8,K
[2024-10] 08-037-02-000,2024-10,2024,[10] October,"Alangalang, Leyte",[1] Operational,,,,Normal Operations,[A] Operational,A,08-037-02-000,Alangalang,Leyte,Region VIII (Eastern Visayas),Municipality,2nd,R8,K
[2024-10] 08-060-02-000,2024-10,2024,[10] October,"Basey, Samar",[1] Operational,,,,,[A] Operational,B,08-060-02-000,Basey,Samar,Region VIII (Eastern Visayas),Municipality,1st,R8,K
[2024-10] 08-037-15-000,2024-10,2024,[10] October,"Carigara, Leyte",[1] Operational,,,,,[A] Operational,B,08-037-15-000,Carigara,Leyte,Region VIII (Eastern Visayas),Municipality,2nd,R8,K
[2024-10] 08-026-04-000,2024-10,2024,[10] October,"City of Borongan, Eastern Samar",[1] Operational,,,,Normal Operations,[A] Operational,A,08-026-04-000,City of Borongan,Eastern Samar,Region VIII (Eastern Visayas),City,1st (as Mun),R8,K
[2024-10] 08-064-07-000,2024-10,2024,[10] October,"City of Maasin, Southern Leyte",[1] Operational,,,,Normal Operations,[A] Operational,A,08-064-07-000,City of Maasin,Southern Leyte,Region VIII (Eastern Visayas),City,4th,R8,K
[2024-10] 08-060-07-000,2024-10,2024,[10] October,"Gandara, Samar",[2] Pilot Testing,95%,Internet Connectivity Issues - Unstable Connection,Forwarded follow letter to LGU regarding their implementation but no response.,Internet Connectivity Issues - Unstable ConnectionForwarded follow letter to LGU regarding their implementation but no response.,[B] Developmental,B,08-060-07-000,Gandara,Samar,Region VIII (Eastern Visayas),Municipality,2nd,R8,K
[2024-10] 08-026-09-000,2024-10,2024,[10] October,"Guiuan, Eastern Samar",[1] Operational,,,,Normal Operations,[A] Operational,B,08-026-09-000,Guiuan,Eastern Samar,Region VIII (Eastern Visayas),Municipality,2nd,R8,K
[2024-10] 08-037-20-000,2024-10,2024,[10] October,"Hindang, Leyte",[1] Operational,,,,Normal Operations,[A] Operational,B,08-037-20-000,Hindang,Leyte,Region VIII (Eastern Visayas),Municipality,5th,R8,K
[2024-10] 08-037-24-000,2024-10,2024,[10] October,"Javier, Leyte",[1] Operational,,,,Normal Operations,[A] Operational,B,08-037-24-000,Javier,Leyte,Region VIII (Eastern Visayas),Municipality,4th*,R8,K
[2024-10] 08-060-09-000,2024-10,2024,[10] October,"Jiabong, Samar",[1] Operational,,,,,[A] Operational,B,08-060-09-000,Jiabong,Samar,Region VIII (Eastern Visayas),Municipality,5th,R8,K
[2024-05] 06-006-07-000,2024-05,2024,[05] May,"Tobias Fornier, Antique",[8] Withdraw,,,,,[D] Withdraw,B,06-006-07-000,Tobias Fornier,Antique,Region VI (Western Visayas),Municipality,4th,R6,I
[2024-10] 08-037-28-000,2024-10,2024,[10] October,"La Paz, Leyte",[2] Pilot Testing,100%,,Waiting for first client.,Waiting for first client.,[B] Developmental,B,08-037-28-000,La Paz,Leyte,Region VIII (Eastern Visayas),Municipality,5th*,R8,K
[2024-10] 08-037-29-000,2024-10,2024,[10] October,"Leyte, Leyte",[1] Operational,,,,Normal Operations,[A] Operational,A,08-037-29-000,Leyte,Leyte,Region VIII (Eastern Visayas),Municipality,4th*,R8,K
[2024-10] 08-064-08-000,2024-10,2024,[10] October,"Macrohon, Southern Leyte",[1] Operational,,,,Normal Operations,[A] Operational,A,08-064-08-000,Macrohon,Southern Leyte,Region VIII (Eastern Visayas),Municipality,4th,R8,K
[2024-10] 08-078-08-000,2024-10,2024,[10] October,"Naval, Biliran",[1] Operational,,,,Normal Operations,[A] Operational,A,08-078-08-000,Naval,Biliran,Region VIII (Eastern Visayas),Municipality,2nd,R8,K
[2024-10] 08-037-39-000,2024-10,2024,[10] October,"Palo, Leyte",[1] Operational,,,,Normal Operations,[A] Operational,A,08-037-39-000,Palo,Leyte,Region VIII (Eastern Visayas),Municipality,3rd,R8,K
[2024-10] 08-048-15-000,2024-10,2024,[10] October,"Pambujan, Northern Samar",[1] Operational,,,,,[A] Operational,A,08-048-15-000,Pambujan,Northern Samar,Region VIII (Eastern Visayas),Municipality,4th,R8,K
[2024-10] 08-037-41-000,2024-10,2024,[10] October,"Pastrana, Leyte",[1] Operational,,,,Normal Operations,[A] Operational,A,08-037-41-000,Pastrana,Leyte,Region VIII (Eastern Visayas),Municipality,5th*,R8,K
[2024-10] 08-064-14-000,2024-10,2024,[10] October,"San Juan, Southern Leyte",[1] Operational,,,,,[A] Operational,A,08-064-14-000,San Juan,Southern Leyte,Region VIII (Eastern Visayas),Municipality,5th,R8,K
[2024-10] 08-048-20-000,2024-10,2024,[10] October,"San Roque, Northern Samar",[1] Operational,,,,Normal Operations,[A] Operational,A,08-048-20-000,San Roque,Northern Samar,Region VIII (Eastern Visayas),Municipality,4th,R8,K
[2024-10] 08-064-17-000,2024-10,2024,[10] October,"Sogod, Southern Leyte",[1] Operational,,,,Normal Operations,[A] Operational,A,08-064-17-000,Sogod,Southern Leyte,Region VIII (Eastern Visayas),Municipality,2nd,R8,K
[2024-10] 08-064-18-000,2024-10,2024,[10] October,"Tomas Oppus, Southern Leyte",[1] Operational,,,,Zero Transactions for the month of October 2024.,[A] Operational,A,08-064-18-000,Tomas Oppus,Southern Leyte,Region VIII (Eastern Visayas),Municipality,5th,R8,K
[2024-10] 19-066-13-000,2024-10,2024,[10] October,"Talipao, Sulu",[3] Ongoing Data Build-up,50%,,,"Refresher Training conducted on September 25-27, 2024",[B] Developmental,B,19-066-13-000,Talipao,Sulu,Bangsamoro Autonomous Region In Muslim Mindanao (BARMM),Municipality,1st,BARMM I,M
[2024-10] 09-072-10-000,2024-10,2024,[10] October,"Polanco, Zamboanga del Norte",[1] Operational,,,,,[A] Operational,A,09-072-10-000,Polanco,Zamboanga del Norte,Region IX (Zamboanga Peninsula),Municipality,3rd,R9,L
[2024-10] 09-072-11-000,2024-10,2024,[10] October,"Pres. Manuel A. Roxas, Zamboanga del Norte",[2] Pilot Testing,75%,,,"Refresher Training conducted on September 25-27, 2024",[B] Developmental,B,09-072-11-000,Pres. Manuel A. Roxas,Zamboanga del Norte,Region IX (Zamboanga Peninsula),Municipality,2nd,R9,L
[2024-10] 09-072-12-000,2024-10,2024,[10] October,"Rizal, Zamboanga del Norte",[2] Pilot Testing,25%,,,,[B] Developmental,B,09-072-12-000,Rizal,Zamboanga del Norte,Region IX (Zamboanga Peninsula),Municipality,5th,R9,L
[2024-10] 09-072-15-000,2024-10,2024,[10] October,"Siayan, Zamboanga del Norte",[1] Operational,,,,,[A] Operational,B,09-072-15-000,Siayan,Zamboanga del Norte,Region IX (Zamboanga Peninsula),Municipality,2nd,R9,L
[2024-10] 09-072-18-000,2024-10,2024,[10] October,"Sindangan, Zamboanga del Norte",[3] Ongoing Data Build-up,50%,,,"Refresher Training conducted on September 25-27, 2024",[B] Developmental,B,09-072-18-000,Sindangan,Zamboanga del Norte,Region IX (Zamboanga Peninsula),Municipality,1st,R9,L
[2024-10] 09-073-08-000,2024-10,2024,[10] October,"Dumingag, Zamboanga del Sur",[3] Ongoing Data Build-up,50%,,,"Refresher Training conducted on September 25-27, 2024",[B] Developmental,B,09-073-08-000,Dumingag,Zamboanga del Sur,Region IX (Zamboanga Peninsula),Municipality,2nd,R9,L
[2024-10] 09-073-43-000,2024-10,2024,[10] October,"Guipos, Zamboanga del Sur",[3] Ongoing Data Build-up,50%,,,,[B] Developmental,B,09-073-43-000,Guipos,Zamboanga del Sur,Region IX (Zamboanga Peninsula),Municipality,4th,R9,L
[2024-10] 09-073-12-000,2024-10,2024,[10] October,"Labangan, Zamboanga del Sur",[1] Operational,,,,,[A] Operational,B,09-073-12-000,Labangan,Zamboanga del Sur,Region IX (Zamboanga Peninsula),Municipality,3rd,R9,L
[2024-10] 09-073-33-000,2024-10,2024,[10] October,"Lakewood, Zamboanga del Sur",[2] Pilot Testing,75%,,,,[B] Developmental,B,09-073-33-000,Lakewood,Zamboanga del Sur,Region IX (Zamboanga Peninsula),Municipality,4th,R9,L
[2024-10] 09-073-25-000,2024-10,2024,[10] October,"San Pablo, Zamboanga del Sur",[2] Pilot Testing,75%,,,,[B] Developmental,B,09-073-25-000,San Pablo,Zamboanga del Sur,Region IX (Zamboanga Peninsula),Municipality,4th*,R9,L
[2024-10] 09-083-15-000,2024-10,2024,[10] October,"Titay, Zamboanga Sibugay",[1] Operational,,,,,[A] Operational,A,09-083-15-000,Titay,Zamboanga Sibugay,Region IX (Zamboanga Peninsula),Municipality,2nd,R9,L
[2024-10] 11-025-03-000,2024-10,2024,[10] October,"Boston, Davao Oriental",[1] Operational,,,,,[A] Operational,A,11-025-03-000,Boston,Davao Oriental,Region XI (Davao Region),Municipality,3rd,R11,P
[2024-10] 11-025-05-000,2024-10,2024,[10] October,"Cateel, Davao Oriental",[1] Operational,,,,,[A] Operational,A,11-025-05-000,Cateel,Davao Oriental,Region XI (Davao Region),Municipality,2nd,R11,P
[2024-10] 11-024-03-000,2024-10,2024,[10] October,"City of Digos, Davao del Sur",[1] Operational,,,,,[A] Operational,B,11-024-03-000,City of Digos,Davao del Sur,Region XI (Davao Region),City,2nd,R11,P
[2024-10] 11-025-09-000,2024-10,2024,[10] October,"City of Mati, Davao Oriental",[1] Operational,,,,,[A] Operational,A,11-025-09-000,City of Mati,Davao Oriental,Region XI (Davao Region),City,5th,R11,P
[2024-10] 11-025-07-000,2024-10,2024,[10] October,"Lupon, Davao Oriental",[1] Operational,,,,,[A] Operational,B,11-025-07-000,Lupon,Davao Oriental,Region XI (Davao Region),Municipality,1st,R11,P
[2024-10] 11-024-08-000,2024-10,2024,[10] October,"Malalag, Davao del Sur",[1] Operational,,,,,[A] Operational,A,11-024-08-000,Malalag,Davao del Sur,Region XI (Davao Region),Municipality,2nd,R11,P
[2024-10] 11-025-08-000,2024-10,2024,[10] October,"Manay, Davao Oriental",[1] Operational,,,,,[A] Operational,A,11-025-08-000,Manay,Davao Oriental,Region XI (Davao Region),Municipality,2nd,R11,P
[2024-10] 11-082-05-000,2024-10,2024,[10] October,"Maragusan, Davao de Oro",[1] Operational,,,,,[A] Operational,B,11-082-05-000,Maragusan,Davao de Oro,Region XI (Davao Region),Municipality,1st,R11,P
[2024-10] 11-024-10-000,2024-10,2024,[10] October,"Matanao, Davao del Sur",[1] Operational,,,,,[A] Operational,A,11-024-10-000,Matanao,Davao del Sur,Region XI (Davao Region),Municipality,2nd,R11,P
[2024-10] 11-024-11-000,2024-10,2024,[10] October,"Padada, Davao del Sur",[1] Operational,,,,,[A] Operational,B,11-024-11-000,Padada,Davao del Sur,Region XI (Davao Region),Municipality,3rd,R11,P
[2024-10] 11-024-14-000,2024-10,2024,[10] October,"Sulop, Davao del Sur",[1] Operational,,,,,[A] Operational,A,11-024-14-000,Sulop,Davao del Sur,Region XI (Davao Region),Municipality,3rd,R11,P
[2024-10] 11-025-11-000,2024-10,2024,[10] October,"Tarragona, Davao Oriental",[1] Operational,,,,,[A] Operational,B,11-025-11-000,Tarragona,Davao Oriental,Region XI (Davao Region),Municipality,3rd,R11,P
[2024-10] 11-025-06-000,2024-10,2024,[10] October,"Governor Generoso, Davao Oriental",[3] Ongoing Data Build-up,50%,,,"October 14-16, 2024 - Users Training",[B] Developmental,A,11-025-06-000,Governor Generoso,Davao Oriental,Region XI (Davao Region),Municipality,2nd,R11,P
[2024-10] 11-024-12-000,2024-10,2024,[10] October,"Santa Cruz, Davao del Sur",[5] For Training,,,,"October 29-31, 2024 - Users Training",[C] For Training/Others,A,11-024-12-000,Santa Cruz,Davao del Sur,Region XI (Davao Region),Municipality,1st,R11,P
[2024-10] 10-035-01-000,2024-10,2024,[10] October,"Bacolod, Lanao del Norte",[1] Operational,,,,,[A] Operational,B,10-035-01-000,Bacolod,Lanao del Norte,Region X (Northern Mindanao),Municipality,4th,R10,N
[2024-10] 10-042-03-000,2024-10,2024,[10] October,"Bonifacio, Misamis Occidental",[3] Ongoing Data Build-up,11%,Still at 11%,For refreshers training on November 2024,,[B] Developmental,B,10-042-03-000,Bonifacio,Misamis Occidental,Region X (Northern Mindanao),Municipality,4th,R10,N
[2024-10] 10-042-04-000,2024-10,2024,[10] October,"Calamba, Misamis Occidental",[1] Operational,,,,,[A] Operational,A,10-042-04-000,Calamba,Misamis Occidental,Region X (Northern Mindanao),Municipality,4th,R10,N
[2024-10] 10-018-01-000,2024-10,2024,[10] October,"Catarman, Camiguin",[3] Ongoing Data Build-up,100%,,To operate on 2024,,[B] Developmental,B,10-018-01-000,Catarman,Camiguin,Region X (Northern Mindanao),Municipality,5th,R10,N
[2024-10] 10-043-08-000,2024-10,2024,[10] October,"City of Gingoog, Misamis Oriental",[1] Operational,,,,,[A] Operational,A,10-043-08-000,City of Gingoog,Misamis Oriental,Region X (Northern Mindanao),City,2nd,R10,N
[2024-10] 10-042-15-000,2024-10,2024,[10] October,"City of Tangub, Misamis Occidental",[5] For Training,,,,,[C] For Training/Others,B,10-042-15-000,City of Tangub,Misamis Occidental,Region X (Northern Mindanao),City,4th,R10,N
[2024-10] 10-042-05-000,2024-10,2024,[10] October,"Clarin, Misamis Occidental",[5] For Training,,,,,[C] For Training/Others,B,10-042-05-000,Clarin,Misamis Occidental,Region X (Northern Mindanao),Municipality,4th,R10,N
[2024-10] 10-043-06-000,2024-10,2024,[10] October,"Claveria, Misamis Oriental",[1] Operational,,,,,[A] Operational,A,10-043-06-000,Claveria,Misamis Oriental,Region X (Northern Mindanao),Municipality,1st,R10,N
[2024-10] 10-043-11-000,2024-10,2024,[10] October,"Jasaan, Misamis Oriental",[1] Operational,,,,,[A] Operational,B,10-043-11-000,Jasaan,Misamis Oriental,Region X (Northern Mindanao),Municipality,2nd,R10,N
[2024-10] 10-035-05-000,2024-10,2024,[10] October,"Kapatagan, Lanao del Norte",[1] Operational,,,,,[A] Operational,A,10-035-05-000,Kapatagan,Lanao del Norte,Region X (Northern Mindanao),Municipality,2nd,R10,N
[2024-10] 10-043-13-000,2024-10,2024,[10] October,"Lagonglong, Misamis Oriental",[1] Operational,,,,,[A] Operational,A,10-043-13-000,Lagonglong,Misamis Oriental,Region X (Northern Mindanao),Municipality,5th,R10,N
[2024-10] 10-043-15-000,2024-10,2024,[10] October,"Libertad, Misamis Oriental",[2] Pilot Testing,100%,,,,[B] Developmental,B,10-043-15-000,Libertad,Misamis Oriental,Region X (Northern Mindanao),Municipality,5th,R10,N
[2024-10] 10-035-12-000,2024-10,2024,[10] October,"Maigo, Lanao del Norte",[1] Operational,,,,,[A] Operational,A,10-035-12-000,Maigo,Lanao del Norte,Region X (Northern Mindanao),Municipality,4th,R10,N
[2024-10] 10-043-18-000,2024-10,2024,[10] October,"Manticao, Misamis Oriental",[1] Operational,,,,,[A] Operational,B,10-043-18-000,Manticao,Misamis Oriental,Region X (Northern Mindanao),Municipality,4th,R10,N
[2024-10] 10-042-12-000,2024-10,2024,[10] October,"Plaridel, Misamis Occidental",[1] Operational,,,,,[A] Operational,A,10-042-12-000,Plaridel,Misamis Occidental,Region X (Northern Mindanao),Municipality,3rd,R10,N
[2024-10] 10-043-22-000,2024-10,2024,[10] October,"Salay, Misamis Oriental",[1] Operational,,,,,[A] Operational,A,10-043-22-000,Salay,Misamis Oriental,Region X (Northern Mindanao),Municipality,4th,R10,N
[2024-10] 10-042-14-000,2024-10,2024,[10] October,"Sinacaban, Misamis Occidental",[1] Operational,,,,,[A] Operational,A,10-042-14-000,Sinacaban,Misamis Occidental,Region X (Northern Mindanao),Municipality,5th,R10,N
[2024-10] 10-043-24-000,2024-10,2024,[10] October,"Tagoloan, Misamis Oriental",[7] To Follow-up,,Responded. Lack of Manpower,To follow up LGU decision to continue or withdraw,To continue on 2024 as per OBO,[C] For Training/Others,B,10-043-24-000,Tagoloan,Misamis Oriental,Region X (Northern Mindanao),Municipality,1st,R10,N
[2024-10] 10-043-25-000,2024-10,2024,[10] October,"Talisayan, Misamis Oriental",[1] Operational,,,,,[A] Operational,B,10-043-25-000,Talisayan,Misamis Oriental,Region X (Northern Mindanao),Municipality,4th,R10,N
[2024-10] 10-035-22-000,2024-10,2024,[10] October,"Tubod, Lanao del Norte",[2] Pilot Testing,70%,Still at 70% Updating of requirements category is not working,for follow up in PMT,,[B] Developmental,B,10-035-22-000,Tubod,Lanao del Norte,Region X (Northern Mindanao),Municipality,2nd,R10,N
[2024-10] 10-042-01-000,2024-10,2024,[10] October,"Aloran, Misamis Occidental",[3] Ongoing Data Build-up,100%,,,"Scheduled on Oct 1-4, 2024",[B] Developmental,A,10-042-01-000,Aloran,Misamis Occidental,Region X (Northern Mindanao),Municipality,4th,R10,N
[2024-10] 14-032-13-000,2024-10,2024,[10] October,"City of Tabuk, Kalinga",[1] Operational,,,,,[A] Operational,B,14-032-13-000,City of Tabuk,Kalinga,Cordillera Administrative Region (CAR),City,5th,CAR,B
[2024-10] 01-028-05-000,2024-10,2024,[10] October,"City of Batac, Ilocos Norte",[1] Operational,,,,,[A] Operational,B,01-028-05-000,City of Batac,Ilocos Norte,Region I (Ilocos Region),City,5th,R1,C
[2024-10] 01-028-12-000,2024-10,2024,[10] October,"City of Laoag, Ilocos Norte",[5] For Training,,Waiting for the SB Resolution,For Follow-up,,[C] For Training/Others,B,01-028-12-000,City of Laoag,Ilocos Norte,Region I (Ilocos Region),City,3rd,R1,C
[2024-10] 01-055-19-000,2024-10,2024,[10] October,"Dasol, Pangasinan",[7] To Follow-up,,for schedule of training,For Follow-up,,[C] For Training/Others,B,01-055-19-000,Dasol,Pangasinan,Region I (Ilocos Region),Municipality,3rd,R1,C
[2024-10] 01-055-48-000,2024-10,2024,[10] October,"Laoac, Pangasinan",[7] To Follow-up,,for schedule of training,For Follow-up,,[C] For Training/Others,B,01-055-48-000,Laoac,Pangasinan,Region I (Ilocos Region),Municipality,4th,R1,C
[2024-10] 01-055-30-000,2024-10,2024,[10] October,"Pozorrubio, Pangasinan",[5] For Training,,,For Follow-up,,[C] For Training/Others,B,01-055-30-000,Pozorrubio,Pangasinan,Region I (Ilocos Region),Municipality,1st,R1,C
[2024-10] 01-029-18-000,2024-10,2024,[10] October,"San Esteban, Ilocos Sur",[5] For Training,,,For Follow-up,,[C] For Training/Others,B,01-029-18-000,San Esteban,Ilocos Sur,Region I (Ilocos Region),Municipality,5th,R1,C
[2024-10] 02-031-03-000,2024-10,2024,[10] October,"Aurora, Isabela",[1] Operational,,,,,[A] Operational,B,02-031-03-000,Aurora,Isabela,Region II (Cagayan Valley),Municipality,3rd,R2,D
[2024-10] 02-031-14-000,2024-10,2024,[10] October,"City of Ilagan, Isabela",[1] Operational,,,,,[A] Operational,A,02-031-14-000,City of Ilagan,Isabela,Region II (Cagayan Valley),City,1st (as Mun),R2,D
[2024-06] 06-006-07-000,2024-06,2024,[06] June,"Tobias Fornier, Antique",[8] Withdraw,,,,,[D] Withdraw,B,06-006-07-000,Tobias Fornier,Antique,Region VI (Western Visayas),Municipality,4th,R6,I
[2024-10] 03-054-03-000,2024-10,2024,[10] October,"Arayat, Pampanga",[1] Operational,,,,,[A] Operational,A,03-054-03-000,Arayat,Pampanga,Region III (Central Luzon),Municipality,1st,R3,E
[2024-10] 03-077-01-000,2024-10,2024,[10] October,"Baler, Aurora",[1] Operational,,,,,[A] Operational,A,03-077-01-000,Baler,Aurora,Region III (Central Luzon),Municipality,3rd,R3,E
[2024-10] 03-049-04-000,2024-10,2024,[10] October,"Cabiao, Nueva Ecija",[3] Ongoing Data Build-up,88%,Requesting for refresher training,,,[B] Developmental,B,03-049-04-000,Cabiao,Nueva Ecija,Region III (Central Luzon),Municipality,1st,R3,E
[2024-10] 03-077-02-000,2024-10,2024,[10] October,"Casiguran, Aurora",[1] Operational,,,,,[A] Operational,A,03-077-02-000,Casiguran,Aurora,Region III (Central Luzon),Municipality,2nd,R3,E
[2024-07] 06-006-07-000,2024-07,2024,[07] July,"Tobias Fornier, Antique",[8] Withdraw,,,,,[D] Withdraw,B,06-006-07-000,Tobias Fornier,Antique,Region VI (Western Visayas),Municipality,4th,R6,I
[2024-10] 03-314-00-000,2024-10,2024,[10] October,"City of Olongapo, Zambales",[3] Ongoing Data Build-up,60%,lack of Staff,For Visitation,,[B] Developmental,B,03-314-00-000,City of Olongapo,Zambales,Region III (Central Luzon),City,1st,R3,E
[2024-10] 03-049-19-000,2024-10,2024,[10] October,"City of Palayan, Nueva Ecija",[2] Pilot Testing,50%,,for visitation,,[B] Developmental,B,03-049-19-000,City of Palayan,Nueva Ecija,Region III (Central Luzon),City,5th,R3,E
[2024-10] 03-077-05-000,2024-10,2024,[10] October,"Dingalan, Aurora",[2] Pilot Testing,98%,,for refresher training,,[B] Developmental,B,03-077-05-000,Dingalan,Aurora,Region III (Central Luzon),Municipality,3rd,R3,E
[2024-10] 03-077-06-000,2024-10,2024,[10] October,"Dipaculao, Aurora",[1] Operational,,,,,[A] Operational,B,03-077-06-000,Dipaculao,Aurora,Region III (Central Luzon),Municipality,3rd,R3,E
[2024-10] 03-049-07-000,2024-10,2024,[10] October,"Gabaldon, Nueva Ecija",[2] Pilot Testing,68%,Requesting for refresher training,for visitation,,[B] Developmental,B,03-049-07-000,Gabaldon,Nueva Ecija,Region III (Central Luzon),Municipality,4th,R3,E
[2024-10] 03-069-06-000,2024-10,2024,[10] October,"Gerona, Tarlac",[1] Operational,,,,,[A] Operational,B,03-069-06-000,Gerona,Tarlac,Region III (Central Luzon),Municipality,1st,R3,E
[2024-10] 03-071-05-000,2024-10,2024,[10] October,"Iba, Zambales",[2] Pilot Testing,77%,for launching phase,for visitation,,[B] Developmental,B,03-071-05-000,Iba,Zambales,Region III (Central Luzon),Municipality,2nd,R3,E
[2024-10] 03-008-06-000,2024-10,2024,[10] October,"Limay, Bataan",[6] With Concerns,,Internet connectivity issue and new staff,"Sent Notice Letter, awaiting for their reply
Intends to withdraw",,[C] For Training/Others,B,03-008-06-000,Limay,Bataan,Region III (Central Luzon),Municipality,1st,R3,E
[2024-10] 03-054-10-000,2024-10,2024,[10] October,"Macabebe, Pampanga",[6] With Concerns,,New LGU Staff and Internet connectivity issue,"intended to withdraw
waiting for the withdrawal letter",,[C] For Training/Others,B,03-054-10-000,Macabebe,Pampanga,Region III (Central Luzon),Municipality,1st,R3,E
[2024-10] 03-077-07-000,2024-10,2024,[10] October,"Maria Aurora, Aurora",[1] Operational,,,,,[A] Operational,A,03-077-07-000,Maria Aurora,Aurora,Region III (Central Luzon),Municipality,2nd,R3,E
[2024-10] 03-014-13-000,2024-10,2024,[10] October,"Norzagaray, Bulacan",[1] Operational,,,,,[A] Operational,A,03-014-13-000,Norzagaray,Bulacan,Region III (Central Luzon),Municipality,1st,R3,E
[2024-10] 03-071-09-000,2024-10,2024,[10] October,"San Antonio, Zambales",[2] Pilot Testing,95%,,renovation of municipal hall,,[B] Developmental,B,03-071-09-000,San Antonio,Zambales,Region III (Central Luzon),Municipality,2nd,R3,E
[2024-10] 03-054-17-000,2024-10,2024,[10] October,"San Luis, Pampanga",[6] With Concerns,,"Still on process of familiarizing the whole system
for pilot testing 30%
Unresponsive LGU",for visitation,,[C] For Training/Others,B,03-054-17-000,San Luis,Pampanga,Region III (Central Luzon),Municipality,3rd,R3,E
[2024-10] 03-071-12-000,2024-10,2024,[10] October,"San Narciso, Zambales",[1] Operational,,,,,[A] Operational,A,03-071-12-000,San Narciso,Zambales,Region III (Central Luzon),Municipality,4th,R3,E
[2024-10] 03-069-15-000,2024-10,2024,[10] October,"Santa Ignacia, Tarlac",[1] Operational,,,,,[A] Operational,A,03-069-15-000,Santa Ignacia,Tarlac,Region III (Central Luzon),Municipality,2nd,R3,E
[2024-10] 03-049-32-000,2024-10,2024,[10] October,"Zaragoza, Nueva Ecija",[2] Pilot Testing,99%,,for launching phase,,[B] Developmental,B,03-049-32-000,Zaragoza,Nueva Ecija,Region III (Central Luzon),Municipality,3rd,R3,E
[2024-10] 04-056-02-000,2024-10,2024,[10] October,"Alabat, Quezon",[1] Operational,,,,,[A] Operational,B,04-056-02-000,Alabat,Quezon,Region IV-A (CALABARZON),Municipality,5th,R4A,F
[2024-10] 04-021-01-000,2024-10,2024,[10] October,"Alfonso, Cavite",[3] Ongoing Data Build-up,76%,,,,[B] Developmental,B,04-021-01-000,Alfonso,Cavite,Region IV-A (CALABARZON),Municipality,1st,R4A,F
[2024-10] 04-021-02-000,2024-10,2024,[10] October,"Amadeo, Cavite",[2] Pilot Testing,87%,,,Waiting for decision of LGU if they will use the system,[B] Developmental,B,04-021-02-000,Amadeo,Cavite,Region IV-A (CALABARZON),Municipality,4th,R4A,F
[2024-10] 04-010-03-000,2024-10,2024,[10] October,"Balayan, Batangas",[1] Operational,,,,,[A] Operational,A,04-010-03-000,Balayan,Batangas,Region IV-A (CALABARZON),Municipality,1st,R4A,F
[2024-10] 04-056-08-000,2024-10,2024,[10] October,"Candelaria, Quezon",[1] Operational,,,,,[A] Operational,A,04-056-08-000,Candelaria,Quezon,Region IV-A (CALABARZON),Municipality,1st,R4A,F
[2024-10] 04-034-07-000,2024-10,2024,[10] October,"Cavinti, Laguna",[2] Pilot Testing,100%,For Launching,Continuation of Pilot Testing on July 2,Waiting for LGU Schedule,[B] Developmental,B,04-034-07-000,Cavinti,Laguna,Region IV-A (CALABARZON),Municipality,3rd,R4A,F
[2024-10] 04-056-16-000,2024-10,2024,[10] October,"General Luna, Quezon",[1] Operational,,,,,[A] Operational,B,04-056-16-000,General Luna,Quezon,Region IV-A (CALABARZON),Municipality,4th,R4A,F
[2024-10] 04-056-17-000,2024-10,2024,[10] October,"General Nakar, Quezon",[1] Operational,,,,,[A] Operational,B,04-056-17-000,General Nakar,Quezon,Region IV-A (CALABARZON),Municipality,1st,R4A,F
[2024-10] 04-056-19-000,2024-10,2024,[10] October,"Gumaca, Quezon",[7] To Follow-up,,LGU unresponsive,For visitation,,[C] For Training/Others,B,04-056-19-000,Gumaca,Quezon,Region IV-A (CALABARZON),Municipality,1st,R4A,F
[2024-10] 04-056-20-000,2024-10,2024,[10] October,"Infanta, Quezon",[1] Operational,,,,,[A] Operational,A,04-056-20-000,Infanta,Quezon,Region IV-A (CALABARZON),Municipality,1st,R4A,F
[2024-08] 06-006-07-000,2024-08,2024,[08] August,"Tobias Fornier, Antique",[8] Withdraw,,,,,[D] Withdraw,B,06-006-07-000,Tobias Fornier,Antique,Region VI (Western Visayas),Municipality,4th,R6,I
[2024-10] 04-010-13-000,2024-10,2024,[10] October,"Lian, Batangas",[1] Operational,,,,,[A] Operational,A,04-010-13-000,Lian,Batangas,Region IV-A (CALABARZON),Municipality,3rd,R4A,F
[2024-10] 04-010-16-000,2024-10,2024,[10] October,"Mabini, Batangas",[1] Operational,,,,,[A] Operational,A,04-010-16-000,Mabini,Batangas,Region IV-A (CALABARZON),Municipality,1st,R4A,F
[2024-10] 04-021-12-000,2024-10,2024,[10] October,"Magallanes, Cavite",[1] Operational,,,,,[A] Operational,B,04-021-12-000,Magallanes,Cavite,Region IV-A (CALABARZON),Municipality,4th,R4A,F
[2024-10] 04-056-27-000,2024-10,2024,[10] October,"Mauban, Quezon",[1] Operational,,,,,[A] Operational,A,04-056-27-000,Mauban,Quezon,Region IV-A (CALABARZON),Municipality,1st,R4A,F
[2024-10] 04-021-15-000,2024-10,2024,[10] October,"Naic, Cavite",[1] Operational,,,,,[A] Operational,A,04-021-15-000,Naic,Cavite,Region IV-A (CALABARZON),Municipality,1st,R4A,F
[2024-10] 04-034-18-000,2024-10,2024,[10] October,"Paete, Laguna",[1] Operational,,,,,[A] Operational,B,04-034-18-000,Paete,Laguna,Region IV-A (CALABARZON),Municipality,4th,R4A,F
[2024-10] 04-056-34-000,2024-10,2024,[10] October,"Pitogo, Quezon",[2] Pilot Testing,61%,,,,[B] Developmental,B,04-056-34-000,Pitogo,Quezon,Region IV-A (CALABARZON),Municipality,4th,R4A,F
[2024-10] 04-056-39-000,2024-10,2024,[10] October,"Sampaloc, Quezon",[1] Operational,,,,,[A] Operational,B,04-056-39-000,Sampaloc,Quezon,Region IV-A (CALABARZON),Municipality,5th,R4A,F
[2024-10] 04-010-24-000,2024-10,2024,[10] October,"San Luis, Batangas",[1] Operational,,,,,[A] Operational,B,04-010-24-000,San Luis,Batangas,Region IV-A (CALABARZON),Municipality,4th,R4A,F
[2024-10] 04-010-25-000,2024-10,2024,[10] October,"San Nicolas, Batangas",[1] Operational,,,,"Launched on August 30, 2024",[A] Operational,B,04-010-25-000,San Nicolas,Batangas,Region IV-A (CALABARZON),Municipality,5th,R4A,F
[2024-10] 04-010-27-000,2024-10,2024,[10] October,"Santa Teresita, Batangas",[1] Operational,,,,,[A] Operational,A,04-010-27-000,Santa Teresita,Batangas,Region IV-A (CALABARZON),Municipality,5th,R4A,F
[2024-10] 04-010-29-000,2024-10,2024,[10] October,"Taal, Batangas",[1] Operational,,,,,[A] Operational,A,04-010-29-000,Taal,Batangas,Region IV-A (CALABARZON),Municipality,3rd,R4A,F
[2024-10] 17-052-01-000,2024-10,2024,[10] October,"Baco, Oriental Mindoro",[1] Operational,,,,,[A] Operational,B,17-052-01-000,Baco,Oriental Mindoro,MIMAROPA Region,Municipality,3rd,R4B,G
[2024-10] 17-059-02-000,2024-10,2024,[10] October,"Banton, Romblon",[1] Operational,,,,,[A] Operational,B,17-059-02-000,Banton,Romblon,MIMAROPA Region,Municipality,5th,R4B,G
[2024-10] 17-053-07-000,2024-10,2024,[10] October,"Busuanga, Palawan",[1] Operational,,,,,[A] Operational,A,17-053-07-000,Busuanga,Palawan,MIMAROPA Region,Municipality,3rd,R4B,G
[2024-10] 17-053-09-000,2024-10,2024,[10] October,"Coron, Palawan",[1] Operational,,,,,[A] Operational,B,17-053-09-000,Coron,Palawan,MIMAROPA Region,Municipality,1st,R4B,G
[2024-10] 17-053-12-000,2024-10,2024,[10] October,"El Nido, Palawan",[1] Operational,,,,,[A] Operational,A,17-053-12-000,El Nido,Palawan,MIMAROPA Region,Municipality,1st,R4B,G
[2024-10] 17-059-16-000,2024-10,2024,[10] October,"Ferrol, Romblon",[1] Operational,,,,,[A] Operational,A,17-059-16-000,Ferrol,Romblon,MIMAROPA Region,Municipality,6th,R4B,G
[2024-10] 17-052-06-000,2024-10,2024,[10] October,"Gloria, Oriental Mindoro",[1] Operational,,,,,[A] Operational,B,17-052-06-000,Gloria,Oriental Mindoro,MIMAROPA Region,Municipality,3rd,R4B,G
[2024-10] 17-059-07-000,2024-10,2024,[10] October,"Looc, Romblon",[1] Operational,,,,,[A] Operational,A,17-059-07-000,Looc,Romblon,MIMAROPA Region,Municipality,4th,R4B,G
[2024-10] 17-052-09-000,2024-10,2024,[10] October,"Pinamalayan, Oriental Mindoro",[1] Operational,,,,,[A] Operational,B,17-052-09-000,Pinamalayan,Oriental Mindoro,MIMAROPA Region,Municipality,1st,R4B,G
[2024-10] 17-051-08-000,2024-10,2024,[10] October,"Rizal, Occidental Mindoro",[1] Operational,,,,,[A] Operational,B,17-051-08-000,Rizal,Occidental Mindoro,MIMAROPA Region,Municipality,3rd,R4B,G
[2024-10] 17-051-09-000,2024-10,2024,[10] October,"Sablayan, Occidental Mindoro",[1] Operational,,,,,[A] Operational,A,17-051-09-000,Sablayan,Occidental Mindoro,MIMAROPA Region,Municipality,1st,R4B,G
[2024-10] 17-051-10-000,2024-10,2024,[10] October,"San Jose, Occidental Mindoro",[1] Operational,,,,,[A] Operational,A,17-051-10-000,San Jose,Occidental Mindoro,MIMAROPA Region,Municipality,1st,R4B,G
[2024-10] 17-052-13-000,2024-10,2024,[10] October,"San Teodoro, Oriental Mindoro",[1] Operational,,,,,[A] Operational,B,17-052-13-000,San Teodoro,Oriental Mindoro,MIMAROPA Region,Municipality,4th,R4B,G
[2024-10] 17-053-19-000,2024-10,2024,[10] October,"San Vicente, Palawan",[1] Operational,,,,,[A] Operational,A,17-053-19-000,San Vicente,Palawan,MIMAROPA Region,Municipality,1st,R4B,G
[2024-10] 05-062-02-000,2024-10,2024,[10] October,"Barcelona, Sorsogon",[3] Ongoing Data Build-up,85%,Applicants not familiar with the system and unstable internet connection,,,[B] Developmental,B,05-062-02-000,Barcelona,Sorsogon,Region V (Bicol Region),Municipality,5th,R5,H
[2024-10] 05-016-02-000,2024-10,2024,[10] October,"Capalonga, Camarines Norte",[3] Ongoing Data Build-up,10%,,,,[B] Developmental,B,05-016-02-000,Capalonga,Camarines Norte,Region V (Bicol Region),Municipality,3rd,R5,H
[2024-10] 05-016-05-000,2024-10,2024,[10] October,"Jose Panganiban, Camarines Norte",[3] Ongoing Data Build-up,10%,,,,[B] Developmental,B,05-016-05-000,Jose Panganiban,Camarines Norte,Region V (Bicol Region),Municipality,2nd,R5,H
[2024-10] 05-016-06-000,2024-10,2024,[10] October,"Labo, Camarines Norte",[6] With Concerns,,"concern regarding manual entry of building permit number, due to conflict with complex applications numbering",,,[C] For Training/Others,B,05-016-06-000,Labo,Camarines Norte,Region V (Bicol Region),Municipality,1st,R5,H
[2024-10] 05-016-07-000,2024-10,2024,[10] October,"Mercedes, Camarines Norte",[3] Ongoing Data Build-up,80%,,,,[B] Developmental,B,05-016-07-000,Mercedes,Camarines Norte,Region V (Bicol Region),Municipality,2nd,R5,H
[2024-10] 05-016-11-000,2024-10,2024,[10] October,"Talisay, Camarines Norte",[1] Operational,,,,,[A] Operational,A,05-016-11-000,Talisay,Camarines Norte,Region V (Bicol Region),Municipality,4th,R5,H
[2023-12] 06-006-07-000,2023-12,2023,[12] December,"Tobias Fornier, Antique",[8] Withdraw,,,,,[D] Withdraw,B,06-006-07-000,Tobias Fornier,Antique,Region VI (Western Visayas),Municipality,4th,R6,I
[2024-10] 05-016-12-000,2024-10,2024,[10] October,"Vinzons, Camarines Norte",[3] Ongoing Data Build-up,98%,,,,[B] Developmental,B,05-016-12-000,Vinzons,Camarines Norte,Region V (Bicol Region),Municipality,3rd,R5,H
[2024-10] 05-020-11-000,2024-10,2024,[10] October,"Virac, Catanduanes",[6] With Concerns,,May mga need pa po ayusin specially sa mga signatories,,,[C] For Training/Others,B,05-020-11-000,Virac,Catanduanes,Region V (Bicol Region),Municipality,1st,R5,H
[2024-10] 06-030-02-000,2024-10,2024,[10] October,"Alimodian, Iloilo",[1] Operational,,,,,[A] Operational,B,06-030-02-000,Alimodian,Iloilo,Region VI (Western Visayas),Municipality,3rd,R6,I
[2024-10] 06-030-03-000,2024-10,2024,[10] October,"Anilao, Iloilo",[1] Operational,,,,,[A] Operational,B,06-030-03-000,Anilao,Iloilo,Region VI (Western Visayas),Municipality,4th,R6,I
[2024-10] 06-030-05-000,2024-10,2024,[10] October,"Balasan, Iloilo",[1] Operational,,,,,[A] Operational,B,06-030-05-000,Balasan,Iloilo,Region VI (Western Visayas),Municipality,4th,R6,I
[2024-10] 06-006-02-000,2024-10,2024,[10] October,"Barbaza, Antique",[1] Operational,,,,,[A] Operational,B,06-006-02-000,Barbaza,Antique,Region VI (Western Visayas),Municipality,4th,R6,I
[2024-10] 06-030-07-000,2024-10,2024,[10] October,"Barotac Nuevo, Iloilo",[1] Operational,,,,,[A] Operational,B,06-030-07-000,Barotac Nuevo,Iloilo,Region VI (Western Visayas),Municipality,2nd,R6,I
[2024-10] 06-030-08-000,2024-10,2024,[10] October,"Barotac Viejo, Iloilo",[5] For Training,,,,,[C] For Training/Others,B,06-030-08-000,Barotac Viejo,Iloilo,Region VI (Western Visayas),Municipality,3rd,R6,I
[2024-10] 06-030-10-000,2024-10,2024,[10] October,"Bingawan, Iloilo",[1] Operational,,,,,[A] Operational,B,06-030-10-000,Bingawan,Iloilo,Region VI (Western Visayas),Municipality,5th,R6,I
[2024-10] 06-079-01-000,2024-10,2024,[10] October,"Buenavista, Guimaras",[1] Operational,,,,,[A] Operational,B,06-079-01-000,Buenavista,Guimaras,Region VI (Western Visayas),Municipality,2nd,R6,I
[2024-10] 06-006-04-000,2024-10,2024,[10] October,"Bugasong, Antique",[1] Operational,,,,,[A] Operational,A,06-006-04-000,Bugasong,Antique,Region VI (Western Visayas),Municipality,3rd,R6,I
[2024-10] 06-030-12-000,2024-10,2024,[10] October,"Cabatuan, Iloilo",[1] Operational,,,,,[A] Operational,B,06-030-12-000,Cabatuan,Iloilo,Region VI (Western Visayas),Municipality,2nd,R6,I
[2024-10] 06-030-13-000,2024-10,2024,[10] October,"Calinog, Iloilo",[1] Operational,,,,,[A] Operational,A,06-030-13-000,Calinog,Iloilo,Region VI (Western Visayas),Municipality,1st,R6,I
[2024-10] 06-302-00-000,2024-10,2024,[10] October,"City of Bacolod, Negros Occidental",[1] Operational,,,,,[A] Operational,A,06-302-00-000,City of Bacolod,Negros Occidental,Region VI (Western Visayas),City,1st,R6,I
[2024-10] 06-045-10-000,2024-10,2024,[10] October,"City of Himamaylan, Negros Occidental",[1] Operational,,,,,[A] Operational,A,06-045-10-000,City of Himamaylan,Negros Occidental,Region VI (Western Visayas),City,3rd,R6,I
[2024-10] 06-045-15-000,2024-10,2024,[10] October,"City of Kabankalan, Negros Occidental",[1] Operational,,,,,[A] Operational,B,06-045-15-000,City of Kabankalan,Negros Occidental,Region VI (Western Visayas),City,1st,R6,I
[2024-10] 06-045-27-000,2024-10,2024,[10] October,"City of Sipalay, Negros Occidental",[2] Pilot Testing,25%,,,"Just done Users Training last Oct 22-24, 2024 only",[B] Developmental,A,06-045-27-000,City of Sipalay,Negros Occidental,Region VI (Western Visayas),City,4th,R6,I
[2024-10] 06-030-15-000,2024-10,2024,[10] October,"Concepcion, Iloilo",[1] Operational,,,,,[A] Operational,B,06-030-15-000,Concepcion,Iloilo,Region VI (Western Visayas),Municipality,3rd,R6,I
[2024-10] 06-030-16-000,2024-10,2024,[10] October,"Dingle, Iloilo",[1] Operational,,,,,[A] Operational,A,06-030-16-000,Dingle,Iloilo,Region VI (Western Visayas),Municipality,3rd,R6,I
[2024-10] 06-045-11-000,2024-10,2024,[10] October,"Hinigaran, Negros Occidental",[1] Operational,,,,,[A] Operational,B,06-045-11-000,Hinigaran,Negros Occidental,Region VI (Western Visayas),Municipality,1st,R6,I
[2024-10] 06-030-23-000,2024-10,2024,[10] October,"Janiuay, Iloilo",[1] Operational,,,,,[A] Operational,B,06-030-23-000,Janiuay,Iloilo,Region VI (Western Visayas),Municipality,1st,R6,I
[2024-10] 06-030-25-000,2024-10,2024,[10] October,"Lambunao, Iloilo",[5] For Training,,,,,[C] For Training/Others,B,06-030-25-000,Lambunao,Iloilo,Region VI (Western Visayas),Municipality,1st,R6,I
[2024-10] 06-006-09-000,2024-10,2024,[10] October,"Laua-An, Antique",[1] Operational,,,,,[A] Operational,A,06-006-09-000,Laua-An,Antique,Region VI (Western Visayas),Municipality,4th,R6,I
[2024-10] 06-006-10-000,2024-10,2024,[10] October,"Libertad, Antique",[1] Operational,,,,,[A] Operational,A,06-006-10-000,Libertad,Antique,Region VI (Western Visayas),Municipality,5th,R6,I
[2024-10] 06-045-18-000,2024-10,2024,[10] October,"Manapla, Negros Occidental",[1] Operational,,,,,[A] Operational,B,06-045-18-000,Manapla,Negros Occidental,Region VI (Western Visayas),Municipality,2nd,R6,I
[2024-10] 06-030-30-000,2024-10,2024,[10] October,"Miagao, Iloilo",[5] For Training,,,,,[C] For Training/Others,B,06-030-30-000,Miagao,Iloilo,Region VI (Western Visayas),Municipality,1st,R6,I
[2024-10] 06-030-31-000,2024-10,2024,[10] October,"Mina, Iloilo",[1] Operational,,,,,[A] Operational,A,06-030-31-000,Mina,Iloilo,Region VI (Western Visayas),Municipality,5th,R6,I
[2024-10] 06-045-19-000,2024-10,2024,[10] October,"Moises Padilla, Negros Occidental",[1] Operational,,,,,[A] Operational,B,06-045-19-000,Moises Padilla,Negros Occidental,Region VI (Western Visayas),Municipality,3rd,R6,I
[2024-10] 06-030-32-000,2024-10,2024,[10] October,"New Lucena, Iloilo",[1] Operational,,,,,[A] Operational,B,06-030-32-000,New Lucena,Iloilo,Region VI (Western Visayas),Municipality,4th,R6,I
[2024-10] 06-004-15-000,2024-10,2024,[10] October,"New Washington, Aklan",[1] Operational,,,,,[A] Operational,A,06-004-15-000,New Washington,Aklan,Region VI (Western Visayas),Municipality,3rd,R6,I
[2024-09] 06-006-07-000,2024-09,2024,[09] September,"Tobias Fornier, Antique",[8] Withdraw,,,,,[D] Withdraw,B,06-006-07-000,Tobias Fornier,Antique,Region VI (Western Visayas),Municipality,4th,R6,I
[2024-10] 06-006-11-000,2024-10,2024,[10] October,"Pandan, Antique",[1] Operational,,,,,[A] Operational,A,06-006-11-000,Pandan,Antique,Region VI (Western Visayas),Municipality,4th,R6,I
[2024-10] 06-006-12-000,2024-10,2024,[10] October,"Patnongon, Antique",[1] Operational,,,,,[A] Operational,A,06-006-12-000,Patnongon,Antique,Region VI (Western Visayas),Municipality,3rd,R6,I
[2024-10] 06-030-40-000,2024-10,2024,[10] October,"San Joaquin, Iloilo",[5] For Training,,,,,[C] For Training/Others,B,06-030-40-000,San Joaquin,Iloilo,Region VI (Western Visayas),Municipality,2nd,R6,I
[2024-10] 06-030-43-000,2024-10,2024,[10] October,"Santa Barbara, Iloilo",[1] Operational,,,,,[A] Operational,B,06-030-43-000,Santa Barbara,Iloilo,Region VI (Western Visayas),Municipality,2nd,R6,I
[2024-10] 06-019-15-000,2024-10,2024,[10] October,"Sapi-An, Capiz",[1] Operational,,,,,[A] Operational,A,06-019-15-000,Sapi-An,Capiz,Region VI (Western Visayas),Municipality,4th,R6,I
[2024-10] 06-030-44-000,2024-10,2024,[10] October,"Sara, Iloilo",[1] Operational,,,,,[A] Operational,B,06-030-44-000,Sara,Iloilo,Region VI (Western Visayas),Municipality,2nd,R6,I
[2024-10] 06-006-15-000,2024-10,2024,[10] October,"Sebaste, Antique",[5] For Training,,,,,[C] For Training/Others,B,06-006-15-000,Sebaste,Antique,Region VI (Western Visayas),Municipality,4th,R6,I
[2024-10] 06-004-17-000,2024-10,2024,[10] October,"Tangalan, Aklan",[1] Operational,,,,,[A] Operational,A,06-004-17-000,Tangalan,Aklan,Region VI (Western Visayas),Municipality,5th,R6,I
[2024-10] 06-019-17-000,2024-10,2024,[10] October,"Tapaz, Capiz",[1] Operational,,,,,[A] Operational,A,06-019-17-000,Tapaz,Capiz,Region VI (Western Visayas),Municipality,1st,R6,I
[2024-10] 06-006-07-000,2024-10,2024,[10] October,"Tobias Fornier, Antique",[8] Withdraw,,,,,[D] Withdraw,B,06-006-07-000,Tobias Fornier,Antique,Region VI (Western Visayas),Municipality,4th,R6,I
[2024-10] 06-030-47-000,2024-10,2024,[10] October,"Zarraga, Iloilo",[5] For Training,,,,,[C] For Training/Others,B,06-030-47-000,Zarraga,Iloilo,Region VI (Western Visayas),Municipality,4th,R6,I
[2024-10] 16-068-02-000,2024-10,2024,[10] October,"Bayabas, Surigao del Sur",[1] Operational,,,,,[A] Operational,A,16-068-02-000,Bayabas,Surigao del Sur,Region XIII (Caraga),Municipality,5th,R13,O
[2024-10] 16-068-06-000,2024-10,2024,[10] October,"Carmen, Surigao del Sur",[1] Operational,,,,,[A] Operational,A,16-068-06-000,Carmen,Surigao del Sur,Region XIII (Caraga),Municipality,5th,R13,O
[2024-10] 16-002-07-000,2024-10,2024,[10] October,"Las Nieves, Agusan del Norte",[1] Operational,,,,,[A] Operational,A,16-002-07-000,Las Nieves,Agusan del Norte,Region XIII (Caraga),Municipality,2nd,R13,O
[2024-10] 16-068-12-000,2024-10,2024,[10] October,"Lingig, Surigao del Sur",[7] To Follow-up,,"
Last Status: For Data Buildup",A notice of unutilization was served. Still waiting for response letter,Unresponsive LGU,[C] For Training/Others,B,16-068-12-000,Lingig,Surigao del Sur,Region XIII (Caraga),Municipality,2nd,R13,O
[2024-10] 16-068-15-000,2024-10,2024,[10] October,"San Agustin, Surigao del Sur",[2] Pilot Testing,100%,,,Unresponsive LGU,[B] Developmental,A,16-068-15-000,San Agustin,Surigao del Sur,Region XIII (Caraga),Municipality,4th,R13,O
[2024-10] 16-068-16-000,2024-10,2024,[10] October,"San Miguel, Surigao del Sur",[2] Pilot Testing,95%,,,Unresponsive LGU,[B] Developmental,B,16-068-16-000,San Miguel,Surigao del Sur,Region XIII (Caraga),Municipality,1st,R13,O
[2024-10] 16-067-23-000,2024-10,2024,[10] October,"Socorro, Surigao del Norte",[1] Operational,,,,,[A] Operational,B,16-067-23-000,Socorro,Surigao del Norte,Region XIII (Caraga),Municipality,4th,R13,O
[2024-10] 16-067-25-000,2024-10,2024,[10] October,"Tagana-An, Surigao del Norte",[1] Operational,,,,,[A] Operational,A,16-067-25-000,Tagana-An,Surigao del Norte,Region XIII (Caraga),Municipality,5th*,R13,O
[2024-10] 16-068-17-000,2024-10,2024,[10] October,"Tagbina, Surigao del Sur",[1] Operational,,,,,[A] Operational,A,16-068-17-000,Tagbina,Surigao del Sur,Region XIII (Caraga),Municipality,2nd,R13,O
[2024-10] 16-068-18-000,2024-10,2024,[10] October,"Tago, Surigao del Sur",[1] Operational,,,,,[A] Operational,B,16-068-18-000,Tago,Surigao del Sur,Region XIII (Caraga),Municipality,2nd,R13,O
[2024-10] 16-003-12-000,2024-10,2024,[10] October,"Trento, Agusan del Sur",[2] Pilot Testing,100%,,,,[B] Developmental,B,16-003-12-000,Trento,Agusan del Sur,Region XIII (Caraga),Municipality,1st,R13,O
[2024-10] 16-067-27-000,2024-10,2024,[10] October,"Tubod, Surigao del Norte",[1] Operational,,,,,[A] Operational,A,16-067-27-000,Tubod,Surigao del Norte,Region XIII (Caraga),Municipality,5th,R13,O
[2024-10] 12-065-01-000,2024-10,2024,[10] October,"Bagumbayan, Sultan Kudarat",[3] Ongoing Data Build-up,85%,,,,[B] Developmental,B,12-065-01-000,Bagumbayan,Sultan Kudarat,Region XII (SOCCSKSARGEN),Municipality,1st,R12,Q
[2024-10] 12-047-04-000,2024-10,2024,[10] October,"City of Kidapawan, Cotabato",[1] Operational,,,,,[A] Operational,A,12-047-04-000,City of Kidapawan,Cotabato,Region XII (SOCCSKSARGEN),City,3rd,R12,Q
[2024-10] 12-047-03-000,2024-10,2024,[10] October,"Kabacan, Cotabato",[1] Operational,,,,,[A] Operational,A,12-047-03-000,Kabacan,Cotabato,Region XII (SOCCSKSARGEN),Municipality,1st,R12,Q
[2024-10] 12-065-06-000,2024-10,2024,[10] October,"Lebak, Sultan Kudarat",[7] To Follow-up,,URESPONSIVE,,,[C] For Training/Others,B,12-065-06-000,Lebak,Sultan Kudarat,Region XII (SOCCSKSARGEN),Municipality,1st,R12,Q
[2024-10] 12-047-09-000,2024-10,2024,[10] October,"Midsayap, Cotabato",[1] Operational,,,,,[A] Operational,B,12-047-09-000,Midsayap,Cotabato,Region XII (SOCCSKSARGEN),Municipality,1st,R12,Q
[2024-10] 12-047-12-000,2024-10,2024,[10] October,"Pikit, Cotabato",[1] Operational,,,,,[A] Operational,B,12-047-12-000,Pikit,Cotabato,Region XII (SOCCSKSARGEN),Municipality,1st,R12,Q
[2024-10] 19-087-13-000,2024-10,2024,[10] October,"Upi, Maguindanao del Norte",[1] Operational,,,,No Transaction for the Month of September,[A] Operational,A,19-087-13-000,Upi,Maguindanao del Norte,Bangsamoro Autonomous Region In Muslim Mindanao (BARMM),Municipality,1st,BARMM II,R
[2024-11] 07-022-01-000,2024-11,2024,[11] November,"Alcantara, Cebu",[3] Ongoing Data Build-up,90%,,,,[B] Developmental,B,07-022-01-000,Alcantara,Cebu,Region VII (Central Visayas),Municipality,5th,R7,J
[2024-11] 07-046-01-000,2024-11,2024,[11] November,"Amlan, Negros Oriental",[3] Ongoing Data Build-up,25%,"For refresher Training;
not yet scheduled",,,[B] Developmental,B,07-046-01-000,Amlan,Negros Oriental,Region VII (Central Visayas),Municipality,4th,R7,J
[2024-11] 07-022-05-000,2024-11,2024,[11] November,"Argao, Cebu",[1] Operational,,,,,[A] Operational,A,07-022-05-000,Argao,Cebu,Region VII (Central Visayas),Municipality,1st,R7,J
[2024-11] 07-022-08-000,2024-11,2024,[11] November,"Balamban, Cebu",[1] Operational,,,,,[A] Operational,A,07-022-08-000,Balamban,Cebu,Region VII (Central Visayas),Municipality,1st,R7,J
[2024-11] 07-046-05-000,2024-11,2024,[11] November,"Basay, Negros Oriental",[1] Operational,,,,,[A] Operational,B,07-046-05-000,Basay,Negros Oriental,Region VII (Central Visayas),Municipality,4th,R7,J
[2024-11] 07-012-09-000,2024-11,2024,[11] November,"Buenavista, Bohol",[1] Operational,,,,,[A] Operational,B,07-012-09-000,Buenavista,Bohol,Region VII (Central Visayas),Municipality,4th,R7,J
[2024-11] 07-012-11-000,2024-11,2024,[11] November,"Candijay, Bohol",[1] Operational,,,,,[A] Operational,B,07-012-11-000,Candijay,Bohol,Region VII (Central Visayas),Municipality,4th,R7,J
[2024-11] 07-046-08-000,2024-11,2024,[11] November,"City of Canlaon, Negros Oriental",[1] Operational,,,,,[A] Operational,B,07-046-08-000,City of Canlaon,Negros Oriental,Region VII (Central Visayas),City,4th,R7,J
[2024-11] 07-313-00-000,2024-11,2024,[11] November,"City of Mandaue, Cebu",[3] Ongoing Data Build-up,25%,,,,[B] Developmental,A,07-313-00-000,City of Mandaue,Cebu,Region VII (Central Visayas),City,1st,R7,J
[2024-11] 07-022-18-000,2024-11,2024,[11] November,"Compostela, Cebu",[3] Ongoing Data Build-up,75%,,,,[B] Developmental,B,07-022-18-000,Compostela,Cebu,Region VII (Central Visayas),Municipality,3rd,R7,J
[2024-11] 07-022-21-000,2024-11,2024,[11] November,"Daanbantayan, Cebu",[3] Ongoing Data Build-up,75%,,,,[B] Developmental,B,07-022-21-000,Daanbantayan,Cebu,Region VII (Central Visayas),Municipality,1st,R7,J
[2024-11] 07-012-18-000,2024-11,2024,[11] November,"Danao, Bohol",[1] Operational,,,,,[A] Operational,B,07-012-18-000,Danao,Bohol,Region VII (Central Visayas),Municipality,4th*,R7,J
[2024-11] 07-022-28-000,2024-11,2024,[11] November,"Madridejos, Cebu",[1] Operational,,,,,[A] Operational,B,07-022-28-000,Madridejos,Cebu,Region VII (Central Visayas),Municipality,4th,R7,J
[2024-11] 07-022-32-000,2024-11,2024,[11] November,"Minglanilla, Cebu",[7] To Follow-up,,"For Refresher Training;
not yet scheduled",,,[C] For Training/Others,B,07-022-32-000,Minglanilla,Cebu,Region VII (Central Visayas),Municipality,1st,R7,J
[2024-11] 07-022-37-000,2024-11,2024,[11] November,"Pinamungajan, Cebu",[1] Operational,,,,,[A] Operational,A,07-022-37-000,Pinamungajan,Cebu,Region VII (Central Visayas),Municipality,2nd,R7,J
[2024-11] 07-022-40-000,2024-11,2024,[11] November,"Samboan, Cebu",[6] With Concerns,,Decided not to continue; problem with the OBO lack of personnel ; waiting for the withdrawal letter,,,[C] For Training/Others,B,07-022-40-000,Samboan,Cebu,Region VII (Central Visayas),Municipality,5th,R7,J
[2024-11] 07-022-42-000,2024-11,2024,[11] November,"San Francisco, Cebu",[2] Pilot Testing,100%,"Done Refresher Training last Septmber 17-19, 2024 for the new personnel in-charge | Waiting for actual transaction",,Waiting for LGU's request of deletion of test data in the system,[B] Developmental,B,07-022-42-000,San Francisco,Cebu,Region VII (Central Visayas),Municipality,3rd,R7,J
[2024-11] 07-046-17-000,2024-11,2024,[11] November,"San Jose, Negros Oriental",[2] Pilot Testing,25%,"For Refresher Training;
not yet scheduled",,,[B] Developmental,B,07-046-17-000,San Jose,Negros Oriental,Region VII (Central Visayas),Municipality,5th,R7,J
[2024-11] 07-012-44-000,2024-11,2024,[11] November,"Trinidad, Bohol",[1] Operational,,,,,[A] Operational,B,07-012-44-000,Trinidad,Bohol,Region VII (Central Visayas),Municipality,3rd,R7,J
[2024-11] 07-022-52-000,2024-11,2024,[11] November,"Tuburan, Cebu",[1] Operational,,,,,[A] Operational,A,07-022-52-000,Tuburan,Cebu,Region VII (Central Visayas),Municipality,2nd,R7,J
[2024-11] 07-022-53-000,2024-11,2024,[11] November,"Tudela, Cebu",[1] Operational,,,,,[A] Operational,A,07-022-53-000,Tudela,Cebu,Region VII (Central Visayas),Municipality,5th,R7,J
[2024-11] 08-037-01-000,2024-11,2024,[11] November,"Abuyog, Leyte",[2] Pilot Testing,80%,Nonresponsive LGU,Forwarded follow up letter to LGU regarding their implementation but no response.,Nonresponsive LGU. Forwarded follow up  letter to LGU regarding their implementation but no response.,[B] Developmental,B,08-037-01-000,Abuyog,Leyte,Region VIII (Eastern Visayas),Municipality,1st*,R8,K
[2024-11] 08-037-02-000,2024-11,2024,[11] November,"Alangalang, Leyte",[1] Operational,,,,Normal Operations,[A] Operational,A,08-037-02-000,Alangalang,Leyte,Region VIII (Eastern Visayas),Municipality,2nd,R8,K
[2024-11] 08-060-02-000,2024-11,2024,[11] November,"Basey, Samar",[1] Operational,,,,,[A] Operational,B,08-060-02-000,Basey,Samar,Region VIII (Eastern Visayas),Municipality,1st,R8,K
[2024-11] 08-037-15-000,2024-11,2024,[11] November,"Carigara, Leyte",[1] Operational,,,,,[A] Operational,B,08-037-15-000,Carigara,Leyte,Region VIII (Eastern Visayas),Municipality,2nd,R8,K
[2024-11] 08-026-04-000,2024-11,2024,[11] November,"City of Borongan, Eastern Samar",[1] Operational,,,,Normal Operations,[A] Operational,A,08-026-04-000,City of Borongan,Eastern Samar,Region VIII (Eastern Visayas),City,1st (as Mun),R8,K
[2024-11] 08-064-07-000,2024-11,2024,[11] November,"City of Maasin, Southern Leyte",[1] Operational,,,,Normal Operations,[A] Operational,A,08-064-07-000,City of Maasin,Southern Leyte,Region VIII (Eastern Visayas),City,4th,R8,K
[2024-11] 08-060-07-000,2024-11,2024,[11] November,"Gandara, Samar",[2] Pilot Testing,95%,Internet Connectivity Issues - Unstable Connection,Forwarded follow letter to LGU regarding their implementation but no response.,Internet Connectivity Issues - Unstable ConnectionForwarded follow letter to LGU regarding their implementation but no response.,[B] Developmental,B,08-060-07-000,Gandara,Samar,Region VIII (Eastern Visayas),Municipality,2nd,R8,K
[2024-11] 08-026-09-000,2024-11,2024,[11] November,"Guiuan, Eastern Samar",[1] Operational,,,,Normal Operations,[A] Operational,B,08-026-09-000,Guiuan,Eastern Samar,Region VIII (Eastern Visayas),Municipality,2nd,R8,K
[2024-11] 08-037-20-000,2024-11,2024,[11] November,"Hindang, Leyte",[1] Operational,,,,Normal Operations,[A] Operational,B,08-037-20-000,Hindang,Leyte,Region VIII (Eastern Visayas),Municipality,5th,R8,K
[2024-11] 08-037-24-000,2024-11,2024,[11] November,"Javier, Leyte",[1] Operational,,,,Normal Operations,[A] Operational,B,08-037-24-000,Javier,Leyte,Region VIII (Eastern Visayas),Municipality,4th*,R8,K
[2024-11] 08-060-09-000,2024-11,2024,[11] November,"Jiabong, Samar",[1] Operational,,,,,[A] Operational,B,08-060-09-000,Jiabong,Samar,Region VIII (Eastern Visayas),Municipality,5th,R8,K
[2024-11] 08-078-06-000,2024-11,2024,[11] November,"Kawayan, Biliran",[8] Withdraw,,,,Withdrawn,[D] Withdraw,B,08-078-06-000,Kawayan,Biliran,Region VIII (Eastern Visayas),Municipality,5th*,R8,K
[2024-11] 08-037-28-000,2024-11,2024,[11] November,"La Paz, Leyte",[2] Pilot Testing,100%,,Waiting for first client.,Waiting for first client.,[B] Developmental,B,08-037-28-000,La Paz,Leyte,Region VIII (Eastern Visayas),Municipality,5th*,R8,K
[2024-11] 08-037-29-000,2024-11,2024,[11] November,"Leyte, Leyte",[1] Operational,,,,Normal Operations,[A] Operational,A,08-037-29-000,Leyte,Leyte,Region VIII (Eastern Visayas),Municipality,4th*,R8,K
[2024-11] 08-064-08-000,2024-11,2024,[11] November,"Macrohon, Southern Leyte",[1] Operational,,,,Normal Operations,[A] Operational,A,08-064-08-000,Macrohon,Southern Leyte,Region VIII (Eastern Visayas),Municipality,4th,R8,K
[2024-11] 08-078-08-000,2024-11,2024,[11] November,"Naval, Biliran",[1] Operational,,,,Normal Operations,[A] Operational,A,08-078-08-000,Naval,Biliran,Region VIII (Eastern Visayas),Municipality,2nd,R8,K
[2024-11] 08-037-39-000,2024-11,2024,[11] November,"Palo, Leyte",[1] Operational,,,,Normal Operations,[A] Operational,A,08-037-39-000,Palo,Leyte,Region VIII (Eastern Visayas),Municipality,3rd,R8,K
[2024-11] 08-048-15-000,2024-11,2024,[11] November,"Pambujan, Northern Samar",[1] Operational,,,,,[A] Operational,A,08-048-15-000,Pambujan,Northern Samar,Region VIII (Eastern Visayas),Municipality,4th,R8,K
[2024-11] 08-037-41-000,2024-11,2024,[11] November,"Pastrana, Leyte",[1] Operational,,,,Normal Operations,[A] Operational,A,08-037-41-000,Pastrana,Leyte,Region VIII (Eastern Visayas),Municipality,5th*,R8,K
[2024-11] 08-064-14-000,2024-11,2024,[11] November,"San Juan, Southern Leyte",[1] Operational,,,,,[A] Operational,A,08-064-14-000,San Juan,Southern Leyte,Region VIII (Eastern Visayas),Municipality,5th,R8,K
[2024-11] 08-048-20-000,2024-11,2024,[11] November,"San Roque, Northern Samar",[1] Operational,,,,Normal Operations,[A] Operational,A,08-048-20-000,San Roque,Northern Samar,Region VIII (Eastern Visayas),Municipality,4th,R8,K
[2024-11] 08-064-17-000,2024-11,2024,[11] November,"Sogod, Southern Leyte",[1] Operational,,,,Normal Operations,[A] Operational,A,08-064-17-000,Sogod,Southern Leyte,Region VIII (Eastern Visayas),Municipality,2nd,R8,K
[2024-11] 08-064-18-000,2024-11,2024,[11] November,"Tomas Oppus, Southern Leyte",[1] Operational,,,,Zero Transactions for the month of October 2024.,[A] Operational,A,08-064-18-000,Tomas Oppus,Southern Leyte,Region VIII (Eastern Visayas),Municipality,5th,R8,K
[2024-11] 08-037-26-000,2024-11,2024,[11] November,"Kananga, Leyte",[3] Ongoing Data Build-up,90%,,,,[B] Developmental,#N/A,08-037-26-000,Kananga,Leyte,Region VIII (Eastern Visayas),Municipality,1st,R8,K
[2024-11] 19-066-13-000,2024-11,2024,[11] November,"Talipao, Sulu",[3] Ongoing Data Build-up,50%,,,,[B] Developmental,B,19-066-13-000,Talipao,Sulu,Bangsamoro Autonomous Region In Muslim Mindanao (BARMM),Municipality,1st,BARMM I,M
[2024-11] 09-072-10-000,2024-11,2024,[11] November,"Polanco, Zamboanga del Norte",[1] Operational,,,,,[A] Operational,A,09-072-10-000,Polanco,Zamboanga del Norte,Region IX (Zamboanga Peninsula),Municipality,3rd,R9,L
[2024-11] 09-072-11-000,2024-11,2024,[11] November,"Pres. Manuel A. Roxas, Zamboanga del Norte",[2] Pilot Testing,75%,,,,[B] Developmental,B,09-072-11-000,Pres. Manuel A. Roxas,Zamboanga del Norte,Region IX (Zamboanga Peninsula),Municipality,2nd,R9,L
[2024-11] 09-072-12-000,2024-11,2024,[11] November,"Rizal, Zamboanga del Norte",[2] Pilot Testing,25%,,,,[B] Developmental,B,09-072-12-000,Rizal,Zamboanga del Norte,Region IX (Zamboanga Peninsula),Municipality,5th,R9,L
[2024-11] 09-072-15-000,2024-11,2024,[11] November,"Siayan, Zamboanga del Norte",[1] Operational,,,,,[A] Operational,B,09-072-15-000,Siayan,Zamboanga del Norte,Region IX (Zamboanga Peninsula),Municipality,2nd,R9,L
[2024-11] 09-072-18-000,2024-11,2024,[11] November,"Sindangan, Zamboanga del Norte",[3] Ongoing Data Build-up,50%,,,,[B] Developmental,B,09-072-18-000,Sindangan,Zamboanga del Norte,Region IX (Zamboanga Peninsula),Municipality,1st,R9,L
[2024-11] 09-073-08-000,2024-11,2024,[11] November,"Dumingag, Zamboanga del Sur",[3] Ongoing Data Build-up,50%,,,,[B] Developmental,B,09-073-08-000,Dumingag,Zamboanga del Sur,Region IX (Zamboanga Peninsula),Municipality,2nd,R9,L
[2024-11] 09-073-43-000,2024-11,2024,[11] November,"Guipos, Zamboanga del Sur",[3] Ongoing Data Build-up,50%,,,,[B] Developmental,B,09-073-43-000,Guipos,Zamboanga del Sur,Region IX (Zamboanga Peninsula),Municipality,4th,R9,L
[2024-11] 09-073-12-000,2024-11,2024,[11] November,"Labangan, Zamboanga del Sur",[6] With Concerns,,Understaff,,,[C] For Training/Others,B,09-073-12-000,Labangan,Zamboanga del Sur,Region IX (Zamboanga Peninsula),Municipality,3rd,R9,L
[2024-11] 09-073-33-000,2024-11,2024,[11] November,"Lakewood, Zamboanga del Sur",[2] Pilot Testing,75%,,,,[B] Developmental,B,09-073-33-000,Lakewood,Zamboanga del Sur,Region IX (Zamboanga Peninsula),Municipality,4th,R9,L
[2024-11] 09-073-25-000,2024-11,2024,[11] November,"San Pablo, Zamboanga del Sur",[2] Pilot Testing,75%,,,,[B] Developmental,B,09-073-25-000,San Pablo,Zamboanga del Sur,Region IX (Zamboanga Peninsula),Municipality,4th*,R9,L
[2024-11] 09-083-15-000,2024-11,2024,[11] November,"Titay, Zamboanga Sibugay",[1] Operational,,,,,[A] Operational,A,09-083-15-000,Titay,Zamboanga Sibugay,Region IX (Zamboanga Peninsula),Municipality,2nd,R9,L
[2024-11] 11-025-03-000,2024-11,2024,[11] November,"Boston, Davao Oriental",[1] Operational,,,,,[A] Operational,A,11-025-03-000,Boston,Davao Oriental,Region XI (Davao Region),Municipality,3rd,R11,P
[2024-11] 11-025-05-000,2024-11,2024,[11] November,"Cateel, Davao Oriental",[1] Operational,,,,,[A] Operational,A,11-025-05-000,Cateel,Davao Oriental,Region XI (Davao Region),Municipality,2nd,R11,P
[2024-11] 11-024-03-000,2024-11,2024,[11] November,"City of Digos, Davao del Sur",[1] Operational,,,,,[A] Operational,B,11-024-03-000,City of Digos,Davao del Sur,Region XI (Davao Region),City,2nd,R11,P
[2024-11] 11-025-09-000,2024-11,2024,[11] November,"City of Mati, Davao Oriental",[1] Operational,,,,,[A] Operational,A,11-025-09-000,City of Mati,Davao Oriental,Region XI (Davao Region),City,5th,R11,P
[2024-11] 11-025-07-000,2024-11,2024,[11] November,"Lupon, Davao Oriental",[1] Operational,,,,,[A] Operational,B,11-025-07-000,Lupon,Davao Oriental,Region XI (Davao Region),Municipality,1st,R11,P
[2024-11] 11-024-08-000,2024-11,2024,[11] November,"Malalag, Davao del Sur",[1] Operational,,,,,[A] Operational,A,11-024-08-000,Malalag,Davao del Sur,Region XI (Davao Region),Municipality,2nd,R11,P
[2024-11] 11-025-08-000,2024-11,2024,[11] November,"Manay, Davao Oriental",[1] Operational,,,,,[A] Operational,A,11-025-08-000,Manay,Davao Oriental,Region XI (Davao Region),Municipality,2nd,R11,P
[2024-11] 11-082-05-000,2024-11,2024,[11] November,"Maragusan, Davao de Oro",[1] Operational,,,,,[A] Operational,B,11-082-05-000,Maragusan,Davao de Oro,Region XI (Davao Region),Municipality,1st,R11,P
[2024-11] 11-024-10-000,2024-11,2024,[11] November,"Matanao, Davao del Sur",[1] Operational,,,,,[A] Operational,A,11-024-10-000,Matanao,Davao del Sur,Region XI (Davao Region),Municipality,2nd,R11,P
[2024-11] 11-024-11-000,2024-11,2024,[11] November,"Padada, Davao del Sur",[1] Operational,,,,,[A] Operational,B,11-024-11-000,Padada,Davao del Sur,Region XI (Davao Region),Municipality,3rd,R11,P
[2024-11] 11-024-14-000,2024-11,2024,[11] November,"Sulop, Davao del Sur",[1] Operational,,,,,[A] Operational,A,11-024-14-000,Sulop,Davao del Sur,Region XI (Davao Region),Municipality,3rd,R11,P
[2024-11] 11-025-11-000,2024-11,2024,[11] November,"Tarragona, Davao Oriental",[1] Operational,,,,,[A] Operational,B,11-025-11-000,Tarragona,Davao Oriental,Region XI (Davao Region),Municipality,3rd,R11,P
[2024-11] 11-025-06-000,2024-11,2024,[11] November,"Governor Generoso, Davao Oriental",[3] Ongoing Data Build-up,75%,,,,[B] Developmental,A,11-025-06-000,Governor Generoso,Davao Oriental,Region XI (Davao Region),Municipality,2nd,R11,P
[2024-11] 11-024-12-000,2024-11,2024,[11] November,"Santa Cruz, Davao del Sur",[3] Ongoing Data Build-up,50%,,,,[B] Developmental,A,11-024-12-000,Santa Cruz,Davao del Sur,Region XI (Davao Region),Municipality,1st,R11,P
[2024-11] 10-035-01-000,2024-11,2024,[11] November,"Bacolod, Lanao del Norte",[1] Operational,,,,,[A] Operational,B,10-035-01-000,Bacolod,Lanao del Norte,Region X (Northern Mindanao),Municipality,4th,R10,N
[2024-11] 10-042-03-000,2024-11,2024,[11] November,"Bonifacio, Misamis Occidental",[3] Ongoing Data Build-up,11%,Still at 11%,For refreshers training on December  2024,,[B] Developmental,B,10-042-03-000,Bonifacio,Misamis Occidental,Region X (Northern Mindanao),Municipality,4th,R10,N
[2024-11] 10-042-04-000,2024-11,2024,[11] November,"Calamba, Misamis Occidental",[1] Operational,,,,,[A] Operational,A,10-042-04-000,Calamba,Misamis Occidental,Region X (Northern Mindanao),Municipality,4th,R10,N
[2024-11] 10-018-01-000,2024-11,2024,[11] November,"Catarman, Camiguin",[2] Pilot Testing,100%,,To operate on December 2024,,[B] Developmental,B,10-018-01-000,Catarman,Camiguin,Region X (Northern Mindanao),Municipality,5th,R10,N
[2024-11] 10-043-08-000,2024-11,2024,[11] November,"City of Gingoog, Misamis Oriental",[1] Operational,,,,,[A] Operational,A,10-043-08-000,City of Gingoog,Misamis Oriental,Region X (Northern Mindanao),City,2nd,R10,N
[2024-11] 10-042-15-000,2024-11,2024,[11] November,"City of Tangub, Misamis Occidental",[5] For Training,,,,,[C] For Training/Others,B,10-042-15-000,City of Tangub,Misamis Occidental,Region X (Northern Mindanao),City,4th,R10,N
[2024-11] 10-042-05-000,2024-11,2024,[11] November,"Clarin, Misamis Occidental",[5] For Training,,,,,[C] For Training/Others,B,10-042-05-000,Clarin,Misamis Occidental,Region X (Northern Mindanao),Municipality,4th,R10,N
[2024-11] 10-043-06-000,2024-11,2024,[11] November,"Claveria, Misamis Oriental",[1] Operational,,,,,[A] Operational,A,10-043-06-000,Claveria,Misamis Oriental,Region X (Northern Mindanao),Municipality,1st,R10,N
[2024-11] 10-043-11-000,2024-11,2024,[11] November,"Jasaan, Misamis Oriental",[1] Operational,,,,,[A] Operational,B,10-043-11-000,Jasaan,Misamis Oriental,Region X (Northern Mindanao),Municipality,2nd,R10,N
[2024-11] 10-035-05-000,2024-11,2024,[11] November,"Kapatagan, Lanao del Norte",[1] Operational,,,,,[A] Operational,A,10-035-05-000,Kapatagan,Lanao del Norte,Region X (Northern Mindanao),Municipality,2nd,R10,N
[2024-11] 10-043-13-000,2024-11,2024,[11] November,"Lagonglong, Misamis Oriental",[1] Operational,,,,,[A] Operational,A,10-043-13-000,Lagonglong,Misamis Oriental,Region X (Northern Mindanao),Municipality,5th,R10,N
[2024-11] 10-043-15-000,2024-11,2024,[11] November,"Libertad, Misamis Oriental",[1] Operational,,,,,[A] Operational,B,10-043-15-000,Libertad,Misamis Oriental,Region X (Northern Mindanao),Municipality,5th,R10,N
[2024-11] 10-035-12-000,2024-11,2024,[11] November,"Maigo, Lanao del Norte",[1] Operational,,,,,[A] Operational,A,10-035-12-000,Maigo,Lanao del Norte,Region X (Northern Mindanao),Municipality,4th,R10,N
[2024-11] 10-043-18-000,2024-11,2024,[11] November,"Manticao, Misamis Oriental",[1] Operational,,,,,[A] Operational,B,10-043-18-000,Manticao,Misamis Oriental,Region X (Northern Mindanao),Municipality,4th,R10,N
[2024-11] 10-042-12-000,2024-11,2024,[11] November,"Plaridel, Misamis Occidental",[1] Operational,,,,,[A] Operational,A,10-042-12-000,Plaridel,Misamis Occidental,Region X (Northern Mindanao),Municipality,3rd,R10,N
[2024-11] 10-043-22-000,2024-11,2024,[11] November,"Salay, Misamis Oriental",[1] Operational,,,,,[A] Operational,A,10-043-22-000,Salay,Misamis Oriental,Region X (Northern Mindanao),Municipality,4th,R10,N
[2024-11] 10-042-14-000,2024-11,2024,[11] November,"Sinacaban, Misamis Occidental",[1] Operational,,,,,[A] Operational,A,10-042-14-000,Sinacaban,Misamis Occidental,Region X (Northern Mindanao),Municipality,5th,R10,N
[2024-11] 10-043-24-000,2024-11,2024,[11] November,"Tagoloan, Misamis Oriental",[8] Withdraw,,Responded. Lack of Manpower,,,[D] Withdraw,B,10-043-24-000,Tagoloan,Misamis Oriental,Region X (Northern Mindanao),Municipality,1st,R10,N
[2024-11] 10-043-25-000,2024-11,2024,[11] November,"Talisayan, Misamis Oriental",[1] Operational,,,,,[A] Operational,B,10-043-25-000,Talisayan,Misamis Oriental,Region X (Northern Mindanao),Municipality,4th,R10,N
[2024-11] 10-035-22-000,2024-11,2024,[11] November,"Tubod, Lanao del Norte",[2] Pilot Testing,70%,Still at 70% Updating of requirements category is not working,for follow up in PMT,,[B] Developmental,B,10-035-22-000,Tubod,Lanao del Norte,Region X (Northern Mindanao),Municipality,2nd,R10,N
[2024-11] 10-042-01-000,2024-11,2024,[11] November,"Aloran, Misamis Occidental",[3] Ongoing Data Build-up,100%,,,Scheduled for Pilot on Dec 2-3,[B] Developmental,A,10-042-01-000,Aloran,Misamis Occidental,Region X (Northern Mindanao),Municipality,4th,R10,N
[2024-11] 10-018-03-000,2024-11,2024,[11] November,"Mahinog, Camiguin",[2] Pilot Testing,100%%,,,,[B] Developmental,#N/A,10-018-03-000,Mahinog,Camiguin,Region X (Northern Mindanao),Municipality,5th,R10,N
[2024-11] 10-043-20-000,2024-11,2024,[11] November,"Naawan, Misamis Oriental",[3] Ongoing Data Build-up,1%,,,,[B] Developmental,#N/A,10-043-20-000,Naawan,Misamis Oriental,Region X (Northern Mindanao),Municipality,4th,R10,N
[2024-11] 12-065-01-000,2024-11,2024,[11] November,"Bagumbayan, Sultan Kudarat",[3] Ongoing Data Build-up,85%,,,,[B] Developmental,B,12-065-01-000,Bagumbayan,Sultan Kudarat,Region XII (SOCCSKSARGEN),Municipality,1st,R12,Q
[2024-11] 12-047-04-000,2024-11,2024,[11] November,"City of Kidapawan, Cotabato",[1] Operational,,,,,[A] Operational,A,12-047-04-000,City of Kidapawan,Cotabato,Region XII (SOCCSKSARGEN),City,3rd,R12,Q
[2024-11] 12-047-03-000,2024-11,2024,[11] November,"Kabacan, Cotabato",[1] Operational,,,,,[A] Operational,A,12-047-03-000,Kabacan,Cotabato,Region XII (SOCCSKSARGEN),Municipality,1st,R12,Q
[2024-11] 12-065-06-000,2024-11,2024,[11] November,"Lebak, Sultan Kudarat",[7] To Follow-up,,URESPONSIVE,,,[C] For Training/Others,B,12-065-06-000,Lebak,Sultan Kudarat,Region XII (SOCCSKSARGEN),Municipality,1st,R12,Q
[2024-11] 12-047-09-000,2024-11,2024,[11] November,"Midsayap, Cotabato",[1] Operational,,,,,[A] Operational,B,12-047-09-000,Midsayap,Cotabato,Region XII (SOCCSKSARGEN),Municipality,1st,R12,Q
[2024-11] 12-047-12-000,2024-11,2024,[11] November,"Pikit, Cotabato",[1] Operational,,,,,[A] Operational,B,12-047-12-000,Pikit,Cotabato,Region XII (SOCCSKSARGEN),Municipality,1st,R12,Q
[2024-11] 16-068-02-000,2024-11,2024,[11] November,"Bayabas, Surigao del Sur",[1] Operational,,,,,[A] Operational,A,16-068-02-000,Bayabas,Surigao del Sur,Region XIII (Caraga),Municipality,5th,R13,O
[2024-11] 16-068-06-000,2024-11,2024,[11] November,"Carmen, Surigao del Sur",[1] Operational,,,,,[A] Operational,A,16-068-06-000,Carmen,Surigao del Sur,Region XIII (Caraga),Municipality,5th,R13,O
[2024-11] 16-002-07-000,2024-11,2024,[11] November,"Las Nieves, Agusan del Norte",[1] Operational,,,,,[A] Operational,A,16-002-07-000,Las Nieves,Agusan del Norte,Region XIII (Caraga),Municipality,2nd,R13,O
[2024-11] 16-068-12-000,2024-11,2024,[11] November,"Lingig, Surigao del Sur",[7] To Follow-up,,"
Last Status: For Data Buildup",A notice of unutilization was served. Still waiting for response letter,Unresponsive LGU,[C] For Training/Others,B,16-068-12-000,Lingig,Surigao del Sur,Region XIII (Caraga),Municipality,2nd,R13,O
[2024-11] 16-068-15-000,2024-11,2024,[11] November,"San Agustin, Surigao del Sur",[2] Pilot Testing,100%,,,Unresponsive LGU,[B] Developmental,A,16-068-15-000,San Agustin,Surigao del Sur,Region XIII (Caraga),Municipality,4th,R13,O
[2024-11] 16-068-16-000,2024-11,2024,[11] November,"San Miguel, Surigao del Sur",[2] Pilot Testing,95%,,,Unresponsive LGU,[B] Developmental,B,16-068-16-000,San Miguel,Surigao del Sur,Region XIII (Caraga),Municipality,1st,R13,O
[2024-11] 16-067-23-000,2024-11,2024,[11] November,"Socorro, Surigao del Norte",[1] Operational,,,,,[A] Operational,B,16-067-23-000,Socorro,Surigao del Norte,Region XIII (Caraga),Municipality,4th,R13,O
[2024-11] 16-067-25-000,2024-11,2024,[11] November,"Tagana-An, Surigao del Norte",[1] Operational,,,,,[A] Operational,A,16-067-25-000,Tagana-An,Surigao del Norte,Region XIII (Caraga),Municipality,5th*,R13,O
[2024-11] 16-068-17-000,2024-11,2024,[11] November,"Tagbina, Surigao del Sur",[1] Operational,,,,,[A] Operational,A,16-068-17-000,Tagbina,Surigao del Sur,Region XIII (Caraga),Municipality,2nd,R13,O
[2024-11] 16-068-18-000,2024-11,2024,[11] November,"Tago, Surigao del Sur",[1] Operational,,,,,[A] Operational,B,16-068-18-000,Tago,Surigao del Sur,Region XIII (Caraga),Municipality,2nd,R13,O
[2024-11] 16-003-12-000,2024-11,2024,[11] November,"Trento, Agusan del Sur",[2] Pilot Testing,100%,,,,[B] Developmental,B,16-003-12-000,Trento,Agusan del Sur,Region XIII (Caraga),Municipality,1st,R13,O
[2024-11] 16-067-27-000,2024-11,2024,[11] November,"Tubod, Surigao del Norte",[1] Operational,,,,,[A] Operational,A,16-067-27-000,Tubod,Surigao del Norte,Region XIII (Caraga),Municipality,5th,R13,O
[2024-11] 19-087-13-000,2024-11,2024,[11] November,"Upi, Maguindanao del Norte",[1] Operational,,,,,[A] Operational,A,19-087-13-000,Upi,Maguindanao del Norte,Bangsamoro Autonomous Region In Muslim Mindanao (BARMM),Municipality,1st,BARMM II,R
[2024-11] 14-032-13-000,2024-11,2024,[11] November,"City of Tabuk, Kalinga",[1] Operational,,,,,[A] Operational,B,14-032-13-000,City of Tabuk,Kalinga,Cordillera Administrative Region (CAR),City,5th,CAR,B
[2024-11] 01-028-05-000,2024-11,2024,[11] November,"City of Batac, Ilocos Norte",[1] Operational,,,,,[A] Operational,B,01-028-05-000,City of Batac,Ilocos Norte,Region I (Ilocos Region),City,5th,R1,C
[2024-11] 01-028-12-000,2024-11,2024,[11] November,"City of Laoag, Ilocos Norte",[5] For Training,,Waiting for the SB Resolution,For Follow-up,,[C] For Training/Others,B,01-028-12-000,City of Laoag,Ilocos Norte,Region I (Ilocos Region),City,3rd,R1,C
[2024-11] 01-055-19-000,2024-11,2024,[11] November,"Dasol, Pangasinan",[7] To Follow-up,,for schedule of training,For Follow-up,,[C] For Training/Others,B,01-055-19-000,Dasol,Pangasinan,Region I (Ilocos Region),Municipality,3rd,R1,C
[2024-11] 01-055-48-000,2024-11,2024,[11] November,"Laoac, Pangasinan",[7] To Follow-up,,for schedule of training,For Follow-up,,[C] For Training/Others,B,01-055-48-000,Laoac,Pangasinan,Region I (Ilocos Region),Municipality,4th,R1,C
[2024-11] 01-055-30-000,2024-11,2024,[11] November,"Pozorrubio, Pangasinan",[5] For Training,,,For Follow-up,,[C] For Training/Others,B,01-055-30-000,Pozorrubio,Pangasinan,Region I (Ilocos Region),Municipality,1st,R1,C
[2024-11] 01-029-18-000,2024-11,2024,[11] November,"San Esteban, Ilocos Sur",[5] For Training,,,For Follow-up,,[C] For Training/Others,B,01-029-18-000,San Esteban,Ilocos Sur,Region I (Ilocos Region),Municipality,5th,R1,C
[2024-11] 02-031-03-000,2024-11,2024,[11] November,"Aurora, Isabela",[1] Operational,,,,,[A] Operational,B,02-031-03-000,Aurora,Isabela,Region II (Cagayan Valley),Municipality,3rd,R2,D
[2024-11] 02-031-14-000,2024-11,2024,[11] November,"City of Ilagan, Isabela",[1] Operational,,,,,[A] Operational,A,02-031-14-000,City of Ilagan,Isabela,Region II (Cagayan Valley),City,1st (as Mun),R2,D
[2024-11] 03-049-01-000,2024-11,2024,[11] November,"Aliaga, Nueva Ecija",[8] Withdraw,,,,,[D] Withdraw,B,03-049-01-000,Aliaga,Nueva Ecija,Region III (Central Luzon),Municipality,2nd,R3,E
[2024-11] 03-054-03-000,2024-11,2024,[11] November,"Arayat, Pampanga",[1] Operational,,,,,[A] Operational,A,03-054-03-000,Arayat,Pampanga,Region III (Central Luzon),Municipality,1st,R3,E
[2024-11] 03-077-01-000,2024-11,2024,[11] November,"Baler, Aurora",[1] Operational,,,,,[A] Operational,A,03-077-01-000,Baler,Aurora,Region III (Central Luzon),Municipality,3rd,R3,E
[2024-11] 03-049-04-000,2024-11,2024,[11] November,"Cabiao, Nueva Ecija",[3] Ongoing Data Build-up,88%,Requesting for refresher training,,,[B] Developmental,B,03-049-04-000,Cabiao,Nueva Ecija,Region III (Central Luzon),Municipality,1st,R3,E
[2024-11] 03-077-02-000,2024-11,2024,[11] November,"Casiguran, Aurora",[1] Operational,,,,,[A] Operational,A,03-077-02-000,Casiguran,Aurora,Region III (Central Luzon),Municipality,2nd,R3,E
[2024-11] 03-014-12-000,2024-11,2024,[11] November,"City of Meycauayan, Bulacan",[8] Withdraw,,"Withdrawal Letter - Meycauayan City, Bulacan",Last Status Ongoing Data Build-up 25%,,[D] Withdraw,B,03-014-12-000,City of Meycauayan,Bulacan,Region III (Central Luzon),City,3rd,R3,E
[2024-11] 03-314-00-000,2024-11,2024,[11] November,"City of Olongapo, Zambales",[3] Ongoing Data Build-up,60%,lack of Staff,For Visitation,,[B] Developmental,B,03-314-00-000,City of Olongapo,Zambales,Region III (Central Luzon),City,1st,R3,E
[2024-11] 03-049-19-000,2024-11,2024,[11] November,"City of Palayan, Nueva Ecija",[2] Pilot Testing,50%,,for visitation,,[B] Developmental,B,03-049-19-000,City of Palayan,Nueva Ecija,Region III (Central Luzon),City,5th,R3,E
[2024-11] 03-077-05-000,2024-11,2024,[11] November,"Dingalan, Aurora",[2] Pilot Testing,99%,,,,[B] Developmental,B,03-077-05-000,Dingalan,Aurora,Region III (Central Luzon),Municipality,3rd,R3,E
[2024-11] 03-077-06-000,2024-11,2024,[11] November,"Dipaculao, Aurora",[1] Operational,,,,,[A] Operational,B,03-077-06-000,Dipaculao,Aurora,Region III (Central Luzon),Municipality,3rd,R3,E
[2024-11] 03-049-07-000,2024-11,2024,[11] November,"Gabaldon, Nueva Ecija",[2] Pilot Testing,70%,Requesting for refresher training,for visitation,,[B] Developmental,B,03-049-07-000,Gabaldon,Nueva Ecija,Region III (Central Luzon),Municipality,4th,R3,E
[2024-11] 03-069-06-000,2024-11,2024,[11] November,"Gerona, Tarlac",[1] Operational,,,,,[A] Operational,B,03-069-06-000,Gerona,Tarlac,Region III (Central Luzon),Municipality,1st,R3,E
[2024-11] 03-071-05-000,2024-11,2024,[11] November,"Iba, Zambales",[2] Pilot Testing,78%,for launching phase,for visitation,,[B] Developmental,B,03-071-05-000,Iba,Zambales,Region III (Central Luzon),Municipality,2nd,R3,E
[2024-11] 03-008-06-000,2024-11,2024,[11] November,"Limay, Bataan",[6] With Concerns,,Internet connectivity issue and new staff,"Sent Notice Letter, awaiting for their reply
Intends to withdraw",,[C] For Training/Others,B,03-008-06-000,Limay,Bataan,Region III (Central Luzon),Municipality,1st,R3,E
[2024-11] 03-054-10-000,2024-11,2024,[11] November,"Macabebe, Pampanga",[6] With Concerns,,New LGU Staff and Internet connectivity issue,"intended to withdraw
waiting for the withdrawal letter",,[C] For Training/Others,B,03-054-10-000,Macabebe,Pampanga,Region III (Central Luzon),Municipality,1st,R3,E
[2024-11] 03-077-07-000,2024-11,2024,[11] November,"Maria Aurora, Aurora",[1] Operational,,,,,[A] Operational,A,03-077-07-000,Maria Aurora,Aurora,Region III (Central Luzon),Municipality,2nd,R3,E
[2024-11] 03-014-13-000,2024-11,2024,[11] November,"Norzagaray, Bulacan",[1] Operational,,,,,[A] Operational,A,03-014-13-000,Norzagaray,Bulacan,Region III (Central Luzon),Municipality,1st,R3,E
[2024-11] 03-071-09-000,2024-11,2024,[11] November,"San Antonio, Zambales",[2] Pilot Testing,96%,,renovation of municipal hall,,[B] Developmental,B,03-071-09-000,San Antonio,Zambales,Region III (Central Luzon),Municipality,2nd,R3,E
[2024-11] 03-054-17-000,2024-11,2024,[11] November,"San Luis, Pampanga",[6] With Concerns,,"Still on process of familiarizing the whole system
for pilot testing 30%
Unresponsive LGU",for visitation,,[C] For Training/Others,B,03-054-17-000,San Luis,Pampanga,Region III (Central Luzon),Municipality,3rd,R3,E
[2024-11] 03-071-12-000,2024-11,2024,[11] November,"San Narciso, Zambales",[1] Operational,,,,,[A] Operational,A,03-071-12-000,San Narciso,Zambales,Region III (Central Luzon),Municipality,4th,R3,E
[2024-11] 03-069-15-000,2024-11,2024,[11] November,"Santa Ignacia, Tarlac",[1] Operational,,,,,[A] Operational,A,03-069-15-000,Santa Ignacia,Tarlac,Region III (Central Luzon),Municipality,2nd,R3,E
[2024-11] 03-049-32-000,2024-11,2024,[11] November,"Zaragoza, Nueva Ecija",[2] Pilot Testing,99%,,for launching phase,,[B] Developmental,B,03-049-32-000,Zaragoza,Nueva Ecija,Region III (Central Luzon),Municipality,3rd,R3,E
[2024-11] 04-056-02-000,2024-11,2024,[11] November,"Alabat, Quezon",[1] Operational,,,,,[A] Operational,B,04-056-02-000,Alabat,Quezon,Region IV-A (CALABARZON),Municipality,5th,R4A,F
[2024-11] 04-021-01-000,2024-11,2024,[11] November,"Alfonso, Cavite",[3] Ongoing Data Build-up,78%,,,For Refreshers Training,[B] Developmental,B,04-021-01-000,Alfonso,Cavite,Region IV-A (CALABARZON),Municipality,1st,R4A,F
[2024-11] 04-021-02-000,2024-11,2024,[11] November,"Amadeo, Cavite",[2] Pilot Testing,88%,,,Waiting for decision of LGU if they will use the system,[B] Developmental,B,04-021-02-000,Amadeo,Cavite,Region IV-A (CALABARZON),Municipality,4th,R4A,F
[2024-11] 04-010-03-000,2024-11,2024,[11] November,"Balayan, Batangas",[1] Operational,,,,,[A] Operational,A,04-010-03-000,Balayan,Batangas,Region IV-A (CALABARZON),Municipality,1st,R4A,F
[2024-11] 04-056-08-000,2024-11,2024,[11] November,"Candelaria, Quezon",[1] Operational,,,,,[A] Operational,A,04-056-08-000,Candelaria,Quezon,Region IV-A (CALABARZON),Municipality,1st,R4A,F
[2024-11] 04-034-07-000,2024-11,2024,[11] November,"Cavinti, Laguna",[2] Pilot Testing,100%,For Launching,Continuation of Pilot Testing on July 2,Waiting for LGU Schedule,[B] Developmental,B,04-034-07-000,Cavinti,Laguna,Region IV-A (CALABARZON),Municipality,3rd,R4A,F
[2024-11] 04-056-16-000,2024-11,2024,[11] November,"General Luna, Quezon",[1] Operational,,,,,[A] Operational,B,04-056-16-000,General Luna,Quezon,Region IV-A (CALABARZON),Municipality,4th,R4A,F
[2024-11] 04-056-17-000,2024-11,2024,[11] November,"General Nakar, Quezon",[1] Operational,,,,,[A] Operational,B,04-056-17-000,General Nakar,Quezon,Region IV-A (CALABARZON),Municipality,1st,R4A,F
[2024-11] 04-056-19-000,2024-11,2024,[11] November,"Gumaca, Quezon",[7] To Follow-up,,LGU unresponsive,For visitation,,[C] For Training/Others,B,04-056-19-000,Gumaca,Quezon,Region IV-A (CALABARZON),Municipality,1st,R4A,F
[2024-11] 04-056-20-000,2024-11,2024,[11] November,"Infanta, Quezon",[1] Operational,,,,,[A] Operational,A,04-056-20-000,Infanta,Quezon,Region IV-A (CALABARZON),Municipality,1st,R4A,F
[2024-11] 04-010-12-000,2024-11,2024,[11] November,"Lemery, Batangas",[8] Withdraw,,,,,[D] Withdraw,B,04-010-12-000,Lemery,Batangas,Region IV-A (CALABARZON),Municipality,1st,R4A,F
[2024-11] 04-010-13-000,2024-11,2024,[11] November,"Lian, Batangas",[1] Operational,,,,,[A] Operational,A,04-010-13-000,Lian,Batangas,Region IV-A (CALABARZON),Municipality,3rd,R4A,F
[2024-11] 04-010-16-000,2024-11,2024,[11] November,"Mabini, Batangas",[1] Operational,,,,,[A] Operational,A,04-010-16-000,Mabini,Batangas,Region IV-A (CALABARZON),Municipality,1st,R4A,F
[2024-11] 04-021-12-000,2024-11,2024,[11] November,"Magallanes, Cavite",[1] Operational,,,,,[A] Operational,B,04-021-12-000,Magallanes,Cavite,Region IV-A (CALABARZON),Municipality,4th,R4A,F
[2024-11] 04-056-27-000,2024-11,2024,[11] November,"Mauban, Quezon",[1] Operational,,,,,[A] Operational,A,04-056-27-000,Mauban,Quezon,Region IV-A (CALABARZON),Municipality,1st,R4A,F
[2024-11] 04-021-15-000,2024-11,2024,[11] November,"Naic, Cavite",[1] Operational,,,,,[A] Operational,A,04-021-15-000,Naic,Cavite,Region IV-A (CALABARZON),Municipality,1st,R4A,F
[2024-11] 04-034-18-000,2024-11,2024,[11] November,"Paete, Laguna",[1] Operational,,,,,[A] Operational,B,04-034-18-000,Paete,Laguna,Region IV-A (CALABARZON),Municipality,4th,R4A,F
[2024-11] 04-056-34-000,2024-11,2024,[11] November,"Pitogo, Quezon",[2] Pilot Testing,63%,,,,[B] Developmental,B,04-056-34-000,Pitogo,Quezon,Region IV-A (CALABARZON),Municipality,4th,R4A,F
[2024-11] 04-056-39-000,2024-11,2024,[11] November,"Sampaloc, Quezon",[1] Operational,,,,,[A] Operational,B,04-056-39-000,Sampaloc,Quezon,Region IV-A (CALABARZON),Municipality,5th,R4A,F
[2024-11] 04-010-24-000,2024-11,2024,[11] November,"San Luis, Batangas",[1] Operational,,,,,[A] Operational,B,04-010-24-000,San Luis,Batangas,Region IV-A (CALABARZON),Municipality,4th,R4A,F
[2024-11] 04-010-25-000,2024-11,2024,[11] November,"San Nicolas, Batangas",[1] Operational,,,,"Launched on August 30, 2024",[A] Operational,B,04-010-25-000,San Nicolas,Batangas,Region IV-A (CALABARZON),Municipality,5th,R4A,F
[2024-11] 04-010-27-000,2024-11,2024,[11] November,"Santa Teresita, Batangas",[1] Operational,,,,,[A] Operational,A,04-010-27-000,Santa Teresita,Batangas,Region IV-A (CALABARZON),Municipality,5th,R4A,F
[2024-11] 04-010-29-000,2024-11,2024,[11] November,"Taal, Batangas",[1] Operational,,,,,[A] Operational,A,04-010-29-000,Taal,Batangas,Region IV-A (CALABARZON),Municipality,3rd,R4A,F
[2024-11] 17-052-01-000,2024-11,2024,[11] November,"Baco, Oriental Mindoro",[1] Operational,,,,,[A] Operational,B,17-052-01-000,Baco,Oriental Mindoro,MIMAROPA Region,Municipality,3rd,R4B,G
[2024-11] 17-059-02-000,2024-11,2024,[11] November,"Banton, Romblon",[1] Operational,,,,,[A] Operational,B,17-059-02-000,Banton,Romblon,MIMAROPA Region,Municipality,5th,R4B,G
[2024-11] 17-053-07-000,2024-11,2024,[11] November,"Busuanga, Palawan",[1] Operational,,,,,[A] Operational,A,17-053-07-000,Busuanga,Palawan,MIMAROPA Region,Municipality,3rd,R4B,G
[2024-11] 17-053-09-000,2024-11,2024,[11] November,"Coron, Palawan",[1] Operational,,,,,[A] Operational,B,17-053-09-000,Coron,Palawan,MIMAROPA Region,Municipality,1st,R4B,G
[2024-11] 17-053-12-000,2024-11,2024,[11] November,"El Nido, Palawan",[1] Operational,,,,,[A] Operational,A,17-053-12-000,El Nido,Palawan,MIMAROPA Region,Municipality,1st,R4B,G
[2024-11] 17-059-16-000,2024-11,2024,[11] November,"Ferrol, Romblon",[1] Operational,,,,,[A] Operational,A,17-059-16-000,Ferrol,Romblon,MIMAROPA Region,Municipality,6th,R4B,G
[2024-11] 17-052-06-000,2024-11,2024,[11] November,"Gloria, Oriental Mindoro",[1] Operational,,,,,[A] Operational,B,17-052-06-000,Gloria,Oriental Mindoro,MIMAROPA Region,Municipality,3rd,R4B,G
[2024-11] 17-059-07-000,2024-11,2024,[11] November,"Looc, Romblon",[1] Operational,,,,,[A] Operational,A,17-059-07-000,Looc,Romblon,MIMAROPA Region,Municipality,4th,R4B,G
[2024-11] 17-052-09-000,2024-11,2024,[11] November,"Pinamalayan, Oriental Mindoro",[1] Operational,,,,,[A] Operational,B,17-052-09-000,Pinamalayan,Oriental Mindoro,MIMAROPA Region,Municipality,1st,R4B,G
[2024-11] 17-051-08-000,2024-11,2024,[11] November,"Rizal, Occidental Mindoro",[1] Operational,,,,,[A] Operational,B,17-051-08-000,Rizal,Occidental Mindoro,MIMAROPA Region,Municipality,3rd,R4B,G
[2024-11] 17-051-09-000,2024-11,2024,[11] November,"Sablayan, Occidental Mindoro",[1] Operational,,,,,[A] Operational,A,17-051-09-000,Sablayan,Occidental Mindoro,MIMAROPA Region,Municipality,1st,R4B,G
[2024-11] 17-051-10-000,2024-11,2024,[11] November,"San Jose, Occidental Mindoro",[1] Operational,,,,,[A] Operational,A,17-051-10-000,San Jose,Occidental Mindoro,MIMAROPA Region,Municipality,1st,R4B,G
[2024-11] 17-052-13-000,2024-11,2024,[11] November,"San Teodoro, Oriental Mindoro",[1] Operational,,,,,[A] Operational,B,17-052-13-000,San Teodoro,Oriental Mindoro,MIMAROPA Region,Municipality,4th,R4B,G
[2024-11] 17-053-19-000,2024-11,2024,[11] November,"San Vicente, Palawan",[1] Operational,,,,,[A] Operational,A,17-053-19-000,San Vicente,Palawan,MIMAROPA Region,Municipality,1st,R4B,G
[2024-11] 05-062-02-000,2024-11,2024,[11] November,"Barcelona, Sorsogon",[3] Ongoing Data Build-up,85%,Applicants not familiar with the system and unstable internet connection,,,[B] Developmental,B,05-062-02-000,Barcelona,Sorsogon,Region V (Bicol Region),Municipality,5th,R5,H
[2024-11] 05-016-02-000,2024-11,2024,[11] November,"Capalonga, Camarines Norte",[3] Ongoing Data Build-up,10%,,,,[B] Developmental,B,05-016-02-000,Capalonga,Camarines Norte,Region V (Bicol Region),Municipality,3rd,R5,H
[2024-11] 05-016-05-000,2024-11,2024,[11] November,"Jose Panganiban, Camarines Norte",[3] Ongoing Data Build-up,10%,,,,[B] Developmental,B,05-016-05-000,Jose Panganiban,Camarines Norte,Region V (Bicol Region),Municipality,2nd,R5,H
[2024-11] 05-016-06-000,2024-11,2024,[11] November,"Labo, Camarines Norte",[6] With Concerns,,"concern regarding manual entry of building permit number, due to conflict with complex applications numbering",,,[C] For Training/Others,B,05-016-06-000,Labo,Camarines Norte,Region V (Bicol Region),Municipality,1st,R5,H
[2024-11] 05-016-07-000,2024-11,2024,[11] November,"Mercedes, Camarines Norte",[3] Ongoing Data Build-up,80%,,,,[B] Developmental,B,05-016-07-000,Mercedes,Camarines Norte,Region V (Bicol Region),Municipality,2nd,R5,H
[2024-11] 05-016-11-000,2024-11,2024,[11] November,"Talisay, Camarines Norte",[1] Operational,,,,,[A] Operational,A,05-016-11-000,Talisay,Camarines Norte,Region V (Bicol Region),Municipality,4th,R5,H
[2024-11] 05-005-18-000,2024-11,2024,[11] November,"Tiwi, Albay",[8] Withdraw,,,,,[D] Withdraw,B,05-005-18-000,Tiwi,Albay,Region V (Bicol Region),Municipality,1st,R5,H
[2024-11] 05-016-12-000,2024-11,2024,[11] November,"Vinzons, Camarines Norte",[3] Ongoing Data Build-up,98%,,,,[B] Developmental,B,05-016-12-000,Vinzons,Camarines Norte,Region V (Bicol Region),Municipality,3rd,R5,H
[2024-11] 05-020-11-000,2024-11,2024,[11] November,"Virac, Catanduanes",[6] With Concerns,,May mga need pa po ayusin specially sa mga signatories,,,[C] For Training/Others,B,05-020-11-000,Virac,Catanduanes,Region V (Bicol Region),Municipality,1st,R5,H
[2024-11] 06-030-02-000,2024-11,2024,[11] November,"Alimodian, Iloilo",[1] Operational,,,,,[A] Operational,B,06-030-02-000,Alimodian,Iloilo,Region VI (Western Visayas),Municipality,3rd,R6,I
[2024-11] 06-030-03-000,2024-11,2024,[11] November,"Anilao, Iloilo",[1] Operational,,,,,[A] Operational,B,06-030-03-000,Anilao,Iloilo,Region VI (Western Visayas),Municipality,4th,R6,I
[2024-11] 06-030-05-000,2024-11,2024,[11] November,"Balasan, Iloilo",[1] Operational,,,,,[A] Operational,B,06-030-05-000,Balasan,Iloilo,Region VI (Western Visayas),Municipality,4th,R6,I
[2024-11] 06-006-02-000,2024-11,2024,[11] November,"Barbaza, Antique",[1] Operational,,,,,[A] Operational,B,06-006-02-000,Barbaza,Antique,Region VI (Western Visayas),Municipality,4th,R6,I
[2024-11] 06-030-07-000,2024-11,2024,[11] November,"Barotac Nuevo, Iloilo",[1] Operational,,,,,[A] Operational,B,06-030-07-000,Barotac Nuevo,Iloilo,Region VI (Western Visayas),Municipality,2nd,R6,I
[2024-11] 06-030-08-000,2024-11,2024,[11] November,"Barotac Viejo, Iloilo",[5] For Training,,,,,[C] For Training/Others,B,06-030-08-000,Barotac Viejo,Iloilo,Region VI (Western Visayas),Municipality,3rd,R6,I
[2024-11] 06-030-10-000,2024-11,2024,[11] November,"Bingawan, Iloilo",[1] Operational,,,,,[A] Operational,B,06-030-10-000,Bingawan,Iloilo,Region VI (Western Visayas),Municipality,5th,R6,I
[2024-11] 06-079-01-000,2024-11,2024,[11] November,"Buenavista, Guimaras",[1] Operational,,,,,[A] Operational,B,06-079-01-000,Buenavista,Guimaras,Region VI (Western Visayas),Municipality,2nd,R6,I
[2024-11] 06-006-04-000,2024-11,2024,[11] November,"Bugasong, Antique",[1] Operational,,,,,[A] Operational,A,06-006-04-000,Bugasong,Antique,Region VI (Western Visayas),Municipality,3rd,R6,I
[2024-11] 06-030-12-000,2024-11,2024,[11] November,"Cabatuan, Iloilo",[1] Operational,,,,,[A] Operational,B,06-030-12-000,Cabatuan,Iloilo,Region VI (Western Visayas),Municipality,2nd,R6,I
[2024-11] 06-030-13-000,2024-11,2024,[11] November,"Calinog, Iloilo",[1] Operational,,,,,[A] Operational,A,06-030-13-000,Calinog,Iloilo,Region VI (Western Visayas),Municipality,1st,R6,I
[2024-11] 06-302-00-000,2024-11,2024,[11] November,"City of Bacolod, Negros Occidental",[1] Operational,,,,,[A] Operational,A,06-302-00-000,City of Bacolod,Negros Occidental,Region VI (Western Visayas),City,1st,R6,I
[2024-11] 06-045-10-000,2024-11,2024,[11] November,"City of Himamaylan, Negros Occidental",[1] Operational,,,,,[A] Operational,A,06-045-10-000,City of Himamaylan,Negros Occidental,Region VI (Western Visayas),City,3rd,R6,I
[2024-11] 06-045-15-000,2024-11,2024,[11] November,"City of Kabankalan, Negros Occidental",[1] Operational,,,,,[A] Operational,B,06-045-15-000,City of Kabankalan,Negros Occidental,Region VI (Western Visayas),City,1st,R6,I
[2024-11] 06-045-27-000,2024-11,2024,[11] November,"City of Sipalay, Negros Occidental",[2] Pilot Testing,75%,,,,[B] Developmental,A,06-045-27-000,City of Sipalay,Negros Occidental,Region VI (Western Visayas),City,4th,R6,I
[2024-11] 06-030-15-000,2024-11,2024,[11] November,"Concepcion, Iloilo",[1] Operational,,,,,[A] Operational,B,06-030-15-000,Concepcion,Iloilo,Region VI (Western Visayas),Municipality,3rd,R6,I
[2024-11] 06-030-16-000,2024-11,2024,[11] November,"Dingle, Iloilo",[1] Operational,,,,,[A] Operational,A,06-030-16-000,Dingle,Iloilo,Region VI (Western Visayas),Municipality,3rd,R6,I
[2024-11] 06-045-11-000,2024-11,2024,[11] November,"Hinigaran, Negros Occidental",[1] Operational,,,,,[A] Operational,B,06-045-11-000,Hinigaran,Negros Occidental,Region VI (Western Visayas),Municipality,1st,R6,I
[2024-11] 06-030-23-000,2024-11,2024,[11] November,"Janiuay, Iloilo",[1] Operational,,,,,[A] Operational,B,06-030-23-000,Janiuay,Iloilo,Region VI (Western Visayas),Municipality,1st,R6,I
[2024-11] 06-030-25-000,2024-11,2024,[11] November,"Lambunao, Iloilo",[5] For Training,,,,,[C] For Training/Others,B,06-030-25-000,Lambunao,Iloilo,Region VI (Western Visayas),Municipality,1st,R6,I
[2024-11] 06-006-09-000,2024-11,2024,[11] November,"Laua-An, Antique",[1] Operational,,,,,[A] Operational,A,06-006-09-000,Laua-An,Antique,Region VI (Western Visayas),Municipality,4th,R6,I
[2024-11] 06-006-10-000,2024-11,2024,[11] November,"Libertad, Antique",[1] Operational,,,,,[A] Operational,A,06-006-10-000,Libertad,Antique,Region VI (Western Visayas),Municipality,5th,R6,I
[2024-11] 06-045-18-000,2024-11,2024,[11] November,"Manapla, Negros Occidental",[1] Operational,,,,,[A] Operational,B,06-045-18-000,Manapla,Negros Occidental,Region VI (Western Visayas),Municipality,2nd,R6,I
[2024-11] 06-030-30-000,2024-11,2024,[11] November,"Miagao, Iloilo",[5] For Training,,,,,[C] For Training/Others,B,06-030-30-000,Miagao,Iloilo,Region VI (Western Visayas),Municipality,1st,R6,I
[2024-11] 06-030-31-000,2024-11,2024,[11] November,"Mina, Iloilo",[1] Operational,,,,,[A] Operational,A,06-030-31-000,Mina,Iloilo,Region VI (Western Visayas),Municipality,5th,R6,I
[2024-11] 06-045-19-000,2024-11,2024,[11] November,"Moises Padilla, Negros Occidental",[1] Operational,,,,,[A] Operational,B,06-045-19-000,Moises Padilla,Negros Occidental,Region VI (Western Visayas),Municipality,3rd,R6,I
[2024-11] 06-030-32-000,2024-11,2024,[11] November,"New Lucena, Iloilo",[1] Operational,,,,,[A] Operational,B,06-030-32-000,New Lucena,Iloilo,Region VI (Western Visayas),Municipality,4th,R6,I
[2024-11] 06-004-15-000,2024-11,2024,[11] November,"New Washington, Aklan",[1] Operational,,,,,[A] Operational,A,06-004-15-000,New Washington,Aklan,Region VI (Western Visayas),Municipality,3rd,R6,I
[2024-11] 06-030-34-000,2024-11,2024,[11] November,"Oton, Iloilo",[8] Withdraw,,,,,[D] Withdraw,B,06-030-34-000,Oton,Iloilo,Region VI (Western Visayas),Municipality,1st,R6,I
[2024-11] 06-006-11-000,2024-11,2024,[11] November,"Pandan, Antique",[1] Operational,,,,,[A] Operational,A,06-006-11-000,Pandan,Antique,Region VI (Western Visayas),Municipality,4th,R6,I
[2024-11] 06-006-12-000,2024-11,2024,[11] November,"Patnongon, Antique",[1] Operational,,,,,[A] Operational,A,06-006-12-000,Patnongon,Antique,Region VI (Western Visayas),Municipality,3rd,R6,I
[2024-11] 06-030-40-000,2024-11,2024,[11] November,"San Joaquin, Iloilo",[5] For Training,,,,,[C] For Training/Others,B,06-030-40-000,San Joaquin,Iloilo,Region VI (Western Visayas),Municipality,2nd,R6,I
[2024-11] 06-006-14-000,2024-11,2024,[11] November,"San Remigio, Antique",[1] Operational,,,,,[A] Operational,#N/A,06-006-14-000,San Remigio,Antique,Region VI (Western Visayas),Municipality,3rd,R6,I
[2024-11] 06-030-43-000,2024-11,2024,[11] November,"Santa Barbara, Iloilo",[1] Operational,,,,,[A] Operational,B,06-030-43-000,Santa Barbara,Iloilo,Region VI (Western Visayas),Municipality,2nd,R6,I
[2024-11] 06-019-15-000,2024-11,2024,[11] November,"Sapi-An, Capiz",[1] Operational,,,,,[A] Operational,A,06-019-15-000,Sapi-An,Capiz,Region VI (Western Visayas),Municipality,4th,R6,I
[2024-11] 06-030-44-000,2024-11,2024,[11] November,"Sara, Iloilo",[1] Operational,,,,,[A] Operational,B,06-030-44-000,Sara,Iloilo,Region VI (Western Visayas),Municipality,2nd,R6,I
[2024-11] 06-006-15-000,2024-11,2024,[11] November,"Sebaste, Antique",[5] For Training,,,,,[C] For Training/Others,B,06-006-15-000,Sebaste,Antique,Region VI (Western Visayas),Municipality,4th,R6,I
[2024-11] 06-004-17-000,2024-11,2024,[11] November,"Tangalan, Aklan",[1] Operational,,,,,[A] Operational,A,06-004-17-000,Tangalan,Aklan,Region VI (Western Visayas),Municipality,5th,R6,I
[2024-11] 06-019-17-000,2024-11,2024,[11] November,"Tapaz, Capiz",[1] Operational,,,,,[A] Operational,A,06-019-17-000,Tapaz,Capiz,Region VI (Western Visayas),Municipality,1st,R6,I
[2024-11] 06-006-07-000,2024-11,2024,[11] November,"Tobias Fornier, Antique",[8] Withdraw,,,,,[D] Withdraw,B,06-006-07-000,Tobias Fornier,Antique,Region VI (Western Visayas),Municipality,4th,R6,I
[2024-11] 06-030-47-000,2024-11,2024,[11] November,"Zarraga, Iloilo",[5] For Training,,,,,[C] For Training/Others,B,06-030-47-000,Zarraga,Iloilo,Region VI (Western Visayas),Municipality,4th,R6,I
[2024-12] 07-022-01-000,2024-12,2024,[12] December,"Alcantara, Cebu",[3] Ongoing Data Build-up,90%,,,,[B] Developmental,B,07-022-01-000,Alcantara,Cebu,Region VII (Central Visayas),Municipality,5th,R7,J
[2024-12] 07-046-01-000,2024-12,2024,[12] December,"Amlan, Negros Oriental",[3] Ongoing Data Build-up,25%,"For refresher Training;
to be scheduled next year",,,[B] Developmental,B,07-046-01-000,Amlan,Negros Oriental,Region VII (Central Visayas),Municipality,4th,R7,J
[2024-12] 07-022-05-000,2024-12,2024,[12] December,"Argao, Cebu",[1] Operational,,,,,[A] Operational,A,07-022-05-000,Argao,Cebu,Region VII (Central Visayas),Municipality,1st,R7,J
[2024-12] 07-022-08-000,2024-12,2024,[12] December,"Balamban, Cebu",[1] Operational,,,,,[A] Operational,A,07-022-08-000,Balamban,Cebu,Region VII (Central Visayas),Municipality,1st,R7,J
[2024-12] 07-046-05-000,2024-12,2024,[12] December,"Basay, Negros Oriental",[1] Operational,,,,,[A] Operational,B,07-046-05-000,Basay,Negros Oriental,Region VII (Central Visayas),Municipality,4th,R7,J
[2024-12] 07-012-09-000,2024-12,2024,[12] December,"Buenavista, Bohol",[1] Operational,,,,,[A] Operational,B,07-012-09-000,Buenavista,Bohol,Region VII (Central Visayas),Municipality,4th,R7,J
[2024-12] 07-012-11-000,2024-12,2024,[12] December,"Candijay, Bohol",[1] Operational,,,,,[A] Operational,B,07-012-11-000,Candijay,Bohol,Region VII (Central Visayas),Municipality,4th,R7,J
[2024-12] 07-046-08-000,2024-12,2024,[12] December,"City of Canlaon, Negros Oriental",[1] Operational,,,,,[A] Operational,B,07-046-08-000,City of Canlaon,Negros Oriental,Region VII (Central Visayas),City,4th,R7,J
[2024-12] 07-313-00-000,2024-12,2024,[12] December,"City of Mandaue, Cebu",[3] Ongoing Data Build-up,25%,,,,[B] Developmental,A,07-313-00-000,City of Mandaue,Cebu,Region VII (Central Visayas),City,1st,R7,J
[2024-12] 07-022-18-000,2024-12,2024,[12] December,"Compostela, Cebu",[3] Ongoing Data Build-up,75%,,,,[B] Developmental,B,07-022-18-000,Compostela,Cebu,Region VII (Central Visayas),Municipality,3rd,R7,J
[2024-12] 07-022-21-000,2024-12,2024,[12] December,"Daanbantayan, Cebu",[3] Ongoing Data Build-up,75%,,,,[B] Developmental,B,07-022-21-000,Daanbantayan,Cebu,Region VII (Central Visayas),Municipality,1st,R7,J
[2024-12] 07-012-18-000,2024-12,2024,[12] December,"Danao, Bohol",[1] Operational,,,,,[A] Operational,B,07-012-18-000,Danao,Bohol,Region VII (Central Visayas),Municipality,4th*,R7,J
[2024-12] 07-022-28-000,2024-12,2024,[12] December,"Madridejos, Cebu",[1] Operational,,,,,[A] Operational,B,07-022-28-000,Madridejos,Cebu,Region VII (Central Visayas),Municipality,4th,R7,J
[2024-12] 07-022-32-000,2024-12,2024,[12] December,"Minglanilla, Cebu",[7] To Follow-up,,"For Refresher Training;
to be scheduled next year",,,[C] For Training/Others,B,07-022-32-000,Minglanilla,Cebu,Region VII (Central Visayas),Municipality,1st,R7,J
[2024-12] 07-022-37-000,2024-12,2024,[12] December,"Pinamungajan, Cebu",[1] Operational,,,,,[A] Operational,A,07-022-37-000,Pinamungajan,Cebu,Region VII (Central Visayas),Municipality,2nd,R7,J
[2024-12] 07-022-40-000,2024-12,2024,[12] December,"Samboan, Cebu",[6] With Concerns,,Waiting for withdrawal letter,,,[C] For Training/Others,B,07-022-40-000,Samboan,Cebu,Region VII (Central Visayas),Municipality,5th,R7,J
[2024-12] 07-022-42-000,2024-12,2024,[12] December,"San Francisco, Cebu",[2] Pilot Testing,100%,"Done Refresher Training last Septmber 17-19, 2024 for the new personnel in-charge | Waiting for actual transaction",,Waiting for LGU's request of deletion of test data in the system,[B] Developmental,B,07-022-42-000,San Francisco,Cebu,Region VII (Central Visayas),Municipality,3rd,R7,J
[2024-12] 07-046-17-000,2024-12,2024,[12] December,"San Jose, Negros Oriental",[2] Pilot Testing,25%,"For Refresher Training;
to be scheduled next year",,,[B] Developmental,B,07-046-17-000,San Jose,Negros Oriental,Region VII (Central Visayas),Municipality,5th,R7,J
[2024-12] 07-012-44-000,2024-12,2024,[12] December,"Trinidad, Bohol",[1] Operational,,,,,[A] Operational,B,07-012-44-000,Trinidad,Bohol,Region VII (Central Visayas),Municipality,3rd,R7,J
[2024-12] 07-022-52-000,2024-12,2024,[12] December,"Tuburan, Cebu",[1] Operational,,,,,[A] Operational,A,07-022-52-000,Tuburan,Cebu,Region VII (Central Visayas),Municipality,2nd,R7,J
[2024-12] 07-022-53-000,2024-12,2024,[12] December,"Tudela, Cebu",[1] Operational,,,,,[A] Operational,A,07-022-53-000,Tudela,Cebu,Region VII (Central Visayas),Municipality,5th,R7,J
[2024-12] 08-037-01-000,2024-12,2024,[12] December,"Abuyog, Leyte",[2] Pilot Testing,80%,Nonresponsive LGU,Forwarded follow up letter to LGU regarding their implementation but no response.,Nonresponsive LGU. Forwarded follow up  letter to LGU regarding their implementation but no response.,[B] Developmental,B,08-037-01-000,Abuyog,Leyte,Region VIII (Eastern Visayas),Municipality,1st*,R8,K
[2024-12] 08-037-02-000,2024-12,2024,[12] December,"Alangalang, Leyte",[1] Operational,,,,Normal Operations,[A] Operational,A,08-037-02-000,Alangalang,Leyte,Region VIII (Eastern Visayas),Municipality,2nd,R8,K
[2024-12] 08-060-02-000,2024-12,2024,[12] December,"Basey, Samar",[1] Operational,,,,,[A] Operational,B,08-060-02-000,Basey,Samar,Region VIII (Eastern Visayas),Municipality,1st,R8,K
[2024-12] 08-037-15-000,2024-12,2024,[12] December,"Carigara, Leyte",[1] Operational,,,,,[A] Operational,B,08-037-15-000,Carigara,Leyte,Region VIII (Eastern Visayas),Municipality,2nd,R8,K
[2024-12] 08-026-04-000,2024-12,2024,[12] December,"City of Borongan, Eastern Samar",[1] Operational,,,,Normal Operations,[A] Operational,A,08-026-04-000,City of Borongan,Eastern Samar,Region VIII (Eastern Visayas),City,1st (as Mun),R8,K
[2024-12] 08-064-07-000,2024-12,2024,[12] December,"City of Maasin, Southern Leyte",[1] Operational,,,,Normal Operations,[A] Operational,A,08-064-07-000,City of Maasin,Southern Leyte,Region VIII (Eastern Visayas),City,4th,R8,K
[2024-12] 08-060-07-000,2024-12,2024,[12] December,"Gandara, Samar",[2] Pilot Testing,95%,Internet Connectivity Issues - Unstable Connection,Forwarded follow letter to LGU regarding their implementation but no response.,Internet Connectivity Issues - Unstable ConnectionForwarded follow letter to LGU regarding their implementation but no response.,[B] Developmental,B,08-060-07-000,Gandara,Samar,Region VIII (Eastern Visayas),Municipality,2nd,R8,K
[2024-12] 08-026-09-000,2024-12,2024,[12] December,"Guiuan, Eastern Samar",[1] Operational,,,,Normal Operations,[A] Operational,B,08-026-09-000,Guiuan,Eastern Samar,Region VIII (Eastern Visayas),Municipality,2nd,R8,K
[2024-12] 08-037-20-000,2024-12,2024,[12] December,"Hindang, Leyte",[1] Operational,,,,Normal Operations,[A] Operational,B,08-037-20-000,Hindang,Leyte,Region VIII (Eastern Visayas),Municipality,5th,R8,K
[2024-12] 08-037-24-000,2024-12,2024,[12] December,"Javier, Leyte",[1] Operational,,,,Normal Operations,[A] Operational,B,08-037-24-000,Javier,Leyte,Region VIII (Eastern Visayas),Municipality,4th*,R8,K
[2024-12] 08-060-09-000,2024-12,2024,[12] December,"Jiabong, Samar",[1] Operational,,,,,[A] Operational,B,08-060-09-000,Jiabong,Samar,Region VIII (Eastern Visayas),Municipality,5th,R8,K
[2024-12] 08-078-06-000,2024-12,2024,[12] December,"Kawayan, Biliran",[8] Withdraw,,,,Withdrawn,[D] Withdraw,B,08-078-06-000,Kawayan,Biliran,Region VIII (Eastern Visayas),Municipality,5th*,R8,K
[2024-12] 08-037-28-000,2024-12,2024,[12] December,"La Paz, Leyte",[2] Pilot Testing,100%,,Waiting for first client.,Waiting for first client.,[B] Developmental,B,08-037-28-000,La Paz,Leyte,Region VIII (Eastern Visayas),Municipality,5th*,R8,K
[2024-12] 08-037-29-000,2024-12,2024,[12] December,"Leyte, Leyte",[1] Operational,,,,Normal Operations,[A] Operational,A,08-037-29-000,Leyte,Leyte,Region VIII (Eastern Visayas),Municipality,4th*,R8,K
[2024-12] 08-064-08-000,2024-12,2024,[12] December,"Macrohon, Southern Leyte",[1] Operational,,,,Normal Operations,[A] Operational,A,08-064-08-000,Macrohon,Southern Leyte,Region VIII (Eastern Visayas),Municipality,4th,R8,K
[2024-12] 08-078-08-000,2024-12,2024,[12] December,"Naval, Biliran",[1] Operational,,,,Normal Operations,[A] Operational,A,08-078-08-000,Naval,Biliran,Region VIII (Eastern Visayas),Municipality,2nd,R8,K
[2024-12] 08-037-39-000,2024-12,2024,[12] December,"Palo, Leyte",[1] Operational,,,,Normal Operations,[A] Operational,A,08-037-39-000,Palo,Leyte,Region VIII (Eastern Visayas),Municipality,3rd,R8,K
[2024-12] 08-048-15-000,2024-12,2024,[12] December,"Pambujan, Northern Samar",[1] Operational,,,,,[A] Operational,A,08-048-15-000,Pambujan,Northern Samar,Region VIII (Eastern Visayas),Municipality,4th,R8,K
[2024-12] 08-037-41-000,2024-12,2024,[12] December,"Pastrana, Leyte",[1] Operational,,,,Normal Operations,[A] Operational,A,08-037-41-000,Pastrana,Leyte,Region VIII (Eastern Visayas),Municipality,5th*,R8,K
[2024-12] 08-064-14-000,2024-12,2024,[12] December,"San Juan, Southern Leyte",[1] Operational,,,,,[A] Operational,A,08-064-14-000,San Juan,Southern Leyte,Region VIII (Eastern Visayas),Municipality,5th,R8,K
[2024-12] 08-048-20-000,2024-12,2024,[12] December,"San Roque, Northern Samar",[1] Operational,,,,Normal Operations,[A] Operational,A,08-048-20-000,San Roque,Northern Samar,Region VIII (Eastern Visayas),Municipality,4th,R8,K
[2024-12] 08-064-17-000,2024-12,2024,[12] December,"Sogod, Southern Leyte",[1] Operational,,,,Normal Operations,[A] Operational,A,08-064-17-000,Sogod,Southern Leyte,Region VIII (Eastern Visayas),Municipality,2nd,R8,K
[2024-12] 08-064-18-000,2024-12,2024,[12] December,"Tomas Oppus, Southern Leyte",[1] Operational,,,,Zero Transactions for the month of October 2024.,[A] Operational,A,08-064-18-000,Tomas Oppus,Southern Leyte,Region VIII (Eastern Visayas),Municipality,5th,R8,K
[2024-12] 08-037-26-000,2024-12,2024,[12] December,"Kananga, Leyte",[3] Ongoing Data Build-up,90%,,,,[B] Developmental,#N/A,08-037-26-000,Kananga,Leyte,Region VIII (Eastern Visayas),Municipality,1st,R8,K
[2024-12] 19-066-13-000,2024-12,2024,[12] December,"Talipao, Sulu",[3] Ongoing Data Build-up,50%,,,,[B] Developmental,B,19-066-13-000,Talipao,Sulu,Bangsamoro Autonomous Region In Muslim Mindanao (BARMM),Municipality,1st,BARMM I,M
[2024-12] 09-072-10-000,2024-12,2024,[12] December,"Polanco, Zamboanga del Norte",[1] Operational,,,,,[A] Operational,A,09-072-10-000,Polanco,Zamboanga del Norte,Region IX (Zamboanga Peninsula),Municipality,3rd,R9,L
[2024-12] 09-072-11-000,2024-12,2024,[12] December,"Pres. Manuel A. Roxas, Zamboanga del Norte",[2] Pilot Testing,75%,,,,[B] Developmental,B,09-072-11-000,Pres. Manuel A. Roxas,Zamboanga del Norte,Region IX (Zamboanga Peninsula),Municipality,2nd,R9,L
[2024-12] 09-072-12-000,2024-12,2024,[12] December,"Rizal, Zamboanga del Norte",[2] Pilot Testing,25%,,,,[B] Developmental,B,09-072-12-000,Rizal,Zamboanga del Norte,Region IX (Zamboanga Peninsula),Municipality,5th,R9,L
[2024-12] 09-072-15-000,2024-12,2024,[12] December,"Siayan, Zamboanga del Norte",[1] Operational,,,,,[A] Operational,B,09-072-15-000,Siayan,Zamboanga del Norte,Region IX (Zamboanga Peninsula),Municipality,2nd,R9,L
[2024-12] 09-072-18-000,2024-12,2024,[12] December,"Sindangan, Zamboanga del Norte",[3] Ongoing Data Build-up,50%,,,,[B] Developmental,B,09-072-18-000,Sindangan,Zamboanga del Norte,Region IX (Zamboanga Peninsula),Municipality,1st,R9,L
[2024-12] 09-073-08-000,2024-12,2024,[12] December,"Dumingag, Zamboanga del Sur",[3] Ongoing Data Build-up,50%,,,,[B] Developmental,B,09-073-08-000,Dumingag,Zamboanga del Sur,Region IX (Zamboanga Peninsula),Municipality,2nd,R9,L
[2024-12] 09-073-43-000,2024-12,2024,[12] December,"Guipos, Zamboanga del Sur",[3] Ongoing Data Build-up,50%,,,,[B] Developmental,B,09-073-43-000,Guipos,Zamboanga del Sur,Region IX (Zamboanga Peninsula),Municipality,4th,R9,L
[2024-12] 09-073-12-000,2024-12,2024,[12] December,"Labangan, Zamboanga del Sur",[6] With Concerns,,,,,[C] For Training/Others,B,09-073-12-000,Labangan,Zamboanga del Sur,Region IX (Zamboanga Peninsula),Municipality,3rd,R9,L
[2024-12] 09-073-33-000,2024-12,2024,[12] December,"Lakewood, Zamboanga del Sur",[2] Pilot Testing,75%,,,,[B] Developmental,B,09-073-33-000,Lakewood,Zamboanga del Sur,Region IX (Zamboanga Peninsula),Municipality,4th,R9,L
[2024-12] 09-073-25-000,2024-12,2024,[12] December,"San Pablo, Zamboanga del Sur",[2] Pilot Testing,75%,,,,[B] Developmental,B,09-073-25-000,San Pablo,Zamboanga del Sur,Region IX (Zamboanga Peninsula),Municipality,4th*,R9,L
[2024-12] 09-083-15-000,2024-12,2024,[12] December,"Titay, Zamboanga Sibugay",[1] Operational,,,,,[A] Operational,A,09-083-15-000,Titay,Zamboanga Sibugay,Region IX (Zamboanga Peninsula),Municipality,2nd,R9,L
[2024-12] 11-025-03-000,2024-12,2024,[12] December,"Boston, Davao Oriental",[1] Operational,,,,,[A] Operational,A,11-025-03-000,Boston,Davao Oriental,Region XI (Davao Region),Municipality,3rd,R11,P
[2024-12] 11-025-05-000,2024-12,2024,[12] December,"Cateel, Davao Oriental",[1] Operational,,,,,[A] Operational,A,11-025-05-000,Cateel,Davao Oriental,Region XI (Davao Region),Municipality,2nd,R11,P
[2024-12] 11-024-03-000,2024-12,2024,[12] December,"City of Digos, Davao del Sur",[1] Operational,,,,,[A] Operational,B,11-024-03-000,City of Digos,Davao del Sur,Region XI (Davao Region),City,2nd,R11,P
[2024-12] 11-025-09-000,2024-12,2024,[12] December,"City of Mati, Davao Oriental",[1] Operational,,,,,[A] Operational,A,11-025-09-000,City of Mati,Davao Oriental,Region XI (Davao Region),City,5th,R11,P
[2024-12] 11-025-07-000,2024-12,2024,[12] December,"Lupon, Davao Oriental",[1] Operational,,,,,[A] Operational,B,11-025-07-000,Lupon,Davao Oriental,Region XI (Davao Region),Municipality,1st,R11,P
[2024-12] 11-024-08-000,2024-12,2024,[12] December,"Malalag, Davao del Sur",[1] Operational,,,,,[A] Operational,A,11-024-08-000,Malalag,Davao del Sur,Region XI (Davao Region),Municipality,2nd,R11,P
[2024-12] 11-025-08-000,2024-12,2024,[12] December,"Manay, Davao Oriental",[1] Operational,,,,,[A] Operational,A,11-025-08-000,Manay,Davao Oriental,Region XI (Davao Region),Municipality,2nd,R11,P
[2024-12] 11-082-05-000,2024-12,2024,[12] December,"Maragusan, Davao de Oro",[1] Operational,,,,,[A] Operational,B,11-082-05-000,Maragusan,Davao de Oro,Region XI (Davao Region),Municipality,1st,R11,P
[2024-12] 11-024-10-000,2024-12,2024,[12] December,"Matanao, Davao del Sur",[1] Operational,,,,,[A] Operational,A,11-024-10-000,Matanao,Davao del Sur,Region XI (Davao Region),Municipality,2nd,R11,P
[2024-12] 11-024-11-000,2024-12,2024,[12] December,"Padada, Davao del Sur",[1] Operational,,,,,[A] Operational,B,11-024-11-000,Padada,Davao del Sur,Region XI (Davao Region),Municipality,3rd,R11,P
[2024-12] 11-024-14-000,2024-12,2024,[12] December,"Sulop, Davao del Sur",[1] Operational,,,,,[A] Operational,A,11-024-14-000,Sulop,Davao del Sur,Region XI (Davao Region),Municipality,3rd,R11,P
[2024-12] 11-025-11-000,2024-12,2024,[12] December,"Tarragona, Davao Oriental",[1] Operational,,,,,[A] Operational,B,11-025-11-000,Tarragona,Davao Oriental,Region XI (Davao Region),Municipality,3rd,R11,P
[2024-12] 11-025-06-000,2024-12,2024,[12] December,"Governor Generoso, Davao Oriental",[3] Ongoing Data Build-up,100%,,,,[B] Developmental,A,11-025-06-000,Governor Generoso,Davao Oriental,Region XI (Davao Region),Municipality,2nd,R11,P
[2024-12] 11-024-12-000,2024-12,2024,[12] December,"Santa Cruz, Davao del Sur",[3] Ongoing Data Build-up,75%,,,,[B] Developmental,A,11-024-12-000,Santa Cruz,Davao del Sur,Region XI (Davao Region),Municipality,1st,R11,P
[2024-12] 16-068-02-000,2024-12,2024,[12] December,"Bayabas, Surigao del Sur",[1] Operational,,,,,[A] Operational,A,16-068-02-000,Bayabas,Surigao del Sur,Region XIII (Caraga),Municipality,5th,R13,O
[2024-12] 16-068-06-000,2024-12,2024,[12] December,"Carmen, Surigao del Sur",[1] Operational,,,,,[A] Operational,A,16-068-06-000,Carmen,Surigao del Sur,Region XIII (Caraga),Municipality,5th,R13,O
[2024-12] 16-002-07-000,2024-12,2024,[12] December,"Las Nieves, Agusan del Norte",[1] Operational,,,,,[A] Operational,A,16-002-07-000,Las Nieves,Agusan del Norte,Region XIII (Caraga),Municipality,2nd,R13,O
[2024-12] 16-068-12-000,2024-12,2024,[12] December,"Lingig, Surigao del Sur",[7] To Follow-up,,"
Last Status: For Data Buildup",A notice of unutilization was served. Still waiting for response letter,Unresponsive LGU,[C] For Training/Others,B,16-068-12-000,Lingig,Surigao del Sur,Region XIII (Caraga),Municipality,2nd,R13,O
[2024-12] 16-068-15-000,2024-12,2024,[12] December,"San Agustin, Surigao del Sur",[2] Pilot Testing,100%,,,Unresponsive LGU,[B] Developmental,A,16-068-15-000,San Agustin,Surigao del Sur,Region XIII (Caraga),Municipality,4th,R13,O
[2024-12] 16-068-16-000,2024-12,2024,[12] December,"San Miguel, Surigao del Sur",[2] Pilot Testing,95%,,,Unresponsive LGU,[B] Developmental,B,16-068-16-000,San Miguel,Surigao del Sur,Region XIII (Caraga),Municipality,1st,R13,O
[2024-12] 16-067-23-000,2024-12,2024,[12] December,"Socorro, Surigao del Norte",[1] Operational,,,,,[A] Operational,B,16-067-23-000,Socorro,Surigao del Norte,Region XIII (Caraga),Municipality,4th,R13,O
[2024-12] 16-067-25-000,2024-12,2024,[12] December,"Tagana-An, Surigao del Norte",[1] Operational,,,,,[A] Operational,A,16-067-25-000,Tagana-An,Surigao del Norte,Region XIII (Caraga),Municipality,5th*,R13,O
[2024-12] 16-068-17-000,2024-12,2024,[12] December,"Tagbina, Surigao del Sur",[1] Operational,,,,,[A] Operational,A,16-068-17-000,Tagbina,Surigao del Sur,Region XIII (Caraga),Municipality,2nd,R13,O
[2024-12] 16-068-18-000,2024-12,2024,[12] December,"Tago, Surigao del Sur",[1] Operational,,,,,[A] Operational,B,16-068-18-000,Tago,Surigao del Sur,Region XIII (Caraga),Municipality,2nd,R13,O
[2024-12] 16-003-12-000,2024-12,2024,[12] December,"Trento, Agusan del Sur",[2] Pilot Testing,100%,,,,[B] Developmental,B,16-003-12-000,Trento,Agusan del Sur,Region XIII (Caraga),Municipality,1st,R13,O
[2024-12] 16-067-27-000,2024-12,2024,[12] December,"Tubod, Surigao del Norte",[1] Operational,,,,,[A] Operational,A,16-067-27-000,Tubod,Surigao del Norte,Region XIII (Caraga),Municipality,5th,R13,O
[2024-12] 14-032-13-000,2024-12,2024,[12] December,"City of Tabuk, Kalinga",[1] Operational,,,,,[A] Operational,B,14-032-13-000,City of Tabuk,Kalinga,Cordillera Administrative Region (CAR),City,5th,CAR,B
[2024-12] 02-031-03-000,2024-12,2024,[12] December,"Aurora, Isabela",[1] Operational,,,,,[A] Operational,B,02-031-03-000,Aurora,Isabela,Region II (Cagayan Valley),Municipality,3rd,R2,D
[2024-12] 02-031-14-000,2024-12,2024,[12] December,"City of Ilagan, Isabela",[1] Operational,,,,,[A] Operational,A,02-031-14-000,City of Ilagan,Isabela,Region II (Cagayan Valley),City,1st (as Mun),R2,D
[2024-12] 04-056-02-000,2024-12,2024,[12] December,"Alabat, Quezon",[1] Operational,,,,,[A] Operational,B,04-056-02-000,Alabat,Quezon,Region IV-A (CALABARZON),Municipality,5th,R4A,F
[2024-12] 04-021-01-000,2024-12,2024,[12] December,"Alfonso, Cavite",[3] Ongoing Data Build-up,100%,For Launching,,Waiting for LGU Schedule,[B] Developmental,B,04-021-01-000,Alfonso,Cavite,Region IV-A (CALABARZON),Municipality,1st,R4A,F
[2024-12] 04-021-02-000,2024-12,2024,[12] December,"Amadeo, Cavite",[2] Pilot Testing,90%,,,Waiting for decision of LGU if they will use the system,[B] Developmental,B,04-021-02-000,Amadeo,Cavite,Region IV-A (CALABARZON),Municipality,4th,R4A,F
[2024-12] 04-010-03-000,2024-12,2024,[12] December,"Balayan, Batangas",[1] Operational,,,,,[A] Operational,A,04-010-03-000,Balayan,Batangas,Region IV-A (CALABARZON),Municipality,1st,R4A,F
[2024-12] 04-056-08-000,2024-12,2024,[12] December,"Candelaria, Quezon",[1] Operational,,,,,[A] Operational,A,04-056-08-000,Candelaria,Quezon,Region IV-A (CALABARZON),Municipality,1st,R4A,F
[2024-12] 04-034-07-000,2024-12,2024,[12] December,"Cavinti, Laguna",[2] Pilot Testing,100%,For Launching,Continuation of Pilot Testing on July 2,Waiting for LGU Schedule,[B] Developmental,B,04-034-07-000,Cavinti,Laguna,Region IV-A (CALABARZON),Municipality,3rd,R4A,F
[2024-12] 04-056-16-000,2024-12,2024,[12] December,"General Luna, Quezon",[1] Operational,,,,,[A] Operational,B,04-056-16-000,General Luna,Quezon,Region IV-A (CALABARZON),Municipality,4th,R4A,F
[2024-12] 04-056-17-000,2024-12,2024,[12] December,"General Nakar, Quezon",[1] Operational,,,,,[A] Operational,B,04-056-17-000,General Nakar,Quezon,Region IV-A (CALABARZON),Municipality,1st,R4A,F
[2024-12] 04-056-19-000,2024-12,2024,[12] December,"Gumaca, Quezon",[7] To Follow-up,,LGU unresponsive,For visitation,,[C] For Training/Others,B,04-056-19-000,Gumaca,Quezon,Region IV-A (CALABARZON),Municipality,1st,R4A,F
[2024-12] 04-056-20-000,2024-12,2024,[12] December,"Infanta, Quezon",[1] Operational,,,,,[A] Operational,A,04-056-20-000,Infanta,Quezon,Region IV-A (CALABARZON),Municipality,1st,R4A,F
[2024-12] 04-010-12-000,2024-12,2024,[12] December,"Lemery, Batangas",[8] Withdraw,,,,,[D] Withdraw,B,04-010-12-000,Lemery,Batangas,Region IV-A (CALABARZON),Municipality,1st,R4A,F
[2024-12] 04-010-13-000,2024-12,2024,[12] December,"Lian, Batangas",[1] Operational,,,,,[A] Operational,A,04-010-13-000,Lian,Batangas,Region IV-A (CALABARZON),Municipality,3rd,R4A,F
[2024-12] 04-010-16-000,2024-12,2024,[12] December,"Mabini, Batangas",[1] Operational,,,,,[A] Operational,A,04-010-16-000,Mabini,Batangas,Region IV-A (CALABARZON),Municipality,1st,R4A,F
[2024-12] 04-021-12-000,2024-12,2024,[12] December,"Magallanes, Cavite",[1] Operational,,,,,[A] Operational,B,04-021-12-000,Magallanes,Cavite,Region IV-A (CALABARZON),Municipality,4th,R4A,F
[2024-12] 04-056-27-000,2024-12,2024,[12] December,"Mauban, Quezon",[1] Operational,,,,,[A] Operational,A,04-056-27-000,Mauban,Quezon,Region IV-A (CALABARZON),Municipality,1st,R4A,F
[2024-12] 04-021-15-000,2024-12,2024,[12] December,"Naic, Cavite",[1] Operational,,,,,[A] Operational,A,04-021-15-000,Naic,Cavite,Region IV-A (CALABARZON),Municipality,1st,R4A,F
[2024-12] 04-034-18-000,2024-12,2024,[12] December,"Paete, Laguna",[1] Operational,,,,,[A] Operational,B,04-034-18-000,Paete,Laguna,Region IV-A (CALABARZON),Municipality,4th,R4A,F
[2024-12] 04-056-34-000,2024-12,2024,[12] December,"Pitogo, Quezon",[2] Pilot Testing,68%,,,,[B] Developmental,B,04-056-34-000,Pitogo,Quezon,Region IV-A (CALABARZON),Municipality,4th,R4A,F
[2024-12] 04-056-39-000,2024-12,2024,[12] December,"Sampaloc, Quezon",[1] Operational,,,,,[A] Operational,B,04-056-39-000,Sampaloc,Quezon,Region IV-A (CALABARZON),Municipality,5th,R4A,F
[2024-12] 04-010-24-000,2024-12,2024,[12] December,"San Luis, Batangas",[1] Operational,,,,,[A] Operational,B,04-010-24-000,San Luis,Batangas,Region IV-A (CALABARZON),Municipality,4th,R4A,F
[2024-12] 04-010-25-000,2024-12,2024,[12] December,"San Nicolas, Batangas",[1] Operational,,,,"Launched on August 30, 2024",[A] Operational,B,04-010-25-000,San Nicolas,Batangas,Region IV-A (CALABARZON),Municipality,5th,R4A,F
[2024-12] 04-010-27-000,2024-12,2024,[12] December,"Santa Teresita, Batangas",[1] Operational,,,,,[A] Operational,A,04-010-27-000,Santa Teresita,Batangas,Region IV-A (CALABARZON),Municipality,5th,R4A,F
[2024-12] 04-010-29-000,2024-12,2024,[12] December,"Taal, Batangas",[1] Operational,,,,,[A] Operational,A,04-010-29-000,Taal,Batangas,Region IV-A (CALABARZON),Municipality,3rd,R4A,F
[2024-12] 17-052-01-000,2024-12,2024,[12] December,"Baco, Oriental Mindoro",[1] Operational,,,,,[A] Operational,B,17-052-01-000,Baco,Oriental Mindoro,MIMAROPA Region,Municipality,3rd,R4B,G
[2024-12] 17-059-02-000,2024-12,2024,[12] December,"Banton, Romblon",[1] Operational,,,,,[A] Operational,B,17-059-02-000,Banton,Romblon,MIMAROPA Region,Municipality,5th,R4B,G
[2024-12] 17-053-07-000,2024-12,2024,[12] December,"Busuanga, Palawan",[1] Operational,,,,,[A] Operational,A,17-053-07-000,Busuanga,Palawan,MIMAROPA Region,Municipality,3rd,R4B,G
[2024-12] 17-053-09-000,2024-12,2024,[12] December,"Coron, Palawan",[1] Operational,,,,,[A] Operational,B,17-053-09-000,Coron,Palawan,MIMAROPA Region,Municipality,1st,R4B,G
[2024-12] 17-053-12-000,2024-12,2024,[12] December,"El Nido, Palawan",[1] Operational,,,,,[A] Operational,A,17-053-12-000,El Nido,Palawan,MIMAROPA Region,Municipality,1st,R4B,G
[2024-12] 17-059-16-000,2024-12,2024,[12] December,"Ferrol, Romblon",[1] Operational,,,,,[A] Operational,A,17-059-16-000,Ferrol,Romblon,MIMAROPA Region,Municipality,6th,R4B,G
[2024-12] 17-052-06-000,2024-12,2024,[12] December,"Gloria, Oriental Mindoro",[1] Operational,,,,,[A] Operational,B,17-052-06-000,Gloria,Oriental Mindoro,MIMAROPA Region,Municipality,3rd,R4B,G
[2024-12] 17-059-07-000,2024-12,2024,[12] December,"Looc, Romblon",[1] Operational,,,,,[A] Operational,A,17-059-07-000,Looc,Romblon,MIMAROPA Region,Municipality,4th,R4B,G
[2024-12] 17-052-09-000,2024-12,2024,[12] December,"Pinamalayan, Oriental Mindoro",[1] Operational,,,,,[A] Operational,B,17-052-09-000,Pinamalayan,Oriental Mindoro,MIMAROPA Region,Municipality,1st,R4B,G
[2024-12] 17-051-08-000,2024-12,2024,[12] December,"Rizal, Occidental Mindoro",[1] Operational,,,,,[A] Operational,B,17-051-08-000,Rizal,Occidental Mindoro,MIMAROPA Region,Municipality,3rd,R4B,G
[2024-12] 17-051-09-000,2024-12,2024,[12] December,"Sablayan, Occidental Mindoro",[1] Operational,,,,,[A] Operational,A,17-051-09-000,Sablayan,Occidental Mindoro,MIMAROPA Region,Municipality,1st,R4B,G
[2024-12] 17-051-10-000,2024-12,2024,[12] December,"San Jose, Occidental Mindoro",[1] Operational,,,,,[A] Operational,A,17-051-10-000,San Jose,Occidental Mindoro,MIMAROPA Region,Municipality,1st,R4B,G
[2024-12] 17-052-13-000,2024-12,2024,[12] December,"San Teodoro, Oriental Mindoro",[1] Operational,,,,,[A] Operational,B,17-052-13-000,San Teodoro,Oriental Mindoro,MIMAROPA Region,Municipality,4th,R4B,G
[2024-12] 17-053-19-000,2024-12,2024,[12] December,"San Vicente, Palawan",[1] Operational,,,,,[A] Operational,A,17-053-19-000,San Vicente,Palawan,MIMAROPA Region,Municipality,1st,R4B,G
[2024-12] 05-062-02-000,2024-12,2024,[12] December,"Barcelona, Sorsogon",[3] Ongoing Data Build-up,85%,Applicants not familiar with the system and unstable internet connection,,,[B] Developmental,B,05-062-02-000,Barcelona,Sorsogon,Region V (Bicol Region),Municipality,5th,R5,H
[2024-12] 05-016-02-000,2024-12,2024,[12] December,"Capalonga, Camarines Norte",[3] Ongoing Data Build-up,10%,,,,[B] Developmental,B,05-016-02-000,Capalonga,Camarines Norte,Region V (Bicol Region),Municipality,3rd,R5,H
[2024-12] 05-016-05-000,2024-12,2024,[12] December,"Jose Panganiban, Camarines Norte",[3] Ongoing Data Build-up,10%,,,,[B] Developmental,B,05-016-05-000,Jose Panganiban,Camarines Norte,Region V (Bicol Region),Municipality,2nd,R5,H
[2024-12] 05-016-06-000,2024-12,2024,[12] December,"Labo, Camarines Norte",[6] With Concerns,,"concern regarding manual entry of building permit number, due to conflict with complex applications numbering",,,[C] For Training/Others,B,05-016-06-000,Labo,Camarines Norte,Region V (Bicol Region),Municipality,1st,R5,H
[2024-12] 05-016-07-000,2024-12,2024,[12] December,"Mercedes, Camarines Norte",[3] Ongoing Data Build-up,80%,,,,[B] Developmental,B,05-016-07-000,Mercedes,Camarines Norte,Region V (Bicol Region),Municipality,2nd,R5,H
[2024-12] 05-016-11-000,2024-12,2024,[12] December,"Talisay, Camarines Norte",[1] Operational,,,,,[A] Operational,A,05-016-11-000,Talisay,Camarines Norte,Region V (Bicol Region),Municipality,4th,R5,H
[2024-12] 05-005-18-000,2024-12,2024,[12] December,"Tiwi, Albay",[8] Withdraw,,,,,[D] Withdraw,B,05-005-18-000,Tiwi,Albay,Region V (Bicol Region),Municipality,1st,R5,H
[2024-12] 05-016-12-000,2024-12,2024,[12] December,"Vinzons, Camarines Norte",[3] Ongoing Data Build-up,98%,,,,[B] Developmental,B,05-016-12-000,Vinzons,Camarines Norte,Region V (Bicol Region),Municipality,3rd,R5,H
[2024-12] 05-020-11-000,2024-12,2024,[12] December,"Virac, Catanduanes",[6] With Concerns,,May mga need pa po ayusin specially sa mga signatories,,,[C] For Training/Others,B,05-020-11-000,Virac,Catanduanes,Region V (Bicol Region),Municipality,1st,R5,H
[2024-12] 06-030-02-000,2024-12,2024,[12] December,"Alimodian, Iloilo",[1] Operational,,,,,[A] Operational,B,06-030-02-000,Alimodian,Iloilo,Region VI (Western Visayas),Municipality,3rd,R6,I
[2024-12] 06-030-03-000,2024-12,2024,[12] December,"Anilao, Iloilo",[1] Operational,,,,,[A] Operational,B,06-030-03-000,Anilao,Iloilo,Region VI (Western Visayas),Municipality,4th,R6,I
[2024-12] 06-030-05-000,2024-12,2024,[12] December,"Balasan, Iloilo",[1] Operational,,,,,[A] Operational,B,06-030-05-000,Balasan,Iloilo,Region VI (Western Visayas),Municipality,4th,R6,I
[2024-12] 06-006-02-000,2024-12,2024,[12] December,"Barbaza, Antique",[1] Operational,,,,,[A] Operational,B,06-006-02-000,Barbaza,Antique,Region VI (Western Visayas),Municipality,4th,R6,I
[2024-12] 06-030-07-000,2024-12,2024,[12] December,"Barotac Nuevo, Iloilo",[1] Operational,,,,,[A] Operational,B,06-030-07-000,Barotac Nuevo,Iloilo,Region VI (Western Visayas),Municipality,2nd,R6,I
[2024-12] 06-030-08-000,2024-12,2024,[12] December,"Barotac Viejo, Iloilo",[5] For Training,,,,,[C] For Training/Others,B,06-030-08-000,Barotac Viejo,Iloilo,Region VI (Western Visayas),Municipality,3rd,R6,I
[2024-12] 06-030-10-000,2024-12,2024,[12] December,"Bingawan, Iloilo",[1] Operational,,,,,[A] Operational,B,06-030-10-000,Bingawan,Iloilo,Region VI (Western Visayas),Municipality,5th,R6,I
[2024-12] 06-079-01-000,2024-12,2024,[12] December,"Buenavista, Guimaras",[1] Operational,,,,,[A] Operational,B,06-079-01-000,Buenavista,Guimaras,Region VI (Western Visayas),Municipality,2nd,R6,I
[2024-12] 06-006-04-000,2024-12,2024,[12] December,"Bugasong, Antique",[1] Operational,,,,,[A] Operational,A,06-006-04-000,Bugasong,Antique,Region VI (Western Visayas),Municipality,3rd,R6,I
[2024-12] 06-030-12-000,2024-12,2024,[12] December,"Cabatuan, Iloilo",[1] Operational,,,,,[A] Operational,B,06-030-12-000,Cabatuan,Iloilo,Region VI (Western Visayas),Municipality,2nd,R6,I
[2024-12] 06-030-13-000,2024-12,2024,[12] December,"Calinog, Iloilo",[1] Operational,,,,,[A] Operational,A,06-030-13-000,Calinog,Iloilo,Region VI (Western Visayas),Municipality,1st,R6,I
[2024-12] 06-302-00-000,2024-12,2024,[12] December,"City of Bacolod, Negros Occidental",[1] Operational,,,,,[A] Operational,A,06-302-00-000,City of Bacolod,Negros Occidental,Region VI (Western Visayas),City,1st,R6,I
[2024-12] 06-045-10-000,2024-12,2024,[12] December,"City of Himamaylan, Negros Occidental",[1] Operational,,,,,[A] Operational,A,06-045-10-000,City of Himamaylan,Negros Occidental,Region VI (Western Visayas),City,3rd,R6,I
[2024-12] 06-045-15-000,2024-12,2024,[12] December,"City of Kabankalan, Negros Occidental",[1] Operational,,,,,[A] Operational,B,06-045-15-000,City of Kabankalan,Negros Occidental,Region VI (Western Visayas),City,1st,R6,I
[2024-12] 06-045-27-000,2024-12,2024,[12] December,"City of Sipalay, Negros Occidental",[2] Pilot Testing,80%,,,,[B] Developmental,A,06-045-27-000,City of Sipalay,Negros Occidental,Region VI (Western Visayas),City,4th,R6,I
[2024-12] 06-030-15-000,2024-12,2024,[12] December,"Concepcion, Iloilo",[1] Operational,,,,,[A] Operational,B,06-030-15-000,Concepcion,Iloilo,Region VI (Western Visayas),Municipality,3rd,R6,I
[2024-12] 06-030-16-000,2024-12,2024,[12] December,"Dingle, Iloilo",[1] Operational,,,,,[A] Operational,A,06-030-16-000,Dingle,Iloilo,Region VI (Western Visayas),Municipality,3rd,R6,I
[2024-12] 06-045-11-000,2024-12,2024,[12] December,"Hinigaran, Negros Occidental",[1] Operational,,,,,[A] Operational,B,06-045-11-000,Hinigaran,Negros Occidental,Region VI (Western Visayas),Municipality,1st,R6,I
[2024-12] 06-030-23-000,2024-12,2024,[12] December,"Janiuay, Iloilo",[1] Operational,,,,,[A] Operational,B,06-030-23-000,Janiuay,Iloilo,Region VI (Western Visayas),Municipality,1st,R6,I
[2024-12] 06-030-25-000,2024-12,2024,[12] December,"Lambunao, Iloilo",[5] For Training,,,,,[C] For Training/Others,B,06-030-25-000,Lambunao,Iloilo,Region VI (Western Visayas),Municipality,1st,R6,I
[2024-12] 06-006-09-000,2024-12,2024,[12] December,"Laua-An, Antique",[1] Operational,,,,,[A] Operational,A,06-006-09-000,Laua-An,Antique,Region VI (Western Visayas),Municipality,4th,R6,I
[2024-12] 06-006-10-000,2024-12,2024,[12] December,"Libertad, Antique",[1] Operational,,,,,[A] Operational,A,06-006-10-000,Libertad,Antique,Region VI (Western Visayas),Municipality,5th,R6,I
[2024-12] 06-045-18-000,2024-12,2024,[12] December,"Manapla, Negros Occidental",[1] Operational,,,,,[A] Operational,B,06-045-18-000,Manapla,Negros Occidental,Region VI (Western Visayas),Municipality,2nd,R6,I
[2024-12] 06-030-30-000,2024-12,2024,[12] December,"Miagao, Iloilo",[5] For Training,,,,,[C] For Training/Others,B,06-030-30-000,Miagao,Iloilo,Region VI (Western Visayas),Municipality,1st,R6,I
[2024-12] 06-030-31-000,2024-12,2024,[12] December,"Mina, Iloilo",[1] Operational,,,,,[A] Operational,A,06-030-31-000,Mina,Iloilo,Region VI (Western Visayas),Municipality,5th,R6,I
[2024-12] 06-045-19-000,2024-12,2024,[12] December,"Moises Padilla, Negros Occidental",[1] Operational,,,,,[A] Operational,B,06-045-19-000,Moises Padilla,Negros Occidental,Region VI (Western Visayas),Municipality,3rd,R6,I
[2024-12] 06-030-32-000,2024-12,2024,[12] December,"New Lucena, Iloilo",[1] Operational,,,,,[A] Operational,B,06-030-32-000,New Lucena,Iloilo,Region VI (Western Visayas),Municipality,4th,R6,I
[2024-12] 06-004-15-000,2024-12,2024,[12] December,"New Washington, Aklan",[1] Operational,,,,,[A] Operational,A,06-004-15-000,New Washington,Aklan,Region VI (Western Visayas),Municipality,3rd,R6,I
[2024-12] 06-030-34-000,2024-12,2024,[12] December,"Oton, Iloilo",[8] Withdraw,,,,,[D] Withdraw,B,06-030-34-000,Oton,Iloilo,Region VI (Western Visayas),Municipality,1st,R6,I
[2024-12] 06-006-11-000,2024-12,2024,[12] December,"Pandan, Antique",[1] Operational,,,,,[A] Operational,A,06-006-11-000,Pandan,Antique,Region VI (Western Visayas),Municipality,4th,R6,I
[2024-12] 06-006-12-000,2024-12,2024,[12] December,"Patnongon, Antique",[1] Operational,,,,,[A] Operational,A,06-006-12-000,Patnongon,Antique,Region VI (Western Visayas),Municipality,3rd,R6,I
[2024-12] 06-030-40-000,2024-12,2024,[12] December,"San Joaquin, Iloilo",[5] For Training,,,,,[C] For Training/Others,B,06-030-40-000,San Joaquin,Iloilo,Region VI (Western Visayas),Municipality,2nd,R6,I
[2024-12] 06-006-14-000,2024-12,2024,[12] December,"San Remigio, Antique",[1] Operational,,,,,[A] Operational,#N/A,06-006-14-000,San Remigio,Antique,Region VI (Western Visayas),Municipality,3rd,R6,I
[2024-12] 06-030-43-000,2024-12,2024,[12] December,"Santa Barbara, Iloilo",[1] Operational,,,,,[A] Operational,B,06-030-43-000,Santa Barbara,Iloilo,Region VI (Western Visayas),Municipality,2nd,R6,I
[2024-12] 06-019-15-000,2024-12,2024,[12] December,"Sapi-An, Capiz",[1] Operational,,,,,[A] Operational,A,06-019-15-000,Sapi-An,Capiz,Region VI (Western Visayas),Municipality,4th,R6,I
[2024-12] 06-030-44-000,2024-12,2024,[12] December,"Sara, Iloilo",[1] Operational,,,,,[A] Operational,B,06-030-44-000,Sara,Iloilo,Region VI (Western Visayas),Municipality,2nd,R6,I
[2024-12] 06-006-15-000,2024-12,2024,[12] December,"Sebaste, Antique",[5] For Training,,,,,[C] For Training/Others,B,06-006-15-000,Sebaste,Antique,Region VI (Western Visayas),Municipality,4th,R6,I
[2024-12] 06-004-17-000,2024-12,2024,[12] December,"Tangalan, Aklan",[1] Operational,,,,,[A] Operational,A,06-004-17-000,Tangalan,Aklan,Region VI (Western Visayas),Municipality,5th,R6,I
[2024-12] 06-019-17-000,2024-12,2024,[12] December,"Tapaz, Capiz",[1] Operational,,,,,[A] Operational,A,06-019-17-000,Tapaz,Capiz,Region VI (Western Visayas),Municipality,1st,R6,I
[2024-12] 06-006-07-000,2024-12,2024,[12] December,"Tobias Fornier, Antique",[8] Withdraw,,,,,[D] Withdraw,B,06-006-07-000,Tobias Fornier,Antique,Region VI (Western Visayas),Municipality,4th,R6,I
[2024-12] 06-030-47-000,2024-12,2024,[12] December,"Zarraga, Iloilo",[5] For Training,,,,,[C] For Training/Others,B,06-030-47-000,Zarraga,Iloilo,Region VI (Western Visayas),Municipality,4th,R6,I
[2024-12] 01-028-05-000,2024-12,2024,[12] December,"City of Batac, Ilocos Norte",[1] Operational,,,,,[A] Operational,B,01-028-05-000,City of Batac,Ilocos Norte,Region I (Ilocos Region),City,5th,R1,C
[2024-12] 01-028-12-000,2024-12,2024,[12] December,"City of Laoag, Ilocos Norte",[5] For Training,,Waiting for the SB Resolution,For Follow-up,,[C] For Training/Others,B,01-028-12-000,City of Laoag,Ilocos Norte,Region I (Ilocos Region),City,3rd,R1,C
[2024-12] 01-055-19-000,2024-12,2024,[12] December,"Dasol, Pangasinan",[7] To Follow-up,,for schedule of training,For Follow-up,,[C] For Training/Others,B,01-055-19-000,Dasol,Pangasinan,Region I (Ilocos Region),Municipality,3rd,R1,C
[2024-12] 01-055-48-000,2024-12,2024,[12] December,"Laoac, Pangasinan",[7] To Follow-up,,for schedule of training,For Follow-up,,[C] For Training/Others,B,01-055-48-000,Laoac,Pangasinan,Region I (Ilocos Region),Municipality,4th,R1,C
[2024-12] 01-055-30-000,2024-12,2024,[12] December,"Pozorrubio, Pangasinan",[5] For Training,,,For Follow-up,,[C] For Training/Others,B,01-055-30-000,Pozorrubio,Pangasinan,Region I (Ilocos Region),Municipality,1st,R1,C
[2024-12] 01-029-18-000,2024-12,2024,[12] December,"San Esteban, Ilocos Sur",[5] For Training,,,For Follow-up,,[C] For Training/Others,B,01-029-18-000,San Esteban,Ilocos Sur,Region I (Ilocos Region),Municipality,5th,R1,C
[2024-12] 03-049-01-000,2024-12,2024,[12] December,"Aliaga, Nueva Ecija",[8] Withdraw,,,,,[D] Withdraw,B,03-049-01-000,Aliaga,Nueva Ecija,Region III (Central Luzon),Municipality,2nd,R3,E
[2024-12] 03-054-03-000,2024-12,2024,[12] December,"Arayat, Pampanga",[1] Operational,,,,,[A] Operational,A,03-054-03-000,Arayat,Pampanga,Region III (Central Luzon),Municipality,1st,R3,E
[2024-12] 03-077-01-000,2024-12,2024,[12] December,"Baler, Aurora",[1] Operational,,,,,[A] Operational,A,03-077-01-000,Baler,Aurora,Region III (Central Luzon),Municipality,3rd,R3,E
[2024-12] 03-049-04-000,2024-12,2024,[12] December,"Cabiao, Nueva Ecija",[3] Ongoing Data Build-up,88%,Requesting for refresher training,,,[B] Developmental,B,03-049-04-000,Cabiao,Nueva Ecija,Region III (Central Luzon),Municipality,1st,R3,E
[2024-12] 03-077-02-000,2024-12,2024,[12] December,"Casiguran, Aurora",[1] Operational,,,,,[A] Operational,A,03-077-02-000,Casiguran,Aurora,Region III (Central Luzon),Municipality,2nd,R3,E
[2024-12] 03-014-12-000,2024-12,2024,[12] December,"City of Meycauayan, Bulacan",[8] Withdraw,,"Withdrawal Letter - Meycauayan City, Bulacan",Last Status Ongoing Data Build-up 25%,,[D] Withdraw,B,03-014-12-000,City of Meycauayan,Bulacan,Region III (Central Luzon),City,3rd,R3,E
[2024-12] 03-314-00-000,2024-12,2024,[12] December,"City of Olongapo, Zambales",[3] Ongoing Data Build-up,60%,lack of Staff,For Visitation,,[B] Developmental,B,03-314-00-000,City of Olongapo,Zambales,Region III (Central Luzon),City,1st,R3,E
[2024-12] 03-049-19-000,2024-12,2024,[12] December,"City of Palayan, Nueva Ecija",[2] Pilot Testing,50%,,for visitation,,[B] Developmental,B,03-049-19-000,City of Palayan,Nueva Ecija,Region III (Central Luzon),City,5th,R3,E
[2024-12] 03-077-05-000,2024-12,2024,[12] December,"Dingalan, Aurora",[2] Pilot Testing,99%,,,,[B] Developmental,B,03-077-05-000,Dingalan,Aurora,Region III (Central Luzon),Municipality,3rd,R3,E
[2024-12] 03-077-06-000,2024-12,2024,[12] December,"Dipaculao, Aurora",[1] Operational,,,,,[A] Operational,B,03-077-06-000,Dipaculao,Aurora,Region III (Central Luzon),Municipality,3rd,R3,E
[2024-12] 03-049-07-000,2024-12,2024,[12] December,"Gabaldon, Nueva Ecija",[2] Pilot Testing,70%,Requesting for refresher training,for visitation,,[B] Developmental,B,03-049-07-000,Gabaldon,Nueva Ecija,Region III (Central Luzon),Municipality,4th,R3,E
[2024-12] 03-069-06-000,2024-12,2024,[12] December,"Gerona, Tarlac",[1] Operational,,,,,[A] Operational,B,03-069-06-000,Gerona,Tarlac,Region III (Central Luzon),Municipality,1st,R3,E
[2024-12] 03-071-05-000,2024-12,2024,[12] December,"Iba, Zambales",[2] Pilot Testing,78%,for launching phase,for visitation,,[B] Developmental,B,03-071-05-000,Iba,Zambales,Region III (Central Luzon),Municipality,2nd,R3,E
[2024-12] 03-008-06-000,2024-12,2024,[12] December,"Limay, Bataan",[6] With Concerns,,Internet connectivity issue and new staff,"Sent Notice Letter, awaiting for their reply
Intends to withdraw",,[C] For Training/Others,B,03-008-06-000,Limay,Bataan,Region III (Central Luzon),Municipality,1st,R3,E
[2024-12] 03-054-10-000,2024-12,2024,[12] December,"Macabebe, Pampanga",[6] With Concerns,,New LGU Staff and Internet connectivity issue,"intended to withdraw
waiting for the withdrawal letter",,[C] For Training/Others,B,03-054-10-000,Macabebe,Pampanga,Region III (Central Luzon),Municipality,1st,R3,E
[2024-12] 03-077-07-000,2024-12,2024,[12] December,"Maria Aurora, Aurora",[1] Operational,,,,,[A] Operational,A,03-077-07-000,Maria Aurora,Aurora,Region III (Central Luzon),Municipality,2nd,R3,E
[2024-12] 03-014-13-000,2024-12,2024,[12] December,"Norzagaray, Bulacan",[1] Operational,,,,,[A] Operational,A,03-014-13-000,Norzagaray,Bulacan,Region III (Central Luzon),Municipality,1st,R3,E
[2024-12] 03-071-09-000,2024-12,2024,[12] December,"San Antonio, Zambales",[2] Pilot Testing,96%,,renovation of municipal hall,,[B] Developmental,B,03-071-09-000,San Antonio,Zambales,Region III (Central Luzon),Municipality,2nd,R3,E
[2024-12] 03-054-17-000,2024-12,2024,[12] December,"San Luis, Pampanga",[6] With Concerns,,"Still on process of familiarizing the whole system
for pilot testing 30%
Unresponsive LGU",for visitation,,[C] For Training/Others,B,03-054-17-000,San Luis,Pampanga,Region III (Central Luzon),Municipality,3rd,R3,E
[2024-12] 03-071-12-000,2024-12,2024,[12] December,"San Narciso, Zambales",[1] Operational,,,,,[A] Operational,A,03-071-12-000,San Narciso,Zambales,Region III (Central Luzon),Municipality,4th,R3,E
[2024-12] 03-069-15-000,2024-12,2024,[12] December,"Santa Ignacia, Tarlac",[1] Operational,,,,,[A] Operational,A,03-069-15-000,Santa Ignacia,Tarlac,Region III (Central Luzon),Municipality,2nd,R3,E
[2024-12] 03-049-32-000,2024-12,2024,[12] December,"Zaragoza, Nueva Ecija",[2] Pilot Testing,99%,,for launching phase,,[B] Developmental,B,03-049-32-000,Zaragoza,Nueva Ecija,Region III (Central Luzon),Municipality,3rd,R3,E
[2024-12] 10-035-01-000,2024-12,2024,[12] December,"Bacolod, Lanao del Norte",[1] Operational,,,,,[A] Operational,B,10-035-01-000,Bacolod,Lanao del Norte,Region X (Northern Mindanao),Municipality,4th,R10,N
[2024-12] 10-042-03-000,2024-12,2024,[12] December,"Bonifacio, Misamis Occidental",[7] To Follow-up,,No reply on the continuation of refresher's training,to assess onsite,,[C] For Training/Others,B,10-042-03-000,Bonifacio,Misamis Occidental,Region X (Northern Mindanao),Municipality,4th,R10,N
[2024-12] 10-042-04-000,2024-12,2024,[12] December,"Calamba, Misamis Occidental",[1] Operational,,,,,[A] Operational,A,10-042-04-000,Calamba,Misamis Occidental,Region X (Northern Mindanao),Municipality,4th,R10,N
[2024-12] 10-018-01-000,2024-12,2024,[12] December,"Catarman, Camiguin",[2] Pilot Testing,100%,,,,[B] Developmental,B,10-018-01-000,Catarman,Camiguin,Region X (Northern Mindanao),Municipality,5th,R10,N
[2024-12] 10-043-08-000,2024-12,2024,[12] December,"City of Gingoog, Misamis Oriental",[1] Operational,,,,,[A] Operational,A,10-043-08-000,City of Gingoog,Misamis Oriental,Region X (Northern Mindanao),City,2nd,R10,N
[2024-12] 10-042-15-000,2024-12,2024,[12] December,"City of Tangub, Misamis Occidental",[5] For Training,,,,,[C] For Training/Others,B,10-042-15-000,City of Tangub,Misamis Occidental,Region X (Northern Mindanao),City,4th,R10,N
[2024-12] 10-042-05-000,2024-12,2024,[12] December,"Clarin, Misamis Occidental",[5] For Training,,,,,[C] For Training/Others,B,10-042-05-000,Clarin,Misamis Occidental,Region X (Northern Mindanao),Municipality,4th,R10,N
[2024-12] 10-043-06-000,2024-12,2024,[12] December,"Claveria, Misamis Oriental",[1] Operational,,,,,[A] Operational,A,10-043-06-000,Claveria,Misamis Oriental,Region X (Northern Mindanao),Municipality,1st,R10,N
[2024-12] 10-043-11-000,2024-12,2024,[12] December,"Jasaan, Misamis Oriental",[1] Operational,,,,,[A] Operational,B,10-043-11-000,Jasaan,Misamis Oriental,Region X (Northern Mindanao),Municipality,2nd,R10,N
[2024-12] 10-035-05-000,2024-12,2024,[12] December,"Kapatagan, Lanao del Norte",[1] Operational,,,,,[A] Operational,A,10-035-05-000,Kapatagan,Lanao del Norte,Region X (Northern Mindanao),Municipality,2nd,R10,N
[2024-12] 10-043-13-000,2024-12,2024,[12] December,"Lagonglong, Misamis Oriental",[1] Operational,,,,,[A] Operational,A,10-043-13-000,Lagonglong,Misamis Oriental,Region X (Northern Mindanao),Municipality,5th,R10,N
[2024-12] 10-043-15-000,2024-12,2024,[12] December,"Libertad, Misamis Oriental",[1] Operational,,,,,[A] Operational,B,10-043-15-000,Libertad,Misamis Oriental,Region X (Northern Mindanao),Municipality,5th,R10,N
[2024-12] 10-035-12-000,2024-12,2024,[12] December,"Maigo, Lanao del Norte",[1] Operational,,,,,[A] Operational,A,10-035-12-000,Maigo,Lanao del Norte,Region X (Northern Mindanao),Municipality,4th,R10,N
[2024-12] 10-043-18-000,2024-12,2024,[12] December,"Manticao, Misamis Oriental",[1] Operational,,,,,[A] Operational,B,10-043-18-000,Manticao,Misamis Oriental,Region X (Northern Mindanao),Municipality,4th,R10,N
[2024-12] 10-042-12-000,2024-12,2024,[12] December,"Plaridel, Misamis Occidental",[1] Operational,,,,,[A] Operational,A,10-042-12-000,Plaridel,Misamis Occidental,Region X (Northern Mindanao),Municipality,3rd,R10,N
[2024-12] 10-043-22-000,2024-12,2024,[12] December,"Salay, Misamis Oriental",[1] Operational,,,,,[A] Operational,A,10-043-22-000,Salay,Misamis Oriental,Region X (Northern Mindanao),Municipality,4th,R10,N
[2024-12] 10-042-14-000,2024-12,2024,[12] December,"Sinacaban, Misamis Occidental",[1] Operational,,,,,[A] Operational,A,10-042-14-000,Sinacaban,Misamis Occidental,Region X (Northern Mindanao),Municipality,5th,R10,N
[2024-12] 10-043-24-000,2024-12,2024,[12] December,"Tagoloan, Misamis Oriental",[8] Withdraw,,Responded. Lack of Manpower,,,[D] Withdraw,B,10-043-24-000,Tagoloan,Misamis Oriental,Region X (Northern Mindanao),Municipality,1st,R10,N
[2024-12] 10-043-25-000,2024-12,2024,[12] December,"Talisayan, Misamis Oriental",[1] Operational,,,,,[A] Operational,B,10-043-25-000,Talisayan,Misamis Oriental,Region X (Northern Mindanao),Municipality,4th,R10,N
[2024-12] 10-035-22-000,2024-12,2024,[12] December,"Tubod, Lanao del Norte",[2] Pilot Testing,70%,"Still at 70%, no movement in adding applications",To assess onsite,,[B] Developmental,B,10-035-22-000,Tubod,Lanao del Norte,Region X (Northern Mindanao),Municipality,2nd,R10,N
[2024-12] 10-042-01-000,2024-12,2024,[12] December,"Aloran, Misamis Occidental",[2] Pilot Testing,100%,,,,[B] Developmental,A,10-042-01-000,Aloran,Misamis Occidental,Region X (Northern Mindanao),Municipality,4th,R10,N
[2024-12] 10-018-03-000,2024-12,2024,[12] December,"Mahinog, Camiguin",[2] Pilot Testing,100%,,,,[B] Developmental,#N/A,10-018-03-000,Mahinog,Camiguin,Region X (Northern Mindanao),Municipality,5th,R10,N
[2024-12] 10-043-20-000,2024-12,2024,[12] December,"Naawan, Misamis Oriental",[2] Pilot Testing,100%,,,,[B] Developmental,#N/A,10-043-20-000,Naawan,Misamis Oriental,Region X (Northern Mindanao),Municipality,4th,R10,N
[2024-12] 12-065-01-000,2024-12,2024,[12] December,"Bagumbayan, Sultan Kudarat",[3] Ongoing Data Build-up,85%,,,,[B] Developmental,B,12-065-01-000,Bagumbayan,Sultan Kudarat,Region XII (SOCCSKSARGEN),Municipality,1st,R12,Q
[2024-12] 12-047-04-000,2024-12,2024,[12] December,"City of Kidapawan, Cotabato",[1] Operational,,,,,[A] Operational,A,12-047-04-000,City of Kidapawan,Cotabato,Region XII (SOCCSKSARGEN),City,3rd,R12,Q
[2024-12] 12-047-03-000,2024-12,2024,[12] December,"Kabacan, Cotabato",[1] Operational,,,,,[A] Operational,A,12-047-03-000,Kabacan,Cotabato,Region XII (SOCCSKSARGEN),Municipality,1st,R12,Q
[2024-12] 12-065-06-000,2024-12,2024,[12] December,"Lebak, Sultan Kudarat",[7] To Follow-up,,URESPONSIVE,,,[C] For Training/Others,B,12-065-06-000,Lebak,Sultan Kudarat,Region XII (SOCCSKSARGEN),Municipality,1st,R12,Q
[2024-12] 12-047-09-000,2024-12,2024,[12] December,"Midsayap, Cotabato",[1] Operational,,,,,[A] Operational,B,12-047-09-000,Midsayap,Cotabato,Region XII (SOCCSKSARGEN),Municipality,1st,R12,Q
[2024-12] 12-047-12-000,2024-12,2024,[12] December,"Pikit, Cotabato",[1] Operational,,,,,[A] Operational,B,12-047-12-000,Pikit,Cotabato,Region XII (SOCCSKSARGEN),Municipality,1st,R12,Q
[2024-12] 19-087-13-000,2024-12,2024,[12] December,"Upi, Maguindanao del Norte",[1] Operational,,,,,[A] Operational,A,19-087-13-000,Upi,Maguindanao del Norte,Bangsamoro Autonomous Region In Muslim Mindanao (BARMM),Municipality,1st,BARMM II,R