LGU PROFILE,,,LGU PROFILE,,,,,,,,,,,,,DECEMBER 2024,,,January 2025,,,February 2025,,,March 2025,,,April 2025,,,May 2025,,,June 2025,,,July 2025,,,August 2025,,,September 2025,,,October 2025,,,November 2025,,,December 2025,,
GEOCODE,,LGU FULL NAME,NAME,PROVINCE,REGION,LEVEL,INCOME CLASS,DICT RO,MPAR,SORT,,,NEW ENVIRONMENT PRODUCTION INSTANCE,PRODUCTION INSTANCE,ACCOMP PERIOD,STATUS,USTATUS,REMARKS,STATUS,USTATUS,REMARKS,STATUS,USTATUS,REMARKS,STATUS,USTATUS,REMARKS,STATUS,USTATUS,REMARKS,STATUS,USTATUS,REMARKS,STATUS,USTATUS,REMARKS,STATUS,USTATUS,REMARKS,STATUS,USTATUS,REMARKS,STATUS,USTATUS,REMARKS,STATUS,USTATUS,REMARKS,STATUS,USTATUS,REMARKS,STATUS,USTATUS,REMARKS
NEW,OLD,,,,,,,,,,STATUS,REMARKS,,,,2024-12,2024-12,2024-12,2025-01,2025-01,2025-01,2025-02,2025-02,2025-02,2025-03,2025-03,2025-03,2025-05,2025-05,2025-05,2025-05,2025-05,2025-05,2025-06,2025-06,2025-06,2025-07,2025-07,2025-07,2025-08,2025-08,2025-08,2025-09,2025-09,2025-09,2025-10,2025-10,2025-10,2025-11,2025-11,2025-11,2025-12,2025-12,2025-12
GCODE,OLD GEOCODE,LGU FULL NAME,NAME,PROVINCE,REGION,LEVEL,INCOME CLASS,DICT RO,MPAR,SORT,MOA STATUS,MOA REMARKS,INSTANCE,INSTANCE,ACCOMP PERIOD,2024-12,2024-12,2024-12,2024-01,2024-01,2024-01,2025-02,2025-02,2025-02,2025-03,2025-03,2025-03,2025-04,2025-04,2025-04,2025-05,2025-05,2025-05,2025-06,2025-06,2025-06,2025-07,2025-07,2025-07,2025-08,2025-08,2025-08,2025-09,2025-09,2025-09,2025-10,2025-10,2025-10,2025-11,2025-11,2025-11,2025-12,2025-12,2025-12
17-053-01-000,17-53-01-000,"Aborlan, Palawan",Aborlan,Palawan,MIMAROPA Region,Municipality,1st,R4B,A,G,#REF!,#REF!,https://bpbc.ibpls.com/aborlanpalawan,https://prod.ebpls.com/aborlanpalawan/,2022-12,#N/A,#N/A,#N/A,[1] Operational,[A] Operational,,[1] Operational,[A] Operational,,[1] Operational,[A] Operational,,[1] Operational,[A] Operational,,[1] Operational,[A] Operational,,[1] Operational,[A] Operational,,[1] Operational,[A] Operational,,#N/A,#N/A,#N/A,#N/A,#N/A,#N/A,#N/A,#N/A,#N/A,#N/A,#N/A,#N/A,#N/A,#N/A,#N/A
17-051-01-000,17-51-01-000,"Abra De Ilog, Occidental Mindoro",Abra De Ilog,Occidental Mindoro,MIMAROPA Region,Municipality,2nd,R4B,B,G,#REF!,#REF!,https://bpbc.ibpls.com/abradeilogoccidentalmindoro,https://prod.ebpls.com/abradeilogoccidentalmindoro,,#N/A,#N/A,#N/A,[1] Operational,[A] Operational,,[1] Operational,[A] Operational,,[1] Operational,[A] Operational,,[1] Operational,[A] Operational,,[1] Operational,[A] Operational,,[1] Operational,[A] Operational,,[1] Operational,[A] Operational,,#N/A,#N/A,#N/A,#N/A,#N/A,#N/A,#N/A,#N/A,#N/A,#N/A,#N/A,#N/A,#N/A,#N/A,#N/A
03-008-01-000,03-08-01-000,"Abucay, Bataan",Abucay,Bataan,Region III (Central Luzon),Municipality,3rd,R3,B,E,#REF!,#REF!,https://bpbc.ibpls.com/abucaybataan,https://prod.ebpls.com/abucaybataan/.php/login,,#N/A,#N/A,#N/A,[8] Withdraw,[D] Withdraw,"LGU Abucay, Bataan - Withdrawal Letter.pdf",[8] Withdraw,[D] Withdraw,"LGU Abucay, Bataan - Withdrawal Letter.pdf",[8] Withdraw,[D] Withdraw,"LGU Abucay, Bataan - Withdrawal Letter.pdf",[8] Withdraw,[D] Withdraw,"LGU Abucay, Bataan - Withdrawal Letter.pdf",[8] Withdraw,[D] Withdraw,"LGU Abucay, Bataan - Withdrawal Letter.pdf",[8] Withdraw,[D] Withdraw,"LGU Abucay, Bataan - Withdrawal Letter.pdf",[8] Withdraw,[D] Withdraw,"LGU Abucay, Bataan - Withdrawal Letter.pdf",#N/A,#N/A,#N/A,#N/A,#N/A,#N/A,#N/A,#N/A,#N/A,#N/A,#N/A,#N/A,#N/A,#N/A,#N/A
08-037-01-000,08-37-01-000,"Abuyog, Leyte",Abuyog,Leyte,Region VIII (Eastern Visayas),Municipality,1st*,R8,A,K,#REF!,#REF!,https://bpbc.ibpls.com/abuyogleyte,https://prod.ebpls.com/abuyogleyte,2022-12,#N/A,#N/A,#N/A,[1] Operational,[A] Operational,Normal Operations,[1] Operational,[A] Operational,,[1] Operational,[A] Operational,Normal Operations,[1] Operational,[A] Operational,Normal Operations,[1] Operational,[A] Operational,Normal Operations,[1] Operational,[A] Operational,Normal Operations,[1] Operational,[A] Operational,Normal Operations,#N/A,#N/A,#N/A,#N/A,#N/A,#N/A,#N/A,#N/A,#N/A,#N/A,#N/A,#N/A,#N/A,#N/A,#N/A
02-015-01-000,02-15-01-000,"Abulug, Cagayan",Abulug,Cagayan,Region II (Cagayan Valley),Municipality,3rd,R2,B,D,#REF!,#REF!,,https://prod.ebpls.com/abulugcagayan,,#N/A,#N/A,#N/A,[8] Withdraw,[D] Withdraw,Letter of Withdrawal_Abulug Cagayan.pdf,[8] Withdraw,[D] Withdraw,Letter of Withdrawal_Abulug Cagayan.pdf,[8] Withdraw,[D] Withdraw,Letter of Withdrawal_Abulug Cagayan.pdf,[8] Withdraw,[D] Withdraw,Letter of Withdrawal_Abulug Cagayan.pdf,[8] Withdraw,[D] Withdraw,Letter of Withdrawal_Abulug Cagayan.pdf,[8] Withdraw,[D] Withdraw,Letter of Withdrawal_Abulug Cagayan.pdf,[8] Withdraw,[D] Withdraw,Letter of Withdrawal_Abulug Cagayan.pdf,#N/A,#N/A,#N/A,#N/A,#N/A,#N/A,#N/A,#N/A,#N/A,#N/A,#N/A,#N/A,#N/A,#N/A,#N/A
01-028-01-000,01-28-01-000,"Adams, Ilocos Norte",Adams,Ilocos Norte,Region I (Ilocos Region),Municipality,5th,R1,A,C,#REF!,#REF!,https://bpbc.ibpls.com/adamsilocosnorte,https://prod.ebpls.com/adamsilocosnorte,2022-12,#N/A,#N/A,#N/A,[1] Operational,[A] Operational,,[1] Operational,[A] Operational,,[1] Operational,[A] Operational,,[1] Operational,[A] Operational,,[1] Operational,[A] Operational,,[1] Operational,[A] Operational,,[1] Operational,[A] Operational,,#N/A,#N/A,#N/A,#N/A,#N/A,#N/A,#N/A,#N/A,#N/A,#N/A,#N/A,#N/A,#N/A,#N/A,#N/A
02-057-01-000,02-57-01-000,"Aglipay, Quirino",Aglipay,Quirino,Region II (Cagayan Valley),Municipality,3rd,R2,A,D,#REF!,#REF!,https://bpbc.ibpls.com/aglipayquirino,https://prod.ebpls.com/aglipayquirino,2022-12,#N/A,#N/A,#N/A,[1] Operational,[A] Operational,,[1] Operational,[A] Operational,,[1] Operational,[A] Operational,,[1] Operational,[A] Operational,,[1] Operational,[A] Operational,,[1] Operational,[A] Operational,,[1] Operational,[A] Operational,,#N/A,#N/A,#N/A,#N/A,#N/A,#N/A,#N/A,#N/A,#N/A,#N/A,#N/A,#N/A,#N/A,#N/A,#N/A
04-010-01-000,04-10-01-000,"Agoncillo, Batangas",Agoncillo,Batangas,Region IV-A (CALABARZON),Municipality,4th,R4A,B,F,#REF!,#REF!,https://bpbc.ibpls.com/agoncillobatangas,https://prod.ebpls.com/agoncillobatangas,2023-01,#N/A,#N/A,#N/A,[1] Operational,[A] Operational,,[1] Operational,[A] Operational,,[1] Operational,[A] Operational,,[1] Operational,[A] Operational,,[1] Operational,[A] Operational,,[1] Operational,[A] Operational,,[1] Operational,[A] Operational,,#N/A,#N/A,#N/A,#N/A,#N/A,#N/A,#N/A,#N/A,#N/A,#N/A,#N/A,#N/A,#N/A,#N/A,#N/A
01-033-01-000,01-33-01-000,"Agoo, La Union",Agoo,La Union,Region I (Ilocos Region),Municipality,1st,R1,A,C,#REF!,#REF!,https://bpbc.ibpls.com/agoolaunion,https://prod.ebpls.com/agoolaunion,2022-12,#N/A,#N/A,#N/A,[1] Operational,[A] Operational,,[1] Operational,[A] Operational,,[1] Operational,[A] Operational,,[1] Operational,[A] Operational,,[1] Operational,[A] Operational,,[1] Operational,[A] Operational,,[1] Operational,[A] Operational,,#N/A,#N/A,#N/A,#N/A,#N/A,#N/A,#N/A,#N/A,#N/A,#N/A,#N/A,#N/A,#N/A,#N/A,#N/A
01-055-02-000,01-55-02-000,"Aguilar, Pangasinan",Aguilar,Pangasinan,Region I (Ilocos Region),Municipality,3rd,R1,A,C,#REF!,#REF!,https://bpbc.ibpls.com/aguilarpangasinan,https://prod.ebpls.com/aguilarpangasinan,2022-12,#N/A,#N/A,#N/A,[1] Operational,[A] Operational,,[1] Operational,[A] Operational,,[1] Operational,[A] Operational,,[1] Operational,[A] Operational,,[1] Operational,[A] Operational,,[1] Operational,[A] Operational,,[1] Operational,[A] Operational,,#N/A,#N/A,#N/A,#N/A,#N/A,#N/A,#N/A,#N/A,#N/A,#N/A,#N/A,#N/A,#N/A,#N/A,#N/A
14-027-08-000,14-27-08-000,"Aguinaldo, Ifugao",Aguinaldo,Ifugao,Cordillera Administrative Region (CAR),Municipality,2nd,CAR,A,B,#REF!,#REF!,https://bpbc.ibpls.com/aguinaldoifugao,https://prod.ebpls.com/aguinaldoifugao,2022-12,#N/A,#N/A,#N/A,[1] Operational,[A] Operational,,[1] Operational,[A] Operational,,[1] Operational,[A] Operational,,[1] Operational,[A] Operational,,[1] Operational,[A] Operational,,[1] Operational,[A] Operational,,[1] Operational,[A] Operational,,#N/A,#N/A,#N/A,#N/A,#N/A,#N/A,#N/A,#N/A,#N/A,#N/A,#N/A,#N/A,#N/A,#N/A,#N/A
06-030-01-000,06-30-01-000,"Ajuy, Iloilo",Ajuy,Iloilo,Region VI (Western Visayas),Municipality,2nd,R6,A,I,#REF!,#REF!,https://bpbc.ibpls.com/ajuyiloilo,https://prod.ebpls.com/ajuyiloilo,2022-12,#N/A,#N/A,#N/A,[1] Operational,[A] Operational,,[1] Operational,[A] Operational,,[1] Operational,[A] Operational,,[1] Operational,[A] Operational,,[1] Operational,[A] Operational,,[1] Operational,[A] Operational,,[1] Operational,[A] Operational,,#N/A,#N/A,#N/A,#N/A,#N/A,#N/A,#N/A,#N/A,#N/A,#N/A,#N/A,#N/A,#N/A,#N/A,#N/A
04-056-02-000,04-56-02-000,"Alabat, Quezon",Alabat,Quezon,Region IV-A (CALABARZON),Municipality,5th,R4A,A,F,#REF!,#REF!,https://bpbc.ibpls.com/alabatquezon,https://prod.ebpls.com/alabatquezon,2022-12,#N/A,#N/A,#N/A,[1] Operational,[A] Operational,,[1] Operational,[A] Operational,,[1] Operational,[A] Operational,,[1] Operational,[A] Operational,,[1] Operational,[A] Operational,,[1] Operational,[A] Operational,,[1] Operational,[A] Operational,,#N/A,#N/A,#N/A,#N/A,#N/A,#N/A,#N/A,#N/A,#N/A,#N/A,#N/A,#N/A,#N/A,#N/A,#N/A
12-080-01-000,12-80-01-000,"Alabel, Sarangani",Alabel,Sarangani,Region XII (SOCCSKSARGEN),Municipality,1st,R12,A,Q,#REF!,#REF!,https://bpbc.ibpls.com/alabelsarangani,https://prod.ebpls.com/alabelsarangani,2022-12,#N/A,#N/A,#N/A,[1] Operational,[A] Operational,,[1] Operational,[A] Operational,,[1] Operational,[A] Operational,,[1] Operational,[A] Operational,,[1] Operational,[A] Operational,,[1] Operational,[A] Operational,,[1] Operational,[A] Operational,,#N/A,#N/A,#N/A,#N/A,#N/A,#N/A,#N/A,#N/A,#N/A,#N/A,#N/A,#N/A,#N/A,#N/A,#N/A
12-047-01-000,12-47-01-000,"Alamada, Cotabato",Alamada,Cotabato,Region XII (SOCCSKSARGEN),Municipality,1st,R12,A,Q,#REF!,#REF!,https://bpbc.ibpls.com/alamadacotabato,https://prod.ebpls.com/alamadacotabato,2022-12,#N/A,#N/A,#N/A,[1] Operational,[A] Operational,,[1] Operational,[A] Operational,,[1] Operational,[A] Operational,,[1] Operational,[A] Operational,,[1] Operational,[A] Operational,,[1] Operational,[A] Operational,,[1] Operational,[A] Operational,,#N/A,#N/A,#N/A,#N/A,#N/A,#N/A,#N/A,#N/A,#N/A,#N/A,#N/A,#N/A,#N/A,#N/A,#N/A
08-037-02-000,08-37-02-000,"Alangalang, Leyte",Alangalang,Leyte,Region VIII (Eastern Visayas),Municipality,2nd,R8,A,K,#REF!,#REF!,https://bpbc.ibpls.com/alangalangleyte,https://prod.ebpls.com/alangalangleyte,2022-12,#N/A,#N/A,#N/A,[1] Operational,[A] Operational,Normal Operations,[1] Operational,[A] Operational,,[1] Operational,[A] Operational,Normal Operations,[1] Operational,[A] Operational,Normal Operations,[1] Operational,[A] Operational,Normal Operations,[1] Operational,[A] Operational,Normal Operations,[1] Operational,[A] Operational,Normal Operations,#N/A,#N/A,#N/A,#N/A,#N/A,#N/A,#N/A,#N/A,#N/A,#N/A,#N/A,#N/A,#N/A,#N/A,#N/A
08-037-03-000,08-37-03-000,"Albuera, Leyte",Albuera,Leyte,Region VIII (Eastern Visayas),Municipality,3rd*,R8,A,K,#REF!,#REF!,https://bpbc.ibpls.com/albueraleyte,https://prod.ebpls.com/albueraleyte,2022-12,#N/A,#N/A,#N/A,[1] Operational,[A] Operational,,[1] Operational,[A] Operational,,[1] Operational,[A] Operational,Normal Operations,[1] Operational,[A] Operational,Normal Operations,[1] Operational,[A] Operational,Normal Operations,[1] Operational,[A] Operational,Normal Operations,[1] Operational,[A] Operational,,#N/A,#N/A,#N/A,#N/A,#N/A,#N/A,#N/A,#N/A,#N/A,#N/A,#N/A,#N/A,#N/A,#N/A,#N/A
07-022-01-000,07-22-01-000,"Alcantara, Cebu",Alcantara,Cebu,Region VII (Central Visayas),Municipality,5th,R7,A,J,#REF!,#REF!,https://bpbc.ibpls.com/alcantaracebu,https://prod.ebpls.com/alcantaracebu,2022-12,#N/A,#N/A,#N/A,[1] Operational,[A] Operational,,[1] Operational,[A] Operational,,[1] Operational,[A] Operational,,[1] Operational,[A] Operational,,[1] Operational,[A] Operational,,[1] Operational,[A] Operational,,[1] Operational,[A] Operational,,#N/A,#N/A,#N/A,#N/A,#N/A,#N/A,#N/A,#N/A,#N/A,#N/A,#N/A,#N/A,#N/A,#N/A,#N/A
17-059-01-000,17-59-01-000,"Alcantara, Romblon",Alcantara,Romblon,MIMAROPA Region,Municipality,5th,R4B,A,G,#REF!,#REF!,https://bpbc.ibpls.com/alcantararomblon,https://prod.ebpls.com/alcantararomblon,2022-12,#N/A,#N/A,#N/A,[1] Operational,[A] Operational,,[1] Operational,[A] Operational,,[1] Operational,[A] Operational,,[1] Operational,[A] Operational,,[1] Operational,[A] Operational,,[1] Operational,[A] Operational,,[1] Operational,[A] Operational,,#N/A,#N/A,#N/A,#N/A,#N/A,#N/A,#N/A,#N/A,#N/A,#N/A,#N/A,#N/A,#N/A,#N/A,#N/A
07-022-02-000,07-22-02-000,"Alcoy, Cebu",Alcoy,Cebu,Region VII (Central Visayas),Municipality,5th,R7,A,J,#REF!,#REF!,https://bpbc.ibpls.com/alcoycebu,https://prod.ebpls.com/alcoycebu,2022-12,#N/A,#N/A,#N/A,[1] Operational,[A] Operational,,[1] Operational,[A] Operational,,[1] Operational,[A] Operational,,[1] Operational,[A] Operational,,[1] Operational,[A] Operational,,[1] Operational,[A] Operational,,[1] Operational,[A] Operational,,#N/A,#N/A,#N/A,#N/A,#N/A,#N/A,#N/A,#N/A,#N/A,#N/A,#N/A,#N/A,#N/A,#N/A,#N/A
07-022-03-000,07-22-03-000,"Alegria, Cebu",Alegria,Cebu,Region VII (Central Visayas),Municipality,4th,R7,A,J,#REF!,#REF!,https://bpbc.ibpls.com/alegriacebu,https://prod.ebpls.com/alegriacebu,2022-12,#N/A,#N/A,#N/A,[1] Operational,[A] Operational,,[1] Operational,[A] Operational,,[1] Operational,[A] Operational,,[1] Operational,[A] Operational,,[1] Operational,[A] Operational,,[1] Operational,[A] Operational,,[1] Operational,[A] Operational,,#N/A,#N/A,#N/A,#N/A,#N/A,#N/A,#N/A,#N/A,#N/A,#N/A,#N/A,#N/A,#N/A,#N/A,#N/A
16-067-01-000,16-67-01-000,"Alegria, Surigao del Norte",Alegria,Surigao del Norte,Region XIII (Caraga),Municipality,5th,R13,A,O,#REF!,#REF!,https://bpbc.ibpls.com/alegriasurigaodelnorte,https://prod.ebpls.com/alegriasurigaodelnorte,2022-12,#N/A,#N/A,#N/A,[1] Operational,[A] Operational,,[1] Operational,[A] Operational,,[1] Operational,[A] Operational,,[1] Operational,[A] Operational,,[1] Operational,[A] Operational,,[1] Operational,[A] Operational,,[1] Operational,[A] Operational,,#N/A,#N/A,#N/A,#N/A,#N/A,#N/A,#N/A,#N/A,#N/A,#N/A,#N/A,#N/A,#N/A,#N/A,#N/A
12-047-17-000,12-47-17-000,"Aleosan, Cotabato",Aleosan,Cotabato,Region XII (SOCCSKSARGEN),Municipality,3rd,R12,A,Q,#REF!,#REF!,https://bpbc.ibpls.com/aleosancotabato,https://prod.ebpls.com/aleosannorthcotabato/.php/login,2022-12,#N/A,#N/A,#N/A,[1] Operational,[A] Operational,,[1] Operational,[A] Operational,,[1] Operational,[A] Operational,,[1] Operational,[A] Operational,,[1] Operational,[A] Operational,,[1] Operational,[A] Operational,,[1] Operational,[A] Operational,,#N/A,#N/A,#N/A,#N/A,#N/A,#N/A,#N/A,#N/A,#N/A,#N/A,#N/A,#N/A,#N/A,#N/A,#N/A
02-050-15-000,02-50-15-000,"Alfonso Castaneda, Nueva Vizcaya",Alfonso Castaneda,Nueva Vizcaya,Region II (Cagayan Valley),Municipality,1st,R2,A,D,#REF!,#REF!,https://bpbc.ibpls.com/alfonsocastanedanuevavizcaya,https://prod.ebpls.com/alfonsocastanedanuevavizcaya,2022-12,#N/A,#N/A,#N/A,[1] Operational,[A] Operational,,[1] Operational,[A] Operational,,[1] Operational,[A] Operational,,[1] Operational,[A] Operational,,[1] Operational,[A] Operational,,[1] Operational,[A] Operational,,[1] Operational,[A] Operational,,#N/A,#N/A,#N/A,#N/A,#N/A,#N/A,#N/A,#N/A,#N/A,#N/A,#N/A,#N/A,#N/A,#N/A,#N/A
14-027-07-000,14-27-07-000,"Alfonso Lista, Ifugao",Alfonso Lista,Ifugao,Cordillera Administrative Region (CAR),Municipality,3rd,CAR,A,B,#REF!,#REF!,https://bpbc.ibpls.com/alfonsolistaifugao,https://prod.ebpls.com/alfonsolistaifugao,2022-12,#N/A,#N/A,#N/A,[1] Operational,[A] Operational,,[1] Operational,[A] Operational,,[1] Operational,[A] Operational,,[1] Operational,[A] Operational,,[1] Operational,[A] Operational,,[1] Operational,[A] Operational,,[1] Operational,[A] Operational,,#N/A,#N/A,#N/A,#N/A,#N/A,#N/A,#N/A,#N/A,#N/A,#N/A,#N/A,#N/A,#N/A,#N/A,#N/A
07-012-03-000,07-12-03-000,"Anda, Bohol",Anda,Bohol,Region VII (Central Visayas),Municipality,5th,R7,B,J,#REF!,#REF!,,NO INSTANCE,,#N/A,#N/A,#N/A,[8] Withdraw,[D] Withdraw,,[8] Withdraw,[D] Withdraw,,[8] Withdraw,[D] Withdraw,,[8] Withdraw,[D] Withdraw,,[8] Withdraw,[D] Withdraw,,[8] Withdraw,[D] Withdraw,,[8] Withdraw,[D] Withdraw,,#N/A,#N/A,#N/A,#N/A,#N/A,#N/A,#N/A,#N/A,#N/A,#N/A,#N/A,#N/A,#N/A,#N/A,#N/A
04-021-01-000,04-21-01-000,"Alfonso, Cavite",Alfonso,Cavite,Region IV-A (CALABARZON),Municipality,1st,R4A,B,F,#REF!,#REF!,https://bpbc.ibpls.com/alfonsocavite,https://prod.ebpls.com/alfonsocavite,2023-01,#N/A,#N/A,#N/A,[1] Operational,[A] Operational,,[1] Operational,[A] Operational,,[1] Operational,[A] Operational,,[1] Operational,[A] Operational,,[1] Operational,[A] Operational,,[1] Operational,[A] Operational,,[1] Operational,[A] Operational,,#N/A,#N/A,#N/A,#N/A,#N/A,#N/A,#N/A,#N/A,#N/A,#N/A,#N/A,#N/A,#N/A,#N/A,#N/A
03-049-01-000,03-49-01-000,"Aliaga, Nueva Ecija",Aliaga,Nueva Ecija,Region III (Central Luzon),Municipality,2nd,R3,A,E,#REF!,#REF!,https://bpbc.ibpls.com/aliaganuevaecija,https://prod.ebpls.com/aliaganuevaecija,2022-12,#N/A,#N/A,#N/A,[1] Operational,[A] Operational,,[1] Operational,[A] Operational,,[1] Operational,[A] Operational,,[1] Operational,[A] Operational,,[1] Operational,[A] Operational,,[1] Operational,[A] Operational,,[1] Operational,[A] Operational,,#N/A,#N/A,#N/A,#N/A,#N/A,#N/A,#N/A,#N/A,#N/A,#N/A,#N/A,#N/A,#N/A,#N/A,#N/A
02-031-01-000,02-31-01-000,"Alicia, Isabela",Alicia,Isabela,Region II (Cagayan Valley),Municipality,1st,R2,B,D,#REF!,#REF!,https://bpbc.ibpls.com/aliciaisabela,https://prod.ebpls.com/aliciaisabela,2023-01,#N/A,#N/A,#N/A,[1] Operational,[A] Operational,,[1] Operational,[A] Operational,,[1] Operational,[A] Operational,,[1] Operational,[A] Operational,,[1] Operational,[A] Operational,,[1] Operational,[A] Operational,,[1] Operational,[A] Operational,,#N/A,#N/A,#N/A,#N/A,#N/A,#N/A,#N/A,#N/A,#N/A,#N/A,#N/A,#N/A,#N/A,#N/A,#N/A
06-030-02-000,06-30-02-000,"Alimodian, Iloilo",Alimodian,Iloilo,Region VI (Western Visayas),Municipality,3rd,R6,A,I,#REF!,#REF!,https://bpbc.ibpls.com/alimodianiloilo,https://prod.ebpls.com/alimodianiloilo,2022-12,#N/A,#N/A,#N/A,[1] Operational,[A] Operational,,[1] Operational,[A] Operational,,[1] Operational,[A] Operational,,[1] Operational,[A] Operational,,[1] Operational,[A] Operational,,[1] Operational,[A] Operational,,[1] Operational,[A] Operational,,#N/A,#N/A,#N/A,#N/A,#N/A,#N/A,#N/A,#N/A,#N/A,#N/A,#N/A,#N/A,#N/A,#N/A,#N/A
04-010-02-000,04-10-02-000,"Alitagtag, Batangas",Alitagtag,Batangas,Region IV-A (CALABARZON),Municipality,4th,R4A,A,F,#REF!,#REF!,https://bpbc.ibpls.com/alitagtagbatangas,https://prod.ebpls.com/alitagtagbatangas,2022-12,#N/A,#N/A,#N/A,[1] Operational,[A] Operational,,[1] Operational,[A] Operational,,[1] Operational,[A] Operational,,[1] Operational,[A] Operational,,[1] Operational,[A] Operational,,[1] Operational,[A] Operational,,[1] Operational,[A] Operational,,#N/A,#N/A,#N/A,#N/A,#N/A,#N/A,#N/A,#N/A,#N/A,#N/A,#N/A,#N/A,#N/A,#N/A,#N/A
02-015-03-000,02-15-03-000,"Allacapan, Cagayan",Allacapan,Cagayan,Region II (Cagayan Valley),Municipality,3rd,R2,A,D,#REF!,#REF!,https://bpbc.ibpls.com/allacapancagayan,https://prod.ebpls.com/allacapancagayan,2022-12,#N/A,#N/A,#N/A,[1] Operational,[A] Operational,,[1] Operational,[A] Operational,,[1] Operational,[A] Operational,,[1] Operational,[A] Operational,,[1] Operational,[A] Operational,,[1] Operational,[A] Operational,,[1] Operational,[A] Operational,,#N/A,#N/A,#N/A,#N/A,#N/A,#N/A,#N/A,#N/A,#N/A,#N/A,#N/A,#N/A,#N/A,#N/A,#N/A
08-078-01-000,08-78-01-000,"Almeria, Biliran",Almeria,Biliran,Region VIII (Eastern Visayas),Municipality,5th,R8,B,K,#REF!,#REF!,https://bpbc.ibpls.com/almeriabiliran,https://prod.ebpls.com/almeriabiliran,,#N/A,#N/A,#N/A,[1] Operational,[A] Operational,Normal Operations,[1] Operational,[A] Operational,,[1] Operational,[A] Operational,Normal Operations,[1] Operational,[A] Operational,Normal Operations,[1] Operational,[A] Operational,Normal Operations,[1] Operational,[A] Operational,Normal Operations,[1] Operational,[A] Operational,Normal Operations,#N/A,#N/A,#N/A,#N/A,#N/A,#N/A,#N/A,#N/A,#N/A,#N/A,#N/A,#N/A,#N/A,#N/A,#N/A
07-022-04-000,07-22-04-000,"Aloguinsan, Cebu",Aloguinsan,Cebu,Region VII (Central Visayas),Municipality,4th,R7,A,J,#REF!,#REF!,https://bpbc.ibpls.com/aloguinsancebu,https://prod.ebpls.com/aloguinsancebu,2022-12,#N/A,#N/A,#N/A,[1] Operational,[A] Operational,,[1] Operational,[A] Operational,,[1] Operational,[A] Operational,,[1] Operational,[A] Operational,,[1] Operational,[A] Operational,,[1] Operational,[A] Operational,,[1] Operational,[A] Operational,,#N/A,#N/A,#N/A,#N/A,#N/A,#N/A,#N/A,#N/A,#N/A,#N/A,#N/A,#N/A,#N/A,#N/A,#N/A
10-042-01-000,10-42-01-000,"Aloran, Misamis Occidental",Aloran,Misamis Occidental,Region X (Northern Mindanao),Municipality,4th,R10,A,N,#REF!,#REF!,https://bpbc.ibpls.com/aloranmisamisoccidental,https://prod.ebpls.com/aloranmisamisoccidental,2022-12,#N/A,#N/A,#N/A,[1] Operational,[A] Operational,,[1] Operational,[A] Operational,,[1] Operational,[A] Operational,,[1] Operational,[A] Operational,,[1] Operational,[A] Operational,,[1] Operational,[A] Operational,,[1] Operational,[A] Operational,,#N/A,#N/A,#N/A,#N/A,#N/A,#N/A,#N/A,#N/A,#N/A,#N/A,#N/A,#N/A,#N/A,#N/A,#N/A
10-043-01-000,10-43-01-000,"Alubijid, Misamis Oriental",Alubijid,Misamis Oriental,Region X (Northern Mindanao),Municipality,4th,R10,B,N,#REF!,#REF!,https://bpbc.ibpls.com/alubijidmisamisoriental,https://prod.ebpls.com/alubijidmisamisoriental,,#N/A,#N/A,#N/A,[1] Operational,[A] Operational,,[1] Operational,[A] Operational,,[1] Operational,[A] Operational,,[1] Operational,[A] Operational,,[1] Operational,[A] Operational,,[1] Operational,[A] Operational,,[1] Operational,[A] Operational,,#N/A,#N/A,#N/A,#N/A,#N/A,#N/A,#N/A,#N/A,#N/A,#N/A,#N/A,#N/A,#N/A,#N/A,#N/A
04-021-02-000,04-21-02-000,"Amadeo, Cavite",Amadeo,Cavite,Region IV-A (CALABARZON),Municipality,4th,R4A,A,F,#REF!,#REF!,https://bpbc.ibpls.com/amadeocavite,https://prod.ebpls.com/amadeocavite,2022-12,#N/A,#N/A,#N/A,[1] Operational,[A] Operational,,[1] Operational,[A] Operational,,[1] Operational,[A] Operational,,[1] Operational,[A] Operational,,[1] Operational,[A] Operational,,[1] Operational,[A] Operational,,[1] Operational,[A] Operational,,#N/A,#N/A,#N/A,#N/A,#N/A,#N/A,#N/A,#N/A,#N/A,#N/A,#N/A,#N/A,#N/A,#N/A,#N/A
02-050-01-000,02-50-01-000,"Ambaguio, Nueva Vizcaya",Ambaguio,Nueva Vizcaya,Region II (Cagayan Valley),Municipality,5th,R2,A,D,#REF!,#REF!,https://bpbc.ibpls.com/ambaguionuevavizcaya,https://prod.ebpls.com/ambaguionuevavizcaya,2022-12,#N/A,#N/A,#N/A,[1] Operational,[A] Operational,,[1] Operational,[A] Operational,,[1] Operational,[A] Operational,,[1] Operational,[A] Operational,,[1] Operational,[A] Operational,,[1] Operational,[A] Operational,,[1] Operational,[A] Operational,,#N/A,#N/A,#N/A,#N/A,#N/A,#N/A,#N/A,#N/A,#N/A,#N/A,#N/A,#N/A,#N/A,#N/A,#N/A
07-046-01-000,07-46-01-000,"Amlan, Negros Oriental",Amlan,Negros Oriental,Region VII (Central Visayas),Municipality,4th,R7,B,J,#REF!,#REF!,https://bpbc.ibpls.com/amlannegrosoriental,https://prod.ebpls.com/amlannegrosoriental,,#N/A,#N/A,#N/A,[1] Operational,[A] Operational,,[1] Operational,[A] Operational,,[1] Operational,[A] Operational,,[1] Operational,[A] Operational,,[1] Operational,[A] Operational,,[1] Operational,[A] Operational,,[1] Operational,[A] Operational,,#N/A,#N/A,#N/A,#N/A,#N/A,#N/A,#N/A,#N/A,#N/A,#N/A,#N/A,#N/A,#N/A,#N/A,#N/A
19-088-01-000,15-38-01-000,"Ampatuan, Maguindanao del Sur",Ampatuan,Maguindanao del Sur,Bangsamoro Autonomous Region In Muslim Mindanao (BARMM),Municipality,4th,BARMM II,A,R,#REF!,#REF!,https://bpbc.ibpls.com/ampatuanmaguindanaodelsur,https://prod.ebpls.com/ampatuanmaguindanao,2022-12,#N/A,#N/A,#N/A,[1] Operational,[A] Operational,,[1] Operational,[A] Operational,,[1] Operational,[A] Operational,,[1] Operational,[A] Operational,,[1] Operational,[A] Operational,,[1] Operational,[A] Operational,,[1] Operational,[A] Operational,,#N/A,#N/A,#N/A,#N/A,#N/A,#N/A,#N/A,#N/A,#N/A,#N/A,#N/A,#N/A,#N/A,#N/A,#N/A
02-015-04-000,02-15-04-000,"Amulung, Cagayan",Amulung,Cagayan,Region II (Cagayan Valley),Municipality,2nd,R2,A,D,#REF!,#REF!,https://bpbc.ibpls.com/amulungcagayan,https://prod.ebpls.com/amulungcagayan/,2022-12,#N/A,#N/A,#N/A,[1] Operational,[A] Operational,,[1] Operational,[A] Operational,,[1] Operational,[A] Operational,,[1] Operational,[A] Operational,,[1] Operational,[A] Operational,,[1] Operational,[A] Operational,,[1] Operational,[A] Operational,,#N/A,#N/A,#N/A,#N/A,#N/A,#N/A,#N/A,#N/A,#N/A,#N/A,#N/A,#N/A,#N/A,#N/A,#N/A
08-064-01-000,08-64-01-000,"Anahawan, Southern Leyte",Anahawan,Southern Leyte,Region VIII (Eastern Visayas),Municipality,5th,R8,A,K,#REF!,#REF!,https://bpbc.ibpls.com/anahawansouthernleyte,https://prod.ebpls.com/anahawansouthernleyte,2022-12,#N/A,#N/A,#N/A,[1] Operational,[A] Operational,,[1] Operational,[A] Operational,,[1] Operational,[A] Operational,Normal Operations,[1] Operational,[A] Operational,Normal Operations,[1] Operational,[A] Operational,Normal Operations,[1] Operational,[A] Operational,Normal Operations,[1] Operational,[A] Operational,Normal Operations,#N/A,#N/A,#N/A,#N/A,#N/A,#N/A,#N/A,#N/A,#N/A,#N/A,#N/A,#N/A,#N/A,#N/A,#N/A
03-069-01-000,03-69-01-000,"Anao, Tarlac",Anao,Tarlac,Region III (Central Luzon),Municipality,5th,R3,A,E,#REF!,#REF!,https://bpbc.ibpls.com/anaotarlac,https://prod.ebpls.com/anaotarlac/.php/login,2022-12,#N/A,#N/A,#N/A,[1] Operational,[A] Operational,,[1] Operational,[A] Operational,,[1] Operational,[A] Operational,,[1] Operational,[A] Operational,,[1] Operational,[A] Operational,,[1] Operational,[A] Operational,,[1] Operational,[A] Operational,,#N/A,#N/A,#N/A,#N/A,#N/A,#N/A,#N/A,#N/A,#N/A,#N/A,#N/A,#N/A,#N/A,#N/A,#N/A
01-055-05-000,01-55-05-000,"Anda, Pangasinan",Anda,Pangasinan,Region I (Ilocos Region),Municipality,3rd,R1,B,C,#REF!,#REF!,https://bpbc.ibpls.com/andapangasinan,https://prod.ebpls.com/andapangasinan,,#N/A,#N/A,#N/A,[1] Operational,[A] Operational,,[1] Operational,[A] Operational,,[1] Operational,[A] Operational,,[1] Operational,[A] Operational,,[1] Operational,[A] Operational,,[1] Operational,[A] Operational,,[1] Operational,[A] Operational,,#N/A,#N/A,#N/A,#N/A,#N/A,#N/A,#N/A,#N/A,#N/A,#N/A,#N/A,#N/A,#N/A,#N/A,#N/A
02-031-02-000,02-31-02-000,"Angadanan, Isabela",Angadanan,Isabela,Region II (Cagayan Valley),Municipality,3rd,R2,B,D,#REF!,#REF!,https://bpbc.ibpls.com/angadananisabela,https://prod.ebpls.com/angadananisabela,2023-01,#N/A,#N/A,#N/A,[1] Operational,[A] Operational,,[1] Operational,[A] Operational,,[1] Operational,[A] Operational,,[1] Operational,[A] Operational,,[1] Operational,[A] Operational,,[1] Operational,[A] Operational,,[1] Operational,[A] Operational,,#N/A,#N/A,#N/A,#N/A,#N/A,#N/A,#N/A,#N/A,#N/A,#N/A,#N/A,#N/A,#N/A,#N/A,#N/A
06-030-03-000,06-30-03-000,"Anilao, Iloilo",Anilao,Iloilo,Region VI (Western Visayas),Municipality,4th,R6,A,I,#REF!,#REF!,https://bpbc.ibpls.com/anilaoiloilo,https://prod.ebpls.com/anilaoiloilo,2022-12,#N/A,#N/A,#N/A,[1] Operational,[A] Operational,,[1] Operational,[A] Operational,,[1] Operational,[A] Operational,,[1] Operational,[A] Operational,,[1] Operational,[A] Operational,,[1] Operational,[A] Operational,,[1] Operational,[A] Operational,,#N/A,#N/A,#N/A,#N/A,#N/A,#N/A,#N/A,#N/A,#N/A,#N/A,#N/A,#N/A,#N/A,#N/A,#N/A
06-006-01-000,06-06-01-000,"Anini-Y, Antique",Anini-Y,Antique,Region VI (Western Visayas),Municipality,4th,R6,A,I,#REF!,#REF!,https://bpbc.ibpls.com/aniniyantique,https://prod.ebpls.com/anini-yantique,2022-12,#N/A,#N/A,#N/A,[1] Operational,[A] Operational,,[1] Operational,[A] Operational,,[1] Operational,[A] Operational,,[1] Operational,[A] Operational,,[1] Operational,[A] Operational,,[1] Operational,[A] Operational,,[1] Operational,[A] Operational,,#N/A,#N/A,#N/A,#N/A,#N/A,#N/A,#N/A,#N/A,#N/A,#N/A,#N/A,#N/A,#N/A,#N/A,#N/A
12-047-15-000,12-47-15-000,"Antipas, Cotabato",Antipas,Cotabato,Region XII (SOCCSKSARGEN),Municipality,2nd,R12,A,Q,#REF!,#REF!,https://bpbc.ibpls.com/antipascotabato,https://prod.ebpls.com/antipasnorthcotabato,2022-12,#N/A,#N/A,#N/A,[1] Operational,[A] Operational,,[1] Operational,[A] Operational,,[1] Operational,[A] Operational,,[1] Operational,[A] Operational,,[1] Operational,[A] Operational,,[1] Operational,[A] Operational,,[1] Operational,[A] Operational,,#N/A,#N/A,#N/A,#N/A,#N/A,#N/A,#N/A,#N/A,#N/A,#N/A,#N/A,#N/A,#N/A,#N/A,#N/A
03-054-02-000,03-54-02-000,"Apalit, Pampanga",Apalit,Pampanga,Region III (Central Luzon),Municipality,1st,R3,A,E,#REF!,#REF!,https://bpbc.ibpls.com/apalitpampanga,https://prod.ebpls.com/apalitpampanga/.php/login,2022-12,#N/A,#N/A,#N/A,[1] Operational,[A] Operational,,[1] Operational,[A] Operational,,[1] Operational,[A] Operational,,[1] Operational,[A] Operational,,[1] Operational,[A] Operational,,[1] Operational,[A] Operational,,[1] Operational,[A] Operational,,#N/A,#N/A,#N/A,#N/A,#N/A,#N/A,#N/A,#N/A,#N/A,#N/A,#N/A,#N/A,#N/A,#N/A,#N/A
02-015-05-000,02-15-05-000,"Aparri, Cagayan",Aparri,Cagayan,Region II (Cagayan Valley),Municipality,1st,R2,B,D,#REF!,#REF!,https://bpbc.ibpls.com/aparricagayan,https://prod.ebpls.com/aparricagayan,2023-01,#N/A,#N/A,#N/A,[1] Operational,[A] Operational,,[1] Operational,[A] Operational,,[1] Operational,[A] Operational,,[1] Operational,[A] Operational,,[1] Operational,[A] Operational,,[1] Operational,[A] Operational,,[1] Operational,[A] Operational,,#N/A,#N/A,#N/A,#N/A,#N/A,#N/A,#N/A,#N/A,#N/A,#N/A,#N/A,#N/A,#N/A,#N/A,#N/A
12-047-18-000,12-47-18-000,"Arakan, Cotabato",Arakan,Cotabato,Region XII (SOCCSKSARGEN),Municipality,1st,R12,B,Q,#REF!,#REF!,https://bpbc.ibpls.com/arakancotabato,https://prod.ebpls.com/arakancotabato,,#N/A,#N/A,#N/A,[1] Operational,[A] Operational,Operational but no Launching Ceremony,[1] Operational,[A] Operational,Operational but no Launching Ceremony,[1] Operational,[A] Operational,,[1] Operational,[A] Operational,,[1] Operational,[A] Operational,,[1] Operational,[A] Operational,,[1] Operational,[A] Operational,,#N/A,#N/A,#N/A,#N/A,#N/A,#N/A,#N/A,#N/A,#N/A,#N/A,#N/A,#N/A,#N/A,#N/A,#N/A
03-054-03-000,03-54-03-000,"Arayat, Pampanga",Arayat,Pampanga,Region III (Central Luzon),Municipality,1st,R3,B,E,#REF!,#REF!,https://bpbc.ibpls.com/arayatpampanga,https://prod.ebpls.com/arayatpampanga/.php/login,2022-12,#N/A,#N/A,#N/A,[1] Operational,[A] Operational,,[1] Operational,[A] Operational,,[1] Operational,[A] Operational,,[1] Operational,[A] Operational,,[1] Operational,[A] Operational,,[1] Operational,[A] Operational,,[1] Operational,[A] Operational,,#N/A,#N/A,#N/A,#N/A,#N/A,#N/A,#N/A,#N/A,#N/A,#N/A,#N/A,#N/A,#N/A,#N/A,#N/A
07-022-05-000,07-22-05-000,"Argao, Cebu",Argao,Cebu,Region VII (Central Visayas),Municipality,1st,R7,A,J,#REF!,#REF!,https://bpbc.ibpls.com/argaocebu,https://prod.ebpls.com/argaocebu,2022-12,#N/A,#N/A,#N/A,[1] Operational,[A] Operational,,[1] Operational,[A] Operational,,[1] Operational,[A] Operational,,[1] Operational,[A] Operational,,[1] Operational,[A] Operational,,[1] Operational,[A] Operational,,[1] Operational,[A] Operational,,#N/A,#N/A,#N/A,#N/A,#N/A,#N/A,#N/A,#N/A,#N/A,#N/A,#N/A,#N/A,#N/A,#N/A,#N/A
01-033-02-000,01-33-02-000,"Aringay, La Union",Aringay,La Union,Region I (Ilocos Region),Municipality,2nd,R1,A,C,#REF!,#REF!,https://bpbc.ibpls.com/aringaylaunion,https://prod.ebpls.com/aringaylaunion,2022-12,#N/A,#N/A,#N/A,[1] Operational,[A] Operational,,[1] Operational,[A] Operational,,[1] Operational,[A] Operational,,[1] Operational,[A] Operational,,[1] Operational,[A] Operational,,[1] Operational,[A] Operational,,[1] Operational,[A] Operational,,#N/A,#N/A,#N/A,#N/A,#N/A,#N/A,#N/A,#N/A,#N/A,#N/A,#N/A,#N/A,#N/A,#N/A,#N/A
02-050-02-000,02-50-02-000,"Aritao, Nueva Vizcaya",Aritao,Nueva Vizcaya,Region II (Cagayan Valley),Municipality,2nd,R2,A,D,#REF!,#REF!,https://bpbc.ibpls.com/aritaonuevavizcaya,https://prod.ebpls.com/aritaonuevavizcaya/,2022-12,#N/A,#N/A,#N/A,[1] Operational,[A] Operational,,[1] Operational,[A] Operational,,[1] Operational,[A] Operational,,[1] Operational,[A] Operational,,[1] Operational,[A] Operational,,[1] Operational,[A] Operational,,[1] Operational,[A] Operational,,#N/A,#N/A,#N/A,#N/A,#N/A,#N/A,#N/A,#N/A,#N/A,#N/A,#N/A,#N/A,#N/A,#N/A,#N/A
05-017-01-000,05-17-01-000,"Baao, Camarines Sur",Baao,Camarines Sur,Region V (Bicol Region),Municipality,3rd,R5,B,H,#REF!,#REF!,,https://prod.ebpls.com/baaocamarinessur,,#N/A,#N/A,#N/A,[8] Withdraw,[D] Withdraw,,[8] Withdraw,[D] Withdraw,,[8] Withdraw,[D] Withdraw,,[8] Withdraw,[D] Withdraw,,[8] Withdraw,[D] Withdraw,,[8] Withdraw,[D] Withdraw,,[8] Withdraw,[D] Withdraw,,#N/A,#N/A,#N/A,#N/A,#N/A,#N/A,#N/A,#N/A,#N/A,#N/A,#N/A,#N/A,#N/A,#N/A,#N/A
05-041-01-000,05-41-01-000,"Aroroy, Masbate",Aroroy,Masbate,Region V (Bicol Region),Municipality,1st,R5,A,H,#REF!,#REF!,https://bpbc.ibpls.com/aroroymasbate,https://prod.ebpls.com/aroroymasbate,2022-12,#N/A,#N/A,#N/A,[1] Operational,[A] Operational,,[1] Operational,[A] Operational,,[1] Operational,[A] Operational,,[1] Operational,[A] Operational,,[1] Operational,[A] Operational,,[1] Operational,[A] Operational,,[1] Operational,[A] Operational,,#N/A,#N/A,#N/A,#N/A,#N/A,#N/A,#N/A,#N/A,#N/A,#N/A,#N/A,#N/A,#N/A,#N/A,#N/A
08-026-01-000,08-26-01-000,"Arteche, Eastern Samar",Arteche,Eastern Samar,Region VIII (Eastern Visayas),Municipality,3rd,R8,B,K,#REF!,#REF!,https://bpbc.ibpls.com/artecheeasternsamar,https://prod.ebpls.com/artecheeasternsamar,,#N/A,#N/A,#N/A,[1] Operational,[A] Operational,Normal Operations,[1] Operational,[A] Operational,,[1] Operational,[A] Operational,Normal Operations,[1] Operational,[A] Operational,Zero transactions for the month of May 2025,[1] Operational,[A] Operational,Zero transactions for the month of May 2025,[1] Operational,[A] Operational,Normal Operations,[1] Operational,[A] Operational,Normal Operations,#N/A,#N/A,#N/A,#N/A,#N/A,#N/A,#N/A,#N/A,#N/A,#N/A,#N/A,#N/A,#N/A,#N/A,#N/A
14-027-11-000,14-27-11-000,"Asipulo, Ifugao",Asipulo,Ifugao,Cordillera Administrative Region (CAR),Municipality,5th,CAR,A,B,#REF!,#REF!,https://bpbc.ibpls.com/asipuloifugao,https://prod.ebpls.com/asipuloifugao,2022-12,#N/A,#N/A,#N/A,[1] Operational,[A] Operational,,[1] Operational,[A] Operational,,[1] Operational,[A] Operational,,[1] Operational,[A] Operational,,[1] Operational,[A] Operational,,[1] Operational,[A] Operational,,[1] Operational,[A] Operational,,#N/A,#N/A,#N/A,#N/A,#N/A,#N/A,#N/A,#N/A,#N/A,#N/A,#N/A,#N/A,#N/A,#N/A,#N/A
02-031-03-000,02-31-03-000,"Aurora, Isabela",Aurora,Isabela,Region II (Cagayan Valley),Municipality,3rd,R2,A,D,#REF!,#REF!,https://bpbc.ibpls.com/auroraisabela,https://prod.ebpls.com/auroraisabela,2022-12,#N/A,#N/A,#N/A,[1] Operational,[A] Operational,,[1] Operational,[A] Operational,,[1] Operational,[A] Operational,,[1] Operational,[A] Operational,,[1] Operational,[A] Operational,,[1] Operational,[A] Operational,,[1] Operational,[A] Operational,,#N/A,#N/A,#N/A,#N/A,#N/A,#N/A,#N/A,#N/A,#N/A,#N/A,#N/A,#N/A,#N/A,#N/A,#N/A
09-073-02-000,09-73-02-000,"Aurora, Zamboanga del Sur",Aurora,Zamboanga del Sur,Region IX (Zamboanga Peninsula),Municipality,2nd,R9,A,L,#REF!,#REF!,https://bpbc.ibpls.com/aurorazamboangadelsur,https://prod.ebpls.com/aurorazamboangadelsur,2022-12,#N/A,#N/A,#N/A,[1] Operational,[A] Operational,,[1] Operational,[A] Operational,,[1] Operational,[A] Operational,,[1] Operational,[A] Operational,,[1] Operational,[A] Operational,,[1] Operational,[A] Operational,,[1] Operational,[A] Operational,,#N/A,#N/A,#N/A,#N/A,#N/A,#N/A,#N/A,#N/A,#N/A,#N/A,#N/A,#N/A,#N/A,#N/A,#N/A
07-046-02-000,07-46-02-000,"Ayungon, Negros Oriental",Ayungon,Negros Oriental,Region VII (Central Visayas),Municipality,2nd,R7,B,J,#REF!,#REF!,https://bpbc.ibpls.com/ayungonnegrosoriental,https://prod.ebpls.com/ayungonnegrosoriental,,#N/A,#N/A,#N/A,[1] Operational,[A] Operational,,[1] Operational,[A] Operational,,[1] Operational,[A] Operational,,[1] Operational,[A] Operational,,[1] Operational,[A] Operational,,[1] Operational,[A] Operational,,[1] Operational,[A] Operational,,#N/A,#N/A,#N/A,#N/A,#N/A,#N/A,#N/A,#N/A,#N/A,#N/A,#N/A,#N/A,#N/A,#N/A,#N/A
05-005-01-000,05-05-01-000,"Bacacay, Albay",Bacacay,Albay,Region V (Bicol Region),Municipality,2nd,R5,B,H,#REF!,#REF!,https://bpbc.ibpls.com/bacacayalbay,https://prod.ebpls.com/bacacayalbay,,#N/A,#N/A,#N/A,[1] Operational,[A] Operational,,[1] Operational,[A] Operational,,[1] Operational,[A] Operational,,[1] Operational,[A] Operational,,[1] Operational,[A] Operational,,[1] Operational,[A] Operational,,[1] Operational,[A] Operational,,#N/A,#N/A,#N/A,#N/A,#N/A,#N/A,#N/A,#N/A,#N/A,#N/A,#N/A,#N/A,#N/A,#N/A,#N/A
01-028-02-000,01-28-02-000,"Bacarra, Ilocos Norte",Bacarra,Ilocos Norte,Region I (Ilocos Region),Municipality,3rd,R1,A,C,#REF!,#REF!,https://bpbc.ibpls.com/bacarrailocosnorte,https://prod.ebpls.com/bacarrailocosnorte,2022-12,#N/A,#N/A,#N/A,[1] Operational,[A] Operational,,[1] Operational,[A] Operational,,[1] Operational,[A] Operational,,[1] Operational,[A] Operational,,[1] Operational,[A] Operational,,[1] Operational,[A] Operational,,[1] Operational,[A] Operational,,#N/A,#N/A,#N/A,#N/A,#N/A,#N/A,#N/A,#N/A,#N/A,#N/A,#N/A,#N/A,#N/A,#N/A,#N/A
08-037-05-000,08-37-05-000,"Babatngon, Leyte",Babatngon,Leyte,Region VIII (Eastern Visayas),Municipality,4th*,R8,A,K,#REF!,#REF!,,https://prod.ebpls.com/babatngonleyte,2022-12,#N/A,#N/A,#N/A,[8] Withdraw,[D] Withdraw,Withdrawn,[8] Withdraw,[D] Withdraw,,[8] Withdraw,[D] Withdraw,Withdrawn,[8] Withdraw,[D] Withdraw,Withdrawn,[8] Withdraw,[D] Withdraw,Withdrawn,[8] Withdraw,[D] Withdraw,Withdrawn,[8] Withdraw,[D] Withdraw,Withdrawn,#N/A,#N/A,#N/A,#N/A,#N/A,#N/A,#N/A,#N/A,#N/A,#N/A,#N/A,#N/A,#N/A,#N/A,#N/A
17-052-01-000,17-52-01-000,"Baco, Oriental Mindoro",Baco,Oriental Mindoro,MIMAROPA Region,Municipality,3rd,R4B,A,G,#REF!,#REF!,https://bpbc.ibpls.com/bacoorientalmindoro,https://prod.ebpls.com/bacoorientalmindoro/.php/login,2022-12,#N/A,#N/A,#N/A,[1] Operational,[A] Operational,,[1] Operational,[A] Operational,,[1] Operational,[A] Operational,,[1] Operational,[A] Operational,,[1] Operational,[A] Operational,,[1] Operational,[A] Operational,,[1] Operational,[A] Operational,,#N/A,#N/A,#N/A,#N/A,#N/A,#N/A,#N/A,#N/A,#N/A,#N/A,#N/A,#N/A,#N/A,#N/A,#N/A
10-035-01-000,10-35-01-000,"Bacolod, Lanao del Norte",Bacolod,Lanao del Norte,Region X (Northern Mindanao),Municipality,4th,R10,A,N,#REF!,#REF!,https://bpbc.ibpls.com/bacolodlanaodelnorte,https://prod.ebpls.com/bacolodlanaodelnorte,2022-12,#N/A,#N/A,#N/A,[1] Operational,[A] Operational,,[1] Operational,[A] Operational,,[1] Operational,[A] Operational,,[1] Operational,[A] Operational,,[1] Operational,[A] Operational,,[1] Operational,[A] Operational,,[1] Operational,[A] Operational,,#N/A,#N/A,#N/A,#N/A,#N/A,#N/A,#N/A,#N/A,#N/A,#N/A,#N/A,#N/A,#N/A,#N/A,#N/A
03-054-04-000,03-54-04-000,"Bacolor, Pampanga",Bacolor,Pampanga,Region III (Central Luzon),Municipality,3rd,R3,A,E,#REF!,#REF!,https://bpbc.ibpls.com/bacolorpampanga,https://prod.ebpls.com/bacolorpampanga,2022-12,#N/A,#N/A,#N/A,[1] Operational,[A] Operational,,[1] Operational,[A] Operational,,[1] Operational,[A] Operational,,[1] Operational,[A] Operational,,[1] Operational,[A] Operational,,[1] Operational,[A] Operational,,[1] Operational,[A] Operational,,#N/A,#N/A,#N/A,#N/A,#N/A,#N/A,#N/A,#N/A,#N/A,#N/A,#N/A,#N/A,#N/A,#N/A,#N/A
06-030-04-000,06-30-04-000,"Badiangan, Iloilo",Badiangan,Iloilo,Region VI (Western Visayas),Municipality,4th,R6,A,I,#REF!,#REF!,https://bpbc.ibpls.com/badianganiloilo,https://prod.ebpls.com/badianganiloilo,2022-12,#N/A,#N/A,#N/A,[1] Operational,[A] Operational,,[1] Operational,[A] Operational,,[1] Operational,[A] Operational,,[1] Operational,[A] Operational,,[1] Operational,[A] Operational,,[1] Operational,[A] Operational,,[1] Operational,[A] Operational,,#N/A,#N/A,#N/A,#N/A,#N/A,#N/A,#N/A,#N/A,#N/A,#N/A,#N/A,#N/A,#N/A,#N/A,#N/A
01-028-03-000,01-28-03-000,"Badoc, Ilocos Norte",Badoc,Ilocos Norte,Region I (Ilocos Region),Municipality,3rd,R1,A,C,#REF!,#REF!,https://bpbc.ibpls.com/badocilocosnorte,https://prod.ebpls.com/badocilocosnorte,2022-12,#N/A,#N/A,#N/A,[1] Operational,[A] Operational,,[1] Operational,[A] Operational,,[1] Operational,[A] Operational,,[1] Operational,[A] Operational,,[1] Operational,[A] Operational,,[1] Operational,[A] Operational,,[1] Operational,[A] Operational,,#N/A,#N/A,#N/A,#N/A,#N/A,#N/A,#N/A,#N/A,#N/A,#N/A,#N/A,#N/A,#N/A,#N/A,#N/A
02-050-03-000,02-50-03-000,"Bagabag, Nueva Vizcaya",Bagabag,Nueva Vizcaya,Region II (Cagayan Valley),Municipality,2nd,R2,A,D,#REF!,#REF!,https://bpbc.ibpls.com/bagabagnuevavizcaya,https://prod.ebpls.com/bagabagnuevavizcaya,2022-12,#N/A,#N/A,#N/A,[1] Operational,[A] Operational,,[1] Operational,[A] Operational,,[1] Operational,[A] Operational,,[1] Operational,[A] Operational,,[1] Operational,[A] Operational,,[1] Operational,[A] Operational,,[1] Operational,[A] Operational,,#N/A,#N/A,#N/A,#N/A,#N/A,#N/A,#N/A,#N/A,#N/A,#N/A,#N/A,#N/A,#N/A,#N/A,#N/A
03-008-02-000,03-08-02-000,"Bagac, Bataan",Bagac,Bataan,Region III (Central Luzon),Municipality,3rd,R3,B,E,#REF!,#REF!,https://bpbc.ibpls.com/bagacbataan,https://prod.ebpls.com/bagacbataan,,#N/A,#N/A,#N/A,[3] Ongoing Data Build-up,[B] Developmental,,[3] Ongoing Data Build-up,[B] Developmental,,[3] Ongoing Data Build-up,[B] Developmental,,[3] Ongoing Data Build-up,[B] Developmental,,[3] Ongoing Data Build-up,[B] Developmental,,[3] Ongoing Data Build-up,[B] Developmental,,[3] Ongoing Data Build-up,[B] Developmental,,#N/A,#N/A,#N/A,#N/A,#N/A,#N/A,#N/A,#N/A,#N/A,#N/A,#N/A,#N/A,#N/A,#N/A,#N/A
11-025-01-000,11-25-01-000,"Baganga, Davao Oriental",Baganga,Davao Oriental,Region XI (Davao Region),Municipality,1st,R11,A,P,#REF!,#REF!,https://bpbc.ibpls.com/bagangadavaooriental,https://prod.ebpls.com/bagangadavaooriental,2022-12,#N/A,#N/A,#N/A,[1] Operational,[A] Operational,,[1] Operational,[A] Operational,,[1] Operational,[A] Operational,,[1] Operational,[A] Operational,,[1] Operational,[A] Operational,,[1] Operational,[A] Operational,,[1] Operational,[A] Operational,,#N/A,#N/A,#N/A,#N/A,#N/A,#N/A,#N/A,#N/A,#N/A,#N/A,#N/A,#N/A,#N/A,#N/A,#N/A
02-015-06-000,02-15-06-000,"Baggao, Cagayan",Baggao,Cagayan,Region II (Cagayan Valley),Municipality,1st,R2,A,D,#REF!,#REF!,https://bpbc.ibpls.com/baggaocagayan,https://prod.ebpls.com/baggaocagayan,2022-12,#N/A,#N/A,#N/A,[1] Operational,[A] Operational,,[1] Operational,[A] Operational,,[1] Operational,[A] Operational,,[1] Operational,[A] Operational,,[1] Operational,[A] Operational,,[1] Operational,[A] Operational,,[1] Operational,[A] Operational,,#N/A,#N/A,#N/A,#N/A,#N/A,#N/A,#N/A,#N/A,#N/A,#N/A,#N/A,#N/A,#N/A,#N/A,#N/A
01-033-04-000,01-33-04-000,"Bagulin, La Union",Bagulin,La Union,Region I (Ilocos Region),Municipality,5th,R1,B,C,#REF!,#REF!,https://bpbc.ibpls.com/bagulinlaunion,https://prod.ebpls.com/bagulinlaunion,,#N/A,#N/A,#N/A,[1] Operational,[A] Operational,,[1] Operational,[A] Operational,,[1] Operational,[A] Operational,,[1] Operational,[A] Operational,,[1] Operational,[A] Operational,,[1] Operational,[A] Operational,,[1] Operational,[A] Operational,,#N/A,#N/A,#N/A,#N/A,#N/A,#N/A,#N/A,#N/A,#N/A,#N/A,#N/A,#N/A,#N/A,#N/A,#N/A
12-065-01-000,12-65-01-000,"Bagumbayan, Sultan Kudarat",Bagumbayan,Sultan Kudarat,Region XII (SOCCSKSARGEN),Municipality,1st,R12,B,Q,#REF!,#REF!,https://bpbc.ibpls.com/bagumbayansultankudarat,https://prod.ebpls.com/bagumbayansultankudarat/.php/login,2023-01,#N/A,#N/A,#N/A,[1] Operational,[A] Operational,,[1] Operational,[A] Operational,,[1] Operational,[A] Operational,,[1] Operational,[A] Operational,,[1] Operational,[A] Operational,,[1] Operational,[A] Operational,,[1] Operational,[A] Operational,,#N/A,#N/A,#N/A,#N/A,#N/A,#N/A,#N/A,#N/A,#N/A,#N/A,#N/A,#N/A,#N/A,#N/A,#N/A
07-022-08-000,07-22-08-000,"Balamban, Cebu",Balamban,Cebu,Region VII (Central Visayas),Municipality,1st,R7,A,J,#REF!,#REF!,https://bpbc.ibpls.com/balambancebu,https://prod.ebpls.com/balambancebu,2022-12,#N/A,#N/A,#N/A,[1] Operational,[A] Operational,,[1] Operational,[A] Operational,,[1] Operational,[A] Operational,,[1] Operational,[A] Operational,,[1] Operational,[A] Operational,,[1] Operational,[A] Operational,,[1] Operational,[A] Operational,,#N/A,#N/A,#N/A,#N/A,#N/A,#N/A,#N/A,#N/A,#N/A,#N/A,#N/A,#N/A,#N/A,#N/A,#N/A
08-026-02-000,08-26-02-000,"Balangiga, Eastern Samar",Balangiga,Eastern Samar,Region VIII (Eastern Visayas),Municipality,4th,R8,A,K,#REF!,#REF!,https://bpbc.ibpls.com/balangigaeasternsamar,https://prod.ebpls.com/balangigaeasternsamar,2022-12,#N/A,#N/A,#N/A,[1] Operational,[A] Operational,Normal Operations,[1] Operational,[A] Operational,,[1] Operational,[A] Operational,Normal Operations,[1] Operational,[A] Operational,Normal Operations,[1] Operational,[A] Operational,Normal Operations,[1] Operational,[A] Operational,Normal Operations,[1] Operational,[A] Operational,Normal Operations,#N/A,#N/A,#N/A,#N/A,#N/A,#N/A,#N/A,#N/A,#N/A,#N/A,#N/A,#N/A,#N/A,#N/A,#N/A
08-026-03-000,08-26-03-000,"Balangkayan, Eastern Samar",Balangkayan,Eastern Samar,Region VIII (Eastern Visayas),Municipality,5th,R8,A,K,#REF!,#REF!,https://bpbc.ibpls.com/balangkayaneasternsamar,https://prod.ebpls.com/balangkayaneasternsamar,2022-12,#N/A,#N/A,#N/A,[1] Operational,[A] Operational,Normal Operations,[1] Operational,[A] Operational,,[1] Operational,[A] Operational,Normal Operations,[1] Operational,[A] Operational,Normal Operations,[1] Operational,[A] Operational,Normal Operations,[1] Operational,[A] Operational,Normal Operations,[1] Operational,[A] Operational,Normal Operations,#N/A,#N/A,#N/A,#N/A,#N/A,#N/A,#N/A,#N/A,#N/A,#N/A,#N/A,#N/A,#N/A,#N/A,#N/A
01-033-05-000,01-33-05-000,"Balaoan, La Union",Balaoan,La Union,Region I (Ilocos Region),Municipality,1st,R1,A,C,#REF!,#REF!,https://bpbc.ibpls.com/balaoanlaunion,https://prod.ebpls.com/balaoanlaunion,2022-12,#N/A,#N/A,#N/A,[1] Operational,[A] Operational,,[1] Operational,[A] Operational,,[1] Operational,[A] Operational,,[1] Operational,[A] Operational,,[1] Operational,[A] Operational,,[1] Operational,[A] Operational,,[1] Operational,[A] Operational,,#N/A,#N/A,#N/A,#N/A,#N/A,#N/A,#N/A,#N/A,#N/A,#N/A,#N/A,#N/A,#N/A,#N/A,#N/A
06-030-05-000,06-30-05-000,"Balasan, Iloilo",Balasan,Iloilo,Region VI (Western Visayas),Municipality,4th,R6,A,I,#REF!,#REF!,https://bpbc.ibpls.com/balasaniloilo,https://prod.ebpls.com/balasaniloilo,2022-12,#N/A,#N/A,#N/A,[1] Operational,[A] Operational,,[1] Operational,[A] Operational,,[1] Operational,[A] Operational,,[1] Operational,[A] Operational,,[1] Operational,[A] Operational,,[1] Operational,[A] Operational,,[1] Operational,[A] Operational,,#N/A,#N/A,#N/A,#N/A,#N/A,#N/A,#N/A,#N/A,#N/A,#N/A,#N/A,#N/A,#N/A,#N/A,#N/A
04-010-03-000,04-10-03-000,"Balayan, Batangas",Balayan,Batangas,Region IV-A (CALABARZON),Municipality,1st,R4A,A,F,#REF!,#REF!,https://bpbc.ibpls.com/balayanbatangas,https://prod.ebpls.com/balayanbatangas,2022-12,#N/A,#N/A,#N/A,[1] Operational,[A] Operational,Integrated eGOVPay,[1] Operational,[A] Operational,Integrated eGOVPay,[1] Operational,[A] Operational,Integrated eGOVPay,[1] Operational,[A] Operational,Integrated eGOVPay,[1] Operational,[A] Operational,Integrated eGOVPay,[1] Operational,[A] Operational,Integrated eGOVPay,[1] Operational,[A] Operational,Integrated eGOVPay,#N/A,#N/A,#N/A,#N/A,#N/A,#N/A,#N/A,#N/A,#N/A,#N/A,#N/A,#N/A,#N/A,#N/A,#N/A
03-077-01-000,03-77-01-000,"Baler, Aurora",Baler,Aurora,Region III (Central Luzon),Municipality,3rd,R3,A,E,#REF!,#REF!,https://bpbc.ibpls.com/baleraurora,https://prod.ebpls.com/baleraurora/.php/login,2022-12,#N/A,#N/A,#N/A,[1] Operational,[A] Operational,,[1] Operational,[A] Operational,,[1] Operational,[A] Operational,,[1] Operational,[A] Operational,,[1] Operational,[A] Operational,,[1] Operational,[A] Operational,,[1] Operational,[A] Operational,,#N/A,#N/A,#N/A,#N/A,#N/A,#N/A,#N/A,#N/A,#N/A,#N/A,#N/A,#N/A,#N/A,#N/A,#N/A
06-004-02-000,06-04-02-000,"Balete, Aklan",Balete,Aklan,Region VI (Western Visayas),Municipality,4th,R6,A,I,#REF!,#REF!,https://bpbc.ibpls.com/baleteaklan,https://prod.ebpls.com/baleteaklan,2022-12,#N/A,#N/A,#N/A,[1] Operational,[A] Operational,,[1] Operational,[A] Operational,,[1] Operational,[A] Operational,,[1] Operational,[A] Operational,,[1] Operational,[A] Operational,,[1] Operational,[A] Operational,,[1] Operational,[A] Operational,,#N/A,#N/A,#N/A,#N/A,#N/A,#N/A,#N/A,#N/A,#N/A,#N/A,#N/A,#N/A,#N/A,#N/A,#N/A
04-010-04-000,04-10-04-000,"Balete, Batangas",Balete,Batangas,Region IV-A (CALABARZON),Municipality,5th,R4A,B,F,#REF!,#REF!,https://bpbc.ibpls.com/baletebatangas,https://prod.ebpls.com/baletebatangas,,#N/A,#N/A,#N/A,[1] Operational,[A] Operational,,[1] Operational,[A] Operational,,[1] Operational,[A] Operational,,[1] Operational,[A] Operational,,[1] Operational,[A] Operational,,[1] Operational,[A] Operational,,[1] Operational,[A] Operational,,#N/A,#N/A,#N/A,#N/A,#N/A,#N/A,#N/A,#N/A,#N/A,#N/A,#N/A,#N/A,#N/A,#N/A,#N/A
10-043-02-000,10-43-02-000,"Balingasag, Misamis Oriental",Balingasag,Misamis Oriental,Region X (Northern Mindanao),Municipality,2nd,R10,A,N,#REF!,#REF!,https://bpbc.ibpls.com/balingasagmisamisoriental,https://prod.ebpls.com/balingasagmisamisoriental,2022-12,#N/A,#N/A,#N/A,[1] Operational,[A] Operational,,[1] Operational,[A] Operational,,[1] Operational,[A] Operational,,[1] Operational,[A] Operational,,[1] Operational,[A] Operational,,[1] Operational,[A] Operational,,[1] Operational,[A] Operational,,#N/A,#N/A,#N/A,#N/A,#N/A,#N/A,#N/A,#N/A,#N/A,#N/A,#N/A,#N/A,#N/A,#N/A,#N/A
10-043-03-000,10-43-03-000,"Balingoan, Misamis Oriental",Balingoan,Misamis Oriental,Region X (Northern Mindanao),Municipality,5th,R10,A,N,#REF!,#REF!,https://bpbc.ibpls.com/balingoanmisamisoriental,https://prod.ebpls.com/balingoanmisamisoriental,2022-12,#N/A,#N/A,#N/A,[1] Operational,[A] Operational,,[1] Operational,[A] Operational,,[1] Operational,[A] Operational,,[1] Operational,[A] Operational,,[1] Operational,[A] Operational,,[1] Operational,[A] Operational,,[1] Operational,[A] Operational,,#N/A,#N/A,#N/A,#N/A,#N/A,#N/A,#N/A,#N/A,#N/A,#N/A,#N/A,#N/A,#N/A,#N/A,#N/A
02-015-07-000,02-15-07-000,"Ballesteros, Cagayan",Ballesteros,Cagayan,Region II (Cagayan Valley),Municipality,4th,R2,A,D,#REF!,#REF!,https://bpbc.ibpls.com/ballesteroscagayan,https://prod.ebpls.com/ballesteroscagayan,2022-12,#N/A,#N/A,#N/A,[1] Operational,[A] Operational,,[1] Operational,[A] Operational,,[1] Operational,[A] Operational,,[1] Operational,[A] Operational,,[1] Operational,[A] Operational,,[1] Operational,[A] Operational,,[1] Operational,[A] Operational,,#N/A,#N/A,#N/A,#N/A,#N/A,#N/A,#N/A,#N/A,#N/A,#N/A,#N/A,#N/A,#N/A,#N/A,#N/A
01-055-07-000,01-55-07-000,"Balungao, Pangasinan",Balungao,Pangasinan,Region I (Ilocos Region),Municipality,4th,R1,A,C,#REF!,#REF!,https://bpbc.ibpls.com/balungaopangasinan,https://prod.ebpls.com/balungaopangasinan,2022-12,#N/A,#N/A,#N/A,[1] Operational,[A] Operational,,[1] Operational,[A] Operational,,[1] Operational,[A] Operational,,[1] Operational,[A] Operational,,[1] Operational,[A] Operational,,[1] Operational,[A] Operational,,[1] Operational,[A] Operational,,#N/A,#N/A,#N/A,#N/A,#N/A,#N/A,#N/A,#N/A,#N/A,#N/A,#N/A,#N/A,#N/A,#N/A,#N/A
03-069-02-000,03-69-02-000,"Bamban, Tarlac",Bamban,Tarlac,Region III (Central Luzon),Municipality,2nd,R3,B,E,#REF!,#REF!,https://bpbc.ibpls.com/bambantarlac,https://prod.ebpls.com/bambantarlac,,#N/A,#N/A,#N/A,[1] Operational,[A] Operational,,[1] Operational,[A] Operational,,[1] Operational,[A] Operational,,[1] Operational,[A] Operational,,[1] Operational,[A] Operational,,[1] Operational,[A] Operational,,[1] Operational,[A] Operational,,#N/A,#N/A,#N/A,#N/A,#N/A,#N/A,#N/A,#N/A,#N/A,#N/A,#N/A,#N/A,#N/A,#N/A,#N/A
02-050-04-000,02-50-04-000,"Bambang, Nueva Vizcaya",Bambang,Nueva Vizcaya,Region II (Cagayan Valley),Municipality,1st,R2,A,D,#REF!,#REF!,https://bpbc.ibpls.com/bambangnuevavizcaya,https://prod.ebpls.com/bambangnuevavizcaya,2022-12,#N/A,#N/A,#N/A,[1] Operational,[A] Operational,,[1] Operational,[A] Operational,,[1] Operational,[A] Operational,,[1] Operational,[A] Operational,,[1] Operational,[A] Operational,,[1] Operational,[A] Operational,,[1] Operational,[A] Operational,,#N/A,#N/A,#N/A,#N/A,#N/A,#N/A,#N/A,#N/A,#N/A,#N/A,#N/A,#N/A,#N/A,#N/A,#N/A
06-030-06-000,06-30-06-000,"Banate, Iloilo",Banate,Iloilo,Region VI (Western Visayas),Municipality,4th,R6,A,I,#REF!,#REF!,https://bpbc.ibpls.com/banateiloilo,https://prod.ebpls.com/banateiloilo,2022-12,#N/A,#N/A,#N/A,[1] Operational,[A] Operational,,[1] Operational,[A] Operational,,[1] Operational,[A] Operational,,[1] Operational,[A] Operational,,[1] Operational,[A] Operational,,[1] Operational,[A] Operational,,[1] Operational,[A] Operational,,#N/A,#N/A,#N/A,#N/A,#N/A,#N/A,#N/A,#N/A,#N/A,#N/A,#N/A,#N/A,#N/A,#N/A,#N/A
14-027-01-000,14-27-01-000,"Banaue, Ifugao",Banaue,Ifugao,Cordillera Administrative Region (CAR),Municipality,4th,CAR,B,B,#REF!,#REF!,https://bpbc.ibpls.com/banaueifugao,https://prod.ebpls.com/banaueifugao,,#N/A,#N/A,#N/A,[1] Operational,[A] Operational,,[1] Operational,[A] Operational,,[1] Operational,[A] Operational,,[1] Operational,[A] Operational,,[1] Operational,[A] Operational,,[1] Operational,[A] Operational,,[1] Operational,[A] Operational,,#N/A,#N/A,#N/A,#N/A,#N/A,#N/A,#N/A,#N/A,#N/A,#N/A,#N/A,#N/A,#N/A,#N/A,#N/A
11-025-02-000,11-25-02-000,"Banaybanay, Davao Oriental",Banaybanay,Davao Oriental,Region XI (Davao Region),Municipality,2nd,R11,B,P,#REF!,#REF!,https://bpbc.ibpls.com/banaybanaydavaooriental,https://prod.ebpls.com/banaybanaydavaooriental,,#N/A,#N/A,#N/A,[1] Operational,[A] Operational,,[1] Operational,[A] Operational,,[1] Operational,[A] Operational,,[1] Operational,[A] Operational,,[1] Operational,[A] Operational,,[1] Operational,[A] Operational,,[1] Operational,[A] Operational,,#N/A,#N/A,#N/A,#N/A,#N/A,#N/A,#N/A,#N/A,#N/A,#N/A,#N/A,#N/A,#N/A,#N/A,#N/A
01-029-02-000,01-29-02-000,"Banayoyo, Ilocos Sur",Banayoyo,Ilocos Sur,Region I (Ilocos Region),Municipality,4th,R1,B,C,#REF!,#REF!,https://bpbc.ibpls.com/banayoyoilocossur,https://prod.ebpls.com/banayoyoilocossur,,#N/A,#N/A,#N/A,[1] Operational,[A] Operational,,[1] Operational,[A] Operational,,[1] Operational,[A] Operational,,[1] Operational,[A] Operational,,[1] Operational,[A] Operational,,[1] Operational,[A] Operational,,[1] Operational,[A] Operational,,#N/A,#N/A,#N/A,#N/A,#N/A,#N/A,#N/A,#N/A,#N/A,#N/A,#N/A,#N/A,#N/A,#N/A,#N/A
12-063-02-000,12-63-02-000,"Banga, South Cotabato",Banga,South Cotabato,Region XII (SOCCSKSARGEN),Municipality,1st,R12,B,Q,#REF!,#REF!,https://bpbc.ibpls.com/bangasouthcotabato,https://prod.ebpls.com/bangasouthcotabato,,#N/A,#N/A,#N/A,[3] Ongoing Data Build-up,[B] Developmental,,[3] Ongoing Data Build-up,[B] Developmental,,[3] Ongoing Data Build-up,[B] Developmental,,[3] Ongoing Data Build-up,[B] Developmental,,[3] Ongoing Data Build-up,[B] Developmental,,[3] Ongoing Data Build-up,[B] Developmental,,[3] Ongoing Data Build-up,[B] Developmental,,#N/A,#N/A,#N/A,#N/A,#N/A,#N/A,#N/A,#N/A,#N/A,#N/A,#N/A,#N/A,#N/A,#N/A,#N/A
01-033-06-000,01-33-06-000,"Bangar, La Union",Bangar,La Union,Region I (Ilocos Region),Municipality,3rd,R1,B,C,#REF!,#REF!,https://bpbc.ibpls.com/bangarlaunion,https://prod.ebpls.com/bangarlaunion,,#N/A,#N/A,#N/A,[1] Operational,[A] Operational,,[1] Operational,[A] Operational,,[1] Operational,[A] Operational,,[1] Operational,[A] Operational,,[1] Operational,[A] Operational,,[1] Operational,[A] Operational,,[1] Operational,[A] Operational,,#N/A,#N/A,#N/A,#N/A,#N/A,#N/A,#N/A,#N/A,#N/A,#N/A,#N/A,#N/A,#N/A,#N/A,#N/A
01-028-04-000,01-28-04-000,"Bangui, Ilocos Norte",Bangui,Ilocos Norte,Region I (Ilocos Region),Municipality,4th,R1,A,C,#REF!,#REF!,https://bpbc.ibpls.com/banguiilocosnorte,https://prod.ebpls.com/banguiilocosnorte,2022-12,#N/A,#N/A,#N/A,[1] Operational,[A] Operational,,[1] Operational,[A] Operational,,[1] Operational,[A] Operational,,[1] Operational,[A] Operational,,[1] Operational,[A] Operational,,[1] Operational,[A] Operational,,[1] Operational,[A] Operational,,#N/A,#N/A,#N/A,#N/A,#N/A,#N/A,#N/A,#N/A,#N/A,#N/A,#N/A,#N/A,#N/A,#N/A,#N/A
12-047-16-000,12-47-16-000,"Banisilan, Cotabato",Banisilan,Cotabato,Region XII (SOCCSKSARGEN),Municipality,2nd,R12,B,Q,#REF!,#REF!,https://bpbc.ibpls.com/banisilancotabato,https://prod.ebpls.com/banisilancotabato,,#N/A,#N/A,#N/A,[2] Pilot Testing,[B] Developmental,"Ongoing Final Testing
Facilatating the Data Maigration Sheet",[2] Pilot Testing,[B] Developmental,"Ongoing Final Testing
Facilatating the Data Maigration Sheet",[2] Pilot Testing,[B] Developmental,"Ongoing Final Testing
Facilatating the Data Maigration Sheet",[2] Pilot Testing,[B] Developmental,"ONGOING FINAL TESTING
Facilitating Data Migration sheet",[2] Pilot Testing,[B] Developmental,"ONGOING FINAL TESTING
Facilitating Data Migration sheet",[2] Pilot Testing,[B] Developmental,,[2] Pilot Testing,[B] Developmental,,#N/A,#N/A,#N/A,#N/A,#N/A,#N/A,#N/A,#N/A,#N/A,#N/A,#N/A,#N/A,#N/A,#N/A,#N/A
01-028-11-000,01-28-11-000,"Banna, Ilocos Norte",Banna,Ilocos Norte,Region I (Ilocos Region),Municipality,4th,R1,A,C,#REF!,#REF!,https://bpbc.ibpls.com/bannailocosnorte,https://prod.ebpls.com/bannailocosnorte,2022-12,#N/A,#N/A,#N/A,[1] Operational,[A] Operational,,[1] Operational,[A] Operational,,[1] Operational,[A] Operational,,[1] Operational,[A] Operational,,[1] Operational,[A] Operational,,[1] Operational,[A] Operational,,[1] Operational,[A] Operational,,#N/A,#N/A,#N/A,#N/A,#N/A,#N/A,#N/A,#N/A,#N/A,#N/A,#N/A,#N/A,#N/A,#N/A,#N/A
11-024-01-000,11-24-01-000,"Bansalan, Davao del Sur",Bansalan,Davao del Sur,Region XI (Davao Region),Municipality,1st,R11,A,P,#REF!,#REF!,https://bpbc.ibpls.com/bansalandavaodelsur,https://prod.ebpls.com/bansalandavaodelsur,2022-12,#N/A,#N/A,#N/A,[1] Operational,[A] Operational,,[1] Operational,[A] Operational,,[1] Operational,[A] Operational,,[1] Operational,[A] Operational,,[1] Operational,[A] Operational,,[1] Operational,[A] Operational,,[1] Operational,[A] Operational,,#N/A,#N/A,#N/A,#N/A,#N/A,#N/A,#N/A,#N/A,#N/A,#N/A,#N/A,#N/A,#N/A,#N/A,#N/A
17-052-02-000,17-52-02-000,"Bansud, Oriental Mindoro",Bansud,Oriental Mindoro,MIMAROPA Region,Municipality,2nd,R4B,A,G,#REF!,#REF!,https://bpbc.ibpls.com/bansudorientalmindoro,https://prod.ebpls.com/bansudorientalmindoro/.php/login,2022-12,#N/A,#N/A,#N/A,[1] Operational,[A] Operational,,[1] Operational,[A] Operational,,[1] Operational,[A] Operational,,[1] Operational,[A] Operational,,[1] Operational,[A] Operational,,[1] Operational,[A] Operational,,[1] Operational,[A] Operational,,#N/A,#N/A,#N/A,#N/A,#N/A,#N/A,#N/A,#N/A,#N/A,#N/A,#N/A,#N/A,#N/A,#N/A,#N/A
01-029-03-000,01-29-03-000,"Bantay, Ilocos Sur",Bantay,Ilocos Sur,Region I (Ilocos Region),Municipality,3rd,R1,B,C,#REF!,#REF!,https://bpbc.ibpls.com/bantayilocossur,https://prod.ebpls.com/bantayilocossur,,#N/A,#N/A,#N/A,[1] Operational,[A] Operational,,[1] Operational,[A] Operational,,[1] Operational,[A] Operational,,[1] Operational,[A] Operational,,[1] Operational,[A] Operational,,[1] Operational,[A] Operational,,[1] Operational,[A] Operational,,#N/A,#N/A,#N/A,#N/A,#N/A,#N/A,#N/A,#N/A,#N/A,#N/A,#N/A,#N/A,#N/A,#N/A,#N/A
17-059-02-000,17-59-02-000,"Banton, Romblon",Banton,Romblon,MIMAROPA Region,Municipality,5th,R4B,A,G,#REF!,#REF!,https://bpbc.ibpls.com/bantonromblon,https://prod.ebpls.com/bantonromblon/.php/login,2022-12,#N/A,#N/A,#N/A,[1] Operational,[A] Operational,,[1] Operational,[A] Operational,,[1] Operational,[A] Operational,,[1] Operational,[A] Operational,,[1] Operational,[A] Operational,,[1] Operational,[A] Operational,,[1] Operational,[A] Operational,,#N/A,#N/A,#N/A,#N/A,#N/A,#N/A,#N/A,#N/A,#N/A,#N/A,#N/A,#N/A,#N/A,#N/A,#N/A
05-020-02-000,05-20-02-000,"Baras, Catanduanes",Baras,Catanduanes,Region V (Bicol Region),Municipality,5th,R5,B,H,#REF!,#REF!,https://bpbc.ibpls.com/barascatanduanes,https://prod.ebpls.com/barascatanduanes,,#N/A,#N/A,#N/A,[8] Withdraw,[D] Withdraw,,[8] Withdraw,[D] Withdraw,,[8] Withdraw,[D] Withdraw,,[8] Withdraw,[D] Withdraw,,[8] Withdraw,[D] Withdraw,,[8] Withdraw,[D] Withdraw,,[8] Withdraw,[D] Withdraw,,#N/A,#N/A,#N/A,#N/A,#N/A,#N/A,#N/A,#N/A,#N/A,#N/A,#N/A,#N/A,#N/A,#N/A,#N/A
06-006-02-000,06-06-02-000,"Barbaza, Antique",Barbaza,Antique,Region VI (Western Visayas),Municipality,4th,R6,A,I,#REF!,#REF!,https://bpbc.ibpls.com/barbazaantique,https://prod.ebpls.com/barbazaantique,2022-12,#N/A,#N/A,#N/A,[1] Operational,[A] Operational,,[1] Operational,[A] Operational,,[1] Operational,[A] Operational,,[1] Operational,[A] Operational,,[1] Operational,[A] Operational,,[1] Operational,[A] Operational,,[1] Operational,[A] Operational,,#N/A,#N/A,#N/A,#N/A,#N/A,#N/A,#N/A,#N/A,#N/A,#N/A,#N/A,#N/A,#N/A,#N/A,#N/A
05-062-02-000,05-62-02-000,"Barcelona, Sorsogon",Barcelona,Sorsogon,Region V (Bicol Region),Municipality,5th,R5,B,H,#REF!,#REF!,https://bpbc.ibpls.com/barcelonasorsogon,https://prod.ebpls.com/barcelonasorsogon,,#N/A,#N/A,#N/A,[1] Operational,[A] Operational,,[1] Operational,[A] Operational,,[1] Operational,[A] Operational,,[1] Operational,[A] Operational,,[1] Operational,[A] Operational,,[1] Operational,[A] Operational,,[1] Operational,[A] Operational,,#N/A,#N/A,#N/A,#N/A,#N/A,#N/A,#N/A,#N/A,#N/A,#N/A,#N/A,#N/A,#N/A,#N/A,#N/A
06-030-07-000,06-30-07-000,"Barotac Nuevo, Iloilo",Barotac Nuevo,Iloilo,Region VI (Western Visayas),Municipality,2nd,R6,A,I,#REF!,#REF!,https://bpbc.ibpls.com/barotacnuevoiloilo,https://prod.ebpls.com/barotacnuevoiloilo,2022-12,#N/A,#N/A,#N/A,[1] Operational,[A] Operational,,[1] Operational,[A] Operational,,[1] Operational,[A] Operational,,[1] Operational,[A] Operational,,[1] Operational,[A] Operational,,[1] Operational,[A] Operational,,[1] Operational,[A] Operational,,#N/A,#N/A,#N/A,#N/A,#N/A,#N/A,#N/A,#N/A,#N/A,#N/A,#N/A,#N/A,#N/A,#N/A,#N/A
07-012-05-000,07-12-05-000,"Baclayon, Bohol",Baclayon,Bohol,Region VII (Central Visayas),Municipality,4th,R7,B,J,#REF!,#REF!,,https://prod.ebpls.com/baclayonbohol,,#N/A,#N/A,#N/A,[8] Withdraw,[D] Withdraw,,[8] Withdraw,[D] Withdraw,,[8] Withdraw,[D] Withdraw,,[8] Withdraw,[D] Withdraw,,[8] Withdraw,[D] Withdraw,,[8] Withdraw,[D] Withdraw,,[8] Withdraw,[D] Withdraw,,#N/A,#N/A,#N/A,#N/A,#N/A,#N/A,#N/A,#N/A,#N/A,#N/A,#N/A,#N/A,#N/A,#N/A,#N/A
06-030-08-000,06-30-08-000,"Barotac Viejo, Iloilo",Barotac Viejo,Iloilo,Region VI (Western Visayas),Municipality,3rd,R6,A,I,#REF!,#REF!,https://bpbc.ibpls.com/barotacviejoiloilo,https://prod.ebpls.com/barotacviejoiloilo,2022-12,#N/A,#N/A,#N/A,[1] Operational,[A] Operational,,[1] Operational,[A] Operational,,[1] Operational,[A] Operational,,[1] Operational,[A] Operational,,[1] Operational,[A] Operational,,[1] Operational,[A] Operational,,[1] Operational,[A] Operational,,#N/A,#N/A,#N/A,#N/A,#N/A,#N/A,#N/A,#N/A,#N/A,#N/A,#N/A,#N/A,#N/A,#N/A,#N/A
10-035-03-000,10-35-03-000,"Baroy, Lanao del Norte",Baroy,Lanao del Norte,Region X (Northern Mindanao),Municipality,4th,R10,A,N,#REF!,#REF!,https://bpbc.ibpls.com/baroylanaodelnorte,https://prod.ebpls.com/baroylanaodelnorte,2022-12,#N/A,#N/A,#N/A,[1] Operational,[A] Operational,,[1] Operational,[A] Operational,,[1] Operational,[A] Operational,,[1] Operational,[A] Operational,,[1] Operational,[A] Operational,,[1] Operational,[A] Operational,,[1] Operational,[A] Operational,,#N/A,#N/A,#N/A,#N/A,#N/A,#N/A,#N/A,#N/A,#N/A,#N/A,#N/A,#N/A,#N/A,#N/A,#N/A
08-037-06-000,08-37-06-000,"Barugo, Leyte",Barugo,Leyte,Region VIII (Eastern Visayas),Municipality,4th,R8,A,K,#REF!,#REF!,https://bpbc.ibpls.com/barugoleyte,https://prod.ebpls.com/barugoleyte,2022-12,#N/A,#N/A,#N/A,[8] Withdraw,[D] Withdraw,Withdrawn,[8] Withdraw,[D] Withdraw,,[8] Withdraw,[D] Withdraw,Withdrawn,[8] Withdraw,[D] Withdraw,Withdrawn,[8] Withdraw,[D] Withdraw,Withdrawn,[8] Withdraw,[D] Withdraw,Withdrawn,[8] Withdraw,[D] Withdraw,Withdrawn,#N/A,#N/A,#N/A,#N/A,#N/A,#N/A,#N/A,#N/A,#N/A,#N/A,#N/A,#N/A,#N/A,#N/A,#N/A
07-046-05-000,07-46-05-000,"Basay, Negros Oriental",Basay,Negros Oriental,Region VII (Central Visayas),Municipality,4th,R7,A,J,#REF!,#REF!,https://bpbc.ibpls.com/basaynegrosoriental,https://prod.ebpls.com/basaynegrosoriental,2022-12,#N/A,#N/A,#N/A,[1] Operational,[A] Operational,,[1] Operational,[A] Operational,,[1] Operational,[A] Operational,,[1] Operational,[A] Operational,,[1] Operational,[A] Operational,,[1] Operational,[A] Operational,,[1] Operational,[A] Operational,,#N/A,#N/A,#N/A,#N/A,#N/A,#N/A,#N/A,#N/A,#N/A,#N/A,#N/A,#N/A,#N/A,#N/A,#N/A
08-060-02-000,08-60-02-000,"Basey, Samar",Basey,Samar,Region VIII (Eastern Visayas),Municipality,1st,R8,A,K,#REF!,#REF!,https://bpbc.ibpls.com/baseysamar,https://prod.ebpls.com/baseysamar,2022-12,#N/A,#N/A,#N/A,[1] Operational,[A] Operational,,[1] Operational,[A] Operational,,[1] Operational,[A] Operational,Normal Operations,[1] Operational,[A] Operational,Normal Operations,[1] Operational,[A] Operational,Normal Operations,[1] Operational,[A] Operational,Normal Operations,[1] Operational,[A] Operational,Normal Operations,#N/A,#N/A,#N/A,#N/A,#N/A,#N/A,#N/A,#N/A,#N/A,#N/A,#N/A,#N/A,#N/A,#N/A,#N/A
01-055-09-000,01-55-09-000,"Basista, Pangasinan",Basista,Pangasinan,Region I (Ilocos Region),Municipality,4th,R1,A,C,#REF!,#REF!,https://bpbc.ibpls.com/basistapangasinan,https://prod.ebpls.com/basistapangasinan,2022-12,#N/A,#N/A,#N/A,[1] Operational,[A] Operational,,[1] Operational,[A] Operational,,[1] Operational,[A] Operational,,[1] Operational,[A] Operational,,[1] Operational,[A] Operational,,[1] Operational,[A] Operational,,[1] Operational,[A] Operational,,#N/A,#N/A,#N/A,#N/A,#N/A,#N/A,#N/A,#N/A,#N/A,#N/A,#N/A,#N/A,#N/A,#N/A,#N/A
05-016-01-000,05-16-01-000,"Basud, Camarines Norte",Basud,Camarines Norte,Region V (Bicol Region),Municipality,3rd,R5,B,H,#REF!,#REF!,https://bpbc.ibpls.com/basudcamarinesnorte,https://prod.ebpls.com/basudcamarinesnorte,,#N/A,#N/A,#N/A,[1] Operational,[A] Operational,,[1] Operational,[A] Operational,,[1] Operational,[A] Operational,,[1] Operational,[A] Operational,,[1] Operational,[A] Operational,,[1] Operational,[A] Operational,,[1] Operational,[A] Operational,,#N/A,#N/A,#N/A,#N/A,#N/A,#N/A,#N/A,#N/A,#N/A,#N/A,#N/A,#N/A,#N/A,#N/A,#N/A
06-030-09-000,06-30-09-000,"Batad, Iloilo",Batad,Iloilo,Region VI (Western Visayas),Municipality,5th,R6,A,I,#REF!,#REF!,https://bpbc.ibpls.com/batadiloilo,https://prod.ebpls.com/batadiloilo,2022-12,#N/A,#N/A,#N/A,[1] Operational,[A] Operational,,[1] Operational,[A] Operational,,[1] Operational,[A] Operational,,[1] Operational,[A] Operational,,[1] Operational,[A] Operational,,[1] Operational,[A] Operational,,[1] Operational,[A] Operational,,#N/A,#N/A,#N/A,#N/A,#N/A,#N/A,#N/A,#N/A,#N/A,#N/A,#N/A,#N/A,#N/A,#N/A,#N/A
17-053-05-000,17-53-05-000,"Bataraza, Palawan",Bataraza,Palawan,MIMAROPA Region,Municipality,1st,R4B,A,G,#REF!,#REF!,https://bpbc.ibpls.com/batarazapalawan,https://prod.ebpls.com/batarazapalawan,2022-12,#N/A,#N/A,#N/A,[1] Operational,[A] Operational,,[1] Operational,[A] Operational,,[1] Operational,[A] Operational,,[1] Operational,[A] Operational,,[1] Operational,[A] Operational,,[1] Operational,[A] Operational,,[1] Operational,[A] Operational,,#N/A,#N/A,#N/A,#N/A,#N/A,#N/A,#N/A,#N/A,#N/A,#N/A,#N/A,#N/A,#N/A,#N/A,#N/A
05-020-03-000,05-20-03-000,"Bato, Catanduanes",Bato,Catanduanes,Region V (Bicol Region),Municipality,5th,R5,B,H,#REF!,#REF!,https://bpbc.ibpls.com/batocatanduanes,https://prod.ebpls.com/batocatanduanes,,#N/A,#N/A,#N/A,[8] Withdraw,[D] Withdraw,,[8] Withdraw,[D] Withdraw,,[8] Withdraw,[D] Withdraw,,[8] Withdraw,[D] Withdraw,,[8] Withdraw,[D] Withdraw,,[8] Withdraw,[D] Withdraw,,[8] Withdraw,[D] Withdraw,,#N/A,#N/A,#N/A,#N/A,#N/A,#N/A,#N/A,#N/A,#N/A,#N/A,#N/A,#N/A,#N/A,#N/A,#N/A
08-037-07-000,08-37-07-000,"Bato, Leyte",Bato,Leyte,Region VIII (Eastern Visayas),Municipality,4th*,R8,B,K,#REF!,#REF!,https://bpbc.ibpls.com/batoleyte,https://prod.ebpls.com/batoleyte,2022-02,#N/A,#N/A,#N/A,[1] Operational,[A] Operational,Normal Operations,[1] Operational,[A] Operational,,[1] Operational,[A] Operational,Normal Operations,[1] Operational,[A] Operational,Normal Operations,[1] Operational,[A] Operational,Normal Operations,[1] Operational,[A] Operational,Normal Operations,[1] Operational,[A] Operational,Normal Operations,#N/A,#N/A,#N/A,#N/A,#N/A,#N/A,#N/A,#N/A,#N/A,#N/A,#N/A,#N/A,#N/A,#N/A,#N/A
14-044-02-000,14-44-02-000,"Bauko, Mountain Province",Bauko,Mountain Province,Cordillera Administrative Region (CAR),Municipality,4th,CAR,B,B,#REF!,#REF!,https://bpbc.ibpls.com/baukomountainprovince,https://prod.ebpls.com/baukomtprovince,2023-01,#N/A,#N/A,#N/A,[1] Operational,[A] Operational,,[1] Operational,[A] Operational,,[1] Operational,[A] Operational,,[1] Operational,[A] Operational,,[1] Operational,[A] Operational,,[1] Operational,[A] Operational,,[1] Operational,[A] Operational,,#N/A,#N/A,#N/A,#N/A,#N/A,#N/A,#N/A,#N/A,#N/A,#N/A,#N/A,#N/A,#N/A,#N/A,#N/A
10-013-01-000,10-13-01-000,"Baungon, Bukidnon",Baungon,Bukidnon,Region X (Northern Mindanao),Municipality,2nd,R10,B,N,#REF!,#REF!,https://bpbc.ibpls.com/baungonbukidnon,https://prod.ebpls.com/baungonbukidnon,,#N/A,#N/A,#N/A,[8] Withdraw,[D] Withdraw,Will avail eLGU instead,[8] Withdraw,[D] Withdraw,Will avail eLGU instead,[8] Withdraw,[D] Withdraw,Will avail eLGU instead,[8] Withdraw,[D] Withdraw,Will avail eLGU instead,[8] Withdraw,[D] Withdraw,Will avail eLGU instead,[8] Withdraw,[D] Withdraw,Will avail eLGU instead,[8] Withdraw,[D] Withdraw,Will avail eLGU v2 instead,#N/A,#N/A,#N/A,#N/A,#N/A,#N/A,#N/A,#N/A,#N/A,#N/A,#N/A,#N/A,#N/A,#N/A,#N/A
01-055-10-000,01-55-10-000,"Bautista, Pangasinan",Bautista,Pangasinan,Region I (Ilocos Region),Municipality,4th,R1,A,C,#REF!,#REF!,https://bpbc.ibpls.com/bautistapangasinan,https://prod.ebpls.com/bautistapangasinan,2022-12,#N/A,#N/A,#N/A,[1] Operational,[A] Operational,,[1] Operational,[A] Operational,,[1] Operational,[A] Operational,,[1] Operational,[A] Operational,,[1] Operational,[A] Operational,,[1] Operational,[A] Operational,,[1] Operational,[A] Operational,,#N/A,#N/A,#N/A,#N/A,#N/A,#N/A,#N/A,#N/A,#N/A,#N/A,#N/A,#N/A,#N/A,#N/A,#N/A
16-068-02-000,16-68-02-000,"Bayabas, Surigao del Sur",Bayabas,Surigao del Sur,Region XIII (Caraga),Municipality,5th,R13,A,O,#REF!,#REF!,https://bpbc.ibpls.com/bayabassurigaodelsur,https://prod.ebpls.com/bayabassurigaodelsur,2022-12,#N/A,#N/A,#N/A,[1] Operational,[A] Operational,,[1] Operational,[A] Operational,,[1] Operational,[A] Operational,,[1] Operational,[A] Operational,,[1] Operational,[A] Operational,,[1] Operational,[A] Operational,,[1] Operational,[A] Operational,,#N/A,#N/A,#N/A,#N/A,#N/A,#N/A,#N/A,#N/A,#N/A,#N/A,#N/A,#N/A,#N/A,#N/A,#N/A
01-055-11-000,01-55-11-000,"Bayambang, Pangasinan",Bayambang,Pangasinan,Region I (Ilocos Region),Municipality,1st,R1,B,C,#REF!,#REF!,https://bpbc.ibpls.com/bayambangpangasinan,https://prod.ebpls.com/bayambangpangasinan,,#N/A,#N/A,#N/A,[1] Operational,[A] Operational,,[1] Operational,[A] Operational,,[1] Operational,[A] Operational,,[1] Operational,[A] Operational,,[1] Operational,[A] Operational,,[1] Operational,[A] Operational,,[1] Operational,[A] Operational,,#N/A,#N/A,#N/A,#N/A,#N/A,#N/A,#N/A,#N/A,#N/A,#N/A,#N/A,#N/A,#N/A,#N/A,#N/A
09-073-03-000,09-73-03-000,"Bayog, Zamboanga del Sur",Bayog,Zamboanga del Sur,Region IX (Zamboanga Peninsula),Municipality,3rd*,R9,A,L,#REF!,#REF!,https://bpbc.ibpls.com/bayogzamboangadelsur,https://prod.ebpls.com/bayogzamboangadelsur,2022-12,#N/A,#N/A,#N/A,[1] Operational,[A] Operational,,[1] Operational,[A] Operational,,[1] Operational,[A] Operational,,[1] Operational,[A] Operational,,[1] Operational,[A] Operational,,[1] Operational,[A] Operational,,[1] Operational,[A] Operational,,#N/A,#N/A,#N/A,#N/A,#N/A,#N/A,#N/A,#N/A,#N/A,#N/A,#N/A,#N/A,#N/A,#N/A,#N/A
06-006-03-000,06-06-03-000,"Belison, Antique",Belison,Antique,Region VI (Western Visayas),Municipality,5th,R6,A,I,#REF!,#REF!,https://bpbc.ibpls.com/belisonantique,https://prod.ebpls.com/belisonantique,2022-12,#N/A,#N/A,#N/A,[1] Operational,[A] Operational,,[1] Operational,[A] Operational,,[1] Operational,[A] Operational,,[1] Operational,[A] Operational,,[1] Operational,[A] Operational,,[1] Operational,[A] Operational,,[1] Operational,[A] Operational,,#N/A,#N/A,#N/A,#N/A,#N/A,#N/A,#N/A,#N/A,#N/A,#N/A,#N/A,#N/A,#N/A,#N/A,#N/A
02-031-04-000,02-31-04-000,"Benito Soliven, Isabela",Benito Soliven,Isabela,Region II (Cagayan Valley),Municipality,4th,R2,B,D,#REF!,#REF!,https://bpbc.ibpls.com/benitosolivenisabela,https://prod.ebpls.com/benitosolivenisabela,2023-01,#N/A,#N/A,#N/A,[1] Operational,[A] Operational,,[1] Operational,[A] Operational,,[1] Operational,[A] Operational,,[1] Operational,[A] Operational,,[1] Operational,[A] Operational,,[1] Operational,[A] Operational,,[1] Operational,[A] Operational,,#N/A,#N/A,#N/A,#N/A,#N/A,#N/A,#N/A,#N/A,#N/A,#N/A,#N/A,#N/A,#N/A,#N/A,#N/A
08-078-02-000,08-78-02-000,"Biliran, Biliran",Biliran,Biliran,Region VIII (Eastern Visayas),Municipality,5th,R8,A,K,#REF!,#REF!,https://bpbc.ibpls.com/biliranbiliran,https://prod.ebpls.com/biliranbiliran,2022-12,#N/A,#N/A,#N/A,[1] Operational,[A] Operational,Normal Operations,[1] Operational,[A] Operational,,[1] Operational,[A] Operational,Normal Operations,[1] Operational,[A] Operational,Normal Operations,[1] Operational,[A] Operational,Normal Operations,[1] Operational,[A] Operational,Normal Operations,[1] Operational,[A] Operational,Normal Operations,#N/A,#N/A,#N/A,#N/A,#N/A,#N/A,#N/A,#N/A,#N/A,#N/A,#N/A,#N/A,#N/A,#N/A,#N/A
01-055-12-000,01-55-12-000,"Binalonan, Pangasinan",Binalonan,Pangasinan,Region I (Ilocos Region),Municipality,1st,R1,A,C,#REF!,#REF!,https://bpbc.ibpls.com/binalonanpangasinan,https://prod.ebpls.com/binalonanpangasinan,2022-12,#N/A,#N/A,#N/A,[1] Operational,[A] Operational,,[1] Operational,[A] Operational,,[1] Operational,[A] Operational,,[1] Operational,[A] Operational,,[1] Operational,[A] Operational,,[1] Operational,[A] Operational,,[1] Operational,[A] Operational,,#N/A,#N/A,#N/A,#N/A,#N/A,#N/A,#N/A,#N/A,#N/A,#N/A,#N/A,#N/A,#N/A,#N/A,#N/A
06-030-10-000,06-30-10-000,"Bingawan, Iloilo",Bingawan,Iloilo,Region VI (Western Visayas),Municipality,5th,R6,A,I,#REF!,#REF!,https://bpbc.ibpls.com/bingawaniloilo,https://prod.ebpls.com/bingawaniloilo,2022-12,#N/A,#N/A,#N/A,[1] Operational,[A] Operational,,[1] Operational,[A] Operational,,[1] Operational,[A] Operational,,[1] Operational,[A] Operational,,[1] Operational,[A] Operational,,[1] Operational,[A] Operational,,[1] Operational,[A] Operational,,#N/A,#N/A,#N/A,#N/A,#N/A,#N/A,#N/A,#N/A,#N/A,#N/A,#N/A,#N/A,#N/A,#N/A,#N/A
07-046-03-000,07-46-03-000,"Bacong, Negros Oriental",Bacong,Negros Oriental,Region VII (Central Visayas),Municipality,4th,R7,A,J,#REF!,#REF!,,https://prod.ebpls.com/bacongnegrosoriental,2022-12,#N/A,#N/A,#N/A,[8] Withdraw,[D] Withdraw,,[8] Withdraw,[D] Withdraw,,[8] Withdraw,[D] Withdraw,,[8] Withdraw,[D] Withdraw,,[8] Withdraw,[D] Withdraw,,[8] Withdraw,[D] Withdraw,,[8] Withdraw,[D] Withdraw,,#N/A,#N/A,#N/A,#N/A,#N/A,#N/A,#N/A,#N/A,#N/A,#N/A,#N/A,#N/A,#N/A,#N/A,#N/A
01-055-13-000,01-55-13-000,"Binmaley, Pangasinan",Binmaley,Pangasinan,Region I (Ilocos Region),Municipality,1st,R1,B,C,#REF!,#REF!,https://bpbc.ibpls.com/binmaleypangasinan,https://prod.ebpls.com/binmaleypangasinan,,#N/A,#N/A,#N/A,[1] Operational,[A] Operational,,[1] Operational,[A] Operational,,[1] Operational,[A] Operational,,[1] Operational,[A] Operational,,[1] Operational,[A] Operational,,[1] Operational,[A] Operational,,[1] Operational,[A] Operational,,#N/A,#N/A,#N/A,#N/A,#N/A,#N/A,#N/A,#N/A,#N/A,#N/A,#N/A,#N/A,#N/A,#N/A,#N/A
08-048-03-000,08-48-03-000,"Bobon, Northern Samar",Bobon,Northern Samar,Region VIII (Eastern Visayas),Municipality,4th,R8,A,K,#REF!,#REF!,https://bpbc.ibpls.com/bobonnorthernsamar,https://prod.ebpls.com/bobonnorthernsamar,2022-12,#N/A,#N/A,#N/A,[1] Operational,[A] Operational,Normal Operations,[1] Operational,[A] Operational,,[1] Operational,[A] Operational,Normal Operations,[1] Operational,[A] Operational,Normal Operations,[1] Operational,[A] Operational,Normal Operations,[1] Operational,[A] Operational,Normal Operations,[1] Operational,[A] Operational,Normal Operations,#N/A,#N/A,#N/A,#N/A,#N/A,#N/A,#N/A,#N/A,#N/A,#N/A,#N/A,#N/A,#N/A,#N/A,#N/A
07-022-12-000,07-22-12-000,"Boljoon, Cebu",Boljoon,Cebu,Region VII (Central Visayas),Municipality,5th,R7,A,J,#REF!,#REF!,https://bpbc.ibpls.com/boljooncebu,https://prod.ebpls.com/boljooncebu,2022-12,#N/A,#N/A,#N/A,[1] Operational,[A] Operational,,[1] Operational,[A] Operational,,[1] Operational,[A] Operational,,[1] Operational,[A] Operational,,[1] Operational,[A] Operational,,[1] Operational,[A] Operational,,[1] Operational,[A] Operational,,#N/A,#N/A,#N/A,#N/A,#N/A,#N/A,#N/A,#N/A,#N/A,#N/A,#N/A,#N/A,#N/A,#N/A,#N/A
05-041-02-000,05-41-02-000,"Baleno, Masbate",Baleno,Masbate,Region V (Bicol Region),Municipality,4th,R5,B,H,#REF!,#REF!,,https://prod.ebpls.com/balenomasbate,,#N/A,#N/A,#N/A,[8] Withdraw,[D] Withdraw,,[8] Withdraw,[D] Withdraw,,[8] Withdraw,[D] Withdraw,,[8] Withdraw,[D] Withdraw,,[8] Withdraw,[D] Withdraw,,[8] Withdraw,[D] Withdraw,,[8] Withdraw,[D] Withdraw,,#N/A,#N/A,#N/A,#N/A,#N/A,#N/A,#N/A,#N/A,#N/A,#N/A,#N/A,#N/A,#N/A,#N/A,#N/A
03-049-02-000,03-49-02-000,"Bongabon, Nueva Ecija",Bongabon,Nueva Ecija,Region III (Central Luzon),Municipality,2nd,R3,A,E,#REF!,#REF!,https://bpbc.ibpls.com/bongabonnuevaecija,https://prod.ebpls.com/bongabonnuevaecija/.php/login,2022-12,#N/A,#N/A,#N/A,[1] Operational,[A] Operational,,[1] Operational,[A] Operational,,[1] Operational,[A] Operational,,[1] Operational,[A] Operational,,[1] Operational,[A] Operational,,[1] Operational,[A] Operational,,[1] Operational,[A] Operational,,#N/A,#N/A,#N/A,#N/A,#N/A,#N/A,#N/A,#N/A,#N/A,#N/A,#N/A,#N/A,#N/A,#N/A,#N/A
17-052-03-000,17-52-03-000,"Bongabong, Oriental Mindoro",Bongabong,Oriental Mindoro,MIMAROPA Region,Municipality,1st,R4B,A,G,#REF!,#REF!,https://bpbc.ibpls.com/bongabongorientalmindoro,https://prod.ebpls.com/bongabongorientalmindoro/.php/login,2022-12,#N/A,#N/A,#N/A,[1] Operational,[A] Operational,,[1] Operational,[A] Operational,,[1] Operational,[A] Operational,,[1] Operational,[A] Operational,,[1] Operational,[A] Operational,,[1] Operational,[A] Operational,,[1] Operational,[A] Operational,,#N/A,#N/A,#N/A,#N/A,#N/A,#N/A,#N/A,#N/A,#N/A,#N/A,#N/A,#N/A,#N/A,#N/A,#N/A
19-070-02-000,15-70-02-000,"Bongao, Tawi-Tawi",Bongao,Tawi-Tawi,Bangsamoro Autonomous Region In Muslim Mindanao (BARMM),Municipality,2nd,BARMM I,A,M,#REF!,#REF!,https://bpbc.ibpls.com/bongaotawitawi,https://prod.ebpls.com/bongaotawitawi,2022-12,#N/A,#N/A,#N/A,[1] Operational,[A] Operational,,[1] Operational,[A] Operational,,[1] Operational,[A] Operational,,[1] Operational,[A] Operational,,[1] Operational,[A] Operational,,[1] Operational,[A] Operational,,[1] Operational,[A] Operational,,#N/A,#N/A,#N/A,#N/A,#N/A,#N/A,#N/A,#N/A,#N/A,#N/A,#N/A,#N/A,#N/A,#N/A,#N/A
10-042-03-000,10-42-03-000,"Bonifacio, Misamis Occidental",Bonifacio,Misamis Occidental,Region X (Northern Mindanao),Municipality,4th,R10,A,N,#REF!,#REF!,https://bpbc.ibpls.com/bonifaciomisamisoccidental,https://prod.ebpls.com/bonifaciomisamisoccidental,2022-12,#N/A,#N/A,#N/A,[1] Operational,[A] Operational,,[1] Operational,[A] Operational,,[1] Operational,[A] Operational,,[1] Operational,[A] Operational,,[1] Operational,[A] Operational,,[1] Operational,[A] Operational,,[1] Operational,[A] Operational,,#N/A,#N/A,#N/A,#N/A,#N/A,#N/A,#N/A,#N/A,#N/A,#N/A,#N/A,#N/A,#N/A,#N/A,#N/A
14-044-04-000,14-44-04-000,"Bontoc, Mountain Province",Bontoc,Mountain Province,Cordillera Administrative Region (CAR),Municipality,2nd,CAR,A,B,#REF!,#REF!,https://bpbc.ibpls.com/bontocmountainprovince,https://prod.ebpls.com/bontocmountainprovince,2022-12,#N/A,#N/A,#N/A,[1] Operational,[A] Operational,,[1] Operational,[A] Operational,,[1] Operational,[A] Operational,,[1] Operational,[A] Operational,,[1] Operational,[A] Operational,,[1] Operational,[A] Operational,,[1] Operational,[A] Operational,,#N/A,#N/A,#N/A,#N/A,#N/A,#N/A,#N/A,#N/A,#N/A,#N/A,#N/A,#N/A,#N/A,#N/A,#N/A
08-064-02-000,08-64-02-000,"Bontoc, Southern Leyte",Bontoc,Southern Leyte,Region VIII (Eastern Visayas),Municipality,4th*,R8,A,K,#REF!,#REF!,https://bpbc.ibpls.com/bontocsouthernleyte,https://prod.ebpls.com/bontocsouthernleyte,2022-12,#N/A,#N/A,#N/A,[1] Operational,[A] Operational,Normal Operations,[1] Operational,[A] Operational,,[1] Operational,[A] Operational,Normal Operations,[1] Operational,[A] Operational,Normal Operations,[1] Operational,[A] Operational,Normal Operations,[1] Operational,[A] Operational,Normal Operations,[1] Operational,[A] Operational,Normal Operations,#N/A,#N/A,#N/A,#N/A,#N/A,#N/A,#N/A,#N/A,#N/A,#N/A,#N/A,#N/A,#N/A,#N/A,#N/A
11-025-03-000,11-25-03-000,"Boston, Davao Oriental",Boston,Davao Oriental,Region XI (Davao Region),Municipality,3rd,R11,B,P,#REF!,#REF!,https://bpbc.ibpls.com/bostondavaooriental,https://prod.ebpls.com/bostondavaooriental,2023-01,#N/A,#N/A,#N/A,[1] Operational,[A] Operational,,[1] Operational,[A] Operational,,[1] Operational,[A] Operational,,[1] Operational,[A] Operational,,[1] Operational,[A] Operational,,[1] Operational,[A] Operational,,[1] Operational,[A] Operational,,#N/A,#N/A,#N/A,#N/A,#N/A,#N/A,#N/A,#N/A,#N/A,#N/A,#N/A,#N/A,#N/A,#N/A,#N/A
03-071-01-000,03-71-01-000,"Botolan, Zambales",Botolan,Zambales,Region III (Central Luzon),Municipality,1st,R3,A,E,#REF!,#REF!,https://bpbc.ibpls.com/botolanzambales,https://prod.ebpls.com/botolanzambales,2022-12,#N/A,#N/A,#N/A,[1] Operational,[A] Operational,,[1] Operational,[A] Operational,,[1] Operational,[A] Operational,,[1] Operational,[A] Operational,,[1] Operational,[A] Operational,,[1] Operational,[A] Operational,,[1] Operational,[A] Operational,,#N/A,#N/A,#N/A,#N/A,#N/A,#N/A,#N/A,#N/A,#N/A,#N/A,#N/A,#N/A,#N/A,#N/A,#N/A
17-053-06-000,17-53-06-000,"Brooke'S Point, Palawan",Brooke'S Point,Palawan,MIMAROPA Region,Municipality,1st,R4B,B,G,#REF!,#REF!,https://bpbc.ibpls.com/brookespointpalawan,https://prod.ebpls.com/brookespointpalawan/.php/login,,#N/A,#N/A,#N/A,[6] With Concerns,[C] For Training/Others,,[6] With Concerns,[C] For Training/Others,,[6] With Concerns,[C] For Training/Others,,[6] With Concerns,[C] For Training/Others,,[6] With Concerns,[C] For Training/Others,,[6] With Concerns,[C] For Training/Others,,[6] With Concerns,[C] For Training/Others,,#N/A,#N/A,#N/A,#N/A,#N/A,#N/A,#N/A,#N/A,#N/A,#N/A,#N/A,#N/A,#N/A,#N/A,#N/A
16-002-01-000,16-02-01-000,"Buenavista, Agusan del Norte",Buenavista,Agusan del Norte,Region XIII (Caraga),Municipality,1st,R13,A,O,#REF!,#REF!,https://bpbc.ibpls.com/buenavistaagusandelnorte,https://prod.ebpls.com/buenavistaagusandelnorte,2022-12,#N/A,#N/A,#N/A,[1] Operational,[A] Operational,,[1] Operational,[A] Operational,,[1] Operational,[A] Operational,,[1] Operational,[A] Operational,,[1] Operational,[A] Operational,,[1] Operational,[A] Operational,,[1] Operational,[A] Operational,,#N/A,#N/A,#N/A,#N/A,#N/A,#N/A,#N/A,#N/A,#N/A,#N/A,#N/A,#N/A,#N/A,#N/A,#N/A
07-012-09-000,07-12-09-000,"Buenavista, Bohol",Buenavista,Bohol,Region VII (Central Visayas),Municipality,4th,R7,A,J,#REF!,#REF!,https://bpbc.ibpls.com/buenavistabohol,https://prod.ebpls.com/buenavistabohol,2022-12,#N/A,#N/A,#N/A,[1] Operational,[A] Operational,,[1] Operational,[A] Operational,,[1] Operational,[A] Operational,,[1] Operational,[A] Operational,,[1] Operational,[A] Operational,,[1] Operational,[A] Operational,,[1] Operational,[A] Operational,,#N/A,#N/A,#N/A,#N/A,#N/A,#N/A,#N/A,#N/A,#N/A,#N/A,#N/A,#N/A,#N/A,#N/A,#N/A
17-040-02-000,17-40-02-000,"Buenavista, Marinduque",Buenavista,Marinduque,MIMAROPA Region,Municipality,4th,R4B,A,G,#REF!,#REF!,https://bpbc.ibpls.com/buenavistamarinduque,https://prod.ebpls.com/buenavistamarinduque/.php/login,2022-12,#N/A,#N/A,#N/A,[1] Operational,[A] Operational,,[1] Operational,[A] Operational,,[1] Operational,[A] Operational,,[1] Operational,[A] Operational,,[1] Operational,[A] Operational,,[1] Operational,[A] Operational,,[1] Operational,[A] Operational,,#N/A,#N/A,#N/A,#N/A,#N/A,#N/A,#N/A,#N/A,#N/A,#N/A,#N/A,#N/A,#N/A,#N/A,#N/A
04-056-05-000,04-56-05-000,"Buenavista, Quezon",Buenavista,Quezon,Region IV-A (CALABARZON),Municipality,4th,R4A,B,F,#REF!,#REF!,https://bpbc.ibpls.com/buenavistaquezon,https://prod.ebpls.com/buenavistaquezon,2023-01,#N/A,#N/A,#N/A,[1] Operational,[A] Operational,,[1] Operational,[A] Operational,,[1] Operational,[A] Operational,,[1] Operational,[A] Operational,,[1] Operational,[A] Operational,,[1] Operational,[A] Operational,,[1] Operational,[A] Operational,,#N/A,#N/A,#N/A,#N/A,#N/A,#N/A,#N/A,#N/A,#N/A,#N/A,#N/A,#N/A,#N/A,#N/A,#N/A
01-055-15-000,01-55-15-000,"Bugallon, Pangasinan",Bugallon,Pangasinan,Region I (Ilocos Region),Municipality,2nd,R1,A,C,#REF!,#REF!,https://bpbc.ibpls.com/bugallonpangasinan,https://prod.ebpls.com/bugallonpangasinan,2022-12,#N/A,#N/A,#N/A,[1] Operational,[A] Operational,,[1] Operational,[A] Operational,,[1] Operational,[A] Operational,,[1] Operational,[A] Operational,,[1] Operational,[A] Operational,,[1] Operational,[A] Operational,,[1] Operational,[A] Operational,,#N/A,#N/A,#N/A,#N/A,#N/A,#N/A,#N/A,#N/A,#N/A,#N/A,#N/A,#N/A,#N/A,#N/A,#N/A
06-006-04-000,06-06-04-000,"Bugasong, Antique",Bugasong,Antique,Region VI (Western Visayas),Municipality,3rd,R6,A,I,#REF!,#REF!,https://bpbc.ibpls.com/bugasongantique,https://prod.ebpls.com/bugasongantique,2022-12,#N/A,#N/A,#N/A,[1] Operational,[A] Operational,,[1] Operational,[A] Operational,,[1] Operational,[A] Operational,,[1] Operational,[A] Operational,,[1] Operational,[A] Operational,,[1] Operational,[A] Operational,,[1] Operational,[A] Operational,,#N/A,#N/A,#N/A,#N/A,#N/A,#N/A,#N/A,#N/A,#N/A,#N/A,#N/A,#N/A,#N/A,#N/A,#N/A
02-015-08-000,02-15-08-000,"Buguey, Cagayan",Buguey,Cagayan,Region II (Cagayan Valley),Municipality,3rd,R2,A,D,#REF!,#REF!,https://bpbc.ibpls.com/bugueycagayan,https://prod.ebpls.com/bugueycagayan/,2022-12,#N/A,#N/A,#N/A,[1] Operational,[A] Operational,,[1] Operational,[A] Operational,,[1] Operational,[A] Operational,,[1] Operational,[A] Operational,,[1] Operational,[A] Operational,,[1] Operational,[A] Operational,,[6] With Concerns,[C] For Training/Others,,#N/A,#N/A,#N/A,#N/A,#N/A,#N/A,#N/A,#N/A,#N/A,#N/A,#N/A,#N/A,#N/A,#N/A,#N/A
05-017-06-000,05-17-06-000,"Bula, Camarines Sur",Bula,Camarines Sur,Region V (Bicol Region),Municipality,2nd,R5,A,H,#REF!,#REF!,https://bpbc.ibpls.com/bulacamarinessur,https://prod.ebpls.com/bulacamarinessur,2022-12,#N/A,#N/A,#N/A,[1] Operational,,,[1] Operational,[A] Operational,,[1] Operational,[A] Operational,,[1] Operational,[A] Operational,,[1] Operational,[A] Operational,,[1] Operational,[A] Operational,,[1] Operational,[A] Operational,,#N/A,#N/A,#N/A,#N/A,#N/A,#N/A,#N/A,#N/A,#N/A,#N/A,#N/A,#N/A,#N/A,#N/A,#N/A
17-052-04-000,17-52-04-000,"Bulalacao, Oriental Mindoro",Bulalacao,Oriental Mindoro,MIMAROPA Region,Municipality,3rd,R4B,B,G,#REF!,#REF!,https://bpbc.ibpls.com/bulalacaoorientalmindoro,https://prod.ebpls.com/bulalacaoorientalmindoro/.php/login,2023-01,#N/A,#N/A,#N/A,[1] Operational,[A] Operational,,[1] Operational,[A] Operational,,[1] Operational,[A] Operational,,[1] Operational,[A] Operational,,[1] Operational,[A] Operational,,[1] Operational,[A] Operational,,[1] Operational,[A] Operational,,#N/A,#N/A,#N/A,#N/A,#N/A,#N/A,#N/A,#N/A,#N/A,#N/A,#N/A,#N/A,#N/A,#N/A,#N/A
05-062-03-000,05-62-03-000,"Bulan, Sorsogon",Bulan,Sorsogon,Region V (Bicol Region),Municipality,1st,R5,A,H,#REF!,#REF!,https://bpbc.ibpls.com/bulansorsogon,https://prod.ebpls.com/bulansorsogon,2022-12,#N/A,#N/A,#N/A,[1] Operational,[A] Operational,,[1] Operational,[A] Operational,,[1] Operational,[A] Operational,,[1] Operational,[A] Operational,,[1] Operational,[A] Operational,,[1] Operational,[A] Operational,,[1] Operational,[A] Operational,,#N/A,#N/A,#N/A,#N/A,#N/A,#N/A,#N/A,#N/A,#N/A,#N/A,#N/A,#N/A,#N/A,#N/A,#N/A
05-062-04-000,05-62-04-000,"Bulusan, Sorsogon",Bulusan,Sorsogon,Region V (Bicol Region),Municipality,4th,R5,B,H,#REF!,#REF!,https://bpbc.ibpls.com/bulusansorsogon,https://prod.ebpls.com/bulusansorsogon,,#N/A,#N/A,#N/A,[1] Operational,[A] Operational,,[1] Operational,[A] Operational,,[1] Operational,[A] Operational,,[1] Operational,[A] Operational,,[1] Operational,[A] Operational,,[1] Operational,[A] Operational,,[1] Operational,[A] Operational,,#N/A,#N/A,#N/A,#N/A,#N/A,#N/A,#N/A,#N/A,#N/A,#N/A,#N/A,#N/A,#N/A,#N/A,#N/A
02-031-05-000,02-31-05-000,"Burgos, Isabela",Burgos,Isabela,Region II (Cagayan Valley),Municipality,4th,R2,B,D,#REF!,#REF!,https://bpbc.ibpls.com/burgosisabela,https://prod.ebpls.com/burgosisabela,2023-01,#N/A,#N/A,#N/A,[1] Operational,[A] Operational,,[1] Operational,[A] Operational,,[1] Operational,[A] Operational,,[1] Operational,[A] Operational,,[1] Operational,[A] Operational,,[1] Operational,[A] Operational,,[1] Operational,[A] Operational,,#N/A,#N/A,#N/A,#N/A,#N/A,#N/A,#N/A,#N/A,#N/A,#N/A,#N/A,#N/A,#N/A,#N/A,#N/A
01-033-08-000,01-33-08-000,"Burgos, La Union",Burgos,La Union,Region I (Ilocos Region),Municipality,5th,R1,B,C,#REF!,#REF!,https://bpbc.ibpls.com/burgoslaunion,https://prod.ebpls.com/burgoslaunion,,#N/A,#N/A,#N/A,[1] Operational,[A] Operational,,[1] Operational,[A] Operational,,[1] Operational,[A] Operational,,[1] Operational,[A] Operational,,[1] Operational,[A] Operational,,[1] Operational,[A] Operational,,[1] Operational,[A] Operational,,#N/A,#N/A,#N/A,#N/A,#N/A,#N/A,#N/A,#N/A,#N/A,#N/A,#N/A,#N/A,#N/A,#N/A,#N/A
16-067-04-000,16-67-04-000,"Burgos, Surigao del Norte",Burgos,Surigao del Norte,Region XIII (Caraga),Municipality,6th,R13,A,O,#REF!,#REF!,https://bpbc.ibpls.com/burgossurigaodelnorte,	https://prod.ebpls.com/burgossurigaodelnorte,2022-12,#N/A,#N/A,#N/A,[1] Operational,[A] Operational,,[1] Operational,[A] Operational,,[1] Operational,[A] Operational,,[1] Operational,[A] Operational,,[1] Operational,[A] Operational,,[1] Operational,[A] Operational,,[1] Operational,[A] Operational,,#N/A,#N/A,#N/A,#N/A,#N/A,#N/A,#N/A,#N/A,#N/A,#N/A,#N/A,#N/A,#N/A,#N/A,#N/A
07-012-06-000,07-12-06-000,"Balilihan, Bohol",Balilihan,Bohol,Region VII (Central Visayas),Municipality,4th,R7,B,J,#REF!,#REF!,,NO INSTANCE,,#N/A,#N/A,#N/A,[8] Withdraw,[D] Withdraw,,[8] Withdraw,[D] Withdraw,,[8] Withdraw,[D] Withdraw,,[8] Withdraw,[D] Withdraw,,[8] Withdraw,[D] Withdraw,,[8] Withdraw,[D] Withdraw,,[8] Withdraw,[D] Withdraw,,#N/A,#N/A,#N/A,#N/A,#N/A,#N/A,#N/A,#N/A,#N/A,#N/A,#N/A,#N/A,#N/A,#N/A,#N/A
06-004-05-000,06-04-05-000,"Buruanga, Aklan",Buruanga,Aklan,Region VI (Western Visayas),Municipality,5th,R6,A,I,#REF!,#REF!,https://bpbc.ibpls.com/buruangaaklan,https://prod.ebpls.com/buruangaaklan,2022-12,#N/A,#N/A,#N/A,[1] Operational,[A] Operational,,[1] Operational,[A] Operational,,[1] Operational,[A] Operational,,[1] Operational,[A] Operational,,[1] Operational,[A] Operational,,[1] Operational,[A] Operational,,[1] Operational,[A] Operational,,#N/A,#N/A,#N/A,#N/A,#N/A,#N/A,#N/A,#N/A,#N/A,#N/A,#N/A,#N/A,#N/A,#N/A,#N/A
03-014-06-000,03-14-06-000,"Bustos, Bulacan",Bustos,Bulacan,Region III (Central Luzon),Municipality,2nd,R3,A,E,#REF!,#REF!,https://bpbc.ibpls.com/bustosbulacan,https://prod.ebpls.com/bustosbulacan,2022-12,#N/A,#N/A,#N/A,[1] Operational,[A] Operational,,[1] Operational,[A] Operational,,[1] Operational,[A] Operational,,[1] Operational,[A] Operational,,[1] Operational,[A] Operational,,[1] Operational,[A] Operational,,[1] Operational,[A] Operational,,#N/A,#N/A,#N/A,#N/A,#N/A,#N/A,#N/A,#N/A,#N/A,#N/A,#N/A,#N/A,#N/A,#N/A,#N/A
17-053-07-000,17-53-07-000,"Busuanga, Palawan",Busuanga,Palawan,MIMAROPA Region,Municipality,3rd,R4B,A,G,#REF!,#REF!,https://bpbc.ibpls.com/busuangapalawan,https://prod.ebpls.com/busuangapalawan/.php/login,2022-12,#N/A,#N/A,#N/A,[1] Operational,[A] Operational,,[1] Operational,[A] Operational,,[1] Operational,[A] Operational,,[1] Operational,[A] Operational,,[1] Operational,[A] Operational,,[1] Operational,[A] Operational,,[1] Operational,[A] Operational,,#N/A,#N/A,#N/A,#N/A,#N/A,#N/A,#N/A,#N/A,#N/A,#N/A,#N/A,#N/A,#N/A,#N/A,#N/A
09-083-02-000,09-83-02-000,"Buug, Zamboanga Sibugay",Buug,Zamboanga Sibugay,Region IX (Zamboanga Peninsula),Municipality,3rd,R9,B,L,#REF!,#REF!,https://bpbc.ibpls.com/buugzamboangasibugay,https://prod.ebpls.com/buugzamboangasibugay/,,#N/A,#N/A,#N/A,[8] Withdraw,[D] Withdraw,LGU submitted letter of withdrawal on August 2024 to pave way for the implementation of eLGU. LOI for the eGOV-eLGU received from the LGU,[8] Withdraw,[D] Withdraw,LGU submitted letter of withdrawal on August 2024 to pave way for the implementation of eLGU. LOI for the eGOV-eLGU received from the LGU,[8] Withdraw,[D] Withdraw,LGU submitted letter of withdrawal on August 2024 to pave way for the implementation of eLGU. LOI for the eGOV-eLGU received from the LGU,[8] Withdraw,[D] Withdraw,LGU submitted letter of withdrawal on August 2024 to pave way for the implementation of eLGU. LOI for the eGOV-eLGU received from the LGU,[8] Withdraw,[D] Withdraw,LGU submitted letter of withdrawal on August 2024 to pave way for the implementation of eLGU. LOI for the eGOV-eLGU received from the LGU,[8] Withdraw,[D] Withdraw,LGU submitted letter of withdrawal on August 2024 to pave way for the implementation of eLGU. LOI for the eGOV-eLGU received from the LGU,[8] Withdraw,[D] Withdraw,LGU submitted letter of withdrawal on August 2024 to pave way for the implementation of eLGU. LOI for the eGOV-eLGU received from the LGU,#N/A,#N/A,#N/A,#N/A,#N/A,#N/A,#N/A,#N/A,#N/A,#N/A,#N/A,#N/A,#N/A,#N/A,#N/A
01-033-09-000,01-33-09-000,"Caba, La Union",Caba,La Union,Region I (Ilocos Region),Municipality,4th,R1,A,C,#REF!,#REF!,https://bpbc.ibpls.com/cabalaunion,https://prod.ebpls.com/cabalaunion,2022-12,#N/A,#N/A,#N/A,[1] Operational,[A] Operational,,[1] Operational,[A] Operational,,[1] Operational,[A] Operational,,[1] Operational,[A] Operational,,[1] Operational,[A] Operational,,[1] Operational,[A] Operational,,[1] Operational,[A] Operational,,#N/A,#N/A,#N/A,#N/A,#N/A,#N/A,#N/A,#N/A,#N/A,#N/A,#N/A,#N/A,#N/A,#N/A,#N/A
02-031-06-000,02-31-06-000,"Cabagan, Isabela",Cabagan,Isabela,Region II (Cagayan Valley),Municipality,1st,R2,A,D,#REF!,#REF!,https://bpbc.ibpls.com/cabaganisabela,https://prod.ebpls.com/cabaganisabela,2022-12,#N/A,#N/A,#N/A,[1] Operational,[A] Operational,,[1] Operational,[A] Operational,,[1] Operational,[A] Operational,,[1] Operational,[A] Operational,,[1] Operational,[A] Operational,,[1] Operational,[A] Operational,,[1] Operational,[A] Operational,,#N/A,#N/A,#N/A,#N/A,#N/A,#N/A,#N/A,#N/A,#N/A,#N/A,#N/A,#N/A,#N/A,#N/A,#N/A
03-071-02-000,03-71-02-000,"Cabangan, Zambales",Cabangan,Zambales,Region III (Central Luzon),Municipality,4th,R3,B,E,#REF!,#REF!,https://bpbc.ibpls.com/cabanganzambales,https://prod.ebpls.com/cabanganzambales,,#N/A,#N/A,#N/A,[1] Operational,[A] Operational,,[1] Operational,[A] Operational,,[1] Operational,[A] Operational,,[1] Operational,[A] Operational,,[1] Operational,[A] Operational,,[1] Operational,[A] Operational,,[1] Operational,[A] Operational,,#N/A,#N/A,#N/A,#N/A,#N/A,#N/A,#N/A,#N/A,#N/A,#N/A,#N/A,#N/A,#N/A,#N/A,#N/A
02-057-02-000,02-57-02-000,"Cabarroguis, Quirino",Cabarroguis,Quirino,Region II (Cagayan Valley),Municipality,3rd,R2,A,D,#REF!,#REF!,https://bpbc.ibpls.com/cabarroguisquirino,https://prod.ebpls.com/cabarroguisquirino,2022-12,#N/A,#N/A,#N/A,[1] Operational,[A] Operational,,[1] Operational,[A] Operational,,[1] Operational,[A] Operational,,[1] Operational,[A] Operational,,[1] Operational,[A] Operational,,[1] Operational,[A] Operational,,[1] Operational,[A] Operational,,#N/A,#N/A,#N/A,#N/A,#N/A,#N/A,#N/A,#N/A,#N/A,#N/A,#N/A,#N/A,#N/A,#N/A,#N/A
06-030-12-000,06-30-12-000,"Cabatuan, Iloilo",Cabatuan,Iloilo,Region VI (Western Visayas),Municipality,2nd,R6,A,I,#REF!,#REF!,https://bpbc.ibpls.com/cabatuaniloilo,https://prod.ebpls.com/cabatuaniloilo,2022-12,#N/A,#N/A,#N/A,[1] Operational,[A] Operational,,[1] Operational,[A] Operational,,[1] Operational,[A] Operational,,[1] Operational,[A] Operational,,[1] Operational,[A] Operational,,[1] Operational,[A] Operational,,[1] Operational,[A] Operational,,#N/A,#N/A,#N/A,#N/A,#N/A,#N/A,#N/A,#N/A,#N/A,#N/A,#N/A,#N/A,#N/A,#N/A,#N/A
03-049-04-000,03-49-04-000,"Cabiao, Nueva Ecija",Cabiao,Nueva Ecija,Region III (Central Luzon),Municipality,1st,R3,B,E,#REF!,#REF!,https://bpbc.ibpls.com/cabiaonuevaecija,https://prod.ebpls.com/cabiaonuevaecija,,#N/A,#N/A,#N/A,[1] Operational,[A] Operational,,[1] Operational,[A] Operational,,[1] Operational,[A] Operational,,[1] Operational,[A] Operational,,[1] Operational,[A] Operational,,[1] Operational,[A] Operational,,[1] Operational,[A] Operational,,#N/A,#N/A,#N/A,#N/A,#N/A,#N/A,#N/A,#N/A,#N/A,#N/A,#N/A,#N/A,#N/A,#N/A,#N/A
17-053-08-000,17-53-08-000,"Cagayancillo, Palawan",Cagayancillo,Palawan,MIMAROPA Region,Municipality,6th,R4B,B,G,#REF!,#REF!,https://bpbc.ibpls.com/cagayancillopalawan,https://prod.ebpls.com/cagayancillopalawan,,#N/A,#N/A,#N/A,[1] Operational,[A] Operational,,[1] Operational,[A] Operational,,[1] Operational,[A] Operational,,[1] Operational,[A] Operational,,[1] Operational,[A] Operational,,[1] Operational,[A] Operational,,[1] Operational,[A] Operational,,#N/A,#N/A,#N/A,#N/A,#N/A,#N/A,#N/A,#N/A,#N/A,#N/A,#N/A,#N/A,#N/A,#N/A,#N/A
16-085-02-000,16-85-02-000,"Cagdianao, Dinagat Islands",Cagdianao,Dinagat Islands,Region XIII (Caraga),Municipality,3rd,R13,A,O,#REF!,#REF!,https://bpbc.ibpls.com/cagdianaodinagatislands,https://prod.ebpls.com/cagdianaodinagatislands,2022-12,#N/A,#N/A,#N/A,[1] Operational,[A] Operational,,[1] Operational,[A] Operational,,[1] Operational,[A] Operational,,[1] Operational,[A] Operational,,[1] Operational,[A] Operational,,[1] Operational,[A] Operational,,[1] Operational,[A] Operational,,#N/A,#N/A,#N/A,#N/A,#N/A,#N/A,#N/A,#N/A,#N/A,#N/A,#N/A,#N/A,#N/A,#N/A,#N/A
16-068-04-000,16-68-04-000,"Cagwait, Surigao del Sur",Cagwait,Surigao del Sur,Region XIII (Caraga),Municipality,4th,R13,A,O,#REF!,#REF!,https://bpbc.ibpls.com/cagwaitsurigaodelsur,https://prod.ebpls.com/cagwaitsurigaodelsur,2022-12,#N/A,#N/A,#N/A,[1] Operational,[A] Operational,,[1] Operational,[A] Operational,,[1] Operational,[A] Operational,,[1] Operational,[A] Operational,,[1] Operational,[A] Operational,,[1] Operational,[A] Operational,,[1] Operational,[A] Operational,,#N/A,#N/A,#N/A,#N/A,#N/A,#N/A,#N/A,#N/A,#N/A,#N/A,#N/A,#N/A,#N/A,#N/A,#N/A
08-078-04-000,08-78-04-000,"Caibiran, Biliran",Caibiran,Biliran,Region VIII (Eastern Visayas),Municipality,5th*,R8,B,K,#REF!,#REF!,https://bpbc.ibpls.com/caibiranbiliran,https://prod.ebpls.com/caibiranbiliran,,#N/A,#N/A,#N/A,[1] Operational,[A] Operational,,[1] Operational,[A] Operational,,[1] Operational,[A] Operational,,[1] Operational,[A] Operational,,[1] Operational,[A] Operational,,[1] Operational,[A] Operational,Normal Operations,[1] Operational,[A] Operational,Normal Operations,#N/A,#N/A,#N/A,#N/A,#N/A,#N/A,#N/A,#N/A,#N/A,#N/A,#N/A,#N/A,#N/A,#N/A,#N/A
17-059-03-000,17-59-03-000,"Cajidiocan, Romblon",Cajidiocan,Romblon,MIMAROPA Region,Municipality,4th,R4B,B,G,#REF!,#REF!,https://bpbc.ibpls.com/cajidiocanromblon,https://prod.ebpls.com/cajidiocanromblon/,,#N/A,#N/A,#N/A,[1] Operational,[A] Operational,,[1] Operational,[A] Operational,,[1] Operational,[A] Operational,,[1] Operational,[A] Operational,,[1] Operational,[A] Operational,,[1] Operational,[A] Operational,,[1] Operational,[A] Operational,,#N/A,#N/A,#N/A,#N/A,#N/A,#N/A,#N/A,#N/A,#N/A,#N/A,#N/A,#N/A,#N/A,#N/A,#N/A
10-042-04-000,10-42-04-000,"Calamba, Misamis Occidental",Calamba,Misamis Occidental,Region X (Northern Mindanao),Municipality,4th,R10,A,N,#REF!,#REF!,https://bpbc.ibpls.com/calambamisamisoccidental,https://prod.ebpls.com/calambamisamisoccidental,2022-12,#N/A,#N/A,#N/A,[1] Operational,[A] Operational,,[1] Operational,[A] Operational,,[1] Operational,[A] Operational,,[1] Operational,[A] Operational,,[1] Operational,[A] Operational,,[1] Operational,[A] Operational,,[1] Operational,[A] Operational,,#N/A,#N/A,#N/A,#N/A,#N/A,#N/A,#N/A,#N/A,#N/A,#N/A,#N/A,#N/A,#N/A,#N/A,#N/A
01-055-17-000,01-55-17-000,"Calasiao, Pangasinan",Calasiao,Pangasinan,Region I (Ilocos Region),Municipality,1st,R1,B,C,#REF!,#REF!,https://bpbc.ibpls.com/calasiaopangasinan,https://prod.ebpls.com/calasiaopangasinan,,#N/A,#N/A,#N/A,[1] Operational,[A] Operational,,[1] Operational,[A] Operational,,[1] Operational,[A] Operational,,[1] Operational,[A] Operational,,[1] Operational,[A] Operational,,[1] Operational,[A] Operational,,[1] Operational,[A] Operational,,#N/A,#N/A,#N/A,#N/A,#N/A,#N/A,#N/A,#N/A,#N/A,#N/A,#N/A,#N/A,#N/A,#N/A,#N/A
04-010-08-000,04-10-08-000,"Calatagan, Batangas",Calatagan,Batangas,Region IV-A (CALABARZON),Municipality,2nd,R4A,A,F,#REF!,#REF!,https://bpbc.ibpls.com/calataganbatangas,https://prod.ebpls.com/calataganbatangas,2022-12,#N/A,#N/A,#N/A,[1] Operational,[A] Operational,,[1] Operational,[A] Operational,,[1] Operational,[A] Operational,,[1] Operational,[A] Operational,,[1] Operational,[A] Operational,,[1] Operational,[A] Operational,,[1] Operational,[A] Operational,,#N/A,#N/A,#N/A,#N/A,#N/A,#N/A,#N/A,#N/A,#N/A,#N/A,#N/A,#N/A,#N/A,#N/A,#N/A
17-059-04-000,17-59-04-000,"Calatrava, Romblon",Calatrava,Romblon,MIMAROPA Region,Municipality,5th,R4B,A,G,#REF!,#REF!,https://bpbc.ibpls.com/calatravaromblon,https://prod.ebpls.com/calatravaromblon/.php/login,2022-12,#N/A,#N/A,#N/A,[1] Operational,[A] Operational,,[1] Operational,[A] Operational,,[1] Operational,[A] Operational,,[1] Operational,[A] Operational,,[1] Operational,[A] Operational,,[1] Operational,[A] Operational,,[1] Operational,[A] Operational,,#N/A,#N/A,#N/A,#N/A,#N/A,#N/A,#N/A,#N/A,#N/A,#N/A,#N/A,#N/A,#N/A,#N/A,#N/A
04-056-07-000,04-56-07-000,"Calauag, Quezon",Calauag,Quezon,Region IV-A (CALABARZON),Municipality,1st,R4A,A,F,#REF!,#REF!,https://bpbc.ibpls.com/calauagquezon,https://prod.ebpls.com/calauagquezon,2022-12,#N/A,#N/A,#N/A,[1] Operational,[A] Operational,,[1] Operational,[A] Operational,,[1] Operational,[A] Operational,,[1] Operational,[A] Operational,,[1] Operational,[A] Operational,,[1] Operational,[A] Operational,,[1] Operational,[A] Operational,,#N/A,#N/A,#N/A,#N/A,#N/A,#N/A,#N/A,#N/A,#N/A,#N/A,#N/A,#N/A,#N/A,#N/A,#N/A
04-034-06-000,04-34-06-000,"Calauan, Laguna",Calauan,Laguna,Region IV-A (CALABARZON),Municipality,2nd,R4A,A,F,#REF!,#REF!,https://bpbc.ibpls.com/calauanlaguna,https://prod.ebpls.com/calauanlaguna,2022-12,#N/A,#N/A,#N/A,[1] Operational,[A] Operational,,[1] Operational,[A] Operational,,[1] Operational,[A] Operational,,[1] Operational,[A] Operational,,[1] Operational,[A] Operational,,[1] Operational,[A] Operational,,[1] Operational,[A] Operational,,#N/A,#N/A,#N/A,#N/A,#N/A,#N/A,#N/A,#N/A,#N/A,#N/A,#N/A,#N/A,#N/A,#N/A,#N/A
08-060-04-000,08-60-04-000,"Calbiga, Samar",Calbiga,Samar,Region VIII (Eastern Visayas),Municipality,4th,R8,A,K,#REF!,#REF!,https://bpbc.ibpls.com/calbigasamar,https://prod.ebpls.com/calbigasamar,2022-12,#N/A,#N/A,#N/A,[1] Operational,[A] Operational,Normal Operations,[1] Operational,[A] Operational,,[1] Operational,[A] Operational,Normal Operations,[1] Operational,[A] Operational,Normal Operations,[1] Operational,[A] Operational,Normal Operations,[1] Operational,[A] Operational,Normal Operations,[1] Operational,[A] Operational,Normal Operations,#N/A,#N/A,#N/A,#N/A,#N/A,#N/A,#N/A,#N/A,#N/A,#N/A,#N/A,#N/A,#N/A,#N/A,#N/A
06-030-13-000,06-30-13-000,"Calinog, Iloilo",Calinog,Iloilo,Region VI (Western Visayas),Municipality,1st,R6,A,I,#REF!,#REF!,https://bpbc.ibpls.com/calinogiloilo,https://prod.ebpls.com/calinogiloilo,2022-12,#N/A,#N/A,#N/A,[1] Operational,[A] Operational,,[1] Operational,[A] Operational,,[1] Operational,[A] Operational,,[1] Operational,[A] Operational,,[1] Operational,[A] Operational,,[1] Operational,[A] Operational,,[1] Operational,[A] Operational,,#N/A,#N/A,#N/A,#N/A,#N/A,#N/A,#N/A,#N/A,#N/A,#N/A,#N/A,#N/A,#N/A,#N/A,#N/A
17-051-02-000,17-51-02-000,"Calintaan, Occidental Mindoro",Calintaan,Occidental Mindoro,MIMAROPA Region,Municipality,3rd,R4B,B,G,#REF!,#REF!,https://bpbc.ibpls.com/calintaanoccidentalmindoro,https://prod.ebpls.com/calintaanoccidentalmindoro,,#N/A,#N/A,#N/A,[1] Operational,[A] Operational,,[1] Operational,[A] Operational,,[1] Operational,[A] Operational,,[1] Operational,[A] Operational,,[1] Operational,[A] Operational,,[1] Operational,[A] Operational,,[1] Operational,[A] Operational,,#N/A,#N/A,#N/A,#N/A,#N/A,#N/A,#N/A,#N/A,#N/A,#N/A,#N/A,#N/A,#N/A,#N/A,#N/A
08-037-13-000,08-37-13-000,"Calubian, Leyte",Calubian,Leyte,Region VIII (Eastern Visayas),Municipality,4th,R8,A,K,#REF!,#REF!,https://bpbc.ibpls.com/calubianleyte,https://prod.ebpls.com/calubianleyte,2022-12,#N/A,#N/A,#N/A,[1] Operational,[A] Operational,Normal Operations,[1] Operational,[A] Operational,,[1] Operational,[A] Operational,Normal Operations,[1] Operational,[A] Operational,Normal Operations,[1] Operational,[A] Operational,Normal Operations,[1] Operational,[A] Operational,Normal Operations,[1] Operational,[A] Operational,Normal Operations,#N/A,#N/A,#N/A,#N/A,#N/A,#N/A,#N/A,#N/A,#N/A,#N/A,#N/A,#N/A,#N/A,#N/A,#N/A
05-041-03-000,05-41-03-000,"Balud, Masbate",Balud,Masbate,Region V (Bicol Region),Municipality,4th*,R5,B,H,#REF!,#REF!,,https://prod.ebpls.com/baludmasbate,,#N/A,#N/A,#N/A,[7] To Follow-up,[C] For Training/Others,,[7] To Follow-up,[C] For Training/Others,,[7] To Follow-up,[C] For Training/Others,,[7] To Follow-up,[C] For Training/Others,,[7] To Follow-up,[C] For Training/Others,,[7] To Follow-up,[C] For Training/Others,,[7] To Follow-up,[C] For Training/Others,,#N/A,#N/A,#N/A,#N/A,#N/A,#N/A,#N/A,#N/A,#N/A,#N/A,#N/A,#N/A,#N/A,#N/A,#N/A
02-015-10-000,02-15-10-000,"Camalaniugan, Cagayan",Camalaniugan,Cagayan,Region II (Cagayan Valley),Municipality,4th,R2,A,D,#REF!,#REF!,https://bpbc.ibpls.com/camalaniugancagayan,https://prod.ebpls.com/camalaniugancagayan,2022-12,#N/A,#N/A,#N/A,[1] Operational,[A] Operational,,[1] Operational,[A] Operational,,[1] Operational,[A] Operational,,[1] Operational,[A] Operational,,[1] Operational,[A] Operational,,[1] Operational,[A] Operational,,[1] Operational,[A] Operational,,#N/A,#N/A,#N/A,#N/A,#N/A,#N/A,#N/A,#N/A,#N/A,#N/A,#N/A,#N/A,#N/A,#N/A,#N/A
05-005-02-000,05-05-02-000,"Camalig, Albay",Camalig,Albay,Region V (Bicol Region),Municipality,1st,R5,A,H,#REF!,#REF!,https://bpbc.ibpls.com/camaligalbay,https://prod.ebpls.com/camaligalbay,2022-12,#N/A,#N/A,#N/A,[1] Operational,[A] Operational,,[1] Operational,[A] Operational,,[1] Operational,[A] Operational,,[1] Operational,[A] Operational,,[1] Operational,[A] Operational,,[1] Operational,[A] Operational,,[1] Operational,[A] Operational,,#N/A,#N/A,#N/A,#N/A,#N/A,#N/A,#N/A,#N/A,#N/A,#N/A,#N/A,#N/A,#N/A,#N/A,#N/A
05-017-09-000,05-17-09-000,"Camaligan, Camarines Sur",Camaligan,Camarines Sur,Region V (Bicol Region),Municipality,5th,R5,B,H,#REF!,#REF!,https://bpbc.ibpls.com/camaligancamarinessur,https://prod.ebpls.com/camaligancamarinessur,,#N/A,#N/A,#N/A,[1] Operational,[A] Operational,,[1] Operational,[A] Operational,,[1] Operational,[A] Operational,,[1] Operational,[A] Operational,,[1] Operational,[A] Operational,,[1] Operational,[A] Operational,,[1] Operational,[A] Operational,,#N/A,#N/A,#N/A,#N/A,#N/A,#N/A,#N/A,#N/A,#N/A,#N/A,#N/A,#N/A,#N/A,#N/A,#N/A
03-069-03-000,03-69-03-000,"Camiling, Tarlac",Camiling,Tarlac,Region III (Central Luzon),Municipality,1st,R3,A,E,#REF!,#REF!,https://bpbc.ibpls.com/camilingtarlac,https://prod.ebpls.com/camilingtarlac/.php/login,2022-12,#N/A,#N/A,#N/A,[1] Operational,[A] Operational,,[1] Operational,[A] Operational,,[1] Operational,[A] Operational,,[1] Operational,[A] Operational,,[1] Operational,[A] Operational,,[1] Operational,[A] Operational,,[1] Operational,[A] Operational,,#N/A,#N/A,#N/A,#N/A,#N/A,#N/A,#N/A,#N/A,#N/A,#N/A,#N/A,#N/A,#N/A,#N/A,#N/A
08-026-05-000,08-26-05-000,"Can-Avid, Eastern Samar",Can-Avid,Eastern Samar,Region VIII (Eastern Visayas),Municipality,4th,R8,A,K,#REF!,#REF!,https://bpbc.ibpls.com/canavideasternsamar,https://prod.ebpls.com/can-avideasternsamar,2022-12,#N/A,#N/A,#N/A,[1] Operational,[A] Operational,,[1] Operational,[A] Operational,,[1] Operational,[A] Operational,Normal Operations,[1] Operational,[A] Operational,Normal Operations,[1] Operational,[A] Operational,Normal Operations,[1] Operational,[A] Operational,Zero transactions for the month of June 2025,[1] Operational,[A] Operational,Normal Operations,#N/A,#N/A,#N/A,#N/A,#N/A,#N/A,#N/A,#N/A,#N/A,#N/A,#N/A,#N/A,#N/A,#N/A,#N/A
05-017-10-000,05-17-10-000,"Canaman, Camarines Sur",Canaman,Camarines Sur,Region V (Bicol Region),Municipality,4th,R5,A,H,#REF!,#REF!,https://bpbc.ibpls.com/canamancamarinessur,https://prod.ebpls.com/canamancamarinessur,2022-12,#N/A,#N/A,#N/A,[1] Operational,[A] Operational,,[1] Operational,[A] Operational,,[1] Operational,[A] Operational,,[1] Operational,[A] Operational,,[1] Operational,[A] Operational,,[1] Operational,[A] Operational,,[1] Operational,[A] Operational,,#N/A,#N/A,#N/A,#N/A,#N/A,#N/A,#N/A,#N/A,#N/A,#N/A,#N/A,#N/A,#N/A,#N/A,#N/A
03-054-05-000,03-54-05-000,"Candaba, Pampanga",Candaba,Pampanga,Region III (Central Luzon),Municipality,1st,R3,A,E,#REF!,#REF!,https://bpbc.ibpls.com/candabapampanga,https://prod.ebpls.com/candabapampanga,2022-12,#N/A,#N/A,#N/A,[1] Operational,[A] Operational,,[1] Operational,[A] Operational,,[1] Operational,[A] Operational,,[1] Operational,[A] Operational,,[1] Operational,[A] Operational,,[1] Operational,[A] Operational,,[1] Operational,[A] Operational,,#N/A,#N/A,#N/A,#N/A,#N/A,#N/A,#N/A,#N/A,#N/A,#N/A,#N/A,#N/A,#N/A,#N/A,#N/A
04-056-08-000,04-56-08-000,"Candelaria, Quezon",Candelaria,Quezon,Region IV-A (CALABARZON),Municipality,1st,R4A,A,F,#REF!,#REF!,https://bpbc.ibpls.com/candelariaquezon,https://prod.ebpls.com/candelariaquezon,2022-12,#N/A,#N/A,#N/A,[1] Operational,[A] Operational,"Launched Linkbiz ePayment on November 20, 2024",[1] Operational,[A] Operational,"Launched Linkbiz ePayment on November 20, 2024",[1] Operational,[A] Operational,"Launched Linkbiz ePayment on November 20, 2024",[1] Operational,[A] Operational,"Launched Linkbiz ePayment on November 20, 2024",[1] Operational,[A] Operational,"Launched Linkbiz ePayment on November 20, 2024",[1] Operational,[A] Operational,"Launched Linkbiz ePayment on November 20, 2024",[1] Operational,[A] Operational,"Launched Linkbiz ePayment on November 20, 2024",#N/A,#N/A,#N/A,#N/A,#N/A,#N/A,#N/A,#N/A,#N/A,#N/A,#N/A,#N/A,#N/A,#N/A,#N/A
07-012-11-000,07-12-11-000,"Candijay, Bohol",Candijay,Bohol,Region VII (Central Visayas),Municipality,4th,R7,A,J,#REF!,#REF!,https://bpbc.ibpls.com/candijaybohol,https://prod.ebpls.com/candijaybohol,2022-12,#N/A,#N/A,#N/A,[1] Operational,[A] Operational,,[1] Operational,[A] Operational,,[1] Operational,[A] Operational,,[1] Operational,[A] Operational,,[1] Operational,[A] Operational,,[1] Operational,[A] Operational,,[1] Operational,[A] Operational,,#N/A,#N/A,#N/A,#N/A,#N/A,#N/A,#N/A,#N/A,#N/A,#N/A,#N/A,#N/A,#N/A,#N/A,#N/A
06-045-06-000,06-45-06-000,"Candoni, Negros Occidental",Candoni,Negros Occidental,Region VI (Western Visayas),Municipality,4th,R6,B,I,#REF!,#REF!,https://bpbc.ibpls.com/candoninegrosoccidental,https://prod.ebpls.com/candoninegrosoccidental,,#N/A,#N/A,#N/A,[1] Operational,[A] Operational,,[1] Operational,[A] Operational,,[6] With Concerns,[C] For Training/Others,,[1] Operational,[A] Operational,,[1] Operational,[A] Operational,,[1] Operational,[A] Operational,,[1] Operational,[A] Operational,,#N/A,#N/A,#N/A,#N/A,#N/A,#N/A,#N/A,#N/A,#N/A,#N/A,#N/A,#N/A,#N/A,#N/A,#N/A
16-068-05-000,16-68-05-000,"Cantilan, Surigao del Sur",Cantilan,Surigao del Sur,Region XIII (Caraga),Municipality,2nd,R13,A,O,#REF!,#REF!,https://bpbc.ibpls.com/cantilansurigaodelsur,https://prod.ebpls.com/cantilansurigaodelsur,2022-12,#N/A,#N/A,#N/A,[1] Operational,[A] Operational,,[1] Operational,[A] Operational,,[1] Operational,[A] Operational,,[1] Operational,[A] Operational,,[1] Operational,[A] Operational,,[1] Operational,[A] Operational,,[1] Operational,[A] Operational,,#N/A,#N/A,#N/A,#N/A,#N/A,#N/A,#N/A,#N/A,#N/A,#N/A,#N/A,#N/A,#N/A,#N/A,#N/A
01-029-07-000,01-29-07-000,"Caoayan, Ilocos Sur",Caoayan,Ilocos Sur,Region I (Ilocos Region),Municipality,4th,R1,A,C,#REF!,#REF!,https://bpbc.ibpls.com/caoayanilocossur,https://prod.ebpls.com/caoayanilocossur,2022-12,#N/A,#N/A,#N/A,[1] Operational,[A] Operational,,[1] Operational,[A] Operational,,[1] Operational,[A] Operational,,[1] Operational,[A] Operational,,[1] Operational,[A] Operational,,[1] Operational,[A] Operational,,[1] Operational,[A] Operational,,#N/A,#N/A,#N/A,#N/A,#N/A,#N/A,#N/A,#N/A,#N/A,#N/A,#N/A,#N/A,#N/A,#N/A,#N/A
05-016-02-000,05-16-02-000,"Capalonga, Camarines Norte",Capalonga,Camarines Norte,Region V (Bicol Region),Municipality,3rd,R5,A,H,#REF!,#REF!,https://bpbc.ibpls.com/capalongacamarinesnorte,https://prod.ebpls.com/capalongacamarinesnorte,2022-12,#N/A,#N/A,#N/A,[1] Operational,[A] Operational,,[1] Operational,[A] Operational,,[1] Operational,[A] Operational,,[1] Operational,[A] Operational,,[1] Operational,[A] Operational,,[1] Operational,[A] Operational,,[1] Operational,[A] Operational,,#N/A,#N/A,#N/A,#N/A,#N/A,#N/A,#N/A,#N/A,#N/A,#N/A,#N/A,#N/A,#N/A,#N/A,#N/A
11-025-04-000,11-25-04-000,"Caraga, Davao Oriental",Caraga,Davao Oriental,Region XI (Davao Region),Municipality,1st,R11,A,P,#REF!,#REF!,https://bpbc.ibpls.com/caragadavaooriental,https://prod.ebpls.com/caragadavaooriental,2022-12,#N/A,#N/A,#N/A,[1] Operational,[A] Operational,,[1] Operational,[A] Operational,,[1] Operational,[A] Operational,,[1] Operational,[A] Operational,,[1] Operational,[A] Operational,,[1] Operational,[A] Operational,,[1] Operational,[A] Operational,,#N/A,#N/A,#N/A,#N/A,#N/A,#N/A,#N/A,#N/A,#N/A,#N/A,#N/A,#N/A,#N/A,#N/A,#N/A
04-058-06-000,04-58-06-000,"Cardona, Rizal",Cardona,Rizal,Region IV-A (CALABARZON),Municipality,3rd,R4A,B,F,#REF!,#REF!,https://bpbc.ibpls.com/cardonarizal,https://prod.ebpls.com/cardonarizal,,#N/A,#N/A,#N/A,[1] Operational,[A] Operational,,[1] Operational,[A] Operational,,[1] Operational,[A] Operational,,[1] Operational,[A] Operational,,[1] Operational,[A] Operational,,[1] Operational,[A] Operational,,[1] Operational,[A] Operational,,#N/A,#N/A,#N/A,#N/A,#N/A,#N/A,#N/A,#N/A,#N/A,#N/A,#N/A,#N/A,#N/A,#N/A,#N/A
08-037-15-000,08-37-15-000,"Carigara, Leyte",Carigara,Leyte,Region VIII (Eastern Visayas),Municipality,2nd,R8,A,K,#REF!,#REF!,https://bpbc.ibpls.com/carigaraleyte,https://prod.ebpls.com/carigaraleyte,2022-12,#N/A,#N/A,#N/A,[1] Operational,[A] Operational,Normal Operations,[1] Operational,[A] Operational,,[1] Operational,[A] Operational,Normal Operations,[1] Operational,[A] Operational,Normal Operations,[1] Operational,[A] Operational,Normal Operations,[1] Operational,[A] Operational,Normal Operations,[1] Operational,[A] Operational,Normal Operations,#N/A,#N/A,#N/A,#N/A,#N/A,#N/A,#N/A,#N/A,#N/A,#N/A,#N/A,#N/A,#N/A,#N/A,#N/A
06-030-14-000,06-30-14-000,"Carles, Iloilo",Carles,Iloilo,Region VI (Western Visayas),Municipality,2nd,R6,A,I,#REF!,#REF!,https://bpbc.ibpls.com/carlesiloilo,https://prod.ebpls.com/carlesiloilo,2022-12,#N/A,#N/A,#N/A,[1] Operational,[A] Operational,,[1] Operational,[A] Operational,,[1] Operational,[A] Operational,,[1] Operational,[A] Operational,,[1] Operational,[A] Operational,,[1] Operational,[A] Operational,,[1] Operational,[A] Operational,,#N/A,#N/A,#N/A,#N/A,#N/A,#N/A,#N/A,#N/A,#N/A,#N/A,#N/A,#N/A,#N/A,#N/A,#N/A
07-012-12-000,07-12-12-000,"Carmen, Bohol",Carmen,Bohol,Region VII (Central Visayas),Municipality,1st,R7,B,J,#REF!,#REF!,https://bpbc.ibpls.com/carmenbohol,https://prod.ebpls.com/carmenbohol,,#N/A,#N/A,#N/A,[2] Pilot Testing,[B] Developmental,,[2] Pilot Testing,[B] Developmental,,[2] Pilot Testing,[B] Developmental,,[2] Pilot Testing,[B] Developmental,,[2] Pilot Testing,[B] Developmental,,[2] Pilot Testing,[B] Developmental,,[2] Pilot Testing,[B] Developmental,,#N/A,#N/A,#N/A,#N/A,#N/A,#N/A,#N/A,#N/A,#N/A,#N/A,#N/A,#N/A,#N/A,#N/A,#N/A
05-062-06-000,05-62-06-000,"Castilla, Sorsogon",Castilla,Sorsogon,Region V (Bicol Region),Municipality,3rd,R5,B,H,#REF!,#REF!,,https://prod.ebpls.com/castillasorsogon,,#N/A,#N/A,#N/A,[8] Withdraw,[D] Withdraw,,[8] Withdraw,[D] Withdraw,,[8] Withdraw,[D] Withdraw,,[8] Withdraw,[D] Withdraw,,[8] Withdraw,[D] Withdraw,,[8] Withdraw,[D] Withdraw,,[8] Withdraw,[D] Withdraw,,#N/A,#N/A,#N/A,#N/A,#N/A,#N/A,#N/A,#N/A,#N/A,#N/A,#N/A,#N/A,#N/A,#N/A,#N/A
12-047-02-000,12-47-02-000,"Carmen, Cotabato",Carmen,Cotabato,Region XII (SOCCSKSARGEN),Municipality,1st,R12,A,Q,#REF!,#REF!,https://bpbc.ibpls.com/carmencotabato,https://prod.ebpls.com/carmennorthcotabato,2022-12,#N/A,#N/A,#N/A,[1] Operational,[A] Operational,,[1] Operational,[A] Operational,,[1] Operational,[A] Operational,,[1] Operational,[A] Operational,,[1] Operational,[A] Operational,,[1] Operational,[A] Operational,,[1] Operational,[A] Operational,,#N/A,#N/A,#N/A,#N/A,#N/A,#N/A,#N/A,#N/A,#N/A,#N/A,#N/A,#N/A,#N/A,#N/A,#N/A
11-023-03-000,11-23-03-000,"Carmen, Davao del Norte",Carmen,Davao del Norte,Region XI (Davao Region),Municipality,1st,R11,B,P,#REF!,#REF!,https://bpbc.ibpls.com/carmendavaodelnorte,https://prod.ebpls.com/carmendavaodelnorte,,#N/A,#N/A,#N/A,[1] Operational,[A] Operational,,[1] Operational,[A] Operational,,[1] Operational,[A] Operational,,[1] Operational,[A] Operational,,[1] Operational,[A] Operational,,[1] Operational,[A] Operational,,[1] Operational,[A] Operational,,#N/A,#N/A,#N/A,#N/A,#N/A,#N/A,#N/A,#N/A,#N/A,#N/A,#N/A,#N/A,#N/A,#N/A,#N/A
16-068-06-000,16-68-06-000,"Carmen, Surigao del Sur",Carmen,Surigao del Sur,Region XIII (Caraga),Municipality,5th,R13,A,O,#REF!,#REF!,https://bpbc.ibpls.com/carmensurigaodelsur,https://prod.ebpls.com/carmensurigaodelsur,2022-12,#N/A,#N/A,#N/A,[1] Operational,[A] Operational,,[1] Operational,[A] Operational,,[1] Operational,[A] Operational,,[1] Operational,[A] Operational,,[1] Operational,[A] Operational,,[1] Operational,[A] Operational,,[1] Operational,[A] Operational,,#N/A,#N/A,#N/A,#N/A,#N/A,#N/A,#N/A,#N/A,#N/A,#N/A,#N/A,#N/A,#N/A,#N/A,#N/A
03-077-02-000,03-77-02-000,"Casiguran, Aurora",Casiguran,Aurora,Region III (Central Luzon),Municipality,2nd,R3,A,E,#REF!,#REF!,https://bpbc.ibpls.com/casiguranaurora,https://prod.ebpls.com/casiguranaurora/.php/login,2022-12,#N/A,#N/A,#N/A,[1] Operational,[A] Operational,,[1] Operational,[A] Operational,,[1] Operational,[A] Operational,,[1] Operational,[A] Operational,,[1] Operational,[A] Operational,,[1] Operational,[A] Operational,,[1] Operational,[A] Operational,,#N/A,#N/A,#N/A,#N/A,#N/A,#N/A,#N/A,#N/A,#N/A,#N/A,#N/A,#N/A,#N/A,#N/A,#N/A
03-071-04-000,03-71-04-000,"Castillejos, Zambales",Castillejos,Zambales,Region III (Central Luzon),Municipality,3rd,R3,A,E,#REF!,#REF!,https://bpbc.ibpls.com/castillejoszambales,https://prod.ebpls.com/castillejoszambales/.php/login,2022-12,#N/A,#N/A,#N/A,[1] Operational,[A] Operational,,[1] Operational,[A] Operational,,[1] Operational,[A] Operational,,[1] Operational,[A] Operational,,[1] Operational,[A] Operational,,[1] Operational,[A] Operational,,[1] Operational,[A] Operational,,#N/A,#N/A,#N/A,#N/A,#N/A,#N/A,#N/A,#N/A,#N/A,#N/A,#N/A,#N/A,#N/A,#N/A,#N/A
05-041-05-000,05-41-05-000,"Cataingan, Masbate",Cataingan,Masbate,Region V (Bicol Region),Municipality,2nd,R5,B,H,#REF!,#REF!,https://bpbc.ibpls.com/catainganmasbate,https://prod.ebpls.com/catainganmasbate,,#N/A,#N/A,#N/A,[2] Pilot Testing,[B] Developmental,,[2] Pilot Testing,[B] Developmental,,[1] Operational,[A] Operational,,[1] Operational,[A] Operational,,[1] Operational,[A] Operational,,[1] Operational,[A] Operational,,[1] Operational,[A] Operational,,#N/A,#N/A,#N/A,#N/A,#N/A,#N/A,#N/A,#N/A,#N/A,#N/A,#N/A,#N/A,#N/A,#N/A,#N/A
10-018-01-000,10-18-01-000,"Catarman, Camiguin",Catarman,Camiguin,Region X (Northern Mindanao),Municipality,5th,R10,A,N,#REF!,#REF!,https://bpbc.ibpls.com/catarmancamiguin,https://prod.ebpls.com/catarmancamiguin,2022-12,#N/A,#N/A,#N/A,[1] Operational,[A] Operational,,[1] Operational,[A] Operational,,[1] Operational,[A] Operational,,[1] Operational,[A] Operational,,[1] Operational,[A] Operational,,[1] Operational,[A] Operational,,[1] Operational,[A] Operational,,#N/A,#N/A,#N/A,#N/A,#N/A,#N/A,#N/A,#N/A,#N/A,#N/A,#N/A,#N/A,#N/A,#N/A,#N/A
11-025-05-000,11-25-05-000,"Cateel, Davao Oriental",Cateel,Davao Oriental,Region XI (Davao Region),Municipality,2nd,R11,A,P,#REF!,#REF!,https://bpbc.ibpls.com/cateeldavaooriental,https://prod.ebpls.com/cateeldavaooriental,2022-12,#N/A,#N/A,#N/A,[1] Operational,[A] Operational,,[1] Operational,[A] Operational,,[1] Operational,[A] Operational,,[1] Operational,[A] Operational,,[1] Operational,[A] Operational,,[1] Operational,[A] Operational,,[1] Operational,[A] Operational,,#N/A,#N/A,#N/A,#N/A,#N/A,#N/A,#N/A,#N/A,#N/A,#N/A,#N/A,#N/A,#N/A,#N/A,#N/A
07-022-16-000,07-22-16-000,"Catmon, Cebu",Catmon,Cebu,Region VII (Central Visayas),Municipality,4th,R7,B,J,#REF!,#REF!,https://bpbc.ibpls.com/catmoncebu,https://prod.ebpls.com/catmoncebu,,#N/A,#N/A,#N/A,[1] Operational,[A] Operational,,[1] Operational,[A] Operational,,[1] Operational,[A] Operational,,[1] Operational,[A] Operational,,[1] Operational,[A] Operational,,[1] Operational,[A] Operational,,[1] Operational,[A] Operational,,#N/A,#N/A,#N/A,#N/A,#N/A,#N/A,#N/A,#N/A,#N/A,#N/A,#N/A,#N/A,#N/A,#N/A,#N/A
08-048-06-000,08-48-06-000,"Catubig, Northern Samar",Catubig,Northern Samar,Region VIII (Eastern Visayas),Municipality,3rd,R8,A,K,#REF!,#REF!,https://bpbc.ibpls.com/catubignorthernsamar,https://prod.ebpls.com/catubignorthernsamar,2022-12,#N/A,#N/A,#N/A,[1] Operational,[A] Operational,Normal Operations,[1] Operational,[A] Operational,,[1] Operational,[A] Operational,Normal Operations,[1] Operational,[A] Operational,Normal Operations,[1] Operational,[A] Operational,Normal Operations,[1] Operational,[A] Operational,Normal Operations,[1] Operational,[A] Operational,Normal Operations,#N/A,#N/A,#N/A,#N/A,#N/A,#N/A,#N/A,#N/A,#N/A,#N/A,#N/A,#N/A,#N/A,#N/A,#N/A
04-034-07-000,04-34-07-000,"Cavinti, Laguna",Cavinti,Laguna,Region IV-A (CALABARZON),Municipality,3rd,R4A,B,F,#REF!,#REF!,https://bpbc.ibpls.com/cavintilaguna,https://prod.ebpls.com/cavintilaguna,,#N/A,#N/A,#N/A,[1] Operational,[A] Operational,,[1] Operational,[A] Operational,,[1] Operational,[A] Operational,,[1] Operational,[A] Operational,,[1] Operational,[A] Operational,,[1] Operational,[A] Operational,,[1] Operational,[A] Operational,,#N/A,#N/A,#N/A,#N/A,#N/A,#N/A,#N/A,#N/A,#N/A,#N/A,#N/A,#N/A,#N/A,#N/A,#N/A
05-041-06-000,05-41-06-000,"Cawayan, Masbate",Cawayan,Masbate,Region V (Bicol Region),Municipality,2nd,R5,B,H,#REF!,#REF!,https://bpbc.ibpls.com/cawayanmasbate,https://prod.ebpls.com/cawayanmasbate,,#N/A,#N/A,#N/A,[1] Operational,[A] Operational,,[1] Operational,[A] Operational,,[1] Operational,[A] Operational,,[1] Operational,[A] Operational,,[1] Operational,[A] Operational,,[1] Operational,[A] Operational,,[1] Operational,[A] Operational,,#N/A,#N/A,#N/A,#N/A,#N/A,#N/A,#N/A,#N/A,#N/A,#N/A,#N/A,#N/A,#N/A,#N/A,#N/A
01-028-05-000,01-28-05-000,"City of Batac, Ilocos Norte",City of Batac,Ilocos Norte,Region I (Ilocos Region),City,5th,R1,A,C,#REF!,#REF!,https://bpbc.ibpls.com/cityofbatacilocosnorte,https://prod.ebpls.com/batacilocosnorte,2022-12,#N/A,#N/A,#N/A,[1] Operational,[A] Operational,,[1] Operational,[A] Operational,,[1] Operational,[A] Operational,,[1] Operational,[A] Operational,,[1] Operational,[A] Operational,,[1] Operational,[A] Operational,,[1] Operational,[A] Operational,,#N/A,#N/A,#N/A,#N/A,#N/A,#N/A,#N/A,#N/A,#N/A,#N/A,#N/A,#N/A,#N/A,#N/A,#N/A
08-026-04-000,08-26-04-000,"City of Borongan, Eastern Samar",City of Borongan,Eastern Samar,Region VIII (Eastern Visayas),City,1st (as Mun),R8,A,K,#REF!,#REF!,https://bpbc.ibpls.com/cityofboronganeasternsamar,https://prod.ebpls.com/boronganeasternsamar,2022-12,#N/A,#N/A,#N/A,[1] Operational,[A] Operational,Normal Operations,[1] Operational,[A] Operational,,[1] Operational,[A] Operational,Normal Operations,[1] Operational,[A] Operational,Normal Operations,[1] Operational,[A] Operational,Normal Operations,[1] Operational,[A] Operational,Normal Operations,[1] Operational,[A] Operational,Normal Operations,#N/A,#N/A,#N/A,#N/A,#N/A,#N/A,#N/A,#N/A,#N/A,#N/A,#N/A,#N/A,#N/A,#N/A,#N/A
16-002-03-000,16-02-03-000,"City of Cabadbaran, Agusan del Norte",City of Cabadbaran,Agusan del Norte,Region XIII (Caraga),City,6th,R13,A,O,#REF!,#REF!,https://bpbc.ibpls.com/cityofcabadbaranagusandelnorte,https://prod.ebpls.com/cabadbaranagusandelnorte,2022-12,#N/A,#N/A,#N/A,[1] Operational,[A] Operational,,[1] Operational,[A] Operational,,[1] Operational,[A] Operational,,[1] Operational,[A] Operational,,[1] Operational,[A] Operational,,[1] Operational,[A] Operational,,[1] Operational,[A] Operational,,#N/A,#N/A,#N/A,#N/A,#N/A,#N/A,#N/A,#N/A,#N/A,#N/A,#N/A,#N/A,#N/A,#N/A,#N/A
01-029-06-000,01-29-06-000,"City of Candon, Ilocos Sur",City of Candon,Ilocos Sur,Region I (Ilocos Region),City,4th,R1,B,C,#REF!,#REF!,https://bpbc.ibpls.com/cityofcandonilocossur,https://prod.ebpls.com/candoncityilocossur,,#N/A,#N/A,#N/A,[1] Operational,[A] Operational,,[1] Operational,[A] Operational,,[1] Operational,[A] Operational,,[1] Operational,[A] Operational,,[1] Operational,[A] Operational,,[1] Operational,[A] Operational,,[1] Operational,[A] Operational,,#N/A,#N/A,#N/A,#N/A,#N/A,#N/A,#N/A,#N/A,#N/A,#N/A,#N/A,#N/A,#N/A,#N/A,#N/A
07-046-08-000,07-46-08-000,"City of Canlaon, Negros Oriental",City of Canlaon,Negros Oriental,Region VII (Central Visayas),City,4th,R7,A,J,#REF!,#REF!,https://bpbc.ibpls.com/cityofcanlaonnegrosoriental,https://prod.ebpls.com/canlaonnegrosoriental,2022-12,#N/A,#N/A,#N/A,[1] Operational,[A] Operational,,[1] Operational,[A] Operational,,[1] Operational,[A] Operational,,[1] Operational,[A] Operational,,[1] Operational,[A] Operational,,[1] Operational,[A] Operational,,[1] Operational,[A] Operational,,#N/A,#N/A,#N/A,#N/A,#N/A,#N/A,#N/A,#N/A,#N/A,#N/A,#N/A,#N/A,#N/A,#N/A,#N/A
08-060-05-000,08-60-05-000,"City of Catbalogan, Samar",City of Catbalogan,Samar,Region VIII (Eastern Visayas),City,5th,R8,A,K,#REF!,#REF!,https://bpbc.ibpls.com/cityofcatbalogansamar,https://prod.ebpls.com/catbalogansamar,2022-12,#N/A,#N/A,#N/A,[1] Operational,[A] Operational,Normal Operations,[1] Operational,[A] Operational,,[1] Operational,[A] Operational,Normal Operations,[1] Operational,[A] Operational,Normal Operations,[1] Operational,[A] Operational,Normal Operations,[1] Operational,[A] Operational,Normal Operations,[1] Operational,[A] Operational,Normal Operations,#N/A,#N/A,#N/A,#N/A,#N/A,#N/A,#N/A,#N/A,#N/A,#N/A,#N/A,#N/A,#N/A,#N/A,#N/A
11-024-03-000,11-24-03-000,"City of Digos, Davao del Sur",City of Digos,Davao del Sur,Region XI (Davao Region),City,2nd,R11,A,P,#REF!,#REF!,https://bpbc.ibpls.com/cityofdigosdavaodelsur,https://prod.ebpls.com/digosdavaodelsur,2022-12,#N/A,#N/A,#N/A,[1] Operational,[A] Operational,,[1] Operational,[A] Operational,,[1] Operational,[A] Operational,,[1] Operational,[A] Operational,,[1] Operational,[A] Operational,,[1] Operational,[A] Operational,,[1] Operational,[A] Operational,,#N/A,#N/A,#N/A,#N/A,#N/A,#N/A,#N/A,#N/A,#N/A,#N/A,#N/A,#N/A,#N/A,#N/A,#N/A
07-046-10-000,07-46-10-000,"City of Dumaguete, Negros Oriental",City of Dumaguete,Negros Oriental,Region VII (Central Visayas),City,3rd,R7,A,J,#REF!,#REF!,https://bpbc.ibpls.com/cityofdumaguetenegrosoriental,https://prod.ebpls.com/dumaguetenegrosoriental,2022-12,#N/A,#N/A,#N/A,[1] Operational,[A] Operational,,[1] Operational,[A] Operational,,[1] Operational,[A] Operational,,[1] Operational,[A] Operational,,[1] Operational,[A] Operational,,[1] Operational,[A] Operational,,[1] Operational,[A] Operational,,#N/A,#N/A,#N/A,#N/A,#N/A,#N/A,#N/A,#N/A,#N/A,#N/A,#N/A,#N/A,#N/A,#N/A,#N/A
10-043-07-000,10-43-07-000,"City of El Salvador, Misamis Oriental",City of El Salvador,Misamis Oriental,Region X (Northern Mindanao),City,6th,R10,A,N,#REF!,#REF!,https://bpbc.ibpls.com/cityofelsalvadormisamisoriental,https://prod.ebpls.com/elsalvadormisamisoriental,2022-12,#N/A,#N/A,#N/A,[1] Operational,[A] Operational,,[1] Operational,[A] Operational,,[1] Operational,[A] Operational,,[1] Operational,[A] Operational,,[1] Operational,[A] Operational,,[1] Operational,[A] Operational,,[1] Operational,[A] Operational,,#N/A,#N/A,#N/A,#N/A,#N/A,#N/A,#N/A,#N/A,#N/A,#N/A,#N/A,#N/A,#N/A,#N/A,#N/A
06-045-09-000,06-45-09-000,"City of Escalante, Negros Occidental",City of Escalante,Negros Occidental,Region VI (Western Visayas),City,4th,R6,A,I,#REF!,#REF!,https://bpbc.ibpls.com/cityofescalantenegrosoccidental,https://prod.ebpls.com/escalantenegrosoccidental,2022-12,#N/A,#N/A,#N/A,[1] Operational,[A] Operational,,[1] Operational,[A] Operational,,[1] Operational,[A] Operational,,[1] Operational,[A] Operational,,[1] Operational,[A] Operational,,[1] Operational,[A] Operational,,[1] Operational,[A] Operational,,#N/A,#N/A,#N/A,#N/A,#N/A,#N/A,#N/A,#N/A,#N/A,#N/A,#N/A,#N/A,#N/A,#N/A,#N/A
10-043-08-000,10-43-08-000,"City of Gingoog, Misamis Oriental",City of Gingoog,Misamis Oriental,Region X (Northern Mindanao),City,2nd,R10,A,N,#REF!,#REF!,https://bpbc.ibpls.com/cityofgingoogmisamisoriental,https://prod.ebpls.com/gingoogmisamisoriental,2022-12,#N/A,#N/A,#N/A,[1] Operational,[A] Operational,,[1] Operational,[A] Operational,,[1] Operational,[A] Operational,,[1] Operational,[A] Operational,,[1] Operational,[A] Operational,,[1] Operational,[A] Operational,,[1] Operational,[A] Operational,,#N/A,#N/A,#N/A,#N/A,#N/A,#N/A,#N/A,#N/A,#N/A,#N/A,#N/A,#N/A,#N/A,#N/A,#N/A
07-046-11-000,07-46-11-000,"City of Guihulngan, Negros Oriental",City of Guihulngan,Negros Oriental,Region VII (Central Visayas),City,5th,R7,A,J,#REF!,#REF!,https://bpbc.ibpls.com/cityofguihulngannegrosoriental,https://prod.ebpls.com/guihulngannegrosoriental,2022-12,#N/A,#N/A,#N/A,[1] Operational,[A] Operational,,[1] Operational,[A] Operational,,[1] Operational,[A] Operational,,[1] Operational,[A] Operational,,[1] Operational,[A] Operational,,[1] Operational,[A] Operational,,[1] Operational,[A] Operational,,#N/A,#N/A,#N/A,#N/A,#N/A,#N/A,#N/A,#N/A,#N/A,#N/A,#N/A,#N/A,#N/A,#N/A,#N/A
06-045-10-000,06-45-10-000,"City of Himamaylan, Negros Occidental",City of Himamaylan,Negros Occidental,Region VI (Western Visayas),City,3rd,R6,A,I,#REF!,#REF!,https://bpbc.ibpls.com/cityofhimamaylannegrosoccidental,https://prod.ebpls.com/himamaylannegrosoccidental,2022-12,#N/A,#N/A,#N/A,[1] Operational,[A] Operational,,[1] Operational,[A] Operational,,[1] Operational,[A] Operational,,[1] Operational,[A] Operational,,[1] Operational,[A] Operational,,[1] Operational,[A] Operational,,[1] Operational,[A] Operational,,#N/A,#N/A,#N/A,#N/A,#N/A,#N/A,#N/A,#N/A,#N/A,#N/A,#N/A,#N/A,#N/A,#N/A,#N/A
02-031-14-000,02-31-14-000,"City of Ilagan, Isabela",City of Ilagan,Isabela,Region II (Cagayan Valley),City,1st (as Mun),R2,A,D,#REF!,#REF!,https://bpbc.ibpls.com/cityofilaganisabela,https://prod.ebpls.com/ilaganisabela,2022-12,#N/A,#N/A,#N/A,[1] Operational,[A] Operational,,[1] Operational,[A] Operational,,[1] Operational,[A] Operational,,[1] Operational,[A] Operational,,[1] Operational,[A] Operational,,[1] Operational,[A] Operational,,[1] Operational,[A] Operational,,#N/A,#N/A,#N/A,#N/A,#N/A,#N/A,#N/A,#N/A,#N/A,#N/A,#N/A,#N/A,#N/A,#N/A,#N/A
10-309-00-000,10-35-04-000,"City of Iligan, Lanao del Norte",City of Iligan,Lanao del Norte,Region X (Northern Mindanao),City,1st* (reclass 2005),R10,B,N,#REF!,#REF!,https://bpbc.ibpls.com/cityofiliganlanaodelnorte,https://prod.ebpls.com/iliganlanaodelnorte,,#N/A,#N/A,#N/A,[7] To Follow-up,[C] For Training/Others,LGU still did not submit withdrawal after follow-up,[7] To Follow-up,[C] For Training/Others,LGU still did not submit withdrawal after follow-up,[7] To Follow-up,[C] For Training/Others,LGU still did not submit withdrawal after follow-up,[7] To Follow-up,[C] For Training/Others,Met with LGU(5/26/2025). LGU administraiton to meet in discussing withdrawal letter,[7] To Follow-up,[C] For Training/Others,Met with LGU(5/26/2025). LGU administraiton to meet in discussing withdrawal letter,[7] To Follow-up,[C] For Training/Others,"Meet with LGU(5/26/2025). LGU administraiton to discuss withdrawal letter.
(06/20/2025: LGU to meet and discuss)",[7] To Follow-up,[C] For Training/Others,"Meet with LGU(5/26/2025). LGU administraiton to discuss withdrawal letter.
06/20/2025: LGU to meet and discuss withdrawal
July 2025 no updates on withdrawal
",#N/A,#N/A,#N/A,#N/A,#N/A,#N/A,#N/A,#N/A,#N/A,#N/A,#N/A,#N/A,#N/A,#N/A,#N/A
06-310-00-000,06-30-22-000,"City of Iloilo, Iloilo",City of Iloilo,Iloilo,Region VI (Western Visayas),City,1st,R6,A,I,#REF!,#REF!,https://bpbc.ibpls.com/cityofiloiloiloilo,https://prod.ebpls.com/iloiloiloilo,2022-12,#N/A,#N/A,#N/A,[1] Operational,[A] Operational,,[1] Operational,[A] Operational,,[1] Operational,[A] Operational,,[1] Operational,[A] Operational,,[1] Operational,[A] Operational,,[1] Operational,[A] Operational,,[1] Operational,[A] Operational,,#N/A,#N/A,#N/A,#N/A,#N/A,#N/A,#N/A,#N/A,#N/A,#N/A,#N/A,#N/A,#N/A,#N/A,#N/A
09-901-01-000,09-97-01-000,"City of Isabela, Basilan",City of Isabela,Basilan,Region IX (Zamboanga Peninsula),City,4th,R9,A,L,#REF!,#REF!,https://bpbc.ibpls.com/cityofisabelabasilan,https://prod.ebpls.com/isabelabasilan/,2022-12,#N/A,#N/A,#N/A,[1] Operational,[A] Operational,,[1] Operational,[A] Operational,,[1] Operational,[A] Operational,,[1] Operational,[A] Operational,,[1] Operational,[A] Operational,,[1] Operational,[A] Operational,,[1] Operational,[A] Operational,,#N/A,#N/A,#N/A,#N/A,#N/A,#N/A,#N/A,#N/A,#N/A,#N/A,#N/A,#N/A,#N/A,#N/A,#N/A
06-045-15-000,,"City of Kabankalan, Negros Occidental",City of Kabankalan,Negros Occidental,Region VI (Western Visayas),City,1st,R6,B,I,#REF!,,https://bpbc.ibpls.com/cityofkabankalannegrosoccidental,https://prod.ebpls.com/kabankalannegrosoccidental,,#N/A,#N/A,#N/A,[1] Operational,[A] Operational,,[1] Operational,[A] Operational,,[1] Operational,[A] Operational,,[1] Operational,[A] Operational,,[1] Operational,[A] Operational,,[1] Operational,[A] Operational,,[1] Operational,[A] Operational,,#N/A,#N/A,#N/A,#N/A,#N/A,#N/A,#N/A,#N/A,#N/A,#N/A,#N/A,#N/A,#N/A,#N/A,#N/A
12-047-04-000,12-47-04-000,"City of Kidapawan, Cotabato",City of Kidapawan,Cotabato,Region XII (SOCCSKSARGEN),City,3rd,R12,A,Q,#REF!,#REF!,https://bpbc.ibpls.com/cityofkidapawancotabato,https://prod.ebpls.com/kidapawannorthcotabato/.php/login,2022-12,#N/A,#N/A,#N/A,[1] Operational,[A] Operational,,[1] Operational,[A] Operational,,[1] Operational,[A] Operational,,[1] Operational,[A] Operational,,[1] Operational,[A] Operational,,[1] Operational,[A] Operational,,[1] Operational,[A] Operational,,#N/A,#N/A,#N/A,#N/A,#N/A,#N/A,#N/A,#N/A,#N/A,#N/A,#N/A,#N/A,#N/A,#N/A,#N/A
06-045-16-000,06-45-16-000,"City of La Carlota, Negros Occidental",City of La Carlota,Negros Occidental,Region VI (Western Visayas),City,4th,R6,A,I,#REF!,#REF!,https://bpbc.ibpls.com/cityoflacarlotanegrosoccidental,https://prod.ebpls.com/lacarlotanegrosoccidental,2022-12,#N/A,#N/A,#N/A,[1] Operational,[A] Operational,,[1] Operational,[A] Operational,,[1] Operational,[A] Operational,,[1] Operational,[A] Operational,,[1] Operational,[A] Operational,,[1] Operational,[A] Operational,,[1] Operational,[A] Operational,,#N/A,#N/A,#N/A,#N/A,#N/A,#N/A,#N/A,#N/A,#N/A,#N/A,#N/A,#N/A,#N/A,#N/A,#N/A
19-007-02-000,15-07-02-000,"City of Lamitan, Basilan",City of Lamitan,Basilan,Bangsamoro Autonomous Region In Muslim Mindanao (BARMM),City,6th,BARMM I,A,M,#REF!,#REF!,https://bpbc.ibpls.com/cityoflamitanbasilan,https://prod.ebpls.com/lamitanbasilan,2022-12,#N/A,#N/A,#N/A,[1] Operational,[A] Operational,,[1] Operational,[A] Operational,,[1] Operational,[A] Operational,,[1] Operational,[A] Operational,,[1] Operational,[A] Operational,,[1] Operational,[A] Operational,,[1] Operational,[A] Operational,,#N/A,#N/A,#N/A,#N/A,#N/A,#N/A,#N/A,#N/A,#N/A,#N/A,#N/A,#N/A,#N/A,#N/A,#N/A
01-028-12-000,01-28-12-000,"City of Laoag, Ilocos Norte",City of Laoag,Ilocos Norte,Region I (Ilocos Region),City,3rd,R1,A,C,#REF!,#REF!,https://bpbc.ibpls.com/cityoflaoagilocosnorte,https://prod.ebpls.com/laoagilocosnorte,2022-12,#N/A,#N/A,#N/A,[1] Operational,[A] Operational,,[1] Operational,[A] Operational,,[1] Operational,[A] Operational,,[1] Operational,[A] Operational,,[1] Operational,[A] Operational,,[1] Operational,[A] Operational,,[1] Operational,[A] Operational,,#N/A,#N/A,#N/A,#N/A,#N/A,#N/A,#N/A,#N/A,#N/A,#N/A,#N/A,#N/A,#N/A,#N/A,#N/A
08-064-07-000,08-64-07-000,"City of Maasin, Southern Leyte",City of Maasin,Southern Leyte,Region VIII (Eastern Visayas),City,4th,R8,A,K,#REF!,#REF!,https://bpbc.ibpls.com/cityofmaasinsouthernleyte,https://prod.ebpls.com/maasinsouthernleyte,2022-12,#N/A,#N/A,#N/A,[1] Operational,[A] Operational,Normal Operations,[1] Operational,[A] Operational,,[1] Operational,[A] Operational,Normal Operations,[1] Operational,[A] Operational,Normal Operations,[1] Operational,[A] Operational,Normal Operations,[1] Operational,[A] Operational,Normal Operations,[1] Operational,[A] Operational,Normal Operations,#N/A,#N/A,#N/A,#N/A,#N/A,#N/A,#N/A,#N/A,#N/A,#N/A,#N/A,#N/A,#N/A,#N/A,#N/A
07-313-00-000,07-22-30-000,"City of Mandaue, Cebu",City of Mandaue,Cebu,Region VII (Central Visayas),City,1st,R7,A,J,#REF!,#REF!,https://bpbc.ibpls.com/cityofmandauecebu,https://staging.ebpls.com/mandauecitycebu,2022-12,#N/A,#N/A,#N/A,[1] Operational,[A] Operational,,[1] Operational,[A] Operational,,[1] Operational,[A] Operational,,[1] Operational,[A] Operational,,[1] Operational,[A] Operational,,[1] Operational,[A] Operational,,[1] Operational,[A] Operational,,#N/A,#N/A,#N/A,#N/A,#N/A,#N/A,#N/A,#N/A,#N/A,#N/A,#N/A,#N/A,#N/A,#N/A,#N/A
11-025-09-000,11-25-09-000,"City of Mati, Davao Oriental",City of Mati,Davao Oriental,Region XI (Davao Region),City,5th,R11,A,P,#REF!,#REF!,https://bpbc.ibpls.com/cityofmatidavaooriental,https://prod.ebpls.com/matidavaooriental,2022-12,#N/A,#N/A,#N/A,[1] Operational,[A] Operational,,[1] Operational,[A] Operational,,[1] Operational,[A] Operational,,[1] Operational,[A] Operational,,[1] Operational,[A] Operational,,[1] Operational,[A] Operational,,[1] Operational,[A] Operational,,#N/A,#N/A,#N/A,#N/A,#N/A,#N/A,#N/A,#N/A,#N/A,#N/A,#N/A,#N/A,#N/A,#N/A,#N/A
03-314-00-000,03-71-07-000,"City of Olongapo, Zambales",City of Olongapo,Zambales,Region III (Central Luzon),City,1st,R3,B,E,#REF!,#REF!,https://bpbc.ibpls.com/cityofolongapozambales,https://prod.ebpls.com/olongapozambales/.php,,#N/A,#N/A,#N/A,[6] With Concerns,[C] For Training/Others,,[6] With Concerns,[C] For Training/Others,,[6] With Concerns,[C] For Training/Others,,[1] Operational,[A] Operational,,[1] Operational,[A] Operational,,[1] Operational,[A] Operational,,[1] Operational,[A] Operational,,#N/A,#N/A,#N/A,#N/A,#N/A,#N/A,#N/A,#N/A,#N/A,#N/A,#N/A,#N/A,#N/A,#N/A,#N/A
10-042-10-000,10-42-10-000,"City of Ozamiz, Misamis Occidental",City of Ozamiz,Misamis Occidental,Region X (Northern Mindanao),City,3rd,R10,B,N,#REF!,#REF!,https://bpbc.ibpls.com/cityofozamizmisamisoccidental,https://prod.ebpls.com/ozamizmisamisoccidental,,#N/A,#N/A,#N/A,[1] Operational,[A] Operational,,[1] Operational,[A] Operational,,[1] Operational,[A] Operational,,[1] Operational,[A] Operational,,[1] Operational,[A] Operational,,[1] Operational,[A] Operational,,[1] Operational,[A] Operational,,#N/A,#N/A,#N/A,#N/A,#N/A,#N/A,#N/A,#N/A,#N/A,#N/A,#N/A,#N/A,#N/A,#N/A,#N/A
06-079-01-000,06-79-01-000,"Buenavista, Guimaras",Buenavista,Guimaras,Region VI (Western Visayas),Municipality,2nd,R6,A,I,#REF!,#REF!,,https://prod.ebpls.com/buenavistaguimaras,2022-12,#N/A,#N/A,#N/A,[8] Withdraw,[D] Withdraw,,[8] Withdraw,[D] Withdraw,,[8] Withdraw,[D] Withdraw,,[8] Withdraw,[D] Withdraw,,[8] Withdraw,[D] Withdraw,,[8] Withdraw,[D] Withdraw,,[8] Withdraw,[D] Withdraw,,#N/A,#N/A,#N/A,#N/A,#N/A,#N/A,#N/A,#N/A,#N/A,#N/A,#N/A,#N/A,#N/A,#N/A,#N/A
03-049-19-000,03-49-19-000,"City of Palayan, Nueva Ecija",City of Palayan,Nueva Ecija,Region III (Central Luzon),City,5th,R3,B,E,#REF!,#REF!,https://bpbc.ibpls.com/cityofpalayannuevaecija,https://prod.ebpls.com/palayannuevaecija,,#N/A,#N/A,#N/A,[1] Operational,[A] Operational,,[1] Operational,[A] Operational,,[1] Operational,[A] Operational,,[1] Operational,[A] Operational,,[1] Operational,[A] Operational,,[1] Operational,[A] Operational,,[1] Operational,[A] Operational,,#N/A,#N/A,#N/A,#N/A,#N/A,#N/A,#N/A,#N/A,#N/A,#N/A,#N/A,#N/A,#N/A,#N/A,#N/A
06-045-23-000,06-45-23-000,"City of Sagay, Negros Occidental",City of Sagay,Negros Occidental,Region VI (Western Visayas),City,3rd,R6,A,I,#REF!,#REF!,https://bpbc.ibpls.com/cityofsagaynegrosoccidental,https://prod.ebpls.com/sagaynegrosoccidental,2022-12,#N/A,#N/A,#N/A,[1] Operational,[A] Operational,,[1] Operational,[A] Operational,,[1] Operational,[A] Operational,,[1] Operational,[A] Operational,,[1] Operational,[A] Operational,,[1] Operational,[A] Operational,,[1] Operational,[A] Operational,,#N/A,#N/A,#N/A,#N/A,#N/A,#N/A,#N/A,#N/A,#N/A,#N/A,#N/A,#N/A,#N/A,#N/A,#N/A
01-055-32-000,01-55-32-000,"City of San Carlos, Pangasinan",City of San Carlos,Pangasinan,Region I (Ilocos Region),City,3rd,R1,B,C,#REF!,#REF!,https://bpbc.ibpls.com/cityofsancarlospangasinan,https://prod.ebpls.com/sancarlospangasinan,,#N/A,#N/A,#N/A,[3] Ongoing Data Build-up,[B] Developmental,,[3] Ongoing Data Build-up,[B] Developmental,,[1] Operational,[A] Operational,,[1] Operational,[A] Operational,,[1] Operational,[A] Operational,,[1] Operational,[A] Operational,,[1] Operational,[A] Operational,,#N/A,#N/A,#N/A,#N/A,#N/A,#N/A,#N/A,#N/A,#N/A,#N/A,#N/A,#N/A,#N/A,#N/A,#N/A
03-014-20-000,03-14-20-000,"City of San Jose Del Monte, Bulacan",City of San Jose Del Monte,Bulacan,Region III (Central Luzon),City,1st,R3,B,E,#REF!,#REF!,https://bpbc.ibpls.com/cityofsanjosedelmontebulacan,https://prod.ebpls.com/sanjosedelmontebulacan,,#N/A,#N/A,#N/A,[1] Operational,[A] Operational,,[1] Operational,[A] Operational,,[1] Operational,[A] Operational,,[1] Operational,[A] Operational,,[1] Operational,[A] Operational,,[1] Operational,[A] Operational,,[1] Operational,[A] Operational,,#N/A,#N/A,#N/A,#N/A,#N/A,#N/A,#N/A,#N/A,#N/A,#N/A,#N/A,#N/A,#N/A,#N/A,#N/A
06-045-27-000,06-45-27-000,"City of Sipalay, Negros Occidental",City of Sipalay,Negros Occidental,Region VI (Western Visayas),City,4th,R6,A,I,#REF!,#REF!,https://bpbc.ibpls.com/cityofsipalaynegrosoccidental,https://prod.ebpls.com/sipalaynegrosoccidental,2022-12,#N/A,#N/A,#N/A,[1] Operational,[A] Operational,,[1] Operational,[A] Operational,,[1] Operational,[A] Operational,,[1] Operational,[A] Operational,,[1] Operational,[A] Operational,,[1] Operational,[A] Operational,,[1] Operational,[A] Operational,,#N/A,#N/A,#N/A,#N/A,#N/A,#N/A,#N/A,#N/A,#N/A,#N/A,#N/A,#N/A,#N/A,#N/A,#N/A
16-067-24-000,16-67-24-000,"City of Surigao, Surigao del Norte",City of Surigao,Surigao del Norte,Region XIII (Caraga),City,3rd,R13,B,O,#REF!,#REF!,https://bpbc.ibpls.com/cityofsurigaosurigaodelnorte,https://prod.ebpls.com/surigaosurigaodelnorte,,#N/A,#N/A,#N/A,[6] With Concerns,[C] For Training/Others,,[1] Operational,[A] Operational,,[1] Operational,[A] Operational,,[1] Operational,[A] Operational,,[1] Operational,[A] Operational,,[1] Operational,[A] Operational,,[1] Operational,[A] Operational,,#N/A,#N/A,#N/A,#N/A,#N/A,#N/A,#N/A,#N/A,#N/A,#N/A,#N/A,#N/A,#N/A,#N/A,#N/A
14-032-13-000,14-32-13-000,"City of Tabuk, Kalinga",City of Tabuk,Kalinga,Cordillera Administrative Region (CAR),City,5th,CAR,A,B,#REF!,#REF!,https://bpbc.ibpls.com/cityoftabukkalinga,https://prod.ebpls.com/tabukcitykalinga,2022-12,#N/A,#N/A,#N/A,[1] Operational,[A] Operational,,[1] Operational,[A] Operational,,[1] Operational,[A] Operational,,[1] Operational,[A] Operational,,[1] Operational,[A] Operational,,[1] Operational,[A] Operational,,[1] Operational,[A] Operational,,#N/A,#N/A,#N/A,#N/A,#N/A,#N/A,#N/A,#N/A,#N/A,#N/A,#N/A,#N/A,#N/A,#N/A,#N/A
16-068-19-000,16-68-19-000,"City of Tandag, Surigao del Sur",City of Tandag,Surigao del Sur,Region XIII (Caraga),City,5th,R13,A,O,#REF!,#REF!,https://bpbc.ibpls.com/cityoftandagsurigaodelsur,https://prod.ebpls.com/tandagsurigaodelsur,2022-12,#N/A,#N/A,#N/A,[1] Operational,[A] Operational,,[1] Operational,[A] Operational,,[1] Operational,[A] Operational,,[1] Operational,[A] Operational,,[1] Operational,[A] Operational,,[1] Operational,[A] Operational,,[1] Operational,[A] Operational,,#N/A,#N/A,#N/A,#N/A,#N/A,#N/A,#N/A,#N/A,#N/A,#N/A,#N/A,#N/A,#N/A,#N/A,#N/A
10-042-15-000,10-42-15-000,"City of Tangub, Misamis Occidental",City of Tangub,Misamis Occidental,Region X (Northern Mindanao),City,4th,R10,B,N,#REF!,#REF!,https://bpbc.ibpls.com/tangubmisamisoccidental,https://prod.ebpls.com/tangubmisamisoccidental,,#N/A,#N/A,#N/A,[1] Operational,[A] Operational,,[1] Operational,[A] Operational,,[1] Operational,[A] Operational,,[1] Operational,[A] Operational,,[1] Operational,[A] Operational,,[1] Operational,[A] Operational,,[1] Operational,[A] Operational,,#N/A,#N/A,#N/A,#N/A,#N/A,#N/A,#N/A,#N/A,#N/A,#N/A,#N/A,#N/A,#N/A,#N/A,#N/A
01-029-34-000,01-29-34-000,"City of Vigan, Ilocos Sur",City of Vigan,Ilocos Sur,Region I (Ilocos Region),City,4th,R1,B,C,#REF!,#REF!,https://bpbc.ibpls.com/cityofviganilocossur,https://prod.ebpls.com/viganilocossur,,#N/A,#N/A,#N/A,[2] Pilot Testing,[B] Developmental,,[2] Pilot Testing,[B] Developmental,,[2] Pilot Testing,[B] Developmental,,[2] Pilot Testing,[B] Developmental,,[2] Pilot Testing,[B] Developmental,,[2] Pilot Testing,[B] Developmental,,[2] Pilot Testing,[B] Developmental,,#N/A,#N/A,#N/A,#N/A,#N/A,#N/A,#N/A,#N/A,#N/A,#N/A,#N/A,#N/A,#N/A,#N/A,#N/A
10-042-05-000,10-42-05-000,"Clarin, Misamis Occidental",Clarin,Misamis Occidental,Region X (Northern Mindanao),Municipality,4th,R10,A,N,#REF!,#REF!,https://bpbc.ibpls.com/clarinmisamisoccidental,https://prod.ebpls.com/clarinmisamisoccidental,2022-12,#N/A,#N/A,#N/A,[1] Operational,[A] Operational,,[1] Operational,[A] Operational,,[1] Operational,[A] Operational,,[1] Operational,[A] Operational,,[1] Operational,[A] Operational,,[1] Operational,[A] Operational,,[1] Operational,[A] Operational,,#N/A,#N/A,#N/A,#N/A,#N/A,#N/A,#N/A,#N/A,#N/A,#N/A,#N/A,#N/A,#N/A,#N/A,#N/A
10-043-06-000,10-43-06-000,"Claveria, Misamis Oriental",Claveria,Misamis Oriental,Region X (Northern Mindanao),Municipality,1st,R10,A,N,#REF!,#REF!,https://bpbc.ibpls.com/claveriamisamisoriental,https://prod.ebpls.com/claveriamisamisoriental,2022-12,#N/A,#N/A,#N/A,[1] Operational,[A] Operational,,[1] Operational,[A] Operational,,[1] Operational,[A] Operational,,[1] Operational,[A] Operational,,[1] Operational,[A] Operational,,[1] Operational,[A] Operational,,[1] Operational,[A] Operational,,#N/A,#N/A,#N/A,#N/A,#N/A,#N/A,#N/A,#N/A,#N/A,#N/A,#N/A,#N/A,#N/A,#N/A,#N/A
04-056-06-000,04-56-06-000,"Burdeos, Quezon",Burdeos,Quezon,Region IV-A (CALABARZON),Municipality,4th,R4A,B,F,#REF!,#REF!,,https://prod.ebpls.com/burdeosquezon,,#N/A,#N/A,#N/A,[6] With Concerns,[C] For Training/Others,,[6] With Concerns,[C] For Training/Others,,[6] With Concerns,[C] For Training/Others,,[6] With Concerns,[C] For Training/Others,,[6] With Concerns,[C] For Training/Others,,[6] With Concerns,[C] For Training/Others,,[6] With Concerns,[C] For Training/Others,,#N/A,#N/A,#N/A,#N/A,#N/A,#N/A,#N/A,#N/A,#N/A,#N/A,#N/A,#N/A,#N/A,#N/A,#N/A
12-065-02-000,12-65-02-000,"Columbio, Sultan Kudarat",Columbio,Sultan Kudarat,Region XII (SOCCSKSARGEN),Municipality,1st,R12,A,Q,#REF!,#REF!,https://bpbc.ibpls.com/columbiosultankudarat,https://prod.ebpls.com/columbiosultankudarat,2022-12,#N/A,#N/A,#N/A,[1] Operational,[A] Operational,,[1] Operational,[A] Operational,,[1] Operational,[A] Operational,,[1] Operational,[A] Operational,,[1] Operational,[A] Operational,,[1] Operational,[A] Operational,,[1] Operational,[A] Operational,,#N/A,#N/A,#N/A,#N/A,#N/A,#N/A,#N/A,#N/A,#N/A,#N/A,#N/A,#N/A,#N/A,#N/A,#N/A
07-022-18-000,07-22-18-000,"Compostela, Cebu",Compostela,Cebu,Region VII (Central Visayas),Municipality,3rd,R7,A,J,#REF!,#REF!,https://bpbc.ibpls.com/compostelacebu,https://prod.ebpls.com/compostelacebu,2022-12,#N/A,#N/A,#N/A,[1] Operational,[A] Operational,,[1] Operational,[A] Operational,,[1] Operational,[A] Operational,,[1] Operational,[A] Operational,,[1] Operational,[A] Operational,,[1] Operational,[A] Operational,,[1] Operational,[A] Operational,,#N/A,#N/A,#N/A,#N/A,#N/A,#N/A,#N/A,#N/A,#N/A,#N/A,#N/A,#N/A,#N/A,#N/A,#N/A
11-082-01-000,11-82-01-000,"Compostela, Davao de Oro",Compostela,Davao de Oro,Region XI (Davao Region),Municipality,1st,R11,B,P,#REF!,#REF!,https://bpbc.ibpls.com/composteladavaodeoro,https://prod.ebpls.com/composteladavaodeoro,,#N/A,#N/A,#N/A,[1] Operational,[A] Operational,,[1] Operational,[A] Operational,,[1] Operational,[A] Operational,,[1] Operational,[A] Operational,,[1] Operational,[A] Operational,,[1] Operational,[A] Operational,,[1] Operational,[A] Operational,,#N/A,#N/A,#N/A,#N/A,#N/A,#N/A,#N/A,#N/A,#N/A,#N/A,#N/A,#N/A,#N/A,#N/A,#N/A
06-030-15-000,06-30-15-000,"Concepcion, Iloilo",Concepcion,Iloilo,Region VI (Western Visayas),Municipality,3rd,R6,A,I,#REF!,#REF!,https://bpbc.ibpls.com/concepcioniloilo,https://prod.ebpls.com/concepcioniloilo,2022-12,#N/A,#N/A,#N/A,[1] Operational,[A] Operational,,[1] Operational,[A] Operational,,[1] Operational,[A] Operational,,[1] Operational,[A] Operational,,[1] Operational,[A] Operational,,[1] Operational,[A] Operational,,[1] Operational,[A] Operational,,#N/A,#N/A,#N/A,#N/A,#N/A,#N/A,#N/A,#N/A,#N/A,#N/A,#N/A,#N/A,#N/A,#N/A,#N/A
17-059-05-000,17-59-05-000,"Concepcion, Romblon",Concepcion,Romblon,MIMAROPA Region,Municipality,6th,R4B,B,G,#REF!,#REF!,https://bpbc.ibpls.com/concepcionromblon,https://prod.ebpls.com/concepcionromblon/.php/login,,#N/A,#N/A,#N/A,[8] Withdraw,[D] Withdraw,,[8] Withdraw,[D] Withdraw,,[8] Withdraw,[D] Withdraw,,[8] Withdraw,[D] Withdraw,,[8] Withdraw,[D] Withdraw,,[8] Withdraw,[D] Withdraw,,[8] Withdraw,[D] Withdraw,,#N/A,#N/A,#N/A,#N/A,#N/A,#N/A,#N/A,#N/A,#N/A,#N/A,#N/A,#N/A,#N/A,#N/A,#N/A
03-069-05-000,03-69-05-000,"Concepcion, Tarlac",Concepcion,Tarlac,Region III (Central Luzon),Municipality,1st,R3,B,E,#REF!,#REF!,https://bpbc.ibpls.com/concepciontarlac,https://prod.ebpls.com/concepciontarlac/.php/login,,#N/A,#N/A,#N/A,[6] With Concerns,[C] For Training/Others,,[6] With Concerns,[C] For Training/Others,,[6] With Concerns,[C] For Training/Others,,[1] Operational,[A] Operational,,[1] Operational,[A] Operational,,[1] Operational,[A] Operational,,[1] Operational,[A] Operational,,#N/A,#N/A,#N/A,#N/A,#N/A,#N/A,#N/A,#N/A,#N/A,#N/A,#N/A,#N/A,#N/A,#N/A,#N/A
02-031-09-000,02-31-09-000,"Cordon, Isabela",Cordon,Isabela,Region II (Cagayan Valley),Municipality,3rd,R2,B,D,#REF!,#REF!,https://bpbc.ibpls.com/cordonisabela,https://prod.ebpls.com/cordonisabela,,#N/A,#N/A,#N/A,[1] Operational,[A] Operational,,[1] Operational,[A] Operational,,[1] Operational,[A] Operational,,[1] Operational,[A] Operational,,[1] Operational,[A] Operational,,[1] Operational,[A] Operational,,[1] Operational,[A] Operational,,#N/A,#N/A,#N/A,#N/A,#N/A,#N/A,#N/A,#N/A,#N/A,#N/A,#N/A,#N/A,#N/A,#N/A,#N/A
07-022-20-000,07-22-20-000,"Cordova, Cebu",Cordova,Cebu,Region VII (Central Visayas),Municipality,3rd,R7,A,J,#REF!,#REF!,https://bpbc.ibpls.com/cordovacebu,https://prod.ebpls.com/cordovacebu,2022-12,#N/A,#N/A,#N/A,[1] Operational,[A] Operational,,[1] Operational,[A] Operational,,[1] Operational,[A] Operational,,[1] Operational,[A] Operational,,[1] Operational,[A] Operational,,[1] Operational,[A] Operational,,[1] Operational,[A] Operational,,#N/A,#N/A,#N/A,#N/A,#N/A,#N/A,#N/A,#N/A,#N/A,#N/A,#N/A,#N/A,#N/A,#N/A,#N/A
07-012-15-000,07-12-15-000,"Corella, Bohol",Corella,Bohol,Region VII (Central Visayas),Municipality,5th,R7,A,J,#REF!,#REF!,https://bpbc.ibpls.com/corellabohol,https://prod.ebpls.com/corellabohol,2022-12,#N/A,#N/A,#N/A,[1] Operational,[A] Operational,,[1] Operational,[A] Operational,,[1] Operational,[A] Operational,,[1] Operational,[A] Operational,,[1] Operational,[A] Operational,,[1] Operational,[A] Operational,,[1] Operational,[A] Operational,,#N/A,#N/A,#N/A,#N/A,#N/A,#N/A,#N/A,#N/A,#N/A,#N/A,#N/A,#N/A,#N/A,#N/A,#N/A
17-053-09-000,17-53-09-000,"Coron, Palawan",Coron,Palawan,MIMAROPA Region,Municipality,1st,R4B,A,G,#REF!,#REF!,https://bpbc.ibpls.com/coronpalawan,https://prod.ebpls.com/coronpalawan/.php/login,2022-12,#N/A,#N/A,#N/A,[1] Operational,[A] Operational,,[1] Operational,[A] Operational,,[1] Operational,[A] Operational,,[1] Operational,[A] Operational,,[1] Operational,[A] Operational,,[1] Operational,[A] Operational,,[1] Operational,[A] Operational,,#N/A,#N/A,#N/A,#N/A,#N/A,#N/A,#N/A,#N/A,#N/A,#N/A,#N/A,#N/A,#N/A,#N/A,#N/A
07-012-16-000,07-12-16-000,"Cortes, Bohol",Cortes,Bohol,Region VII (Central Visayas),Municipality,5th,R7,B,J,#REF!,#REF!,https://bpbc.ibpls.com/cortesbohol,https://prod.ebpls.com/cortesbohol,,#N/A,#N/A,#N/A,[3] Ongoing Data Build-up,[B] Developmental,,[3] Ongoing Data Build-up,[B] Developmental,,[3] Ongoing Data Build-up,[B] Developmental,,[2] Pilot Testing,[B] Developmental,,[2] Pilot Testing,[B] Developmental,,[2] Pilot Testing,[B] Developmental,,[2] Pilot Testing,[B] Developmental,,#N/A,#N/A,#N/A,#N/A,#N/A,#N/A,#N/A,#N/A,#N/A,#N/A,#N/A,#N/A,#N/A,#N/A,#N/A
16-068-08-000,16-68-08-000,"Cortes, Surigao del Sur",Cortes,Surigao del Sur,Region XIII (Caraga),Municipality,4th,R13,A,O,#REF!,#REF!,https://bpbc.ibpls.com/cortessurigaodelsur,https://prod.ebpls.com/cortessurigaodelsur,2022-12,#N/A,#N/A,#N/A,[1] Operational,[A] Operational,,[1] Operational,[A] Operational,,[1] Operational,[A] Operational,,[1] Operational,[A] Operational,,[1] Operational,[A] Operational,,[1] Operational,[A] Operational,,[1] Operational,[A] Operational,,#N/A,#N/A,#N/A,#N/A,#N/A,#N/A,#N/A,#N/A,#N/A,#N/A,#N/A,#N/A,#N/A,#N/A,#N/A
06-019-01-000,06-19-01-000,"Cuartero, Capiz",Cuartero,Capiz,Region VI (Western Visayas),Municipality,4th,R6,A,I,#REF!,#REF!,https://bpbc.ibpls.com/cuarterocapiz,https://prod.ebpls.com/cuarterocapiz/,2022-12,#N/A,#N/A,#N/A,[1] Operational,[A] Operational,,[1] Operational,[A] Operational,,[1] Operational,[A] Operational,,[1] Operational,[A] Operational,,[1] Operational,[A] Operational,,[1] Operational,[A] Operational,,[1] Operational,[A] Operational,,#N/A,#N/A,#N/A,#N/A,#N/A,#N/A,#N/A,#N/A,#N/A,#N/A,#N/A,#N/A,#N/A,#N/A,#N/A
17-053-22-000,17-53-22-000,"Culion, Palawan",Culion,Palawan,MIMAROPA Region,Municipality,3rd,R4B,A,G,#REF!,#REF!,https://bpbc.ibpls.com/culionpalawan,https://prod.ebpls.com/culionpalawan/.php/login,2022-12,#N/A,#N/A,#N/A,[1] Operational,[A] Operational,,[1] Operational,[A] Operational,,[1] Operational,[A] Operational,,[1] Operational,[A] Operational,,[1] Operational,[A] Operational,,[1] Operational,[A] Operational,,[1] Operational,[A] Operational,,#N/A,#N/A,#N/A,#N/A,#N/A,#N/A,#N/A,#N/A,#N/A,#N/A,#N/A,#N/A,#N/A,#N/A,#N/A
03-049-06-000,03-49-06-000,"Cuyapo, Nueva Ecija",Cuyapo,Nueva Ecija,Region III (Central Luzon),Municipality,1st,R3,A,E,#REF!,#REF!,https://bpbc.ibpls.com/cuyaponuevaecija,https://prod.ebpls.com/cuyaponuevaecija/.php/login,2022-12,#N/A,#N/A,#N/A,[1] Operational,[A] Operational,,[1] Operational,[A] Operational,,[1] Operational,[A] Operational,,[1] Operational,[A] Operational,,[1] Operational,[A] Operational,,[1] Operational,[A] Operational,,[1] Operational,[A] Operational,,#N/A,#N/A,#N/A,#N/A,#N/A,#N/A,#N/A,#N/A,#N/A,#N/A,#N/A,#N/A,#N/A,#N/A,#N/A
07-022-21-000,07-22-21-000,"Daanbantayan, Cebu",Daanbantayan,Cebu,Region VII (Central Visayas),Municipality,1st,R7,A,J,#REF!,#REF!,https://bpbc.ibpls.com/daanbantayancebu,https://prod.ebpls.com/daanbantayancebu,2022-12,#N/A,#N/A,#N/A,[1] Operational,[A] Operational,,[1] Operational,[A] Operational,,[1] Operational,[A] Operational,,[1] Operational,[A] Operational,,[1] Operational,[A] Operational,,[1] Operational,[A] Operational,,[1] Operational,[A] Operational,,#N/A,#N/A,#N/A,#N/A,#N/A,#N/A,#N/A,#N/A,#N/A,#N/A,#N/A,#N/A,#N/A,#N/A,#N/A
05-016-03-000,05-16-03-000,"Daet, Camarines Norte",Daet,Camarines Norte,Region V (Bicol Region),Municipality,1st,R5,B,H,#REF!,#REF!,https://bpbc.ibpls.com/daetcamarinesnorte,https://prod.ebpls.com/daetcamarinesnorte,,#N/A,#N/A,#N/A,[5] For Training,[C] For Training/Others,,[5] For Training,[C] For Training/Others,,[5] For Training,[C] For Training/Others,,[5] For Training,[C] For Training/Others,,[5] For Training,[C] For Training/Others,,[5] For Training,[C] For Training/Others,,[5] For Training,[C] For Training/Others,,#N/A,#N/A,#N/A,#N/A,#N/A,#N/A,#N/A,#N/A,#N/A,#N/A,#N/A,#N/A,#N/A,#N/A,#N/A
07-012-18-000,07-12-18-000,"Danao, Bohol",Danao,Bohol,Region VII (Central Visayas),Municipality,4th*,R7,A,J,#REF!,#REF!,https://bpbc.ibpls.com/danaobohol,https://prod.ebpls.com/danaobohol,2022-12,#N/A,#N/A,#N/A,[1] Operational,[A] Operational,,[1] Operational,[A] Operational,,[1] Operational,[A] Operational,,[1] Operational,[A] Operational,,[1] Operational,[A] Operational,,[1] Operational,[A] Operational,,[1] Operational,[A] Operational,,#N/A,#N/A,#N/A,#N/A,#N/A,#N/A,#N/A,#N/A,#N/A,#N/A,#N/A,#N/A,#N/A,#N/A,#N/A
14-001-06-000,14-01-06-000,"Danglas, Abra",Danglas,Abra,Cordillera Administrative Region (CAR),Municipality,5th,CAR,B,B,#REF!,#REF!,https://bpbc.ibpls.com/danglasabra,https://prod.ebpls.com/danglasabra,2022-02,#N/A,#N/A,#N/A,[1] Operational,[A] Operational,,[1] Operational,[A] Operational,,[1] Operational,[A] Operational,,[1] Operational,[A] Operational,,[1] Operational,[A] Operational,,[1] Operational,[A] Operational,,[1] Operational,[A] Operational,,#N/A,#N/A,#N/A,#N/A,#N/A,#N/A,#N/A,#N/A,#N/A,#N/A,#N/A,#N/A,#N/A,#N/A,#N/A
08-060-06-000,08-60-06-000,"Daram, Samar",Daram,Samar,Region VIII (Eastern Visayas),Municipality,3rd,R8,A,K,#REF!,#REF!,https://bpbc.ibpls.com/daramsamar,https://prod.ebpls.com/daramsamar,2022-12,#N/A,#N/A,#N/A,[1] Operational,[A] Operational,,[1] Operational,[A] Operational,,[1] Operational,[A] Operational,Normal Operations,[1] Operational,[A] Operational,Normal Operations,[1] Operational,[A] Operational,Normal Operations,[1] Operational,[A] Operational,Normal Operations,[1] Operational,[A] Operational,Normal Operations,#N/A,#N/A,#N/A,#N/A,#N/A,#N/A,#N/A,#N/A,#N/A,#N/A,#N/A,#N/A,#N/A,#N/A,#N/A
01-055-19-000,01-55-19-000,"Dasol, Pangasinan",Dasol,Pangasinan,Region I (Ilocos Region),Municipality,3rd,R1,A,C,#REF!,#REF!,https://bpbc.ibpls.com/dasolpangasinan,https://prod.ebpls.com/dasolpangasinan,2022-12,#N/A,#N/A,#N/A,[1] Operational,[A] Operational,,[1] Operational,[A] Operational,,[1] Operational,[A] Operational,,[1] Operational,[A] Operational,,[1] Operational,[A] Operational,,[1] Operational,[A] Operational,,[1] Operational,[A] Operational,,#N/A,#N/A,#N/A,#N/A,#N/A,#N/A,#N/A,#N/A,#N/A,#N/A,#N/A,#N/A,#N/A,#N/A,#N/A
19-088-03-000,15-38-28-000,"Datu Abdullah Sangki, Maguindanao del Sur",Datu Abdullah Sangki,Maguindanao del Sur,Bangsamoro Autonomous Region In Muslim Mindanao (BARMM),Municipality,-,BARMM II,A,R,#REF!,#REF!,https://bpbc.ibpls.com/datuabdullahsangkimaguindanaodelsur,https://prod.ebpls.com/datuabdullahsangkimaguindanao,2022-12,#N/A,#N/A,#N/A,[1] Operational,[A] Operational,,[1] Operational,[A] Operational,,[1] Operational,[A] Operational,,[1] Operational,[A] Operational,,[1] Operational,[A] Operational,,[1] Operational,[A] Operational,,[1] Operational,[A] Operational,,#N/A,#N/A,#N/A,#N/A,#N/A,#N/A,#N/A,#N/A,#N/A,#N/A,#N/A,#N/A,#N/A,#N/A,#N/A
19-088-04-000,15-38-31-000,"Datu Anggal Midtimbang, Maguindanao del Sur",Datu Anggal Midtimbang,Maguindanao del Sur,Bangsamoro Autonomous Region In Muslim Mindanao (BARMM),Municipality,-,BARMM II,B,R,#REF!,#REF!,https://bpbc.ibpls.com/datuanggalmidtimbangmaguindanaodelsur,https://prod.ebpls.com/datuanggalmidtimbangmaguindanao,,#N/A,#N/A,#N/A,[3] Ongoing Data Build-up,[B] Developmental,,[3] Ongoing Data Build-up,[B] Developmental,,[3] Ongoing Data Build-up,[B] Developmental,,[3] Ongoing Data Build-up,[B] Developmental,,[3] Ongoing Data Build-up,[B] Developmental,,[3] Ongoing Data Build-up,[B] Developmental,,[3] Ongoing Data Build-up,[B] Developmental,,#N/A,#N/A,#N/A,#N/A,#N/A,#N/A,#N/A,#N/A,#N/A,#N/A,#N/A,#N/A,#N/A,#N/A,#N/A
19-088-06-000,15-38-05-000,"Datu Paglas, Maguindanao del Sur",Datu Paglas,Maguindanao del Sur,Bangsamoro Autonomous Region In Muslim Mindanao (BARMM),Municipality,4th,BARMM II,A,R,#REF!,#REF!,https://bpbc.ibpls.com/datupaglasmaguindanaodelsur,https://prod.ebpls.com/datupaglasmaguindanao,2022-12,#N/A,#N/A,#N/A,[1] Operational,[A] Operational,,[1] Operational,[A] Operational,,[1] Operational,[A] Operational,,[1] Operational,[A] Operational,,[1] Operational,[A] Operational,,[1] Operational,[A] Operational,,[1] Operational,[A] Operational,,#N/A,#N/A,#N/A,#N/A,#N/A,#N/A,#N/A,#N/A,#N/A,#N/A,#N/A,#N/A,#N/A,#N/A,#N/A
19-088-07-000,15-38-06-000,"Datu Piang, Maguindanao del Sur",Datu Piang,Maguindanao del Sur,Bangsamoro Autonomous Region In Muslim Mindanao (BARMM),Municipality,2nd,BARMM II,B,R,#REF!,#REF!,https://bpbc.ibpls.com/datupiangmaguindanaodelsur,https://prod.ebpls.com/datupiangmaguindanao,,#N/A,#N/A,#N/A,[3] Ongoing Data Build-up,[B] Developmental,,[3] Ongoing Data Build-up,[B] Developmental,,[3] Ongoing Data Build-up,[B] Developmental,,[3] Ongoing Data Build-up,[B] Developmental,,[3] Ongoing Data Build-up,[B] Developmental,,[3] Ongoing Data Build-up,[B] Developmental,,[3] Ongoing Data Build-up,[B] Developmental,,#N/A,#N/A,#N/A,#N/A,#N/A,#N/A,#N/A,#N/A,#N/A,#N/A,#N/A,#N/A,#N/A,#N/A,#N/A
07-046-09-000,07-46-09-000,"Dauin, Negros Oriental",Dauin,Negros Oriental,Region VII (Central Visayas),Municipality,4th,R7,A,J,#REF!,#REF!,https://bpbc.ibpls.com/dauinnegrosoriental,https://prod.ebpls.com/dauinnegrosoriental,2022-12,#N/A,#N/A,#N/A,[1] Operational,[A] Operational,,[1] Operational,[A] Operational,,[1] Operational,[A] Operational,,[1] Operational,[A] Operational,,[1] Operational,[A] Operational,,[1] Operational,[A] Operational,,[1] Operational,[A] Operational,,#N/A,#N/A,#N/A,#N/A,#N/A,#N/A,#N/A,#N/A,#N/A,#N/A,#N/A,#N/A,#N/A,#N/A,#N/A
16-067-08-000,16-67-08-000,"Del Carmen, Surigao del Norte",Del Carmen,Surigao del Norte,Region XIII (Caraga),Municipality,5th,R13,A,O,#REF!,#REF!,https://bpbc.ibpls.com/delcarmensurigaodelnorte,https://prod.ebpls.com/delcarmensurigaodelnorte,2022-12,#N/A,#N/A,#N/A,[1] Operational,[A] Operational,,[1] Operational,[A] Operational,,[1] Operational,[A] Operational,,[1] Operational,[A] Operational,,[1] Operational,[A] Operational,,[1] Operational,[A] Operational,,[1] Operational,[A] Operational,,#N/A,#N/A,#N/A,#N/A,#N/A,#N/A,#N/A,#N/A,#N/A,#N/A,#N/A,#N/A,#N/A,#N/A,#N/A
05-017-12-000,05-17-12-000,"Del Gallego, Camarines Sur",Del Gallego,Camarines Sur,Region V (Bicol Region),Municipality,4th,R5,A,H,#REF!,#REF!,https://bpbc.ibpls.com/delgallegocamarinessur,https://prod.ebpls.com/delgallegocamarinessur,2022-12,#N/A,#N/A,#N/A,[1] Operational,[A] Operational,,[1] Operational,[A] Operational,,[1] Operational,[A] Operational,,[1] Operational,[A] Operational,,[1] Operational,[A] Operational,,[1] Operational,[A] Operational,,[1] Operational,[A] Operational,,#N/A,#N/A,#N/A,#N/A,#N/A,#N/A,#N/A,#N/A,#N/A,#N/A,#N/A,#N/A,#N/A,#N/A,#N/A
02-050-06-000,02-50-06-000,"Diadi, Nueva Vizcaya",Diadi,Nueva Vizcaya,Region II (Cagayan Valley),Municipality,4th,R2,A,D,#REF!,#REF!,https://bpbc.ibpls.com/diadinuevavizcaya,https://prod.ebpls.com/diadinuevavizcaya,2022-12,#N/A,#N/A,#N/A,[1] Operational,[A] Operational,,[1] Operational,[A] Operational,,[1] Operational,[A] Operational,,[1] Operational,[A] Operational,,[1] Operational,[A] Operational,,[1] Operational,[A] Operational,,[1] Operational,[A] Operational,,#N/A,#N/A,#N/A,#N/A,#N/A,#N/A,#N/A,#N/A,#N/A,#N/A,#N/A,#N/A,#N/A,#N/A,#N/A
02-057-03-000,02-57-03-000,"Diffun, Quirino",Diffun,Quirino,Region II (Cagayan Valley),Municipality,2nd,R2,A,D,#REF!,#REF!,https://bpbc.ibpls.com/diffunquirino,https://prod.ebpls.com/diffunquirino,2022-12,#N/A,#N/A,#N/A,[1] Operational,[A] Operational,,[1] Operational,[A] Operational,,[1] Operational,[A] Operational,,[1] Operational,[A] Operational,,[1] Operational,[A] Operational,,[1] Operational,[A] Operational,,[1] Operational,[A] Operational,,#N/A,#N/A,#N/A,#N/A,#N/A,#N/A,#N/A,#N/A,#N/A,#N/A,#N/A,#N/A,#N/A,#N/A,#N/A
03-077-03-000,03-77-03-000,"Dilasag, Aurora",Dilasag,Aurora,Region III (Central Luzon),Municipality,3rd,R3,A,E,#REF!,#REF!,https://bpbc.ibpls.com/dilasagaurora,https://prod.ebpls.com/dilasagaurora/.php/login,2022-12,#N/A,#N/A,#N/A,[1] Operational,[A] Operational,,[1] Operational,[A] Operational,,[1] Operational,[A] Operational,,[1] Operational,[A] Operational,,[1] Operational,[A] Operational,,[1] Operational,[A] Operational,,[1] Operational,[A] Operational,,#N/A,#N/A,#N/A,#N/A,#N/A,#N/A,#N/A,#N/A,#N/A,#N/A,#N/A,#N/A,#N/A,#N/A,#N/A
05-041-08-000,05-41-08-000,"Dimasalang, Masbate",Dimasalang,Masbate,Region V (Bicol Region),Municipality,4th,R5,A,H,#REF!,#REF!,https://bpbc.ibpls.com/dimasalangmasbate,https://prod.ebpls.com/dimasalangmasbate,2022-12,#N/A,#N/A,#N/A,[1] Operational,[A] Operational,,[1] Operational,[A] Operational,,[1] Operational,[A] Operational,,[1] Operational,[A] Operational,,[1] Operational,[A] Operational,,[1] Operational,[A] Operational,,[1] Operational,[A] Operational,,#N/A,#N/A,#N/A,#N/A,#N/A,#N/A,#N/A,#N/A,#N/A,#N/A,#N/A,#N/A,#N/A,#N/A,#N/A
09-073-05-000,09-73-05-000,"Dimataling, Zamboanga del Sur",Dimataling,Zamboanga del Sur,Region IX (Zamboanga Peninsula),Municipality,4th,R9,B,L,#REF!,#REF!,https://bpbc.ibpls.com/dimatalingzamboangadelsur,https://prod.ebpls.com/dimatalingzamboangadelsur,,#N/A,#N/A,#N/A,[1] Operational,[A] Operational,,[1] Operational,[A] Operational,,[1] Operational,[A] Operational,,[1] Operational,[A] Operational,,[1] Operational,[A] Operational,,[1] Operational,[A] Operational,,[1] Operational,[A] Operational,,#N/A,#N/A,#N/A,#N/A,#N/A,#N/A,#N/A,#N/A,#N/A,#N/A,#N/A,#N/A,#N/A,#N/A,#N/A
16-085-03-000,16-85-03-000,"Dinagat, Dinagat Islands",Dinagat,Dinagat Islands,Region XIII (Caraga),Municipality,5th,R13,A,O,#REF!,#REF!,https://bpbc.ibpls.com/dinagatdinagatislands,https://prod.ebpls.com/dinagatdinagatislands,2022-12,#N/A,#N/A,#N/A,[1] Operational,[A] Operational,,[1] Operational,[A] Operational,,[1] Operational,[A] Operational,,[1] Operational,[A] Operational,,[1] Operational,[A] Operational,,[1] Operational,[A] Operational,,[1] Operational,[A] Operational,,#N/A,#N/A,#N/A,#N/A,#N/A,#N/A,#N/A,#N/A,#N/A,#N/A,#N/A,#N/A,#N/A,#N/A,#N/A
03-077-04-000,03-77-04-000,"Dinalungan, Aurora",Dinalungan,Aurora,Region III (Central Luzon),Municipality,4th,R3,B,E,#REF!,#REF!,https://bpbc.ibpls.com/dinalunganaurora,https://prod.ebpls.com/dinalunganaurora,,#N/A,#N/A,#N/A,[6] With Concerns,[C] For Training/Others,,[6] With Concerns,[C] For Training/Others,,[6] With Concerns,[C] For Training/Others,,[1] Operational,[A] Operational,,[1] Operational,[A] Operational,,[1] Operational,[A] Operational,,[1] Operational,[A] Operational,,#N/A,#N/A,#N/A,#N/A,#N/A,#N/A,#N/A,#N/A,#N/A,#N/A,#N/A,#N/A,#N/A,#N/A,#N/A
08-078-03-000,08-78-03-000,"Cabucgayan, Biliran",Cabucgayan,Biliran,Region VIII (Eastern Visayas),Municipality,5th,R8,B,K,#REF!,#REF!,,NO INSTANCE,,#N/A,#N/A,#N/A,[2] Pilot Testing,[B] Developmental,eLGU Training done,[2] Pilot Testing,[B] Developmental,,[2] Pilot Testing,[B] Developmental,eLGU Training done,[2] Pilot Testing,[B] Developmental,eLGU Training done,[2] Pilot Testing,[B] Developmental,eLGU Training done,[2] Pilot Testing,[B] Developmental,eLGU Training done,[2] Pilot Testing,[B] Developmental,Waiting for actual client,#N/A,#N/A,#N/A,#N/A,#N/A,#N/A,#N/A,#N/A,#N/A,#N/A,#N/A,#N/A,#N/A,#N/A,#N/A
02-031-10-000,02-31-10-000,"Dinapigue, Isabela",Dinapigue,Isabela,Region II (Cagayan Valley),Municipality,1st,R2,A,D,#REF!,#REF!,https://bpbc.ibpls.com/dinapigueisabela,https://prod.ebpls.com/dinapigueisabela,2022-12,#N/A,#N/A,#N/A,[1] Operational,[A] Operational,,[1] Operational,[A] Operational,,[1] Operational,[A] Operational,,[1] Operational,[A] Operational,,[1] Operational,[A] Operational,,[1] Operational,[A] Operational,,[1] Operational,[A] Operational,,#N/A,#N/A,#N/A,#N/A,#N/A,#N/A,#N/A,#N/A,#N/A,#N/A,#N/A,#N/A,#N/A,#N/A,#N/A
09-073-06-000,09-73-06-000,"Dinas, Zamboanga del Sur",Dinas,Zamboanga del Sur,Region IX (Zamboanga Peninsula),Municipality,4th,R9,A,L,#REF!,#REF!,https://bpbc.ibpls.com/dinaszamboangadelsur,https://prod.ebpls.com/dinaszamboangadelsur,2022-12,#N/A,#N/A,#N/A,[1] Operational,[A] Operational,,[1] Operational,[A] Operational,,[1] Operational,[A] Operational,,[1] Operational,[A] Operational,,[1] Operational,[A] Operational,,[1] Operational,[A] Operational,,[1] Operational,[A] Operational,,#N/A,#N/A,#N/A,#N/A,#N/A,#N/A,#N/A,#N/A,#N/A,#N/A,#N/A,#N/A,#N/A,#N/A,#N/A
03-077-05-000,03-77-05-000,"Dingalan, Aurora",Dingalan,Aurora,Region III (Central Luzon),Municipality,3rd,R3,A,E,#REF!,#REF!,https://bpbc.ibpls.com/dingalanaurora,https://prod.ebpls.com/dingalanaurora/.php/login,2022-12,#N/A,#N/A,#N/A,[1] Operational,[A] Operational,,[1] Operational,[A] Operational,,[1] Operational,[A] Operational,,[1] Operational,[A] Operational,,[1] Operational,[A] Operational,,[1] Operational,[A] Operational,,[1] Operational,[A] Operational,,#N/A,#N/A,#N/A,#N/A,#N/A,#N/A,#N/A,#N/A,#N/A,#N/A,#N/A,#N/A,#N/A,#N/A,#N/A
06-030-16-000,06-30-16-000,"Dingle, Iloilo",Dingle,Iloilo,Region VI (Western Visayas),Municipality,3rd,R6,A,I,#REF!,#REF!,https://bpbc.ibpls.com/dingleiloilo,https://prod.ebpls.com/dingleiloilo,2022-12,#N/A,#N/A,#N/A,[1] Operational,[A] Operational,,[1] Operational,[A] Operational,,[1] Operational,[A] Operational,,[1] Operational,[A] Operational,,[1] Operational,[A] Operational,,[1] Operational,[A] Operational,,[1] Operational,[A] Operational,,#N/A,#N/A,#N/A,#N/A,#N/A,#N/A,#N/A,#N/A,#N/A,#N/A,#N/A,#N/A,#N/A,#N/A,#N/A
01-028-09-000,01-28-09-000,"Dingras, Ilocos Norte",Dingras,Ilocos Norte,Region I (Ilocos Region),Municipality,2nd,R1,B,C,#REF!,#REF!,https://bpbc.ibpls.com/dingrasilocosnorte,https://prod.ebpls.com/dingrasilocosnorte,,#N/A,#N/A,#N/A,[1] Operational,[A] Operational,,[1] Operational,[A] Operational,,[1] Operational,[A] Operational,,[1] Operational,[A] Operational,,[1] Operational,[A] Operational,,[1] Operational,[A] Operational,,[1] Operational,[A] Operational,,#N/A,#N/A,#N/A,#N/A,#N/A,#N/A,#N/A,#N/A,#N/A,#N/A,#N/A,#N/A,#N/A,#N/A,#N/A
03-077-06-000,03-77-06-000,"Dipaculao, Aurora",Dipaculao,Aurora,Region III (Central Luzon),Municipality,3rd,R3,A,E,#REF!,#REF!,https://bpbc.ibpls.com/dipaculaoaurora,https://prod.ebpls.com/dipaculaoaurora/.php/login,2022-12,#N/A,#N/A,#N/A,[1] Operational,[A] Operational,,[1] Operational,[A] Operational,,[1] Operational,[A] Operational,,[1] Operational,[A] Operational,,[1] Operational,[A] Operational,,[1] Operational,[A] Operational,,[1] Operational,[A] Operational,,#N/A,#N/A,#N/A,#N/A,#N/A,#N/A,#N/A,#N/A,#N/A,#N/A,#N/A,#N/A,#N/A,#N/A,#N/A
08-037-14-000,08-37-14-000,"Capoocan, Leyte",Capoocan,Leyte,Region VIII (Eastern Visayas),Municipality,4th,R8,B,K,#REF!,#REF!,,https://prod.ebpls.com/capoocanleyte,,#N/A,#N/A,#N/A,[8] Withdraw,[D] Withdraw,Withdrawn,[8] Withdraw,[D] Withdraw,,[8] Withdraw,[D] Withdraw,Withdrawn,[8] Withdraw,[D] Withdraw,Withdrawn,[8] Withdraw,[D] Withdraw,Withdrawn,[8] Withdraw,[D] Withdraw,Withdrawn,[8] Withdraw,[D] Withdraw,Withdrawn,#N/A,#N/A,#N/A,#N/A,#N/A,#N/A,#N/A,#N/A,#N/A,#N/A,#N/A,#N/A,#N/A,#N/A,#N/A
09-083-03-000,09-83-03-000,"Diplahan, Zamboanga Sibugay",Diplahan,Zamboanga Sibugay,Region IX (Zamboanga Peninsula),Municipality,3rd,R9,A,L,#REF!,#REF!,https://bpbc.ibpls.com/diplahanzamboangasibugay,https://prod.ebpls.com/diplahanzamboangasibugay,2022-12,#N/A,#N/A,#N/A,[1] Operational,[A] Operational,,[1] Operational,[A] Operational,,[1] Operational,[A] Operational,,[1] Operational,[A] Operational,,[1] Operational,[A] Operational,,[1] Operational,[A] Operational,,[1] Operational,[A] Operational,,#N/A,#N/A,#N/A,#N/A,#N/A,#N/A,#N/A,#N/A,#N/A,#N/A,#N/A,#N/A,#N/A,#N/A,#N/A
02-031-11-000,02-31-11-000,"Divilacan, Isabela",Divilacan,Isabela,Region II (Cagayan Valley),Municipality,2nd,R2,B,D,#REF!,#REF!,https://bpbc.ibpls.com/divilacanisabela,https://prod.ebpls.com/divilacanisabela,,#N/A,#N/A,#N/A,[1] Operational,[A] Operational,,[1] Operational,[A] Operational,,[1] Operational,[A] Operational,,[1] Operational,[A] Operational,,[1] Operational,[A] Operational,,[1] Operational,[A] Operational,,[1] Operational,[A] Operational,,#N/A,#N/A,#N/A,#N/A,#N/A,#N/A,#N/A,#N/A,#N/A,#N/A,#N/A,#N/A,#N/A,#N/A,#N/A
14-001-07-000,14-01-07-000,"Dolores, Abra",Dolores,Abra,Cordillera Administrative Region (CAR),Municipality,5th,CAR,A,B,#REF!,#REF!,https://bpbc.ibpls.com/doloresabra,https://prod.ebpls.com/doloresabra,2022-12,#N/A,#N/A,#N/A,[1] Operational,[A] Operational,,[1] Operational,[A] Operational,,[1] Operational,[A] Operational,,[1] Operational,[A] Operational,,[1] Operational,[A] Operational,,[1] Operational,[A] Operational,,[1] Operational,[A] Operational,,#N/A,#N/A,#N/A,#N/A,#N/A,#N/A,#N/A,#N/A,#N/A,#N/A,#N/A,#N/A,#N/A,#N/A,#N/A
08-026-06-000,08-26-06-000,"Dolores, Eastern Samar",Dolores,Eastern Samar,Region VIII (Eastern Visayas),Municipality,3rd*,R8,A,K,#REF!,#REF!,https://bpbc.ibpls.com/doloreseasternsamar,https://prod.ebpls.com/doloreseasternsamar,2022-12,#N/A,#N/A,#N/A,[1] Operational,[A] Operational,Normal Operations,[1] Operational,[A] Operational,,[1] Operational,[A] Operational,Normal Operations,[1] Operational,[A] Operational,Normal Operations,[1] Operational,[A] Operational,Normal Operations,[1] Operational,[A] Operational,Normal Operations,[1] Operational,[A] Operational,Normal Operations,#N/A,#N/A,#N/A,#N/A,#N/A,#N/A,#N/A,#N/A,#N/A,#N/A,#N/A,#N/A,#N/A,#N/A,#N/A
10-013-04-000,10-13-04-000,"Don Carlos, Bukidnon",Don Carlos,Bukidnon,Region X (Northern Mindanao),Municipality,1st,R10,A,N,#REF!,#REF!,https://bpbc.ibpls.com/doncarlosbukidnon,https://prod.ebpls.com/doncarlosbukidnon,2022-12,#N/A,#N/A,#N/A,[1] Operational,[A] Operational,,[1] Operational,[A] Operational,,[1] Operational,[A] Operational,,[1] Operational,[A] Operational,,[1] Operational,[A] Operational,,[1] Operational,[A] Operational,,[1] Operational,[A] Operational,,#N/A,#N/A,#N/A,#N/A,#N/A,#N/A,#N/A,#N/A,#N/A,#N/A,#N/A,#N/A,#N/A,#N/A,#N/A
06-030-17-000,06-30-17-000,"Dueñas, Iloilo",Dueñas,Iloilo,Region VI (Western Visayas),Municipality,4th,R6,A,I,#REF!,#REF!,https://bpbc.ibpls.com/duenasiloilo,https://prod.ebpls.com/duenasiloilo,2022-12,#N/A,#N/A,#N/A,[1] Operational,[A] Operational,,[1] Operational,[A] Operational,,[1] Operational,[A] Operational,,[1] Operational,[A] Operational,,[1] Operational,[A] Operational,,[1] Operational,[A] Operational,,[1] Operational,[A] Operational,,#N/A,#N/A,#N/A,#N/A,#N/A,#N/A,#N/A,#N/A,#N/A,#N/A,#N/A,#N/A,#N/A,#N/A,#N/A
09-073-07-000,09-73-07-000,"Dumalinao, Zamboanga del Sur",Dumalinao,Zamboanga del Sur,Region IX (Zamboanga Peninsula),Municipality,4th,R9,A,L,#REF!,#REF!,https://bpbc.ibpls.com/dumalinaozamboangadelsur,https://prod.ebpls.com/dumalinaozamboangadelsur,2022-12,#N/A,#N/A,#N/A,[1] Operational,[A] Operational,,[1] Operational,[A] Operational,,[1] Operational,[A] Operational,,[1] Operational,[A] Operational,,[1] Operational,[A] Operational,,[1] Operational,[A] Operational,,[1] Operational,[A] Operational,,#N/A,#N/A,#N/A,#N/A,#N/A,#N/A,#N/A,#N/A,#N/A,#N/A,#N/A,#N/A,#N/A,#N/A,#N/A
01-028-10-000,01-28-10-000,"Dumalneg, Ilocos Norte",Dumalneg,Ilocos Norte,Region I (Ilocos Region),Municipality,5th,R1,A,C,#REF!,#REF!,https://bpbc.ibpls.com/dumalnegilocosnorte,https://prod.ebpls.com/dumalnegilocosnorte,2022-12,#N/A,#N/A,#N/A,[1] Operational,[A] Operational,,[1] Operational,[A] Operational,,[1] Operational,[A] Operational,,[1] Operational,[A] Operational,,[1] Operational,[A] Operational,,[1] Operational,[A] Operational,,[1] Operational,[A] Operational,,#N/A,#N/A,#N/A,#N/A,#N/A,#N/A,#N/A,#N/A,#N/A,#N/A,#N/A,#N/A,#N/A,#N/A,#N/A
07-022-24-000,07-22-24-000,"Dumanjug, Cebu",Dumanjug,Cebu,Region VII (Central Visayas),Municipality,3rd,R7,B,J,#REF!,#REF!,https://bpbc.ibpls.com/dumanjugcebu,https://prod.ebpls.com/dumanjugcebu,,#N/A,#N/A,#N/A,[1] Operational,[A] Operational,,[1] Operational,[A] Operational,,[1] Operational,[A] Operational,,[1] Operational,[A] Operational,,[1] Operational,[A] Operational,,[1] Operational,[A] Operational,,[1] Operational,[A] Operational,,#N/A,#N/A,#N/A,#N/A,#N/A,#N/A,#N/A,#N/A,#N/A,#N/A,#N/A,#N/A,#N/A,#N/A,#N/A
06-019-04-000,06-19-04-000,"Dumarao, Capiz",Dumarao,Capiz,Region VI (Western Visayas),Municipality,2nd,R6,A,I,#REF!,#REF!,https://bpbc.ibpls.com/dumaraocapiz,https://prod.ebpls.com/dumaraocapiz/,2022-12,#N/A,#N/A,#N/A,[1] Operational,[A] Operational,,[1] Operational,[A] Operational,,[1] Operational,[A] Operational,,[1] Operational,[A] Operational,,[1] Operational,[A] Operational,,[1] Operational,[A] Operational,,[1] Operational,[A] Operational,,#N/A,#N/A,#N/A,#N/A,#N/A,#N/A,#N/A,#N/A,#N/A,#N/A,#N/A,#N/A,#N/A,#N/A,#N/A
09-073-08-000,09-73-08-000,"Dumingag, Zamboanga del Sur",Dumingag,Zamboanga del Sur,Region IX (Zamboanga Peninsula),Municipality,2nd,R9,A,L,#REF!,#REF!,https://bpbc.ibpls.com/dumingagzamboangadelsur,https://prod.ebpls.com/dumingagzamboangadelsur/,2022-12,#N/A,#N/A,#N/A,[1] Operational,[A] Operational,,[1] Operational,[A] Operational,,[1] Operational,[A] Operational,,[1] Operational,[A] Operational,,[1] Operational,[A] Operational,,[1] Operational,[A] Operational,,[1] Operational,[A] Operational,,#N/A,#N/A,#N/A,#N/A,#N/A,#N/A,#N/A,#N/A,#N/A,#N/A,#N/A,#N/A,#N/A,#N/A,#N/A
03-049-05-000,03-49-05-000,"Carranglan, Nueva Ecija",Carranglan,Nueva Ecija,Region III (Central Luzon),Municipality,1st,R3,B,E,#REF!,#REF!,,NO INSTANCE,,#N/A,#N/A,#N/A,[8] Withdraw,[D] Withdraw,,[8] Withdraw,[D] Withdraw,,[8] Withdraw,[D] Withdraw,,[8] Withdraw,[D] Withdraw,,[8] Withdraw,[D] Withdraw,,[8] Withdraw,[D] Withdraw,,[8] Withdraw,[D] Withdraw,,#N/A,#N/A,#N/A,#N/A,#N/A,#N/A,#N/A,#N/A,#N/A,#N/A,#N/A,#N/A,#N/A,#N/A,#N/A
02-050-07-000,02-50-07-000,"Dupax del Norte, Nueva Vizcaya",Dupax del Norte,Nueva Vizcaya,Region II (Cagayan Valley),Municipality,3rd,R2,B,D,#REF!,#REF!,https://bpbc.ibpls.com/dupaxdelnortenuevavizcaya,https://prod.ebpls.com/dupaxdelnortenuevavizcaya,2023-01,#N/A,#N/A,#N/A,[1] Operational,[A] Operational,,[1] Operational,[A] Operational,,[1] Operational,[A] Operational,,[1] Operational,[A] Operational,,[1] Operational,[A] Operational,,[1] Operational,[A] Operational,,[1] Operational,[A] Operational,,#N/A,#N/A,#N/A,#N/A,#N/A,#N/A,#N/A,#N/A,#N/A,#N/A,#N/A,#N/A,#N/A,#N/A,#N/A
02-050-08-000,02-50-08-000,"Dupax del Sur, Nueva Vizcaya",Dupax del Sur,Nueva Vizcaya,Region II (Cagayan Valley),Municipality,2nd,R2,B,D,#REF!,#REF!,https://bpbc.ibpls.com/dupaxdelsurnuevavizcaya,https://prod.ebpls.com/dupaxdelsurnuevavizcaya,,#N/A,#N/A,#N/A,[1] Operational,[A] Operational,,[1] Operational,[A] Operational,,[1] Operational,[A] Operational,,[1] Operational,[A] Operational,,[1] Operational,[A] Operational,,[1] Operational,[A] Operational,,[1] Operational,[A] Operational,,#N/A,#N/A,#N/A,#N/A,#N/A,#N/A,#N/A,#N/A,#N/A,#N/A,#N/A,#N/A,#N/A,#N/A,#N/A
02-031-12-000,02-31-12-000,"Echague, Isabela",Echague,Isabela,Region II (Cagayan Valley),Municipality,1st,R2,B,D,#REF!,#REF!,https://bpbc.ibpls.com/echagueisabela,https://prod.ebpls.com/echagueisabela,2023-01,#N/A,#N/A,#N/A,[1] Operational,[A] Operational,,[1] Operational,[A] Operational,,[1] Operational,[A] Operational,,[1] Operational,[A] Operational,,[1] Operational,[A] Operational,,[1] Operational,[A] Operational,,[1] Operational,[A] Operational,,#N/A,#N/A,#N/A,#N/A,#N/A,#N/A,#N/A,#N/A,#N/A,#N/A,#N/A,#N/A,#N/A,#N/A,#N/A
17-053-12-000,17-53-12-000,"El Nido, Palawan",El Nido,Palawan,MIMAROPA Region,Municipality,1st,R4B,A,G,#REF!,#REF!,https://bpbc.ibpls.com/elnidopalawan,https://prod.ebpls.com/elnidopalawan/.php/login,2022-12,#N/A,#N/A,#N/A,[1] Operational,[A] Operational,,[1] Operational,[A] Operational,,[1] Operational,[A] Operational,,[1] Operational,[A] Operational,,[1] Operational,[A] Operational,,[1] Operational,[A] Operational,,[1] Operational,[A] Operational,,#N/A,#N/A,#N/A,#N/A,#N/A,#N/A,#N/A,#N/A,#N/A,#N/A,#N/A,#N/A,#N/A,#N/A,#N/A
02-015-12-000,02-15-12-000,"Enrile, Cagayan",Enrile,Cagayan,Region II (Cagayan Valley),Municipality,3rd,R2,A,D,#REF!,#REF!,https://bpbc.ibpls.com/enrilecagayan,https://prod.ebpls.com/enrilecagayan,2022-12,#N/A,#N/A,#N/A,[1] Operational,[A] Operational,,[1] Operational,[A] Operational,,[1] Operational,[A] Operational,,[1] Operational,[A] Operational,,[1] Operational,[A] Operational,,[1] Operational,[A] Operational,,[1] Operational,[A] Operational,,#N/A,#N/A,#N/A,#N/A,#N/A,#N/A,#N/A,#N/A,#N/A,#N/A,#N/A,#N/A,#N/A,#N/A,#N/A
07-061-01-000,07-61-01-000,"Enrique Villanueva, Siquijor",Enrique Villanueva,Siquijor,Region VII (Central Visayas),Municipality,5th,R7,A,J,#REF!,#REF!,https://bpbc.ibpls.com/enriquevillanuevasiquijor,https://prod.ebpls.com/enriquevillanuevasiquijor,2022-12,#N/A,#N/A,#N/A,[1] Operational,[A] Operational,,[1] Operational,[A] Operational,,[1] Operational,[A] Operational,,[1] Operational,[A] Operational,,[1] Operational,[A] Operational,,[1] Operational,[A] Operational,,[1] Operational,[A] Operational,,#N/A,#N/A,#N/A,#N/A,#N/A,#N/A,#N/A,#N/A,#N/A,#N/A,#N/A,#N/A,#N/A,#N/A,#N/A
12-065-03-000,12-65-03-000,"Esperanza, Sultan Kudarat",Esperanza,Sultan Kudarat,Region XII (SOCCSKSARGEN),Municipality,1st,R12,A,Q,#REF!,#REF!,https://bpbc.ibpls.com/esperanzasultankudarat,https://prod.ebpls.com/esperanzasultankudarat,2022-12,#N/A,#N/A,#N/A,[1] Operational,[A] Operational,,[1] Operational,[A] Operational,,[1] Operational,[A] Operational,,[1] Operational,[A] Operational,,[1] Operational,[A] Operational,,[1] Operational,[A] Operational,,[1] Operational,[A] Operational,,#N/A,#N/A,#N/A,#N/A,#N/A,#N/A,#N/A,#N/A,#N/A,#N/A,#N/A,#N/A,#N/A,#N/A,#N/A
04-034-08-000,04-34-08-000,"Famy, Laguna",Famy,Laguna,Region IV-A (CALABARZON),Municipality,5th,R4A,A,F,#REF!,#REF!,https://bpbc.ibpls.com/famylaguna,https://prod.ebpls.com/famylaguna,2022-12,#N/A,#N/A,#N/A,[1] Operational,[A] Operational,,[1] Operational,[A] Operational,,[1] Operational,[A] Operational,,[1] Operational,[A] Operational,,[1] Operational,[A] Operational,,[1] Operational,[A] Operational,,[1] Operational,[A] Operational,,#N/A,#N/A,#N/A,#N/A,#N/A,#N/A,#N/A,#N/A,#N/A,#N/A,#N/A,#N/A,#N/A,#N/A,#N/A
17-059-16-000,17-59-16-000,"Ferrol, Romblon",Ferrol,Romblon,MIMAROPA Region,Municipality,6th,R4B,A,G,#REF!,#REF!,https://bpbc.ibpls.com/ferrolromblon,https://prod.ebpls.com/ferrolromblon/.php/login,2022-12,#N/A,#N/A,#N/A,[1] Operational,[A] Operational,,[1] Operational,[A] Operational,,[1] Operational,[A] Operational,,[1] Operational,[A] Operational,,[1] Operational,[A] Operational,,[1] Operational,[A] Operational,,[1] Operational,[A] Operational,,#N/A,#N/A,#N/A,#N/A,#N/A,#N/A,#N/A,#N/A,#N/A,#N/A,#N/A,#N/A,#N/A,#N/A,#N/A
03-054-06-000,03-54-06-000,"Floridablanca, Pampanga",Floridablanca,Pampanga,Region III (Central Luzon),Municipality,1st,R3,A,E,#REF!,#REF!,https://bpbc.ibpls.com/floridablancapampanga,https://prod.ebpls.com/floridablancapampanga,2022-12,#N/A,#N/A,#N/A,[1] Operational,[A] Operational,,[1] Operational,[A] Operational,,[1] Operational,[A] Operational,,[1] Operational,[A] Operational,,[1] Operational,[A] Operational,,[1] Operational,[A] Operational,,[1] Operational,[A] Operational,,#N/A,#N/A,#N/A,#N/A,#N/A,#N/A,#N/A,#N/A,#N/A,#N/A,#N/A,#N/A,#N/A,#N/A,#N/A
03-049-07-000,03-49-07-000,"Gabaldon, Nueva Ecija",Gabaldon,Nueva Ecija,Region III (Central Luzon),Municipality,4th,R3,A,E,#REF!,#REF!,https://bpbc.ibpls.com/gabaldonnuevaecija,https://prod.ebpls.com/gabaldonnuevaecija/.php/login,2022-12,#N/A,#N/A,#N/A,[1] Operational,[A] Operational,,[1] Operational,[A] Operational,,[1] Operational,[A] Operational,,[1] Operational,[A] Operational,,[1] Operational,[A] Operational,,[1] Operational,[A] Operational,,[1] Operational,[A] Operational,,#N/A,#N/A,#N/A,#N/A,#N/A,#N/A,#N/A,#N/A,#N/A,#N/A,#N/A,#N/A,#N/A,#N/A,#N/A
08-048-07-000,08-48-07-000,"Gamay, Northern Samar",Gamay,Northern Samar,Region VIII (Eastern Visayas),Municipality,4th,R8,A,K,#REF!,#REF!,https://bpbc.ibpls.com/gamaynorthernsamar,https://prod.ebpls.com/gamaynorthernsamar,2022-12,#N/A,#N/A,#N/A,[1] Operational,[A] Operational,Normal Operations,[1] Operational,[A] Operational,,[1] Operational,[A] Operational,Normal Operations,[1] Operational,[A] Operational,Normal Operations,[1] Operational,[A] Operational,Normal Operations,[1] Operational,[A] Operational,Normal Operations,[1] Operational,[A] Operational,Normal Operations,#N/A,#N/A,#N/A,#N/A,#N/A,#N/A,#N/A,#N/A,#N/A,#N/A,#N/A,#N/A,#N/A,#N/A,#N/A
02-031-13-000,02-31-13-000,"Gamu, Isabela",Gamu,Isabela,Region II (Cagayan Valley),Municipality,4th,R2,A,D,#REF!,#REF!,https://bpbc.ibpls.com/gamuisabela,https://prod.ebpls.com/gamuisabela,2022-12,#N/A,#N/A,#N/A,[1] Operational,[A] Operational,,[1] Operational,[A] Operational,,[1] Operational,[A] Operational,,[1] Operational,[A] Operational,,[1] Operational,[A] Operational,,[1] Operational,[A] Operational,,[1] Operational,[A] Operational,,#N/A,#N/A,#N/A,#N/A,#N/A,#N/A,#N/A,#N/A,#N/A,#N/A,#N/A,#N/A,#N/A,#N/A,#N/A
08-048-05-000,08-48-05-000,"Catarman, Northern Samar",Catarman,Northern Samar,Region VIII (Eastern Visayas),Municipality,1st,R8,B,K,#REF!,#REF!,,https://prod.ebpls.com/catarmannorthernsamar,,#N/A,#N/A,#N/A,[8] Withdraw,[D] Withdraw,Withdrawn,[8] Withdraw,[D] Withdraw,,[8] Withdraw,[D] Withdraw,Withdrawn,[8] Withdraw,[D] Withdraw,Withdrawn,[8] Withdraw,[D] Withdraw,Withdrawn,[8] Withdraw,[D] Withdraw,Withdrawn,[8] Withdraw,[D] Withdraw,Withdrawn,#N/A,#N/A,#N/A,#N/A,#N/A,#N/A,#N/A,#N/A,#N/A,#N/A,#N/A,#N/A,#N/A,#N/A,#N/A
08-060-07-000,08-60-07-000,"Gandara, Samar",Gandara,Samar,Region VIII (Eastern Visayas),Municipality,2nd,R8,A,K,#REF!,#REF!,https://bpbc.ibpls.com/gandarasamar,https://prod.ebpls.com/gandarasamar,2022-12,#N/A,#N/A,#N/A,[1] Operational,[A] Operational,Normal Operations,[1] Operational,[A] Operational,,[1] Operational,[A] Operational,Normal Operations,[1] Operational,[A] Operational,Normal Operations,[1] Operational,[A] Operational,Normal Operations,[1] Operational,[A] Operational,Normal Operations,[1] Operational,[A] Operational,Normal Operations,#N/A,#N/A,#N/A,#N/A,#N/A,#N/A,#N/A,#N/A,#N/A,#N/A,#N/A,#N/A,#N/A,#N/A,#N/A
02-015-13-000,02-15-13-000,"Gattaran, Cagayan",Gattaran,Cagayan,Region II (Cagayan Valley),Municipality,1st,R2,A,D,#REF!,#REF!,https://bpbc.ibpls.com/gattarancagayan,https://prod.ebpls.com/gattarancagayan,2022-12,#N/A,#N/A,#N/A,[1] Operational,[A] Operational,,[1] Operational,[A] Operational,,[1] Operational,[A] Operational,,[1] Operational,[A] Operational,,[1] Operational,[A] Operational,,[1] Operational,[A] Operational,,[1] Operational,[A] Operational,,#N/A,#N/A,#N/A,#N/A,#N/A,#N/A,#N/A,#N/A,#N/A,#N/A,#N/A,#N/A,#N/A,#N/A,#N/A
04-021-07-000,04-21-07-000,"General Emilio Aguinaldo, Cavite",General Emilio Aguinaldo,Cavite,Region IV-A (CALABARZON),Municipality,5th,R4A,A,F,#REF!,#REF!,https://bpbc.ibpls.com/generalemilioaguinaldocavite,https://prod.ebpls.com/genemilioaguinaldocavite,2022-12,#N/A,#N/A,#N/A,[1] Operational,[A] Operational,,[1] Operational,[A] Operational,,[1] Operational,[A] Operational,,[1] Operational,[A] Operational,,[1] Operational,[A] Operational,,[1] Operational,[A] Operational,,[1] Operational,[A] Operational,,#N/A,#N/A,#N/A,#N/A,#N/A,#N/A,#N/A,#N/A,#N/A,#N/A,#N/A,#N/A,#N/A,#N/A,#N/A
04-056-16-000,04-56-16-000,"General Luna, Quezon",General Luna,Quezon,Region IV-A (CALABARZON),Municipality,4th,R4A,A,F,#REF!,#REF!,https://bpbc.ibpls.com/generallunaquezon,https://prod.ebpls.com/generallunaquezon,2022-12,#N/A,#N/A,#N/A,[1] Operational,[A] Operational,,[1] Operational,[A] Operational,,[1] Operational,[A] Operational,,[1] Operational,[A] Operational,,[1] Operational,[A] Operational,,[1] Operational,[A] Operational,,[1] Operational,[A] Operational,,#N/A,#N/A,#N/A,#N/A,#N/A,#N/A,#N/A,#N/A,#N/A,#N/A,#N/A,#N/A,#N/A,#N/A,#N/A
16-067-10-000,16-67-10-000,"General Luna, Surigao del Norte",General Luna,Surigao del Norte,Region XIII (Caraga),Municipality,5th,R13,A,O,#REF!,#REF!,https://bpbc.ibpls.com/generallunasurigaodelnorte,https://prod.ebpls.com/generallunasurigaodelnorte,2022-12,#N/A,#N/A,#N/A,[1] Operational,[A] Operational,,[1] Operational,[A] Operational,,[1] Operational,[A] Operational,,[1] Operational,[A] Operational,,[1] Operational,[A] Operational,,[1] Operational,[A] Operational,,[1] Operational,[A] Operational,,#N/A,#N/A,#N/A,#N/A,#N/A,#N/A,#N/A,#N/A,#N/A,#N/A,#N/A,#N/A,#N/A,#N/A,#N/A
08-026-07-000,08-26-07-000,"General Macarthur, Eastern Samar",General Macarthur,Eastern Samar,Region VIII (Eastern Visayas),Municipality,5th*,R8,A,K,#REF!,#REF!,https://bpbc.ibpls.com/generalmacarthureasternsamar,https://prod.ebpls.com/generalmacarthureasternsamar,2022-12,#N/A,#N/A,#N/A,[1] Operational,[A] Operational,Normal Operations,[1] Operational,[A] Operational,,[1] Operational,[A] Operational,Normal Operations,[1] Operational,[A] Operational,Normal Operations,[1] Operational,[A] Operational,Normal Operations,[1] Operational,[A] Operational,Normal Operations,[1] Operational,[A] Operational,Normal Operations,#N/A,#N/A,#N/A,#N/A,#N/A,#N/A,#N/A,#N/A,#N/A,#N/A,#N/A,#N/A,#N/A,#N/A,#N/A
04-056-17-000,04-56-17-000,"General Nakar, Quezon",General Nakar,Quezon,Region IV-A (CALABARZON),Municipality,1st,R4A,A,F,#REF!,#REF!,https://bpbc.ibpls.com/generalnakarquezon,https://prod.ebpls.com/generalnakarquezon,2022-12,#N/A,#N/A,#N/A,[1] Operational,[A] Operational,,[1] Operational,[A] Operational,,[1] Operational,[A] Operational,,[1] Operational,[A] Operational,,[1] Operational,[A] Operational,,[1] Operational,[A] Operational,,[1] Operational,[A] Operational,,#N/A,#N/A,#N/A,#N/A,#N/A,#N/A,#N/A,#N/A,#N/A,#N/A,#N/A,#N/A,#N/A,#N/A,#N/A
03-049-10-000,03-49-10-000,"General Tinio, Nueva Ecija",General Tinio,Nueva Ecija,Region III (Central Luzon),Municipality,1st,R3,A,E,#REF!,#REF!,https://bpbc.ibpls.com/generaltinionuevaecija,https://prod.ebpls.com/generaltinionuevaecija,2022-12,#N/A,#N/A,#N/A,[1] Operational,[A] Operational,,[1] Operational,[A] Operational,,[1] Operational,[A] Operational,,[1] Operational,[A] Operational,,[1] Operational,[A] Operational,,[1] Operational,[A] Operational,,[1] Operational,[A] Operational,,#N/A,#N/A,#N/A,#N/A,#N/A,#N/A,#N/A,#N/A,#N/A,#N/A,#N/A,#N/A,#N/A,#N/A,#N/A
03-069-06-000,03-69-06-000,"Gerona, Tarlac",Gerona,Tarlac,Region III (Central Luzon),Municipality,1st,R3,A,E,#REF!,#REF!,https://bpbc.ibpls.com/geronatarlac,https://prod.ebpls.com/geronatarlac/.php/login,2022-12,#N/A,#N/A,#N/A,[1] Operational,[A] Operational,,[1] Operational,[A] Operational,,[1] Operational,[A] Operational,,[1] Operational,[A] Operational,,[1] Operational,[A] Operational,,[1] Operational,[A] Operational,,[1] Operational,[A] Operational,,#N/A,#N/A,#N/A,#N/A,#N/A,#N/A,#N/A,#N/A,#N/A,#N/A,#N/A,#N/A,#N/A,#N/A,#N/A
16-067-11-000,16-67-11-000,"Gigaquit, Surigao del Norte",Gigaquit,Surigao del Norte,Region XIII (Caraga),Municipality,4th,R13,A,O,#REF!,#REF!,https://bpbc.ibpls.com/gigaquitsurigaodelnorte,	https://prod.ebpls.com/gigaquitsurigaodelnorte,2022-12,#N/A,#N/A,#N/A,[1] Operational,[A] Operational,,[1] Operational,[A] Operational,,[1] Operational,[A] Operational,,[1] Operational,[A] Operational,,[1] Operational,[A] Operational,,[1] Operational,[A] Operational,,[1] Operational,[A] Operational,,#N/A,#N/A,#N/A,#N/A,#N/A,#N/A,#N/A,#N/A,#N/A,#N/A,#N/A,#N/A,#N/A,#N/A,#N/A
07-022-25-000,07-22-25-000,"Ginatilan, Cebu",Ginatilan,Cebu,Region VII (Central Visayas),Municipality,5th,R7,A,J,#REF!,#REF!,https://bpbc.ibpls.com/ginatilancebu,https://prod.ebpls.com/ginatilancebu,2022-12,#N/A,#N/A,#N/A,[1] Operational,[A] Operational,,[1] Operational,[A] Operational,,[1] Operational,[A] Operational,,[1] Operational,[A] Operational,,[1] Operational,[A] Operational,,[1] Operational,[A] Operational,,[1] Operational,[A] Operational,,#N/A,#N/A,#N/A,#N/A,#N/A,#N/A,#N/A,#N/A,#N/A,#N/A,#N/A,#N/A,#N/A,#N/A,#N/A
10-043-09-000,10-43-09-000,"Gitagum, Misamis Oriental",Gitagum,Misamis Oriental,Region X (Northern Mindanao),Municipality,5th,R10,A,N,#REF!,#REF!,https://bpbc.ibpls.com/gitagummisamisoriental,https://prod.ebpls.com/gitagummisamisoriental,2022-12,#N/A,#N/A,#N/A,[1] Operational,[A] Operational,,[1] Operational,[A] Operational,,[1] Operational,[A] Operational,,[1] Operational,[A] Operational,,[1] Operational,[A] Operational,,[1] Operational,[A] Operational,,[1] Operational,[A] Operational,,#N/A,#N/A,#N/A,#N/A,#N/A,#N/A,#N/A,#N/A,#N/A,#N/A,#N/A,#N/A,#N/A,#N/A,#N/A
12-080-02-000,12-80-02-000,"Glan, Sarangani",Glan,Sarangani,Region XII (SOCCSKSARGEN),Municipality,1st,R12,A,Q,#REF!,#REF!,https://bpbc.ibpls.com/glansarangani/,https://prod.ebpls.com/glansarangani,2022-12,#N/A,#N/A,#N/A,[6] With Concerns,[C] For Training/Others,,[6] With Concerns,[C] For Training/Others,,[6] With Concerns,[C] For Training/Others,,[6] With Concerns,[C] For Training/Others,,[6] With Concerns,[C] For Training/Others,,[6] With Concerns,[C] For Training/Others,,[6] With Concerns,[C] For Training/Others,,#N/A,#N/A,#N/A,#N/A,#N/A,#N/A,#N/A,#N/A,#N/A,#N/A,#N/A,#N/A,#N/A,#N/A,#N/A
17-052-06-000,17-52-06-000,"Gloria, Oriental Mindoro",Gloria,Oriental Mindoro,MIMAROPA Region,Municipality,3rd,R4B,A,G,#REF!,#REF!,https://bpbc.ibpls.com/gloriaorientalmindoro,https://prod.ebpls.com/gloriaorientalmindoro/.php/login,2022-12,#N/A,#N/A,#N/A,[1] Operational,[A] Operational,,[1] Operational,[A] Operational,,[1] Operational,[A] Operational,,[1] Operational,[A] Operational,,[1] Operational,[A] Operational,,[1] Operational,[A] Operational,,[1] Operational,[A] Operational,,#N/A,#N/A,#N/A,#N/A,#N/A,#N/A,#N/A,#N/A,#N/A,#N/A,#N/A,#N/A,#N/A,#N/A,#N/A
05-017-15-000,05-17-15-000,"Goa, Camarines Sur",Goa,Camarines Sur,Region V (Bicol Region),Municipality,2nd,R5,B,H,#REF!,#REF!,https://bpbc.ibpls.com/goacamarinessur,https://prod.ebpls.com/goacamarinessur,,#N/A,#N/A,#N/A,[6] With Concerns,[C] For Training/Others,,[6] With Concerns,[C] For Training/Others,,[6] With Concerns,[C] For Training/Others,,[6] With Concerns,[C] For Training/Others,,[6] With Concerns,[C] For Training/Others,,[6] With Concerns,[C] For Training/Others,,[6] With Concerns,[C] For Training/Others,,#N/A,#N/A,#N/A,#N/A,#N/A,#N/A,#N/A,#N/A,#N/A,#N/A,#N/A,#N/A,#N/A,#N/A,#N/A
09-072-25-000,09-72-25-000,"Godod, Zamboanga del Norte",Godod,Zamboanga del Norte,Region IX (Zamboanga Peninsula),Municipality,4th,R9,B,L,#REF!,#REF!,https://bpbc.ibpls.com/gododzamboangadelnorte,https://prod.ebpls.com/gododzamboangadelnorte/.php/login,2023-01,#N/A,#N/A,#N/A,[1] Operational,[A] Operational,,[1] Operational,[A] Operational,,[1] Operational,[A] Operational,,[1] Operational,[A] Operational,,[1] Operational,[A] Operational,,[1] Operational,[A] Operational,,[1] Operational,[A] Operational,,#N/A,#N/A,#N/A,#N/A,#N/A,#N/A,#N/A,#N/A,#N/A,#N/A,#N/A,#N/A,#N/A,#N/A,#N/A
11-025-06-000,11-25-06-000,"Governor Generoso, Davao Oriental",Governor Generoso,Davao Oriental,Region XI (Davao Region),Municipality,2nd,R11,B,P,#REF!,#REF!,https://bpbc.ibpls.com/governorgenerosodavaooriental,https://prod.ebpls.com/governorgenerosodavaooriental,,#N/A,#N/A,#N/A,[2] Pilot Testing,[B] Developmental,Under data migration,[2] Pilot Testing,[B] Developmental,,[2] Pilot Testing,[B] Developmental,,[2] Pilot Testing,[B] Developmental,No update from LGU - still waiting if they will implement or not,[2] Pilot Testing,[B] Developmental,No update from LGU - still waiting if they will implement or not,[2] Pilot Testing,[B] Developmental,,[2] Pilot Testing,[B] Developmental,,#N/A,#N/A,#N/A,#N/A,#N/A,#N/A,#N/A,#N/A,#N/A,#N/A,#N/A,#N/A,#N/A,#N/A,#N/A
03-054-07-000,03-54-07-000,"Guagua, Pampanga",Guagua,Pampanga,Region III (Central Luzon),Municipality,1st,R3,B,E,#REF!,#REF!,https://bpbc.ibpls.com/guaguapampanga,https://prod.ebpls.com/guaguapampanga,2023-01,#N/A,#N/A,#N/A,[1] Operational,[A] Operational,,[1] Operational,[A] Operational,,[1] Operational,[A] Operational,,[1] Operational,[A] Operational,,[1] Operational,[A] Operational,,[1] Operational,[A] Operational,,[1] Operational,[A] Operational,,#N/A,#N/A,#N/A,#N/A,#N/A,#N/A,#N/A,#N/A,#N/A,#N/A,#N/A,#N/A,#N/A,#N/A,#N/A
05-062-08-000,05-62-08-000,"Gubat, Sorsogon",Gubat,Sorsogon,Region V (Bicol Region),Municipality,2nd,R5,B,H,#REF!,#REF!,https://bpbc.ibpls.com/bulusansorsogon,https://prod.ebpls.com/gubatsorsogon,,#N/A,#N/A,#N/A,[1] Operational,[A] Operational,,[1] Operational,[A] Operational,,[1] Operational,[A] Operational,,[1] Operational,[A] Operational,,[1] Operational,[A] Operational,,[1] Operational,[A] Operational,,[1] Operational,[A] Operational,,#N/A,#N/A,#N/A,#N/A,#N/A,#N/A,#N/A,#N/A,#N/A,#N/A,#N/A,#N/A,#N/A,#N/A,#N/A
03-049-11-000,03-49-11-000,"Guimba, Nueva Ecija",Guimba,Nueva Ecija,Region III (Central Luzon),Municipality,1st,R3,A,E,#REF!,#REF!,https://bpbc.ibpls.com/guimbanuevaecija,https://prod.ebpls.com/guimbanuevaecija/.php/login,2022-12,#N/A,#N/A,#N/A,[1] Operational,[A] Operational,,[1] Operational,[A] Operational,,[1] Operational,[A] Operational,,[1] Operational,[A] Operational,,[1] Operational,[A] Operational,,[1] Operational,[A] Operational,,[1] Operational,[A] Operational,,#N/A,#N/A,#N/A,#N/A,#N/A,#N/A,#N/A,#N/A,#N/A,#N/A,#N/A,#N/A,#N/A,#N/A,#N/A
06-030-20-000,06-30-20-000,"Guimbal, Iloilo",Guimbal,Iloilo,Region VI (Western Visayas),Municipality,4th,R6,A,I,#REF!,#REF!,https://bpbc.ibpls.com/guimbaliloilo,https://prod.ebpls.com/guimbaliloilo,2022-12,#N/A,#N/A,#N/A,[1] Operational,[A] Operational,,[1] Operational,[A] Operational,,[1] Operational,[A] Operational,,[1] Operational,[A] Operational,,[1] Operational,[A] Operational,,[1] Operational,[A] Operational,,[1] Operational,[A] Operational,,#N/A,#N/A,#N/A,#N/A,#N/A,#N/A,#N/A,#N/A,#N/A,#N/A,#N/A,#N/A,#N/A,#N/A,#N/A
04-056-18-000,04-56-18-000,"Guinayangan, Quezon",Guinayangan,Quezon,Region IV-A (CALABARZON),Municipality,3rd,R4A,A,F,#REF!,#REF!,https://bpbc.ibpls.com/guinayanganquezon,https://prod.ebpls.com/guinayanganquezon,2022-12,#N/A,#N/A,#N/A,[1] Operational,[A] Operational,,[1] Operational,[A] Operational,,[1] Operational,[A] Operational,,[1] Operational,[A] Operational,,[1] Operational,[A] Operational,,[1] Operational,[A] Operational,,[1] Operational,[A] Operational,,#N/A,#N/A,#N/A,#N/A,#N/A,#N/A,#N/A,#N/A,#N/A,#N/A,#N/A,#N/A,#N/A,#N/A,#N/A
10-018-02-000,10-18-02-000,"Guinsiliban, Camiguin",Guinsiliban,Camiguin,Region X (Northern Mindanao),Municipality,6th,R10,A,N,#REF!,#REF!,https://bpbc.ibpls.com/guinsilibancamiguin,https://prod.ebpls.com/guinsilibancamiguin,2022-12,#N/A,#N/A,#N/A,[1] Operational,[A] Operational,,[1] Operational,[A] Operational,,[1] Operational,[A] Operational,,[1] Operational,[A] Operational,,[1] Operational,[A] Operational,,[1] Operational,[A] Operational,,[1] Operational,[A] Operational,,#N/A,#N/A,#N/A,#N/A,#N/A,#N/A,#N/A,#N/A,#N/A,#N/A,#N/A,#N/A,#N/A,#N/A,#N/A
09-073-43-000,09-73-43-000,"Guipos, Zamboanga del Sur",Guipos,Zamboanga del Sur,Region IX (Zamboanga Peninsula),Municipality,4th,R9,A,L,#REF!,#REF!,https://bpbc.ibpls.com/guiposzamboangadelsur,https://prod.ebpls.com/guiposzamboangadelsur,2022-12,#N/A,#N/A,#N/A,[1] Operational,[A] Operational,,[1] Operational,[A] Operational,,[1] Operational,[A] Operational,,[1] Operational,[A] Operational,,[1] Operational,[A] Operational,,[1] Operational,[A] Operational,,[1] Operational,[A] Operational,,#N/A,#N/A,#N/A,#N/A,#N/A,#N/A,#N/A,#N/A,#N/A,#N/A,#N/A,#N/A,#N/A,#N/A,#N/A
08-026-09-000,08-26-09-000,"Guiuan, Eastern Samar",Guiuan,Eastern Samar,Region VIII (Eastern Visayas),Municipality,2nd,R8,A,K,#REF!,#REF!,https://bpbc.ibpls.com/guiuaneasternsamar,https://prod.ebpls.com/guiuaneasternsamar,2022-12,#N/A,#N/A,#N/A,[1] Operational,[A] Operational,Normal Operations,[1] Operational,[A] Operational,,[1] Operational,[A] Operational,Normal Operations,[1] Operational,[A] Operational,Normal Operations,[1] Operational,[A] Operational,Normal Operations,[1] Operational,[A] Operational,Normal Operations,[1] Operational,[A] Operational,Normal Operations,#N/A,#N/A,#N/A,#N/A,#N/A,#N/A,#N/A,#N/A,#N/A,#N/A,#N/A,#N/A,#N/A,#N/A,#N/A
04-056-19-000,04-56-19-000,"Gumaca, Quezon",Gumaca,Quezon,Region IV-A (CALABARZON),Municipality,1st,R4A,A,F,#REF!,#REF!,https://bpbc.ibpls.com/gumacaquezon,https://prod.ebpls.com/gumacaquezon,2022-12,#N/A,#N/A,#N/A,[1] Operational,[A] Operational,,[1] Operational,[A] Operational,,[1] Operational,[A] Operational,,[1] Operational,[A] Operational,,[1] Operational,[A] Operational,,[1] Operational,[A] Operational,,[1] Operational,[A] Operational,,#N/A,#N/A,#N/A,#N/A,#N/A,#N/A,#N/A,#N/A,#N/A,#N/A,#N/A,#N/A,#N/A,#N/A,#N/A
09-072-23-000,09-72-23-000,"Gutalac, Zamboanga del Norte",Gutalac,Zamboanga del Norte,Region IX (Zamboanga Peninsula),Municipality,2nd,R9,A,L,#REF!,#REF!,https://bpbc.ibpls.com/gutalaczamboangadelnorte,https://prod.ebpls.com/gutalaczamboangadelnorte,2022-12,#N/A,#N/A,#N/A,[1] Operational,[A] Operational,,[1] Operational,[A] Operational,,[1] Operational,[A] Operational,,[1] Operational,[A] Operational,,[1] Operational,[A] Operational,,[1] Operational,[A] Operational,,[1] Operational,[A] Operational,,#N/A,#N/A,#N/A,#N/A,#N/A,#N/A,#N/A,#N/A,#N/A,#N/A,#N/A,#N/A,#N/A,#N/A,#N/A
06-006-08-000,06-06-08-000,"Hamtic, Antique",Hamtic,Antique,Region VI (Western Visayas),Municipality,3rd,R6,A,I,#REF!,#REF!,https://bpbc.ibpls.com/hamticantique,https://prod.ebpls.com/hamticantique,2022-12,#N/A,#N/A,#N/A,[1] Operational,[A] Operational,,[1] Operational,[A] Operational,,[1] Operational,[A] Operational,,[1] Operational,[A] Operational,,[1] Operational,[A] Operational,,[1] Operational,[A] Operational,,[1] Operational,[A] Operational,,#N/A,#N/A,#N/A,#N/A,#N/A,#N/A,#N/A,#N/A,#N/A,#N/A,#N/A,#N/A,#N/A,#N/A,#N/A
08-026-10-000,08-26-10-000,"Hernani, Eastern Samar",Hernani,Eastern Samar,Region VIII (Eastern Visayas),Municipality,5th,R8,B,K,#REF!,#REF!,https://bpbc.ibpls.com/hernanieasternsamar,https://prod.ebpls.com/hernanieasternsamar,,#N/A,#N/A,#N/A,[3] Ongoing Data Build-up,[B] Developmental,For re-DBU,[3] Ongoing Data Build-up,[B] Developmental,,[3] Ongoing Data Build-up,[B] Developmental,For re-DBU and refresher training,[3] Ongoing Data Build-up,[B] Developmental,For re-DBU and refresher training,[3] Ongoing Data Build-up,[B] Developmental,For re-DBU and refresher training,[2] Pilot Testing,[B] Developmental,"For orientation of business owners, deletion of test data, and waiting for actual client",[2] Pilot Testing,[B] Developmental,"For orientation of business owners, deletion of test data, and waiting for actual client",#N/A,#N/A,#N/A,#N/A,#N/A,#N/A,#N/A,#N/A,#N/A,#N/A,#N/A,#N/A,#N/A,#N/A,#N/A
09-072-02-000,09-72-02-000,"City of Dipolog, Zamboanga del Norte",City of Dipolog,Zamboanga del Norte,Region IX (Zamboanga Peninsula),City,3rd,R9,B,L,#REF!,#REF!,,https://prod.ebpls.com/dipologzamboangadelnorte,,#N/A,#N/A,#N/A,[8] Withdraw,[D] Withdraw,"Withdrawal Letter Received on Nov. 14, 2024",[8] Withdraw,[D] Withdraw,"Withdrawal Letter Received on Nov. 14, 2024",[8] Withdraw,[D] Withdraw,"Withdrawal Letter Received on Nov. 14, 2024",[8] Withdraw,[D] Withdraw,"Withdrawal Letter Received on Nov. 14, 2024",[8] Withdraw,[D] Withdraw,"Withdrawal Letter Received on Nov. 14, 2024",[8] Withdraw,[D] Withdraw,"Withdrawal Letter Received on Nov. 14, 2024",[8] Withdraw,[D] Withdraw,"Withdrawal Letter Received on Nov. 14, 2024",#N/A,#N/A,#N/A,#N/A,#N/A,#N/A,#N/A,#N/A,#N/A,#N/A,#N/A,#N/A,#N/A,#N/A,#N/A
08-037-19-000,08-37-19-000,"Hilongos, Leyte",Hilongos,Leyte,Region VIII (Eastern Visayas),Municipality,2nd,R8,A,K,#REF!,#REF!,https://bpbc.ibpls.com/hilongosleyte,https://prod.ebpls.com/hilongosleyte,2022-12,#N/A,#N/A,#N/A,[1] Operational,[A] Operational,Normal Operations,[1] Operational,[A] Operational,,[1] Operational,[A] Operational,Normal Operations,[1] Operational,[A] Operational,Normal Operations,[1] Operational,[A] Operational,Normal Operations,[1] Operational,[A] Operational,Normal Operations,[1] Operational,[A] Operational,Normal Operations,#N/A,#N/A,#N/A,#N/A,#N/A,#N/A,#N/A,#N/A,#N/A,#N/A,#N/A,#N/A,#N/A,#N/A,#N/A
16-068-09-000,16-68-09-000,"Hinatuan, Surigao del Sur",Hinatuan,Surigao del Sur,Region XIII (Caraga),Municipality,2nd,R13,B,O,#REF!,#REF!,https://bpbc.ibpls.com/hinatuansurigaodelsur,https://prod.ebpls.com/hinatuansurigaodelsur,,#N/A,#N/A,#N/A,[1] Operational,[A] Operational,,[1] Operational,[A] Operational,,[1] Operational,[A] Operational,,[1] Operational,[A] Operational,,[1] Operational,[A] Operational,,[1] Operational,[A] Operational,,[1] Operational,[A] Operational,,#N/A,#N/A,#N/A,#N/A,#N/A,#N/A,#N/A,#N/A,#N/A,#N/A,#N/A,#N/A,#N/A,#N/A,#N/A
08-037-20-000,08-37-20-000,"Hindang, Leyte",Hindang,Leyte,Region VIII (Eastern Visayas),Municipality,5th,R8,A,K,#REF!,#REF!,https://bpbc.ibpls.com/hindangleyte,https://prod.ebpls.com/hindangleyte,2022-12,#N/A,#N/A,#N/A,[1] Operational,[A] Operational,Normal Operations,[1] Operational,[A] Operational,,[1] Operational,[A] Operational,Normal Operations,[1] Operational,[A] Operational,Normal Operations,[1] Operational,[A] Operational,Normal Operations,[1] Operational,[A] Operational,Normal Operations,[1] Operational,[A] Operational,Normal Operations,#N/A,#N/A,#N/A,#N/A,#N/A,#N/A,#N/A,#N/A,#N/A,#N/A,#N/A,#N/A,#N/A,#N/A,#N/A
06-045-11-000,06-45-11-000,"Hinigaran, Negros Occidental",Hinigaran,Negros Occidental,Region VI (Western Visayas),Municipality,1st,R6,A,I,#REF!,#REF!,https://bpbc.ibpls.com/hinigarannegrosoccidental,https://prod.ebpls.com/hinigarannegrosoccidental,2022-12,#N/A,#N/A,#N/A,[1] Operational,[A] Operational,,[1] Operational,[A] Operational,,[1] Operational,[A] Operational,,[1] Operational,[A] Operational,,[1] Operational,[A] Operational,,[1] Operational,[A] Operational,,[1] Operational,[A] Operational,,#N/A,#N/A,#N/A,#N/A,#N/A,#N/A,#N/A,#N/A,#N/A,#N/A,#N/A,#N/A,#N/A,#N/A,#N/A
06-045-12-000,06-45-12-000,"Hinoba-an, Negros Occidental",Hinoba-an,Negros Occidental,Region VI (Western Visayas),Municipality,1st,R6,A,I,#REF!,#REF!,https://bpbc.ibpls.com/hinobaannegrosoccidental,https://prod.ebpls.com/hinobaannegrosoccidental,2022-12,#N/A,#N/A,#N/A,[1] Operational,[A] Operational,,[1] Operational,[A] Operational,,[1] Operational,[A] Operational,,[1] Operational,[A] Operational,,[1] Operational,[A] Operational,,[1] Operational,[A] Operational,,[1] Operational,[A] Operational,,#N/A,#N/A,#N/A,#N/A,#N/A,#N/A,#N/A,#N/A,#N/A,#N/A,#N/A,#N/A,#N/A,#N/A,#N/A
08-064-03-000,08-64-03-000,"Hinunangan, Southern Leyte",Hinunangan,Southern Leyte,Region VIII (Eastern Visayas),Municipality,3rd,R8,A,K,#REF!,#REF!,https://bpbc.ibpls.com/hinunangansouthernleyte,https://prod.ebpls.com/hinunangansouthernleyte,2022-12,#N/A,#N/A,#N/A,[1] Operational,[A] Operational,Normal Operations,[1] Operational,[A] Operational,,[1] Operational,[A] Operational,Normal Operations,[1] Operational,[A] Operational,Normal Operations,[1] Operational,[A] Operational,Normal Operations,[1] Operational,[A] Operational,Normal Operations,[1] Operational,[A] Operational,Normal Operations,#N/A,#N/A,#N/A,#N/A,#N/A,#N/A,#N/A,#N/A,#N/A,#N/A,#N/A,#N/A,#N/A,#N/A,#N/A
08-064-04-000,08-64-04-000,"Hinundayan, Southern Leyte",Hinundayan,Southern Leyte,Region VIII (Eastern Visayas),Municipality,5th,R8,A,K,#REF!,#REF!,https://bpbc.ibpls.com/hinundayansouthernleyte,https://prod.ebpls.com/hinundayansouthernleyte,2022-12,#N/A,#N/A,#N/A,[1] Operational,[A] Operational,Normal Operations,[1] Operational,[A] Operational,,[1] Operational,[A] Operational,Normal Operations,[1] Operational,[A] Operational,Normal Operations,[1] Operational,[A] Operational,Normal Operations,[1] Operational,[A] Operational,Normal Operations,[1] Operational,[A] Operational,Normal Operations,#N/A,#N/A,#N/A,#N/A,#N/A,#N/A,#N/A,#N/A,#N/A,#N/A,#N/A,#N/A,#N/A,#N/A,#N/A
14-027-02-000,14-27-02-000,"Hungduan, Ifugao",Hungduan,Ifugao,Cordillera Administrative Region (CAR),Municipality,4th,CAR,A,B,#REF!,#REF!,https://bpbc.ibpls.com/hungduanifugao,https://prod.ebpls.com/hungduanifugao,2022-12,#N/A,#N/A,#N/A,[1] Operational,[A] Operational,,[1] Operational,[A] Operational,,[1] Operational,[A] Operational,,[1] Operational,[A] Operational,,[1] Operational,[A] Operational,,[1] Operational,[A] Operational,,[1] Operational,[A] Operational,,#N/A,#N/A,#N/A,#N/A,#N/A,#N/A,#N/A,#N/A,#N/A,#N/A,#N/A,#N/A,#N/A,#N/A,#N/A
06-030-21-000,06-30-21-000,"Igbaras, Iloilo",Igbaras,Iloilo,Region VI (Western Visayas),Municipality,3rd,R6,A,I,#REF!,#REF!,https://bpbc.ibpls.com/igbarasiloilo,https://prod.ebpls.com/igbarasiloilo,2022-12,#N/A,#N/A,#N/A,[1] Operational,[A] Operational,,[1] Operational,[A] Operational,,[1] Operational,[A] Operational,,[1] Operational,[A] Operational,,[1] Operational,[A] Operational,,[1] Operational,[A] Operational,,[1] Operational,[A] Operational,,#N/A,#N/A,#N/A,#N/A,#N/A,#N/A,#N/A,#N/A,#N/A,#N/A,#N/A,#N/A,#N/A,#N/A,#N/A
02-015-15-000,02-15-15-000,"Iguig, Cagayan",Iguig,Cagayan,Region II (Cagayan Valley),Municipality,4th,R2,A,D,#REF!,#REF!,https://bpbc.ibpls.com/iguigcagayan,https://prod.ebpls.com/iguigcagayan,2022-12,#N/A,#N/A,#N/A,[1] Operational,[A] Operational,,[1] Operational,[A] Operational,,[1] Operational,[A] Operational,,[1] Operational,[A] Operational,,[1] Operational,[A] Operational,,[1] Operational,[A] Operational,,[1] Operational,[A] Operational,,#N/A,#N/A,#N/A,#N/A,#N/A,#N/A,#N/A,#N/A,#N/A,#N/A,#N/A,#N/A,#N/A,#N/A,#N/A
09-083-04-000,09-83-04-000,"Imelda, Zamboanga Sibugay",Imelda,Zamboanga Sibugay,Region IX (Zamboanga Peninsula),Municipality,4th,R9,A,L,#REF!,#REF!,https://bpbc.ibpls.com/imeldazamboangasibugay,https://prod.ebpls.com/imeldazamboangasibugay,2022-12,#N/A,#N/A,#N/A,[1] Operational,[A] Operational,,[1] Operational,[A] Operational,,[1] Operational,[A] Operational,,[1] Operational,[A] Operational,,[1] Operational,[A] Operational,,[1] Operational,[A] Operational,,[1] Operational,[A] Operational,,#N/A,#N/A,#N/A,#N/A,#N/A,#N/A,#N/A,#N/A,#N/A,#N/A,#N/A,#N/A,#N/A,#N/A,#N/A
10-013-05-000,10-13-05-000,"Impasug-ong, Bukidnon",Impasug-ong,Bukidnon,Region X (Northern Mindanao),Municipality,1st,R10,A,N,#REF!,#REF!,https://bpbc.ibpls.com/impasug-ongbukidnon,https://prod.ebpls.com/impasug-ongbukidnon,2022-12,#N/A,#N/A,#N/A,[1] Operational,[A] Operational,,[1] Operational,[A] Operational,,[1] Operational,[A] Operational,,[1] Operational,[A] Operational,,[1] Operational,[A] Operational,,[1] Operational,[A] Operational,,[1] Operational,[A] Operational,,#N/A,#N/A,#N/A,#N/A,#N/A,#N/A,#N/A,#N/A,#N/A,#N/A,#N/A,#N/A,#N/A,#N/A,#N/A
04-021-10-000,04-21-10-000,"Indang, Cavite",Indang,Cavite,Region IV-A (CALABARZON),Municipality,1st,R4A,A,F,#REF!,#REF!,https://bpbc.ibpls.com/indangcavite,https://prod.ebpls.com/indangcavite,2022-12,#N/A,#N/A,#N/A,[1] Operational,[A] Operational,,[1] Operational,[A] Operational,,[1] Operational,[A] Operational,,[1] Operational,[A] Operational,,[1] Operational,[A] Operational,,[1] Operational,[A] Operational,,[1] Operational,[A] Operational,,#N/A,#N/A,#N/A,#N/A,#N/A,#N/A,#N/A,#N/A,#N/A,#N/A,#N/A,#N/A,#N/A,#N/A,#N/A
01-055-20-000,01-55-20-000,"Infanta, Pangasinan",Infanta,Pangasinan,Region I (Ilocos Region),Municipality,3rd,R1,A,C,#REF!,#REF!,https://bpbc.ibpls.com/infantapangasinan,https://prod.ebpls.com/infantapangasinan,2022-12,#N/A,#N/A,#N/A,[1] Operational,[A] Operational,,[1] Operational,[A] Operational,,[1] Operational,[A] Operational,,[1] Operational,[A] Operational,,[1] Operational,[A] Operational,,[1] Operational,[A] Operational,,[1] Operational,[A] Operational,,#N/A,#N/A,#N/A,#N/A,#N/A,#N/A,#N/A,#N/A,#N/A,#N/A,#N/A,#N/A,#N/A,#N/A,#N/A
04-056-20-000,04-56-20-000,"Infanta, Quezon",Infanta,Quezon,Region IV-A (CALABARZON),Municipality,1st,R4A,A,F,#REF!,#REF!,https://bpbc.ibpls.com/infantaquezon,https://prod.ebpls.com/infantaquezon,2022-12,#N/A,#N/A,#N/A,[1] Operational,[A] Operational,,[1] Operational,[A] Operational,,[1] Operational,[A] Operational,,[1] Operational,[A] Operational,,[1] Operational,[A] Operational,,[1] Operational,[A] Operational,,[1] Operational,[A] Operational,,#N/A,#N/A,#N/A,#N/A,#N/A,#N/A,#N/A,#N/A,#N/A,#N/A,#N/A,#N/A,#N/A,#N/A,#N/A
08-037-21-000,08-37-21-000,"Inopacan, Leyte",Inopacan,Leyte,Region VIII (Eastern Visayas),Municipality,4th,R8,A,K,#REF!,#REF!,https://bpbc.ibpls.com/inopacanleyte,https://prod.ebpls.com/inopacanleyte,2022-12,#N/A,#N/A,#N/A,[1] Operational,[A] Operational,Normal Operations,[1] Operational,[A] Operational,,[1] Operational,[A] Operational,Normal Operations,[1] Operational,[A] Operational,Normal Operations,[1] Operational,[A] Operational,Normal Operations,[1] Operational,[A] Operational,Normal Operations,[1] Operational,[A] Operational,,#N/A,#N/A,#N/A,#N/A,#N/A,#N/A,#N/A,#N/A,#N/A,#N/A,#N/A,#N/A,#N/A,#N/A,#N/A
09-083-05-000,09-83-05-000,"Ipil, Zamboanga Sibugay",Ipil,Zamboanga Sibugay,Region IX (Zamboanga Peninsula),Municipality,1st,R9,B,L,#REF!,#REF!,https://bpbc.ibpls.com/ipilzamboangasibugay,https://prod.ebpls.com/ipilzamboangasibugay/.php/login,,#N/A,#N/A,#N/A,[3] Ongoing Data Build-up,[B] Developmental,,[3] Ongoing Data Build-up,[B] Developmental,,[3] Ongoing Data Build-up,[B] Developmental,,[3] Ongoing Data Build-up,[B] Developmental,,[3] Ongoing Data Build-up,[B] Developmental,,[3] Ongoing Data Build-up,[B] Developmental,,[8] Withdraw,[D] Withdraw,,#N/A,#N/A,#N/A,#N/A,#N/A,#N/A,#N/A,#N/A,#N/A,#N/A,#N/A,#N/A,#N/A,#N/A,#N/A
05-062-09-000,05-62-09-000,"Irosin, Sorsogon",Irosin,Sorsogon,Region V (Bicol Region),Municipality,2nd,R5,A,H,#REF!,#REF!,https://bpbc.ibpls.com/irosinsorsogon,https://prod.ebpls.com/irosinsorsogon,2022-12,#N/A,#N/A,#N/A,[3] Ongoing Data Build-up,[B] Developmental,,[3] Ongoing Data Build-up,[B] Developmental,,[3] Ongoing Data Build-up,[B] Developmental,,[3] Ongoing Data Build-up,[B] Developmental,,[3] Ongoing Data Build-up,[B] Developmental,,[3] Ongoing Data Build-up,[B] Developmental,,[3] Ongoing Data Build-up,[B] Developmental,,#N/A,#N/A,#N/A,#N/A,#N/A,#N/A,#N/A,#N/A,#N/A,#N/A,#N/A,#N/A,#N/A,#N/A,#N/A
08-037-22-000,08-37-22-000,"Isabel, Leyte",Isabel,Leyte,Region VIII (Eastern Visayas),Municipality,1st,R8,A,K,#REF!,#REF!,https://bpbc.ibpls.com/isabelleyte,https://prod.ebpls.com/isabelleyte,2022-12,#N/A,#N/A,#N/A,[1] Operational,[A] Operational,Normal Operations,[1] Operational,[A] Operational,,[1] Operational,[A] Operational,Normal Operations,[1] Operational,[A] Operational,Normal Operations,[1] Operational,[A] Operational,Normal Operations,[1] Operational,[A] Operational,Normal Operations,[1] Operational,[A] Operational,Normal Operations,#N/A,#N/A,#N/A,#N/A,#N/A,#N/A,#N/A,#N/A,#N/A,#N/A,#N/A,#N/A,#N/A,#N/A,#N/A
11-023-17-000,11-23-17-000,"Island Garden City of Samal, Davao del Norte",Island Garden City of Samal,Davao del Norte,Region XI (Davao Region),City,4th,R11,B,P,#REF!,#REF!,https://bpbc.ibpls.com/islandgardencityofsamaldavaodelnorte,https://prod.ebpls.com/samalcitydavaodelnorte,,#N/A,#N/A,#N/A,[8] Withdraw,[D] Withdraw,,[8] Withdraw,[D] Withdraw,,[8] Withdraw,[D] Withdraw,,[8] Withdraw,[D] Withdraw,,[8] Withdraw,[D] Withdraw,,[8] Withdraw,[D] Withdraw,,[8] Withdraw,[D] Withdraw,,#N/A,#N/A,#N/A,#N/A,#N/A,#N/A,#N/A,#N/A,#N/A,#N/A,#N/A,#N/A,#N/A,#N/A,#N/A
12-065-04-000,12-65-04-000,"Isulan, Sultan Kudarat",Isulan,Sultan Kudarat,Region XII (SOCCSKSARGEN),Municipality,1st,R12,A,Q,#REF!,#REF!,https://bpbc.ibpls.com/isulansultankudarat,https://prod.ebpls.com/isulansultankudarat/.php/login,2022-12,#N/A,#N/A,#N/A,[1] Operational,[A] Operational,,[1] Operational,[A] Operational,,[1] Operational,[A] Operational,,[1] Operational,[A] Operational,,[1] Operational,[A] Operational,,[1] Operational,[A] Operational,,[1] Operational,[A] Operational,,#N/A,#N/A,#N/A,#N/A,#N/A,#N/A,#N/A,#N/A,#N/A,#N/A,#N/A,#N/A,#N/A,#N/A,#N/A
06-019-05-000,06-19-05-000,"Ivisan, Capiz",Ivisan,Capiz,Region VI (Western Visayas),Municipality,4th,R6,A,I,#REF!,#REF!,https://bpbc.ibpls.com/ivisancapiz,https://prod.ebpls.com/valderramaantique/,2022-12,#N/A,#N/A,#N/A,[1] Operational,[A] Operational,,[1] Operational,[A] Operational,,[1] Operational,[A] Operational,,[1] Operational,[A] Operational,,[1] Operational,[A] Operational,,[1] Operational,[A] Operational,,[1] Operational,[A] Operational,,#N/A,#N/A,#N/A,#N/A,#N/A,#N/A,#N/A,#N/A,#N/A,#N/A,#N/A,#N/A,#N/A,#N/A,#N/A
07-012-25-000,07-12-25-000,"Jagna, Bohol",Jagna,Bohol,Region VII (Central Visayas),Municipality,3rd,R7,A,J,#REF!,#REF!,https://bpbc.ibpls.com/jagnabohol,https://prod.ebpls.com/jagnabohol,2022-12,#N/A,#N/A,#N/A,[1] Operational,[A] Operational,,[1] Operational,[A] Operational,,[1] Operational,[A] Operational,,[1] Operational,[A] Operational,,[1] Operational,[A] Operational,,[1] Operational,[A] Operational,,[1] Operational,[A] Operational,,#N/A,#N/A,#N/A,#N/A,#N/A,#N/A,#N/A,#N/A,#N/A,#N/A,#N/A,#N/A,#N/A,#N/A,#N/A
06-019-06-000,06-19-06-000,"Jamindan, Capiz",Jamindan,Capiz,Region VI (Western Visayas),Municipality,2nd,R6,A,I,#REF!,#REF!,https://bpbc.ibpls.com/jamindancapiz,https://prod.ebpls.com/jamindancapiz/,2022-12,#N/A,#N/A,#N/A,[1] Operational,[A] Operational,,[1] Operational,[A] Operational,,[1] Operational,[A] Operational,,[1] Operational,[A] Operational,,[1] Operational,[A] Operational,,[1] Operational,[A] Operational,,[1] Operational,[A] Operational,,#N/A,#N/A,#N/A,#N/A,#N/A,#N/A,#N/A,#N/A,#N/A,#N/A,#N/A,#N/A,#N/A,#N/A,#N/A
06-030-23-000,06-30-23-000,"Janiuay, Iloilo",Janiuay,Iloilo,Region VI (Western Visayas),Municipality,1st,R6,A,I,#REF!,#REF!,https://bpbc.ibpls.com/janiuayiloilo,https://prod.ebpls.com/janiuayiloilo,2022-12,#N/A,#N/A,#N/A,[1] Operational,[A] Operational,,[1] Operational,[A] Operational,,[1] Operational,[A] Operational,,[1] Operational,[A] Operational,,[1] Operational,[A] Operational,,[1] Operational,[A] Operational,,[1] Operational,[A] Operational,,#N/A,#N/A,#N/A,#N/A,#N/A,#N/A,#N/A,#N/A,#N/A,#N/A,#N/A,#N/A,#N/A,#N/A,#N/A
08-037-23-000,08-37-23-000,"Jaro, Leyte",Jaro,Leyte,Region VIII (Eastern Visayas),Municipality,3rd,R8,B,K,#REF!,#REF!,https://bpbc.ibpls.com/jaroleyte,https://prod.ebpls.com/jaroleyte,,#N/A,#N/A,#N/A,[2] Pilot Testing,[B] Developmental,For re-DBU. LGU updated their LRC,[2] Pilot Testing,[B] Developmental,,[2] Pilot Testing,[B] Developmental,Waiting for LGUs updated LRC,[2] Pilot Testing,[B] Developmental,Requested for refresher training.To schedule RT after election period,[2] Pilot Testing,[B] Developmental,Requested for refresher training.To schedule RT after election period,[2] Pilot Testing,[B] Developmental,"For orientation of business owners, deletion of test data, and waiting for actual client",[2] Pilot Testing,[B] Developmental,Normal Operations,#N/A,#N/A,#N/A,#N/A,#N/A,#N/A,#N/A,#N/A,#N/A,#N/A,#N/A,#N/A,#N/A,#N/A,#N/A
10-043-11-000,10-43-11-000,"Jasaan, Misamis Oriental",Jasaan,Misamis Oriental,Region X (Northern Mindanao),Municipality,2nd,R10,A,N,#REF!,#REF!,https://bpbc.ibpls.com/jasaanmisamisoriental,https://prod.ebpls.com/jasaanmisamisoriental,2022-12,#N/A,#N/A,#N/A,[1] Operational,[A] Operational,,[1] Operational,[A] Operational,,[1] Operational,[A] Operational,,[1] Operational,[A] Operational,,[1] Operational,[A] Operational,,[1] Operational,[A] Operational,,[1] Operational,[A] Operational,,#N/A,#N/A,#N/A,#N/A,#N/A,#N/A,#N/A,#N/A,#N/A,#N/A,#N/A,#N/A,#N/A,#N/A,#N/A
08-037-24-000,08-37-24-000,"Javier, Leyte",Javier,Leyte,Region VIII (Eastern Visayas),Municipality,4th*,R8,A,K,#REF!,#REF!,https://bpbc.ibpls.com/javierleyte,https://prod.ebpls.com/javierleyte,2022-12,#N/A,#N/A,#N/A,[1] Operational,[A] Operational,Normal Operations,[1] Operational,[A] Operational,,[1] Operational,[A] Operational,Normal Operations,[1] Operational,[A] Operational,Normal Operations,[1] Operational,[A] Operational,Normal Operations,[1] Operational,[A] Operational,Normal Operations,[1] Operational,[A] Operational,,#N/A,#N/A,#N/A,#N/A,#N/A,#N/A,#N/A,#N/A,#N/A,#N/A,#N/A,#N/A,#N/A,#N/A,#N/A
08-060-09-000,08-60-09-000,"Jiabong, Samar",Jiabong,Samar,Region VIII (Eastern Visayas),Municipality,5th,R8,A,K,#REF!,#REF!,https://bpbc.ibpls.com/jiabongsamar,https://prod.ebpls.com/jiabongsamar,2022-12,#N/A,#N/A,#N/A,[1] Operational,[A] Operational,Normal Operations,[1] Operational,[A] Operational,,[1] Operational,[A] Operational,Normal Operations,[1] Operational,[A] Operational,Normal Operations,[1] Operational,[A] Operational,Normal Operations,[1] Operational,[A] Operational,Normal Operations,[1] Operational,[A] Operational,Normal Operations,#N/A,#N/A,#N/A,#N/A,#N/A,#N/A,#N/A,#N/A,#N/A,#N/A,#N/A,#N/A,#N/A,#N/A,#N/A
07-046-12-000,07-46-12-000,"Jimalalud, Negros Oriental",Jimalalud,Negros Oriental,Region VII (Central Visayas),Municipality,4th,R7,B,J,#REF!,#REF!,https://bpbc.ibpls.com/jimalaludnegrosoriental,https://prod.ebpls.com/jimalaludnegrosoriental,,#N/A,#N/A,#N/A,[1] Operational,[A] Operational,,[1] Operational,[A] Operational,,[1] Operational,[A] Operational,,[1] Operational,[A] Operational,,[1] Operational,[A] Operational,,[1] Operational,[A] Operational,,[1] Operational,[A] Operational,,#N/A,#N/A,#N/A,#N/A,#N/A,#N/A,#N/A,#N/A,#N/A,#N/A,#N/A,#N/A,#N/A,#N/A,#N/A
10-042-07-000,10-42-07-000,"Jimenez, Misamis Occidental",Jimenez,Misamis Occidental,Region X (Northern Mindanao),Municipality,3rd,R10,A,N,#REF!,#REF!,https://bpbc.ibpls.com/jimenezmisamisoccidental,https://prod.ebpls.com/jimenezmisamisoccidental,2022-12,#N/A,#N/A,#N/A,[1] Operational,[A] Operational,,[1] Operational,[A] Operational,,[1] Operational,[A] Operational,,[1] Operational,[A] Operational,,[1] Operational,[A] Operational,,[1] Operational,[A] Operational,,[1] Operational,[A] Operational,,#N/A,#N/A,#N/A,#N/A,#N/A,#N/A,#N/A,#N/A,#N/A,#N/A,#N/A,#N/A,#N/A,#N/A,#N/A
19-066-02-000,15-66-02-000,"Jolo, Sulu",Jolo,Sulu,Bangsamoro Autonomous Region In Muslim Mindanao (BARMM),Municipality,1st,BARMM I,B,M,#REF!,#REF!,https://bpbc.ibpls.com/jolosulu,https://prod.ebpls.com/jolosulu,,#N/A,#N/A,#N/A,[7] To Follow-up,[C] For Training/Others,Coordinated with LGU. Notice of withdrawal with reply slip template sent via email and courier.  Waiting for response from the LGU.,[7] To Follow-up,[C] For Training/Others,Coordinated with LGU. Notice of withdrawal with reply slip template sent via email and courier.  Waiting for response from the LGU.,[7] To Follow-up,[C] For Training/Others,Preparing the recommendation letter for adaptation of eLGU,[7] To Follow-up,[C] For Training/Others,Preparing the recommendation letter for adaptation of eLGU,[7] To Follow-up,[C] For Training/Others,Preparing the recommendation letter for adaptation of eLGU,[7] To Follow-up,[C] For Training/Others,Preparing the recommendation letter for adaptation of eLGU,[7] To Follow-up,[C] For Training/Others,Preparing the recommendation letter for adaptation of eLGU,#N/A,#N/A,#N/A,#N/A,#N/A,#N/A,#N/A,#N/A,#N/A,#N/A,#N/A,#N/A,#N/A,#N/A,#N/A
02-031-15-000,02-31-15-000,"Jones, Isabela",Jones,Isabela,Region II (Cagayan Valley),Municipality,1st,R2,A,D,#REF!,#REF!,https://bpbc.ibpls.com/jonesisabela,https://prod.ebpls.com/jonesisabela,2022-12,#N/A,#N/A,#N/A,[1] Operational,[A] Operational,,[1] Operational,[A] Operational,,[1] Operational,[A] Operational,,[1] Operational,[A] Operational,,[1] Operational,[A] Operational,,[1] Operational,[A] Operational,,[1] Operational,[A] Operational,,#N/A,#N/A,#N/A,#N/A,#N/A,#N/A,#N/A,#N/A,#N/A,#N/A,#N/A,#N/A,#N/A,#N/A,#N/A
06-079-02-000,06-79-02-000,"Jordan, Guimaras",Jordan,Guimaras,Region VI (Western Visayas),Municipality,3rd,R6,A,I,#REF!,#REF!,https://bpbc.ibpls.com/jordanguimaras,https://prod.ebpls.com/jordanguimaras,2022-12,#N/A,#N/A,#N/A,[1] Operational,[A] Operational,,[1] Operational,[A] Operational,,[1] Operational,[A] Operational,,[1] Operational,[A] Operational,,[1] Operational,[A] Operational,,[1] Operational,[A] Operational,,[1] Operational,[A] Operational,,#N/A,#N/A,#N/A,#N/A,#N/A,#N/A,#N/A,#N/A,#N/A,#N/A,#N/A,#N/A,#N/A,#N/A,#N/A
04-312-00-000,04-56-24-000,"City of Lucena, Quezon",City of Lucena,Quezon,Region IV-A (CALABARZON),City,2nd,R4A,B,F,#REF!,#REF!,,https://prod.ebpls.com/lucenaquezon,,#N/A,#N/A,#N/A,[8] Withdraw,[D] Withdraw,"withdrwal letter sent last July 14, 2023",[8] Withdraw,[D] Withdraw,"withdrwal letter sent last July 14, 2023",[8] Withdraw,[D] Withdraw,"withdrwal letter sent last July 14, 2023",[8] Withdraw,[D] Withdraw,"withdrwal letter sent last July 14, 2023",[8] Withdraw,[D] Withdraw,"withdrwal letter sent last July 14, 2023",[8] Withdraw,[D] Withdraw,"withdrwal letter sent last July 14, 2023",[8] Withdraw,[D] Withdraw,"withdrwal letter sent last July 14, 2023",#N/A,#N/A,#N/A,#N/A,#N/A,#N/A,#N/A,#N/A,#N/A,#N/A,#N/A,#N/A,#N/A,#N/A,#N/A
03-014-10-000,03-14-10-000,"City of Malolos, Bulacan",City of Malolos,Bulacan,Region III (Central Luzon),City,3rd,R3,B,E,#REF!,#REF!,,NO INSTANCE,,#N/A,#N/A,#N/A,[8] Withdraw,[D] Withdraw,,[8] Withdraw,[D] Withdraw,,[8] Withdraw,[D] Withdraw,,[8] Withdraw,[D] Withdraw,,[8] Withdraw,[D] Withdraw,,[8] Withdraw,[D] Withdraw,,[8] Withdraw,[D] Withdraw,,#N/A,#N/A,#N/A,#N/A,#N/A,#N/A,#N/A,#N/A,#N/A,#N/A,#N/A,#N/A,#N/A,#N/A,#N/A
03-014-12-000,03-14-12-000,"City of Meycauayan, Bulacan",City of Meycauayan,Bulacan,Region III (Central Luzon),City,3rd,R3,B,E,#REF!,#REF!,,https://prod.ebpls.com/meycauayanbulacan,,#N/A,#N/A,#N/A,[8] Withdraw,[D] Withdraw,,[8] Withdraw,[D] Withdraw,,[8] Withdraw,[D] Withdraw,,[8] Withdraw,[D] Withdraw,,[8] Withdraw,[D] Withdraw,,[8] Withdraw,[D] Withdraw,,[8] Withdraw,[D] Withdraw,,#N/A,#N/A,#N/A,#N/A,#N/A,#N/A,#N/A,#N/A,#N/A,#N/A,#N/A,#N/A,#N/A,#N/A,#N/A
09-072-22-000,09-72-22-000,"Jose Dalman, Zamboanga del Norte",Jose Dalman,Zamboanga del Norte,Region IX (Zamboanga Peninsula),Municipality,4th,R9,A,L,#REF!,#REF!,https://bpbc.ibpls.com/josedalmanzamboangadelnorte,https://prod.ebpls.com/josedalmanzamboangadelnorte,2022-12,#N/A,#N/A,#N/A,[1] Operational,[A] Operational,,[1] Operational,[A] Operational,,[1] Operational,[A] Operational,,[1] Operational,[A] Operational,,[1] Operational,[A] Operational,,[1] Operational,[A] Operational,,[1] Operational,[A] Operational,,#N/A,#N/A,#N/A,#N/A,#N/A,#N/A,#N/A,#N/A,#N/A,#N/A,#N/A,#N/A,#N/A,#N/A,#N/A
05-016-05-000,05-16-05-000,"Jose Panganiban, Camarines Norte",Jose Panganiban,Camarines Norte,Region V (Bicol Region),Municipality,2nd,R5,B,H,#REF!,#REF!,https://bpbc.ibpls.com/josepanganibancamarinesnorte,https://prod.ebpls.com/josepanganibancamarinesnorte,2023-01,#N/A,#N/A,#N/A,[1] Operational,[A] Operational,,[1] Operational,[A] Operational,,[1] Operational,[A] Operational,,[1] Operational,[A] Operational,,[1] Operational,[A] Operational,,[1] Operational,[A] Operational,,[1] Operational,[A] Operational,,#N/A,#N/A,#N/A,#N/A,#N/A,#N/A,#N/A,#N/A,#N/A,#N/A,#N/A,#N/A,#N/A,#N/A,#N/A
09-073-37-000,09-73-37-000,"Josefina, Zamboanga del Sur",Josefina,Zamboanga del Sur,Region IX (Zamboanga Peninsula),Municipality,5th*,R9,A,L,#REF!,#REF!,https://bpbc.ibpls.com/josefinazamboangadelsur,https://prod.ebpls.com/josefinazamboangadelsur,2022-12,#N/A,#N/A,#N/A,[1] Operational,[A] Operational,,[1] Operational,[A] Operational,,[1] Operational,[A] Operational,,[1] Operational,[A] Operational,,[1] Operational,[A] Operational,,[1] Operational,[A] Operational,,[1] Operational,[A] Operational,,#N/A,#N/A,#N/A,#N/A,#N/A,#N/A,#N/A,#N/A,#N/A,#N/A,#N/A,#N/A,#N/A,#N/A,#N/A
06-019-14-000,06-19-14-000,"City of Roxas, Capiz",City of Roxas,Capiz,Region VI (Western Visayas),City,3rd,R6,B,I,#REF!,#REF!,,NO INSTANCE,,#N/A,#N/A,#N/A,[8] Withdraw,[D] Withdraw,,[8] Withdraw,[D] Withdraw,,[8] Withdraw,[D] Withdraw,,[8] Withdraw,[D] Withdraw,,[8] Withdraw,[D] Withdraw,,[8] Withdraw,[D] Withdraw,,[8] Withdraw,[D] Withdraw,,#N/A,#N/A,#N/A,#N/A,#N/A,#N/A,#N/A,#N/A,#N/A,#N/A,#N/A,#N/A,#N/A,#N/A,#N/A
12-047-03-000,12-47-03-000,"Kabacan, Cotabato",Kabacan,Cotabato,Region XII (SOCCSKSARGEN),Municipality,1st,R12,A,Q,#REF!,#REF!,https://bpbc.ibpls.com/kabacancotabato,https://prod.ebpls.com/kabacannorthcotabato/.php/login,2022-12,#N/A,#N/A,#N/A,[1] Operational,[A] Operational,,[1] Operational,[A] Operational,,[1] Operational,[A] Operational,,[1] Operational,[A] Operational,,[1] Operational,[A] Operational,,[1] Operational,[A] Operational,,[1] Operational,[A] Operational,,#N/A,#N/A,#N/A,#N/A,#N/A,#N/A,#N/A,#N/A,#N/A,#N/A,#N/A,#N/A,#N/A,#N/A,#N/A
09-083-06-000,09-83-06-000,"Kabasalan, Zamboanga Sibugay",Kabasalan,Zamboanga Sibugay,Region IX (Zamboanga Peninsula),Municipality,2nd,R9,A,L,#REF!,#REF!,https://bpbc.ibpls.com/kabasalanzamboangasibugay,https://prod.ebpls.com/kabasalanzamboangasibugay,2022-12,#N/A,#N/A,#N/A,[1] Operational,[A] Operational,,[1] Operational,[A] Operational,,[1] Operational,[A] Operational,,[1] Operational,[A] Operational,,[1] Operational,[A] Operational,,[1] Operational,[A] Operational,,[1] Operational,[A] Operational,,#N/A,#N/A,#N/A,#N/A,#N/A,#N/A,#N/A,#N/A,#N/A,#N/A,#N/A,#N/A,#N/A,#N/A,#N/A
10-013-06-000,10-13-06-000,"Kadingilan, Bukidnon",Kadingilan,Bukidnon,Region X (Northern Mindanao),Municipality,3rd,R10,A,N,#REF!,#REF!,https://bpbc.ibpls.com/kadingilanbukidnon,https://prod.ebpls.com/kadingilanbukidnon,2022-12,#N/A,#N/A,#N/A,[1] Operational,[A] Operational,,[1] Operational,[A] Operational,,[1] Operational,[A] Operational,,[1] Operational,[A] Operational,,[1] Operational,[A] Operational,,[1] Operational,[A] Operational,,[1] Operational,[A] Operational,,#N/A,#N/A,#N/A,#N/A,#N/A,#N/A,#N/A,#N/A,#N/A,#N/A,#N/A,#N/A,#N/A,#N/A,#N/A
12-065-05-000,12-65-05-000,"Kalamansig, Sultan Kudarat",Kalamansig,Sultan Kudarat,Region XII (SOCCSKSARGEN),Municipality,1st,R12,A,Q,#REF!,#REF!,https://bpbc.ibpls.com/kalamansigsultankudarat,https://prod.ebpls.com/kalamansigsultankudarat,2022-12,#N/A,#N/A,#N/A,[1] Operational,[A] Operational,,[1] Operational,[A] Operational,,[1] Operational,[A] Operational,,[1] Operational,[A] Operational,,[1] Operational,[A] Operational,,[1] Operational,[A] Operational,,[1] Operational,[A] Operational,,#N/A,#N/A,#N/A,#N/A,#N/A,#N/A,#N/A,#N/A,#N/A,#N/A,#N/A,#N/A,#N/A,#N/A,#N/A
09-072-27-000,09-72-27-000,"Kalawit, Zamboanga del Norte",Kalawit,Zamboanga del Norte,Region IX (Zamboanga Peninsula),Municipality,4th,R9,B,L,#REF!,#REF!,https://bpbc.ibpls.com/kalawitzamboangadelnorte,https://prod.ebpls.com/kalawitzamboangadelnorte/.php/login,,#N/A,#N/A,#N/A,[1] Operational,[A] Operational,,[1] Operational,[A] Operational,,[1] Operational,[A] Operational,,[1] Operational,[A] Operational,,[1] Operational,[A] Operational,,[1] Operational,[A] Operational,,[1] Operational,[A] Operational,,#N/A,#N/A,#N/A,#N/A,#N/A,#N/A,#N/A,#N/A,#N/A,#N/A,#N/A,#N/A,#N/A,#N/A,#N/A
17-053-21-000,17-53-21-000,"Kalayaan, Palawan",Kalayaan,Palawan,MIMAROPA Region,Municipality,5th,R4B,B,G,#REF!,#REF!,https://bpbc.ibpls.com/kalayaanpalawan,https://prod.ebpls.com/kalayaanpalawan,,#N/A,#N/A,#N/A,[1] Operational,[A] Operational,,[1] Operational,[A] Operational,,[1] Operational,[A] Operational,,[1] Operational,[A] Operational,,[1] Operational,[A] Operational,,[1] Operational,[A] Operational,,[1] Operational,[A] Operational,,#N/A,#N/A,#N/A,#N/A,#N/A,#N/A,#N/A,#N/A,#N/A,#N/A,#N/A,#N/A,#N/A,#N/A,#N/A
08-037-26-000,08-37-26-000,"Kananga, Leyte",Kananga,Leyte,Region VIII (Eastern Visayas),Municipality,1st,R8,A,K,#REF!,#REF!,https://bpbc.ibpls.com/kanangaleyte,https://prod.ebpls.com/kanangaleyte,2022-12,#N/A,#N/A,#N/A,[1] Operational,[A] Operational,Normal Operations,[1] Operational,[A] Operational,,[1] Operational,[A] Operational,Normal Operations,[1] Operational,[A] Operational,Normal Operations,[1] Operational,[A] Operational,Normal Operations,[1] Operational,[A] Operational,Normal Operations,[1] Operational,[A] Operational,Normal Operations,#N/A,#N/A,#N/A,#N/A,#N/A,#N/A,#N/A,#N/A,#N/A,#N/A,#N/A,#N/A,#N/A,#N/A,#N/A
10-035-05-000,10-35-05-000,"Kapatagan, Lanao del Norte",Kapatagan,Lanao del Norte,Region X (Northern Mindanao),Municipality,2nd,R10,A,N,#REF!,#REF!,https://bpbc.ibpls.com/kapataganlanaodelnorte,https://prod.ebpls.com/kapataganlanaodelnorte,2022-12,#N/A,#N/A,#N/A,[1] Operational,[A] Operational,,[1] Operational,[A] Operational,,[1] Operational,[A] Operational,,[1] Operational,[A] Operational,,[1] Operational,[A] Operational,,[1] Operational,[A] Operational,,[1] Operational,[A] Operational,,#N/A,#N/A,#N/A,#N/A,#N/A,#N/A,#N/A,#N/A,#N/A,#N/A,#N/A,#N/A,#N/A,#N/A,#N/A
12-065-11-000,12-65-11-000,"City of Tacurong, Sultan Kudarat",City of Tacurong,Sultan Kudarat,Region XII (SOCCSKSARGEN),City,4th,R12,A,Q,#REF!,#REF!,,https://prod.ebpls.com/tacurongsultankudarat/.php/login,2022-12,#N/A,#N/A,#N/A,[8] Withdraw,[D] Withdraw,,[8] Withdraw,[D] Withdraw,,[8] Withdraw,[D] Withdraw,,[8] Withdraw,[D] Withdraw,,[8] Withdraw,[D] Withdraw,,[8] Withdraw,[D] Withdraw,,[8] Withdraw,[D] Withdraw,,#N/A,#N/A,#N/A,#N/A,#N/A,#N/A,#N/A,#N/A,#N/A,#N/A,#N/A,#N/A,#N/A,#N/A,#N/A
02-050-09-000,02-50-09-000,"Kasibu, Nueva Vizcaya",Kasibu,Nueva Vizcaya,Region II (Cagayan Valley),Municipality,3rd,R2,A,D,#REF!,#REF!,https://bpbc.ibpls.com/kasibunuevavizcaya,https://prod.ebpls.com/kasibunuevavizcaya,2022-12,#N/A,#N/A,#N/A,[1] Operational,[A] Operational,,[1] Operational,[A] Operational,,[1] Operational,[A] Operational,,[1] Operational,[A] Operational,,[1] Operational,[A] Operational,,[1] Operational,[A] Operational,,[1] Operational,[A] Operational,,#N/A,#N/A,#N/A,#N/A,#N/A,#N/A,#N/A,#N/A,#N/A,#N/A,#N/A,#N/A,#N/A,#N/A,#N/A
09-072-03-000,09-72-03-000,"Katipunan, Zamboanga del Norte",Katipunan,Zamboanga del Norte,Region IX (Zamboanga Peninsula),Municipality,2nd,R9,B,L,#REF!,#REF!,https://bpbc.ibpls.com/katipunanzamboangadelnorte,https://prod.ebpls.com/katipunanzamboangadelnorte,,#N/A,#N/A,#N/A,[1] Operational,[A] Operational,,[1] Operational,[A] Operational,,[1] Operational,[A] Operational,,[1] Operational,[A] Operational,,[1] Operational,[A] Operational,,[1] Operational,[A] Operational,,[1] Operational,[A] Operational,,#N/A,#N/A,#N/A,#N/A,#N/A,#N/A,#N/A,#N/A,#N/A,#N/A,#N/A,#N/A,#N/A,#N/A,#N/A
07-022-50-000,07-22-50-000,"City of Talisay, Cebu",City of Talisay,Cebu,Region VII (Central Visayas),City,3rd,R7,B,J,#REF!,#REF!,,https://prod.ebpls.com/talisaycebu,,#N/A,#N/A,#N/A,[8] Withdraw,[D] Withdraw,,[8] Withdraw,[D] Withdraw,,[8] Withdraw,[D] Withdraw,,[8] Withdraw,[D] Withdraw,,[8] Withdraw,[D] Withdraw,,[8] Withdraw,[D] Withdraw,,[8] Withdraw,[D] Withdraw,,#N/A,#N/A,#N/A,#N/A,#N/A,#N/A,#N/A,#N/A,#N/A,#N/A,#N/A,#N/A,#N/A,#N/A,#N/A
10-035-07-000,10-35-07-000,"Kauswagan, Lanao del Norte",Kauswagan,Lanao del Norte,Region X (Northern Mindanao),Municipality,5th,R10,A,N,#REF!,#REF!,https://bpbc.ibpls.com/kauswaganlanaodelnorte,https://prod.ebpls.com/kauswaganlanaodelnorte,2022-12,#N/A,#N/A,#N/A,[1] Operational,[A] Operational,,[1] Operational,[A] Operational,,[1] Operational,[A] Operational,,[1] Operational,[A] Operational,,[1] Operational,[A] Operational,,[1] Operational,[A] Operational,,[1] Operational,[A] Operational,,#N/A,#N/A,#N/A,#N/A,#N/A,#N/A,#N/A,#N/A,#N/A,#N/A,#N/A,#N/A,#N/A,#N/A,#N/A
08-078-06-000,08-78-06-000,"Kawayan, Biliran",Kawayan,Biliran,Region VIII (Eastern Visayas),Municipality,5th*,R8,A,K,#REF!,#REF!,https://bpbc.ibpls.com/kawayanbiliran,https://prod.ebpls.com/kawayanbiliran,2022-12,#N/A,#N/A,#N/A,[1] Operational,[A] Operational,Normal Operations,[1] Operational,[A] Operational,,[1] Operational,[A] Operational,Normal Operations,[1] Operational,[A] Operational,Normal Operations,[1] Operational,[A] Operational,Normal Operations,[1] Operational,[A] Operational,Normal Operations,[1] Operational,[A] Operational,Normal Operations,#N/A,#N/A,#N/A,#N/A,#N/A,#N/A,#N/A,#N/A,#N/A,#N/A,#N/A,#N/A,#N/A,#N/A,#N/A
02-050-10-000,02-50-10-000,"Kayapa, Nueva Vizcaya",Kayapa,Nueva Vizcaya,Region II (Cagayan Valley),Municipality,3rd,R2,B,D,#REF!,#REF!,https://bpbc.ibpls.com/kayapanuevavizcaya,https://prod.ebpls.com/kayapanuevavizcaya,,#N/A,#N/A,#N/A,[1] Operational,[A] Operational,,[1] Operational,[A] Operational,,[1] Operational,[A] Operational,,[1] Operational,[A] Operational,,[1] Operational,[A] Operational,,[1] Operational,[A] Operational,,[1] Operational,[A] Operational,,#N/A,#N/A,#N/A,#N/A,#N/A,#N/A,#N/A,#N/A,#N/A,#N/A,#N/A,#N/A,#N/A,#N/A,#N/A
12-080-03-000,12-80-03-000,"Kiamba, Sarangani",Kiamba,Sarangani,Region XII (SOCCSKSARGEN),Municipality,1st,R12,A,Q,#REF!,#REF!,https://bpbc.ibpls.com/kiambasarangani,https://prod.ebpls.com/kiambasarangani/,2022-12,#N/A,#N/A,#N/A,[1] Operational,[A] Operational,,[1] Operational,[A] Operational,,[1] Operational,[A] Operational,,[1] Operational,[A] Operational,,[1] Operational,[A] Operational,,[1] Operational,[A] Operational,,[1] Operational,[A] Operational,,#N/A,#N/A,#N/A,#N/A,#N/A,#N/A,#N/A,#N/A,#N/A,#N/A,#N/A,#N/A,#N/A,#N/A,#N/A
05-041-07-000,05-41-07-000,"Claveria, Masbate",Claveria,Masbate,Region V (Bicol Region),Municipality,3rd,R5,B,H,#REF!,#REF!,,https://prod.ebpls.com/claveriamasbate,,#N/A,#N/A,#N/A,[6] With Concerns,[C] For Training/Others,,[8] Withdraw,[D] Withdraw,"Claveria, Masbate",[8] Withdraw,[D] Withdraw,"Claveria, Masbate",[8] Withdraw,[D] Withdraw,"Claveria, Masbate",[8] Withdraw,[D] Withdraw,"Claveria, Masbate",[8] Withdraw,[D] Withdraw,,[8] Withdraw,[D] Withdraw,,#N/A,#N/A,#N/A,#N/A,#N/A,#N/A,#N/A,#N/A,#N/A,#N/A,#N/A,#N/A,#N/A,#N/A,#N/A
10-013-08-000,10-13-08-000,"Kibawe, Bukidnon",Kibawe,Bukidnon,Region X (Northern Mindanao),Municipality,2nd,R10,A,N,#REF!,#REF!,https://bpbc.ibpls.com/kibawebukidnon,https://prod.ebpls.com/kibawebukidnon,2022-12,#N/A,#N/A,#N/A,[1] Operational,[A] Operational,,[1] Operational,[A] Operational,,[1] Operational,[A] Operational,,[1] Operational,[A] Operational,,[1] Operational,[A] Operational,,[1] Operational,[A] Operational,,[1] Operational,[A] Operational,,#N/A,#N/A,#N/A,#N/A,#N/A,#N/A,#N/A,#N/A,#N/A,#N/A,#N/A,#N/A,#N/A,#N/A,#N/A
07-022-19-000,07-22-19-000,"Consolacion, Cebu",Consolacion,Cebu,Region VII (Central Visayas),Municipality,1st,R7,A,J,#REF!,#REF!,,https://prod.ebpls.com/consolacioncebu,2022-12,#N/A,#N/A,#N/A,[8] Withdraw,[D] Withdraw,,[8] Withdraw,[D] Withdraw,,[8] Withdraw,[D] Withdraw,,[8] Withdraw,[D] Withdraw,,[8] Withdraw,[D] Withdraw,,[8] Withdraw,[D] Withdraw,,[8] Withdraw,[D] Withdraw,,#N/A,#N/A,#N/A,#N/A,#N/A,#N/A,#N/A,#N/A,#N/A,#N/A,#N/A,#N/A,#N/A,#N/A,#N/A
11-024-06-000,11-24-06-000,"Kiblawan, Davao del Sur",Kiblawan,Davao del Sur,Region XI (Davao Region),Municipality,2nd,R11,B,P,#REF!,#REF!,https://bpbc.ibpls.com/kiblawandavaodelsur,https://prod.ebpls.com/kiblawandavaodelsur,,#N/A,#N/A,#N/A,[1] Operational,[A] Operational,,[1] Operational,[A] Operational,,[1] Operational,[A] Operational,,[1] Operational,[A] Operational,,[1] Operational,[A] Operational,,[1] Operational,[A] Operational,,[1] Operational,[A] Operational,,#N/A,#N/A,#N/A,#N/A,#N/A,#N/A,#N/A,#N/A,#N/A,#N/A,#N/A,#N/A,#N/A,#N/A,#N/A
10-043-12-000,10-43-12-000,"Kinoguitan, Misamis Oriental",Kinoguitan,Misamis Oriental,Region X (Northern Mindanao),Municipality,5th,R10,A,N,#REF!,#REF!,https://bpbc.ibpls.com/kinoguitanmisamisoriental,https://prod.ebpls.com/kinoguitanmisamisoriental,2022-12,#N/A,#N/A,#N/A,[1] Operational,[A] Operational,,[1] Operational,[A] Operational,,[1] Operational,[A] Operational,,[1] Operational,[A] Operational,,[1] Operational,[A] Operational,,[1] Operational,[A] Operational,,[1] Operational,[A] Operational,,#N/A,#N/A,#N/A,#N/A,#N/A,#N/A,#N/A,#N/A,#N/A,#N/A,#N/A,#N/A,#N/A,#N/A,#N/A
16-002-06-000,16-02-06-000,"Kitcharao, Agusan del Norte",Kitcharao,Agusan del Norte,Region XIII (Caraga),Municipality,4th,R13,A,O,#REF!,#REF!,https://bpbc.ibpls.com/kitcharaoagusandelnorte,https://prod.ebpls.com/kitcharaoagusandelnorte,2022-12,#N/A,#N/A,#N/A,[1] Operational,[A] Operational,,[1] Operational,[A] Operational,,[1] Operational,[A] Operational,,[1] Operational,[A] Operational,,[1] Operational,[A] Operational,,[1] Operational,[A] Operational,,[1] Operational,[A] Operational,,#N/A,#N/A,#N/A,#N/A,#N/A,#N/A,#N/A,#N/A,#N/A,#N/A,#N/A,#N/A,#N/A,#N/A,#N/A
04-010-09-000,04-10-09-000,"Cuenca, Batangas",Cuenca,Batangas,Region IV-A (CALABARZON),Municipality,4th,R4A,B,F,#REF!,#REF!,,https://prod.ebpls.com/cuencabatangas,,#N/A,#N/A,#N/A,[8] Withdraw,[D] Withdraw,,[8] Withdraw,[D] Withdraw,,[8] Withdraw,[D] Withdraw,,[8] Withdraw,[D] Withdraw,,[8] Withdraw,[D] Withdraw,,[8] Withdraw,[D] Withdraw,,[8] Withdraw,[D] Withdraw,,#N/A,#N/A,#N/A,#N/A,#N/A,#N/A,#N/A,#N/A,#N/A,#N/A,#N/A,#N/A,#N/A,#N/A,#N/A
10-035-08-000,10-35-08-000,"Kolambugan, Lanao del Norte",Kolambugan,Lanao del Norte,Region X (Northern Mindanao),Municipality,4th,R10,B,N,#REF!,#REF!,https://bpbc.ibpls.com/kolambuganlanaodelnorte,https://prod.ebpls.com/kolambuganlanaodelnorte,,#N/A,#N/A,#N/A,[7] To Follow-up,[C] For Training/Others,81% DBU status,[7] To Follow-up,[C] For Training/Others,81% DBU status,[7] To Follow-up,[C] For Training/Others,81% DBU status,[7] To Follow-up,[C] For Training/Others,"May 6,  2026: LGU responded and shall refer to the new BPLO",[7] To Follow-up,[C] For Training/Others,"May 6,  2026: LGU responded and shall refer to the new BPLO",[7] To Follow-up,[C] For Training/Others,"May 6,  2025: LGU responded and shall refer to the new BPLO
June 25, 2025: No response",[7] To Follow-up,[C] For Training/Others,"May 6,  2025: LGU responded and shall refer to the new BPLO
June 25, 2025: No response
July 16, 2025: LGU said that they cant still respond due to changes in personnel",#N/A,#N/A,#N/A,#N/A,#N/A,#N/A,#N/A,#N/A,#N/A,#N/A,#N/A,#N/A,#N/A,#N/A,#N/A
09-073-11-000,09-73-11-000,"Kumalarang, Zamboanga del Sur",Kumalarang,Zamboanga del Sur,Region IX (Zamboanga Peninsula),Municipality,4th*,R9,A,L,#REF!,#REF!,https://bpbc.ibpls.com/kumalarangzamboangadelsur,https://prod.ebpls.com/kumalarangzamboangadelsur,2022-12,#N/A,#N/A,#N/A,[1] Operational,[A] Operational,,[1] Operational,[A] Operational,,[1] Operational,[A] Operational,,[1] Operational,[A] Operational,,[1] Operational,[A] Operational,,[1] Operational,[A] Operational,,[1] Operational,[A] Operational,,#N/A,#N/A,#N/A,#N/A,#N/A,#N/A,#N/A,#N/A,#N/A,#N/A,#N/A,#N/A,#N/A,#N/A,#N/A
07-046-13-000,07-46-13-000,"La Libertad, Negros Oriental",La Libertad,Negros Oriental,Region VII (Central Visayas),Municipality,3rd,R7,A,J,#REF!,#REF!,https://bpbc.ibpls.com/lalibertadnegrosoriental,https://prod.ebpls.com/lalibertadnegrosoriental,2022-12,#N/A,#N/A,#N/A,[1] Operational,[A] Operational,,[1] Operational,[A] Operational,,[1] Operational,[A] Operational,,[1] Operational,[A] Operational,,[1] Operational,[A] Operational,,[1] Operational,[A] Operational,,[1] Operational,[A] Operational,,#N/A,#N/A,#N/A,#N/A,#N/A,#N/A,#N/A,#N/A,#N/A,#N/A,#N/A,#N/A,#N/A,#N/A,#N/A
09-072-04-000,09-72-04-000,"La Libertad, Zamboanga del Norte",La Libertad,Zamboanga del Norte,Region IX (Zamboanga Peninsula),Municipality,5th,R9,B,L,#REF!,#REF!,https://bpbc.ibpls.com/lalibertadzamboangadelnorte,https://prod.ebpls.com/lalibertadzamboangadelnorte/.php/login,2023-01,#N/A,#N/A,#N/A,[1] Operational,[A] Operational,,[1] Operational,[A] Operational,,[1] Operational,[A] Operational,,[1] Operational,[A] Operational,,[1] Operational,[A] Operational,,[1] Operational,[A] Operational,,[1] Operational,[A] Operational,,#N/A,#N/A,#N/A,#N/A,#N/A,#N/A,#N/A,#N/A,#N/A,#N/A,#N/A,#N/A,#N/A,#N/A,#N/A
02-031-18-000,02-31-18-000,"Delfin Albano, Isabela",Delfin Albano,Isabela,Region II (Cagayan Valley),Municipality,4th,R2,B,D,#REF!,#REF!,,https://prod.ebpls.com/delfinalbanoisabela/,,#N/A,#N/A,#N/A,[8] Withdraw,[D] Withdraw,"LOW - Delfin Albano,Isabela.pdf",[8] Withdraw,[D] Withdraw,"LOW - Delfin Albano,Isabela.pdf",[8] Withdraw,[D] Withdraw,"LOW - Delfin Albano,Isabela.pdf",[8] Withdraw,[D] Withdraw,"LOW - Delfin Albano,Isabela.pdf",[8] Withdraw,[D] Withdraw,"LOW - Delfin Albano,Isabela.pdf",[8] Withdraw,[D] Withdraw,"LOW - Delfin Albano,Isabela.pdf",[8] Withdraw,[D] Withdraw,"LOW - Delfin Albano,Isabela.pdf",#N/A,#N/A,#N/A,#N/A,#N/A,#N/A,#N/A,#N/A,#N/A,#N/A,#N/A,#N/A,#N/A,#N/A,#N/A
08-037-28-000,08-37-28-000,"La Paz, Leyte",La Paz,Leyte,Region VIII (Eastern Visayas),Municipality,5th*,R8,A,K,#REF!,#REF!,https://bpbc.ibpls.com/lapazleyte,https://prod.ebpls.com/lapazleyte,2022-12,#N/A,#N/A,#N/A,[1] Operational,[A] Operational,Normal Operations,[1] Operational,[A] Operational,,[1] Operational,[A] Operational,Normal Operations,[1] Operational,[A] Operational,Normal Operations,[1] Operational,[A] Operational,Normal Operations,[1] Operational,[A] Operational,Normal Operations,[1] Operational,[A] Operational,Zero transactions for the month of June 2025,#N/A,#N/A,#N/A,#N/A,#N/A,#N/A,#N/A,#N/A,#N/A,#N/A,#N/A,#N/A,#N/A,#N/A,#N/A
03-069-07-000,03-69-07-000,"La Paz, Tarlac",La Paz,Tarlac,Region III (Central Luzon),Municipality,2nd,R3,B,E,#REF!,#REF!,https://bpbc.ibpls.com/lapaztarlac,https://prod.ebpls.com/lapaztarlac/.php/login,,#N/A,#N/A,#N/A,[1] Operational,[A] Operational,,[1] Operational,[A] Operational,,[1] Operational,[A] Operational,,[1] Operational,[A] Operational,,[1] Operational,[A] Operational,,[1] Operational,[A] Operational,,[1] Operational,[A] Operational,,#N/A,#N/A,#N/A,#N/A,#N/A,#N/A,#N/A,#N/A,#N/A,#N/A,#N/A,#N/A,#N/A,#N/A,#N/A
11-082-02-000,11-82-02-000,"Laak, Davao de Oro",Laak,Davao de Oro,Region XI (Davao Region),Municipality,1st,R11,A,P,#REF!,#REF!,https://bpbc.ibpls.com/laakdavaodeoro,https://prod.ebpls.com/laakdavaodeoro,2022-12,#N/A,#N/A,#N/A,[1] Operational,[A] Operational,,[1] Operational,[A] Operational,,[1] Operational,[A] Operational,,[1] Operational,[A] Operational,,[1] Operational,[A] Operational,,[1] Operational,[A] Operational,,[1] Operational,[A] Operational,,#N/A,#N/A,#N/A,#N/A,#N/A,#N/A,#N/A,#N/A,#N/A,#N/A,#N/A,#N/A,#N/A,#N/A,#N/A
09-073-12-000,09-73-12-000,"Labangan, Zamboanga del Sur",Labangan,Zamboanga del Sur,Region IX (Zamboanga Peninsula),Municipality,3rd,R9,A,L,#REF!,#REF!,https://bpbc.ibpls.com/labanganzamboangadelsur,https://prod.ebpls.com/labanganzamboangadelsur,2022-12,#N/A,#N/A,#N/A,[1] Operational,[A] Operational,,[1] Operational,[A] Operational,,[1] Operational,[A] Operational,,[1] Operational,[A] Operational,,[1] Operational,[A] Operational,,[1] Operational,[A] Operational,,[1] Operational,[A] Operational,,#N/A,#N/A,#N/A,#N/A,#N/A,#N/A,#N/A,#N/A,#N/A,#N/A,#N/A,#N/A,#N/A,#N/A,#N/A
09-072-05-000,09-72-05-000,"Labason, Zamboanga del Norte",Labason,Zamboanga del Norte,Region IX (Zamboanga Peninsula),Municipality,3rd,R9,A,L,#REF!,#REF!,https://bpbc.ibpls.com/labasonzamboangadelnorte,https://prod.ebpls.com/labasonzamboangadelnorte,2022-12,#N/A,#N/A,#N/A,[1] Operational,[A] Operational,,[1] Operational,[A] Operational,,[1] Operational,[A] Operational,,[1] Operational,[A] Operational,,[1] Operational,[A] Operational,,[1] Operational,[A] Operational,,[1] Operational,[A] Operational,,#N/A,#N/A,#N/A,#N/A,#N/A,#N/A,#N/A,#N/A,#N/A,#N/A,#N/A,#N/A,#N/A,#N/A,#N/A
05-016-06-000,05-16-06-000,"Labo, Camarines Norte",Labo,Camarines Norte,Region V (Bicol Region),Municipality,1st,R5,A,H,#REF!,#REF!,https://bpbc.ibpls.com/labocamarinesnorte,https://prod.ebpls.com/labocamarinesnorte,2022-12,#N/A,#N/A,#N/A,[1] Operational,[A] Operational,,[1] Operational,[A] Operational,,[1] Operational,[A] Operational,,[1] Operational,[A] Operational,,[1] Operational,[A] Operational,,[1] Operational,[A] Operational,,[1] Operational,[A] Operational,,#N/A,#N/A,#N/A,#N/A,#N/A,#N/A,#N/A,#N/A,#N/A,#N/A,#N/A,#N/A,#N/A,#N/A,#N/A
10-043-13-000,10-43-13-000,"Lagonglong, Misamis Oriental",Lagonglong,Misamis Oriental,Region X (Northern Mindanao),Municipality,5th,R10,A,N,#REF!,#REF!,https://bpbc.ibpls.com/lagonglongmisamisoriental,https://prod.ebpls.com/lagonglongmisamisoriental,2022-12,#N/A,#N/A,#N/A,[1] Operational,[A] Operational,,[1] Operational,[A] Operational,,[1] Operational,[A] Operational,,[1] Operational,[A] Operational,,[1] Operational,[A] Operational,,[1] Operational,[A] Operational,,[1] Operational,[A] Operational,,#N/A,#N/A,#N/A,#N/A,#N/A,#N/A,#N/A,#N/A,#N/A,#N/A,#N/A,#N/A,#N/A,#N/A,#N/A
10-043-14-000,10-43-14-000,"Laguindingan, Misamis Oriental",Laguindingan,Misamis Oriental,Region X (Northern Mindanao),Municipality,4th,R10,B,N,#REF!,#REF!,https://bpbc.ibpls.com/laguindinganmisamisoriental,https://prod.ebpls.com/laguindinganmisamisoriental,,#N/A,#N/A,#N/A,[1] Operational,[A] Operational,,[1] Operational,[A] Operational,,[1] Operational,[A] Operational,,[1] Operational,[A] Operational,,[1] Operational,[A] Operational,,[1] Operational,[A] Operational,,[1] Operational,[A] Operational,,#N/A,#N/A,#N/A,#N/A,#N/A,#N/A,#N/A,#N/A,#N/A,#N/A,#N/A,#N/A,#N/A,#N/A,#N/A
05-005-04-000,05-05-04-000,"Guinobatan, Albay",Guinobatan,Albay,Region V (Bicol Region),Municipality,1st,R5,B,H,#REF!,#REF!,,https://prod.ebpls.com/guinobatanalbay,,#N/A,#N/A,#N/A,[8] Withdraw,[D] Withdraw,,[8] Withdraw,[D] Withdraw,,[8] Withdraw,[D] Withdraw,,[8] Withdraw,[D] Withdraw,,[8] Withdraw,[D] Withdraw,,[8] Withdraw,[D] Withdraw,,[8] Withdraw,[D] Withdraw,,#N/A,#N/A,#N/A,#N/A,#N/A,#N/A,#N/A,#N/A,#N/A,#N/A,#N/A,#N/A,#N/A,#N/A,#N/A
09-073-33-000,09-73-33-000,"Lakewood, Zamboanga del Sur",Lakewood,Zamboanga del Sur,Region IX (Zamboanga Peninsula),Municipality,4th,R9,A,L,#REF!,#REF!,https://bpbc.ibpls.com/lakewoodzamboangadelsur,https://prod.ebpls.com/lakewoodzamboangadelsur,2022-12,#N/A,#N/A,#N/A,[1] Operational,[A] Operational,,[1] Operational,[A] Operational,,[1] Operational,[A] Operational,,[1] Operational,[A] Operational,,[1] Operational,[A] Operational,,[1] Operational,[A] Operational,,[1] Operational,[A] Operational,,#N/A,#N/A,#N/A,#N/A,#N/A,#N/A,#N/A,#N/A,#N/A,#N/A,#N/A,#N/A,#N/A,#N/A,#N/A
02-015-16-000,02-15-16-000,"Lal-Lo, Cagayan",Lal-Lo,Cagayan,Region II (Cagayan Valley),Municipality,1st,R2,B,D,#REF!,#REF!,https://bpbc.ibpls.com/lallocagayan,https://prod.ebpls.com/lallocagayan/.php,2023-01,#N/A,#N/A,#N/A,[1] Operational,[A] Operational,,[1] Operational,[A] Operational,,[1] Operational,[A] Operational,,[1] Operational,[A] Operational,,[1] Operational,[A] Operational,,[1] Operational,[A] Operational,,[1] Operational,[A] Operational,,#N/A,#N/A,#N/A,#N/A,#N/A,#N/A,#N/A,#N/A,#N/A,#N/A,#N/A,#N/A,#N/A,#N/A,#N/A
12-065-08-000,12-65-08-000,"Lambayong, Sultan Kudarat",Lambayong,Sultan Kudarat,Region XII (SOCCSKSARGEN),Municipality,2nd,R12,A,Q,#REF!,#REF!,https://bpbc.ibpls.com/lambayongsultankudarat,https://prod.ebpls.com/lambayongsultankudarat,2022-12,#N/A,#N/A,#N/A,[1] Operational,[A] Operational,,[1] Operational,[A] Operational,,[1] Operational,[A] Operational,,[1] Operational,[A] Operational,,[1] Operational,[A] Operational,,[1] Operational,[A] Operational,,[1] Operational,[A] Operational,,#N/A,#N/A,#N/A,#N/A,#N/A,#N/A,#N/A,#N/A,#N/A,#N/A,#N/A,#N/A,#N/A,#N/A,#N/A
06-030-25-000,06-30-25-000,"Lambunao, Iloilo",Lambunao,Iloilo,Region VI (Western Visayas),Municipality,1st,R6,A,I,#REF!,#REF!,https://bpbc.ibpls.com/lambunaoiloilo,https://prod.ebpls.com/lambunaoiloilo,2022-12,#N/A,#N/A,#N/A,[1] Operational,[A] Operational,,[1] Operational,[A] Operational,,[1] Operational,[A] Operational,,[1] Operational,[A] Operational,,[1] Operational,[A] Operational,,[1] Operational,[A] Operational,,[1] Operational,[A] Operational,,#N/A,#N/A,#N/A,#N/A,#N/A,#N/A,#N/A,#N/A,#N/A,#N/A,#N/A,#N/A,#N/A,#N/A,#N/A
14-027-05-000,14-27-05-000,"Lamut, Ifugao",Lamut,Ifugao,Cordillera Administrative Region (CAR),Municipality,4th,CAR,A,B,#REF!,#REF!,https://bpbc.ibpls.com/lamutifugao,https://prod.ebpls.com/lamutifugao,2022-12,#N/A,#N/A,#N/A,[1] Operational,[A] Operational,,[1] Operational,[A] Operational,,[1] Operational,[A] Operational,,[1] Operational,[A] Operational,,[1] Operational,[A] Operational,,[1] Operational,[A] Operational,,[1] Operational,[A] Operational,,#N/A,#N/A,#N/A,#N/A,#N/A,#N/A,#N/A,#N/A,#N/A,#N/A,#N/A,#N/A,#N/A,#N/A,#N/A
19-007-03-000,15-07-03-000,"Lantawan, Basilan",Lantawan,Basilan,Bangsamoro Autonomous Region In Muslim Mindanao (BARMM),Municipality,3rd,BARMM I,B,M,#REF!,#REF!,https://bpbc.ibpls.com/lantawanbasilan,https://prod.ebpls.com/lantawanbasilan/.php/login,2023-01,#N/A,#N/A,#N/A,[1] Operational,[A] Operational,,[1] Operational,[A] Operational,,[1] Operational,[A] Operational,,[1] Operational,[A] Operational,,[1] Operational,[A] Operational,,[1] Operational,[A] Operational,,[1] Operational,[A] Operational,,#N/A,#N/A,#N/A,#N/A,#N/A,#N/A,#N/A,#N/A,#N/A,#N/A,#N/A,#N/A,#N/A,#N/A,#N/A
03-071-05-000,03-71-05-000,"Iba, Zambales",Iba,Zambales,Region III (Central Luzon),Municipality,2nd,R3,B,E,#REF!,#REF!,,NO INSTANCE,,#N/A,#N/A,#N/A,[8] Withdraw,[D] Withdraw,,[8] Withdraw,[D] Withdraw,,[8] Withdraw,[D] Withdraw,,[8] Withdraw,[D] Withdraw,,[8] Withdraw,[D] Withdraw,,[8] Withdraw,[D] Withdraw,,[8] Withdraw,[D] Withdraw,,#N/A,#N/A,#N/A,#N/A,#N/A,#N/A,#N/A,#N/A,#N/A,#N/A,#N/A,#N/A,#N/A,#N/A,#N/A
16-068-10-000,16-68-10-000,"Lanuza, Surigao del Sur",Lanuza,Surigao del Sur,Region XIII (Caraga),Municipality,4th,R13,A,O,#REF!,#REF!,https://bpbc.ibpls.com/lanuzasurigaodelsur,https://prod.ebpls.com/lanuzasurigaodelsur,2022-12,#N/A,#N/A,#N/A,[1] Operational,[A] Operational,,[1] Operational,[A] Operational,,[1] Operational,[A] Operational,,[1] Operational,[A] Operational,,[1] Operational,[A] Operational,,[1] Operational,[A] Operational,,[1] Operational,[A] Operational,,#N/A,#N/A,#N/A,#N/A,#N/A,#N/A,#N/A,#N/A,#N/A,#N/A,#N/A,#N/A,#N/A,#N/A,#N/A
01-055-48-000,01-55-48-000,"Laoac, Pangasinan",Laoac,Pangasinan,Region I (Ilocos Region),Municipality,4th,R1,A,C,#REF!,#REF!,https://bpbc.ibpls.com/laoacpangasinan,https://prod.ebpls.com/laoacpangasinan,2022-12,#N/A,#N/A,#N/A,[1] Operational,[A] Operational,,[1] Operational,[A] Operational,,[1] Operational,[A] Operational,,[1] Operational,[A] Operational,,[1] Operational,[A] Operational,,[1] Operational,[A] Operational,,[1] Operational,[A] Operational,,#N/A,#N/A,#N/A,#N/A,#N/A,#N/A,#N/A,#N/A,#N/A,#N/A,#N/A,#N/A,#N/A,#N/A,#N/A
08-048-09-000,08-48-09-000,"Lapinig, Northern Samar",Lapinig,Northern Samar,Region VIII (Eastern Visayas),Municipality,5th,R8,A,K,#REF!,#REF!,https://bpbc.ibpls.com/lapinignorthernsamar,https://prod.ebpls.com/lapinignorthernsamar,2022-12,#N/A,#N/A,#N/A,[1] Operational,[A] Operational,Normal Operations,[1] Operational,[A] Operational,,[1] Operational,[A] Operational,Normal Operations,[1] Operational,[A] Operational,Normal Operations,[1] Operational,[A] Operational,Normal Operations,[1] Operational,[A] Operational,Normal Operations,[1] Operational,[A] Operational,Normal Operations,#N/A,#N/A,#N/A,#N/A,#N/A,#N/A,#N/A,#N/A,#N/A,#N/A,#N/A,#N/A,#N/A,#N/A,#N/A
09-073-13-000,09-73-13-000,"Lapuyan, Zamboanga del Sur",Lapuyan,Zamboanga del Sur,Region IX (Zamboanga Peninsula),Municipality,3rd,R9,A,L,#REF!,#REF!,https://bpbc.ibpls.com/lapuyanzamboangadelsur,https://prod.ebpls.com/lapuyanzamboangadelsur,2022-12,#N/A,#N/A,#N/A,[1] Operational,[A] Operational,,[1] Operational,[A] Operational,,[1] Operational,[A] Operational,,[1] Operational,[A] Operational,,[1] Operational,[A] Operational,,[1] Operational,[A] Operational,,[1] Operational,[A] Operational,,#N/A,#N/A,#N/A,#N/A,#N/A,#N/A,#N/A,#N/A,#N/A,#N/A,#N/A,#N/A,#N/A,#N/A,#N/A
07-061-02-000,07-61-02-000,"Larena, Siquijor",Larena,Siquijor,Region VII (Central Visayas),Municipality,5th,R7,B,J,#REF!,#REF!,https://bpbc.ibpls.com/larenasiquijor,https://prod.ebpls.com/larenasiquijor,,#N/A,#N/A,#N/A,[1] Operational,[A] Operational,,[1] Operational,[A] Operational,,[1] Operational,[A] Operational,,[1] Operational,[A] Operational,,[1] Operational,[A] Operational,,[1] Operational,[A] Operational,,[1] Operational,[A] Operational,,#N/A,#N/A,#N/A,#N/A,#N/A,#N/A,#N/A,#N/A,#N/A,#N/A,#N/A,#N/A,#N/A,#N/A,#N/A
08-048-10-000,08-48-10-000,"Las Navas, Northern Samar",Las Navas,Northern Samar,Region VIII (Eastern Visayas),Municipality,3rd,R8,A,K,#REF!,#REF!,https://bpbc.ibpls.com/lasnavasnorthernsamar,https://prod.ebpls.com/lasnavasnorthernsamar,2022-12,#N/A,#N/A,#N/A,[1] Operational,[A] Operational,,[1] Operational,[A] Operational,,[1] Operational,[A] Operational,Normal Operations,[1] Operational,[A] Operational,Zero registrations for the month of April 2025,[1] Operational,[A] Operational,Zero registrations for the month of April 2025,[1] Operational,[A] Operational,Normal Operations,[1] Operational,[A] Operational,Normal Operations,#N/A,#N/A,#N/A,#N/A,#N/A,#N/A,#N/A,#N/A,#N/A,#N/A,#N/A,#N/A,#N/A,#N/A,#N/A
07-012-24-000,07-12-24-000,"Inabanga, Bohol",Inabanga,Bohol,Region VII (Central Visayas),Municipality,3rd,R7,B,J,#REF!,#REF!,,https://prod.ebpls.com/inabangabohol,,#N/A,#N/A,#N/A,[8] Withdraw,[D] Withdraw,,[8] Withdraw,[D] Withdraw,,[8] Withdraw,[D] Withdraw,,[8] Withdraw,[D] Withdraw,,[8] Withdraw,[D] Withdraw,,[8] Withdraw,[D] Withdraw,,[8] Withdraw,[D] Withdraw,,#N/A,#N/A,#N/A,#N/A,#N/A,#N/A,#N/A,#N/A,#N/A,#N/A,#N/A,#N/A,#N/A,#N/A,#N/A
16-002-07-000,16-02-07-000,"Las Nieves, Agusan del Norte",Las Nieves,Agusan del Norte,Region XIII (Caraga),Municipality,2nd,R13,A,O,#REF!,#REF!,https://bpbc.ibpls.com/lasnievesagusandelnorte,https://prod.ebpls.com/lasnievesagusandelnorte,2022-12,#N/A,#N/A,#N/A,[1] Operational,[A] Operational,,[1] Operational,[A] Operational,,[1] Operational,[A] Operational,,[1] Operational,[A] Operational,,[1] Operational,[A] Operational,,[1] Operational,[A] Operational,,[1] Operational,[A] Operational,,#N/A,#N/A,#N/A,#N/A,#N/A,#N/A,#N/A,#N/A,#N/A,#N/A,#N/A,#N/A,#N/A,#N/A,#N/A
02-015-17-000,02-15-17-000,"Lasam, Cagayan",Lasam,Cagayan,Region II (Cagayan Valley),Municipality,3rd,R2,A,D,#REF!,#REF!,https://bpbc.ibpls.com/lasamcagayan,https://prod.ebpls.com/lasamcagayan,2022-12,#N/A,#N/A,#N/A,[1] Operational,[A] Operational,,[1] Operational,[A] Operational,,[1] Operational,[A] Operational,,[1] Operational,[A] Operational,,[1] Operational,[A] Operational,,[1] Operational,[A] Operational,,[1] Operational,[A] Operational,,#N/A,#N/A,#N/A,#N/A,#N/A,#N/A,#N/A,#N/A,#N/A,#N/A,#N/A,#N/A,#N/A,#N/A,#N/A
06-006-09-000,06-06-09-000,"Laua-An, Antique",Laua-An,Antique,Region VI (Western Visayas),Municipality,4th,R6,A,I,#REF!,#REF!,https://bpbc.ibpls.com/lauaanantique,https://prod.ebpls.com/lauaanantique/,2022-12,#N/A,#N/A,#N/A,[1] Operational,[A] Operational,,[1] Operational,[A] Operational,,[1] Operational,[A] Operational,,[1] Operational,[A] Operational,,[1] Operational,[A] Operational,,[1] Operational,[A] Operational,,[1] Operational,[A] Operational,,#N/A,#N/A,#N/A,#N/A,#N/A,#N/A,#N/A,#N/A,#N/A,#N/A,#N/A,#N/A,#N/A,#N/A,#N/A
08-048-11-000,08-48-11-000,"Lavezares, Northern Samar",Lavezares,Northern Samar,Region VIII (Eastern Visayas),Municipality,4th,R8,A,K,#REF!,#REF!,https://bpbc.ibpls.com/lavezaresnorthernsamar,https://prod.ebpls.com/lavezaresnorthernsamar,2022-12,#N/A,#N/A,#N/A,[1] Operational,[A] Operational,Normal Operations,[1] Operational,[A] Operational,,[1] Operational,[A] Operational,Normal Operations,[1] Operational,[A] Operational,Normal Operations,[1] Operational,[A] Operational,Normal Operations,[1] Operational,[A] Operational,Normal Operations,[1] Operational,[A] Operational,Normal Operations,#N/A,#N/A,#N/A,#N/A,#N/A,#N/A,#N/A,#N/A,#N/A,#N/A,#N/A,#N/A,#N/A,#N/A,#N/A
08-026-12-000,08-26-12-000,"Lawaan, Eastern Samar",Lawaan,Eastern Samar,Region VIII (Eastern Visayas),Municipality,5th*,R8,A,K,#REF!,#REF!,https://bpbc.ibpls.com/lawaaneasternsamar,https://prod.ebpls.com/lawaaneasternsamar,2022-12,#N/A,#N/A,#N/A,[1] Operational,[A] Operational,Normal Operations,[1] Operational,[A] Operational,,[1] Operational,[A] Operational,Normal Operations,[1] Operational,[A] Operational,Normal Operations,[1] Operational,[A] Operational,Normal Operations,[1] Operational,[A] Operational,Normal Operations,[1] Operational,[A] Operational,Normal Operations,#N/A,#N/A,#N/A,#N/A,#N/A,#N/A,#N/A,#N/A,#N/A,#N/A,#N/A,#N/A,#N/A,#N/A,#N/A
07-061-03-000,07-61-03-000,"Lazi, Siquijor",Lazi,Siquijor,Region VII (Central Visayas),Municipality,4th,R7,A,J,#REF!,#REF!,https://bpbc.ibpls.com/lazisiquijor,https://prod.ebpls.com/lazisiquijor,2022-12,#N/A,#N/A,#N/A,[1] Operational,[A] Operational,,[1] Operational,[A] Operational,,[1] Operational,[A] Operational,,[1] Operational,[A] Operational,,[1] Operational,[A] Operational,,[1] Operational,[A] Operational,,[1] Operational,[A] Operational,,#N/A,#N/A,#N/A,#N/A,#N/A,#N/A,#N/A,#N/A,#N/A,#N/A,#N/A,#N/A,#N/A,#N/A,#N/A
12-065-06-000,12-65-06-000,"Lebak, Sultan Kudarat",Lebak,Sultan Kudarat,Region XII (SOCCSKSARGEN),Municipality,1st,R12,A,Q,#REF!,#REF!,https://bpbc.ibpls.com/lebaksultankudarat,https://prod.ebpls.com/lebaksultankudarat/.php/login,2022-12,#N/A,#N/A,#N/A,[1] Operational,[A] Operational,,[1] Operational,[A] Operational,,[1] Operational,[A] Operational,,[1] Operational,[A] Operational,,[1] Operational,[A] Operational,,[1] Operational,[A] Operational,,[1] Operational,[A] Operational,,#N/A,#N/A,#N/A,#N/A,#N/A,#N/A,#N/A,#N/A,#N/A,#N/A,#N/A,#N/A,#N/A,#N/A,#N/A
06-030-26-000,06-30-26-000,"Leganes, Iloilo",Leganes,Iloilo,Region VI (Western Visayas),Municipality,4th,R6,A,I,#REF!,#REF!,https://bpbc.ibpls.com/leganesiloilo,https://prod.ebpls.com/leganesiloilo,2022-12,#N/A,#N/A,#N/A,[1] Operational,[A] Operational,,[1] Operational,[A] Operational,,[1] Operational,[A] Operational,,[1] Operational,[A] Operational,,[1] Operational,[A] Operational,,[1] Operational,[A] Operational,,[1] Operational,[A] Operational,,#N/A,#N/A,#N/A,#N/A,#N/A,#N/A,#N/A,#N/A,#N/A,#N/A,#N/A,#N/A,#N/A,#N/A,#N/A
04-010-12-000,04-10-12-000,"Lemery, Batangas",Lemery,Batangas,Region IV-A (CALABARZON),Municipality,1st,R4A,A,F,#REF!,#REF!,https://bpbc.ibpls.com/lemerybatangas,https://prod.ebpls.com/lemerybatangas,2022-12,#N/A,#N/A,#N/A,[1] Operational,[A] Operational,,[1] Operational,[A] Operational,,[1] Operational,[A] Operational,,[1] Operational,[A] Operational,,[1] Operational,[A] Operational,,[1] Operational,[A] Operational,,[1] Operational,[A] Operational,,#N/A,#N/A,#N/A,#N/A,#N/A,#N/A,#N/A,#N/A,#N/A,#N/A,#N/A,#N/A,#N/A,#N/A,#N/A
09-072-26-000,09-72-26-000,"Leon B. Postigo (Bacungan), Zamboanga del Norte",Leon B. Postigo (Bacungan),Zamboanga del Norte,Region IX (Zamboanga Peninsula),Municipality,4th,R9,A,L,#REF!,#REF!,https://bpbc.ibpls.com/leonbpostigozamboangadelnorte,https://prod.ebpls.com/leonbpostigozamboangadelnorte,2022-12,#N/A,#N/A,#N/A,[1] Operational,[A] Operational,,[1] Operational,[A] Operational,,[1] Operational,[A] Operational,,[1] Operational,[A] Operational,,[1] Operational,[A] Operational,,[1] Operational,[A] Operational,,[1] Operational,[A] Operational,,#N/A,#N/A,#N/A,#N/A,#N/A,#N/A,#N/A,#N/A,#N/A,#N/A,#N/A,#N/A,#N/A,#N/A,#N/A
06-030-28-000,06-30-28-000,"Leon, Iloilo",Leon,Iloilo,Region VI (Western Visayas),Municipality,2nd,R6,A,I,#REF!,#REF!,https://bpbc.ibpls.com/leoniloilo,https://prod.ebpls.com/leoniloilo,2022-12,#N/A,#N/A,#N/A,[1] Operational,[A] Operational,,[1] Operational,[A] Operational,,[1] Operational,[A] Operational,,[1] Operational,[A] Operational,,[1] Operational,[A] Operational,,[1] Operational,[A] Operational,,[1] Operational,[A] Operational,,#N/A,#N/A,#N/A,#N/A,#N/A,#N/A,#N/A,#N/A,#N/A,#N/A,#N/A,#N/A,#N/A,#N/A,#N/A
08-037-29-000,08-37-29-000,"Leyte, Leyte",Leyte,Leyte,Region VIII (Eastern Visayas),Municipality,4th*,R8,A,K,#REF!,#REF!,https://bpbc.ibpls.com/leyteleyte,https://prod.ebpls.com/leyteleyte,2022-12,#N/A,#N/A,#N/A,[1] Operational,[A] Operational,Normal Operations,[1] Operational,[A] Operational,,[1] Operational,[A] Operational,Normal Operations,[1] Operational,[A] Operational,Normal Operations,[1] Operational,[A] Operational,Normal Operations,[1] Operational,[A] Operational,Normal Operations,[1] Operational,[A] Operational,Normal Operations,#N/A,#N/A,#N/A,#N/A,#N/A,#N/A,#N/A,#N/A,#N/A,#N/A,#N/A,#N/A,#N/A,#N/A,#N/A
06-004-08-000,06-04-08-000,"Lezo, Aklan",Lezo,Aklan,Region VI (Western Visayas),Municipality,5th,R6,B,I,#REF!,#REF!,https://bpbc.ibpls.com/lezoaklan,https://prod.ebpls.com/lezoaklan,,#N/A,#N/A,#N/A,[1] Operational,[A] Operational,,[1] Operational,[A] Operational,,[1] Operational,[A] Operational,,[1] Operational,[A] Operational,,[1] Operational,[A] Operational,,[1] Operational,[A] Operational,,[1] Operational,[A] Operational,,#N/A,#N/A,#N/A,#N/A,#N/A,#N/A,#N/A,#N/A,#N/A,#N/A,#N/A,#N/A,#N/A,#N/A,#N/A
04-010-13-000,04-10-13-000,"Lian, Batangas",Lian,Batangas,Region IV-A (CALABARZON),Municipality,3rd,R4A,A,F,#REF!,#REF!,https://bpbc.ibpls.com/lianbatangas,https://prod.ebpls.com/lianbatangas,2022-12,#N/A,#N/A,#N/A,[1] Operational,[A] Operational,,[1] Operational,[A] Operational,,[1] Operational,[A] Operational,,[1] Operational,[A] Operational,,[1] Operational,[A] Operational,,[1] Operational,[A] Operational,,[1] Operational,[A] Operational,,#N/A,#N/A,#N/A,#N/A,#N/A,#N/A,#N/A,#N/A,#N/A,#N/A,#N/A,#N/A,#N/A,#N/A,#N/A
16-068-11-000,16-68-11-000,"Lianga, Surigao del Sur",Lianga,Surigao del Sur,Region XIII (Caraga),Municipality,4th,R13,A,O,#REF!,#REF!,https://bpbc.ibpls.com/liangasurigaodelsur,https://prod.ebpls.com/liangasurigaodelsur,2022-12,#N/A,#N/A,#N/A,[1] Operational,[A] Operational,,[1] Operational,[A] Operational,,[1] Operational,[A] Operational,,[1] Operational,[A] Operational,,[1] Operational,[A] Operational,,[1] Operational,[A] Operational,,[1] Operational,[A] Operational,,#N/A,#N/A,#N/A,#N/A,#N/A,#N/A,#N/A,#N/A,#N/A,#N/A,#N/A,#N/A,#N/A,#N/A,#N/A
06-004-09-000,06-04-09-000,"Libacao, Aklan",Libacao,Aklan,Region VI (Western Visayas),Municipality,3rd,R6,B,I,#REF!,#REF!,https://bpbc.ibpls.com/libacaoaklan,https://prod.ebpls.com/libacaoaklan,2023-01,#N/A,#N/A,#N/A,[1] Operational,[A] Operational,,[1] Operational,[A] Operational,,[1] Operational,[A] Operational,,[1] Operational,[A] Operational,,[1] Operational,[A] Operational,,[1] Operational,[A] Operational,,[1] Operational,[A] Operational,,#N/A,#N/A,#N/A,#N/A,#N/A,#N/A,#N/A,#N/A,#N/A,#N/A,#N/A,#N/A,#N/A,#N/A,#N/A
08-064-05-000,08-64-05-000,"Libagon, Southern Leyte",Libagon,Southern Leyte,Region VIII (Eastern Visayas),Municipality,5th,R8,A,K,#REF!,#REF!,https://bpbc.ibpls.com/libagonsouthernleyte,https://prod.ebpls.com/libagonsouthernleyte,2022-12,#N/A,#N/A,#N/A,[1] Operational,[A] Operational,Normal Operations,[1] Operational,[A] Operational,,[1] Operational,[A] Operational,Normal Operations,[1] Operational,[A] Operational,Normal Operations,[1] Operational,[A] Operational,Normal Operations,[1] Operational,[A] Operational,Normal Operations,[1] Operational,[A] Operational,Normal Operations,#N/A,#N/A,#N/A,#N/A,#N/A,#N/A,#N/A,#N/A,#N/A,#N/A,#N/A,#N/A,#N/A,#N/A,#N/A
06-006-10-000,06-06-10-000,"Libertad, Antique",Libertad,Antique,Region VI (Western Visayas),Municipality,5th,R6,A,I,#REF!,#REF!,https://bpbc.ibpls.com/libertadantique,https://prod.ebpls.com/libertadantique/,2022-12,#N/A,#N/A,#N/A,[1] Operational,[A] Operational,,[1] Operational,[A] Operational,,[1] Operational,[A] Operational,,[1] Operational,[A] Operational,,[1] Operational,[A] Operational,,[1] Operational,[A] Operational,,[1] Operational,[A] Operational,,#N/A,#N/A,#N/A,#N/A,#N/A,#N/A,#N/A,#N/A,#N/A,#N/A,#N/A,#N/A,#N/A,#N/A,#N/A
10-043-15-000,10-43-15-000,"Libertad, Misamis Oriental",Libertad,Misamis Oriental,Region X (Northern Mindanao),Municipality,5th,R10,A,N,#REF!,#REF!,https://bpbc.ibpls.com/libertadmisamisoriental,https://prod.ebpls.com/libertadmisamisoriental,2022-12,#N/A,#N/A,#N/A,[1] Operational,[A] Operational,,[1] Operational,[A] Operational,,[1] Operational,[A] Operational,,[1] Operational,[A] Operational,,[1] Operational,[A] Operational,,[1] Operational,[A] Operational,,[1] Operational,[A] Operational,,#N/A,#N/A,#N/A,#N/A,#N/A,#N/A,#N/A,#N/A,#N/A,#N/A,#N/A,#N/A,#N/A,#N/A,#N/A
05-005-07-000,05-05-07-000,"Libon, Albay",Libon,Albay,Region V (Bicol Region),Municipality,1st,R5,B,H,#REF!,#REF!,https://bpbc.ibpls.com/libonalbay,https://prod.ebpls.com/libonalbay,,#N/A,#N/A,#N/A,[1] Operational,[A] Operational,,[1] Operational,[A] Operational,,[1] Operational,[A] Operational,,[1] Operational,[A] Operational,,[1] Operational,[A] Operational,,[1] Operational,[A] Operational,,[1] Operational,[A] Operational,,#N/A,#N/A,#N/A,#N/A,#N/A,#N/A,#N/A,#N/A,#N/A,#N/A,#N/A,#N/A,#N/A,#N/A,#N/A
12-047-05-000,12-47-05-000,"Libungan, Cotabato",Libungan,Cotabato,Region XII (SOCCSKSARGEN),Municipality,2nd,R12,A,Q,#REF!,#REF!,https://bpbc.ibpls.com/libungancotabato,https://prod.ebpls.com/libungannorthcotabato,2022-12,#N/A,#N/A,#N/A,[1] Operational,[A] Operational,,[1] Operational,[A] Operational,,[1] Operational,[A] Operational,,[1] Operational,[A] Operational,,[1] Operational,[A] Operational,,[1] Operational,[A] Operational,,[1] Operational,[A] Operational,,#N/A,#N/A,#N/A,#N/A,#N/A,#N/A,#N/A,#N/A,#N/A,#N/A,#N/A,#N/A,#N/A,#N/A,#N/A
03-049-14-000,03-49-14-000,"Licab, Nueva Ecija",Licab,Nueva Ecija,Region III (Central Luzon),Municipality,4th,R3,A,E,#REF!,#REF!,https://bpbc.ibpls.com/licabnuevaecija,https://prod.ebpls.com/licabnuevaecija,2022-12,#N/A,#N/A,#N/A,[1] Operational,[A] Operational,,[1] Operational,[A] Operational,,[1] Operational,[A] Operational,,[1] Operational,[A] Operational,,[1] Operational,[A] Operational,,[1] Operational,[A] Operational,,[1] Operational,[A] Operational,,#N/A,#N/A,#N/A,#N/A,#N/A,#N/A,#N/A,#N/A,#N/A,#N/A,#N/A,#N/A,#N/A,#N/A,#N/A
01-029-11-000,01-29-11-000,"Lidlidda, Ilocos Sur",Lidlidda,Ilocos Sur,Region I (Ilocos Region),Municipality,5th,R1,B,C,#REF!,#REF!,https://bpbc.ibpls.com/lidliddailocossur,https://prod.ebpls.com/lidliddailocossur,,#N/A,#N/A,#N/A,[1] Operational,[A] Operational,,[1] Operational,[A] Operational,,[1] Operational,[A] Operational,,[1] Operational,[A] Operational,,[1] Operational,[A] Operational,,[1] Operational,[A] Operational,,[1] Operational,[A] Operational,,#N/A,#N/A,#N/A,#N/A,#N/A,#N/A,#N/A,#N/A,#N/A,#N/A,#N/A,#N/A,#N/A,#N/A,#N/A
04-034-10-000,04-34-10-000,"Liliw, Laguna",Liliw,Laguna,Region IV-A (CALABARZON),Municipality,4th,R4A,B,F,#REF!,#REF!,https://bpbc.ibpls.com/liliwlaguna,https://prod.ebpls.com/liliwlaguna,,#N/A,#N/A,#N/A,[1] Operational,[A] Operational,,[1] Operational,[A] Operational,,[1] Operational,[A] Operational,,[1] Operational,[A] Operational,,[1] Operational,[A] Operational,,[1] Operational,[A] Operational,,[1] Operational,[A] Operational,,#N/A,#N/A,#N/A,#N/A,#N/A,#N/A,#N/A,#N/A,#N/A,#N/A,#N/A,#N/A,#N/A,#N/A,#N/A
08-064-06-000,08-64-06-000,"Liloan, Southern Leyte",Liloan,Southern Leyte,Region VIII (Eastern Visayas),Municipality,4th*,R8,A,K,#REF!,#REF!,https://bpbc.ibpls.com/liloansouthernleyte,https://prod.ebpls.com/liloansouthernleyte,2022-12,#N/A,#N/A,#N/A,[1] Operational,[A] Operational,Normal Operations,[1] Operational,[A] Operational,,[1] Operational,[A] Operational,Normal Operations,[1] Operational,[A] Operational,Normal Operations,[1] Operational,[A] Operational,Normal Operations,[1] Operational,[A] Operational,Normal Operations,[1] Operational,[A] Operational,Normal Operations,#N/A,#N/A,#N/A,#N/A,#N/A,#N/A,#N/A,#N/A,#N/A,#N/A,#N/A,#N/A,#N/A,#N/A,#N/A
09-072-06-000,09-72-06-000,"Liloy, Zamboanga del Norte",Liloy,Zamboanga del Norte,Region IX (Zamboanga Peninsula),Municipality,3rd,R9,A,L,#REF!,#REF!,https://bpbc.ibpls.com/liloyzamboangadelnorte,https://prod.ebpls.com/liloyzamboangadelnorte,2022-12,#N/A,#N/A,#N/A,[1] Operational,[A] Operational,,[1] Operational,[A] Operational,,[1] Operational,[A] Operational,,[1] Operational,[A] Operational,,[1] Operational,[A] Operational,,[1] Operational,[A] Operational,,[1] Operational,[A] Operational,,#N/A,#N/A,#N/A,#N/A,#N/A,#N/A,#N/A,#N/A,#N/A,#N/A,#N/A,#N/A,#N/A,#N/A,#N/A
03-008-06-000,03-08-06-000,"Limay, Bataan",Limay,Bataan,Region III (Central Luzon),Municipality,1st,R3,A,E,#REF!,#REF!,https://bpbc.ibpls.com/limaybataan,https://prod.ebpls.com/limaybataan/.php/login,2022-12,#N/A,#N/A,#N/A,[1] Operational,[A] Operational,,[1] Operational,[A] Operational,,[1] Operational,[A] Operational,,[1] Operational,[A] Operational,,[1] Operational,[A] Operational,,[1] Operational,[A] Operational,,[1] Operational,[A] Operational,,#N/A,#N/A,#N/A,#N/A,#N/A,#N/A,#N/A,#N/A,#N/A,#N/A,#N/A,#N/A,#N/A,#N/A,#N/A
10-035-10-000,10-35-10-000,"Linamon, Lanao del Norte",Linamon,Lanao del Norte,Region X (Northern Mindanao),Municipality,5th,R10,A,N,#REF!,#REF!,https://bpbc.ibpls.com/linamonlanaodelnorte,https://prod.ebpls.com/linamonlanaodelnorte,2022-12,#N/A,#N/A,#N/A,[1] Operational,[A] Operational,,[1] Operational,[A] Operational,,[1] Operational,[A] Operational,,[1] Operational,[A] Operational,,[1] Operational,[A] Operational,,[1] Operational,[A] Operational,,[1] Operational,[A] Operational,,#N/A,#N/A,#N/A,#N/A,#N/A,#N/A,#N/A,#N/A,#N/A,#N/A,#N/A,#N/A,#N/A,#N/A,#N/A
01-055-22-000,01-55-22-000,"Lingayen, Pangasinan",Lingayen,Pangasinan,Region I (Ilocos Region),Municipality,1st,R1,A,C,#REF!,#REF!,https://bpbc.ibpls.com/lingayenpangasinan,https://prod.ebpls.com/lingayenpangasinan,2022-12,#N/A,#N/A,#N/A,[1] Operational,[A] Operational,,[1] Operational,[A] Operational,,[1] Operational,[A] Operational,,[1] Operational,[A] Operational,,[1] Operational,[A] Operational,,[1] Operational,[A] Operational,,[1] Operational,[A] Operational,,#N/A,#N/A,#N/A,#N/A,#N/A,#N/A,#N/A,#N/A,#N/A,#N/A,#N/A,#N/A,#N/A,#N/A,#N/A
14-011-06-000,14-11-06-000,"Itogon, Benguet",Itogon,Benguet,Cordillera Administrative Region (CAR),Municipality,1st,CAR,B,B,#REF!,#REF!,,https://prod.ebpls.com/itogonbenguet,,#N/A,#N/A,#N/A,[8] Withdraw,[D] Withdraw,https://drive.google.com/file/d/1h13DYqBUfYQJCefijBW8E8qeBqsM5shG/view?usp=drive_link,[8] Withdraw,[D] Withdraw,https://drive.google.com/file/d/1h13DYqBUfYQJCefijBW8E8qeBqsM5shG/view?usp=drive_link,[8] Withdraw,[D] Withdraw,https://drive.google.com/file/d/1h13DYqBUfYQJCefijBW8E8qeBqsM5shG/view?usp=drive_link,[8] Withdraw,[D] Withdraw,https://drive.google.com/file/d/1h13DYqBUfYQJCefijBW8E8qeBqsM5shG/view?usp=drive_link,[8] Withdraw,[D] Withdraw,https://drive.google.com/file/d/1h13DYqBUfYQJCefijBW8E8qeBqsM5shG/view?usp=drive_link,[8] Withdraw,[D] Withdraw,https://drive.google.com/file/d/1h13DYqBUfYQJCefijBW8E8qeBqsM5shG/view?usp=drive_link,[8] Withdraw,[D] Withdraw,https://drive.google.com/file/d/1h13DYqBUfYQJCefijBW8E8qeBqsM5shG/view?usp=drive_link,#N/A,#N/A,#N/A,#N/A,#N/A,#N/A,#N/A,#N/A,#N/A,#N/A,#N/A,#N/A,#N/A,#N/A,#N/A
16-068-12-000,16-68-12-000,"Lingig, Surigao del Sur",Lingig,Surigao del Sur,Region XIII (Caraga),Municipality,2nd,R13,A,O,#REF!,#REF!,https://bpbc.ibpls.com/lingigsurigaodelsur,https://prod.ebpls.com/lingigsurigaodelsur,2022-12,#N/A,#N/A,#N/A,[1] Operational,[A] Operational,,[1] Operational,[A] Operational,,[1] Operational,[A] Operational,,[1] Operational,[A] Operational,,[1] Operational,[A] Operational,,[1] Operational,[A] Operational,,[1] Operational,[A] Operational,,#N/A,#N/A,#N/A,#N/A,#N/A,#N/A,#N/A,#N/A,#N/A,#N/A,#N/A,#N/A,#N/A,#N/A,#N/A
08-026-13-000,08-26-13-000,"Llorente, Eastern Samar",Llorente,Eastern Samar,Region VIII (Eastern Visayas),Municipality,3rd,R8,A,K,#REF!,#REF!,https://bpbc.ibpls.com/llorenteeasternsamar,https://prod.ebpls.com/llorenteeasternsamar,2022-12,#N/A,#N/A,#N/A,[1] Operational,[A] Operational,Normal Operations,[1] Operational,[A] Operational,,[1] Operational,[A] Operational,Normal Operations,[1] Operational,[A] Operational,Normal Operations,[1] Operational,[A] Operational,Normal Operations,[1] Operational,[A] Operational,Normal Operations,[1] Operational,[A] Operational,Normal Operations,#N/A,#N/A,#N/A,#N/A,#N/A,#N/A,#N/A,#N/A,#N/A,#N/A,#N/A,#N/A,#N/A,#N/A,#N/A
07-012-28-000,07-12-28-000,"Loay, Bohol",Loay,Bohol,Region VII (Central Visayas),Municipality,5th,R7,B,J,#REF!,#REF!,https://bpbc.ibpls.com/loaybohol,https://prod.ebpls.com/loaybohol,,#N/A,#N/A,#N/A,[1] Operational,[A] Operational,,[1] Operational,[A] Operational,,[1] Operational,[A] Operational,,[1] Operational,[A] Operational,operational but not using the system,[1] Operational,[A] Operational,operational but not using the system,[1] Operational,[A] Operational,operational but not using the system,[1] Operational,[A] Operational,operational but not using the system,#N/A,#N/A,#N/A,#N/A,#N/A,#N/A,#N/A,#N/A,#N/A,#N/A,#N/A,#N/A,#N/A,#N/A,#N/A
04-010-15-000,04-10-15-000,"Lobo, Batangas",Lobo,Batangas,Region IV-A (CALABARZON),Municipality,3rd,R4A,A,F,#REF!,#REF!,https://bpbc.ibpls.com/lobobatangas,https://prod.ebpls.com/lobobatangas,2022-12,#N/A,#N/A,#N/A,[1] Operational,[A] Operational,,[1] Operational,[A] Operational,,[1] Operational,[A] Operational,,[1] Operational,[A] Operational,,[1] Operational,[A] Operational,,[1] Operational,[A] Operational,,[1] Operational,[A] Operational,,#N/A,#N/A,#N/A,#N/A,#N/A,#N/A,#N/A,#N/A,#N/A,#N/A,#N/A,#N/A,#N/A,#N/A,#N/A
17-051-03-000,17-51-03-000,"Looc, Occidental Mindoro",Looc,Occidental Mindoro,MIMAROPA Region,Municipality,5th,R4B,B,G,#REF!,#REF!,https://bpbc.ibpls.com/loococcidentalmindoro,https://prod.ebpls.com/loococcidentalmindoro/,,#N/A,#N/A,#N/A,[1] Operational,[A] Operational,,[1] Operational,[A] Operational,,[1] Operational,[A] Operational,,[1] Operational,[A] Operational,,[1] Operational,[A] Operational,,[1] Operational,[A] Operational,,[1] Operational,[A] Operational,,#N/A,#N/A,#N/A,#N/A,#N/A,#N/A,#N/A,#N/A,#N/A,#N/A,#N/A,#N/A,#N/A,#N/A,#N/A
17-059-07-000,17-59-07-000,"Looc, Romblon",Looc,Romblon,MIMAROPA Region,Municipality,4th,R4B,A,G,#REF!,#REF!,https://bpbc.ibpls.com/loocromblon,https://prod.ebpls.com/loocromblon/.php/login,2022-12,#N/A,#N/A,#N/A,[1] Operational,[A] Operational,,[1] Operational,[A] Operational,,[1] Operational,[A] Operational,,[1] Operational,[A] Operational,,[1] Operational,[A] Operational,,[1] Operational,[A] Operational,,[1] Operational,[A] Operational,,#N/A,#N/A,#N/A,#N/A,#N/A,#N/A,#N/A,#N/A,#N/A,#N/A,#N/A,#N/A,#N/A,#N/A,#N/A
08-048-24-000,08-48-24-000,"Lope De Vega, Northern Samar",Lope De Vega,Northern Samar,Region VIII (Eastern Visayas),Municipality,4th,R8,A,K,#REF!,#REF!,https://bpbc.ibpls.com/lopedeveganorthernsamar,https://prod.ebpls.com/lopedeveganorthernsamar,2022-12,#N/A,#N/A,#N/A,[1] Operational,[A] Operational,Normal Operations,[1] Operational,[A] Operational,,[1] Operational,[A] Operational,Normal Operations,[1] Operational,[A] Operational,Normal Operations,[1] Operational,[A] Operational,Normal Operations,[1] Operational,[A] Operational,Normal Operations,[1] Operational,[A] Operational,,#N/A,#N/A,#N/A,#N/A,#N/A,#N/A,#N/A,#N/A,#N/A,#N/A,#N/A,#N/A,#N/A,#N/A,#N/A
04-056-22-000,04-56-22-000,"Lopez, Quezon",Lopez,Quezon,Region IV-A (CALABARZON),Municipality,1st,R4A,A,F,#REF!,#REF!,https://bpbc.ibpls.com/lopezquezon,https://prod.ebpls.com/lopezquezon,2022-12,#N/A,#N/A,#N/A,[1] Operational,[A] Operational,,[1] Operational,[A] Operational,,[1] Operational,[A] Operational,,[1] Operational,[A] Operational,,[1] Operational,[A] Operational,,[1] Operational,[A] Operational,,[1] Operational,[A] Operational,,#N/A,#N/A,#N/A,#N/A,#N/A,#N/A,#N/A,#N/A,#N/A,#N/A,#N/A,#N/A,#N/A,#N/A,#N/A
17-051-04-000,17-51-04-000,"Lubang, Occidental Mindoro",Lubang,Occidental Mindoro,MIMAROPA Region,Municipality,4th,R4B,B,G,#REF!,#REF!,https://bpbc.ibpls.com/lubangoccidentalmindoro,https://prod.ebpls.com/lubangoccidentalmindoro/.php/login,,#N/A,#N/A,#N/A,[1] Operational,[A] Operational,,[1] Operational,[A] Operational,,[1] Operational,[A] Operational,,[1] Operational,[A] Operational,,[1] Operational,[A] Operational,,[1] Operational,[A] Operational,,[1] Operational,[A] Operational,,#N/A,#N/A,#N/A,#N/A,#N/A,#N/A,#N/A,#N/A,#N/A,#N/A,#N/A,#N/A,#N/A,#N/A,#N/A
14-032-06-000,14-32-06-000,"Lubuagan, Kalinga",Lubuagan,Kalinga,Cordillera Administrative Region (CAR),Municipality,4th,CAR,B,B,#REF!,#REF!,https://bpbc.ibpls.com/lubuagankalinga,https://prod.ebpls.com/lubuagankalinga/,,#N/A,#N/A,#N/A,[1] Operational,[A] Operational,,[1] Operational,[A] Operational,,[1] Operational,[A] Operational,,[1] Operational,[A] Operational,,[1] Operational,[A] Operational,,[1] Operational,[A] Operational,,[1] Operational,[A] Operational,,#N/A,#N/A,#N/A,#N/A,#N/A,#N/A,#N/A,#N/A,#N/A,#N/A,#N/A,#N/A,#N/A,#N/A,#N/A
10-043-16-000,10-43-16-000,"Lugait, Misamis Oriental",Lugait,Misamis Oriental,Region X (Northern Mindanao),Municipality,2nd,R10,A,N,#REF!,#REF!,https://bpbc.ibpls.com/lugaitmisamisoriental,https://prod.ebpls.com/lugaitmisamisoriental,2022-12,#N/A,#N/A,#N/A,[1] Operational,[A] Operational,,[1] Operational,[A] Operational,,[1] Operational,[A] Operational,,[1] Operational,[A] Operational,,[1] Operational,[A] Operational,,[1] Operational,[A] Operational,,[1] Operational,[A] Operational,,#N/A,#N/A,#N/A,#N/A,#N/A,#N/A,#N/A,#N/A,#N/A,#N/A,#N/A,#N/A,#N/A,#N/A,#N/A
04-034-13-000,04-34-13-000,"Lumban, Laguna",Lumban,Laguna,Region IV-A (CALABARZON),Municipality,3rd,R4A,A,F,#REF!,#REF!,https://bpbc.ibpls.com/lumbanlaguna,https://prod.ebpls.com/lumbanlaguna,2022-12,#N/A,#N/A,#N/A,[1] Operational,[A] Operational,,[1] Operational,[A] Operational,,[1] Operational,[A] Operational,,[1] Operational,[A] Operational,,[1] Operational,[A] Operational,,[1] Operational,[A] Operational,,[1] Operational,[A] Operational,,#N/A,#N/A,#N/A,#N/A,#N/A,#N/A,#N/A,#N/A,#N/A,#N/A,#N/A,#N/A,#N/A,#N/A,#N/A
14-081-05-000,14-81-05-000,"Luna, Apayao",Luna,Apayao,Cordillera Administrative Region (CAR),Municipality,2nd,CAR,A,B,#REF!,#REF!,https://bpbc.ibpls.com/lunaapayao,https://prod.ebpls.com/lunaapayao,2022-12,#N/A,#N/A,#N/A,[1] Operational,[A] Operational,,[1] Operational,[A] Operational,,[1] Operational,[A] Operational,,[1] Operational,[A] Operational,,[1] Operational,[A] Operational,,[1] Operational,[A] Operational,,[1] Operational,[A] Operational,,#N/A,#N/A,#N/A,#N/A,#N/A,#N/A,#N/A,#N/A,#N/A,#N/A,#N/A,#N/A,#N/A,#N/A,#N/A
03-049-16-000,03-49-16-000,"Lupao, Nueva Ecija",Lupao,Nueva Ecija,Region III (Central Luzon),Municipality,3rd,R3,B,E,#REF!,#REF!,https://bpbc.ibpls.com/lupaonuevaecija,https://prod.ebpls.com/lupaonuevaecija,2023-01,#N/A,#N/A,#N/A,[1] Operational,[A] Operational,,[1] Operational,[A] Operational,,[1] Operational,[A] Operational,,[1] Operational,[A] Operational,,[1] Operational,[A] Operational,,[1] Operational,[A] Operational,,[1] Operational,[A] Operational,,#N/A,#N/A,#N/A,#N/A,#N/A,#N/A,#N/A,#N/A,#N/A,#N/A,#N/A,#N/A,#N/A,#N/A,#N/A
11-025-07-000,11-25-07-000,"Lupon, Davao Oriental",Lupon,Davao Oriental,Region XI (Davao Region),Municipality,1st,R11,A,P,#REF!,#REF!,https://bpbc.ibpls.com/lupondavaooriental,https://prod.ebpls.com/lupondavaooriental,2022-12,#N/A,#N/A,#N/A,[1] Operational,[A] Operational,,[1] Operational,[A] Operational,,[1] Operational,[A] Operational,,[1] Operational,[A] Operational,,[1] Operational,[A] Operational,,[1] Operational,[A] Operational,,[1] Operational,[A] Operational,,#N/A,#N/A,#N/A,#N/A,#N/A,#N/A,#N/A,#N/A,#N/A,#N/A,#N/A,#N/A,#N/A,#N/A,#N/A
12-047-10-000,12-47-10-000,"M'Lang, Cotabato",M'Lang,Cotabato,Region XII (SOCCSKSARGEN),Municipality,1st,R12,A,Q,#REF!,#REF!,https://bpbc.ibpls.com/mlangcotabato,https://prod.ebpls.com/mlangnorthcotabato,2022-12,#N/A,#N/A,#N/A,[1] Operational,[A] Operational,,[1] Operational,[A] Operational,,[1] Operational,[A] Operational,,[1] Operational,[A] Operational,,[1] Operational,[A] Operational,,[1] Operational,[A] Operational,,[1] Operational,[A] Operational,,#N/A,#N/A,#N/A,#N/A,#N/A,#N/A,#N/A,#N/A,#N/A,#N/A,#N/A,#N/A,#N/A,#N/A,#N/A
06-019-07-000,06-19-07-000,"Ma-Ayon, Capiz",Ma-Ayon,Capiz,Region VI (Western Visayas),Municipality,3rd,R6,B,I,#REF!,#REF!,https://bpbc.ibpls.com/ma-ayoncapiz,https://prod.ebpls.com/maayoncapiz/,2023-01,#N/A,#N/A,#N/A,[1] Operational,[A] Operational,,[1] Operational,[A] Operational,,[1] Operational,[A] Operational,,[1] Operational,[A] Operational,,[1] Operational,[A] Operational,,[1] Operational,[A] Operational,,[1] Operational,[A] Operational,,#N/A,#N/A,#N/A,#N/A,#N/A,#N/A,#N/A,#N/A,#N/A,#N/A,#N/A,#N/A,#N/A,#N/A,#N/A
12-080-04-000,12-80-04-000,"Maasim, Sarangani",Maasim,Sarangani,Region XII (SOCCSKSARGEN),Municipality,1st,R12,B,Q,#REF!,#REF!,https://bpbc.ibpls.com/maasimsarangani,https://prod.ebpls.com/maasimsarangani,,#N/A,#N/A,#N/A,[1] Operational,[A] Operational,,[1] Operational,[A] Operational,,[1] Operational,[A] Operational,,[1] Operational,[A] Operational,,[1] Operational,[A] Operational,,[1] Operational,[A] Operational,,[1] Operational,[A] Operational,,#N/A,#N/A,#N/A,#N/A,#N/A,#N/A,#N/A,#N/A,#N/A,#N/A,#N/A,#N/A,#N/A,#N/A,#N/A
06-030-29-000,06-30-29-000,"Maasin, Iloilo",Maasin,Iloilo,Region VI (Western Visayas),Municipality,3rd,R6,A,I,#REF!,#REF!,https://bpbc.ibpls.com/maasiniloilo,https://prod.ebpls.com/maasiniloilo,2022-12,#N/A,#N/A,#N/A,[1] Operational,[A] Operational,,[1] Operational,[A] Operational,,[1] Operational,[A] Operational,,[1] Operational,[A] Operational,,[1] Operational,[A] Operational,,[1] Operational,[A] Operational,,[1] Operational,[A] Operational,,#N/A,#N/A,#N/A,#N/A,#N/A,#N/A,#N/A,#N/A,#N/A,#N/A,#N/A,#N/A,#N/A,#N/A,#N/A
03-054-09-000,03-54-09-000,"Mabalacat City, Pampanga",Mabalacat City,Pampanga,Region III (Central Luzon),City,3rd,R3,A,E,#REF!,#REF!,https://bpbc.ibpls.com/mabalacatcitypampanga,https://prod.ebpls.com/mabalacatpampanga/.php/login,2022-12,#N/A,#N/A,#N/A,[1] Operational,[A] Operational,,[1] Operational,[A] Operational,,[1] Operational,[A] Operational,,[1] Operational,[A] Operational,,[1] Operational,[A] Operational,,[1] Operational,[A] Operational,,[1] Operational,[A] Operational,,#N/A,#N/A,#N/A,#N/A,#N/A,#N/A,#N/A,#N/A,#N/A,#N/A,#N/A,#N/A,#N/A,#N/A,#N/A
07-046-14-000,07-46-14-000,"Mabinay, Negros Oriental",Mabinay,Negros Oriental,Region VII (Central Visayas),Municipality,1st,R7,A,J,#REF!,#REF!,https://bpbc.ibpls.com/mabinaynegrosoriental,https://prod.ebpls.com/mabinaynegrosoriental/.php/login,2022-12,#N/A,#N/A,#N/A,[1] Operational,[A] Operational,,[1] Operational,[A] Operational,,[1] Operational,[A] Operational,,[1] Operational,[A] Operational,,[1] Operational,[A] Operational,,[1] Operational,[A] Operational,,[1] Operational,[A] Operational,,#N/A,#N/A,#N/A,#N/A,#N/A,#N/A,#N/A,#N/A,#N/A,#N/A,#N/A,#N/A,#N/A,#N/A,#N/A
04-010-16-000,04-10-16-000,"Mabini, Batangas",Mabini,Batangas,Region IV-A (CALABARZON),Municipality,1st,R4A,A,F,#REF!,#REF!,https://bpbc.ibpls.com/mabinibatangas,https://prod.ebpls.com/mabinibatangas,2022-12,#N/A,#N/A,#N/A,[1] Operational,[A] Operational,,[1] Operational,[A] Operational,,[1] Operational,[A] Operational,,[1] Operational,[A] Operational,,[1] Operational,[A] Operational,,[1] Operational,[A] Operational,,[1] Operational,[A] Operational,,#N/A,#N/A,#N/A,#N/A,#N/A,#N/A,#N/A,#N/A,#N/A,#N/A,#N/A,#N/A,#N/A,#N/A,#N/A
03-054-10-000,03-54-10-000,"Macabebe, Pampanga",Macabebe,Pampanga,Region III (Central Luzon),Municipality,1st,R3,A,E,#REF!,#REF!,https://bpbc.ibpls.com/macabebepampanga,https://prod.ebpls.com/macabebepampanga/.php/login,2022-12,#N/A,#N/A,#N/A,[1] Operational,[A] Operational,,[1] Operational,[A] Operational,,[1] Operational,[A] Operational,,[1] Operational,[A] Operational,,[1] Operational,[A] Operational,,[1] Operational,[A] Operational,,[1] Operational,[A] Operational,,#N/A,#N/A,#N/A,#N/A,#N/A,#N/A,#N/A,#N/A,#N/A,#N/A,#N/A,#N/A,#N/A,#N/A,#N/A
08-037-30-000,08-37-30-000,"Macarthur, Leyte",Macarthur,Leyte,Region VIII (Eastern Visayas),Municipality,5th*,R8,B,K,#REF!,#REF!,https://bpbc.ibpls.com/macarthurleyte,https://prod.ebpls.com/macarthurleyte,,#N/A,#N/A,#N/A,[2] Pilot Testing,[B] Developmental,For re-DBU. LGU updated their LRC,[2] Pilot Testing,[B] Developmental,,[2] Pilot Testing,[B] Developmental,Waiting for deletion of test data and for pilot implementation,[2] Pilot Testing,[B] Developmental,"Waiting for first client, ready for implementation.",[2] Pilot Testing,[B] Developmental,"Waiting for first client, ready for implementation.",[2] Pilot Testing,[B] Developmental,"Waiting for first client, ready for implementation.",[2] Pilot Testing,[B] Developmental,"Waiting for first client, ready for implementation.",#N/A,#N/A,#N/A,#N/A,#N/A,#N/A,#N/A,#N/A,#N/A,#N/A,#N/A,#N/A,#N/A,#N/A,#N/A
08-064-08-000,08-64-08-000,"Macrohon, Southern Leyte",Macrohon,Southern Leyte,Region VIII (Eastern Visayas),Municipality,4th,R8,A,K,#REF!,#REF!,https://bpbc.ibpls.com/macrohonsouthernleyte,https://prod.ebpls.com/macrohonsouthernleyte,2022-12,#N/A,#N/A,#N/A,[1] Operational,[A] Operational,Normal Operations,[1] Operational,[A] Operational,,[1] Operational,[A] Operational,Normal Operations,[1] Operational,[A] Operational,Normal Operations,[1] Operational,[A] Operational,Normal Operations,[1] Operational,[A] Operational,Normal Operations,[1] Operational,[A] Operational,Normal Operations,#N/A,#N/A,#N/A,#N/A,#N/A,#N/A,#N/A,#N/A,#N/A,#N/A,#N/A,#N/A,#N/A,#N/A,#N/A
02-057-04-000,02-57-04-000,"Maddela, Quirino",Maddela,Quirino,Region II (Cagayan Valley),Municipality,1st,R2,A,D,#REF!,#REF!,https://bpbc.ibpls.com/maddelaquirino,https://prod.ebpls.com/maddelaquirino,2022-12,#N/A,#N/A,#N/A,[1] Operational,[A] Operational,,[1] Operational,[A] Operational,,[1] Operational,[A] Operational,,[1] Operational,[A] Operational,,[1] Operational,[A] Operational,,[1] Operational,[A] Operational,,[1] Operational,[A] Operational,,#N/A,#N/A,#N/A,#N/A,#N/A,#N/A,#N/A,#N/A,#N/A,#N/A,#N/A,#N/A,#N/A,#N/A,#N/A
16-068-13-000,16-68-13-000,"Madrid, Surigao del Sur",Madrid,Surigao del Sur,Region XIII (Caraga),Municipality,4th,R13,B,O,#REF!,#REF!,https://bpbc.ibpls.com/madridsurigaodelsur,https://prod.ebpls.com/madridsurigaodelsur,2023-01,#N/A,#N/A,#N/A,[1] Operational,[A] Operational,,[1] Operational,[A] Operational,,[1] Operational,[A] Operational,,[1] Operational,[A] Operational,,[1] Operational,[A] Operational,,[1] Operational,[A] Operational,,[1] Operational,[A] Operational,,#N/A,#N/A,#N/A,#N/A,#N/A,#N/A,#N/A,#N/A,#N/A,#N/A,#N/A,#N/A,#N/A,#N/A,#N/A
07-022-28-000,07-22-28-000,"Madridejos, Cebu",Madridejos,Cebu,Region VII (Central Visayas),Municipality,4th,R7,A,J,#REF!,#REF!,https://bpbc.ibpls.com/madridejoscebu,https://prod.ebpls.com/madridejoscebu,2022-12,#N/A,#N/A,#N/A,[1] Operational,[A] Operational,,[1] Operational,[A] Operational,,[1] Operational,[A] Operational,,[1] Operational,[A] Operational,,[1] Operational,[A] Operational,,[1] Operational,[A] Operational,,[1] Operational,[A] Operational,,#N/A,#N/A,#N/A,#N/A,#N/A,#N/A,#N/A,#N/A,#N/A,#N/A,#N/A,#N/A,#N/A,#N/A,#N/A
03-054-11-000,03-54-11-000,"Magalang, Pampanga",Magalang,Pampanga,Region III (Central Luzon),Municipality,1st,R3,B,E,#REF!,#REF!,https://bpbc.ibpls.com/magalangpampanga,https://prod.ebpls.com/magalangpampanga,2023-01,#N/A,#N/A,#N/A,[1] Operational,[A] Operational,,[1] Operational,[A] Operational,,[1] Operational,[A] Operational,,[1] Operational,[A] Operational,,[1] Operational,[A] Operational,,[1] Operational,[A] Operational,,[1] Operational,[A] Operational,,#N/A,#N/A,#N/A,#N/A,#N/A,#N/A,#N/A,#N/A,#N/A,#N/A,#N/A,#N/A,#N/A,#N/A,#N/A
16-002-08-000,16-02-08-000,"Magallanes, Agusan del Norte",Magallanes,Agusan del Norte,Region XIII (Caraga),Municipality,4th,R13,A,O,#REF!,#REF!,https://bpbc.ibpls.com/magallanesagusandelnorte,https://prod.ebpls.com/magallanesagusandelnorte,2022-12,#N/A,#N/A,#N/A,[1] Operational,[A] Operational,,[1] Operational,[A] Operational,,[1] Operational,[A] Operational,,[1] Operational,[A] Operational,,[1] Operational,[A] Operational,,[1] Operational,[A] Operational,,[1] Operational,[A] Operational,,#N/A,#N/A,#N/A,#N/A,#N/A,#N/A,#N/A,#N/A,#N/A,#N/A,#N/A,#N/A,#N/A,#N/A,#N/A
04-021-12-000,04-21-12-000,"Magallanes, Cavite",Magallanes,Cavite,Region IV-A (CALABARZON),Municipality,4th,R4A,A,F,#REF!,#REF!,https://bpbc.ibpls.com/magallanescavite,https://prod.ebpls.com/magallanescavite,2022-12,#N/A,#N/A,#N/A,[1] Operational,[A] Operational,,[1] Operational,[A] Operational,,[1] Operational,[A] Operational,,[1] Operational,[A] Operational,,[1] Operational,[A] Operational,,[1] Operational,[A] Operational,,[1] Operational,[A] Operational,,#N/A,#N/A,#N/A,#N/A,#N/A,#N/A,#N/A,#N/A,#N/A,#N/A,#N/A,#N/A,#N/A,#N/A,#N/A
05-062-11-000,05-62-11-000,"Magallanes, Sorsogon",Magallanes,Sorsogon,Region V (Bicol Region),Municipality,3rd,R5,B,H,#REF!,#REF!,https://bpbc.ibpls.com/magallanessorsogon,https://prod.ebpls.com/magallanessorsogon,,#N/A,#N/A,#N/A,[6] With Concerns,[C] For Training/Others,,[6] With Concerns,[C] For Training/Others,,[6] With Concerns,[C] For Training/Others,,[6] With Concerns,[C] For Training/Others,,[6] With Concerns,[C] For Training/Others,,[6] With Concerns,[C] For Training/Others,,[6] With Concerns,[C] For Training/Others,,#N/A,#N/A,#N/A,#N/A,#N/A,#N/A,#N/A,#N/A,#N/A,#N/A,#N/A,#N/A,#N/A,#N/A,#N/A
05-017-20-000,05-17-20-000,"Magarao, Camarines Sur",Magarao,Camarines Sur,Region V (Bicol Region),Municipality,4th,R5,B,H,#REF!,#REF!,https://bpbc.ibpls.com/magaraocamarinessur,https://prod.ebpls.com/magaraocamarinessur,,#N/A,#N/A,#N/A,[1] Operational,[A] Operational,,[1] Operational,[A] Operational,,[1] Operational,[A] Operational,,[1] Operational,[A] Operational,,[1] Operational,[A] Operational,,[1] Operational,[A] Operational,,[1] Operational,[A] Operational,,#N/A,#N/A,#N/A,#N/A,#N/A,#N/A,#N/A,#N/A,#N/A,#N/A,#N/A,#N/A,#N/A,#N/A,#N/A
12-047-06-000,12-47-06-000,"Magpet, Cotabato",Magpet,Cotabato,Region XII (SOCCSKSARGEN),Municipality,1st,R12,A,Q,#REF!,#REF!,https://bpbc.ibpls.com/magpetcotabato,https://prod.ebpls.com/magpetnorthcotabato,2022-12,#N/A,#N/A,#N/A,[1] Operational,[A] Operational,,[1] Operational,[A] Operational,,[1] Operational,[A] Operational,,[1] Operational,[A] Operational,,[1] Operational,[A] Operational,,[1] Operational,[A] Operational,,[1] Operational,[A] Operational,,#N/A,#N/A,#N/A,#N/A,#N/A,#N/A,#N/A,#N/A,#N/A,#N/A,#N/A,#N/A,#N/A,#N/A,#N/A
11-024-07-000,11-24-07-000,"Magsaysay, Davao del Sur",Magsaysay,Davao del Sur,Region XI (Davao Region),Municipality,3rd,R11,A,P,#REF!,#REF!,https://bpbc.ibpls.com/magsaysaydavaodelsur,https://prod.ebpls.com/magsaysaydavaodelsur,2022-12,#N/A,#N/A,#N/A,[1] Operational,[A] Operational,,[1] Operational,[A] Operational,,[1] Operational,[A] Operational,,[1] Operational,[A] Operational,,[1] Operational,[A] Operational,,[1] Operational,[A] Operational,,[1] Operational,[A] Operational,,#N/A,#N/A,#N/A,#N/A,#N/A,#N/A,#N/A,#N/A,#N/A,#N/A,#N/A,#N/A,#N/A,#N/A,#N/A
10-035-11-000,10-35-11-000,"Magsaysay, Lanao del Norte",Magsaysay,Lanao del Norte,Region X (Northern Mindanao),Municipality,5th,R10,A,N,#REF!,#REF!,https://bpbc.ibpls.com/magsaysaylanaodelnorte,https://prod.ebpls.com/magsaysaylanaodelnorte,2022-12,#N/A,#N/A,#N/A,[1] Operational,[A] Operational,,[1] Operational,[A] Operational,,[1] Operational,[A] Operational,,[1] Operational,[A] Operational,,[1] Operational,[A] Operational,,[1] Operational,[A] Operational,,[1] Operational,[A] Operational,,#N/A,#N/A,#N/A,#N/A,#N/A,#N/A,#N/A,#N/A,#N/A,#N/A,#N/A,#N/A,#N/A,#N/A,#N/A
10-043-17-000,10-43-17-000,"Magsaysay, Misamis Oriental",Magsaysay,Misamis Oriental,Region X (Northern Mindanao),Municipality,4th,R10,A,N,#REF!,#REF!,https://bpbc.ibpls.com/magsaysaymisamisoriental,https://prod.ebpls.com/magsaysaymisamisoriental,2022-12,#N/A,#N/A,#N/A,[1] Operational,[A] Operational,,[1] Operational,[A] Operational,,[1] Operational,[A] Operational,,[1] Operational,[A] Operational,,[1] Operational,[A] Operational,,[1] Operational,[A] Operational,,[1] Operational,[A] Operational,,#N/A,#N/A,#N/A,#N/A,#N/A,#N/A,#N/A,#N/A,#N/A,#N/A,#N/A,#N/A,#N/A,#N/A,#N/A
17-051-05-000,17-51-05-000,"Magsaysay, Occidental Mindoro",Magsaysay,Occidental Mindoro,MIMAROPA Region,Municipality,3rd,R4B,B,G,#REF!,#REF!,https://bpbc.ibpls.com/magsaysayoccidentalmindoro,https://prod.ebpls.com/magsaysayoccidentalmindoro,,#N/A,#N/A,#N/A,[1] Operational,[A] Operational,,[1] Operational,[A] Operational,,[1] Operational,[A] Operational,,[1] Operational,[A] Operational,,[1] Operational,[A] Operational,,[1] Operational,[A] Operational,,[1] Operational,[A] Operational,,#N/A,#N/A,#N/A,#N/A,#N/A,#N/A,#N/A,#N/A,#N/A,#N/A,#N/A,#N/A,#N/A,#N/A,#N/A
08-037-31-000,08-37-31-000,"Mahaplag, Leyte",Mahaplag,Leyte,Region VIII (Eastern Visayas),Municipality,4th,R8,A,K,#REF!,#REF!,https://bpbc.ibpls.com/mahaplagleyte,https://prod.ebpls.com/mahaplagleyte,2022-12,#N/A,#N/A,#N/A,[1] Operational,[A] Operational,Normal Operations,[1] Operational,[A] Operational,,[1] Operational,[A] Operational,Normal Operations,[1] Operational,[A] Operational,Normal Operations,[1] Operational,[A] Operational,Normal Operations,[1] Operational,[A] Operational,Normal Operations,[1] Operational,[A] Operational,Normal Operations,#N/A,#N/A,#N/A,#N/A,#N/A,#N/A,#N/A,#N/A,#N/A,#N/A,#N/A,#N/A,#N/A,#N/A,#N/A
09-073-15-000,09-73-15-000,"Mahayag, Zamboanga del Sur",Mahayag,Zamboanga del Sur,Region IX (Zamboanga Peninsula),Municipality,3rd*,R9,A,L,#REF!,#REF!,https://bpbc.ibpls.com/mahayagzamboangadelsur,https://prod.ebpls.com/mahayagzamboangadelsur,2022-12,#N/A,#N/A,#N/A,[1] Operational,[A] Operational,,[1] Operational,[A] Operational,,[1] Operational,[A] Operational,,[1] Operational,[A] Operational,,[1] Operational,[A] Operational,,[1] Operational,[A] Operational,,[1] Operational,[A] Operational,,#N/A,#N/A,#N/A,#N/A,#N/A,#N/A,#N/A,#N/A,#N/A,#N/A,#N/A,#N/A,#N/A,#N/A,#N/A
10-018-03-000,10-18-03-000,"Mahinog, Camiguin",Mahinog,Camiguin,Region X (Northern Mindanao),Municipality,5th,R10,A,N,#REF!,#REF!,https://bpbc.ibpls.com/mahinogcamiguin,https://prod.ebpls.com/mahinogcamiguin,2022-12,#N/A,#N/A,#N/A,[1] Operational,[A] Operational,,[1] Operational,[A] Operational,,[1] Operational,[A] Operational,,[1] Operational,[A] Operational,,[1] Operational,[A] Operational,,[1] Operational,[A] Operational,,[1] Operational,[A] Operational,,#N/A,#N/A,#N/A,#N/A,#N/A,#N/A,#N/A,#N/A,#N/A,#N/A,#N/A,#N/A,#N/A,#N/A,#N/A
10-035-12-000,10-35-12-000,"Maigo, Lanao del Norte",Maigo,Lanao del Norte,Region X (Northern Mindanao),Municipality,4th,R10,A,N,#REF!,#REF!,https://bpbc.ibpls.com/maigolanaodelnorte,https://prod.ebpls.com/maigolanaodelnorte,2022-12,#N/A,#N/A,#N/A,[1] Operational,[A] Operational,,[1] Operational,[A] Operational,,[1] Operational,[A] Operational,,[1] Operational,[A] Operational,,[1] Operational,[A] Operational,,[1] Operational,[A] Operational,,[1] Operational,[A] Operational,,#N/A,#N/A,#N/A,#N/A,#N/A,#N/A,#N/A,#N/A,#N/A,#N/A,#N/A,#N/A,#N/A,#N/A,#N/A
16-067-14-000,16-67-14-000,"Mainit, Surigao del Norte",Mainit,Surigao del Norte,Region XIII (Caraga),Municipality,4th,R13,A,O,#REF!,#REF!,https://bpbc.ibpls.com/mainitsurigaodelnorte,https://prod.ebpls.com/mainitsurigaodelnorte,2022-12,#N/A,#N/A,#N/A,[1] Operational,[A] Operational,,[1] Operational,[A] Operational,,[1] Operational,[A] Operational,,[1] Operational,[A] Operational,,[1] Operational,[A] Operational,,[1] Operational,[A] Operational,,[1] Operational,[A] Operational,,#N/A,#N/A,#N/A,#N/A,#N/A,#N/A,#N/A,#N/A,#N/A,#N/A,#N/A,#N/A,#N/A,#N/A,#N/A
12-080-05-000,12-80-05-000,"Maitum, Sarangani",Maitum,Sarangani,Region XII (SOCCSKSARGEN),Municipality,2nd,R12,A,Q,#REF!,#REF!,https://bpbc.ibpls.com/maitumsarangani,https://prod.ebpls.com/maitumsarangani,2022-12,#N/A,#N/A,#N/A,[1] Operational,[A] Operational,,[1] Operational,[A] Operational,,[1] Operational,[A] Operational,,[1] Operational,[A] Operational,,[1] Operational,[A] Operational,,[1] Operational,[A] Operational,,[1] Operational,[A] Operational,,#N/A,#N/A,#N/A,#N/A,#N/A,#N/A,#N/A,#N/A,#N/A,#N/A,#N/A,#N/A,#N/A,#N/A,#N/A
06-004-11-000,06-04-11-000,"Makato, Aklan",Makato,Aklan,Region VI (Western Visayas),Municipality,4th,R6,A,I,#REF!,#REF!,https://bpbc.ibpls.com/makatoaklan,https://prod.ebpls.com/makatoaklan,2022-12,#N/A,#N/A,#N/A,[1] Operational,[A] Operational,,[1] Operational,[A] Operational,,[1] Operational,[A] Operational,,[1] Operational,[A] Operational,,[1] Operational,[A] Operational,,[1] Operational,[A] Operational,,[1] Operational,[A] Operational,,#N/A,#N/A,#N/A,#N/A,#N/A,#N/A,#N/A,#N/A,#N/A,#N/A,#N/A,#N/A,#N/A,#N/A,#N/A
07-022-29-000,07-22-29-000,"Malabuyoc, Cebu",Malabuyoc,Cebu,Region VII (Central Visayas),Municipality,5th,R7,B,J,#REF!,#REF!,https://bpbc.ibpls.com/malabuyoccebu,https://prod.ebpls.com/malabuyoccebu,2023-01,#N/A,#N/A,#N/A,[1] Operational,[A] Operational,,[1] Operational,[A] Operational,,[1] Operational,[A] Operational,,[1] Operational,[A] Operational,,[1] Operational,[A] Operational,,[1] Operational,[A] Operational,,[1] Operational,[A] Operational,,#N/A,#N/A,#N/A,#N/A,#N/A,#N/A,#N/A,#N/A,#N/A,#N/A,#N/A,#N/A,#N/A,#N/A,#N/A
11-024-08-000,11-24-08-000,"Malalag, Davao del Sur",Malalag,Davao del Sur,Region XI (Davao Region),Municipality,2nd,R11,A,P,#REF!,#REF!,https://bpbc.ibpls.com/malalagdavaodelsur,https://prod.ebpls.com/malalagdavaodelsur,2022-12,#N/A,#N/A,#N/A,[1] Operational,[A] Operational,,[1] Operational,[A] Operational,,[1] Operational,[A] Operational,,[1] Operational,[A] Operational,,[1] Operational,[A] Operational,,[1] Operational,[A] Operational,,[1] Operational,[A] Operational,,#N/A,#N/A,#N/A,#N/A,#N/A,#N/A,#N/A,#N/A,#N/A,#N/A,#N/A,#N/A,#N/A,#N/A,#N/A
09-083-08-000,09-83-08-000,"Malangas, Zamboanga Sibugay",Malangas,Zamboanga Sibugay,Region IX (Zamboanga Peninsula),Municipality,3rd*,R9,B,L,#REF!,#REF!,https://bpbc.ibpls.com/malangaszamboangasibugay,https://prod.ebpls.com/malangaszamboangasibugay/.php/login,2023-01,#N/A,#N/A,#N/A,[1] Operational,[A] Operational,,[1] Operational,[A] Operational,,[1] Operational,[A] Operational,,[1] Operational,[A] Operational,,[1] Operational,[A] Operational,,[1] Operational,[A] Operational,,[1] Operational,[A] Operational,,#N/A,#N/A,#N/A,#N/A,#N/A,#N/A,#N/A,#N/A,#N/A,#N/A,#N/A,#N/A,#N/A,#N/A,#N/A
12-080-06-000,12-80-06-000,"Malapatan, Sarangani",Malapatan,Sarangani,Region XII (SOCCSKSARGEN),Municipality,1st,R12,A,Q,#REF!,#REF!,https://bpbc.ibpls.com/malapatansarangani,https://prod.ebpls.com/malapatansarangani,2022-12,#N/A,#N/A,#N/A,[1] Operational,[A] Operational,,[1] Operational,[A] Operational,,[1] Operational,[A] Operational,,[1] Operational,[A] Operational,,[1] Operational,[A] Operational,,[1] Operational,[A] Operational,,[1] Operational,[A] Operational,,#N/A,#N/A,#N/A,#N/A,#N/A,#N/A,#N/A,#N/A,#N/A,#N/A,#N/A,#N/A,#N/A,#N/A,#N/A
06-004-12-000,06-04-12-000,"Malay, Aklan",Malay,Aklan,Region VI (Western Visayas),Municipality,1st,R6,A,I,#REF!,#REF!,https://bpbc.ibpls.com/malayaklan,https://prod.ebpls.com/malayaklan,2022-12,#N/A,#N/A,#N/A,[1] Operational,[A] Operational,,[1] Operational,[A] Operational,,[1] Operational,[A] Operational,,[1] Operational,[A] Operational,,[1] Operational,[A] Operational,,[1] Operational,[A] Operational,,[1] Operational,[A] Operational,,#N/A,#N/A,#N/A,#N/A,#N/A,#N/A,#N/A,#N/A,#N/A,#N/A,#N/A,#N/A,#N/A,#N/A,#N/A
06-004-13-000,06-04-13-000,"Malinao, Aklan",Malinao,Aklan,Region VI (Western Visayas),Municipality,4th,R6,A,I,#REF!,#REF!,https://bpbc.ibpls.com/malinaoaklan,https://prod.ebpls.com/malinaoaklan,2022-12,#N/A,#N/A,#N/A,[1] Operational,[A] Operational,,[1] Operational,[A] Operational,,[1] Operational,[A] Operational,,[1] Operational,[A] Operational,,[1] Operational,[A] Operational,,[1] Operational,[A] Operational,,[1] Operational,[A] Operational,,#N/A,#N/A,#N/A,#N/A,#N/A,#N/A,#N/A,#N/A,#N/A,#N/A,#N/A,#N/A,#N/A,#N/A,#N/A
08-064-09-000,08-64-09-000,"Malitbog, Southern Leyte",Malitbog,Southern Leyte,Region VIII (Eastern Visayas),Municipality,4th*,R8,A,K,#REF!,#REF!,https://bpbc.ibpls.com/malitbogsouthernleyte,https://prod.ebpls.com/malitbogsouthernleyte,2022-12,#N/A,#N/A,#N/A,[1] Operational,[A] Operational,Normal Operations,[1] Operational,[A] Operational,,[1] Operational,[A] Operational,Normal Operations,[1] Operational,[A] Operational,Normal Operations,[1] Operational,[A] Operational,Normal Operations,[1] Operational,[A] Operational,Normal Operations,[1] Operational,[A] Operational,Normal Operations,#N/A,#N/A,#N/A,#N/A,#N/A,#N/A,#N/A,#N/A,#N/A,#N/A,#N/A,#N/A,#N/A,#N/A,#N/A
02-031-19-000,02-31-19-000,"Mallig, Isabela",Mallig,Isabela,Region II (Cagayan Valley),Municipality,4th,R2,A,D,#REF!,#REF!,https://bpbc.ibpls.com/malligisabela,https://prod.ebpls.com/malligisabela,2022-12,#N/A,#N/A,#N/A,[1] Operational,[A] Operational,,[1] Operational,[A] Operational,,[1] Operational,[A] Operational,,[1] Operational,[A] Operational,,[1] Operational,[A] Operational,,[1] Operational,[A] Operational,,[1] Operational,[A] Operational,,#N/A,#N/A,#N/A,#N/A,#N/A,#N/A,#N/A,#N/A,#N/A,#N/A,#N/A,#N/A,#N/A,#N/A,#N/A
12-080-07-000,12-80-07-000,"Malungon, Sarangani",Malungon,Sarangani,Region XII (SOCCSKSARGEN),Municipality,1st,R12,B,Q,#REF!,#REF!,https://bpbc.ibpls.com/malungonsarangani,https://prod.ebpls.com/malungonsarangani,,#N/A,#N/A,#N/A,[8] Withdraw,[D] Withdraw,,[8] Withdraw,[D] Withdraw,,[8] Withdraw,[D] Withdraw,,[8] Withdraw,[D] Withdraw,,[8] Withdraw,[D] Withdraw,,[8] Withdraw,[D] Withdraw,,[8] Withdraw,[D] Withdraw,,#N/A,#N/A,#N/A,#N/A,#N/A,#N/A,#N/A,#N/A,#N/A,#N/A,#N/A,#N/A,#N/A,#N/A,#N/A
10-018-04-000,10-18-04-000,"Mambajao, Camiguin",Mambajao,Camiguin,Region X (Northern Mindanao),Municipality,3rd,R10,A,N,#REF!,#REF!,https://bpbc.ibpls.com/mambajaocamiguin,https://prod.ebpls.com/mambajaocamiguin,2022-12,#N/A,#N/A,#N/A,[1] Operational,[A] Operational,,[1] Operational,[A] Operational,,[1] Operational,[A] Operational,,[1] Operational,[A] Operational,,[1] Operational,[A] Operational,,[1] Operational,[A] Operational,,[1] Operational,[A] Operational,,#N/A,#N/A,#N/A,#N/A,#N/A,#N/A,#N/A,#N/A,#N/A,#N/A,#N/A,#N/A,#N/A,#N/A,#N/A
17-051-06-000,17-51-06-000,"Mamburao, Occidental Mindoro",Mamburao,Occidental Mindoro,MIMAROPA Region,Municipality,2nd,R4B,B,G,#REF!,#REF!,https://bpbc.ibpls.com/mamburaooccidentalmindoro,https://prod.ebpls.com/mamburaooccidentalmindoro/.php/login,,#N/A,#N/A,#N/A,[1] Operational,[A] Operational,,[1] Operational,[A] Operational,,[1] Operational,[A] Operational,,[1] Operational,[A] Operational,,[1] Operational,[A] Operational,,[1] Operational,[A] Operational,,[1] Operational,[A] Operational,,#N/A,#N/A,#N/A,#N/A,#N/A,#N/A,#N/A,#N/A,#N/A,#N/A,#N/A,#N/A,#N/A,#N/A,#N/A
07-012-27-000,07-12-27-000,"Lila, Bohol",Lila,Bohol,Region VII (Central Visayas),Municipality,5th,R7,B,J,#REF!,#REF!,,https://prod.ebpls.com/lilabohol,,#N/A,#N/A,#N/A,[8] Withdraw,[D] Withdraw,,[8] Withdraw,[D] Withdraw,,[8] Withdraw,[D] Withdraw,,[8] Withdraw,[D] Withdraw,,[8] Withdraw,[D] Withdraw,,[8] Withdraw,[D] Withdraw,,[8] Withdraw,[D] Withdraw,,#N/A,#N/A,#N/A,#N/A,#N/A,#N/A,#N/A,#N/A,#N/A,#N/A,#N/A,#N/A,#N/A,#N/A,#N/A
06-019-08-000,06-19-08-000,"Mambusao, Capiz",Mambusao,Capiz,Region VI (Western Visayas),Municipality,3rd,R6,A,I,#REF!,#REF!,https://bpbc.ibpls.com/mambusaocapiz,https://prod.ebpls.com/mambusaocapiz/,2022-12,#N/A,#N/A,#N/A,[1] Operational,[A] Operational,,[1] Operational,[A] Operational,,[1] Operational,[A] Operational,,[1] Operational,[A] Operational,,[1] Operational,[A] Operational,,[1] Operational,[A] Operational,,[1] Operational,[A] Operational,,#N/A,#N/A,#N/A,#N/A,#N/A,#N/A,#N/A,#N/A,#N/A,#N/A,#N/A,#N/A,#N/A,#N/A,#N/A
06-045-18-000,06-45-18-000,"Manapla, Negros Occidental",Manapla,Negros Occidental,Region VI (Western Visayas),Municipality,2nd,R6,A,I,#REF!,#REF!,https://bpbc.ibpls.com/manaplanegrosoccidental,https://prod.ebpls.com/manaplanegrosoccidental,2022-12,#N/A,#N/A,#N/A,[1] Operational,[A] Operational,,[1] Operational,[A] Operational,,[1] Operational,[A] Operational,,[1] Operational,[A] Operational,,[1] Operational,[A] Operational,,[1] Operational,[A] Operational,,[1] Operational,[A] Operational,,#N/A,#N/A,#N/A,#N/A,#N/A,#N/A,#N/A,#N/A,#N/A,#N/A,#N/A,#N/A,#N/A,#N/A,#N/A
11-025-08-000,11-25-08-000,"Manay, Davao Oriental",Manay,Davao Oriental,Region XI (Davao Region),Municipality,2nd,R11,A,P,#REF!,#REF!,https://bpbc.ibpls.com/manaydavaooriental,https://prod.ebpls.com/manaydavaooriental,2022-12,#N/A,#N/A,#N/A,[1] Operational,[A] Operational,,[1] Operational,[A] Operational,,[1] Operational,[A] Operational,,[1] Operational,[A] Operational,,[1] Operational,[A] Operational,,[1] Operational,[A] Operational,,[1] Operational,[A] Operational,,#N/A,#N/A,#N/A,#N/A,#N/A,#N/A,#N/A,#N/A,#N/A,#N/A,#N/A,#N/A,#N/A,#N/A,#N/A
05-041-10-000,05-41-10-000,"Mandaon, Masbate",Mandaon,Masbate,Region V (Bicol Region),Municipality,3rd,R5,B,H,#REF!,#REF!,https://bpbc.ibpls.com/mandaonmasbate,https://prod.ebpls.com/mandaonmasbate,,#N/A,#N/A,#N/A,[1] Operational,[A] Operational,,[1] Operational,[A] Operational,,[1] Operational,[A] Operational,,[1] Operational,[A] Operational,,[1] Operational,[A] Operational,,[1] Operational,[A] Operational,,[1] Operational,[A] Operational,,#N/A,#N/A,#N/A,#N/A,#N/A,#N/A,#N/A,#N/A,#N/A,#N/A,#N/A,#N/A,#N/A,#N/A,#N/A
01-055-26-000,01-55-26-000,"Mangaldan, Pangasinan",Mangaldan,Pangasinan,Region I (Ilocos Region),Municipality,1st,R1,A,C,#REF!,#REF!,https://bpbc.ibpls.com/mangaldanpangasinan,https://prod.ebpls.com/mangaldanpangasinan,2022-12,#N/A,#N/A,#N/A,[1] Operational,[A] Operational,,[1] Operational,[A] Operational,,[1] Operational,[A] Operational,,[1] Operational,[A] Operational,,[1] Operational,[A] Operational,,[1] Operational,[A] Operational,,[1] Operational,[A] Operational,,#N/A,#N/A,#N/A,#N/A,#N/A,#N/A,#N/A,#N/A,#N/A,#N/A,#N/A,#N/A,#N/A,#N/A,#N/A
01-055-27-000,01-55-27-000,"Mangatarem, Pangasinan",Mangatarem,Pangasinan,Region I (Ilocos Region),Municipality,1st,R1,A,C,#REF!,#REF!,https://bpbc.ibpls.com/mangatarempangasinan,https://prod.ebpls.com/mangatarempangasinan,2022-12,#N/A,#N/A,#N/A,[1] Operational,[A] Operational,,[1] Operational,[A] Operational,,[1] Operational,[A] Operational,,[1] Operational,[A] Operational,,[1] Operational,[A] Operational,,[1] Operational,[A] Operational,,[1] Operational,[A] Operational,,#N/A,#N/A,#N/A,#N/A,#N/A,#N/A,#N/A,#N/A,#N/A,#N/A,#N/A,#N/A,#N/A,#N/A,#N/A
07-046-15-000,07-46-15-000,"Manjuyod, Negros Oriental",Manjuyod,Negros Oriental,Region VII (Central Visayas),Municipality,2nd,R7,B,J,#REF!,#REF!,https://bpbc.ibpls.com/manjuyodnegrosoriental,https://prod.ebpls.com/manjuyodnegrosoriental,,#N/A,#N/A,#N/A,[2] Pilot Testing,[B] Developmental,,[2] Pilot Testing,[B] Developmental,,[2] Pilot Testing,[B] Developmental,,[2] Pilot Testing,[B] Developmental,,[2] Pilot Testing,[B] Developmental,,[2] Pilot Testing,[B] Developmental,,[2] Pilot Testing,[B] Developmental,,#N/A,#N/A,#N/A,#N/A,#N/A,#N/A,#N/A,#N/A,#N/A,#N/A,#N/A,#N/A,#N/A,#N/A,#N/A
06-004-10-000,06-04-10-000,"Madalag, Aklan",Madalag,Aklan,Region VI (Western Visayas),Municipality,4th,R6,B,I,#REF!,#REF!,,https://prod.ebpls.com/madalagaklan,,#N/A,#N/A,#N/A,[5] For Training,[C] For Training/Others,,[5] For Training,[C] For Training/Others,,[5] For Training,[C] For Training/Others,,[5] For Training,[C] For Training/Others,,[5] For Training,[C] For Training/Others,,[5] For Training,[C] For Training/Others,,[5] For Training,[C] For Training/Others,,#N/A,#N/A,#N/A,#N/A,#N/A,#N/A,#N/A,#N/A,#N/A,#N/A,#N/A,#N/A,#N/A,#N/A,#N/A
14-011-11-000,14-11-11-000,"Mankayan, Benguet",Mankayan,Benguet,Cordillera Administrative Region (CAR),Municipality,1st,CAR,A,B,#REF!,#REF!,https://bpbc.ibpls.com/mankayanbenguet,https://prod.ebpls.com/mankayanbenguet,2022-12,#N/A,#N/A,#N/A,[1] Operational,[A] Operational,,[1] Operational,[A] Operational,,[1] Operational,[A] Operational,,[1] Operational,[A] Operational,,[1] Operational,[A] Operational,,[1] Operational,[A] Operational,,[1] Operational,[A] Operational,,#N/A,#N/A,#N/A,#N/A,#N/A,#N/A,#N/A,#N/A,#N/A,#N/A,#N/A,#N/A,#N/A,#N/A,#N/A
17-052-07-000,17-52-07-000,"Mansalay, Oriental Mindoro",Mansalay,Oriental Mindoro,MIMAROPA Region,Municipality,2nd,R4B,B,G,#REF!,#REF!,https://bpbc.ibpls.com/mansalayorientalmindoro,https://prod.ebpls.com/mansalayorientalmindoro/.php/login,,#N/A,#N/A,#N/A,[1] Operational,[A] Operational,,[1] Operational,[A] Operational,,[1] Operational,[A] Operational,,[1] Operational,[A] Operational,,[1] Operational,[A] Operational,,[1] Operational,[A] Operational,,[1] Operational,[A] Operational,,#N/A,#N/A,#N/A,#N/A,#N/A,#N/A,#N/A,#N/A,#N/A,#N/A,#N/A,#N/A,#N/A,#N/A,#N/A
10-043-18-000,10-43-18-000,"Manticao, Misamis Oriental",Manticao,Misamis Oriental,Region X (Northern Mindanao),Municipality,4th,R10,A,N,#REF!,#REF!,https://bpbc.ibpls.com/manticaomisamisoriental,https://prod.ebpls.com/manticaomisamisoriental,2022-12,#N/A,#N/A,#N/A,[1] Operational,[A] Operational,,[1] Operational,[A] Operational,,[1] Operational,[A] Operational,,[1] Operational,[A] Operational,,[1] Operational,[A] Operational,,[1] Operational,[A] Operational,,[1] Operational,[A] Operational,,#N/A,#N/A,#N/A,#N/A,#N/A,#N/A,#N/A,#N/A,#N/A,#N/A,#N/A,#N/A,#N/A,#N/A,#N/A
09-072-07-000,09-72-07-000,"Manukan, Zamboanga del Norte",Manukan,Zamboanga del Norte,Region IX (Zamboanga Peninsula),Municipality,3rd,R9,B,L,#REF!,#REF!,https://bpbc.ibpls.com/manukanzamboangadelnorte,https://prod.ebpls.com/manukanzamboangadelnorte,2023-01,#N/A,#N/A,#N/A,[1] Operational,[A] Operational,,[1] Operational,[A] Operational,,[1] Operational,[A] Operational,,[1] Operational,[A] Operational,,[1] Operational,[A] Operational,,[1] Operational,[A] Operational,,[1] Operational,[A] Operational,,#N/A,#N/A,#N/A,#N/A,#N/A,#N/A,#N/A,#N/A,#N/A,#N/A,#N/A,#N/A,#N/A,#N/A,#N/A
01-029-12-000,01-29-12-000,"Magsingal, Ilocos Sur",Magsingal,Ilocos Sur,Region I (Ilocos Region),Municipality,3rd,R1,B,C,#REF!,#REF!,,https://prod.ebpls.com/magsingalilocossur,,#N/A,#N/A,#N/A,[8] Withdraw,[D] Withdraw,,[8] Withdraw,[D] Withdraw,,[8] Withdraw,[D] Withdraw,,[8] Withdraw,[D] Withdraw,,[8] Withdraw,[D] Withdraw,,[8] Withdraw,[D] Withdraw,,[8] Withdraw,[D] Withdraw,,#N/A,#N/A,#N/A,#N/A,#N/A,#N/A,#N/A,#N/A,#N/A,#N/A,#N/A,#N/A,#N/A,#N/A,#N/A
08-048-12-000,08-48-12-000,"Mapanas, Northern Samar",Mapanas,Northern Samar,Region VIII (Eastern Visayas),Municipality,5th,R8,A,K,#REF!,#REF!,https://bpbc.ibpls.com/mapanasnorthernsamar,https://prod.ebpls.com/mapanasnorthernsamar,2022-12,#N/A,#N/A,#N/A,[1] Operational,[A] Operational,Normal Operations,[1] Operational,[A] Operational,,[1] Operational,[A] Operational,Normal Operations,[1] Operational,[A] Operational,Zero transactions for the month of May 2025,[1] Operational,[A] Operational,Zero transactions for the month of May 2025,[1] Operational,[A] Operational,Normal Operations,[1] Operational,[A] Operational,Normal Operations,#N/A,#N/A,#N/A,#N/A,#N/A,#N/A,#N/A,#N/A,#N/A,#N/A,#N/A,#N/A,#N/A,#N/A,#N/A
01-055-28-000,01-55-28-000,"Mapandan, Pangasinan",Mapandan,Pangasinan,Region I (Ilocos Region),Municipality,3rd,R1,A,C,#REF!,#REF!,https://bpbc.ibpls.com/mapandanpangasinan,https://prod.ebpls.com/mapandanpangasinan,2022-12,#N/A,#N/A,#N/A,[1] Operational,[A] Operational,,[1] Operational,[A] Operational,,[1] Operational,[A] Operational,,[1] Operational,[A] Operational,,[1] Operational,[A] Operational,,[1] Operational,[A] Operational,,[1] Operational,[A] Operational,,#N/A,#N/A,#N/A,#N/A,#N/A,#N/A,#N/A,#N/A,#N/A,#N/A,#N/A,#N/A,#N/A,#N/A,#N/A
08-060-10-000,08-60-10-000,"Marabut, Samar",Marabut,Samar,Region VIII (Eastern Visayas),Municipality,5th,R8,A,K,#REF!,#REF!,https://bpbc.ibpls.com/marabutsamar,https://prod.ebpls.com/marabutsamar,2022-12,#N/A,#N/A,#N/A,[1] Operational,[A] Operational,Normal Operations,[1] Operational,[A] Operational,,[1] Operational,[A] Operational,Normal Operations,[1] Operational,[A] Operational,Normal Operations,[1] Operational,[A] Operational,Normal Operations,[1] Operational,[A] Operational,Normal Operations,[1] Operational,[A] Operational,Normal Operations,#N/A,#N/A,#N/A,#N/A,#N/A,#N/A,#N/A,#N/A,#N/A,#N/A,#N/A,#N/A,#N/A,#N/A,#N/A
04-021-13-000,04-21-13-000,"Maragondon, Cavite",Maragondon,Cavite,Region IV-A (CALABARZON),Municipality,3rd,R4A,B,F,#REF!,#REF!,https://bpbc.ibpls.com/maragondoncavite,https://prod.ebpls.com/maragondoncavite,,#N/A,#N/A,#N/A,[1] Operational,[A] Operational,,[1] Operational,[A] Operational,,[1] Operational,[A] Operational,,[1] Operational,[A] Operational,,[1] Operational,[A] Operational,,[1] Operational,[A] Operational,,[1] Operational,[A] Operational,,#N/A,#N/A,#N/A,#N/A,#N/A,#N/A,#N/A,#N/A,#N/A,#N/A,#N/A,#N/A,#N/A,#N/A,#N/A
11-082-05-000,11-82-05-000,"Maragusan, Davao de Oro",Maragusan,Davao de Oro,Region XI (Davao Region),Municipality,1st,R11,A,P,#REF!,#REF!,https://bpbc.ibpls.com/maragusandavaodeoro,https://prod.ebpls.com/maragusandavaodeoro,2022-12,#N/A,#N/A,#N/A,[1] Operational,[A] Operational,,[1] Operational,[A] Operational,,[1] Operational,[A] Operational,,[1] Operational,[A] Operational,,[1] Operational,[A] Operational,,[1] Operational,[A] Operational,,[1] Operational,[A] Operational,,#N/A,#N/A,#N/A,#N/A,#N/A,#N/A,#N/A,#N/A,#N/A,#N/A,#N/A,#N/A,#N/A,#N/A,#N/A
05-005-09-000,05-05-09-000,"Malilipot, Albay",Malilipot,Albay,Region V (Bicol Region),Municipality,4th,R5,B,H,#REF!,#REF!,,https://prod.ebpls.com/malilipotalbay,,#N/A,#N/A,#N/A,[3] Ongoing Data Build-up,[B] Developmental,,[3] Ongoing Data Build-up,[B] Developmental,,[3] Ongoing Data Build-up,[B] Developmental,,[3] Ongoing Data Build-up,[B] Developmental,,[3] Ongoing Data Build-up,[B] Developmental,,[3] Ongoing Data Build-up,[B] Developmental,,[3] Ongoing Data Build-up,[B] Developmental,,#N/A,#N/A,#N/A,#N/A,#N/A,#N/A,#N/A,#N/A,#N/A,#N/A,#N/A,#N/A,#N/A,#N/A,#N/A
09-073-17-000,09-73-17-000,"Margosatubig, Zamboanga del Sur",Margosatubig,Zamboanga del Sur,Region IX (Zamboanga Peninsula),Municipality,3rd,R9,A,L,#REF!,#REF!,https://bpbc.ibpls.com/margosatubigzamboangadelsur,https://prod.ebpls.com/margosatubigzamboangadelsur,2022-12,#N/A,#N/A,#N/A,[1] Operational,[A] Operational,,[1] Operational,[A] Operational,,[1] Operational,[A] Operational,,[1] Operational,[A] Operational,,[1] Operational,[A] Operational,,[1] Operational,[A] Operational,,[1] Operational,[A] Operational,,#N/A,#N/A,#N/A,#N/A,#N/A,#N/A,#N/A,#N/A,#N/A,#N/A,#N/A,#N/A,#N/A,#N/A,#N/A
03-077-07-000,03-77-07-000,"Maria Aurora, Aurora",Maria Aurora,Aurora,Region III (Central Luzon),Municipality,2nd,R3,A,E,#REF!,#REF!,https://bpbc.ibpls.com/mariaauroraaurora,https://prod.ebpls.com/mariaauroraaurora/.php/login,2022-12,#N/A,#N/A,#N/A,[1] Operational,[A] Operational,,[1] Operational,[A] Operational,,[1] Operational,[A] Operational,,[1] Operational,[A] Operational,,[1] Operational,[A] Operational,,[1] Operational,[A] Operational,,[1] Operational,[A] Operational,,#N/A,#N/A,#N/A,#N/A,#N/A,#N/A,#N/A,#N/A,#N/A,#N/A,#N/A,#N/A,#N/A,#N/A,#N/A
07-061-04-000,07-61-04-000,"Maria, Siquijor",Maria,Siquijor,Region VII (Central Visayas),Municipality,5th,R7,B,J,#REF!,#REF!,https://bpbc.ibpls.com/mariasiquijor,https://prod.ebpls.com/mariasiquijor,,#N/A,#N/A,#N/A,[1] Operational,[A] Operational,,[1] Operational,[A] Operational,,[1] Operational,[A] Operational,,[1] Operational,[A] Operational,,[1] Operational,[A] Operational,,[1] Operational,[A] Operational,,[1] Operational,[A] Operational,,#N/A,#N/A,#N/A,#N/A,#N/A,#N/A,#N/A,#N/A,#N/A,#N/A,#N/A,#N/A,#N/A,#N/A,#N/A
16-068-14-000,16-68-14-000,"Marihatag, Surigao del Sur",Marihatag,Surigao del Sur,Region XIII (Caraga),Municipality,3rd,R13,A,O,#REF!,#REF!,https://bpbc.ibpls.com/marihatagsurigaodelsur,https://prod.ebpls.com/marihatagsurigaodelsur,2022-12,#N/A,#N/A,#N/A,[1] Operational,[A] Operational,,[1] Operational,[A] Operational,,[1] Operational,[A] Operational,,[1] Operational,[A] Operational,,[1] Operational,[A] Operational,,[1] Operational,[A] Operational,,[1] Operational,[A] Operational,,#N/A,#N/A,#N/A,#N/A,#N/A,#N/A,#N/A,#N/A,#N/A,#N/A,#N/A,#N/A,#N/A,#N/A,#N/A
08-078-07-000,08-78-07-000,"Maripipi, Biliran",Maripipi,Biliran,Region VIII (Eastern Visayas),Municipality,5th,R8,B,K,#REF!,#REF!,https://bpbc.ibpls.com/maripipibiliran,https://prod.ebpls.com/maripipibiliran,,#N/A,#N/A,#N/A,[2] Pilot Testing,[B] Developmental,,[2] Pilot Testing,[B] Developmental,,[2] Pilot Testing,[B] Developmental,"Done orientation to business owners, waiting for implementation",[2] Pilot Testing,[B] Developmental,"Done orientation to business owners, waiting for implementation",[2] Pilot Testing,[B] Developmental,"Done orientation to business owners, waiting for implementation",[2] Pilot Testing,[B] Developmental,"Done orientation to business owners, waiting for implementation",[2] Pilot Testing,[B] Developmental,"Done orientation to business owners, waiting for implementation",#N/A,#N/A,#N/A,#N/A,#N/A,#N/A,#N/A,#N/A,#N/A,#N/A,#N/A,#N/A,#N/A,#N/A,#N/A
03-054-12-000,03-54-12-000,"Masantol, Pampanga",Masantol,Pampanga,Region III (Central Luzon),Municipality,2nd,R3,A,E,#REF!,#REF!,https://bpbc.ibpls.com/masantolpampanga,https://prod.ebpls.com/masantolpampanga/.php/login,2022-12,#N/A,#N/A,#N/A,[1] Operational,[A] Operational,,[1] Operational,[A] Operational,,[1] Operational,[A] Operational,,[1] Operational,[A] Operational,,[1] Operational,[A] Operational,,[1] Operational,[A] Operational,,[1] Operational,[A] Operational,,#N/A,#N/A,#N/A,#N/A,#N/A,#N/A,#N/A,#N/A,#N/A,#N/A,#N/A,#N/A,#N/A,#N/A,#N/A
03-071-06-000,03-71-06-000,"Masinloc, Zambales",Masinloc,Zambales,Region III (Central Luzon),Municipality,1st,R3,A,E,#REF!,#REF!,https://bpbc.ibpls.com/masinloczambales,https://prod.ebpls.com/masinloczambales,2022-12,#N/A,#N/A,#N/A,[1] Operational,[A] Operational,,[1] Operational,[A] Operational,,[1] Operational,[A] Operational,,[1] Operational,[A] Operational,,[1] Operational,[A] Operational,,[1] Operational,[A] Operational,,[1] Operational,[A] Operational,,#N/A,#N/A,#N/A,#N/A,#N/A,#N/A,#N/A,#N/A,#N/A,#N/A,#N/A,#N/A,#N/A,#N/A,#N/A
04-010-18-000,04-10-18-000,"Mataasnakahoy, Batangas",Mataasnakahoy,Batangas,Region IV-A (CALABARZON),Municipality,4th,R4A,B,F,#REF!,#REF!,https://bpbc.ibpls.com/mataasnakahoybatangas,https://prod.ebpls.com/mataasnakahoybatangas,,#N/A,#N/A,#N/A,[1] Operational,[A] Operational,LAUNCHED on August 30,[1] Operational,[A] Operational,LAUNCHED on August 30,[1] Operational,[A] Operational,LAUNCHED on August 30,[1] Operational,[A] Operational,LAUNCHED on August 30,[1] Operational,[A] Operational,LAUNCHED on August 30,[1] Operational,[A] Operational,LAUNCHED on August 30,[1] Operational,[A] Operational,LAUNCHED on August 30,#N/A,#N/A,#N/A,#N/A,#N/A,#N/A,#N/A,#N/A,#N/A,#N/A,#N/A,#N/A,#N/A,#N/A,#N/A
01-055-25-000,01-55-25-000,"Manaoag, Pangasinan",Manaoag,Pangasinan,Region I (Ilocos Region),Municipality,1st,R1,B,C,#REF!,#REF!,,https://prod.ebpls.com/manaoagpangasinan,,#N/A,#N/A,#N/A,[3] Ongoing Data Build-up,[B] Developmental,,[3] Ongoing Data Build-up,[B] Developmental,,[3] Ongoing Data Build-up,[B] Developmental,,[3] Ongoing Data Build-up,[B] Developmental,,[3] Ongoing Data Build-up,[B] Developmental,,[3] Ongoing Data Build-up,[B] Developmental,,[3] Ongoing Data Build-up,[B] Developmental,,#N/A,#N/A,#N/A,#N/A,#N/A,#N/A,#N/A,#N/A,#N/A,#N/A,#N/A,#N/A,#N/A,#N/A,#N/A
08-037-33-000,08-37-33-000,"Matag-Ob, Leyte",Matag-Ob,Leyte,Region VIII (Eastern Visayas),Municipality,4th,R8,A,K,#REF!,#REF!,https://bpbc.ibpls.com/matagobleyte,https://prod.ebpls.com/matag-obleyte,2022-12,#N/A,#N/A,#N/A,[1] Operational,[A] Operational,Normal Operations,[1] Operational,[A] Operational,,[1] Operational,[A] Operational,Normal Operations,[1] Operational,[A] Operational,Normal Operations,[1] Operational,[A] Operational,Normal Operations,[1] Operational,[A] Operational,Normal Operations,[1] Operational,[A] Operational,Normal Operations,#N/A,#N/A,#N/A,#N/A,#N/A,#N/A,#N/A,#N/A,#N/A,#N/A,#N/A,#N/A,#N/A,#N/A,#N/A
12-047-08-000,12-47-08-000,"Matalam, Cotabato",Matalam,Cotabato,Region XII (SOCCSKSARGEN),Municipality,1st,R12,A,Q,#REF!,#REF!,https://bpbc.ibpls.com/matalamcotabato,https://prod.ebpls.com/matalamnorthcotabato/.php/login,2022-12,#N/A,#N/A,#N/A,[1] Operational,[A] Operational,,[1] Operational,[A] Operational,,[1] Operational,[A] Operational,,[1] Operational,[A] Operational,,[1] Operational,[A] Operational,,[1] Operational,[A] Operational,,[1] Operational,[A] Operational,,#N/A,#N/A,#N/A,#N/A,#N/A,#N/A,#N/A,#N/A,#N/A,#N/A,#N/A,#N/A,#N/A,#N/A,#N/A
08-037-34-000,08-37-34-000,"Matalom, Leyte",Matalom,Leyte,Region VIII (Eastern Visayas),Municipality,3rd,R8,A,K,#REF!,#REF!,https://bpbc.ibpls.com/matalomleyte,https://prod.ebpls.com/matalomleyte,2022-12,#N/A,#N/A,#N/A,[1] Operational,[A] Operational,Normal Operations,[1] Operational,[A] Operational,,[1] Operational,[A] Operational,Normal Operations,[1] Operational,[A] Operational,Normal Operations,[1] Operational,[A] Operational,Normal Operations,[1] Operational,[A] Operational,Normal Operations,[1] Operational,[A] Operational,Normal Operations,#N/A,#N/A,#N/A,#N/A,#N/A,#N/A,#N/A,#N/A,#N/A,#N/A,#N/A,#N/A,#N/A,#N/A,#N/A
11-024-10-000,11-24-10-000,"Matanao, Davao del Sur",Matanao,Davao del Sur,Region XI (Davao Region),Municipality,2nd,R11,A,P,#REF!,#REF!,https://bpbc.ibpls.com/matanaodavaodelsur,https://prod.ebpls.com/matanaodavaodelsur,2022-12,#N/A,#N/A,#N/A,[1] Operational,[A] Operational,,[1] Operational,[A] Operational,,[1] Operational,[A] Operational,,[1] Operational,[A] Operational,,[1] Operational,[A] Operational,,[1] Operational,[A] Operational,,[1] Operational,[A] Operational,,#N/A,#N/A,#N/A,#N/A,#N/A,#N/A,#N/A,#N/A,#N/A,#N/A,#N/A,#N/A,#N/A,#N/A,#N/A
08-060-11-000,08-60-11-000,"Matuguinao, Samar",Matuguinao,Samar,Region VIII (Eastern Visayas),Municipality,5th,R8,B,K,#REF!,#REF!,https://bpbc.ibpls.com/matuguinaosamar,https://prod.ebpls.com/matuguinaosamar,,#N/A,#N/A,#N/A,[1] Operational,[A] Operational,Normal Operations,[1] Operational,[A] Operational,,[1] Operational,[A] Operational,Normal Operations,[1] Operational,[A] Operational,Normal Operations,[1] Operational,[A] Operational,Normal Operations,[1] Operational,[A] Operational,Normal Operations,[1] Operational,[A] Operational,Normal Operations,#N/A,#N/A,#N/A,#N/A,#N/A,#N/A,#N/A,#N/A,#N/A,#N/A,#N/A,#N/A,#N/A,#N/A,#N/A
04-056-27-000,04-56-27-000,"Mauban, Quezon",Mauban,Quezon,Region IV-A (CALABARZON),Municipality,1st,R4A,A,F,#REF!,#REF!,https://bpbc.ibpls.com/maubanquezon,https://prod.ebpls.com/maubanquezon,2022-12,#N/A,#N/A,#N/A,[1] Operational,[A] Operational,,[1] Operational,[A] Operational,,[1] Operational,[A] Operational,,[1] Operational,[A] Operational,,[1] Operational,[A] Operational,,[1] Operational,[A] Operational,,[1] Operational,[A] Operational,,#N/A,#N/A,#N/A,#N/A,#N/A,#N/A,#N/A,#N/A,#N/A,#N/A,#N/A,#N/A,#N/A,#N/A,#N/A
11-082-06-000,11-82-06-000,"Mawab, Davao de Oro",Mawab,Davao de Oro,Region XI (Davao Region),Municipality,3rd,R11,A,P,#REF!,#REF!,https://bpbc.ibpls.com/mawabdavaodeoro,https://prod.ebpls.com/mawabdavaodeoro,2022-12,#N/A,#N/A,#N/A,[1] Operational,[A] Operational,,[1] Operational,[A] Operational,,[1] Operational,[A] Operational,,[1] Operational,[A] Operational,,[1] Operational,[A] Operational,,[1] Operational,[A] Operational,,[1] Operational,[A] Operational,,#N/A,#N/A,#N/A,#N/A,#N/A,#N/A,#N/A,#N/A,#N/A,#N/A,#N/A,#N/A,#N/A,#N/A,#N/A
03-069-08-000,03-69-08-000,"Mayantoc, Tarlac",Mayantoc,Tarlac,Region III (Central Luzon),Municipality,3rd,R3,A,E,#REF!,#REF!,https://bpbc.ibpls.com/mayantoctarlac,https://prod.ebpls.com/mayantoctarlac/.php/login,2022-12,#N/A,#N/A,#N/A,[1] Operational,[A] Operational,,[1] Operational,[A] Operational,,[1] Operational,[A] Operational,,[1] Operational,[A] Operational,,[1] Operational,[A] Operational,,[1] Operational,[A] Operational,,[1] Operational,[A] Operational,,#N/A,#N/A,#N/A,#N/A,#N/A,#N/A,#N/A,#N/A,#N/A,#N/A,#N/A,#N/A,#N/A,#N/A,#N/A
08-026-15-000,08-26-15-000,"Maydolong, Eastern Samar",Maydolong,Eastern Samar,Region VIII (Eastern Visayas),Municipality,4th*,R8,A,K,#REF!,#REF!,https://bpbc.ibpls.com/maydolongeasternsamar,https://prod.ebpls.com/maydolongeasternsamar,2022-12,#N/A,#N/A,#N/A,[1] Operational,[A] Operational,Normal Operations,[1] Operational,[A] Operational,,[1] Operational,[A] Operational,Normal Operations,[1] Operational,[A] Operational,Normal Operations,[1] Operational,[A] Operational,Normal Operations,[1] Operational,[A] Operational,Normal Operations,[1] Operational,[A] Operational,Normal Operations,#N/A,#N/A,#N/A,#N/A,#N/A,#N/A,#N/A,#N/A,#N/A,#N/A,#N/A,#N/A,#N/A,#N/A,#N/A
08-037-35-000,08-37-35-000,"Mayorga, Leyte",Mayorga,Leyte,Region VIII (Eastern Visayas),Municipality,5th*,R8,A,K,#REF!,#REF!,https://bpbc.ibpls.com/mayorgaleyte,https://prod.ebpls.com/mayorgaleyte,2022-12,#N/A,#N/A,#N/A,[1] Operational,[A] Operational,Normal Operations,[1] Operational,[A] Operational,,[1] Operational,[A] Operational,Normal Operations,[1] Operational,[A] Operational,Normal Operations,[1] Operational,[A] Operational,Normal Operations,[1] Operational,[A] Operational,Normal Operations,[1] Operational,[A] Operational,Normal Operations,#N/A,#N/A,#N/A,#N/A,#N/A,#N/A,#N/A,#N/A,#N/A,#N/A,#N/A,#N/A,#N/A,#N/A,#N/A
14-027-06-000,14-27-06-000,"Mayoyao, Ifugao",Mayoyao,Ifugao,Cordillera Administrative Region (CAR),Municipality,4th,CAR,A,B,#REF!,#REF!,https://bpbc.ibpls.com/mayoyaoifugao,https://prod.ebpls.com/mayoyaoifugao,2022-12,#N/A,#N/A,#N/A,[1] Operational,[A] Operational,,[1] Operational,[A] Operational,,[1] Operational,[A] Operational,,[1] Operational,[A] Operational,,[1] Operational,[A] Operational,,[1] Operational,[A] Operational,,[1] Operational,[A] Operational,,#N/A,#N/A,#N/A,#N/A,#N/A,#N/A,#N/A,#N/A,#N/A,#N/A,#N/A,#N/A,#N/A,#N/A,#N/A
10-043-19-000,10-43-19-000,"Medina, Misamis Oriental",Medina,Misamis Oriental,Region X (Northern Mindanao),Municipality,4th,R10,A,N,#REF!,#REF!,https://bpbc.ibpls.com/medinamisamisoriental,https://prod.ebpls.com/medinamisamisoriental,2022-12,#N/A,#N/A,#N/A,[1] Operational,[A] Operational,,[1] Operational,[A] Operational,,[1] Operational,[A] Operational,,[1] Operational,[A] Operational,,[1] Operational,[A] Operational,,[1] Operational,[A] Operational,,[1] Operational,[A] Operational,,#N/A,#N/A,#N/A,#N/A,#N/A,#N/A,#N/A,#N/A,#N/A,#N/A,#N/A,#N/A,#N/A,#N/A,#N/A
05-016-07-000,05-16-07-000,"Mercedes, Camarines Norte",Mercedes,Camarines Norte,Region V (Bicol Region),Municipality,2nd,R5,A,H,#REF!,#REF!,https://bpbc.ibpls.com/mercedescamarinesnorte,https://prod.ebpls.com/mercedescamarinesnorte,2022-12,#N/A,#N/A,#N/A,[3] Ongoing Data Build-up,[B] Developmental,,[3] Ongoing Data Build-up,[B] Developmental,,[3] Ongoing Data Build-up,[B] Developmental,,[1] Operational,[A] Operational,,[1] Operational,[A] Operational,,[1] Operational,[A] Operational,,[1] Operational,[A] Operational,,#N/A,#N/A,#N/A,#N/A,#N/A,#N/A,#N/A,#N/A,#N/A,#N/A,#N/A,#N/A,#N/A,#N/A,#N/A
08-026-16-000,08-26-16-000,"Mercedes, Eastern Samar",Mercedes,Eastern Samar,Region VIII (Eastern Visayas),Municipality,5th*,R8,B,K,#REF!,#REF!,https://bpbc.ibpls.com/mercedeseasternsamar,https://prod.ebpls.com/mercedeseasternsamar,,#N/A,#N/A,#N/A,[1] Operational,[A] Operational,,[1] Operational,[A] Operational,,[1] Operational,[A] Operational,Normal Operations,[1] Operational,[A] Operational,Normal Operations,[1] Operational,[A] Operational,Normal Operations,[1] Operational,[A] Operational,Normal Operations,[1] Operational,[A] Operational,,#N/A,#N/A,#N/A,#N/A,#N/A,#N/A,#N/A,#N/A,#N/A,#N/A,#N/A,#N/A,#N/A,#N/A,#N/A
08-037-36-000,08-37-36-000,"Merida, Leyte",Merida,Leyte,Region VIII (Eastern Visayas),Municipality,5th,R8,A,K,#REF!,#REF!,https://bpbc.ibpls.com/meridaleyte,https://prod.ebpls.com/meridaleyte,2022-12,#N/A,#N/A,#N/A,[1] Operational,[A] Operational,Normal Operations,[1] Operational,[A] Operational,,[1] Operational,[A] Operational,Normal Operations,[1] Operational,[A] Operational,Normal Operations,[1] Operational,[A] Operational,Normal Operations,[1] Operational,[A] Operational,Normal Operations,[1] Operational,[A] Operational,,#N/A,#N/A,#N/A,#N/A,#N/A,#N/A,#N/A,#N/A,#N/A,#N/A,#N/A,#N/A,#N/A,#N/A,#N/A
03-054-13-000,03-54-13-000,"Mexico, Pampanga",Mexico,Pampanga,Region III (Central Luzon),Municipality,1st,R3,A,E,#REF!,#REF!,https://bpbc.ibpls.com/mexicopampanga,https://prod.ebpls.com/mexicopampanga/.php/login,2022-12,#N/A,#N/A,#N/A,[1] Operational,[A] Operational,,[1] Operational,[A] Operational,,[1] Operational,[A] Operational,,[1] Operational,[A] Operational,,[1] Operational,[A] Operational,,[1] Operational,[A] Operational,,[1] Operational,[A] Operational,,#N/A,#N/A,#N/A,#N/A,#N/A,#N/A,#N/A,#N/A,#N/A,#N/A,#N/A,#N/A,#N/A,#N/A,#N/A
06-030-30-000,06-30-30-000,"Miagao, Iloilo",Miagao,Iloilo,Region VI (Western Visayas),Municipality,1st,R6,A,I,#REF!,#REF!,https://bpbc.ibpls.com/miagaoiloilo,https://prod.ebpls.com/miagaoiloilo,2022-12,#N/A,#N/A,#N/A,[1] Operational,[A] Operational,,[1] Operational,[A] Operational,,[1] Operational,[A] Operational,,[1] Operational,[A] Operational,,[1] Operational,[A] Operational,,[1] Operational,[A] Operational,,[1] Operational,[A] Operational,,#N/A,#N/A,#N/A,#N/A,#N/A,#N/A,#N/A,#N/A,#N/A,#N/A,#N/A,#N/A,#N/A,#N/A,#N/A
09-073-18-000,09-73-18-000,"Midsalip, Zamboanga del Sur",Midsalip,Zamboanga del Sur,Region IX (Zamboanga Peninsula),Municipality,4th*,R9,B,L,#REF!,#REF!,https://bpbc.ibpls.com/midsalipzamboangadelsur,https://prod.ebpls.com/midsalipzamboangadelsur,2023-01,#N/A,#N/A,#N/A,[1] Operational,[A] Operational,,[1] Operational,[A] Operational,,[1] Operational,[A] Operational,,[1] Operational,[A] Operational,,[1] Operational,[A] Operational,,[1] Operational,[A] Operational,,[1] Operational,[A] Operational,,#N/A,#N/A,#N/A,#N/A,#N/A,#N/A,#N/A,#N/A,#N/A,#N/A,#N/A,#N/A,#N/A,#N/A,#N/A
12-047-09-000,12-47-09-000,"Midsayap, Cotabato",Midsayap,Cotabato,Region XII (SOCCSKSARGEN),Municipality,1st,R12,A,Q,#REF!,#REF!,https://bpbc.ibpls.com/midsayapcotabato,https://prod.ebpls.com/midsayapnorthcotabato/.php/login,2022-12,#N/A,#N/A,#N/A,[1] Operational,[A] Operational,,[1] Operational,[A] Operational,,[1] Operational,[A] Operational,,[1] Operational,[A] Operational,,[1] Operational,[A] Operational,,[1] Operational,[A] Operational,,[1] Operational,[A] Operational,,#N/A,#N/A,#N/A,#N/A,#N/A,#N/A,#N/A,#N/A,#N/A,#N/A,#N/A,#N/A,#N/A,#N/A,#N/A
05-041-12-000,05-41-12-000,"Milagros, Masbate",Milagros,Masbate,Region V (Bicol Region),Municipality,1st,R5,B,H,#REF!,#REF!,https://bpbc.ibpls.com/milagrosmasbate,https://prod.ebpls.com/milagrosmasbate,2023-01,#N/A,#N/A,#N/A,[1] Operational,[A] Operational,,[1] Operational,[A] Operational,,[1] Operational,[A] Operational,,[1] Operational,[A] Operational,,[1] Operational,[A] Operational,,[1] Operational,[A] Operational,,[1] Operational,[A] Operational,,#N/A,#N/A,#N/A,#N/A,#N/A,#N/A,#N/A,#N/A,#N/A,#N/A,#N/A,#N/A,#N/A,#N/A,#N/A
06-030-31-000,06-30-31-000,"Mina, Iloilo",Mina,Iloilo,Region VI (Western Visayas),Municipality,5th,R6,A,I,#REF!,#REF!,https://bpbc.ibpls.com/minailoilo,https://prod.ebpls.com/minailoilo,2022-12,#N/A,#N/A,#N/A,[1] Operational,[A] Operational,,[1] Operational,[A] Operational,,[1] Operational,[A] Operational,,[1] Operational,[A] Operational,,[1] Operational,[A] Operational,,[1] Operational,[A] Operational,,[1] Operational,[A] Operational,,#N/A,#N/A,#N/A,#N/A,#N/A,#N/A,#N/A,#N/A,#N/A,#N/A,#N/A,#N/A,#N/A,#N/A,#N/A
05-017-22-000,05-17-22-000,"Minalabac, Camarines Sur",Minalabac,Camarines Sur,Region V (Bicol Region),Municipality,3rd,R5,A,H,#REF!,#REF!,https://bpbc.ibpls.com/minalabaccamarinessur,https://prod.ebpls.com/minalabaccamarinessur,2022-12,#N/A,#N/A,#N/A,[1] Operational,[A] Operational,,[1] Operational,[A] Operational,,[1] Operational,[A] Operational,,[1] Operational,[A] Operational,,[1] Operational,[A] Operational,,[1] Operational,[A] Operational,,[1] Operational,[A] Operational,,#N/A,#N/A,#N/A,#N/A,#N/A,#N/A,#N/A,#N/A,#N/A,#N/A,#N/A,#N/A,#N/A,#N/A,#N/A
03-054-14-000,03-54-14-000,"Minalin, Pampanga",Minalin,Pampanga,Region III (Central Luzon),Municipality,4th,R3,A,E,#REF!,#REF!,https://bpbc.ibpls.com/minalinpampanga,https://prod.ebpls.com/minalinpampanga,2022-12,#N/A,#N/A,#N/A,[1] Operational,[A] Operational,,[1] Operational,[A] Operational,,[1] Operational,[A] Operational,,[1] Operational,[A] Operational,,[1] Operational,[A] Operational,,[1] Operational,[A] Operational,,[1] Operational,[A] Operational,,#N/A,#N/A,#N/A,#N/A,#N/A,#N/A,#N/A,#N/A,#N/A,#N/A,#N/A,#N/A,#N/A,#N/A,#N/A
07-022-32-000,07-22-32-000,"Minglanilla, Cebu",Minglanilla,Cebu,Region VII (Central Visayas),Municipality,1st,R7,A,J,#REF!,#REF!,https://bpbc.ibpls.com/minglanillacebu,https://prod.ebpls.com/minglanillacebu,2022-12,#N/A,#N/A,#N/A,[1] Operational,[A] Operational,,[1] Operational,[A] Operational,,[1] Operational,[A] Operational,,[1] Operational,[A] Operational,,[1] Operational,[A] Operational,,[1] Operational,[A] Operational,,[1] Operational,[A] Operational,,#N/A,#N/A,#N/A,#N/A,#N/A,#N/A,#N/A,#N/A,#N/A,#N/A,#N/A,#N/A,#N/A,#N/A,#N/A
07-022-33-000,07-22-33-000,"Moalboal, Cebu",Moalboal,Cebu,Region VII (Central Visayas),Municipality,4th,R7,A,J,#REF!,#REF!,https://bpbc.ibpls.com/moalboalcebu,https://prod.ebpls.com/moalboalcebu,2022-12,#N/A,#N/A,#N/A,[1] Operational,[A] Operational,,[1] Operational,[A] Operational,,[1] Operational,[A] Operational,,[1] Operational,[A] Operational,,[1] Operational,[A] Operational,,[1] Operational,[A] Operational,,[1] Operational,[A] Operational,,#N/A,#N/A,#N/A,#N/A,#N/A,#N/A,#N/A,#N/A,#N/A,#N/A,#N/A,#N/A,#N/A,#N/A,#N/A
05-041-13-000,05-41-13-000,"Mobo, Masbate",Mobo,Masbate,Region V (Bicol Region),Municipality,4th,R5,B,H,#REF!,#REF!,https://bpbc.ibpls.com/mobomasbate,https://prod.ebpls.com/mobomasbate,2023-01,#N/A,#N/A,#N/A,[1] Operational,[A] Operational,,[1] Operational,[A] Operational,,[1] Operational,[A] Operational,,[1] Operational,[A] Operational,,[1] Operational,[A] Operational,,[1] Operational,[A] Operational,,[1] Operational,[A] Operational,,#N/A,#N/A,#N/A,#N/A,#N/A,#N/A,#N/A,#N/A,#N/A,#N/A,#N/A,#N/A,#N/A,#N/A,#N/A
17-040-04-000,17-40-04-000,"Mogpog, Marinduque",Mogpog,Marinduque,MIMAROPA Region,Municipality,3rd,R4B,B,G,#REF!,#REF!,https://bpbc.ibpls.com/mogpogmarinduque,https://prod.ebpls.com/mogpogmarinduque/.php/login,,#N/A,#N/A,#N/A,[1] Operational,[A] Operational,,[1] Operational,[A] Operational,,[1] Operational,[A] Operational,,[1] Operational,[A] Operational,,[1] Operational,[A] Operational,,[1] Operational,[A] Operational,,[1] Operational,[A] Operational,,#N/A,#N/A,#N/A,#N/A,#N/A,#N/A,#N/A,#N/A,#N/A,#N/A,#N/A,#N/A,#N/A,#N/A,#N/A
06-045-19-000,06-45-19-000,"Moises Padilla, Negros Occidental",Moises Padilla,Negros Occidental,Region VI (Western Visayas),Municipality,3rd,R6,A,I,#REF!,#REF!,https://bpbc.ibpls.com/moisespadillanegrosoccidental,https://prod.ebpls.com/moisespadillanegrosoccidental,2022-12,#N/A,#N/A,#N/A,[1] Operational,[A] Operational,,[1] Operational,[A] Operational,,[1] Operational,[A] Operational,,[1] Operational,[A] Operational,,[1] Operational,[A] Operational,,[1] Operational,[A] Operational,,[1] Operational,[A] Operational,,#N/A,#N/A,#N/A,#N/A,#N/A,#N/A,#N/A,#N/A,#N/A,#N/A,#N/A,#N/A,#N/A,#N/A,#N/A
09-073-19-000,09-73-19-000,"Molave, Zamboanga del Sur",Molave,Zamboanga del Sur,Region IX (Zamboanga Peninsula),Municipality,1st,R9,A,L,#REF!,#REF!,https://bpbc.ibpls.com/molavezamboangadelsur,https://prod.ebpls.com/molavezamboangadelsur/,2022-12,#N/A,#N/A,#N/A,[1] Operational,[A] Operational,,[1] Operational,[A] Operational,,[1] Operational,[A] Operational,,[1] Operational,[A] Operational,,[1] Operational,[A] Operational,,[1] Operational,[A] Operational,,[1] Operational,[A] Operational,,#N/A,#N/A,#N/A,#N/A,#N/A,#N/A,#N/A,#N/A,#N/A,#N/A,#N/A,#N/A,#N/A,#N/A,#N/A
08-048-13-000,08-48-13-000,"Mondragon, Northern Samar",Mondragon,Northern Samar,Region VIII (Eastern Visayas),Municipality,3rd,R8,B,K,#REF!,#REF!,https://bpbc.ibpls.com/mondragonnorthernsamar,https://prod.ebpls.com/mondragonnorthernsamar,,#N/A,#N/A,#N/A,[1] Operational,[A] Operational,,[1] Operational,[A] Operational,,[1] Operational,[A] Operational,Normal Operations,[1] Operational,[A] Operational,Normal Operations,[1] Operational,[A] Operational,Normal Operations,[1] Operational,[A] Operational,Normal Operations,[1] Operational,[A] Operational,,#N/A,#N/A,#N/A,#N/A,#N/A,#N/A,#N/A,#N/A,#N/A,#N/A,#N/A,#N/A,#N/A,#N/A,#N/A
11-082-07-000,11-82-07-000,"Monkayo, Davao de Oro",Monkayo,Davao de Oro,Region XI (Davao Region),Municipality,1st,R11,B,P,#REF!,#REF!,https://bpbc.ibpls.com/monkayodavaodeoro,https://prod.ebpls.com/monkayodavaodeoro,,#N/A,#N/A,#N/A,[1] Operational,[A] Operational,,[1] Operational,[A] Operational,,[1] Operational,[A] Operational,,[1] Operational,[A] Operational,,[1] Operational,[A] Operational,,[1] Operational,[A] Operational,,[1] Operational,[A] Operational,,#N/A,#N/A,#N/A,#N/A,#N/A,#N/A,#N/A,#N/A,#N/A,#N/A,#N/A,#N/A,#N/A,#N/A,#N/A
05-041-14-000,05-41-14-000,"Monreal, Masbate",Monreal,Masbate,Region V (Bicol Region),Municipality,4th,R5,A,H,#REF!,#REF!,https://bpbc.ibpls.com/monrealmasbate,https://prod.ebpls.com/monrealmasbate,2022-12,#N/A,#N/A,#N/A,[1] Operational,[A] Operational,,[1] Operational,[A] Operational,,[1] Operational,[A] Operational,,[1] Operational,[A] Operational,,[1] Operational,[A] Operational,,[1] Operational,[A] Operational,,[1] Operational,[A] Operational,,#N/A,#N/A,#N/A,#N/A,#N/A,#N/A,#N/A,#N/A,#N/A,#N/A,#N/A,#N/A,#N/A,#N/A,#N/A
03-008-08-000,03-08-08-000,"Morong, Bataan",Morong,Bataan,Region III (Central Luzon),Municipality,3rd,R3,B,E,#REF!,#REF!,https://bpbc.ibpls.com/morongbataan,https://prod.ebpls.com/morongbataan/.php/login,,#N/A,#N/A,#N/A,[2] Pilot Testing,[B] Developmental,,[2] Pilot Testing,[B] Developmental,,[2] Pilot Testing,[B] Developmental,Live v2,[2] Pilot Testing,[B] Developmental,Live v2,[2] Pilot Testing,[B] Developmental,Live v2,[2] Pilot Testing,[B] Developmental,Live v2,[2] Pilot Testing,[B] Developmental,Live v2,#N/A,#N/A,#N/A,#N/A,#N/A,#N/A,#N/A,#N/A,#N/A,#N/A,#N/A,#N/A,#N/A,#N/A,#N/A
08-060-12-000,08-60-12-000,"Motiong, Samar",Motiong,Samar,Region VIII (Eastern Visayas),Municipality,4th,R8,A,K,#REF!,#REF!,https://bpbc.ibpls.com/motiongsamar,https://prod.ebpls.com/motiongsamar,2022-12,#N/A,#N/A,#N/A,[1] Operational,[A] Operational,Normal Operations,[1] Operational,[A] Operational,,[1] Operational,[A] Operational,Normal Operations,[1] Operational,[A] Operational,Normal Operations,[1] Operational,[A] Operational,Normal Operations,[1] Operational,[A] Operational,Normal Operations,[1] Operational,[A] Operational,Normal Operations,#N/A,#N/A,#N/A,#N/A,#N/A,#N/A,#N/A,#N/A,#N/A,#N/A,#N/A,#N/A,#N/A,#N/A,#N/A
04-056-28-000,04-56-28-000,"Mulanay, Quezon",Mulanay,Quezon,Region IV-A (CALABARZON),Municipality,1st,R4A,B,F,#REF!,#REF!,https://bpbc.ibpls.com/mulanayquezon,https://prod.ebpls.com/mulanayquezon,,#N/A,#N/A,#N/A,[2] Pilot Testing,[B] Developmental,,[2] Pilot Testing,[B] Developmental,,[2] Pilot Testing,[B] Developmental,,[2] Pilot Testing,[B] Developmental,,[2] Pilot Testing,[B] Developmental,,[2] Pilot Testing,[B] Developmental,,[2] Pilot Testing,[B] Developmental,,#N/A,#N/A,#N/A,#N/A,#N/A,#N/A,#N/A,#N/A,#N/A,#N/A,#N/A,#N/A,#N/A,#N/A,#N/A
09-072-08-000,09-72-08-000,"Mutia, Zamboanga del Norte",Mutia,Zamboanga del Norte,Region IX (Zamboanga Peninsula),Municipality,5th,R9,A,L,#REF!,#REF!,https://bpbc.ibpls.com/mutiazamboangadelnorte,https://prod.ebpls.com/mutiazamboangadelnorte,2022-12,#N/A,#N/A,#N/A,[1] Operational,[A] Operational,,[1] Operational,[A] Operational,,[1] Operational,[A] Operational,,[1] Operational,[A] Operational,,[1] Operational,[A] Operational,,[1] Operational,[A] Operational,,[1] Operational,[A] Operational,,#N/A,#N/A,#N/A,#N/A,#N/A,#N/A,#N/A,#N/A,#N/A,#N/A,#N/A,#N/A,#N/A,#N/A,#N/A
10-043-20-000,10-43-20-000,"Naawan, Misamis Oriental",Naawan,Misamis Oriental,Region X (Northern Mindanao),Municipality,4th,R10,A,N,#REF!,#REF!,https://bpbc.ibpls.com/naawanmisamisoriental,https://prod.ebpls.com/naawanmisamisoriental,2022-12,#N/A,#N/A,#N/A,[1] Operational,[A] Operational,,[1] Operational,[A] Operational,,[1] Operational,[A] Operational,,[1] Operational,[A] Operational,,[1] Operational,[A] Operational,,[1] Operational,[A] Operational,,[1] Operational,[A] Operational,,#N/A,#N/A,#N/A,#N/A,#N/A,#N/A,#N/A,#N/A,#N/A,#N/A,#N/A,#N/A,#N/A,#N/A,#N/A
09-083-09-000,09-83-09-000,"Naga, Zamboanga Sibugay",Naga,Zamboanga Sibugay,Region IX (Zamboanga Peninsula),Municipality,3rd*,R9,B,L,#REF!,#REF!,https://bpbc.ibpls.com/nagazamboangasibugay,https://prod.ebpls.com/nagazamboangasibugay,,#N/A,#N/A,#N/A,[6] With Concerns,[C] For Training/Others,,[6] With Concerns,[C] For Training/Others,,[6] With Concerns,[C] For Training/Others,,[7] To Follow-up,[C] For Training/Others,,[7] To Follow-up,[C] For Training/Others,,[7] To Follow-up,[C] For Training/Others,,[7] To Follow-up,[C] For Training/Others,,#N/A,#N/A,#N/A,#N/A,#N/A,#N/A,#N/A,#N/A,#N/A,#N/A,#N/A,#N/A,#N/A,#N/A,#N/A
02-057-06-000,02-57-06-000,"Nagtipunan, Quirino",Nagtipunan,Quirino,Region II (Cagayan Valley),Municipality,1st,R2,A,D,#REF!,#REF!,https://bpbc.ibpls.com/nagtipunanquirino,https://prod.ebpls.com/nagtipunanquirino,2022-12,#N/A,#N/A,#N/A,[1] Operational,[A] Operational,,[1] Operational,[A] Operational,,[1] Operational,[A] Operational,,[1] Operational,[A] Operational,,[1] Operational,[A] Operational,,[1] Operational,[A] Operational,,[1] Operational,[A] Operational,,#N/A,#N/A,#N/A,#N/A,#N/A,#N/A,#N/A,#N/A,#N/A,#N/A,#N/A,#N/A,#N/A,#N/A,#N/A
02-031-20-000,02-31-20-000,"Naguilian, Isabela",Naguilian,Isabela,Region II (Cagayan Valley),Municipality,4th,R2,B,D,#REF!,#REF!,https://bpbc.ibpls.com/naguilianisabela,https://prod.ebpls.com/naguilianisabela,2023-01,#N/A,#N/A,#N/A,[1] Operational,[A] Operational,,[1] Operational,[A] Operational,,[1] Operational,[A] Operational,,[1] Operational,[A] Operational,,[1] Operational,[A] Operational,,[1] Operational,[A] Operational,,[1] Operational,[A] Operational,,#N/A,#N/A,#N/A,#N/A,#N/A,#N/A,#N/A,#N/A,#N/A,#N/A,#N/A,#N/A,#N/A,#N/A,#N/A
01-033-11-000,01-33-11-000,"Naguilian, La Union",Naguilian,La Union,Region I (Ilocos Region),Municipality,1st,R1,A,C,#REF!,#REF!,https://bpbc.ibpls.com/naguilianlaunion,https://prod.ebpls.com/naguilianlaunion,2022-12,#N/A,#N/A,#N/A,[1] Operational,[A] Operational,,[1] Operational,[A] Operational,,[1] Operational,[A] Operational,,[1] Operational,[A] Operational,,[1] Operational,[A] Operational,,[1] Operational,[A] Operational,,[1] Operational,[A] Operational,,#N/A,#N/A,#N/A,#N/A,#N/A,#N/A,#N/A,#N/A,#N/A,#N/A,#N/A,#N/A,#N/A,#N/A,#N/A
04-021-15-000,04-21-15-000,"Naic, Cavite",Naic,Cavite,Region IV-A (CALABARZON),Municipality,1st,R4A,A,F,#REF!,#REF!,https://bpbc.ibpls.com/naiccavite,https://prod.ebpls.com/naiccavite,2022-12,#N/A,#N/A,#N/A,[1] Operational,[A] Operational,,[1] Operational,[A] Operational,,[1] Operational,[A] Operational,,[1] Operational,[A] Operational,,[1] Operational,[A] Operational,,[1] Operational,[A] Operational,,[1] Operational,[A] Operational,,#N/A,#N/A,#N/A,#N/A,#N/A,#N/A,#N/A,#N/A,#N/A,#N/A,#N/A,#N/A,#N/A,#N/A,#N/A
17-053-15-000,17-53-15-000,"Narra, Palawan",Narra,Palawan,MIMAROPA Region,Municipality,1st,R4B,A,G,#REF!,#REF!,https://bpbc.ibpls.com/narrapalawan,https://prod.ebpls.com/narrapalawan/.php/login,2022-12,#N/A,#N/A,#N/A,[1] Operational,[A] Operational,,[1] Operational,[A] Operational,,[1] Operational,[A] Operational,,[1] Operational,[A] Operational,,[1] Operational,[A] Operational,,[1] Operational,[A] Operational,,[1] Operational,[A] Operational,,#N/A,#N/A,#N/A,#N/A,#N/A,#N/A,#N/A,#N/A,#N/A,#N/A,#N/A,#N/A,#N/A,#N/A,#N/A
17-052-08-000,17-52-08-000,"Naujan, Oriental Mindoro",Naujan,Oriental Mindoro,MIMAROPA Region,Municipality,1st,R4B,B,G,#REF!,#REF!,https://bpbc.ibpls.com/naujanorientalmindoro,https://prod.ebpls.com/naujanorientalmindoro/.php/login,2023-01,#N/A,#N/A,#N/A,[1] Operational,[A] Operational,,[1] Operational,[A] Operational,,[1] Operational,[A] Operational,,[1] Operational,[A] Operational,,[1] Operational,[A] Operational,,[1] Operational,[A] Operational,,[1] Operational,[A] Operational,,#N/A,#N/A,#N/A,#N/A,#N/A,#N/A,#N/A,#N/A,#N/A,#N/A,#N/A,#N/A,#N/A,#N/A,#N/A
08-078-08-000,08-78-08-000,"Naval, Biliran",Naval,Biliran,Region VIII (Eastern Visayas),Municipality,2nd,R8,A,K,#REF!,#REF!,https://bpbc.ibpls.com/navalbiliran,https://prod.ebpls.com/navalbiliran,2022-12,#N/A,#N/A,#N/A,[1] Operational,[A] Operational,Normal Operations,[1] Operational,[A] Operational,,[1] Operational,[A] Operational,Normal Operations,[1] Operational,[A] Operational,Normal Operations,[1] Operational,[A] Operational,Normal Operations,[1] Operational,[A] Operational,Normal Operations,[1] Operational,[A] Operational,Normal Operations,#N/A,#N/A,#N/A,#N/A,#N/A,#N/A,#N/A,#N/A,#N/A,#N/A,#N/A,#N/A,#N/A,#N/A,#N/A
11-082-10-000,11-82-10-000,"New Bataan, Davao de Oro",New Bataan,Davao de Oro,Region XI (Davao Region),Municipality,1st,R11,A,P,#REF!,#REF!,https://bpbc.ibpls.com/newbataandavaodeoro,https://prod.ebpls.com/newbataandavaodeoro,2022-12,#N/A,#N/A,#N/A,[1] Operational,[A] Operational,,[1] Operational,[A] Operational,,[1] Operational,[A] Operational,,[1] Operational,[A] Operational,,[1] Operational,[A] Operational,,[1] Operational,[A] Operational,,[1] Operational,[A] Operational,,#N/A,#N/A,#N/A,#N/A,#N/A,#N/A,#N/A,#N/A,#N/A,#N/A,#N/A,#N/A,#N/A,#N/A,#N/A
06-030-32-000,06-30-32-000,"New Lucena, Iloilo",New Lucena,Iloilo,Region VI (Western Visayas),Municipality,4th,R6,A,I,#REF!,#REF!,https://bpbc.ibpls.com/newlucenailoilo,https://prod.ebpls.com/newlucenailoilo,2022-12,#N/A,#N/A,#N/A,[1] Operational,[A] Operational,,[1] Operational,[A] Operational,,[1] Operational,[A] Operational,,[1] Operational,[A] Operational,,[1] Operational,[A] Operational,,[1] Operational,[A] Operational,,[1] Operational,[A] Operational,,#N/A,#N/A,#N/A,#N/A,#N/A,#N/A,#N/A,#N/A,#N/A,#N/A,#N/A,#N/A,#N/A,#N/A,#N/A
06-004-15-000,06-04-15-000,"New Washington, Aklan",New Washington,Aklan,Region VI (Western Visayas),Municipality,3rd,R6,A,I,#REF!,#REF!,https://bpbc.ibpls.com/newwashingtonaklan,https://prod.ebpls.com/newwashingtonaklan,2022-12,#N/A,#N/A,#N/A,[1] Operational,[A] Operational,,[1] Operational,[A] Operational,,[1] Operational,[A] Operational,,[1] Operational,[A] Operational,,[1] Operational,[A] Operational,,[1] Operational,[A] Operational,,[1] Operational,[A] Operational,,#N/A,#N/A,#N/A,#N/A,#N/A,#N/A,#N/A,#N/A,#N/A,#N/A,#N/A,#N/A,#N/A,#N/A,#N/A
03-014-13-000,03-14-13-000,"Norzagaray, Bulacan",Norzagaray,Bulacan,Region III (Central Luzon),Municipality,1st,R3,A,E,#REF!,#REF!,https://bpbc.ibpls.com/norzagaraybulacan,https://prod.ebpls.com/norzagaraybulacan/.php/login,2022-12,#N/A,#N/A,#N/A,[1] Operational,[A] Operational,,[1] Operational,[A] Operational,,[1] Operational,[A] Operational,,[1] Operational,[A] Operational,,[1] Operational,[A] Operational,,[1] Operational,[A] Operational,,[1] Operational,[A] Operational,,#N/A,#N/A,#N/A,#N/A,#N/A,#N/A,#N/A,#N/A,#N/A,#N/A,#N/A,#N/A,#N/A,#N/A,#N/A
04-021-16-000,04-21-16-000,"Noveleta, Cavite",Noveleta,Cavite,Region IV-A (CALABARZON),Municipality,3rd,R4A,A,F,#REF!,#REF!,https://bpbc.ibpls.com/noveletacavite,https://prod.ebpls.com/noveletacavite,2022-12,#N/A,#N/A,#N/A,[1] Operational,[A] Operational,,[1] Operational,[A] Operational,,[1] Operational,[A] Operational,,[1] Operational,[A] Operational,,[1] Operational,[A] Operational,,[1] Operational,[A] Operational,,[1] Operational,[A] Operational,,#N/A,#N/A,#N/A,#N/A,#N/A,#N/A,#N/A,#N/A,#N/A,#N/A,#N/A,#N/A,#N/A,#N/A,#N/A
01-028-14-000,01-28-14-000,"Nueva Era, Ilocos Norte",Nueva Era,Ilocos Norte,Region I (Ilocos Region),Municipality,3rd,R1,B,C,#REF!,#REF!,https://bpbc.ibpls.com/nuevaerailocosnorte,https://prod.ebpls.com/nuevaerailocosnorte,,#N/A,#N/A,#N/A,[1] Operational,[A] Operational,,[1] Operational,[A] Operational,,[1] Operational,[A] Operational,,[1] Operational,[A] Operational,,[1] Operational,[A] Operational,,[1] Operational,[A] Operational,,[1] Operational,[A] Operational,,#N/A,#N/A,#N/A,#N/A,#N/A,#N/A,#N/A,#N/A,#N/A,#N/A,#N/A,#N/A,#N/A,#N/A,#N/A
06-004-16-000,06-04-16-000,"Numancia, Aklan",Numancia,Aklan,Region VI (Western Visayas),Municipality,4th,R6,A,I,#REF!,#REF!,https://bpbc.ibpls.com/numanciaaklan,https://prod.ebpls.com/numanciaaklan,2022-12,#N/A,#N/A,#N/A,[1] Operational,[A] Operational,,[1] Operational,[A] Operational,,[1] Operational,[A] Operational,,[1] Operational,[A] Operational,,[1] Operational,[A] Operational,,[1] Operational,[A] Operational,,[1] Operational,[A] Operational,,#N/A,#N/A,#N/A,#N/A,#N/A,#N/A,#N/A,#N/A,#N/A,#N/A,#N/A,#N/A,#N/A,#N/A,#N/A
10-035-15-000,10-35-15-000,"Nunungan, Lanao del Norte",Nunungan,Lanao del Norte,Region X (Northern Mindanao),Municipality,3rd,R10,A,N,#REF!,#REF!,https://bpbc.ibpls.com/nununganlanaodelnorte,https://prod.ebpls.com/nununganlanaodelnorte,2022-12,#N/A,#N/A,#N/A,[1] Operational,[A] Operational,,[1] Operational,[A] Operational,,[1] Operational,[A] Operational,,[1] Operational,[A] Operational,,[1] Operational,[A] Operational,,[1] Operational,[A] Operational,,[1] Operational,[A] Operational,,#N/A,#N/A,#N/A,#N/A,#N/A,#N/A,#N/A,#N/A,#N/A,#N/A,#N/A,#N/A,#N/A,#N/A,#N/A
05-005-12-000,05-05-12-000,"Oas, Albay",Oas,Albay,Region V (Bicol Region),Municipality,1st,R5,B,H,#REF!,#REF!,https://bpbc.ibpls.com/oasalbay,https://prod.ebpls.com/oasalbay,,#N/A,#N/A,#N/A,[3] Ongoing Data Build-up,[B] Developmental,,[3] Ongoing Data Build-up,[B] Developmental,,[3] Ongoing Data Build-up,[B] Developmental,,[1] Operational,[A] Operational,,[1] Operational,[A] Operational,,[1] Operational,[A] Operational,,[1] Operational,[A] Operational,,#N/A,#N/A,#N/A,#N/A,#N/A,#N/A,#N/A,#N/A,#N/A,#N/A,#N/A,#N/A,#N/A,#N/A,#N/A
03-014-14-000,03-14-14-000,"Obando, Bulacan",Obando,Bulacan,Region III (Central Luzon),Municipality,2nd,R3,A,E,#REF!,#REF!,https://bpbc.ibpls.com/obandobulacan,https://prod.ebpls.com/obandobulacan/.php/login,2022-12,#N/A,#N/A,#N/A,[1] Operational,[A] Operational,,[1] Operational,[A] Operational,,[1] Operational,[A] Operational,,[1] Operational,[A] Operational,,[1] Operational,[A] Operational,,[1] Operational,[A] Operational,,[1] Operational,[A] Operational,,#N/A,#N/A,#N/A,#N/A,#N/A,#N/A,#N/A,#N/A,#N/A,#N/A,#N/A,#N/A,#N/A,#N/A,#N/A
10-043-21-000,10-43-21-000,"Opol, Misamis Oriental",Opol,Misamis Oriental,Region X (Northern Mindanao),Municipality,2nd,R10,B,N,#REF!,#REF!,https://bpbc.ibpls.com/opolmisamisoriental,https://prod.ebpls.com/opolmisamisoriental,,#N/A,#N/A,#N/A,[1] Operational,[A] Operational,,[1] Operational,[A] Operational,,[1] Operational,[A] Operational,,[1] Operational,[A] Operational,,[1] Operational,[A] Operational,,[1] Operational,[A] Operational,,[1] Operational,[A] Operational,,#N/A,#N/A,#N/A,#N/A,#N/A,#N/A,#N/A,#N/A,#N/A,#N/A,#N/A,#N/A,#N/A,#N/A,#N/A
03-008-09-000,03-08-09-000,"Orani, Bataan",Orani,Bataan,Region III (Central Luzon),Municipality,3rd,R3,A,E,#REF!,#REF!,https://bpbc.ibpls.com/oranibataan,https://prod.ebpls.com/oranibataan/.php/login,2022-12,#N/A,#N/A,#N/A,[1] Operational,[A] Operational,,[1] Operational,[A] Operational,,[1] Operational,[A] Operational,,[1] Operational,[A] Operational,,[1] Operational,[A] Operational,,[1] Operational,[A] Operational,,[1] Operational,[A] Operational,,#N/A,#N/A,#N/A,#N/A,#N/A,#N/A,#N/A,#N/A,#N/A,#N/A,#N/A,#N/A,#N/A,#N/A,#N/A
08-026-17-000,08-26-17-000,"Oras, Eastern Samar",Oras,Eastern Samar,Region VIII (Eastern Visayas),Municipality,3rd,R8,A,K,#REF!,#REF!,https://bpbc.ibpls.com/oraseasternsamar,https://prod.ebpls.com/oraseasternsamar,2022-12,#N/A,#N/A,#N/A,[1] Operational,[A] Operational,,[1] Operational,[A] Operational,,[1] Operational,[A] Operational,Normal Operations,[1] Operational,[A] Operational,Normal Operations,[1] Operational,[A] Operational,Normal Operations,[1] Operational,[A] Operational,Normal Operations,[1] Operational,[A] Operational,Normal Operations,#N/A,#N/A,#N/A,#N/A,#N/A,#N/A,#N/A,#N/A,#N/A,#N/A,#N/A,#N/A,#N/A,#N/A,#N/A
06-030-34-000,06-30-34-000,"Oton, Iloilo",Oton,Iloilo,Region VI (Western Visayas),Municipality,1st,R6,A,I,#REF!,#REF!,https://bpbc.ibpls.com/otoniloilo,https://prod.ebpls.com/otoniloilo,2022-12,#N/A,#N/A,#N/A,[1] Operational,[A] Operational,,[1] Operational,[A] Operational,,[1] Operational,[A] Operational,,[1] Operational,[A] Operational,,[1] Operational,[A] Operational,,[1] Operational,[A] Operational,,[1] Operational,[A] Operational,,#N/A,#N/A,#N/A,#N/A,#N/A,#N/A,#N/A,#N/A,#N/A,#N/A,#N/A,#N/A,#N/A,#N/A,#N/A
11-024-11-000,11-24-11-000,"Padada, Davao del Sur",Padada,Davao del Sur,Region XI (Davao Region),Municipality,3rd,R11,B,P,#REF!,#REF!,https://bpbc.ibpls.com/padadadavaodelsur,https://prod.ebpls.com/padadadavaodelsur,,#N/A,#N/A,#N/A,[1] Operational,[A] Operational,,[1] Operational,[A] Operational,,[1] Operational,[A] Operational,,[1] Operational,[A] Operational,,[1] Operational,[A] Operational,,[1] Operational,[A] Operational,,[1] Operational,[A] Operational,,#N/A,#N/A,#N/A,#N/A,#N/A,#N/A,#N/A,#N/A,#N/A,#N/A,#N/A,#N/A,#N/A,#N/A,#N/A
04-056-29-000,04-56-29-000,"Padre Burgos, Quezon",Padre Burgos,Quezon,Region IV-A (CALABARZON),Municipality,4th,R4A,A,F,#REF!,#REF!,https://bpbc.ibpls.com/padreburgosquezon,https://prod.ebpls.com/padreburgosquezon,2022-12,#N/A,#N/A,#N/A,[1] Operational,[A] Operational,,[1] Operational,[A] Operational,,[1] Operational,[A] Operational,,[1] Operational,[A] Operational,,[1] Operational,[A] Operational,,[1] Operational,[A] Operational,,[1] Operational,[A] Operational,,#N/A,#N/A,#N/A,#N/A,#N/A,#N/A,#N/A,#N/A,#N/A,#N/A,#N/A,#N/A,#N/A,#N/A,#N/A
08-064-10-000,08-64-10-000,"Padre Burgos, Southern Leyte",Padre Burgos,Southern Leyte,Region VIII (Eastern Visayas),Municipality,5th*,R8,A,K,#REF!,#REF!,https://bpbc.ibpls.com/padreburgossouthernleyte,https://prod.ebpls.com/padreburgossouthernleyte,2022-12,#N/A,#N/A,#N/A,[1] Operational,[A] Operational,Normal Operations,[1] Operational,[A] Operational,,[1] Operational,[A] Operational,Normal Operations,[1] Operational,[A] Operational,Normal Operations,[1] Operational,[A] Operational,Normal Operations,[1] Operational,[A] Operational,Normal Operations,[1] Operational,[A] Operational,Normal Operations,#N/A,#N/A,#N/A,#N/A,#N/A,#N/A,#N/A,#N/A,#N/A,#N/A,#N/A,#N/A,#N/A,#N/A,#N/A
19-087-08-000,15-38-34-000,"Northern Kabuntalan, Maguindanao del Norte",Northern Kabuntalan,Maguindanao del Norte,Bangsamoro Autonomous Region In Muslim Mindanao (BARMM),Municipality,5th*,BARMM II,B,R,#REF!,#REF!,,NO INSTANCE,,#N/A,#N/A,#N/A,[5] For Training,[C] For Training/Others,No instatnce issued,[5] For Training,[C] For Training/Others,No instatnce issued,[5] For Training,[C] For Training/Others,,[5] For Training,[C] For Training/Others,,[5] For Training,[C] For Training/Others,,[5] For Training,[C] For Training/Others,,[5] For Training,[C] For Training/Others,,#N/A,#N/A,#N/A,#N/A,#N/A,#N/A,#N/A,#N/A,#N/A,#N/A,#N/A,#N/A,#N/A,#N/A,#N/A
04-034-18-000,04-34-18-000,"Paete, Laguna",Paete,Laguna,Region IV-A (CALABARZON),Municipality,4th,R4A,A,F,#REF!,#REF!,https://bpbc.ibpls.com/paetelaguna,https://prod.ebpls.com/paetelaguna,2022-12,#N/A,#N/A,#N/A,[1] Operational,[A] Operational,,[1] Operational,[A] Operational,,[1] Operational,[A] Operational,,[1] Operational,[A] Operational,,[1] Operational,[A] Operational,,[1] Operational,[A] Operational,,[1] Operational,[A] Operational,,#N/A,#N/A,#N/A,#N/A,#N/A,#N/A,#N/A,#N/A,#N/A,#N/A,#N/A,#N/A,#N/A,#N/A,#N/A
19-088-16-000,15-38-10-000,"Pagalungan, Maguindanao del Sur",Pagalungan,Maguindanao del Sur,Bangsamoro Autonomous Region In Muslim Mindanao (BARMM),Municipality,1st,BARMM II,A,R,#REF!,#REF!,https://bpbc.ibpls.com/pagalunganmaguindanaodelsur,https://prod.ebpls.com/pagalunganmaguindanao,2022-12,#N/A,#N/A,#N/A,[1] Operational,[A] Operational,,[1] Operational,[A] Operational,,[1] Operational,[A] Operational,,[1] Operational,[A] Operational,,[1] Operational,[A] Operational,,[1] Operational,[A] Operational,,[1] Operational,[A] Operational,,#N/A,#N/A,#N/A,#N/A,#N/A,#N/A,#N/A,#N/A,#N/A,#N/A,#N/A,#N/A,#N/A,#N/A,#N/A
01-028-15-000,01-28-15-000,"Pagudpud, Ilocos Norte",Pagudpud,Ilocos Norte,Region I (Ilocos Region),Municipality,4th,R1,A,C,#REF!,#REF!,https://bpbc.ibpls.com/pagudpudilocosnorte,https://prod.ebpls.com/pagudpudilocosnorte,2022-12,#N/A,#N/A,#N/A,[1] Operational,[A] Operational,,[1] Operational,[A] Operational,,[1] Operational,[A] Operational,,[1] Operational,[A] Operational,,[1] Operational,[A] Operational,,[1] Operational,[A] Operational,,[1] Operational,[A] Operational,,#N/A,#N/A,#N/A,#N/A,#N/A,#N/A,#N/A,#N/A,#N/A,#N/A,#N/A,#N/A,#N/A,#N/A,#N/A
02-031-21-000,02-31-21-000,"Palanan, Isabela",Palanan,Isabela,Region II (Cagayan Valley),Municipality,1st,R2,A,D,#REF!,#REF!,https://bpbc.ibpls.com/palananisabela,https://prod.ebpls.com/palananisabela,2022-12,#N/A,#N/A,#N/A,[1] Operational,[A] Operational,,[1] Operational,[A] Operational,,[1] Operational,[A] Operational,,[1] Operational,[A] Operational,,[1] Operational,[A] Operational,,[1] Operational,[A] Operational,,[1] Operational,[A] Operational,,#N/A,#N/A,#N/A,#N/A,#N/A,#N/A,#N/A,#N/A,#N/A,#N/A,#N/A,#N/A,#N/A,#N/A,#N/A
05-041-15-000,05-41-15-000,"Palanas, Masbate",Palanas,Masbate,Region V (Bicol Region),Municipality,4th,R5,B,H,#REF!,#REF!,https://bpbc.ibpls.com/palanasmasbate,https://prod.ebpls.com/palanasmasbate,,#N/A,#N/A,#N/A,[6] With Concerns,[C] For Training/Others,,[6] With Concerns,[C] For Training/Others,,[6] With Concerns,[C] For Training/Others,,[3] Ongoing Data Build-up,[B] Developmental,,[3] Ongoing Data Build-up,[B] Developmental,,[3] Ongoing Data Build-up,[B] Developmental,,[3] Ongoing Data Build-up,[B] Developmental,,#N/A,#N/A,#N/A,#N/A,#N/A,#N/A,#N/A,#N/A,#N/A,#N/A,#N/A,#N/A,#N/A,#N/A,#N/A
03-071-08-000,03-71-08-000,"Palauig, Zambales",Palauig,Zambales,Region III (Central Luzon),Municipality,3rd,R3,A,E,#REF!,#REF!,https://bpbc.ibpls.com/palauigzambales,https://prod.ebpls.com/palauigzambales,2022-12,#N/A,#N/A,#N/A,[1] Operational,[A] Operational,,[1] Operational,[A] Operational,,[1] Operational,[A] Operational,,[1] Operational,[A] Operational,,[1] Operational,[A] Operational,,[1] Operational,[A] Operational,,[1] Operational,[A] Operational,,#N/A,#N/A,#N/A,#N/A,#N/A,#N/A,#N/A,#N/A,#N/A,#N/A,#N/A,#N/A,#N/A,#N/A,#N/A
12-065-09-000,12-65-09-000,"Palimbang, Sultan Kudarat",Palimbang,Sultan Kudarat,Region XII (SOCCSKSARGEN),Municipality,2nd,R12,A,Q,#REF!,#REF!,https://bpbc.ibpls.com/palimbangsultankudarat,https://prod.ebpls.com/palimbangsultankudarat,2022-12,#N/A,#N/A,#N/A,[1] Operational,[A] Operational,,[1] Operational,[A] Operational,,[1] Operational,[A] Operational,,[1] Operational,[A] Operational,,[1] Operational,[A] Operational,,[1] Operational,[A] Operational,,[1] Operational,[A] Operational,,#N/A,#N/A,#N/A,#N/A,#N/A,#N/A,#N/A,#N/A,#N/A,#N/A,#N/A,#N/A,#N/A,#N/A,#N/A
08-037-39-000,08-37-39-000,"Palo, Leyte",Palo,Leyte,Region VIII (Eastern Visayas),Municipality,3rd,R8,A,K,#REF!,#REF!,https://bpbc.ibpls.com/paloleyte,https://prod.ebpls.com/paloleyte,2022-12,#N/A,#N/A,#N/A,[1] Operational,[A] Operational,Normal Operations,[1] Operational,[A] Operational,,[1] Operational,[A] Operational,Normal Operations,[1] Operational,[A] Operational,Normal Operations,[1] Operational,[A] Operational,Normal Operations,[1] Operational,[A] Operational,Normal Operations,[1] Operational,[A] Operational,Normal Operations,#N/A,#N/A,#N/A,#N/A,#N/A,#N/A,#N/A,#N/A,#N/A,#N/A,#N/A,#N/A,#N/A,#N/A,#N/A
17-051-07-000,17-51-07-000,"Paluan, Occidental Mindoro",Paluan,Occidental Mindoro,MIMAROPA Region,Municipality,3rd,R4B,B,G,#REF!,#REF!,https://bpbc.ibpls.com/paluanoccidentalmindoro,https://prod.ebpls.com/paluanoccidentalmindoro,,#N/A,#N/A,#N/A,[1] Operational,[A] Operational,,[1] Operational,[A] Operational,,[1] Operational,[A] Operational,,[1] Operational,[A] Operational,,[1] Operational,[A] Operational,,[1] Operational,[A] Operational,,[1] Operational,[A] Operational,,#N/A,#N/A,#N/A,#N/A,#N/A,#N/A,#N/A,#N/A,#N/A,#N/A,#N/A,#N/A,#N/A,#N/A,#N/A
08-048-15-000,08-48-15-000,"Pambujan, Northern Samar",Pambujan,Northern Samar,Region VIII (Eastern Visayas),Municipality,4th,R8,A,K,#REF!,#REF!,https://bpbc.ibpls.com/pambujannorthernsamar,https://prod.ebpls.com/pambujannorthernsamar,2022-12,#N/A,#N/A,#N/A,[1] Operational,[A] Operational,Normal Operations,[1] Operational,[A] Operational,,[1] Operational,[A] Operational,Normal Operations,[1] Operational,[A] Operational,Normal Operations,[1] Operational,[A] Operational,Normal Operations,[1] Operational,[A] Operational,Normal Operations,[1] Operational,[A] Operational,Normal Operations,#N/A,#N/A,#N/A,#N/A,#N/A,#N/A,#N/A,#N/A,#N/A,#N/A,#N/A,#N/A,#N/A,#N/A,#N/A
02-015-18-000,02-15-18-000,"Pamplona, Cagayan",Pamplona,Cagayan,Region II (Cagayan Valley),Municipality,4th,R2,B,D,#REF!,#REF!,https://bpbc.ibpls.com/pamplonacagayan,https://prod.ebpls.com/pamplonacagayan,2023-01,#N/A,#N/A,#N/A,[1] Operational,[A] Operational,,[1] Operational,[A] Operational,,[1] Operational,[A] Operational,,[1] Operational,[A] Operational,,[1] Operational,[A] Operational,,[1] Operational,[A] Operational,,[1] Operational,[A] Operational,,#N/A,#N/A,#N/A,#N/A,#N/A,#N/A,#N/A,#N/A,#N/A,#N/A,#N/A,#N/A,#N/A,#N/A,#N/A
10-042-11-000,10-42-11-000,"Panaon, Misamis Occidental",Panaon,Misamis Occidental,Region X (Northern Mindanao),Municipality,5th,R10,A,N,#REF!,#REF!,https://bpbc.ibpls.com/panaonmisamisoccidental,https://prod.ebpls.com/panaonmisamisoccidental,2022-12,#N/A,#N/A,#N/A,[1] Operational,[A] Operational,,[1] Operational,[A] Operational,,[1] Operational,[A] Operational,,[1] Operational,[A] Operational,,[1] Operational,[A] Operational,,[1] Operational,[A] Operational,,[1] Operational,[A] Operational,,#N/A,#N/A,#N/A,#N/A,#N/A,#N/A,#N/A,#N/A,#N/A,#N/A,#N/A,#N/A,#N/A,#N/A,#N/A
06-019-09-000,06-19-09-000,"Panay, Capiz",Panay,Capiz,Region VI (Western Visayas),Municipality,3rd,R6,A,I,#REF!,#REF!,https://bpbc.ibpls.com/panaycapiz,https://prod.ebpls.com/panaycapiz/,2022-12,#N/A,#N/A,#N/A,[1] Operational,[A] Operational,,[1] Operational,[A] Operational,,[1] Operational,[A] Operational,,[1] Operational,[A] Operational,,[1] Operational,[A] Operational,,[1] Operational,[A] Operational,,[1] Operational,[A] Operational,,#N/A,#N/A,#N/A,#N/A,#N/A,#N/A,#N/A,#N/A,#N/A,#N/A,#N/A,#N/A,#N/A,#N/A,#N/A
06-006-11-000,06-06-11-000,"Pandan, Antique",Pandan,Antique,Region VI (Western Visayas),Municipality,4th,R6,A,I,#REF!,#REF!,https://bpbc.ibpls.com/pandanantique,https://prod.ebpls.com/pandanantique/,2022-12,#N/A,#N/A,#N/A,[1] Operational,[A] Operational,,[1] Operational,[A] Operational,,[1] Operational,[A] Operational,,[1] Operational,[A] Operational,,[1] Operational,[A] Operational,,[1] Operational,[A] Operational,,[1] Operational,[A] Operational,,#N/A,#N/A,#N/A,#N/A,#N/A,#N/A,#N/A,#N/A,#N/A,#N/A,#N/A,#N/A,#N/A,#N/A,#N/A
05-020-06-000,05-20-06-000,"Pandan, Catanduanes",Pandan,Catanduanes,Region V (Bicol Region),Municipality,4th,R5,B,H,#REF!,#REF!,https://bpbc.ibpls.com/pandancatanduanes,https://prod.ebpls.com/pandancatanduanes,,#N/A,#N/A,#N/A,[8] Withdraw,[D] Withdraw,,[6] With Concerns,[C] For Training/Others,,[8] Withdraw,[D] Withdraw,"Pandan, Catanduanes",[8] Withdraw,[D] Withdraw,"Pandan, Catanduanes",[8] Withdraw,[D] Withdraw,"Pandan, Catanduanes",[8] Withdraw,[D] Withdraw,,[8] Withdraw,[D] Withdraw,,#N/A,#N/A,#N/A,#N/A,#N/A,#N/A,#N/A,#N/A,#N/A,#N/A,#N/A,#N/A,#N/A,#N/A,#N/A
08-037-40-000,08-37-40-000,"Palompon, Leyte",Palompon,Leyte,Region VIII (Eastern Visayas),Municipality,2nd*,R8,B,K,#REF!,#REF!,,https://prod.ebpls.com/palomponleyte,,#N/A,#N/A,#N/A,[8] Withdraw,[D] Withdraw,Withdrawn,[8] Withdraw,[D] Withdraw,,[8] Withdraw,[D] Withdraw,Withdrawn,[8] Withdraw,[D] Withdraw,Withdrawn,[8] Withdraw,[D] Withdraw,Withdrawn,[8] Withdraw,[D] Withdraw,Withdrawn,[8] Withdraw,[D] Withdraw,Withdrawn,#N/A,#N/A,#N/A,#N/A,#N/A,#N/A,#N/A,#N/A,#N/A,#N/A,#N/A,#N/A,#N/A,#N/A,#N/A
03-014-15-000,03-14-15-000,"Pandi, Bulacan",Pandi,Bulacan,Region III (Central Luzon),Municipality,2nd,R3,A,E,#REF!,#REF!,https://bpbc.ibpls.com/pandibulacan,https://prod.ebpls.com/pandibulacan/.php/login,2022-12,#N/A,#N/A,#N/A,[1] Operational,[A] Operational,,[1] Operational,[A] Operational,,[1] Operational,[A] Operational,,[1] Operational,[A] Operational,,[1] Operational,[A] Operational,,[1] Operational,[A] Operational,,[1] Operational,[A] Operational,,#N/A,#N/A,#N/A,#N/A,#N/A,#N/A,#N/A,#N/A,#N/A,#N/A,#N/A,#N/A,#N/A,#N/A,#N/A
05-020-07-000,05-20-07-000,"Panganiban, Catanduanes",Panganiban,Catanduanes,Region V (Bicol Region),Municipality,5th,R5,B,H,#REF!,#REF!,https://bpbc.ibpls.com/panganibancatanduanes,https://prod.ebpls.com/panganibancatanduanes/,,#N/A,#N/A,#N/A,[1] Operational,[A] Operational,,[1] Operational,[A] Operational,,[1] Operational,[A] Operational,,[1] Operational,[A] Operational,,[1] Operational,[A] Operational,,[1] Operational,[A] Operational,,[1] Operational,[A] Operational,,#N/A,#N/A,#N/A,#N/A,#N/A,#N/A,#N/A,#N/A,#N/A,#N/A,#N/A,#N/A,#N/A,#N/A,#N/A
03-069-10-000,03-69-10-000,"Paniqui, Tarlac",Paniqui,Tarlac,Region III (Central Luzon),Municipality,1st,R3,A,E,#REF!,#REF!,https://bpbc.ibpls.com/paniquitarlac,https://prod.ebpls.com/paniquitarlac,2022-12,#N/A,#N/A,#N/A,[1] Operational,[A] Operational,,[1] Operational,[A] Operational,,[1] Operational,[A] Operational,,[1] Operational,[A] Operational,,[1] Operational,[A] Operational,,[1] Operational,[A] Operational,,[1] Operational,[A] Operational,,#N/A,#N/A,#N/A,#N/A,#N/A,#N/A,#N/A,#N/A,#N/A,#N/A,#N/A,#N/A,#N/A,#N/A,#N/A
06-019-10-000,06-19-10-000,"Panitan, Capiz",Panitan,Capiz,Region VI (Western Visayas),Municipality,3rd,R6,A,I,#REF!,#REF!,https://bpbc.ibpls.com/panitancapiz,https://prod.ebpls.com/panitancapiz/,2022-12,#N/A,#N/A,#N/A,[1] Operational,[A] Operational,,[1] Operational,[A] Operational,,[1] Operational,[A] Operational,,[1] Operational,[A] Operational,,[1] Operational,[A] Operational,,[1] Operational,[A] Operational,,[1] Operational,[A] Operational,,#N/A,#N/A,#N/A,#N/A,#N/A,#N/A,#N/A,#N/A,#N/A,#N/A,#N/A,#N/A,#N/A,#N/A,#N/A
03-049-20-000,03-49-20-000,"Pantabangan, Nueva Ecija",Pantabangan,Nueva Ecija,Region III (Central Luzon),Municipality,1st,R3,B,E,#REF!,#REF!,https://bpbc.ibpls.com/pantabangannuevaecija,https://prod.ebpls.com/pantabangannuevaecija,,#N/A,#N/A,#N/A,[1] Operational,[A] Operational,,[1] Operational,[A] Operational,,[1] Operational,[A] Operational,,[1] Operational,[A] Operational,,[1] Operational,[A] Operational,,[1] Operational,[A] Operational,,[1] Operational,[A] Operational,,#N/A,#N/A,#N/A,#N/A,#N/A,#N/A,#N/A,#N/A,#N/A,#N/A,#N/A,#N/A,#N/A,#N/A,#N/A
04-056-31-000,04-56-31-000,"Panukulan, Quezon",Panukulan,Quezon,Region IV-A (CALABARZON),Municipality,4th,R4A,A,F,#REF!,#REF!,https://bpbc.ibpls.com/panukulanquezon,https://prod.ebpls.com/panukulanquezon,2022-12,#N/A,#N/A,#N/A,[1] Operational,[A] Operational,,[1] Operational,[A] Operational,,[1] Operational,[A] Operational,,[1] Operational,[A] Operational,,[1] Operational,[A] Operational,,[1] Operational,[A] Operational,,[1] Operational,[A] Operational,,#N/A,#N/A,#N/A,#N/A,#N/A,#N/A,#N/A,#N/A,#N/A,#N/A,#N/A,#N/A,#N/A,#N/A,#N/A
03-014-16-000,03-14-16-000,"Paombong, Bulacan",Paombong,Bulacan,Region III (Central Luzon),Municipality,3rd,R3,A,E,#REF!,#REF!,https://bpbc.ibpls.com/paombongbulacan,https://prod.ebpls.com/paombongbulacan/.php/login,2022-12,#N/A,#N/A,#N/A,[1] Operational,[A] Operational,,[1] Operational,[A] Operational,,[1] Operational,[A] Operational,,[1] Operational,[A] Operational,,[1] Operational,[A] Operational,,[1] Operational,[A] Operational,,[1] Operational,[A] Operational,,#N/A,#N/A,#N/A,#N/A,#N/A,#N/A,#N/A,#N/A,#N/A,#N/A,#N/A,#N/A,#N/A,#N/A,#N/A
05-016-08-000,05-16-08-000,"Paracale, Camarines Norte",Paracale,Camarines Norte,Region V (Bicol Region),Municipality,3rd,R5,A,H,#REF!,#REF!,https://bpbc.ibpls.com/paracalecamarinesnorte,https://prod.ebpls.com/paracalecamarinesnorte,2022-12,#N/A,#N/A,#N/A,[1] Operational,[A] Operational,,[1] Operational,[A] Operational,,[1] Operational,[A] Operational,,[1] Operational,[A] Operational,,[1] Operational,[A] Operational,,[1] Operational,[A] Operational,,[1] Operational,[A] Operational,,#N/A,#N/A,#N/A,#N/A,#N/A,#N/A,#N/A,#N/A,#N/A,#N/A,#N/A,#N/A,#N/A,#N/A,#N/A
14-044-06-000,14-44-06-000,"Paracelis, Mountain Province",Paracelis,Mountain Province,Cordillera Administrative Region (CAR),Municipality,2nd,CAR,A,B,#REF!,#REF!,https://bpbc.ibpls.com/paracelismountainprovince,https://prod.ebpls.com/paracelismountainprovince,2022-12,#N/A,#N/A,#N/A,[1] Operational,[A] Operational,,[1] Operational,[A] Operational,,[1] Operational,[A] Operational,,[1] Operational,[A] Operational,,[1] Operational,[A] Operational,,[1] Operational,[A] Operational,,[1] Operational,[A] Operational,,#N/A,#N/A,#N/A,#N/A,#N/A,#N/A,#N/A,#N/A,#N/A,#N/A,#N/A,#N/A,#N/A,#N/A,#N/A
08-060-22-000,08-60-22-000,"Paranas, Samar",Paranas,Samar,Region VIII (Eastern Visayas),Municipality,2nd,R8,A,K,#REF!,#REF!,https://bpbc.ibpls.com/paranassamar,https://prod.ebpls.com/paranassamar,2022-12,#N/A,#N/A,#N/A,[1] Operational,[A] Operational,Normal Operations,[1] Operational,[A] Operational,,[1] Operational,[A] Operational,Normal Operations,[1] Operational,[A] Operational,Normal Operations,[1] Operational,[A] Operational,Normal Operations,[1] Operational,[A] Operational,Normal Operations,[1] Operational,[A] Operational,Normal Operations,#N/A,#N/A,#N/A,#N/A,#N/A,#N/A,#N/A,#N/A,#N/A,#N/A,#N/A,#N/A,#N/A,#N/A,#N/A
19-087-09-000,15-38-11-000,"Parang, Maguindanao del Norte",Parang,Maguindanao del Norte,Bangsamoro Autonomous Region In Muslim Mindanao (BARMM),Municipality,1st*,BARMM II,A,R,#REF!,#REF!,https://bpbc.ibpls.com/parangmaguindanaodelnorte,https://prod.ebpls.com/parangmaguindanao,2022-12,#N/A,#N/A,#N/A,[1] Operational,[A] Operational,,[1] Operational,[A] Operational,,[1] Operational,[A] Operational,,[1] Operational,[A] Operational,,[1] Operational,[A] Operational,,[1] Operational,[A] Operational,,[1] Operational,[A] Operational,,#N/A,#N/A,#N/A,#N/A,#N/A,#N/A,#N/A,#N/A,#N/A,#N/A,#N/A,#N/A,#N/A,#N/A,#N/A
14-032-08-000,14-32-08-000,"Pasil, Kalinga",Pasil,Kalinga,Cordillera Administrative Region (CAR),Municipality,5th,CAR,A,B,#REF!,#REF!,https://bpbc.ibpls.com/pasilkalinga,https://prod.ebpls.com/pasilkalinga,2022-12,#N/A,#N/A,#N/A,[1] Operational,[A] Operational,,[1] Operational,[A] Operational,,[1] Operational,[A] Operational,,[1] Operational,[A] Operational,,[1] Operational,[A] Operational,,[1] Operational,[A] Operational,,[1] Operational,[A] Operational,,#N/A,#N/A,#N/A,#N/A,#N/A,#N/A,#N/A,#N/A,#N/A,#N/A,#N/A,#N/A,#N/A,#N/A,#N/A
08-037-41-000,08-37-41-000,"Pastrana, Leyte",Pastrana,Leyte,Region VIII (Eastern Visayas),Municipality,5th*,R8,A,K,#REF!,#REF!,https://bpbc.ibpls.com/pastranaleyte,https://prod.ebpls.com/pastranaleyte,2022-12,#N/A,#N/A,#N/A,[1] Operational,[A] Operational,Normal Operations,[1] Operational,[A] Operational,,[1] Operational,[A] Operational,Normal Operations,[1] Operational,[A] Operational,Normal Operations,[1] Operational,[A] Operational,Normal Operations,[1] Operational,[A] Operational,Normal Operations,[1] Operational,[A] Operational,Normal Operations,#N/A,#N/A,#N/A,#N/A,#N/A,#N/A,#N/A,#N/A,#N/A,#N/A,#N/A,#N/A,#N/A,#N/A,#N/A
01-028-17-000,01-28-17-000,"Pasuquin, Ilocos Norte",Pasuquin,Ilocos Norte,Region I (Ilocos Region),Municipality,3rd,R1,A,C,#REF!,#REF!,https://bpbc.ibpls.com/pasuquinilocosnorte,https://prod.ebpls.com/pasuquinilocosnorte,2022-12,#N/A,#N/A,#N/A,[1] Operational,[A] Operational,,[1] Operational,[A] Operational,,[1] Operational,[A] Operational,,[1] Operational,[A] Operational,,[1] Operational,[A] Operational,,[1] Operational,[A] Operational,,[1] Operational,[A] Operational,,#N/A,#N/A,#N/A,#N/A,#N/A,#N/A,#N/A,#N/A,#N/A,#N/A,#N/A,#N/A,#N/A,#N/A,#N/A
06-006-12-000,06-06-12-000,"Patnongon, Antique",Patnongon,Antique,Region VI (Western Visayas),Municipality,3rd,R6,A,I,#REF!,#REF!,https://bpbc.ibpls.com/patnongonantique,https://prod.ebpls.com/patnongonantique/,2022-12,#N/A,#N/A,#N/A,[1] Operational,[A] Operational,,[1] Operational,[A] Operational,,[1] Operational,[A] Operational,,[1] Operational,[A] Operational,,[1] Operational,[A] Operational,,[1] Operational,[A] Operational,,[1] Operational,[A] Operational,,#N/A,#N/A,#N/A,#N/A,#N/A,#N/A,#N/A,#N/A,#N/A,#N/A,#N/A,#N/A,#N/A,#N/A,#N/A
06-030-36-000,06-30-36-000,"Pavia, Iloilo",Pavia,Iloilo,Region VI (Western Visayas),Municipality,2nd,R6,A,I,#REF!,#REF!,https://bpbc.ibpls.com/paviailoilo,https://prod.ebpls.com/paviailoilo,2022-12,#N/A,#N/A,#N/A,[8] Withdraw,[D] Withdraw,,[8] Withdraw,[D] Withdraw,,[8] Withdraw,[D] Withdraw,,[8] Withdraw,[D] Withdraw,,[8] Withdraw,[D] Withdraw,,[8] Withdraw,[D] Withdraw,,[8] Withdraw,[D] Withdraw,,#N/A,#N/A,#N/A,#N/A,#N/A,#N/A,#N/A,#N/A,#N/A,#N/A,#N/A,#N/A,#N/A,#N/A,#N/A
06-019-11-000,06-19-11-000,"Pilar, Capiz",Pilar,Capiz,Region VI (Western Visayas),Municipality,3rd,R6,B,I,#REF!,#REF!,https://bpbc.ibpls.com/pilarcapiz,NO INSTANCE,,#N/A,#N/A,#N/A,[5] For Training,[C] For Training/Others,,[5] For Training,[C] For Training/Others,,[5] For Training,[C] For Training/Others,,[1] Operational,[A] Operational,,[1] Operational,[A] Operational,,[1] Operational,[A] Operational,,[1] Operational,[A] Operational,,#N/A,#N/A,#N/A,#N/A,#N/A,#N/A,#N/A,#N/A,#N/A,#N/A,#N/A,#N/A,#N/A,#N/A,#N/A
09-083-11-000,09-83-11-000,"Payao, Zamboanga Sibugay",Payao,Zamboanga Sibugay,Region IX (Zamboanga Peninsula),Municipality,3rd,R9,A,L,#REF!,#REF!,https://bpbc.ibpls.com/payaozamboangasibugay,https://prod.ebpls.com/payaozamboangasibugay,2022-12,#N/A,#N/A,#N/A,[1] Operational,[A] Operational,,[1] Operational,[A] Operational,,[1] Operational,[A] Operational,,[1] Operational,[A] Operational,,[1] Operational,[A] Operational,,[1] Operational,[A] Operational,,[1] Operational,[A] Operational,,#N/A,#N/A,#N/A,#N/A,#N/A,#N/A,#N/A,#N/A,#N/A,#N/A,#N/A,#N/A,#N/A,#N/A,#N/A
02-015-19-000,02-15-19-000,"Peñablanca, Cagayan",Peñablanca,Cagayan,Region II (Cagayan Valley),Municipality,1st,R2,B,D,#REF!,#REF!,https://bpbc.ibpls.com/penablancacagayan,https://prod.ebpls.com/penablancacagayan,,#N/A,#N/A,#N/A,[1] Operational,[A] Operational,,[1] Operational,[A] Operational,,[1] Operational,[A] Operational,,[1] Operational,[A] Operational,,[1] Operational,[A] Operational,,[1] Operational,[A] Operational,,[1] Operational,[A] Operational,,#N/A,#N/A,#N/A,#N/A,#N/A,#N/A,#N/A,#N/A,#N/A,#N/A,#N/A,#N/A,#N/A,#N/A,#N/A
14-001-17-000,14-01-17-000,"Peñarrubia, Abra",Peñarrubia,Abra,Cordillera Administrative Region (CAR),Municipality,6th,CAR,B,B,#REF!,#REF!,https://bpbc.ibpls.com/penarrubiaabra,https://prod.ebpls.com/penarrubiaabra,,#N/A,#N/A,#N/A,[1] Operational,[A] Operational,,[1] Operational,[A] Operational,,[1] Operational,[A] Operational,,[1] Operational,[A] Operational,,[1] Operational,[A] Operational,,[1] Operational,[A] Operational,,[1] Operational,[A] Operational,,#N/A,#N/A,#N/A,#N/A,#N/A,#N/A,#N/A,#N/A,#N/A,#N/A,#N/A,#N/A,#N/A,#N/A,#N/A
04-056-33-000,04-56-33-000,"Perez, Quezon",Perez,Quezon,Region IV-A (CALABARZON),Municipality,5th,R4A,A,F,#REF!,#REF!,https://bpbc.ibpls.com/perezquezon,https://prod.ebpls.com/perezquezon,2022-12,#N/A,#N/A,#N/A,[1] Operational,[A] Operational,,[1] Operational,[A] Operational,,[1] Operational,[A] Operational,,[1] Operational,[A] Operational,,[1] Operational,[A] Operational,,[1] Operational,[A] Operational,,[1] Operational,[A] Operational,,#N/A,#N/A,#N/A,#N/A,#N/A,#N/A,#N/A,#N/A,#N/A,#N/A,#N/A,#N/A,#N/A,#N/A,#N/A
02-015-20-000,02-15-20-000,"Piat, Cagayan",Piat,Cagayan,Region II (Cagayan Valley),Municipality,4th,R2,B,D,#REF!,#REF!,https://bpbc.ibpls.com/piatcagayan,https://prod.ebpls.com/piatcagayan,,#N/A,#N/A,#N/A,[1] Operational,[A] Operational,,[1] Operational,[A] Operational,,[1] Operational,[A] Operational,,[1] Operational,[A] Operational,,[1] Operational,[A] Operational,,[1] Operational,[A] Operational,,[6] With Concerns,[C] For Training/Others,,#N/A,#N/A,#N/A,#N/A,#N/A,#N/A,#N/A,#N/A,#N/A,#N/A,#N/A,#N/A,#N/A,#N/A,#N/A
01-028-18-000,01-28-18-000,"Piddig, Ilocos Norte",Piddig,Ilocos Norte,Region I (Ilocos Region),Municipality,3rd,R1,A,C,#REF!,#REF!,https://bpbc.ibpls.com/piddigilocosnorte,https://prod.ebpls.com/piddigilocosnorte,2022-12,#N/A,#N/A,#N/A,[1] Operational,[A] Operational,,[1] Operational,[A] Operational,,[1] Operational,[A] Operational,,[1] Operational,[A] Operational,,[1] Operational,[A] Operational,,[1] Operational,[A] Operational,,[1] Operational,[A] Operational,,#N/A,#N/A,#N/A,#N/A,#N/A,#N/A,#N/A,#N/A,#N/A,#N/A,#N/A,#N/A,#N/A,#N/A,#N/A
12-047-11-000,12-47-11-000,"Pigkawayan, Cotabato",Pigkawayan,Cotabato,Region XII (SOCCSKSARGEN),Municipality,1st,R12,B,Q,#REF!,#REF!,https://bpbc.ibpls.com/pigkawayancotabato,https://prod.ebpls.com/pigcawayannorthcotabato,2023-01,#N/A,#N/A,#N/A,[1] Operational,[A] Operational,,[1] Operational,[A] Operational,,[1] Operational,[A] Operational,,[1] Operational,[A] Operational,,[1] Operational,[A] Operational,,[1] Operational,[A] Operational,,[1] Operational,[A] Operational,,#N/A,#N/A,#N/A,#N/A,#N/A,#N/A,#N/A,#N/A,#N/A,#N/A,#N/A,#N/A,#N/A,#N/A,#N/A
12-047-12-000,12-47-12-000,"Pikit, Cotabato",Pikit,Cotabato,Region XII (SOCCSKSARGEN),Municipality,1st,R12,A,Q,#REF!,#REF!,https://bpbc.ibpls.com/pikitcotabato,https://prod.ebpls.com/pikitnorthcotabato,2022-12,#N/A,#N/A,#N/A,[1] Operational,[A] Operational,,[1] Operational,[A] Operational,,[1] Operational,[A] Operational,,[1] Operational,[A] Operational,,[1] Operational,[A] Operational,,[1] Operational,[A] Operational,,[1] Operational,[A] Operational,,#N/A,#N/A,#N/A,#N/A,#N/A,#N/A,#N/A,#N/A,#N/A,#N/A,#N/A,#N/A,#N/A,#N/A,#N/A
05-062-13-000,05-62-13-000,"Pilar, Sorsogon",Pilar,Sorsogon,Region V (Bicol Region),Municipality,1st,R5,B,H,#REF!,#REF!,https://bpbc.ibpls.com/pilarsorsogon,https://prod.ebpls.com/pilarsorsogon,,#N/A,#N/A,#N/A,[1] Operational,[A] Operational,,[1] Operational,[A] Operational,,[1] Operational,[A] Operational,,[1] Operational,[A] Operational,,[1] Operational,[A] Operational,,[1] Operational,[A] Operational,,[1] Operational,[A] Operational,,#N/A,#N/A,#N/A,#N/A,#N/A,#N/A,#N/A,#N/A,#N/A,#N/A,#N/A,#N/A,#N/A,#N/A,#N/A
05-017-28-000,05-17-28-000,"Pili, Camarines Sur",Pili,Camarines Sur,Region V (Bicol Region),Municipality,1st,R5,B,H,#REF!,#REF!,https://bpbc.ibpls.com/pilicamarinessur,https://prod.ebpls.com/pilicamarinessur,,#N/A,#N/A,#N/A,[3] Ongoing Data Build-up,[B] Developmental,Preparation for data migration,[3] Ongoing Data Build-up,[B] Developmental,,[3] Ongoing Data Build-up,[B] Developmental,,[3] Ongoing Data Build-up,[B] Developmental,,[3] Ongoing Data Build-up,[B] Developmental,,[3] Ongoing Data Build-up,[B] Developmental,,[3] Ongoing Data Build-up,[B] Developmental,,#N/A,#N/A,#N/A,#N/A,#N/A,#N/A,#N/A,#N/A,#N/A,#N/A,#N/A,#N/A,#N/A,#N/A,#N/A
08-060-13-000,08-60-13-000,"Pinabacdao, Samar",Pinabacdao,Samar,Region VIII (Eastern Visayas),Municipality,4th,R8,A,K,#REF!,#REF!,https://bpbc.ibpls.com/pinabacdaosamar,https://prod.ebpls.com/pinabacdaosamar,2022-12,#N/A,#N/A,#N/A,[1] Operational,[A] Operational,Normal Operations,[1] Operational,[A] Operational,,[1] Operational,[A] Operational,Normal Operations,[1] Operational,[A] Operational,Normal Operations,[1] Operational,[A] Operational,Normal Operations,[1] Operational,[A] Operational,Normal Operations,[1] Operational,[A] Operational,Normal Operations,#N/A,#N/A,#N/A,#N/A,#N/A,#N/A,#N/A,#N/A,#N/A,#N/A,#N/A,#N/A,#N/A,#N/A,#N/A
17-052-09-000,17-52-09-000,"Pinamalayan, Oriental Mindoro",Pinamalayan,Oriental Mindoro,MIMAROPA Region,Municipality,1st,R4B,A,G,#REF!,#REF!,https://bpbc.ibpls.com/pinamalayanorientalmindoro,https://prod.ebpls.com/pinamalayanorientalmindoro/.php/login,2022-12,#N/A,#N/A,#N/A,[1] Operational,[A] Operational,,[1] Operational,[A] Operational,,[1] Operational,[A] Operational,,[1] Operational,[A] Operational,,[1] Operational,[A] Operational,,[1] Operational,[A] Operational,,[1] Operational,[A] Operational,,#N/A,#N/A,#N/A,#N/A,#N/A,#N/A,#N/A,#N/A,#N/A,#N/A,#N/A,#N/A,#N/A,#N/A,#N/A
07-022-37-000,07-22-37-000,"Pinamungajan, Cebu",Pinamungajan,Cebu,Region VII (Central Visayas),Municipality,2nd,R7,A,J,#REF!,#REF!,https://bpbc.ibpls.com/pinamungajancebu,https://prod.ebpls.com/pinamungajancebu,2022-12,#N/A,#N/A,#N/A,[1] Operational,[A] Operational,,[1] Operational,[A] Operational,,[1] Operational,[A] Operational,,[1] Operational,[A] Operational,,[1] Operational,[A] Operational,,[1] Operational,[A] Operational,,[1] Operational,[A] Operational,,#N/A,#N/A,#N/A,#N/A,#N/A,#N/A,#N/A,#N/A,#N/A,#N/A,#N/A,#N/A,#N/A,#N/A,#N/A
09-072-09-000,09-72-09-000,"Piñan, Zamboanga del Norte",Piñan,Zamboanga del Norte,Region IX (Zamboanga Peninsula),Municipality,4th,R9,A,L,#REF!,#REF!,https://bpbc.ibpls.com/pinanzamboangadelnorte,https://prod.ebpls.com/pinanzamboangadelnorte,2022-12,#N/A,#N/A,#N/A,[1] Operational,[A] Operational,,[1] Operational,[A] Operational,,[1] Operational,[A] Operational,,[1] Operational,[A] Operational,,[1] Operational,[A] Operational,,[1] Operational,[A] Operational,,[1] Operational,[A] Operational,,#N/A,#N/A,#N/A,#N/A,#N/A,#N/A,#N/A,#N/A,#N/A,#N/A,#N/A,#N/A,#N/A,#N/A,#N/A
08-064-11-000,08-64-11-000,"Pintuyan, Southern Leyte",Pintuyan,Southern Leyte,Region VIII (Eastern Visayas),Municipality,5th*,R8,A,K,#REF!,#REF!,https://bpbc.ibpls.com/pintuyansouthernleyte,https://prod.ebpls.com/pintuyansouthernleyte,2022-12,#N/A,#N/A,#N/A,[1] Operational,[A] Operational,Normal Operations,[1] Operational,[A] Operational,,[1] Operational,[A] Operational,Normal Operations,[1] Operational,[A] Operational,Normal Operations,[1] Operational,[A] Operational,Normal Operations,[1] Operational,[A] Operational,Normal Operations,[1] Operational,[A] Operational,Normal Operations,#N/A,#N/A,#N/A,#N/A,#N/A,#N/A,#N/A,#N/A,#N/A,#N/A,#N/A,#N/A,#N/A,#N/A,#N/A
05-005-13-000,05-05-13-000,"Pio Duran, Albay",Pio Duran,Albay,Region V (Bicol Region),Municipality,3rd,R5,B,H,#REF!,#REF!,https://bpbc.ibpls.com/pioduranalbay,	https://prod.ebpls.com/pioduranalbay,,#N/A,#N/A,#N/A,[3] Ongoing Data Build-up,[B] Developmental,,[3] Ongoing Data Build-up,[B] Developmental,,[3] Ongoing Data Build-up,[B] Developmental,,[3] Ongoing Data Build-up,[B] Developmental,,[3] Ongoing Data Build-up,[B] Developmental,,[3] Ongoing Data Build-up,[B] Developmental,,[3] Ongoing Data Build-up,[B] Developmental,,#N/A,#N/A,#N/A,#N/A,#N/A,#N/A,#N/A,#N/A,#N/A,#N/A,#N/A,#N/A,#N/A,#N/A,#N/A
04-056-34-000,04-56-34-000,"Pitogo, Quezon",Pitogo,Quezon,Region IV-A (CALABARZON),Municipality,4th,R4A,A,F,#REF!,#REF!,https://bpbc.ibpls.com/pitogoquezon,https://prod.ebpls.com/pitogoquezon,2022-12,#N/A,#N/A,#N/A,[1] Operational,[A] Operational,,[1] Operational,[A] Operational,,[1] Operational,[A] Operational,,[1] Operational,[A] Operational,,[1] Operational,[A] Operational,,[1] Operational,[A] Operational,,[1] Operational,[A] Operational,,#N/A,#N/A,#N/A,#N/A,#N/A,#N/A,#N/A,#N/A,#N/A,#N/A,#N/A,#N/A,#N/A,#N/A,#N/A
09-073-38-000,09-73-38-000,"Pitogo, Zamboanga del Sur",Pitogo,Zamboanga del Sur,Region IX (Zamboanga Peninsula),Municipality,4th,R9,B,L,#REF!,#REF!,https://bpbc.ibpls.com/pitogozamboangadelsur,https://prod.ebpls.com/pitogozamboangadelsur,2023-01,#N/A,#N/A,#N/A,[1] Operational,[A] Operational,,[1] Operational,[A] Operational,,[1] Operational,[A] Operational,,[1] Operational,[A] Operational,,[1] Operational,[A] Operational,,[1] Operational,[A] Operational,,[1] Operational,[A] Operational,,#N/A,#N/A,#N/A,#N/A,#N/A,#N/A,#N/A,#N/A,#N/A,#N/A,#N/A,#N/A,#N/A,#N/A,#N/A
10-042-12-000,10-42-12-000,"Plaridel, Misamis Occidental",Plaridel,Misamis Occidental,Region X (Northern Mindanao),Municipality,3rd,R10,A,N,#REF!,#REF!,https://bpbc.ibpls.com/plaridelmisamisoccidental,https://prod.ebpls.com/plaridelmisamisoccidental,2022-12,#N/A,#N/A,#N/A,[1] Operational,[A] Operational,,[1] Operational,[A] Operational,,[1] Operational,[A] Operational,,[1] Operational,[A] Operational,,[1] Operational,[A] Operational,,[1] Operational,[A] Operational,,[1] Operational,[A] Operational,,#N/A,#N/A,#N/A,#N/A,#N/A,#N/A,#N/A,#N/A,#N/A,#N/A,#N/A,#N/A,#N/A,#N/A,#N/A
17-052-10-000,17-52-10-000,"Pola, Oriental Mindoro",Pola,Oriental Mindoro,MIMAROPA Region,Municipality,3rd,R4B,A,G,#REF!,#REF!,https://bpbc.ibpls.com/polaorientalmindoro,https://prod.ebpls.com/polaorientalmindoro/.php/login,2022-12,#N/A,#N/A,#N/A,[1] Operational,[A] Operational,,[1] Operational,[A] Operational,,[1] Operational,[A] Operational,,[1] Operational,[A] Operational,,[1] Operational,[A] Operational,,[1] Operational,[A] Operational,,[1] Operational,[A] Operational,,#N/A,#N/A,#N/A,#N/A,#N/A,#N/A,#N/A,#N/A,#N/A,#N/A,#N/A,#N/A,#N/A,#N/A,#N/A
09-072-10-000,09-72-10-000,"Polanco, Zamboanga del Norte",Polanco,Zamboanga del Norte,Region IX (Zamboanga Peninsula),Municipality,3rd,R9,A,L,#REF!,#REF!,https://bpbc.ibpls.com/polancozamboangadelnorte,https://prod.ebpls.com/polancozamboangadelnorte,2022-12,#N/A,#N/A,#N/A,[1] Operational,[A] Operational,,[1] Operational,[A] Operational,,[1] Operational,[A] Operational,,[1] Operational,[A] Operational,,[1] Operational,[A] Operational,,[1] Operational,[A] Operational,,[1] Operational,[A] Operational,,#N/A,#N/A,#N/A,#N/A,#N/A,#N/A,#N/A,#N/A,#N/A,#N/A,#N/A,#N/A,#N/A,#N/A,#N/A
05-005-14-000,05-05-14-000,"Polangui, Albay",Polangui,Albay,Region V (Bicol Region),Municipality,1st,R5,B,H,#REF!,#REF!,https://bpbc.ibpls.com/polanguialbay,https://prod.ebpls.com/polanguialbay,,#N/A,#N/A,#N/A,[8] Withdraw,[D] Withdraw,,[8] Withdraw,[D] Withdraw,,[8] Withdraw,[D] Withdraw,,[8] Withdraw,[D] Withdraw,,[8] Withdraw,[D] Withdraw,,[8] Withdraw,[D] Withdraw,,[8] Withdraw,[D] Withdraw,,#N/A,#N/A,#N/A,#N/A,#N/A,#N/A,#N/A,#N/A,#N/A,#N/A,#N/A,#N/A,#N/A,#N/A,#N/A
04-056-36-000,04-56-36-000,"Polillo, Quezon",Polillo,Quezon,Region IV-A (CALABARZON),Municipality,3rd,R4A,A,F,#REF!,#REF!,https://bpbc.ibpls.com/polilloquezon,https://prod.ebpls.com/polilloquezon,2022-12,#N/A,#N/A,#N/A,[1] Operational,[A] Operational,,[1] Operational,[A] Operational,,[1] Operational,[A] Operational,,[1] Operational,[A] Operational,,[1] Operational,[A] Operational,,[1] Operational,[A] Operational,,[1] Operational,[A] Operational,,#N/A,#N/A,#N/A,#N/A,#N/A,#N/A,#N/A,#N/A,#N/A,#N/A,#N/A,#N/A,#N/A,#N/A,#N/A
12-063-12-000,12-63-12-000,"Polomolok, South Cotabato",Polomolok,South Cotabato,Region XII (SOCCSKSARGEN),Municipality,1st,R12,B,Q,#REF!,#REF!,https://bpbc.ibpls.com/polomoloksouthcotabato,https://prod.ebpls.com/polomoloksouthcotabato,,#N/A,#N/A,#N/A,[1] Operational,[A] Operational,,[1] Operational,[A] Operational,,[1] Operational,[A] Operational,,[1] Operational,[A] Operational,,[1] Operational,[A] Operational,,[1] Operational,[A] Operational,,[1] Operational,[A] Operational,,#N/A,#N/A,#N/A,#N/A,#N/A,#N/A,#N/A,#N/A,#N/A,#N/A,#N/A,#N/A,#N/A,#N/A,#N/A
06-019-12-000,06-19-12-000,"Pontevedra, Capiz",Pontevedra,Capiz,Region VI (Western Visayas),Municipality,3rd,R6,A,I,#REF!,#REF!,https://bpbc.ibpls.com/pontevedracapiz,https://prod.ebpls.com/pontevedranegrosoccidental/,2022-12,#N/A,#N/A,#N/A,[1] Operational,[A] Operational,,[1] Operational,[A] Operational,,[1] Operational,[A] Operational,,[1] Operational,[A] Operational,,[1] Operational,[A] Operational,,[1] Operational,[A] Operational,,[1] Operational,[A] Operational,,#N/A,#N/A,#N/A,#N/A,#N/A,#N/A,#N/A,#N/A,#N/A,#N/A,#N/A,#N/A,#N/A,#N/A,#N/A
06-045-21-000,06-45-21-000,"Pontevedra, Negros Occidental",Pontevedra,Negros Occidental,Region VI (Western Visayas),Municipality,3rd,R6,A,I,#REF!,#REF!,https://bpbc.ibpls.com/pontevedranegrosoccidental,https://prod.ebpls.com/pontevedranegrosoccidental/,2022-12,#N/A,#N/A,#N/A,[1] Operational,[A] Operational,,[1] Operational,[A] Operational,,[1] Operational,[A] Operational,,[1] Operational,[A] Operational,,[1] Operational,[A] Operational,,[1] Operational,[A] Operational,,[1] Operational,[A] Operational,,#N/A,#N/A,#N/A,#N/A,#N/A,#N/A,#N/A,#N/A,#N/A,#N/A,#N/A,#N/A,#N/A,#N/A,#N/A
07-022-38-000,07-22-38-000,"Poro, Cebu",Poro,Cebu,Region VII (Central Visayas),Municipality,4th,R7,B,J,#REF!,#REF!,https://bpbc.ibpls.com/porocebu,https://prod.ebpls.com/porocebu,,#N/A,#N/A,#N/A,[1] Operational,[A] Operational,,[1] Operational,[A] Operational,,[1] Operational,[A] Operational,,[1] Operational,[A] Operational,,[1] Operational,[A] Operational,,[1] Operational,[A] Operational,,[1] Operational,[A] Operational,,#N/A,#N/A,#N/A,#N/A,#N/A,#N/A,#N/A,#N/A,#N/A,#N/A,#N/A,#N/A,#N/A,#N/A,#N/A
06-030-37-000,06-30-37-000,"Pototan, Iloilo",Pototan,Iloilo,Region VI (Western Visayas),Municipality,1st,R6,A,I,#REF!,#REF!,https://bpbc.ibpls.com/pototaniloilo,https://prod.ebpls.com/pototaniloilo,2022-12,#N/A,#N/A,#N/A,[1] Operational,[A] Operational,,[1] Operational,[A] Operational,,[1] Operational,[A] Operational,,[1] Operational,[A] Operational,,[1] Operational,[A] Operational,,[1] Operational,[A] Operational,,[1] Operational,[A] Operational,,#N/A,#N/A,#N/A,#N/A,#N/A,#N/A,#N/A,#N/A,#N/A,#N/A,#N/A,#N/A,#N/A,#N/A,#N/A
01-055-30-000,01-55-30-000,"Pozorrubio, Pangasinan",Pozorrubio,Pangasinan,Region I (Ilocos Region),Municipality,1st,R1,A,C,#REF!,#REF!,https://bpbc.ibpls.com/pozorrubiopangasinan,https://prod.ebpls.com/pozorrubiopangasinan,2022-12,#N/A,#N/A,#N/A,[1] Operational,[A] Operational,,[1] Operational,[A] Operational,,[1] Operational,[A] Operational,,[1] Operational,[A] Operational,,[1] Operational,[A] Operational,,[1] Operational,[A] Operational,,[1] Operational,[A] Operational,,#N/A,#N/A,#N/A,#N/A,#N/A,#N/A,#N/A,#N/A,#N/A,#N/A,#N/A,#N/A,#N/A,#N/A,#N/A
05-041-17-000,05-41-17-000,"Placer, Masbate",Placer,Masbate,Region V (Bicol Region),Municipality,2nd,R5,B,H,#REF!,#REF!,,https://prod.ebpls.com/placermasbate,,#N/A,#N/A,#N/A,[8] Withdraw,[D] Withdraw,,[8] Withdraw,[D] Withdraw,,[8] Withdraw,[D] Withdraw,,[8] Withdraw,[D] Withdraw,,[8] Withdraw,[D] Withdraw,,[8] Withdraw,[D] Withdraw,,[8] Withdraw,[D] Withdraw,,#N/A,#N/A,#N/A,#N/A,#N/A,#N/A,#N/A,#N/A,#N/A,#N/A,#N/A,#N/A,#N/A,#N/A,#N/A
09-072-11-000,09-72-11-000,"Pres. Manuel A. Roxas, Zamboanga del Norte",Pres. Manuel A. Roxas,Zamboanga del Norte,Region IX (Zamboanga Peninsula),Municipality,2nd,R9,A,L,#REF!,#REF!,https://bpbc.ibpls.com/presmanuelaroxaszamboangadelnorte,https://prod.ebpls.com/presmanuelaroxaszamboangadelnorte,2022-12,#N/A,#N/A,#N/A,[1] Operational,[A] Operational,,[1] Operational,[A] Operational,,[1] Operational,[A] Operational,,[1] Operational,[A] Operational,,[1] Operational,[A] Operational,,[1] Operational,[A] Operational,,[1] Operational,[A] Operational,,#N/A,#N/A,#N/A,#N/A,#N/A,#N/A,#N/A,#N/A,#N/A,#N/A,#N/A,#N/A,#N/A,#N/A,#N/A
05-017-29-000,05-17-29-000,"Presentacion, Camarines Sur",Presentacion,Camarines Sur,Region V (Bicol Region),Municipality,4th,R5,B,H,#REF!,#REF!,https://bpbc.ibpls.com/presentacioncamarinessur,https://prod.ebpls.com/presentacioncamarinessur/,,#N/A,#N/A,#N/A,[1] Operational,[A] Operational,,[1] Operational,[A] Operational,,[1] Operational,[A] Operational,,[1] Operational,[A] Operational,,[1] Operational,[A] Operational,,[1] Operational,[A] Operational,,[1] Operational,[A] Operational,,#N/A,#N/A,#N/A,#N/A,#N/A,#N/A,#N/A,#N/A,#N/A,#N/A,#N/A,#N/A,#N/A,#N/A,#N/A
12-065-10-000,12-65-10-000,"President Quirino, Sultan Kudarat",President Quirino,Sultan Kudarat,Region XII (SOCCSKSARGEN),Municipality,3rd,R12,A,Q,#REF!,#REF!,https://bpbc.ibpls.com/presidentquirinosultankudarat,https://prod.ebpls.com/presidentquirinosultankudarat,2022-12,#N/A,#N/A,#N/A,[1] Operational,[A] Operational,,[1] Operational,[A] Operational,,[1] Operational,[A] Operational,,[1] Operational,[A] Operational,,[1] Operational,[A] Operational,,[1] Operational,[A] Operational,,[1] Operational,[A] Operational,,#N/A,#N/A,#N/A,#N/A,#N/A,#N/A,#N/A,#N/A,#N/A,#N/A,#N/A,#N/A,#N/A,#N/A,#N/A
06-019-13-000,06-19-13-000,"President Roxas, Capiz",President Roxas,Capiz,Region VI (Western Visayas),Municipality,4th,R6,A,I,#REF!,#REF!,https://bpbc.ibpls.com/presidentroxascapiz,https://prod.ebpls.com/presidentroxascapiz/,2022-12,#N/A,#N/A,#N/A,[1] Operational,[A] Operational,,[1] Operational,[A] Operational,,[1] Operational,[A] Operational,,[1] Operational,[A] Operational,,[1] Operational,[A] Operational,,[1] Operational,[A] Operational,,[1] Operational,[A] Operational,,#N/A,#N/A,#N/A,#N/A,#N/A,#N/A,#N/A,#N/A,#N/A,#N/A,#N/A,#N/A,#N/A,#N/A,#N/A
12-047-13-000,12-47-13-000,"President Roxas, Cotabato",President Roxas,Cotabato,Region XII (SOCCSKSARGEN),Municipality,1st,R12,B,Q,#REF!,#REF!,https://bpbc.ibpls.com/presidentroxascotabato,https://prod.ebpls.com/presidentroxascotabato/.php/login,,#N/A,#N/A,#N/A,[1] Operational,[A] Operational,,[1] Operational,[A] Operational,,[1] Operational,[A] Operational,,[1] Operational,[A] Operational,,[1] Operational,[A] Operational,,[1] Operational,[A] Operational,,[1] Operational,[A] Operational,,#N/A,#N/A,#N/A,#N/A,#N/A,#N/A,#N/A,#N/A,#N/A,#N/A,#N/A,#N/A,#N/A,#N/A,#N/A
14-081-06-000,14-81-06-000,"Pudtol, Apayao",Pudtol,Apayao,Cordillera Administrative Region (CAR),Municipality,4th,CAR,B,B,#REF!,#REF!,https://bpbc.ibpls.com/pudtolapayao,https://prod.ebpls.com/pudtolapayao,2023-01,#N/A,#N/A,#N/A,[1] Operational,[A] Operational,,[1] Operational,[A] Operational,,[1] Operational,[A] Operational,,[1] Operational,[A] Operational,,[1] Operational,[A] Operational,,[1] Operational,[A] Operational,,[1] Operational,[A] Operational,,#N/A,#N/A,#N/A,#N/A,#N/A,#N/A,#N/A,#N/A,#N/A,#N/A,#N/A,#N/A,#N/A,#N/A,#N/A
17-052-11-000,17-52-11-000,"Puerto Galera, Oriental Mindoro",Puerto Galera,Oriental Mindoro,MIMAROPA Region,Municipality,1st,R4B,B,G,#REF!,#REF!,https://bpbc.ibpls.com/puertogaleraorientalmindoro,https://prod.ebpls.com/puertogaleraorientalmindoro/.php/login,,#N/A,#N/A,#N/A,[6] With Concerns,[C] For Training/Others,Schedule for Refresher Training,[6] With Concerns,[C] For Training/Others,Schedule for Refresher Training,[6] With Concerns,[C] For Training/Others,Schedule for Refresher Training,[6] With Concerns,[C] For Training/Others,Schedule for Refresher Training,[6] With Concerns,[C] For Training/Others,Schedule for Refresher Training,[6] With Concerns,[C] For Training/Others,Schedule for Refresher Training,[6] With Concerns,[C] For Training/Others,Schedule for Refresher Training,#N/A,#N/A,#N/A,#N/A,#N/A,#N/A,#N/A,#N/A,#N/A,#N/A,#N/A,#N/A,#N/A,#N/A,#N/A
03-069-11-000,03-69-11-000,"Pura, Tarlac",Pura,Tarlac,Region III (Central Luzon),Municipality,4th,R3,A,E,#REF!,#REF!,https://bpbc.ibpls.com/puratarlac,https://prod.ebpls.com/puratarlac,2022-12,#N/A,#N/A,#N/A,[1] Operational,[A] Operational,,[1] Operational,[A] Operational,,[1] Operational,[A] Operational,,[1] Operational,[A] Operational,,[1] Operational,[A] Operational,,[1] Operational,[A] Operational,,[1] Operational,[A] Operational,,#N/A,#N/A,#N/A,#N/A,#N/A,#N/A,#N/A,#N/A,#N/A,#N/A,#N/A,#N/A,#N/A,#N/A,#N/A
02-031-22-000,02-31-22-000,"Quezon, Isabela",Quezon,Isabela,Region II (Cagayan Valley),Municipality,4th,R2,A,D,#REF!,#REF!,https://bpbc.ibpls.com/quezonisabela,https://prod.ebpls.com/quezonisabela,2022-12,#N/A,#N/A,#N/A,[1] Operational,[A] Operational,,[1] Operational,[A] Operational,,[1] Operational,[A] Operational,,[1] Operational,[A] Operational,,[1] Operational,[A] Operational,,[1] Operational,[A] Operational,,[1] Operational,[A] Operational,,#N/A,#N/A,#N/A,#N/A,#N/A,#N/A,#N/A,#N/A,#N/A,#N/A,#N/A,#N/A,#N/A,#N/A,#N/A
03-049-22-000,03-49-22-000,"Quezon, Nueva Ecija",Quezon,Nueva Ecija,Region III (Central Luzon),Municipality,4th,R3,A,E,#REF!,#REF!,https://bpbc.ibpls.com/quezonnuevaecija,https://prod.ebpls.com/quezonnuevaecija,2022-12,#N/A,#N/A,#N/A,[1] Operational,[A] Operational,,[1] Operational,[A] Operational,,[1] Operational,[A] Operational,,[1] Operational,[A] Operational,,[1] Operational,[A] Operational,,[1] Operational,[A] Operational,,[1] Operational,[A] Operational,,#N/A,#N/A,#N/A,#N/A,#N/A,#N/A,#N/A,#N/A,#N/A,#N/A,#N/A,#N/A,#N/A,#N/A,#N/A
02-050-11-000,02-50-11-000,"Quezon, Nueva Vizcaya",Quezon,Nueva Vizcaya,Region II (Cagayan Valley),Municipality,4th,R2,B,D,#REF!,#REF!,https://bpbc.ibpls.com/quezonnuevavizcaya,https://prod.ebpls.com/quezonnuevavizcaya,2023-01,#N/A,#N/A,#N/A,[1] Operational,[A] Operational,,[1] Operational,[A] Operational,,[1] Operational,[A] Operational,,[1] Operational,[A] Operational,,[1] Operational,[A] Operational,,[1] Operational,[A] Operational,,[1] Operational,[A] Operational,,#N/A,#N/A,#N/A,#N/A,#N/A,#N/A,#N/A,#N/A,#N/A,#N/A,#N/A,#N/A,#N/A,#N/A,#N/A
17-053-17-000,17-53-17-000,"Quezon, Palawan",Quezon,Palawan,MIMAROPA Region,Municipality,1st,R4B,A,G,#REF!,#REF!,https://bpbc.ibpls.com/quezonpalawan,https://prod.ebpls.com/quezonpalawan/.php/login,2022-12,#N/A,#N/A,#N/A,[1] Operational,[A] Operational,,[1] Operational,[A] Operational,,[1] Operational,[A] Operational,,[1] Operational,[A] Operational,,[1] Operational,[A] Operational,,[1] Operational,[A] Operational,,[1] Operational,[A] Operational,,#N/A,#N/A,#N/A,#N/A,#N/A,#N/A,#N/A,#N/A,#N/A,#N/A,#N/A,#N/A,#N/A,#N/A,#N/A
04-056-37-000,04-56-37-000,"Quezon, Quezon",Quezon,Quezon,Region IV-A (CALABARZON),Municipality,5th,R4A,A,F,#REF!,#REF!,https://bpbc.ibpls.com/quezonquezon,https://prod.ebpls.com/quezonquezon,2022-12,#N/A,#N/A,#N/A,[1] Operational,[A] Operational,,[1] Operational,[A] Operational,,[1] Operational,[A] Operational,,[1] Operational,[A] Operational,,[1] Operational,[A] Operational,,[1] Operational,[A] Operational,,[1] Operational,[A] Operational,,#N/A,#N/A,#N/A,#N/A,#N/A,#N/A,#N/A,#N/A,#N/A,#N/A,#N/A,#N/A,#N/A,#N/A,#N/A
08-026-18-000,08-26-18-000,"Quinapondan, Eastern Samar",Quinapondan,Eastern Samar,Region VIII (Eastern Visayas),Municipality,5th,R8,A,K,#REF!,#REF!,https://bpbc.ibpls.com/quinapondaneasternsamar,https://prod.ebpls.com/quinapondaneasternsamar,2022-12,#N/A,#N/A,#N/A,[1] Operational,[A] Operational,Normal Operations,[1] Operational,[A] Operational,,[1] Operational,[A] Operational,Normal Operations,[1] Operational,[A] Operational,Normal Operations,[1] Operational,[A] Operational,Normal Operations,[1] Operational,[A] Operational,Normal Operations,[1] Operational,[A] Operational,Normal Operations,#N/A,#N/A,#N/A,#N/A,#N/A,#N/A,#N/A,#N/A,#N/A,#N/A,#N/A,#N/A,#N/A,#N/A,#N/A
05-017-30-000,05-17-30-000,"Ragay, Camarines Sur",Ragay,Camarines Sur,Region V (Bicol Region),Municipality,1st,R5,B,H,#REF!,#REF!,https://bpbc.ibpls.com/ragaycamarinessur,	https://prod.ebpls.com/ragaycamarinessur,,#N/A,#N/A,#N/A,[1] Operational,[A] Operational,,[1] Operational,[A] Operational,,[1] Operational,[A] Operational,,[1] Operational,[A] Operational,,[1] Operational,[A] Operational,,[1] Operational,[A] Operational,,[1] Operational,[A] Operational,,#N/A,#N/A,#N/A,#N/A,#N/A,#N/A,#N/A,#N/A,#N/A,#N/A,#N/A,#N/A,#N/A,#N/A,#N/A
09-073-23-000,09-73-23-000,"Ramon Magsaysay, Zamboanga del Sur",Ramon Magsaysay,Zamboanga del Sur,Region IX (Zamboanga Peninsula),Municipality,4th*,R9,A,L,#REF!,#REF!,https://bpbc.ibpls.com/ramonmagsaysayzamboangadelsur,https://prod.ebpls.com/ramonmagsaysayzamboangadelsur,2022-12,#N/A,#N/A,#N/A,[1] Operational,[A] Operational,,[1] Operational,[A] Operational,,[1] Operational,[A] Operational,,[1] Operational,[A] Operational,,[1] Operational,[A] Operational,,[1] Operational,[A] Operational,,[1] Operational,[A] Operational,,#N/A,#N/A,#N/A,#N/A,#N/A,#N/A,#N/A,#N/A,#N/A,#N/A,#N/A,#N/A,#N/A,#N/A,#N/A
02-031-24-000,02-31-24-000,"Ramon, Isabela",Ramon,Isabela,Region II (Cagayan Valley),Municipality,2nd,R2,B,D,#REF!,#REF!,https://bpbc.ibpls.com/ramonisabela,https://prod.ebpls.com/ramonisabela,2023-01,#N/A,#N/A,#N/A,[1] Operational,[A] Operational,,[1] Operational,[A] Operational,,[1] Operational,[A] Operational,,[1] Operational,[A] Operational,,[1] Operational,[A] Operational,,[1] Operational,[A] Operational,,[1] Operational,[A] Operational,,#N/A,#N/A,#N/A,#N/A,#N/A,#N/A,#N/A,#N/A,#N/A,#N/A,#N/A,#N/A,#N/A,#N/A,#N/A
04-056-38-000,04-56-38-000,"Real, Quezon",Real,Quezon,Region IV-A (CALABARZON),Municipality,1st,R4A,A,F,#REF!,#REF!,https://bpbc.ibpls.com/realquezon,https://prod.ebpls.com/realquezon,2022-12,#N/A,#N/A,#N/A,[1] Operational,[A] Operational,,[1] Operational,[A] Operational,,[1] Operational,[A] Operational,,[1] Operational,[A] Operational,,[1] Operational,[A] Operational,,[1] Operational,[A] Operational,,[1] Operational,[A] Operational,,#N/A,#N/A,#N/A,#N/A,#N/A,#N/A,#N/A,#N/A,#N/A,#N/A,#N/A,#N/A,#N/A,#N/A,#N/A
16-002-12-000,16-02-12-000,"Remedios T. Romualdez, Agusan del Norte",Remedios T. Romualdez,Agusan del Norte,Region XIII (Caraga),Municipality,5th,R13,A,O,#REF!,#REF!,https://bpbc.ibpls.com/remediostromualdezagusandelnorte,https://prod.ebpls.com/remediostromualdezagusandelnorte,2022-12,#N/A,#N/A,#N/A,[1] Operational,[A] Operational,,[1] Operational,[A] Operational,,[1] Operational,[A] Operational,,[1] Operational,[A] Operational,,[1] Operational,[A] Operational,,[1] Operational,[A] Operational,,[1] Operational,[A] Operational,,#N/A,#N/A,#N/A,#N/A,#N/A,#N/A,#N/A,#N/A,#N/A,#N/A,#N/A,#N/A,#N/A,#N/A,#N/A
04-034-23-000,04-34-23-000,"Rizal, Laguna",Rizal,Laguna,Region IV-A (CALABARZON),Municipality,5th,R4A,B,F,#REF!,#REF!,https://bpbc.ibpls.com/rizallaguna,https://prod.ebpls.com/rizallaguna,,#N/A,#N/A,#N/A,[1] Operational,[A] Operational,,[1] Operational,[A] Operational,,[1] Operational,[A] Operational,,[1] Operational,[A] Operational,,[1] Operational,[A] Operational,,[1] Operational,[A] Operational,,[1] Operational,[A] Operational,,#N/A,#N/A,#N/A,#N/A,#N/A,#N/A,#N/A,#N/A,#N/A,#N/A,#N/A,#N/A,#N/A,#N/A,#N/A
03-049-23-000,03-49-23-000,"Rizal, Nueva Ecija",Rizal,Nueva Ecija,Region III (Central Luzon),Municipality,2nd,R3,A,E,#REF!,#REF!,https://bpbc.ibpls.com/rizalnuevaecija,https://prod.ebpls.com/rizalnuevaecija,2022-12,#N/A,#N/A,#N/A,[1] Operational,[A] Operational,,[1] Operational,[A] Operational,,[1] Operational,[A] Operational,,[1] Operational,[A] Operational,,[1] Operational,[A] Operational,,[1] Operational,[A] Operational,,[1] Operational,[A] Operational,,#N/A,#N/A,#N/A,#N/A,#N/A,#N/A,#N/A,#N/A,#N/A,#N/A,#N/A,#N/A,#N/A,#N/A,#N/A
17-051-08-000,17-51-08-000,"Rizal, Occidental Mindoro",Rizal,Occidental Mindoro,MIMAROPA Region,Municipality,3rd,R4B,A,G,#REF!,#REF!,https://bpbc.ibpls.com/rizaloccidentalmindoro,https://prod.ebpls.com/rizaloccidentalmindoro/.php/login,2022-12,#N/A,#N/A,#N/A,[1] Operational,[A] Operational,,[1] Operational,[A] Operational,,[1] Operational,[A] Operational,,[1] Operational,[A] Operational,,[1] Operational,[A] Operational,,[1] Operational,[A] Operational,,[1] Operational,[A] Operational,,#N/A,#N/A,#N/A,#N/A,#N/A,#N/A,#N/A,#N/A,#N/A,#N/A,#N/A,#N/A,#N/A,#N/A,#N/A
17-053-23-000,17-53-23-000,"Rizal, Palawan",Rizal,Palawan,MIMAROPA Region,Municipality,1st,R4B,A,G,#REF!,#REF!,https://bpbc.ibpls.com/rizalpalawan,https://prod.ebpls.com/rizalpalawan/.php/login,2022-12,#N/A,#N/A,#N/A,[1] Operational,[A] Operational,,[1] Operational,[A] Operational,,[1] Operational,[A] Operational,,[1] Operational,[A] Operational,,[1] Operational,[A] Operational,,[1] Operational,[A] Operational,,[1] Operational,[A] Operational,,#N/A,#N/A,#N/A,#N/A,#N/A,#N/A,#N/A,#N/A,#N/A,#N/A,#N/A,#N/A,#N/A,#N/A,#N/A
09-072-12-000,09-72-12-000,"Rizal, Zamboanga del Norte",Rizal,Zamboanga del Norte,Region IX (Zamboanga Peninsula),Municipality,5th,R9,A,L,#REF!,#REF!,https://bpbc.ibpls.com/rizalzamboangadelnorte,https://prod.ebpls.com/rizalzamboangadelnorte,2022-12,#N/A,#N/A,#N/A,[1] Operational,[A] Operational,,[1] Operational,[A] Operational,,[1] Operational,[A] Operational,,[1] Operational,[A] Operational,,[1] Operational,[A] Operational,,[1] Operational,[A] Operational,,[1] Operational,[A] Operational,,#N/A,#N/A,#N/A,#N/A,#N/A,#N/A,#N/A,#N/A,#N/A,#N/A,#N/A,#N/A,#N/A,#N/A,#N/A
07-022-39-000,07-22-39-000,"Ronda, Cebu",Ronda,Cebu,Region VII (Central Visayas),Municipality,5th*,R7,B,J,#REF!,#REF!,https://bpbc.ibpls.com/rondacebu,https://prod.ebpls.com/rondacebu,,#N/A,#N/A,#N/A,[1] Operational,[A] Operational,,[1] Operational,[A] Operational,,[1] Operational,[A] Operational,,[1] Operational,[A] Operational,,[1] Operational,[A] Operational,,[1] Operational,[A] Operational,,[1] Operational,[A] Operational,,#N/A,#N/A,#N/A,#N/A,#N/A,#N/A,#N/A,#N/A,#N/A,#N/A,#N/A,#N/A,#N/A,#N/A,#N/A
01-055-31-000,01-55-31-000,"Rosales, Pangasinan",Rosales,Pangasinan,Region I (Ilocos Region),Municipality,1st,R1,B,C,#REF!,#REF!,https://bpbc.ibpls.com/rosalespangasinan,https://prod.ebpls.com/rosalespangasinan,,#N/A,#N/A,#N/A,[1] Operational,[A] Operational,,[1] Operational,[A] Operational,,[1] Operational,[A] Operational,,[1] Operational,[A] Operational,,[1] Operational,[A] Operational,,[1] Operational,[A] Operational,,[1] Operational,[A] Operational,,#N/A,#N/A,#N/A,#N/A,#N/A,#N/A,#N/A,#N/A,#N/A,#N/A,#N/A,#N/A,#N/A,#N/A,#N/A
02-015-21-000,02-15-21-000,"Rizal, Cagayan",Rizal,Cagayan,Region II (Cagayan Valley),Municipality,5th,R2,B,D,#REF!,#REF!,,https://prod.ebpls.com/rizalcagayan,,#N/A,#N/A,#N/A,[3] Ongoing Data Build-up,[B] Developmental,,[3] Ongoing Data Build-up,[B] Developmental,,[3] Ongoing Data Build-up,[B] Developmental,,[3] Ongoing Data Build-up,[B] Developmental,,[3] Ongoing Data Build-up,[B] Developmental,,[3] Ongoing Data Build-up,[B] Developmental,,[8] Withdraw,[D] Withdraw,,#N/A,#N/A,#N/A,#N/A,#N/A,#N/A,#N/A,#N/A,#N/A,#N/A,#N/A,#N/A,#N/A,#N/A,#N/A
08-048-16-000,08-48-16-000,"Rosario, Northern Samar",Rosario,Northern Samar,Region VIII (Eastern Visayas),Municipality,5th,R8,B,K,#REF!,#REF!,https://bpbc.ibpls.com/rosarionorthernsamar/,NO INSTANCE,,#N/A,#N/A,#N/A,[5] For Training,[C] For Training/Others,,[5] For Training,[C] For Training/Others,,[2] Pilot Testing,[B] Developmental,Done training,[2] Pilot Testing,[B] Developmental,Done training. For dry-run after election.,[2] Pilot Testing,[B] Developmental,Done training. For dry-run after election.,[2] Pilot Testing,[B] Developmental,"For orientation of business owners, deletion of test data, and waiting for actual client",[2] Pilot Testing,[B] Developmental,"Done orientation to business owners, waiting for implementation",#N/A,#N/A,#N/A,#N/A,#N/A,#N/A,#N/A,#N/A,#N/A,#N/A,#N/A,#N/A,#N/A,#N/A,#N/A
04-021-17-000,04-21-17-000,"Rosario, Cavite",Rosario,Cavite,Region IV-A (CALABARZON),Municipality,1st,R4A,B,F,#REF!,#REF!,https://bpbc.ibpls.com/rosariocavite,https://prod.ebpls.com/rosariocavite,2023-01,#N/A,#N/A,#N/A,[1] Operational,[A] Operational,,[1] Operational,[A] Operational,,[1] Operational,[A] Operational,,[1] Operational,[A] Operational,,[1] Operational,[A] Operational,,[1] Operational,[A] Operational,,[1] Operational,[A] Operational,,#N/A,#N/A,#N/A,#N/A,#N/A,#N/A,#N/A,#N/A,#N/A,#N/A,#N/A,#N/A,#N/A,#N/A,#N/A
01-033-13-000,01-33-13-000,"Rosario, La Union",Rosario,La Union,Region I (Ilocos Region),Municipality,1st,R1,B,C,#REF!,#REF!,https://bpbc.ibpls.com/rosariolaunion,https://prod.ebpls.com/rosariolaunion,,#N/A,#N/A,#N/A,[1] Operational,[A] Operational,,[1] Operational,[A] Operational,,[1] Operational,[A] Operational,,[1] Operational,[A] Operational,,[1] Operational,[A] Operational,,[1] Operational,[A] Operational,,[1] Operational,[A] Operational,,#N/A,#N/A,#N/A,#N/A,#N/A,#N/A,#N/A,#N/A,#N/A,#N/A,#N/A,#N/A,#N/A,#N/A,#N/A
09-083-12-000,09-83-12-000,"Roseller Lim, Zamboanga Sibugay",Roseller Lim,Zamboanga Sibugay,Region IX (Zamboanga Peninsula),Municipality,3rd,R9,B,L,#REF!,#REF!,https://bpbc.ibpls.com/rosellerlimzamboangasibugay,https://prod.ebpls.com/rosellertlimzamboangasibugay/.php/login,2023-01,#N/A,#N/A,#N/A,[1] Operational,[A] Operational,,[1] Operational,[A] Operational,,[1] Operational,[A] Operational,,[1] Operational,[A] Operational,,[1] Operational,[A] Operational,,[1] Operational,[A] Operational,,[1] Operational,[A] Operational,,#N/A,#N/A,#N/A,#N/A,#N/A,#N/A,#N/A,#N/A,#N/A,#N/A,#N/A,#N/A,#N/A,#N/A,#N/A
17-052-12-000,17-52-12-000,"Roxas, Oriental Mindoro",Roxas,Oriental Mindoro,MIMAROPA Region,Municipality,2nd,R4B,A,G,#REF!,#REF!,https://bpbc.ibpls.com/roxasorientalmindoro,https://prod.ebpls.com/roxasorientalmindoro/.php/login,2022-12,#N/A,#N/A,#N/A,[1] Operational,[A] Operational,,[1] Operational,[A] Operational,,[1] Operational,[A] Operational,,[1] Operational,[A] Operational,,[1] Operational,[A] Operational,,[1] Operational,[A] Operational,,[1] Operational,[A] Operational,,#N/A,#N/A,#N/A,#N/A,#N/A,#N/A,#N/A,#N/A,#N/A,#N/A,#N/A,#N/A,#N/A,#N/A,#N/A
17-053-18-000,17-53-18-000,"Roxas, Palawan",Roxas,Palawan,MIMAROPA Region,Municipality,1st,R4B,B,G,#REF!,#REF!,https://bpbc.ibpls.com/roxaspalawan,https://prod.ebpls.com/roxaspalawan,,#N/A,#N/A,#N/A,[1] Operational,[A] Operational,,[1] Operational,[A] Operational,,[1] Operational,[A] Operational,,[1] Operational,[A] Operational,,[1] Operational,[A] Operational,,[1] Operational,[A] Operational,,[1] Operational,[A] Operational,,#N/A,#N/A,#N/A,#N/A,#N/A,#N/A,#N/A,#N/A,#N/A,#N/A,#N/A,#N/A,#N/A,#N/A,#N/A
14-011-12-000,14-11-12-000,"Sablan, Benguet",Sablan,Benguet,Cordillera Administrative Region (CAR),Municipality,5th,CAR,A,B,#REF!,#REF!,https://bpbc.ibpls.com/sablanbenguet,https://prod.ebpls.com/sablanbenguet,2022-12,#N/A,#N/A,#N/A,[1] Operational,[A] Operational,,[1] Operational,[A] Operational,,[1] Operational,[A] Operational,,[1] Operational,[A] Operational,,[1] Operational,[A] Operational,,[1] Operational,[A] Operational,,[1] Operational,[A] Operational,,#N/A,#N/A,#N/A,#N/A,#N/A,#N/A,#N/A,#N/A,#N/A,#N/A,#N/A,#N/A,#N/A,#N/A,#N/A
17-051-09-000,17-51-09-000,"Sablayan, Occidental Mindoro",Sablayan,Occidental Mindoro,MIMAROPA Region,Municipality,1st,R4B,B,G,#REF!,#REF!,https://bpbc.ibpls.com/sablayanoccidentalmindoro,https://prod.ebpls.com/sablayanoccidentalmindoro/.php/login,2023-01,#N/A,#N/A,#N/A,[1] Operational,[A] Operational,,[1] Operational,[A] Operational,,[1] Operational,[A] Operational,,[1] Operational,[A] Operational,,[1] Operational,[A] Operational,,[1] Operational,[A] Operational,,[1] Operational,[A] Operational,,#N/A,#N/A,#N/A,#N/A,#N/A,#N/A,#N/A,#N/A,#N/A,#N/A,#N/A,#N/A,#N/A,#N/A,#N/A
10-018-05-000,10-18-05-000,"Sagay, Camiguin",Sagay,Camiguin,Region X (Northern Mindanao),Municipality,5th,R10,A,N,#REF!,#REF!,https://bpbc.ibpls.com/sagaycamiguin,https://prod.ebpls.com/sagaycamiguin,2022-12,#N/A,#N/A,#N/A,[1] Operational,[A] Operational,,[1] Operational,[A] Operational,,[1] Operational,[A] Operational,,[1] Operational,[A] Operational,,[1] Operational,[A] Operational,,[1] Operational,[A] Operational,,[1] Operational,[A] Operational,,#N/A,#N/A,#N/A,#N/A,#N/A,#N/A,#N/A,#N/A,#N/A,#N/A,#N/A,#N/A,#N/A,#N/A,#N/A
05-017-31-000,05-17-31-000,"Sagñay, Camarines Sur",Sagñay,Camarines Sur,Region V (Bicol Region),Municipality,4th,R5,B,H,#REF!,#REF!,https://bpbc.ibpls.com/sagnaycamarinessur,https://prod.ebpls.com/sagnaycamarinessur,,#N/A,#N/A,#N/A,[3] Ongoing Data Build-up,[B] Developmental,,[3] Ongoing Data Build-up,[B] Developmental,,[3] Ongoing Data Build-up,[B] Developmental,,[3] Ongoing Data Build-up,[B] Developmental,,[3] Ongoing Data Build-up,[B] Developmental,,[3] Ongoing Data Build-up,[B] Developmental,,[3] Ongoing Data Build-up,[B] Developmental,,#N/A,#N/A,#N/A,#N/A,#N/A,#N/A,#N/A,#N/A,#N/A,#N/A,#N/A,#N/A,#N/A,#N/A,#N/A
02-057-05-000,02-57-05-000,"Saguday, Quirino",Saguday,Quirino,Region II (Cagayan Valley),Municipality,5th,R2,A,D,#REF!,#REF!,https://bpbc.ibpls.com/sagudayquirino,https://prod.ebpls.com/sagudayquirino,2022-12,#N/A,#N/A,#N/A,[1] Operational,[A] Operational,,[1] Operational,[A] Operational,,[1] Operational,[A] Operational,,[1] Operational,[A] Operational,,[1] Operational,[A] Operational,,[1] Operational,[A] Operational,,[1] Operational,[A] Operational,,#N/A,#N/A,#N/A,#N/A,#N/A,#N/A,#N/A,#N/A,#N/A,#N/A,#N/A,#N/A,#N/A,#N/A,#N/A
08-064-12-000,08-64-12-000,"Saint Bernard, Southern Leyte",Saint Bernard,Southern Leyte,Region VIII (Eastern Visayas),Municipality,4th,R8,A,K,#REF!,#REF!,https://bpbc.ibpls.com/saintbernardsouthernleyte,https://prod.ebpls.com/saintbernardsouthernleyte,2022-12,#N/A,#N/A,#N/A,[1] Operational,[A] Operational,Normal Operations,[1] Operational,[A] Operational,,[1] Operational,[A] Operational,Normal Operations,[1] Operational,[A] Operational,Normal Operations,[1] Operational,[A] Operational,Normal Operations,[1] Operational,[A] Operational,Normal Operations,[1] Operational,[A] Operational,Normal Operations,#N/A,#N/A,#N/A,#N/A,#N/A,#N/A,#N/A,#N/A,#N/A,#N/A,#N/A,#N/A,#N/A,#N/A,#N/A
10-043-22-000,10-43-22-000,"Salay, Misamis Oriental",Salay,Misamis Oriental,Region X (Northern Mindanao),Municipality,4th,R10,A,N,#REF!,#REF!,https://bpbc.ibpls.com/salaymisamisoriental,https://prod.ebpls.com/salaymisamisoriental,2022-12,#N/A,#N/A,#N/A,[1] Operational,[A] Operational,,[1] Operational,[A] Operational,,[1] Operational,[A] Operational,,[1] Operational,[A] Operational,,[1] Operational,[A] Operational,,[1] Operational,[A] Operational,,[1] Operational,[A] Operational,,#N/A,#N/A,#N/A,#N/A,#N/A,#N/A,#N/A,#N/A,#N/A,#N/A,#N/A,#N/A,#N/A,#N/A,#N/A
08-026-19-000,08-26-19-000,"Salcedo, Eastern Samar",Salcedo,Eastern Samar,Region VIII (Eastern Visayas),Municipality,5th*,R8,A,K,#REF!,#REF!,https://bpbc.ibpls.com/salcedoeasternsamar,https://prod.ebpls.com/salcedoeasternsamar,2022-12,#N/A,#N/A,#N/A,[1] Operational,[A] Operational,Normal Operations,[1] Operational,[A] Operational,,[1] Operational,[A] Operational,Normal Operations,[1] Operational,[A] Operational,Normal Operations,[1] Operational,[A] Operational,Normal Operations,[1] Operational,[A] Operational,Normal Operations,[1] Operational,[A] Operational,Normal Operations,#N/A,#N/A,#N/A,#N/A,#N/A,#N/A,#N/A,#N/A,#N/A,#N/A,#N/A,#N/A,#N/A,#N/A,#N/A
09-072-13-000,09-72-13-000,"Salug, Zamboanga del Norte",Salug,Zamboanga del Norte,Region IX (Zamboanga Peninsula),Municipality,3rd,R9,A,L,#REF!,#REF!,https://bpbc.ibpls.com/salugzamboangadelnorte,https://prod.ebpls.com/salugzamboangadelnorte,2022-12,#N/A,#N/A,#N/A,[1] Operational,[A] Operational,,[1] Operational,[A] Operational,,[1] Operational,[A] Operational,,[1] Operational,[A] Operational,,[1] Operational,[A] Operational,,[1] Operational,[A] Operational,,[1] Operational,[A] Operational,,#N/A,#N/A,#N/A,#N/A,#N/A,#N/A,#N/A,#N/A,#N/A,#N/A,#N/A,#N/A,#N/A,#N/A,#N/A
03-008-12-000,03-08-12-000,"Samal, Bataan",Samal,Bataan,Region III (Central Luzon),Municipality,4th,R3,A,E,#REF!,#REF!,https://bpbc.ibpls.com/samalbataan,https://prod.ebpls.com/samalbataan/.php/login,2022-12,#N/A,#N/A,#N/A,[1] Operational,[A] Operational,,[1] Operational,[A] Operational,,[1] Operational,[A] Operational,,[1] Operational,[A] Operational,,[1] Operational,[A] Operational,,[1] Operational,[A] Operational,,[1] Operational,[A] Operational,,#N/A,#N/A,#N/A,#N/A,#N/A,#N/A,#N/A,#N/A,#N/A,#N/A,#N/A,#N/A,#N/A,#N/A,#N/A
07-022-40-000,07-22-40-000,"Samboan, Cebu",Samboan,Cebu,Region VII (Central Visayas),Municipality,5th,R7,B,J,#REF!,#REF!,https://bpbc.ibpls.com/samboancebu,https://prod.ebpls.com/samboancebu,,#N/A,#N/A,#N/A,[1] Operational,[A] Operational,,[1] Operational,[A] Operational,,[1] Operational,[A] Operational,,[1] Operational,[A] Operational,,[1] Operational,[A] Operational,,[1] Operational,[A] Operational,,[1] Operational,[A] Operational,,#N/A,#N/A,#N/A,#N/A,#N/A,#N/A,#N/A,#N/A,#N/A,#N/A,#N/A,#N/A,#N/A,#N/A,#N/A
04-056-39-000,04-56-39-000,"Sampaloc, Quezon",Sampaloc,Quezon,Region IV-A (CALABARZON),Municipality,5th,R4A,A,F,#REF!,#REF!,https://bpbc.ibpls.com/sampalocquezon,https://prod.ebpls.com/sampalocquezon,2022-12,#N/A,#N/A,#N/A,[1] Operational,[A] Operational,,[1] Operational,[A] Operational,,[1] Operational,[A] Operational,,[1] Operational,[A] Operational,,[1] Operational,[A] Operational,,[1] Operational,[A] Operational,,[1] Operational,[A] Operational,,#N/A,#N/A,#N/A,#N/A,#N/A,#N/A,#N/A,#N/A,#N/A,#N/A,#N/A,#N/A,#N/A,#N/A,#N/A
02-031-27-000,02-31-27-000,"San Agustin, Isabela",San Agustin,Isabela,Region II (Cagayan Valley),Municipality,3rd,R2,A,D,#REF!,#REF!,https://bpbc.ibpls.com/sanagustinisabela,https://prod.ebpls.com/sanagustinisabela,2022-12,#N/A,#N/A,#N/A,[1] Operational,[A] Operational,,[1] Operational,[A] Operational,,[1] Operational,[A] Operational,,[1] Operational,[A] Operational,,[1] Operational,[A] Operational,,[1] Operational,[A] Operational,,[1] Operational,[A] Operational,,#N/A,#N/A,#N/A,#N/A,#N/A,#N/A,#N/A,#N/A,#N/A,#N/A,#N/A,#N/A,#N/A,#N/A,#N/A
16-068-15-000,16-68-15-000,"San Agustin, Surigao del Sur",San Agustin,Surigao del Sur,Region XIII (Caraga),Municipality,4th,R13,A,O,#REF!,#REF!,https://bpbc.ibpls.com/sanagustinsurigaodelsur,https://prod.ebpls.com/sanagustinsurigaodelsur,2022-12,#N/A,#N/A,#N/A,[1] Operational,[A] Operational,,[1] Operational,[A] Operational,,[1] Operational,[A] Operational,,[1] Operational,[A] Operational,,[1] Operational,[A] Operational,,[1] Operational,[A] Operational,,[1] Operational,[A] Operational,,#N/A,#N/A,#N/A,#N/A,#N/A,#N/A,#N/A,#N/A,#N/A,#N/A,#N/A,#N/A,#N/A,#N/A,#N/A
17-059-12-000,17-59-12-000,"San Andres, Romblon",San Andres,Romblon,MIMAROPA Region,Municipality,5th,R4B,B,G,#REF!,#REF!,https://bpbc.ibpls.com/sanandresromblon,https://prod.ebpls.com/sanandresromblon/.php/login,,#N/A,#N/A,#N/A,[1] Operational,[A] Operational,,[1] Operational,[A] Operational,,[1] Operational,[A] Operational,,[1] Operational,[A] Operational,,[1] Operational,[A] Operational,,[1] Operational,[A] Operational,,[1] Operational,[A] Operational,,#N/A,#N/A,#N/A,#N/A,#N/A,#N/A,#N/A,#N/A,#N/A,#N/A,#N/A,#N/A,#N/A,#N/A,#N/A
08-048-17-000,08-48-17-000,"San Antonio, Northern Samar",San Antonio,Northern Samar,Region VIII (Eastern Visayas),Municipality,5th,R8,A,K,#REF!,#REF!,https://bpbc.ibpls.com/sanantonionorthernsamar,https://prod.ebpls.com/sanantonionorthernsamar,2022-12,#N/A,#N/A,#N/A,[1] Operational,[A] Operational,Normal Operations,[1] Operational,[A] Operational,,[1] Operational,[A] Operational,Normal Operations,[1] Operational,[A] Operational,Zero transactions for the month of May 2025,[1] Operational,[A] Operational,Zero transactions for the month of May 2025,[1] Operational,[A] Operational,Normal Operations,[1] Operational,[A] Operational,Normal Operations,#N/A,#N/A,#N/A,#N/A,#N/A,#N/A,#N/A,#N/A,#N/A,#N/A,#N/A,#N/A,#N/A,#N/A,#N/A
04-056-41-000,04-56-41-000,"San Antonio, Quezon",San Antonio,Quezon,Region IV-A (CALABARZON),Municipality,4th,R4A,A,F,#REF!,#REF!,https://bpbc.ibpls.com/sanantonioquezon,https://prod.ebpls.com/sanantonioquezon,2022-12,#N/A,#N/A,#N/A,[1] Operational,[A] Operational,,[1] Operational,[A] Operational,,[1] Operational,[A] Operational,,[1] Operational,[A] Operational,,[1] Operational,[A] Operational,,[1] Operational,[A] Operational,,[1] Operational,[A] Operational,,#N/A,#N/A,#N/A,#N/A,#N/A,#N/A,#N/A,#N/A,#N/A,#N/A,#N/A,#N/A,#N/A,#N/A,#N/A
03-071-09-000,03-71-09-000,"San Antonio, Zambales",San Antonio,Zambales,Region III (Central Luzon),Municipality,2nd,R3,A,E,#REF!,#REF!,https://bpbc.ibpls.com/sanantoniozambales,https://prod.ebpls.com/sanantoniozambales/.php/login,2022-12,#N/A,#N/A,#N/A,[1] Operational,[A] Operational,,[1] Operational,[A] Operational,,[1] Operational,[A] Operational,,[1] Operational,[A] Operational,,[1] Operational,[A] Operational,,[1] Operational,[A] Operational,,[1] Operational,[A] Operational,,#N/A,#N/A,#N/A,#N/A,#N/A,#N/A,#N/A,#N/A,#N/A,#N/A,#N/A,#N/A,#N/A,#N/A,#N/A
03-069-13-000,03-69-13-000,"San Clemente, Tarlac",San Clemente,Tarlac,Region III (Central Luzon),Municipality,5th,R3,A,E,#REF!,#REF!,https://bpbc.ibpls.com/sanclementetarlac,https://prod.ebpls.com/sanclementetarlac/.php/login,2022-12,#N/A,#N/A,#N/A,[1] Operational,[A] Operational,,[1] Operational,[A] Operational,,[1] Operational,[A] Operational,,[1] Operational,[A] Operational,,[1] Operational,[A] Operational,,[1] Operational,[A] Operational,,[1] Operational,[A] Operational,,#N/A,#N/A,#N/A,#N/A,#N/A,#N/A,#N/A,#N/A,#N/A,#N/A,#N/A,#N/A,#N/A,#N/A,#N/A
01-029-18-000,01-29-18-000,"San Esteban, Ilocos Sur",San Esteban,Ilocos Sur,Region I (Ilocos Region),Municipality,5th,R1,A,C,#REF!,#REF!,https://bpbc.ibpls.com/sanestebanilocossur,https://prod.ebpls.com/sanestebanilocossur,2022-12,#N/A,#N/A,#N/A,[1] Operational,[A] Operational,,[1] Operational,[A] Operational,,[1] Operational,[A] Operational,,[1] Operational,[A] Operational,,[1] Operational,[A] Operational,,[1] Operational,[A] Operational,,[1] Operational,[A] Operational,,#N/A,#N/A,#N/A,#N/A,#N/A,#N/A,#N/A,#N/A,#N/A,#N/A,#N/A,#N/A,#N/A,#N/A,#N/A
01-055-33-000,01-55-33-000,"San Fabian, Pangasinan",San Fabian,Pangasinan,Region I (Ilocos Region),Municipality,1st,R1,A,C,#REF!,#REF!,https://bpbc.ibpls.com/sanfabianpangasinan,https://prod.ebpls.com/sanfabianpangasinan,2022-12,#N/A,#N/A,#N/A,[1] Operational,[A] Operational,,[1] Operational,[A] Operational,,[1] Operational,[A] Operational,,[1] Operational,[A] Operational,,[1] Operational,[A] Operational,,[1] Operational,[A] Operational,,[1] Operational,[A] Operational,,#N/A,#N/A,#N/A,#N/A,#N/A,#N/A,#N/A,#N/A,#N/A,#N/A,#N/A,#N/A,#N/A,#N/A,#N/A
03-071-10-000,03-71-10-000,"San Felipe, Zambales",San Felipe,Zambales,Region III (Central Luzon),Municipality,4th,R3,A,E,#REF!,#REF!,https://bpbc.ibpls.com/sanfelipezambales,https://prod.ebpls.com/sanfelipezambales,2022-12,#N/A,#N/A,#N/A,[1] Operational,[A] Operational,,[1] Operational,[A] Operational,,[1] Operational,[A] Operational,,[1] Operational,[A] Operational,,[1] Operational,[A] Operational,,[1] Operational,[A] Operational,,[1] Operational,[A] Operational,,#N/A,#N/A,#N/A,#N/A,#N/A,#N/A,#N/A,#N/A,#N/A,#N/A,#N/A,#N/A,#N/A,#N/A,#N/A
10-013-18-000,10-13-18-000,"San Fernando, Bukidnon",San Fernando,Bukidnon,Region X (Northern Mindanao),Municipality,1st,R10,A,N,#REF!,#REF!,https://bpbc.ibpls.com/sanfernandobukidnon,https://prod.ebpls.com/sanfernandobukidnon,2022-12,#N/A,#N/A,#N/A,[1] Operational,[A] Operational,,[1] Operational,[A] Operational,,[1] Operational,[A] Operational,,[1] Operational,[A] Operational,,[1] Operational,[A] Operational,,[1] Operational,[A] Operational,,[1] Operational,[A] Operational,,#N/A,#N/A,#N/A,#N/A,#N/A,#N/A,#N/A,#N/A,#N/A,#N/A,#N/A,#N/A,#N/A,#N/A,#N/A
17-059-13-000,17-59-13-000,"San Fernando, Romblon",San Fernando,Romblon,MIMAROPA Region,Municipality,4th,R4B,B,G,#REF!,#REF!,https://bpbc.ibpls.com/sanfernandoromblon,https://prod.ebpls.com/sanfernandoromblon/.php/login,,#N/A,#N/A,#N/A,[1] Operational,[A] Operational,,[1] Operational,[A] Operational,,[1] Operational,[A] Operational,,[1] Operational,[A] Operational,,[1] Operational,[A] Operational,,[1] Operational,[A] Operational,,[1] Operational,[A] Operational,,#N/A,#N/A,#N/A,#N/A,#N/A,#N/A,#N/A,#N/A,#N/A,#N/A,#N/A,#N/A,#N/A,#N/A,#N/A
16-003-08-000,16-03-08-000,"San Francisco, Agusan del Sur",San Francisco,Agusan del Sur,Region XIII (Caraga),Municipality,1st,R13,A,O,#REF!,#REF!,https://bpbc.ibpls.com/sanfranciscoagusandelsur,https://prod.ebpls.com/sanfranciscoagusandelsur,2022-12,#N/A,#N/A,#N/A,[1] Operational,[A] Operational,,[1] Operational,[A] Operational,,[1] Operational,[A] Operational,,[1] Operational,[A] Operational,,[1] Operational,[A] Operational,,[1] Operational,[A] Operational,,[1] Operational,[A] Operational,,#N/A,#N/A,#N/A,#N/A,#N/A,#N/A,#N/A,#N/A,#N/A,#N/A,#N/A,#N/A,#N/A,#N/A,#N/A
07-022-42-000,07-22-42-000,"San Francisco, Cebu",San Francisco,Cebu,Region VII (Central Visayas),Municipality,3rd,R7,A,J,#REF!,#REF!,https://bpbc.ibpls.com/sanfranciscocebu,https://prod.ebpls.com/sanfranciscocebu,2022-12,#N/A,#N/A,#N/A,[1] Operational,[A] Operational,,[1] Operational,[A] Operational,,[1] Operational,[A] Operational,,[1] Operational,[A] Operational,,[1] Operational,[A] Operational,,[1] Operational,[A] Operational,,[1] Operational,[A] Operational,,#N/A,#N/A,#N/A,#N/A,#N/A,#N/A,#N/A,#N/A,#N/A,#N/A,#N/A,#N/A,#N/A,#N/A,#N/A
08-064-13-000,08-64-13-000,"San Francisco, Southern Leyte",San Francisco,Southern Leyte,Region VIII (Eastern Visayas),Municipality,5th,R8,A,K,#REF!,#REF!,https://bpbc.ibpls.com/sanfranciscosouthernleyte,https://prod.ebpls.com/sanfranciscosouthernleyte,2022-12,#N/A,#N/A,#N/A,[1] Operational,[A] Operational,Normal Operations,[1] Operational,[A] Operational,,[1] Operational,[A] Operational,Normal Operations,[1] Operational,[A] Operational,Normal Operations,[1] Operational,[A] Operational,Normal Operations,[1] Operational,[A] Operational,Normal Operations,[1] Operational,[A] Operational,Normal Operations,#N/A,#N/A,#N/A,#N/A,#N/A,#N/A,#N/A,#N/A,#N/A,#N/A,#N/A,#N/A,#N/A,#N/A,#N/A
16-067-19-000,16-67-19-000,"San Francisco, Surigao del Norte",San Francisco,Surigao del Norte,Region XIII (Caraga),Municipality,5th,R13,A,O,#REF!,#REF!,https://bpbc.ibpls.com/sanfranciscosurigaodelnorte,https://prod.ebpls.com/sanfranciscosurigaodelnorte,2022-12,#N/A,#N/A,#N/A,[1] Operational,[A] Operational,,[1] Operational,[A] Operational,,[1] Operational,[A] Operational,,[1] Operational,[A] Operational,,[1] Operational,[A] Operational,,[1] Operational,[A] Operational,,[1] Operational,[A] Operational,,#N/A,#N/A,#N/A,#N/A,#N/A,#N/A,#N/A,#N/A,#N/A,#N/A,#N/A,#N/A,#N/A,#N/A,#N/A
01-033-15-000,01-33-15-000,"San Gabriel, La Union",San Gabriel,La Union,Region I (Ilocos Region),Municipality,4th,R1,B,C,#REF!,#REF!,https://bpbc.ibpls.com/sangabriellaunion,https://prod.ebpls.com/sangabriellaunion,,#N/A,#N/A,#N/A,[1] Operational,[A] Operational,,[1] Operational,[A] Operational,,[1] Operational,[A] Operational,,[1] Operational,[A] Operational,,[1] Operational,[A] Operational,,[1] Operational,[A] Operational,,[1] Operational,[A] Operational,,#N/A,#N/A,#N/A,#N/A,#N/A,#N/A,#N/A,#N/A,#N/A,#N/A,#N/A,#N/A,#N/A,#N/A,#N/A
02-031-28-000,02-31-28-000,"San Guillermo, Isabela",San Guillermo,Isabela,Region II (Cagayan Valley),Municipality,4th,R2,B,D,#REF!,#REF!,https://bpbc.ibpls.com/sanguillermoisabela,https://prod.ebpls.com/sanguillermoisabela,2023-01,#N/A,#N/A,#N/A,[1] Operational,[A] Operational,,[1] Operational,[A] Operational,,[1] Operational,[A] Operational,,[1] Operational,[A] Operational,,[1] Operational,[A] Operational,,[1] Operational,[A] Operational,,[1] Operational,[A] Operational,,#N/A,#N/A,#N/A,#N/A,#N/A,#N/A,#N/A,#N/A,#N/A,#N/A,#N/A,#N/A,#N/A,#N/A,#N/A
03-014-19-000,03-14-19-000,"San Ildefonso, Bulacan",San Ildefonso,Bulacan,Region III (Central Luzon),Municipality,1st,R3,A,E,#REF!,#REF!,https://bpbc.ibpls.com/sanildefonsobulacan,https://prod.ebpls.com/sanildefonsobulacan,2022-12,#N/A,#N/A,#N/A,[1] Operational,[A] Operational,,[1] Operational,[A] Operational,,[1] Operational,[A] Operational,,[1] Operational,[A] Operational,,[1] Operational,[A] Operational,,[1] Operational,[A] Operational,,[1] Operational,[A] Operational,,#N/A,#N/A,#N/A,#N/A,#N/A,#N/A,#N/A,#N/A,#N/A,#N/A,#N/A,#N/A,#N/A,#N/A,#N/A
01-029-19-000,01-29-19-000,"San Ildefonso, Ilocos Sur",San Ildefonso,Ilocos Sur,Region I (Ilocos Region),Municipality,5th,R1,B,C,#REF!,#REF!,https://bpbc.ibpls.com/sanildefonsoilocossur,https://prod.ebpls.com/sanildefonsoilocossur,,#N/A,#N/A,#N/A,[1] Operational,[A] Operational,,[1] Operational,[A] Operational,,[1] Operational,[A] Operational,,[1] Operational,[A] Operational,,[1] Operational,[A] Operational,,[1] Operational,[A] Operational,,[1] Operational,[A] Operational,,#N/A,#N/A,#N/A,#N/A,#N/A,#N/A,#N/A,#N/A,#N/A,#N/A,#N/A,#N/A,#N/A,#N/A,#N/A
11-025-10-000,11-25-10-000,"San Isidro, Davao Oriental",San Isidro,Davao Oriental,Region XI (Davao Region),Municipality,3rd,R11,A,P,#REF!,#REF!,https://bpbc.ibpls.com/sanisidrodavaooriental,https://prod.ebpls.com/sanisidrodavaooriental,2022-12,#N/A,#N/A,#N/A,[1] Operational,[A] Operational,,[1] Operational,[A] Operational,,[1] Operational,[A] Operational,,[1] Operational,[A] Operational,,[1] Operational,[A] Operational,,[1] Operational,[A] Operational,,[1] Operational,[A] Operational,,#N/A,#N/A,#N/A,#N/A,#N/A,#N/A,#N/A,#N/A,#N/A,#N/A,#N/A,#N/A,#N/A,#N/A,#N/A
02-031-29-000,02-31-29-000,"San Isidro, Isabela",San Isidro,Isabela,Region II (Cagayan Valley),Municipality,5th,R2,A,D,#REF!,#REF!,https://bpbc.ibpls.com/sanisidroisabela,https://prod.ebpls.com/sanisidroisabela,2022-12,#N/A,#N/A,#N/A,[1] Operational,[A] Operational,,[1] Operational,[A] Operational,,[1] Operational,[A] Operational,,[1] Operational,[A] Operational,,[1] Operational,[A] Operational,,[1] Operational,[A] Operational,,[1] Operational,[A] Operational,,#N/A,#N/A,#N/A,#N/A,#N/A,#N/A,#N/A,#N/A,#N/A,#N/A,#N/A,#N/A,#N/A,#N/A,#N/A
03-049-25-000,03-49-25-000,"San Isidro, Nueva Ecija",San Isidro,Nueva Ecija,Region III (Central Luzon),Municipality,2nd,R3,B,E,#REF!,#REF!,https://bpbc.ibpls.com/sanisidronuevaecija,https://prod.ebpls.com/sanisidronuevaecija,2023-01,#N/A,#N/A,#N/A,[1] Operational,[A] Operational,,[1] Operational,[A] Operational,,[1] Operational,[A] Operational,,[1] Operational,[A] Operational,,[1] Operational,[A] Operational,,[1] Operational,[A] Operational,,[1] Operational,[A] Operational,,#N/A,#N/A,#N/A,#N/A,#N/A,#N/A,#N/A,#N/A,#N/A,#N/A,#N/A,#N/A,#N/A,#N/A,#N/A
16-067-20-000,16-67-20-000,"San Isidro, Surigao del Norte",San Isidro,Surigao del Norte,Region XIII (Caraga),Municipality,5th,R13,A,O,#REF!,#REF!,https://bpbc.ibpls.com/sanisidrosurigaodelnorte,https://prod.ebpls.com/sanisidrosurigaodelnorte,2022-12,#N/A,#N/A,#N/A,[1] Operational,[A] Operational,,[1] Operational,[A] Operational,,[1] Operational,[A] Operational,,[1] Operational,[A] Operational,,[1] Operational,[A] Operational,,[1] Operational,[A] Operational,,[1] Operational,[A] Operational,,#N/A,#N/A,#N/A,#N/A,#N/A,#N/A,#N/A,#N/A,#N/A,#N/A,#N/A,#N/A,#N/A,#N/A,#N/A
06-030-40-000,06-30-40-000,"San Joaquin, Iloilo",San Joaquin,Iloilo,Region VI (Western Visayas),Municipality,2nd,R6,A,I,#REF!,#REF!,https://bpbc.ibpls.com/sanjoaquiniloilo,https://prod.ebpls.com/sanjoaquiniloilo,2022-12,#N/A,#N/A,#N/A,[1] Operational,[A] Operational,,[1] Operational,[A] Operational,,[1] Operational,[A] Operational,,[1] Operational,[A] Operational,,[1] Operational,[A] Operational,,[1] Operational,[A] Operational,,[1] Operational,[A] Operational,,#N/A,#N/A,#N/A,#N/A,#N/A,#N/A,#N/A,#N/A,#N/A,#N/A,#N/A,#N/A,#N/A,#N/A,#N/A
08-060-25-000,08-60-25-000,"San Jorge, Samar",San Jorge,Samar,Region VIII (Eastern Visayas),Municipality,4th,R8,A,K,#REF!,#REF!,https://bpbc.ibpls.com/sanjorgesamar,https://prod.ebpls.com/sanjorgesamar,2022-12,#N/A,#N/A,#N/A,[1] Operational,[A] Operational,Normal Operations,[1] Operational,[A] Operational,,[1] Operational,[A] Operational,Normal Operations,[1] Operational,[A] Operational,Normal Operations,[1] Operational,[A] Operational,Normal Operations,[1] Operational,[A] Operational,Normal Operations,[1] Operational,[A] Operational,Normal Operations,#N/A,#N/A,#N/A,#N/A,#N/A,#N/A,#N/A,#N/A,#N/A,#N/A,#N/A,#N/A,#N/A,#N/A,#N/A
05-017-33-000,05-17-33-000,"San Jose, Camarines Sur",San Jose,Camarines Sur,Region V (Bicol Region),Municipality,4th,R5,B,H,#REF!,#REF!,https://bpbc.ibpls.com/sanjosecamarinessur,https://prod.ebpls.com/sanjosecamarinessur,,#N/A,#N/A,#N/A,[1] Operational,[A] Operational,,[1] Operational,[A] Operational,,[1] Operational,[A] Operational,,[1] Operational,[A] Operational,,[1] Operational,[A] Operational,,[1] Operational,[A] Operational,,[1] Operational,[A] Operational,,#N/A,#N/A,#N/A,#N/A,#N/A,#N/A,#N/A,#N/A,#N/A,#N/A,#N/A,#N/A,#N/A,#N/A,#N/A
16-085-06-000,16-85-06-000,"San Jose, Dinagat Islands",San Jose,Dinagat Islands,Region XIII (Caraga),Municipality,4th*,R13,A,O,#REF!,#REF!,https://bpbc.ibpls.com/sanjosedinagatislands,	https://prod.ebpls.com/sanjosedinagatislands,2022-12,#N/A,#N/A,#N/A,[6] With Concerns,[C] For Training/Others,,[6] With Concerns,[C] For Training/Others,,[6] With Concerns,[C] For Training/Others,,[6] With Concerns,[C] For Training/Others,,[6] With Concerns,[C] For Training/Others,,[6] With Concerns,[C] For Training/Others,,[6] With Concerns,[C] For Training/Others,,#N/A,#N/A,#N/A,#N/A,#N/A,#N/A,#N/A,#N/A,#N/A,#N/A,#N/A,#N/A,#N/A,#N/A,#N/A
07-046-17-000,07-46-17-000,"San Jose, Negros Oriental",San Jose,Negros Oriental,Region VII (Central Visayas),Municipality,5th,R7,B,J,#REF!,#REF!,https://bpbc.ibpls.com/sanjosenegrosoriental,https://prod.ebpls.com/sanjosenegrosoriental,,#N/A,#N/A,#N/A,[1] Operational,[A] Operational,,[1] Operational,[A] Operational,,[1] Operational,[A] Operational,,[1] Operational,[A] Operational,,[1] Operational,[A] Operational,,[1] Operational,[A] Operational,,[1] Operational,[A] Operational,,#N/A,#N/A,#N/A,#N/A,#N/A,#N/A,#N/A,#N/A,#N/A,#N/A,#N/A,#N/A,#N/A,#N/A,#N/A
08-048-19-000,08-48-19-000,"San Jose, Northern Samar",San Jose,Northern Samar,Region VIII (Eastern Visayas),Municipality,5th,R8,B,K,#REF!,#REF!,https://bpbc.ibpls.com/sanjosenorthernsamar,https://prod.ebpls.com/sanjosenorthernsamar,,#N/A,#N/A,#N/A,[2] Pilot Testing,[B] Developmental,,[2] Pilot Testing,[B] Developmental,,[2] Pilot Testing,[B] Developmental,"For orientation of business owners, ready for implementation",[2] Pilot Testing,[B] Developmental,"For orientation of business owners, ready for implementation, waiting for first client",[2] Pilot Testing,[B] Developmental,"For orientation of business owners, ready for implementation, waiting for first client",[2] Pilot Testing,[B] Developmental,"For orientation of business owners, ready for implementation, waiting for first client",[2] Pilot Testing,[B] Developmental,"Done orientation to business owners, waiting for implementation",#N/A,#N/A,#N/A,#N/A,#N/A,#N/A,#N/A,#N/A,#N/A,#N/A,#N/A,#N/A,#N/A,#N/A,#N/A
17-051-10-000,17-51-10-000,"San Jose, Occidental Mindoro",San Jose,Occidental Mindoro,MIMAROPA Region,Municipality,1st,R4B,A,G,#REF!,#REF!,https://bpbc.ibpls.com/sanjoseoccidentalmindoro,https://prod.ebpls.com/sanjoseoccidentalmindoro/.php/login,2022-12,#N/A,#N/A,#N/A,[1] Operational,[A] Operational,,[1] Operational,[A] Operational,,[1] Operational,[A] Operational,,[1] Operational,[A] Operational,,[1] Operational,[A] Operational,,[1] Operational,[A] Operational,,[1] Operational,[A] Operational,,#N/A,#N/A,#N/A,#N/A,#N/A,#N/A,#N/A,#N/A,#N/A,#N/A,#N/A,#N/A,#N/A,#N/A,#N/A
17-059-14-000,17-59-14-000,"San Jose, Romblon",San Jose,Romblon,MIMAROPA Region,Municipality,5th,R4B,A,G,#REF!,#REF!,https://bpbc.ibpls.com/sanjoseromblon,https://prod.ebpls.com/sanjoseromblon/.php/login,2022-12,#N/A,#N/A,#N/A,[1] Operational,[A] Operational,,[1] Operational,[A] Operational,,[1] Operational,[A] Operational,,[1] Operational,[A] Operational,,[1] Operational,[A] Operational,,[1] Operational,[A] Operational,,[1] Operational,[A] Operational,,#N/A,#N/A,#N/A,#N/A,#N/A,#N/A,#N/A,#N/A,#N/A,#N/A,#N/A,#N/A,#N/A,#N/A,#N/A
03-069-18-000,03-69-18-000,"San Jose, Tarlac",San Jose,Tarlac,Region III (Central Luzon),Municipality,3rd,R3,A,E,#REF!,#REF!,https://bpbc.ibpls.com/sanjosetarlac,https://prod.ebpls.com/sanjosetarlac,2022-12,#N/A,#N/A,#N/A,[1] Operational,[A] Operational,,[1] Operational,[A] Operational,,[1] Operational,[A] Operational,,[1] Operational,[A] Operational,,[1] Operational,[A] Operational,,[1] Operational,[A] Operational,,[1] Operational,[A] Operational,,#N/A,#N/A,#N/A,#N/A,#N/A,#N/A,#N/A,#N/A,#N/A,#N/A,#N/A,#N/A,#N/A,#N/A,#N/A
04-010-23-000,04-10-23-000,"San Juan, Batangas",San Juan,Batangas,Region IV-A (CALABARZON),Municipality,1st,R4A,B,F,#REF!,#REF!,https://bpbc.ibpls.com/sanjuanbatangas,NO INSTANCE,,#N/A,#N/A,#N/A,[2] Pilot Testing,[B] Developmental,,[2] Pilot Testing,[B] Developmental,,[2] Pilot Testing,[B] Developmental,,[2] Pilot Testing,[B] Developmental,,[2] Pilot Testing,[B] Developmental,,[2] Pilot Testing,[B] Developmental,,[2] Pilot Testing,[B] Developmental,,#N/A,#N/A,#N/A,#N/A,#N/A,#N/A,#N/A,#N/A,#N/A,#N/A,#N/A,#N/A,#N/A,#N/A,#N/A
01-029-20-000,01-29-20-000,"San Juan, Ilocos Sur",San Juan,Ilocos Sur,Region I (Ilocos Region),Municipality,3rd,R1,A,C,#REF!,#REF!,https://bpbc.ibpls.com/sanjuanilocossur,https://prod.ebpls.com/sanjuanilocossur,2022-12,#N/A,#N/A,#N/A,[1] Operational,[A] Operational,,[1] Operational,[A] Operational,,[1] Operational,[A] Operational,,[1] Operational,[A] Operational,,[1] Operational,[A] Operational,,[1] Operational,[A] Operational,,[1] Operational,[A] Operational,,#N/A,#N/A,#N/A,#N/A,#N/A,#N/A,#N/A,#N/A,#N/A,#N/A,#N/A,#N/A,#N/A,#N/A,#N/A
07-061-05-000,07-61-05-000,"San Juan, Siquijor",San Juan,Siquijor,Region VII (Central Visayas),Municipality,5th,R7,A,J,#REF!,#REF!,https://bpbc.ibpls.com/sanjuansiquijor,https://prod.ebpls.com/sanjuansiquijor,2022-12,#N/A,#N/A,#N/A,[1] Operational,[A] Operational,,[1] Operational,[A] Operational,,[1] Operational,[A] Operational,,[1] Operational,[A] Operational,,[1] Operational,[A] Operational,,[1] Operational,[A] Operational,,[1] Operational,[A] Operational,,#N/A,#N/A,#N/A,#N/A,#N/A,#N/A,#N/A,#N/A,#N/A,#N/A,#N/A,#N/A,#N/A,#N/A,#N/A
08-064-14-000,08-64-14-000,"San Juan, Southern Leyte",San Juan,Southern Leyte,Region VIII (Eastern Visayas),Municipality,5th,R8,A,K,#REF!,#REF!,https://bpbc.ibpls.com/sanjuansouthernleyte,https://prod.ebpls.com/sanjuansouthernleyte,2022-12,#N/A,#N/A,#N/A,[1] Operational,[A] Operational,Normal Operations,[1] Operational,[A] Operational,,[1] Operational,[A] Operational,Normal Operations,[1] Operational,[A] Operational,Normal Operations,[1] Operational,[A] Operational,Normal Operations,[1] Operational,[A] Operational,Normal Operations,[1] Operational,[A] Operational,Normal Operations,#N/A,#N/A,#N/A,#N/A,#N/A,#N/A,#N/A,#N/A,#N/A,#N/A,#N/A,#N/A,#N/A,#N/A,#N/A
08-026-20-000,08-26-20-000,"San Julian, Eastern Samar",San Julian,Eastern Samar,Region VIII (Eastern Visayas),Municipality,5th,R8,A,K,#REF!,#REF!,https://bpbc.ibpls.com/sanjulianeasternsamar,https://prod.ebpls.com/sanjulianeasternsamar,2022-12,#N/A,#N/A,#N/A,[1] Operational,[A] Operational,Normal Operations,[1] Operational,[A] Operational,,[1] Operational,[A] Operational,Normal Operations,[1] Operational,[A] Operational,Normal Operations,[1] Operational,[A] Operational,Normal Operations,[1] Operational,[A] Operational,Normal Operations,[1] Operational,[A] Operational,Normal Operations,#N/A,#N/A,#N/A,#N/A,#N/A,#N/A,#N/A,#N/A,#N/A,#N/A,#N/A,#N/A,#N/A,#N/A,#N/A
03-077-08-000,03-77-08-000,"San Luis, Aurora",San Luis,Aurora,Region III (Central Luzon),Municipality,2nd,R3,A,E,#REF!,#REF!,https://bpbc.ibpls.com/sanluisaurora,https://prod.ebpls.com/sanluisaurora/.php/login,2022-12,#N/A,#N/A,#N/A,[1] Operational,[A] Operational,,[1] Operational,[A] Operational,,[1] Operational,[A] Operational,,[1] Operational,[A] Operational,,[1] Operational,[A] Operational,,[1] Operational,[A] Operational,,[1] Operational,[A] Operational,,#N/A,#N/A,#N/A,#N/A,#N/A,#N/A,#N/A,#N/A,#N/A,#N/A,#N/A,#N/A,#N/A,#N/A,#N/A
04-010-24-000,04-10-24-000,"San Luis, Batangas",San Luis,Batangas,Region IV-A (CALABARZON),Municipality,4th,R4A,A,F,#REF!,#REF!,https://bpbc.ibpls.com/sanluisbatangas,https://prod.ebpls.com/sanluisbatangas,2022-12,#N/A,#N/A,#N/A,[1] Operational,[A] Operational,,[1] Operational,[A] Operational,,[1] Operational,[A] Operational,,[1] Operational,[A] Operational,,[1] Operational,[A] Operational,,[1] Operational,[A] Operational,,[1] Operational,[A] Operational,,#N/A,#N/A,#N/A,#N/A,#N/A,#N/A,#N/A,#N/A,#N/A,#N/A,#N/A,#N/A,#N/A,#N/A,#N/A
03-054-17-000,03-54-17-000,"San Luis, Pampanga",San Luis,Pampanga,Region III (Central Luzon),Municipality,3rd,R3,A,E,#REF!,#REF!,https://bpbc.ibpls.com/sanluispampanga,https://prod.ebpls.com/sanluispampanga/.php/login,2022-12,#N/A,#N/A,#N/A,[1] Operational,[A] Operational,,[1] Operational,[A] Operational,,[1] Operational,[A] Operational,,[1] Operational,[A] Operational,,[1] Operational,[A] Operational,,[1] Operational,[A] Operational,,[1] Operational,[A] Operational,,#N/A,#N/A,#N/A,#N/A,#N/A,#N/A,#N/A,#N/A,#N/A,#N/A,#N/A,#N/A,#N/A,#N/A,#N/A
02-031-30-000,02-31-30-000,"San Manuel, Isabela",San Manuel,Isabela,Region II (Cagayan Valley),Municipality,4th,R2,A,D,#REF!,#REF!,https://bpbc.ibpls.com/sanmanuelisabela,https://prod.ebpls.com/sanmanuelisabela/,2022-12,#N/A,#N/A,#N/A,[1] Operational,[A] Operational,,[1] Operational,[A] Operational,,[1] Operational,[A] Operational,,[1] Operational,[A] Operational,,[1] Operational,[A] Operational,,[1] Operational,[A] Operational,,[1] Operational,[A] Operational,,#N/A,#N/A,#N/A,#N/A,#N/A,#N/A,#N/A,#N/A,#N/A,#N/A,#N/A,#N/A,#N/A,#N/A,#N/A
01-055-35-000,01-55-35-000,"San Manuel, Pangasinan",San Manuel,Pangasinan,Region I (Ilocos Region),Municipality,1st,R1,A,C,#REF!,#REF!,https://bpbc.ibpls.com/sanmanuelpangasinan,https://prod.ebpls.com/sanmanuelpangasinan,2022-12,#N/A,#N/A,#N/A,[1] Operational,[A] Operational,,[1] Operational,[A] Operational,,[1] Operational,[A] Operational,,[1] Operational,[A] Operational,,[1] Operational,[A] Operational,,[1] Operational,[A] Operational,,[1] Operational,[A] Operational,,#N/A,#N/A,#N/A,#N/A,#N/A,#N/A,#N/A,#N/A,#N/A,#N/A,#N/A,#N/A,#N/A,#N/A,#N/A
03-069-14-000,03-69-14-000,"San Manuel, Tarlac",San Manuel,Tarlac,Region III (Central Luzon),Municipality,4th,R3,A,E,#REF!,#REF!,https://bpbc.ibpls.com/sanmanueltarlac,https://prod.ebpls.com/sanmanueltarlac/.php/login,2022-12,#N/A,#N/A,#N/A,[1] Operational,[A] Operational,,[1] Operational,[A] Operational,,[1] Operational,[A] Operational,,[1] Operational,[A] Operational,,[1] Operational,[A] Operational,,[1] Operational,[A] Operational,,[1] Operational,[A] Operational,,#N/A,#N/A,#N/A,#N/A,#N/A,#N/A,#N/A,#N/A,#N/A,#N/A,#N/A,#N/A,#N/A,#N/A,#N/A
03-071-11-000,03-71-11-000,"San Marcelino, Zambales",San Marcelino,Zambales,Region III (Central Luzon),Municipality,1st,R3,A,E,#REF!,#REF!,https://bpbc.ibpls.com/sanmarcelinozambales,https://prod.ebpls.com/sanmarcelinozambales/.php/login,2022-12,#N/A,#N/A,#N/A,[1] Operational,[A] Operational,,[1] Operational,[A] Operational,,[1] Operational,[A] Operational,,[1] Operational,[A] Operational,,[1] Operational,[A] Operational,,[1] Operational,[A] Operational,,[1] Operational,[A] Operational,,#N/A,#N/A,#N/A,#N/A,#N/A,#N/A,#N/A,#N/A,#N/A,#N/A,#N/A,#N/A,#N/A,#N/A,#N/A
02-031-31-000,02-31-31-000,"San Mariano, Isabela",San Mariano,Isabela,Region II (Cagayan Valley),Municipality,1st,R2,A,D,#REF!,#REF!,https://bpbc.ibpls.com/sanmarianoisabela,https://prod.ebpls.com/sanmarianoisabela,2022-12,#N/A,#N/A,#N/A,[1] Operational,[A] Operational,,[1] Operational,[A] Operational,,[1] Operational,[A] Operational,,[1] Operational,[A] Operational,,[1] Operational,[A] Operational,,[1] Operational,[A] Operational,,[1] Operational,[A] Operational,,#N/A,#N/A,#N/A,#N/A,#N/A,#N/A,#N/A,#N/A,#N/A,#N/A,#N/A,#N/A,#N/A,#N/A,#N/A
02-031-32-000,02-31-32-000,"San Mateo, Isabela",San Mateo,Isabela,Region II (Cagayan Valley),Municipality,1st,R2,A,D,#REF!,#REF!,https://bpbc.ibpls.com/sanmateoisabela,https://prod.ebpls.com/sanmateoisabela,2022-12,#N/A,#N/A,#N/A,[1] Operational,[A] Operational,,[1] Operational,[A] Operational,,[1] Operational,[A] Operational,,[1] Operational,[A] Operational,,[1] Operational,[A] Operational,,[1] Operational,[A] Operational,,[1] Operational,[A] Operational,,#N/A,#N/A,#N/A,#N/A,#N/A,#N/A,#N/A,#N/A,#N/A,#N/A,#N/A,#N/A,#N/A,#N/A,#N/A
05-020-09-000,05-20-09-000,"San Miguel, Catanduanes",San Miguel,Catanduanes,Region V (Bicol Region),Municipality,5th,R5,B,H,#REF!,#REF!,https://bpbc.ibpls.com/sanmiguelcatanduanes,https://prod.ebpls.com/sanmiguelcatanduanes,,#N/A,#N/A,#N/A,[3] Ongoing Data Build-up,[B] Developmental,,[3] Ongoing Data Build-up,[B] Developmental,,[3] Ongoing Data Build-up,[B] Developmental,,[3] Ongoing Data Build-up,[B] Developmental,,[3] Ongoing Data Build-up,[B] Developmental,,[3] Ongoing Data Build-up,[B] Developmental,,[3] Ongoing Data Build-up,[B] Developmental,,#N/A,#N/A,#N/A,#N/A,#N/A,#N/A,#N/A,#N/A,#N/A,#N/A,#N/A,#N/A,#N/A,#N/A,#N/A
06-030-41-000,06-30-41-000,"San Miguel, Iloilo",San Miguel,Iloilo,Region VI (Western Visayas),Municipality,4th,R6,A,I,#REF!,#REF!,https://bpbc.ibpls.com/sanmigueliloilo,https://prod.ebpls.com/sanmigueliloilo,2022-12,#N/A,#N/A,#N/A,[1] Operational,[A] Operational,,[1] Operational,[A] Operational,,[1] Operational,[A] Operational,,[1] Operational,[A] Operational,,[1] Operational,[A] Operational,,[1] Operational,[A] Operational,,[1] Operational,[A] Operational,,#N/A,#N/A,#N/A,#N/A,#N/A,#N/A,#N/A,#N/A,#N/A,#N/A,#N/A,#N/A,#N/A,#N/A,#N/A
08-037-43-000,08-37-43-000,"San Miguel, Leyte",San Miguel,Leyte,Region VIII (Eastern Visayas),Municipality,4th,R8,B,K,#REF!,#REF!,https://bpbc.ibpls.com/sanmiguelleyte,https://prod.ebpls.com/sanmiguelleyte,2023-01,#N/A,#N/A,#N/A,[1] Operational,[A] Operational,,[6] With Concerns,[C] For Training/Others,,[6] With Concerns,[C] For Training/Others,LGU is planning to avail 3rd party system and did not utilize this yearForwarded Notice to LGU regarding implementation and waiting for feedback whether they will withdraw,[8] Withdraw,[D] Withdraw,Withdrawn. Requested for deletion of instance.,[8] Withdraw,[D] Withdraw,Withdrawn. Requested for deletion of instance.,[8] Withdraw,[D] Withdraw,Withdrawn. Requested for deletion of instance.,[8] Withdraw,[D] Withdraw,Withdrawn,#N/A,#N/A,#N/A,#N/A,#N/A,#N/A,#N/A,#N/A,#N/A,#N/A,#N/A,#N/A,#N/A,#N/A,#N/A
16-068-16-000,16-68-16-000,"San Miguel, Surigao del Sur",San Miguel,Surigao del Sur,Region XIII (Caraga),Municipality,1st,R13,A,O,#REF!,#REF!,https://bpbc.ibpls.com/sanmiguelsurigaodelsur,https://prod.ebpls.com/sanmiguelsurigaodelsur,2022-12,#N/A,#N/A,#N/A,[1] Operational,[A] Operational,,[1] Operational,[A] Operational,,[1] Operational,[A] Operational,,[1] Operational,[A] Operational,,[1] Operational,[A] Operational,,[1] Operational,[A] Operational,,[1] Operational,[A] Operational,,#N/A,#N/A,#N/A,#N/A,#N/A,#N/A,#N/A,#N/A,#N/A,#N/A,#N/A,#N/A,#N/A,#N/A,#N/A
04-056-40-000,04-56-40-000,"San Andres, Quezon",San Andres,Quezon,Region IV-A (CALABARZON),Municipality,4th,R4A,B,F,#REF!,#REF!,,NO INSTANCE,,#N/A,#N/A,#N/A,[3] Ongoing Data Build-up,[B] Developmental,,[3] Ongoing Data Build-up,[B] Developmental,,[3] Ongoing Data Build-up,[B] Developmental,,[3] Ongoing Data Build-up,[B] Developmental,,[3] Ongoing Data Build-up,[B] Developmental,,[3] Ongoing Data Build-up,[B] Developmental,,[3] Ongoing Data Build-up,[B] Developmental,,#N/A,#N/A,#N/A,#N/A,#N/A,#N/A,#N/A,#N/A,#N/A,#N/A,#N/A,#N/A,#N/A,#N/A,#N/A
09-073-24-000,09-73-24-000,"San Miguel, Zamboanga del Sur",San Miguel,Zamboanga del Sur,Region IX (Zamboanga Peninsula),Municipality,4th,R9,A,L,#REF!,#REF!,https://bpbc.ibpls.com/sanmiguelzamboangadelsur,https://prod.ebpls.com/sanmiguelzamboangadelsur,2022-12,#N/A,#N/A,#N/A,[1] Operational,[A] Operational,,[1] Operational,[A] Operational,,[1] Operational,[A] Operational,,[1] Operational,[A] Operational,,[1] Operational,[A] Operational,,[1] Operational,[A] Operational,,[1] Operational,[A] Operational,,#N/A,#N/A,#N/A,#N/A,#N/A,#N/A,#N/A,#N/A,#N/A,#N/A,#N/A,#N/A,#N/A,#N/A,#N/A
03-071-12-000,03-71-12-000,"San Narciso, Zambales",San Narciso,Zambales,Region III (Central Luzon),Municipality,4th,R3,A,E,#REF!,#REF!,https://bpbc.ibpls.com/sannarcisozambales,https://prod.ebpls.com/sannarcisozambales/.php/login,2022-12,#N/A,#N/A,#N/A,[1] Operational,[A] Operational,,[1] Operational,[A] Operational,,[1] Operational,[A] Operational,,[1] Operational,[A] Operational,,[1] Operational,[A] Operational,,[1] Operational,[A] Operational,,[1] Operational,[A] Operational,,#N/A,#N/A,#N/A,#N/A,#N/A,#N/A,#N/A,#N/A,#N/A,#N/A,#N/A,#N/A,#N/A,#N/A,#N/A
04-010-25-000,04-10-25-000,"San Nicolas, Batangas",San Nicolas,Batangas,Region IV-A (CALABARZON),Municipality,5th,R4A,B,F,#REF!,#REF!,https://bpbc.ibpls.com/sannicolasbatangas,https://prod.ebpls.com/sannicolasbatangas,2023-01,#N/A,#N/A,#N/A,[1] Operational,[A] Operational,,[1] Operational,[A] Operational,,[1] Operational,[A] Operational,,[1] Operational,[A] Operational,,[1] Operational,[A] Operational,,[1] Operational,[A] Operational,,[1] Operational,[A] Operational,,#N/A,#N/A,#N/A,#N/A,#N/A,#N/A,#N/A,#N/A,#N/A,#N/A,#N/A,#N/A,#N/A,#N/A,#N/A
01-028-20-000,01-28-20-000,"San Nicolas, Ilocos Norte",San Nicolas,Ilocos Norte,Region I (Ilocos Region),Municipality,2nd,R1,A,C,#REF!,#REF!,https://bpbc.ibpls.com/sannicolasilocosnorte,https://prod.ebpls.com/sannicolasilocosnorte,2022-12,#N/A,#N/A,#N/A,[1] Operational,[A] Operational,,[1] Operational,[A] Operational,,[1] Operational,[A] Operational,,[1] Operational,[A] Operational,,[1] Operational,[A] Operational,,[1] Operational,[A] Operational,,[1] Operational,[A] Operational,,#N/A,#N/A,#N/A,#N/A,#N/A,#N/A,#N/A,#N/A,#N/A,#N/A,#N/A,#N/A,#N/A,#N/A,#N/A
01-055-36-000,01-55-36-000,"San Nicolas, Pangasinan",San Nicolas,Pangasinan,Region I (Ilocos Region),Municipality,1st,R1,A,C,#REF!,#REF!,https://bpbc.ibpls.com/sannicolaspangasinan,https://prod.ebpls.com/sannicolaspangasinan,2022-12,#N/A,#N/A,#N/A,[1] Operational,[A] Operational,,[1] Operational,[A] Operational,,[1] Operational,[A] Operational,,[1] Operational,[A] Operational,,[1] Operational,[A] Operational,,[1] Operational,[A] Operational,,[1] Operational,[A] Operational,,#N/A,#N/A,#N/A,#N/A,#N/A,#N/A,#N/A,#N/A,#N/A,#N/A,#N/A,#N/A,#N/A,#N/A,#N/A
09-073-25-000,09-73-25-000,"San Pablo, Zamboanga del Sur",San Pablo,Zamboanga del Sur,Region IX (Zamboanga Peninsula),Municipality,4th*,R9,A,L,#REF!,#REF!,https://bpbc.ibpls.com/sanpablozamboangadelsur,https://prod.ebpls.com/sanpablozamboangadelsur,2022-12,#N/A,#N/A,#N/A,[1] Operational,[A] Operational,,[1] Operational,[A] Operational,,[1] Operational,[A] Operational,,[1] Operational,[A] Operational,,[1] Operational,[A] Operational,,[1] Operational,[A] Operational,,[1] Operational,[A] Operational,,#N/A,#N/A,#N/A,#N/A,#N/A,#N/A,#N/A,#N/A,#N/A,#N/A,#N/A,#N/A,#N/A,#N/A,#N/A
04-010-26-000,04-10-26-000,"San Pascual, Batangas",San Pascual,Batangas,Region IV-A (CALABARZON),Municipality,1st,R4A,A,F,#REF!,#REF!,https://bpbc.ibpls.com/sanpascualbatangas,https://prod.ebpls.com/sanpascualbatangas,2022-12,#N/A,#N/A,#N/A,[1] Operational,[A] Operational,,[1] Operational,[A] Operational,,[1] Operational,[A] Operational,,[1] Operational,[A] Operational,,[1] Operational,[A] Operational,,[1] Operational,[A] Operational,,[1] Operational,[A] Operational,,#N/A,#N/A,#N/A,#N/A,#N/A,#N/A,#N/A,#N/A,#N/A,#N/A,#N/A,#N/A,#N/A,#N/A,#N/A
05-041-20-000,05-41-20-000,"San Pascual, Masbate",San Pascual,Masbate,Region V (Bicol Region),Municipality,3rd,R5,B,H,#REF!,#REF!,https://bpbc.ibpls.com/sanpascualmasbate,https://prod.ebpls.com/sanpascualmasbate,,#N/A,#N/A,#N/A,[6] With Concerns,[C] For Training/Others,,[5] For Training,[C] For Training/Others,,[5] For Training,[C] For Training/Others,,[3] Ongoing Data Build-up,[B] Developmental,,[3] Ongoing Data Build-up,[B] Developmental,,[3] Ongoing Data Build-up,[B] Developmental,,[3] Ongoing Data Build-up,[B] Developmental,,#N/A,#N/A,#N/A,#N/A,#N/A,#N/A,#N/A,#N/A,#N/A,#N/A,#N/A,#N/A,#N/A,#N/A,#N/A
08-026-21-000,08-26-21-000,"San Policarpo, Eastern Samar",San Policarpo,Eastern Samar,Region VIII (Eastern Visayas),Municipality,5th*,R8,B,K,#REF!,#REF!,https://bpbc.ibpls.com/sanpolicarpoeasternsamar,NO INSTANCE,,#N/A,#N/A,#N/A,[1] Operational,[A] Operational,Normal Operations,[1] Operational,[A] Operational,,[1] Operational,[A] Operational,Normal Operations,[1] Operational,[A] Operational,Normal Operations,[1] Operational,[A] Operational,Normal Operations,[1] Operational,[A] Operational,Normal Operations,[1] Operational,[A] Operational,Normal Operations,#N/A,#N/A,#N/A,#N/A,#N/A,#N/A,#N/A,#N/A,#N/A,#N/A,#N/A,#N/A,#N/A,#N/A,#N/A
01-055-37-000,01-55-37-000,"San Quintin, Pangasinan",San Quintin,Pangasinan,Region I (Ilocos Region),Municipality,3rd,R1,A,C,#REF!,#REF!,https://bpbc.ibpls.com/sanquintinpangasinan,https://prod.ebpls.com/sanquintinpangasinan,2022-12,#N/A,#N/A,#N/A,[1] Operational,[A] Operational,,[1] Operational,[A] Operational,,[1] Operational,[A] Operational,,[1] Operational,[A] Operational,,[1] Operational,[A] Operational,,[1] Operational,[A] Operational,,[1] Operational,[A] Operational,,#N/A,#N/A,#N/A,#N/A,#N/A,#N/A,#N/A,#N/A,#N/A,#N/A,#N/A,#N/A,#N/A,#N/A,#N/A
06-006-14-000,06-06-14-000,"San Remigio, Antique",San Remigio,Antique,Region VI (Western Visayas),Municipality,3rd,R6,A,I,#REF!,#REF!,https://bpbc.ibpls.com/sanremigioantique,https://prod.ebpls.com/sanremigioantique,2022-12,#N/A,#N/A,#N/A,[1] Operational,[A] Operational,,[1] Operational,[A] Operational,,[1] Operational,[A] Operational,,[1] Operational,[A] Operational,,[1] Operational,[A] Operational,,[1] Operational,[A] Operational,,[1] Operational,[A] Operational,,#N/A,#N/A,#N/A,#N/A,#N/A,#N/A,#N/A,#N/A,#N/A,#N/A,#N/A,#N/A,#N/A,#N/A,#N/A
07-022-43-000,07-22-43-000,"San Remigio, Cebu",San Remigio,Cebu,Region VII (Central Visayas),Municipality,3rd,R7,A,J,#REF!,#REF!,https://bpbc.ibpls.com/sanremigiocebu,https://prod.ebpls.com/sanremigiocebu,2022-12,#N/A,#N/A,#N/A,[1] Operational,[A] Operational,,[1] Operational,[A] Operational,,[1] Operational,[A] Operational,,[1] Operational,[A] Operational,,[1] Operational,[A] Operational,,[1] Operational,[A] Operational,,[1] Operational,[A] Operational,,#N/A,#N/A,#N/A,#N/A,#N/A,#N/A,#N/A,#N/A,#N/A,#N/A,#N/A,#N/A,#N/A,#N/A,#N/A
08-064-15-000,08-64-15-000,"San Ricardo, Southern Leyte",San Ricardo,Southern Leyte,Region VIII (Eastern Visayas),Municipality,5th,R8,A,K,#REF!,#REF!,https://bpbc.ibpls.com/sanricardosouthernleyte,https://prod.ebpls.com/sanricardosouthernleyte,2022-12,#N/A,#N/A,#N/A,[1] Operational,[A] Operational,Normal Operations,[1] Operational,[A] Operational,,[1] Operational,[A] Operational,Normal Operations,[1] Operational,[A] Operational,Normal Operations,[1] Operational,[A] Operational,Normal Operations,[1] Operational,[A] Operational,Normal Operations,[1] Operational,[A] Operational,Normal Operations,#N/A,#N/A,#N/A,#N/A,#N/A,#N/A,#N/A,#N/A,#N/A,#N/A,#N/A,#N/A,#N/A,#N/A,#N/A
08-048-20-000,08-48-20-000,"San Roque, Northern Samar",San Roque,Northern Samar,Region VIII (Eastern Visayas),Municipality,4th,R8,A,K,#REF!,#REF!,https://bpbc.ibpls.com/sanroquenorthernsamar,https://prod.ebpls.com/sanroquenorthernsamar,2022-12,#N/A,#N/A,#N/A,[1] Operational,[A] Operational,,[1] Operational,[A] Operational,,[1] Operational,[A] Operational,Normal Operations,[1] Operational,[A] Operational,Normal Operations,[1] Operational,[A] Operational,Normal Operations,[1] Operational,[A] Operational,Normal Operations,[1] Operational,[A] Operational,Normal Operations,#N/A,#N/A,#N/A,#N/A,#N/A,#N/A,#N/A,#N/A,#N/A,#N/A,#N/A,#N/A,#N/A,#N/A,#N/A
08-060-15-000,08-60-15-000,"San Sebastian, Samar",San Sebastian,Samar,Region VIII (Eastern Visayas),Municipality,6th,R8,B,K,#REF!,#REF!,https://bpbc.ibpls.com/sansebastiansamar,https://prod.ebpls.com/sansebastiansamar,,#N/A,#N/A,#N/A,[1] Operational,[A] Operational,Normal Operations,[1] Operational,[A] Operational,,[1] Operational,[A] Operational,Normal Operations,[1] Operational,[A] Operational,Normal Operations,[1] Operational,[A] Operational,Normal Operations,[1] Operational,[A] Operational,Normal Operations,[1] Operational,[A] Operational,Normal Operations,#N/A,#N/A,#N/A,#N/A,#N/A,#N/A,#N/A,#N/A,#N/A,#N/A,#N/A,#N/A,#N/A,#N/A,#N/A
17-052-13-000,17-52-13-000,"San Teodoro, Oriental Mindoro",San Teodoro,Oriental Mindoro,MIMAROPA Region,Municipality,4th,R4B,A,G,#REF!,#REF!,https://bpbc.ibpls.com/santeodoroorientalmindoro,https://prod.ebpls.com/santeodoroorientalmindoro/.php/login,2022-12,#N/A,#N/A,#N/A,[1] Operational,[A] Operational,,[1] Operational,[A] Operational,,[1] Operational,[A] Operational,,[1] Operational,[A] Operational,,[1] Operational,[A] Operational,,[1] Operational,[A] Operational,,[1] Operational,[A] Operational,,#N/A,#N/A,#N/A,#N/A,#N/A,#N/A,#N/A,#N/A,#N/A,#N/A,#N/A,#N/A,#N/A,#N/A,#N/A
05-016-09-000,05-16-09-000,"San Vicente, Camarines Norte",San Vicente,Camarines Norte,Region V (Bicol Region),Municipality,5th,R5,A,H,#REF!,#REF!,https://bpbc.ibpls.com/sanvicentecamarinesnorte,https://prod.ebpls.com/sanvicentecamarinesnorte,2022-12,#N/A,#N/A,#N/A,[1] Operational,[A] Operational,,[1] Operational,[A] Operational,,[1] Operational,[A] Operational,,[1] Operational,[A] Operational,,[1] Operational,[A] Operational,,[1] Operational,[A] Operational,,[1] Operational,[A] Operational,,#N/A,#N/A,#N/A,#N/A,#N/A,#N/A,#N/A,#N/A,#N/A,#N/A,#N/A,#N/A,#N/A,#N/A,#N/A
01-029-21-000,01-29-21-000,"San Vicente, Ilocos Sur",San Vicente,Ilocos Sur,Region I (Ilocos Region),Municipality,5th,R1,A,C,#REF!,#REF!,https://bpbc.ibpls.com/sanvicenteilocossur,https://prod.ebpls.com/sanvicenteilocossur,2022-12,#N/A,#N/A,#N/A,[1] Operational,[A] Operational,,[1] Operational,[A] Operational,,[1] Operational,[A] Operational,,[1] Operational,[A] Operational,,[1] Operational,[A] Operational,,[1] Operational,[A] Operational,,[1] Operational,[A] Operational,,#N/A,#N/A,#N/A,#N/A,#N/A,#N/A,#N/A,#N/A,#N/A,#N/A,#N/A,#N/A,#N/A,#N/A,#N/A
17-053-19-000,17-53-19-000,"San Vicente, Palawan",San Vicente,Palawan,MIMAROPA Region,Municipality,1st,R4B,A,G,#REF!,#REF!,https://bpbc.ibpls.com/sanvicentepalawan,https://prod.ebpls.com/sanvicentepalawan/.php/login,2022-12,#N/A,#N/A,#N/A,[1] Operational,[A] Operational,,[1] Operational,[A] Operational,,[1] Operational,[A] Operational,,[1] Operational,[A] Operational,,[1] Operational,[A] Operational,,[1] Operational,[A] Operational,,[1] Operational,[A] Operational,,#N/A,#N/A,#N/A,#N/A,#N/A,#N/A,#N/A,#N/A,#N/A,#N/A,#N/A,#N/A,#N/A,#N/A,#N/A
02-015-22-000,02-15-22-000,"Sanchez-Mira, Cagayan",Sanchez-Mira,Cagayan,Region II (Cagayan Valley),Municipality,3rd,R2,A,D,#REF!,#REF!,https://bpbc.ibpls.com/sanchezmiracagayan,https://prod.ebpls.com/sanchezmiracagayan,2022-12,#N/A,#N/A,#N/A,[1] Operational,[A] Operational,,[1] Operational,[A] Operational,,[1] Operational,[A] Operational,,[1] Operational,[A] Operational,,[1] Operational,[A] Operational,,[1] Operational,[A] Operational,,[1] Operational,[A] Operational,,#N/A,#N/A,#N/A,#N/A,#N/A,#N/A,#N/A,#N/A,#N/A,#N/A,#N/A,#N/A,#N/A,#N/A,#N/A
02-015-23-000,02-15-23-000,"Santa Ana, Cagayan",Santa Ana,Cagayan,Region II (Cagayan Valley),Municipality,2nd,R2,A,D,#REF!,#REF!,https://bpbc.ibpls.com/santaanacagayan,https://prod.ebpls.com/staanacagayan,2022-12,#N/A,#N/A,#N/A,[1] Operational,[A] Operational,,[1] Operational,[A] Operational,,[1] Operational,[A] Operational,,[1] Operational,[A] Operational,,[1] Operational,[A] Operational,,[1] Operational,[A] Operational,,[1] Operational,[A] Operational,,#N/A,#N/A,#N/A,#N/A,#N/A,#N/A,#N/A,#N/A,#N/A,#N/A,#N/A,#N/A,#N/A,#N/A,#N/A
03-054-19-000,03-54-19-000,"Santa Ana, Pampanga",Santa Ana,Pampanga,Region III (Central Luzon),Municipality,3rd,R3,A,E,#REF!,#REF!,https://bpbc.ibpls.com/santaanapampanga,https://prod.ebpls.com/staanapampanga/.php/login,2022-12,#N/A,#N/A,#N/A,[1] Operational,[A] Operational,,[1] Operational,[A] Operational,,[1] Operational,[A] Operational,,[1] Operational,[A] Operational,,[1] Operational,[A] Operational,,[1] Operational,[A] Operational,,[1] Operational,[A] Operational,,#N/A,#N/A,#N/A,#N/A,#N/A,#N/A,#N/A,#N/A,#N/A,#N/A,#N/A,#N/A,#N/A,#N/A,#N/A
06-030-43-000,06-30-43-000,"Santa Barbara, Iloilo",Santa Barbara,Iloilo,Region VI (Western Visayas),Municipality,2nd,R6,A,I,#REF!,#REF!,https://bpbc.ibpls.com/santabarbarailoilo,https://prod.ebpls.com/stabarbarailoilo,2022-12,#N/A,#N/A,#N/A,[1] Operational,[A] Operational,,[1] Operational,[A] Operational,,[1] Operational,[A] Operational,,[1] Operational,[A] Operational,,[1] Operational,[A] Operational,,[1] Operational,[A] Operational,,[1] Operational,[A] Operational,,#N/A,#N/A,#N/A,#N/A,#N/A,#N/A,#N/A,#N/A,#N/A,#N/A,#N/A,#N/A,#N/A,#N/A,#N/A
01-055-38-000,01-55-38-000,"Santa Barbara, Pangasinan",Santa Barbara,Pangasinan,Region I (Ilocos Region),Municipality,1st,R1,B,C,#REF!,#REF!,https://bpbc.ibpls.com/santabarbarapangasinan,https://prod.ebpls.com/santabarbarapangasinan,,#N/A,#N/A,#N/A,[1] Operational,[A] Operational,,[1] Operational,[A] Operational,,[1] Operational,[A] Operational,,[1] Operational,[A] Operational,,[1] Operational,[A] Operational,,[1] Operational,[A] Operational,,[1] Operational,[A] Operational,,#N/A,#N/A,#N/A,#N/A,#N/A,#N/A,#N/A,#N/A,#N/A,#N/A,#N/A,#N/A,#N/A,#N/A,#N/A
01-029-23-000,01-29-23-000,"Santa Catalina, Ilocos Sur",Santa Catalina,Ilocos Sur,Region I (Ilocos Region),Municipality,5th,R1,B,C,#REF!,#REF!,https://bpbc.ibpls.com/santacatalinailocossur,https://prod.ebpls.com/santacatalinailocossur,,#N/A,#N/A,#N/A,[1] Operational,[A] Operational,,[1] Operational,[A] Operational,,[1] Operational,[A] Operational,,[1] Operational,[A] Operational,,[1] Operational,[A] Operational,,[1] Operational,[A] Operational,,[1] Operational,[A] Operational,,#N/A,#N/A,#N/A,#N/A,#N/A,#N/A,#N/A,#N/A,#N/A,#N/A,#N/A,#N/A,#N/A,#N/A,#N/A
11-024-12-000,11-24-12-000,"Santa Cruz, Davao del Sur",Santa Cruz,Davao del Sur,Region XI (Davao Region),Municipality,1st,R11,B,P,#REF!,#REF!,https://bpbc.ibpls.com/santacruzdavaodelsur,https://prod.ebpls.com/santacruzdavaodelsur,,#N/A,#N/A,#N/A,[1] Operational,[A] Operational,,[1] Operational,[A] Operational,,[1] Operational,[A] Operational,,[1] Operational,[A] Operational,,[1] Operational,[A] Operational,,[1] Operational,[A] Operational,,[1] Operational,[A] Operational,,#N/A,#N/A,#N/A,#N/A,#N/A,#N/A,#N/A,#N/A,#N/A,#N/A,#N/A,#N/A,#N/A,#N/A,#N/A
01-029-24-000,01-29-24-000,"Santa Cruz, Ilocos Sur",Santa Cruz,Ilocos Sur,Region I (Ilocos Region),Municipality,1st,R1,B,C,#REF!,#REF!,https://bpbc.ibpls.com/santacruzilocossur,https://prod.ebpls.com/santacruzilocossur,,#N/A,#N/A,#N/A,[1] Operational,[A] Operational,,[1] Operational,[A] Operational,,[1] Operational,[A] Operational,,[1] Operational,[A] Operational,,[1] Operational,[A] Operational,,[1] Operational,[A] Operational,,[1] Operational,[A] Operational,,#N/A,#N/A,#N/A,#N/A,#N/A,#N/A,#N/A,#N/A,#N/A,#N/A,#N/A,#N/A,#N/A,#N/A,#N/A
17-040-05-000,17-40-05-000,"Santa Cruz, Marinduque",Santa Cruz,Marinduque,MIMAROPA Region,Municipality,1st,R4B,A,G,#REF!,#REF!,https://bpbc.ibpls.com/santacruzmarinduque,https://prod.ebpls.com/santacruzmarinduque/.php/login,2022-12,#N/A,#N/A,#N/A,[1] Operational,[A] Operational,,[1] Operational,[A] Operational,,[1] Operational,[A] Operational,,[1] Operational,[A] Operational,,[1] Operational,[A] Operational,,[1] Operational,[A] Operational,,[1] Operational,[A] Operational,,#N/A,#N/A,#N/A,#N/A,#N/A,#N/A,#N/A,#N/A,#N/A,#N/A,#N/A,#N/A,#N/A,#N/A,#N/A
17-051-11-000,17-51-11-000,"Santa Cruz, Occidental Mindoro",Santa Cruz,Occidental Mindoro,MIMAROPA Region,Municipality,1st,R4B,B,G,#REF!,#REF!,https://bpbc.ibpls.com/santacruzoccidentalmindoro,NO INSTANCE,,#N/A,#N/A,#N/A,[1] Operational,[A] Operational,,[1] Operational,[A] Operational,,[1] Operational,[A] Operational,,[1] Operational,[A] Operational,,[1] Operational,[A] Operational,,[1] Operational,[A] Operational,,[1] Operational,[A] Operational,,#N/A,#N/A,#N/A,#N/A,#N/A,#N/A,#N/A,#N/A,#N/A,#N/A,#N/A,#N/A,#N/A,#N/A,#N/A
05-016-10-000,05-16-10-000,"Santa Elena, Camarines Norte",Santa Elena,Camarines Norte,Region V (Bicol Region),Municipality,3rd,R5,B,H,#REF!,#REF!,https://bpbc.ibpls.com/santaelenacamarinesnorte,https://prod.ebpls.com/santaelenacamarinesnorte,,#N/A,#N/A,#N/A,[3] Ongoing Data Build-up,[B] Developmental,,[1] Operational,[A] Operational,,[1] Operational,[A] Operational,,[1] Operational,[A] Operational,,[1] Operational,[A] Operational,,[1] Operational,[A] Operational,,[1] Operational,[A] Operational,,#N/A,#N/A,#N/A,#N/A,#N/A,#N/A,#N/A,#N/A,#N/A,#N/A,#N/A,#N/A,#N/A,#N/A,#N/A
08-037-44-000,08-37-44-000,"Santa Fe, Leyte",Santa Fe,Leyte,Region VIII (Eastern Visayas),Municipality,5th*,R8,A,K,#REF!,#REF!,https://bpbc.ibpls.com/santafeleyte,https://prod.ebpls.com/stafeleyte,2022-12,#N/A,#N/A,#N/A,[1] Operational,[A] Operational,Normal Operations,[1] Operational,[A] Operational,,[1] Operational,[A] Operational,Normal Operations,[1] Operational,[A] Operational,Normal Operations,[1] Operational,[A] Operational,Normal Operations,[1] Operational,[A] Operational,Zero transactions for the month of June 2025,[1] Operational,[A] Operational,Normal Operations,#N/A,#N/A,#N/A,#N/A,#N/A,#N/A,#N/A,#N/A,#N/A,#N/A,#N/A,#N/A,#N/A,#N/A,#N/A
02-050-12-000,02-50-12-000,"Santa Fe, Nueva Vizcaya",Santa Fe,Nueva Vizcaya,Region II (Cagayan Valley),Municipality,3rd,R2,A,D,#REF!,#REF!,https://bpbc.ibpls.com/santafenuevavizcaya,https://prod.ebpls.com/santafenuevavizcaya,2022-12,#N/A,#N/A,#N/A,[1] Operational,[A] Operational,,[1] Operational,[A] Operational,,[1] Operational,[A] Operational,,[1] Operational,[A] Operational,,[1] Operational,[A] Operational,,[1] Operational,[A] Operational,,[1] Operational,[A] Operational,,#N/A,#N/A,#N/A,#N/A,#N/A,#N/A,#N/A,#N/A,#N/A,#N/A,#N/A,#N/A,#N/A,#N/A,#N/A
17-059-15-000,17-59-15-000,"Santa Fe, Romblon",Santa Fe,Romblon,MIMAROPA Region,Municipality,5th,R4B,B,G,#REF!,#REF!,https://bpbc.ibpls.com/santaferomblon,https://prod.ebpls.com/santaferomblon/.php/login,,#N/A,#N/A,#N/A,[1] Operational,[A] Operational,,[1] Operational,[A] Operational,,[1] Operational,[A] Operational,,[1] Operational,[A] Operational,,[1] Operational,[A] Operational,,[1] Operational,[A] Operational,,[1] Operational,[A] Operational,,#N/A,#N/A,#N/A,#N/A,#N/A,#N/A,#N/A,#N/A,#N/A,#N/A,#N/A,#N/A,#N/A,#N/A,#N/A
03-069-15-000,03-69-15-000,"Santa Ignacia, Tarlac",Santa Ignacia,Tarlac,Region III (Central Luzon),Municipality,2nd,R3,A,E,#REF!,#REF!,https://bpbc.ibpls.com/santaignaciatarlac,https://prod.ebpls.com/staignaciatarlac/.php/login,2022-12,#N/A,#N/A,#N/A,[1] Operational,[A] Operational,,[1] Operational,[A] Operational,,[1] Operational,[A] Operational,,[1] Operational,[A] Operational,,[1] Operational,[A] Operational,,[1] Operational,[A] Operational,,[1] Operational,[A] Operational,,#N/A,#N/A,#N/A,#N/A,#N/A,#N/A,#N/A,#N/A,#N/A,#N/A,#N/A,#N/A,#N/A,#N/A,#N/A
16-003-10-000,16-03-10-000,"Santa Josefa, Agusan del Sur",Santa Josefa,Agusan del Sur,Region XIII (Caraga),Municipality,3rd,R13,A,O,#REF!,#REF!,https://bpbc.ibpls.com/santajosefaagusandelsur,https://prod.ebpls.com/santajosefaagusandelsur,2022-12,#N/A,#N/A,#N/A,[1] Operational,[A] Operational,,[1] Operational,[A] Operational,,[1] Operational,[A] Operational,,[1] Operational,[A] Operational,,[1] Operational,[A] Operational,,[1] Operational,[A] Operational,,[1] Operational,[A] Operational,,#N/A,#N/A,#N/A,#N/A,#N/A,#N/A,#N/A,#N/A,#N/A,#N/A,#N/A,#N/A,#N/A,#N/A,#N/A
01-029-25-000,01-29-25-000,"Santa Lucia, Ilocos Sur",Santa Lucia,Ilocos Sur,Region I (Ilocos Region),Municipality,3rd,R1,B,C,#REF!,#REF!,https://bpbc.ibpls.com/santaluciailocossur,https://prod.ebpls.com/santaluciailocossur,,#N/A,#N/A,#N/A,[1] Operational,[A] Operational,,[1] Operational,[A] Operational,,[1] Operational,[A] Operational,,[1] Operational,[A] Operational,,[1] Operational,[A] Operational,,[1] Operational,[A] Operational,,[1] Operational,[A] Operational,,#N/A,#N/A,#N/A,#N/A,#N/A,#N/A,#N/A,#N/A,#N/A,#N/A,#N/A,#N/A,#N/A,#N/A,#N/A
05-062-15-000,05-62-15-000,"Santa Magdalena, Sorsogon",Santa Magdalena,Sorsogon,Region V (Bicol Region),Municipality,5th,R5,B,H,#REF!,#REF!,https://bpbc.ibpls.com/santamagdalenasorsogon,https://prod.ebpls.com/santamagdalenasorsogon,,#N/A,#N/A,#N/A,[2] Pilot Testing,[B] Developmental,,[2] Pilot Testing,[B] Developmental,,[2] Pilot Testing,[B] Developmental,"Unresponsive, unutilized since August 2024",[2] Pilot Testing,[B] Developmental,"Unresponsive, unutilized since August 2024",[2] Pilot Testing,[B] Developmental,"Unresponsive, unutilized since August 2024",[2] Pilot Testing,[B] Developmental,,[2] Pilot Testing,[B] Developmental,,#N/A,#N/A,#N/A,#N/A,#N/A,#N/A,#N/A,#N/A,#N/A,#N/A,#N/A,#N/A,#N/A,#N/A,#N/A
14-081-07-000,14-81-07-000,"Santa Marcela, Apayao",Santa Marcela,Apayao,Cordillera Administrative Region (CAR),Municipality,4th,CAR,B,B,#REF!,#REF!,https://bpbc.ibpls.com/santamarcelaapayao/,NO INSTANCE,,#N/A,#N/A,#N/A,[1] Operational,[A] Operational,,[1] Operational,[A] Operational,,[1] Operational,[A] Operational,,[1] Operational,[A] Operational,,[1] Operational,[A] Operational,,[1] Operational,[A] Operational,,[1] Operational,[A] Operational,,#N/A,#N/A,#N/A,#N/A,#N/A,#N/A,#N/A,#N/A,#N/A,#N/A,#N/A,#N/A,#N/A,#N/A,#N/A
08-060-16-000,08-60-16-000,"Santa Margarita, Samar",Santa Margarita,Samar,Region VIII (Eastern Visayas),Municipality,4th,R8,A,K,#REF!,#REF!,https://bpbc.ibpls.com/santamargaritasamar,https://prod.ebpls.com/santamargaritasamar,2022-12,#N/A,#N/A,#N/A,[1] Operational,[A] Operational,Normal Operations,[1] Operational,[A] Operational,,[1] Operational,[A] Operational,Normal Operations,[1] Operational,[A] Operational,Normal Operations,[1] Operational,[A] Operational,Normal Operations,[1] Operational,[A] Operational,Normal Operations,[1] Operational,[A] Operational,Normal Operations,#N/A,#N/A,#N/A,#N/A,#N/A,#N/A,#N/A,#N/A,#N/A,#N/A,#N/A,#N/A,#N/A,#N/A,#N/A
02-031-34-000,02-31-34-000,"Santa Maria, Isabela",Santa Maria,Isabela,Region II (Cagayan Valley),Municipality,4th,R2,B,D,#REF!,#REF!,https://bpbc.ibpls.com/santamariaisabela,https://prod.ebpls.com/santamariaisabela,2023-01,#N/A,#N/A,#N/A,[1] Operational,[A] Operational,,[1] Operational,[A] Operational,,[1] Operational,[A] Operational,,[1] Operational,[A] Operational,,[1] Operational,[A] Operational,,[1] Operational,[A] Operational,,[1] Operational,[A] Operational,,#N/A,#N/A,#N/A,#N/A,#N/A,#N/A,#N/A,#N/A,#N/A,#N/A,#N/A,#N/A,#N/A,#N/A,#N/A
02-015-24-000,02-15-24-000,"Santa Praxedes, Cagayan",Santa Praxedes,Cagayan,Region II (Cagayan Valley),Municipality,5th,R2,B,D,#REF!,#REF!,https://bpbc.ibpls.com/santapraxedescagayan,https://prod.ebpls.com/santapraxedescagayan,2023-01,#N/A,#N/A,#N/A,[1] Operational,[A] Operational,,[1] Operational,[A] Operational,,[1] Operational,[A] Operational,,[1] Operational,[A] Operational,,[1] Operational,[A] Operational,,[1] Operational,[A] Operational,,[1] Operational,[A] Operational,,#N/A,#N/A,#N/A,#N/A,#N/A,#N/A,#N/A,#N/A,#N/A,#N/A,#N/A,#N/A,#N/A,#N/A,#N/A
03-054-20-000,03-54-20-000,"Santa Rita, Pampanga",Santa Rita,Pampanga,Region III (Central Luzon),Municipality,4th,R3,A,E,#REF!,#REF!,https://bpbc.ibpls.com/santaritapampanga,https://prod.ebpls.com/staritapampanga/.php/login,2022-12,#N/A,#N/A,#N/A,[1] Operational,[A] Operational,,[1] Operational,[A] Operational,,[1] Operational,[A] Operational,,[1] Operational,[A] Operational,,[1] Operational,[A] Operational,,[1] Operational,[A] Operational,,[1] Operational,[A] Operational,,#N/A,#N/A,#N/A,#N/A,#N/A,#N/A,#N/A,#N/A,#N/A,#N/A,#N/A,#N/A,#N/A,#N/A,#N/A
08-060-17-000,08-60-17-000,"Santa Rita, Samar",Santa Rita,Samar,Region VIII (Eastern Visayas),Municipality,3rd*,R8,A,K,#REF!,#REF!,https://bpbc.ibpls.com/santaritasamar,https://prod.ebpls.com/santaritasamar,2022-12,#N/A,#N/A,#N/A,[1] Operational,[A] Operational,Normal Operations,[1] Operational,[A] Operational,,[1] Operational,[A] Operational,Normal Operations,[1] Operational,[A] Operational,Normal Operations,[1] Operational,[A] Operational,Normal Operations,[1] Operational,[A] Operational,Normal Operations,[1] Operational,[A] Operational,Normal Operations,#N/A,#N/A,#N/A,#N/A,#N/A,#N/A,#N/A,#N/A,#N/A,#N/A,#N/A,#N/A,#N/A,#N/A,#N/A
04-010-27-000,04-10-27-000,"Santa Teresita, Batangas",Santa Teresita,Batangas,Region IV-A (CALABARZON),Municipality,5th,R4A,A,F,#REF!,#REF!,https://bpbc.ibpls.com/santateresitabatangas,https://prod.ebpls.com/santateresitabatangas,2022-12,#N/A,#N/A,#N/A,[1] Operational,[A] Operational,,[1] Operational,[A] Operational,,[1] Operational,[A] Operational,,[1] Operational,[A] Operational,,[1] Operational,[A] Operational,,[1] Operational,[A] Operational,,[1] Operational,[A] Operational,,#N/A,#N/A,#N/A,#N/A,#N/A,#N/A,#N/A,#N/A,#N/A,#N/A,#N/A,#N/A,#N/A,#N/A,#N/A
02-015-25-000,02-15-25-000,"Santa Teresita, Cagayan",Santa Teresita,Cagayan,Region II (Cagayan Valley),Municipality,4th,R2,A,D,#REF!,#REF!,https://bpbc.ibpls.com/santateresitacagayan,https://prod.ebpls.com/stateresitacagayan,2022-12,#N/A,#N/A,#N/A,[1] Operational,[A] Operational,,[1] Operational,[A] Operational,,[1] Operational,[A] Operational,,[1] Operational,[A] Operational,,[1] Operational,[A] Operational,,[1] Operational,[A] Operational,,[1] Operational,[A] Operational,,#N/A,#N/A,#N/A,#N/A,#N/A,#N/A,#N/A,#N/A,#N/A,#N/A,#N/A,#N/A,#N/A,#N/A,#N/A
01-029-22-000,01-29-22-000,"Santa, Ilocos Sur",Santa,Ilocos Sur,Region I (Ilocos Region),Municipality,4th,R1,A,C,#REF!,#REF!,https://bpbc.ibpls.com/santailocossur,https://prod.ebpls.com/santailocossur,2022-12,#N/A,#N/A,#N/A,[1] Operational,[A] Operational,,[1] Operational,[A] Operational,,[1] Operational,[A] Operational,,[1] Operational,[A] Operational,,[1] Operational,[A] Operational,,[1] Operational,[A] Operational,,[1] Operational,[A] Operational,,#N/A,#N/A,#N/A,#N/A,#N/A,#N/A,#N/A,#N/A,#N/A,#N/A,#N/A,#N/A,#N/A,#N/A,#N/A
16-002-10-000,16-02-10-000,"Santiago, Agusan del Norte",Santiago,Agusan del Norte,Region XIII (Caraga),Municipality,4th,R13,A,O,#REF!,#REF!,https://bpbc.ibpls.com/santiagoagusandelnorte,https://prod.ebpls.com/santiagoagusandelnorte,2022-12,#N/A,#N/A,#N/A,[1] Operational,[A] Operational,,[1] Operational,[A] Operational,,[1] Operational,[A] Operational,,[1] Operational,[A] Operational,,[1] Operational,[A] Operational,,[1] Operational,[A] Operational,,[1] Operational,[A] Operational,,#N/A,#N/A,#N/A,#N/A,#N/A,#N/A,#N/A,#N/A,#N/A,#N/A,#N/A,#N/A,#N/A,#N/A,#N/A
01-029-27-000,01-29-27-000,"Santiago, Ilocos Sur",Santiago,Ilocos Sur,Region I (Ilocos Region),Municipality,4th,R1,B,C,#REF!,#REF!,https://bpbc.ibpls.com/santiagoilocossur,https://prod.ebpls.com/santiagoilocossur,,#N/A,#N/A,#N/A,[1] Operational,[A] Operational,,[1] Operational,[A] Operational,,[1] Operational,[A] Operational,,[1] Operational,[A] Operational,,[1] Operational,[A] Operational,,[1] Operational,[A] Operational,,[1] Operational,[A] Operational,,#N/A,#N/A,#N/A,#N/A,#N/A,#N/A,#N/A,#N/A,#N/A,#N/A,#N/A,#N/A,#N/A,#N/A,#N/A
05-005-16-000,05-05-16-000,"Santo Domingo, Albay",Santo Domingo,Albay,Region V (Bicol Region),Municipality,4th,R5,B,H,#REF!,#REF!,https://bpbc.ibpls.com/santodomingoalbay,https://prod.ebpls.com/santodomingoalbay,2022-02,#N/A,#N/A,#N/A,[1] Operational,[A] Operational,,[1] Operational,[A] Operational,,[1] Operational,[A] Operational,,[1] Operational,[A] Operational,,[1] Operational,[A] Operational,,[1] Operational,[A] Operational,,[1] Operational,[A] Operational,,#N/A,#N/A,#N/A,#N/A,#N/A,#N/A,#N/A,#N/A,#N/A,#N/A,#N/A,#N/A,#N/A,#N/A,#N/A
01-029-28-000,01-29-28-000,"Santo Domingo, Ilocos Sur",Santo Domingo,Ilocos Sur,Region I (Ilocos Region),Municipality,3rd,R1,A,C,#REF!,#REF!,https://bpbc.ibpls.com/santodomingoilocossur,https://prod.ebpls.com/santodomingoilocossur,2022-12,#N/A,#N/A,#N/A,[1] Operational,[A] Operational,,[1] Operational,[A] Operational,,[1] Operational,[A] Operational,,[1] Operational,[A] Operational,,[1] Operational,[A] Operational,,[1] Operational,[A] Operational,,[1] Operational,[A] Operational,,#N/A,#N/A,#N/A,#N/A,#N/A,#N/A,#N/A,#N/A,#N/A,#N/A,#N/A,#N/A,#N/A,#N/A,#N/A
03-049-29-000,03-49-29-000,"Santo Domingo, Nueva Ecija",Santo Domingo,Nueva Ecija,Region III (Central Luzon),Municipality,3rd,R3,A,E,#REF!,#REF!,https://bpbc.ibpls.com/santodomingonuevaecija,https://prod.ebpls.com/stodomingonuevaecija/.php/login,2022-12,#N/A,#N/A,#N/A,[1] Operational,[A] Operational,,[1] Operational,[A] Operational,,[1] Operational,[A] Operational,,[1] Operational,[A] Operational,,[1] Operational,[A] Operational,,[1] Operational,[A] Operational,,[1] Operational,[A] Operational,,#N/A,#N/A,#N/A,#N/A,#N/A,#N/A,#N/A,#N/A,#N/A,#N/A,#N/A,#N/A,#N/A,#N/A,#N/A
02-015-26-000,02-15-26-000,"Santo Niño, Cagayan",Santo Niño,Cagayan,Region II (Cagayan Valley),Municipality,2nd,R2,A,D,#REF!,#REF!,https://bpbc.ibpls.com/santoninocagayan,https://prod.ebpls.com/santoninocagayan/,2022-12,#N/A,#N/A,#N/A,[1] Operational,[A] Operational,,[1] Operational,[A] Operational,,[1] Operational,[A] Operational,,[1] Operational,[A] Operational,,[1] Operational,[A] Operational,,[1] Operational,[A] Operational,,[1] Operational,[A] Operational,,#N/A,#N/A,#N/A,#N/A,#N/A,#N/A,#N/A,#N/A,#N/A,#N/A,#N/A,#N/A,#N/A,#N/A,#N/A
12-063-18-000,12-63-18-000,"Santo Niño, South Cotabato",Santo Niño,South Cotabato,Region XII (SOCCSKSARGEN),Municipality,3rd,R12,B,Q,#REF!,#REF!,https://bpbc.ibpls.com/santoninosouthcotabato,https://prod.ebpls.com/santoninosouthcotabato,,#N/A,#N/A,#N/A,[6] With Concerns,[C] For Training/Others,,[6] With Concerns,[C] For Training/Others,,[6] With Concerns,[C] For Training/Others,Scheduled a refresher training,[6] With Concerns,[C] For Training/Others,,[6] With Concerns,[C] For Training/Others,,[6] With Concerns,[C] For Training/Others,,[6] With Concerns,[C] For Training/Others,,#N/A,#N/A,#N/A,#N/A,#N/A,#N/A,#N/A,#N/A,#N/A,#N/A,#N/A,#N/A,#N/A,#N/A,#N/A
02-031-36-000,02-31-36-000,"Santo Tomas, Isabela",Santo Tomas,Isabela,Region II (Cagayan Valley),Municipality,4th,R2,B,D,#REF!,#REF!,https://bpbc.ibpls.com/santotomasisabela,https://prod.ebpls.com/santotomasisabela,2023-01,#N/A,#N/A,#N/A,[1] Operational,[A] Operational,,[1] Operational,[A] Operational,,[1] Operational,[A] Operational,,[1] Operational,[A] Operational,,[1] Operational,[A] Operational,,[1] Operational,[A] Operational,,[1] Operational,[A] Operational,,#N/A,#N/A,#N/A,#N/A,#N/A,#N/A,#N/A,#N/A,#N/A,#N/A,#N/A,#N/A,#N/A,#N/A,#N/A
01-033-17-000,01-33-17-000,"Santo Tomas, La Union",Santo Tomas,La Union,Region I (Ilocos Region),Municipality,4th,R1,A,C,#REF!,#REF!,https://bpbc.ibpls.com/santotomaslaunion,https://prod.ebpls.com/santotomaslaunion,2022-12,#N/A,#N/A,#N/A,[1] Operational,[A] Operational,,[1] Operational,[A] Operational,,[1] Operational,[A] Operational,,[1] Operational,[A] Operational,,[1] Operational,[A] Operational,,[1] Operational,[A] Operational,,[1] Operational,[A] Operational,,#N/A,#N/A,#N/A,#N/A,#N/A,#N/A,#N/A,#N/A,#N/A,#N/A,#N/A,#N/A,#N/A,#N/A,#N/A
01-055-40-000,01-55-40-000,"Santo Tomas, Pangasinan",Santo Tomas,Pangasinan,Region I (Ilocos Region),Municipality,5th,R1,B,C,#REF!,#REF!,https://bpbc.ibpls.com/santotomaspangasinan,https://prod.ebpls.com/santotomaspangasinan,,#N/A,#N/A,#N/A,[1] Operational,[A] Operational,,[1] Operational,[A] Operational,,[1] Operational,[A] Operational,,[1] Operational,[A] Operational,,[1] Operational,[A] Operational,,[1] Operational,[A] Operational,,[1] Operational,[A] Operational,,#N/A,#N/A,#N/A,#N/A,#N/A,#N/A,#N/A,#N/A,#N/A,#N/A,#N/A,#N/A,#N/A,#N/A,#N/A
01-033-18-000,01-33-18-000,"Santol, La Union",Santol,La Union,Region I (Ilocos Region),Municipality,4th,R1,B,C,#REF!,#REF!,https://bpbc.ibpls.com/santollaunion,https://prod.ebpls.com/santollaunion,,#N/A,#N/A,#N/A,[1] Operational,[A] Operational,,[1] Operational,[A] Operational,,[1] Operational,[A] Operational,,[1] Operational,[A] Operational,,[1] Operational,[A] Operational,,[1] Operational,[A] Operational,,[1] Operational,[A] Operational,,#N/A,#N/A,#N/A,#N/A,#N/A,#N/A,#N/A,#N/A,#N/A,#N/A,#N/A,#N/A,#N/A,#N/A,#N/A
10-042-13-000,10-42-13-000,"Sapang Dalaga, Misamis Occidental",Sapang Dalaga,Misamis Occidental,Region X (Northern Mindanao),Municipality,5th*,R10,B,N,#REF!,#REF!,https://bpbc.ibpls.com/sapangdalagamisamisoccidental,https://prod.ebpls.com/sapangdalagamisamisoccidental,,#N/A,#N/A,#N/A,[1] Operational,[A] Operational,,[1] Operational,[A] Operational,,[1] Operational,[A] Operational,,[1] Operational,[A] Operational,,[1] Operational,[A] Operational,,[1] Operational,[A] Operational,,[1] Operational,[A] Operational,,#N/A,#N/A,#N/A,#N/A,#N/A,#N/A,#N/A,#N/A,#N/A,#N/A,#N/A,#N/A,#N/A,#N/A,#N/A
06-019-15-000,06-19-15-000,"Sapi-An, Capiz",Sapi-An,Capiz,Region VI (Western Visayas),Municipality,4th,R6,A,I,#REF!,#REF!,https://bpbc.ibpls.com/sapiancapiz,https://prod.ebpls.com/sapiancapiz/,2022-12,#N/A,#N/A,#N/A,[1] Operational,[A] Operational,,[1] Operational,[A] Operational,,[1] Operational,[A] Operational,,[1] Operational,[A] Operational,,[1] Operational,[A] Operational,,[1] Operational,[A] Operational,,[1] Operational,[A] Operational,,#N/A,#N/A,#N/A,#N/A,#N/A,#N/A,#N/A,#N/A,#N/A,#N/A,#N/A,#N/A,#N/A,#N/A,#N/A
06-030-44-000,06-30-44-000,"Sara, Iloilo",Sara,Iloilo,Region VI (Western Visayas),Municipality,2nd,R6,A,I,#REF!,#REF!,https://bpbc.ibpls.com/sarailoilo,https://prod.ebpls.com/sarailoilo,2022-12,#N/A,#N/A,#N/A,[1] Operational,[A] Operational,,[1] Operational,[A] Operational,,[1] Operational,[A] Operational,,[1] Operational,[A] Operational,,[1] Operational,[A] Operational,,[1] Operational,[A] Operational,,[1] Operational,[A] Operational,,#N/A,#N/A,#N/A,#N/A,#N/A,#N/A,#N/A,#N/A,#N/A,#N/A,#N/A,#N/A,#N/A,#N/A,#N/A
01-028-21-000,01-28-21-000,"Sarrat, Ilocos Norte",Sarrat,Ilocos Norte,Region I (Ilocos Region),Municipality,4th,R1,A,C,#REF!,#REF!,https://bpbc.ibpls.com/sarratilocosnorte,https://prod.ebpls.com/sarratilocosnorte,2022-12,#N/A,#N/A,#N/A,[1] Operational,[A] Operational,,[1] Operational,[A] Operational,,[1] Operational,[A] Operational,,[1] Operational,[A] Operational,,[1] Operational,[A] Operational,,[1] Operational,[A] Operational,,[1] Operational,[A] Operational,,#N/A,#N/A,#N/A,#N/A,#N/A,#N/A,#N/A,#N/A,#N/A,#N/A,#N/A,#N/A,#N/A,#N/A,#N/A
03-054-22-000,03-54-22-000,"Sasmuan, Pampanga",Sasmuan,Pampanga,Region III (Central Luzon),Municipality,4th,R3,B,E,#REF!,#REF!,https://bpbc.ibpls.com/sasmuanpampanga,https://prod.ebpls.com/sasmuanpampanga,2023-01,#N/A,#N/A,#N/A,[1] Operational,[A] Operational,,[1] Operational,[A] Operational,,[1] Operational,[A] Operational,,[1] Operational,[A] Operational,,[1] Operational,[A] Operational,,[1] Operational,[A] Operational,,[1] Operational,[A] Operational,,#N/A,#N/A,#N/A,#N/A,#N/A,#N/A,#N/A,#N/A,#N/A,#N/A,#N/A,#N/A,#N/A,#N/A,#N/A
06-006-15-000,06-06-15-000,"Sebaste, Antique",Sebaste,Antique,Region VI (Western Visayas),Municipality,4th,R6,A,I,#REF!,#REF!,https://bpbc.ibpls.com/sebasteantique,https://prod.ebpls.com/sebasteantique/,2022-12,#N/A,#N/A,#N/A,[1] Operational,[A] Operational,,[1] Operational,[A] Operational,,[1] Operational,[A] Operational,,[1] Operational,[A] Operational,,[1] Operational,[A] Operational,,[1] Operational,[A] Operational,,[1] Operational,[A] Operational,,#N/A,#N/A,#N/A,#N/A,#N/A,#N/A,#N/A,#N/A,#N/A,#N/A,#N/A,#N/A,#N/A,#N/A,#N/A
12-065-12-000,12-65-12-000,"Sen. Ninoy Aquino, Sultan Kudarat",Sen. Ninoy Aquino,Sultan Kudarat,Region XII (SOCCSKSARGEN),Municipality,3rd,R12,A,Q,#REF!,#REF!,https://bpbc.ibpls.com/senninoyaquinosultankudarat,https://prod.ebpls.com/senatorninoyaquinosultankudarat/.php/login,2022-12,#N/A,#N/A,#N/A,[1] Operational,[A] Operational,,[1] Operational,[A] Operational,,[1] Operational,[A] Operational,,[1] Operational,[A] Operational,,[1] Operational,[A] Operational,,[1] Operational,[A] Operational,,[1] Operational,[A] Operational,,#N/A,#N/A,#N/A,#N/A,#N/A,#N/A,#N/A,#N/A,#N/A,#N/A,#N/A,#N/A,#N/A,#N/A,#N/A
07-012-39-000,07-12-39-000,"Sevilla, Bohol",Sevilla,Bohol,Region VII (Central Visayas),Municipality,5th,R7,B,J,#REF!,#REF!,https://bpbc.ibpls.com/sevillabohol,https://prod.ebpls.com/sevillabohol,,#N/A,#N/A,#N/A,[1] Operational,[A] Operational,,[1] Operational,[A] Operational,,[1] Operational,[A] Operational,,[1] Operational,[A] Operational,,[1] Operational,[A] Operational,,[1] Operational,[A] Operational,,[1] Operational,[A] Operational,,#N/A,#N/A,#N/A,#N/A,#N/A,#N/A,#N/A,#N/A,#N/A,#N/A,#N/A,#N/A,#N/A,#N/A,#N/A
19-088-20-000,15-38-08-000,"Shariff Aguak, Maguindanao del Sur",Shariff Aguak,Maguindanao del Sur,Bangsamoro Autonomous Region In Muslim Mindanao (BARMM),Municipality,2nd,BARMM II,B,R,#REF!,#REF!,https://bpbc.ibpls.com/shariffaguakmaguindanaodelsur,https://prod.ebpls.com/shariffaguakmaguindanaodelsur,,#N/A,#N/A,#N/A,[1] Operational,[A] Operational,,[1] Operational,[A] Operational,,[1] Operational,[A] Operational,,[1] Operational,[A] Operational,,[1] Operational,[A] Operational,,[1] Operational,[A] Operational,,[1] Operational,[A] Operational,,#N/A,#N/A,#N/A,#N/A,#N/A,#N/A,#N/A,#N/A,#N/A,#N/A,#N/A,#N/A,#N/A,#N/A,#N/A
07-046-19-000,07-46-19-000,"Siaton, Negros Oriental",Siaton,Negros Oriental,Region VII (Central Visayas),Municipality,1st,R7,B,J,#REF!,#REF!,https://bpbc.ibpls.com/siatonnegrosoriental,https://prod.ebpls.com/siatonnegrosoriental,,#N/A,#N/A,#N/A,[1] Operational,[A] Operational,,[1] Operational,[A] Operational,,[1] Operational,[A] Operational,,[1] Operational,[A] Operational,,[1] Operational,[A] Operational,,[1] Operational,[A] Operational,,[1] Operational,[A] Operational,,#N/A,#N/A,#N/A,#N/A,#N/A,#N/A,#N/A,#N/A,#N/A,#N/A,#N/A,#N/A,#N/A,#N/A,#N/A
09-083-13-000,09-83-13-000,"Siay, Zamboanga Sibugay",Siay,Zamboanga Sibugay,Region IX (Zamboanga Peninsula),Municipality,2nd,R9,B,L,#REF!,#REF!,https://bpbc.ibpls.com/siayzamboangasibugay,https://prod.ebpls.com/siayzamboangasibugay/.php/login,2023-01,#N/A,#N/A,#N/A,[1] Operational,[A] Operational,,[1] Operational,[A] Operational,,[1] Operational,[A] Operational,,[1] Operational,[A] Operational,,[1] Operational,[A] Operational,,[1] Operational,[A] Operational,,[1] Operational,[A] Operational,,#N/A,#N/A,#N/A,#N/A,#N/A,#N/A,#N/A,#N/A,#N/A,#N/A,#N/A,#N/A,#N/A,#N/A,#N/A
09-072-15-000,09-72-15-000,"Siayan, Zamboanga del Norte",Siayan,Zamboanga del Norte,Region IX (Zamboanga Peninsula),Municipality,2nd,R9,A,L,#REF!,#REF!,https://bpbc.ibpls.com/siayanzamboangadelnorte,https://prod.ebpls.com/siayanzamboangadelnorte,2022-12,#N/A,#N/A,#N/A,[1] Operational,[A] Operational,,[1] Operational,[A] Operational,,[1] Operational,[A] Operational,,[1] Operational,[A] Operational,,[1] Operational,[A] Operational,,[1] Operational,[A] Operational,,[1] Operational,[A] Operational,,#N/A,#N/A,#N/A,#N/A,#N/A,#N/A,#N/A,#N/A,#N/A,#N/A,#N/A,#N/A,#N/A,#N/A,#N/A
06-006-16-000,06-06-16-000,"Sibalom, Antique",Sibalom,Antique,Region VI (Western Visayas),Municipality,2nd,R6,A,I,#REF!,#REF!,https://bpbc.ibpls.com/sibalomantique,https://prod.ebpls.com/sibalomantique/,2022-12,#N/A,#N/A,#N/A,[1] Operational,[A] Operational,,[1] Operational,[A] Operational,,[1] Operational,[A] Operational,,[1] Operational,[A] Operational,,[1] Operational,[A] Operational,,[1] Operational,[A] Operational,,[1] Operational,[A] Operational,,#N/A,#N/A,#N/A,#N/A,#N/A,#N/A,#N/A,#N/A,#N/A,#N/A,#N/A,#N/A,#N/A,#N/A,#N/A
09-072-16-000,,"Sibuco, Zamboanga del Norte",Sibuco,Zamboanga del Norte,Region IX (Zamboanga Peninsula),Municipality,1st,R9,,L,,,https://bpbc.ibpls.com/sibucozamboangadelnorte,,,#N/A,#N/A,#N/A,[6] With Concerns,[C] For Training/Others,Refresher Training conducted last August 2024,[6] With Concerns,[C] For Training/Others,Refresher Training conducted last August 2024,[6] With Concerns,[C] For Training/Others,Refresher Training conducted last August 2024,[7] To Follow-up,[C] For Training/Others,Refresher Training conducted last August 2024,[7] To Follow-up,[C] For Training/Others,Refresher Training conducted last August 2024,[7] To Follow-up,[C] For Training/Others,Refresher Training conducted last August 2024,[7] To Follow-up,[C] For Training/Others,Refresher Training conducted last August 2024,#N/A,#N/A,#N/A,#N/A,#N/A,#N/A,#N/A,#N/A,#N/A,#N/A,#N/A,#N/A,#N/A,#N/A,#N/A
04-058-11-000,04-58-11-000,"San Mateo, Rizal",San Mateo,Rizal,Region IV-A (CALABARZON),Municipality,1st,R4A,B,F,#REF!,#REF!,,https://prod.ebpls.com/sanmateorizal,,#N/A,#N/A,#N/A,[3] Ongoing Data Build-up,[B] Developmental,,[3] Ongoing Data Build-up,[B] Developmental,,[3] Ongoing Data Build-up,[B] Developmental,,[3] Ongoing Data Build-up,[B] Developmental,,[3] Ongoing Data Build-up,[B] Developmental,,[3] Ongoing Data Build-up,[B] Developmental,,[3] Ongoing Data Build-up,[B] Developmental,,#N/A,#N/A,#N/A,#N/A,#N/A,#N/A,#N/A,#N/A,#N/A,#N/A,#N/A,#N/A,#N/A,#N/A,#N/A
07-046-20-000,07-46-20-000,"Sibulan, Negros Oriental",Sibulan,Negros Oriental,Region VII (Central Visayas),Municipality,2nd,R7,A,J,#REF!,#REF!,https://bpbc.ibpls.com/sibulannegrosoriental,https://prod.ebpls.com/sibulannegrosoriental,2022-12,#N/A,#N/A,#N/A,[1] Operational,[A] Operational,,[1] Operational,[A] Operational,,[1] Operational,[A] Operational,,[1] Operational,[A] Operational,,[1] Operational,[A] Operational,,[1] Operational,[A] Operational,,[1] Operational,[A] Operational,,#N/A,#N/A,#N/A,#N/A,#N/A,#N/A,#N/A,#N/A,#N/A,#N/A,#N/A,#N/A,#N/A,#N/A,#N/A
09-072-17-000,09-72-17-000,"Sibutad, Zamboanga del Norte",Sibutad,Zamboanga del Norte,Region IX (Zamboanga Peninsula),Municipality,5th,R9,A,L,#REF!,#REF!,https://bpbc.ibpls.com/sibutadzamboangadelnorte,https://prod.ebpls.com/sibutadzamboangadelnorte,2022-12,#N/A,#N/A,#N/A,[1] Operational,[A] Operational,,[1] Operational,[A] Operational,,[1] Operational,[A] Operational,,[1] Operational,[A] Operational,,[1] Operational,[A] Operational,,[1] Operational,[A] Operational,,[1] Operational,[A] Operational,,#N/A,#N/A,#N/A,#N/A,#N/A,#N/A,#N/A,#N/A,#N/A,#N/A,#N/A,#N/A,#N/A,#N/A,#N/A
08-064-16-000,08-64-16-000,"Silago, Southern Leyte",Silago,Southern Leyte,Region VIII (Eastern Visayas),Municipality,4th,R8,A,K,#REF!,#REF!,https://bpbc.ibpls.com/silagosouthernleyte,https://prod.ebpls.com/silagosouthernleyte,2022-12,#N/A,#N/A,#N/A,[1] Operational,[A] Operational,Normal Operations,[1] Operational,[A] Operational,,[1] Operational,[A] Operational,Normal Operations,[1] Operational,[A] Operational,Normal Operations,[1] Operational,[A] Operational,Normal Operations,[1] Operational,[A] Operational,Normal Operations,[1] Operational,[A] Operational,Normal Operations,#N/A,#N/A,#N/A,#N/A,#N/A,#N/A,#N/A,#N/A,#N/A,#N/A,#N/A,#N/A,#N/A,#N/A,#N/A
10-042-14-000,10-42-14-000,"Sinacaban, Misamis Occidental",Sinacaban,Misamis Occidental,Region X (Northern Mindanao),Municipality,5th,R10,A,N,#REF!,#REF!,https://bpbc.ibpls.com/sinacabanmisamisoccidental,https://prod.ebpls.com/sinacabanmisamisoccidental,2022-12,#N/A,#N/A,#N/A,[1] Operational,[A] Operational,,[1] Operational,[A] Operational,,[1] Operational,[A] Operational,,[1] Operational,[A] Operational,,[1] Operational,[A] Operational,,[1] Operational,[A] Operational,,[1] Operational,[A] Operational,,#N/A,#N/A,#N/A,#N/A,#N/A,#N/A,#N/A,#N/A,#N/A,#N/A,#N/A,#N/A,#N/A,#N/A,#N/A
01-029-30-000,01-29-30-000,"Sinait, Ilocos Sur",Sinait,Ilocos Sur,Region I (Ilocos Region),Municipality,3rd,R1,A,C,#REF!,#REF!,https://bpbc.ibpls.com/sinaitilocossur,https://prod.ebpls.com/sinaitilocossur,2022-12,#N/A,#N/A,#N/A,[1] Operational,[A] Operational,,[1] Operational,[A] Operational,,[1] Operational,[A] Operational,,[1] Operational,[A] Operational,,[1] Operational,[A] Operational,,[1] Operational,[A] Operational,,[1] Operational,[A] Operational,,#N/A,#N/A,#N/A,#N/A,#N/A,#N/A,#N/A,#N/A,#N/A,#N/A,#N/A,#N/A,#N/A,#N/A,#N/A
09-072-18-000,09-72-18-000,"Sindangan, Zamboanga del Norte",Sindangan,Zamboanga del Norte,Region IX (Zamboanga Peninsula),Municipality,1st,R9,A,L,#REF!,#REF!,https://bpbc.ibpls.com/sindanganzamboangadelnorte,https://prod.ebpls.com/sindanganzamboangadelnorte,2022-12,#N/A,#N/A,#N/A,[1] Operational,[A] Operational,,[1] Operational,[A] Operational,,[1] Operational,[A] Operational,,[1] Operational,[A] Operational,,[1] Operational,[A] Operational,,[1] Operational,[A] Operational,,[1] Operational,[A] Operational,,#N/A,#N/A,#N/A,#N/A,#N/A,#N/A,#N/A,#N/A,#N/A,#N/A,#N/A,#N/A,#N/A,#N/A,#N/A
04-034-29-000,04-34-29-000,"Siniloan, Laguna",Siniloan,Laguna,Region IV-A (CALABARZON),Municipality,2nd,R4A,A,F,#REF!,#REF!,https://bpbc.ibpls.com/siniloanlaguna,https://prod.ebpls.com/siniloanlaguna,2022-12,#N/A,#N/A,#N/A,[1] Operational,[A] Operational,,[1] Operational,[A] Operational,,[1] Operational,[A] Operational,,[1] Operational,[A] Operational,,[1] Operational,[A] Operational,,[1] Operational,[A] Operational,,[1] Operational,[A] Operational,,#N/A,#N/A,#N/A,#N/A,#N/A,#N/A,#N/A,#N/A,#N/A,#N/A,#N/A,#N/A,#N/A,#N/A,#N/A
09-072-19-000,09-72-19-000,"Siocon, Zamboanga del Norte",Siocon,Zamboanga del Norte,Region IX (Zamboanga Peninsula),Municipality,1st,R9,B,L,#REF!,#REF!,https://bpbc.ibpls.com/sioconzamboangadelnorte,https://prod.ebpls.com/sioconzamboangadelnorte/,,#N/A,#N/A,#N/A,[6] With Concerns,[C] For Training/Others,,[6] With Concerns,[C] For Training/Others,,[6] With Concerns,[C] For Training/Others,,[7] To Follow-up,[C] For Training/Others,,[7] To Follow-up,[C] For Training/Others,,[7] To Follow-up,[C] For Training/Others,,[7] To Follow-up,[C] For Training/Others,,#N/A,#N/A,#N/A,#N/A,#N/A,#N/A,#N/A,#N/A,#N/A,#N/A,#N/A,#N/A,#N/A,#N/A,#N/A
01-055-41-000,01-55-41-000,"Sison, Pangasinan",Sison,Pangasinan,Region I (Ilocos Region),Municipality,3rd,R1,A,C,#REF!,#REF!,https://bpbc.ibpls.com/sisonpangasinan,https://prod.ebpls.com/sisonpangasinan,2022-12,#N/A,#N/A,#N/A,[1] Operational,[A] Operational,,[1] Operational,[A] Operational,,[1] Operational,[A] Operational,,[1] Operational,[A] Operational,,[1] Operational,[A] Operational,,[1] Operational,[A] Operational,,[1] Operational,[A] Operational,,#N/A,#N/A,#N/A,#N/A,#N/A,#N/A,#N/A,#N/A,#N/A,#N/A,#N/A,#N/A,#N/A,#N/A,#N/A
16-067-22-000,16-67-22-000,"Sison, Surigao del Norte",Sison,Surigao del Norte,Region XIII (Caraga),Municipality,5th,R13,A,O,#REF!,#REF!,https://bpbc.ibpls.com/sisonsurigaodelnorte,https://prod.ebpls.com/sisonsurigaodelnorte,2022-12,#N/A,#N/A,#N/A,[1] Operational,[A] Operational,,[1] Operational,[A] Operational,,[1] Operational,[A] Operational,,[1] Operational,[A] Operational,,[1] Operational,[A] Operational,,[1] Operational,[A] Operational,,[1] Operational,[A] Operational,,#N/A,#N/A,#N/A,#N/A,#N/A,#N/A,#N/A,#N/A,#N/A,#N/A,#N/A,#N/A,#N/A,#N/A,#N/A
17-052-14-000,17-52-14-000,"Socorro, Oriental Mindoro",Socorro,Oriental Mindoro,MIMAROPA Region,Municipality,3rd,R4B,A,G,#REF!,#REF!,https://bpbc.ibpls.com/socorroorientalmindoro,https://prod.ebpls.com/socorroorientalmindoro/.php/login,2022-12,#N/A,#N/A,#N/A,[1] Operational,[A] Operational,,[1] Operational,[A] Operational,,[1] Operational,[A] Operational,,[1] Operational,[A] Operational,,[1] Operational,[A] Operational,,[1] Operational,[A] Operational,,[1] Operational,[A] Operational,,#N/A,#N/A,#N/A,#N/A,#N/A,#N/A,#N/A,#N/A,#N/A,#N/A,#N/A,#N/A,#N/A,#N/A,#N/A
16-067-23-000,16-67-23-000,"Socorro, Surigao del Norte",Socorro,Surigao del Norte,Region XIII (Caraga),Municipality,4th,R13,A,O,#REF!,#REF!,https://bpbc.ibpls.com/socorrosurigaodelnorte,https://prod.ebpls.com/socorrosurigaodelnorte,2022-12,#N/A,#N/A,#N/A,[1] Operational,[A] Operational,,[1] Operational,[A] Operational,,[1] Operational,[A] Operational,,[1] Operational,[A] Operational,,[1] Operational,[A] Operational,,[1] Operational,[A] Operational,,[1] Operational,[A] Operational,,#N/A,#N/A,#N/A,#N/A,#N/A,#N/A,#N/A,#N/A,#N/A,#N/A,#N/A,#N/A,#N/A,#N/A,#N/A
07-022-47-000,07-22-47-000,"Sogod, Cebu",Sogod,Cebu,Region VII (Central Visayas),Municipality,4th*,R7,A,J,#REF!,#REF!,https://bpbc.ibpls.com/sogodcebu,https://prod.ebpls.com/sogodcebu,2022-12,#N/A,#N/A,#N/A,[1] Operational,[A] Operational,,[1] Operational,[A] Operational,,[1] Operational,[A] Operational,,[1] Operational,[A] Operational,,[1] Operational,[A] Operational,,[1] Operational,[A] Operational,,[1] Operational,[A] Operational,,#N/A,#N/A,#N/A,#N/A,#N/A,#N/A,#N/A,#N/A,#N/A,#N/A,#N/A,#N/A,#N/A,#N/A,#N/A
08-064-17-000,08-64-17-000,"Sogod, Southern Leyte",Sogod,Southern Leyte,Region VIII (Eastern Visayas),Municipality,2nd,R8,A,K,#REF!,#REF!,https://bpbc.ibpls.com/sogodsouthernleyte,https://prod.ebpls.com/sogodsouthernleyte,2022-12,#N/A,#N/A,#N/A,[1] Operational,[A] Operational,Normal Operations,[1] Operational,[A] Operational,,[1] Operational,[A] Operational,Normal Operations,[1] Operational,[A] Operational,Normal Operations,[1] Operational,[A] Operational,Normal Operations,[1] Operational,[A] Operational,Normal Operations,[1] Operational,[A] Operational,Normal Operations,#N/A,#N/A,#N/A,#N/A,#N/A,#N/A,#N/A,#N/A,#N/A,#N/A,#N/A,#N/A,#N/A,#N/A,#N/A
02-015-27-000,02-15-27-000,"Solana, Cagayan",Solana,Cagayan,Region II (Cagayan Valley),Municipality,1st,R2,A,D,#REF!,#REF!,https://bpbc.ibpls.com/solanacagayan,https://prod.ebpls.com/solanacagayan,2022-12,#N/A,#N/A,#N/A,[1] Operational,[A] Operational,,[1] Operational,[A] Operational,,[1] Operational,[A] Operational,,[1] Operational,[A] Operational,,[1] Operational,[A] Operational,,[1] Operational,[A] Operational,,[1] Operational,[A] Operational,,#N/A,#N/A,#N/A,#N/A,#N/A,#N/A,#N/A,#N/A,#N/A,#N/A,#N/A,#N/A,#N/A,#N/A,#N/A
01-028-22-000,01-28-22-000,"Solsona, Ilocos Norte",Solsona,Ilocos Norte,Region I (Ilocos Region),Municipality,3rd,R1,A,C,#REF!,#REF!,https://bpbc.ibpls.com/solsonailocosnorte,https://prod.ebpls.com/solsonailocosnorte,2022-12,#N/A,#N/A,#N/A,[1] Operational,[A] Operational,,[1] Operational,[A] Operational,,[1] Operational,[A] Operational,,[1] Operational,[A] Operational,,[1] Operational,[A] Operational,,[1] Operational,[A] Operational,,[1] Operational,[A] Operational,,#N/A,#N/A,#N/A,#N/A,#N/A,#N/A,#N/A,#N/A,#N/A,#N/A,#N/A,#N/A,#N/A,#N/A,#N/A
09-073-40-000,09-73-40-000,"Sominot, Zamboanga del Sur",Sominot,Zamboanga del Sur,Region IX (Zamboanga Peninsula),Municipality,5th*,R9,B,L,#REF!,#REF!,https://bpbc.ibpls.com/sominotzamboangadelsur,https://prod.ebpls.com/sominotzamboangadelsur,,#N/A,#N/A,#N/A,[6] With Concerns,[C] For Training/Others,,[6] With Concerns,[C] For Training/Others,,[6] With Concerns,[C] For Training/Others,,[7] To Follow-up,[C] For Training/Others,,[7] To Follow-up,[C] For Training/Others,,[7] To Follow-up,[C] For Training/Others,,[7] To Follow-up,[C] For Training/Others,,#N/A,#N/A,#N/A,#N/A,#N/A,#N/A,#N/A,#N/A,#N/A,#N/A,#N/A,#N/A,#N/A,#N/A,#N/A
03-054-21-000,03-54-21-000,"Sto. Tomas, Pampanga",Sto. Tomas,Pampanga,Region III (Central Luzon),Municipality,4th,R3,B,E,#REF!,#REF!,https://bpbc.ibpls.com/stotomaspampanga,https://prod.ebpls.com/stotomaspampanga,,#N/A,#N/A,#N/A,[2] Pilot Testing,[B] Developmental,,[2] Pilot Testing,[B] Developmental,,[2] Pilot Testing,[B] Developmental,,[2] Pilot Testing,[B] Developmental,,[2] Pilot Testing,[B] Developmental,,[2] Pilot Testing,[B] Developmental,,[2] Pilot Testing,[B] Developmental,,#N/A,#N/A,#N/A,#N/A,#N/A,#N/A,#N/A,#N/A,#N/A,#N/A,#N/A,#N/A,#N/A,#N/A,#N/A
03-071-14-000,03-71-14-000,"Subic, Zambales",Subic,Zambales,Region III (Central Luzon),Municipality,1st,R3,B,E,#REF!,#REF!,https://bpbc.ibpls.com/subiczambales,https://prod.ebpls.com/subiczambales,,#N/A,#N/A,#N/A,[1] Operational,[A] Operational,,[1] Operational,[A] Operational,,[1] Operational,[A] Operational,,[1] Operational,[A] Operational,,[1] Operational,[A] Operational,,[1] Operational,[A] Operational,,[1] Operational,[A] Operational,,#N/A,#N/A,#N/A,#N/A,#N/A,#N/A,#N/A,#N/A,#N/A,#N/A,#N/A,#N/A,#N/A,#N/A,#N/A
01-033-19-000,01-33-19-000,"Sudipen, La Union",Sudipen,La Union,Region I (Ilocos Region),Municipality,4th,R1,B,C,#REF!,#REF!,https://bpbc.ibpls.com/sudipenlaunion,https://prod.ebpls.com/sudipenlaunion,,#N/A,#N/A,#N/A,[1] Operational,[A] Operational,,[1] Operational,[A] Operational,,[1] Operational,[A] Operational,,[1] Operational,[A] Operational,,[1] Operational,[A] Operational,,[1] Operational,[A] Operational,,[1] Operational,[A] Operational,,#N/A,#N/A,#N/A,#N/A,#N/A,#N/A,#N/A,#N/A,#N/A,#N/A,#N/A,#N/A,#N/A,#N/A,#N/A
10-043-23-000,10-43-23-000,"Sugbongcogon, Misamis Oriental",Sugbongcogon,Misamis Oriental,Region X (Northern Mindanao),Municipality,5th,R10,A,N,#REF!,#REF!,https://bpbc.ibpls.com/sugbongcogonmisamisoriental,https://prod.ebpls.com/sugbongcogonmisamisoriental,2022-12,#N/A,#N/A,#N/A,[1] Operational,[A] Operational,,[1] Operational,[A] Operational,,[1] Operational,[A] Operational,,[1] Operational,[A] Operational,,[1] Operational,[A] Operational,,[1] Operational,[A] Operational,,[1] Operational,[A] Operational,,#N/A,#N/A,#N/A,#N/A,#N/A,#N/A,#N/A,#N/A,#N/A,#N/A,#N/A,#N/A,#N/A,#N/A,#N/A
08-026-22-000,08-26-22-000,"Sulat, Eastern Samar",Sulat,Eastern Samar,Region VIII (Eastern Visayas),Municipality,4th,R8,A,K,#REF!,#REF!,https://bpbc.ibpls.com/sulateasternsamar,https://prod.ebpls.com/sulateasternsamar,2022-12,#N/A,#N/A,#N/A,[1] Operational,[A] Operational,Normal Operations,[1] Operational,[A] Operational,,[1] Operational,[A] Operational,Normal Operations,[1] Operational,[A] Operational,Normal Operations,[1] Operational,[A] Operational,Normal Operations,[1] Operational,[A] Operational,Normal Operations,[1] Operational,[A] Operational,Normal Operations,#N/A,#N/A,#N/A,#N/A,#N/A,#N/A,#N/A,#N/A,#N/A,#N/A,#N/A,#N/A,#N/A,#N/A,#N/A
11-024-14-000,11-24-14-000,"Sulop, Davao del Sur",Sulop,Davao del Sur,Region XI (Davao Region),Municipality,3rd,R11,A,P,#REF!,#REF!,https://bpbc.ibpls.com/sulopdavaodelsur,https://prod.ebpls.com/sulopdavaodelsur,2022-12,#N/A,#N/A,#N/A,[1] Operational,[A] Operational,,[1] Operational,[A] Operational,,[1] Operational,[A] Operational,,[1] Operational,[A] Operational,,[1] Operational,[A] Operational,,[1] Operational,[A] Operational,,[1] Operational,[A] Operational,,#N/A,#N/A,#N/A,#N/A,#N/A,#N/A,#N/A,#N/A,#N/A,#N/A,#N/A,#N/A,#N/A,#N/A,#N/A
19-087-10-000,15-38-12-000,"Sultan Kudarat, Maguindanao del Norte",Sultan Kudarat,Maguindanao del Norte,Bangsamoro Autonomous Region In Muslim Mindanao (BARMM),Municipality,1st,BARMM II,B,R,#REF!,#REF!,https://bpbc.ibpls.com/sultankudaratmaguindanaodelnorte,https://prod.ebpls.com/sultankudaratmaguindanaodelnorte/,,#N/A,#N/A,#N/A,[1] Operational,[A] Operational,,[1] Operational,[A] Operational,,[1] Operational,[A] Operational,,[1] Operational,[A] Operational,,[1] Operational,[A] Operational,,[1] Operational,[A] Operational,,[1] Operational,[A] Operational,,#N/A,#N/A,#N/A,#N/A,#N/A,#N/A,#N/A,#N/A,#N/A,#N/A,#N/A,#N/A,#N/A,#N/A,#N/A
10-035-06-000,10-35-06-000,"Sultan Naga Dimaporo, Lanao del Norte",Sultan Naga Dimaporo,Lanao del Norte,Region X (Northern Mindanao),Municipality,3rd,R10,A,N,#REF!,#REF!,https://bpbc.ibpls.com/sultannagadimaporolanaodelnorte,https://prod.ebpls.com/sultannagadimaporolanaodelnorte,2022-12,#N/A,#N/A,#N/A,[1] Operational,[A] Operational,,[1] Operational,[A] Operational,,[1] Operational,[A] Operational,,[1] Operational,[A] Operational,,[1] Operational,[A] Operational,,[1] Operational,[A] Operational,,[1] Operational,[A] Operational,,#N/A,#N/A,#N/A,#N/A,#N/A,#N/A,#N/A,#N/A,#N/A,#N/A,#N/A,#N/A,#N/A,#N/A,#N/A
19-007-05-000,15-07-05-000,"Sumisip, Basilan",Sumisip,Basilan,Bangsamoro Autonomous Region In Muslim Mindanao (BARMM),Municipality,1st,BARMM I,B,M,#REF!,#REF!,https://bpbc.ibpls.com/sumisipbasilan,https://prod.ebpls.com/sumisipbasilan/.php/login,2023-01,#N/A,#N/A,#N/A,[1] Operational,[A] Operational,,[1] Operational,[A] Operational,,[1] Operational,[A] Operational,,[1] Operational,[A] Operational,,[1] Operational,[A] Operational,,[1] Operational,[A] Operational,,[1] Operational,[A] Operational,,#N/A,#N/A,#N/A,#N/A,#N/A,#N/A,#N/A,#N/A,#N/A,#N/A,#N/A,#N/A,#N/A,#N/A,#N/A
12-063-13-000,12-63-13-000,"Surallah, South Cotabato",Surallah,South Cotabato,Region XII (SOCCSKSARGEN),Municipality,1st,R12,B,Q,#REF!,#REF!,https://bpbc.ibpls.com/surallahsouthcotabato,https://prod.ebpls.com/surallahsouthcotabato,,#N/A,#N/A,#N/A,[1] Operational,[A] Operational,,[1] Operational,[A] Operational,,[1] Operational,[A] Operational,,[1] Operational,[A] Operational,,[1] Operational,[A] Operational,,[1] Operational,[A] Operational,,[1] Operational,[A] Operational,,#N/A,#N/A,#N/A,#N/A,#N/A,#N/A,#N/A,#N/A,#N/A,#N/A,#N/A,#N/A,#N/A,#N/A,#N/A
06-030-42-000,06-30-42-000,"San Rafael, Iloilo",San Rafael,Iloilo,Region VI (Western Visayas),Municipality,5th,R6,B,I,#REF!,#REF!,,https://prod.ebpls.com/sanrafaeliloilo,,#N/A,#N/A,#N/A,[8] Withdraw,[D] Withdraw,,[8] Withdraw,[D] Withdraw,,[8] Withdraw,[D] Withdraw,,[8] Withdraw,[D] Withdraw,,[8] Withdraw,[D] Withdraw,,[8] Withdraw,[D] Withdraw,,[8] Withdraw,[D] Withdraw,,#N/A,#N/A,#N/A,#N/A,#N/A,#N/A,#N/A,#N/A,#N/A,#N/A,#N/A,#N/A,#N/A,#N/A,#N/A
01-029-32-000,01-29-32-000,"Suyo, Ilocos Sur",Suyo,Ilocos Sur,Region I (Ilocos Region),Municipality,4th,R1,B,C,#REF!,#REF!,https://bpbc.ibpls.com/suyoilocossur,https://prod.ebpls.com/suyoilocossur,,#N/A,#N/A,#N/A,[1] Operational,[A] Operational,,[1] Operational,[A] Operational,,[1] Operational,[A] Operational,,[1] Operational,[A] Operational,,[1] Operational,[A] Operational,,[1] Operational,[A] Operational,,[1] Operational,[A] Operational,,#N/A,#N/A,#N/A,#N/A,#N/A,#N/A,#N/A,#N/A,#N/A,#N/A,#N/A,#N/A,#N/A,#N/A,#N/A
12-063-16-000,12-63-16-000,"T'Boli, South Cotabato",T'Boli,South Cotabato,Region XII (SOCCSKSARGEN),Municipality,1st,R12,A,Q,#REF!,#REF!,https://bpbc.ibpls.com/tbolisouthcotabato,https://prod.ebpls.com/tbolisouthcotabato,2022-12,#N/A,#N/A,#N/A,[1] Operational,[A] Operational,,[1] Operational,[A] Operational,,[1] Operational,[A] Operational,,[1] Operational,[A] Operational,,[1] Operational,[A] Operational,,[1] Operational,[A] Operational,,[1] Operational,[A] Operational,,#N/A,#N/A,#N/A,#N/A,#N/A,#N/A,#N/A,#N/A,#N/A,#N/A,#N/A,#N/A,#N/A,#N/A,#N/A
04-010-29-000,04-10-29-000,"Taal, Batangas",Taal,Batangas,Region IV-A (CALABARZON),Municipality,3rd,R4A,A,F,#REF!,#REF!,https://bpbc.ibpls.com/taalbatangas,https://prod.ebpls.com/taalbatangas,2022-12,#N/A,#N/A,#N/A,[1] Operational,[A] Operational,,[1] Operational,[A] Operational,,[1] Operational,[A] Operational,,[1] Operational,[A] Operational,,[1] Operational,[A] Operational,,[1] Operational,[A] Operational,,[1] Operational,[A] Operational,,#N/A,#N/A,#N/A,#N/A,#N/A,#N/A,#N/A,#N/A,#N/A,#N/A,#N/A,#N/A,#N/A,#N/A,#N/A
09-073-27-000,09-73-27-000,"Tabina, Zamboanga del Sur",Tabina,Zamboanga del Sur,Region IX (Zamboanga Peninsula),Municipality,4th,R9,B,L,#REF!,#REF!,https://bpbc.ibpls.com/tabinazamboangadelsur,https://prod.ebpls.com/tabinazamboangadelsur,,#N/A,#N/A,#N/A,[1] Operational,[A] Operational,,[1] Operational,[A] Operational,,[1] Operational,[A] Operational,,[1] Operational,[A] Operational,,[1] Operational,[A] Operational,,[1] Operational,[A] Operational,,[1] Operational,[A] Operational,,#N/A,#N/A,#N/A,#N/A,#N/A,#N/A,#N/A,#N/A,#N/A,#N/A,#N/A,#N/A,#N/A,#N/A,#N/A
07-022-48-000,07-22-48-000,"Tabogon, Cebu",Tabogon,Cebu,Region VII (Central Visayas),Municipality,3rd,R7,B,J,#REF!,#REF!,https://bpbc.ibpls.com/tabogoncebu,https://prod.ebpls.com/tabogoncebu,,#N/A,#N/A,#N/A,[1] Operational,[A] Operational,,[1] Operational,[A] Operational,,[1] Operational,[A] Operational,,[1] Operational,[A] Operational,,[1] Operational,[A] Operational,,[1] Operational,[A] Operational,,[1] Operational,[A] Operational,,#N/A,#N/A,#N/A,#N/A,#N/A,#N/A,#N/A,#N/A,#N/A,#N/A,#N/A,#N/A,#N/A,#N/A,#N/A
08-037-46-000,08-37-46-000,"Tabontabon, Leyte",Tabontabon,Leyte,Region VIII (Eastern Visayas),Municipality,5th,R8,A,K,#REF!,#REF!,https://bpbc.ibpls.com/tabontabonleyte,https://prod.ebpls.com/tabontabonleyte,2022-12,#N/A,#N/A,#N/A,[1] Operational,[A] Operational,Normal Operations,[1] Operational,[A] Operational,,[1] Operational,[A] Operational,Normal Operations,[1] Operational,[A] Operational,Normal Operations,[1] Operational,[A] Operational,Normal Operations,[1] Operational,[A] Operational,Normal Operations,[1] Operational,[A] Operational,Normal Operations,#N/A,#N/A,#N/A,#N/A,#N/A,#N/A,#N/A,#N/A,#N/A,#N/A,#N/A,#N/A,#N/A,#N/A,#N/A
08-026-23-000,08-26-23-000,"Taft, Eastern Samar",Taft,Eastern Samar,Region VIII (Eastern Visayas),Municipality,4th,R8,A,K,#REF!,#REF!,https://bpbc.ibpls.com/tafteasternsamar,https://prod.ebpls.com/tafteasternsamar,2022-12,#N/A,#N/A,#N/A,[1] Operational,[A] Operational,Normal Operations,[1] Operational,[A] Operational,,[1] Operational,[A] Operational,Normal Operations,[1] Operational,[A] Operational,Normal Operations,[1] Operational,[A] Operational,Normal Operations,[1] Operational,[A] Operational,Normal Operations,[1] Operational,[A] Operational,Normal Operations,#N/A,#N/A,#N/A,#N/A,#N/A,#N/A,#N/A,#N/A,#N/A,#N/A,#N/A,#N/A,#N/A,#N/A,#N/A
16-067-25-000,16-67-25-000,"Tagana-An, Surigao del Norte",Tagana-An,Surigao del Norte,Region XIII (Caraga),Municipality,5th*,R13,A,O,#REF!,#REF!,https://bpbc.ibpls.com/taganaansurigaodelnorte,https://prod.ebpls.com/taganaansurigaodelnorte,2022-12,#N/A,#N/A,#N/A,[1] Operational,[A] Operational,,[1] Operational,[A] Operational,,[1] Operational,[A] Operational,,[1] Operational,[A] Operational,,[1] Operational,[A] Operational,,[1] Operational,[A] Operational,,[1] Operational,[A] Operational,,#N/A,#N/A,#N/A,#N/A,#N/A,#N/A,#N/A,#N/A,#N/A,#N/A,#N/A,#N/A,#N/A,#N/A,#N/A
16-068-17-000,16-68-17-000,"Tagbina, Surigao del Sur",Tagbina,Surigao del Sur,Region XIII (Caraga),Municipality,2nd,R13,A,O,#REF!,#REF!,https://bpbc.ibpls.com/tagbinasurigaodelsur,https://prod.ebpls.com/tagbinasurigaodelsur,2022-12,#N/A,#N/A,#N/A,[1] Operational,[A] Operational,,[1] Operational,[A] Operational,,[1] Operational,[A] Operational,,[1] Operational,[A] Operational,,[1] Operational,[A] Operational,,[1] Operational,[A] Operational,,[1] Operational,[A] Operational,,#N/A,#N/A,#N/A,#N/A,#N/A,#N/A,#N/A,#N/A,#N/A,#N/A,#N/A,#N/A,#N/A,#N/A,#N/A
16-068-18-000,16-68-18-000,"Tago, Surigao del Sur",Tago,Surigao del Sur,Region XIII (Caraga),Municipality,2nd,R13,A,O,#REF!,#REF!,https://bpbc.ibpls.com/tagosurigaodelsur,https://prod.ebpls.com/tagosurigaodelsur,2022-12,#N/A,#N/A,#N/A,[1] Operational,[A] Operational,,[1] Operational,[A] Operational,,[1] Operational,[A] Operational,,[1] Operational,[A] Operational,,[1] Operational,[A] Operational,,[1] Operational,[A] Operational,,[1] Operational,[A] Operational,,#N/A,#N/A,#N/A,#N/A,#N/A,#N/A,#N/A,#N/A,#N/A,#N/A,#N/A,#N/A,#N/A,#N/A,#N/A
10-043-24-000,10-43-24-000,"Tagoloan, Misamis Oriental",Tagoloan,Misamis Oriental,Region X (Northern Mindanao),Municipality,1st,R10,A,N,#REF!,#REF!,https://bpbc.ibpls.com/tagoloanmisamisoriental,https://prod.ebpls.com/tagoloanmisamisoriental,2022-12,#N/A,#N/A,#N/A,[1] Operational,[A] Operational,,[1] Operational,[A] Operational,,[1] Operational,[A] Operational,,[1] Operational,[A] Operational,,[1] Operational,[A] Operational,,[1] Operational,[A] Operational,,[1] Operational,[A] Operational,,#N/A,#N/A,#N/A,#N/A,#N/A,#N/A,#N/A,#N/A,#N/A,#N/A,#N/A,#N/A,#N/A,#N/A,#N/A
01-029-33-000,01-29-33-000,"Tagudin, Ilocos Sur",Tagudin,Ilocos Sur,Region I (Ilocos Region),Municipality,2nd,R1,A,C,#REF!,#REF!,https://bpbc.ibpls.com/tagudinilocossur,https://prod.ebpls.com/tagudinilocossur,2022-12,#N/A,#N/A,#N/A,[1] Operational,[A] Operational,,[1] Operational,[A] Operational,,[1] Operational,[A] Operational,,[1] Operational,[A] Operational,,[1] Operational,[A] Operational,,[1] Operational,[A] Operational,,[1] Operational,[A] Operational,,#N/A,#N/A,#N/A,#N/A,#N/A,#N/A,#N/A,#N/A,#N/A,#N/A,#N/A,#N/A,#N/A,#N/A,#N/A
07-022-44-000,07-22-44-000,"Santa Fe, Cebu",Santa Fe,Cebu,Region VII (Central Visayas),Municipality,4th,R7,B,J,#REF!,#REF!,,NO INSTANCE,,#N/A,#N/A,#N/A,[8] Withdraw,[D] Withdraw,,[8] Withdraw,[D] Withdraw,,[8] Withdraw,[D] Withdraw,,[8] Withdraw,[D] Withdraw,,[8] Withdraw,[D] Withdraw,,[8] Withdraw,[D] Withdraw,,[8] Withdraw,[D] Withdraw,,#N/A,#N/A,#N/A,#N/A,#N/A,#N/A,#N/A,#N/A,#N/A,#N/A,#N/A,#N/A,#N/A,#N/A,#N/A
10-013-20-000,10-13-20-000,"Talakag, Bukidnon",Talakag,Bukidnon,Region X (Northern Mindanao),Municipality,1st,R10,A,N,#REF!,#REF!,https://bpbc.ibpls.com/talakagbukidnon,https://prod.ebpls.com/talakagbukidnon,2022-12,#N/A,#N/A,#N/A,[1] Operational,[A] Operational,,[1] Operational,[A] Operational,,[1] Operational,[A] Operational,,[1] Operational,[A] Operational,,[1] Operational,[A] Operational,,[1] Operational,[A] Operational,,[1] Operational,[A] Operational,,#N/A,#N/A,#N/A,#N/A,#N/A,#N/A,#N/A,#N/A,#N/A,#N/A,#N/A,#N/A,#N/A,#N/A,#N/A
19-088-24-000,15-38-16-000,"Talayan, Maguindanao del Sur",Talayan,Maguindanao del Sur,Bangsamoro Autonomous Region In Muslim Mindanao (BARMM),Municipality,4th*,BARMM II,B,R,#REF!,#REF!,https://bpbc.ibpls.com/talayanmaguindanaodelsur,https://prod.ebpls.com/talayanmaguindanao,,#N/A,#N/A,#N/A,[1] Operational,[A] Operational,,[1] Operational,[A] Operational,,[1] Operational,[A] Operational,,[1] Operational,[A] Operational,,[1] Operational,[A] Operational,,[1] Operational,[A] Operational,,[1] Operational,[A] Operational,,#N/A,#N/A,#N/A,#N/A,#N/A,#N/A,#N/A,#N/A,#N/A,#N/A,#N/A,#N/A,#N/A,#N/A,#N/A
19-066-13-000,15-66-13-000,"Talipao, Sulu",Talipao,Sulu,Bangsamoro Autonomous Region In Muslim Mindanao (BARMM),Municipality,1st,BARMM I,A,M,#REF!,#REF!,https://bpbc.ibpls.com/talipaosulu,https://prod.ebpls.com/talipaosulu,2022-12,#N/A,#N/A,#N/A,[1] Operational,[A] Operational,,[1] Operational,[A] Operational,,[1] Operational,[A] Operational,,[1] Operational,[A] Operational,,[1] Operational,[A] Operational,,[1] Operational,[A] Operational,,[1] Operational,[A] Operational,,#N/A,#N/A,#N/A,#N/A,#N/A,#N/A,#N/A,#N/A,#N/A,#N/A,#N/A,#N/A,#N/A,#N/A,#N/A
05-016-11-000,05-16-11-000,"Talisay, Camarines Norte",Talisay,Camarines Norte,Region V (Bicol Region),Municipality,4th,R5,A,H,#REF!,#REF!,https://bpbc.ibpls.com/talisaycamarinesnorte,https://prod.ebpls.com/talisaycamarinesnorte,2022-12,#N/A,#N/A,#N/A,[1] Operational,[A] Operational,,[1] Operational,[A] Operational,,[1] Operational,[A] Operational,,[1] Operational,[A] Operational,,[1] Operational,[A] Operational,,[1] Operational,[A] Operational,,[1] Operational,[A] Operational,,#N/A,#N/A,#N/A,#N/A,#N/A,#N/A,#N/A,#N/A,#N/A,#N/A,#N/A,#N/A,#N/A,#N/A,#N/A
10-043-25-000,10-43-25-000,"Talisayan, Misamis Oriental",Talisayan,Misamis Oriental,Region X (Northern Mindanao),Municipality,4th,R10,A,N,#REF!,#REF!,https://bpbc.ibpls.com/talisayanmisamisoriental,https://prod.ebpls.com/talisayanmisamisoriental,2022-12,#N/A,#N/A,#N/A,[1] Operational,[A] Operational,,[1] Operational,[A] Operational,,[1] Operational,[A] Operational,,[1] Operational,[A] Operational,,[1] Operational,[A] Operational,,[1] Operational,[A] Operational,,[1] Operational,[A] Operational,,#N/A,#N/A,#N/A,#N/A,#N/A,#N/A,#N/A,#N/A,#N/A,#N/A,#N/A,#N/A,#N/A,#N/A,#N/A
03-049-31-000,03-49-31-000,"Talugtug, Nueva Ecija",Talugtug,Nueva Ecija,Region III (Central Luzon),Municipality,4th,R3,A,E,#REF!,#REF!,https://bpbc.ibpls.com/talugtugnuevaecija,https://prod.ebpls.com/talugtugnuevaecija,2022-12,#N/A,#N/A,#N/A,[1] Operational,[A] Operational,,[1] Operational,[A] Operational,,[1] Operational,[A] Operational,,[1] Operational,[A] Operational,,[1] Operational,[A] Operational,,[1] Operational,[A] Operational,,[1] Operational,[A] Operational,,#N/A,#N/A,#N/A,#N/A,#N/A,#N/A,#N/A,#N/A,#N/A,#N/A,#N/A,#N/A,#N/A,#N/A,#N/A
09-083-14-000,09-83-14-000,"Talusan, Zamboanga Sibugay",Talusan,Zamboanga Sibugay,Region IX (Zamboanga Peninsula),Municipality,5th,R9,B,L,#REF!,#REF!,https://bpbc.ibpls.com/talusanzamboangasibugay,https://prod.ebpls.com/talusanzamboangasibugay,,#N/A,#N/A,#N/A,[1] Operational,[A] Operational,,[1] Operational,[A] Operational,,[1] Operational,[A] Operational,,[1] Operational,[A] Operational,,[1] Operational,[A] Operational,,[1] Operational,[A] Operational,,[1] Operational,[A] Operational,,#N/A,#N/A,#N/A,#N/A,#N/A,#N/A,#N/A,#N/A,#N/A,#N/A,#N/A,#N/A,#N/A,#N/A,#N/A
09-073-28-000,09-73-28-000,"Tambulig, Zamboanga del Sur",Tambulig,Zamboanga del Sur,Region IX (Zamboanga Peninsula),Municipality,4th*,R9,A,L,#REF!,#REF!,https://bpbc.ibpls.com/tambuligzamboangadelsur,https://prod.ebpls.com/tambuligzamboangadelsur,2022-12,#N/A,#N/A,#N/A,[1] Operational,[A] Operational,,[1] Operational,[A] Operational,,[1] Operational,[A] Operational,,[1] Operational,[A] Operational,,[1] Operational,[A] Operational,,[1] Operational,[A] Operational,,[1] Operational,[A] Operational,,#N/A,#N/A,#N/A,#N/A,#N/A,#N/A,#N/A,#N/A,#N/A,#N/A,#N/A,#N/A,#N/A,#N/A,#N/A
12-063-14-000,12-63-14-000,"Tampakan, South Cotabato",Tampakan,South Cotabato,Region XII (SOCCSKSARGEN),Municipality,2nd,R12,B,Q,#REF!,#REF!,https://bpbc.ibpls.com/tampakansouthcotabato,NO INSTANCE,,#N/A,#N/A,#N/A,[3] Ongoing Data Build-up,[B] Developmental,,[3] Ongoing Data Build-up,[B] Developmental,,[3] Ongoing Data Build-up,[B] Developmental,,[3] Ongoing Data Build-up,[B] Developmental,,[3] Ongoing Data Build-up,[B] Developmental,,[3] Ongoing Data Build-up,[B] Developmental,,[3] Ongoing Data Build-up,[B] Developmental,,#N/A,#N/A,#N/A,#N/A,#N/A,#N/A,#N/A,#N/A,#N/A,#N/A,#N/A,#N/A,#N/A,#N/A,#N/A
09-072-21-000,09-72-21-000,"Tampilisan, Zamboanga del Norte",Tampilisan,Zamboanga del Norte,Region IX (Zamboanga Peninsula),Municipality,4th,R9,A,L,#REF!,#REF!,https://bpbc.ibpls.com/tampilisanzamboangadelnorte,https://prod.ebpls.com/tampilisanzamboangadelnorte,2022-12,#N/A,#N/A,#N/A,[1] Operational,[A] Operational,,[1] Operational,[A] Operational,,[1] Operational,[A] Operational,,[1] Operational,[A] Operational,,[1] Operational,[A] Operational,,[1] Operational,[A] Operational,,[1] Operational,[A] Operational,,#N/A,#N/A,#N/A,#N/A,#N/A,#N/A,#N/A,#N/A,#N/A,#N/A,#N/A,#N/A,#N/A,#N/A,#N/A
04-058-12-000,04-58-12-000,"Tanay, Rizal",Tanay,Rizal,Region IV-A (CALABARZON),Municipality,1st,R4A,A,F,#REF!,#REF!,https://bpbc.ibpls.com/tanayrizal,https://prod.ebpls.com/tanayrizal,2022-12,#N/A,#N/A,#N/A,[1] Operational,[A] Operational,,[1] Operational,[A] Operational,,[1] Operational,[A] Operational,,[1] Operational,[A] Operational,,[1] Operational,[A] Operational,,[1] Operational,[A] Operational,,[1] Operational,[A] Operational,,#N/A,#N/A,#N/A,#N/A,#N/A,#N/A,#N/A,#N/A,#N/A,#N/A,#N/A,#N/A,#N/A,#N/A,#N/A
06-004-17-000,06-04-17-000,"Tangalan, Aklan",Tangalan,Aklan,Region VI (Western Visayas),Municipality,5th,R6,A,I,#REF!,#REF!,https://bpbc.ibpls.com/tangalanaklan,https://prod.ebpls.com/tangalanaklan,2022-12,#N/A,#N/A,#N/A,[1] Operational,[A] Operational,,[1] Operational,[A] Operational,,[1] Operational,[A] Operational,,[1] Operational,[A] Operational,,[1] Operational,[A] Operational,,[1] Operational,[A] Operational,,[1] Operational,[A] Operational,,#N/A,#N/A,#N/A,#N/A,#N/A,#N/A,#N/A,#N/A,#N/A,#N/A,#N/A,#N/A,#N/A,#N/A,#N/A
12-063-15-000,12-63-15-000,"Tantangan, South Cotabato",Tantangan,South Cotabato,Region XII (SOCCSKSARGEN),Municipality,3rd,R12,A,Q,#REF!,#REF!,https://bpbc.ibpls.com/tantangansouthcotabato,https://prod.ebpls.com/tantangansouthcotabato/.php/login,2022-12,#N/A,#N/A,#N/A,[1] Operational,[A] Operational,,[1] Operational,[A] Operational,,[1] Operational,[A] Operational,,[1] Operational,[A] Operational,,[1] Operational,[A] Operational,,[1] Operational,[A] Operational,,[1] Operational,[A] Operational,,#N/A,#N/A,#N/A,#N/A,#N/A,#N/A,#N/A,#N/A,#N/A,#N/A,#N/A,#N/A,#N/A,#N/A,#N/A
04-021-20-000,04-21-20-000,"Tanza, Cavite",Tanza,Cavite,Region IV-A (CALABARZON),Municipality,1st,R4A,A,F,#REF!,#REF!,https://bpbc.ibpls.com/tanzacavite,https://prod.ebpls.com/tanzacavite,2022-12,#N/A,#N/A,#N/A,[1] Operational,[A] Operational,,[1] Operational,[A] Operational,,[1] Operational,[A] Operational,,[1] Operational,[A] Operational,,[1] Operational,[A] Operational,,[1] Operational,[A] Operational,,[1] Operational,[A] Operational,,#N/A,#N/A,#N/A,#N/A,#N/A,#N/A,#N/A,#N/A,#N/A,#N/A,#N/A,#N/A,#N/A,#N/A,#N/A
06-019-17-000,06-19-17-000,"Tapaz, Capiz",Tapaz,Capiz,Region VI (Western Visayas),Municipality,1st,R6,A,I,#REF!,#REF!,https://bpbc.ibpls.com/tapazcapiz,https://prod.ebpls.com/tapazcapiz/,2022-12,#N/A,#N/A,#N/A,[1] Operational,[A] Operational,,[1] Operational,[A] Operational,,[1] Operational,[A] Operational,,[1] Operational,[A] Operational,,[1] Operational,[A] Operational,,[1] Operational,[A] Operational,,[1] Operational,[A] Operational,,#N/A,#N/A,#N/A,#N/A,#N/A,#N/A,#N/A,#N/A,#N/A,#N/A,#N/A,#N/A,#N/A,#N/A,#N/A
08-060-20-000,08-60-20-000,"Tarangnan, Samar",Tarangnan,Samar,Region VIII (Eastern Visayas),Municipality,4th,R8,B,K,#REF!,#REF!,https://bpbc.ibpls.com/tarangnansamar,NO INSTANCE,,#N/A,#N/A,#N/A,[1] Operational,[A] Operational,Normal Operations,[1] Operational,[A] Operational,,[1] Operational,[A] Operational,Normal Operations,[1] Operational,[A] Operational,Normal Operations,[1] Operational,[A] Operational,Normal Operations,[1] Operational,[A] Operational,Normal Operations,[1] Operational,[A] Operational,Normal Operations,#N/A,#N/A,#N/A,#N/A,#N/A,#N/A,#N/A,#N/A,#N/A,#N/A,#N/A,#N/A,#N/A,#N/A,#N/A
11-025-11-000,11-25-11-000,"Tarragona, Davao Oriental",Tarragona,Davao Oriental,Region XI (Davao Region),Municipality,3rd,R11,B,P,#REF!,#REF!,https://bpbc.ibpls.com/tarragonadavaooriental,https://prod.ebpls.com/tarragonadavaooriental,2023-01,#N/A,#N/A,#N/A,[1] Operational,[A] Operational,,[1] Operational,[A] Operational,,[1] Operational,[A] Operational,,[1] Operational,[A] Operational,,[1] Operational,[A] Operational,,[1] Operational,[A] Operational,,[1] Operational,[A] Operational,,#N/A,#N/A,#N/A,#N/A,#N/A,#N/A,#N/A,#N/A,#N/A,#N/A,#N/A,#N/A,#N/A,#N/A,#N/A
07-046-22-000,07-46-22-000,"Tayasan, Negros Oriental",Tayasan,Negros Oriental,Region VII (Central Visayas),Municipality,3rd,R7,A,J,#REF!,#REF!,https://bpbc.ibpls.com/tayasannegrosoriental,https://prod.ebpls.com/tayasannegrosoriental,2022-12,#N/A,#N/A,#N/A,[1] Operational,[A] Operational,,[1] Operational,[A] Operational,,[1] Operational,[A] Operational,,[1] Operational,[A] Operational,,[1] Operational,[A] Operational,,[1] Operational,[A] Operational,,[1] Operational,[A] Operational,,#N/A,#N/A,#N/A,#N/A,#N/A,#N/A,#N/A,#N/A,#N/A,#N/A,#N/A,#N/A,#N/A,#N/A,#N/A
04-010-32-000,04-10-32-000,"Taysan, Batangas",Taysan,Batangas,Region IV-A (CALABARZON),Municipality,2nd,R4A,A,F,#REF!,#REF!,https://bpbc.ibpls.com/taysanbatangas,https://prod.ebpls.com/taysanbatangas,2022-12,#N/A,#N/A,#N/A,[1] Operational,[A] Operational,,[1] Operational,[A] Operational,,[1] Operational,[A] Operational,,[1] Operational,[A] Operational,,[1] Operational,[A] Operational,,[1] Operational,[A] Operational,,[1] Operational,[A] Operational,,#N/A,#N/A,#N/A,#N/A,#N/A,#N/A,#N/A,#N/A,#N/A,#N/A,#N/A,#N/A,#N/A,#N/A,#N/A
17-053-20-000,17-53-20-000,"Taytay, Palawan",Taytay,Palawan,MIMAROPA Region,Municipality,1st,R4B,A,G,#REF!,#REF!,https://bpbc.ibpls.com/taytaypalawan,https://prod.ebpls.com/taytaypalawan/.php/login,2022-12,#N/A,#N/A,#N/A,[1] Operational,[A] Operational,,[1] Operational,[A] Operational,,[1] Operational,[A] Operational,,[1] Operational,[A] Operational,,[1] Operational,[A] Operational,,[1] Operational,[A] Operational,,[1] Operational,[A] Operational,,#N/A,#N/A,#N/A,#N/A,#N/A,#N/A,#N/A,#N/A,#N/A,#N/A,#N/A,#N/A,#N/A,#N/A,#N/A
01-055-43-000,01-55-43-000,"Tayug, Pangasinan",Tayug,Pangasinan,Region I (Ilocos Region),Municipality,3rd,R1,A,C,#REF!,#REF!,https://bpbc.ibpls.com/tayugpangasinan,https://prod.ebpls.com/tayugpangasinan,2022-12,#N/A,#N/A,#N/A,[1] Operational,[A] Operational,,[1] Operational,[A] Operational,,[1] Operational,[A] Operational,,[1] Operational,[A] Operational,,[1] Operational,[A] Operational,,[1] Operational,[A] Operational,,[1] Operational,[A] Operational,,#N/A,#N/A,#N/A,#N/A,#N/A,#N/A,#N/A,#N/A,#N/A,#N/A,#N/A,#N/A,#N/A,#N/A,#N/A
14-001-24-000,14-01-24-000,"Tayum, Abra",Tayum,Abra,Cordillera Administrative Region (CAR),Municipality,5th,CAR,B,B,#REF!,#REF!,https://bpbc.ibpls.com/tayumabra,https://prod.ebpls.com/tayumabra,,#N/A,#N/A,#N/A,[1] Operational,[A] Operational,,[1] Operational,[A] Operational,,[1] Operational,[A] Operational,,[1] Operational,[A] Operational,,[1] Operational,[A] Operational,,[1] Operational,[A] Operational,,[1] Operational,[A] Operational,,#N/A,#N/A,#N/A,#N/A,#N/A,#N/A,#N/A,#N/A,#N/A,#N/A,#N/A,#N/A,#N/A,#N/A,#N/A
06-019-16-000,06-19-16-000,"Sigma, Capiz",Sigma,Capiz,Region VI (Western Visayas),Municipality,4th,R6,B,I,#REF!,#REF!,,https://prod.ebpls.com/sigmacapiz/,,#N/A,#N/A,#N/A,[8] Withdraw,[D] Withdraw,,[8] Withdraw,[D] Withdraw,,[8] Withdraw,[D] Withdraw,,[8] Withdraw,[D] Withdraw,,[8] Withdraw,[D] Withdraw,,[8] Withdraw,[D] Withdraw,,[8] Withdraw,[D] Withdraw,,#N/A,#N/A,#N/A,#N/A,#N/A,#N/A,#N/A,#N/A,#N/A,#N/A,#N/A,#N/A,#N/A,#N/A,#N/A
06-006-17-000,06-06-17-000,"Tibiao, Antique",Tibiao,Antique,Region VI (Western Visayas),Municipality,4th,R6,A,I,#REF!,#REF!,https://bpbc.ibpls.com/tibiaoantique,https://prod.ebpls.com/tibiaoantique/,2022-12,#N/A,#N/A,#N/A,[1] Operational,[A] Operational,,[1] Operational,[A] Operational,,[1] Operational,[A] Operational,,[1] Operational,[A] Operational,,[1] Operational,[A] Operational,,[1] Operational,[A] Operational,,[1] Operational,[A] Operational,,#N/A,#N/A,#N/A,#N/A,#N/A,#N/A,#N/A,#N/A,#N/A,#N/A,#N/A,#N/A,#N/A,#N/A,#N/A
09-073-44-000,09-73-44-000,"Tigbao, Zamboanga del Sur",Tigbao,Zamboanga del Sur,Region IX (Zamboanga Peninsula),Municipality,5th*,R9,A,L,#REF!,#REF!,https://bpbc.ibpls.com/tigbaozamboangadelsur,https://prod.ebpls.com/tigbaozamboangadelsur,2022-12,#N/A,#N/A,#N/A,[1] Operational,[A] Operational,,[1] Operational,[A] Operational,,[1] Operational,[A] Operational,,[1] Operational,[A] Operational,,[1] Operational,[A] Operational,,[1] Operational,[A] Operational,,[1] Operational,[A] Operational,,#N/A,#N/A,#N/A,#N/A,#N/A,#N/A,#N/A,#N/A,#N/A,#N/A,#N/A,#N/A,#N/A,#N/A,#N/A
14-027-10-000,14-27-10-000,"Tinoc, Ifugao",Tinoc,Ifugao,Cordillera Administrative Region (CAR),Municipality,4th,CAR,B,B,#REF!,#REF!,https://bpbc.ibpls.com/tinocifugao,https://prod.ebpls.com/tinocifugao,,#N/A,#N/A,#N/A,[1] Operational,[A] Operational,,[1] Operational,[A] Operational,,[1] Operational,[A] Operational,,[1] Operational,[A] Operational,,[1] Operational,[A] Operational,,[1] Operational,[A] Operational,,[1] Operational,[A] Operational,,#N/A,#N/A,#N/A,#N/A,#N/A,#N/A,#N/A,#N/A,#N/A,#N/A,#N/A,#N/A,#N/A,#N/A,#N/A
19-007-06-000,15-07-06-000,"Tipo-Tipo, Basilan",Tipo-Tipo,Basilan,Bangsamoro Autonomous Region In Muslim Mindanao (BARMM),Municipality,3rd,BARMM I,B,M,#REF!,#REF!,https://bpbc.ibpls.com/tipotipobasilan,https://prod.ebpls.com/tipotipobasilan/.php/login,2023-01,#N/A,#N/A,#N/A,[1] Operational,[A] Operational,,[1] Operational,[A] Operational,,[1] Operational,[A] Operational,,[1] Operational,[A] Operational,,[1] Operational,[A] Operational,,[1] Operational,[A] Operational,,[1] Operational,[A] Operational,,#N/A,#N/A,#N/A,#N/A,#N/A,#N/A,#N/A,#N/A,#N/A,#N/A,#N/A,#N/A,#N/A,#N/A,#N/A
09-083-15-000,09-83-15-000,"Titay, Zamboanga Sibugay",Titay,Zamboanga Sibugay,Region IX (Zamboanga Peninsula),Municipality,2nd,R9,A,L,#REF!,#REF!,https://bpbc.ibpls.com/titayzamboangasibugay,https://prod.ebpls.com/titayzamboangasibugay,2022-12,#N/A,#N/A,#N/A,[1] Operational,[A] Operational,,[1] Operational,[A] Operational,,[1] Operational,[A] Operational,,[1] Operational,[A] Operational,,[1] Operational,[A] Operational,,[1] Operational,[A] Operational,,[1] Operational,[A] Operational,,#N/A,#N/A,#N/A,#N/A,#N/A,#N/A,#N/A,#N/A,#N/A,#N/A,#N/A,#N/A,#N/A,#N/A,#N/A
06-006-07-000,06-06-07-000,"Tobias Fornier, Antique",Tobias Fornier,Antique,Region VI (Western Visayas),Municipality,4th,R6,A,I,#REF!,#REF!,https://bpbc.ibpls.com/tobiasfornierantique,https://prod.ebpls.com/tobiasfornierantique,2022-12,#N/A,#N/A,#N/A,[1] Operational,[A] Operational,,[1] Operational,[A] Operational,,[1] Operational,[A] Operational,,[1] Operational,[A] Operational,,[1] Operational,[A] Operational,,[1] Operational,[A] Operational,,[1] Operational,[A] Operational,,#N/A,#N/A,#N/A,#N/A,#N/A,#N/A,#N/A,#N/A,#N/A,#N/A,#N/A,#N/A,#N/A,#N/A,#N/A
08-037-49-000,08-37-49-000,"Tolosa, Leyte",Tolosa,Leyte,Region VIII (Eastern Visayas),Municipality,5th,R8,A,K,#REF!,#REF!,https://bpbc.ibpls.com/tolosaleyte,https://prod.ebpls.com/tolosaleyte,2022-12,#N/A,#N/A,#N/A,[1] Operational,[A] Operational,Normal Operations,[1] Operational,[A] Operational,,[1] Operational,[A] Operational,Normal Operations,[1] Operational,[A] Operational,Normal Operations,[1] Operational,[A] Operational,Normal Operations,[1] Operational,[A] Operational,Normal Operations,[1] Operational,[A] Operational,Normal Operations,#N/A,#N/A,#N/A,#N/A,#N/A,#N/A,#N/A,#N/A,#N/A,#N/A,#N/A,#N/A,#N/A,#N/A,#N/A
08-064-18-000,08-64-18-000,"Tomas Oppus, Southern Leyte",Tomas Oppus,Southern Leyte,Region VIII (Eastern Visayas),Municipality,5th,R8,A,K,#REF!,#REF!,https://bpbc.ibpls.com/tomasoppussouthernleyte,https://prod.ebpls.com/tomasoppussouthernleyte,2022-12,#N/A,#N/A,#N/A,[1] Operational,[A] Operational,Normal Operations,[1] Operational,[A] Operational,,[1] Operational,[A] Operational,Normal Operations,[1] Operational,[A] Operational,Normal Operations,[1] Operational,[A] Operational,Normal Operations,[1] Operational,[A] Operational,Normal Operations,[1] Operational,[A] Operational,Normal Operations,#N/A,#N/A,#N/A,#N/A,#N/A,#N/A,#N/A,#N/A,#N/A,#N/A,#N/A,#N/A,#N/A,#N/A,#N/A
16-003-12-000,16-03-12-000,"Trento, Agusan del Sur",Trento,Agusan del Sur,Region XIII (Caraga),Municipality,1st,R13,A,O,#REF!,#REF!,https://bpbc.ibpls.com/trentoagusandelsur,https://prod.ebpls.com/trentoagusandelsur,2022-12,#N/A,#N/A,#N/A,[1] Operational,[A] Operational,,[1] Operational,[A] Operational,,[1] Operational,[A] Operational,,[1] Operational,[A] Operational,,[1] Operational,[A] Operational,,[1] Operational,[A] Operational,,[1] Operational,[A] Operational,,#N/A,#N/A,#N/A,#N/A,#N/A,#N/A,#N/A,#N/A,#N/A,#N/A,#N/A,#N/A,#N/A,#N/A,#N/A
02-015-28-000,02-15-28-000,"Tuao, Cagayan",Tuao,Cagayan,Region II (Cagayan Valley),Municipality,1st,R2,A,D,#REF!,#REF!,https://bpbc.ibpls.com/tuaocagayan,https://prod.ebpls.com/tuaocagayan,2022-12,#N/A,#N/A,#N/A,[1] Operational,[A] Operational,,[1] Operational,[A] Operational,,[1] Operational,[A] Operational,,[1] Operational,[A] Operational,,[1] Operational,[A] Operational,,[1] Operational,[A] Operational,,[1] Operational,[A] Operational,,#N/A,#N/A,#N/A,#N/A,#N/A,#N/A,#N/A,#N/A,#N/A,#N/A,#N/A,#N/A,#N/A,#N/A,#N/A
14-011-13-000,14-11-13-000,"Tuba, Benguet",Tuba,Benguet,Cordillera Administrative Region (CAR),Municipality,1st,CAR,A,B,#REF!,#REF!,https://bpbc.ibpls.com/tubabenguet,https://prod.ebpls.com/tubabenguet,2022-12,#N/A,#N/A,#N/A,[1] Operational,[A] Operational,,[1] Operational,[A] Operational,,[1] Operational,[A] Operational,,[1] Operational,[A] Operational,,[1] Operational,[A] Operational,,[1] Operational,[A] Operational,,[1] Operational,[A] Operational,,#N/A,#N/A,#N/A,#N/A,#N/A,#N/A,#N/A,#N/A,#N/A,#N/A,#N/A,#N/A,#N/A,#N/A,#N/A
16-085-07-000,16-85-07-000,"Tubajon, Dinagat Islands",Tubajon,Dinagat Islands,Region XIII (Caraga),Municipality,5th*,R13,A,O,#REF!,#REF!,https://bpbc.ibpls.com/tubajondinagatislands,https://prod.ebpls.com/tubajondinagatislands,2022-12,#N/A,#N/A,#N/A,[1] Operational,[A] Operational,,[1] Operational,[A] Operational,,[1] Operational,[A] Operational,,[1] Operational,[A] Operational,,[1] Operational,[A] Operational,,[1] Operational,[A] Operational,,[1] Operational,[A] Operational,,#N/A,#N/A,#N/A,#N/A,#N/A,#N/A,#N/A,#N/A,#N/A,#N/A,#N/A,#N/A,#N/A,#N/A,#N/A
08-060-24-000,08-60-24-000,"Tagapul-An, Samar",Tagapul-An,Samar,Region VIII (Eastern Visayas),Municipality,5th*,R8,B,K,#REF!,#REF!,,NO INSTANCE,,#N/A,#N/A,#N/A,[7] To Follow-up,[C] For Training/Others,,[7] To Follow-up,[C] For Training/Others,,[7] To Follow-up,[C] For Training/Others,"Furthest island town, accessiblity is limited.Waiting for LGU's withdrawal since LGU has unstable internet.",[7] To Follow-up,[C] For Training/Others,"Furthest island town, accessiblity is limited.Waiting for LGU's withdrawal since LGU has unstable internet.",[7] To Follow-up,[C] For Training/Others,"Furthest island town, accessiblity is limited.Waiting for LGU's withdrawal since LGU has unstable internet.",[7] To Follow-up,[C] For Training/Others,"Furthest island town, accessiblity is limited.Waiting for LGU's withdrawal since LGU has unstable internet.",[7] To Follow-up,[C] For Training/Others,"Furthest island town, accessiblity is limited.Waiting for LGU's withdrawal since LGU has unstable internet.",#N/A,#N/A,#N/A,#N/A,#N/A,#N/A,#N/A,#N/A,#N/A,#N/A,#N/A,#N/A,#N/A,#N/A,#N/A
01-033-20-000,01-33-20-000,"Tubao, La Union",Tubao,La Union,Region I (Ilocos Region),Municipality,4th,R1,A,C,#REF!,#REF!,https://bpbc.ibpls.com/tubaolaunion,https://prod.ebpls.com/tubaolaunion,2022-12,#N/A,#N/A,#N/A,[1] Operational,[A] Operational,,[1] Operational,[A] Operational,,[1] Operational,[A] Operational,,[1] Operational,[A] Operational,,[1] Operational,[A] Operational,,[1] Operational,[A] Operational,,[1] Operational,[A] Operational,,#N/A,#N/A,#N/A,#N/A,#N/A,#N/A,#N/A,#N/A,#N/A,#N/A,#N/A,#N/A,#N/A,#N/A,#N/A
14-011-14-000,14-11-14-000,"Tublay, Benguet",Tublay,Benguet,Cordillera Administrative Region (CAR),Municipality,5th,CAR,A,B,#REF!,#REF!,https://bpbc.ibpls.com/tublaybenguet,https://prod.ebpls.com/tublaybenguet,2022-12,#N/A,#N/A,#N/A,[1] Operational,[A] Operational,,[1] Operational,[A] Operational,,[1] Operational,[A] Operational,,[1] Operational,[A] Operational,,[1] Operational,[A] Operational,,[1] Operational,[A] Operational,,[1] Operational,[A] Operational,,#N/A,#N/A,#N/A,#N/A,#N/A,#N/A,#N/A,#N/A,#N/A,#N/A,#N/A,#N/A,#N/A,#N/A,#N/A
16-067-27-000,16-67-27-000,"Tubod, Surigao del Norte",Tubod,Surigao del Norte,Region XIII (Caraga),Municipality,5th,R13,A,O,#REF!,#REF!,https://bpbc.ibpls.com/tubodsurigaodelnorte,https://prod.ebpls.com/tubodsurigaodelnorte,2022-12,#N/A,#N/A,#N/A,[1] Operational,[A] Operational,,[1] Operational,[A] Operational,,[1] Operational,[A] Operational,,[1] Operational,[A] Operational,,[1] Operational,[A] Operational,,[1] Operational,[A] Operational,,[1] Operational,[A] Operational,,#N/A,#N/A,#N/A,#N/A,#N/A,#N/A,#N/A,#N/A,#N/A,#N/A,#N/A,#N/A,#N/A,#N/A,#N/A
07-022-52-000,07-22-52-000,"Tuburan, Cebu",Tuburan,Cebu,Region VII (Central Visayas),Municipality,2nd,R7,A,J,#REF!,#REF!,https://bpbc.ibpls.com/tuburancebu,https://prod.ebpls.com/tuburancebu,2022-12,#N/A,#N/A,#N/A,[1] Operational,[A] Operational,,[1] Operational,[A] Operational,,[1] Operational,[A] Operational,,[1] Operational,[A] Operational,,[1] Operational,[A] Operational,,[1] Operational,[A] Operational,,[1] Operational,[A] Operational,,#N/A,#N/A,#N/A,#N/A,#N/A,#N/A,#N/A,#N/A,#N/A,#N/A,#N/A,#N/A,#N/A,#N/A,#N/A
07-022-53-000,07-22-53-000,"Tudela, Cebu",Tudela,Cebu,Region VII (Central Visayas),Municipality,5th,R7,A,J,#REF!,#REF!,https://bpbc.ibpls.com/tudelacebu,https://prod.ebpls.com/tudelacebu,2022-12,#N/A,#N/A,#N/A,[1] Operational,[A] Operational,,[1] Operational,[A] Operational,,[1] Operational,[A] Operational,,[1] Operational,[A] Operational,,[1] Operational,[A] Operational,,[1] Operational,[A] Operational,,[1] Operational,[A] Operational,,#N/A,#N/A,#N/A,#N/A,#N/A,#N/A,#N/A,#N/A,#N/A,#N/A,#N/A,#N/A,#N/A,#N/A,#N/A
10-042-16-000,10-42-16-000,"Tudela, Misamis Occidental",Tudela,Misamis Occidental,Region X (Northern Mindanao),Municipality,4th,R10,B,N,#REF!,#REF!,https://bpbc.ibpls.com/tudelamisamisoccidental,https://prod.ebpls.com/tudelamisamisoccidental,2023-01,#N/A,#N/A,#N/A,[1] Operational,[A] Operational,,[1] Operational,[A] Operational,,[1] Operational,[A] Operational,,[1] Operational,[A] Operational,,[1] Operational,[A] Operational,,[1] Operational,[A] Operational,,[1] Operational,[A] Operational,,#N/A,#N/A,#N/A,#N/A,#N/A,#N/A,#N/A,#N/A,#N/A,#N/A,#N/A,#N/A,#N/A,#N/A,#N/A
09-073-30-000,09-73-30-000,"Tukuran, Zamboanga del Sur",Tukuran,Zamboanga del Sur,Region IX (Zamboanga Peninsula),Municipality,4th*,R9,B,L,#REF!,#REF!,https://bpbc.ibpls.com/tukuranzamboangadelsur,https://prod.ebpls.com/tukuranzamboangadelsur,,#N/A,#N/A,#N/A,[1] Operational,[A] Operational,,[1] Operational,[A] Operational,,[1] Operational,[A] Operational,,[1] Operational,[A] Operational,,[1] Operational,[A] Operational,,[1] Operational,[A] Operational,,[1] Operational,[A] Operational,,#N/A,#N/A,#N/A,#N/A,#N/A,#N/A,#N/A,#N/A,#N/A,#N/A,#N/A,#N/A,#N/A,#N/A,#N/A
12-047-14-000,12-47-14-000,"Tulunan, Cotabato",Tulunan,Cotabato,Region XII (SOCCSKSARGEN),Municipality,2nd,R12,A,Q,#REF!,#REF!,https://bpbc.ibpls.com/tulunancotabato,https://prod.ebpls.com/tulunannorthcotabato/.php/login,2022-12,#N/A,#N/A,#N/A,[1] Operational,[A] Operational,,[1] Operational,[A] Operational,,[1] Operational,[A] Operational,,[1] Operational,[A] Operational,,[1] Operational,[A] Operational,,[1] Operational,[A] Operational,,[1] Operational,[A] Operational,,#N/A,#N/A,#N/A,#N/A,#N/A,#N/A,#N/A,#N/A,#N/A,#N/A,#N/A,#N/A,#N/A,#N/A,#N/A
02-031-37-000,02-31-37-000,"Tumauini, Isabela",Tumauini,Isabela,Region II (Cagayan Valley),Municipality,1st,R2,B,D,#REF!,#REF!,https://bpbc.ibpls.com/tumauiniisabela,https://prod.ebpls.com/tumauiniisabela,2023-01,#N/A,#N/A,#N/A,[1] Operational,[A] Operational,,[1] Operational,[A] Operational,,[1] Operational,[A] Operational,,[1] Operational,[A] Operational,,[1] Operational,[A] Operational,,[1] Operational,[A] Operational,,[1] Operational,[A] Operational,,#N/A,#N/A,#N/A,#N/A,#N/A,#N/A,#N/A,#N/A,#N/A,#N/A,#N/A,#N/A,#N/A,#N/A,#N/A
08-037-50-000,08-37-50-000,"Tunga, Leyte",Tunga,Leyte,Region VIII (Eastern Visayas),Municipality,6th*,R8,B,K,#REF!,#REF!,https://bpbc.ibpls.com/tungaleyte,https://prod.ebpls.com/tungaleyte,,#N/A,#N/A,#N/A,[1] Operational,[A] Operational,Normal Operations,[1] Operational,[A] Operational,,[1] Operational,[A] Operational,Zero registrations for the month of March 2025,[1] Operational,[A] Operational,Normal Operations,[1] Operational,[A] Operational,Normal Operations,[1] Operational,[A] Operational,Normal Operations,[1] Operational,[A] Operational,,#N/A,#N/A,#N/A,#N/A,#N/A,#N/A,#N/A,#N/A,#N/A,#N/A,#N/A,#N/A,#N/A,#N/A,#N/A
09-083-16-000,09-83-16-000,"Tungawan, Zamboanga Sibugay",Tungawan,Zamboanga Sibugay,Region IX (Zamboanga Peninsula),Municipality,2nd,R9,A,L,#REF!,#REF!,https://bpbc.ibpls.com/tungawanzamboangasibugay,https://prod.ebpls.com/tungawanzamboangasibugay,2022-12,#N/A,#N/A,#N/A,[1] Operational,[A] Operational,,[1] Operational,[A] Operational,,[1] Operational,[A] Operational,,[1] Operational,[A] Operational,,[1] Operational,[A] Operational,,[1] Operational,[A] Operational,,[1] Operational,[A] Operational,,#N/A,#N/A,#N/A,#N/A,#N/A,#N/A,#N/A,#N/A,#N/A,#N/A,#N/A,#N/A,#N/A,#N/A,#N/A
12-063-17-000,12-63-17-000,"Tupi, South Cotabato",Tupi,South Cotabato,Region XII (SOCCSKSARGEN),Municipality,1st,R12,A,Q,#REF!,#REF!,https://bpbc.ibpls.com/tupisouthcotabato,https://prod.ebpls.com/tupisouthcotabato,2022-12,#N/A,#N/A,#N/A,[1] Operational,[A] Operational,,[1] Operational,[A] Operational,,[1] Operational,[A] Operational,,[1] Operational,[A] Operational,,[1] Operational,[A] Operational,,[1] Operational,[A] Operational,,[1] Operational,[A] Operational,,#N/A,#N/A,#N/A,#N/A,#N/A,#N/A,#N/A,#N/A,#N/A,#N/A,#N/A,#N/A,#N/A,#N/A,#N/A
04-010-34-000,04-10-34-000,"Tuy, Batangas",Tuy,Batangas,Region IV-A (CALABARZON),Municipality,3rd,R4A,A,F,#REF!,#REF!,https://bpbc.ibpls.com/tuybatangas,https://prod.ebpls.com/tuybatangas,2022-12,#N/A,#N/A,#N/A,[1] Operational,[A] Operational,,[1] Operational,[A] Operational,,[1] Operational,[A] Operational,,[1] Operational,[A] Operational,,[1] Operational,[A] Operational,,[1] Operational,[A] Operational,,[1] Operational,[A] Operational,,#N/A,#N/A,#N/A,#N/A,#N/A,#N/A,#N/A,#N/A,#N/A,#N/A,#N/A,#N/A,#N/A,#N/A,#N/A
04-058-14-000,04-58-14-000,"Teresa, Rizal",Teresa,Rizal,Region IV-A (CALABARZON),Municipality,2nd,R4A,B,F,#REF!,#REF!,,https://prod.ebpls.com/teresarizal,,#N/A,#N/A,#N/A,[3] Ongoing Data Build-up,[B] Developmental,New Mayor. New Personnels. Requesting for re-orientation about iBPLS before deciding if LGU will continue with iBPLS or not. Waiting for final schedule,[3] Ongoing Data Build-up,[B] Developmental,New Mayor. New Personnels. Requesting for re-orientation about iBPLS before deciding if LGU will continue with iBPLS or not. Waiting for final schedule,[3] Ongoing Data Build-up,[B] Developmental,New Mayor. New Personnels. Requesting for re-orientation about iBPLS before deciding if LGU will continue with iBPLS or not. Waiting for final schedule,[3] Ongoing Data Build-up,[B] Developmental,New Mayor. New Personnels. Requesting for re-orientation about iBPLS before deciding if LGU will continue with iBPLS or not. Waiting for final schedule,[3] Ongoing Data Build-up,[B] Developmental,New Mayor. New Personnels. Requesting for re-orientation about iBPLS before deciding if LGU will continue with iBPLS or not. Waiting for final schedule,[3] Ongoing Data Build-up,[B] Developmental,New Mayor. New Personnels. Requesting for re-orientation about iBPLS before deciding if LGU will continue with iBPLS or not. Waiting for final schedule,[3] Ongoing Data Build-up,[B] Developmental,"Availed eLGU Version 2: Ongoing Preparation for GLC

New Mayor. New Personnels. Requesting for re-orientation about iBPLS before deciding if LGU will continue with iBPLS or not. Waiting for final schedule",#N/A,#N/A,#N/A,#N/A,#N/A,#N/A,#N/A,#N/A,#N/A,#N/A,#N/A,#N/A,#N/A,#N/A,#N/A
19-007-11-000,15-07-11-000,"Ungkaya Pukan, Basilan",Ungkaya Pukan,Basilan,Bangsamoro Autonomous Region In Muslim Mindanao (BARMM),Municipality,-,BARMM I,B,M,#REF!,#REF!,https://bpbc.ibpls.com/ungkayapukanbasilan,https://prod.ebpls.com/ungkayapukanbasilan/.php/login,,#N/A,#N/A,#N/A,[7] To Follow-up,[C] For Training/Others,,[7] To Follow-up,[C] For Training/Others,,[7] To Follow-up,[C] For Training/Others,,[7] To Follow-up,[C] For Training/Others,,[7] To Follow-up,[C] For Training/Others,,[7] To Follow-up,[C] For Training/Others,,[7] To Follow-up,[C] For Training/Others,,#N/A,#N/A,#N/A,#N/A,#N/A,#N/A,#N/A,#N/A,#N/A,#N/A,#N/A,#N/A,#N/A,#N/A,#N/A
05-005-18-000,05-05-18-000,"Tiwi, Albay",Tiwi,Albay,Region V (Bicol Region),Municipality,1st,R5,B,H,#REF!,#REF!,,https://prod.ebpls.com/tiwialbay,,#N/A,#N/A,#N/A,[8] Withdraw,[D] Withdraw,,[8] Withdraw,[D] Withdraw,,[8] Withdraw,[D] Withdraw,,[8] Withdraw,[D] Withdraw,,[8] Withdraw,[D] Withdraw,,[8] Withdraw,[D] Withdraw,,[8] Withdraw,[D] Withdraw,,#N/A,#N/A,#N/A,#N/A,#N/A,#N/A,#N/A,#N/A,#N/A,#N/A,#N/A,#N/A,#N/A,#N/A,#N/A
04-056-49-000,04-56-49-000,"Unisan, Quezon",Unisan,Quezon,Region IV-A (CALABARZON),Municipality,4th,R4A,A,F,#REF!,#REF!,https://bpbc.ibpls.com/unisanquezon,https://prod.ebpls.com/unisanquezon,2022-12,#N/A,#N/A,#N/A,[1] Operational,[A] Operational,,[1] Operational,[A] Operational,,[1] Operational,[A] Operational,,[1] Operational,[A] Operational,,[1] Operational,[A] Operational,,[1] Operational,[A] Operational,,[1] Operational,[A] Operational,,#N/A,#N/A,#N/A,#N/A,#N/A,#N/A,#N/A,#N/A,#N/A,#N/A,#N/A,#N/A,#N/A,#N/A,#N/A
19-087-13-000,15-38-15-000,"Upi, Maguindanao del Norte",Upi,Maguindanao del Norte,Bangsamoro Autonomous Region In Muslim Mindanao (BARMM),Municipality,1st,BARMM II,A,R,#REF!,#REF!,https://bpbc.ibpls.com/upimaguindanaodelnorte,https://prod.ebpls.com/upimaguindanao,2022-12,#N/A,#N/A,#N/A,[1] Operational,[A] Operational,,[1] Operational,[A] Operational,,[1] Operational,[A] Operational,,[1] Operational,[A] Operational,,[1] Operational,[A] Operational,,[1] Operational,[A] Operational,,[1] Operational,[A] Operational,,#N/A,#N/A,#N/A,#N/A,#N/A,#N/A,#N/A,#N/A,#N/A,#N/A,#N/A,#N/A,#N/A,#N/A,#N/A
01-055-45-000,01-55-45-000,"Urbiztondo, Pangasinan",Urbiztondo,Pangasinan,Region I (Ilocos Region),Municipality,3rd,R1,B,C,#REF!,#REF!,https://bpbc.ibpls.com/urbiztondopangasinan,https://prod.ebpls.com/urbiztondopangasinan,,#N/A,#N/A,#N/A,[1] Operational,[A] Operational,,[1] Operational,[A] Operational,,[1] Operational,[A] Operational,,[1] Operational,[A] Operational,,[1] Operational,[A] Operational,,[1] Operational,[A] Operational,,[1] Operational,[A] Operational,,#N/A,#N/A,#N/A,#N/A,#N/A,#N/A,#N/A,#N/A,#N/A,#N/A,#N/A,#N/A,#N/A,#N/A,#N/A
05-041-21-000,05-41-21-000,"Uson, Masbate",Uson,Masbate,Region V (Bicol Region),Municipality,3rd,R5,B,H,#REF!,#REF!,https://bpbc.ibpls.com/usonmasbate,https://prod.ebpls.com/usonmasbate,,#N/A,#N/A,#N/A,[1] Operational,[A] Operational,,[1] Operational,[A] Operational,,[1] Operational,[A] Operational,,[1] Operational,[A] Operational,,[1] Operational,[A] Operational,,[1] Operational,[A] Operational,,[1] Operational,[A] Operational,,#N/A,#N/A,#N/A,#N/A,#N/A,#N/A,#N/A,#N/A,#N/A,#N/A,#N/A,#N/A,#N/A,#N/A,#N/A
06-006-18-000,06-06-18-000,"Valderrama, Antique",Valderrama,Antique,Region VI (Western Visayas),Municipality,4th,R6,A,I,#REF!,#REF!,https://bpbc.ibpls.com/valderramaantique,https://prod.ebpls.com/barbazaantique,2022-12,#N/A,#N/A,#N/A,[1] Operational,[A] Operational,,[1] Operational,[A] Operational,,[1] Operational,[A] Operational,,[1] Operational,[A] Operational,,[1] Operational,[A] Operational,,[1] Operational,[A] Operational,,[1] Operational,[A] Operational,,#N/A,#N/A,#N/A,#N/A,#N/A,#N/A,#N/A,#N/A,#N/A,#N/A,#N/A,#N/A,#N/A,#N/A,#N/A
07-012-44-000,07-12-44-000,"Trinidad, Bohol",Trinidad,Bohol,Region VII (Central Visayas),Municipality,3rd,R7,B,J,#REF!,#REF!,,NO INSTANCE,,#N/A,#N/A,#N/A,#N/A,#N/A,#N/A,#N/A,#N/A,#N/A,#N/A,#N/A,#N/A,#N/A,#N/A,#N/A,#N/A,#N/A,#N/A,#N/A,#N/A,#N/A,#N/A,#N/A,#N/A,#N/A,#N/A,#N/A,#N/A,#N/A,#N/A,#N/A,#N/A,#N/A,#N/A,#N/A,#N/A,#N/A,#N/A,#N/A
07-046-23-000,07-46-23-000,"Valencia, Negros Oriental",Valencia,Negros Oriental,Region VII (Central Visayas),Municipality,1st,R7,B,J,#REF!,#REF!,https://bpbc.ibpls.com/valencianegrosoriental,https://prod.ebpls.com/valencianegrosoriental,,#N/A,#N/A,#N/A,[1] Operational,[A] Operational,,[1] Operational,[A] Operational,,[1] Operational,[A] Operational,,[1] Operational,[A] Operational,,[1] Operational,[A] Operational,,[1] Operational,[A] Operational,,[1] Operational,[A] Operational,,#N/A,#N/A,#N/A,#N/A,#N/A,#N/A,#N/A,#N/A,#N/A,#N/A,#N/A,#N/A,#N/A,#N/A,#N/A
07-046-24-000,07-46-24-000,"Vallehermoso, Negros Oriental",Vallehermoso,Negros Oriental,Region VII (Central Visayas),Municipality,3rd,R7,A,J,#REF!,#REF!,https://bpbc.ibpls.com/vallehermosonegrosoriental,https://prod.ebpls.com/vallehermosonegrosoriental,2022-12,#N/A,#N/A,#N/A,[1] Operational,[A] Operational,,[1] Operational,[A] Operational,,[1] Operational,[A] Operational,,[1] Operational,[A] Operational,,[1] Operational,[A] Operational,,[1] Operational,[A] Operational,,[1] Operational,[A] Operational,,#N/A,#N/A,#N/A,#N/A,#N/A,#N/A,#N/A,#N/A,#N/A,#N/A,#N/A,#N/A,#N/A,#N/A,#N/A
08-048-23-000,08-48-23-000,"Victoria, Northern Samar",Victoria,Northern Samar,Region VIII (Eastern Visayas),Municipality,5th,R8,A,K,#REF!,#REF!,https://bpbc.ibpls.com/victorianorthernsamar,https://prod.ebpls.com/victorianorthernsamar,2022-12,#N/A,#N/A,#N/A,[1] Operational,[A] Operational,Normal Operations,[1] Operational,[A] Operational,,[1] Operational,[A] Operational,Normal Operations,[1] Operational,[A] Operational,Normal Operations,[1] Operational,[A] Operational,Normal Operations,[1] Operational,[A] Operational,Normal Operations,[1] Operational,[A] Operational,Normal Operations,#N/A,#N/A,#N/A,#N/A,#N/A,#N/A,#N/A,#N/A,#N/A,#N/A,#N/A,#N/A,#N/A,#N/A,#N/A
08-037-51-000,08-37-51-000,"Villaba, Leyte",Villaba,Leyte,Region VIII (Eastern Visayas),Municipality,3rd,R8,A,K,#REF!,#REF!,https://bpbc.ibpls.com/villabaleyte,https://prod.ebpls.com/villabaleyte,2022-12,#N/A,#N/A,#N/A,[1] Operational,[A] Operational,Normal Operations,[1] Operational,[A] Operational,,[1] Operational,[A] Operational,Normal Operations,[1] Operational,[A] Operational,Normal Operations,[1] Operational,[A] Operational,Normal Operations,[1] Operational,[A] Operational,Normal Operations,[1] Operational,[A] Operational,Normal Operations,#N/A,#N/A,#N/A,#N/A,#N/A,#N/A,#N/A,#N/A,#N/A,#N/A,#N/A,#N/A,#N/A,#N/A,#N/A
10-043-26-000,10-43-26-000,"Villanueva, Misamis Oriental",Villanueva,Misamis Oriental,Region X (Northern Mindanao),Municipality,2nd,R10,A,N,#REF!,#REF!,https://bpbc.ibpls.com/villanuevamisamisoriental,https://prod.ebpls.com/villanuevamisamisoriental,2022-12,#N/A,#N/A,#N/A,[1] Operational,[A] Operational,,[1] Operational,[A] Operational,,[1] Operational,[A] Operational,,[1] Operational,[A] Operational,,[1] Operational,[A] Operational,,[1] Operational,[A] Operational,,[1] Operational,[A] Operational,,#N/A,#N/A,#N/A,#N/A,#N/A,#N/A,#N/A,#N/A,#N/A,#N/A,#N/A,#N/A,#N/A,#N/A,#N/A
08-060-21-000,08-60-21-000,"Villareal, Samar",Villareal,Samar,Region VIII (Eastern Visayas),Municipality,4th*,R8,A,K,#REF!,#REF!,https://bpbc.ibpls.com/villarealsamar,https://prod.ebpls.com/villarealsamar,2022-12,#N/A,#N/A,#N/A,[1] Operational,[A] Operational,Normal Operations,[1] Operational,[A] Operational,,[1] Operational,[A] Operational,Normal Operations,[1] Operational,[A] Operational,Normal Operations,[1] Operational,[A] Operational,Normal Operations,[1] Operational,[A] Operational,Normal Operations,[1] Operational,[A] Operational,Normal Operations,#N/A,#N/A,#N/A,#N/A,#N/A,#N/A,#N/A,#N/A,#N/A,#N/A,#N/A,#N/A,#N/A,#N/A,#N/A
01-055-47-000,01-55-47-000,"Villasis, Pangasinan",Villasis,Pangasinan,Region I (Ilocos Region),Municipality,1st,R1,A,C,#REF!,#REF!,https://bpbc.ibpls.com/villasispangasinan,https://prod.ebpls.com/villasispangasinan,2022-12,#N/A,#N/A,#N/A,[1] Operational,[A] Operational,,[1] Operational,[A] Operational,,[1] Operational,[A] Operational,,[1] Operational,[A] Operational,,[1] Operational,[A] Operational,,[1] Operational,[A] Operational,,[1] Operational,[A] Operational,,#N/A,#N/A,#N/A,#N/A,#N/A,#N/A,#N/A,#N/A,#N/A,#N/A,#N/A,#N/A,#N/A,#N/A,#N/A
09-073-41-000,09-73-41-000,"Vincenzo A. Sagun, Zamboanga del Sur",Vincenzo A. Sagun,Zamboanga del Sur,Region IX (Zamboanga Peninsula),Municipality,5th,R9,B,L,#REF!,#REF!,https://bpbc.ibpls.com/vincenzoasagunzamboangadelsur,https://prod.ebpls.com/vincenzosagunzamboangadelsur,,#N/A,#N/A,#N/A,[1] Operational,[A] Operational,,[1] Operational,[A] Operational,,[1] Operational,[A] Operational,,[1] Operational,[A] Operational,,[1] Operational,[A] Operational,,[1] Operational,[A] Operational,,[1] Operational,[A] Operational,,#N/A,#N/A,#N/A,#N/A,#N/A,#N/A,#N/A,#N/A,#N/A,#N/A,#N/A,#N/A,#N/A,#N/A,#N/A
01-028-23-000,01-28-23-000,"Vintar, Ilocos Norte",Vintar,Ilocos Norte,Region I (Ilocos Region),Municipality,1st,R1,A,C,#REF!,#REF!,https://bpbc.ibpls.com/vintarilocosnorte,https://prod.ebpls.com/vintarilocosnorte,2022-12,#N/A,#N/A,#N/A,[1] Operational,[A] Operational,,[1] Operational,[A] Operational,,[1] Operational,[A] Operational,,[1] Operational,[A] Operational,,[1] Operational,[A] Operational,,[1] Operational,[A] Operational,,[1] Operational,[A] Operational,,#N/A,#N/A,#N/A,#N/A,#N/A,#N/A,#N/A,#N/A,#N/A,#N/A,#N/A,#N/A,#N/A,#N/A,#N/A
05-016-12-000,05-16-12-000,"Vinzons, Camarines Norte",Vinzons,Camarines Norte,Region V (Bicol Region),Municipality,3rd,R5,B,H,#REF!,#REF!,https://bpbc.ibpls.com/vinzonscamarinesnorte,https://prod.ebpls.com/vinzonscamarinesnorte,,#N/A,#N/A,#N/A,[1] Operational,[A] Operational,,[1] Operational,[A] Operational,,[1] Operational,[A] Operational,,[1] Operational,[A] Operational,,[1] Operational,[A] Operational,,[1] Operational,[A] Operational,,[1] Operational,[A] Operational,,#N/A,#N/A,#N/A,#N/A,#N/A,#N/A,#N/A,#N/A,#N/A,#N/A,#N/A,#N/A,#N/A,#N/A,#N/A
05-020-11-000,05-20-11-000,"Virac, Catanduanes",Virac,Catanduanes,Region V (Bicol Region),Municipality,1st,R5,B,H,#REF!,#REF!,https://bpbc.ibpls.com/viraccatanduanes,https://prod.ebpls.com/viraccatanduanes,,#N/A,#N/A,#N/A,[1] Operational,[A] Operational,,[1] Operational,[A] Operational,,[1] Operational,[A] Operational,,[1] Operational,[A] Operational,,[1] Operational,[A] Operational,,[1] Operational,[A] Operational,,[1] Operational,[A] Operational,,#N/A,#N/A,#N/A,#N/A,#N/A,#N/A,#N/A,#N/A,#N/A,#N/A,#N/A,#N/A,#N/A,#N/A,#N/A
03-049-32-000,03-49-32-000,"Zaragoza, Nueva Ecija",Zaragoza,Nueva Ecija,Region III (Central Luzon),Municipality,3rd,R3,A,E,#REF!,#REF!,https://bpbc.ibpls.com/zaragozanuevaecija,https://prod.ebpls.com/zaragozanuevaecija/.php/login,2022-12,#N/A,#N/A,#N/A,[1] Operational,[A] Operational,,[1] Operational,[A] Operational,,[1] Operational,[A] Operational,,[1] Operational,[A] Operational,,[1] Operational,[A] Operational,,[1] Operational,[A] Operational,,[1] Operational,[A] Operational,,#N/A,#N/A,#N/A,#N/A,#N/A,#N/A,#N/A,#N/A,#N/A,#N/A,#N/A,#N/A,#N/A,#N/A,#N/A
06-030-47-000,06-30-47-000,"Zarraga, Iloilo",Zarraga,Iloilo,Region VI (Western Visayas),Municipality,4th,R6,A,I,#REF!,#REF!,https://bpbc.ibpls.com/zarragailoilo,https://prod.ebpls.com/zarragailoilo,2022-12,#N/A,#N/A,#N/A,[1] Operational,[A] Operational,,[1] Operational,[A] Operational,,[1] Operational,[A] Operational,,[1] Operational,[A] Operational,,[1] Operational,[A] Operational,,[1] Operational,[A] Operational,,[1] Operational,[A] Operational,,#N/A,#N/A,#N/A,#N/A,#N/A,#N/A,#N/A,#N/A,#N/A,#N/A,#N/A,#N/A,#N/A,#N/A,#N/A
08-060-23-000,08-60-23-000,"Zumarraga, Samar",Zumarraga,Samar,Region VIII (Eastern Visayas),Municipality,5th*,R8,A,K,#REF!,#REF!,https://bpbc.ibpls.com/zumarragasamar,https://prod.ebpls.com/zumarragasamar,2022-12,#N/A,#N/A,#N/A,[1] Operational,[A] Operational,Normal Operations,[1] Operational,[A] Operational,,[1] Operational,[A] Operational,Normal Operations,[1] Operational,[A] Operational,Normal Operations,[1] Operational,[A] Operational,Normal Operations,[1] Operational,[A] Operational,Normal Operations,[1] Operational,[A] Operational,Normal Operations,#N/A,#N/A,#N/A,#N/A,#N/A,#N/A,#N/A,#N/A,#N/A,#N/A,#N/A,#N/A,#N/A,#N/A,#N/A