ID,,REPORTING PERIOD,,MONTHLY UTILIZATION STATUS,,,,,,,,LGU PROFILE,,,,,,,
REPORT,PERIOD,YEAR,MONTH,LGU FULL NAME,MONTHLY STATUS,PROGRESS RATE,CONCERNS,ACTION ITEMS,OTHER REMARKS,UNIVERSAL STATUS,MPAR,GEOCODE,C/M,PROVINCE,REGION,LEVEL,INCOME CLASS,DICT RO,SORT
REPORT ID,PERIOD ID,YEAR,MONTH,LGU NAME,STATUS,PROGRESS RATE,CONCERNS,ACTION ITEMS,OTHER REMARKS,USTATUS,MPAR,NEW GEOCODE,NAME,PROVINCE,REGION,LEVEL,INCOME CLASS,DICT RO,SORT
[2025-01] 07-022-01-000,2025-01,2025,[01] January,"Alcantara, Cebu",[3] Ongoing Data Build-up,90%,,,,[B] Developmental,B,07-022-01-000,Alcantara,Cebu,Region VII (Central Visayas),Municipality,5th,R7,J
[2025-01] 07-046-01-000,2025-01,2025,[01] January,"Amlan, Negros Oriental",[3] Ongoing Data Build-up,25%,"For refresher Training;
to be scheduled next year",,,[B] Developmental,B,07-046-01-000,Amlan,Negros Oriental,Region VII (Central Visayas),Municipality,4th,R7,J
[2025-01] 07-022-05-000,2025-01,2025,[01] January,"Argao, Cebu",[1] Operational,,,,,[A] Operational,A,07-022-05-000,Argao,Cebu,Region VII (Central Visayas),Municipality,1st,R7,J
[2025-01] 07-022-08-000,2025-01,2025,[01] January,"Balamban, Cebu",[1] Operational,,,,,[A] Operational,A,07-022-08-000,Balamban,Cebu,Region VII (Central Visayas),Municipality,1st,R7,J
[2025-01] 07-046-05-000,2025-01,2025,[01] January,"Basay, Negros Oriental",[1] Operational,,,,,[A] Operational,B,07-046-05-000,Basay,Negros Oriental,Region VII (Central Visayas),Municipality,4th,R7,J
[2025-01] 07-012-09-000,2025-01,2025,[01] January,"Buenavista, Bohol",[1] Operational,,,,,[A] Operational,B,07-012-09-000,Buenavista,Bohol,Region VII (Central Visayas),Municipality,4th,R7,J
[2025-01] 07-012-11-000,2025-01,2025,[01] January,"Candijay, Bohol",[1] Operational,,,,,[A] Operational,B,07-012-11-000,Candijay,Bohol,Region VII (Central Visayas),Municipality,4th,R7,J
[2025-01] 07-046-08-000,2025-01,2025,[01] January,"City of Canlaon, Negros Oriental",[1] Operational,,,,,[A] Operational,B,07-046-08-000,City of Canlaon,Negros Oriental,Region VII (Central Visayas),City,4th,R7,J
[2025-01] 07-313-00-000,2025-01,2025,[01] January,"City of Mandaue, Cebu",[3] Ongoing Data Build-up,25%,,,,[B] Developmental,A,07-313-00-000,City of Mandaue,Cebu,Region VII (Central Visayas),City,1st,R7,J
[2025-01] 07-022-18-000,2025-01,2025,[01] January,"Compostela, Cebu",[3] Ongoing Data Build-up,75%,,,,[B] Developmental,B,07-022-18-000,Compostela,Cebu,Region VII (Central Visayas),Municipality,3rd,R7,J
[2025-01] 07-022-21-000,2025-01,2025,[01] January,"Daanbantayan, Cebu",[3] Ongoing Data Build-up,75%,,,,[B] Developmental,B,07-022-21-000,Daanbantayan,Cebu,Region VII (Central Visayas),Municipality,1st,R7,J
[2025-01] 07-012-18-000,2025-01,2025,[01] January,"Danao, Bohol",[1] Operational,,,,,[A] Operational,B,07-012-18-000,Danao,Bohol,Region VII (Central Visayas),Municipality,4th*,R7,J
[2025-01] 07-022-28-000,2025-01,2025,[01] January,"Madridejos, Cebu",[1] Operational,,,,,[A] Operational,B,07-022-28-000,Madridejos,Cebu,Region VII (Central Visayas),Municipality,4th,R7,J
[2025-01] 07-022-32-000,2025-01,2025,[01] January,"Minglanilla, Cebu",[7] To Follow-up,,"For Refresher Training;
to be scheduled next year",,,[C] For Training/Others,B,07-022-32-000,Minglanilla,Cebu,Region VII (Central Visayas),Municipality,1st,R7,J
[2025-01] 07-022-37-000,2025-01,2025,[01] January,"Pinamungajan, Cebu",[1] Operational,,,,,[A] Operational,A,07-022-37-000,Pinamungajan,Cebu,Region VII (Central Visayas),Municipality,2nd,R7,J
[2025-01] 07-022-40-000,2025-01,2025,[01] January,"Samboan, Cebu",[6] With Concerns,,Waiting for withdrawal letter,,,[C] For Training/Others,B,07-022-40-000,Samboan,Cebu,Region VII (Central Visayas),Municipality,5th,R7,J
[2025-01] 07-022-42-000,2025-01,2025,[01] January,"San Francisco, Cebu",[2] Pilot Testing,100%,"Done Refresher Training last Septmber 17-19, 2024 for the new personnel in-charge | Waiting for actual transaction",,Waiting for LGU's request of deletion of test data in the system,[B] Developmental,B,07-022-42-000,San Francisco,Cebu,Region VII (Central Visayas),Municipality,3rd,R7,J
[2025-01] 07-046-17-000,2025-01,2025,[01] January,"San Jose, Negros Oriental",[2] Pilot Testing,25%,"For Refresher Training;
to be scheduled next year",,,[B] Developmental,B,07-046-17-000,San Jose,Negros Oriental,Region VII (Central Visayas),Municipality,5th,R7,J
[2025-01] 07-012-44-000,2025-01,2025,[01] January,"Trinidad, Bohol",[1] Operational,,,,,[A] Operational,B,07-012-44-000,Trinidad,Bohol,Region VII (Central Visayas),Municipality,3rd,R7,J
[2025-01] 07-022-52-000,2025-01,2025,[01] January,"Tuburan, Cebu",[1] Operational,,,,,[A] Operational,A,07-022-52-000,Tuburan,Cebu,Region VII (Central Visayas),Municipality,2nd,R7,J
[2025-01] 07-022-53-000,2025-01,2025,[01] January,"Tudela, Cebu",[1] Operational,,,,,[A] Operational,A,07-022-53-000,Tudela,Cebu,Region VII (Central Visayas),Municipality,5th,R7,J
[2025-01] 08-037-01-000,2025-01,2025,[01] January,"Abuyog, Leyte",[2] Pilot Testing,80%,,For refresher training after renewal period,For refresher training after renewal period,[B] Developmental,B,08-037-01-000,Abuyog,Leyte,Region VIII (Eastern Visayas),Municipality,1st*,R8,K
[2025-01] 08-037-02-000,2025-01,2025,[01] January,"Alangalang, Leyte",[1] Operational,,,,Normal Operations,[A] Operational,A,08-037-02-000,Alangalang,Leyte,Region VIII (Eastern Visayas),Municipality,2nd,R8,K
[2025-01] 08-060-02-000,2025-01,2025,[01] January,"Basey, Samar",[1] Operational,,,,,[A] Operational,B,08-060-02-000,Basey,Samar,Region VIII (Eastern Visayas),Municipality,1st,R8,K
[2025-01] 08-037-15-000,2025-01,2025,[01] January,"Carigara, Leyte",[1] Operational,,,,Normal Operations,[A] Operational,B,08-037-15-000,Carigara,Leyte,Region VIII (Eastern Visayas),Municipality,2nd,R8,K
[2025-01] 08-026-04-000,2025-01,2025,[01] January,"City of Borongan, Eastern Samar",[1] Operational,,,,Normal Operations,[A] Operational,A,08-026-04-000,City of Borongan,Eastern Samar,Region VIII (Eastern Visayas),City,1st (as Mun),R8,K
[2025-01] 08-064-07-000,2025-01,2025,[01] January,"City of Maasin, Southern Leyte",[1] Operational,,,,Normal Operations,[A] Operational,A,08-064-07-000,City of Maasin,Southern Leyte,Region VIII (Eastern Visayas),City,4th,R8,K
[2025-01] 08-060-07-000,2025-01,2025,[01] January,"Gandara, Samar",[2] Pilot Testing,95%,Internet Connectivity Issues - Unstable Connection,Forwarded follow letter to LGU regarding their implementation but no response.,Internet Connectivity Issues - Unstable ConnectionForwarded follow letter to LGU regarding their implementation but no response.,[B] Developmental,B,08-060-07-000,Gandara,Samar,Region VIII (Eastern Visayas),Municipality,2nd,R8,K
[2025-01] 08-026-09-000,2025-01,2025,[01] January,"Guiuan, Eastern Samar",[1] Operational,,,,Normal Operations,[A] Operational,B,08-026-09-000,Guiuan,Eastern Samar,Region VIII (Eastern Visayas),Municipality,2nd,R8,K
[2025-01] 08-037-20-000,2025-01,2025,[01] January,"Hindang, Leyte",[1] Operational,,,,Normal Operations,[A] Operational,B,08-037-20-000,Hindang,Leyte,Region VIII (Eastern Visayas),Municipality,5th,R8,K
[2025-01] 08-037-24-000,2025-01,2025,[01] January,"Javier, Leyte",[1] Operational,,,,Normal Operations,[A] Operational,B,08-037-24-000,Javier,Leyte,Region VIII (Eastern Visayas),Municipality,4th*,R8,K
[2025-01] 08-060-09-000,2025-01,2025,[01] January,"Jiabong, Samar",[1] Operational,,,,,[A] Operational,B,08-060-09-000,Jiabong,Samar,Region VIII (Eastern Visayas),Municipality,5th,R8,K
[2025-01] 08-078-06-000,2025-01,2025,[01] January,"Kawayan, Biliran",[8] Withdraw,,,,Withdrawn,[D] Withdraw,B,08-078-06-000,Kawayan,Biliran,Region VIII (Eastern Visayas),Municipality,5th*,R8,K
[2025-01] 08-037-28-000,2025-01,2025,[01] January,"La Paz, Leyte",[1] Operational,,,,,[A] Operational,B,08-037-28-000,La Paz,Leyte,Region VIII (Eastern Visayas),Municipality,5th*,R8,K
[2025-01] 08-037-29-000,2025-01,2025,[01] January,"Leyte, Leyte",[1] Operational,,,,Normal Operations,[A] Operational,A,08-037-29-000,Leyte,Leyte,Region VIII (Eastern Visayas),Municipality,4th*,R8,K
[2025-01] 08-064-08-000,2025-01,2025,[01] January,"Macrohon, Southern Leyte",[1] Operational,,,,Normal Operations,[A] Operational,A,08-064-08-000,Macrohon,Southern Leyte,Region VIII (Eastern Visayas),Municipality,4th,R8,K
[2025-01] 08-078-08-000,2025-01,2025,[01] January,"Naval, Biliran",[1] Operational,,,,Normal Operations,[A] Operational,A,08-078-08-000,Naval,Biliran,Region VIII (Eastern Visayas),Municipality,2nd,R8,K
[2025-01] 08-037-39-000,2025-01,2025,[01] January,"Palo, Leyte",[1] Operational,,,,Normal Operations,[A] Operational,A,08-037-39-000,Palo,Leyte,Region VIII (Eastern Visayas),Municipality,3rd,R8,K
[2025-01] 08-048-15-000,2025-01,2025,[01] January,"Pambujan, Northern Samar",[1] Operational,,,,Normal Operations,[A] Operational,A,08-048-15-000,Pambujan,Northern Samar,Region VIII (Eastern Visayas),Municipality,4th,R8,K
[2025-01] 08-037-41-000,2025-01,2025,[01] January,"Pastrana, Leyte",[1] Operational,,,,Normal Operations,[A] Operational,A,08-037-41-000,Pastrana,Leyte,Region VIII (Eastern Visayas),Municipality,5th*,R8,K
[2025-01] 08-064-14-000,2025-01,2025,[01] January,"San Juan, Southern Leyte",[1] Operational,,,,Normal Operations,[A] Operational,A,08-064-14-000,San Juan,Southern Leyte,Region VIII (Eastern Visayas),Municipality,5th,R8,K
[2025-01] 08-048-20-000,2025-01,2025,[01] January,"San Roque, Northern Samar",[1] Operational,,,,Zero transactions for the month of January 2025,[A] Operational,A,08-048-20-000,San Roque,Northern Samar,Region VIII (Eastern Visayas),Municipality,4th,R8,K
[2025-01] 08-064-17-000,2025-01,2025,[01] January,"Sogod, Southern Leyte",[1] Operational,,,,Normal Operations,[A] Operational,A,08-064-17-000,Sogod,Southern Leyte,Region VIII (Eastern Visayas),Municipality,2nd,R8,K
[2025-01] 08-064-18-000,2025-01,2025,[01] January,"Tomas Oppus, Southern Leyte",[1] Operational,,,,Normal Operations,[A] Operational,A,08-064-18-000,Tomas Oppus,Southern Leyte,Region VIII (Eastern Visayas),Municipality,5th,R8,K
[2025-01] 08-037-26-000,2025-01,2025,[01] January,"Kananga, Leyte",[1] Operational,,,,Normal Operations,[A] Operational,A,08-037-26-000,Kananga,Leyte,Region VIII (Eastern Visayas),Municipality,1st,R8,K
[2025-01] 11-025-03-000,2025-01,2025,[01] January,"Boston, Davao Oriental",[1] Operational,,,,,[A] Operational,A,11-025-03-000,Boston,Davao Oriental,Region XI (Davao Region),Municipality,3rd,R11,P
[2025-01] 11-025-05-000,2025-01,2025,[01] January,"Cateel, Davao Oriental",[1] Operational,,,,,[A] Operational,A,11-025-05-000,Cateel,Davao Oriental,Region XI (Davao Region),Municipality,2nd,R11,P
[2025-01] 11-024-03-000,2025-01,2025,[01] January,"City of Digos, Davao del Sur",[1] Operational,,,,,[A] Operational,B,11-024-03-000,City of Digos,Davao del Sur,Region XI (Davao Region),City,2nd,R11,P
[2025-01] 11-025-09-000,2025-01,2025,[01] January,"City of Mati, Davao Oriental",[1] Operational,,,,,[A] Operational,A,11-025-09-000,City of Mati,Davao Oriental,Region XI (Davao Region),City,5th,R11,P
[2025-01] 11-025-07-000,2025-01,2025,[01] January,"Lupon, Davao Oriental",[1] Operational,,,,,[A] Operational,B,11-025-07-000,Lupon,Davao Oriental,Region XI (Davao Region),Municipality,1st,R11,P
[2025-01] 11-024-08-000,2025-01,2025,[01] January,"Malalag, Davao del Sur",[1] Operational,,,,,[A] Operational,A,11-024-08-000,Malalag,Davao del Sur,Region XI (Davao Region),Municipality,2nd,R11,P
[2025-01] 11-025-08-000,2025-01,2025,[01] January,"Manay, Davao Oriental",[1] Operational,,,,,[A] Operational,A,11-025-08-000,Manay,Davao Oriental,Region XI (Davao Region),Municipality,2nd,R11,P
[2025-01] 11-082-05-000,2025-01,2025,[01] January,"Maragusan, Davao de Oro",[1] Operational,,,,,[A] Operational,B,11-082-05-000,Maragusan,Davao de Oro,Region XI (Davao Region),Municipality,1st,R11,P
[2025-01] 11-024-10-000,2025-01,2025,[01] January,"Matanao, Davao del Sur",[1] Operational,,,,,[A] Operational,A,11-024-10-000,Matanao,Davao del Sur,Region XI (Davao Region),Municipality,2nd,R11,P
[2025-01] 11-024-11-000,2025-01,2025,[01] January,"Padada, Davao del Sur",[1] Operational,,,,,[A] Operational,B,11-024-11-000,Padada,Davao del Sur,Region XI (Davao Region),Municipality,3rd,R11,P
[2025-01] 11-024-14-000,2025-01,2025,[01] January,"Sulop, Davao del Sur",[1] Operational,,,,,[A] Operational,A,11-024-14-000,Sulop,Davao del Sur,Region XI (Davao Region),Municipality,3rd,R11,P
[2025-01] 11-025-11-000,2025-01,2025,[01] January,"Tarragona, Davao Oriental",[1] Operational,,,,,[A] Operational,B,11-025-11-000,Tarragona,Davao Oriental,Region XI (Davao Region),Municipality,3rd,R11,P
[2025-01] 11-025-06-000,2025-01,2025,[01] January,"Governor Generoso, Davao Oriental",[3] Ongoing Data Build-up,100%,,,,[B] Developmental,A,11-025-06-000,Governor Generoso,Davao Oriental,Region XI (Davao Region),Municipality,2nd,R11,P
[2025-01] 11-024-12-000,2025-01,2025,[01] January,"Santa Cruz, Davao del Sur",[3] Ongoing Data Build-up,75%,,,,[B] Developmental,A,11-024-12-000,Santa Cruz,Davao del Sur,Region XI (Davao Region),Municipality,1st,R11,P
[2025-01] 10-035-01-000,2025-01,2025,[01] January,"Bacolod, Lanao del Norte",[1] Operational,,,,,[A] Operational,B,10-035-01-000,Bacolod,Lanao del Norte,Region X (Northern Mindanao),Municipality,4th,R10,N
[2025-01] 10-042-03-000,2025-01,2025,[01] January,"Bonifacio, Misamis Occidental",[3] Ongoing Data Build-up,100%,Assessed onsite. Scheduled for Refresher's Training in February,,,[B] Developmental,B,10-042-03-000,Bonifacio,Misamis Occidental,Region X (Northern Mindanao),Municipality,4th,R10,N
[2025-01] 10-042-04-000,2025-01,2025,[01] January,"Calamba, Misamis Occidental",[1] Operational,,,,,[A] Operational,A,10-042-04-000,Calamba,Misamis Occidental,Region X (Northern Mindanao),Municipality,4th,R10,N
[2025-01] 10-018-01-000,2025-01,2025,[01] January,"Catarman, Camiguin",[2] Pilot Testing,100%,,,,[B] Developmental,B,10-018-01-000,Catarman,Camiguin,Region X (Northern Mindanao),Municipality,5th,R10,N
[2025-01] 10-043-08-000,2025-01,2025,[01] January,"City of Gingoog, Misamis Oriental",[1] Operational,,,,,[A] Operational,A,10-043-08-000,City of Gingoog,Misamis Oriental,Region X (Northern Mindanao),City,2nd,R10,N
[2025-01] 10-042-15-000,2025-01,2025,[01] January,"City of Tangub, Misamis Occidental",[5] For Training,,,,,[C] For Training/Others,B,10-042-15-000,City of Tangub,Misamis Occidental,Region X (Northern Mindanao),City,4th,R10,N
[2025-01] 10-042-05-000,2025-01,2025,[01] January,"Clarin, Misamis Occidental",[5] For Training,,To schedule in February,,,[C] For Training/Others,B,10-042-05-000,Clarin,Misamis Occidental,Region X (Northern Mindanao),Municipality,4th,R10,N
[2025-01] 10-043-06-000,2025-01,2025,[01] January,"Claveria, Misamis Oriental",[1] Operational,,,,,[A] Operational,A,10-043-06-000,Claveria,Misamis Oriental,Region X (Northern Mindanao),Municipality,1st,R10,N
[2025-01] 10-043-11-000,2025-01,2025,[01] January,"Jasaan, Misamis Oriental",[1] Operational,,,,,[A] Operational,B,10-043-11-000,Jasaan,Misamis Oriental,Region X (Northern Mindanao),Municipality,2nd,R10,N
[2025-01] 10-035-05-000,2025-01,2025,[01] January,"Kapatagan, Lanao del Norte",[1] Operational,,,,,[A] Operational,A,10-035-05-000,Kapatagan,Lanao del Norte,Region X (Northern Mindanao),Municipality,2nd,R10,N
[2025-01] 10-043-13-000,2025-01,2025,[01] January,"Lagonglong, Misamis Oriental",[1] Operational,,,,,[A] Operational,A,10-043-13-000,Lagonglong,Misamis Oriental,Region X (Northern Mindanao),Municipality,5th,R10,N
[2025-01] 10-043-15-000,2025-01,2025,[01] January,"Libertad, Misamis Oriental",[1] Operational,,,,,[A] Operational,B,10-043-15-000,Libertad,Misamis Oriental,Region X (Northern Mindanao),Municipality,5th,R10,N
[2025-01] 10-035-12-000,2025-01,2025,[01] January,"Maigo, Lanao del Norte",[1] Operational,,,,,[A] Operational,A,10-035-12-000,Maigo,Lanao del Norte,Region X (Northern Mindanao),Municipality,4th,R10,N
[2025-01] 10-043-18-000,2025-01,2025,[01] January,"Manticao, Misamis Oriental",[1] Operational,,,,,[A] Operational,B,10-043-18-000,Manticao,Misamis Oriental,Region X (Northern Mindanao),Municipality,4th,R10,N
[2025-01] 10-042-12-000,2025-01,2025,[01] January,"Plaridel, Misamis Occidental",[1] Operational,,,,,[A] Operational,A,10-042-12-000,Plaridel,Misamis Occidental,Region X (Northern Mindanao),Municipality,3rd,R10,N
[2025-01] 10-043-22-000,2025-01,2025,[01] January,"Salay, Misamis Oriental",[1] Operational,,,,,[A] Operational,A,10-043-22-000,Salay,Misamis Oriental,Region X (Northern Mindanao),Municipality,4th,R10,N
[2025-01] 10-042-14-000,2025-01,2025,[01] January,"Sinacaban, Misamis Occidental",[1] Operational,,,,,[A] Operational,A,10-042-14-000,Sinacaban,Misamis Occidental,Region X (Northern Mindanao),Municipality,5th,R10,N
[2025-01] 10-043-24-000,2025-01,2025,[01] January,"Tagoloan, Misamis Oriental",[8] Withdraw,,Responded. Lack of Manpower,,,[D] Withdraw,B,10-043-24-000,Tagoloan,Misamis Oriental,Region X (Northern Mindanao),Municipality,1st,R10,N
[2025-01] 10-043-25-000,2025-01,2025,[01] January,"Talisayan, Misamis Oriental",[1] Operational,,,,,[A] Operational,B,10-043-25-000,Talisayan,Misamis Oriental,Region X (Northern Mindanao),Municipality,4th,R10,N
[2025-01] 10-035-22-000,2025-01,2025,[01] January,"Tubod, Lanao del Norte",[7] To Follow-up,70%,"Still at 70%, no movement in adding applications",To assess onsite,,[C] For Training/Others,B,10-035-22-000,Tubod,Lanao del Norte,Region X (Northern Mindanao),Municipality,2nd,R10,N
[2025-01] 10-042-01-000,2025-01,2025,[01] January,"Aloran, Misamis Occidental",[2] Pilot Testing,100%,,,Processing on adding inspectors before applying,[B] Developmental,A,10-042-01-000,Aloran,Misamis Occidental,Region X (Northern Mindanao),Municipality,4th,R10,N
[2025-01] 10-018-03-000,2025-01,2025,[01] January,"Mahinog, Camiguin",[1] Operational,,,,,[A] Operational,A,10-018-03-000,Mahinog,Camiguin,Region X (Northern Mindanao),Municipality,5th,R10,N
[2025-01] 10-043-20-000,2025-01,2025,[01] January,"Naawan, Misamis Oriental",[1] Operational,,,,,[A] Operational,A,10-043-20-000,Naawan,Misamis Oriental,Region X (Northern Mindanao),Municipality,4th,R10,N
[2025-01] 12-065-01-000,2025-01,2025,[01] January,"Bagumbayan, Sultan Kudarat",[3] Ongoing Data Build-up,90%,,,,[B] Developmental,B,12-065-01-000,Bagumbayan,Sultan Kudarat,Region XII (SOCCSKSARGEN),Municipality,1st,R12,Q
[2025-01] 12-047-04-000,2025-01,2025,[01] January,"City of Kidapawan, Cotabato",[1] Operational,,,,,[A] Operational,A,12-047-04-000,City of Kidapawan,Cotabato,Region XII (SOCCSKSARGEN),City,3rd,R12,Q
[2025-01] 12-047-03-000,2025-01,2025,[01] January,"Kabacan, Cotabato",[1] Operational,,,,,[A] Operational,A,12-047-03-000,Kabacan,Cotabato,Region XII (SOCCSKSARGEN),Municipality,1st,R12,Q
[2025-01] 12-065-06-000,2025-01,2025,[01] January,"Lebak, Sultan Kudarat",[7] To Follow-up,,URESPONSIVE,,,[C] For Training/Others,B,12-065-06-000,Lebak,Sultan Kudarat,Region XII (SOCCSKSARGEN),Municipality,1st,R12,Q
[2025-01] 12-047-09-000,2025-01,2025,[01] January,"Midsayap, Cotabato",[1] Operational,,,,,[A] Operational,B,12-047-09-000,Midsayap,Cotabato,Region XII (SOCCSKSARGEN),Municipality,1st,R12,Q
[2025-01] 12-047-12-000,2025-01,2025,[01] January,"Pikit, Cotabato",[1] Operational,,,,,[A] Operational,B,12-047-12-000,Pikit,Cotabato,Region XII (SOCCSKSARGEN),Municipality,1st,R12,Q
[2025-01] 12-047-11-000,2025-01,2025,[01] January,"Pigkawayan, Cotabato",[3] Ongoing Data Build-up,5%,,,,[B] Developmental,A,12-047-11-000,Pigkawayan,Cotabato,Region XII (SOCCSKSARGEN),Municipality,1st,R12,Q
[2025-01] 12-047-10-000,2025-01,2025,[01] January,"M'Lang, Cotabato",[3] Ongoing Data Build-up,5%,,,,[B] Developmental,A,12-047-10-000,M'Lang,Cotabato,Region XII (SOCCSKSARGEN),Municipality,1st,R12,Q
[2025-01] 16-003-12-000,2025-01,2025,[01] January,"Trento, Agusan del Sur",[2] Pilot Testing,,,,,[B] Developmental,B,16-003-12-000,Trento,Agusan del Sur,Region XIII (Caraga),Municipality,1st,R13,O
[2025-01] 16-002-07-000,2025-01,2025,[01] January,"Las Nieves, Agusan del Norte",[1] Operational,,,,,[A] Operational,A,16-002-07-000,Las Nieves,Agusan del Norte,Region XIII (Caraga),Municipality,2nd,R13,O
[2025-01] 16-068-02-000,2025-01,2025,[01] January,"Bayabas, Surigao del Sur",[1] Operational,,,,,[A] Operational,A,16-068-02-000,Bayabas,Surigao del Sur,Region XIII (Caraga),Municipality,5th,R13,O
[2025-01] 16-068-06-000,2025-01,2025,[01] January,"Carmen, Surigao del Sur",[1] Operational,,,,,[A] Operational,A,16-068-06-000,Carmen,Surigao del Sur,Region XIII (Caraga),Municipality,5th,R13,O
[2025-01] 16-068-12-000,2025-01,2025,[01] January,"Lingig, Surigao del Sur",[7] To Follow-up,,Last Status: For Data Buildup,A notice of unutilization was served. Still waiting for response letter,,[C] For Training/Others,B,16-068-12-000,Lingig,Surigao del Sur,Region XIII (Caraga),Municipality,2nd,R13,O
[2025-01] 16-068-15-000,2025-01,2025,[01] January,"San Agustin, Surigao del Sur",[2] Pilot Testing,,,,,[B] Developmental,A,16-068-15-000,San Agustin,Surigao del Sur,Region XIII (Caraga),Municipality,4th,R13,O
[2025-01] 16-068-16-000,2025-01,2025,[01] January,"San Miguel, Surigao del Sur",[2] Pilot Testing,,,,,[B] Developmental,B,16-068-16-000,San Miguel,Surigao del Sur,Region XIII (Caraga),Municipality,1st,R13,O
[2025-01] 16-068-17-000,2025-01,2025,[01] January,"Tagbina, Surigao del Sur",[1] Operational,,,,,[A] Operational,A,16-068-17-000,Tagbina,Surigao del Sur,Region XIII (Caraga),Municipality,2nd,R13,O
[2025-01] 16-068-18-000,2025-01,2025,[01] January,"Tago, Surigao del Sur",[1] Operational,,,,,[A] Operational,B,16-068-18-000,Tago,Surigao del Sur,Region XIII (Caraga),Municipality,2nd,R13,O
[2025-01] 16-067-23-000,2025-01,2025,[01] January,"Socorro, Surigao del Norte",[1] Operational,,,,,[A] Operational,B,16-067-23-000,Socorro,Surigao del Norte,Region XIII (Caraga),Municipality,4th,R13,O
[2025-01] 16-067-25-000,2025-01,2025,[01] January,"Tagana-An, Surigao del Norte",[1] Operational,,,,,[A] Operational,A,16-067-25-000,Tagana-An,Surigao del Norte,Region XIII (Caraga),Municipality,5th*,R13,O
[2025-01] 16-067-27-000,2025-01,2025,[01] January,"Tubod, Surigao del Norte",[1] Operational,,,,,[A] Operational,A,16-067-27-000,Tubod,Surigao del Norte,Region XIII (Caraga),Municipality,5th,R13,O
[2025-01] 19-087-13-000,2025-01,2025,[01] January,"Upi, Maguindanao del Norte",[1] Operational,,,,,[A] Operational,A,19-087-13-000,Upi,Maguindanao del Norte,Bangsamoro Autonomous Region In Muslim Mindanao (BARMM),Municipality,1st,BARMM II,R
[2025-01] 19-066-13-000,2025-01,2025,[01] January,"Talipao, Sulu",[3] Ongoing Data Build-up,50%,,,,[B] Developmental,B,19-066-13-000,Talipao,Sulu,Bangsamoro Autonomous Region In Muslim Mindanao (BARMM),Municipality,1st,BARMM I,M
[2025-01] 09-072-10-000,2025-01,2025,[01] January,"Polanco, Zamboanga del Norte",[1] Operational,,,,,[A] Operational,A,09-072-10-000,Polanco,Zamboanga del Norte,Region IX (Zamboanga Peninsula),Municipality,3rd,R9,L
[2025-01] 09-072-11-000,2025-01,2025,[01] January,"Pres. Manuel A. Roxas, Zamboanga del Norte",[2] Pilot Testing,75%,,,,[B] Developmental,B,09-072-11-000,Pres. Manuel A. Roxas,Zamboanga del Norte,Region IX (Zamboanga Peninsula),Municipality,2nd,R9,L
[2025-01] 09-072-12-000,2025-01,2025,[01] January,"Rizal, Zamboanga del Norte",[2] Pilot Testing,25%,,,,[B] Developmental,B,09-072-12-000,Rizal,Zamboanga del Norte,Region IX (Zamboanga Peninsula),Municipality,5th,R9,L
[2025-01] 09-072-15-000,2025-01,2025,[01] January,"Siayan, Zamboanga del Norte",[1] Operational,,,,,[A] Operational,B,09-072-15-000,Siayan,Zamboanga del Norte,Region IX (Zamboanga Peninsula),Municipality,2nd,R9,L
[2025-01] 09-072-18-000,2025-01,2025,[01] January,"Sindangan, Zamboanga del Norte",[3] Ongoing Data Build-up,50%,,,,[B] Developmental,B,09-072-18-000,Sindangan,Zamboanga del Norte,Region IX (Zamboanga Peninsula),Municipality,1st,R9,L
[2025-01] 09-073-08-000,2025-01,2025,[01] January,"Dumingag, Zamboanga del Sur",[3] Ongoing Data Build-up,50%,,,,[B] Developmental,B,09-073-08-000,Dumingag,Zamboanga del Sur,Region IX (Zamboanga Peninsula),Municipality,2nd,R9,L
[2025-01] 09-073-43-000,2025-01,2025,[01] January,"Guipos, Zamboanga del Sur",[3] Ongoing Data Build-up,50%,,,,[B] Developmental,B,09-073-43-000,Guipos,Zamboanga del Sur,Region IX (Zamboanga Peninsula),Municipality,4th,R9,L
[2025-01] 09-073-12-000,2025-01,2025,[01] January,"Labangan, Zamboanga del Sur",[6] With Concerns,,Understaff,,,[C] For Training/Others,B,09-073-12-000,Labangan,Zamboanga del Sur,Region IX (Zamboanga Peninsula),Municipality,3rd,R9,L
[2025-01] 09-073-33-000,2025-01,2025,[01] January,"Lakewood, Zamboanga del Sur",[2] Pilot Testing,75%,,,,[B] Developmental,B,09-073-33-000,Lakewood,Zamboanga del Sur,Region IX (Zamboanga Peninsula),Municipality,4th,R9,L
[2025-01] 09-073-25-000,2025-01,2025,[01] January,"San Pablo, Zamboanga del Sur",[2] Pilot Testing,75%,,,,[B] Developmental,B,09-073-25-000,San Pablo,Zamboanga del Sur,Region IX (Zamboanga Peninsula),Municipality,4th*,R9,L
[2025-01] 09-083-15-000,2025-01,2025,[01] January,"Titay, Zamboanga Sibugay",[1] Operational,,,,,[A] Operational,A,09-083-15-000,Titay,Zamboanga Sibugay,Region IX (Zamboanga Peninsula),Municipality,2nd,R9,L
[2025-01] 14-032-13-000,2025-01,2025,[01] January,"City of Tabuk, Kalinga",[1] Operational,,,,,[A] Operational,B,14-032-13-000,City of Tabuk,Kalinga,Cordillera Administrative Region (CAR),City,5th,CAR,B
[2025-01] 01-028-05-000,2025-01,2025,[01] January,"City of Batac, Ilocos Norte",[1] Operational,,,,,[A] Operational,B,01-028-05-000,City of Batac,Ilocos Norte,Region I (Ilocos Region),City,5th,R1,C
[2025-01] 01-028-12-000,2025-01,2025,[01] January,"City of Laoag, Ilocos Norte",[5] For Training,,Waiting for the SB Resolution,For Follow-up,,[C] For Training/Others,B,01-028-12-000,City of Laoag,Ilocos Norte,Region I (Ilocos Region),City,3rd,R1,C
[2025-01] 01-055-19-000,2025-01,2025,[01] January,"Dasol, Pangasinan",[7] To Follow-up,,for schedule of training,For Follow-up,,[C] For Training/Others,B,01-055-19-000,Dasol,Pangasinan,Region I (Ilocos Region),Municipality,3rd,R1,C
[2025-01] 01-055-48-000,2025-01,2025,[01] January,"Laoac, Pangasinan",[7] To Follow-up,,for schedule of training,For Follow-up,,[C] For Training/Others,B,01-055-48-000,Laoac,Pangasinan,Region I (Ilocos Region),Municipality,4th,R1,C
[2025-01] 01-055-30-000,2025-01,2025,[01] January,"Pozorrubio, Pangasinan",[5] For Training,,,For Follow-up,,[C] For Training/Others,B,01-055-30-000,Pozorrubio,Pangasinan,Region I (Ilocos Region),Municipality,1st,R1,C
[2025-01] 01-029-18-000,2025-01,2025,[01] January,"San Esteban, Ilocos Sur",[5] For Training,,,For Follow-up,,[C] For Training/Others,B,01-029-18-000,San Esteban,Ilocos Sur,Region I (Ilocos Region),Municipality,5th,R1,C
[2025-01] 02-031-03-000,2025-01,2025,[01] January,"Aurora, Isabela",[1] Operational,,,,,[A] Operational,B,02-031-03-000,Aurora,Isabela,Region II (Cagayan Valley),Municipality,3rd,R2,D
[2025-01] 02-031-14-000,2025-01,2025,[01] January,"City of Ilagan, Isabela",[1] Operational,,,,,[A] Operational,A,02-031-14-000,City of Ilagan,Isabela,Region II (Cagayan Valley),City,1st (as Mun),R2,D
[2025-01] 03-049-01-000,2025-01,2025,[01] January,"Aliaga, Nueva Ecija",[8] Withdraw,,,,,[D] Withdraw,B,03-049-01-000,Aliaga,Nueva Ecija,Region III (Central Luzon),Municipality,2nd,R3,E
[2025-01] 03-054-03-000,2025-01,2025,[01] January,"Arayat, Pampanga",[1] Operational,,,,,[A] Operational,A,03-054-03-000,Arayat,Pampanga,Region III (Central Luzon),Municipality,1st,R3,E
[2025-01] 03-077-01-000,2025-01,2025,[01] January,"Baler, Aurora",[1] Operational,,,,,[A] Operational,A,03-077-01-000,Baler,Aurora,Region III (Central Luzon),Municipality,3rd,R3,E
[2025-01] 03-049-04-000,2025-01,2025,[01] January,"Cabiao, Nueva Ecija",[3] Ongoing Data Build-up,88%,Requesting for refresher training,,,[B] Developmental,B,03-049-04-000,Cabiao,Nueva Ecija,Region III (Central Luzon),Municipality,1st,R3,E
[2025-01] 03-077-02-000,2025-01,2025,[01] January,"Casiguran, Aurora",[1] Operational,,,,,[A] Operational,A,03-077-02-000,Casiguran,Aurora,Region III (Central Luzon),Municipality,2nd,R3,E
[2025-01] 03-014-12-000,2025-01,2025,[01] January,"City of Meycauayan, Bulacan",[8] Withdraw,,"Withdrawal Letter - Meycauayan City, Bulacan",Last Status Ongoing Data Build-up 25%,,[D] Withdraw,B,03-014-12-000,City of Meycauayan,Bulacan,Region III (Central Luzon),City,3rd,R3,E
[2025-01] 03-314-00-000,2025-01,2025,[01] January,"City of Olongapo, Zambales",[3] Ongoing Data Build-up,60%,lack of Staff,For Visitation,,[B] Developmental,B,03-314-00-000,City of Olongapo,Zambales,Region III (Central Luzon),City,1st,R3,E
[2025-01] 03-049-19-000,2025-01,2025,[01] January,"City of Palayan, Nueva Ecija",[2] Pilot Testing,50%,lack of Staff,for visitation,,[B] Developmental,B,03-049-19-000,City of Palayan,Nueva Ecija,Region III (Central Luzon),City,5th,R3,E
[2025-01] 03-077-05-000,2025-01,2025,[01] January,"Dingalan, Aurora",[2] Pilot Testing,99%,,,,[B] Developmental,B,03-077-05-000,Dingalan,Aurora,Region III (Central Luzon),Municipality,3rd,R3,E
[2025-01] 03-077-06-000,2025-01,2025,[01] January,"Dipaculao, Aurora",[1] Operational,,,,,[A] Operational,B,03-077-06-000,Dipaculao,Aurora,Region III (Central Luzon),Municipality,3rd,R3,E
[2025-01] 03-049-07-000,2025-01,2025,[01] January,"Gabaldon, Nueva Ecija",[2] Pilot Testing,70%,Requesting for refresher training,for visitation,,[B] Developmental,B,03-049-07-000,Gabaldon,Nueva Ecija,Region III (Central Luzon),Municipality,4th,R3,E
[2025-01] 03-069-06-000,2025-01,2025,[01] January,"Gerona, Tarlac",[1] Operational,,,,,[A] Operational,B,03-069-06-000,Gerona,Tarlac,Region III (Central Luzon),Municipality,1st,R3,E
[2025-01] 03-071-05-000,2025-01,2025,[01] January,"Iba, Zambales",[2] Pilot Testing,85%,for launching phase,for visitation,,[B] Developmental,B,03-071-05-000,Iba,Zambales,Region III (Central Luzon),Municipality,2nd,R3,E
[2025-01] 03-008-06-000,2025-01,2025,[01] January,"Limay, Bataan",[6] With Concerns,,Internet connectivity issue and new staff,"Sent Notice Letter, awaiting for their reply
Intends to withdraw",,[C] For Training/Others,B,03-008-06-000,Limay,Bataan,Region III (Central Luzon),Municipality,1st,R3,E
[2025-01] 03-054-10-000,2025-01,2025,[01] January,"Macabebe, Pampanga",[6] With Concerns,,New LGU Staff and Internet connectivity issue,"intended to withdraw
waiting for the withdrawal letter",,[C] For Training/Others,B,03-054-10-000,Macabebe,Pampanga,Region III (Central Luzon),Municipality,1st,R3,E
[2025-01] 03-077-07-000,2025-01,2025,[01] January,"Maria Aurora, Aurora",[1] Operational,,,,,[A] Operational,A,03-077-07-000,Maria Aurora,Aurora,Region III (Central Luzon),Municipality,2nd,R3,E
[2025-01] 03-014-13-000,2025-01,2025,[01] January,"Norzagaray, Bulacan",[1] Operational,,,,,[A] Operational,A,03-014-13-000,Norzagaray,Bulacan,Region III (Central Luzon),Municipality,1st,R3,E
[2025-01] 03-071-09-000,2025-01,2025,[01] January,"San Antonio, Zambales",[2] Pilot Testing,97%,,renovation of municipal hall,,[B] Developmental,B,03-071-09-000,San Antonio,Zambales,Region III (Central Luzon),Municipality,2nd,R3,E
[2025-01] 03-054-17-000,2025-01,2025,[01] January,"San Luis, Pampanga",[6] With Concerns,,"Still on process of familiarizing the whole system
for pilot testing 30%
Unresponsive LGU",for visitation,,[C] For Training/Others,B,03-054-17-000,San Luis,Pampanga,Region III (Central Luzon),Municipality,3rd,R3,E
[2025-01] 03-071-12-000,2025-01,2025,[01] January,"San Narciso, Zambales",[1] Operational,,,,,[A] Operational,A,03-071-12-000,San Narciso,Zambales,Region III (Central Luzon),Municipality,4th,R3,E
[2025-01] 03-069-15-000,2025-01,2025,[01] January,"Santa Ignacia, Tarlac",[1] Operational,,,,,[A] Operational,A,03-069-15-000,Santa Ignacia,Tarlac,Region III (Central Luzon),Municipality,2nd,R3,E
[2025-01] 03-049-32-000,2025-01,2025,[01] January,"Zaragoza, Nueva Ecija",[2] Pilot Testing,99%,,for launching phase,,[B] Developmental,B,03-049-32-000,Zaragoza,Nueva Ecija,Region III (Central Luzon),Municipality,3rd,R3,E
[2025-01] 04-056-02-000,2025-01,2025,[01] January,"Alabat, Quezon",[1] Operational,,,,,[A] Operational,B,04-056-02-000,Alabat,Quezon,Region IV-A (CALABARZON),Municipality,5th,R4A,F
[2025-01] 04-021-01-000,2025-01,2025,[01] January,"Alfonso, Cavite",[3] Ongoing Data Build-up,100%,For Launching,,Waiting for LGU Schedule,[B] Developmental,B,04-021-01-000,Alfonso,Cavite,Region IV-A (CALABARZON),Municipality,1st,R4A,F
[2025-01] 04-021-02-000,2025-01,2025,[01] January,"Amadeo, Cavite",[2] Pilot Testing,91%,,,Waiting for decision of LGU if they will use the system,[B] Developmental,B,04-021-02-000,Amadeo,Cavite,Region IV-A (CALABARZON),Municipality,4th,R4A,F
[2025-01] 04-010-03-000,2025-01,2025,[01] January,"Balayan, Batangas",[1] Operational,,,,,[A] Operational,A,04-010-03-000,Balayan,Batangas,Region IV-A (CALABARZON),Municipality,1st,R4A,F
[2025-01] 04-056-08-000,2025-01,2025,[01] January,"Candelaria, Quezon",[1] Operational,,,,,[A] Operational,A,04-056-08-000,Candelaria,Quezon,Region IV-A (CALABARZON),Municipality,1st,R4A,F
[2025-01] 04-034-07-000,2025-01,2025,[01] January,"Cavinti, Laguna",[2] Pilot Testing,100%,For Launching,,Waiting for LGU Schedule,[B] Developmental,B,04-034-07-000,Cavinti,Laguna,Region IV-A (CALABARZON),Municipality,3rd,R4A,F
[2025-01] 04-056-16-000,2025-01,2025,[01] January,"General Luna, Quezon",[1] Operational,,,,,[A] Operational,B,04-056-16-000,General Luna,Quezon,Region IV-A (CALABARZON),Municipality,4th,R4A,F
[2025-01] 04-056-17-000,2025-01,2025,[01] January,"General Nakar, Quezon",[1] Operational,,,,,[A] Operational,B,04-056-17-000,General Nakar,Quezon,Region IV-A (CALABARZON),Municipality,1st,R4A,F
[2025-01] 04-056-19-000,2025-01,2025,[01] January,"Gumaca, Quezon",[7] To Follow-up,,LGU unresponsive,For visitation,,[C] For Training/Others,B,04-056-19-000,Gumaca,Quezon,Region IV-A (CALABARZON),Municipality,1st,R4A,F
[2025-01] 04-056-20-000,2025-01,2025,[01] January,"Infanta, Quezon",[1] Operational,,,,,[A] Operational,A,04-056-20-000,Infanta,Quezon,Region IV-A (CALABARZON),Municipality,1st,R4A,F
[2025-01] 04-010-12-000,2025-01,2025,[01] January,"Lemery, Batangas",[8] Withdraw,,,,,[D] Withdraw,B,04-010-12-000,Lemery,Batangas,Region IV-A (CALABARZON),Municipality,1st,R4A,F
[2025-01] 04-010-13-000,2025-01,2025,[01] January,"Lian, Batangas",[1] Operational,,,,,[A] Operational,A,04-010-13-000,Lian,Batangas,Region IV-A (CALABARZON),Municipality,3rd,R4A,F
[2025-01] 04-010-16-000,2025-01,2025,[01] January,"Mabini, Batangas",[1] Operational,,,,,[A] Operational,A,04-010-16-000,Mabini,Batangas,Region IV-A (CALABARZON),Municipality,1st,R4A,F
[2025-01] 04-021-12-000,2025-01,2025,[01] January,"Magallanes, Cavite",[1] Operational,,,,,[A] Operational,B,04-021-12-000,Magallanes,Cavite,Region IV-A (CALABARZON),Municipality,4th,R4A,F
[2025-01] 04-056-27-000,2025-01,2025,[01] January,"Mauban, Quezon",[1] Operational,,,,,[A] Operational,A,04-056-27-000,Mauban,Quezon,Region IV-A (CALABARZON),Municipality,1st,R4A,F
[2025-01] 04-021-15-000,2025-01,2025,[01] January,"Naic, Cavite",[1] Operational,,,,,[A] Operational,A,04-021-15-000,Naic,Cavite,Region IV-A (CALABARZON),Municipality,1st,R4A,F
[2025-01] 04-034-18-000,2025-01,2025,[01] January,"Paete, Laguna",[1] Operational,,,,,[A] Operational,B,04-034-18-000,Paete,Laguna,Region IV-A (CALABARZON),Municipality,4th,R4A,F
[2025-01] 04-056-34-000,2025-01,2025,[01] January,"Pitogo, Quezon",[2] Pilot Testing,68%,,,,[B] Developmental,B,04-056-34-000,Pitogo,Quezon,Region IV-A (CALABARZON),Municipality,4th,R4A,F
[2025-01] 04-056-39-000,2025-01,2025,[01] January,"Sampaloc, Quezon",[1] Operational,,,,,[A] Operational,B,04-056-39-000,Sampaloc,Quezon,Region IV-A (CALABARZON),Municipality,5th,R4A,F
[2025-01] 04-010-24-000,2025-01,2025,[01] January,"San Luis, Batangas",[1] Operational,,,,,[A] Operational,B,04-010-24-000,San Luis,Batangas,Region IV-A (CALABARZON),Municipality,4th,R4A,F
[2025-01] 04-010-25-000,2025-01,2025,[01] January,"San Nicolas, Batangas",[1] Operational,,,,"Launched on August 30, 2024",[A] Operational,B,04-010-25-000,San Nicolas,Batangas,Region IV-A (CALABARZON),Municipality,5th,R4A,F
[2025-01] 04-010-27-000,2025-01,2025,[01] January,"Santa Teresita, Batangas",[1] Operational,,,,,[A] Operational,A,04-010-27-000,Santa Teresita,Batangas,Region IV-A (CALABARZON),Municipality,5th,R4A,F
[2025-01] 04-010-29-000,2025-01,2025,[01] January,"Taal, Batangas",[1] Operational,,,,,[A] Operational,A,04-010-29-000,Taal,Batangas,Region IV-A (CALABARZON),Municipality,3rd,R4A,F
[2025-01] 17-052-01-000,2025-01,2025,[01] January,"Baco, Oriental Mindoro",[1] Operational,,,,,[A] Operational,B,17-052-01-000,Baco,Oriental Mindoro,MIMAROPA Region,Municipality,3rd,R4B,G
[2025-01] 17-059-02-000,2025-01,2025,[01] January,"Banton, Romblon",[1] Operational,,,,,[A] Operational,B,17-059-02-000,Banton,Romblon,MIMAROPA Region,Municipality,5th,R4B,G
[2025-01] 17-053-07-000,2025-01,2025,[01] January,"Busuanga, Palawan",[1] Operational,,,,,[A] Operational,A,17-053-07-000,Busuanga,Palawan,MIMAROPA Region,Municipality,3rd,R4B,G
[2025-01] 17-053-09-000,2025-01,2025,[01] January,"Coron, Palawan",[1] Operational,,,,,[A] Operational,B,17-053-09-000,Coron,Palawan,MIMAROPA Region,Municipality,1st,R4B,G
[2025-01] 17-053-12-000,2025-01,2025,[01] January,"El Nido, Palawan",[1] Operational,,,,,[A] Operational,A,17-053-12-000,El Nido,Palawan,MIMAROPA Region,Municipality,1st,R4B,G
[2025-01] 17-059-16-000,2025-01,2025,[01] January,"Ferrol, Romblon",[1] Operational,,,,,[A] Operational,A,17-059-16-000,Ferrol,Romblon,MIMAROPA Region,Municipality,6th,R4B,G
[2025-01] 17-052-06-000,2025-01,2025,[01] January,"Gloria, Oriental Mindoro",[1] Operational,,,,,[A] Operational,B,17-052-06-000,Gloria,Oriental Mindoro,MIMAROPA Region,Municipality,3rd,R4B,G
[2025-01] 17-059-07-000,2025-01,2025,[01] January,"Looc, Romblon",[1] Operational,,,,,[A] Operational,A,17-059-07-000,Looc,Romblon,MIMAROPA Region,Municipality,4th,R4B,G
[2025-01] 17-052-09-000,2025-01,2025,[01] January,"Pinamalayan, Oriental Mindoro",[1] Operational,,,,,[A] Operational,B,17-052-09-000,Pinamalayan,Oriental Mindoro,MIMAROPA Region,Municipality,1st,R4B,G
[2025-01] 17-051-08-000,2025-01,2025,[01] January,"Rizal, Occidental Mindoro",[1] Operational,,,,,[A] Operational,B,17-051-08-000,Rizal,Occidental Mindoro,MIMAROPA Region,Municipality,3rd,R4B,G
[2025-01] 17-051-09-000,2025-01,2025,[01] January,"Sablayan, Occidental Mindoro",[1] Operational,,,,,[A] Operational,A,17-051-09-000,Sablayan,Occidental Mindoro,MIMAROPA Region,Municipality,1st,R4B,G
[2025-01] 17-051-10-000,2025-01,2025,[01] January,"San Jose, Occidental Mindoro",[1] Operational,,,,,[A] Operational,A,17-051-10-000,San Jose,Occidental Mindoro,MIMAROPA Region,Municipality,1st,R4B,G
[2025-01] 17-052-13-000,2025-01,2025,[01] January,"San Teodoro, Oriental Mindoro",[1] Operational,,,,,[A] Operational,B,17-052-13-000,San Teodoro,Oriental Mindoro,MIMAROPA Region,Municipality,4th,R4B,G
[2025-01] 17-053-19-000,2025-01,2025,[01] January,"San Vicente, Palawan",[1] Operational,,,,,[A] Operational,A,17-053-19-000,San Vicente,Palawan,MIMAROPA Region,Municipality,1st,R4B,G
[2025-01] 05-062-02-000,2025-01,2025,[01] January,"Barcelona, Sorsogon",[3] Ongoing Data Build-up,85%,Applicants not familiar with the system and unstable internet connection,,,[B] Developmental,B,05-062-02-000,Barcelona,Sorsogon,Region V (Bicol Region),Municipality,5th,R5,H
[2025-01] 05-016-02-000,2025-01,2025,[01] January,"Capalonga, Camarines Norte",[3] Ongoing Data Build-up,10%,,,,[B] Developmental,B,05-016-02-000,Capalonga,Camarines Norte,Region V (Bicol Region),Municipality,3rd,R5,H
[2025-01] 05-016-05-000,2025-01,2025,[01] January,"Jose Panganiban, Camarines Norte",[3] Ongoing Data Build-up,10%,,,,[B] Developmental,B,05-016-05-000,Jose Panganiban,Camarines Norte,Region V (Bicol Region),Municipality,2nd,R5,H
[2025-01] 05-016-06-000,2025-01,2025,[01] January,"Labo, Camarines Norte",[6] With Concerns,,"concern regarding manual entry of building permit number, due to conflict with complex applications numbering",,,[C] For Training/Others,B,05-016-06-000,Labo,Camarines Norte,Region V (Bicol Region),Municipality,1st,R5,H
[2025-01] 05-016-07-000,2025-01,2025,[01] January,"Mercedes, Camarines Norte",[3] Ongoing Data Build-up,80%,,,,[B] Developmental,B,05-016-07-000,Mercedes,Camarines Norte,Region V (Bicol Region),Municipality,2nd,R5,H
[2025-01] 05-016-11-000,2025-01,2025,[01] January,"Talisay, Camarines Norte",[1] Operational,,,,,[A] Operational,A,05-016-11-000,Talisay,Camarines Norte,Region V (Bicol Region),Municipality,4th,R5,H
[2025-01] 05-005-18-000,2025-01,2025,[01] January,"Tiwi, Albay",[8] Withdraw,,,,,[D] Withdraw,B,05-005-18-000,Tiwi,Albay,Region V (Bicol Region),Municipality,1st,R5,H
[2025-01] 05-016-12-000,2025-01,2025,[01] January,"Vinzons, Camarines Norte",[3] Ongoing Data Build-up,98%,,,,[B] Developmental,B,05-016-12-000,Vinzons,Camarines Norte,Region V (Bicol Region),Municipality,3rd,R5,H
[2025-01] 05-020-11-000,2025-01,2025,[01] January,"Virac, Catanduanes",[6] With Concerns,,May mga need pa po ayusin specially sa mga signatories,,,[C] For Training/Others,B,05-020-11-000,Virac,Catanduanes,Region V (Bicol Region),Municipality,1st,R5,H
[2025-01] 06-030-02-000,2025-01,2025,[01] January,"Alimodian, Iloilo",[1] Operational,,,,,[A] Operational,B,06-030-02-000,Alimodian,Iloilo,Region VI (Western Visayas),Municipality,3rd,R6,I
[2025-01] 06-030-03-000,2025-01,2025,[01] January,"Anilao, Iloilo",[1] Operational,,,,,[A] Operational,B,06-030-03-000,Anilao,Iloilo,Region VI (Western Visayas),Municipality,4th,R6,I
[2025-01] 06-030-05-000,2025-01,2025,[01] January,"Balasan, Iloilo",[1] Operational,,,,,[A] Operational,B,06-030-05-000,Balasan,Iloilo,Region VI (Western Visayas),Municipality,4th,R6,I
[2025-01] 06-006-02-000,2025-01,2025,[01] January,"Barbaza, Antique",[1] Operational,,,,,[A] Operational,B,06-006-02-000,Barbaza,Antique,Region VI (Western Visayas),Municipality,4th,R6,I
[2025-01] 06-030-07-000,2025-01,2025,[01] January,"Barotac Nuevo, Iloilo",[1] Operational,,,,,[A] Operational,B,06-030-07-000,Barotac Nuevo,Iloilo,Region VI (Western Visayas),Municipality,2nd,R6,I
[2025-01] 06-030-08-000,2025-01,2025,[01] January,"Barotac Viejo, Iloilo",[5] For Training,,,,,[C] For Training/Others,B,06-030-08-000,Barotac Viejo,Iloilo,Region VI (Western Visayas),Municipality,3rd,R6,I
[2025-01] 06-030-10-000,2025-01,2025,[01] January,"Bingawan, Iloilo",[1] Operational,,,,,[A] Operational,B,06-030-10-000,Bingawan,Iloilo,Region VI (Western Visayas),Municipality,5th,R6,I
[2025-01] 06-079-01-000,2025-01,2025,[01] January,"Buenavista, Guimaras",[1] Operational,,,,,[A] Operational,B,06-079-01-000,Buenavista,Guimaras,Region VI (Western Visayas),Municipality,2nd,R6,I
[2025-01] 06-006-04-000,2025-01,2025,[01] January,"Bugasong, Antique",[1] Operational,,,,,[A] Operational,A,06-006-04-000,Bugasong,Antique,Region VI (Western Visayas),Municipality,3rd,R6,I
[2025-01] 06-030-12-000,2025-01,2025,[01] January,"Cabatuan, Iloilo",[1] Operational,,,,,[A] Operational,B,06-030-12-000,Cabatuan,Iloilo,Region VI (Western Visayas),Municipality,2nd,R6,I
[2025-01] 06-030-13-000,2025-01,2025,[01] January,"Calinog, Iloilo",[1] Operational,,,,,[A] Operational,A,06-030-13-000,Calinog,Iloilo,Region VI (Western Visayas),Municipality,1st,R6,I
[2025-01] 06-302-00-000,2025-01,2025,[01] January,"City of Bacolod, Negros Occidental",[1] Operational,,,,,[A] Operational,A,06-302-00-000,City of Bacolod,Negros Occidental,Region VI (Western Visayas),City,1st,R6,I
[2025-01] 06-045-10-000,2025-01,2025,[01] January,"City of Himamaylan, Negros Occidental",[1] Operational,,,,,[A] Operational,A,06-045-10-000,City of Himamaylan,Negros Occidental,Region VI (Western Visayas),City,3rd,R6,I
[2025-01] 06-045-15-000,2025-01,2025,[01] January,"City of Kabankalan, Negros Occidental",[1] Operational,,,,,[A] Operational,B,06-045-15-000,City of Kabankalan,Negros Occidental,Region VI (Western Visayas),City,1st,R6,I
[2025-01] 06-045-27-000,2025-01,2025,[01] January,"City of Sipalay, Negros Occidental",[1] Operational,,,,,[A] Operational,A,06-045-27-000,City of Sipalay,Negros Occidental,Region VI (Western Visayas),City,4th,R6,I
[2025-01] 06-030-15-000,2025-01,2025,[01] January,"Concepcion, Iloilo",[1] Operational,,,,,[A] Operational,B,06-030-15-000,Concepcion,Iloilo,Region VI (Western Visayas),Municipality,3rd,R6,I
[2025-01] 06-030-16-000,2025-01,2025,[01] January,"Dingle, Iloilo",[1] Operational,,,,,[A] Operational,A,06-030-16-000,Dingle,Iloilo,Region VI (Western Visayas),Municipality,3rd,R6,I
[2025-01] 06-045-11-000,2025-01,2025,[01] January,"Hinigaran, Negros Occidental",[1] Operational,,,,,[A] Operational,B,06-045-11-000,Hinigaran,Negros Occidental,Region VI (Western Visayas),Municipality,1st,R6,I
[2025-01] 06-030-23-000,2025-01,2025,[01] January,"Janiuay, Iloilo",[1] Operational,,,,,[A] Operational,B,06-030-23-000,Janiuay,Iloilo,Region VI (Western Visayas),Municipality,1st,R6,I
[2025-01] 06-030-25-000,2025-01,2025,[01] January,"Lambunao, Iloilo",[5] For Training,,,,,[C] For Training/Others,B,06-030-25-000,Lambunao,Iloilo,Region VI (Western Visayas),Municipality,1st,R6,I
[2025-01] 06-006-09-000,2025-01,2025,[01] January,"Laua-An, Antique",[1] Operational,,,,,[A] Operational,A,06-006-09-000,Laua-An,Antique,Region VI (Western Visayas),Municipality,4th,R6,I
[2025-01] 06-006-10-000,2025-01,2025,[01] January,"Libertad, Antique",[1] Operational,,,,,[A] Operational,A,06-006-10-000,Libertad,Antique,Region VI (Western Visayas),Municipality,5th,R6,I
[2025-01] 06-045-18-000,2025-01,2025,[01] January,"Manapla, Negros Occidental",[1] Operational,,,,,[A] Operational,B,06-045-18-000,Manapla,Negros Occidental,Region VI (Western Visayas),Municipality,2nd,R6,I
[2025-01] 06-030-30-000,2025-01,2025,[01] January,"Miagao, Iloilo",[5] For Training,,,,,[C] For Training/Others,B,06-030-30-000,Miagao,Iloilo,Region VI (Western Visayas),Municipality,1st,R6,I
[2025-01] 06-030-31-000,2025-01,2025,[01] January,"Mina, Iloilo",[1] Operational,,,,,[A] Operational,A,06-030-31-000,Mina,Iloilo,Region VI (Western Visayas),Municipality,5th,R6,I
[2025-01] 06-045-19-000,2025-01,2025,[01] January,"Moises Padilla, Negros Occidental",[1] Operational,,,,,[A] Operational,B,06-045-19-000,Moises Padilla,Negros Occidental,Region VI (Western Visayas),Municipality,3rd,R6,I
[2025-01] 06-030-32-000,2025-01,2025,[01] January,"New Lucena, Iloilo",[1] Operational,,,,,[A] Operational,B,06-030-32-000,New Lucena,Iloilo,Region VI (Western Visayas),Municipality,4th,R6,I
[2025-01] 06-004-15-000,2025-01,2025,[01] January,"New Washington, Aklan",[1] Operational,,,,,[A] Operational,A,06-004-15-000,New Washington,Aklan,Region VI (Western Visayas),Municipality,3rd,R6,I
[2025-01] 06-030-34-000,2025-01,2025,[01] January,"Oton, Iloilo",[8] Withdraw,,,,,[D] Withdraw,B,06-030-34-000,Oton,Iloilo,Region VI (Western Visayas),Municipality,1st,R6,I
[2025-01] 06-006-11-000,2025-01,2025,[01] January,"Pandan, Antique",[1] Operational,,,,,[A] Operational,A,06-006-11-000,Pandan,Antique,Region VI (Western Visayas),Municipality,4th,R6,I
[2025-01] 06-006-12-000,2025-01,2025,[01] January,"Patnongon, Antique",[1] Operational,,,,,[A] Operational,A,06-006-12-000,Patnongon,Antique,Region VI (Western Visayas),Municipality,3rd,R6,I
[2025-01] 06-030-40-000,2025-01,2025,[01] January,"San Joaquin, Iloilo",[5] For Training,,,,,[C] For Training/Others,B,06-030-40-000,San Joaquin,Iloilo,Region VI (Western Visayas),Municipality,2nd,R6,I
[2025-01] 06-006-14-000,2025-01,2025,[01] January,"San Remigio, Antique",[1] Operational,,,,,[A] Operational,A,06-006-14-000,San Remigio,Antique,Region VI (Western Visayas),Municipality,3rd,R6,I
[2025-01] 06-030-43-000,2025-01,2025,[01] January,"Santa Barbara, Iloilo",[1] Operational,,,,,[A] Operational,B,06-030-43-000,Santa Barbara,Iloilo,Region VI (Western Visayas),Municipality,2nd,R6,I
[2025-01] 06-019-15-000,2025-01,2025,[01] January,"Sapi-An, Capiz",[1] Operational,,,,,[A] Operational,A,06-019-15-000,Sapi-An,Capiz,Region VI (Western Visayas),Municipality,4th,R6,I
[2025-01] 06-030-44-000,2025-01,2025,[01] January,"Sara, Iloilo",[1] Operational,,,,,[A] Operational,B,06-030-44-000,Sara,Iloilo,Region VI (Western Visayas),Municipality,2nd,R6,I
[2025-01] 06-006-15-000,2025-01,2025,[01] January,"Sebaste, Antique",[5] For Training,,,,,[C] For Training/Others,B,06-006-15-000,Sebaste,Antique,Region VI (Western Visayas),Municipality,4th,R6,I
[2025-01] 06-004-17-000,2025-01,2025,[01] January,"Tangalan, Aklan",[1] Operational,,,,,[A] Operational,A,06-004-17-000,Tangalan,Aklan,Region VI (Western Visayas),Municipality,5th,R6,I
[2025-01] 06-019-17-000,2025-01,2025,[01] January,"Tapaz, Capiz",[1] Operational,,,,,[A] Operational,A,06-019-17-000,Tapaz,Capiz,Region VI (Western Visayas),Municipality,1st,R6,I
[2025-01] 06-006-07-000,2025-01,2025,[01] January,"Tobias Fornier, Antique",[8] Withdraw,,,,,[D] Withdraw,B,06-006-07-000,Tobias Fornier,Antique,Region VI (Western Visayas),Municipality,4th,R6,I
[2025-01] 06-030-47-000,2025-01,2025,[01] January,"Zarraga, Iloilo",[5] For Training,,,,,[C] For Training/Others,B,06-030-47-000,Zarraga,Iloilo,Region VI (Western Visayas),Municipality,4th,R6,I
[2025-02] 02-031-03-000,2025-02,2025,[02] February,"Aurora, Isabela",[1] Operational,,,,,[A] Operational,B,02-031-03-000,Aurora,Isabela,Region II (Cagayan Valley),Municipality,3rd,R2,D
[2025-02] 02-031-14-000,2025-02,2025,[02] February,"City of Ilagan, Isabela",[1] Operational,,,,,[A] Operational,A,02-031-14-000,City of Ilagan,Isabela,Region II (Cagayan Valley),City,1st (as Mun),R2,D
[2025-02] 03-049-01-000,2025-02,2025,[02] February,"Aliaga, Nueva Ecija",[8] Withdraw,,,,,[D] Withdraw,B,03-049-01-000,Aliaga,Nueva Ecija,Region III (Central Luzon),Municipality,2nd,R3,E
[2025-02] 03-054-03-000,2025-02,2025,[02] February,"Arayat, Pampanga",[1] Operational,,,,,[A] Operational,A,03-054-03-000,Arayat,Pampanga,Region III (Central Luzon),Municipality,1st,R3,E
[2025-02] 03-077-01-000,2025-02,2025,[02] February,"Baler, Aurora",[1] Operational,,,,,[A] Operational,A,03-077-01-000,Baler,Aurora,Region III (Central Luzon),Municipality,3rd,R3,E
[2025-02] 03-049-04-000,2025-02,2025,[02] February,"Cabiao, Nueva Ecija",[3] Ongoing Data Build-up,88%,Requesting for refresher training,,,[B] Developmental,B,03-049-04-000,Cabiao,Nueva Ecija,Region III (Central Luzon),Municipality,1st,R3,E
[2025-02] 03-077-02-000,2025-02,2025,[02] February,"Casiguran, Aurora",[1] Operational,,,,,[A] Operational,A,03-077-02-000,Casiguran,Aurora,Region III (Central Luzon),Municipality,2nd,R3,E
[2025-02] 03-014-12-000,2025-02,2025,[02] February,"City of Meycauayan, Bulacan",[8] Withdraw,,"Withdrawal Letter - Meycauayan City, Bulacan",Last Status Ongoing Data Build-up 25%,,[D] Withdraw,B,03-014-12-000,City of Meycauayan,Bulacan,Region III (Central Luzon),City,3rd,R3,E
[2025-02] 03-314-00-000,2025-02,2025,[02] February,"City of Olongapo, Zambales",[3] Ongoing Data Build-up,60%,lack of Staff,For Visitation,,[B] Developmental,B,03-314-00-000,City of Olongapo,Zambales,Region III (Central Luzon),City,1st,R3,E
[2025-02] 03-049-19-000,2025-02,2025,[02] February,"City of Palayan, Nueva Ecija",[2] Pilot Testing,50%,lack of Staff,for visitation,,[B] Developmental,B,03-049-19-000,City of Palayan,Nueva Ecija,Region III (Central Luzon),City,5th,R3,E
[2025-02] 03-077-05-000,2025-02,2025,[02] February,"Dingalan, Aurora",[2] Pilot Testing,99%,,,,[B] Developmental,B,03-077-05-000,Dingalan,Aurora,Region III (Central Luzon),Municipality,3rd,R3,E
[2025-02] 03-077-06-000,2025-02,2025,[02] February,"Dipaculao, Aurora",[1] Operational,,,,,[A] Operational,B,03-077-06-000,Dipaculao,Aurora,Region III (Central Luzon),Municipality,3rd,R3,E
[2025-02] 03-049-07-000,2025-02,2025,[02] February,"Gabaldon, Nueva Ecija",[2] Pilot Testing,70%,Requesting for refresher training,for visitation,,[B] Developmental,B,03-049-07-000,Gabaldon,Nueva Ecija,Region III (Central Luzon),Municipality,4th,R3,E
[2025-02] 03-069-06-000,2025-02,2025,[02] February,"Gerona, Tarlac",[1] Operational,,,,,[A] Operational,B,03-069-06-000,Gerona,Tarlac,Region III (Central Luzon),Municipality,1st,R3,E
[2025-02] 03-071-05-000,2025-02,2025,[02] February,"Iba, Zambales",[2] Pilot Testing,85%,for launching phase,for visitation,,[B] Developmental,B,03-071-05-000,Iba,Zambales,Region III (Central Luzon),Municipality,2nd,R3,E
[2025-02] 03-008-06-000,2025-02,2025,[02] February,"Limay, Bataan",[6] With Concerns,,Internet connectivity issue and new staff,"Sent Notice Letter, awaiting for their reply
Intends to withdraw",,[C] For Training/Others,B,03-008-06-000,Limay,Bataan,Region III (Central Luzon),Municipality,1st,R3,E
[2025-02] 03-054-10-000,2025-02,2025,[02] February,"Macabebe, Pampanga",[6] With Concerns,,New LGU Staff and Internet connectivity issue,"intended to withdraw
waiting for the withdrawal letter",,[C] For Training/Others,B,03-054-10-000,Macabebe,Pampanga,Region III (Central Luzon),Municipality,1st,R3,E
[2025-02] 03-077-07-000,2025-02,2025,[02] February,"Maria Aurora, Aurora",[1] Operational,,,,,[A] Operational,A,03-077-07-000,Maria Aurora,Aurora,Region III (Central Luzon),Municipality,2nd,R3,E
[2025-02] 03-014-13-000,2025-02,2025,[02] February,"Norzagaray, Bulacan",[1] Operational,,,,,[A] Operational,A,03-014-13-000,Norzagaray,Bulacan,Region III (Central Luzon),Municipality,1st,R3,E
[2025-02] 03-071-09-000,2025-02,2025,[02] February,"San Antonio, Zambales",[2] Pilot Testing,97%,,renovation of municipal hall,,[B] Developmental,B,03-071-09-000,San Antonio,Zambales,Region III (Central Luzon),Municipality,2nd,R3,E
[2025-02] 03-054-17-000,2025-02,2025,[02] February,"San Luis, Pampanga",[6] With Concerns,,"Still on process of familiarizing the whole system
for pilot testing 30%
Unresponsive LGU",for visitation,,[C] For Training/Others,B,03-054-17-000,San Luis,Pampanga,Region III (Central Luzon),Municipality,3rd,R3,E
[2025-02] 03-071-12-000,2025-02,2025,[02] February,"San Narciso, Zambales",[1] Operational,,,,,[A] Operational,A,03-071-12-000,San Narciso,Zambales,Region III (Central Luzon),Municipality,4th,R3,E
[2025-02] 03-069-15-000,2025-02,2025,[02] February,"Santa Ignacia, Tarlac",[1] Operational,,,,,[A] Operational,A,03-069-15-000,Santa Ignacia,Tarlac,Region III (Central Luzon),Municipality,2nd,R3,E
[2025-02] 03-049-32-000,2025-02,2025,[02] February,"Zaragoza, Nueva Ecija",[2] Pilot Testing,99%,,for launching phase,,[B] Developmental,B,03-049-32-000,Zaragoza,Nueva Ecija,Region III (Central Luzon),Municipality,3rd,R3,E
[2025-02] 04-056-02-000,2025-02,2025,[02] February,"Alabat, Quezon",[1] Operational,,,,,[A] Operational,B,04-056-02-000,Alabat,Quezon,Region IV-A (CALABARZON),Municipality,5th,R4A,F
[2025-02] 04-021-01-000,2025-02,2025,[02] February,"Alfonso, Cavite",[3] Ongoing Data Build-up,100%,For Launching,,Waiting for LGU Schedule,[B] Developmental,B,04-021-01-000,Alfonso,Cavite,Region IV-A (CALABARZON),Municipality,1st,R4A,F
[2025-02] 04-021-02-000,2025-02,2025,[02] February,"Amadeo, Cavite",[2] Pilot Testing,92%,,,Waiting for decision of LGU if they will use the system,[B] Developmental,B,04-021-02-000,Amadeo,Cavite,Region IV-A (CALABARZON),Municipality,4th,R4A,F
[2025-02] 04-010-03-000,2025-02,2025,[02] February,"Balayan, Batangas",[1] Operational,,,,,[A] Operational,A,04-010-03-000,Balayan,Batangas,Region IV-A (CALABARZON),Municipality,1st,R4A,F
[2025-02] 04-056-08-000,2025-02,2025,[02] February,"Candelaria, Quezon",[1] Operational,,,,,[A] Operational,A,04-056-08-000,Candelaria,Quezon,Region IV-A (CALABARZON),Municipality,1st,R4A,F
[2025-02] 04-034-07-000,2025-02,2025,[02] February,"Cavinti, Laguna",[2] Pilot Testing,100%,For Launching,,Waiting for LGU Schedule,[B] Developmental,B,04-034-07-000,Cavinti,Laguna,Region IV-A (CALABARZON),Municipality,3rd,R4A,F
[2025-02] 04-056-16-000,2025-02,2025,[02] February,"General Luna, Quezon",[1] Operational,,,,,[A] Operational,B,04-056-16-000,General Luna,Quezon,Region IV-A (CALABARZON),Municipality,4th,R4A,F
[2025-02] 04-056-17-000,2025-02,2025,[02] February,"General Nakar, Quezon",[1] Operational,,,,,[A] Operational,B,04-056-17-000,General Nakar,Quezon,Region IV-A (CALABARZON),Municipality,1st,R4A,F
[2025-02] 04-056-19-000,2025-02,2025,[02] February,"Gumaca, Quezon",[7] To Follow-up,,LGU unresponsive,For visitation,,[C] For Training/Others,B,04-056-19-000,Gumaca,Quezon,Region IV-A (CALABARZON),Municipality,1st,R4A,F
[2025-02] 04-056-20-000,2025-02,2025,[02] February,"Infanta, Quezon",[1] Operational,,,,,[A] Operational,A,04-056-20-000,Infanta,Quezon,Region IV-A (CALABARZON),Municipality,1st,R4A,F
[2025-02] 04-010-12-000,2025-02,2025,[02] February,"Lemery, Batangas",[8] Withdraw,,,,,[D] Withdraw,B,04-010-12-000,Lemery,Batangas,Region IV-A (CALABARZON),Municipality,1st,R4A,F
[2025-02] 04-010-13-000,2025-02,2025,[02] February,"Lian, Batangas",[1] Operational,,,,,[A] Operational,A,04-010-13-000,Lian,Batangas,Region IV-A (CALABARZON),Municipality,3rd,R4A,F
[2025-02] 04-010-16-000,2025-02,2025,[02] February,"Mabini, Batangas",[1] Operational,,,,,[A] Operational,A,04-010-16-000,Mabini,Batangas,Region IV-A (CALABARZON),Municipality,1st,R4A,F
[2025-02] 04-021-12-000,2025-02,2025,[02] February,"Magallanes, Cavite",[1] Operational,,,,,[A] Operational,B,04-021-12-000,Magallanes,Cavite,Region IV-A (CALABARZON),Municipality,4th,R4A,F
[2025-02] 04-056-27-000,2025-02,2025,[02] February,"Mauban, Quezon",[1] Operational,,,,,[A] Operational,A,04-056-27-000,Mauban,Quezon,Region IV-A (CALABARZON),Municipality,1st,R4A,F
[2025-02] 04-021-15-000,2025-02,2025,[02] February,"Naic, Cavite",[1] Operational,,,,,[A] Operational,A,04-021-15-000,Naic,Cavite,Region IV-A (CALABARZON),Municipality,1st,R4A,F
[2025-02] 04-034-18-000,2025-02,2025,[02] February,"Paete, Laguna",[1] Operational,,,,,[A] Operational,B,04-034-18-000,Paete,Laguna,Region IV-A (CALABARZON),Municipality,4th,R4A,F
[2025-02] 04-056-34-000,2025-02,2025,[02] February,"Pitogo, Quezon",[2] Pilot Testing,69%,,,,[B] Developmental,B,04-056-34-000,Pitogo,Quezon,Region IV-A (CALABARZON),Municipality,4th,R4A,F
[2025-02] 04-056-39-000,2025-02,2025,[02] February,"Sampaloc, Quezon",[1] Operational,,,,,[A] Operational,B,04-056-39-000,Sampaloc,Quezon,Region IV-A (CALABARZON),Municipality,5th,R4A,F
[2025-02] 04-010-24-000,2025-02,2025,[02] February,"San Luis, Batangas",[1] Operational,,,,,[A] Operational,B,04-010-24-000,San Luis,Batangas,Region IV-A (CALABARZON),Municipality,4th,R4A,F
[2025-02] 04-010-25-000,2025-02,2025,[02] February,"San Nicolas, Batangas",[1] Operational,,,,"Launched on August 30, 2024",[A] Operational,B,04-010-25-000,San Nicolas,Batangas,Region IV-A (CALABARZON),Municipality,5th,R4A,F
[2025-02] 04-010-27-000,2025-02,2025,[02] February,"Santa Teresita, Batangas",[1] Operational,,,,,[A] Operational,A,04-010-27-000,Santa Teresita,Batangas,Region IV-A (CALABARZON),Municipality,5th,R4A,F
[2025-02] 04-010-29-000,2025-02,2025,[02] February,"Taal, Batangas",[1] Operational,,,,,[A] Operational,A,04-010-29-000,Taal,Batangas,Region IV-A (CALABARZON),Municipality,3rd,R4A,F
[2025-02] 17-052-01-000,2025-02,2025,[02] February,"Baco, Oriental Mindoro",[1] Operational,,,,,[A] Operational,B,17-052-01-000,Baco,Oriental Mindoro,MIMAROPA Region,Municipality,3rd,R4B,G
[2025-02] 17-059-02-000,2025-02,2025,[02] February,"Banton, Romblon",[1] Operational,,,,,[A] Operational,B,17-059-02-000,Banton,Romblon,MIMAROPA Region,Municipality,5th,R4B,G
[2025-02] 17-053-07-000,2025-02,2025,[02] February,"Busuanga, Palawan",[1] Operational,,,,,[A] Operational,A,17-053-07-000,Busuanga,Palawan,MIMAROPA Region,Municipality,3rd,R4B,G
[2025-02] 17-053-09-000,2025-02,2025,[02] February,"Coron, Palawan",[1] Operational,,,,,[A] Operational,B,17-053-09-000,Coron,Palawan,MIMAROPA Region,Municipality,1st,R4B,G
[2025-02] 17-053-12-000,2025-02,2025,[02] February,"El Nido, Palawan",[1] Operational,,,,,[A] Operational,A,17-053-12-000,El Nido,Palawan,MIMAROPA Region,Municipality,1st,R4B,G
[2025-02] 17-059-16-000,2025-02,2025,[02] February,"Ferrol, Romblon",[1] Operational,,,,,[A] Operational,A,17-059-16-000,Ferrol,Romblon,MIMAROPA Region,Municipality,6th,R4B,G
[2025-02] 17-052-06-000,2025-02,2025,[02] February,"Gloria, Oriental Mindoro",[1] Operational,,,,,[A] Operational,B,17-052-06-000,Gloria,Oriental Mindoro,MIMAROPA Region,Municipality,3rd,R4B,G
[2025-02] 17-059-07-000,2025-02,2025,[02] February,"Looc, Romblon",[1] Operational,,,,,[A] Operational,A,17-059-07-000,Looc,Romblon,MIMAROPA Region,Municipality,4th,R4B,G
[2025-02] 17-052-09-000,2025-02,2025,[02] February,"Pinamalayan, Oriental Mindoro",[1] Operational,,,,,[A] Operational,B,17-052-09-000,Pinamalayan,Oriental Mindoro,MIMAROPA Region,Municipality,1st,R4B,G
[2025-02] 17-051-08-000,2025-02,2025,[02] February,"Rizal, Occidental Mindoro",[1] Operational,,,,,[A] Operational,B,17-051-08-000,Rizal,Occidental Mindoro,MIMAROPA Region,Municipality,3rd,R4B,G
[2025-02] 17-051-09-000,2025-02,2025,[02] February,"Sablayan, Occidental Mindoro",[1] Operational,,,,,[A] Operational,A,17-051-09-000,Sablayan,Occidental Mindoro,MIMAROPA Region,Municipality,1st,R4B,G
[2025-02] 17-051-10-000,2025-02,2025,[02] February,"San Jose, Occidental Mindoro",[1] Operational,,,,,[A] Operational,A,17-051-10-000,San Jose,Occidental Mindoro,MIMAROPA Region,Municipality,1st,R4B,G
[2025-02] 17-052-13-000,2025-02,2025,[02] February,"San Teodoro, Oriental Mindoro",[1] Operational,,,,,[A] Operational,B,17-052-13-000,San Teodoro,Oriental Mindoro,MIMAROPA Region,Municipality,4th,R4B,G
[2025-02] 17-053-19-000,2025-02,2025,[02] February,"San Vicente, Palawan",[1] Operational,,,,,[A] Operational,A,17-053-19-000,San Vicente,Palawan,MIMAROPA Region,Municipality,1st,R4B,G
[2025-02] 05-062-02-000,2025-02,2025,[02] February,"Barcelona, Sorsogon",[3] Ongoing Data Build-up,85%,Applicants not familiar with the system and unstable internet connection,,,[B] Developmental,B,05-062-02-000,Barcelona,Sorsogon,Region V (Bicol Region),Municipality,5th,R5,H
[2025-02] 05-016-02-000,2025-02,2025,[02] February,"Capalonga, Camarines Norte",[3] Ongoing Data Build-up,10%,,,,[B] Developmental,B,05-016-02-000,Capalonga,Camarines Norte,Region V (Bicol Region),Municipality,3rd,R5,H
[2025-02] 05-016-05-000,2025-02,2025,[02] February,"Jose Panganiban, Camarines Norte",[3] Ongoing Data Build-up,10%,,,,[B] Developmental,B,05-016-05-000,Jose Panganiban,Camarines Norte,Region V (Bicol Region),Municipality,2nd,R5,H
[2025-02] 05-016-06-000,2025-02,2025,[02] February,"Labo, Camarines Norte",[6] With Concerns,,"concern regarding manual entry of building permit number, due to conflict with complex applications numbering",,,[C] For Training/Others,B,05-016-06-000,Labo,Camarines Norte,Region V (Bicol Region),Municipality,1st,R5,H
[2025-02] 05-016-07-000,2025-02,2025,[02] February,"Mercedes, Camarines Norte",[3] Ongoing Data Build-up,80%,,,,[B] Developmental,B,05-016-07-000,Mercedes,Camarines Norte,Region V (Bicol Region),Municipality,2nd,R5,H
[2025-02] 05-016-11-000,2025-02,2025,[02] February,"Talisay, Camarines Norte",[1] Operational,,,,,[A] Operational,A,05-016-11-000,Talisay,Camarines Norte,Region V (Bicol Region),Municipality,4th,R5,H
[2025-02] 05-005-18-000,2025-02,2025,[02] February,"Tiwi, Albay",[8] Withdraw,,,,,[D] Withdraw,B,05-005-18-000,Tiwi,Albay,Region V (Bicol Region),Municipality,1st,R5,H
[2025-02] 05-016-12-000,2025-02,2025,[02] February,"Vinzons, Camarines Norte",[3] Ongoing Data Build-up,98%,,,,[B] Developmental,B,05-016-12-000,Vinzons,Camarines Norte,Region V (Bicol Region),Municipality,3rd,R5,H
[2025-02] 05-020-11-000,2025-02,2025,[02] February,"Virac, Catanduanes",[6] With Concerns,,May mga need pa po ayusin specially sa mga signatories,,,[C] For Training/Others,B,05-020-11-000,Virac,Catanduanes,Region V (Bicol Region),Municipality,1st,R5,H
[2025-02] 06-030-02-000,2025-02,2025,[02] February,"Alimodian, Iloilo",[1] Operational,,,,,[A] Operational,B,06-030-02-000,Alimodian,Iloilo,Region VI (Western Visayas),Municipality,3rd,R6,I
[2025-02] 06-030-03-000,2025-02,2025,[02] February,"Anilao, Iloilo",[1] Operational,,,,,[A] Operational,B,06-030-03-000,Anilao,Iloilo,Region VI (Western Visayas),Municipality,4th,R6,I
[2025-02] 06-030-05-000,2025-02,2025,[02] February,"Balasan, Iloilo",[1] Operational,,,,,[A] Operational,B,06-030-05-000,Balasan,Iloilo,Region VI (Western Visayas),Municipality,4th,R6,I
[2025-02] 06-006-02-000,2025-02,2025,[02] February,"Barbaza, Antique",[1] Operational,,,,,[A] Operational,B,06-006-02-000,Barbaza,Antique,Region VI (Western Visayas),Municipality,4th,R6,I
[2025-02] 06-030-07-000,2025-02,2025,[02] February,"Barotac Nuevo, Iloilo",[1] Operational,,,,,[A] Operational,B,06-030-07-000,Barotac Nuevo,Iloilo,Region VI (Western Visayas),Municipality,2nd,R6,I
[2025-02] 06-030-08-000,2025-02,2025,[02] February,"Barotac Viejo, Iloilo",[5] For Training,,,,,[C] For Training/Others,B,06-030-08-000,Barotac Viejo,Iloilo,Region VI (Western Visayas),Municipality,3rd,R6,I
[2025-02] 06-030-10-000,2025-02,2025,[02] February,"Bingawan, Iloilo",[1] Operational,,,,,[A] Operational,B,06-030-10-000,Bingawan,Iloilo,Region VI (Western Visayas),Municipality,5th,R6,I
[2025-02] 06-079-01-000,2025-02,2025,[02] February,"Buenavista, Guimaras",[1] Operational,,,,,[A] Operational,B,06-079-01-000,Buenavista,Guimaras,Region VI (Western Visayas),Municipality,2nd,R6,I
[2025-02] 06-006-04-000,2025-02,2025,[02] February,"Bugasong, Antique",[1] Operational,,,,,[A] Operational,A,06-006-04-000,Bugasong,Antique,Region VI (Western Visayas),Municipality,3rd,R6,I
[2025-02] 06-030-12-000,2025-02,2025,[02] February,"Cabatuan, Iloilo",[1] Operational,,,,,[A] Operational,B,06-030-12-000,Cabatuan,Iloilo,Region VI (Western Visayas),Municipality,2nd,R6,I
[2025-02] 06-030-13-000,2025-02,2025,[02] February,"Calinog, Iloilo",[1] Operational,,,,,[A] Operational,A,06-030-13-000,Calinog,Iloilo,Region VI (Western Visayas),Municipality,1st,R6,I
[2025-02] 06-302-00-000,2025-02,2025,[02] February,"City of Bacolod, Negros Occidental",[1] Operational,,,,,[A] Operational,A,06-302-00-000,City of Bacolod,Negros Occidental,Region VI (Western Visayas),City,1st,R6,I
[2025-02] 06-045-10-000,2025-02,2025,[02] February,"City of Himamaylan, Negros Occidental",[1] Operational,,,,,[A] Operational,A,06-045-10-000,City of Himamaylan,Negros Occidental,Region VI (Western Visayas),City,3rd,R6,I
[2025-02] 06-045-15-000,2025-02,2025,[02] February,"City of Kabankalan, Negros Occidental",[1] Operational,,,,,[A] Operational,B,06-045-15-000,City of Kabankalan,Negros Occidental,Region VI (Western Visayas),City,1st,R6,I
[2025-02] 06-045-27-000,2025-02,2025,[02] February,"City of Sipalay, Negros Occidental",[1] Operational,,,,,[A] Operational,A,06-045-27-000,City of Sipalay,Negros Occidental,Region VI (Western Visayas),City,4th,R6,I
[2025-02] 06-030-15-000,2025-02,2025,[02] February,"Concepcion, Iloilo",[1] Operational,,,,,[A] Operational,B,06-030-15-000,Concepcion,Iloilo,Region VI (Western Visayas),Municipality,3rd,R6,I
[2025-02] 06-030-16-000,2025-02,2025,[02] February,"Dingle, Iloilo",[1] Operational,,,,,[A] Operational,A,06-030-16-000,Dingle,Iloilo,Region VI (Western Visayas),Municipality,3rd,R6,I
[2025-02] 06-045-11-000,2025-02,2025,[02] February,"Hinigaran, Negros Occidental",[1] Operational,,,,,[A] Operational,B,06-045-11-000,Hinigaran,Negros Occidental,Region VI (Western Visayas),Municipality,1st,R6,I
[2025-02] 06-030-23-000,2025-02,2025,[02] February,"Janiuay, Iloilo",[1] Operational,,,,,[A] Operational,B,06-030-23-000,Janiuay,Iloilo,Region VI (Western Visayas),Municipality,1st,R6,I
[2025-02] 06-030-25-000,2025-02,2025,[02] February,"Lambunao, Iloilo",[5] For Training,,,,,[C] For Training/Others,B,06-030-25-000,Lambunao,Iloilo,Region VI (Western Visayas),Municipality,1st,R6,I
[2025-02] 06-006-09-000,2025-02,2025,[02] February,"Laua-An, Antique",[1] Operational,,,,,[A] Operational,A,06-006-09-000,Laua-An,Antique,Region VI (Western Visayas),Municipality,4th,R6,I
[2025-02] 06-006-10-000,2025-02,2025,[02] February,"Libertad, Antique",[1] Operational,,,,,[A] Operational,A,06-006-10-000,Libertad,Antique,Region VI (Western Visayas),Municipality,5th,R6,I
[2025-02] 06-045-18-000,2025-02,2025,[02] February,"Manapla, Negros Occidental",[1] Operational,,,,,[A] Operational,B,06-045-18-000,Manapla,Negros Occidental,Region VI (Western Visayas),Municipality,2nd,R6,I
[2025-02] 06-030-30-000,2025-02,2025,[02] February,"Miagao, Iloilo",[5] For Training,,,,,[C] For Training/Others,B,06-030-30-000,Miagao,Iloilo,Region VI (Western Visayas),Municipality,1st,R6,I
[2025-02] 06-030-31-000,2025-02,2025,[02] February,"Mina, Iloilo",[1] Operational,,,,,[A] Operational,A,06-030-31-000,Mina,Iloilo,Region VI (Western Visayas),Municipality,5th,R6,I
[2025-02] 06-045-19-000,2025-02,2025,[02] February,"Moises Padilla, Negros Occidental",[1] Operational,,,,,[A] Operational,B,06-045-19-000,Moises Padilla,Negros Occidental,Region VI (Western Visayas),Municipality,3rd,R6,I
[2025-02] 06-030-32-000,2025-02,2025,[02] February,"New Lucena, Iloilo",[1] Operational,,,,,[A] Operational,B,06-030-32-000,New Lucena,Iloilo,Region VI (Western Visayas),Municipality,4th,R6,I
[2025-02] 06-004-15-000,2025-02,2025,[02] February,"New Washington, Aklan",[1] Operational,,,,,[A] Operational,A,06-004-15-000,New Washington,Aklan,Region VI (Western Visayas),Municipality,3rd,R6,I
[2025-02] 06-030-34-000,2025-02,2025,[02] February,"Oton, Iloilo",[8] Withdraw,,,,,[D] Withdraw,B,06-030-34-000,Oton,Iloilo,Region VI (Western Visayas),Municipality,1st,R6,I
[2025-02] 06-006-11-000,2025-02,2025,[02] February,"Pandan, Antique",[1] Operational,,,,,[A] Operational,A,06-006-11-000,Pandan,Antique,Region VI (Western Visayas),Municipality,4th,R6,I
[2025-02] 06-006-12-000,2025-02,2025,[02] February,"Patnongon, Antique",[1] Operational,,,,,[A] Operational,A,06-006-12-000,Patnongon,Antique,Region VI (Western Visayas),Municipality,3rd,R6,I
[2025-02] 06-030-40-000,2025-02,2025,[02] February,"San Joaquin, Iloilo",[5] For Training,,,,,[C] For Training/Others,B,06-030-40-000,San Joaquin,Iloilo,Region VI (Western Visayas),Municipality,2nd,R6,I
[2025-02] 06-006-14-000,2025-02,2025,[02] February,"San Remigio, Antique",[1] Operational,,,,,[A] Operational,A,06-006-14-000,San Remigio,Antique,Region VI (Western Visayas),Municipality,3rd,R6,I
[2025-02] 06-030-43-000,2025-02,2025,[02] February,"Santa Barbara, Iloilo",[1] Operational,,,,,[A] Operational,B,06-030-43-000,Santa Barbara,Iloilo,Region VI (Western Visayas),Municipality,2nd,R6,I
[2025-02] 06-019-15-000,2025-02,2025,[02] February,"Sapi-An, Capiz",[1] Operational,,,,,[A] Operational,A,06-019-15-000,Sapi-An,Capiz,Region VI (Western Visayas),Municipality,4th,R6,I
[2025-02] 06-030-44-000,2025-02,2025,[02] February,"Sara, Iloilo",[1] Operational,,,,,[A] Operational,B,06-030-44-000,Sara,Iloilo,Region VI (Western Visayas),Municipality,2nd,R6,I
[2025-02] 06-006-15-000,2025-02,2025,[02] February,"Sebaste, Antique",[5] For Training,,,,,[C] For Training/Others,B,06-006-15-000,Sebaste,Antique,Region VI (Western Visayas),Municipality,4th,R6,I
[2025-02] 06-004-17-000,2025-02,2025,[02] February,"Tangalan, Aklan",[1] Operational,,,,,[A] Operational,A,06-004-17-000,Tangalan,Aklan,Region VI (Western Visayas),Municipality,5th,R6,I
[2025-02] 06-019-17-000,2025-02,2025,[02] February,"Tapaz, Capiz",[1] Operational,,,,,[A] Operational,A,06-019-17-000,Tapaz,Capiz,Region VI (Western Visayas),Municipality,1st,R6,I
[2025-02] 06-006-07-000,2025-02,2025,[02] February,"Tobias Fornier, Antique",[8] Withdraw,,,,,[D] Withdraw,B,06-006-07-000,Tobias Fornier,Antique,Region VI (Western Visayas),Municipality,4th,R6,I
[2025-02] 06-030-47-000,2025-02,2025,[02] February,"Zarraga, Iloilo",[5] For Training,,,,,[C] For Training/Others,B,06-030-47-000,Zarraga,Iloilo,Region VI (Western Visayas),Municipality,4th,R6,I
[2025-02] 14-032-13-000,2025-02,2025,[02] February,"City of Tabuk, Kalinga",[1] Operational,,,,,[A] Operational,B,14-032-13-000,City of Tabuk,Kalinga,Cordillera Administrative Region (CAR),City,5th,CAR,B
[2025-02] 07-022-01-000,2025-02,2025,[02] February,"Alcantara, Cebu",[3] Ongoing Data Build-up,90%,,,,[B] Developmental,B,07-022-01-000,Alcantara,Cebu,Region VII (Central Visayas),Municipality,5th,R7,J
[2025-02] 07-046-01-000,2025-02,2025,[02] February,"Amlan, Negros Oriental",[3] Ongoing Data Build-up,25%,"For refresher Training;
to be scheduled next year",,,[B] Developmental,B,07-046-01-000,Amlan,Negros Oriental,Region VII (Central Visayas),Municipality,4th,R7,J
[2025-02] 07-022-05-000,2025-02,2025,[02] February,"Argao, Cebu",[1] Operational,,,,,[A] Operational,A,07-022-05-000,Argao,Cebu,Region VII (Central Visayas),Municipality,1st,R7,J
[2025-02] 07-022-08-000,2025-02,2025,[02] February,"Balamban, Cebu",[1] Operational,,,,,[A] Operational,A,07-022-08-000,Balamban,Cebu,Region VII (Central Visayas),Municipality,1st,R7,J
[2025-02] 07-046-05-000,2025-02,2025,[02] February,"Basay, Negros Oriental",[1] Operational,,,,,[A] Operational,B,07-046-05-000,Basay,Negros Oriental,Region VII (Central Visayas),Municipality,4th,R7,J
[2025-02] 07-012-09-000,2025-02,2025,[02] February,"Buenavista, Bohol",[1] Operational,,,,,[A] Operational,B,07-012-09-000,Buenavista,Bohol,Region VII (Central Visayas),Municipality,4th,R7,J
[2025-02] 07-012-11-000,2025-02,2025,[02] February,"Candijay, Bohol",[1] Operational,,,,,[A] Operational,B,07-012-11-000,Candijay,Bohol,Region VII (Central Visayas),Municipality,4th,R7,J
[2025-02] 07-046-08-000,2025-02,2025,[02] February,"City of Canlaon, Negros Oriental",[1] Operational,,,,,[A] Operational,B,07-046-08-000,City of Canlaon,Negros Oriental,Region VII (Central Visayas),City,4th,R7,J
[2025-02] 07-313-00-000,2025-02,2025,[02] February,"City of Mandaue, Cebu",[3] Ongoing Data Build-up,25%,,,,[B] Developmental,A,07-313-00-000,City of Mandaue,Cebu,Region VII (Central Visayas),City,1st,R7,J
[2025-02] 07-022-18-000,2025-02,2025,[02] February,"Compostela, Cebu",[3] Ongoing Data Build-up,75%,,,,[B] Developmental,B,07-022-18-000,Compostela,Cebu,Region VII (Central Visayas),Municipality,3rd,R7,J
[2025-02] 07-022-21-000,2025-02,2025,[02] February,"Daanbantayan, Cebu",[3] Ongoing Data Build-up,75%,,,,[B] Developmental,B,07-022-21-000,Daanbantayan,Cebu,Region VII (Central Visayas),Municipality,1st,R7,J
[2025-02] 07-012-18-000,2025-02,2025,[02] February,"Danao, Bohol",[1] Operational,,,,,[A] Operational,B,07-012-18-000,Danao,Bohol,Region VII (Central Visayas),Municipality,4th*,R7,J
[2025-02] 07-022-28-000,2025-02,2025,[02] February,"Madridejos, Cebu",[1] Operational,,,,,[A] Operational,B,07-022-28-000,Madridejos,Cebu,Region VII (Central Visayas),Municipality,4th,R7,J
[2025-02] 07-022-32-000,2025-02,2025,[02] February,"Minglanilla, Cebu",[7] To Follow-up,,"For Refresher Training;
to be scheduled next year",,,[C] For Training/Others,B,07-022-32-000,Minglanilla,Cebu,Region VII (Central Visayas),Municipality,1st,R7,J
[2025-02] 07-022-37-000,2025-02,2025,[02] February,"Pinamungajan, Cebu",[1] Operational,,,,,[A] Operational,A,07-022-37-000,Pinamungajan,Cebu,Region VII (Central Visayas),Municipality,2nd,R7,J
[2025-02] 07-022-40-000,2025-02,2025,[02] February,"Samboan, Cebu",[6] With Concerns,,Waiting for withdrawal letter,,,[C] For Training/Others,B,07-022-40-000,Samboan,Cebu,Region VII (Central Visayas),Municipality,5th,R7,J
[2025-02] 07-022-42-000,2025-02,2025,[02] February,"San Francisco, Cebu",[2] Pilot Testing,100%,"Done Refresher Training last Septmber 17-19, 2024 for the new personnel in-charge | Waiting for actual transaction",,,[B] Developmental,B,07-022-42-000,San Francisco,Cebu,Region VII (Central Visayas),Municipality,3rd,R7,J
[2025-02] 07-046-17-000,2025-02,2025,[02] February,"San Jose, Negros Oriental",[2] Pilot Testing,25%,"For Refresher Training;
to be scheduled next year",,,[B] Developmental,B,07-046-17-000,San Jose,Negros Oriental,Region VII (Central Visayas),Municipality,5th,R7,J
[2025-02] 07-012-44-000,2025-02,2025,[02] February,"Trinidad, Bohol",[1] Operational,,,,,[A] Operational,B,07-012-44-000,Trinidad,Bohol,Region VII (Central Visayas),Municipality,3rd,R7,J
[2025-02] 07-022-52-000,2025-02,2025,[02] February,"Tuburan, Cebu",[1] Operational,,,,,[A] Operational,A,07-022-52-000,Tuburan,Cebu,Region VII (Central Visayas),Municipality,2nd,R7,J
[2025-02] 07-022-53-000,2025-02,2025,[02] February,"Tudela, Cebu",[1] Operational,,,,,[A] Operational,A,07-022-53-000,Tudela,Cebu,Region VII (Central Visayas),Municipality,5th,R7,J
[2025-02] 08-037-01-000,2025-02,2025,[02] February,"Abuyog, Leyte",[2] Pilot Testing,80%,,For refresher training this March 2025,For refresher training this March 2025,[B] Developmental,B,08-037-01-000,Abuyog,Leyte,Region VIII (Eastern Visayas),Municipality,1st*,R8,K
[2025-02] 08-037-02-000,2025-02,2025,[02] February,"Alangalang, Leyte",[1] Operational,,,,,[A] Operational,A,08-037-02-000,Alangalang,Leyte,Region VIII (Eastern Visayas),Municipality,2nd,R8,K
[2025-02] 08-060-02-000,2025-02,2025,[02] February,"Basey, Samar",[1] Operational,,,,,[A] Operational,B,08-060-02-000,Basey,Samar,Region VIII (Eastern Visayas),Municipality,1st,R8,K
[2025-02] 08-037-15-000,2025-02,2025,[02] February,"Carigara, Leyte",[1] Operational,,,,,[A] Operational,B,08-037-15-000,Carigara,Leyte,Region VIII (Eastern Visayas),Municipality,2nd,R8,K
[2025-02] 08-026-04-000,2025-02,2025,[02] February,"City of Borongan, Eastern Samar",[1] Operational,,,,,[A] Operational,A,08-026-04-000,City of Borongan,Eastern Samar,Region VIII (Eastern Visayas),City,1st (as Mun),R8,K
[2025-02] 08-064-07-000,2025-02,2025,[02] February,"City of Maasin, Southern Leyte",[1] Operational,,,,,[A] Operational,A,08-064-07-000,City of Maasin,Southern Leyte,Region VIII (Eastern Visayas),City,4th,R8,K
[2025-02] 08-060-07-000,2025-02,2025,[02] February,"Gandara, Samar",[2] Pilot Testing,95%,Internet Connectivity Issues - Unstable Connection,Forwarded follow letter to LGU regarding their implementation but no response.,,[B] Developmental,B,08-060-07-000,Gandara,Samar,Region VIII (Eastern Visayas),Municipality,2nd,R8,K
[2025-02] 08-026-09-000,2025-02,2025,[02] February,"Guiuan, Eastern Samar",[1] Operational,,,,,[A] Operational,B,08-026-09-000,Guiuan,Eastern Samar,Region VIII (Eastern Visayas),Municipality,2nd,R8,K
[2025-02] 08-037-20-000,2025-02,2025,[02] February,"Hindang, Leyte",[1] Operational,,,,,[A] Operational,B,08-037-20-000,Hindang,Leyte,Region VIII (Eastern Visayas),Municipality,5th,R8,K
[2025-02] 08-037-24-000,2025-02,2025,[02] February,"Javier, Leyte",[1] Operational,,,,,[A] Operational,B,08-037-24-000,Javier,Leyte,Region VIII (Eastern Visayas),Municipality,4th*,R8,K
[2025-02] 08-060-09-000,2025-02,2025,[02] February,"Jiabong, Samar",[1] Operational,,,,,[A] Operational,B,08-060-09-000,Jiabong,Samar,Region VIII (Eastern Visayas),Municipality,5th,R8,K
[2025-02] 08-078-06-000,2025-02,2025,[02] February,"Kawayan, Biliran",[8] Withdraw,,,,,[D] Withdraw,B,08-078-06-000,Kawayan,Biliran,Region VIII (Eastern Visayas),Municipality,5th*,R8,K
[2025-02] 08-037-28-000,2025-02,2025,[02] February,"La Paz, Leyte",[1] Operational,,,,,[A] Operational,B,08-037-28-000,La Paz,Leyte,Region VIII (Eastern Visayas),Municipality,5th*,R8,K
[2025-02] 08-037-29-000,2025-02,2025,[02] February,"Leyte, Leyte",[1] Operational,,,,,[A] Operational,A,08-037-29-000,Leyte,Leyte,Region VIII (Eastern Visayas),Municipality,4th*,R8,K
[2025-02] 08-064-08-000,2025-02,2025,[02] February,"Macrohon, Southern Leyte",[1] Operational,,,,,[A] Operational,A,08-064-08-000,Macrohon,Southern Leyte,Region VIII (Eastern Visayas),Municipality,4th,R8,K
[2025-02] 08-078-08-000,2025-02,2025,[02] February,"Naval, Biliran",[1] Operational,,,,,[A] Operational,A,08-078-08-000,Naval,Biliran,Region VIII (Eastern Visayas),Municipality,2nd,R8,K
[2025-02] 08-037-39-000,2025-02,2025,[02] February,"Palo, Leyte",[1] Operational,,,,,[A] Operational,A,08-037-39-000,Palo,Leyte,Region VIII (Eastern Visayas),Municipality,3rd,R8,K
[2025-02] 08-048-15-000,2025-02,2025,[02] February,"Pambujan, Northern Samar",[1] Operational,,,,,[A] Operational,A,08-048-15-000,Pambujan,Northern Samar,Region VIII (Eastern Visayas),Municipality,4th,R8,K
[2025-02] 08-037-41-000,2025-02,2025,[02] February,"Pastrana, Leyte",[1] Operational,,,,,[A] Operational,A,08-037-41-000,Pastrana,Leyte,Region VIII (Eastern Visayas),Municipality,5th*,R8,K
[2025-02] 08-064-14-000,2025-02,2025,[02] February,"San Juan, Southern Leyte",[1] Operational,,,,,[A] Operational,A,08-064-14-000,San Juan,Southern Leyte,Region VIII (Eastern Visayas),Municipality,5th,R8,K
[2025-02] 08-048-20-000,2025-02,2025,[02] February,"San Roque, Northern Samar",[1] Operational,,,,,[A] Operational,A,08-048-20-000,San Roque,Northern Samar,Region VIII (Eastern Visayas),Municipality,4th,R8,K
[2025-02] 08-064-17-000,2025-02,2025,[02] February,"Sogod, Southern Leyte",[1] Operational,,,,,[A] Operational,A,08-064-17-000,Sogod,Southern Leyte,Region VIII (Eastern Visayas),Municipality,2nd,R8,K
[2025-02] 08-064-18-000,2025-02,2025,[02] February,"Tomas Oppus, Southern Leyte",[1] Operational,,,,,[A] Operational,A,08-064-18-000,Tomas Oppus,Southern Leyte,Region VIII (Eastern Visayas),Municipality,5th,R8,K
[2025-02] 08-037-26-000,2025-02,2025,[02] February,"Kananga, Leyte",[1] Operational,,,,,[A] Operational,A,08-037-26-000,Kananga,Leyte,Region VIII (Eastern Visayas),Municipality,1st,R8,K
[2025-02] 11-025-03-000,2025-02,2025,[02] February,"Boston, Davao Oriental",[1] Operational,,,,,[A] Operational,A,11-025-03-000,Boston,Davao Oriental,Region XI (Davao Region),Municipality,3rd,R11,P
[2025-02] 11-025-05-000,2025-02,2025,[02] February,"Cateel, Davao Oriental",[1] Operational,,,,,[A] Operational,A,11-025-05-000,Cateel,Davao Oriental,Region XI (Davao Region),Municipality,2nd,R11,P
[2025-02] 11-024-03-000,2025-02,2025,[02] February,"City of Digos, Davao del Sur",[1] Operational,,,,,[A] Operational,B,11-024-03-000,City of Digos,Davao del Sur,Region XI (Davao Region),City,2nd,R11,P
[2025-02] 11-025-09-000,2025-02,2025,[02] February,"City of Mati, Davao Oriental",[1] Operational,,,,,[A] Operational,A,11-025-09-000,City of Mati,Davao Oriental,Region XI (Davao Region),City,5th,R11,P
[2025-02] 11-025-07-000,2025-02,2025,[02] February,"Lupon, Davao Oriental",[1] Operational,,,,,[A] Operational,B,11-025-07-000,Lupon,Davao Oriental,Region XI (Davao Region),Municipality,1st,R11,P
[2025-02] 11-024-08-000,2025-02,2025,[02] February,"Malalag, Davao del Sur",[1] Operational,,,,,[A] Operational,A,11-024-08-000,Malalag,Davao del Sur,Region XI (Davao Region),Municipality,2nd,R11,P
[2025-02] 11-025-08-000,2025-02,2025,[02] February,"Manay, Davao Oriental",[1] Operational,,,,,[A] Operational,A,11-025-08-000,Manay,Davao Oriental,Region XI (Davao Region),Municipality,2nd,R11,P
[2025-02] 11-082-05-000,2025-02,2025,[02] February,"Maragusan, Davao de Oro",[1] Operational,,,,,[A] Operational,B,11-082-05-000,Maragusan,Davao de Oro,Region XI (Davao Region),Municipality,1st,R11,P
[2025-02] 11-024-10-000,2025-02,2025,[02] February,"Matanao, Davao del Sur",[1] Operational,,,,,[A] Operational,A,11-024-10-000,Matanao,Davao del Sur,Region XI (Davao Region),Municipality,2nd,R11,P
[2025-02] 11-024-11-000,2025-02,2025,[02] February,"Padada, Davao del Sur",[1] Operational,,,,,[A] Operational,B,11-024-11-000,Padada,Davao del Sur,Region XI (Davao Region),Municipality,3rd,R11,P
[2025-02] 11-024-14-000,2025-02,2025,[02] February,"Sulop, Davao del Sur",[1] Operational,,,,,[A] Operational,A,11-024-14-000,Sulop,Davao del Sur,Region XI (Davao Region),Municipality,3rd,R11,P
[2025-02] 11-025-11-000,2025-02,2025,[02] February,"Tarragona, Davao Oriental",[1] Operational,,,,,[A] Operational,B,11-025-11-000,Tarragona,Davao Oriental,Region XI (Davao Region),Municipality,3rd,R11,P
[2025-02] 11-025-06-000,2025-02,2025,[02] February,"Governor Generoso, Davao Oriental",[2] Pilot Testing,25%,,,,[B] Developmental,A,11-025-06-000,Governor Generoso,Davao Oriental,Region XI (Davao Region),Municipality,2nd,R11,P
[2025-02] 11-024-12-000,2025-02,2025,[02] February,"Santa Cruz, Davao del Sur",[3] Ongoing Data Build-up,100%,,,,[B] Developmental,A,11-024-12-000,Santa Cruz,Davao del Sur,Region XI (Davao Region),Municipality,1st,R11,P
[2025-02] 16-003-12-000,2025-02,2025,[02] February,"Trento, Agusan del Sur",[2] Pilot Testing,100%,,,,[B] Developmental,B,16-003-12-000,Trento,Agusan del Sur,Region XIII (Caraga),Municipality,1st,R13,O
[2025-02] 16-002-07-000,2025-02,2025,[02] February,"Las Nieves, Agusan del Norte",[1] Operational,,,,,[A] Operational,A,16-002-07-000,Las Nieves,Agusan del Norte,Region XIII (Caraga),Municipality,2nd,R13,O
[2025-02] 16-068-02-000,2025-02,2025,[02] February,"Bayabas, Surigao del Sur",[1] Operational,,,,,[A] Operational,A,16-068-02-000,Bayabas,Surigao del Sur,Region XIII (Caraga),Municipality,5th,R13,O
[2025-02] 16-068-06-000,2025-02,2025,[02] February,"Carmen, Surigao del Sur",[1] Operational,,,,,[A] Operational,A,16-068-06-000,Carmen,Surigao del Sur,Region XIII (Caraga),Municipality,5th,R13,O
[2025-02] 16-068-12-000,2025-02,2025,[02] February,"Lingig, Surigao del Sur",[7] To Follow-up,,Last Status: For Data Buildup,A notice of unutilization was served. Still waiting for response letter,,[C] For Training/Others,B,16-068-12-000,Lingig,Surigao del Sur,Region XIII (Caraga),Municipality,2nd,R13,O
[2025-02] 16-068-15-000,2025-02,2025,[02] February,"San Agustin, Surigao del Sur",[2] Pilot Testing,100%,,,,[B] Developmental,A,16-068-15-000,San Agustin,Surigao del Sur,Region XIII (Caraga),Municipality,4th,R13,O
[2025-02] 16-068-16-000,2025-02,2025,[02] February,"San Miguel, Surigao del Sur",[2] Pilot Testing,95%,,,,[B] Developmental,B,16-068-16-000,San Miguel,Surigao del Sur,Region XIII (Caraga),Municipality,1st,R13,O
[2025-02] 16-068-17-000,2025-02,2025,[02] February,"Tagbina, Surigao del Sur",[1] Operational,,,,,[A] Operational,A,16-068-17-000,Tagbina,Surigao del Sur,Region XIII (Caraga),Municipality,2nd,R13,O
[2025-02] 16-068-18-000,2025-02,2025,[02] February,"Tago, Surigao del Sur",[1] Operational,,,,,[A] Operational,B,16-068-18-000,Tago,Surigao del Sur,Region XIII (Caraga),Municipality,2nd,R13,O
[2025-02] 16-067-23-000,2025-02,2025,[02] February,"Socorro, Surigao del Norte",[1] Operational,,,,,[A] Operational,B,16-067-23-000,Socorro,Surigao del Norte,Region XIII (Caraga),Municipality,4th,R13,O
[2025-02] 16-067-25-000,2025-02,2025,[02] February,"Tagana-An, Surigao del Norte",[1] Operational,,,,,[A] Operational,A,16-067-25-000,Tagana-An,Surigao del Norte,Region XIII (Caraga),Municipality,5th*,R13,O
[2025-02] 16-067-27-000,2025-02,2025,[02] February,"Tubod, Surigao del Norte",[1] Operational,,,,,[A] Operational,A,16-067-27-000,Tubod,Surigao del Norte,Region XIII (Caraga),Municipality,5th,R13,O
[2025-02] 10-035-01-000,2025-02,2025,[02] February,"Bacolod, Lanao del Norte",[1] Operational,,,,,[A] Operational,B,10-035-01-000,Bacolod,Lanao del Norte,Region X (Northern Mindanao),Municipality,4th,R10,N
[2025-02] 10-042-03-000,2025-02,2025,[02] February,"Bonifacio, Misamis Occidental",[3] Ongoing Data Build-up,100%,Assessed onsite. Scheduled for Refresher's Training in February,,,[B] Developmental,B,10-042-03-000,Bonifacio,Misamis Occidental,Region X (Northern Mindanao),Municipality,4th,R10,N
[2025-02] 10-042-04-000,2025-02,2025,[02] February,"Calamba, Misamis Occidental",[1] Operational,,,,,[A] Operational,A,10-042-04-000,Calamba,Misamis Occidental,Region X (Northern Mindanao),Municipality,4th,R10,N
[2025-02] 10-018-01-000,2025-02,2025,[02] February,"Catarman, Camiguin",[2] Pilot Testing,100%,,,,[B] Developmental,B,10-018-01-000,Catarman,Camiguin,Region X (Northern Mindanao),Municipality,5th,R10,N
[2025-02] 10-043-08-000,2025-02,2025,[02] February,"City of Gingoog, Misamis Oriental",[1] Operational,,,,,[A] Operational,A,10-043-08-000,City of Gingoog,Misamis Oriental,Region X (Northern Mindanao),City,2nd,R10,N
[2025-02] 10-042-15-000,2025-02,2025,[02] February,"City of Tangub, Misamis Occidental",[5] For Training,,,,,[C] For Training/Others,B,10-042-15-000,City of Tangub,Misamis Occidental,Region X (Northern Mindanao),City,4th,R10,N
[2025-02] 10-042-05-000,2025-02,2025,[02] February,"Clarin, Misamis Occidental",[5] For Training,,To schedule in February,,,[C] For Training/Others,B,10-042-05-000,Clarin,Misamis Occidental,Region X (Northern Mindanao),Municipality,4th,R10,N
[2025-02] 10-043-06-000,2025-02,2025,[02] February,"Claveria, Misamis Oriental",[1] Operational,,,,,[A] Operational,A,10-043-06-000,Claveria,Misamis Oriental,Region X (Northern Mindanao),Municipality,1st,R10,N
[2025-02] 10-043-11-000,2025-02,2025,[02] February,"Jasaan, Misamis Oriental",[1] Operational,,,,,[A] Operational,B,10-043-11-000,Jasaan,Misamis Oriental,Region X (Northern Mindanao),Municipality,2nd,R10,N
[2025-02] 10-035-05-000,2025-02,2025,[02] February,"Kapatagan, Lanao del Norte",[1] Operational,,,,,[A] Operational,A,10-035-05-000,Kapatagan,Lanao del Norte,Region X (Northern Mindanao),Municipality,2nd,R10,N
[2025-02] 10-043-13-000,2025-02,2025,[02] February,"Lagonglong, Misamis Oriental",[1] Operational,,,,,[A] Operational,A,10-043-13-000,Lagonglong,Misamis Oriental,Region X (Northern Mindanao),Municipality,5th,R10,N
[2025-02] 10-043-15-000,2025-02,2025,[02] February,"Libertad, Misamis Oriental",[1] Operational,,,,,[A] Operational,B,10-043-15-000,Libertad,Misamis Oriental,Region X (Northern Mindanao),Municipality,5th,R10,N
[2025-02] 10-035-12-000,2025-02,2025,[02] February,"Maigo, Lanao del Norte",[1] Operational,,,,,[A] Operational,A,10-035-12-000,Maigo,Lanao del Norte,Region X (Northern Mindanao),Municipality,4th,R10,N
[2025-02] 10-043-18-000,2025-02,2025,[02] February,"Manticao, Misamis Oriental",[1] Operational,,,,,[A] Operational,B,10-043-18-000,Manticao,Misamis Oriental,Region X (Northern Mindanao),Municipality,4th,R10,N
[2025-02] 10-042-12-000,2025-02,2025,[02] February,"Plaridel, Misamis Occidental",[1] Operational,,,,,[A] Operational,A,10-042-12-000,Plaridel,Misamis Occidental,Region X (Northern Mindanao),Municipality,3rd,R10,N
[2025-02] 10-043-22-000,2025-02,2025,[02] February,"Salay, Misamis Oriental",[1] Operational,,,,,[A] Operational,A,10-043-22-000,Salay,Misamis Oriental,Region X (Northern Mindanao),Municipality,4th,R10,N
[2025-02] 10-042-14-000,2025-02,2025,[02] February,"Sinacaban, Misamis Occidental",[1] Operational,,,,,[A] Operational,A,10-042-14-000,Sinacaban,Misamis Occidental,Region X (Northern Mindanao),Municipality,5th,R10,N
[2025-02] 10-043-24-000,2025-02,2025,[02] February,"Tagoloan, Misamis Oriental",[8] Withdraw,,Responded. Lack of Manpower,,,[D] Withdraw,B,10-043-24-000,Tagoloan,Misamis Oriental,Region X (Northern Mindanao),Municipality,1st,R10,N
[2025-02] 10-043-25-000,2025-02,2025,[02] February,"Talisayan, Misamis Oriental",[1] Operational,,,,,[A] Operational,B,10-043-25-000,Talisayan,Misamis Oriental,Region X (Northern Mindanao),Municipality,4th,R10,N
[2025-02] 10-035-22-000,2025-02,2025,[02] February,"Tubod, Lanao del Norte",[7] To Follow-up,70%,"Still at 70%, no movement in adding applications",To assess onsite,,[C] For Training/Others,B,10-035-22-000,Tubod,Lanao del Norte,Region X (Northern Mindanao),Municipality,2nd,R10,N
[2025-02] 10-042-01-000,2025-02,2025,[02] February,"Aloran, Misamis Occidental",[2] Pilot Testing,100%,,,Processing on adding inspectors before applying,[B] Developmental,A,10-042-01-000,Aloran,Misamis Occidental,Region X (Northern Mindanao),Municipality,4th,R10,N
[2025-02] 10-018-03-000,2025-02,2025,[02] February,"Mahinog, Camiguin",[1] Operational,,,,,[A] Operational,A,10-018-03-000,Mahinog,Camiguin,Region X (Northern Mindanao),Municipality,5th,R10,N
[2025-02] 10-043-20-000,2025-02,2025,[02] February,"Naawan, Misamis Oriental",[1] Operational,,,,,[A] Operational,A,10-043-20-000,Naawan,Misamis Oriental,Region X (Northern Mindanao),Municipality,4th,R10,N
[2025-02] 12-065-01-000,2025-02,2025,[02] February,"Bagumbayan, Sultan Kudarat",[3] Ongoing Data Build-up,90%,,,,[B] Developmental,B,12-065-01-000,Bagumbayan,Sultan Kudarat,Region XII (SOCCSKSARGEN),Municipality,1st,R12,Q
[2025-02] 12-047-04-000,2025-02,2025,[02] February,"City of Kidapawan, Cotabato",[1] Operational,,,,,[A] Operational,A,12-047-04-000,City of Kidapawan,Cotabato,Region XII (SOCCSKSARGEN),City,3rd,R12,Q
[2025-02] 12-047-03-000,2025-02,2025,[02] February,"Kabacan, Cotabato",[1] Operational,,,,,[A] Operational,A,12-047-03-000,Kabacan,Cotabato,Region XII (SOCCSKSARGEN),Municipality,1st,R12,Q
[2025-02] 12-065-06-000,2025-02,2025,[02] February,"Lebak, Sultan Kudarat",[7] To Follow-up,,URESPONSIVE,,,[C] For Training/Others,B,12-065-06-000,Lebak,Sultan Kudarat,Region XII (SOCCSKSARGEN),Municipality,1st,R12,Q
[2025-02] 12-047-09-000,2025-02,2025,[02] February,"Midsayap, Cotabato",[1] Operational,,,,,[A] Operational,B,12-047-09-000,Midsayap,Cotabato,Region XII (SOCCSKSARGEN),Municipality,1st,R12,Q
[2025-02] 12-047-12-000,2025-02,2025,[02] February,"Pikit, Cotabato",[1] Operational,,,,,[A] Operational,B,12-047-12-000,Pikit,Cotabato,Region XII (SOCCSKSARGEN),Municipality,1st,R12,Q
[2025-02] 12-047-11-000,2025-02,2025,[02] February,"Pigkawayan, Cotabato",[3] Ongoing Data Build-up,5%,,,,[B] Developmental,A,12-047-11-000,Pigkawayan,Cotabato,Region XII (SOCCSKSARGEN),Municipality,1st,R12,Q
[2025-02] 12-047-10-000,2025-02,2025,[02] February,"M'Lang, Cotabato",[3] Ongoing Data Build-up,5%,,,,[B] Developmental,A,12-047-10-000,M'Lang,Cotabato,Region XII (SOCCSKSARGEN),Municipality,1st,R12,Q
[2025-02] 19-087-13-000,2025-02,2025,[02] February,"Upi, Maguindanao del Norte",[1] Operational,,,,,[A] Operational,A,19-087-13-000,Upi,Maguindanao del Norte,Bangsamoro Autonomous Region In Muslim Mindanao (BARMM),Municipality,1st,BARMM II,R
[2025-02] 19-066-13-000,2025-02,2025,[02] February,"Talipao, Sulu",[3] Ongoing Data Build-up,50%,,,,[B] Developmental,B,19-066-13-000,Talipao,Sulu,Bangsamoro Autonomous Region In Muslim Mindanao (BARMM),Municipality,1st,BARMM I,M
[2025-02] 09-072-10-000,2025-02,2025,[02] February,"Polanco, Zamboanga del Norte",[1] Operational,,,,,[A] Operational,A,09-072-10-000,Polanco,Zamboanga del Norte,Region IX (Zamboanga Peninsula),Municipality,3rd,R9,L
[2025-02] 09-072-11-000,2025-02,2025,[02] February,"Pres. Manuel A. Roxas, Zamboanga del Norte",[2] Pilot Testing,75%,,,,[B] Developmental,B,09-072-11-000,Pres. Manuel A. Roxas,Zamboanga del Norte,Region IX (Zamboanga Peninsula),Municipality,2nd,R9,L
[2025-02] 09-072-12-000,2025-02,2025,[02] February,"Rizal, Zamboanga del Norte",[2] Pilot Testing,25%,,,,[B] Developmental,B,09-072-12-000,Rizal,Zamboanga del Norte,Region IX (Zamboanga Peninsula),Municipality,5th,R9,L
[2025-02] 09-072-15-000,2025-02,2025,[02] February,"Siayan, Zamboanga del Norte",[1] Operational,,,,,[A] Operational,B,09-072-15-000,Siayan,Zamboanga del Norte,Region IX (Zamboanga Peninsula),Municipality,2nd,R9,L
[2025-02] 09-072-18-000,2025-02,2025,[02] February,"Sindangan, Zamboanga del Norte",[3] Ongoing Data Build-up,50%,,,,[B] Developmental,B,09-072-18-000,Sindangan,Zamboanga del Norte,Region IX (Zamboanga Peninsula),Municipality,1st,R9,L
[2025-02] 09-073-08-000,2025-02,2025,[02] February,"Dumingag, Zamboanga del Sur",[3] Ongoing Data Build-up,50%,,,,[B] Developmental,B,09-073-08-000,Dumingag,Zamboanga del Sur,Region IX (Zamboanga Peninsula),Municipality,2nd,R9,L
[2025-02] 09-073-43-000,2025-02,2025,[02] February,"Guipos, Zamboanga del Sur",[3] Ongoing Data Build-up,50%,,,,[B] Developmental,B,09-073-43-000,Guipos,Zamboanga del Sur,Region IX (Zamboanga Peninsula),Municipality,4th,R9,L
[2025-02] 09-073-12-000,2025-02,2025,[02] February,"Labangan, Zamboanga del Sur",[6] With Concerns,,Understaff,,,[C] For Training/Others,B,09-073-12-000,Labangan,Zamboanga del Sur,Region IX (Zamboanga Peninsula),Municipality,3rd,R9,L
[2025-02] 09-073-33-000,2025-02,2025,[02] February,"Lakewood, Zamboanga del Sur",[2] Pilot Testing,75%,,,,[B] Developmental,B,09-073-33-000,Lakewood,Zamboanga del Sur,Region IX (Zamboanga Peninsula),Municipality,4th,R9,L
[2025-02] 09-073-25-000,2025-02,2025,[02] February,"San Pablo, Zamboanga del Sur",[2] Pilot Testing,75%,,,,[B] Developmental,B,09-073-25-000,San Pablo,Zamboanga del Sur,Region IX (Zamboanga Peninsula),Municipality,4th*,R9,L
[2025-02] 09-083-15-000,2025-02,2025,[02] February,"Titay, Zamboanga Sibugay",[1] Operational,,,,,[A] Operational,A,09-083-15-000,Titay,Zamboanga Sibugay,Region IX (Zamboanga Peninsula),Municipality,2nd,R9,L
[2025-02] 01-028-05-000,2025-02,2025,[02] February,"City of Batac, Ilocos Norte",[1] Operational,,,,,[A] Operational,B,01-028-05-000,City of Batac,Ilocos Norte,Region I (Ilocos Region),City,5th,R1,C
[2025-02] 01-028-12-000,2025-02,2025,[02] February,"City of Laoag, Ilocos Norte",[5] For Training,,Waiting for the SB Resolution,For Follow-up,,[C] For Training/Others,B,01-028-12-000,City of Laoag,Ilocos Norte,Region I (Ilocos Region),City,3rd,R1,C
[2025-02] 01-055-19-000,2025-02,2025,[02] February,"Dasol, Pangasinan",[7] To Follow-up,,for schedule of training,For Follow-up,,[C] For Training/Others,B,01-055-19-000,Dasol,Pangasinan,Region I (Ilocos Region),Municipality,3rd,R1,C
[2025-02] 01-055-48-000,2025-02,2025,[02] February,"Laoac, Pangasinan",[7] To Follow-up,,for schedule of training,For Follow-up,,[C] For Training/Others,B,01-055-48-000,Laoac,Pangasinan,Region I (Ilocos Region),Municipality,4th,R1,C
[2025-02] 01-055-30-000,2025-02,2025,[02] February,"Pozorrubio, Pangasinan",[5] For Training,,,For Follow-up,,[C] For Training/Others,B,01-055-30-000,Pozorrubio,Pangasinan,Region I (Ilocos Region),Municipality,1st,R1,C
[2025-02] 01-029-18-000,2025-02,2025,[02] February,"San Esteban, Ilocos Sur",[5] For Training,,,For Follow-up,,[C] For Training/Others,B,01-029-18-000,San Esteban,Ilocos Sur,Region I (Ilocos Region),Municipality,5th,R1,C
[2025-03] 14-032-13-000,2025-03,2025,[03] March,"City of Tabuk, Kalinga",[1] Operational,,,,,[A] Operational,B,14-032-13-000,City of Tabuk,Kalinga,Cordillera Administrative Region (CAR),City,5th,CAR,B
[2025-03] 01-028-05-000,2025-03,2025,[03] March,"City of Batac, Ilocos Norte",[1] Operational,,,,,[A] Operational,B,01-028-05-000,City of Batac,Ilocos Norte,Region I (Ilocos Region),City,5th,R1,C
[2025-03] 01-028-12-000,2025-03,2025,[03] March,"City of Laoag, Ilocos Norte",[5] For Training,,Waiting for the SB Resolution,For Follow-up,,[C] For Training/Others,B,01-028-12-000,City of Laoag,Ilocos Norte,Region I (Ilocos Region),City,3rd,R1,C
[2025-03] 01-055-19-000,2025-03,2025,[03] March,"Dasol, Pangasinan",[7] To Follow-up,,for schedule of training,For Follow-up,,[C] For Training/Others,B,01-055-19-000,Dasol,Pangasinan,Region I (Ilocos Region),Municipality,3rd,R1,C
[2025-03] 01-055-48-000,2025-03,2025,[03] March,"Laoac, Pangasinan",[7] To Follow-up,,for schedule of training,For Follow-up,,[C] For Training/Others,B,01-055-48-000,Laoac,Pangasinan,Region I (Ilocos Region),Municipality,4th,R1,C
[2025-03] 01-055-30-000,2025-03,2025,[03] March,"Pozorrubio, Pangasinan",[5] For Training,,,For Follow-up,,[C] For Training/Others,B,01-055-30-000,Pozorrubio,Pangasinan,Region I (Ilocos Region),Municipality,1st,R1,C
[2025-03] 01-029-18-000,2025-03,2025,[03] March,"San Esteban, Ilocos Sur",[5] For Training,,,For Follow-up,,[C] For Training/Others,B,01-029-18-000,San Esteban,Ilocos Sur,Region I (Ilocos Region),Municipality,5th,R1,C
[2025-03] 02-031-03-000,2025-03,2025,[03] March,"Aurora, Isabela",[1] Operational,,,,,[A] Operational,B,02-031-03-000,Aurora,Isabela,Region II (Cagayan Valley),Municipality,3rd,R2,D
[2025-03] 02-031-14-000,2025-03,2025,[03] March,"City of Ilagan, Isabela",[1] Operational,,,,,[A] Operational,A,02-031-14-000,City of Ilagan,Isabela,Region II (Cagayan Valley),City,1st (as Mun),R2,D
[2025-03] 03-049-01-000,2025-03,2025,[03] March,"Aliaga, Nueva Ecija",[8] Withdraw,,,,,[D] Withdraw,B,03-049-01-000,Aliaga,Nueva Ecija,Region III (Central Luzon),Municipality,2nd,R3,E
[2025-03] 03-054-03-000,2025-03,2025,[03] March,"Arayat, Pampanga",[1] Operational,,,,,[A] Operational,A,03-054-03-000,Arayat,Pampanga,Region III (Central Luzon),Municipality,1st,R3,E
[2025-03] 03-077-01-000,2025-03,2025,[03] March,"Baler, Aurora",[1] Operational,,,,,[A] Operational,A,03-077-01-000,Baler,Aurora,Region III (Central Luzon),Municipality,3rd,R3,E
[2025-03] 03-049-04-000,2025-03,2025,[03] March,"Cabiao, Nueva Ecija",[3] Ongoing Data Build-up,88%,Requesting for refresher training,,,[B] Developmental,B,03-049-04-000,Cabiao,Nueva Ecija,Region III (Central Luzon),Municipality,1st,R3,E
[2025-03] 03-077-02-000,2025-03,2025,[03] March,"Casiguran, Aurora",[1] Operational,,,,,[A] Operational,A,03-077-02-000,Casiguran,Aurora,Region III (Central Luzon),Municipality,2nd,R3,E
[2025-03] 03-014-12-000,2025-03,2025,[03] March,"City of Meycauayan, Bulacan",[8] Withdraw,,"Withdrawal Letter - Meycauayan City, Bulacan",Last Status Ongoing Data Build-up 25%,,[D] Withdraw,B,03-014-12-000,City of Meycauayan,Bulacan,Region III (Central Luzon),City,3rd,R3,E
[2025-03] 03-314-00-000,2025-03,2025,[03] March,"City of Olongapo, Zambales",[3] Ongoing Data Build-up,60%,lack of Staff,For Visitation,,[B] Developmental,B,03-314-00-000,City of Olongapo,Zambales,Region III (Central Luzon),City,1st,R3,E
[2025-03] 03-049-19-000,2025-03,2025,[03] March,"City of Palayan, Nueva Ecija",[2] Pilot Testing,50%,lack of Staff,for visitation,,[B] Developmental,B,03-049-19-000,City of Palayan,Nueva Ecija,Region III (Central Luzon),City,5th,R3,E
[2025-03] 03-077-05-000,2025-03,2025,[03] March,"Dingalan, Aurora",[2] Pilot Testing,99%,,,,[B] Developmental,B,03-077-05-000,Dingalan,Aurora,Region III (Central Luzon),Municipality,3rd,R3,E
[2025-03] 03-077-06-000,2025-03,2025,[03] March,"Dipaculao, Aurora",[1] Operational,,,,,[A] Operational,B,03-077-06-000,Dipaculao,Aurora,Region III (Central Luzon),Municipality,3rd,R3,E
[2025-03] 03-049-07-000,2025-03,2025,[03] March,"Gabaldon, Nueva Ecija",[2] Pilot Testing,70%,Requesting for refresher training,for visitation,,[B] Developmental,B,03-049-07-000,Gabaldon,Nueva Ecija,Region III (Central Luzon),Municipality,4th,R3,E
[2025-03] 03-069-06-000,2025-03,2025,[03] March,"Gerona, Tarlac",[1] Operational,,,,,[A] Operational,B,03-069-06-000,Gerona,Tarlac,Region III (Central Luzon),Municipality,1st,R3,E
[2025-03] 03-071-05-000,2025-03,2025,[03] March,"Iba, Zambales",[2] Pilot Testing,85%,for launching phase,for visitation,,[B] Developmental,B,03-071-05-000,Iba,Zambales,Region III (Central Luzon),Municipality,2nd,R3,E
[2025-03] 03-008-06-000,2025-03,2025,[03] March,"Limay, Bataan",[6] With Concerns,,Internet connectivity issue and new staff,"Sent Notice Letter, awaiting for their reply
Intends to withdraw",,[C] For Training/Others,B,03-008-06-000,Limay,Bataan,Region III (Central Luzon),Municipality,1st,R3,E
[2025-03] 03-054-10-000,2025-03,2025,[03] March,"Macabebe, Pampanga",[6] With Concerns,,New LGU Staff and Internet connectivity issue,"intended to withdraw
waiting for the withdrawal letter",,[C] For Training/Others,B,03-054-10-000,Macabebe,Pampanga,Region III (Central Luzon),Municipality,1st,R3,E
[2025-03] 03-077-07-000,2025-03,2025,[03] March,"Maria Aurora, Aurora",[1] Operational,,,,,[A] Operational,A,03-077-07-000,Maria Aurora,Aurora,Region III (Central Luzon),Municipality,2nd,R3,E
[2025-03] 03-014-13-000,2025-03,2025,[03] March,"Norzagaray, Bulacan",[1] Operational,,,,,[A] Operational,A,03-014-13-000,Norzagaray,Bulacan,Region III (Central Luzon),Municipality,1st,R3,E
[2025-03] 03-071-09-000,2025-03,2025,[03] March,"San Antonio, Zambales",[2] Pilot Testing,97%,,renovation of municipal hall,,[B] Developmental,B,03-071-09-000,San Antonio,Zambales,Region III (Central Luzon),Municipality,2nd,R3,E
[2025-03] 03-054-17-000,2025-03,2025,[03] March,"San Luis, Pampanga",[6] With Concerns,,"Still on process of familiarizing the whole system
for pilot testing 30%
Unresponsive LGU",for visitation,,[C] For Training/Others,B,03-054-17-000,San Luis,Pampanga,Region III (Central Luzon),Municipality,3rd,R3,E
[2025-03] 03-071-12-000,2025-03,2025,[03] March,"San Narciso, Zambales",[1] Operational,,,,,[A] Operational,A,03-071-12-000,San Narciso,Zambales,Region III (Central Luzon),Municipality,4th,R3,E
[2025-03] 03-069-15-000,2025-03,2025,[03] March,"Santa Ignacia, Tarlac",[1] Operational,,,,,[A] Operational,A,03-069-15-000,Santa Ignacia,Tarlac,Region III (Central Luzon),Municipality,2nd,R3,E
[2025-03] 03-049-32-000,2025-03,2025,[03] March,"Zaragoza, Nueva Ecija",[2] Pilot Testing,99%,,for launching phase,,[B] Developmental,B,03-049-32-000,Zaragoza,Nueva Ecija,Region III (Central Luzon),Municipality,3rd,R3,E
[2025-03] 04-056-02-000,2025-03,2025,[03] March,"Alabat, Quezon",[1] Operational,,,,,[A] Operational,B,04-056-02-000,Alabat,Quezon,Region IV-A (CALABARZON),Municipality,5th,R4A,F
[2025-03] 04-021-01-000,2025-03,2025,[03] March,"Alfonso, Cavite",[3] Ongoing Data Build-up,100%,For Launching,,Waiting for LGU Schedule,[B] Developmental,B,04-021-01-000,Alfonso,Cavite,Region IV-A (CALABARZON),Municipality,1st,R4A,F
[2025-03] 04-021-02-000,2025-03,2025,[03] March,"Amadeo, Cavite",[2] Pilot Testing,93%,,,Waiting for decision of LGU if they will use the system,[B] Developmental,B,04-021-02-000,Amadeo,Cavite,Region IV-A (CALABARZON),Municipality,4th,R4A,F
[2025-03] 04-010-03-000,2025-03,2025,[03] March,"Balayan, Batangas",[1] Operational,,,,,[A] Operational,A,04-010-03-000,Balayan,Batangas,Region IV-A (CALABARZON),Municipality,1st,R4A,F
[2025-03] 04-056-08-000,2025-03,2025,[03] March,"Candelaria, Quezon",[1] Operational,,,,,[A] Operational,A,04-056-08-000,Candelaria,Quezon,Region IV-A (CALABARZON),Municipality,1st,R4A,F
[2025-03] 04-034-07-000,2025-03,2025,[03] March,"Cavinti, Laguna",[2] Pilot Testing,100%,For Launching,,Waiting for LGU Schedule,[B] Developmental,B,04-034-07-000,Cavinti,Laguna,Region IV-A (CALABARZON),Municipality,3rd,R4A,F
[2025-03] 04-056-16-000,2025-03,2025,[03] March,"General Luna, Quezon",[1] Operational,,,,,[A] Operational,B,04-056-16-000,General Luna,Quezon,Region IV-A (CALABARZON),Municipality,4th,R4A,F
[2025-03] 04-056-17-000,2025-03,2025,[03] March,"General Nakar, Quezon",[1] Operational,,,,,[A] Operational,B,04-056-17-000,General Nakar,Quezon,Region IV-A (CALABARZON),Municipality,1st,R4A,F
[2025-03] 04-056-19-000,2025-03,2025,[03] March,"Gumaca, Quezon",[7] To Follow-up,,LGU unresponsive,For visitation,,[C] For Training/Others,B,04-056-19-000,Gumaca,Quezon,Region IV-A (CALABARZON),Municipality,1st,R4A,F
[2025-03] 04-056-20-000,2025-03,2025,[03] March,"Infanta, Quezon",[1] Operational,,,,,[A] Operational,A,04-056-20-000,Infanta,Quezon,Region IV-A (CALABARZON),Municipality,1st,R4A,F
[2025-03] 04-010-12-000,2025-03,2025,[03] March,"Lemery, Batangas",[8] Withdraw,,,,,[D] Withdraw,B,04-010-12-000,Lemery,Batangas,Region IV-A (CALABARZON),Municipality,1st,R4A,F
[2025-03] 04-010-13-000,2025-03,2025,[03] March,"Lian, Batangas",[1] Operational,,,,,[A] Operational,A,04-010-13-000,Lian,Batangas,Region IV-A (CALABARZON),Municipality,3rd,R4A,F
[2025-03] 04-010-16-000,2025-03,2025,[03] March,"Mabini, Batangas",[1] Operational,,,,,[A] Operational,A,04-010-16-000,Mabini,Batangas,Region IV-A (CALABARZON),Municipality,1st,R4A,F
[2025-03] 04-021-12-000,2025-03,2025,[03] March,"Magallanes, Cavite",[1] Operational,,,,,[A] Operational,B,04-021-12-000,Magallanes,Cavite,Region IV-A (CALABARZON),Municipality,4th,R4A,F
[2025-03] 04-056-27-000,2025-03,2025,[03] March,"Mauban, Quezon",[1] Operational,,,,,[A] Operational,A,04-056-27-000,Mauban,Quezon,Region IV-A (CALABARZON),Municipality,1st,R4A,F
[2025-03] 04-021-15-000,2025-03,2025,[03] March,"Naic, Cavite",[1] Operational,,,,,[A] Operational,A,04-021-15-000,Naic,Cavite,Region IV-A (CALABARZON),Municipality,1st,R4A,F
[2025-03] 04-034-18-000,2025-03,2025,[03] March,"Paete, Laguna",[1] Operational,,,,,[A] Operational,B,04-034-18-000,Paete,Laguna,Region IV-A (CALABARZON),Municipality,4th,R4A,F
[2025-03] 04-056-34-000,2025-03,2025,[03] March,"Pitogo, Quezon",[2] Pilot Testing,70%,,,,[B] Developmental,B,04-056-34-000,Pitogo,Quezon,Region IV-A (CALABARZON),Municipality,4th,R4A,F
[2025-03] 04-056-39-000,2025-03,2025,[03] March,"Sampaloc, Quezon",[1] Operational,,,,,[A] Operational,B,04-056-39-000,Sampaloc,Quezon,Region IV-A (CALABARZON),Municipality,5th,R4A,F
[2025-03] 04-010-24-000,2025-03,2025,[03] March,"San Luis, Batangas",[1] Operational,,,,,[A] Operational,B,04-010-24-000,San Luis,Batangas,Region IV-A (CALABARZON),Municipality,4th,R4A,F
[2025-03] 04-010-25-000,2025-03,2025,[03] March,"San Nicolas, Batangas",[1] Operational,,,,"Launched on August 30, 2024",[A] Operational,B,04-010-25-000,San Nicolas,Batangas,Region IV-A (CALABARZON),Municipality,5th,R4A,F
[2025-03] 04-010-27-000,2025-03,2025,[03] March,"Santa Teresita, Batangas",[1] Operational,,,,,[A] Operational,A,04-010-27-000,Santa Teresita,Batangas,Region IV-A (CALABARZON),Municipality,5th,R4A,F
[2025-03] 04-010-29-000,2025-03,2025,[03] March,"Taal, Batangas",[1] Operational,,,,,[A] Operational,A,04-010-29-000,Taal,Batangas,Region IV-A (CALABARZON),Municipality,3rd,R4A,F
[2025-03] 17-052-01-000,2025-03,2025,[03] March,"Baco, Oriental Mindoro",[1] Operational,,,,,[A] Operational,B,17-052-01-000,Baco,Oriental Mindoro,MIMAROPA Region,Municipality,3rd,R4B,G
[2025-03] 17-059-02-000,2025-03,2025,[03] March,"Banton, Romblon",[1] Operational,,,,,[A] Operational,B,17-059-02-000,Banton,Romblon,MIMAROPA Region,Municipality,5th,R4B,G
[2025-03] 17-053-07-000,2025-03,2025,[03] March,"Busuanga, Palawan",[1] Operational,,,,,[A] Operational,A,17-053-07-000,Busuanga,Palawan,MIMAROPA Region,Municipality,3rd,R4B,G
[2025-03] 17-053-09-000,2025-03,2025,[03] March,"Coron, Palawan",[1] Operational,,,,,[A] Operational,B,17-053-09-000,Coron,Palawan,MIMAROPA Region,Municipality,1st,R4B,G
[2025-03] 17-053-12-000,2025-03,2025,[03] March,"El Nido, Palawan",[1] Operational,,,,,[A] Operational,A,17-053-12-000,El Nido,Palawan,MIMAROPA Region,Municipality,1st,R4B,G
[2025-03] 17-059-16-000,2025-03,2025,[03] March,"Ferrol, Romblon",[1] Operational,,,,,[A] Operational,A,17-059-16-000,Ferrol,Romblon,MIMAROPA Region,Municipality,6th,R4B,G
[2025-03] 17-052-06-000,2025-03,2025,[03] March,"Gloria, Oriental Mindoro",[1] Operational,,,,,[A] Operational,B,17-052-06-000,Gloria,Oriental Mindoro,MIMAROPA Region,Municipality,3rd,R4B,G
[2025-03] 17-059-07-000,2025-03,2025,[03] March,"Looc, Romblon",[1] Operational,,,,,[A] Operational,A,17-059-07-000,Looc,Romblon,MIMAROPA Region,Municipality,4th,R4B,G
[2025-03] 17-052-09-000,2025-03,2025,[03] March,"Pinamalayan, Oriental Mindoro",[1] Operational,,,,,[A] Operational,B,17-052-09-000,Pinamalayan,Oriental Mindoro,MIMAROPA Region,Municipality,1st,R4B,G
[2025-03] 17-051-08-000,2025-03,2025,[03] March,"Rizal, Occidental Mindoro",[1] Operational,,,,,[A] Operational,B,17-051-08-000,Rizal,Occidental Mindoro,MIMAROPA Region,Municipality,3rd,R4B,G
[2025-03] 17-051-09-000,2025-03,2025,[03] March,"Sablayan, Occidental Mindoro",[1] Operational,,,,,[A] Operational,A,17-051-09-000,Sablayan,Occidental Mindoro,MIMAROPA Region,Municipality,1st,R4B,G
[2025-03] 17-051-10-000,2025-03,2025,[03] March,"San Jose, Occidental Mindoro",[1] Operational,,,,,[A] Operational,A,17-051-10-000,San Jose,Occidental Mindoro,MIMAROPA Region,Municipality,1st,R4B,G
[2025-03] 17-052-13-000,2025-03,2025,[03] March,"San Teodoro, Oriental Mindoro",[1] Operational,,,,,[A] Operational,B,17-052-13-000,San Teodoro,Oriental Mindoro,MIMAROPA Region,Municipality,4th,R4B,G
[2025-03] 17-053-19-000,2025-03,2025,[03] March,"San Vicente, Palawan",[1] Operational,,,,,[A] Operational,A,17-053-19-000,San Vicente,Palawan,MIMAROPA Region,Municipality,1st,R4B,G
[2025-03] 05-062-02-000,2025-03,2025,[03] March,"Barcelona, Sorsogon",[3] Ongoing Data Build-up,85%,Applicants not familiar with the system and unstable internet connection,,,[B] Developmental,B,05-062-02-000,Barcelona,Sorsogon,Region V (Bicol Region),Municipality,5th,R5,H
[2025-03] 05-016-02-000,2025-03,2025,[03] March,"Capalonga, Camarines Norte",[3] Ongoing Data Build-up,10%,,,,[B] Developmental,B,05-016-02-000,Capalonga,Camarines Norte,Region V (Bicol Region),Municipality,3rd,R5,H
[2025-03] 05-016-05-000,2025-03,2025,[03] March,"Jose Panganiban, Camarines Norte",[3] Ongoing Data Build-up,10%,,,,[B] Developmental,B,05-016-05-000,Jose Panganiban,Camarines Norte,Region V (Bicol Region),Municipality,2nd,R5,H
[2025-03] 05-016-06-000,2025-03,2025,[03] March,"Labo, Camarines Norte",[6] With Concerns,,"concern regarding manual entry of building permit number, due to conflict with complex applications numbering",,,[C] For Training/Others,B,05-016-06-000,Labo,Camarines Norte,Region V (Bicol Region),Municipality,1st,R5,H
[2025-03] 05-016-07-000,2025-03,2025,[03] March,"Mercedes, Camarines Norte",[3] Ongoing Data Build-up,80%,,,,[B] Developmental,B,05-016-07-000,Mercedes,Camarines Norte,Region V (Bicol Region),Municipality,2nd,R5,H
[2025-03] 05-016-11-000,2025-03,2025,[03] March,"Talisay, Camarines Norte",[1] Operational,,,,,[A] Operational,A,05-016-11-000,Talisay,Camarines Norte,Region V (Bicol Region),Municipality,4th,R5,H
[2025-03] 05-005-18-000,2025-03,2025,[03] March,"Tiwi, Albay",[8] Withdraw,,,,,[D] Withdraw,B,05-005-18-000,Tiwi,Albay,Region V (Bicol Region),Municipality,1st,R5,H
[2025-03] 05-016-12-000,2025-03,2025,[03] March,"Vinzons, Camarines Norte",[3] Ongoing Data Build-up,98%,,,,[B] Developmental,B,05-016-12-000,Vinzons,Camarines Norte,Region V (Bicol Region),Municipality,3rd,R5,H
[2025-03] 05-020-11-000,2025-03,2025,[03] March,"Virac, Catanduanes",[6] With Concerns,,May mga need pa po ayusin specially sa mga signatories,,,[C] For Training/Others,B,05-020-11-000,Virac,Catanduanes,Region V (Bicol Region),Municipality,1st,R5,H
[2025-03] 06-030-02-000,2025-03,2025,[03] March,"Alimodian, Iloilo",[1] Operational,,,,,[A] Operational,B,06-030-02-000,Alimodian,Iloilo,Region VI (Western Visayas),Municipality,3rd,R6,I
[2025-03] 06-030-03-000,2025-03,2025,[03] March,"Anilao, Iloilo",[1] Operational,,,,,[A] Operational,B,06-030-03-000,Anilao,Iloilo,Region VI (Western Visayas),Municipality,4th,R6,I
[2025-03] 06-030-05-000,2025-03,2025,[03] March,"Balasan, Iloilo",[1] Operational,,,,,[A] Operational,B,06-030-05-000,Balasan,Iloilo,Region VI (Western Visayas),Municipality,4th,R6,I
[2025-03] 06-006-02-000,2025-03,2025,[03] March,"Barbaza, Antique",[1] Operational,,,,,[A] Operational,B,06-006-02-000,Barbaza,Antique,Region VI (Western Visayas),Municipality,4th,R6,I
[2025-03] 06-030-07-000,2025-03,2025,[03] March,"Barotac Nuevo, Iloilo",[1] Operational,,,,,[A] Operational,B,06-030-07-000,Barotac Nuevo,Iloilo,Region VI (Western Visayas),Municipality,2nd,R6,I
[2025-03] 06-030-08-000,2025-03,2025,[03] March,"Barotac Viejo, Iloilo",[5] For Training,,,,,[C] For Training/Others,B,06-030-08-000,Barotac Viejo,Iloilo,Region VI (Western Visayas),Municipality,3rd,R6,I
[2025-03] 06-030-10-000,2025-03,2025,[03] March,"Bingawan, Iloilo",[1] Operational,,,,,[A] Operational,B,06-030-10-000,Bingawan,Iloilo,Region VI (Western Visayas),Municipality,5th,R6,I
[2025-03] 06-079-01-000,2025-03,2025,[03] March,"Buenavista, Guimaras",[1] Operational,,,,,[A] Operational,B,06-079-01-000,Buenavista,Guimaras,Region VI (Western Visayas),Municipality,2nd,R6,I
[2025-03] 06-006-04-000,2025-03,2025,[03] March,"Bugasong, Antique",[1] Operational,,,,,[A] Operational,A,06-006-04-000,Bugasong,Antique,Region VI (Western Visayas),Municipality,3rd,R6,I
[2025-03] 06-030-12-000,2025-03,2025,[03] March,"Cabatuan, Iloilo",[1] Operational,,,,,[A] Operational,B,06-030-12-000,Cabatuan,Iloilo,Region VI (Western Visayas),Municipality,2nd,R6,I
[2025-03] 06-030-13-000,2025-03,2025,[03] March,"Calinog, Iloilo",[1] Operational,,,,,[A] Operational,A,06-030-13-000,Calinog,Iloilo,Region VI (Western Visayas),Municipality,1st,R6,I
[2025-03] 06-302-00-000,2025-03,2025,[03] March,"City of Bacolod, Negros Occidental",[1] Operational,,,,,[A] Operational,A,06-302-00-000,City of Bacolod,Negros Occidental,Region VI (Western Visayas),City,1st,R6,I
[2025-03] 06-045-10-000,2025-03,2025,[03] March,"City of Himamaylan, Negros Occidental",[1] Operational,,,,,[A] Operational,A,06-045-10-000,City of Himamaylan,Negros Occidental,Region VI (Western Visayas),City,3rd,R6,I
[2025-03] 06-045-15-000,2025-03,2025,[03] March,"City of Kabankalan, Negros Occidental",[1] Operational,,,,,[A] Operational,B,06-045-15-000,City of Kabankalan,Negros Occidental,Region VI (Western Visayas),City,1st,R6,I
[2025-03] 06-045-27-000,2025-03,2025,[03] March,"City of Sipalay, Negros Occidental",[1] Operational,,,,,[A] Operational,A,06-045-27-000,City of Sipalay,Negros Occidental,Region VI (Western Visayas),City,4th,R6,I
[2025-03] 06-030-15-000,2025-03,2025,[03] March,"Concepcion, Iloilo",[1] Operational,,,,,[A] Operational,B,06-030-15-000,Concepcion,Iloilo,Region VI (Western Visayas),Municipality,3rd,R6,I
[2025-03] 06-030-16-000,2025-03,2025,[03] March,"Dingle, Iloilo",[1] Operational,,,,,[A] Operational,A,06-030-16-000,Dingle,Iloilo,Region VI (Western Visayas),Municipality,3rd,R6,I
[2025-03] 06-045-11-000,2025-03,2025,[03] March,"Hinigaran, Negros Occidental",[1] Operational,,,,,[A] Operational,B,06-045-11-000,Hinigaran,Negros Occidental,Region VI (Western Visayas),Municipality,1st,R6,I
[2025-03] 06-030-23-000,2025-03,2025,[03] March,"Janiuay, Iloilo",[1] Operational,,,,,[A] Operational,B,06-030-23-000,Janiuay,Iloilo,Region VI (Western Visayas),Municipality,1st,R6,I
[2025-03] 06-030-25-000,2025-03,2025,[03] March,"Lambunao, Iloilo",[5] For Training,,,,,[C] For Training/Others,B,06-030-25-000,Lambunao,Iloilo,Region VI (Western Visayas),Municipality,1st,R6,I
[2025-03] 06-006-09-000,2025-03,2025,[03] March,"Laua-An, Antique",[1] Operational,,,,,[A] Operational,A,06-006-09-000,Laua-An,Antique,Region VI (Western Visayas),Municipality,4th,R6,I
[2025-03] 06-006-10-000,2025-03,2025,[03] March,"Libertad, Antique",[1] Operational,,,,,[A] Operational,A,06-006-10-000,Libertad,Antique,Region VI (Western Visayas),Municipality,5th,R6,I
[2025-03] 06-045-18-000,2025-03,2025,[03] March,"Manapla, Negros Occidental",[1] Operational,,,,,[A] Operational,B,06-045-18-000,Manapla,Negros Occidental,Region VI (Western Visayas),Municipality,2nd,R6,I
[2025-03] 06-030-30-000,2025-03,2025,[03] March,"Miagao, Iloilo",[5] For Training,,,,,[C] For Training/Others,B,06-030-30-000,Miagao,Iloilo,Region VI (Western Visayas),Municipality,1st,R6,I
[2025-03] 06-030-31-000,2025-03,2025,[03] March,"Mina, Iloilo",[1] Operational,,,,,[A] Operational,A,06-030-31-000,Mina,Iloilo,Region VI (Western Visayas),Municipality,5th,R6,I
[2025-03] 06-045-19-000,2025-03,2025,[03] March,"Moises Padilla, Negros Occidental",[1] Operational,,,,,[A] Operational,B,06-045-19-000,Moises Padilla,Negros Occidental,Region VI (Western Visayas),Municipality,3rd,R6,I
[2025-03] 06-030-32-000,2025-03,2025,[03] March,"New Lucena, Iloilo",[1] Operational,,,,,[A] Operational,B,06-030-32-000,New Lucena,Iloilo,Region VI (Western Visayas),Municipality,4th,R6,I
[2025-03] 06-004-15-000,2025-03,2025,[03] March,"New Washington, Aklan",[1] Operational,,,,,[A] Operational,A,06-004-15-000,New Washington,Aklan,Region VI (Western Visayas),Municipality,3rd,R6,I
[2025-03] 06-030-34-000,2025-03,2025,[03] March,"Oton, Iloilo",[8] Withdraw,,,,,[D] Withdraw,B,06-030-34-000,Oton,Iloilo,Region VI (Western Visayas),Municipality,1st,R6,I
[2025-03] 06-006-11-000,2025-03,2025,[03] March,"Pandan, Antique",[1] Operational,,,,,[A] Operational,A,06-006-11-000,Pandan,Antique,Region VI (Western Visayas),Municipality,4th,R6,I
[2025-03] 06-006-12-000,2025-03,2025,[03] March,"Patnongon, Antique",[1] Operational,,,,,[A] Operational,A,06-006-12-000,Patnongon,Antique,Region VI (Western Visayas),Municipality,3rd,R6,I
[2025-03] 06-030-40-000,2025-03,2025,[03] March,"San Joaquin, Iloilo",[5] For Training,,,,,[C] For Training/Others,B,06-030-40-000,San Joaquin,Iloilo,Region VI (Western Visayas),Municipality,2nd,R6,I
[2025-03] 06-006-14-000,2025-03,2025,[03] March,"San Remigio, Antique",[1] Operational,,,,,[A] Operational,A,06-006-14-000,San Remigio,Antique,Region VI (Western Visayas),Municipality,3rd,R6,I
[2025-03] 06-030-43-000,2025-03,2025,[03] March,"Santa Barbara, Iloilo",[1] Operational,,,,,[A] Operational,B,06-030-43-000,Santa Barbara,Iloilo,Region VI (Western Visayas),Municipality,2nd,R6,I
[2025-03] 06-019-15-000,2025-03,2025,[03] March,"Sapi-An, Capiz",[1] Operational,,,,,[A] Operational,A,06-019-15-000,Sapi-An,Capiz,Region VI (Western Visayas),Municipality,4th,R6,I
[2025-03] 06-030-44-000,2025-03,2025,[03] March,"Sara, Iloilo",[1] Operational,,,,,[A] Operational,B,06-030-44-000,Sara,Iloilo,Region VI (Western Visayas),Municipality,2nd,R6,I
[2025-03] 06-006-15-000,2025-03,2025,[03] March,"Sebaste, Antique",[5] For Training,,,,,[C] For Training/Others,B,06-006-15-000,Sebaste,Antique,Region VI (Western Visayas),Municipality,4th,R6,I
[2025-03] 06-004-17-000,2025-03,2025,[03] March,"Tangalan, Aklan",[1] Operational,,,,,[A] Operational,A,06-004-17-000,Tangalan,Aklan,Region VI (Western Visayas),Municipality,5th,R6,I
[2025-03] 06-019-17-000,2025-03,2025,[03] March,"Tapaz, Capiz",[1] Operational,,,,,[A] Operational,A,06-019-17-000,Tapaz,Capiz,Region VI (Western Visayas),Municipality,1st,R6,I
[2025-03] 06-006-07-000,2025-03,2025,[03] March,"Tobias Fornier, Antique",[8] Withdraw,,,,,[D] Withdraw,B,06-006-07-000,Tobias Fornier,Antique,Region VI (Western Visayas),Municipality,4th,R6,I
[2025-03] 06-030-47-000,2025-03,2025,[03] March,"Zarraga, Iloilo",[5] For Training,,,,,[C] For Training/Others,B,06-030-47-000,Zarraga,Iloilo,Region VI (Western Visayas),Municipality,4th,R6,I
[2025-03] 07-022-01-000,2025-03,2025,[03] March,"Alcantara, Cebu",[3] Ongoing Data Build-up,90%,,,,[B] Developmental,B,07-022-01-000,Alcantara,Cebu,Region VII (Central Visayas),Municipality,5th,R7,J
[2025-03] 07-046-01-000,2025-03,2025,[03] March,"Amlan, Negros Oriental",[3] Ongoing Data Build-up,25%,"For refresher Training;
to be scheduled next year",,,[B] Developmental,B,07-046-01-000,Amlan,Negros Oriental,Region VII (Central Visayas),Municipality,4th,R7,J
[2025-03] 07-022-05-000,2025-03,2025,[03] March,"Argao, Cebu",[1] Operational,,,,,[A] Operational,A,07-022-05-000,Argao,Cebu,Region VII (Central Visayas),Municipality,1st,R7,J
[2025-03] 07-022-08-000,2025-03,2025,[03] March,"Balamban, Cebu",[1] Operational,,,,,[A] Operational,A,07-022-08-000,Balamban,Cebu,Region VII (Central Visayas),Municipality,1st,R7,J
[2025-03] 07-046-05-000,2025-03,2025,[03] March,"Basay, Negros Oriental",[1] Operational,,,,,[A] Operational,B,07-046-05-000,Basay,Negros Oriental,Region VII (Central Visayas),Municipality,4th,R7,J
[2025-03] 07-012-09-000,2025-03,2025,[03] March,"Buenavista, Bohol",[1] Operational,,,,,[A] Operational,B,07-012-09-000,Buenavista,Bohol,Region VII (Central Visayas),Municipality,4th,R7,J
[2025-03] 07-012-11-000,2025-03,2025,[03] March,"Candijay, Bohol",[1] Operational,,,,,[A] Operational,B,07-012-11-000,Candijay,Bohol,Region VII (Central Visayas),Municipality,4th,R7,J
[2025-03] 07-046-08-000,2025-03,2025,[03] March,"City of Canlaon, Negros Oriental",[1] Operational,,,,,[A] Operational,B,07-046-08-000,City of Canlaon,Negros Oriental,Region VII (Central Visayas),City,4th,R7,J
[2025-03] 07-313-00-000,2025-03,2025,[03] March,"City of Mandaue, Cebu",[3] Ongoing Data Build-up,25%,,,,[B] Developmental,A,07-313-00-000,City of Mandaue,Cebu,Region VII (Central Visayas),City,1st,R7,J
[2025-03] 07-022-18-000,2025-03,2025,[03] March,"Compostela, Cebu",[3] Ongoing Data Build-up,75%,,,,[B] Developmental,B,07-022-18-000,Compostela,Cebu,Region VII (Central Visayas),Municipality,3rd,R7,J
[2025-03] 07-022-21-000,2025-03,2025,[03] March,"Daanbantayan, Cebu",[3] Ongoing Data Build-up,75%,,,,[B] Developmental,B,07-022-21-000,Daanbantayan,Cebu,Region VII (Central Visayas),Municipality,1st,R7,J
[2025-03] 07-012-18-000,2025-03,2025,[03] March,"Danao, Bohol",[1] Operational,,,,,[A] Operational,B,07-012-18-000,Danao,Bohol,Region VII (Central Visayas),Municipality,4th*,R7,J
[2025-03] 07-022-28-000,2025-03,2025,[03] March,"Madridejos, Cebu",[1] Operational,,,,,[A] Operational,B,07-022-28-000,Madridejos,Cebu,Region VII (Central Visayas),Municipality,4th,R7,J
[2025-03] 07-022-32-000,2025-03,2025,[03] March,"Minglanilla, Cebu",[7] To Follow-up,,"For Refresher Training;
to be scheduled next year",,,[C] For Training/Others,B,07-022-32-000,Minglanilla,Cebu,Region VII (Central Visayas),Municipality,1st,R7,J
[2025-03] 07-022-37-000,2025-03,2025,[03] March,"Pinamungajan, Cebu",[1] Operational,,,,,[A] Operational,A,07-022-37-000,Pinamungajan,Cebu,Region VII (Central Visayas),Municipality,2nd,R7,J
[2025-03] 07-022-40-000,2025-03,2025,[03] March,"Samboan, Cebu",[6] With Concerns,,Waiting for withdrawal letter,,,[C] For Training/Others,B,07-022-40-000,Samboan,Cebu,Region VII (Central Visayas),Municipality,5th,R7,J
[2025-03] 07-022-42-000,2025-03,2025,[03] March,"San Francisco, Cebu",[2] Pilot Testing,100%,"Done Refresher Training last Septmber 17-19, 2024 for the new personnel in-charge | Waiting for actual transaction",,,[B] Developmental,B,07-022-42-000,San Francisco,Cebu,Region VII (Central Visayas),Municipality,3rd,R7,J
[2025-03] 07-046-17-000,2025-03,2025,[03] March,"San Jose, Negros Oriental",[2] Pilot Testing,25%,"For Refresher Training;
to be scheduled next year",,,[B] Developmental,B,07-046-17-000,San Jose,Negros Oriental,Region VII (Central Visayas),Municipality,5th,R7,J
[2025-03] 07-012-44-000,2025-03,2025,[03] March,"Trinidad, Bohol",[1] Operational,,,,,[A] Operational,B,07-012-44-000,Trinidad,Bohol,Region VII (Central Visayas),Municipality,3rd,R7,J
[2025-03] 07-022-52-000,2025-03,2025,[03] March,"Tuburan, Cebu",[1] Operational,,,,,[A] Operational,A,07-022-52-000,Tuburan,Cebu,Region VII (Central Visayas),Municipality,2nd,R7,J
[2025-03] 07-022-53-000,2025-03,2025,[03] March,"Tudela, Cebu",[1] Operational,,,,,[A] Operational,A,07-022-53-000,Tudela,Cebu,Region VII (Central Visayas),Municipality,5th,R7,J
[2025-03] 08-037-01-000,2025-03,2025,[03] March,"Abuyog, Leyte",[2] Pilot Testing,80%,,Done with Refresher Training,Done with Refresher Training,[B] Developmental,B,08-037-01-000,Abuyog,Leyte,Region VIII (Eastern Visayas),Municipality,1st*,R8,K
[2025-03] 08-037-02-000,2025-03,2025,[03] March,"Alangalang, Leyte",[1] Operational,,,,Normal Operations,[A] Operational,A,08-037-02-000,Alangalang,Leyte,Region VIII (Eastern Visayas),Municipality,2nd,R8,K
[2025-03] 08-060-02-000,2025-03,2025,[03] March,"Basey, Samar",[1] Operational,,,,Normal Operations,[A] Operational,B,08-060-02-000,Basey,Samar,Region VIII (Eastern Visayas),Municipality,1st,R8,K
[2025-03] 08-037-15-000,2025-03,2025,[03] March,"Carigara, Leyte",[1] Operational,,,,Normal Operations,[A] Operational,B,08-037-15-000,Carigara,Leyte,Region VIII (Eastern Visayas),Municipality,2nd,R8,K
[2025-03] 08-026-04-000,2025-03,2025,[03] March,"City of Borongan, Eastern Samar",[1] Operational,,,,Normal Operations,[A] Operational,A,08-026-04-000,City of Borongan,Eastern Samar,Region VIII (Eastern Visayas),City,1st (as Mun),R8,K
[2025-03] 08-064-07-000,2025-03,2025,[03] March,"City of Maasin, Southern Leyte",[1] Operational,,,,Normal Operations,[A] Operational,A,08-064-07-000,City of Maasin,Southern Leyte,Region VIII (Eastern Visayas),City,4th,R8,K
[2025-03] 08-060-07-000,2025-03,2025,[03] March,"Gandara, Samar",[2] Pilot Testing,95%,Internet Connectivity Issues - Unstable Connection,Forwarded follow letter to LGU regarding their implementation but no response.,Internet Connectivity Issues - Unstable ConnectionForwarded follow letter to LGU regarding their implementation but no response.,[B] Developmental,B,08-060-07-000,Gandara,Samar,Region VIII (Eastern Visayas),Municipality,2nd,R8,K
[2025-03] 08-026-09-000,2025-03,2025,[03] March,"Guiuan, Eastern Samar",[1] Operational,,,,Normal Operations,[A] Operational,B,08-026-09-000,Guiuan,Eastern Samar,Region VIII (Eastern Visayas),Municipality,2nd,R8,K
[2025-03] 08-037-20-000,2025-03,2025,[03] March,"Hindang, Leyte",[1] Operational,,,,Normal Operations,[A] Operational,B,08-037-20-000,Hindang,Leyte,Region VIII (Eastern Visayas),Municipality,5th,R8,K
[2025-03] 08-037-24-000,2025-03,2025,[03] March,"Javier, Leyte",[1] Operational,,,,Zero transactions for the month of March 2025,[A] Operational,B,08-037-24-000,Javier,Leyte,Region VIII (Eastern Visayas),Municipality,4th*,R8,K
[2025-03] 08-060-09-000,2025-03,2025,[03] March,"Jiabong, Samar",[1] Operational,,,,Normal Operations,[A] Operational,B,08-060-09-000,Jiabong,Samar,Region VIII (Eastern Visayas),Municipality,5th,R8,K
[2025-03] 08-037-26-000,2025-03,2025,[03] March,"Kananga, Leyte",[1] Operational,,,,Normal Operations,[A] Operational,A,08-037-26-000,Kananga,Leyte,Region VIII (Eastern Visayas),Municipality,1st,R8,K
[2025-03] 08-078-06-000,2025-03,2025,[03] March,"Kawayan, Biliran",[8] Withdraw,,,,Withdrawn,[D] Withdraw,B,08-078-06-000,Kawayan,Biliran,Region VIII (Eastern Visayas),Municipality,5th*,R8,K
[2025-03] 08-037-28-000,2025-03,2025,[03] March,"La Paz, Leyte",[1] Operational,,,,Normal Operations,[A] Operational,B,08-037-28-000,La Paz,Leyte,Region VIII (Eastern Visayas),Municipality,5th*,R8,K
[2025-03] 08-037-29-000,2025-03,2025,[03] March,"Leyte, Leyte",[1] Operational,,,,Normal Operations,[A] Operational,A,08-037-29-000,Leyte,Leyte,Region VIII (Eastern Visayas),Municipality,4th*,R8,K
[2025-03] 08-064-08-000,2025-03,2025,[03] March,"Macrohon, Southern Leyte",[1] Operational,,,,Normal Operations,[A] Operational,A,08-064-08-000,Macrohon,Southern Leyte,Region VIII (Eastern Visayas),Municipality,4th,R8,K
[2025-03] 08-078-08-000,2025-03,2025,[03] March,"Naval, Biliran",[1] Operational,,,,Normal Operations,[A] Operational,A,08-078-08-000,Naval,Biliran,Region VIII (Eastern Visayas),Municipality,2nd,R8,K
[2025-03] 08-037-39-000,2025-03,2025,[03] March,"Palo, Leyte",[1] Operational,,,,Normal Operations,[A] Operational,A,08-037-39-000,Palo,Leyte,Region VIII (Eastern Visayas),Municipality,3rd,R8,K
[2025-03] 08-048-15-000,2025-03,2025,[03] March,"Pambujan, Northern Samar",[1] Operational,,,,Normal Operations,[A] Operational,A,08-048-15-000,Pambujan,Northern Samar,Region VIII (Eastern Visayas),Municipality,4th,R8,K
[2025-03] 08-037-41-000,2025-03,2025,[03] March,"Pastrana, Leyte",[1] Operational,,,,Zero transactions for the month of March 2025,[A] Operational,A,08-037-41-000,Pastrana,Leyte,Region VIII (Eastern Visayas),Municipality,5th*,R8,K
[2025-03] 08-064-14-000,2025-03,2025,[03] March,"San Juan, Southern Leyte",[1] Operational,,,,Normal Operations,[A] Operational,A,08-064-14-000,San Juan,Southern Leyte,Region VIII (Eastern Visayas),Municipality,5th,R8,K
[2025-03] 08-048-20-000,2025-03,2025,[03] March,"San Roque, Northern Samar",[1] Operational,,,,Normal Operations,[A] Operational,A,08-048-20-000,San Roque,Northern Samar,Region VIII (Eastern Visayas),Municipality,4th,R8,K
[2025-03] 08-064-17-000,2025-03,2025,[03] March,"Sogod, Southern Leyte",[1] Operational,,,,Normal Operations,[A] Operational,A,08-064-17-000,Sogod,Southern Leyte,Region VIII (Eastern Visayas),Municipality,2nd,R8,K
[2025-03] 08-064-18-000,2025-03,2025,[03] March,"Tomas Oppus, Southern Leyte",[1] Operational,,,,Normal Operations,[A] Operational,A,08-064-18-000,Tomas Oppus,Southern Leyte,Region VIII (Eastern Visayas),Municipality,5th,R8,K
[2025-03] 10-042-01-000,2025-03,2025,[03] March,"Aloran, Misamis Occidental",[1] Operational,,,,,[A] Operational,A,10-042-01-000,Aloran,Misamis Occidental,Region X (Northern Mindanao),Municipality,4th,R10,N
[2025-03] 10-035-01-000,2025-03,2025,[03] March,"Bacolod, Lanao del Norte",[1] Operational,,,,,[A] Operational,B,10-035-01-000,Bacolod,Lanao del Norte,Region X (Northern Mindanao),Municipality,4th,R10,N
[2025-03] 10-042-03-000,2025-03,2025,[03] March,"Bonifacio, Misamis Occidental",[3] Ongoing Data Build-up,100%,Assessed onsite. Scheduled for Refresher's Training in April,,,[B] Developmental,B,10-042-03-000,Bonifacio,Misamis Occidental,Region X (Northern Mindanao),Municipality,4th,R10,N
[2025-03] 10-042-04-000,2025-03,2025,[03] March,"Calamba, Misamis Occidental",[1] Operational,,,,,[A] Operational,A,10-042-04-000,Calamba,Misamis Occidental,Region X (Northern Mindanao),Municipality,4th,R10,N
[2025-03] 10-018-01-000,2025-03,2025,[03] March,"Catarman, Camiguin",[2] Pilot Testing,100%,,,,[B] Developmental,B,10-018-01-000,Catarman,Camiguin,Region X (Northern Mindanao),Municipality,5th,R10,N
[2025-03] 10-043-08-000,2025-03,2025,[03] March,"City of Gingoog, Misamis Oriental",[1] Operational,,,,,[A] Operational,A,10-043-08-000,City of Gingoog,Misamis Oriental,Region X (Northern Mindanao),City,2nd,R10,N
[2025-03] 10-042-15-000,2025-03,2025,[03] March,"City of Tangub, Misamis Occidental",[5] For Training,,,,,[C] For Training/Others,B,10-042-15-000,City of Tangub,Misamis Occidental,Region X (Northern Mindanao),City,4th,R10,N
[2025-03] 10-042-05-000,2025-03,2025,[03] March,"Clarin, Misamis Occidental",[5] For Training,,To schedule in April,,,[C] For Training/Others,B,10-042-05-000,Clarin,Misamis Occidental,Region X (Northern Mindanao),Municipality,4th,R10,N
[2025-03] 10-043-06-000,2025-03,2025,[03] March,"Claveria, Misamis Oriental",[1] Operational,,,,,[A] Operational,A,10-043-06-000,Claveria,Misamis Oriental,Region X (Northern Mindanao),Municipality,1st,R10,N
[2025-03] 10-043-11-000,2025-03,2025,[03] March,"Jasaan, Misamis Oriental",[1] Operational,,,,,[A] Operational,B,10-043-11-000,Jasaan,Misamis Oriental,Region X (Northern Mindanao),Municipality,2nd,R10,N
[2025-03] 10-035-05-000,2025-03,2025,[03] March,"Kapatagan, Lanao del Norte",[1] Operational,,,,,[A] Operational,A,10-035-05-000,Kapatagan,Lanao del Norte,Region X (Northern Mindanao),Municipality,2nd,R10,N
[2025-03] 10-043-13-000,2025-03,2025,[03] March,"Lagonglong, Misamis Oriental",[1] Operational,,,,,[A] Operational,A,10-043-13-000,Lagonglong,Misamis Oriental,Region X (Northern Mindanao),Municipality,5th,R10,N
[2025-03] 10-043-15-000,2025-03,2025,[03] March,"Libertad, Misamis Oriental",[1] Operational,,,,,[A] Operational,B,10-043-15-000,Libertad,Misamis Oriental,Region X (Northern Mindanao),Municipality,5th,R10,N
[2025-03] 10-018-03-000,2025-03,2025,[03] March,"Mahinog, Camiguin",[1] Operational,,,,,[A] Operational,A,10-018-03-000,Mahinog,Camiguin,Region X (Northern Mindanao),Municipality,5th,R10,N
[2025-03] 10-035-12-000,2025-03,2025,[03] March,"Maigo, Lanao del Norte",[1] Operational,,,,,[A] Operational,A,10-035-12-000,Maigo,Lanao del Norte,Region X (Northern Mindanao),Municipality,4th,R10,N
[2025-03] 10-018-04-000,2025-03,2025,[03] March,"Mambajao, Camiguin",[2] Pilot Testing,10%%,,,,[B] Developmental,A,10-018-04-000,Mambajao,Camiguin,Region X (Northern Mindanao),Municipality,3rd,R10,N
[2025-03] 10-043-18-000,2025-03,2025,[03] March,"Manticao, Misamis Oriental",[1] Operational,,,,,[A] Operational,B,10-043-18-000,Manticao,Misamis Oriental,Region X (Northern Mindanao),Municipality,4th,R10,N
[2025-03] 10-043-20-000,2025-03,2025,[03] March,"Naawan, Misamis Oriental",[1] Operational,,,,,[A] Operational,A,10-043-20-000,Naawan,Misamis Oriental,Region X (Northern Mindanao),Municipality,4th,R10,N
[2025-03] 10-042-12-000,2025-03,2025,[03] March,"Plaridel, Misamis Occidental",[1] Operational,,,,,[A] Operational,A,10-042-12-000,Plaridel,Misamis Occidental,Region X (Northern Mindanao),Municipality,3rd,R10,N
[2025-03] 10-043-22-000,2025-03,2025,[03] March,"Salay, Misamis Oriental",[1] Operational,,,,,[A] Operational,A,10-043-22-000,Salay,Misamis Oriental,Region X (Northern Mindanao),Municipality,4th,R10,N
[2025-03] 10-042-14-000,2025-03,2025,[03] March,"Sinacaban, Misamis Occidental",[1] Operational,,,,,[A] Operational,A,10-042-14-000,Sinacaban,Misamis Occidental,Region X (Northern Mindanao),Municipality,5th,R10,N
[2025-03] 10-043-24-000,2025-03,2025,[03] March,"Tagoloan, Misamis Oriental",[8] Withdraw,,Responded. Lack of Manpower,,,[D] Withdraw,B,10-043-24-000,Tagoloan,Misamis Oriental,Region X (Northern Mindanao),Municipality,1st,R10,N
[2025-03] 10-043-25-000,2025-03,2025,[03] March,"Talisayan, Misamis Oriental",[1] Operational,,,,,[A] Operational,B,10-043-25-000,Talisayan,Misamis Oriental,Region X (Northern Mindanao),Municipality,4th,R10,N
[2025-03] 10-035-22-000,2025-03,2025,[03] March,"Tubod, Lanao del Norte",[3] Ongoing Data Build-up,75%,,,,[B] Developmental,B,10-035-22-000,Tubod,Lanao del Norte,Region X (Northern Mindanao),Municipality,2nd,R10,N
[2025-03] 19-066-13-000,2025-03,2025,[03] March,"Talipao, Sulu",[3] Ongoing Data Build-up,50%,,,,[B] Developmental,B,19-066-13-000,Talipao,Sulu,Bangsamoro Autonomous Region In Muslim Mindanao (BARMM),Municipality,1st,BARMM I,M
[2025-03] 09-073-08-000,2025-03,2025,[03] March,"Dumingag, Zamboanga del Sur",[3] Ongoing Data Build-up,50%,,,,[B] Developmental,B,09-073-08-000,Dumingag,Zamboanga del Sur,Region IX (Zamboanga Peninsula),Municipality,2nd,R9,L
[2025-03] 09-073-43-000,2025-03,2025,[03] March,"Guipos, Zamboanga del Sur",[3] Ongoing Data Build-up,50%,,,,[B] Developmental,B,09-073-43-000,Guipos,Zamboanga del Sur,Region IX (Zamboanga Peninsula),Municipality,4th,R9,L
[2025-03] 09-073-12-000,2025-03,2025,[03] March,"Labangan, Zamboanga del Sur",[6] With Concerns,,Understaff,,,[C] For Training/Others,B,09-073-12-000,Labangan,Zamboanga del Sur,Region IX (Zamboanga Peninsula),Municipality,3rd,R9,L
[2025-03] 09-073-33-000,2025-03,2025,[03] March,"Lakewood, Zamboanga del Sur",[2] Pilot Testing,75%,,,,[B] Developmental,B,09-073-33-000,Lakewood,Zamboanga del Sur,Region IX (Zamboanga Peninsula),Municipality,4th,R9,L
[2025-03] 09-072-10-000,2025-03,2025,[03] March,"Polanco, Zamboanga del Norte",[1] Operational,,,,,[A] Operational,A,09-072-10-000,Polanco,Zamboanga del Norte,Region IX (Zamboanga Peninsula),Municipality,3rd,R9,L
[2025-03] 09-072-11-000,2025-03,2025,[03] March,"Pres. Manuel A. Roxas, Zamboanga del Norte",[2] Pilot Testing,75%,,,,[B] Developmental,B,09-072-11-000,Pres. Manuel A. Roxas,Zamboanga del Norte,Region IX (Zamboanga Peninsula),Municipality,2nd,R9,L
[2025-03] 09-072-12-000,2025-03,2025,[03] March,"Rizal, Zamboanga del Norte",[2] Pilot Testing,25%,,,,[B] Developmental,B,09-072-12-000,Rizal,Zamboanga del Norte,Region IX (Zamboanga Peninsula),Municipality,5th,R9,L
[2025-03] 09-073-25-000,2025-03,2025,[03] March,"San Pablo, Zamboanga del Sur",[2] Pilot Testing,75%,,,,[B] Developmental,B,09-073-25-000,San Pablo,Zamboanga del Sur,Region IX (Zamboanga Peninsula),Municipality,4th*,R9,L
[2025-03] 09-072-15-000,2025-03,2025,[03] March,"Siayan, Zamboanga del Norte",[1] Operational,,,,,[A] Operational,B,09-072-15-000,Siayan,Zamboanga del Norte,Region IX (Zamboanga Peninsula),Municipality,2nd,R9,L
[2025-03] 09-072-18-000,2025-03,2025,[03] March,"Sindangan, Zamboanga del Norte",[3] Ongoing Data Build-up,50%,,,,[B] Developmental,B,09-072-18-000,Sindangan,Zamboanga del Norte,Region IX (Zamboanga Peninsula),Municipality,1st,R9,L
[2025-03] 09-083-15-000,2025-03,2025,[03] March,"Titay, Zamboanga Sibugay",[1] Operational,,,,,[A] Operational,A,09-083-15-000,Titay,Zamboanga Sibugay,Region IX (Zamboanga Peninsula),Municipality,2nd,R9,L
[2025-03] 11-025-03-000,2025-03,2025,[03] March,"Boston, Davao Oriental",[1] Operational,,,,,[A] Operational,A,11-025-03-000,Boston,Davao Oriental,Region XI (Davao Region),Municipality,3rd,R11,P
[2025-03] 11-025-05-000,2025-03,2025,[03] March,"Cateel, Davao Oriental",[1] Operational,,,,,[A] Operational,A,11-025-05-000,Cateel,Davao Oriental,Region XI (Davao Region),Municipality,2nd,R11,P
[2025-03] 11-024-03-000,2025-03,2025,[03] March,"City of Digos, Davao del Sur",[1] Operational,,,,,[A] Operational,B,11-024-03-000,City of Digos,Davao del Sur,Region XI (Davao Region),City,2nd,R11,P
[2025-03] 11-025-09-000,2025-03,2025,[03] March,"City of Mati, Davao Oriental",[1] Operational,,,,,[A] Operational,A,11-025-09-000,City of Mati,Davao Oriental,Region XI (Davao Region),City,5th,R11,P
[2025-03] 11-025-06-000,2025-03,2025,[03] March,"Governor Generoso, Davao Oriental",[2] Pilot Testing,50%,,,,[B] Developmental,A,11-025-06-000,Governor Generoso,Davao Oriental,Region XI (Davao Region),Municipality,2nd,R11,P
[2025-03] 11-025-07-000,2025-03,2025,[03] March,"Lupon, Davao Oriental",[1] Operational,,,,,[A] Operational,B,11-025-07-000,Lupon,Davao Oriental,Region XI (Davao Region),Municipality,1st,R11,P
[2025-03] 11-024-08-000,2025-03,2025,[03] March,"Malalag, Davao del Sur",[1] Operational,,,,,[A] Operational,A,11-024-08-000,Malalag,Davao del Sur,Region XI (Davao Region),Municipality,2nd,R11,P
[2025-03] 11-025-08-000,2025-03,2025,[03] March,"Manay, Davao Oriental",[1] Operational,,,,,[A] Operational,A,11-025-08-000,Manay,Davao Oriental,Region XI (Davao Region),Municipality,2nd,R11,P
[2025-03] 11-082-05-000,2025-03,2025,[03] March,"Maragusan, Davao de Oro",[1] Operational,,,,,[A] Operational,B,11-082-05-000,Maragusan,Davao de Oro,Region XI (Davao Region),Municipality,1st,R11,P
[2025-03] 11-024-10-000,2025-03,2025,[03] March,"Matanao, Davao del Sur",[1] Operational,,,,,[A] Operational,A,11-024-10-000,Matanao,Davao del Sur,Region XI (Davao Region),Municipality,2nd,R11,P
[2025-03] 11-024-11-000,2025-03,2025,[03] March,"Padada, Davao del Sur",[1] Operational,,,,,[A] Operational,B,11-024-11-000,Padada,Davao del Sur,Region XI (Davao Region),Municipality,3rd,R11,P
[2025-03] 11-024-12-000,2025-03,2025,[03] March,"Santa Cruz, Davao del Sur",[3] Ongoing Data Build-up,100%,,,,[B] Developmental,A,11-024-12-000,Santa Cruz,Davao del Sur,Region XI (Davao Region),Municipality,1st,R11,P
[2025-03] 11-024-14-000,2025-03,2025,[03] March,"Sulop, Davao del Sur",[1] Operational,,,,,[A] Operational,A,11-024-14-000,Sulop,Davao del Sur,Region XI (Davao Region),Municipality,3rd,R11,P
[2025-03] 11-025-11-000,2025-03,2025,[03] March,"Tarragona, Davao Oriental",[1] Operational,,,,,[A] Operational,B,11-025-11-000,Tarragona,Davao Oriental,Region XI (Davao Region),Municipality,3rd,R11,P
[2025-03] 12-065-01-000,2025-03,2025,[03] March,"Bagumbayan, Sultan Kudarat",[3] Ongoing Data Build-up,90%,,,,[B] Developmental,B,12-065-01-000,Bagumbayan,Sultan Kudarat,Region XII (SOCCSKSARGEN),Municipality,1st,R12,Q
[2025-03] 12-047-04-000,2025-03,2025,[03] March,"City of Kidapawan, Cotabato",[1] Operational,,,,,[A] Operational,A,12-047-04-000,City of Kidapawan,Cotabato,Region XII (SOCCSKSARGEN),City,3rd,R12,Q
[2025-03] 12-047-03-000,2025-03,2025,[03] March,"Kabacan, Cotabato",[1] Operational,,,,,[A] Operational,A,12-047-03-000,Kabacan,Cotabato,Region XII (SOCCSKSARGEN),Municipality,1st,R12,Q
[2025-03] 12-065-06-000,2025-03,2025,[03] March,"Lebak, Sultan Kudarat",[7] To Follow-up,,Lack of Manpower,,,[C] For Training/Others,B,12-065-06-000,Lebak,Sultan Kudarat,Region XII (SOCCSKSARGEN),Municipality,1st,R12,Q
[2025-03] 12-047-10-000,2025-03,2025,[03] March,"M'Lang, Cotabato",[3] Ongoing Data Build-up,5%,,,,[B] Developmental,A,12-047-10-000,M'Lang,Cotabato,Region XII (SOCCSKSARGEN),Municipality,1st,R12,Q
[2025-03] 12-047-09-000,2025-03,2025,[03] March,"Midsayap, Cotabato",[1] Operational,,,,,[A] Operational,B,12-047-09-000,Midsayap,Cotabato,Region XII (SOCCSKSARGEN),Municipality,1st,R12,Q
[2025-03] 12-047-11-000,2025-03,2025,[03] March,"Pigkawayan, Cotabato",[3] Ongoing Data Build-up,5%,,,,[B] Developmental,A,12-047-11-000,Pigkawayan,Cotabato,Region XII (SOCCSKSARGEN),Municipality,1st,R12,Q
[2025-03] 12-047-12-000,2025-03,2025,[03] March,"Pikit, Cotabato",[1] Operational,,,,,[A] Operational,B,12-047-12-000,Pikit,Cotabato,Region XII (SOCCSKSARGEN),Municipality,1st,R12,Q
[2025-03] 19-087-13-000,2025-03,2025,[03] March,"Upi, Maguindanao del Norte",[1] Operational,,,,No Transaction for the Month of September,[A] Operational,A,19-087-13-000,Upi,Maguindanao del Norte,Bangsamoro Autonomous Region In Muslim Mindanao (BARMM),Municipality,1st,BARMM II,R
[2025-03] 16-068-02-000,2025-03,2025,[03] March,"Bayabas, Surigao del Sur",[1] Operational,,,,,[A] Operational,A,16-068-02-000,Bayabas,Surigao del Sur,Region XIII (Caraga),Municipality,5th,R13,O
[2025-03] 16-068-06-000,2025-03,2025,[03] March,"Carmen, Surigao del Sur",[1] Operational,,,,,[A] Operational,A,16-068-06-000,Carmen,Surigao del Sur,Region XIII (Caraga),Municipality,5th,R13,O
[2025-03] 16-002-07-000,2025-03,2025,[03] March,"Las Nieves, Agusan del Norte",[1] Operational,,,,,[A] Operational,A,16-002-07-000,Las Nieves,Agusan del Norte,Region XIII (Caraga),Municipality,2nd,R13,O
[2025-03] 16-068-12-000,2025-03,2025,[03] March,"Lingig, Surigao del Sur",[7] To Follow-up,,"Last Status: For Data Buildup
Unresponsive LGU",,,[C] For Training/Others,B,16-068-12-000,Lingig,Surigao del Sur,Region XIII (Caraga),Municipality,2nd,R13,O
[2025-03] 16-068-15-000,2025-03,2025,[03] March,"San Agustin, Surigao del Sur",[2] Pilot Testing,100%,,,,[B] Developmental,A,16-068-15-000,San Agustin,Surigao del Sur,Region XIII (Caraga),Municipality,4th,R13,O
[2025-03] 16-068-16-000,2025-03,2025,[03] March,"San Miguel, Surigao del Sur",[2] Pilot Testing,95%,,,,[B] Developmental,B,16-068-16-000,San Miguel,Surigao del Sur,Region XIII (Caraga),Municipality,1st,R13,O
[2025-03] 16-067-23-000,2025-03,2025,[03] March,"Socorro, Surigao del Norte",[1] Operational,,,,,[A] Operational,B,16-067-23-000,Socorro,Surigao del Norte,Region XIII (Caraga),Municipality,4th,R13,O
[2025-03] 16-067-25-000,2025-03,2025,[03] March,"Tagana-An, Surigao del Norte",[1] Operational,,,,,[A] Operational,A,16-067-25-000,Tagana-An,Surigao del Norte,Region XIII (Caraga),Municipality,5th*,R13,O
[2025-03] 16-068-17-000,2025-03,2025,[03] March,"Tagbina, Surigao del Sur",[1] Operational,,,,,[A] Operational,A,16-068-17-000,Tagbina,Surigao del Sur,Region XIII (Caraga),Municipality,2nd,R13,O
[2025-03] 16-068-18-000,2025-03,2025,[03] March,"Tago, Surigao del Sur",[1] Operational,,,,,[A] Operational,B,16-068-18-000,Tago,Surigao del Sur,Region XIII (Caraga),Municipality,2nd,R13,O
[2025-03] 16-003-12-000,2025-03,2025,[03] March,"Trento, Agusan del Sur",[2] Pilot Testing,100%,,,,[B] Developmental,B,16-003-12-000,Trento,Agusan del Sur,Region XIII (Caraga),Municipality,1st,R13,O
[2025-03] 16-067-27-000,2025-03,2025,[03] March,"Tubod, Surigao del Norte",[1] Operational,,,,,[A] Operational,A,16-067-27-000,Tubod,Surigao del Norte,Region XIII (Caraga),Municipality,5th,R13,O
[2025-04] 01-028-05-000,2025-04,2025,[04] April,"City of Batac, Ilocos Norte",[1] Operational,,,,,[A] Operational,B,01-028-05-000,City of Batac,Ilocos Norte,Region I (Ilocos Region),City,5th,R1,C
[2025-04] 01-028-12-000,2025-04,2025,[04] April,"City of Laoag, Ilocos Norte",[5] For Training,,Waiting for the SB Resolution,,,[C] For Training/Others,B,01-028-12-000,City of Laoag,Ilocos Norte,Region I (Ilocos Region),City,3rd,R1,C
[2025-04] 01-055-19-000,2025-04,2025,[04] April,"Dasol, Pangasinan",[7] To Follow-up,,for schedule of training,,,[C] For Training/Others,B,01-055-19-000,Dasol,Pangasinan,Region I (Ilocos Region),Municipality,3rd,R1,C
[2025-04] 01-055-48-000,2025-04,2025,[04] April,"Laoac, Pangasinan",[7] To Follow-up,,for schedule of training,,,[C] For Training/Others,B,01-055-48-000,Laoac,Pangasinan,Region I (Ilocos Region),Municipality,4th,R1,C
[2025-04] 01-055-30-000,2025-04,2025,[04] April,"Pozorrubio, Pangasinan",[5] For Training,,,,,[C] For Training/Others,B,01-055-30-000,Pozorrubio,Pangasinan,Region I (Ilocos Region),Municipality,1st,R1,C
[2025-04] 01-029-18-000,2025-04,2025,[04] April,"San Esteban, Ilocos Sur",[5] For Training,,,,,[C] For Training/Others,B,01-029-18-000,San Esteban,Ilocos Sur,Region I (Ilocos Region),Municipality,5th,R1,C
[2025-04] 02-031-03-000,2025-04,2025,[04] April,"Aurora, Isabela",[1] Operational,,,,,[A] Operational,B,02-031-03-000,Aurora,Isabela,Region II (Cagayan Valley),Municipality,3rd,R2,D
[2025-04] 02-031-14-000,2025-04,2025,[04] April,"City of Ilagan, Isabela",[1] Operational,,,,,[A] Operational,A,02-031-14-000,City of Ilagan,Isabela,Region II (Cagayan Valley),City,1st (as Mun),R2,D
[2025-04] 04-056-02-000,2025-04,2025,[04] April,"Alabat, Quezon",[1] Operational,,,,,[A] Operational,B,04-056-02-000,Alabat,Quezon,Region IV-A (CALABARZON),Municipality,5th,R4A,F
[2025-04] 04-021-01-000,2025-04,2025,[04] April,"Alfonso, Cavite",[3] Ongoing Data Build-up,100%,For Launching,,Waiting for LGU Schedule,[B] Developmental,B,04-021-01-000,Alfonso,Cavite,Region IV-A (CALABARZON),Municipality,1st,R4A,F
[2025-04] 04-021-02-000,2025-04,2025,[04] April,"Amadeo, Cavite",[2] Pilot Testing,94%,,,Waiting for decision of LGU if they will use the system,[B] Developmental,B,04-021-02-000,Amadeo,Cavite,Region IV-A (CALABARZON),Municipality,4th,R4A,F
[2025-04] 04-010-03-000,2025-04,2025,[04] April,"Balayan, Batangas",[1] Operational,,,,,[A] Operational,A,04-010-03-000,Balayan,Batangas,Region IV-A (CALABARZON),Municipality,1st,R4A,F
[2025-04] 04-056-08-000,2025-04,2025,[04] April,"Candelaria, Quezon",[1] Operational,,,,,[A] Operational,A,04-056-08-000,Candelaria,Quezon,Region IV-A (CALABARZON),Municipality,1st,R4A,F
[2025-04] 04-034-07-000,2025-04,2025,[04] April,"Cavinti, Laguna",[2] Pilot Testing,100%,For Launching,,Waiting for LGU Schedule,[B] Developmental,B,04-034-07-000,Cavinti,Laguna,Region IV-A (CALABARZON),Municipality,3rd,R4A,F
[2025-04] 04-056-16-000,2025-04,2025,[04] April,"General Luna, Quezon",[1] Operational,,,,,[A] Operational,B,04-056-16-000,General Luna,Quezon,Region IV-A (CALABARZON),Municipality,4th,R4A,F
[2025-04] 04-056-17-000,2025-04,2025,[04] April,"General Nakar, Quezon",[1] Operational,,,,,[A] Operational,B,04-056-17-000,General Nakar,Quezon,Region IV-A (CALABARZON),Municipality,1st,R4A,F
[2025-04] 04-056-19-000,2025-04,2025,[04] April,"Gumaca, Quezon",[7] To Follow-up,,LGU unresponsive,For visitation,,[C] For Training/Others,B,04-056-19-000,Gumaca,Quezon,Region IV-A (CALABARZON),Municipality,1st,R4A,F
[2025-04] 04-056-20-000,2025-04,2025,[04] April,"Infanta, Quezon",[1] Operational,,,,,[A] Operational,A,04-056-20-000,Infanta,Quezon,Region IV-A (CALABARZON),Municipality,1st,R4A,F
[2025-04] 04-010-12-000,2025-04,2025,[04] April,"Lemery, Batangas",[8] Withdraw,,,,,[D] Withdraw,B,04-010-12-000,Lemery,Batangas,Region IV-A (CALABARZON),Municipality,1st,R4A,F
[2025-04] 04-010-13-000,2025-04,2025,[04] April,"Lian, Batangas",[1] Operational,,,,,[A] Operational,A,04-010-13-000,Lian,Batangas,Region IV-A (CALABARZON),Municipality,3rd,R4A,F
[2025-04] 04-010-16-000,2025-04,2025,[04] April,"Mabini, Batangas",[1] Operational,,,,,[A] Operational,A,04-010-16-000,Mabini,Batangas,Region IV-A (CALABARZON),Municipality,1st,R4A,F
[2025-04] 04-021-12-000,2025-04,2025,[04] April,"Magallanes, Cavite",[1] Operational,,,,,[A] Operational,B,04-021-12-000,Magallanes,Cavite,Region IV-A (CALABARZON),Municipality,4th,R4A,F
[2025-04] 04-056-27-000,2025-04,2025,[04] April,"Mauban, Quezon",[1] Operational,,,,,[A] Operational,A,04-056-27-000,Mauban,Quezon,Region IV-A (CALABARZON),Municipality,1st,R4A,F
[2025-04] 04-021-15-000,2025-04,2025,[04] April,"Naic, Cavite",[1] Operational,,,,,[A] Operational,A,04-021-15-000,Naic,Cavite,Region IV-A (CALABARZON),Municipality,1st,R4A,F
[2025-04] 04-034-18-000,2025-04,2025,[04] April,"Paete, Laguna",[1] Operational,,,,,[A] Operational,B,04-034-18-000,Paete,Laguna,Region IV-A (CALABARZON),Municipality,4th,R4A,F
[2025-04] 04-056-34-000,2025-04,2025,[04] April,"Pitogo, Quezon",[2] Pilot Testing,71%,,,,[B] Developmental,B,04-056-34-000,Pitogo,Quezon,Region IV-A (CALABARZON),Municipality,4th,R4A,F
[2025-04] 04-056-39-000,2025-04,2025,[04] April,"Sampaloc, Quezon",[1] Operational,,,,,[A] Operational,B,04-056-39-000,Sampaloc,Quezon,Region IV-A (CALABARZON),Municipality,5th,R4A,F
[2025-04] 04-010-24-000,2025-04,2025,[04] April,"San Luis, Batangas",[1] Operational,,,,,[A] Operational,B,04-010-24-000,San Luis,Batangas,Region IV-A (CALABARZON),Municipality,4th,R4A,F
[2025-04] 04-010-25-000,2025-04,2025,[04] April,"San Nicolas, Batangas",[1] Operational,,,,"Launched on August 30, 2024",[A] Operational,B,04-010-25-000,San Nicolas,Batangas,Region IV-A (CALABARZON),Municipality,5th,R4A,F
[2025-04] 04-010-27-000,2025-04,2025,[04] April,"Santa Teresita, Batangas",[1] Operational,,,,,[A] Operational,A,04-010-27-000,Santa Teresita,Batangas,Region IV-A (CALABARZON),Municipality,5th,R4A,F
[2025-04] 04-010-29-000,2025-04,2025,[04] April,"Taal, Batangas",[1] Operational,,,,,[A] Operational,A,04-010-29-000,Taal,Batangas,Region IV-A (CALABARZON),Municipality,3rd,R4A,F
[2025-04] 07-022-01-000,2025-04,2025,[04] April,"Alcantara, Cebu",[3] Ongoing Data Build-up,90%,,,,[B] Developmental,B,07-022-01-000,Alcantara,Cebu,Region VII (Central Visayas),Municipality,5th,R7,J
[2025-04] 07-046-01-000,2025-04,2025,[04] April,"Amlan, Negros Oriental",[3] Ongoing Data Build-up,25%,"For refresher Training;
to be scheduled next year",,,[B] Developmental,B,07-046-01-000,Amlan,Negros Oriental,Region VII (Central Visayas),Municipality,4th,R7,J
[2025-04] 07-022-05-000,2025-04,2025,[04] April,"Argao, Cebu",[1] Operational,,,,,[A] Operational,A,07-022-05-000,Argao,Cebu,Region VII (Central Visayas),Municipality,1st,R7,J
[2025-04] 07-022-08-000,2025-04,2025,[04] April,"Balamban, Cebu",[1] Operational,,,,,[A] Operational,A,07-022-08-000,Balamban,Cebu,Region VII (Central Visayas),Municipality,1st,R7,J
[2025-04] 07-046-05-000,2025-04,2025,[04] April,"Basay, Negros Oriental",[1] Operational,,,,,[A] Operational,B,07-046-05-000,Basay,Negros Oriental,Region VII (Central Visayas),Municipality,4th,R7,J
[2025-04] 07-012-09-000,2025-04,2025,[04] April,"Buenavista, Bohol",[1] Operational,,,,,[A] Operational,B,07-012-09-000,Buenavista,Bohol,Region VII (Central Visayas),Municipality,4th,R7,J
[2025-04] 07-012-11-000,2025-04,2025,[04] April,"Candijay, Bohol",[1] Operational,,,,,[A] Operational,B,07-012-11-000,Candijay,Bohol,Region VII (Central Visayas),Municipality,4th,R7,J
[2025-04] 07-046-08-000,2025-04,2025,[04] April,"City of Canlaon, Negros Oriental",[1] Operational,,,,,[A] Operational,B,07-046-08-000,City of Canlaon,Negros Oriental,Region VII (Central Visayas),City,4th,R7,J
[2025-04] 07-313-00-000,2025-04,2025,[04] April,"City of Mandaue, Cebu",[3] Ongoing Data Build-up,25%,,,,[B] Developmental,A,07-313-00-000,City of Mandaue,Cebu,Region VII (Central Visayas),City,1st,R7,J
[2025-04] 07-022-18-000,2025-04,2025,[04] April,"Compostela, Cebu",[3] Ongoing Data Build-up,75%,,,,[B] Developmental,B,07-022-18-000,Compostela,Cebu,Region VII (Central Visayas),Municipality,3rd,R7,J
[2025-04] 07-022-21-000,2025-04,2025,[04] April,"Daanbantayan, Cebu",[3] Ongoing Data Build-up,75%,,,,[B] Developmental,B,07-022-21-000,Daanbantayan,Cebu,Region VII (Central Visayas),Municipality,1st,R7,J
[2025-04] 07-012-18-000,2025-04,2025,[04] April,"Danao, Bohol",[1] Operational,,,,,[A] Operational,B,07-012-18-000,Danao,Bohol,Region VII (Central Visayas),Municipality,4th*,R7,J
[2025-04] 07-022-28-000,2025-04,2025,[04] April,"Madridejos, Cebu",[1] Operational,,,,,[A] Operational,B,07-022-28-000,Madridejos,Cebu,Region VII (Central Visayas),Municipality,4th,R7,J
[2025-04] 07-022-32-000,2025-04,2025,[04] April,"Minglanilla, Cebu",[7] To Follow-up,,"For Refresher Training;
to be scheduled next year",,,[C] For Training/Others,B,07-022-32-000,Minglanilla,Cebu,Region VII (Central Visayas),Municipality,1st,R7,J
[2025-04] 07-022-37-000,2025-04,2025,[04] April,"Pinamungajan, Cebu",[1] Operational,,,,,[A] Operational,A,07-022-37-000,Pinamungajan,Cebu,Region VII (Central Visayas),Municipality,2nd,R7,J
[2025-04] 07-022-40-000,2025-04,2025,[04] April,"Samboan, Cebu",[6] With Concerns,,Waiting for withdrawal letter,,,[C] For Training/Others,B,07-022-40-000,Samboan,Cebu,Region VII (Central Visayas),Municipality,5th,R7,J
[2025-04] 07-022-42-000,2025-04,2025,[04] April,"San Francisco, Cebu",[2] Pilot Testing,100%,"Done Refresher Training last Septmber 17-19, 2024 for the new personnel in-charge | Waiting for actual transaction",,,[B] Developmental,B,07-022-42-000,San Francisco,Cebu,Region VII (Central Visayas),Municipality,3rd,R7,J
[2025-04] 07-046-17-000,2025-04,2025,[04] April,"San Jose, Negros Oriental",[2] Pilot Testing,25%,"For Refresher Training;
to be scheduled next year",,,[B] Developmental,B,07-046-17-000,San Jose,Negros Oriental,Region VII (Central Visayas),Municipality,5th,R7,J
[2025-04] 07-012-44-000,2025-04,2025,[04] April,"Trinidad, Bohol",[1] Operational,,,,,[A] Operational,B,07-012-44-000,Trinidad,Bohol,Region VII (Central Visayas),Municipality,3rd,R7,J
[2025-04] 07-022-52-000,2025-04,2025,[04] April,"Tuburan, Cebu",[1] Operational,,,,,[A] Operational,A,07-022-52-000,Tuburan,Cebu,Region VII (Central Visayas),Municipality,2nd,R7,J
[2025-04] 07-022-53-000,2025-04,2025,[04] April,"Tudela, Cebu",[1] Operational,,,,,[A] Operational,A,07-022-53-000,Tudela,Cebu,Region VII (Central Visayas),Municipality,5th,R7,J
[2025-04] 08-037-01-000,2025-04,2025,[04] April,"Abuyog, Leyte",[2] Pilot Testing,80%,,"For deletion of test data, pending implementation","For deletion of test data, pending implementation",[B] Developmental,B,08-037-01-000,Abuyog,Leyte,Region VIII (Eastern Visayas),Municipality,1st*,R8,K
[2025-04] 08-037-02-000,2025-04,2025,[04] April,"Alangalang, Leyte",[1] Operational,,,,Normal Operations,[A] Operational,A,08-037-02-000,Alangalang,Leyte,Region VIII (Eastern Visayas),Municipality,2nd,R8,K
[2025-04] 08-060-02-000,2025-04,2025,[04] April,"Basey, Samar",[1] Operational,,,,Normal Operations,[A] Operational,B,08-060-02-000,Basey,Samar,Region VIII (Eastern Visayas),Municipality,1st,R8,K
[2025-04] 08-037-15-000,2025-04,2025,[04] April,"Carigara, Leyte",[1] Operational,,,,Normal Operations,[A] Operational,B,08-037-15-000,Carigara,Leyte,Region VIII (Eastern Visayas),Municipality,2nd,R8,K
[2025-04] 08-026-04-000,2025-04,2025,[04] April,"City of Borongan, Eastern Samar",[1] Operational,,,,Normal Operations,[A] Operational,A,08-026-04-000,City of Borongan,Eastern Samar,Region VIII (Eastern Visayas),City,1st (as Mun),R8,K
[2025-04] 08-064-07-000,2025-04,2025,[04] April,"City of Maasin, Southern Leyte",[1] Operational,,,,Normal Operations,[A] Operational,A,08-064-07-000,City of Maasin,Southern Leyte,Region VIII (Eastern Visayas),City,4th,R8,K
[2025-04] 08-060-07-000,2025-04,2025,[04] April,"Gandara, Samar",[2] Pilot Testing,95%,Internet Connectivity Issues - Unstable Connection,Forwarded follow letter to LGU regarding their implementation but no response.,Internet Connectivity Issues - Unstable ConnectionForwarded follow letter to LGU regarding their implementation but no response.,[B] Developmental,B,08-060-07-000,Gandara,Samar,Region VIII (Eastern Visayas),Municipality,2nd,R8,K
[2025-04] 08-026-09-000,2025-04,2025,[04] April,"Guiuan, Eastern Samar",[1] Operational,,,,Normal Operations,[A] Operational,B,08-026-09-000,Guiuan,Eastern Samar,Region VIII (Eastern Visayas),Municipality,2nd,R8,K
[2025-04] 08-037-20-000,2025-04,2025,[04] April,"Hindang, Leyte",[1] Operational,,,,Normal Operations,[A] Operational,B,08-037-20-000,Hindang,Leyte,Region VIII (Eastern Visayas),Municipality,5th,R8,K
[2025-04] 08-037-24-000,2025-04,2025,[04] April,"Javier, Leyte",[1] Operational,,,,,[A] Operational,B,08-037-24-000,Javier,Leyte,Region VIII (Eastern Visayas),Municipality,4th*,R8,K
[2025-04] 08-060-09-000,2025-04,2025,[04] April,"Jiabong, Samar",[1] Operational,,,,Normal Operations,[A] Operational,B,08-060-09-000,Jiabong,Samar,Region VIII (Eastern Visayas),Municipality,5th,R8,K
[2025-04] 08-037-26-000,2025-04,2025,[04] April,"Kananga, Leyte",[1] Operational,,,,Normal Operations,[A] Operational,A,08-037-26-000,Kananga,Leyte,Region VIII (Eastern Visayas),Municipality,1st,R8,K
[2025-04] 08-078-06-000,2025-04,2025,[04] April,"Kawayan, Biliran",[8] Withdraw,,,,Withdrawn,[D] Withdraw,B,08-078-06-000,Kawayan,Biliran,Region VIII (Eastern Visayas),Municipality,5th*,R8,K
[2025-04] 08-037-28-000,2025-04,2025,[04] April,"La Paz, Leyte",[1] Operational,,,,Normal Operations,[A] Operational,B,08-037-28-000,La Paz,Leyte,Region VIII (Eastern Visayas),Municipality,5th*,R8,K
[2025-04] 08-037-29-000,2025-04,2025,[04] April,"Leyte, Leyte",[1] Operational,,,,Normal Operations,[A] Operational,A,08-037-29-000,Leyte,Leyte,Region VIII (Eastern Visayas),Municipality,4th*,R8,K
[2025-04] 08-064-08-000,2025-04,2025,[04] April,"Macrohon, Southern Leyte",[1] Operational,,,,Normal Operations,[A] Operational,A,08-064-08-000,Macrohon,Southern Leyte,Region VIII (Eastern Visayas),Municipality,4th,R8,K
[2025-04] 08-078-08-000,2025-04,2025,[04] April,"Naval, Biliran",[1] Operational,,,,Normal Operations,[A] Operational,A,08-078-08-000,Naval,Biliran,Region VIII (Eastern Visayas),Municipality,2nd,R8,K
[2025-04] 08-037-39-000,2025-04,2025,[04] April,"Palo, Leyte",[1] Operational,,,,Normal Operations,[A] Operational,A,08-037-39-000,Palo,Leyte,Region VIII (Eastern Visayas),Municipality,3rd,R8,K
[2025-04] 08-048-15-000,2025-04,2025,[04] April,"Pambujan, Northern Samar",[1] Operational,,,,Normal Operations,[A] Operational,A,08-048-15-000,Pambujan,Northern Samar,Region VIII (Eastern Visayas),Municipality,4th,R8,K
[2025-04] 08-037-41-000,2025-04,2025,[04] April,"Pastrana, Leyte",[1] Operational,,,,Zero transactions for the month of April 2025,[A] Operational,A,08-037-41-000,Pastrana,Leyte,Region VIII (Eastern Visayas),Municipality,5th*,R8,K
[2025-04] 08-064-14-000,2025-04,2025,[04] April,"San Juan, Southern Leyte",[1] Operational,,,,Normal Operations,[A] Operational,A,08-064-14-000,San Juan,Southern Leyte,Region VIII (Eastern Visayas),Municipality,5th,R8,K
[2025-04] 08-048-20-000,2025-04,2025,[04] April,"San Roque, Northern Samar",[1] Operational,,,,Normal Operations,[A] Operational,A,08-048-20-000,San Roque,Northern Samar,Region VIII (Eastern Visayas),Municipality,4th,R8,K
[2025-04] 08-064-17-000,2025-04,2025,[04] April,"Sogod, Southern Leyte",[1] Operational,,,,Normal Operations,[A] Operational,A,08-064-17-000,Sogod,Southern Leyte,Region VIII (Eastern Visayas),Municipality,2nd,R8,K
[2025-04] 08-064-18-000,2025-04,2025,[04] April,"Tomas Oppus, Southern Leyte",[1] Operational,,,,Normal Operations,[A] Operational,A,08-064-18-000,Tomas Oppus,Southern Leyte,Region VIII (Eastern Visayas),Municipality,5th,R8,K
[2025-04] 19-066-13-000,2025-04,2025,[04] April,"Talipao, Sulu",[3] Ongoing Data Build-up,50%,,,,[B] Developmental,B,19-066-13-000,Talipao,Sulu,Bangsamoro Autonomous Region In Muslim Mindanao (BARMM),Municipality,1st,BARMM I,M
[2025-04] 09-073-08-000,2025-04,2025,[04] April,"Dumingag, Zamboanga del Sur",[3] Ongoing Data Build-up,50%,,,,[B] Developmental,B,09-073-08-000,Dumingag,Zamboanga del Sur,Region IX (Zamboanga Peninsula),Municipality,2nd,R9,L
[2025-04] 09-073-43-000,2025-04,2025,[04] April,"Guipos, Zamboanga del Sur",[3] Ongoing Data Build-up,50%,,,,[B] Developmental,B,09-073-43-000,Guipos,Zamboanga del Sur,Region IX (Zamboanga Peninsula),Municipality,4th,R9,L
[2025-04] 09-073-12-000,2025-04,2025,[04] April,"Labangan, Zamboanga del Sur",[6] With Concerns,,Understaff,,,[C] For Training/Others,B,09-073-12-000,Labangan,Zamboanga del Sur,Region IX (Zamboanga Peninsula),Municipality,3rd,R9,L
[2025-04] 09-073-33-000,2025-04,2025,[04] April,"Lakewood, Zamboanga del Sur",[2] Pilot Testing,75%,,,,[B] Developmental,B,09-073-33-000,Lakewood,Zamboanga del Sur,Region IX (Zamboanga Peninsula),Municipality,4th,R9,L
[2025-04] 09-072-10-000,2025-04,2025,[04] April,"Polanco, Zamboanga del Norte",[1] Operational,,,,,[A] Operational,A,09-072-10-000,Polanco,Zamboanga del Norte,Region IX (Zamboanga Peninsula),Municipality,3rd,R9,L
[2025-04] 09-072-11-000,2025-04,2025,[04] April,"Pres. Manuel A. Roxas, Zamboanga del Norte",[2] Pilot Testing,75%,,,,[B] Developmental,B,09-072-11-000,Pres. Manuel A. Roxas,Zamboanga del Norte,Region IX (Zamboanga Peninsula),Municipality,2nd,R9,L
[2025-04] 09-072-12-000,2025-04,2025,[04] April,"Rizal, Zamboanga del Norte",[2] Pilot Testing,25%,,,,[B] Developmental,B,09-072-12-000,Rizal,Zamboanga del Norte,Region IX (Zamboanga Peninsula),Municipality,5th,R9,L
[2025-04] 09-073-25-000,2025-04,2025,[04] April,"San Pablo, Zamboanga del Sur",[2] Pilot Testing,75%,,,,[B] Developmental,B,09-073-25-000,San Pablo,Zamboanga del Sur,Region IX (Zamboanga Peninsula),Municipality,4th*,R9,L
[2025-04] 09-072-15-000,2025-04,2025,[04] April,"Siayan, Zamboanga del Norte",[1] Operational,,,,,[A] Operational,B,09-072-15-000,Siayan,Zamboanga del Norte,Region IX (Zamboanga Peninsula),Municipality,2nd,R9,L
[2025-04] 09-072-18-000,2025-04,2025,[04] April,"Sindangan, Zamboanga del Norte",[3] Ongoing Data Build-up,50%,,,,[B] Developmental,B,09-072-18-000,Sindangan,Zamboanga del Norte,Region IX (Zamboanga Peninsula),Municipality,1st,R9,L
[2025-04] 09-083-15-000,2025-04,2025,[04] April,"Titay, Zamboanga Sibugay",[1] Operational,,,,,[A] Operational,A,09-083-15-000,Titay,Zamboanga Sibugay,Region IX (Zamboanga Peninsula),Municipality,2nd,R9,L
[2025-04] 16-003-12-000,2025-04,2025,[04] April,"Trento, Agusan del Sur",[2] Pilot Testing,100%,,,,[B] Developmental,B,16-003-12-000,Trento,Agusan del Sur,Region XIII (Caraga),Municipality,1st,R13,O
[2025-04] 16-002-07-000,2025-04,2025,[04] April,"Las Nieves, Agusan del Norte",[1] Operational,,,,,[A] Operational,A,16-002-07-000,Las Nieves,Agusan del Norte,Region XIII (Caraga),Municipality,2nd,R13,O
[2025-04] 16-068-02-000,2025-04,2025,[04] April,"Bayabas, Surigao del Sur",[1] Operational,,,,,[A] Operational,A,16-068-02-000,Bayabas,Surigao del Sur,Region XIII (Caraga),Municipality,5th,R13,O
[2025-04] 16-068-06-000,2025-04,2025,[04] April,"Carmen, Surigao del Sur",[1] Operational,,,,,[A] Operational,A,16-068-06-000,Carmen,Surigao del Sur,Region XIII (Caraga),Municipality,5th,R13,O
[2025-04] 16-068-12-000,2025-04,2025,[04] April,"Lingig, Surigao del Sur",[7] To Follow-up,,"Last Status: For Data Buildup
Unresponsive LGU",,,[C] For Training/Others,B,16-068-12-000,Lingig,Surigao del Sur,Region XIII (Caraga),Municipality,2nd,R13,O
[2025-04] 16-068-15-000,2025-04,2025,[04] April,"San Agustin, Surigao del Sur",[2] Pilot Testing,100%,,,,[B] Developmental,A,16-068-15-000,San Agustin,Surigao del Sur,Region XIII (Caraga),Municipality,4th,R13,O
[2025-04] 16-068-16-000,2025-04,2025,[04] April,"San Miguel, Surigao del Sur",[2] Pilot Testing,95%,,,,[B] Developmental,B,16-068-16-000,San Miguel,Surigao del Sur,Region XIII (Caraga),Municipality,1st,R13,O
[2025-04] 16-068-17-000,2025-04,2025,[04] April,"Tagbina, Surigao del Sur",[1] Operational,,,,,[A] Operational,A,16-068-17-000,Tagbina,Surigao del Sur,Region XIII (Caraga),Municipality,2nd,R13,O
[2025-04] 16-068-18-000,2025-04,2025,[04] April,"Tago, Surigao del Sur",[1] Operational,,,,,[A] Operational,B,16-068-18-000,Tago,Surigao del Sur,Region XIII (Caraga),Municipality,2nd,R13,O
[2025-04] 16-067-23-000,2025-04,2025,[04] April,"Socorro, Surigao del Norte",[1] Operational,,,,,[A] Operational,B,16-067-23-000,Socorro,Surigao del Norte,Region XIII (Caraga),Municipality,4th,R13,O
[2025-04] 16-067-25-000,2025-04,2025,[04] April,"Tagana-An, Surigao del Norte",[1] Operational,,,,,[A] Operational,A,16-067-25-000,Tagana-An,Surigao del Norte,Region XIII (Caraga),Municipality,5th*,R13,O
[2025-04] 16-067-27-000,2025-04,2025,[04] April,"Tubod, Surigao del Norte",[1] Operational,,,,,[A] Operational,A,16-067-27-000,Tubod,Surigao del Norte,Region XIII (Caraga),Municipality,5th,R13,O
[2025-04] 11-025-03-000,2025-04,2025,[04] April,"Boston, Davao Oriental",[1] Operational,,,,,[A] Operational,A,11-025-03-000,Boston,Davao Oriental,Region XI (Davao Region),Municipality,3rd,R11,P
[2025-04] 11-025-05-000,2025-04,2025,[04] April,"Cateel, Davao Oriental",[1] Operational,,,,,[A] Operational,A,11-025-05-000,Cateel,Davao Oriental,Region XI (Davao Region),Municipality,2nd,R11,P
[2025-04] 11-024-03-000,2025-04,2025,[04] April,"City of Digos, Davao del Sur",[1] Operational,,,,,[A] Operational,B,11-024-03-000,City of Digos,Davao del Sur,Region XI (Davao Region),City,2nd,R11,P
[2025-04] 11-025-09-000,2025-04,2025,[04] April,"City of Mati, Davao Oriental",[1] Operational,,,,,[A] Operational,A,11-025-09-000,City of Mati,Davao Oriental,Region XI (Davao Region),City,5th,R11,P
[2025-04] 11-025-06-000,2025-04,2025,[04] April,"Governor Generoso, Davao Oriental",[2] Pilot Testing,50%,,,,[B] Developmental,A,11-025-06-000,Governor Generoso,Davao Oriental,Region XI (Davao Region),Municipality,2nd,R11,P
[2025-04] 11-025-07-000,2025-04,2025,[04] April,"Lupon, Davao Oriental",[1] Operational,,,,,[A] Operational,B,11-025-07-000,Lupon,Davao Oriental,Region XI (Davao Region),Municipality,1st,R11,P
[2025-04] 11-024-08-000,2025-04,2025,[04] April,"Malalag, Davao del Sur",[1] Operational,,,,,[A] Operational,A,11-024-08-000,Malalag,Davao del Sur,Region XI (Davao Region),Municipality,2nd,R11,P
[2025-04] 11-025-08-000,2025-04,2025,[04] April,"Manay, Davao Oriental",[1] Operational,,,,,[A] Operational,A,11-025-08-000,Manay,Davao Oriental,Region XI (Davao Region),Municipality,2nd,R11,P
[2025-04] 11-082-05-000,2025-04,2025,[04] April,"Maragusan, Davao de Oro",[1] Operational,,,,,[A] Operational,B,11-082-05-000,Maragusan,Davao de Oro,Region XI (Davao Region),Municipality,1st,R11,P
[2025-04] 11-024-10-000,2025-04,2025,[04] April,"Matanao, Davao del Sur",[1] Operational,,,,,[A] Operational,A,11-024-10-000,Matanao,Davao del Sur,Region XI (Davao Region),Municipality,2nd,R11,P
[2025-04] 11-024-11-000,2025-04,2025,[04] April,"Padada, Davao del Sur",[1] Operational,,,,,[A] Operational,B,11-024-11-000,Padada,Davao del Sur,Region XI (Davao Region),Municipality,3rd,R11,P
[2025-04] 11-024-12-000,2025-04,2025,[04] April,"Santa Cruz, Davao del Sur",[3] Ongoing Data Build-up,100%,,,,[B] Developmental,A,11-024-12-000,Santa Cruz,Davao del Sur,Region XI (Davao Region),Municipality,1st,R11,P
[2025-04] 11-024-14-000,2025-04,2025,[04] April,"Sulop, Davao del Sur",[1] Operational,,,,,[A] Operational,A,11-024-14-000,Sulop,Davao del Sur,Region XI (Davao Region),Municipality,3rd,R11,P
[2025-04] 11-025-11-000,2025-04,2025,[04] April,"Tarragona, Davao Oriental",[1] Operational,,,,,[A] Operational,B,11-025-11-000,Tarragona,Davao Oriental,Region XI (Davao Region),Municipality,3rd,R11,P
[2025-04] 19-087-13-000,2025-04,2025,[04] April,"Upi, Maguindanao del Norte",[1] Operational,,,,,[A] Operational,A,19-087-13-000,Upi,Maguindanao del Norte,Bangsamoro Autonomous Region In Muslim Mindanao (BARMM),Municipality,1st,BARMM II,R
[2025-04] 14-032-13-000,2025-04,2025,[04] April,"City of Tabuk, Kalinga",[1] Operational,,,,,[A] Operational,B,14-032-13-000,City of Tabuk,Kalinga,Cordillera Administrative Region (CAR),City,5th,CAR,B
[2025-04] 03-049-01-000,2025-04,2025,[04] April,"Aliaga, Nueva Ecija",[8] Withdraw,,,,,[D] Withdraw,B,03-049-01-000,Aliaga,Nueva Ecija,Region III (Central Luzon),Municipality,2nd,R3,E
[2025-04] 03-054-03-000,2025-04,2025,[04] April,"Arayat, Pampanga",[1] Operational,,,,,[A] Operational,A,03-054-03-000,Arayat,Pampanga,Region III (Central Luzon),Municipality,1st,R3,E
[2025-04] 03-077-01-000,2025-04,2025,[04] April,"Baler, Aurora",[1] Operational,,,,,[A] Operational,A,03-077-01-000,Baler,Aurora,Region III (Central Luzon),Municipality,3rd,R3,E
[2025-04] 03-049-04-000,2025-04,2025,[04] April,"Cabiao, Nueva Ecija",[3] Ongoing Data Build-up,88%,Requesting for refresher training,,,[B] Developmental,B,03-049-04-000,Cabiao,Nueva Ecija,Region III (Central Luzon),Municipality,1st,R3,E
[2025-04] 03-077-02-000,2025-04,2025,[04] April,"Casiguran, Aurora",[1] Operational,,,,,[A] Operational,A,03-077-02-000,Casiguran,Aurora,Region III (Central Luzon),Municipality,2nd,R3,E
[2025-04] 03-014-12-000,2025-04,2025,[04] April,"City of Meycauayan, Bulacan",[8] Withdraw,,"Withdrawal Letter - Meycauayan City, Bulacan",Last Status Ongoing Data Build-up 25%,,[D] Withdraw,B,03-014-12-000,City of Meycauayan,Bulacan,Region III (Central Luzon),City,3rd,R3,E
[2025-04] 03-314-00-000,2025-04,2025,[04] April,"City of Olongapo, Zambales",[3] Ongoing Data Build-up,60%,lack of Staff,For Visitation,,[B] Developmental,B,03-314-00-000,City of Olongapo,Zambales,Region III (Central Luzon),City,1st,R3,E
[2025-04] 03-049-19-000,2025-04,2025,[04] April,"City of Palayan, Nueva Ecija",[2] Pilot Testing,50%,lack of Staff,for visitation,,[B] Developmental,B,03-049-19-000,City of Palayan,Nueva Ecija,Region III (Central Luzon),City,5th,R3,E
[2025-04] 03-077-05-000,2025-04,2025,[04] April,"Dingalan, Aurora",[2] Pilot Testing,99%,,,,[B] Developmental,B,03-077-05-000,Dingalan,Aurora,Region III (Central Luzon),Municipality,3rd,R3,E
[2025-04] 03-077-06-000,2025-04,2025,[04] April,"Dipaculao, Aurora",[1] Operational,,,,,[A] Operational,B,03-077-06-000,Dipaculao,Aurora,Region III (Central Luzon),Municipality,3rd,R3,E
[2025-04] 03-049-07-000,2025-04,2025,[04] April,"Gabaldon, Nueva Ecija",[2] Pilot Testing,71%,Requesting for refresher training,for visitation,,[B] Developmental,B,03-049-07-000,Gabaldon,Nueva Ecija,Region III (Central Luzon),Municipality,4th,R3,E
[2025-04] 03-069-06-000,2025-04,2025,[04] April,"Gerona, Tarlac",[1] Operational,,,,,[A] Operational,B,03-069-06-000,Gerona,Tarlac,Region III (Central Luzon),Municipality,1st,R3,E
[2025-04] 03-071-05-000,2025-04,2025,[04] April,"Iba, Zambales",[2] Pilot Testing,85%,for launching phase,for visitation,,[B] Developmental,B,03-071-05-000,Iba,Zambales,Region III (Central Luzon),Municipality,2nd,R3,E
[2025-04] 03-008-06-000,2025-04,2025,[04] April,"Limay, Bataan",[6] With Concerns,,Internet connectivity issue and new staff,"Sent Notice Letter, awaiting for their reply
Intends to withdraw",,[C] For Training/Others,B,03-008-06-000,Limay,Bataan,Region III (Central Luzon),Municipality,1st,R3,E
[2025-04] 03-054-10-000,2025-04,2025,[04] April,"Macabebe, Pampanga",[6] With Concerns,,New LGU Staff and Internet connectivity issue,"intended to withdraw
waiting for the withdrawal letter",,[C] For Training/Others,B,03-054-10-000,Macabebe,Pampanga,Region III (Central Luzon),Municipality,1st,R3,E
[2025-04] 03-077-07-000,2025-04,2025,[04] April,"Maria Aurora, Aurora",[1] Operational,,,,,[A] Operational,A,03-077-07-000,Maria Aurora,Aurora,Region III (Central Luzon),Municipality,2nd,R3,E
[2025-04] 03-014-13-000,2025-04,2025,[04] April,"Norzagaray, Bulacan",[1] Operational,,,,,[A] Operational,A,03-014-13-000,Norzagaray,Bulacan,Region III (Central Luzon),Municipality,1st,R3,E
[2025-04] 03-071-09-000,2025-04,2025,[04] April,"San Antonio, Zambales",[2] Pilot Testing,97%,,renovation of municipal hall,,[B] Developmental,B,03-071-09-000,San Antonio,Zambales,Region III (Central Luzon),Municipality,2nd,R3,E
[2025-04] 03-054-17-000,2025-04,2025,[04] April,"San Luis, Pampanga",[6] With Concerns,,"Still on process of familiarizing the whole system
for pilot testing 30%
Unresponsive LGU",for visitation,,[C] For Training/Others,B,03-054-17-000,San Luis,Pampanga,Region III (Central Luzon),Municipality,3rd,R3,E
[2025-04] 03-071-12-000,2025-04,2025,[04] April,"San Narciso, Zambales",[1] Operational,,,,,[A] Operational,A,03-071-12-000,San Narciso,Zambales,Region III (Central Luzon),Municipality,4th,R3,E
[2025-04] 03-069-15-000,2025-04,2025,[04] April,"Santa Ignacia, Tarlac",[1] Operational,,,,,[A] Operational,A,03-069-15-000,Santa Ignacia,Tarlac,Region III (Central Luzon),Municipality,2nd,R3,E
[2025-04] 03-049-32-000,2025-04,2025,[04] April,"Zaragoza, Nueva Ecija",[2] Pilot Testing,99%,,for launching phase,,[B] Developmental,B,03-049-32-000,Zaragoza,Nueva Ecija,Region III (Central Luzon),Municipality,3rd,R3,E
[2025-04] 17-059-01-000,2025-04,2025,[04] April,"Alcantara, Romblon",[2] Pilot Testing,50%,,,,[B] Developmental,#N/A,17-059-01-000,Alcantara,Romblon,MIMAROPA Region,Municipality,5th,R4B,G
[2025-04] 17-052-01-000,2025-04,2025,[04] April,"Baco, Oriental Mindoro",[1] Operational,,,,,[A] Operational,B,17-052-01-000,Baco,Oriental Mindoro,MIMAROPA Region,Municipality,3rd,R4B,G
[2025-04] 17-059-02-000,2025-04,2025,[04] April,"Banton, Romblon",[1] Operational,,,,,[A] Operational,B,17-059-02-000,Banton,Romblon,MIMAROPA Region,Municipality,5th,R4B,G
[2025-04] 17-053-07-000,2025-04,2025,[04] April,"Busuanga, Palawan",[1] Operational,,,,,[A] Operational,A,17-053-07-000,Busuanga,Palawan,MIMAROPA Region,Municipality,3rd,R4B,G
[2025-04] 17-051-02-000,2025-04,2025,[04] April,"Calintaan, Occidental Mindoro",[2] Pilot Testing,50%,,,,[B] Developmental,#N/A,17-051-02-000,Calintaan,Occidental Mindoro,MIMAROPA Region,Municipality,3rd,R4B,G
[2025-04] 17-053-09-000,2025-04,2025,[04] April,"Coron, Palawan",[1] Operational,,,,,[A] Operational,B,17-053-09-000,Coron,Palawan,MIMAROPA Region,Municipality,1st,R4B,G
[2025-04] 17-053-12-000,2025-04,2025,[04] April,"El Nido, Palawan",[1] Operational,,,,,[A] Operational,A,17-053-12-000,El Nido,Palawan,MIMAROPA Region,Municipality,1st,R4B,G
[2025-04] 17-059-16-000,2025-04,2025,[04] April,"Ferrol, Romblon",[1] Operational,,,,,[A] Operational,A,17-059-16-000,Ferrol,Romblon,MIMAROPA Region,Municipality,6th,R4B,G
[2025-04] 17-052-06-000,2025-04,2025,[04] April,"Gloria, Oriental Mindoro",[1] Operational,,,,,[A] Operational,B,17-052-06-000,Gloria,Oriental Mindoro,MIMAROPA Region,Municipality,3rd,R4B,G
[2025-04] 17-059-07-000,2025-04,2025,[04] April,"Looc, Romblon",[1] Operational,,,,,[A] Operational,A,17-059-07-000,Looc,Romblon,MIMAROPA Region,Municipality,4th,R4B,G
[2025-04] 17-052-09-000,2025-04,2025,[04] April,"Pinamalayan, Oriental Mindoro",[1] Operational,,,,,[A] Operational,B,17-052-09-000,Pinamalayan,Oriental Mindoro,MIMAROPA Region,Municipality,1st,R4B,G
[2025-04] 17-051-08-000,2025-04,2025,[04] April,"Rizal, Occidental Mindoro",[1] Operational,,,,,[A] Operational,B,17-051-08-000,Rizal,Occidental Mindoro,MIMAROPA Region,Municipality,3rd,R4B,G
[2025-04] 17-051-09-000,2025-04,2025,[04] April,"Sablayan, Occidental Mindoro",[1] Operational,,,,,[A] Operational,A,17-051-09-000,Sablayan,Occidental Mindoro,MIMAROPA Region,Municipality,1st,R4B,G
[2025-04] 17-051-10-000,2025-04,2025,[04] April,"San Jose, Occidental Mindoro",[1] Operational,,,,,[A] Operational,A,17-051-10-000,San Jose,Occidental Mindoro,MIMAROPA Region,Municipality,1st,R4B,G
[2025-04] 17-052-13-000,2025-04,2025,[04] April,"San Teodoro, Oriental Mindoro",[1] Operational,,,,,[A] Operational,B,17-052-13-000,San Teodoro,Oriental Mindoro,MIMAROPA Region,Municipality,4th,R4B,G
[2025-04] 17-053-19-000,2025-04,2025,[04] April,"San Vicente, Palawan",[1] Operational,,,,,[A] Operational,A,17-053-19-000,San Vicente,Palawan,MIMAROPA Region,Municipality,1st,R4B,G
[2025-04] 06-030-02-000,2025-04,2025,[04] April,"Alimodian, Iloilo",[1] Operational,,,,,[A] Operational,B,06-030-02-000,Alimodian,Iloilo,Region VI (Western Visayas),Municipality,3rd,R6,I
[2025-04] 06-030-03-000,2025-04,2025,[04] April,"Anilao, Iloilo",[1] Operational,,,,,[A] Operational,B,06-030-03-000,Anilao,Iloilo,Region VI (Western Visayas),Municipality,4th,R6,I
[2025-04] 06-030-05-000,2025-04,2025,[04] April,"Balasan, Iloilo",[1] Operational,,,,,[A] Operational,B,06-030-05-000,Balasan,Iloilo,Region VI (Western Visayas),Municipality,4th,R6,I
[2025-04] 06-006-02-000,2025-04,2025,[04] April,"Barbaza, Antique",[1] Operational,,,,,[A] Operational,B,06-006-02-000,Barbaza,Antique,Region VI (Western Visayas),Municipality,4th,R6,I
[2025-04] 06-030-07-000,2025-04,2025,[04] April,"Barotac Nuevo, Iloilo",[1] Operational,,,,,[A] Operational,B,06-030-07-000,Barotac Nuevo,Iloilo,Region VI (Western Visayas),Municipality,2nd,R6,I
[2025-04] 06-030-08-000,2025-04,2025,[04] April,"Barotac Viejo, Iloilo",[5] For Training,,,,,[C] For Training/Others,B,06-030-08-000,Barotac Viejo,Iloilo,Region VI (Western Visayas),Municipality,3rd,R6,I
[2025-04] 06-030-10-000,2025-04,2025,[04] April,"Bingawan, Iloilo",[1] Operational,,,,,[A] Operational,B,06-030-10-000,Bingawan,Iloilo,Region VI (Western Visayas),Municipality,5th,R6,I
[2025-04] 06-079-01-000,2025-04,2025,[04] April,"Buenavista, Guimaras",[1] Operational,,,,,[A] Operational,B,06-079-01-000,Buenavista,Guimaras,Region VI (Western Visayas),Municipality,2nd,R6,I
[2025-04] 06-006-04-000,2025-04,2025,[04] April,"Bugasong, Antique",[1] Operational,,,,,[A] Operational,A,06-006-04-000,Bugasong,Antique,Region VI (Western Visayas),Municipality,3rd,R6,I
[2025-04] 06-030-12-000,2025-04,2025,[04] April,"Cabatuan, Iloilo",[1] Operational,,,,,[A] Operational,B,06-030-12-000,Cabatuan,Iloilo,Region VI (Western Visayas),Municipality,2nd,R6,I
[2025-04] 06-030-13-000,2025-04,2025,[04] April,"Calinog, Iloilo",[1] Operational,,,,,[A] Operational,A,06-030-13-000,Calinog,Iloilo,Region VI (Western Visayas),Municipality,1st,R6,I
[2025-04] 06-302-00-000,2025-04,2025,[04] April,"City of Bacolod, Negros Occidental",[1] Operational,,,,,[A] Operational,A,06-302-00-000,City of Bacolod,Negros Occidental,Region VI (Western Visayas),City,1st,R6,I
[2025-04] 06-045-10-000,2025-04,2025,[04] April,"City of Himamaylan, Negros Occidental",[1] Operational,,,,,[A] Operational,A,06-045-10-000,City of Himamaylan,Negros Occidental,Region VI (Western Visayas),City,3rd,R6,I
[2025-04] 06-045-15-000,2025-04,2025,[04] April,"City of Kabankalan, Negros Occidental",[1] Operational,,,,,[A] Operational,B,06-045-15-000,City of Kabankalan,Negros Occidental,Region VI (Western Visayas),City,1st,R6,I
[2025-04] 06-045-27-000,2025-04,2025,[04] April,"City of Sipalay, Negros Occidental",[1] Operational,,,,,[A] Operational,A,06-045-27-000,City of Sipalay,Negros Occidental,Region VI (Western Visayas),City,4th,R6,I
[2025-04] 06-030-15-000,2025-04,2025,[04] April,"Concepcion, Iloilo",[1] Operational,,,,,[A] Operational,B,06-030-15-000,Concepcion,Iloilo,Region VI (Western Visayas),Municipality,3rd,R6,I
[2025-04] 06-030-16-000,2025-04,2025,[04] April,"Dingle, Iloilo",[1] Operational,,,,,[A] Operational,A,06-030-16-000,Dingle,Iloilo,Region VI (Western Visayas),Municipality,3rd,R6,I
[2025-04] 06-045-11-000,2025-04,2025,[04] April,"Hinigaran, Negros Occidental",[1] Operational,,,,,[A] Operational,B,06-045-11-000,Hinigaran,Negros Occidental,Region VI (Western Visayas),Municipality,1st,R6,I
[2025-04] 06-030-23-000,2025-04,2025,[04] April,"Janiuay, Iloilo",[1] Operational,,,,,[A] Operational,B,06-030-23-000,Janiuay,Iloilo,Region VI (Western Visayas),Municipality,1st,R6,I
[2025-04] 06-030-25-000,2025-04,2025,[04] April,"Lambunao, Iloilo",[5] For Training,,,,,[C] For Training/Others,B,06-030-25-000,Lambunao,Iloilo,Region VI (Western Visayas),Municipality,1st,R6,I
[2025-04] 06-006-09-000,2025-04,2025,[04] April,"Laua-An, Antique",[1] Operational,,,,,[A] Operational,A,06-006-09-000,Laua-An,Antique,Region VI (Western Visayas),Municipality,4th,R6,I
[2025-04] 06-006-10-000,2025-04,2025,[04] April,"Libertad, Antique",[1] Operational,,,,,[A] Operational,A,06-006-10-000,Libertad,Antique,Region VI (Western Visayas),Municipality,5th,R6,I
[2025-04] 06-045-18-000,2025-04,2025,[04] April,"Manapla, Negros Occidental",[1] Operational,,,,,[A] Operational,B,06-045-18-000,Manapla,Negros Occidental,Region VI (Western Visayas),Municipality,2nd,R6,I
[2025-04] 06-030-30-000,2025-04,2025,[04] April,"Miagao, Iloilo",[5] For Training,,,,,[C] For Training/Others,B,06-030-30-000,Miagao,Iloilo,Region VI (Western Visayas),Municipality,1st,R6,I
[2025-04] 06-030-31-000,2025-04,2025,[04] April,"Mina, Iloilo",[1] Operational,,,,,[A] Operational,A,06-030-31-000,Mina,Iloilo,Region VI (Western Visayas),Municipality,5th,R6,I
[2025-04] 06-045-19-000,2025-04,2025,[04] April,"Moises Padilla, Negros Occidental",[1] Operational,,,,,[A] Operational,B,06-045-19-000,Moises Padilla,Negros Occidental,Region VI (Western Visayas),Municipality,3rd,R6,I
[2025-04] 06-030-32-000,2025-04,2025,[04] April,"New Lucena, Iloilo",[1] Operational,,,,,[A] Operational,B,06-030-32-000,New Lucena,Iloilo,Region VI (Western Visayas),Municipality,4th,R6,I
[2025-04] 06-004-15-000,2025-04,2025,[04] April,"New Washington, Aklan",[1] Operational,,,,,[A] Operational,A,06-004-15-000,New Washington,Aklan,Region VI (Western Visayas),Municipality,3rd,R6,I
[2025-04] 06-030-34-000,2025-04,2025,[04] April,"Oton, Iloilo",[8] Withdraw,,,,,[D] Withdraw,B,06-030-34-000,Oton,Iloilo,Region VI (Western Visayas),Municipality,1st,R6,I
[2025-04] 06-006-11-000,2025-04,2025,[04] April,"Pandan, Antique",[1] Operational,,,,,[A] Operational,A,06-006-11-000,Pandan,Antique,Region VI (Western Visayas),Municipality,4th,R6,I
[2025-04] 06-006-12-000,2025-04,2025,[04] April,"Patnongon, Antique",[1] Operational,,,,,[A] Operational,A,06-006-12-000,Patnongon,Antique,Region VI (Western Visayas),Municipality,3rd,R6,I
[2025-04] 06-030-40-000,2025-04,2025,[04] April,"San Joaquin, Iloilo",[5] For Training,,,,,[C] For Training/Others,B,06-030-40-000,San Joaquin,Iloilo,Region VI (Western Visayas),Municipality,2nd,R6,I
[2025-04] 06-006-14-000,2025-04,2025,[04] April,"San Remigio, Antique",[1] Operational,,,,,[A] Operational,A,06-006-14-000,San Remigio,Antique,Region VI (Western Visayas),Municipality,3rd,R6,I
[2025-04] 06-030-43-000,2025-04,2025,[04] April,"Santa Barbara, Iloilo",[1] Operational,,,,,[A] Operational,B,06-030-43-000,Santa Barbara,Iloilo,Region VI (Western Visayas),Municipality,2nd,R6,I
[2025-04] 06-019-15-000,2025-04,2025,[04] April,"Sapi-An, Capiz",[1] Operational,,,,,[A] Operational,A,06-019-15-000,Sapi-An,Capiz,Region VI (Western Visayas),Municipality,4th,R6,I
[2025-04] 06-030-44-000,2025-04,2025,[04] April,"Sara, Iloilo",[1] Operational,,,,,[A] Operational,B,06-030-44-000,Sara,Iloilo,Region VI (Western Visayas),Municipality,2nd,R6,I
[2025-04] 06-006-15-000,2025-04,2025,[04] April,"Sebaste, Antique",[5] For Training,,,,,[C] For Training/Others,B,06-006-15-000,Sebaste,Antique,Region VI (Western Visayas),Municipality,4th,R6,I
[2025-04] 06-004-17-000,2025-04,2025,[04] April,"Tangalan, Aklan",[1] Operational,,,,,[A] Operational,A,06-004-17-000,Tangalan,Aklan,Region VI (Western Visayas),Municipality,5th,R6,I
[2025-04] 06-019-17-000,2025-04,2025,[04] April,"Tapaz, Capiz",[1] Operational,,,,,[A] Operational,A,06-019-17-000,Tapaz,Capiz,Region VI (Western Visayas),Municipality,1st,R6,I
[2025-04] 06-006-07-000,2025-04,2025,[04] April,"Tobias Fornier, Antique",[8] Withdraw,,,,,[D] Withdraw,B,06-006-07-000,Tobias Fornier,Antique,Region VI (Western Visayas),Municipality,4th,R6,I
[2025-04] 06-030-47-000,2025-04,2025,[04] April,"Zarraga, Iloilo",[5] For Training,,,,,[C] For Training/Others,B,06-030-47-000,Zarraga,Iloilo,Region VI (Western Visayas),Municipality,4th,R6,I
[2025-04] 05-062-02-000,2025-04,2025,[04] April,"Barcelona, Sorsogon",[3] Ongoing Data Build-up,85%,Applicants not familiar with the system and unstable internet connection,,,[B] Developmental,B,05-062-02-000,Barcelona,Sorsogon,Region V (Bicol Region),Municipality,5th,R5,H
[2025-04] 05-016-02-000,2025-04,2025,[04] April,"Capalonga, Camarines Norte",[3] Ongoing Data Build-up,10%,x,,,[B] Developmental,B,05-016-02-000,Capalonga,Camarines Norte,Region V (Bicol Region),Municipality,3rd,R5,H
[2025-04] 05-016-05-000,2025-04,2025,[04] April,"Jose Panganiban, Camarines Norte",[3] Ongoing Data Build-up,10%,,,,[B] Developmental,B,05-016-05-000,Jose Panganiban,Camarines Norte,Region V (Bicol Region),Municipality,2nd,R5,H
[2025-04] 05-016-06-000,2025-04,2025,[04] April,"Labo, Camarines Norte",[6] With Concerns,,"concern regarding manual entry of building permit number, due to conflict with complex applications numbering",,,[C] For Training/Others,B,05-016-06-000,Labo,Camarines Norte,Region V (Bicol Region),Municipality,1st,R5,H
[2025-04] 05-016-07-000,2025-04,2025,[04] April,"Mercedes, Camarines Norte",[3] Ongoing Data Build-up,80%,,,,[B] Developmental,B,05-016-07-000,Mercedes,Camarines Norte,Region V (Bicol Region),Municipality,2nd,R5,H
[2025-04] 05-016-11-000,2025-04,2025,[04] April,"Talisay, Camarines Norte",[1] Operational,,,,,[A] Operational,A,05-016-11-000,Talisay,Camarines Norte,Region V (Bicol Region),Municipality,4th,R5,H
[2025-04] 05-005-18-000,2025-04,2025,[04] April,"Tiwi, Albay",[8] Withdraw,,,,,[D] Withdraw,B,05-005-18-000,Tiwi,Albay,Region V (Bicol Region),Municipality,1st,R5,H
[2025-04] 05-016-12-000,2025-04,2025,[04] April,"Vinzons, Camarines Norte",[3] Ongoing Data Build-up,98%,,,,[B] Developmental,B,05-016-12-000,Vinzons,Camarines Norte,Region V (Bicol Region),Municipality,3rd,R5,H
[2025-04] 05-020-11-000,2025-04,2025,[04] April,"Virac, Catanduanes",[6] With Concerns,,May mga need pa po ayusin specially sa mga signatories,,,[C] For Training/Others,B,05-020-11-000,Virac,Catanduanes,Region V (Bicol Region),Municipality,1st,R5,H
[2025-04] 05-041-01-000,2025-04,2025,[04] April,"Aroroy, Masbate",[3] Ongoing Data Build-up,10%,,,,[B] Developmental,#N/A,05-041-01-000,Aroroy,Masbate,Region V (Bicol Region),Municipality,1st,R5,H
[2025-04] 10-042-01-000,2025-04,2025,[04] April,"Aloran, Misamis Occidental",[1] Operational,,,,,[A] Operational,A,10-042-01-000,Aloran,Misamis Occidental,Region X (Northern Mindanao),Municipality,4th,R10,N
[2025-04] 10-035-01-000,2025-04,2025,[04] April,"Bacolod, Lanao del Norte",[1] Operational,,,,,[A] Operational,B,10-035-01-000,Bacolod,Lanao del Norte,Region X (Northern Mindanao),Municipality,4th,R10,N
[2025-04] 10-042-03-000,2025-04,2025,[04] April,"Bonifacio, Misamis Occidental",[3] Ongoing Data Build-up,100%,Assessed onsite. Scheduled for Refresher's Training in May,,,[B] Developmental,B,10-042-03-000,Bonifacio,Misamis Occidental,Region X (Northern Mindanao),Municipality,4th,R10,N
[2025-04] 10-042-04-000,2025-04,2025,[04] April,"Calamba, Misamis Occidental",[1] Operational,,,,,[A] Operational,A,10-042-04-000,Calamba,Misamis Occidental,Region X (Northern Mindanao),Municipality,4th,R10,N
[2025-04] 10-018-01-000,2025-04,2025,[04] April,"Catarman, Camiguin",[2] Pilot Testing,100%,,,Waitng for clients to resubmit complete docs,[B] Developmental,B,10-018-01-000,Catarman,Camiguin,Region X (Northern Mindanao),Municipality,5th,R10,N
[2025-04] 10-043-08-000,2025-04,2025,[04] April,"City of Gingoog, Misamis Oriental",[1] Operational,,,,,[A] Operational,A,10-043-08-000,City of Gingoog,Misamis Oriental,Region X (Northern Mindanao),City,2nd,R10,N
[2025-04] 10-042-15-000,2025-04,2025,[04] April,"City of Tangub, Misamis Occidental",[5] For Training,,,,,[C] For Training/Others,B,10-042-15-000,City of Tangub,Misamis Occidental,Region X (Northern Mindanao),City,4th,R10,N
[2025-04] 10-042-05-000,2025-04,2025,[04] April,"Clarin, Misamis Occidental",[5] For Training,,To schedule in May,,,[C] For Training/Others,B,10-042-05-000,Clarin,Misamis Occidental,Region X (Northern Mindanao),Municipality,4th,R10,N
[2025-04] 10-043-06-000,2025-04,2025,[04] April,"Claveria, Misamis Oriental",[1] Operational,,,,,[A] Operational,A,10-043-06-000,Claveria,Misamis Oriental,Region X (Northern Mindanao),Municipality,1st,R10,N
[2025-04] 10-043-11-000,2025-04,2025,[04] April,"Jasaan, Misamis Oriental",[1] Operational,,,,,[A] Operational,B,10-043-11-000,Jasaan,Misamis Oriental,Region X (Northern Mindanao),Municipality,2nd,R10,N
[2025-04] 10-035-05-000,2025-04,2025,[04] April,"Kapatagan, Lanao del Norte",[1] Operational,,,,,[A] Operational,A,10-035-05-000,Kapatagan,Lanao del Norte,Region X (Northern Mindanao),Municipality,2nd,R10,N
[2025-04] 10-043-13-000,2025-04,2025,[04] April,"Lagonglong, Misamis Oriental",[1] Operational,,,,,[A] Operational,A,10-043-13-000,Lagonglong,Misamis Oriental,Region X (Northern Mindanao),Municipality,5th,R10,N
[2025-04] 10-043-15-000,2025-04,2025,[04] April,"Libertad, Misamis Oriental",[1] Operational,,,,,[A] Operational,B,10-043-15-000,Libertad,Misamis Oriental,Region X (Northern Mindanao),Municipality,5th,R10,N
[2025-04] 10-018-03-000,2025-04,2025,[04] April,"Mahinog, Camiguin",[1] Operational,,,,,[A] Operational,A,10-018-03-000,Mahinog,Camiguin,Region X (Northern Mindanao),Municipality,5th,R10,N
[2025-04] 10-035-12-000,2025-04,2025,[04] April,"Maigo, Lanao del Norte",[1] Operational,,,,,[A] Operational,A,10-035-12-000,Maigo,Lanao del Norte,Region X (Northern Mindanao),Municipality,4th,R10,N
[2025-04] 10-018-04-000,2025-04,2025,[04] April,"Mambajao, Camiguin",[1] Operational,,,,,[A] Operational,A,10-018-04-000,Mambajao,Camiguin,Region X (Northern Mindanao),Municipality,3rd,R10,N
[2025-04] 10-043-18-000,2025-04,2025,[04] April,"Manticao, Misamis Oriental",[1] Operational,,,,,[A] Operational,B,10-043-18-000,Manticao,Misamis Oriental,Region X (Northern Mindanao),Municipality,4th,R10,N
[2025-04] 10-043-20-000,2025-04,2025,[04] April,"Naawan, Misamis Oriental",[1] Operational,,,,,[A] Operational,A,10-043-20-000,Naawan,Misamis Oriental,Region X (Northern Mindanao),Municipality,4th,R10,N
[2025-04] 10-042-12-000,2025-04,2025,[04] April,"Plaridel, Misamis Occidental",[1] Operational,,,,,[A] Operational,A,10-042-12-000,Plaridel,Misamis Occidental,Region X (Northern Mindanao),Municipality,3rd,R10,N
[2025-04] 10-043-22-000,2025-04,2025,[04] April,"Salay, Misamis Oriental",[1] Operational,,,,,[A] Operational,A,10-043-22-000,Salay,Misamis Oriental,Region X (Northern Mindanao),Municipality,4th,R10,N
[2025-04] 10-042-14-000,2025-04,2025,[04] April,"Sinacaban, Misamis Occidental",[1] Operational,,,,,[A] Operational,A,10-042-14-000,Sinacaban,Misamis Occidental,Region X (Northern Mindanao),Municipality,5th,R10,N
[2025-04] 10-043-24-000,2025-04,2025,[04] April,"Tagoloan, Misamis Oriental",[8] Withdraw,,Responded. Lack of Manpower,,,[D] Withdraw,B,10-043-24-000,Tagoloan,Misamis Oriental,Region X (Northern Mindanao),Municipality,1st,R10,N
[2025-04] 10-043-25-000,2025-04,2025,[04] April,"Talisayan, Misamis Oriental",[1] Operational,,,,,[A] Operational,B,10-043-25-000,Talisayan,Misamis Oriental,Region X (Northern Mindanao),Municipality,4th,R10,N
[2025-04] 10-035-22-000,2025-04,2025,[04] April,"Tubod, Lanao del Norte",[3] Ongoing Data Build-up,75%,,,,[B] Developmental,B,10-035-22-000,Tubod,Lanao del Norte,Region X (Northern Mindanao),Municipality,2nd,R10,N
[2025-04] 12-065-01-000,2025-04,2025,[04] April,"Bagumbayan, Sultan Kudarat",[3] Ongoing Data Build-up,90%,,,,[B] Developmental,B,12-065-01-000,Bagumbayan,Sultan Kudarat,Region XII (SOCCSKSARGEN),Municipality,1st,R12,Q
[2025-04] 12-047-04-000,2025-04,2025,[04] April,"City of Kidapawan, Cotabato",[1] Operational,,,,,[A] Operational,A,12-047-04-000,City of Kidapawan,Cotabato,Region XII (SOCCSKSARGEN),City,3rd,R12,Q
[2025-04] 12-047-03-000,2025-04,2025,[04] April,"Kabacan, Cotabato",[1] Operational,,,,,[A] Operational,A,12-047-03-000,Kabacan,Cotabato,Region XII (SOCCSKSARGEN),Municipality,1st,R12,Q
[2025-04] 12-065-06-000,2025-04,2025,[04] April,"Lebak, Sultan Kudarat",[7] To Follow-up,,Lack of Manpower,,,[C] For Training/Others,B,12-065-06-000,Lebak,Sultan Kudarat,Region XII (SOCCSKSARGEN),Municipality,1st,R12,Q
[2025-04] 12-047-10-000,2025-04,2025,[04] April,"M'Lang, Cotabato",[3] Ongoing Data Build-up,5%,,,,[B] Developmental,A,12-047-10-000,M'Lang,Cotabato,Region XII (SOCCSKSARGEN),Municipality,1st,R12,Q
[2025-04] 12-047-09-000,2025-04,2025,[04] April,"Midsayap, Cotabato",[1] Operational,,,,,[A] Operational,B,12-047-09-000,Midsayap,Cotabato,Region XII (SOCCSKSARGEN),Municipality,1st,R12,Q
[2025-04] 12-047-11-000,2025-04,2025,[04] April,"Pigkawayan, Cotabato",[3] Ongoing Data Build-up,5%,,,,[B] Developmental,A,12-047-11-000,Pigkawayan,Cotabato,Region XII (SOCCSKSARGEN),Municipality,1st,R12,Q
[2025-04] 12-047-12-000,2025-04,2025,[04] April,"Pikit, Cotabato",[1] Operational,,,,,[A] Operational,B,12-047-12-000,Pikit,Cotabato,Region XII (SOCCSKSARGEN),Municipality,1st,R12,Q
[2025-05] 07-022-01-000,2025-05,2025,[05] May,"Alcantara, Cebu",[3] Ongoing Data Build-up,90%,,,,[B] Developmental,B,07-022-01-000,Alcantara,Cebu,Region VII (Central Visayas),Municipality,5th,R7,J
[2025-05] 07-046-01-000,2025-05,2025,[05] May,"Amlan, Negros Oriental",[3] Ongoing Data Build-up,25%,"For refresher Training;
to be scheduled next year",,,[B] Developmental,B,07-046-01-000,Amlan,Negros Oriental,Region VII (Central Visayas),Municipality,4th,R7,J
[2025-05] 07-022-05-000,2025-05,2025,[05] May,"Argao, Cebu",[1] Operational,,,,,[A] Operational,A,07-022-05-000,Argao,Cebu,Region VII (Central Visayas),Municipality,1st,R7,J
[2025-05] 07-022-08-000,2025-05,2025,[05] May,"Balamban, Cebu",[1] Operational,,,,,[A] Operational,A,07-022-08-000,Balamban,Cebu,Region VII (Central Visayas),Municipality,1st,R7,J
[2025-05] 07-046-05-000,2025-05,2025,[05] May,"Basay, Negros Oriental",[1] Operational,,,,,[A] Operational,B,07-046-05-000,Basay,Negros Oriental,Region VII (Central Visayas),Municipality,4th,R7,J
[2025-05] 07-012-09-000,2025-05,2025,[05] May,"Buenavista, Bohol",[1] Operational,,,,,[A] Operational,B,07-012-09-000,Buenavista,Bohol,Region VII (Central Visayas),Municipality,4th,R7,J
[2025-05] 07-012-11-000,2025-05,2025,[05] May,"Candijay, Bohol",[1] Operational,,,,,[A] Operational,B,07-012-11-000,Candijay,Bohol,Region VII (Central Visayas),Municipality,4th,R7,J
[2025-05] 07-046-08-000,2025-05,2025,[05] May,"City of Canlaon, Negros Oriental",[1] Operational,,,,,[A] Operational,B,07-046-08-000,City of Canlaon,Negros Oriental,Region VII (Central Visayas),City,4th,R7,J
[2025-05] 07-313-00-000,2025-05,2025,[05] May,"City of Mandaue, Cebu",[3] Ongoing Data Build-up,25%,,,,[B] Developmental,A,07-313-00-000,City of Mandaue,Cebu,Region VII (Central Visayas),City,1st,R7,J
[2025-05] 07-022-18-000,2025-05,2025,[05] May,"Compostela, Cebu",[3] Ongoing Data Build-up,75%,,,,[B] Developmental,B,07-022-18-000,Compostela,Cebu,Region VII (Central Visayas),Municipality,3rd,R7,J
[2025-05] 07-022-21-000,2025-05,2025,[05] May,"Daanbantayan, Cebu",[3] Ongoing Data Build-up,75%,,,,[B] Developmental,B,07-022-21-000,Daanbantayan,Cebu,Region VII (Central Visayas),Municipality,1st,R7,J
[2025-05] 07-012-18-000,2025-05,2025,[05] May,"Danao, Bohol",[1] Operational,,,,,[A] Operational,B,07-012-18-000,Danao,Bohol,Region VII (Central Visayas),Municipality,4th*,R7,J
[2025-05] 07-022-28-000,2025-05,2025,[05] May,"Madridejos, Cebu",[1] Operational,,,,,[A] Operational,B,07-022-28-000,Madridejos,Cebu,Region VII (Central Visayas),Municipality,4th,R7,J
[2025-05] 07-022-32-000,2025-05,2025,[05] May,"Minglanilla, Cebu",[7] To Follow-up,,"For Refresher Training;
to be scheduled next year",,,[C] For Training/Others,B,07-022-32-000,Minglanilla,Cebu,Region VII (Central Visayas),Municipality,1st,R7,J
[2025-05] 07-022-37-000,2025-05,2025,[05] May,"Pinamungajan, Cebu",[1] Operational,,,,,[A] Operational,A,07-022-37-000,Pinamungajan,Cebu,Region VII (Central Visayas),Municipality,2nd,R7,J
[2025-05] 07-022-40-000,2025-05,2025,[05] May,"Samboan, Cebu",[6] With Concerns,,Waiting for withdrawal letter,,,[C] For Training/Others,B,07-022-40-000,Samboan,Cebu,Region VII (Central Visayas),Municipality,5th,R7,J
[2025-05] 07-022-42-000,2025-05,2025,[05] May,"San Francisco, Cebu",[2] Pilot Testing,100%,"Done Refresher Training last Septmber 17-19, 2024 for the new personnel in-charge | Waiting for actual transaction",,,[B] Developmental,B,07-022-42-000,San Francisco,Cebu,Region VII (Central Visayas),Municipality,3rd,R7,J
[2025-05] 07-046-17-000,2025-05,2025,[05] May,"San Jose, Negros Oriental",[2] Pilot Testing,25%,"For Refresher Training;
to be scheduled next year",,,[B] Developmental,B,07-046-17-000,San Jose,Negros Oriental,Region VII (Central Visayas),Municipality,5th,R7,J
[2025-05] 07-012-44-000,2025-05,2025,[05] May,"Trinidad, Bohol",[1] Operational,,,,,[A] Operational,B,07-012-44-000,Trinidad,Bohol,Region VII (Central Visayas),Municipality,3rd,R7,J
[2025-05] 07-022-52-000,2025-05,2025,[05] May,"Tuburan, Cebu",[1] Operational,,,,,[A] Operational,A,07-022-52-000,Tuburan,Cebu,Region VII (Central Visayas),Municipality,2nd,R7,J
[2025-05] 07-022-53-000,2025-05,2025,[05] May,"Tudela, Cebu",[1] Operational,,,,,[A] Operational,A,07-022-53-000,Tudela,Cebu,Region VII (Central Visayas),Municipality,5th,R7,J
[2025-05] 08-037-01-000,2025-05,2025,[05] May,"Abuyog, Leyte",[2] Pilot Testing,80%,,"For deletion of test data, pending implementation","For deletion of test data, pending implementation",[B] Developmental,B,08-037-01-000,Abuyog,Leyte,Region VIII (Eastern Visayas),Municipality,1st*,R8,K
[2025-05] 08-037-02-000,2025-05,2025,[05] May,"Alangalang, Leyte",[1] Operational,,,,Normal Operations,[A] Operational,A,08-037-02-000,Alangalang,Leyte,Region VIII (Eastern Visayas),Municipality,2nd,R8,K
[2025-05] 08-060-02-000,2025-05,2025,[05] May,"Basey, Samar",[1] Operational,,,,Normal Operations,[A] Operational,B,08-060-02-000,Basey,Samar,Region VIII (Eastern Visayas),Municipality,1st,R8,K
[2025-05] 08-037-15-000,2025-05,2025,[05] May,"Carigara, Leyte",[1] Operational,,,,Normal Operations,[A] Operational,B,08-037-15-000,Carigara,Leyte,Region VIII (Eastern Visayas),Municipality,2nd,R8,K
[2025-05] 08-026-04-000,2025-05,2025,[05] May,"City of Borongan, Eastern Samar",[1] Operational,,,,Normal Operations,[A] Operational,A,08-026-04-000,City of Borongan,Eastern Samar,Region VIII (Eastern Visayas),City,1st (as Mun),R8,K
[2025-05] 08-064-07-000,2025-05,2025,[05] May,"City of Maasin, Southern Leyte",[1] Operational,,,,Normal Operations,[A] Operational,A,08-064-07-000,City of Maasin,Southern Leyte,Region VIII (Eastern Visayas),City,4th,R8,K
[2025-05] 08-060-07-000,2025-05,2025,[05] May,"Gandara, Samar",[2] Pilot Testing,95%,Internet Connectivity Issues - Unstable Connection,Forwarded follow letter to LGU regarding their implementation but no response.,Internet Connectivity Issues - Unstable ConnectionForwarded follow letter to LGU regarding their implementation but no response.,[B] Developmental,B,08-060-07-000,Gandara,Samar,Region VIII (Eastern Visayas),Municipality,2nd,R8,K
[2025-05] 08-026-09-000,2025-05,2025,[05] May,"Guiuan, Eastern Samar",[1] Operational,,,,Normal Operations,[A] Operational,B,08-026-09-000,Guiuan,Eastern Samar,Region VIII (Eastern Visayas),Municipality,2nd,R8,K
[2025-05] 08-037-20-000,2025-05,2025,[05] May,"Hindang, Leyte",[1] Operational,,,,Normal Operations,[A] Operational,B,08-037-20-000,Hindang,Leyte,Region VIII (Eastern Visayas),Municipality,5th,R8,K
[2025-05] 08-037-24-000,2025-05,2025,[05] May,"Javier, Leyte",[1] Operational,,,,Normal Operations,[A] Operational,B,08-037-24-000,Javier,Leyte,Region VIII (Eastern Visayas),Municipality,4th*,R8,K
[2025-05] 08-060-09-000,2025-05,2025,[05] May,"Jiabong, Samar",[1] Operational,,,,Normal Operations,[A] Operational,B,08-060-09-000,Jiabong,Samar,Region VIII (Eastern Visayas),Municipality,5th,R8,K
[2025-05] 08-037-26-000,2025-05,2025,[05] May,"Kananga, Leyte",[1] Operational,,,,Normal Operations,[A] Operational,A,08-037-26-000,Kananga,Leyte,Region VIII (Eastern Visayas),Municipality,1st,R8,K
[2025-05] 08-078-06-000,2025-05,2025,[05] May,"Kawayan, Biliran",[8] Withdraw,,,,Withdrawn,[D] Withdraw,B,08-078-06-000,Kawayan,Biliran,Region VIII (Eastern Visayas),Municipality,5th*,R8,K
[2025-05] 08-037-28-000,2025-05,2025,[05] May,"La Paz, Leyte",[1] Operational,,,,Normal Operations,[A] Operational,B,08-037-28-000,La Paz,Leyte,Region VIII (Eastern Visayas),Municipality,5th*,R8,K
[2025-05] 08-037-29-000,2025-05,2025,[05] May,"Leyte, Leyte",[1] Operational,,,,Normal Operations,[A] Operational,A,08-037-29-000,Leyte,Leyte,Region VIII (Eastern Visayas),Municipality,4th*,R8,K
[2025-05] 08-064-08-000,2025-05,2025,[05] May,"Macrohon, Southern Leyte",[1] Operational,,,,Normal Operations,[A] Operational,A,08-064-08-000,Macrohon,Southern Leyte,Region VIII (Eastern Visayas),Municipality,4th,R8,K
[2025-05] 08-078-08-000,2025-05,2025,[05] May,"Naval, Biliran",[1] Operational,,,,Normal Operations,[A] Operational,A,08-078-08-000,Naval,Biliran,Region VIII (Eastern Visayas),Municipality,2nd,R8,K
[2025-05] 08-037-39-000,2025-05,2025,[05] May,"Palo, Leyte",[1] Operational,,,,Normal Operations,[A] Operational,A,08-037-39-000,Palo,Leyte,Region VIII (Eastern Visayas),Municipality,3rd,R8,K
[2025-05] 08-048-15-000,2025-05,2025,[05] May,"Pambujan, Northern Samar",[1] Operational,,,,Normal Operations,[A] Operational,A,08-048-15-000,Pambujan,Northern Samar,Region VIII (Eastern Visayas),Municipality,4th,R8,K
[2025-05] 08-037-41-000,2025-05,2025,[05] May,"Pastrana, Leyte",[1] Operational,,,,Normal Operations,[A] Operational,A,08-037-41-000,Pastrana,Leyte,Region VIII (Eastern Visayas),Municipality,5th*,R8,K
[2025-05] 08-064-14-000,2025-05,2025,[05] May,"San Juan, Southern Leyte",[1] Operational,,,,Normal Operations,[A] Operational,A,08-064-14-000,San Juan,Southern Leyte,Region VIII (Eastern Visayas),Municipality,5th,R8,K
[2025-05] 08-048-20-000,2025-05,2025,[05] May,"San Roque, Northern Samar",[1] Operational,,,,Zero transactions for the month of May 2025,[A] Operational,A,08-048-20-000,San Roque,Northern Samar,Region VIII (Eastern Visayas),Municipality,4th,R8,K
[2025-05] 08-064-17-000,2025-05,2025,[05] May,"Sogod, Southern Leyte",[1] Operational,,,,Normal Operations,[A] Operational,A,08-064-17-000,Sogod,Southern Leyte,Region VIII (Eastern Visayas),Municipality,2nd,R8,K
[2025-05] 08-064-18-000,2025-05,2025,[05] May,"Tomas Oppus, Southern Leyte",[1] Operational,,,,Normal Operations,[A] Operational,A,08-064-18-000,Tomas Oppus,Southern Leyte,Region VIII (Eastern Visayas),Municipality,5th,R8,K
[2025-05] 19-066-13-000,2025-05,2025,[05] May,"Talipao, Sulu",[1] Operational,,,,,[A] Operational,B,19-066-13-000,Talipao,Sulu,Bangsamoro Autonomous Region In Muslim Mindanao (BARMM),Municipality,1st,BARMM I,M
[2025-05] 09-073-08-000,2025-05,2025,[05] May,"Dumingag, Zamboanga del Sur",[7] To Follow-up,50%,waiting for LGU's response,,,[C] For Training/Others,B,09-073-08-000,Dumingag,Zamboanga del Sur,Region IX (Zamboanga Peninsula),Municipality,2nd,R9,L
[2025-05] 09-073-43-000,2025-05,2025,[05] May,"Guipos, Zamboanga del Sur",[1] Operational,,,,,[A] Operational,B,09-073-43-000,Guipos,Zamboanga del Sur,Region IX (Zamboanga Peninsula),Municipality,4th,R9,L
[2025-05] 09-073-12-000,2025-05,2025,[05] May,"Labangan, Zamboanga del Sur",[7] To Follow-up,,Understaff,,,[C] For Training/Others,B,09-073-12-000,Labangan,Zamboanga del Sur,Region IX (Zamboanga Peninsula),Municipality,3rd,R9,L
[2025-05] 09-073-33-000,2025-05,2025,[05] May,"Lakewood, Zamboanga del Sur",[1] Operational,,,,,[A] Operational,B,09-073-33-000,Lakewood,Zamboanga del Sur,Region IX (Zamboanga Peninsula),Municipality,4th,R9,L
[2025-05] 09-072-10-000,2025-05,2025,[05] May,"Polanco, Zamboanga del Norte",[1] Operational,,,,,[A] Operational,A,09-072-10-000,Polanco,Zamboanga del Norte,Region IX (Zamboanga Peninsula),Municipality,3rd,R9,L
[2025-05] 09-072-11-000,2025-05,2025,[05] May,"Pres. Manuel A. Roxas, Zamboanga del Norte",[7] To Follow-up,75%,waiting for LGU's response,,,[C] For Training/Others,B,09-072-11-000,Pres. Manuel A. Roxas,Zamboanga del Norte,Region IX (Zamboanga Peninsula),Municipality,2nd,R9,L
[2025-05] 09-072-12-000,2025-05,2025,[05] May,"Rizal, Zamboanga del Norte",[7] To Follow-up,25%,waiting for LGU's response,,,[C] For Training/Others,B,09-072-12-000,Rizal,Zamboanga del Norte,Region IX (Zamboanga Peninsula),Municipality,5th,R9,L
[2025-05] 09-073-25-000,2025-05,2025,[05] May,"San Pablo, Zamboanga del Sur",[7] To Follow-up,75%,waiting for LGU's response,,,[C] For Training/Others,B,09-073-25-000,San Pablo,Zamboanga del Sur,Region IX (Zamboanga Peninsula),Municipality,4th*,R9,L
[2025-05] 09-072-15-000,2025-05,2025,[05] May,"Siayan, Zamboanga del Norte",[1] Operational,,,,,[A] Operational,B,09-072-15-000,Siayan,Zamboanga del Norte,Region IX (Zamboanga Peninsula),Municipality,2nd,R9,L
[2025-05] 09-072-18-000,2025-05,2025,[05] May,"Sindangan, Zamboanga del Norte",[7] To Follow-up,50%,waiting for LGU's response,,,[C] For Training/Others,B,09-072-18-000,Sindangan,Zamboanga del Norte,Region IX (Zamboanga Peninsula),Municipality,1st,R9,L
[2025-05] 09-083-15-000,2025-05,2025,[05] May,"Titay, Zamboanga Sibugay",[1] Operational,,,,,[A] Operational,A,09-083-15-000,Titay,Zamboanga Sibugay,Region IX (Zamboanga Peninsula),Municipality,2nd,R9,L
[2025-05] 12-065-01-000,2025-05,2025,[05] May,"Bagumbayan, Sultan Kudarat",[3] Ongoing Data Build-up,90%,,,,[B] Developmental,B,12-065-01-000,Bagumbayan,Sultan Kudarat,Region XII (SOCCSKSARGEN),Municipality,1st,R12,Q
[2025-05] 12-047-04-000,2025-05,2025,[05] May,"City of Kidapawan, Cotabato",[1] Operational,,,,,[A] Operational,A,12-047-04-000,City of Kidapawan,Cotabato,Region XII (SOCCSKSARGEN),City,3rd,R12,Q
[2025-05] 12-047-03-000,2025-05,2025,[05] May,"Kabacan, Cotabato",[1] Operational,,,,,[A] Operational,A,12-047-03-000,Kabacan,Cotabato,Region XII (SOCCSKSARGEN),Municipality,1st,R12,Q
[2025-05] 12-065-06-000,2025-05,2025,[05] May,"Lebak, Sultan Kudarat",[7] To Follow-up,,Lack of Manpower,,,[C] For Training/Others,B,12-065-06-000,Lebak,Sultan Kudarat,Region XII (SOCCSKSARGEN),Municipality,1st,R12,Q
[2025-05] 12-047-10-000,2025-05,2025,[05] May,"M'Lang, Cotabato",[3] Ongoing Data Build-up,5%,,,,[B] Developmental,A,12-047-10-000,M'Lang,Cotabato,Region XII (SOCCSKSARGEN),Municipality,1st,R12,Q
[2025-05] 12-047-09-000,2025-05,2025,[05] May,"Midsayap, Cotabato",[1] Operational,,,,,[A] Operational,B,12-047-09-000,Midsayap,Cotabato,Region XII (SOCCSKSARGEN),Municipality,1st,R12,Q
[2025-05] 12-047-11-000,2025-05,2025,[05] May,"Pigkawayan, Cotabato",[3] Ongoing Data Build-up,5%,,,,[B] Developmental,A,12-047-11-000,Pigkawayan,Cotabato,Region XII (SOCCSKSARGEN),Municipality,1st,R12,Q
[2025-05] 12-047-12-000,2025-05,2025,[05] May,"Pikit, Cotabato",[1] Operational,,,,,[A] Operational,B,12-047-12-000,Pikit,Cotabato,Region XII (SOCCSKSARGEN),Municipality,1st,R12,Q
[2025-05] 16-003-12-000,2025-05,2025,[05] May,"Trento, Agusan del Sur",[2] Pilot Testing,100%,,,,[B] Developmental,B,16-003-12-000,Trento,Agusan del Sur,Region XIII (Caraga),Municipality,1st,R13,O
[2025-05] 16-002-07-000,2025-05,2025,[05] May,"Las Nieves, Agusan del Norte",[1] Operational,,,,,[A] Operational,A,16-002-07-000,Las Nieves,Agusan del Norte,Region XIII (Caraga),Municipality,2nd,R13,O
[2025-05] 16-068-02-000,2025-05,2025,[05] May,"Bayabas, Surigao del Sur",[1] Operational,,,,,[A] Operational,A,16-068-02-000,Bayabas,Surigao del Sur,Region XIII (Caraga),Municipality,5th,R13,O
[2025-05] 16-068-06-000,2025-05,2025,[05] May,"Carmen, Surigao del Sur",[1] Operational,,,,,[A] Operational,A,16-068-06-000,Carmen,Surigao del Sur,Region XIII (Caraga),Municipality,5th,R13,O
[2025-05] 16-068-12-000,2025-05,2025,[05] May,"Lingig, Surigao del Sur",[7] To Follow-up,,"Last Status: For Data Buildup
Unresponsive LGU",,,[C] For Training/Others,B,16-068-12-000,Lingig,Surigao del Sur,Region XIII (Caraga),Municipality,2nd,R13,O
[2025-05] 16-068-15-000,2025-05,2025,[05] May,"San Agustin, Surigao del Sur",[2] Pilot Testing,100%,Unresponsive LGU,,,[B] Developmental,A,16-068-15-000,San Agustin,Surigao del Sur,Region XIII (Caraga),Municipality,4th,R13,O
[2025-05] 16-068-16-000,2025-05,2025,[05] May,"San Miguel, Surigao del Sur",[2] Pilot Testing,95%,Unresponsive LGU,,,[B] Developmental,B,16-068-16-000,San Miguel,Surigao del Sur,Region XIII (Caraga),Municipality,1st,R13,O
[2025-05] 16-068-17-000,2025-05,2025,[05] May,"Tagbina, Surigao del Sur",[1] Operational,,,,,[A] Operational,A,16-068-17-000,Tagbina,Surigao del Sur,Region XIII (Caraga),Municipality,2nd,R13,O
[2025-05] 16-068-18-000,2025-05,2025,[05] May,"Tago, Surigao del Sur",[1] Operational,,,,,[A] Operational,B,16-068-18-000,Tago,Surigao del Sur,Region XIII (Caraga),Municipality,2nd,R13,O
[2025-05] 16-067-23-000,2025-05,2025,[05] May,"Socorro, Surigao del Norte",[1] Operational,,,,,[A] Operational,B,16-067-23-000,Socorro,Surigao del Norte,Region XIII (Caraga),Municipality,4th,R13,O
[2025-05] 16-067-25-000,2025-05,2025,[05] May,"Tagana-An, Surigao del Norte",[1] Operational,,,,,[A] Operational,A,16-067-25-000,Tagana-An,Surigao del Norte,Region XIII (Caraga),Municipality,5th*,R13,O
[2025-05] 16-067-27-000,2025-05,2025,[05] May,"Tubod, Surigao del Norte",[1] Operational,,,,,[A] Operational,A,16-067-27-000,Tubod,Surigao del Norte,Region XIII (Caraga),Municipality,5th,R13,O
[2025-05] 19-087-13-000,2025-05,2025,[05] May,"Upi, Maguindanao del Norte",[1] Operational,,,,,[A] Operational,A,19-087-13-000,Upi,Maguindanao del Norte,Bangsamoro Autonomous Region In Muslim Mindanao (BARMM),Municipality,1st,BARMM II,R
[2025-05] 10-042-01-000,2025-05,2025,[05] May,"Aloran, Misamis Occidental",[1] Operational,,,,,[A] Operational,A,10-042-01-000,Aloran,Misamis Occidental,Region X (Northern Mindanao),Municipality,4th,R10,N
[2025-05] 10-035-01-000,2025-05,2025,[05] May,"Bacolod, Lanao del Norte",[1] Operational,,,,,[A] Operational,B,10-035-01-000,Bacolod,Lanao del Norte,Region X (Northern Mindanao),Municipality,4th,R10,N
[2025-05] 10-042-03-000,2025-05,2025,[05] May,"Bonifacio, Misamis Occidental",[2] Pilot Testing,10%,,,Conducted Refresher's Training on May 15-16,[B] Developmental,B,10-042-03-000,Bonifacio,Misamis Occidental,Region X (Northern Mindanao),Municipality,4th,R10,N
[2025-05] 10-042-04-000,2025-05,2025,[05] May,"Calamba, Misamis Occidental",[1] Operational,,,,,[A] Operational,A,10-042-04-000,Calamba,Misamis Occidental,Region X (Northern Mindanao),Municipality,4th,R10,N
[2025-05] 10-018-01-000,2025-05,2025,[05] May,"Catarman, Camiguin",[2] Pilot Testing,100%,,,Still waitng for actual client(s) to resubmit complete docs,[B] Developmental,B,10-018-01-000,Catarman,Camiguin,Region X (Northern Mindanao),Municipality,5th,R10,N
[2025-05] 10-043-08-000,2025-05,2025,[05] May,"City of Gingoog, Misamis Oriental",[1] Operational,,,,,[A] Operational,A,10-043-08-000,City of Gingoog,Misamis Oriental,Region X (Northern Mindanao),City,2nd,R10,N
[2025-05] 10-042-15-000,2025-05,2025,[05] May,"City of Tangub, Misamis Occidental",[5] For Training,,,,,[C] For Training/Others,B,10-042-15-000,City of Tangub,Misamis Occidental,Region X (Northern Mindanao),City,4th,R10,N
[2025-05] 10-042-05-000,2025-05,2025,[05] May,"Clarin, Misamis Occidental",[5] For Training,,,,Scheduled in June,[C] For Training/Others,B,10-042-05-000,Clarin,Misamis Occidental,Region X (Northern Mindanao),Municipality,4th,R10,N
[2025-05] 10-043-06-000,2025-05,2025,[05] May,"Claveria, Misamis Oriental",[1] Operational,,,,,[A] Operational,A,10-043-06-000,Claveria,Misamis Oriental,Region X (Northern Mindanao),Municipality,1st,R10,N
[2025-05] 10-043-11-000,2025-05,2025,[05] May,"Jasaan, Misamis Oriental",[1] Operational,,,,,[A] Operational,B,10-043-11-000,Jasaan,Misamis Oriental,Region X (Northern Mindanao),Municipality,2nd,R10,N
[2025-05] 10-035-05-000,2025-05,2025,[05] May,"Kapatagan, Lanao del Norte",[1] Operational,,,,,[A] Operational,A,10-035-05-000,Kapatagan,Lanao del Norte,Region X (Northern Mindanao),Municipality,2nd,R10,N
[2025-05] 10-043-13-000,2025-05,2025,[05] May,"Lagonglong, Misamis Oriental",[1] Operational,,,,,[A] Operational,A,10-043-13-000,Lagonglong,Misamis Oriental,Region X (Northern Mindanao),Municipality,5th,R10,N
[2025-05] 10-043-15-000,2025-05,2025,[05] May,"Libertad, Misamis Oriental",[1] Operational,,,,,[A] Operational,B,10-043-15-000,Libertad,Misamis Oriental,Region X (Northern Mindanao),Municipality,5th,R10,N
[2025-05] 10-018-03-000,2025-05,2025,[05] May,"Mahinog, Camiguin",[1] Operational,,,,,[A] Operational,A,10-018-03-000,Mahinog,Camiguin,Region X (Northern Mindanao),Municipality,5th,R10,N
[2025-05] 10-035-12-000,2025-05,2025,[05] May,"Maigo, Lanao del Norte",[1] Operational,,,,,[A] Operational,A,10-035-12-000,Maigo,Lanao del Norte,Region X (Northern Mindanao),Municipality,4th,R10,N
[2025-05] 10-018-04-000,2025-05,2025,[05] May,"Mambajao, Camiguin",[1] Operational,,,,,[A] Operational,A,10-018-04-000,Mambajao,Camiguin,Region X (Northern Mindanao),Municipality,3rd,R10,N
[2025-05] 10-043-18-000,2025-05,2025,[05] May,"Manticao, Misamis Oriental",[1] Operational,,,,,[A] Operational,B,10-043-18-000,Manticao,Misamis Oriental,Region X (Northern Mindanao),Municipality,4th,R10,N
[2025-05] 10-043-20-000,2025-05,2025,[05] May,"Naawan, Misamis Oriental",[1] Operational,,,,,[A] Operational,A,10-043-20-000,Naawan,Misamis Oriental,Region X (Northern Mindanao),Municipality,4th,R10,N
[2025-05] 10-042-12-000,2025-05,2025,[05] May,"Plaridel, Misamis Occidental",[1] Operational,,,,,[A] Operational,A,10-042-12-000,Plaridel,Misamis Occidental,Region X (Northern Mindanao),Municipality,3rd,R10,N
[2025-05] 10-043-22-000,2025-05,2025,[05] May,"Salay, Misamis Oriental",[1] Operational,,,,,[A] Operational,A,10-043-22-000,Salay,Misamis Oriental,Region X (Northern Mindanao),Municipality,4th,R10,N
[2025-05] 10-042-14-000,2025-05,2025,[05] May,"Sinacaban, Misamis Occidental",[1] Operational,,,,,[A] Operational,A,10-042-14-000,Sinacaban,Misamis Occidental,Region X (Northern Mindanao),Municipality,5th,R10,N
[2025-05] 10-043-24-000,2025-05,2025,[05] May,"Tagoloan, Misamis Oriental",[8] Withdraw,,Responded. Lack of Manpower,,,[D] Withdraw,B,10-043-24-000,Tagoloan,Misamis Oriental,Region X (Northern Mindanao),Municipality,1st,R10,N
[2025-05] 10-043-25-000,2025-05,2025,[05] May,"Talisayan, Misamis Oriental",[1] Operational,,,,,[A] Operational,B,10-043-25-000,Talisayan,Misamis Oriental,Region X (Northern Mindanao),Municipality,4th,R10,N
[2025-05] 10-035-22-000,2025-05,2025,[05] May,"Tubod, Lanao del Norte",[3] Ongoing Data Build-up,75%,,,,[B] Developmental,B,10-035-22-000,Tubod,Lanao del Norte,Region X (Northern Mindanao),Municipality,2nd,R10,N
[2025-05] 11-025-03-000,2025-05,2025,[05] May,"Boston, Davao Oriental",[1] Operational,,,,,[A] Operational,A,11-025-03-000,Boston,Davao Oriental,Region XI (Davao Region),Municipality,3rd,R11,P
[2025-05] 11-025-05-000,2025-05,2025,[05] May,"Cateel, Davao Oriental",[1] Operational,,,,,[A] Operational,A,11-025-05-000,Cateel,Davao Oriental,Region XI (Davao Region),Municipality,2nd,R11,P
[2025-05] 11-024-03-000,2025-05,2025,[05] May,"City of Digos, Davao del Sur",[1] Operational,,,,,[A] Operational,B,11-024-03-000,City of Digos,Davao del Sur,Region XI (Davao Region),City,2nd,R11,P
[2025-05] 11-025-09-000,2025-05,2025,[05] May,"City of Mati, Davao Oriental",[1] Operational,,,,,[A] Operational,A,11-025-09-000,City of Mati,Davao Oriental,Region XI (Davao Region),City,5th,R11,P
[2025-05] 11-025-06-000,2025-05,2025,[05] May,"Governor Generoso, Davao Oriental",[2] Pilot Testing,50%,,,Waiting for LGUs update,[B] Developmental,A,11-025-06-000,Governor Generoso,Davao Oriental,Region XI (Davao Region),Municipality,2nd,R11,P
[2025-05] 11-025-07-000,2025-05,2025,[05] May,"Lupon, Davao Oriental",[1] Operational,,,,,[A] Operational,B,11-025-07-000,Lupon,Davao Oriental,Region XI (Davao Region),Municipality,1st,R11,P
[2025-05] 11-024-08-000,2025-05,2025,[05] May,"Malalag, Davao del Sur",[1] Operational,,,,,[A] Operational,A,11-024-08-000,Malalag,Davao del Sur,Region XI (Davao Region),Municipality,2nd,R11,P
[2025-05] 11-025-08-000,2025-05,2025,[05] May,"Manay, Davao Oriental",[1] Operational,,,,,[A] Operational,A,11-025-08-000,Manay,Davao Oriental,Region XI (Davao Region),Municipality,2nd,R11,P
[2025-05] 11-082-05-000,2025-05,2025,[05] May,"Maragusan, Davao de Oro",[1] Operational,,,,,[A] Operational,B,11-082-05-000,Maragusan,Davao de Oro,Region XI (Davao Region),Municipality,1st,R11,P
[2025-05] 11-024-10-000,2025-05,2025,[05] May,"Matanao, Davao del Sur",[1] Operational,,,,,[A] Operational,A,11-024-10-000,Matanao,Davao del Sur,Region XI (Davao Region),Municipality,2nd,R11,P
[2025-05] 11-024-11-000,2025-05,2025,[05] May,"Padada, Davao del Sur",[1] Operational,,,,,[A] Operational,B,11-024-11-000,Padada,Davao del Sur,Region XI (Davao Region),Municipality,3rd,R11,P
[2025-05] 11-024-12-000,2025-05,2025,[05] May,"Santa Cruz, Davao del Sur",[3] Ongoing Data Build-up,100%,,,Waiting for LGUs update,[B] Developmental,A,11-024-12-000,Santa Cruz,Davao del Sur,Region XI (Davao Region),Municipality,1st,R11,P
[2025-05] 11-024-14-000,2025-05,2025,[05] May,"Sulop, Davao del Sur",[1] Operational,,,,,[A] Operational,A,11-024-14-000,Sulop,Davao del Sur,Region XI (Davao Region),Municipality,3rd,R11,P
[2025-05] 11-025-11-000,2025-05,2025,[05] May,"Tarragona, Davao Oriental",[1] Operational,,,,,[A] Operational,B,11-025-11-000,Tarragona,Davao Oriental,Region XI (Davao Region),Municipality,3rd,R11,P
[2025-05] 14-032-13-000,2025-05,2025,[05] May,"City of Tabuk, Kalinga",[1] Operational,,,,,[A] Operational,B,14-032-13-000,City of Tabuk,Kalinga,Cordillera Administrative Region (CAR),City,5th,CAR,B
[2025-05] 01-028-05-000,2025-05,2025,[05] May,"City of Batac, Ilocos Norte",[1] Operational,,,,,[A] Operational,B,01-028-05-000,City of Batac,Ilocos Norte,Region I (Ilocos Region),City,5th,R1,C
[2025-05] 01-028-12-000,2025-05,2025,[05] May,"City of Laoag, Ilocos Norte",[5] For Training,,Waiting for the SB Resolution,,,[C] For Training/Others,B,01-028-12-000,City of Laoag,Ilocos Norte,Region I (Ilocos Region),City,3rd,R1,C
[2025-05] 01-055-19-000,2025-05,2025,[05] May,"Dasol, Pangasinan",[7] To Follow-up,,for schedule of training,,,[C] For Training/Others,B,01-055-19-000,Dasol,Pangasinan,Region I (Ilocos Region),Municipality,3rd,R1,C
[2025-05] 01-055-48-000,2025-05,2025,[05] May,"Laoac, Pangasinan",[7] To Follow-up,,for schedule of training,,,[C] For Training/Others,B,01-055-48-000,Laoac,Pangasinan,Region I (Ilocos Region),Municipality,4th,R1,C
[2025-05] 01-055-30-000,2025-05,2025,[05] May,"Pozorrubio, Pangasinan",[5] For Training,,,,,[C] For Training/Others,B,01-055-30-000,Pozorrubio,Pangasinan,Region I (Ilocos Region),Municipality,1st,R1,C
[2025-05] 01-029-18-000,2025-05,2025,[05] May,"San Esteban, Ilocos Sur",[5] For Training,,,,,[C] For Training/Others,B,01-029-18-000,San Esteban,Ilocos Sur,Region I (Ilocos Region),Municipality,5th,R1,C
[2025-05] 02-031-03-000,2025-05,2025,[05] May,"Aurora, Isabela",[1] Operational,,,,,[A] Operational,B,02-031-03-000,Aurora,Isabela,Region II (Cagayan Valley),Municipality,3rd,R2,D
[2025-05] 02-031-14-000,2025-05,2025,[05] May,"City of Ilagan, Isabela",[1] Operational,,,,,[A] Operational,A,02-031-14-000,City of Ilagan,Isabela,Region II (Cagayan Valley),City,1st (as Mun),R2,D
[2025-05] 03-049-01-000,2025-05,2025,[05] May,"Aliaga, Nueva Ecija",[8] Withdraw,,,,,[D] Withdraw,B,03-049-01-000,Aliaga,Nueva Ecija,Region III (Central Luzon),Municipality,2nd,R3,E
[2025-05] 03-054-03-000,2025-05,2025,[05] May,"Arayat, Pampanga",[1] Operational,,,,,[A] Operational,A,03-054-03-000,Arayat,Pampanga,Region III (Central Luzon),Municipality,1st,R3,E
[2025-05] 03-077-01-000,2025-05,2025,[05] May,"Baler, Aurora",[1] Operational,,,,,[A] Operational,A,03-077-01-000,Baler,Aurora,Region III (Central Luzon),Municipality,3rd,R3,E
[2025-05] 03-049-04-000,2025-05,2025,[05] May,"Cabiao, Nueva Ecija",[3] Ongoing Data Build-up,88%,Requesting for refresher training,,,[B] Developmental,B,03-049-04-000,Cabiao,Nueva Ecija,Region III (Central Luzon),Municipality,1st,R3,E
[2025-05] 03-077-02-000,2025-05,2025,[05] May,"Casiguran, Aurora",[1] Operational,,,,,[A] Operational,A,03-077-02-000,Casiguran,Aurora,Region III (Central Luzon),Municipality,2nd,R3,E
[2025-05] 03-014-12-000,2025-05,2025,[05] May,"City of Meycauayan, Bulacan",[8] Withdraw,,"Withdrawal Letter - Meycauayan City, Bulacan",Last Status Ongoing Data Build-up 25%,,[D] Withdraw,B,03-014-12-000,City of Meycauayan,Bulacan,Region III (Central Luzon),City,3rd,R3,E
[2025-05] 03-314-00-000,2025-05,2025,[05] May,"City of Olongapo, Zambales",[3] Ongoing Data Build-up,60%,lack of Staff,For Visitation,,[B] Developmental,B,03-314-00-000,City of Olongapo,Zambales,Region III (Central Luzon),City,1st,R3,E
[2025-05] 03-049-19-000,2025-05,2025,[05] May,"City of Palayan, Nueva Ecija",[2] Pilot Testing,50%,lack of Staff,for visitation,,[B] Developmental,B,03-049-19-000,City of Palayan,Nueva Ecija,Region III (Central Luzon),City,5th,R3,E
[2025-05] 03-077-05-000,2025-05,2025,[05] May,"Dingalan, Aurora",[2] Pilot Testing,99%,,,,[B] Developmental,B,03-077-05-000,Dingalan,Aurora,Region III (Central Luzon),Municipality,3rd,R3,E
[2025-05] 03-077-06-000,2025-05,2025,[05] May,"Dipaculao, Aurora",[1] Operational,,,,,[A] Operational,B,03-077-06-000,Dipaculao,Aurora,Region III (Central Luzon),Municipality,3rd,R3,E
[2025-05] 03-049-07-000,2025-05,2025,[05] May,"Gabaldon, Nueva Ecija",[2] Pilot Testing,71%,Requesting for refresher training,for visitation,,[B] Developmental,B,03-049-07-000,Gabaldon,Nueva Ecija,Region III (Central Luzon),Municipality,4th,R3,E
[2025-05] 03-069-06-000,2025-05,2025,[05] May,"Gerona, Tarlac",[1] Operational,,,,,[A] Operational,B,03-069-06-000,Gerona,Tarlac,Region III (Central Luzon),Municipality,1st,R3,E
[2025-05] 03-071-05-000,2025-05,2025,[05] May,"Iba, Zambales",[2] Pilot Testing,85%,for launching phase,for visitation,,[B] Developmental,B,03-071-05-000,Iba,Zambales,Region III (Central Luzon),Municipality,2nd,R3,E
[2025-05] 03-008-06-000,2025-05,2025,[05] May,"Limay, Bataan",[6] With Concerns,,Internet connectivity issue and new staff,"Sent Notice Letter, awaiting for their reply
Intends to withdraw",,[C] For Training/Others,B,03-008-06-000,Limay,Bataan,Region III (Central Luzon),Municipality,1st,R3,E
[2025-05] 03-054-10-000,2025-05,2025,[05] May,"Macabebe, Pampanga",[6] With Concerns,,New LGU Staff and Internet connectivity issue,"intended to withdraw
waiting for the withdrawal letter",,[C] For Training/Others,B,03-054-10-000,Macabebe,Pampanga,Region III (Central Luzon),Municipality,1st,R3,E
[2025-05] 03-077-07-000,2025-05,2025,[05] May,"Maria Aurora, Aurora",[1] Operational,,,,,[A] Operational,A,03-077-07-000,Maria Aurora,Aurora,Region III (Central Luzon),Municipality,2nd,R3,E
[2025-05] 03-014-13-000,2025-05,2025,[05] May,"Norzagaray, Bulacan",[1] Operational,,,,,[A] Operational,A,03-014-13-000,Norzagaray,Bulacan,Region III (Central Luzon),Municipality,1st,R3,E
[2025-05] 03-071-09-000,2025-05,2025,[05] May,"San Antonio, Zambales",[2] Pilot Testing,97%,,renovation of municipal hall,,[B] Developmental,B,03-071-09-000,San Antonio,Zambales,Region III (Central Luzon),Municipality,2nd,R3,E
[2025-05] 03-054-17-000,2025-05,2025,[05] May,"San Luis, Pampanga",[6] With Concerns,,"Still on process of familiarizing the whole system
for pilot testing 30%
Unresponsive LGU",for visitation,,[C] For Training/Others,B,03-054-17-000,San Luis,Pampanga,Region III (Central Luzon),Municipality,3rd,R3,E
[2025-05] 03-071-12-000,2025-05,2025,[05] May,"San Narciso, Zambales",[1] Operational,,,,,[A] Operational,A,03-071-12-000,San Narciso,Zambales,Region III (Central Luzon),Municipality,4th,R3,E
[2025-05] 03-069-15-000,2025-05,2025,[05] May,"Santa Ignacia, Tarlac",[1] Operational,,,,,[A] Operational,A,03-069-15-000,Santa Ignacia,Tarlac,Region III (Central Luzon),Municipality,2nd,R3,E
[2025-05] 03-049-32-000,2025-05,2025,[05] May,"Zaragoza, Nueva Ecija",[2] Pilot Testing,99%,,for launching phase,,[B] Developmental,B,03-049-32-000,Zaragoza,Nueva Ecija,Region III (Central Luzon),Municipality,3rd,R3,E
[2025-05] 04-056-02-000,2025-05,2025,[05] May,"Alabat, Quezon",[1] Operational,,,,,[A] Operational,B,04-056-02-000,Alabat,Quezon,Region IV-A (CALABARZON),Municipality,5th,R4A,F
[2025-05] 04-021-01-000,2025-05,2025,[05] May,"Alfonso, Cavite",[3] Ongoing Data Build-up,100%,For Launching,,Waiting for LGU Schedule,[B] Developmental,B,04-021-01-000,Alfonso,Cavite,Region IV-A (CALABARZON),Municipality,1st,R4A,F
[2025-05] 04-021-02-000,2025-05,2025,[05] May,"Amadeo, Cavite",[2] Pilot Testing,95%,,,Waiting for decision of LGU if they will use the system,[B] Developmental,B,04-021-02-000,Amadeo,Cavite,Region IV-A (CALABARZON),Municipality,4th,R4A,F
[2025-05] 04-010-03-000,2025-05,2025,[05] May,"Balayan, Batangas",[1] Operational,,,,,[A] Operational,A,04-010-03-000,Balayan,Batangas,Region IV-A (CALABARZON),Municipality,1st,R4A,F
[2025-05] 04-056-08-000,2025-05,2025,[05] May,"Candelaria, Quezon",[1] Operational,,,,,[A] Operational,A,04-056-08-000,Candelaria,Quezon,Region IV-A (CALABARZON),Municipality,1st,R4A,F
[2025-05] 04-034-07-000,2025-05,2025,[05] May,"Cavinti, Laguna",[2] Pilot Testing,100%,For Launching,,Waiting for LGU Schedule,[B] Developmental,B,04-034-07-000,Cavinti,Laguna,Region IV-A (CALABARZON),Municipality,3rd,R4A,F
[2025-05] 04-056-16-000,2025-05,2025,[05] May,"General Luna, Quezon",[1] Operational,,,,,[A] Operational,B,04-056-16-000,General Luna,Quezon,Region IV-A (CALABARZON),Municipality,4th,R4A,F
[2025-05] 04-056-17-000,2025-05,2025,[05] May,"General Nakar, Quezon",[1] Operational,,,,,[A] Operational,B,04-056-17-000,General Nakar,Quezon,Region IV-A (CALABARZON),Municipality,1st,R4A,F
[2025-05] 04-056-19-000,2025-05,2025,[05] May,"Gumaca, Quezon",[7] To Follow-up,,LGU unresponsive,For visitation,,[C] For Training/Others,B,04-056-19-000,Gumaca,Quezon,Region IV-A (CALABARZON),Municipality,1st,R4A,F
[2025-05] 04-056-20-000,2025-05,2025,[05] May,"Infanta, Quezon",[1] Operational,,,,,[A] Operational,A,04-056-20-000,Infanta,Quezon,Region IV-A (CALABARZON),Municipality,1st,R4A,F
[2025-05] 04-010-12-000,2025-05,2025,[05] May,"Lemery, Batangas",[8] Withdraw,,,,,[D] Withdraw,B,04-010-12-000,Lemery,Batangas,Region IV-A (CALABARZON),Municipality,1st,R4A,F
[2025-05] 04-010-13-000,2025-05,2025,[05] May,"Lian, Batangas",[1] Operational,,,,,[A] Operational,A,04-010-13-000,Lian,Batangas,Region IV-A (CALABARZON),Municipality,3rd,R4A,F
[2025-05] 04-010-16-000,2025-05,2025,[05] May,"Mabini, Batangas",[1] Operational,,,,,[A] Operational,A,04-010-16-000,Mabini,Batangas,Region IV-A (CALABARZON),Municipality,1st,R4A,F
[2025-05] 04-021-12-000,2025-05,2025,[05] May,"Magallanes, Cavite",[1] Operational,,,,,[A] Operational,B,04-021-12-000,Magallanes,Cavite,Region IV-A (CALABARZON),Municipality,4th,R4A,F
[2025-05] 04-056-27-000,2025-05,2025,[05] May,"Mauban, Quezon",[1] Operational,,,,,[A] Operational,A,04-056-27-000,Mauban,Quezon,Region IV-A (CALABARZON),Municipality,1st,R4A,F
[2025-05] 04-021-15-000,2025-05,2025,[05] May,"Naic, Cavite",[1] Operational,,,,,[A] Operational,A,04-021-15-000,Naic,Cavite,Region IV-A (CALABARZON),Municipality,1st,R4A,F
[2025-05] 04-034-18-000,2025-05,2025,[05] May,"Paete, Laguna",[1] Operational,,,,,[A] Operational,B,04-034-18-000,Paete,Laguna,Region IV-A (CALABARZON),Municipality,4th,R4A,F
[2025-05] 04-056-34-000,2025-05,2025,[05] May,"Pitogo, Quezon",[2] Pilot Testing,72%,,,,[B] Developmental,B,04-056-34-000,Pitogo,Quezon,Region IV-A (CALABARZON),Municipality,4th,R4A,F
[2025-05] 04-056-39-000,2025-05,2025,[05] May,"Sampaloc, Quezon",[1] Operational,,,,,[A] Operational,B,04-056-39-000,Sampaloc,Quezon,Region IV-A (CALABARZON),Municipality,5th,R4A,F
[2025-05] 04-010-24-000,2025-05,2025,[05] May,"San Luis, Batangas",[1] Operational,,,,,[A] Operational,B,04-010-24-000,San Luis,Batangas,Region IV-A (CALABARZON),Municipality,4th,R4A,F
[2025-05] 04-010-25-000,2025-05,2025,[05] May,"San Nicolas, Batangas",[1] Operational,,,,"Launched on August 30, 2024",[A] Operational,B,04-010-25-000,San Nicolas,Batangas,Region IV-A (CALABARZON),Municipality,5th,R4A,F
[2025-05] 04-010-27-000,2025-05,2025,[05] May,"Santa Teresita, Batangas",[1] Operational,,,,,[A] Operational,A,04-010-27-000,Santa Teresita,Batangas,Region IV-A (CALABARZON),Municipality,5th,R4A,F
[2025-05] 04-010-29-000,2025-05,2025,[05] May,"Taal, Batangas",[1] Operational,,,,,[A] Operational,A,04-010-29-000,Taal,Batangas,Region IV-A (CALABARZON),Municipality,3rd,R4A,F
[2025-05] 17-059-01-000,2025-05,2025,[05] May,"Alcantara, Romblon",[2] Pilot Testing,50%,,,,[B] Developmental,#N/A,17-059-01-000,Alcantara,Romblon,MIMAROPA Region,Municipality,5th,R4B,G
[2025-05] 17-052-01-000,2025-05,2025,[05] May,"Baco, Oriental Mindoro",[1] Operational,,,,,[A] Operational,B,17-052-01-000,Baco,Oriental Mindoro,MIMAROPA Region,Municipality,3rd,R4B,G
[2025-05] 17-059-02-000,2025-05,2025,[05] May,"Banton, Romblon",[1] Operational,,,,,[A] Operational,B,17-059-02-000,Banton,Romblon,MIMAROPA Region,Municipality,5th,R4B,G
[2025-05] 17-053-07-000,2025-05,2025,[05] May,"Busuanga, Palawan",[1] Operational,,,,,[A] Operational,A,17-053-07-000,Busuanga,Palawan,MIMAROPA Region,Municipality,3rd,R4B,G
[2025-05] 17-051-02-000,2025-05,2025,[05] May,"Calintaan, Occidental Mindoro",[2] Pilot Testing,50%,,,,[B] Developmental,#N/A,17-051-02-000,Calintaan,Occidental Mindoro,MIMAROPA Region,Municipality,3rd,R4B,G
[2025-05] 17-053-09-000,2025-05,2025,[05] May,"Coron, Palawan",[1] Operational,,,,,[A] Operational,B,17-053-09-000,Coron,Palawan,MIMAROPA Region,Municipality,1st,R4B,G
[2025-05] 17-053-12-000,2025-05,2025,[05] May,"El Nido, Palawan",[1] Operational,,,,,[A] Operational,A,17-053-12-000,El Nido,Palawan,MIMAROPA Region,Municipality,1st,R4B,G
[2025-05] 17-059-16-000,2025-05,2025,[05] May,"Ferrol, Romblon",[1] Operational,,,,,[A] Operational,A,17-059-16-000,Ferrol,Romblon,MIMAROPA Region,Municipality,6th,R4B,G
[2025-05] 17-052-06-000,2025-05,2025,[05] May,"Gloria, Oriental Mindoro",[1] Operational,,,,,[A] Operational,B,17-052-06-000,Gloria,Oriental Mindoro,MIMAROPA Region,Municipality,3rd,R4B,G
[2025-05] 17-059-07-000,2025-05,2025,[05] May,"Looc, Romblon",[1] Operational,,,,,[A] Operational,A,17-059-07-000,Looc,Romblon,MIMAROPA Region,Municipality,4th,R4B,G
[2025-05] 17-052-09-000,2025-05,2025,[05] May,"Pinamalayan, Oriental Mindoro",[1] Operational,,,,,[A] Operational,B,17-052-09-000,Pinamalayan,Oriental Mindoro,MIMAROPA Region,Municipality,1st,R4B,G
[2025-05] 17-051-08-000,2025-05,2025,[05] May,"Rizal, Occidental Mindoro",[1] Operational,,,,,[A] Operational,B,17-051-08-000,Rizal,Occidental Mindoro,MIMAROPA Region,Municipality,3rd,R4B,G
[2025-05] 17-051-09-000,2025-05,2025,[05] May,"Sablayan, Occidental Mindoro",[1] Operational,,,,,[A] Operational,A,17-051-09-000,Sablayan,Occidental Mindoro,MIMAROPA Region,Municipality,1st,R4B,G
[2025-05] 17-051-10-000,2025-05,2025,[05] May,"San Jose, Occidental Mindoro",[1] Operational,,,,,[A] Operational,A,17-051-10-000,San Jose,Occidental Mindoro,MIMAROPA Region,Municipality,1st,R4B,G
[2025-05] 17-052-13-000,2025-05,2025,[05] May,"San Teodoro, Oriental Mindoro",[1] Operational,,,,,[A] Operational,B,17-052-13-000,San Teodoro,Oriental Mindoro,MIMAROPA Region,Municipality,4th,R4B,G
[2025-05] 17-053-19-000,2025-05,2025,[05] May,"San Vicente, Palawan",[1] Operational,,,,,[A] Operational,A,17-053-19-000,San Vicente,Palawan,MIMAROPA Region,Municipality,1st,R4B,G
[2025-05] 05-041-01-000,2025-05,2025,[05] May,"Aroroy, Masbate",[3] Ongoing Data Build-up,10%,,,,[B] Developmental,#N/A,05-041-01-000,Aroroy,Masbate,Region V (Bicol Region),Municipality,1st,R5,H
[2025-05] 05-062-02-000,2025-05,2025,[05] May,"Barcelona, Sorsogon",[3] Ongoing Data Build-up,85%,Applicants not familiar with the system and unstable internet connection,,,[B] Developmental,B,05-062-02-000,Barcelona,Sorsogon,Region V (Bicol Region),Municipality,5th,R5,H
[2025-05] 05-016-02-000,2025-05,2025,[05] May,"Capalonga, Camarines Norte",[3] Ongoing Data Build-up,10%,x,,,[B] Developmental,B,05-016-02-000,Capalonga,Camarines Norte,Region V (Bicol Region),Municipality,3rd,R5,H
[2025-05] 05-016-05-000,2025-05,2025,[05] May,"Jose Panganiban, Camarines Norte",[3] Ongoing Data Build-up,10%,,,,[B] Developmental,B,05-016-05-000,Jose Panganiban,Camarines Norte,Region V (Bicol Region),Municipality,2nd,R5,H
[2025-05] 05-016-06-000,2025-05,2025,[05] May,"Labo, Camarines Norte",[6] With Concerns,,"concern regarding manual entry of building permit number, due to conflict with complex applications numbering",,,[C] For Training/Others,B,05-016-06-000,Labo,Camarines Norte,Region V (Bicol Region),Municipality,1st,R5,H
[2025-05] 05-016-07-000,2025-05,2025,[05] May,"Mercedes, Camarines Norte",[3] Ongoing Data Build-up,80%,,,,[B] Developmental,B,05-016-07-000,Mercedes,Camarines Norte,Region V (Bicol Region),Municipality,2nd,R5,H
[2025-05] 05-016-11-000,2025-05,2025,[05] May,"Talisay, Camarines Norte",[1] Operational,,,,,[A] Operational,A,05-016-11-000,Talisay,Camarines Norte,Region V (Bicol Region),Municipality,4th,R5,H
[2025-05] 05-005-18-000,2025-05,2025,[05] May,"Tiwi, Albay",[8] Withdraw,,,,,[D] Withdraw,B,05-005-18-000,Tiwi,Albay,Region V (Bicol Region),Municipality,1st,R5,H
[2025-05] 05-016-12-000,2025-05,2025,[05] May,"Vinzons, Camarines Norte",[3] Ongoing Data Build-up,98%,,,,[B] Developmental,B,05-016-12-000,Vinzons,Camarines Norte,Region V (Bicol Region),Municipality,3rd,R5,H
[2025-05] 05-020-11-000,2025-05,2025,[05] May,"Virac, Catanduanes",[6] With Concerns,,May mga need pa po ayusin specially sa mga signatories,,,[C] For Training/Others,B,05-020-11-000,Virac,Catanduanes,Region V (Bicol Region),Municipality,1st,R5,H
[2025-05] 06-030-02-000,2025-05,2025,[05] May,"Alimodian, Iloilo",[1] Operational,,,,,[A] Operational,B,06-030-02-000,Alimodian,Iloilo,Region VI (Western Visayas),Municipality,3rd,R6,I
[2025-05] 06-030-03-000,2025-05,2025,[05] May,"Anilao, Iloilo",[1] Operational,,,,,[A] Operational,B,06-030-03-000,Anilao,Iloilo,Region VI (Western Visayas),Municipality,4th,R6,I
[2025-05] 06-030-05-000,2025-05,2025,[05] May,"Balasan, Iloilo",[1] Operational,,,,,[A] Operational,B,06-030-05-000,Balasan,Iloilo,Region VI (Western Visayas),Municipality,4th,R6,I
[2025-05] 06-006-02-000,2025-05,2025,[05] May,"Barbaza, Antique",[1] Operational,,,,,[A] Operational,B,06-006-02-000,Barbaza,Antique,Region VI (Western Visayas),Municipality,4th,R6,I
[2025-05] 06-030-07-000,2025-05,2025,[05] May,"Barotac Nuevo, Iloilo",[1] Operational,,,,,[A] Operational,B,06-030-07-000,Barotac Nuevo,Iloilo,Region VI (Western Visayas),Municipality,2nd,R6,I
[2025-05] 06-030-08-000,2025-05,2025,[05] May,"Barotac Viejo, Iloilo",[5] For Training,,,,,[C] For Training/Others,B,06-030-08-000,Barotac Viejo,Iloilo,Region VI (Western Visayas),Municipality,3rd,R6,I
[2025-05] 06-030-10-000,2025-05,2025,[05] May,"Bingawan, Iloilo",[1] Operational,,,,,[A] Operational,B,06-030-10-000,Bingawan,Iloilo,Region VI (Western Visayas),Municipality,5th,R6,I
[2025-05] 06-079-01-000,2025-05,2025,[05] May,"Buenavista, Guimaras",[1] Operational,,,,,[A] Operational,B,06-079-01-000,Buenavista,Guimaras,Region VI (Western Visayas),Municipality,2nd,R6,I
[2025-05] 06-006-04-000,2025-05,2025,[05] May,"Bugasong, Antique",[1] Operational,,,,,[A] Operational,A,06-006-04-000,Bugasong,Antique,Region VI (Western Visayas),Municipality,3rd,R6,I
[2025-05] 06-030-12-000,2025-05,2025,[05] May,"Cabatuan, Iloilo",[1] Operational,,,,,[A] Operational,B,06-030-12-000,Cabatuan,Iloilo,Region VI (Western Visayas),Municipality,2nd,R6,I
[2025-05] 06-030-13-000,2025-05,2025,[05] May,"Calinog, Iloilo",[1] Operational,,,,,[A] Operational,A,06-030-13-000,Calinog,Iloilo,Region VI (Western Visayas),Municipality,1st,R6,I
[2025-05] 06-302-00-000,2025-05,2025,[05] May,"City of Bacolod, Negros Occidental",[1] Operational,,,,,[A] Operational,A,06-302-00-000,City of Bacolod,Negros Occidental,Region VI (Western Visayas),City,1st,R6,I
[2025-05] 06-045-10-000,2025-05,2025,[05] May,"City of Himamaylan, Negros Occidental",[1] Operational,,,,,[A] Operational,A,06-045-10-000,City of Himamaylan,Negros Occidental,Region VI (Western Visayas),City,3rd,R6,I
[2025-05] 06-045-15-000,2025-05,2025,[05] May,"City of Kabankalan, Negros Occidental",[1] Operational,,,,,[A] Operational,B,06-045-15-000,City of Kabankalan,Negros Occidental,Region VI (Western Visayas),City,1st,R6,I
[2025-05] 06-045-27-000,2025-05,2025,[05] May,"City of Sipalay, Negros Occidental",[1] Operational,,,,,[A] Operational,A,06-045-27-000,City of Sipalay,Negros Occidental,Region VI (Western Visayas),City,4th,R6,I
[2025-05] 06-030-15-000,2025-05,2025,[05] May,"Concepcion, Iloilo",[1] Operational,,,,,[A] Operational,B,06-030-15-000,Concepcion,Iloilo,Region VI (Western Visayas),Municipality,3rd,R6,I
[2025-05] 06-030-16-000,2025-05,2025,[05] May,"Dingle, Iloilo",[1] Operational,,,,,[A] Operational,A,06-030-16-000,Dingle,Iloilo,Region VI (Western Visayas),Municipality,3rd,R6,I
[2025-05] 06-045-11-000,2025-05,2025,[05] May,"Hinigaran, Negros Occidental",[1] Operational,,,,,[A] Operational,B,06-045-11-000,Hinigaran,Negros Occidental,Region VI (Western Visayas),Municipality,1st,R6,I
[2025-05] 06-030-23-000,2025-05,2025,[05] May,"Janiuay, Iloilo",[1] Operational,,,,,[A] Operational,B,06-030-23-000,Janiuay,Iloilo,Region VI (Western Visayas),Municipality,1st,R6,I
[2025-05] 06-030-25-000,2025-05,2025,[05] May,"Lambunao, Iloilo",[5] For Training,,,,,[C] For Training/Others,B,06-030-25-000,Lambunao,Iloilo,Region VI (Western Visayas),Municipality,1st,R6,I
[2025-05] 06-006-09-000,2025-05,2025,[05] May,"Laua-An, Antique",[1] Operational,,,,,[A] Operational,A,06-006-09-000,Laua-An,Antique,Region VI (Western Visayas),Municipality,4th,R6,I
[2025-05] 06-006-10-000,2025-05,2025,[05] May,"Libertad, Antique",[1] Operational,,,,,[A] Operational,A,06-006-10-000,Libertad,Antique,Region VI (Western Visayas),Municipality,5th,R6,I
[2025-05] 06-045-18-000,2025-05,2025,[05] May,"Manapla, Negros Occidental",[1] Operational,,,,,[A] Operational,B,06-045-18-000,Manapla,Negros Occidental,Region VI (Western Visayas),Municipality,2nd,R6,I
[2025-05] 06-030-30-000,2025-05,2025,[05] May,"Miagao, Iloilo",[5] For Training,,,,,[C] For Training/Others,B,06-030-30-000,Miagao,Iloilo,Region VI (Western Visayas),Municipality,1st,R6,I
[2025-05] 06-030-31-000,2025-05,2025,[05] May,"Mina, Iloilo",[1] Operational,,,,,[A] Operational,A,06-030-31-000,Mina,Iloilo,Region VI (Western Visayas),Municipality,5th,R6,I
[2025-05] 06-045-19-000,2025-05,2025,[05] May,"Moises Padilla, Negros Occidental",[1] Operational,,,,,[A] Operational,B,06-045-19-000,Moises Padilla,Negros Occidental,Region VI (Western Visayas),Municipality,3rd,R6,I
[2025-05] 06-030-32-000,2025-05,2025,[05] May,"New Lucena, Iloilo",[1] Operational,,,,,[A] Operational,B,06-030-32-000,New Lucena,Iloilo,Region VI (Western Visayas),Municipality,4th,R6,I
[2025-05] 06-004-15-000,2025-05,2025,[05] May,"New Washington, Aklan",[1] Operational,,,,,[A] Operational,A,06-004-15-000,New Washington,Aklan,Region VI (Western Visayas),Municipality,3rd,R6,I
[2025-05] 06-030-34-000,2025-05,2025,[05] May,"Oton, Iloilo",[8] Withdraw,,,,,[D] Withdraw,B,06-030-34-000,Oton,Iloilo,Region VI (Western Visayas),Municipality,1st,R6,I
[2025-05] 06-006-11-000,2025-05,2025,[05] May,"Pandan, Antique",[1] Operational,,,,,[A] Operational,A,06-006-11-000,Pandan,Antique,Region VI (Western Visayas),Municipality,4th,R6,I
[2025-05] 06-006-12-000,2025-05,2025,[05] May,"Patnongon, Antique",[1] Operational,,,,,[A] Operational,A,06-006-12-000,Patnongon,Antique,Region VI (Western Visayas),Municipality,3rd,R6,I
[2025-05] 06-030-40-000,2025-05,2025,[05] May,"San Joaquin, Iloilo",[5] For Training,,,,,[C] For Training/Others,B,06-030-40-000,San Joaquin,Iloilo,Region VI (Western Visayas),Municipality,2nd,R6,I
[2025-05] 06-006-14-000,2025-05,2025,[05] May,"San Remigio, Antique",[1] Operational,,,,,[A] Operational,A,06-006-14-000,San Remigio,Antique,Region VI (Western Visayas),Municipality,3rd,R6,I
[2025-05] 06-030-43-000,2025-05,2025,[05] May,"Santa Barbara, Iloilo",[1] Operational,,,,,[A] Operational,B,06-030-43-000,Santa Barbara,Iloilo,Region VI (Western Visayas),Municipality,2nd,R6,I
[2025-05] 06-019-15-000,2025-05,2025,[05] May,"Sapi-An, Capiz",[1] Operational,,,,,[A] Operational,A,06-019-15-000,Sapi-An,Capiz,Region VI (Western Visayas),Municipality,4th,R6,I
[2025-05] 06-030-44-000,2025-05,2025,[05] May,"Sara, Iloilo",[1] Operational,,,,,[A] Operational,B,06-030-44-000,Sara,Iloilo,Region VI (Western Visayas),Municipality,2nd,R6,I
[2025-05] 06-006-15-000,2025-05,2025,[05] May,"Sebaste, Antique",[5] For Training,,,,,[C] For Training/Others,B,06-006-15-000,Sebaste,Antique,Region VI (Western Visayas),Municipality,4th,R6,I
[2025-05] 06-004-17-000,2025-05,2025,[05] May,"Tangalan, Aklan",[1] Operational,,,,,[A] Operational,A,06-004-17-000,Tangalan,Aklan,Region VI (Western Visayas),Municipality,5th,R6,I
[2025-05] 06-019-17-000,2025-05,2025,[05] May,"Tapaz, Capiz",[1] Operational,,,,,[A] Operational,A,06-019-17-000,Tapaz,Capiz,Region VI (Western Visayas),Municipality,1st,R6,I
[2025-05] 06-006-07-000,2025-05,2025,[05] May,"Tobias Fornier, Antique",[8] Withdraw,,,,,[D] Withdraw,B,06-006-07-000,Tobias Fornier,Antique,Region VI (Western Visayas),Municipality,4th,R6,I
[2025-05] 06-030-47-000,2025-05,2025,[05] May,"Zarraga, Iloilo",[5] For Training,,,,,[C] For Training/Others,B,06-030-47-000,Zarraga,Iloilo,Region VI (Western Visayas),Municipality,4th,R6,I
[2025-06] 14-032-13-000,2025-06,2025,[06] June,"City of Tabuk, Kalinga",[1] Operational,,,,,[A] Operational,B,14-032-13-000,City of Tabuk,Kalinga,Cordillera Administrative Region (CAR),City,5th,CAR,B
[2025-06] 01-028-05-000,2025-06,2025,[06] June,"City of Batac, Ilocos Norte",[1] Operational,,,,,[A] Operational,B,01-028-05-000,City of Batac,Ilocos Norte,Region I (Ilocos Region),City,5th,R1,C
[2025-06] 01-028-12-000,2025-06,2025,[06] June,"City of Laoag, Ilocos Norte",[5] For Training,,Waiting for the SB Resolution,,,[C] For Training/Others,B,01-028-12-000,City of Laoag,Ilocos Norte,Region I (Ilocos Region),City,3rd,R1,C
[2025-06] 01-055-19-000,2025-06,2025,[06] June,"Dasol, Pangasinan",[7] To Follow-up,,for schedule of training,,,[C] For Training/Others,B,01-055-19-000,Dasol,Pangasinan,Region I (Ilocos Region),Municipality,3rd,R1,C
[2025-06] 01-055-48-000,2025-06,2025,[06] June,"Laoac, Pangasinan",[7] To Follow-up,,for schedule of training,,,[C] For Training/Others,B,01-055-48-000,Laoac,Pangasinan,Region I (Ilocos Region),Municipality,4th,R1,C
[2025-06] 01-055-30-000,2025-06,2025,[06] June,"Pozorrubio, Pangasinan",[5] For Training,,,,,[C] For Training/Others,B,01-055-30-000,Pozorrubio,Pangasinan,Region I (Ilocos Region),Municipality,1st,R1,C
[2025-06] 01-029-18-000,2025-06,2025,[06] June,"San Esteban, Ilocos Sur",[5] For Training,,,,,[C] For Training/Others,B,01-029-18-000,San Esteban,Ilocos Sur,Region I (Ilocos Region),Municipality,5th,R1,C
[2025-06] 02-031-03-000,2025-06,2025,[06] June,"Aurora, Isabela",[1] Operational,,,,,[A] Operational,B,02-031-03-000,Aurora,Isabela,Region II (Cagayan Valley),Municipality,3rd,R2,D
[2025-06] 02-031-14-000,2025-06,2025,[06] June,"City of Ilagan, Isabela",[1] Operational,,,,,[A] Operational,A,02-031-14-000,City of Ilagan,Isabela,Region II (Cagayan Valley),City,1st (as Mun),R2,D
[2025-06] 04-056-02-000,2025-06,2025,[06] June,"Alabat, Quezon",[1] Operational,,,,,[A] Operational,B,04-056-02-000,Alabat,Quezon,Region IV-A (CALABARZON),Municipality,5th,R4A,F
[2025-06] 04-021-01-000,2025-06,2025,[06] June,"Alfonso, Cavite",[3] Ongoing Data Build-up,100%,For Launching,,Waiting for LGU Schedule,[B] Developmental,B,04-021-01-000,Alfonso,Cavite,Region IV-A (CALABARZON),Municipality,1st,R4A,F
[2025-06] 04-021-02-000,2025-06,2025,[06] June,"Amadeo, Cavite",[2] Pilot Testing,95%,,,Waiting for decision of LGU if they will use the system,[B] Developmental,B,04-021-02-000,Amadeo,Cavite,Region IV-A (CALABARZON),Municipality,4th,R4A,F
[2025-06] 04-010-03-000,2025-06,2025,[06] June,"Balayan, Batangas",[1] Operational,,,,,[A] Operational,A,04-010-03-000,Balayan,Batangas,Region IV-A (CALABARZON),Municipality,1st,R4A,F
[2025-06] 04-056-08-000,2025-06,2025,[06] June,"Candelaria, Quezon",[1] Operational,,,,,[A] Operational,A,04-056-08-000,Candelaria,Quezon,Region IV-A (CALABARZON),Municipality,1st,R4A,F
[2025-06] 04-034-07-000,2025-06,2025,[06] June,"Cavinti, Laguna",[2] Pilot Testing,100%,For Launching,,Waiting for LGU Schedule,[B] Developmental,B,04-034-07-000,Cavinti,Laguna,Region IV-A (CALABARZON),Municipality,3rd,R4A,F
[2025-06] 04-056-16-000,2025-06,2025,[06] June,"General Luna, Quezon",[1] Operational,,,,,[A] Operational,B,04-056-16-000,General Luna,Quezon,Region IV-A (CALABARZON),Municipality,4th,R4A,F
[2025-06] 04-056-17-000,2025-06,2025,[06] June,"General Nakar, Quezon",[1] Operational,,,,,[A] Operational,B,04-056-17-000,General Nakar,Quezon,Region IV-A (CALABARZON),Municipality,1st,R4A,F
[2025-06] 04-056-19-000,2025-06,2025,[06] June,"Gumaca, Quezon",[7] To Follow-up,,LGU unresponsive,For visitation,,[C] For Training/Others,B,04-056-19-000,Gumaca,Quezon,Region IV-A (CALABARZON),Municipality,1st,R4A,F
[2025-06] 04-056-20-000,2025-06,2025,[06] June,"Infanta, Quezon",[1] Operational,,,,,[A] Operational,A,04-056-20-000,Infanta,Quezon,Region IV-A (CALABARZON),Municipality,1st,R4A,F
[2025-06] 04-010-12-000,2025-06,2025,[06] June,"Lemery, Batangas",[8] Withdraw,,,,,[D] Withdraw,B,04-010-12-000,Lemery,Batangas,Region IV-A (CALABARZON),Municipality,1st,R4A,F
[2025-06] 04-010-13-000,2025-06,2025,[06] June,"Lian, Batangas",[1] Operational,,,,,[A] Operational,A,04-010-13-000,Lian,Batangas,Region IV-A (CALABARZON),Municipality,3rd,R4A,F
[2025-06] 04-010-16-000,2025-06,2025,[06] June,"Mabini, Batangas",[1] Operational,,,,,[A] Operational,A,04-010-16-000,Mabini,Batangas,Region IV-A (CALABARZON),Municipality,1st,R4A,F
[2025-06] 04-021-12-000,2025-06,2025,[06] June,"Magallanes, Cavite",[1] Operational,,,,,[A] Operational,B,04-021-12-000,Magallanes,Cavite,Region IV-A (CALABARZON),Municipality,4th,R4A,F
[2025-06] 04-056-27-000,2025-06,2025,[06] June,"Mauban, Quezon",[1] Operational,,,,,[A] Operational,A,04-056-27-000,Mauban,Quezon,Region IV-A (CALABARZON),Municipality,1st,R4A,F
[2025-06] 04-021-15-000,2025-06,2025,[06] June,"Naic, Cavite",[1] Operational,,,,,[A] Operational,A,04-021-15-000,Naic,Cavite,Region IV-A (CALABARZON),Municipality,1st,R4A,F
[2025-06] 04-034-18-000,2025-06,2025,[06] June,"Paete, Laguna",[1] Operational,,,,,[A] Operational,B,04-034-18-000,Paete,Laguna,Region IV-A (CALABARZON),Municipality,4th,R4A,F
[2025-06] 04-056-34-000,2025-06,2025,[06] June,"Pitogo, Quezon",[2] Pilot Testing,72%,,,,[B] Developmental,B,04-056-34-000,Pitogo,Quezon,Region IV-A (CALABARZON),Municipality,4th,R4A,F
[2025-06] 04-056-39-000,2025-06,2025,[06] June,"Sampaloc, Quezon",[1] Operational,,,,,[A] Operational,B,04-056-39-000,Sampaloc,Quezon,Region IV-A (CALABARZON),Municipality,5th,R4A,F
[2025-06] 04-010-24-000,2025-06,2025,[06] June,"San Luis, Batangas",[1] Operational,,,,,[A] Operational,B,04-010-24-000,San Luis,Batangas,Region IV-A (CALABARZON),Municipality,4th,R4A,F
[2025-06] 04-010-25-000,2025-06,2025,[06] June,"San Nicolas, Batangas",[1] Operational,,,,"Launched on August 30, 2024",[A] Operational,B,04-010-25-000,San Nicolas,Batangas,Region IV-A (CALABARZON),Municipality,5th,R4A,F
[2025-06] 04-010-27-000,2025-06,2025,[06] June,"Santa Teresita, Batangas",[1] Operational,,,,,[A] Operational,A,04-010-27-000,Santa Teresita,Batangas,Region IV-A (CALABARZON),Municipality,5th,R4A,F
[2025-06] 04-010-29-000,2025-06,2025,[06] June,"Taal, Batangas",[1] Operational,,,,,[A] Operational,A,04-010-29-000,Taal,Batangas,Region IV-A (CALABARZON),Municipality,3rd,R4A,F
[2025-06] 17-059-01-000,2025-06,2025,[06] June,"Alcantara, Romblon",[2] Pilot Testing,50%,,,,[B] Developmental,#N/A,17-059-01-000,Alcantara,Romblon,MIMAROPA Region,Municipality,5th,R4B,G
[2025-06] 17-052-01-000,2025-06,2025,[06] June,"Baco, Oriental Mindoro",[1] Operational,,,,,[A] Operational,B,17-052-01-000,Baco,Oriental Mindoro,MIMAROPA Region,Municipality,3rd,R4B,G
[2025-06] 17-059-02-000,2025-06,2025,[06] June,"Banton, Romblon",[1] Operational,,,,,[A] Operational,B,17-059-02-000,Banton,Romblon,MIMAROPA Region,Municipality,5th,R4B,G
[2025-06] 17-053-07-000,2025-06,2025,[06] June,"Busuanga, Palawan",[1] Operational,,,,,[A] Operational,A,17-053-07-000,Busuanga,Palawan,MIMAROPA Region,Municipality,3rd,R4B,G
[2025-06] 17-051-02-000,2025-06,2025,[06] June,"Calintaan, Occidental Mindoro",[2] Pilot Testing,50%,,,,[B] Developmental,#N/A,17-051-02-000,Calintaan,Occidental Mindoro,MIMAROPA Region,Municipality,3rd,R4B,G
[2025-06] 17-053-09-000,2025-06,2025,[06] June,"Coron, Palawan",[1] Operational,,,,,[A] Operational,B,17-053-09-000,Coron,Palawan,MIMAROPA Region,Municipality,1st,R4B,G
[2025-06] 17-053-12-000,2025-06,2025,[06] June,"El Nido, Palawan",[1] Operational,,,,,[A] Operational,A,17-053-12-000,El Nido,Palawan,MIMAROPA Region,Municipality,1st,R4B,G
[2025-06] 17-059-16-000,2025-06,2025,[06] June,"Ferrol, Romblon",[1] Operational,,,,,[A] Operational,A,17-059-16-000,Ferrol,Romblon,MIMAROPA Region,Municipality,6th,R4B,G
[2025-06] 17-052-06-000,2025-06,2025,[06] June,"Gloria, Oriental Mindoro",[1] Operational,,,,,[A] Operational,B,17-052-06-000,Gloria,Oriental Mindoro,MIMAROPA Region,Municipality,3rd,R4B,G
[2025-06] 17-059-07-000,2025-06,2025,[06] June,"Looc, Romblon",[1] Operational,,,,,[A] Operational,A,17-059-07-000,Looc,Romblon,MIMAROPA Region,Municipality,4th,R4B,G
[2025-06] 17-052-09-000,2025-06,2025,[06] June,"Pinamalayan, Oriental Mindoro",[1] Operational,,,,,[A] Operational,B,17-052-09-000,Pinamalayan,Oriental Mindoro,MIMAROPA Region,Municipality,1st,R4B,G
[2025-06] 17-051-08-000,2025-06,2025,[06] June,"Rizal, Occidental Mindoro",[1] Operational,,,,,[A] Operational,B,17-051-08-000,Rizal,Occidental Mindoro,MIMAROPA Region,Municipality,3rd,R4B,G
[2025-06] 17-051-09-000,2025-06,2025,[06] June,"Sablayan, Occidental Mindoro",[1] Operational,,,,,[A] Operational,A,17-051-09-000,Sablayan,Occidental Mindoro,MIMAROPA Region,Municipality,1st,R4B,G
[2025-06] 17-051-10-000,2025-06,2025,[06] June,"San Jose, Occidental Mindoro",[1] Operational,,,,,[A] Operational,A,17-051-10-000,San Jose,Occidental Mindoro,MIMAROPA Region,Municipality,1st,R4B,G
[2025-06] 17-052-13-000,2025-06,2025,[06] June,"San Teodoro, Oriental Mindoro",[1] Operational,,,,,[A] Operational,B,17-052-13-000,San Teodoro,Oriental Mindoro,MIMAROPA Region,Municipality,4th,R4B,G
[2025-06] 17-053-19-000,2025-06,2025,[06] June,"San Vicente, Palawan",[1] Operational,,,,,[A] Operational,A,17-053-19-000,San Vicente,Palawan,MIMAROPA Region,Municipality,1st,R4B,G
[2025-06] 05-041-01-000,2025-06,2025,[06] June,"Aroroy, Masbate",[3] Ongoing Data Build-up,10%,,,,[B] Developmental,#N/A,05-041-01-000,Aroroy,Masbate,Region V (Bicol Region),Municipality,1st,R5,H
[2025-06] 05-062-02-000,2025-06,2025,[06] June,"Barcelona, Sorsogon",[3] Ongoing Data Build-up,85%,Applicants not familiar with the system and unstable internet connection,,,[B] Developmental,B,05-062-02-000,Barcelona,Sorsogon,Region V (Bicol Region),Municipality,5th,R5,H
[2025-06] 05-016-02-000,2025-06,2025,[06] June,"Capalonga, Camarines Norte",[3] Ongoing Data Build-up,10%,x,,,[B] Developmental,B,05-016-02-000,Capalonga,Camarines Norte,Region V (Bicol Region),Municipality,3rd,R5,H
[2025-06] 05-016-05-000,2025-06,2025,[06] June,"Jose Panganiban, Camarines Norte",[3] Ongoing Data Build-up,10%,,,,[B] Developmental,B,05-016-05-000,Jose Panganiban,Camarines Norte,Region V (Bicol Region),Municipality,2nd,R5,H
[2025-06] 05-016-06-000,2025-06,2025,[06] June,"Labo, Camarines Norte",[6] With Concerns,,"concern regarding manual entry of building permit number, due to conflict with complex applications numbering",,,[C] For Training/Others,B,05-016-06-000,Labo,Camarines Norte,Region V (Bicol Region),Municipality,1st,R5,H
[2025-06] 05-016-07-000,2025-06,2025,[06] June,"Mercedes, Camarines Norte",[3] Ongoing Data Build-up,80%,,,,[B] Developmental,B,05-016-07-000,Mercedes,Camarines Norte,Region V (Bicol Region),Municipality,2nd,R5,H
[2025-06] 05-016-11-000,2025-06,2025,[06] June,"Talisay, Camarines Norte",[1] Operational,,,,,[A] Operational,A,05-016-11-000,Talisay,Camarines Norte,Region V (Bicol Region),Municipality,4th,R5,H
[2025-06] 05-005-18-000,2025-06,2025,[06] June,"Tiwi, Albay",[8] Withdraw,,,,,[D] Withdraw,B,05-005-18-000,Tiwi,Albay,Region V (Bicol Region),Municipality,1st,R5,H
[2025-06] 05-016-12-000,2025-06,2025,[06] June,"Vinzons, Camarines Norte",[3] Ongoing Data Build-up,98%,,,,[B] Developmental,B,05-016-12-000,Vinzons,Camarines Norte,Region V (Bicol Region),Municipality,3rd,R5,H
[2025-06] 05-020-11-000,2025-06,2025,[06] June,"Virac, Catanduanes",[6] With Concerns,,May mga need pa po ayusin specially sa mga signatories,,,[C] For Training/Others,B,05-020-11-000,Virac,Catanduanes,Region V (Bicol Region),Municipality,1st,R5,H
[2025-06] 06-030-02-000,2025-06,2025,[06] June,"Alimodian, Iloilo",[1] Operational,,,,,[A] Operational,B,06-030-02-000,Alimodian,Iloilo,Region VI (Western Visayas),Municipality,3rd,R6,I
[2025-06] 06-030-03-000,2025-06,2025,[06] June,"Anilao, Iloilo",[1] Operational,,,,,[A] Operational,B,06-030-03-000,Anilao,Iloilo,Region VI (Western Visayas),Municipality,4th,R6,I
[2025-06] 06-030-05-000,2025-06,2025,[06] June,"Balasan, Iloilo",[1] Operational,,,,,[A] Operational,B,06-030-05-000,Balasan,Iloilo,Region VI (Western Visayas),Municipality,4th,R6,I
[2025-06] 06-006-02-000,2025-06,2025,[06] June,"Barbaza, Antique",[1] Operational,,,,,[A] Operational,B,06-006-02-000,Barbaza,Antique,Region VI (Western Visayas),Municipality,4th,R6,I
[2025-06] 06-030-07-000,2025-06,2025,[06] June,"Barotac Nuevo, Iloilo",[1] Operational,,,,,[A] Operational,B,06-030-07-000,Barotac Nuevo,Iloilo,Region VI (Western Visayas),Municipality,2nd,R6,I
[2025-06] 06-030-08-000,2025-06,2025,[06] June,"Barotac Viejo, Iloilo",[5] For Training,,,,,[C] For Training/Others,B,06-030-08-000,Barotac Viejo,Iloilo,Region VI (Western Visayas),Municipality,3rd,R6,I
[2025-06] 06-030-10-000,2025-06,2025,[06] June,"Bingawan, Iloilo",[1] Operational,,,,,[A] Operational,B,06-030-10-000,Bingawan,Iloilo,Region VI (Western Visayas),Municipality,5th,R6,I
[2025-06] 06-079-01-000,2025-06,2025,[06] June,"Buenavista, Guimaras",[1] Operational,,,,,[A] Operational,B,06-079-01-000,Buenavista,Guimaras,Region VI (Western Visayas),Municipality,2nd,R6,I
[2025-06] 06-006-04-000,2025-06,2025,[06] June,"Bugasong, Antique",[1] Operational,,,,,[A] Operational,A,06-006-04-000,Bugasong,Antique,Region VI (Western Visayas),Municipality,3rd,R6,I
[2025-06] 06-030-12-000,2025-06,2025,[06] June,"Cabatuan, Iloilo",[1] Operational,,,,,[A] Operational,B,06-030-12-000,Cabatuan,Iloilo,Region VI (Western Visayas),Municipality,2nd,R6,I
[2025-06] 06-030-13-000,2025-06,2025,[06] June,"Calinog, Iloilo",[1] Operational,,,,,[A] Operational,A,06-030-13-000,Calinog,Iloilo,Region VI (Western Visayas),Municipality,1st,R6,I
[2025-06] 06-302-00-000,2025-06,2025,[06] June,"City of Bacolod, Negros Occidental",[1] Operational,,,,,[A] Operational,A,06-302-00-000,City of Bacolod,Negros Occidental,Region VI (Western Visayas),City,1st,R6,I
[2025-06] 06-045-10-000,2025-06,2025,[06] June,"City of Himamaylan, Negros Occidental",[1] Operational,,,,,[A] Operational,A,06-045-10-000,City of Himamaylan,Negros Occidental,Region VI (Western Visayas),City,3rd,R6,I
[2025-06] 06-045-15-000,2025-06,2025,[06] June,"City of Kabankalan, Negros Occidental",[1] Operational,,,,,[A] Operational,B,06-045-15-000,City of Kabankalan,Negros Occidental,Region VI (Western Visayas),City,1st,R6,I
[2025-06] 06-045-27-000,2025-06,2025,[06] June,"City of Sipalay, Negros Occidental",[1] Operational,,,,,[A] Operational,A,06-045-27-000,City of Sipalay,Negros Occidental,Region VI (Western Visayas),City,4th,R6,I
[2025-06] 06-030-15-000,2025-06,2025,[06] June,"Concepcion, Iloilo",[1] Operational,,,,,[A] Operational,B,06-030-15-000,Concepcion,Iloilo,Region VI (Western Visayas),Municipality,3rd,R6,I
[2025-06] 06-030-16-000,2025-06,2025,[06] June,"Dingle, Iloilo",[1] Operational,,,,,[A] Operational,A,06-030-16-000,Dingle,Iloilo,Region VI (Western Visayas),Municipality,3rd,R6,I
[2025-06] 06-045-11-000,2025-06,2025,[06] June,"Hinigaran, Negros Occidental",[1] Operational,,,,,[A] Operational,B,06-045-11-000,Hinigaran,Negros Occidental,Region VI (Western Visayas),Municipality,1st,R6,I
[2025-06] 06-030-23-000,2025-06,2025,[06] June,"Janiuay, Iloilo",[1] Operational,,,,,[A] Operational,B,06-030-23-000,Janiuay,Iloilo,Region VI (Western Visayas),Municipality,1st,R6,I
[2025-06] 06-030-25-000,2025-06,2025,[06] June,"Lambunao, Iloilo",[5] For Training,,,,,[C] For Training/Others,B,06-030-25-000,Lambunao,Iloilo,Region VI (Western Visayas),Municipality,1st,R6,I
[2025-06] 06-006-09-000,2025-06,2025,[06] June,"Laua-An, Antique",[1] Operational,,,,,[A] Operational,A,06-006-09-000,Laua-An,Antique,Region VI (Western Visayas),Municipality,4th,R6,I
[2025-06] 06-006-10-000,2025-06,2025,[06] June,"Libertad, Antique",[1] Operational,,,,,[A] Operational,A,06-006-10-000,Libertad,Antique,Region VI (Western Visayas),Municipality,5th,R6,I
[2025-06] 06-045-18-000,2025-06,2025,[06] June,"Manapla, Negros Occidental",[1] Operational,,,,,[A] Operational,B,06-045-18-000,Manapla,Negros Occidental,Region VI (Western Visayas),Municipality,2nd,R6,I
[2025-06] 06-030-30-000,2025-06,2025,[06] June,"Miagao, Iloilo",[5] For Training,,,,,[C] For Training/Others,B,06-030-30-000,Miagao,Iloilo,Region VI (Western Visayas),Municipality,1st,R6,I
[2025-06] 06-030-31-000,2025-06,2025,[06] June,"Mina, Iloilo",[1] Operational,,,,,[A] Operational,A,06-030-31-000,Mina,Iloilo,Region VI (Western Visayas),Municipality,5th,R6,I
[2025-06] 06-045-19-000,2025-06,2025,[06] June,"Moises Padilla, Negros Occidental",[1] Operational,,,,,[A] Operational,B,06-045-19-000,Moises Padilla,Negros Occidental,Region VI (Western Visayas),Municipality,3rd,R6,I
[2025-06] 06-030-32-000,2025-06,2025,[06] June,"New Lucena, Iloilo",[1] Operational,,,,,[A] Operational,B,06-030-32-000,New Lucena,Iloilo,Region VI (Western Visayas),Municipality,4th,R6,I
[2025-06] 06-004-15-000,2025-06,2025,[06] June,"New Washington, Aklan",[1] Operational,,,,,[A] Operational,A,06-004-15-000,New Washington,Aklan,Region VI (Western Visayas),Municipality,3rd,R6,I
[2025-06] 06-030-34-000,2025-06,2025,[06] June,"Oton, Iloilo",[8] Withdraw,,,,,[D] Withdraw,B,06-030-34-000,Oton,Iloilo,Region VI (Western Visayas),Municipality,1st,R6,I
[2025-06] 06-006-11-000,2025-06,2025,[06] June,"Pandan, Antique",[1] Operational,,,,,[A] Operational,A,06-006-11-000,Pandan,Antique,Region VI (Western Visayas),Municipality,4th,R6,I
[2025-06] 06-006-12-000,2025-06,2025,[06] June,"Patnongon, Antique",[1] Operational,,,,,[A] Operational,A,06-006-12-000,Patnongon,Antique,Region VI (Western Visayas),Municipality,3rd,R6,I
[2025-06] 06-030-40-000,2025-06,2025,[06] June,"San Joaquin, Iloilo",[5] For Training,,,,,[C] For Training/Others,B,06-030-40-000,San Joaquin,Iloilo,Region VI (Western Visayas),Municipality,2nd,R6,I
[2025-06] 06-006-14-000,2025-06,2025,[06] June,"San Remigio, Antique",[1] Operational,,,,,[A] Operational,A,06-006-14-000,San Remigio,Antique,Region VI (Western Visayas),Municipality,3rd,R6,I
[2025-06] 06-030-43-000,2025-06,2025,[06] June,"Santa Barbara, Iloilo",[1] Operational,,,,,[A] Operational,B,06-030-43-000,Santa Barbara,Iloilo,Region VI (Western Visayas),Municipality,2nd,R6,I
[2025-06] 06-019-15-000,2025-06,2025,[06] June,"Sapi-An, Capiz",[1] Operational,,,,,[A] Operational,A,06-019-15-000,Sapi-An,Capiz,Region VI (Western Visayas),Municipality,4th,R6,I
[2025-06] 06-030-44-000,2025-06,2025,[06] June,"Sara, Iloilo",[1] Operational,,,,,[A] Operational,B,06-030-44-000,Sara,Iloilo,Region VI (Western Visayas),Municipality,2nd,R6,I
[2025-06] 06-006-15-000,2025-06,2025,[06] June,"Sebaste, Antique",[5] For Training,,,,,[C] For Training/Others,B,06-006-15-000,Sebaste,Antique,Region VI (Western Visayas),Municipality,4th,R6,I
[2025-06] 06-004-17-000,2025-06,2025,[06] June,"Tangalan, Aklan",[1] Operational,,,,,[A] Operational,A,06-004-17-000,Tangalan,Aklan,Region VI (Western Visayas),Municipality,5th,R6,I
[2025-06] 06-019-17-000,2025-06,2025,[06] June,"Tapaz, Capiz",[1] Operational,,,,,[A] Operational,A,06-019-17-000,Tapaz,Capiz,Region VI (Western Visayas),Municipality,1st,R6,I
[2025-06] 06-006-07-000,2025-06,2025,[06] June,"Tobias Fornier, Antique",[8] Withdraw,,,,,[D] Withdraw,B,06-006-07-000,Tobias Fornier,Antique,Region VI (Western Visayas),Municipality,4th,R6,I
[2025-06] 06-030-47-000,2025-06,2025,[06] June,"Zarraga, Iloilo",[5] For Training,,,,,[C] For Training/Others,B,06-030-47-000,Zarraga,Iloilo,Region VI (Western Visayas),Municipality,4th,R6,I
[2025-06] 03-049-01-000,2025-06,2025,[06] June,"Aliaga, Nueva Ecija",[8] Withdraw,,,,,[D] Withdraw,B,03-049-01-000,Aliaga,Nueva Ecija,Region III (Central Luzon),Municipality,2nd,R3,E
[2025-06] 03-054-03-000,2025-06,2025,[06] June,"Arayat, Pampanga",[1] Operational,,,,,[A] Operational,A,03-054-03-000,Arayat,Pampanga,Region III (Central Luzon),Municipality,1st,R3,E
[2025-06] 03-077-01-000,2025-06,2025,[06] June,"Baler, Aurora",[1] Operational,,,,,[A] Operational,A,03-077-01-000,Baler,Aurora,Region III (Central Luzon),Municipality,3rd,R3,E
[2025-06] 03-049-04-000,2025-06,2025,[06] June,"Cabiao, Nueva Ecija",[3] Ongoing Data Build-up,88%,Requesting for refresher training,,,[B] Developmental,B,03-049-04-000,Cabiao,Nueva Ecija,Region III (Central Luzon),Municipality,1st,R3,E
[2025-06] 03-077-02-000,2025-06,2025,[06] June,"Casiguran, Aurora",[1] Operational,,,,,[A] Operational,A,03-077-02-000,Casiguran,Aurora,Region III (Central Luzon),Municipality,2nd,R3,E
[2025-06] 03-014-12-000,2025-06,2025,[06] June,"City of Meycauayan, Bulacan",[8] Withdraw,,"Withdrawal Letter - Meycauayan City, Bulacan",Last Status Ongoing Data Build-up 25%,,[D] Withdraw,B,03-014-12-000,City of Meycauayan,Bulacan,Region III (Central Luzon),City,3rd,R3,E
[2025-06] 03-314-00-000,2025-06,2025,[06] June,"City of Olongapo, Zambales",[3] Ongoing Data Build-up,60%,lack of Staff,For Visitation,,[B] Developmental,B,03-314-00-000,City of Olongapo,Zambales,Region III (Central Luzon),City,1st,R3,E
[2025-06] 03-049-19-000,2025-06,2025,[06] June,"City of Palayan, Nueva Ecija",[2] Pilot Testing,50%,lack of Staff,for visitation,,[B] Developmental,B,03-049-19-000,City of Palayan,Nueva Ecija,Region III (Central Luzon),City,5th,R3,E
[2025-06] 03-077-05-000,2025-06,2025,[06] June,"Dingalan, Aurora",[2] Pilot Testing,99%,,,,[B] Developmental,B,03-077-05-000,Dingalan,Aurora,Region III (Central Luzon),Municipality,3rd,R3,E
[2025-06] 03-077-06-000,2025-06,2025,[06] June,"Dipaculao, Aurora",[1] Operational,,,,,[A] Operational,B,03-077-06-000,Dipaculao,Aurora,Region III (Central Luzon),Municipality,3rd,R3,E
[2025-06] 03-049-07-000,2025-06,2025,[06] June,"Gabaldon, Nueva Ecija",[2] Pilot Testing,71%,Requesting for refresher training,for visitation,,[B] Developmental,B,03-049-07-000,Gabaldon,Nueva Ecija,Region III (Central Luzon),Municipality,4th,R3,E
[2025-06] 03-069-06-000,2025-06,2025,[06] June,"Gerona, Tarlac",[1] Operational,,,,,[A] Operational,B,03-069-06-000,Gerona,Tarlac,Region III (Central Luzon),Municipality,1st,R3,E
[2025-06] 03-071-05-000,2025-06,2025,[06] June,"Iba, Zambales",[2] Pilot Testing,85%,for launching phase,for visitation,,[B] Developmental,B,03-071-05-000,Iba,Zambales,Region III (Central Luzon),Municipality,2nd,R3,E
[2025-06] 03-008-06-000,2025-06,2025,[06] June,"Limay, Bataan",[6] With Concerns,,Internet connectivity issue and new staff,"Sent Notice Letter, awaiting for their reply
Intends to withdraw",,[C] For Training/Others,B,03-008-06-000,Limay,Bataan,Region III (Central Luzon),Municipality,1st,R3,E
[2025-06] 03-054-10-000,2025-06,2025,[06] June,"Macabebe, Pampanga",[6] With Concerns,,New LGU Staff and Internet connectivity issue,"intended to withdraw
waiting for the withdrawal letter",,[C] For Training/Others,B,03-054-10-000,Macabebe,Pampanga,Region III (Central Luzon),Municipality,1st,R3,E
[2025-06] 03-077-07-000,2025-06,2025,[06] June,"Maria Aurora, Aurora",[1] Operational,,,,,[A] Operational,A,03-077-07-000,Maria Aurora,Aurora,Region III (Central Luzon),Municipality,2nd,R3,E
[2025-06] 03-014-13-000,2025-06,2025,[06] June,"Norzagaray, Bulacan",[1] Operational,,,,,[A] Operational,A,03-014-13-000,Norzagaray,Bulacan,Region III (Central Luzon),Municipality,1st,R3,E
[2025-06] 03-071-09-000,2025-06,2025,[06] June,"San Antonio, Zambales",[2] Pilot Testing,97%,,renovation of municipal hall,,[B] Developmental,B,03-071-09-000,San Antonio,Zambales,Region III (Central Luzon),Municipality,2nd,R3,E
[2025-06] 03-054-17-000,2025-06,2025,[06] June,"San Luis, Pampanga",[6] With Concerns,,"Still on process of familiarizing the whole system
for pilot testing 30%
Unresponsive LGU",for visitation,,[C] For Training/Others,B,03-054-17-000,San Luis,Pampanga,Region III (Central Luzon),Municipality,3rd,R3,E
[2025-06] 03-071-12-000,2025-06,2025,[06] June,"San Narciso, Zambales",[1] Operational,,,,,[A] Operational,A,03-071-12-000,San Narciso,Zambales,Region III (Central Luzon),Municipality,4th,R3,E
[2025-06] 03-069-15-000,2025-06,2025,[06] June,"Santa Ignacia, Tarlac",[1] Operational,,,,,[A] Operational,A,03-069-15-000,Santa Ignacia,Tarlac,Region III (Central Luzon),Municipality,2nd,R3,E
[2025-06] 03-049-32-000,2025-06,2025,[06] June,"Zaragoza, Nueva Ecija",[2] Pilot Testing,99%,for launching phase,for visitation,,[B] Developmental,B,03-049-32-000,Zaragoza,Nueva Ecija,Region III (Central Luzon),Municipality,3rd,R3,E
[2025-06] 07-022-01-000,2025-06,2025,[06] June,"Alcantara, Cebu",[3] Ongoing Data Build-up,90%,,,,[B] Developmental,B,07-022-01-000,Alcantara,Cebu,Region VII (Central Visayas),Municipality,5th,R7,J
[2025-06] 07-046-01-000,2025-06,2025,[06] June,"Amlan, Negros Oriental",[3] Ongoing Data Build-up,25%,"For refresher Training;
to be scheduled next year",,,[B] Developmental,B,07-046-01-000,Amlan,Negros Oriental,Region VII (Central Visayas),Municipality,4th,R7,J
[2025-06] 07-022-05-000,2025-06,2025,[06] June,"Argao, Cebu",[1] Operational,,,,,[A] Operational,A,07-022-05-000,Argao,Cebu,Region VII (Central Visayas),Municipality,1st,R7,J
[2025-06] 07-022-08-000,2025-06,2025,[06] June,"Balamban, Cebu",[1] Operational,,,,,[A] Operational,A,07-022-08-000,Balamban,Cebu,Region VII (Central Visayas),Municipality,1st,R7,J
[2025-06] 07-046-05-000,2025-06,2025,[06] June,"Basay, Negros Oriental",[1] Operational,,,,,[A] Operational,B,07-046-05-000,Basay,Negros Oriental,Region VII (Central Visayas),Municipality,4th,R7,J
[2025-06] 07-012-09-000,2025-06,2025,[06] June,"Buenavista, Bohol",[1] Operational,,,,,[A] Operational,B,07-012-09-000,Buenavista,Bohol,Region VII (Central Visayas),Municipality,4th,R7,J
[2025-06] 07-012-11-000,2025-06,2025,[06] June,"Candijay, Bohol",[1] Operational,,,,,[A] Operational,B,07-012-11-000,Candijay,Bohol,Region VII (Central Visayas),Municipality,4th,R7,J
[2025-06] 07-046-08-000,2025-06,2025,[06] June,"City of Canlaon, Negros Oriental",[1] Operational,,,,,[A] Operational,B,07-046-08-000,City of Canlaon,Negros Oriental,Region VII (Central Visayas),City,4th,R7,J
[2025-06] 07-313-00-000,2025-06,2025,[06] June,"City of Mandaue, Cebu",[3] Ongoing Data Build-up,25%,,,,[B] Developmental,A,07-313-00-000,City of Mandaue,Cebu,Region VII (Central Visayas),City,1st,R7,J
[2025-06] 07-022-18-000,2025-06,2025,[06] June,"Compostela, Cebu",[3] Ongoing Data Build-up,75%,,,,[B] Developmental,B,07-022-18-000,Compostela,Cebu,Region VII (Central Visayas),Municipality,3rd,R7,J
[2025-06] 07-022-21-000,2025-06,2025,[06] June,"Daanbantayan, Cebu",[3] Ongoing Data Build-up,75%,,,,[B] Developmental,B,07-022-21-000,Daanbantayan,Cebu,Region VII (Central Visayas),Municipality,1st,R7,J
[2025-06] 07-012-18-000,2025-06,2025,[06] June,"Danao, Bohol",[1] Operational,,,,,[A] Operational,B,07-012-18-000,Danao,Bohol,Region VII (Central Visayas),Municipality,4th*,R7,J
[2025-06] 07-022-28-000,2025-06,2025,[06] June,"Madridejos, Cebu",[1] Operational,,,,,[A] Operational,B,07-022-28-000,Madridejos,Cebu,Region VII (Central Visayas),Municipality,4th,R7,J
[2025-06] 07-022-32-000,2025-06,2025,[06] June,"Minglanilla, Cebu",[7] To Follow-up,,"For Refresher Training;
to be scheduled next year",,,[C] For Training/Others,B,07-022-32-000,Minglanilla,Cebu,Region VII (Central Visayas),Municipality,1st,R7,J
[2025-06] 07-022-37-000,2025-06,2025,[06] June,"Pinamungajan, Cebu",[1] Operational,,,,,[A] Operational,A,07-022-37-000,Pinamungajan,Cebu,Region VII (Central Visayas),Municipality,2nd,R7,J
[2025-06] 07-022-40-000,2025-06,2025,[06] June,"Samboan, Cebu",[6] With Concerns,,Waiting for withdrawal letter,,,[C] For Training/Others,B,07-022-40-000,Samboan,Cebu,Region VII (Central Visayas),Municipality,5th,R7,J
[2025-06] 07-022-42-000,2025-06,2025,[06] June,"San Francisco, Cebu",[2] Pilot Testing,100%,"Done Refresher Training last Septmber 17-19, 2024 for the new personnel in-charge | Waiting for actual transaction",,,[B] Developmental,B,07-022-42-000,San Francisco,Cebu,Region VII (Central Visayas),Municipality,3rd,R7,J
[2025-06] 07-046-17-000,2025-06,2025,[06] June,"San Jose, Negros Oriental",[2] Pilot Testing,25%,"For Refresher Training;
to be scheduled next year",,,[B] Developmental,B,07-046-17-000,San Jose,Negros Oriental,Region VII (Central Visayas),Municipality,5th,R7,J
[2025-06] 07-012-44-000,2025-06,2025,[06] June,"Trinidad, Bohol",[1] Operational,,,,,[A] Operational,B,07-012-44-000,Trinidad,Bohol,Region VII (Central Visayas),Municipality,3rd,R7,J
[2025-06] 07-022-52-000,2025-06,2025,[06] June,"Tuburan, Cebu",[1] Operational,,,,,[A] Operational,A,07-022-52-000,Tuburan,Cebu,Region VII (Central Visayas),Municipality,2nd,R7,J
[2025-06] 07-022-53-000,2025-06,2025,[06] June,"Tudela, Cebu",[1] Operational,,,,,[A] Operational,A,07-022-53-000,Tudela,Cebu,Region VII (Central Visayas),Municipality,5th,R7,J
[2025-06] 08-037-01-000,2025-06,2025,[06] June,"Abuyog, Leyte",[2] Pilot Testing,80%,,"For deletion of test data, pending implementation","For deletion of test data, pending implementation",[B] Developmental,B,08-037-01-000,Abuyog,Leyte,Region VIII (Eastern Visayas),Municipality,1st*,R8,K
[2025-06] 08-037-02-000,2025-06,2025,[06] June,"Alangalang, Leyte",[1] Operational,,,,Normal Operations,[A] Operational,A,08-037-02-000,Alangalang,Leyte,Region VIII (Eastern Visayas),Municipality,2nd,R8,K
[2025-06] 08-060-02-000,2025-06,2025,[06] June,"Basey, Samar",[1] Operational,,,,Normal Operations,[A] Operational,B,08-060-02-000,Basey,Samar,Region VIII (Eastern Visayas),Municipality,1st,R8,K
[2025-06] 08-037-15-000,2025-06,2025,[06] June,"Carigara, Leyte",[1] Operational,,,,Normal Operations,[A] Operational,B,08-037-15-000,Carigara,Leyte,Region VIII (Eastern Visayas),Municipality,2nd,R8,K
[2025-06] 08-026-04-000,2025-06,2025,[06] June,"City of Borongan, Eastern Samar",[1] Operational,,,,Normal Operations,[A] Operational,A,08-026-04-000,City of Borongan,Eastern Samar,Region VIII (Eastern Visayas),City,1st (as Mun),R8,K
[2025-06] 08-064-07-000,2025-06,2025,[06] June,"City of Maasin, Southern Leyte",[1] Operational,,,,Normal Operations,[A] Operational,A,08-064-07-000,City of Maasin,Southern Leyte,Region VIII (Eastern Visayas),City,4th,R8,K
[2025-06] 08-060-07-000,2025-06,2025,[06] June,"Gandara, Samar",[2] Pilot Testing,95%,Internet Connectivity Issues - Unstable Connection,Forwarded follow letter to LGU regarding their implementation but no response.,Internet Connectivity Issues - Unstable ConnectionForwarded follow letter to LGU regarding their implementation but no response.,[B] Developmental,B,08-060-07-000,Gandara,Samar,Region VIII (Eastern Visayas),Municipality,2nd,R8,K
[2025-06] 08-026-09-000,2025-06,2025,[06] June,"Guiuan, Eastern Samar",[1] Operational,,,,Zero transactions for the month of June 2025,[A] Operational,B,08-026-09-000,Guiuan,Eastern Samar,Region VIII (Eastern Visayas),Municipality,2nd,R8,K
[2025-06] 08-037-20-000,2025-06,2025,[06] June,"Hindang, Leyte",[1] Operational,,,,Normal Operations,[A] Operational,B,08-037-20-000,Hindang,Leyte,Region VIII (Eastern Visayas),Municipality,5th,R8,K
[2025-06] 08-037-24-000,2025-06,2025,[06] June,"Javier, Leyte",[1] Operational,,,,Normal Operations,[A] Operational,B,08-037-24-000,Javier,Leyte,Region VIII (Eastern Visayas),Municipality,4th*,R8,K
[2025-06] 08-060-09-000,2025-06,2025,[06] June,"Jiabong, Samar",[1] Operational,,,,Normal Operations,[A] Operational,B,08-060-09-000,Jiabong,Samar,Region VIII (Eastern Visayas),Municipality,5th,R8,K
[2025-06] 08-037-26-000,2025-06,2025,[06] June,"Kananga, Leyte",[1] Operational,,,,Normal Operations,[A] Operational,A,08-037-26-000,Kananga,Leyte,Region VIII (Eastern Visayas),Municipality,1st,R8,K
[2025-06] 08-078-06-000,2025-06,2025,[06] June,"Kawayan, Biliran",[8] Withdraw,,,,Withdrawn,[D] Withdraw,B,08-078-06-000,Kawayan,Biliran,Region VIII (Eastern Visayas),Municipality,5th*,R8,K
[2025-06] 08-037-28-000,2025-06,2025,[06] June,"La Paz, Leyte",[1] Operational,,,,Normal Operations,[A] Operational,B,08-037-28-000,La Paz,Leyte,Region VIII (Eastern Visayas),Municipality,5th*,R8,K
[2025-06] 08-037-29-000,2025-06,2025,[06] June,"Leyte, Leyte",[1] Operational,,,,Normal Operations,[A] Operational,A,08-037-29-000,Leyte,Leyte,Region VIII (Eastern Visayas),Municipality,4th*,R8,K
[2025-06] 08-064-08-000,2025-06,2025,[06] June,"Macrohon, Southern Leyte",[1] Operational,,,,Normal Operations,[A] Operational,A,08-064-08-000,Macrohon,Southern Leyte,Region VIII (Eastern Visayas),Municipality,4th,R8,K
[2025-06] 08-078-08-000,2025-06,2025,[06] June,"Naval, Biliran",[1] Operational,,,,Normal Operations,[A] Operational,A,08-078-08-000,Naval,Biliran,Region VIII (Eastern Visayas),Municipality,2nd,R8,K
[2025-06] 08-037-39-000,2025-06,2025,[06] June,"Palo, Leyte",[1] Operational,,,,Normal Operations,[A] Operational,A,08-037-39-000,Palo,Leyte,Region VIII (Eastern Visayas),Municipality,3rd,R8,K
[2025-06] 08-048-15-000,2025-06,2025,[06] June,"Pambujan, Northern Samar",[1] Operational,,,,Normal Operations,[A] Operational,A,08-048-15-000,Pambujan,Northern Samar,Region VIII (Eastern Visayas),Municipality,4th,R8,K
[2025-06] 08-037-41-000,2025-06,2025,[06] June,"Pastrana, Leyte",[1] Operational,,,,Normal Operations,[A] Operational,A,08-037-41-000,Pastrana,Leyte,Region VIII (Eastern Visayas),Municipality,5th*,R8,K
[2025-06] 08-064-14-000,2025-06,2025,[06] June,"San Juan, Southern Leyte",[1] Operational,,,,Normal Operations,[A] Operational,A,08-064-14-000,San Juan,Southern Leyte,Region VIII (Eastern Visayas),Municipality,5th,R8,K
[2025-06] 08-048-20-000,2025-06,2025,[06] June,"San Roque, Northern Samar",[1] Operational,,,,Normal Operations,[A] Operational,A,08-048-20-000,San Roque,Northern Samar,Region VIII (Eastern Visayas),Municipality,4th,R8,K
[2025-06] 08-064-17-000,2025-06,2025,[06] June,"Sogod, Southern Leyte",[1] Operational,,,,Normal Operations,[A] Operational,A,08-064-17-000,Sogod,Southern Leyte,Region VIII (Eastern Visayas),Municipality,2nd,R8,K
[2025-06] 08-064-18-000,2025-06,2025,[06] June,"Tomas Oppus, Southern Leyte",[1] Operational,,,,Normal Operations,[A] Operational,A,08-064-18-000,Tomas Oppus,Southern Leyte,Region VIII (Eastern Visayas),Municipality,5th,R8,K
[2025-06] 19-066-13-000,2025-06,2025,[06] June,"Talipao, Sulu",[3] Ongoing Data Build-up,50%,,,,[B] Developmental,B,19-066-13-000,Talipao,Sulu,Bangsamoro Autonomous Region In Muslim Mindanao (BARMM),Municipality,1st,BARMM I,M
[2025-06] 09-073-08-000,2025-06,2025,[06] June,"Dumingag, Zamboanga del Sur",[7] To Follow-up,50%,waiting for LGU's response,,,[C] For Training/Others,B,09-073-08-000,Dumingag,Zamboanga del Sur,Region IX (Zamboanga Peninsula),Municipality,2nd,R9,L
[2025-06] 09-073-43-000,2025-06,2025,[06] June,"Guipos, Zamboanga del Sur",[1] Operational,,,,,[A] Operational,B,09-073-43-000,Guipos,Zamboanga del Sur,Region IX (Zamboanga Peninsula),Municipality,4th,R9,L
[2025-06] 09-073-12-000,2025-06,2025,[06] June,"Labangan, Zamboanga del Sur",[7] To Follow-up,,Understaff,,,[C] For Training/Others,B,09-073-12-000,Labangan,Zamboanga del Sur,Region IX (Zamboanga Peninsula),Municipality,3rd,R9,L
[2025-06] 09-073-33-000,2025-06,2025,[06] June,"Lakewood, Zamboanga del Sur",[1] Operational,,,,,[A] Operational,B,09-073-33-000,Lakewood,Zamboanga del Sur,Region IX (Zamboanga Peninsula),Municipality,4th,R9,L
[2025-06] 09-072-10-000,2025-06,2025,[06] June,"Polanco, Zamboanga del Norte",[1] Operational,,,,,[A] Operational,A,09-072-10-000,Polanco,Zamboanga del Norte,Region IX (Zamboanga Peninsula),Municipality,3rd,R9,L
[2025-06] 09-072-11-000,2025-06,2025,[06] June,"Pres. Manuel A. Roxas, Zamboanga del Norte",[7] To Follow-up,75%,waiting for LGU's response,,,[C] For Training/Others,B,09-072-11-000,Pres. Manuel A. Roxas,Zamboanga del Norte,Region IX (Zamboanga Peninsula),Municipality,2nd,R9,L
[2025-06] 09-072-12-000,2025-06,2025,[06] June,"Rizal, Zamboanga del Norte",[7] To Follow-up,25%,waiting for LGU's response,,,[C] For Training/Others,B,09-072-12-000,Rizal,Zamboanga del Norte,Region IX (Zamboanga Peninsula),Municipality,5th,R9,L
[2025-06] 09-073-25-000,2025-06,2025,[06] June,"San Pablo, Zamboanga del Sur",[7] To Follow-up,75%,waiting for LGU's response,,,[C] For Training/Others,B,09-073-25-000,San Pablo,Zamboanga del Sur,Region IX (Zamboanga Peninsula),Municipality,4th*,R9,L
[2025-06] 09-072-15-000,2025-06,2025,[06] June,"Siayan, Zamboanga del Norte",[1] Operational,,,,,[A] Operational,B,09-072-15-000,Siayan,Zamboanga del Norte,Region IX (Zamboanga Peninsula),Municipality,2nd,R9,L
[2025-06] 09-072-18-000,2025-06,2025,[06] June,"Sindangan, Zamboanga del Norte",[7] To Follow-up,50%,waiting for LGU's response,,,[C] For Training/Others,B,09-072-18-000,Sindangan,Zamboanga del Norte,Region IX (Zamboanga Peninsula),Municipality,1st,R9,L
[2025-06] 09-083-15-000,2025-06,2025,[06] June,"Titay, Zamboanga Sibugay",[1] Operational,,,,,[A] Operational,A,09-083-15-000,Titay,Zamboanga Sibugay,Region IX (Zamboanga Peninsula),Municipality,2nd,R9,L
[2025-06] 10-042-01-000,2025-06,2025,[06] June,"Aloran, Misamis Occidental",[1] Operational,,,,,[A] Operational,A,10-042-01-000,Aloran,Misamis Occidental,Region X (Northern Mindanao),Municipality,4th,R10,N
[2025-06] 10-035-01-000,2025-06,2025,[06] June,"Bacolod, Lanao del Norte",[1] Operational,,,,,[A] Operational,B,10-035-01-000,Bacolod,Lanao del Norte,Region X (Northern Mindanao),Municipality,4th,R10,N
[2025-06] 10-042-03-000,2025-06,2025,[06] June,"Bonifacio, Misamis Occidental",[2] Pilot Testing,10%,No additional test applications,Constantly follow-up LGUs for test application,,[B] Developmental,B,10-042-03-000,Bonifacio,Misamis Occidental,Region X (Northern Mindanao),Municipality,4th,R10,N
[2025-06] 10-042-04-000,2025-06,2025,[06] June,"Calamba, Misamis Occidental",[1] Operational,,,,,[A] Operational,A,10-042-04-000,Calamba,Misamis Occidental,Region X (Northern Mindanao),Municipality,4th,R10,N
[2025-06] 10-018-01-000,2025-06,2025,[06] June,"Catarman, Camiguin",[2] Pilot Testing,100%,Waiting for actual application,Constantly monitor LGUs for application,,[B] Developmental,B,10-018-01-000,Catarman,Camiguin,Region X (Northern Mindanao),Municipality,5th,R10,N
[2025-06] 10-043-08-000,2025-06,2025,[06] June,"City of Gingoog, Misamis Oriental",[1] Operational,,,,,[A] Operational,A,10-043-08-000,City of Gingoog,Misamis Oriental,Region X (Northern Mindanao),City,2nd,R10,N
[2025-06] 10-042-15-000,2025-06,2025,[06] June,"City of Tangub, Misamis Occidental",[5] For Training,,,,,[C] For Training/Others,B,10-042-15-000,City of Tangub,Misamis Occidental,Region X (Northern Mindanao),City,4th,R10,N
[2025-06] 10-042-05-000,2025-06,2025,[06] June,"Clarin, Misamis Occidental",[5] For Training,,,,,[C] For Training/Others,B,10-042-05-000,Clarin,Misamis Occidental,Region X (Northern Mindanao),Municipality,4th,R10,N
[2025-06] 10-043-06-000,2025-06,2025,[06] June,"Claveria, Misamis Oriental",[1] Operational,,,,,[A] Operational,A,10-043-06-000,Claveria,Misamis Oriental,Region X (Northern Mindanao),Municipality,1st,R10,N
[2025-06] 10-043-11-000,2025-06,2025,[06] June,"Jasaan, Misamis Oriental",[1] Operational,,,,,[A] Operational,B,10-043-11-000,Jasaan,Misamis Oriental,Region X (Northern Mindanao),Municipality,2nd,R10,N
[2025-06] 10-035-05-000,2025-06,2025,[06] June,"Kapatagan, Lanao del Norte",[1] Operational,,,,,[A] Operational,A,10-035-05-000,Kapatagan,Lanao del Norte,Region X (Northern Mindanao),Municipality,2nd,R10,N
[2025-06] 10-043-13-000,2025-06,2025,[06] June,"Lagonglong, Misamis Oriental",[1] Operational,,,,,[A] Operational,A,10-043-13-000,Lagonglong,Misamis Oriental,Region X (Northern Mindanao),Municipality,5th,R10,N
[2025-06] 10-043-15-000,2025-06,2025,[06] June,"Libertad, Misamis Oriental",[1] Operational,,,,,[A] Operational,B,10-043-15-000,Libertad,Misamis Oriental,Region X (Northern Mindanao),Municipality,5th,R10,N
[2025-06] 10-018-03-000,2025-06,2025,[06] June,"Mahinog, Camiguin",[1] Operational,,,,,[A] Operational,A,10-018-03-000,Mahinog,Camiguin,Region X (Northern Mindanao),Municipality,5th,R10,N
[2025-06] 10-035-12-000,2025-06,2025,[06] June,"Maigo, Lanao del Norte",[1] Operational,,,,,[A] Operational,A,10-035-12-000,Maigo,Lanao del Norte,Region X (Northern Mindanao),Municipality,4th,R10,N
[2025-06] 10-018-04-000,2025-06,2025,[06] June,"Mambajao, Camiguin",[1] Operational,,,,,[A] Operational,A,10-018-04-000,Mambajao,Camiguin,Region X (Northern Mindanao),Municipality,3rd,R10,N
[2025-06] 10-043-18-000,2025-06,2025,[06] June,"Manticao, Misamis Oriental",[1] Operational,,,,,[A] Operational,B,10-043-18-000,Manticao,Misamis Oriental,Region X (Northern Mindanao),Municipality,4th,R10,N
[2025-06] 10-043-20-000,2025-06,2025,[06] June,"Naawan, Misamis Oriental",[1] Operational,,,,,[A] Operational,A,10-043-20-000,Naawan,Misamis Oriental,Region X (Northern Mindanao),Municipality,4th,R10,N
[2025-06] 10-042-12-000,2025-06,2025,[06] June,"Plaridel, Misamis Occidental",[1] Operational,,,,,[A] Operational,A,10-042-12-000,Plaridel,Misamis Occidental,Region X (Northern Mindanao),Municipality,3rd,R10,N
[2025-06] 10-043-22-000,2025-06,2025,[06] June,"Salay, Misamis Oriental",[1] Operational,,,,,[A] Operational,A,10-043-22-000,Salay,Misamis Oriental,Region X (Northern Mindanao),Municipality,4th,R10,N
[2025-06] 10-042-14-000,2025-06,2025,[06] June,"Sinacaban, Misamis Occidental",[1] Operational,,,,,[A] Operational,A,10-042-14-000,Sinacaban,Misamis Occidental,Region X (Northern Mindanao),Municipality,5th,R10,N
[2025-06] 10-043-24-000,2025-06,2025,[06] June,"Tagoloan, Misamis Oriental",[8] Withdraw,,,,,[D] Withdraw,B,10-043-24-000,Tagoloan,Misamis Oriental,Region X (Northern Mindanao),Municipality,1st,R10,N
[2025-06] 10-043-25-000,2025-06,2025,[06] June,"Talisayan, Misamis Oriental",[1] Operational,,,,,[A] Operational,B,10-043-25-000,Talisayan,Misamis Oriental,Region X (Northern Mindanao),Municipality,4th,R10,N
[2025-06] 10-035-22-000,2025-06,2025,[06] June,"Tubod, Lanao del Norte",[2] Pilot Testing,20%,No additional test applications for JUne,Constantly follow-up LGUs for test application,,[B] Developmental,B,10-035-22-000,Tubod,Lanao del Norte,Region X (Northern Mindanao),Municipality,2nd,R10,N
[2025-06] 11-025-03-000,2025-06,2025,[06] June,"Boston, Davao Oriental",[1] Operational,,,,,[A] Operational,A,11-025-03-000,Boston,Davao Oriental,Region XI (Davao Region),Municipality,3rd,R11,P
[2025-06] 11-025-05-000,2025-06,2025,[06] June,"Cateel, Davao Oriental",[1] Operational,,,,,[A] Operational,A,11-025-05-000,Cateel,Davao Oriental,Region XI (Davao Region),Municipality,2nd,R11,P
[2025-06] 11-024-03-000,2025-06,2025,[06] June,"City of Digos, Davao del Sur",[1] Operational,,,,,[A] Operational,B,11-024-03-000,City of Digos,Davao del Sur,Region XI (Davao Region),City,2nd,R11,P
[2025-06] 11-025-09-000,2025-06,2025,[06] June,"City of Mati, Davao Oriental",[1] Operational,,,,,[A] Operational,A,11-025-09-000,City of Mati,Davao Oriental,Region XI (Davao Region),City,5th,R11,P
[2025-06] 11-025-06-000,2025-06,2025,[06] June,"Governor Generoso, Davao Oriental",[2] Pilot Testing,50%,,,,[B] Developmental,A,11-025-06-000,Governor Generoso,Davao Oriental,Region XI (Davao Region),Municipality,2nd,R11,P
[2025-06] 11-025-07-000,2025-06,2025,[06] June,"Lupon, Davao Oriental",[1] Operational,,,,,[A] Operational,B,11-025-07-000,Lupon,Davao Oriental,Region XI (Davao Region),Municipality,1st,R11,P
[2025-06] 11-024-08-000,2025-06,2025,[06] June,"Malalag, Davao del Sur",[1] Operational,,,,,[A] Operational,A,11-024-08-000,Malalag,Davao del Sur,Region XI (Davao Region),Municipality,2nd,R11,P
[2025-06] 11-025-08-000,2025-06,2025,[06] June,"Manay, Davao Oriental",[1] Operational,,,,,[A] Operational,A,11-025-08-000,Manay,Davao Oriental,Region XI (Davao Region),Municipality,2nd,R11,P
[2025-06] 11-082-05-000,2025-06,2025,[06] June,"Maragusan, Davao de Oro",[1] Operational,,,,,[A] Operational,B,11-082-05-000,Maragusan,Davao de Oro,Region XI (Davao Region),Municipality,1st,R11,P
[2025-06] 11-024-10-000,2025-06,2025,[06] June,"Matanao, Davao del Sur",[1] Operational,,,,,[A] Operational,A,11-024-10-000,Matanao,Davao del Sur,Region XI (Davao Region),Municipality,2nd,R11,P
[2025-06] 11-024-11-000,2025-06,2025,[06] June,"Padada, Davao del Sur",[1] Operational,,,,,[A] Operational,B,11-024-11-000,Padada,Davao del Sur,Region XI (Davao Region),Municipality,3rd,R11,P
[2025-06] 11-024-12-000,2025-06,2025,[06] June,"Santa Cruz, Davao del Sur",[3] Ongoing Data Build-up,100%,,,,[B] Developmental,A,11-024-12-000,Santa Cruz,Davao del Sur,Region XI (Davao Region),Municipality,1st,R11,P
[2025-06] 11-024-14-000,2025-06,2025,[06] June,"Sulop, Davao del Sur",[1] Operational,,,,,[A] Operational,A,11-024-14-000,Sulop,Davao del Sur,Region XI (Davao Region),Municipality,3rd,R11,P
[2025-06] 11-025-11-000,2025-06,2025,[06] June,"Tarragona, Davao Oriental",[1] Operational,,,,,[A] Operational,B,11-025-11-000,Tarragona,Davao Oriental,Region XI (Davao Region),Municipality,3rd,R11,P
[2025-06] 16-003-12-000,2025-06,2025,[06] June,"Trento, Agusan del Sur",[2] Pilot Testing,100%,,,,[B] Developmental,B,16-003-12-000,Trento,Agusan del Sur,Region XIII (Caraga),Municipality,1st,R13,O
[2025-06] 16-002-07-000,2025-06,2025,[06] June,"Las Nieves, Agusan del Norte",[1] Operational,,,,,[A] Operational,A,16-002-07-000,Las Nieves,Agusan del Norte,Region XIII (Caraga),Municipality,2nd,R13,O
[2025-06] 16-068-02-000,2025-06,2025,[06] June,"Bayabas, Surigao del Sur",[1] Operational,,,,,[A] Operational,A,16-068-02-000,Bayabas,Surigao del Sur,Region XIII (Caraga),Municipality,5th,R13,O
[2025-06] 16-068-06-000,2025-06,2025,[06] June,"Carmen, Surigao del Sur",[1] Operational,,,,,[A] Operational,A,16-068-06-000,Carmen,Surigao del Sur,Region XIII (Caraga),Municipality,5th,R13,O
[2025-06] 16-068-12-000,2025-06,2025,[06] June,"Lingig, Surigao del Sur",[7] To Follow-up,,"Last Status: For Data Buildup
Unresponsive LGU",,,[C] For Training/Others,B,16-068-12-000,Lingig,Surigao del Sur,Region XIII (Caraga),Municipality,2nd,R13,O
[2025-06] 16-068-15-000,2025-06,2025,[06] June,"San Agustin, Surigao del Sur",[2] Pilot Testing,100%,Unresponsive LGU,,,[B] Developmental,A,16-068-15-000,San Agustin,Surigao del Sur,Region XIII (Caraga),Municipality,4th,R13,O
[2025-06] 16-068-16-000,2025-06,2025,[06] June,"San Miguel, Surigao del Sur",[2] Pilot Testing,95%,Unresponsive LGU,,,[B] Developmental,B,16-068-16-000,San Miguel,Surigao del Sur,Region XIII (Caraga),Municipality,1st,R13,O
[2025-06] 16-068-17-000,2025-06,2025,[06] June,"Tagbina, Surigao del Sur",[1] Operational,,,,,[A] Operational,A,16-068-17-000,Tagbina,Surigao del Sur,Region XIII (Caraga),Municipality,2nd,R13,O
[2025-06] 16-068-18-000,2025-06,2025,[06] June,"Tago, Surigao del Sur",[1] Operational,,,,,[A] Operational,B,16-068-18-000,Tago,Surigao del Sur,Region XIII (Caraga),Municipality,2nd,R13,O
[2025-06] 16-067-23-000,2025-06,2025,[06] June,"Socorro, Surigao del Norte",[1] Operational,,,,,[A] Operational,B,16-067-23-000,Socorro,Surigao del Norte,Region XIII (Caraga),Municipality,4th,R13,O
[2025-06] 16-067-25-000,2025-06,2025,[06] June,"Tagana-An, Surigao del Norte",[1] Operational,,,,,[A] Operational,A,16-067-25-000,Tagana-An,Surigao del Norte,Region XIII (Caraga),Municipality,5th*,R13,O
[2025-06] 16-067-27-000,2025-06,2025,[06] June,"Tubod, Surigao del Norte",[1] Operational,,,,,[A] Operational,A,16-067-27-000,Tubod,Surigao del Norte,Region XIII (Caraga),Municipality,5th,R13,O
[2025-06] 12-065-01-000,2025-06,2025,[06] June,"Bagumbayan, Sultan Kudarat",[3] Ongoing Data Build-up,90%,,,,[B] Developmental,B,12-065-01-000,Bagumbayan,Sultan Kudarat,Region XII (SOCCSKSARGEN),Municipality,1st,R12,Q
[2025-06] 12-047-04-000,2025-06,2025,[06] June,"City of Kidapawan, Cotabato",[1] Operational,,,,,[A] Operational,A,12-047-04-000,City of Kidapawan,Cotabato,Region XII (SOCCSKSARGEN),City,3rd,R12,Q
[2025-06] 12-047-03-000,2025-06,2025,[06] June,"Kabacan, Cotabato",[1] Operational,,,,,[A] Operational,A,12-047-03-000,Kabacan,Cotabato,Region XII (SOCCSKSARGEN),Municipality,1st,R12,Q
[2025-06] 12-065-06-000,2025-06,2025,[06] June,"Lebak, Sultan Kudarat",[7] To Follow-up,,Lack of Manpower,,,[C] For Training/Others,B,12-065-06-000,Lebak,Sultan Kudarat,Region XII (SOCCSKSARGEN),Municipality,1st,R12,Q
[2025-06] 12-047-10-000,2025-06,2025,[06] June,"M'Lang, Cotabato",[3] Ongoing Data Build-up,5%,,,,[B] Developmental,A,12-047-10-000,M'Lang,Cotabato,Region XII (SOCCSKSARGEN),Municipality,1st,R12,Q
[2025-06] 12-047-09-000,2025-06,2025,[06] June,"Midsayap, Cotabato",[1] Operational,,,,,[A] Operational,B,12-047-09-000,Midsayap,Cotabato,Region XII (SOCCSKSARGEN),Municipality,1st,R12,Q
[2025-06] 12-047-11-000,2025-06,2025,[06] June,"Pigkawayan, Cotabato",[3] Ongoing Data Build-up,5%,,,,[B] Developmental,A,12-047-11-000,Pigkawayan,Cotabato,Region XII (SOCCSKSARGEN),Municipality,1st,R12,Q
[2025-06] 12-047-12-000,2025-06,2025,[06] June,"Pikit, Cotabato",[1] Operational,,,,,[A] Operational,B,12-047-12-000,Pikit,Cotabato,Region XII (SOCCSKSARGEN),Municipality,1st,R12,Q
[2025-06] 19-087-13-000,2025-06,2025,[06] June,"Upi, Maguindanao del Norte",[1] Operational,,,,,[A] Operational,A,19-087-13-000,Upi,Maguindanao del Norte,Bangsamoro Autonomous Region In Muslim Mindanao (BARMM),Municipality,1st,BARMM II,R
[2025-07] 01-028-05-000,2025-07,2025,[07] July,"City of Batac, Ilocos Norte",[1] Operational,,,,,[A] Operational,B,01-028-05-000,City of Batac,Ilocos Norte,Region I (Ilocos Region),City,5th,R1,C
[2025-07] 01-028-12-000,2025-07,2025,[07] July,"City of Laoag, Ilocos Norte",[5] For Training,,Waiting for the SB Resolution,,,[C] For Training/Others,B,01-028-12-000,City of Laoag,Ilocos Norte,Region I (Ilocos Region),City,3rd,R1,C
[2025-07] 01-055-19-000,2025-07,2025,[07] July,"Dasol, Pangasinan",[7] To Follow-up,,for schedule of training,,,[C] For Training/Others,B,01-055-19-000,Dasol,Pangasinan,Region I (Ilocos Region),Municipality,3rd,R1,C
[2025-07] 01-055-48-000,2025-07,2025,[07] July,"Laoac, Pangasinan",[7] To Follow-up,,for schedule of training,,,[C] For Training/Others,B,01-055-48-000,Laoac,Pangasinan,Region I (Ilocos Region),Municipality,4th,R1,C
[2025-07] 01-055-30-000,2025-07,2025,[07] July,"Pozorrubio, Pangasinan",[5] For Training,,,,,[C] For Training/Others,B,01-055-30-000,Pozorrubio,Pangasinan,Region I (Ilocos Region),Municipality,1st,R1,C
[2025-07] 01-029-18-000,2025-07,2025,[07] July,"San Esteban, Ilocos Sur",[5] For Training,,,,,[C] For Training/Others,B,01-029-18-000,San Esteban,Ilocos Sur,Region I (Ilocos Region),Municipality,5th,R1,C
[2025-07] 02-031-03-000,2025-07,2025,[07] July,"Aurora, Isabela",[1] Operational,,,,,[A] Operational,B,02-031-03-000,Aurora,Isabela,Region II (Cagayan Valley),Municipality,3rd,R2,D
[2025-07] 02-031-14-000,2025-07,2025,[07] July,"City of Ilagan, Isabela",[1] Operational,,,,,[A] Operational,A,02-031-14-000,City of Ilagan,Isabela,Region II (Cagayan Valley),City,1st (as Mun),R2,D
[2025-07] 03-049-01-000,2025-07,2025,[07] July,"Aliaga, Nueva Ecija",[8] Withdraw,,,,,[D] Withdraw,B,03-049-01-000,Aliaga,Nueva Ecija,Region III (Central Luzon),Municipality,2nd,R3,E
[2025-07] 03-054-03-000,2025-07,2025,[07] July,"Arayat, Pampanga",[1] Operational,,,,,[A] Operational,A,03-054-03-000,Arayat,Pampanga,Region III (Central Luzon),Municipality,1st,R3,E
[2025-07] 03-077-01-000,2025-07,2025,[07] July,"Baler, Aurora",[1] Operational,,,,,[A] Operational,A,03-077-01-000,Baler,Aurora,Region III (Central Luzon),Municipality,3rd,R3,E
[2025-07] 10-042-03-000,2025-07,2025,[07] July,"Bonifacio, Misamis Occidental",[2] Pilot Testing,10%,OBO said that they are having difficulties in using the system due to limited personnel,Will conduct LGU visit in August,,[B] Developmental,B,10-042-03-000,Bonifacio,Misamis Occidental,Region X (Northern Mindanao),Municipality,4th,R10,N
[2025-07] 03-077-02-000,2025-07,2025,[07] July,"Casiguran, Aurora",[1] Operational,,,,,[A] Operational,A,03-077-02-000,Casiguran,Aurora,Region III (Central Luzon),Municipality,2nd,R3,E
[2025-07] 03-014-12-000,2025-07,2025,[07] July,"City of Meycauayan, Bulacan",[8] Withdraw,,"Withdrawal Letter - Meycauayan City, Bulacan",Last Status Ongoing Data Build-up 25%,,[D] Withdraw,B,03-014-12-000,City of Meycauayan,Bulacan,Region III (Central Luzon),City,3rd,R3,E
[2025-07] 10-018-01-000,2025-07,2025,[07] July,"Catarman, Camiguin",[2] Pilot Testing,100%,Waiting for actual application,Constantly monitor LGUs for application,,[B] Developmental,B,10-018-01-000,Catarman,Camiguin,Region X (Northern Mindanao),Municipality,5th,R10,N
[2025-07] 11-025-06-000,2025-07,2025,[07] July,"Governor Generoso, Davao Oriental",[2] Pilot Testing,50%,,,,[B] Developmental,A,11-025-06-000,Governor Generoso,Davao Oriental,Region XI (Davao Region),Municipality,2nd,R11,P
[2025-07] 11-024-12-000,2025-07,2025,[07] July,"Santa Cruz, Davao del Sur",[2] Pilot Testing,25%,,,,[B] Developmental,A,11-024-12-000,Santa Cruz,Davao del Sur,Region XI (Davao Region),Municipality,1st,R11,P
[2025-07] 03-077-06-000,2025-07,2025,[07] July,"Dipaculao, Aurora",[1] Operational,,,,,[A] Operational,B,03-077-06-000,Dipaculao,Aurora,Region III (Central Luzon),Municipality,3rd,R3,E
[2025-07] 11-024-01-000,2025-07,2025,[07] July,"Bansalan, Davao del Sur",[3] Ongoing Data Build-up,75%,,,,[B] Developmental,#N/A,11-024-01-000,Bansalan,Davao del Sur,Region XI (Davao Region),Municipality,1st,R11,P
[2025-07] 03-069-06-000,2025-07,2025,[07] July,"Gerona, Tarlac",[1] Operational,,,,,[A] Operational,B,03-069-06-000,Gerona,Tarlac,Region III (Central Luzon),Municipality,1st,R3,E
[2025-07] 12-065-01-000,2025-07,2025,[07] July,"Bagumbayan, Sultan Kudarat",[3] Ongoing Data Build-up,90%,,,,[B] Developmental,B,12-065-01-000,Bagumbayan,Sultan Kudarat,Region XII (SOCCSKSARGEN),Municipality,1st,R12,Q
[2025-07] 03-008-06-000,2025-07,2025,[07] July,"Limay, Bataan",[6] With Concerns,,Internet connectivity issue and new staff,"Sent Notice Letter, awaiting for their reply
Intends to withdraw",,[C] For Training/Others,B,03-008-06-000,Limay,Bataan,Region III (Central Luzon),Municipality,1st,R3,E
[2025-07] 03-054-10-000,2025-07,2025,[07] July,"Macabebe, Pampanga",[6] With Concerns,,New LGU Staff and Internet connectivity issue,"intended to withdraw
waiting for the withdrawal letter",,[C] For Training/Others,B,03-054-10-000,Macabebe,Pampanga,Region III (Central Luzon),Municipality,1st,R3,E
[2025-07] 03-077-07-000,2025-07,2025,[07] July,"Maria Aurora, Aurora",[1] Operational,,,,,[A] Operational,A,03-077-07-000,Maria Aurora,Aurora,Region III (Central Luzon),Municipality,2nd,R3,E
[2025-07] 03-014-13-000,2025-07,2025,[07] July,"Norzagaray, Bulacan",[1] Operational,,,,,[A] Operational,A,03-014-13-000,Norzagaray,Bulacan,Region III (Central Luzon),Municipality,1st,R3,E
[2025-07] 12-047-10-000,2025-07,2025,[07] July,"M'Lang, Cotabato",[3] Ongoing Data Build-up,5%,,,,[B] Developmental,A,12-047-10-000,M'Lang,Cotabato,Region XII (SOCCSKSARGEN),Municipality,1st,R12,Q
[2025-07] 04-056-02-000,2025-07,2025,[07] July,"Alabat, Quezon",[1] Operational,,,,,[A] Operational,B,04-056-02-000,Alabat,Quezon,Region IV-A (CALABARZON),Municipality,5th,R4A,F
[2025-07] 12-047-11-000,2025-07,2025,[07] July,"Pigkawayan, Cotabato",[3] Ongoing Data Build-up,5%,,,,[B] Developmental,A,12-047-11-000,Pigkawayan,Cotabato,Region XII (SOCCSKSARGEN),Municipality,1st,R12,Q
[2025-07] 16-003-12-000,2025-07,2025,[07] July,"Trento, Agusan del Sur",[2] Pilot Testing,100%,,,,[B] Developmental,B,16-003-12-000,Trento,Agusan del Sur,Region XIII (Caraga),Municipality,1st,R13,O
[2025-07] 04-010-03-000,2025-07,2025,[07] July,"Balayan, Batangas",[1] Operational,,,,,[A] Operational,A,04-010-03-000,Balayan,Batangas,Region IV-A (CALABARZON),Municipality,1st,R4A,F
[2025-07] 04-056-08-000,2025-07,2025,[07] July,"Candelaria, Quezon",[1] Operational,,,,,[A] Operational,A,04-056-08-000,Candelaria,Quezon,Region IV-A (CALABARZON),Municipality,1st,R4A,F
[2025-07] 16-068-15-000,2025-07,2025,[07] July,"San Agustin, Surigao del Sur",[2] Pilot Testing,100%,Unresponsive LGU,,,[B] Developmental,A,16-068-15-000,San Agustin,Surigao del Sur,Region XIII (Caraga),Municipality,4th,R13,O
[2025-07] 04-056-16-000,2025-07,2025,[07] July,"General Luna, Quezon",[1] Operational,,,,,[A] Operational,B,04-056-16-000,General Luna,Quezon,Region IV-A (CALABARZON),Municipality,4th,R4A,F
[2025-07] 04-056-17-000,2025-07,2025,[07] July,"General Nakar, Quezon",[1] Operational,,,,,[A] Operational,B,04-056-17-000,General Nakar,Quezon,Region IV-A (CALABARZON),Municipality,1st,R4A,F
[2025-07] 04-056-19-000,2025-07,2025,[07] July,"Gumaca, Quezon",[7] To Follow-up,,LGU unresponsive,For visitation,,[C] For Training/Others,B,04-056-19-000,Gumaca,Quezon,Region IV-A (CALABARZON),Municipality,1st,R4A,F
[2025-07] 04-056-20-000,2025-07,2025,[07] July,"Infanta, Quezon",[1] Operational,,,,,[A] Operational,A,04-056-20-000,Infanta,Quezon,Region IV-A (CALABARZON),Municipality,1st,R4A,F
[2025-07] 04-010-12-000,2025-07,2025,[07] July,"Lemery, Batangas",[8] Withdraw,,,,,[D] Withdraw,B,04-010-12-000,Lemery,Batangas,Region IV-A (CALABARZON),Municipality,1st,R4A,F
[2025-07] 04-010-13-000,2025-07,2025,[07] July,"Lian, Batangas",[1] Operational,,,,,[A] Operational,A,04-010-13-000,Lian,Batangas,Region IV-A (CALABARZON),Municipality,3rd,R4A,F
[2025-07] 04-010-16-000,2025-07,2025,[07] July,"Mabini, Batangas",[1] Operational,,,,,[A] Operational,A,04-010-16-000,Mabini,Batangas,Region IV-A (CALABARZON),Municipality,1st,R4A,F
[2025-07] 04-021-12-000,2025-07,2025,[07] July,"Magallanes, Cavite",[1] Operational,,,,,[A] Operational,B,04-021-12-000,Magallanes,Cavite,Region IV-A (CALABARZON),Municipality,4th,R4A,F
[2025-07] 04-056-27-000,2025-07,2025,[07] July,"Mauban, Quezon",[1] Operational,,,,,[A] Operational,A,04-056-27-000,Mauban,Quezon,Region IV-A (CALABARZON),Municipality,1st,R4A,F
[2025-07] 04-021-15-000,2025-07,2025,[07] July,"Naic, Cavite",[1] Operational,,,,,[A] Operational,A,04-021-15-000,Naic,Cavite,Region IV-A (CALABARZON),Municipality,1st,R4A,F
[2025-07] 04-034-18-000,2025-07,2025,[07] July,"Paete, Laguna",[1] Operational,,,,,[A] Operational,B,04-034-18-000,Paete,Laguna,Region IV-A (CALABARZON),Municipality,4th,R4A,F
[2025-07] 16-068-16-000,2025-07,2025,[07] July,"San Miguel, Surigao del Sur",[2] Pilot Testing,95%,Unresponsive LGU,,,[B] Developmental,B,16-068-16-000,San Miguel,Surigao del Sur,Region XIII (Caraga),Municipality,1st,R13,O
[2025-07] 04-056-39-000,2025-07,2025,[07] July,"Sampaloc, Quezon",[1] Operational,,,,,[A] Operational,B,04-056-39-000,Sampaloc,Quezon,Region IV-A (CALABARZON),Municipality,5th,R4A,F
[2025-07] 04-010-24-000,2025-07,2025,[07] July,"San Luis, Batangas",[1] Operational,,,,,[A] Operational,B,04-010-24-000,San Luis,Batangas,Region IV-A (CALABARZON),Municipality,4th,R4A,F
[2025-07] 04-010-25-000,2025-07,2025,[07] July,"San Nicolas, Batangas",[1] Operational,,,,"Launched on August 30, 2024",[A] Operational,B,04-010-25-000,San Nicolas,Batangas,Region IV-A (CALABARZON),Municipality,5th,R4A,F
[2025-07] 04-010-27-000,2025-07,2025,[07] July,"Santa Teresita, Batangas",[1] Operational,,,,,[A] Operational,A,04-010-27-000,Santa Teresita,Batangas,Region IV-A (CALABARZON),Municipality,5th,R4A,F
[2025-07] 04-010-29-000,2025-07,2025,[07] July,"Taal, Batangas",[1] Operational,,,,,[A] Operational,A,04-010-29-000,Taal,Batangas,Region IV-A (CALABARZON),Municipality,3rd,R4A,F
[2025-07] 03-049-04-000,2025-07,2025,[07] July,"Cabiao, Nueva Ecija",[3] Ongoing Data Build-up,88%,Requesting for refresher training,,,[B] Developmental,B,03-049-04-000,Cabiao,Nueva Ecija,Region III (Central Luzon),Municipality,1st,R3,E
[2025-07] 03-314-00-000,2025-07,2025,[07] July,"City of Olongapo, Zambales",[3] Ongoing Data Build-up,60%,lack of Staff,For Visitation,,[B] Developmental,B,03-314-00-000,City of Olongapo,Zambales,Region III (Central Luzon),City,1st,R3,E
[2025-07] 17-052-01-000,2025-07,2025,[07] July,"Baco, Oriental Mindoro",[1] Operational,,,,,[A] Operational,B,17-052-01-000,Baco,Oriental Mindoro,MIMAROPA Region,Municipality,3rd,R4B,G
[2025-07] 17-059-02-000,2025-07,2025,[07] July,"Banton, Romblon",[1] Operational,,,,,[A] Operational,B,17-059-02-000,Banton,Romblon,MIMAROPA Region,Municipality,5th,R4B,G
[2025-07] 17-053-07-000,2025-07,2025,[07] July,"Busuanga, Palawan",[1] Operational,,,,,[A] Operational,A,17-053-07-000,Busuanga,Palawan,MIMAROPA Region,Municipality,3rd,R4B,G
[2025-07] 03-049-19-000,2025-07,2025,[07] July,"City of Palayan, Nueva Ecija",[2] Pilot Testing,50%,lack of Staff,for visitation,,[B] Developmental,B,03-049-19-000,City of Palayan,Nueva Ecija,Region III (Central Luzon),City,5th,R3,E
[2025-07] 17-053-09-000,2025-07,2025,[07] July,"Coron, Palawan",[1] Operational,,,,,[A] Operational,B,17-053-09-000,Coron,Palawan,MIMAROPA Region,Municipality,1st,R4B,G
[2025-07] 17-053-12-000,2025-07,2025,[07] July,"El Nido, Palawan",[1] Operational,,,,,[A] Operational,A,17-053-12-000,El Nido,Palawan,MIMAROPA Region,Municipality,1st,R4B,G
[2025-07] 17-059-16-000,2025-07,2025,[07] July,"Ferrol, Romblon",[1] Operational,,,,,[A] Operational,A,17-059-16-000,Ferrol,Romblon,MIMAROPA Region,Municipality,6th,R4B,G
[2025-07] 17-052-06-000,2025-07,2025,[07] July,"Gloria, Oriental Mindoro",[1] Operational,,,,,[A] Operational,B,17-052-06-000,Gloria,Oriental Mindoro,MIMAROPA Region,Municipality,3rd,R4B,G
[2025-07] 17-059-07-000,2025-07,2025,[07] July,"Looc, Romblon",[1] Operational,,,,,[A] Operational,A,17-059-07-000,Looc,Romblon,MIMAROPA Region,Municipality,4th,R4B,G
[2025-07] 17-052-09-000,2025-07,2025,[07] July,"Pinamalayan, Oriental Mindoro",[1] Operational,,,,,[A] Operational,B,17-052-09-000,Pinamalayan,Oriental Mindoro,MIMAROPA Region,Municipality,1st,R4B,G
[2025-07] 17-051-08-000,2025-07,2025,[07] July,"Rizal, Occidental Mindoro",[1] Operational,,,,,[A] Operational,B,17-051-08-000,Rizal,Occidental Mindoro,MIMAROPA Region,Municipality,3rd,R4B,G
[2025-07] 17-051-09-000,2025-07,2025,[07] July,"Sablayan, Occidental Mindoro",[1] Operational,,,,,[A] Operational,A,17-051-09-000,Sablayan,Occidental Mindoro,MIMAROPA Region,Municipality,1st,R4B,G
[2025-07] 17-051-10-000,2025-07,2025,[07] July,"San Jose, Occidental Mindoro",[1] Operational,,,,,[A] Operational,A,17-051-10-000,San Jose,Occidental Mindoro,MIMAROPA Region,Municipality,1st,R4B,G
[2025-07] 17-052-13-000,2025-07,2025,[07] July,"San Teodoro, Oriental Mindoro",[1] Operational,,,,,[A] Operational,B,17-052-13-000,San Teodoro,Oriental Mindoro,MIMAROPA Region,Municipality,4th,R4B,G
[2025-07] 17-053-19-000,2025-07,2025,[07] July,"San Vicente, Palawan",[1] Operational,,,,,[A] Operational,A,17-053-19-000,San Vicente,Palawan,MIMAROPA Region,Municipality,1st,R4B,G
[2025-07] 03-077-05-000,2025-07,2025,[07] July,"Dingalan, Aurora",[2] Pilot Testing,99%,,,,[B] Developmental,B,03-077-05-000,Dingalan,Aurora,Region III (Central Luzon),Municipality,3rd,R3,E
[2025-07] 03-049-07-000,2025-07,2025,[07] July,"Gabaldon, Nueva Ecija",[2] Pilot Testing,71%,Requesting for refresher training,for visitation,,[B] Developmental,B,03-049-07-000,Gabaldon,Nueva Ecija,Region III (Central Luzon),Municipality,4th,R3,E
[2025-07] 03-071-05-000,2025-07,2025,[07] July,"Iba, Zambales",[2] Pilot Testing,85%,for launching phase,for visitation,,[B] Developmental,B,03-071-05-000,Iba,Zambales,Region III (Central Luzon),Municipality,2nd,R3,E
[2025-07] 03-071-09-000,2025-07,2025,[07] July,"San Antonio, Zambales",[2] Pilot Testing,97%,,renovation of municipal hall,,[B] Developmental,B,03-071-09-000,San Antonio,Zambales,Region III (Central Luzon),Municipality,2nd,R3,E
[2025-07] 05-016-06-000,2025-07,2025,[07] July,"Labo, Camarines Norte",[6] With Concerns,,"concern regarding manual entry of building permit number, due to conflict with complex applications numbering",,,[C] For Training/Others,B,05-016-06-000,Labo,Camarines Norte,Region V (Bicol Region),Municipality,1st,R5,H
[2025-07] 03-049-32-000,2025-07,2025,[07] July,"Zaragoza, Nueva Ecija",[2] Pilot Testing,99%,,for launching phase,,[B] Developmental,B,03-049-32-000,Zaragoza,Nueva Ecija,Region III (Central Luzon),Municipality,3rd,R3,E
[2025-07] 05-016-11-000,2025-07,2025,[07] July,"Talisay, Camarines Norte",[1] Operational,,,,,[A] Operational,A,05-016-11-000,Talisay,Camarines Norte,Region V (Bicol Region),Municipality,4th,R5,H
[2025-07] 05-005-18-000,2025-07,2025,[07] July,"Tiwi, Albay",[8] Withdraw,,,,,[D] Withdraw,B,05-005-18-000,Tiwi,Albay,Region V (Bicol Region),Municipality,1st,R5,H
[2025-07] 04-021-01-000,2025-07,2025,[07] July,"Alfonso, Cavite",[3] Ongoing Data Build-up,100%,For Launching,,Waiting for LGU Schedule,[B] Developmental,B,04-021-01-000,Alfonso,Cavite,Region IV-A (CALABARZON),Municipality,1st,R4A,F
[2025-07] 05-020-11-000,2025-07,2025,[07] July,"Virac, Catanduanes",[6] With Concerns,,May mga need pa po ayusin specially sa mga signatories,,,[C] For Training/Others,B,05-020-11-000,Virac,Catanduanes,Region V (Bicol Region),Municipality,1st,R5,H
[2025-07] 06-030-02-000,2025-07,2025,[07] July,"Alimodian, Iloilo",[1] Operational,,,,,[A] Operational,B,06-030-02-000,Alimodian,Iloilo,Region VI (Western Visayas),Municipality,3rd,R6,I
[2025-07] 06-030-03-000,2025-07,2025,[07] July,"Anilao, Iloilo",[1] Operational,,,,,[A] Operational,B,06-030-03-000,Anilao,Iloilo,Region VI (Western Visayas),Municipality,4th,R6,I
[2025-07] 06-030-05-000,2025-07,2025,[07] July,"Balasan, Iloilo",[1] Operational,,,,,[A] Operational,B,06-030-05-000,Balasan,Iloilo,Region VI (Western Visayas),Municipality,4th,R6,I
[2025-07] 06-006-02-000,2025-07,2025,[07] July,"Barbaza, Antique",[1] Operational,,,,,[A] Operational,B,06-006-02-000,Barbaza,Antique,Region VI (Western Visayas),Municipality,4th,R6,I
[2025-07] 06-030-07-000,2025-07,2025,[07] July,"Barotac Nuevo, Iloilo",[1] Operational,,,,,[A] Operational,B,06-030-07-000,Barotac Nuevo,Iloilo,Region VI (Western Visayas),Municipality,2nd,R6,I
[2025-07] 06-030-08-000,2025-07,2025,[07] July,"Barotac Viejo, Iloilo",[5] For Training,,,,,[C] For Training/Others,B,06-030-08-000,Barotac Viejo,Iloilo,Region VI (Western Visayas),Municipality,3rd,R6,I
[2025-07] 06-030-10-000,2025-07,2025,[07] July,"Bingawan, Iloilo",[1] Operational,,,,,[A] Operational,B,06-030-10-000,Bingawan,Iloilo,Region VI (Western Visayas),Municipality,5th,R6,I
[2025-07] 06-079-01-000,2025-07,2025,[07] July,"Buenavista, Guimaras",[1] Operational,,,,,[A] Operational,B,06-079-01-000,Buenavista,Guimaras,Region VI (Western Visayas),Municipality,2nd,R6,I
[2025-07] 06-006-04-000,2025-07,2025,[07] July,"Bugasong, Antique",[1] Operational,,,,,[A] Operational,A,06-006-04-000,Bugasong,Antique,Region VI (Western Visayas),Municipality,3rd,R6,I
[2025-07] 06-030-12-000,2025-07,2025,[07] July,"Cabatuan, Iloilo",[1] Operational,,,,,[A] Operational,B,06-030-12-000,Cabatuan,Iloilo,Region VI (Western Visayas),Municipality,2nd,R6,I
[2025-07] 06-030-13-000,2025-07,2025,[07] July,"Calinog, Iloilo",[1] Operational,,,,,[A] Operational,A,06-030-13-000,Calinog,Iloilo,Region VI (Western Visayas),Municipality,1st,R6,I
[2025-07] 06-302-00-000,2025-07,2025,[07] July,"City of Bacolod, Negros Occidental",[1] Operational,,,,,[A] Operational,A,06-302-00-000,City of Bacolod,Negros Occidental,Region VI (Western Visayas),City,1st,R6,I
[2025-07] 06-045-10-000,2025-07,2025,[07] July,"City of Himamaylan, Negros Occidental",[1] Operational,,,,,[A] Operational,A,06-045-10-000,City of Himamaylan,Negros Occidental,Region VI (Western Visayas),City,3rd,R6,I
[2025-07] 06-045-15-000,2025-07,2025,[07] July,"City of Kabankalan, Negros Occidental",[1] Operational,,,,,[A] Operational,B,06-045-15-000,City of Kabankalan,Negros Occidental,Region VI (Western Visayas),City,1st,R6,I
[2025-07] 06-045-27-000,2025-07,2025,[07] July,"City of Sipalay, Negros Occidental",[1] Operational,,,,,[A] Operational,A,06-045-27-000,City of Sipalay,Negros Occidental,Region VI (Western Visayas),City,4th,R6,I
[2025-07] 06-030-15-000,2025-07,2025,[07] July,"Concepcion, Iloilo",[1] Operational,,,,,[A] Operational,B,06-030-15-000,Concepcion,Iloilo,Region VI (Western Visayas),Municipality,3rd,R6,I
[2025-07] 06-030-16-000,2025-07,2025,[07] July,"Dingle, Iloilo",[1] Operational,,,,,[A] Operational,A,06-030-16-000,Dingle,Iloilo,Region VI (Western Visayas),Municipality,3rd,R6,I
[2025-07] 06-045-11-000,2025-07,2025,[07] July,"Hinigaran, Negros Occidental",[1] Operational,,,,,[A] Operational,B,06-045-11-000,Hinigaran,Negros Occidental,Region VI (Western Visayas),Municipality,1st,R6,I
[2025-07] 06-030-23-000,2025-07,2025,[07] July,"Janiuay, Iloilo",[1] Operational,,,,,[A] Operational,B,06-030-23-000,Janiuay,Iloilo,Region VI (Western Visayas),Municipality,1st,R6,I
[2025-07] 06-030-25-000,2025-07,2025,[07] July,"Lambunao, Iloilo",[5] For Training,,,,,[C] For Training/Others,B,06-030-25-000,Lambunao,Iloilo,Region VI (Western Visayas),Municipality,1st,R6,I
[2025-07] 06-006-09-000,2025-07,2025,[07] July,"Laua-An, Antique",[1] Operational,,,,,[A] Operational,A,06-006-09-000,Laua-An,Antique,Region VI (Western Visayas),Municipality,4th,R6,I
[2025-07] 06-006-10-000,2025-07,2025,[07] July,"Libertad, Antique",[1] Operational,,,,,[A] Operational,A,06-006-10-000,Libertad,Antique,Region VI (Western Visayas),Municipality,5th,R6,I
[2025-07] 06-045-18-000,2025-07,2025,[07] July,"Manapla, Negros Occidental",[1] Operational,,,,,[A] Operational,B,06-045-18-000,Manapla,Negros Occidental,Region VI (Western Visayas),Municipality,2nd,R6,I
[2025-07] 06-030-30-000,2025-07,2025,[07] July,"Miagao, Iloilo",[5] For Training,,,,,[C] For Training/Others,B,06-030-30-000,Miagao,Iloilo,Region VI (Western Visayas),Municipality,1st,R6,I
[2025-07] 06-030-31-000,2025-07,2025,[07] July,"Mina, Iloilo",[1] Operational,,,,,[A] Operational,A,06-030-31-000,Mina,Iloilo,Region VI (Western Visayas),Municipality,5th,R6,I
[2025-07] 06-045-19-000,2025-07,2025,[07] July,"Moises Padilla, Negros Occidental",[1] Operational,,,,,[A] Operational,B,06-045-19-000,Moises Padilla,Negros Occidental,Region VI (Western Visayas),Municipality,3rd,R6,I
[2025-07] 06-030-32-000,2025-07,2025,[07] July,"New Lucena, Iloilo",[1] Operational,,,,,[A] Operational,B,06-030-32-000,New Lucena,Iloilo,Region VI (Western Visayas),Municipality,4th,R6,I
[2025-07] 06-004-15-000,2025-07,2025,[07] July,"New Washington, Aklan",[1] Operational,,,,,[A] Operational,A,06-004-15-000,New Washington,Aklan,Region VI (Western Visayas),Municipality,3rd,R6,I
[2025-07] 06-030-34-000,2025-07,2025,[07] July,"Oton, Iloilo",[8] Withdraw,,,,,[D] Withdraw,B,06-030-34-000,Oton,Iloilo,Region VI (Western Visayas),Municipality,1st,R6,I
[2025-07] 06-006-11-000,2025-07,2025,[07] July,"Pandan, Antique",[1] Operational,,,,,[A] Operational,A,06-006-11-000,Pandan,Antique,Region VI (Western Visayas),Municipality,4th,R6,I
[2025-07] 06-006-12-000,2025-07,2025,[07] July,"Patnongon, Antique",[1] Operational,,,,,[A] Operational,A,06-006-12-000,Patnongon,Antique,Region VI (Western Visayas),Municipality,3rd,R6,I
[2025-07] 06-030-40-000,2025-07,2025,[07] July,"San Joaquin, Iloilo",[5] For Training,,,,,[C] For Training/Others,B,06-030-40-000,San Joaquin,Iloilo,Region VI (Western Visayas),Municipality,2nd,R6,I
[2025-07] 06-006-14-000,2025-07,2025,[07] July,"San Remigio, Antique",[1] Operational,,,,,[A] Operational,A,06-006-14-000,San Remigio,Antique,Region VI (Western Visayas),Municipality,3rd,R6,I
[2025-07] 06-030-43-000,2025-07,2025,[07] July,"Santa Barbara, Iloilo",[1] Operational,,,,,[A] Operational,B,06-030-43-000,Santa Barbara,Iloilo,Region VI (Western Visayas),Municipality,2nd,R6,I
[2025-07] 06-019-15-000,2025-07,2025,[07] July,"Sapi-An, Capiz",[1] Operational,,,,,[A] Operational,A,06-019-15-000,Sapi-An,Capiz,Region VI (Western Visayas),Municipality,4th,R6,I
[2025-07] 06-030-44-000,2025-07,2025,[07] July,"Sara, Iloilo",[1] Operational,,,,,[A] Operational,B,06-030-44-000,Sara,Iloilo,Region VI (Western Visayas),Municipality,2nd,R6,I
[2025-07] 06-006-15-000,2025-07,2025,[07] July,"Sebaste, Antique",[5] For Training,,,,,[C] For Training/Others,B,06-006-15-000,Sebaste,Antique,Region VI (Western Visayas),Municipality,4th,R6,I
[2025-07] 06-004-17-000,2025-07,2025,[07] July,"Tangalan, Aklan",[1] Operational,,,,,[A] Operational,A,06-004-17-000,Tangalan,Aklan,Region VI (Western Visayas),Municipality,5th,R6,I
[2025-07] 06-019-17-000,2025-07,2025,[07] July,"Tapaz, Capiz",[1] Operational,,,,,[A] Operational,A,06-019-17-000,Tapaz,Capiz,Region VI (Western Visayas),Municipality,1st,R6,I
[2025-07] 06-006-07-000,2025-07,2025,[07] July,"Tobias Fornier, Antique",[8] Withdraw,,,,,[D] Withdraw,B,06-006-07-000,Tobias Fornier,Antique,Region VI (Western Visayas),Municipality,4th,R6,I
[2025-07] 06-030-47-000,2025-07,2025,[07] July,"Zarraga, Iloilo",[5] For Training,,,,,[C] For Training/Others,B,06-030-47-000,Zarraga,Iloilo,Region VI (Western Visayas),Municipality,4th,R6,I
[2025-07] 04-021-02-000,2025-07,2025,[07] July,"Amadeo, Cavite",[2] Pilot Testing,95%,,,Waiting for decision of LGU if they will use the system,[B] Developmental,B,04-021-02-000,Amadeo,Cavite,Region IV-A (CALABARZON),Municipality,4th,R4A,F
[2025-07] 08-037-02-000,2025-07,2025,[07] July,"Alangalang, Leyte",[1] Operational,,,,Normal Operations,[A] Operational,A,08-037-02-000,Alangalang,Leyte,Region VIII (Eastern Visayas),Municipality,2nd,R8,K
[2025-07] 08-060-02-000,2025-07,2025,[07] July,"Basey, Samar",[1] Operational,,,,Normal Operations,[A] Operational,B,08-060-02-000,Basey,Samar,Region VIII (Eastern Visayas),Municipality,1st,R8,K
[2025-07] 08-037-15-000,2025-07,2025,[07] July,"Carigara, Leyte",[1] Operational,,,,Normal Operations,[A] Operational,B,08-037-15-000,Carigara,Leyte,Region VIII (Eastern Visayas),Municipality,2nd,R8,K
[2025-07] 08-026-04-000,2025-07,2025,[07] July,"City of Borongan, Eastern Samar",[1] Operational,,,,Normal Operations,[A] Operational,A,08-026-04-000,City of Borongan,Eastern Samar,Region VIII (Eastern Visayas),City,1st (as Mun),R8,K
[2025-07] 08-064-07-000,2025-07,2025,[07] July,"City of Maasin, Southern Leyte",[1] Operational,,,,Normal Operations,[A] Operational,A,08-064-07-000,City of Maasin,Southern Leyte,Region VIII (Eastern Visayas),City,4th,R8,K
[2025-07] 04-034-07-000,2025-07,2025,[07] July,"Cavinti, Laguna",[2] Pilot Testing,100%,For Launching,,Waiting for LGU Schedule,[B] Developmental,B,04-034-07-000,Cavinti,Laguna,Region IV-A (CALABARZON),Municipality,3rd,R4A,F
[2025-07] 08-026-09-000,2025-07,2025,[07] July,"Guiuan, Eastern Samar",[1] Operational,,,,Zero transactions for the month of June 2025,[A] Operational,B,08-026-09-000,Guiuan,Eastern Samar,Region VIII (Eastern Visayas),Municipality,2nd,R8,K
[2025-07] 08-037-20-000,2025-07,2025,[07] July,"Hindang, Leyte",[1] Operational,,,,Normal Operations,[A] Operational,B,08-037-20-000,Hindang,Leyte,Region VIII (Eastern Visayas),Municipality,5th,R8,K
[2025-07] 08-037-24-000,2025-07,2025,[07] July,"Javier, Leyte",[1] Operational,,,,Normal Operations,[A] Operational,B,08-037-24-000,Javier,Leyte,Region VIII (Eastern Visayas),Municipality,4th*,R8,K
[2025-07] 08-060-09-000,2025-07,2025,[07] July,"Jiabong, Samar",[1] Operational,,,,Normal Operations,[A] Operational,B,08-060-09-000,Jiabong,Samar,Region VIII (Eastern Visayas),Municipality,5th,R8,K
[2025-07] 08-037-26-000,2025-07,2025,[07] July,"Kananga, Leyte",[1] Operational,,,,Normal Operations,[A] Operational,A,08-037-26-000,Kananga,Leyte,Region VIII (Eastern Visayas),Municipality,1st,R8,K
[2025-07] 08-078-06-000,2025-07,2025,[07] July,"Kawayan, Biliran",[8] Withdraw,,,,Withdrawn,[D] Withdraw,B,08-078-06-000,Kawayan,Biliran,Region VIII (Eastern Visayas),Municipality,5th*,R8,K
[2025-07] 08-037-28-000,2025-07,2025,[07] July,"La Paz, Leyte",[1] Operational,,,,Normal Operations,[A] Operational,B,08-037-28-000,La Paz,Leyte,Region VIII (Eastern Visayas),Municipality,5th*,R8,K
[2025-07] 08-037-29-000,2025-07,2025,[07] July,"Leyte, Leyte",[1] Operational,,,,Normal Operations,[A] Operational,A,08-037-29-000,Leyte,Leyte,Region VIII (Eastern Visayas),Municipality,4th*,R8,K
[2025-07] 08-064-08-000,2025-07,2025,[07] July,"Macrohon, Southern Leyte",[1] Operational,,,,Normal Operations,[A] Operational,A,08-064-08-000,Macrohon,Southern Leyte,Region VIII (Eastern Visayas),Municipality,4th,R8,K
[2025-07] 08-078-08-000,2025-07,2025,[07] July,"Naval, Biliran",[1] Operational,,,,Normal Operations,[A] Operational,A,08-078-08-000,Naval,Biliran,Region VIII (Eastern Visayas),Municipality,2nd,R8,K
[2025-07] 08-037-39-000,2025-07,2025,[07] July,"Palo, Leyte",[1] Operational,,,,Normal Operations,[A] Operational,A,08-037-39-000,Palo,Leyte,Region VIII (Eastern Visayas),Municipality,3rd,R8,K
[2025-07] 08-048-15-000,2025-07,2025,[07] July,"Pambujan, Northern Samar",[1] Operational,,,,Normal Operations,[A] Operational,A,08-048-15-000,Pambujan,Northern Samar,Region VIII (Eastern Visayas),Municipality,4th,R8,K
[2025-07] 08-037-41-000,2025-07,2025,[07] July,"Pastrana, Leyte",[1] Operational,,,,Zero transactions for the month of July 2025,[A] Operational,A,08-037-41-000,Pastrana,Leyte,Region VIII (Eastern Visayas),Municipality,5th*,R8,K
[2025-07] 08-064-14-000,2025-07,2025,[07] July,"San Juan, Southern Leyte",[1] Operational,,,,Normal Operations,[A] Operational,A,08-064-14-000,San Juan,Southern Leyte,Region VIII (Eastern Visayas),Municipality,5th,R8,K
[2025-07] 08-048-20-000,2025-07,2025,[07] July,"San Roque, Northern Samar",[1] Operational,,,,Zero transactions for the month of July 2025,[A] Operational,A,08-048-20-000,San Roque,Northern Samar,Region VIII (Eastern Visayas),Municipality,4th,R8,K
[2025-07] 08-064-17-000,2025-07,2025,[07] July,"Sogod, Southern Leyte",[1] Operational,,,,Normal Operations,[A] Operational,A,08-064-17-000,Sogod,Southern Leyte,Region VIII (Eastern Visayas),Municipality,2nd,R8,K
[2025-07] 08-064-18-000,2025-07,2025,[07] July,"Tomas Oppus, Southern Leyte",[1] Operational,,,,Normal Operations,[A] Operational,A,08-064-18-000,Tomas Oppus,Southern Leyte,Region VIII (Eastern Visayas),Municipality,5th,R8,K
[2025-07] 19-066-13-000,2025-07,2025,[07] July,"Talipao, Sulu",[1] Operational,,,,,[A] Operational,B,19-066-13-000,Talipao,Sulu,Bangsamoro Autonomous Region In Muslim Mindanao (BARMM),Municipality,1st,BARMM I,M
[2025-07] 09-073-08-000,2025-07,2025,[07] July,"Dumingag, Zamboanga del Sur",[7] To Follow-up,50%,waiting for LGU's response,,,[C] For Training/Others,B,09-073-08-000,Dumingag,Zamboanga del Sur,Region IX (Zamboanga Peninsula),Municipality,2nd,R9,L
[2025-07] 09-073-43-000,2025-07,2025,[07] July,"Guipos, Zamboanga del Sur",[1] Operational,,,,,[A] Operational,B,09-073-43-000,Guipos,Zamboanga del Sur,Region IX (Zamboanga Peninsula),Municipality,4th,R9,L
[2025-07] 09-073-12-000,2025-07,2025,[07] July,"Labangan, Zamboanga del Sur",[7] To Follow-up,,Understaff,,,[C] For Training/Others,B,09-073-12-000,Labangan,Zamboanga del Sur,Region IX (Zamboanga Peninsula),Municipality,3rd,R9,L
[2025-07] 09-073-33-000,2025-07,2025,[07] July,"Lakewood, Zamboanga del Sur",[1] Operational,,,,,[A] Operational,B,09-073-33-000,Lakewood,Zamboanga del Sur,Region IX (Zamboanga Peninsula),Municipality,4th,R9,L
[2025-07] 09-072-10-000,2025-07,2025,[07] July,"Polanco, Zamboanga del Norte",[1] Operational,,,,,[A] Operational,A,09-072-10-000,Polanco,Zamboanga del Norte,Region IX (Zamboanga Peninsula),Municipality,3rd,R9,L
[2025-07] 09-072-11-000,2025-07,2025,[07] July,"Pres. Manuel A. Roxas, Zamboanga del Norte",[7] To Follow-up,75%,waiting for LGU's response,,,[C] For Training/Others,B,09-072-11-000,Pres. Manuel A. Roxas,Zamboanga del Norte,Region IX (Zamboanga Peninsula),Municipality,2nd,R9,L
[2025-07] 09-072-12-000,2025-07,2025,[07] July,"Rizal, Zamboanga del Norte",[7] To Follow-up,25%,waiting for LGU's response,,,[C] For Training/Others,B,09-072-12-000,Rizal,Zamboanga del Norte,Region IX (Zamboanga Peninsula),Municipality,5th,R9,L
[2025-07] 09-073-25-000,2025-07,2025,[07] July,"San Pablo, Zamboanga del Sur",[7] To Follow-up,75%,waiting for LGU's response,,,[C] For Training/Others,B,09-073-25-000,San Pablo,Zamboanga del Sur,Region IX (Zamboanga Peninsula),Municipality,4th*,R9,L
[2025-07] 09-072-15-000,2025-07,2025,[07] July,"Siayan, Zamboanga del Norte",[1] Operational,,,,,[A] Operational,B,09-072-15-000,Siayan,Zamboanga del Norte,Region IX (Zamboanga Peninsula),Municipality,2nd,R9,L
[2025-07] 09-072-18-000,2025-07,2025,[07] July,"Sindangan, Zamboanga del Norte",[7] To Follow-up,50%,waiting for LGU's response,,,[C] For Training/Others,B,09-072-18-000,Sindangan,Zamboanga del Norte,Region IX (Zamboanga Peninsula),Municipality,1st,R9,L
[2025-07] 09-083-15-000,2025-07,2025,[07] July,"Titay, Zamboanga Sibugay",[1] Operational,,,,,[A] Operational,A,09-083-15-000,Titay,Zamboanga Sibugay,Region IX (Zamboanga Peninsula),Municipality,2nd,R9,L
[2025-07] 10-042-01-000,2025-07,2025,[07] July,"Aloran, Misamis Occidental",[1] Operational,,,,,[A] Operational,A,10-042-01-000,Aloran,Misamis Occidental,Region X (Northern Mindanao),Municipality,4th,R10,N
[2025-07] 10-035-01-000,2025-07,2025,[07] July,"Bacolod, Lanao del Norte",[1] Operational,,,,,[A] Operational,B,10-035-01-000,Bacolod,Lanao del Norte,Region X (Northern Mindanao),Municipality,4th,R10,N
[2025-07] 04-056-34-000,2025-07,2025,[07] July,"Pitogo, Quezon",[2] Pilot Testing,72%,,,,[B] Developmental,B,04-056-34-000,Pitogo,Quezon,Region IV-A (CALABARZON),Municipality,4th,R4A,F
[2025-07] 10-042-04-000,2025-07,2025,[07] July,"Calamba, Misamis Occidental",[1] Operational,,,,,[A] Operational,A,10-042-04-000,Calamba,Misamis Occidental,Region X (Northern Mindanao),Municipality,4th,R10,N
[2025-07] 04-058-12-000,2025-07,2025,[07] July,"Tanay, Rizal",[4] For Data Build-up,60%,,,"Conducted Users Training last July 15-18, 2025",[B] Developmental,#N/A,04-058-12-000,Tanay,Rizal,Region IV-A (CALABARZON),Municipality,1st,R4A,F
[2025-07] 10-043-08-000,2025-07,2025,[07] July,"City of Gingoog, Misamis Oriental",[1] Operational,,,,,[A] Operational,A,10-043-08-000,City of Gingoog,Misamis Oriental,Region X (Northern Mindanao),City,2nd,R10,N
[2025-07] 10-042-15-000,2025-07,2025,[07] July,"City of Tangub, Misamis Occidental",[5] For Training,,,,,[C] For Training/Others,B,10-042-15-000,City of Tangub,Misamis Occidental,Region X (Northern Mindanao),City,4th,R10,N
[2025-07] 10-042-05-000,2025-07,2025,[07] July,"Clarin, Misamis Occidental",[5] For Training,,,,"Scheduled in July, waiting for Opex SARO",[C] For Training/Others,B,10-042-05-000,Clarin,Misamis Occidental,Region X (Northern Mindanao),Municipality,4th,R10,N
[2025-07] 10-043-06-000,2025-07,2025,[07] July,"Claveria, Misamis Oriental",[1] Operational,,,,,[A] Operational,A,10-043-06-000,Claveria,Misamis Oriental,Region X (Northern Mindanao),Municipality,1st,R10,N
[2025-07] 10-043-11-000,2025-07,2025,[07] July,"Jasaan, Misamis Oriental",[1] Operational,,,,,[A] Operational,B,10-043-11-000,Jasaan,Misamis Oriental,Region X (Northern Mindanao),Municipality,2nd,R10,N
[2025-07] 10-035-05-000,2025-07,2025,[07] July,"Kapatagan, Lanao del Norte",[1] Operational,,,,,[A] Operational,A,10-035-05-000,Kapatagan,Lanao del Norte,Region X (Northern Mindanao),Municipality,2nd,R10,N
[2025-07] 10-043-13-000,2025-07,2025,[07] July,"Lagonglong, Misamis Oriental",[1] Operational,,,,,[A] Operational,A,10-043-13-000,Lagonglong,Misamis Oriental,Region X (Northern Mindanao),Municipality,5th,R10,N
[2025-07] 10-043-15-000,2025-07,2025,[07] July,"Libertad, Misamis Oriental",[1] Operational,,,,,[A] Operational,B,10-043-15-000,Libertad,Misamis Oriental,Region X (Northern Mindanao),Municipality,5th,R10,N
[2025-07] 10-018-03-000,2025-07,2025,[07] July,"Mahinog, Camiguin",[1] Operational,,,,,[A] Operational,A,10-018-03-000,Mahinog,Camiguin,Region X (Northern Mindanao),Municipality,5th,R10,N
[2025-07] 10-035-12-000,2025-07,2025,[07] July,"Maigo, Lanao del Norte",[1] Operational,,,,,[A] Operational,A,10-035-12-000,Maigo,Lanao del Norte,Region X (Northern Mindanao),Municipality,4th,R10,N
[2025-07] 10-018-04-000,2025-07,2025,[07] July,"Mambajao, Camiguin",[1] Operational,,,,,[A] Operational,A,10-018-04-000,Mambajao,Camiguin,Region X (Northern Mindanao),Municipality,3rd,R10,N
[2025-07] 10-043-18-000,2025-07,2025,[07] July,"Manticao, Misamis Oriental",[1] Operational,,,,,[A] Operational,B,10-043-18-000,Manticao,Misamis Oriental,Region X (Northern Mindanao),Municipality,4th,R10,N
[2025-07] 10-043-20-000,2025-07,2025,[07] July,"Naawan, Misamis Oriental",[1] Operational,,,,,[A] Operational,A,10-043-20-000,Naawan,Misamis Oriental,Region X (Northern Mindanao),Municipality,4th,R10,N
[2025-07] 10-042-12-000,2025-07,2025,[07] July,"Plaridel, Misamis Occidental",[1] Operational,,,,,[A] Operational,A,10-042-12-000,Plaridel,Misamis Occidental,Region X (Northern Mindanao),Municipality,3rd,R10,N
[2025-07] 10-043-22-000,2025-07,2025,[07] July,"Salay, Misamis Oriental",[1] Operational,,,,,[A] Operational,A,10-043-22-000,Salay,Misamis Oriental,Region X (Northern Mindanao),Municipality,4th,R10,N
[2025-07] 10-042-14-000,2025-07,2025,[07] July,"Sinacaban, Misamis Occidental",[1] Operational,,,,,[A] Operational,A,10-042-14-000,Sinacaban,Misamis Occidental,Region X (Northern Mindanao),Municipality,5th,R10,N
[2025-07] 10-043-24-000,2025-07,2025,[07] July,"Tagoloan, Misamis Oriental",[8] Withdraw,,,,,[D] Withdraw,B,10-043-24-000,Tagoloan,Misamis Oriental,Region X (Northern Mindanao),Municipality,1st,R10,N
[2025-07] 10-043-25-000,2025-07,2025,[07] July,"Talisayan, Misamis Oriental",[1] Operational,,,,,[A] Operational,B,10-043-25-000,Talisayan,Misamis Oriental,Region X (Northern Mindanao),Municipality,4th,R10,N
[2025-07] 10-035-22-000,2025-07,2025,[07] July,"Tubod, Lanao del Norte",[7] To Follow-up,20%,LGU not applyin additional test applications since Feb,To discuss with LGU of the system continuation,,[C] For Training/Others,B,10-035-22-000,Tubod,Lanao del Norte,Region X (Northern Mindanao),Municipality,2nd,R10,N
[2025-07] 11-025-03-000,2025-07,2025,[07] July,"Boston, Davao Oriental",[1] Operational,,,,,[A] Operational,A,11-025-03-000,Boston,Davao Oriental,Region XI (Davao Region),Municipality,3rd,R11,P
[2025-07] 11-025-05-000,2025-07,2025,[07] July,"Cateel, Davao Oriental",[1] Operational,,,,,[A] Operational,A,11-025-05-000,Cateel,Davao Oriental,Region XI (Davao Region),Municipality,2nd,R11,P
[2025-07] 11-024-03-000,2025-07,2025,[07] July,"City of Digos, Davao del Sur",[1] Operational,,,,,[A] Operational,B,11-024-03-000,City of Digos,Davao del Sur,Region XI (Davao Region),City,2nd,R11,P
[2025-07] 11-025-09-000,2025-07,2025,[07] July,"City of Mati, Davao Oriental",[1] Operational,,,,,[A] Operational,A,11-025-09-000,City of Mati,Davao Oriental,Region XI (Davao Region),City,5th,R11,P
[2025-07] 17-059-01-000,2025-07,2025,[07] July,"Alcantara, Romblon",[2] Pilot Testing,50%,,,,[B] Developmental,#N/A,17-059-01-000,Alcantara,Romblon,MIMAROPA Region,Municipality,5th,R4B,G
[2025-07] 11-025-07-000,2025-07,2025,[07] July,"Lupon, Davao Oriental",[1] Operational,,,,,[A] Operational,B,11-025-07-000,Lupon,Davao Oriental,Region XI (Davao Region),Municipality,1st,R11,P
[2025-07] 11-024-08-000,2025-07,2025,[07] July,"Malalag, Davao del Sur",[1] Operational,,,,,[A] Operational,A,11-024-08-000,Malalag,Davao del Sur,Region XI (Davao Region),Municipality,2nd,R11,P
[2025-07] 11-025-08-000,2025-07,2025,[07] July,"Manay, Davao Oriental",[1] Operational,,,,,[A] Operational,A,11-025-08-000,Manay,Davao Oriental,Region XI (Davao Region),Municipality,2nd,R11,P
[2025-07] 11-082-05-000,2025-07,2025,[07] July,"Maragusan, Davao de Oro",[1] Operational,,,,,[A] Operational,B,11-082-05-000,Maragusan,Davao de Oro,Region XI (Davao Region),Municipality,1st,R11,P
[2025-07] 11-024-10-000,2025-07,2025,[07] July,"Matanao, Davao del Sur",[1] Operational,,,,,[A] Operational,A,11-024-10-000,Matanao,Davao del Sur,Region XI (Davao Region),Municipality,2nd,R11,P
[2025-07] 11-024-11-000,2025-07,2025,[07] July,"Padada, Davao del Sur",[1] Operational,,,,,[A] Operational,B,11-024-11-000,Padada,Davao del Sur,Region XI (Davao Region),Municipality,3rd,R11,P
[2025-07] 17-051-02-000,2025-07,2025,[07] July,"Calintaan, Occidental Mindoro",[2] Pilot Testing,50%,,,,[B] Developmental,#N/A,17-051-02-000,Calintaan,Occidental Mindoro,MIMAROPA Region,Municipality,3rd,R4B,G
[2025-07] 11-024-14-000,2025-07,2025,[07] July,"Sulop, Davao del Sur",[1] Operational,,,,,[A] Operational,A,11-024-14-000,Sulop,Davao del Sur,Region XI (Davao Region),Municipality,3rd,R11,P
[2025-07] 11-025-11-000,2025-07,2025,[07] July,"Tarragona, Davao Oriental",[1] Operational,,,,,[A] Operational,B,11-025-11-000,Tarragona,Davao Oriental,Region XI (Davao Region),Municipality,3rd,R11,P
[2025-07] 05-041-01-000,2025-07,2025,[07] July,"Aroroy, Masbate",[3] Ongoing Data Build-up,10%,,,,[B] Developmental,#N/A,05-041-01-000,Aroroy,Masbate,Region V (Bicol Region),Municipality,1st,R5,H
[2025-07] 05-062-02-000,2025-07,2025,[07] July,"Barcelona, Sorsogon",[3] Ongoing Data Build-up,85%,Applicants not familiar with the system and unstable internet connection,,,[B] Developmental,B,05-062-02-000,Barcelona,Sorsogon,Region V (Bicol Region),Municipality,5th,R5,H
[2025-07] 16-002-07-000,2025-07,2025,[07] July,"Las Nieves, Agusan del Norte",[1] Operational,,,,,[A] Operational,A,16-002-07-000,Las Nieves,Agusan del Norte,Region XIII (Caraga),Municipality,2nd,R13,O
[2025-07] 16-068-02-000,2025-07,2025,[07] July,"Bayabas, Surigao del Sur",[1] Operational,,,,,[A] Operational,A,16-068-02-000,Bayabas,Surigao del Sur,Region XIII (Caraga),Municipality,5th,R13,O
[2025-07] 16-068-06-000,2025-07,2025,[07] July,"Carmen, Surigao del Sur",[1] Operational,,,,,[A] Operational,A,16-068-06-000,Carmen,Surigao del Sur,Region XIII (Caraga),Municipality,5th,R13,O
[2025-07] 16-068-12-000,2025-07,2025,[07] July,"Lingig, Surigao del Sur",[7] To Follow-up,,"Last Status: For Data Buildup
Unresponsive LGU",,,[C] For Training/Others,B,16-068-12-000,Lingig,Surigao del Sur,Region XIII (Caraga),Municipality,2nd,R13,O
[2025-07] 05-016-02-000,2025-07,2025,[07] July,"Capalonga, Camarines Norte",[3] Ongoing Data Build-up,10%,x,,,[B] Developmental,B,05-016-02-000,Capalonga,Camarines Norte,Region V (Bicol Region),Municipality,3rd,R5,H
[2025-07] 05-016-05-000,2025-07,2025,[07] July,"Jose Panganiban, Camarines Norte",[3] Ongoing Data Build-up,10%,,,,[B] Developmental,B,05-016-05-000,Jose Panganiban,Camarines Norte,Region V (Bicol Region),Municipality,2nd,R5,H
[2025-07] 16-068-17-000,2025-07,2025,[07] July,"Tagbina, Surigao del Sur",[1] Operational,,,,,[A] Operational,A,16-068-17-000,Tagbina,Surigao del Sur,Region XIII (Caraga),Municipality,2nd,R13,O
[2025-07] 16-068-18-000,2025-07,2025,[07] July,"Tago, Surigao del Sur",[1] Operational,,,,,[A] Operational,B,16-068-18-000,Tago,Surigao del Sur,Region XIII (Caraga),Municipality,2nd,R13,O
[2025-07] 16-067-23-000,2025-07,2025,[07] July,"Socorro, Surigao del Norte",[1] Operational,,,,,[A] Operational,B,16-067-23-000,Socorro,Surigao del Norte,Region XIII (Caraga),Municipality,4th,R13,O
[2025-07] 16-067-25-000,2025-07,2025,[07] July,"Tagana-An, Surigao del Norte",[1] Operational,,,,,[A] Operational,A,16-067-25-000,Tagana-An,Surigao del Norte,Region XIII (Caraga),Municipality,5th*,R13,O
[2025-07] 16-067-27-000,2025-07,2025,[07] July,"Tubod, Surigao del Norte",[1] Operational,,,,,[A] Operational,A,16-067-27-000,Tubod,Surigao del Norte,Region XIII (Caraga),Municipality,5th,R13,O
[2025-07] 05-016-07-000,2025-07,2025,[07] July,"Mercedes, Camarines Norte",[3] Ongoing Data Build-up,80%,,,,[B] Developmental,B,05-016-07-000,Mercedes,Camarines Norte,Region V (Bicol Region),Municipality,2nd,R5,H
[2025-07] 12-047-04-000,2025-07,2025,[07] July,"City of Kidapawan, Cotabato",[1] Operational,,,,,[A] Operational,A,12-047-04-000,City of Kidapawan,Cotabato,Region XII (SOCCSKSARGEN),City,3rd,R12,Q
[2025-07] 12-047-03-000,2025-07,2025,[07] July,"Kabacan, Cotabato",[1] Operational,,,,,[A] Operational,A,12-047-03-000,Kabacan,Cotabato,Region XII (SOCCSKSARGEN),Municipality,1st,R12,Q
[2025-07] 12-065-06-000,2025-07,2025,[07] July,"Lebak, Sultan Kudarat",[7] To Follow-up,,Lack of Manpower,,,[C] For Training/Others,B,12-065-06-000,Lebak,Sultan Kudarat,Region XII (SOCCSKSARGEN),Municipality,1st,R12,Q
[2025-07] 05-016-12-000,2025-07,2025,[07] July,"Vinzons, Camarines Norte",[3] Ongoing Data Build-up,98%,,,,[B] Developmental,B,05-016-12-000,Vinzons,Camarines Norte,Region V (Bicol Region),Municipality,3rd,R5,H
[2025-07] 12-047-09-000,2025-07,2025,[07] July,"Midsayap, Cotabato",[1] Operational,,,,,[A] Operational,B,12-047-09-000,Midsayap,Cotabato,Region XII (SOCCSKSARGEN),Municipality,1st,R12,Q
[2025-07] 07-022-01-000,2025-07,2025,[07] July,"Alcantara, Cebu",[3] Ongoing Data Build-up,90%,,,,[B] Developmental,B,07-022-01-000,Alcantara,Cebu,Region VII (Central Visayas),Municipality,5th,R7,J
[2025-07] 12-047-12-000,2025-07,2025,[07] July,"Pikit, Cotabato",[1] Operational,,,,,[A] Operational,B,12-047-12-000,Pikit,Cotabato,Region XII (SOCCSKSARGEN),Municipality,1st,R12,Q
[2025-07] 07-046-01-000,2025-07,2025,[07] July,"Amlan, Negros Oriental",[3] Ongoing Data Build-up,25%,"For refresher Training;
to be scheduled next year",,,[B] Developmental,B,07-046-01-000,Amlan,Negros Oriental,Region VII (Central Visayas),Municipality,4th,R7,J
[2025-07] 07-313-00-000,2025-07,2025,[07] July,"City of Mandaue, Cebu",[3] Ongoing Data Build-up,25%,,,,[B] Developmental,A,07-313-00-000,City of Mandaue,Cebu,Region VII (Central Visayas),City,1st,R7,J
[2025-07] 07-022-05-000,2025-07,2025,[07] July,"Argao, Cebu",[1] Operational,,,,,[A] Operational,A,07-022-05-000,Argao,Cebu,Region VII (Central Visayas),Municipality,1st,R7,J
[2025-07] 07-022-08-000,2025-07,2025,[07] July,"Balamban, Cebu",[1] Operational,,,,,[A] Operational,A,07-022-08-000,Balamban,Cebu,Region VII (Central Visayas),Municipality,1st,R7,J
[2025-07] 07-046-05-000,2025-07,2025,[07] July,"Basay, Negros Oriental",[1] Operational,,,,,[A] Operational,B,07-046-05-000,Basay,Negros Oriental,Region VII (Central Visayas),Municipality,4th,R7,J
[2025-07] 07-012-09-000,2025-07,2025,[07] July,"Buenavista, Bohol",[1] Operational,,,,,[A] Operational,B,07-012-09-000,Buenavista,Bohol,Region VII (Central Visayas),Municipality,4th,R7,J
[2025-07] 07-012-11-000,2025-07,2025,[07] July,"Candijay, Bohol",[1] Operational,,,,,[A] Operational,B,07-012-11-000,Candijay,Bohol,Region VII (Central Visayas),Municipality,4th,R7,J
[2025-07] 07-046-08-000,2025-07,2025,[07] July,"City of Canlaon, Negros Oriental",[1] Operational,,,,,[A] Operational,B,07-046-08-000,City of Canlaon,Negros Oriental,Region VII (Central Visayas),City,4th,R7,J
[2025-07] 07-022-18-000,2025-07,2025,[07] July,"Compostela, Cebu",[3] Ongoing Data Build-up,75%,,,,[B] Developmental,B,07-022-18-000,Compostela,Cebu,Region VII (Central Visayas),Municipality,3rd,R7,J
[2025-07] 07-022-21-000,2025-07,2025,[07] July,"Daanbantayan, Cebu",[3] Ongoing Data Build-up,75%,,,,[B] Developmental,B,07-022-21-000,Daanbantayan,Cebu,Region VII (Central Visayas),Municipality,1st,R7,J
[2025-07] 07-022-42-000,2025-07,2025,[07] July,"San Francisco, Cebu",[2] Pilot Testing,100%,"Done Refresher Training last Septmber 17-19, 2024 for the new personnel in-charge | Waiting for actual transaction",,,[B] Developmental,B,07-022-42-000,San Francisco,Cebu,Region VII (Central Visayas),Municipality,3rd,R7,J
[2025-07] 07-012-18-000,2025-07,2025,[07] July,"Danao, Bohol",[1] Operational,,,,,[A] Operational,B,07-012-18-000,Danao,Bohol,Region VII (Central Visayas),Municipality,4th*,R7,J
[2025-07] 07-022-28-000,2025-07,2025,[07] July,"Madridejos, Cebu",[1] Operational,,,,,[A] Operational,B,07-022-28-000,Madridejos,Cebu,Region VII (Central Visayas),Municipality,4th,R7,J
[2025-07] 07-022-32-000,2025-07,2025,[07] July,"Minglanilla, Cebu",[7] To Follow-up,,"For Refresher Training;
to be scheduled next year",,,[C] For Training/Others,B,07-022-32-000,Minglanilla,Cebu,Region VII (Central Visayas),Municipality,1st,R7,J
[2025-07] 07-022-37-000,2025-07,2025,[07] July,"Pinamungajan, Cebu",[1] Operational,,,,,[A] Operational,A,07-022-37-000,Pinamungajan,Cebu,Region VII (Central Visayas),Municipality,2nd,R7,J
[2025-07] 07-022-40-000,2025-07,2025,[07] July,"Samboan, Cebu",[6] With Concerns,,Waiting for withdrawal letter,,,[C] For Training/Others,B,07-022-40-000,Samboan,Cebu,Region VII (Central Visayas),Municipality,5th,R7,J
[2025-07] 07-046-17-000,2025-07,2025,[07] July,"San Jose, Negros Oriental",[2] Pilot Testing,25%,"For Refresher Training;
to be scheduled next year",,,[B] Developmental,B,07-046-17-000,San Jose,Negros Oriental,Region VII (Central Visayas),Municipality,5th,R7,J
[2025-07] 08-037-01-000,2025-07,2025,[07] July,"Abuyog, Leyte",[2] Pilot Testing,80%,,"For deletion of test data, pending implementation","For deletion of test data, pending implementation",[B] Developmental,B,08-037-01-000,Abuyog,Leyte,Region VIII (Eastern Visayas),Municipality,1st*,R8,K
[2025-07] 07-012-44-000,2025-07,2025,[07] July,"Trinidad, Bohol",[1] Operational,,,,,[A] Operational,B,07-012-44-000,Trinidad,Bohol,Region VII (Central Visayas),Municipality,3rd,R7,J
[2025-07] 07-022-52-000,2025-07,2025,[07] July,"Tuburan, Cebu",[1] Operational,,,,,[A] Operational,A,07-022-52-000,Tuburan,Cebu,Region VII (Central Visayas),Municipality,2nd,R7,J
[2025-07] 07-022-53-000,2025-07,2025,[07] July,"Tudela, Cebu",[1] Operational,,,,,[A] Operational,A,07-022-53-000,Tudela,Cebu,Region VII (Central Visayas),Municipality,5th,R7,J
[2025-07] 19-087-13-000,2025-07,2025,[07] July,"Upi, Maguindanao del Norte",[1] Operational,,,,,[A] Operational,A,19-087-13-000,Upi,Maguindanao del Norte,Bangsamoro Autonomous Region In Muslim Mindanao (BARMM),Municipality,1st,BARMM II,R
[2025-07] 14-032-13-000,2025-07,2025,[07] July,"City of Tabuk, Kalinga",[1] Operational,,,,,[A] Operational,B,14-032-13-000,City of Tabuk,Kalinga,Cordillera Administrative Region (CAR),City,5th,CAR,B
[2025-07] 03-054-17-000,2025-07,2025,[07] July,"San Luis, Pampanga",[6] With Concerns,,"Still on process of familiarizing the whole system
for pilot testing 30%
Unresponsive LGU",for visitation,,[C] For Training/Others,B,03-054-17-000,San Luis,Pampanga,Region III (Central Luzon),Municipality,3rd,R3,E
[2025-07] 03-071-12-000,2025-07,2025,[07] July,"San Narciso, Zambales",[1] Operational,,,,,[A] Operational,A,03-071-12-000,San Narciso,Zambales,Region III (Central Luzon),Municipality,4th,R3,E
[2025-07] 03-069-15-000,2025-07,2025,[07] July,"Santa Ignacia, Tarlac",[1] Operational,,,,,[A] Operational,A,03-069-15-000,Santa Ignacia,Tarlac,Region III (Central Luzon),Municipality,2nd,R3,E
[2025-07] 08-060-07-000,2025-07,2025,[07] July,"Gandara, Samar",[2] Pilot Testing,95%,Internet Connectivity Issues - Unstable Connection,Forwarded follow letter to LGU regarding their implementation but no response.,Internet Connectivity Issues - Unstable ConnectionForwarded follow letter to LGU regarding their implementation but no response.,[B] Developmental,B,08-060-07-000,Gandara,Samar,Region VIII (Eastern Visayas),Municipality,2nd,R8,K