ID,,REPORTING PERIOD,,MONTHLY UTILIZATION STATUS,,,,,,,,LGU PROFILE,,,,,,,
REPORT,PERIOD,YEAR,MONTH,LGU FULL NAME,MONTHLY STATUS,PROGRESS RATE,CONCERNS,ACTION ITEMS,OTHER REMARKS,UNIVERSAL STATUS,MPAR,GEOCODE,C/M,PROVINCE,REGION,LEVEL,INCOME CLASS,DICT RO,SORT
REPORT ID,PERIOD ID,YEAR,MONTH,LGU NAME,STATUS,PROGRESS RATE,CONCERNS,ACTION ITEMS,OTHER REMARKS,USTATUS,MPAR,NEW GEOCODE,NAME,PROVINCE,REGION,LEVEL,INCOME CLASS,DICT RO,SORT
[2025-01] 07-022-02-000,2025-01,2025,[01] January,"Alcoy, Cebu",[2] Ongoing Testing and Data Build-up,,,,LGU is working out an ordinance for the Working Permit/Occupational Permit; will priortiize implementing the WP next year,[B] Developmental,B,07-022-02-000,Alcoy,Cebu,Region VII (Central Visayas),Municipality,5th,R7,J
[2025-01] 07-046-05-000,2025-01,2025,[01] January,"Basay, Negros Oriental",[1] Operational,,,,,[A] Operational,B,07-046-05-000,Basay,Negros Oriental,Region VII (Central Visayas),Municipality,4th,R7,J
[2025-01] 07-046-09-000,2025-01,2025,[01] January,"Dauin, Negros Oriental",[2] Ongoing Testing and Data Build-up,,,,On hold data build-up; WP still not in the LGU's ordinance yet. Still deciding if they will continue the WP,[B] Developmental,B,07-046-09-000,Dauin,Negros Oriental,Region VII (Central Visayas),Municipality,4th,R7,J
[2025-01] 07-061-01-000,2025-01,2025,[01] January,"Enrique Villanueva, Siquijor",[1] Operational,,,,LGU is working out an ordinance for the Working Permit/Occupational Permit; will priortiize implementing the WP next year,[A] Operational,B,07-061-01-000,Enrique Villanueva,Siquijor,Region VII (Central Visayas),Municipality,5th,R7,J
[2025-01] 07-046-14-000,2025-01,2025,[01] January,"Mabinay, Negros Oriental",[1] Operational,,,,,[A] Operational,B,07-046-14-000,Mabinay,Negros Oriental,Region VII (Central Visayas),Municipality,1st,R7,J
[2025-01] 07-022-28-000,2025-01,2025,[01] January,"Madridejos, Cebu",[2] Ongoing Testing and Data Build-up,,,,On hold data build-up; WP still not in the LGU's ordinance yet. Still deciding if they will continue the WP,[B] Developmental,B,07-022-28-000,Madridejos,Cebu,Region VII (Central Visayas),Municipality,4th,R7,J
[2025-01] 07-022-37-000,2025-01,2025,[01] January,"Pinamungajan, Cebu",[1] Operational,,,,LGU is working out an ordinance for the Working Permit/Occupational Permit; will priortiize implementing the WP next year,[A] Operational,B,07-022-37-000,Pinamungajan,Cebu,Region VII (Central Visayas),Municipality,2nd,R7,J
[2025-01] 07-022-42-000,2025-01,2025,[01] January,"San Francisco, Cebu",[2] Ongoing Testing and Data Build-up,,,,,[B] Developmental,B,07-022-42-000,San Francisco,Cebu,Region VII (Central Visayas),Municipality,3rd,R7,J
[2025-01] 07-046-20-000,2025-01,2025,[01] January,"Sibulan, Negros Oriental",[1] Operational,,,,On hold data build-up; WP still not in the LGU's ordinance yet. Still deciding if they will continue the WP,[A] Operational,B,07-046-20-000,Sibulan,Negros Oriental,Region VII (Central Visayas),Municipality,2nd,R7,J
[2025-01] 07-022-52-000,2025-01,2025,[01] January,"Tuburan, Cebu",[2] Ongoing Testing and Data Build-up,,,,LGU is working out an ordinance for the Working Permit/Occupational Permit; will priortiize implementing the WP next year,[B] Developmental,B,07-022-52-000,Tuburan,Cebu,Region VII (Central Visayas),Municipality,2nd,R7,J
[2025-01] 08-026-04-000,2025-01,2025,[01] January,"City of Borongan, Eastern Samar",[1] Operational,,,,,[A] Operational,A,08-026-04-000,City of Borongan,Eastern Samar,Region VIII (Eastern Visayas),City,1st (as Mun),R8,K
[2025-01] 08-037-41-000,2025-01,2025,[01] January,"Pastrana, Leyte",[1] Operational,,,,,[A] Operational,B,08-037-41-000,Pastrana,Leyte,Region VIII (Eastern Visayas),Municipality,5th*,R8,K
[2025-01] 11-024-01-000,2025-01,2025,[01] January,"Bansalan, Davao del Sur",[1] Operational,,,,,[A] Operational,B,11-024-01-000,Bansalan,Davao del Sur,Region XI (Davao Region),Municipality,1st,R11,P
[2025-01] 11-025-05-000,2025-01,2025,[01] January,"Cateel, Davao Oriental",[1] Operational,,,,,[A] Operational,B,11-025-05-000,Cateel,Davao Oriental,Region XI (Davao Region),Municipality,2nd,R11,P
[2025-01] 11-024-03-000,2025-01,2025,[01] January,"City of Digos, Davao del Sur",[1] Operational,,,,,[A] Operational,B,11-024-03-000,City of Digos,Davao del Sur,Region XI (Davao Region),City,2nd,R11,P
[2025-01] 11-082-02-000,2025-01,2025,[01] January,"Laak, Davao de Oro",[1] Operational,,,,,[A] Operational,B,11-082-02-000,Laak,Davao de Oro,Region XI (Davao Region),Municipality,1st,R11,P
[2025-01] 11-025-07-000,2025-01,2025,[01] January,"Lupon, Davao Oriental",[1] Operational,,,,,[A] Operational,A,11-025-07-000,Lupon,Davao Oriental,Region XI (Davao Region),Municipality,1st,R11,P
[2025-01] 11-025-08-000,2025-01,2025,[01] January,"Manay, Davao Oriental",[1] Operational,,,,,[A] Operational,A,11-025-08-000,Manay,Davao Oriental,Region XI (Davao Region),Municipality,2nd,R11,P
[2025-01] 11-082-06-000,2025-01,2025,[01] January,"Mawab, Davao de Oro",[1] Operational,,,,,[A] Operational,B,11-082-06-000,Mawab,Davao de Oro,Region XI (Davao Region),Municipality,3rd,R11,P
[2025-01] 11-082-10-000,2025-01,2025,[01] January,"New Bataan, Davao de Oro",[1] Operational,,,,,[A] Operational,B,11-082-10-000,New Bataan,Davao de Oro,Region XI (Davao Region),Municipality,1st,R11,P
[2025-01] 11-025-10-000,2025-01,2025,[01] January,"San Isidro, Davao Oriental",[1] Operational,,,,,[A] Operational,B,11-025-10-000,San Isidro,Davao Oriental,Region XI (Davao Region),Municipality,3rd,R11,P
[2025-01] 11-024-14-000,2025-01,2025,[01] January,"Sulop, Davao del Sur",[1] Operational,,,,,[A] Operational,B,11-024-14-000,Sulop,Davao del Sur,Region XI (Davao Region),Municipality,3rd,R11,P
[2025-01] 10-043-06-000,2025-01,2025,[01] January,"Claveria, Misamis Oriental",[1] Operational,,,,,[A] Operational,A,10-043-06-000,Claveria,Misamis Oriental,Region X (Northern Mindanao),Municipality,1st,R10,N
[2025-01] 10-043-11-000,2025-01,2025,[01] January,"Jasaan, Misamis Oriental",[3] With Concerns,,,,Waiting for PMT go signal,[A] Operational,B,10-043-11-000,Jasaan,Misamis Oriental,Region X (Northern Mindanao),Municipality,2nd,R10,N
[2025-01] 10-043-19-000,2025-01,2025,[01] January,"Medina, Misamis Oriental",[3] With Concerns,,,,Waiting for PMT go signal,[A] Operational,B,10-043-19-000,Medina,Misamis Oriental,Region X (Northern Mindanao),Municipality,4th,R10,N
[2025-01] 12-047-15-000,2025-01,2025,[01] January,"Antipas, Cotabato",[1] Operational,,,,,[A] Operational,B,12-047-15-000,Antipas,Cotabato,Region XII (SOCCSKSARGEN),Municipality,2nd,R12,Q
[2025-01] 12-047-03-000,2025-01,2025,[01] January,"Kabacan, Cotabato",[1] Operational,,,,,[A] Operational,A,12-047-03-000,Kabacan,Cotabato,Region XII (SOCCSKSARGEN),Municipality,1st,R12,Q
[2025-01] 12-047-08-000,2025-01,2025,[01] January,"Matalam, Cotabato",[1] Operational,,,,,[A] Operational,B,12-047-08-000,Matalam,Cotabato,Region XII (SOCCSKSARGEN),Municipality,1st,R12,Q
[2025-01] 12-047-05-000,2025-01,2025,[01] January,"Libungan, Cotabato",[1] Operational,,,,,[A] Operational,B,12-047-05-000,Libungan,Cotabato,Region XII (SOCCSKSARGEN),Municipality,2nd,R12,Q
[2025-01] 12-047-11-000,2025-01,2025,[01] January,"Pigkawayan, Cotabato",[1] Operational,,,,,[A] Operational,B,12-047-11-000,Pigkawayan,Cotabato,Region XII (SOCCSKSARGEN),Municipality,1st,R12,Q
[2025-01] 12-047-12-000,2025-01,2025,[01] January,"Pikit, Cotabato",[1] Operational,,,,,[A] Operational,B,12-047-12-000,Pikit,Cotabato,Region XII (SOCCSKSARGEN),Municipality,1st,R12,Q
[2025-01] 12-065-01-000,2025-01,2025,[01] January,"Bagumbayan, Sultan Kudarat",[1] Operational,,,,,[A] Operational,B,12-065-01-000,Bagumbayan,Sultan Kudarat,Region XII (SOCCSKSARGEN),Municipality,1st,R12,Q
[2025-01] 12-065-02-000,2025-01,2025,[01] January,"Columbio, Sultan Kudarat",[1] Operational,,,,,[A] Operational,B,12-065-02-000,Columbio,Sultan Kudarat,Region XII (SOCCSKSARGEN),Municipality,1st,R12,Q
[2025-01] 12-065-03-000,2025-01,2025,[01] January,"Esperanza, Sultan Kudarat",[1] Operational,,,,,[A] Operational,B,12-065-03-000,Esperanza,Sultan Kudarat,Region XII (SOCCSKSARGEN),Municipality,1st,R12,Q
[2025-01] 12-065-04-000,2025-01,2025,[01] January,"Isulan, Sultan Kudarat",[1] Operational,,,,,[A] Operational,B,12-065-04-000,Isulan,Sultan Kudarat,Region XII (SOCCSKSARGEN),Municipality,1st,R12,Q
[2025-01] 12-065-08-000,2025-01,2025,[01] January,"Lambayong, Sultan Kudarat",[1] Operational,,,,,[A] Operational,B,12-065-08-000,Lambayong,Sultan Kudarat,Region XII (SOCCSKSARGEN),Municipality,2nd,R12,Q
[2025-01] 16-002-07-000,2025-01,2025,[01] January,"Las Nieves, Agusan del Norte",[1] Operational,,,,,[A] Operational,B,16-002-07-000,Las Nieves,Agusan del Norte,Region XIII (Caraga),Municipality,2nd,R13,O
[2025-01] 16-003-08-000,2025-01,2025,[01] January,"San Francisco, Agusan del Sur",[1] Operational,,,,,[A] Operational,A,16-003-08-000,San Francisco,Agusan del Sur,Region XIII (Caraga),Municipality,1st,R13,O
[2025-01] 19-087-13-000,2025-01,2025,[01] January,"Upi, Maguindanao del Norte",[1] Operational,,,,,[A] Operational,B,19-087-13-000,Upi,Maguindanao del Norte,Bangsamoro Autonomous Region In Muslim Mindanao (BARMM),Municipality,1st,BARMM II,R
[2025-01] 19-087-09-000,2025-01,2025,[01] January,"Parang, Maguindanao del Norte",[1] Operational,,,,,[A] Operational,B,19-087-09-000,Parang,Maguindanao del Norte,Bangsamoro Autonomous Region In Muslim Mindanao (BARMM),Municipality,1st*,BARMM II,R
[2025-01] 14-081-06-000,2025-01,2025,[01] January,"Pudtol, Apayao",[1] Operational,,,,,[A] Operational,B,14-081-06-000,Pudtol,Apayao,Cordillera Administrative Region (CAR),Municipality,4th,CAR,B
[2025-01] 14-011-12-000,2025-01,2025,[01] January,"Sablan, Benguet",[1] Operational,,,,,[A] Operational,A,14-011-12-000,Sablan,Benguet,Cordillera Administrative Region (CAR),Municipality,5th,CAR,B
[2025-01] 14-011-13-000,2025-01,2025,[01] January,"Tuba, Benguet",[1] Operational,,,,,[A] Operational,B,14-011-13-000,Tuba,Benguet,Cordillera Administrative Region (CAR),Municipality,1st,CAR,B
[2025-01] 14-011-14-000,2025-01,2025,[01] January,"Tublay, Benguet",[1] Operational,,,,,[A] Operational,B,14-011-14-000,Tublay,Benguet,Cordillera Administrative Region (CAR),Municipality,5th,CAR,B
[2025-01] 14-011-11-000,2025-01,2025,[01] January,"Mankayan, Benguet",[1] Operational,,,,,[A] Operational,B,14-011-11-000,Mankayan,Benguet,Cordillera Administrative Region (CAR),Municipality,1st,CAR,B
[2025-01] 14-027-02-000,2025-01,2025,[01] January,"Hungduan, Ifugao",[1] Operational,,,,,[A] Operational,B,14-027-02-000,Hungduan,Ifugao,Cordillera Administrative Region (CAR),Municipality,4th,CAR,B
[2025-01] 14-027-05-000,2025-01,2025,[01] January,"Lamut, Ifugao",[1] Operational,,,,,[A] Operational,B,14-027-05-000,Lamut,Ifugao,Cordillera Administrative Region (CAR),Municipality,4th,CAR,B
[2025-01] 14-032-13-000,2025-01,2025,[01] January,"City of Tabuk, Kalinga",[1] Operational,,,,,[A] Operational,A,14-032-13-000,City of Tabuk,Kalinga,Cordillera Administrative Region (CAR),City,5th,CAR,B
[2025-01] 14-044-02-000,2025-01,2025,[01] January,"Bauko, Mountain Province",[1] Operational,,,,,[A] Operational,B,14-044-02-000,Bauko,Mountain Province,Cordillera Administrative Region (CAR),Municipality,4th,CAR,B
[2025-01] 14-044-04-000,2025-01,2025,[01] January,"Bontoc, Mountain Province",[1] Operational,,,,,[A] Operational,A,14-044-04-000,Bontoc,Mountain Province,Cordillera Administrative Region (CAR),Municipality,2nd,CAR,B
[2025-01] 01-029-07-000,2025-01,2025,[01] January,"Caoayan, Ilocos Sur",[1] Operational,,,,,[A] Operational,B,01-029-07-000,Caoayan,Ilocos Sur,Region I (Ilocos Region),Municipality,4th,R1,C
[2025-01] 01-028-12-000,2025-01,2025,[01] January,"City of Laoag, Ilocos Norte",[1] Operational,,,,,[A] Operational,B,01-028-12-000,City of Laoag,Ilocos Norte,Region I (Ilocos Region),City,3rd,R1,C
[2025-01] 01-055-41-000,2025-01,2025,[01] January,"Sison, Pangasinan",[1] Operational,,,,,[A] Operational,B,01-055-41-000,Sison,Pangasinan,Region I (Ilocos Region),Municipality,3rd,R1,C
[2025-01] 02-031-06-000,2025-01,2025,[01] January,"Cabagan, Isabela",[1] Operational,,,,,[A] Operational,B,02-031-06-000,Cabagan,Isabela,Region II (Cagayan Valley),Municipality,1st,R2,D
[2025-01] 02-031-14-000,2025-01,2025,[01] January,"City of Ilagan, Isabela",[1] Operational,,,,,[A] Operational,A,02-031-14-000,City of Ilagan,Isabela,Region II (Cagayan Valley),City,1st (as Mun),R2,D
[2025-01] 02-015-22-000,2025-01,2025,[01] January,"Sanchez-Mira, Cagayan",[1] Operational,,,,,[A] Operational,B,02-015-22-000,Sanchez-Mira,Cagayan,Region II (Cagayan Valley),Municipality,3rd,R2,D
[2025-01] 03-054-03-000,2025-01,2025,[01] January,"Arayat, Pampanga",[1] Operational,,,,,[A] Operational,A,03-054-03-000,Arayat,Pampanga,Region III (Central Luzon),Municipality,1st,R3,E
[2025-01] 03-077-01-000,2025-01,2025,[01] January,"Baler, Aurora",[1] Operational,,,,,[A] Operational,A,03-077-01-000,Baler,Aurora,Region III (Central Luzon),Municipality,3rd,R3,E
[2025-01] 03-077-02-000,2025-01,2025,[01] January,"Casiguran, Aurora",[2] Ongoing Testing and Data Build-up,90%,,,,[B] Developmental,B,03-077-02-000,Casiguran,Aurora,Region III (Central Luzon),Municipality,2nd,R3,E
[2025-01] 03-314-00-000,2025-01,2025,[01] January,"City of Olongapo, Zambales",[3] With Concerns,80%,,intended to withdraw,,[A] Operational,B,03-314-00-000,City of Olongapo,Zambales,Region III (Central Luzon),City,1st,R3,E
[2025-01] 03-014-20-000,2025-01,2025,[01] January,"City of San Jose Del Monte, Bulacan",[1] Operational,,,,,[A] Operational,B,03-014-20-000,City of San Jose Del Monte,Bulacan,Region III (Central Luzon),City,1st,R3,E
[2025-01] 03-054-10-000,2025-01,2025,[01] January,"Macabebe, Pampanga",[2] Ongoing Testing and Data Build-up,99%,,,,[B] Developmental,A,03-054-10-000,Macabebe,Pampanga,Region III (Central Luzon),Municipality,1st,R3,E
[2025-01] 03-054-11-000,2025-01,2025,[01] January,"Magalang, Pampanga",[2] Ongoing Testing and Data Build-up,87%,,,,[B] Developmental,B,03-054-11-000,Magalang,Pampanga,Region III (Central Luzon),Municipality,1st,R3,E
[2025-01] 03-049-23-000,2025-01,2025,[01] January,"Rizal, Nueva Ecija",[1] Operational,,,,,[A] Operational,A,03-049-23-000,Rizal,Nueva Ecija,Region III (Central Luzon),Municipality,2nd,R3,E
[2025-01] 03-054-17-000,2025-01,2025,[01] January,"San Luis, Pampanga",[1] Operational,,,,,[A] Operational,A,03-054-17-000,San Luis,Pampanga,Region III (Central Luzon),Municipality,3rd,R3,E
[2025-01] 03-049-29-000,2025-01,2025,[01] January,"Santo Domingo, Nueva Ecija",[1] Operational,,,,,[A] Operational,A,03-049-29-000,Santo Domingo,Nueva Ecija,Region III (Central Luzon),Municipality,3rd,R3,E
[2025-01] 03-049-31-000,2025-01,2025,[01] January,"Talugtug, Nueva Ecija",[2] Ongoing Testing and Data Build-up,100%,,,,[B] Developmental,A,03-049-31-000,Talugtug,Nueva Ecija,Region III (Central Luzon),Municipality,4th,R3,E
[2025-01] 04-056-02-000,2025-01,2025,[01] January,"Alabat, Quezon",[1] Operational,,,,,[A] Operational,A,04-056-02-000,Alabat,Quezon,Region IV-A (CALABARZON),Municipality,5th,R4A,F
[2025-01] 04-021-02-000,2025-01,2025,[01] January,"Amadeo, Cavite",[1] Operational,,,,,[A] Operational,B,04-021-02-000,Amadeo,Cavite,Region IV-A (CALABARZON),Municipality,4th,R4A,F
[2025-01] 04-010-03-000,2025-01,2025,[01] January,"Balayan, Batangas",[1] Operational,,,,,[A] Operational,B,04-010-03-000,Balayan,Batangas,Region IV-A (CALABARZON),Municipality,1st,R4A,F
[2025-01] 04-058-06-000,2025-01,2025,[01] January,"Cardona, Rizal",[1] Operational,,,,,[A] Operational,B,04-058-06-000,Cardona,Rizal,Region IV-A (CALABARZON),Municipality,3rd,R4A,F
[2025-01] 04-034-08-000,2025-01,2025,[01] January,"Famy, Laguna",[1] Operational,,,,Operational but not utilized,[A] Operational,B,04-034-08-000,Famy,Laguna,Region IV-A (CALABARZON),Municipality,5th,R4A,F
[2025-01] 04-021-07-000,2025-01,2025,[01] January,"General Emilio Aguinaldo, Cavite",[2] Ongoing Testing and Data Build-up,93%,,,,[B] Developmental,B,04-021-07-000,General Emilio Aguinaldo,Cavite,Region IV-A (CALABARZON),Municipality,5th,R4A,F
[2025-01] 04-056-16-000,2025-01,2025,[01] January,"General Luna, Quezon",[1] Operational,,,,,[A] Operational,A,04-056-16-000,General Luna,Quezon,Region IV-A (CALABARZON),Municipality,4th,R4A,F
[2025-01] 04-056-17-000,2025-01,2025,[01] January,"General Nakar, Quezon",[1] Operational,,,,,[A] Operational,B,04-056-17-000,General Nakar,Quezon,Region IV-A (CALABARZON),Municipality,1st,R4A,F
[2025-01] 04-056-19-000,2025-01,2025,[01] January,"Gumaca, Quezon",[1] Operational,,,,Operational but not utilized,[A] Operational,B,04-056-19-000,Gumaca,Quezon,Region IV-A (CALABARZON),Municipality,1st,R4A,F
[2025-01] 04-056-20-000,2025-01,2025,[01] January,"Infanta, Quezon",[1] Operational,,,,,[A] Operational,B,04-056-20-000,Infanta,Quezon,Region IV-A (CALABARZON),Municipality,1st,R4A,F
[2025-01] 04-010-15-000,2025-01,2025,[01] January,"Lobo, Batangas",[1] Operational,,,,,[A] Operational,B,04-010-15-000,Lobo,Batangas,Region IV-A (CALABARZON),Municipality,3rd,R4A,F
[2025-01] 04-021-12-000,2025-01,2025,[01] January,"Magallanes, Cavite",[2] Ongoing Testing and Data Build-up,94%,,,,[B] Developmental,B,04-021-12-000,Magallanes,Cavite,Region IV-A (CALABARZON),Municipality,4th,R4A,F
[2025-01] 04-034-18-000,2025-01,2025,[01] January,"Paete, Laguna",[1] Operational,,,,,[A] Operational,A,04-034-18-000,Paete,Laguna,Region IV-A (CALABARZON),Municipality,4th,R4A,F
[2025-01] 04-056-34-000,2025-01,2025,[01] January,"Pitogo, Quezon",[2] Ongoing Testing and Data Build-up,94%,,,,[B] Developmental,B,04-056-34-000,Pitogo,Quezon,Region IV-A (CALABARZON),Municipality,4th,R4A,F
[2025-01] 04-056-36-000,2025-01,2025,[01] January,"Polillo, Quezon",[1] Operational,,,,,[A] Operational,B,04-056-36-000,Polillo,Quezon,Region IV-A (CALABARZON),Municipality,3rd,R4A,F
[2025-01] 04-056-37-000,2025-01,2025,[01] January,"Quezon, Quezon",[2] Ongoing Testing and Data Build-up,94%,,,,[B] Developmental,B,04-056-37-000,Quezon,Quezon,Region IV-A (CALABARZON),Municipality,5th,R4A,F
[2025-01] 04-021-17-000,2025-01,2025,[01] January,"Rosario, Cavite",[1] Operational,,,,,[A] Operational,B,04-021-17-000,Rosario,Cavite,Region IV-A (CALABARZON),Municipality,1st,R4A,F
[2025-01] 04-056-39-000,2025-01,2025,[01] January,"Sampaloc, Quezon",[1] Operational,,,,,[A] Operational,B,04-056-39-000,Sampaloc,Quezon,Region IV-A (CALABARZON),Municipality,5th,R4A,F
[2025-01] 04-010-24-000,2025-01,2025,[01] January,"San Luis, Batangas",[1] Operational,,,,,[A] Operational,B,04-010-24-000,San Luis,Batangas,Region IV-A (CALABARZON),Municipality,4th,R4A,F
[2025-01] 04-010-25-000,2025-01,2025,[01] January,"San Nicolas, Batangas",[1] Operational,,,,,[A] Operational,B,04-010-25-000,San Nicolas,Batangas,Region IV-A (CALABARZON),Municipality,5th,R4A,F
[2025-01] 04-034-29-000,2025-01,2025,[01] January,"Siniloan, Laguna",[1] Operational,,,,,[A] Operational,B,04-034-29-000,Siniloan,Laguna,Region IV-A (CALABARZON),Municipality,2nd,R4A,F
[2025-01] 04-058-12-000,2025-01,2025,[01] January,"Tanay, Rizal",[1] Operational,,,,,[A] Operational,B,04-058-12-000,Tanay,Rizal,Region IV-A (CALABARZON),Municipality,1st,R4A,F
[2025-01] 04-010-34-000,2025-01,2025,[01] January,"Tuy, Batangas",[1] Operational,,,,,[A] Operational,B,04-010-34-000,Tuy,Batangas,Region IV-A (CALABARZON),Municipality,3rd,R4A,F
[2025-01] 17-053-01-000,2025-01,2025,[01] January,"Aborlan, Palawan",[3] With Concerns,,"WP integrated on the system, waiting to complete the LRC to fully adopt and Implement the system",,"WP integrated on the system, waiting to complete the LRC to fully adpot and Integrate the system",[A] Operational,B,17-053-01-000,Aborlan,Palawan,MIMAROPA Region,Municipality,1st,R4B,G
[2025-01] 17-052-01-000,2025-01,2025,[01] January,"Baco, Oriental Mindoro",[1] Operational,,,,,[A] Operational,B,17-052-01-000,Baco,Oriental Mindoro,MIMAROPA Region,Municipality,3rd,R4B,G
[2025-01] 17-052-02-000,2025-01,2025,[01] January,"Bansud, Oriental Mindoro",[1] Operational,,,,,[A] Operational,B,17-052-02-000,Bansud,Oriental Mindoro,MIMAROPA Region,Municipality,2nd,R4B,G
[2025-01] 17-052-03-000,2025-01,2025,[01] January,"Bongabong, Oriental Mindoro",[3] With Concerns,,"WP integrated on the system, for training and WP setup",,"WP integrated on the system, for training and WP setup",[A] Operational,B,17-052-03-000,Bongabong,Oriental Mindoro,MIMAROPA Region,Municipality,1st,R4B,G
[2025-01] 17-052-04-000,2025-01,2025,[01] January,"Bulalacao, Oriental Mindoro",[1] Operational,,,,,[A] Operational,B,17-052-04-000,Bulalacao,Oriental Mindoro,MIMAROPA Region,Municipality,3rd,R4B,G
[2025-01] 17-053-09-000,2025-01,2025,[01] January,"Coron, Palawan",[1] Operational,,,,,[A] Operational,A,17-053-09-000,Coron,Palawan,MIMAROPA Region,Municipality,1st,R4B,G
[2025-01] 17-053-22-000,2025-01,2025,[01] January,"Culion, Palawan",[3] With Concerns,,"WP integrated on the system, waiting to complete the updated LRC to fully adpot and Integrate the system",,"WP integrated on the system, waiting to complete the updated LRC to fully adpot and Integrate the system",[A] Operational,B,17-053-22-000,Culion,Palawan,MIMAROPA Region,Municipality,3rd,R4B,G
[2025-01] 17-053-12-000,2025-01,2025,[01] January,"El Nido, Palawan",[1] Operational,,,,,[A] Operational,A,17-053-12-000,El Nido,Palawan,MIMAROPA Region,Municipality,1st,R4B,G
[2025-01] 17-059-16-000,2025-01,2025,[01] January,"Ferrol, Romblon",[1] Operational,,,,,[A] Operational,B,17-059-16-000,Ferrol,Romblon,MIMAROPA Region,Municipality,6th,R4B,G
[2025-01] 17-052-06-000,2025-01,2025,[01] January,"Gloria, Oriental Mindoro",[1] Operational,,,,,[A] Operational,B,17-052-06-000,Gloria,Oriental Mindoro,MIMAROPA Region,Municipality,3rd,R4B,G
[2025-01] 17-051-03-000,2025-01,2025,[01] January,"Looc, Occidental Mindoro",[1] Operational,,,,,[A] Operational,B,17-051-03-000,Looc,Occidental Mindoro,MIMAROPA Region,Municipality,5th,R4B,G
[2025-01] 17-059-07-000,2025-01,2025,[01] January,"Looc, Romblon",[1] Operational,,,,,[A] Operational,B,17-059-07-000,Looc,Romblon,MIMAROPA Region,Municipality,4th,R4B,G
[2025-01] 17-052-08-000,2025-01,2025,[01] January,"Naujan, Oriental Mindoro",[1] Operational,,,,,[A] Operational,B,17-052-08-000,Naujan,Oriental Mindoro,MIMAROPA Region,Municipality,1st,R4B,G
[2025-01] 17-052-09-000,2025-01,2025,[01] January,"Pinamalayan, Oriental Mindoro",[1] Operational,,,,,[A] Operational,A,17-052-09-000,Pinamalayan,Oriental Mindoro,MIMAROPA Region,Municipality,1st,R4B,G
[2025-01] 17-051-10-000,2025-01,2025,[01] January,"San Jose, Occidental Mindoro",[1] Operational,,,,,[A] Operational,B,17-051-10-000,San Jose,Occidental Mindoro,MIMAROPA Region,Municipality,1st,R4B,G
[2025-01] 17-052-13-000,2025-01,2025,[01] January,"San Teodoro, Oriental Mindoro",[1] Operational,,,,,[A] Operational,A,17-052-13-000,San Teodoro,Oriental Mindoro,MIMAROPA Region,Municipality,4th,R4B,G
[2025-01] 17-053-19-000,2025-01,2025,[01] January,"San Vicente, Palawan",[1] Operational,,,,,[A] Operational,B,17-053-19-000,San Vicente,Palawan,MIMAROPA Region,Municipality,1st,R4B,G
[2025-01] 17-053-17-000,2025-01,2025,[01] January,"Quezon, Palawan",[3] With Concerns,,"WP integrated on the system, waiting to complete the updated LRC to fully adpot and Integrate the system",,"WP integrated on the system, waiting to complete the updated LRC to fully adpot and Integrate the system",[A] Operational,B,17-053-17-000,Quezon,Palawan,MIMAROPA Region,Municipality,1st,R4B,G
[2025-01] 17-053-23-000,2025-01,2025,[01] January,"Rizal, Palawan",[3] With Concerns,,"WP integrated on the system, waiting to complete the updated LRC to fully adpot and Integrate the system",,"WP integrated on the system, waiting to complete the updated LRC to fully adpot and Integrate the system",[A] Operational,B,17-053-23-000,Rizal,Palawan,MIMAROPA Region,Municipality,1st,R4B,G
[2025-01] 06-006-02-000,2025-01,2025,[01] January,"Barbaza, Antique",[1] Operational,,,,,[A] Operational,B,06-006-02-000,Barbaza,Antique,Region VI (Western Visayas),Municipality,4th,R6,I
[2025-01] 06-030-12-000,2025-01,2025,[01] January,"Cabatuan, Iloilo",[1] Operational,,,,,[A] Operational,B,06-030-12-000,Cabatuan,Iloilo,Region VI (Western Visayas),Municipality,2nd,R6,I
[2025-01] 06-045-10-000,2025-01,2025,[01] January,"City of Himamaylan, Negros Occidental",[1] Operational,,,,,[A] Operational,B,06-045-10-000,City of Himamaylan,Negros Occidental,Region VI (Western Visayas),City,3rd,R6,I
[2025-01] 06-006-09-000,2025-01,2025,[01] January,"Laua-An, Antique",[1] Operational,,,,,[A] Operational,B,06-006-09-000,Laua-An,Antique,Region VI (Western Visayas),Municipality,4th,R6,I
[2025-01] 06-004-12-000,2025-01,2025,[01] January,"Malay, Aklan",[1] Operational,,,,,[A] Operational,B,06-004-12-000,Malay,Aklan,Region VI (Western Visayas),Municipality,1st,R6,I
[2025-01] 06-030-40-000,2025-01,2025,[01] January,"San Joaquin, Iloilo",[1] Operational,,,,,[A] Operational,B,06-030-40-000,San Joaquin,Iloilo,Region VI (Western Visayas),Municipality,2nd,R6,I
[2025-01] 06-030-41-000,2025-01,2025,[01] January,"San Miguel, Iloilo",[1] Operational,,,,,[A] Operational,B,06-030-41-000,San Miguel,Iloilo,Region VI (Western Visayas),Municipality,4th,R6,I
[2025-01] 06-006-16-000,2025-01,2025,[01] January,"Sibalom, Antique",[1] Operational,,,,,[A] Operational,B,06-006-16-000,Sibalom,Antique,Region VI (Western Visayas),Municipality,2nd,R6,I
[2025-01] 06-004-17-000,2025-01,2025,[01] January,"Tangalan, Aklan",[1] Operational,,,,,[A] Operational,A,06-004-17-000,Tangalan,Aklan,Region VI (Western Visayas),Municipality,5th,R6,I
[2025-02] 10-043-06-000,2025-02,2025,[02] February,"Claveria, Misamis Oriental",[1] Operational,,,,,[A] Operational,A,10-043-06-000,Claveria,Misamis Oriental,Region X (Northern Mindanao),Municipality,1st,R10,N
[2025-02] 10-043-11-000,2025-02,2025,[02] February,"Jasaan, Misamis Oriental",[3] With Concerns,,,,Waiting for PMT go signal,[A] Operational,B,10-043-11-000,Jasaan,Misamis Oriental,Region X (Northern Mindanao),Municipality,2nd,R10,N
[2025-02] 10-043-19-000,2025-02,2025,[02] February,"Medina, Misamis Oriental",[3] With Concerns,,,,Waiting for PMT go signal,[A] Operational,B,10-043-19-000,Medina,Misamis Oriental,Region X (Northern Mindanao),Municipality,4th,R10,N
[2025-02] 12-047-15-000,2025-02,2025,[02] February,"Antipas, Cotabato",[1] Operational,,,,,[A] Operational,B,12-047-15-000,Antipas,Cotabato,Region XII (SOCCSKSARGEN),Municipality,2nd,R12,Q
[2025-02] 12-047-03-000,2025-02,2025,[02] February,"Kabacan, Cotabato",[1] Operational,,,,,[A] Operational,A,12-047-03-000,Kabacan,Cotabato,Region XII (SOCCSKSARGEN),Municipality,1st,R12,Q
[2025-02] 12-047-08-000,2025-02,2025,[02] February,"Matalam, Cotabato",[1] Operational,,,,,[A] Operational,B,12-047-08-000,Matalam,Cotabato,Region XII (SOCCSKSARGEN),Municipality,1st,R12,Q
[2025-02] 12-047-05-000,2025-02,2025,[02] February,"Libungan, Cotabato",[1] Operational,,,,,[A] Operational,B,12-047-05-000,Libungan,Cotabato,Region XII (SOCCSKSARGEN),Municipality,2nd,R12,Q
[2025-02] 12-047-11-000,2025-02,2025,[02] February,"Pigkawayan, Cotabato",[1] Operational,,,,,[A] Operational,B,12-047-11-000,Pigkawayan,Cotabato,Region XII (SOCCSKSARGEN),Municipality,1st,R12,Q
[2025-02] 12-047-12-000,2025-02,2025,[02] February,"Pikit, Cotabato",[1] Operational,,,,,[A] Operational,B,12-047-12-000,Pikit,Cotabato,Region XII (SOCCSKSARGEN),Municipality,1st,R12,Q
[2025-02] 12-065-01-000,2025-02,2025,[02] February,"Bagumbayan, Sultan Kudarat",[1] Operational,,,,,[A] Operational,B,12-065-01-000,Bagumbayan,Sultan Kudarat,Region XII (SOCCSKSARGEN),Municipality,1st,R12,Q
[2025-02] 12-065-02-000,2025-02,2025,[02] February,"Columbio, Sultan Kudarat",[1] Operational,,,,,[A] Operational,B,12-065-02-000,Columbio,Sultan Kudarat,Region XII (SOCCSKSARGEN),Municipality,1st,R12,Q
[2025-02] 12-065-03-000,2025-02,2025,[02] February,"Esperanza, Sultan Kudarat",[1] Operational,,,,,[A] Operational,B,12-065-03-000,Esperanza,Sultan Kudarat,Region XII (SOCCSKSARGEN),Municipality,1st,R12,Q
[2025-02] 12-065-04-000,2025-02,2025,[02] February,"Isulan, Sultan Kudarat",[1] Operational,,,,,[A] Operational,B,12-065-04-000,Isulan,Sultan Kudarat,Region XII (SOCCSKSARGEN),Municipality,1st,R12,Q
[2025-02] 12-065-08-000,2025-02,2025,[02] February,"Lambayong, Sultan Kudarat",[1] Operational,,,,,[A] Operational,B,12-065-08-000,Lambayong,Sultan Kudarat,Region XII (SOCCSKSARGEN),Municipality,2nd,R12,Q
[2025-02] 19-087-13-000,2025-02,2025,[02] February,"Upi, Maguindanao del Norte",[1] Operational,,,,,[A] Operational,B,19-087-13-000,Upi,Maguindanao del Norte,Bangsamoro Autonomous Region In Muslim Mindanao (BARMM),Municipality,1st,BARMM II,R
[2025-02] 19-087-09-000,2025-02,2025,[02] February,"Parang, Maguindanao del Norte",[1] Operational,,,,,[A] Operational,B,19-087-09-000,Parang,Maguindanao del Norte,Bangsamoro Autonomous Region In Muslim Mindanao (BARMM),Municipality,1st*,BARMM II,R
[2025-02] 01-029-07-000,2025-02,2025,[02] February,"Caoayan, Ilocos Sur",[1] Operational,,,,,[A] Operational,B,01-029-07-000,Caoayan,Ilocos Sur,Region I (Ilocos Region),Municipality,4th,R1,C
[2025-02] 01-028-12-000,2025-02,2025,[02] February,"City of Laoag, Ilocos Norte",[1] Operational,,,,,[A] Operational,B,01-028-12-000,City of Laoag,Ilocos Norte,Region I (Ilocos Region),City,3rd,R1,C
[2025-02] 01-055-41-000,2025-02,2025,[02] February,"Sison, Pangasinan",[1] Operational,,,,,[A] Operational,B,01-055-41-000,Sison,Pangasinan,Region I (Ilocos Region),Municipality,3rd,R1,C
[2025-02] 02-031-06-000,2025-02,2025,[02] February,"Cabagan, Isabela",[1] Operational,,,,,[A] Operational,B,02-031-06-000,Cabagan,Isabela,Region II (Cagayan Valley),Municipality,1st,R2,D
[2025-02] 02-031-14-000,2025-02,2025,[02] February,"City of Ilagan, Isabela",[1] Operational,,,,,[A] Operational,A,02-031-14-000,City of Ilagan,Isabela,Region II (Cagayan Valley),City,1st (as Mun),R2,D
[2025-02] 02-015-22-000,2025-02,2025,[02] February,"Sanchez-Mira, Cagayan",[1] Operational,,,,,[A] Operational,B,02-015-22-000,Sanchez-Mira,Cagayan,Region II (Cagayan Valley),Municipality,3rd,R2,D
[2025-02] 03-054-03-000,2025-02,2025,[02] February,"Arayat, Pampanga",[1] Operational,,,,,[A] Operational,A,03-054-03-000,Arayat,Pampanga,Region III (Central Luzon),Municipality,1st,R3,E
[2025-02] 03-077-01-000,2025-02,2025,[02] February,"Baler, Aurora",[1] Operational,,,,,[A] Operational,A,03-077-01-000,Baler,Aurora,Region III (Central Luzon),Municipality,3rd,R3,E
[2025-02] 03-077-02-000,2025-02,2025,[02] February,"Casiguran, Aurora",[2] Ongoing Testing and Data Build-up,92%,,,,[B] Developmental,B,03-077-02-000,Casiguran,Aurora,Region III (Central Luzon),Municipality,2nd,R3,E
[2025-02] 03-314-00-000,2025-02,2025,[02] February,"City of Olongapo, Zambales",[3] With Concerns,80%,,intended to withdraw,,[A] Operational,B,03-314-00-000,City of Olongapo,Zambales,Region III (Central Luzon),City,1st,R3,E
[2025-02] 03-014-20-000,2025-02,2025,[02] February,"City of San Jose Del Monte, Bulacan",[1] Operational,,,,,[A] Operational,B,03-014-20-000,City of San Jose Del Monte,Bulacan,Region III (Central Luzon),City,1st,R3,E
[2025-02] 03-054-10-000,2025-02,2025,[02] February,"Macabebe, Pampanga",[2] Ongoing Testing and Data Build-up,99%,,,,[B] Developmental,A,03-054-10-000,Macabebe,Pampanga,Region III (Central Luzon),Municipality,1st,R3,E
[2025-02] 03-054-11-000,2025-02,2025,[02] February,"Magalang, Pampanga",[2] Ongoing Testing and Data Build-up,87%,,,,[B] Developmental,B,03-054-11-000,Magalang,Pampanga,Region III (Central Luzon),Municipality,1st,R3,E
[2025-02] 03-049-23-000,2025-02,2025,[02] February,"Rizal, Nueva Ecija",[1] Operational,,,,,[A] Operational,A,03-049-23-000,Rizal,Nueva Ecija,Region III (Central Luzon),Municipality,2nd,R3,E
[2025-02] 03-054-17-000,2025-02,2025,[02] February,"San Luis, Pampanga",[1] Operational,,,,,[A] Operational,A,03-054-17-000,San Luis,Pampanga,Region III (Central Luzon),Municipality,3rd,R3,E
[2025-02] 03-049-29-000,2025-02,2025,[02] February,"Santo Domingo, Nueva Ecija",[1] Operational,,,,,[A] Operational,A,03-049-29-000,Santo Domingo,Nueva Ecija,Region III (Central Luzon),Municipality,3rd,R3,E
[2025-02] 03-049-31-000,2025-02,2025,[02] February,"Talugtug, Nueva Ecija",[2] Ongoing Testing and Data Build-up,100%,,,,[B] Developmental,A,03-049-31-000,Talugtug,Nueva Ecija,Region III (Central Luzon),Municipality,4th,R3,E
[2025-02] 04-056-02-000,2025-02,2025,[02] February,"Alabat, Quezon",[1] Operational,,,,,[A] Operational,A,04-056-02-000,Alabat,Quezon,Region IV-A (CALABARZON),Municipality,5th,R4A,F
[2025-02] 04-021-02-000,2025-02,2025,[02] February,"Amadeo, Cavite",[1] Operational,,,,,[A] Operational,B,04-021-02-000,Amadeo,Cavite,Region IV-A (CALABARZON),Municipality,4th,R4A,F
[2025-02] 04-010-03-000,2025-02,2025,[02] February,"Balayan, Batangas",[1] Operational,,,,,[A] Operational,B,04-010-03-000,Balayan,Batangas,Region IV-A (CALABARZON),Municipality,1st,R4A,F
[2025-02] 04-058-06-000,2025-02,2025,[02] February,"Cardona, Rizal",[1] Operational,,,,,[A] Operational,B,04-058-06-000,Cardona,Rizal,Region IV-A (CALABARZON),Municipality,3rd,R4A,F
[2025-02] 04-034-08-000,2025-02,2025,[02] February,"Famy, Laguna",[1] Operational,,,,Operational but not utilized,[A] Operational,B,04-034-08-000,Famy,Laguna,Region IV-A (CALABARZON),Municipality,5th,R4A,F
[2025-02] 04-021-07-000,2025-02,2025,[02] February,"General Emilio Aguinaldo, Cavite",[2] Ongoing Testing and Data Build-up,94%,,,,[B] Developmental,B,04-021-07-000,General Emilio Aguinaldo,Cavite,Region IV-A (CALABARZON),Municipality,5th,R4A,F
[2025-02] 04-056-16-000,2025-02,2025,[02] February,"General Luna, Quezon",[1] Operational,,,,,[A] Operational,A,04-056-16-000,General Luna,Quezon,Region IV-A (CALABARZON),Municipality,4th,R4A,F
[2025-02] 04-056-17-000,2025-02,2025,[02] February,"General Nakar, Quezon",[1] Operational,,,,,[A] Operational,B,04-056-17-000,General Nakar,Quezon,Region IV-A (CALABARZON),Municipality,1st,R4A,F
[2025-02] 04-056-19-000,2025-02,2025,[02] February,"Gumaca, Quezon",[1] Operational,,,,Operational but not utilized,[A] Operational,B,04-056-19-000,Gumaca,Quezon,Region IV-A (CALABARZON),Municipality,1st,R4A,F
[2025-02] 04-056-20-000,2025-02,2025,[02] February,"Infanta, Quezon",[1] Operational,,,,,[A] Operational,B,04-056-20-000,Infanta,Quezon,Region IV-A (CALABARZON),Municipality,1st,R4A,F
[2025-02] 04-010-15-000,2025-02,2025,[02] February,"Lobo, Batangas",[1] Operational,,,,,[A] Operational,B,04-010-15-000,Lobo,Batangas,Region IV-A (CALABARZON),Municipality,3rd,R4A,F
[2025-02] 04-021-12-000,2025-02,2025,[02] February,"Magallanes, Cavite",[2] Ongoing Testing and Data Build-up,94%,,,,[B] Developmental,B,04-021-12-000,Magallanes,Cavite,Region IV-A (CALABARZON),Municipality,4th,R4A,F
[2025-02] 04-034-18-000,2025-02,2025,[02] February,"Paete, Laguna",[1] Operational,,,,,[A] Operational,A,04-034-18-000,Paete,Laguna,Region IV-A (CALABARZON),Municipality,4th,R4A,F
[2025-02] 04-056-34-000,2025-02,2025,[02] February,"Pitogo, Quezon",[2] Ongoing Testing and Data Build-up,94%,,,,[B] Developmental,B,04-056-34-000,Pitogo,Quezon,Region IV-A (CALABARZON),Municipality,4th,R4A,F
[2025-02] 04-056-36-000,2025-02,2025,[02] February,"Polillo, Quezon",[1] Operational,,,,,[A] Operational,B,04-056-36-000,Polillo,Quezon,Region IV-A (CALABARZON),Municipality,3rd,R4A,F
[2025-02] 04-056-37-000,2025-02,2025,[02] February,"Quezon, Quezon",[2] Ongoing Testing and Data Build-up,94%,,,,[B] Developmental,B,04-056-37-000,Quezon,Quezon,Region IV-A (CALABARZON),Municipality,5th,R4A,F
[2025-02] 04-021-17-000,2025-02,2025,[02] February,"Rosario, Cavite",[1] Operational,,,,,[A] Operational,B,04-021-17-000,Rosario,Cavite,Region IV-A (CALABARZON),Municipality,1st,R4A,F
[2025-02] 04-056-39-000,2025-02,2025,[02] February,"Sampaloc, Quezon",[1] Operational,,,,,[A] Operational,B,04-056-39-000,Sampaloc,Quezon,Region IV-A (CALABARZON),Municipality,5th,R4A,F
[2025-02] 04-010-24-000,2025-02,2025,[02] February,"San Luis, Batangas",[1] Operational,,,,,[A] Operational,B,04-010-24-000,San Luis,Batangas,Region IV-A (CALABARZON),Municipality,4th,R4A,F
[2025-02] 04-010-25-000,2025-02,2025,[02] February,"San Nicolas, Batangas",[1] Operational,,,,,[A] Operational,B,04-010-25-000,San Nicolas,Batangas,Region IV-A (CALABARZON),Municipality,5th,R4A,F
[2025-02] 04-034-29-000,2025-02,2025,[02] February,"Siniloan, Laguna",[1] Operational,,,,,[A] Operational,B,04-034-29-000,Siniloan,Laguna,Region IV-A (CALABARZON),Municipality,2nd,R4A,F
[2025-02] 04-058-12-000,2025-02,2025,[02] February,"Tanay, Rizal",[1] Operational,,,,,[A] Operational,B,04-058-12-000,Tanay,Rizal,Region IV-A (CALABARZON),Municipality,1st,R4A,F
[2025-02] 04-010-34-000,2025-02,2025,[02] February,"Tuy, Batangas",[1] Operational,,,,,[A] Operational,B,04-010-34-000,Tuy,Batangas,Region IV-A (CALABARZON),Municipality,3rd,R4A,F
[2025-02] 17-053-01-000,2025-02,2025,[02] February,"Aborlan, Palawan",[3] With Concerns,,"WP integrated on the system, waiting to complete the LRC to fully adopt and Implement the system",,"WP integrated on the system, waiting to complete the LRC to fully adpot and Integrate the system",[A] Operational,B,17-053-01-000,Aborlan,Palawan,MIMAROPA Region,Municipality,1st,R4B,G
[2025-02] 17-052-01-000,2025-02,2025,[02] February,"Baco, Oriental Mindoro",[1] Operational,,,,,[A] Operational,B,17-052-01-000,Baco,Oriental Mindoro,MIMAROPA Region,Municipality,3rd,R4B,G
[2025-02] 17-052-02-000,2025-02,2025,[02] February,"Bansud, Oriental Mindoro",[1] Operational,,,,,[A] Operational,B,17-052-02-000,Bansud,Oriental Mindoro,MIMAROPA Region,Municipality,2nd,R4B,G
[2025-02] 17-052-03-000,2025-02,2025,[02] February,"Bongabong, Oriental Mindoro",[3] With Concerns,,"WP integrated on the system, for training and WP setup",,"WP integrated on the system, for training and WP setup",[A] Operational,B,17-052-03-000,Bongabong,Oriental Mindoro,MIMAROPA Region,Municipality,1st,R4B,G
[2025-02] 17-052-04-000,2025-02,2025,[02] February,"Bulalacao, Oriental Mindoro",[1] Operational,,,,,[A] Operational,B,17-052-04-000,Bulalacao,Oriental Mindoro,MIMAROPA Region,Municipality,3rd,R4B,G
[2025-02] 17-053-09-000,2025-02,2025,[02] February,"Coron, Palawan",[1] Operational,,,,,[A] Operational,A,17-053-09-000,Coron,Palawan,MIMAROPA Region,Municipality,1st,R4B,G
[2025-02] 17-053-22-000,2025-02,2025,[02] February,"Culion, Palawan",[3] With Concerns,,"WP integrated on the system, waiting to complete the updated LRC to fully adpot and Integrate the system",,"WP integrated on the system, waiting to complete the updated LRC to fully adpot and Integrate the system",[A] Operational,B,17-053-22-000,Culion,Palawan,MIMAROPA Region,Municipality,3rd,R4B,G
[2025-02] 17-053-12-000,2025-02,2025,[02] February,"El Nido, Palawan",[1] Operational,,,,,[A] Operational,A,17-053-12-000,El Nido,Palawan,MIMAROPA Region,Municipality,1st,R4B,G
[2025-02] 17-059-16-000,2025-02,2025,[02] February,"Ferrol, Romblon",[1] Operational,,,,,[A] Operational,B,17-059-16-000,Ferrol,Romblon,MIMAROPA Region,Municipality,6th,R4B,G
[2025-02] 17-052-06-000,2025-02,2025,[02] February,"Gloria, Oriental Mindoro",[1] Operational,,,,,[A] Operational,B,17-052-06-000,Gloria,Oriental Mindoro,MIMAROPA Region,Municipality,3rd,R4B,G
[2025-02] 17-051-03-000,2025-02,2025,[02] February,"Looc, Occidental Mindoro",[1] Operational,,,,,[A] Operational,B,17-051-03-000,Looc,Occidental Mindoro,MIMAROPA Region,Municipality,5th,R4B,G
[2025-02] 17-059-07-000,2025-02,2025,[02] February,"Looc, Romblon",[1] Operational,,,,,[A] Operational,B,17-059-07-000,Looc,Romblon,MIMAROPA Region,Municipality,4th,R4B,G
[2025-02] 17-052-08-000,2025-02,2025,[02] February,"Naujan, Oriental Mindoro",[1] Operational,,,,,[A] Operational,B,17-052-08-000,Naujan,Oriental Mindoro,MIMAROPA Region,Municipality,1st,R4B,G
[2025-02] 17-052-09-000,2025-02,2025,[02] February,"Pinamalayan, Oriental Mindoro",[1] Operational,,,,,[A] Operational,A,17-052-09-000,Pinamalayan,Oriental Mindoro,MIMAROPA Region,Municipality,1st,R4B,G
[2025-02] 17-053-17-000,2025-02,2025,[02] February,"Quezon, Palawan",[3] With Concerns,,"WP integrated on the system, waiting to complete the updated LRC to fully adpot and Integrate the system",,"WP integrated on the system, waiting to complete the updated LRC to fully adpot and Integrate the system",[A] Operational,B,17-053-17-000,Quezon,Palawan,MIMAROPA Region,Municipality,1st,R4B,G
[2025-02] 17-053-23-000,2025-02,2025,[02] February,"Rizal, Palawan",[3] With Concerns,,"WP integrated on the system, waiting to complete the updated LRC to fully adpot and Integrate the system",,"WP integrated on the system, waiting to complete the updated LRC to fully adpot and Integrate the system",[A] Operational,B,17-053-23-000,Rizal,Palawan,MIMAROPA Region,Municipality,1st,R4B,G
[2025-02] 17-051-10-000,2025-02,2025,[02] February,"San Jose, Occidental Mindoro",[1] Operational,,,,,[A] Operational,B,17-051-10-000,San Jose,Occidental Mindoro,MIMAROPA Region,Municipality,1st,R4B,G
[2025-02] 17-052-13-000,2025-02,2025,[02] February,"San Teodoro, Oriental Mindoro",[1] Operational,,,,,[A] Operational,A,17-052-13-000,San Teodoro,Oriental Mindoro,MIMAROPA Region,Municipality,4th,R4B,G
[2025-02] 17-053-19-000,2025-02,2025,[02] February,"San Vicente, Palawan",[1] Operational,,,,,[A] Operational,B,17-053-19-000,San Vicente,Palawan,MIMAROPA Region,Municipality,1st,R4B,G
[2025-02] 06-006-02-000,2025-02,2025,[02] February,"Barbaza, Antique",[1] Operational,,,,,[A] Operational,B,06-006-02-000,Barbaza,Antique,Region VI (Western Visayas),Municipality,4th,R6,I
[2025-02] 06-030-12-000,2025-02,2025,[02] February,"Cabatuan, Iloilo",[1] Operational,,,,,[A] Operational,B,06-030-12-000,Cabatuan,Iloilo,Region VI (Western Visayas),Municipality,2nd,R6,I
[2025-02] 06-045-10-000,2025-02,2025,[02] February,"City of Himamaylan, Negros Occidental",[1] Operational,,,,,[A] Operational,B,06-045-10-000,City of Himamaylan,Negros Occidental,Region VI (Western Visayas),City,3rd,R6,I
[2025-02] 06-006-09-000,2025-02,2025,[02] February,"Laua-An, Antique",[1] Operational,,,,,[A] Operational,B,06-006-09-000,Laua-An,Antique,Region VI (Western Visayas),Municipality,4th,R6,I
[2025-02] 06-004-12-000,2025-02,2025,[02] February,"Malay, Aklan",[1] Operational,,,,,[A] Operational,B,06-004-12-000,Malay,Aklan,Region VI (Western Visayas),Municipality,1st,R6,I
[2025-02] 06-030-40-000,2025-02,2025,[02] February,"San Joaquin, Iloilo",[1] Operational,,,,,[A] Operational,B,06-030-40-000,San Joaquin,Iloilo,Region VI (Western Visayas),Municipality,2nd,R6,I
[2025-02] 06-030-41-000,2025-02,2025,[02] February,"San Miguel, Iloilo",[1] Operational,,,,,[A] Operational,B,06-030-41-000,San Miguel,Iloilo,Region VI (Western Visayas),Municipality,4th,R6,I
[2025-02] 06-006-16-000,2025-02,2025,[02] February,"Sibalom, Antique",[1] Operational,,,,,[A] Operational,B,06-006-16-000,Sibalom,Antique,Region VI (Western Visayas),Municipality,2nd,R6,I
[2025-02] 06-004-17-000,2025-02,2025,[02] February,"Tangalan, Aklan",[1] Operational,,,,,[A] Operational,A,06-004-17-000,Tangalan,Aklan,Region VI (Western Visayas),Municipality,5th,R6,I
[2025-02] 14-044-02-000,2025-02,2025,[02] February,"Bauko, Mountain Province",[1] Operational,,,,,[A] Operational,B,14-044-02-000,Bauko,Mountain Province,Cordillera Administrative Region (CAR),Municipality,4th,CAR,B
[2025-02] 14-044-04-000,2025-02,2025,[02] February,"Bontoc, Mountain Province",[1] Operational,,,,,[A] Operational,A,14-044-04-000,Bontoc,Mountain Province,Cordillera Administrative Region (CAR),Municipality,2nd,CAR,B
[2025-02] 14-032-13-000,2025-02,2025,[02] February,"City of Tabuk, Kalinga",[1] Operational,,,,,[A] Operational,A,14-032-13-000,City of Tabuk,Kalinga,Cordillera Administrative Region (CAR),City,5th,CAR,B
[2025-02] 14-027-02-000,2025-02,2025,[02] February,"Hungduan, Ifugao",[1] Operational,,,,,[A] Operational,B,14-027-02-000,Hungduan,Ifugao,Cordillera Administrative Region (CAR),Municipality,4th,CAR,B
[2025-02] 14-027-05-000,2025-02,2025,[02] February,"Lamut, Ifugao",[1] Operational,,,,,[A] Operational,B,14-027-05-000,Lamut,Ifugao,Cordillera Administrative Region (CAR),Municipality,4th,CAR,B
[2025-02] 14-011-11-000,2025-02,2025,[02] February,"Mankayan, Benguet",[1] Operational,,,,,[A] Operational,B,14-011-11-000,Mankayan,Benguet,Cordillera Administrative Region (CAR),Municipality,1st,CAR,B
[2025-02] 14-081-06-000,2025-02,2025,[02] February,"Pudtol, Apayao",[1] Operational,,,,,[A] Operational,B,14-081-06-000,Pudtol,Apayao,Cordillera Administrative Region (CAR),Municipality,4th,CAR,B
[2025-02] 14-011-12-000,2025-02,2025,[02] February,"Sablan, Benguet",[1] Operational,,,,,[A] Operational,A,14-011-12-000,Sablan,Benguet,Cordillera Administrative Region (CAR),Municipality,5th,CAR,B
[2025-02] 14-011-13-000,2025-02,2025,[02] February,"Tuba, Benguet",[1] Operational,,,,,[A] Operational,B,14-011-13-000,Tuba,Benguet,Cordillera Administrative Region (CAR),Municipality,1st,CAR,B
[2025-02] 14-011-14-000,2025-02,2025,[02] February,"Tublay, Benguet",[1] Operational,,,,,[A] Operational,B,14-011-14-000,Tublay,Benguet,Cordillera Administrative Region (CAR),Municipality,5th,CAR,B
[2025-02] 07-022-02-000,2025-02,2025,[02] February,"Alcoy, Cebu",[2] Ongoing Testing and Data Build-up,,,,,[B] Developmental,B,07-022-02-000,Alcoy,Cebu,Region VII (Central Visayas),Municipality,5th,R7,J
[2025-02] 07-046-05-000,2025-02,2025,[02] February,"Basay, Negros Oriental",[1] Operational,,,,,[A] Operational,B,07-046-05-000,Basay,Negros Oriental,Region VII (Central Visayas),Municipality,4th,R7,J
[2025-02] 07-046-09-000,2025-02,2025,[02] February,"Dauin, Negros Oriental",[2] Ongoing Testing and Data Build-up,,,,,[B] Developmental,B,07-046-09-000,Dauin,Negros Oriental,Region VII (Central Visayas),Municipality,4th,R7,J
[2025-02] 07-061-01-000,2025-02,2025,[02] February,"Enrique Villanueva, Siquijor",[1] Operational,,,,,[A] Operational,B,07-061-01-000,Enrique Villanueva,Siquijor,Region VII (Central Visayas),Municipality,5th,R7,J
[2025-02] 07-046-14-000,2025-02,2025,[02] February,"Mabinay, Negros Oriental",[1] Operational,,,,,[A] Operational,B,07-046-14-000,Mabinay,Negros Oriental,Region VII (Central Visayas),Municipality,1st,R7,J
[2025-02] 07-022-28-000,2025-02,2025,[02] February,"Madridejos, Cebu",[2] Ongoing Testing and Data Build-up,,,,,[B] Developmental,B,07-022-28-000,Madridejos,Cebu,Region VII (Central Visayas),Municipality,4th,R7,J
[2025-02] 07-022-37-000,2025-02,2025,[02] February,"Pinamungajan, Cebu",[1] Operational,,,,,[A] Operational,B,07-022-37-000,Pinamungajan,Cebu,Region VII (Central Visayas),Municipality,2nd,R7,J
[2025-02] 07-022-42-000,2025-02,2025,[02] February,"San Francisco, Cebu",[2] Ongoing Testing and Data Build-up,,,,,[B] Developmental,B,07-022-42-000,San Francisco,Cebu,Region VII (Central Visayas),Municipality,3rd,R7,J
[2025-02] 07-046-20-000,2025-02,2025,[02] February,"Sibulan, Negros Oriental",[1] Operational,,,,,[A] Operational,B,07-046-20-000,Sibulan,Negros Oriental,Region VII (Central Visayas),Municipality,2nd,R7,J
[2025-02] 07-022-52-000,2025-02,2025,[02] February,"Tuburan, Cebu",[2] Ongoing Testing and Data Build-up,,,,,[B] Developmental,B,07-022-52-000,Tuburan,Cebu,Region VII (Central Visayas),Municipality,2nd,R7,J
[2025-02] 08-026-04-000,2025-02,2025,[02] February,"City of Borongan, Eastern Samar",[1] Operational,,,,,[A] Operational,A,08-026-04-000,City of Borongan,Eastern Samar,Region VIII (Eastern Visayas),City,1st (as Mun),R8,K
[2025-02] 08-037-41-000,2025-02,2025,[02] February,"Pastrana, Leyte",[1] Operational,,,,,[A] Operational,B,08-037-41-000,Pastrana,Leyte,Region VIII (Eastern Visayas),Municipality,5th*,R8,K
[2025-02] 11-024-01-000,2025-02,2025,[02] February,"Bansalan, Davao del Sur",[1] Operational,,,,,[A] Operational,B,11-024-01-000,Bansalan,Davao del Sur,Region XI (Davao Region),Municipality,1st,R11,P
[2025-02] 11-025-05-000,2025-02,2025,[02] February,"Cateel, Davao Oriental",[1] Operational,,,,,[A] Operational,B,11-025-05-000,Cateel,Davao Oriental,Region XI (Davao Region),Municipality,2nd,R11,P
[2025-02] 11-024-03-000,2025-02,2025,[02] February,"City of Digos, Davao del Sur",[1] Operational,,,,,[A] Operational,B,11-024-03-000,City of Digos,Davao del Sur,Region XI (Davao Region),City,2nd,R11,P
[2025-02] 11-082-02-000,2025-02,2025,[02] February,"Laak, Davao de Oro",[1] Operational,,,,,[A] Operational,B,11-082-02-000,Laak,Davao de Oro,Region XI (Davao Region),Municipality,1st,R11,P
[2025-02] 11-025-07-000,2025-02,2025,[02] February,"Lupon, Davao Oriental",[1] Operational,,,,,[A] Operational,A,11-025-07-000,Lupon,Davao Oriental,Region XI (Davao Region),Municipality,1st,R11,P
[2025-02] 11-025-08-000,2025-02,2025,[02] February,"Manay, Davao Oriental",[1] Operational,,,,,[A] Operational,A,11-025-08-000,Manay,Davao Oriental,Region XI (Davao Region),Municipality,2nd,R11,P
[2025-02] 11-082-06-000,2025-02,2025,[02] February,"Mawab, Davao de Oro",[1] Operational,,,,,[A] Operational,B,11-082-06-000,Mawab,Davao de Oro,Region XI (Davao Region),Municipality,3rd,R11,P
[2025-02] 11-082-10-000,2025-02,2025,[02] February,"New Bataan, Davao de Oro",[1] Operational,,,,,[A] Operational,B,11-082-10-000,New Bataan,Davao de Oro,Region XI (Davao Region),Municipality,1st,R11,P
[2025-02] 11-025-10-000,2025-02,2025,[02] February,"San Isidro, Davao Oriental",[1] Operational,,,,,[A] Operational,B,11-025-10-000,San Isidro,Davao Oriental,Region XI (Davao Region),Municipality,3rd,R11,P
[2025-02] 11-024-14-000,2025-02,2025,[02] February,"Sulop, Davao del Sur",[1] Operational,,,,,[A] Operational,B,11-024-14-000,Sulop,Davao del Sur,Region XI (Davao Region),Municipality,3rd,R11,P
[2025-02] 16-002-07-000,2025-02,2025,[02] February,"Las Nieves, Agusan del Norte",[1] Operational,,,,,[A] Operational,B,16-002-07-000,Las Nieves,Agusan del Norte,Region XIII (Caraga),Municipality,2nd,R13,O
[2025-02] 16-003-08-000,2025-02,2025,[02] February,"San Francisco, Agusan del Sur",[1] Operational,,,,,[A] Operational,A,16-003-08-000,San Francisco,Agusan del Sur,Region XIII (Caraga),Municipality,1st,R13,O
[2025-03] 14-044-02-000,2025-03,2025,[03] March,"Bauko, Mountain Province",[1] Operational,,,,,[A] Operational,B,14-044-02-000,Bauko,Mountain Province,Cordillera Administrative Region (CAR),Municipality,4th,CAR,B
[2025-03] 14-044-04-000,2025-03,2025,[03] March,"Bontoc, Mountain Province",[1] Operational,,,,,[A] Operational,A,14-044-04-000,Bontoc,Mountain Province,Cordillera Administrative Region (CAR),Municipality,2nd,CAR,B
[2025-03] 14-032-13-000,2025-03,2025,[03] March,"City of Tabuk, Kalinga",[1] Operational,,,,,[A] Operational,A,14-032-13-000,City of Tabuk,Kalinga,Cordillera Administrative Region (CAR),City,5th,CAR,B
[2025-03] 14-027-02-000,2025-03,2025,[03] March,"Hungduan, Ifugao",[1] Operational,,,,,[A] Operational,B,14-027-02-000,Hungduan,Ifugao,Cordillera Administrative Region (CAR),Municipality,4th,CAR,B
[2025-03] 14-027-05-000,2025-03,2025,[03] March,"Lamut, Ifugao",[1] Operational,,,,,[A] Operational,B,14-027-05-000,Lamut,Ifugao,Cordillera Administrative Region (CAR),Municipality,4th,CAR,B
[2025-03] 14-011-11-000,2025-03,2025,[03] March,"Mankayan, Benguet",[1] Operational,,,,,[A] Operational,B,14-011-11-000,Mankayan,Benguet,Cordillera Administrative Region (CAR),Municipality,1st,CAR,B
[2025-03] 14-081-06-000,2025-03,2025,[03] March,"Pudtol, Apayao",[1] Operational,,,,,[A] Operational,B,14-081-06-000,Pudtol,Apayao,Cordillera Administrative Region (CAR),Municipality,4th,CAR,B
[2025-03] 14-011-12-000,2025-03,2025,[03] March,"Sablan, Benguet",[1] Operational,,,,,[A] Operational,A,14-011-12-000,Sablan,Benguet,Cordillera Administrative Region (CAR),Municipality,5th,CAR,B
[2025-03] 14-011-13-000,2025-03,2025,[03] March,"Tuba, Benguet",[1] Operational,,,,,[A] Operational,B,14-011-13-000,Tuba,Benguet,Cordillera Administrative Region (CAR),Municipality,1st,CAR,B
[2025-03] 14-011-14-000,2025-03,2025,[03] March,"Tublay, Benguet",[1] Operational,,,,,[A] Operational,B,14-011-14-000,Tublay,Benguet,Cordillera Administrative Region (CAR),Municipality,5th,CAR,B
[2025-03] 01-029-07-000,2025-03,2025,[03] March,"Caoayan, Ilocos Sur",[1] Operational,,,,,[A] Operational,B,01-029-07-000,Caoayan,Ilocos Sur,Region I (Ilocos Region),Municipality,4th,R1,C
[2025-03] 01-028-12-000,2025-03,2025,[03] March,"City of Laoag, Ilocos Norte",[1] Operational,,,,,[A] Operational,B,01-028-12-000,City of Laoag,Ilocos Norte,Region I (Ilocos Region),City,3rd,R1,C
[2025-03] 01-055-41-000,2025-03,2025,[03] March,"Sison, Pangasinan",[1] Operational,,,,,[A] Operational,B,01-055-41-000,Sison,Pangasinan,Region I (Ilocos Region),Municipality,3rd,R1,C
[2025-03] 02-031-06-000,2025-03,2025,[03] March,"Cabagan, Isabela",[1] Operational,,,,,[A] Operational,B,02-031-06-000,Cabagan,Isabela,Region II (Cagayan Valley),Municipality,1st,R2,D
[2025-03] 02-031-14-000,2025-03,2025,[03] March,"City of Ilagan, Isabela",[1] Operational,,,,,[A] Operational,A,02-031-14-000,City of Ilagan,Isabela,Region II (Cagayan Valley),City,1st (as Mun),R2,D
[2025-03] 02-015-22-000,2025-03,2025,[03] March,"Sanchez-Mira, Cagayan",[1] Operational,,,,,[A] Operational,B,02-015-22-000,Sanchez-Mira,Cagayan,Region II (Cagayan Valley),Municipality,3rd,R2,D
[2025-03] 03-054-03-000,2025-03,2025,[03] March,"Arayat, Pampanga",[1] Operational,,,,,[A] Operational,A,03-054-03-000,Arayat,Pampanga,Region III (Central Luzon),Municipality,1st,R3,E
[2025-03] 03-077-01-000,2025-03,2025,[03] March,"Baler, Aurora",[1] Operational,,,,,[A] Operational,A,03-077-01-000,Baler,Aurora,Region III (Central Luzon),Municipality,3rd,R3,E
[2025-03] 03-077-02-000,2025-03,2025,[03] March,"Casiguran, Aurora",[2] Ongoing Testing and Data Build-up,94%,,,,[B] Developmental,B,03-077-02-000,Casiguran,Aurora,Region III (Central Luzon),Municipality,2nd,R3,E
[2025-03] 03-314-00-000,2025-03,2025,[03] March,"City of Olongapo, Zambales",[3] With Concerns,80%,,intended to withdraw,,[A] Operational,B,03-314-00-000,City of Olongapo,Zambales,Region III (Central Luzon),City,1st,R3,E
[2025-03] 03-014-20-000,2025-03,2025,[03] March,"City of San Jose Del Monte, Bulacan",[1] Operational,,,,,[A] Operational,B,03-014-20-000,City of San Jose Del Monte,Bulacan,Region III (Central Luzon),City,1st,R3,E
[2025-03] 03-054-10-000,2025-03,2025,[03] March,"Macabebe, Pampanga",[2] Ongoing Testing and Data Build-up,99%,,,,[B] Developmental,A,03-054-10-000,Macabebe,Pampanga,Region III (Central Luzon),Municipality,1st,R3,E
[2025-03] 03-054-11-000,2025-03,2025,[03] March,"Magalang, Pampanga",[2] Ongoing Testing and Data Build-up,88%,,,,[B] Developmental,B,03-054-11-000,Magalang,Pampanga,Region III (Central Luzon),Municipality,1st,R3,E
[2025-03] 03-049-23-000,2025-03,2025,[03] March,"Rizal, Nueva Ecija",[1] Operational,,,,,[A] Operational,A,03-049-23-000,Rizal,Nueva Ecija,Region III (Central Luzon),Municipality,2nd,R3,E
[2025-03] 03-054-17-000,2025-03,2025,[03] March,"San Luis, Pampanga",[1] Operational,,,,,[A] Operational,A,03-054-17-000,San Luis,Pampanga,Region III (Central Luzon),Municipality,3rd,R3,E
[2025-03] 03-049-29-000,2025-03,2025,[03] March,"Santo Domingo, Nueva Ecija",[1] Operational,,,,,[A] Operational,A,03-049-29-000,Santo Domingo,Nueva Ecija,Region III (Central Luzon),Municipality,3rd,R3,E
[2025-03] 03-049-31-000,2025-03,2025,[03] March,"Talugtug, Nueva Ecija",[2] Ongoing Testing and Data Build-up,100%,,,,[B] Developmental,A,03-049-31-000,Talugtug,Nueva Ecija,Region III (Central Luzon),Municipality,4th,R3,E
[2025-03] 04-056-02-000,2025-03,2025,[03] March,"Alabat, Quezon",[1] Operational,,,,,[A] Operational,A,04-056-02-000,Alabat,Quezon,Region IV-A (CALABARZON),Municipality,5th,R4A,F
[2025-03] 04-021-02-000,2025-03,2025,[03] March,"Amadeo, Cavite",[1] Operational,,,,,[A] Operational,B,04-021-02-000,Amadeo,Cavite,Region IV-A (CALABARZON),Municipality,4th,R4A,F
[2025-03] 04-010-03-000,2025-03,2025,[03] March,"Balayan, Batangas",[1] Operational,,,,,[A] Operational,B,04-010-03-000,Balayan,Batangas,Region IV-A (CALABARZON),Municipality,1st,R4A,F
[2025-03] 04-058-06-000,2025-03,2025,[03] March,"Cardona, Rizal",[1] Operational,,,,,[A] Operational,B,04-058-06-000,Cardona,Rizal,Region IV-A (CALABARZON),Municipality,3rd,R4A,F
[2025-03] 04-034-08-000,2025-03,2025,[03] March,"Famy, Laguna",[1] Operational,,,,Operational but not utilized,[A] Operational,B,04-034-08-000,Famy,Laguna,Region IV-A (CALABARZON),Municipality,5th,R4A,F
[2025-03] 04-021-07-000,2025-03,2025,[03] March,"General Emilio Aguinaldo, Cavite",[2] Ongoing Testing and Data Build-up,95%,,,,[B] Developmental,B,04-021-07-000,General Emilio Aguinaldo,Cavite,Region IV-A (CALABARZON),Municipality,5th,R4A,F
[2025-03] 04-056-16-000,2025-03,2025,[03] March,"General Luna, Quezon",[1] Operational,,,,,[A] Operational,A,04-056-16-000,General Luna,Quezon,Region IV-A (CALABARZON),Municipality,4th,R4A,F
[2025-03] 04-056-17-000,2025-03,2025,[03] March,"General Nakar, Quezon",[1] Operational,,,,,[A] Operational,B,04-056-17-000,General Nakar,Quezon,Region IV-A (CALABARZON),Municipality,1st,R4A,F
[2025-03] 04-056-19-000,2025-03,2025,[03] March,"Gumaca, Quezon",[1] Operational,,,,Operational but not utilized,[A] Operational,B,04-056-19-000,Gumaca,Quezon,Region IV-A (CALABARZON),Municipality,1st,R4A,F
[2025-03] 04-056-20-000,2025-03,2025,[03] March,"Infanta, Quezon",[1] Operational,,,,,[A] Operational,B,04-056-20-000,Infanta,Quezon,Region IV-A (CALABARZON),Municipality,1st,R4A,F
[2025-03] 04-010-15-000,2025-03,2025,[03] March,"Lobo, Batangas",[1] Operational,,,,,[A] Operational,B,04-010-15-000,Lobo,Batangas,Region IV-A (CALABARZON),Municipality,3rd,R4A,F
[2025-03] 04-021-12-000,2025-03,2025,[03] March,"Magallanes, Cavite",[2] Ongoing Testing and Data Build-up,95%,,,,[B] Developmental,B,04-021-12-000,Magallanes,Cavite,Region IV-A (CALABARZON),Municipality,4th,R4A,F
[2025-03] 04-034-18-000,2025-03,2025,[03] March,"Paete, Laguna",[1] Operational,,,,,[A] Operational,A,04-034-18-000,Paete,Laguna,Region IV-A (CALABARZON),Municipality,4th,R4A,F
[2025-03] 04-056-34-000,2025-03,2025,[03] March,"Pitogo, Quezon",[2] Ongoing Testing and Data Build-up,95%,,,,[B] Developmental,B,04-056-34-000,Pitogo,Quezon,Region IV-A (CALABARZON),Municipality,4th,R4A,F
[2025-03] 04-056-36-000,2025-03,2025,[03] March,"Polillo, Quezon",[1] Operational,,,,,[A] Operational,B,04-056-36-000,Polillo,Quezon,Region IV-A (CALABARZON),Municipality,3rd,R4A,F
[2025-03] 04-056-37-000,2025-03,2025,[03] March,"Quezon, Quezon",[2] Ongoing Testing and Data Build-up,95%,,,,[B] Developmental,B,04-056-37-000,Quezon,Quezon,Region IV-A (CALABARZON),Municipality,5th,R4A,F
[2025-03] 04-021-17-000,2025-03,2025,[03] March,"Rosario, Cavite",[1] Operational,,,,,[A] Operational,B,04-021-17-000,Rosario,Cavite,Region IV-A (CALABARZON),Municipality,1st,R4A,F
[2025-03] 04-056-39-000,2025-03,2025,[03] March,"Sampaloc, Quezon",[1] Operational,,,,,[A] Operational,B,04-056-39-000,Sampaloc,Quezon,Region IV-A (CALABARZON),Municipality,5th,R4A,F
[2025-03] 04-010-24-000,2025-03,2025,[03] March,"San Luis, Batangas",[1] Operational,,,,,[A] Operational,B,04-010-24-000,San Luis,Batangas,Region IV-A (CALABARZON),Municipality,4th,R4A,F
[2025-03] 04-010-25-000,2025-03,2025,[03] March,"San Nicolas, Batangas",[1] Operational,,,,,[A] Operational,B,04-010-25-000,San Nicolas,Batangas,Region IV-A (CALABARZON),Municipality,5th,R4A,F
[2025-03] 04-034-29-000,2025-03,2025,[03] March,"Siniloan, Laguna",[1] Operational,,,,,[A] Operational,B,04-034-29-000,Siniloan,Laguna,Region IV-A (CALABARZON),Municipality,2nd,R4A,F
[2025-03] 04-058-12-000,2025-03,2025,[03] March,"Tanay, Rizal",[1] Operational,,,,,[A] Operational,B,04-058-12-000,Tanay,Rizal,Region IV-A (CALABARZON),Municipality,1st,R4A,F
[2025-03] 04-010-34-000,2025-03,2025,[03] March,"Tuy, Batangas",[1] Operational,,,,,[A] Operational,B,04-010-34-000,Tuy,Batangas,Region IV-A (CALABARZON),Municipality,3rd,R4A,F
[2025-03] 17-053-01-000,2025-03,2025,[03] March,"Aborlan, Palawan",[3] With Concerns,,"WP integrated on the system, waiting to complete the LRC to fully adopt and Implement the system",,"WP integrated on the system, waiting to complete the LRC to fully adpot and Integrate the system",[A] Operational,B,17-053-01-000,Aborlan,Palawan,MIMAROPA Region,Municipality,1st,R4B,G
[2025-03] 17-052-01-000,2025-03,2025,[03] March,"Baco, Oriental Mindoro",[1] Operational,,,,,[A] Operational,B,17-052-01-000,Baco,Oriental Mindoro,MIMAROPA Region,Municipality,3rd,R4B,G
[2025-03] 17-052-02-000,2025-03,2025,[03] March,"Bansud, Oriental Mindoro",[1] Operational,,,,,[A] Operational,B,17-052-02-000,Bansud,Oriental Mindoro,MIMAROPA Region,Municipality,2nd,R4B,G
[2025-03] 17-052-03-000,2025-03,2025,[03] March,"Bongabong, Oriental Mindoro",[3] With Concerns,,"WP integrated on the system, for training and WP setup",,"WP integrated on the system, for training and WP setup",[A] Operational,B,17-052-03-000,Bongabong,Oriental Mindoro,MIMAROPA Region,Municipality,1st,R4B,G
[2025-03] 17-052-04-000,2025-03,2025,[03] March,"Bulalacao, Oriental Mindoro",[1] Operational,,,,,[A] Operational,B,17-052-04-000,Bulalacao,Oriental Mindoro,MIMAROPA Region,Municipality,3rd,R4B,G
[2025-03] 17-053-09-000,2025-03,2025,[03] March,"Coron, Palawan",[1] Operational,,,,,[A] Operational,A,17-053-09-000,Coron,Palawan,MIMAROPA Region,Municipality,1st,R4B,G
[2025-03] 17-053-22-000,2025-03,2025,[03] March,"Culion, Palawan",[3] With Concerns,,"WP integrated on the system, waiting to complete the updated LRC to fully adpot and Integrate the system",,"WP integrated on the system, waiting to complete the updated LRC to fully adpot and Integrate the system",[A] Operational,B,17-053-22-000,Culion,Palawan,MIMAROPA Region,Municipality,3rd,R4B,G
[2025-03] 17-053-12-000,2025-03,2025,[03] March,"El Nido, Palawan",[1] Operational,,,,,[A] Operational,A,17-053-12-000,El Nido,Palawan,MIMAROPA Region,Municipality,1st,R4B,G
[2025-03] 17-059-16-000,2025-03,2025,[03] March,"Ferrol, Romblon",[1] Operational,,,,,[A] Operational,B,17-059-16-000,Ferrol,Romblon,MIMAROPA Region,Municipality,6th,R4B,G
[2025-03] 17-052-06-000,2025-03,2025,[03] March,"Gloria, Oriental Mindoro",[1] Operational,,,,,[A] Operational,B,17-052-06-000,Gloria,Oriental Mindoro,MIMAROPA Region,Municipality,3rd,R4B,G
[2025-03] 17-051-03-000,2025-03,2025,[03] March,"Looc, Occidental Mindoro",[1] Operational,,,,,[A] Operational,B,17-051-03-000,Looc,Occidental Mindoro,MIMAROPA Region,Municipality,5th,R4B,G
[2025-03] 17-059-07-000,2025-03,2025,[03] March,"Looc, Romblon",[1] Operational,,,,,[A] Operational,B,17-059-07-000,Looc,Romblon,MIMAROPA Region,Municipality,4th,R4B,G
[2025-03] 17-052-08-000,2025-03,2025,[03] March,"Naujan, Oriental Mindoro",[1] Operational,,,,,[A] Operational,B,17-052-08-000,Naujan,Oriental Mindoro,MIMAROPA Region,Municipality,1st,R4B,G
[2025-03] 17-052-09-000,2025-03,2025,[03] March,"Pinamalayan, Oriental Mindoro",[1] Operational,,,,,[A] Operational,A,17-052-09-000,Pinamalayan,Oriental Mindoro,MIMAROPA Region,Municipality,1st,R4B,G
[2025-03] 17-053-17-000,2025-03,2025,[03] March,"Quezon, Palawan",[3] With Concerns,,"WP integrated on the system, waiting to complete the updated LRC to fully adpot and Integrate the system",,"WP integrated on the system, waiting to complete the updated LRC to fully adpot and Integrate the system",[A] Operational,B,17-053-17-000,Quezon,Palawan,MIMAROPA Region,Municipality,1st,R4B,G
[2025-03] 17-053-23-000,2025-03,2025,[03] March,"Rizal, Palawan",[3] With Concerns,,"WP integrated on the system, waiting to complete the updated LRC to fully adpot and Integrate the system",,"WP integrated on the system, waiting to complete the updated LRC to fully adpot and Integrate the system",[A] Operational,B,17-053-23-000,Rizal,Palawan,MIMAROPA Region,Municipality,1st,R4B,G
[2025-03] 17-051-10-000,2025-03,2025,[03] March,"San Jose, Occidental Mindoro",[1] Operational,,,,,[A] Operational,B,17-051-10-000,San Jose,Occidental Mindoro,MIMAROPA Region,Municipality,1st,R4B,G
[2025-03] 17-052-13-000,2025-03,2025,[03] March,"San Teodoro, Oriental Mindoro",[1] Operational,,,,,[A] Operational,A,17-052-13-000,San Teodoro,Oriental Mindoro,MIMAROPA Region,Municipality,4th,R4B,G
[2025-03] 17-053-19-000,2025-03,2025,[03] March,"San Vicente, Palawan",[1] Operational,,,,,[A] Operational,B,17-053-19-000,San Vicente,Palawan,MIMAROPA Region,Municipality,1st,R4B,G
[2025-03] 06-006-02-000,2025-03,2025,[03] March,"Barbaza, Antique",[1] Operational,,,,,[A] Operational,B,06-006-02-000,Barbaza,Antique,Region VI (Western Visayas),Municipality,4th,R6,I
[2025-03] 06-030-12-000,2025-03,2025,[03] March,"Cabatuan, Iloilo",[1] Operational,,,,,[A] Operational,B,06-030-12-000,Cabatuan,Iloilo,Region VI (Western Visayas),Municipality,2nd,R6,I
[2025-03] 06-045-10-000,2025-03,2025,[03] March,"City of Himamaylan, Negros Occidental",[1] Operational,,,,,[A] Operational,B,06-045-10-000,City of Himamaylan,Negros Occidental,Region VI (Western Visayas),City,3rd,R6,I
[2025-03] 06-006-09-000,2025-03,2025,[03] March,"Laua-An, Antique",[1] Operational,,,,,[A] Operational,B,06-006-09-000,Laua-An,Antique,Region VI (Western Visayas),Municipality,4th,R6,I
[2025-03] 06-004-12-000,2025-03,2025,[03] March,"Malay, Aklan",[1] Operational,,,,,[A] Operational,B,06-004-12-000,Malay,Aklan,Region VI (Western Visayas),Municipality,1st,R6,I
[2025-03] 06-030-40-000,2025-03,2025,[03] March,"San Joaquin, Iloilo",[1] Operational,,,,,[A] Operational,B,06-030-40-000,San Joaquin,Iloilo,Region VI (Western Visayas),Municipality,2nd,R6,I
[2025-03] 06-030-41-000,2025-03,2025,[03] March,"San Miguel, Iloilo",[1] Operational,,,,,[A] Operational,B,06-030-41-000,San Miguel,Iloilo,Region VI (Western Visayas),Municipality,4th,R6,I
[2025-03] 06-006-16-000,2025-03,2025,[03] March,"Sibalom, Antique",[1] Operational,,,,,[A] Operational,B,06-006-16-000,Sibalom,Antique,Region VI (Western Visayas),Municipality,2nd,R6,I
[2025-03] 06-004-17-000,2025-03,2025,[03] March,"Tangalan, Aklan",[1] Operational,,,,,[A] Operational,A,06-004-17-000,Tangalan,Aklan,Region VI (Western Visayas),Municipality,5th,R6,I
[2025-03] 07-022-02-000,2025-03,2025,[03] March,"Alcoy, Cebu",[2] Ongoing Testing and Data Build-up,,,,On hold data build-up; WP still not in the LGU's ordinance yet. Still deciding if they will continue the WP,[B] Developmental,B,07-022-02-000,Alcoy,Cebu,Region VII (Central Visayas),Municipality,5th,R7,J
[2025-03] 07-046-05-000,2025-03,2025,[03] March,"Basay, Negros Oriental",[1] Operational,,,,LGU is working out an ordinance for the Working Permit/Occupational Permit; will priortiize implementing the WP next year,[A] Operational,B,07-046-05-000,Basay,Negros Oriental,Region VII (Central Visayas),Municipality,4th,R7,J
[2025-03] 07-046-09-000,2025-03,2025,[03] March,"Dauin, Negros Oriental",[2] Ongoing Testing and Data Build-up,,,,On hold data build-up; WP still not in the LGU's ordinance yet. Still deciding if they will continue the WP,[B] Developmental,B,07-046-09-000,Dauin,Negros Oriental,Region VII (Central Visayas),Municipality,4th,R7,J
[2025-03] 07-061-01-000,2025-03,2025,[03] March,"Enrique Villanueva, Siquijor",[1] Operational,,,,LGU is working out an ordinance for the Working Permit/Occupational Permit; will priortiize implementing the WP next year,[A] Operational,B,07-061-01-000,Enrique Villanueva,Siquijor,Region VII (Central Visayas),Municipality,5th,R7,J
[2025-03] 07-046-14-000,2025-03,2025,[03] March,"Mabinay, Negros Oriental",[1] Operational,,,,On hold data build-up; WP still not in the LGU's ordinance yet. Still deciding if they will continue the WP,[A] Operational,B,07-046-14-000,Mabinay,Negros Oriental,Region VII (Central Visayas),Municipality,1st,R7,J
[2025-03] 07-022-28-000,2025-03,2025,[03] March,"Madridejos, Cebu",[2] Ongoing Testing and Data Build-up,,,,LGU is working out an ordinance for the Working Permit/Occupational Permit; will priortiize implementing the WP next year,[B] Developmental,B,07-022-28-000,Madridejos,Cebu,Region VII (Central Visayas),Municipality,4th,R7,J
[2025-03] 07-022-37-000,2025-03,2025,[03] March,"Pinamungajan, Cebu",[1] Operational,,,,On hold data build-up; WP still not in the LGU's ordinance yet. Still deciding if they will continue the WP,[A] Operational,B,07-022-37-000,Pinamungajan,Cebu,Region VII (Central Visayas),Municipality,2nd,R7,J
[2025-03] 07-022-42-000,2025-03,2025,[03] March,"San Francisco, Cebu",[2] Ongoing Testing and Data Build-up,,,,LGU is working out an ordinance for the Working Permit/Occupational Permit; will priortiize implementing the WP next year,[B] Developmental,B,07-022-42-000,San Francisco,Cebu,Region VII (Central Visayas),Municipality,3rd,R7,J
[2025-03] 07-046-20-000,2025-03,2025,[03] March,"Sibulan, Negros Oriental",[1] Operational,,,,On hold data build-up; WP still not in the LGU's ordinance yet. Still deciding if they will continue the WP,[A] Operational,B,07-046-20-000,Sibulan,Negros Oriental,Region VII (Central Visayas),Municipality,2nd,R7,J
[2025-03] 07-022-52-000,2025-03,2025,[03] March,"Tuburan, Cebu",[2] Ongoing Testing and Data Build-up,,,,LGU is working out an ordinance for the Working Permit/Occupational Permit; will priortiize implementing the WP next year,[B] Developmental,B,07-022-52-000,Tuburan,Cebu,Region VII (Central Visayas),Municipality,2nd,R7,J
[2025-03] 08-026-04-000,2025-03,2025,[03] March,"City of Borongan, Eastern Samar",[1] Operational,,,,,[A] Operational,A,08-026-04-000,City of Borongan,Eastern Samar,Region VIII (Eastern Visayas),City,1st (as Mun),R8,K
[2025-03] 08-037-41-000,2025-03,2025,[03] March,"Pastrana, Leyte",[1] Operational,,,,,[A] Operational,B,08-037-41-000,Pastrana,Leyte,Region VIII (Eastern Visayas),Municipality,5th*,R8,K
[2025-03] 10-043-06-000,2025-03,2025,[03] March,"Claveria, Misamis Oriental",[1] Operational,,,,,[A] Operational,A,10-043-06-000,Claveria,Misamis Oriental,Region X (Northern Mindanao),Municipality,1st,R10,N
[2025-03] 10-043-11-000,2025-03,2025,[03] March,"Jasaan, Misamis Oriental",[3] With Concerns,,,,Waiting for PMT go signal,[A] Operational,B,10-043-11-000,Jasaan,Misamis Oriental,Region X (Northern Mindanao),Municipality,2nd,R10,N
[2025-03] 10-043-19-000,2025-03,2025,[03] March,"Medina, Misamis Oriental",[3] With Concerns,,,,Waiting for PMT go signal,[A] Operational,B,10-043-19-000,Medina,Misamis Oriental,Region X (Northern Mindanao),Municipality,4th,R10,N
[2025-03] 11-024-01-000,2025-03,2025,[03] March,"Bansalan, Davao del Sur",[1] Operational,,,,,[A] Operational,B,11-024-01-000,Bansalan,Davao del Sur,Region XI (Davao Region),Municipality,1st,R11,P
[2025-03] 11-025-05-000,2025-03,2025,[03] March,"Cateel, Davao Oriental",[1] Operational,,,,,[A] Operational,B,11-025-05-000,Cateel,Davao Oriental,Region XI (Davao Region),Municipality,2nd,R11,P
[2025-03] 11-024-03-000,2025-03,2025,[03] March,"City of Digos, Davao del Sur",[1] Operational,,,,,[A] Operational,B,11-024-03-000,City of Digos,Davao del Sur,Region XI (Davao Region),City,2nd,R11,P
[2025-03] 11-082-02-000,2025-03,2025,[03] March,"Laak, Davao de Oro",[1] Operational,,,,,[A] Operational,B,11-082-02-000,Laak,Davao de Oro,Region XI (Davao Region),Municipality,1st,R11,P
[2025-03] 11-025-07-000,2025-03,2025,[03] March,"Lupon, Davao Oriental",[1] Operational,,,,,[A] Operational,A,11-025-07-000,Lupon,Davao Oriental,Region XI (Davao Region),Municipality,1st,R11,P
[2025-03] 11-025-08-000,2025-03,2025,[03] March,"Manay, Davao Oriental",[1] Operational,,,,,[A] Operational,A,11-025-08-000,Manay,Davao Oriental,Region XI (Davao Region),Municipality,2nd,R11,P
[2025-03] 11-082-06-000,2025-03,2025,[03] March,"Mawab, Davao de Oro",[1] Operational,,,,,[A] Operational,B,11-082-06-000,Mawab,Davao de Oro,Region XI (Davao Region),Municipality,3rd,R11,P
[2025-03] 11-082-10-000,2025-03,2025,[03] March,"New Bataan, Davao de Oro",[1] Operational,,,,,[A] Operational,B,11-082-10-000,New Bataan,Davao de Oro,Region XI (Davao Region),Municipality,1st,R11,P
[2025-03] 11-025-10-000,2025-03,2025,[03] March,"San Isidro, Davao Oriental",[1] Operational,,,,,[A] Operational,B,11-025-10-000,San Isidro,Davao Oriental,Region XI (Davao Region),Municipality,3rd,R11,P
[2025-03] 11-024-14-000,2025-03,2025,[03] March,"Sulop, Davao del Sur",[1] Operational,,,,,[A] Operational,B,11-024-14-000,Sulop,Davao del Sur,Region XI (Davao Region),Municipality,3rd,R11,P
[2025-03] 12-047-15-000,2025-03,2025,[03] March,"Antipas, Cotabato",[1] Operational,,,,,[A] Operational,B,12-047-15-000,Antipas,Cotabato,Region XII (SOCCSKSARGEN),Municipality,2nd,R12,Q
[2025-03] 12-047-03-000,2025-03,2025,[03] March,"Kabacan, Cotabato",[1] Operational,,,,,[A] Operational,A,12-047-03-000,Kabacan,Cotabato,Region XII (SOCCSKSARGEN),Municipality,1st,R12,Q
[2025-03] 12-047-08-000,2025-03,2025,[03] March,"Matalam, Cotabato",[1] Operational,,,,,[A] Operational,B,12-047-08-000,Matalam,Cotabato,Region XII (SOCCSKSARGEN),Municipality,1st,R12,Q
[2025-03] 12-047-05-000,2025-03,2025,[03] March,"Libungan, Cotabato",[1] Operational,,,,,[A] Operational,B,12-047-05-000,Libungan,Cotabato,Region XII (SOCCSKSARGEN),Municipality,2nd,R12,Q
[2025-03] 12-047-11-000,2025-03,2025,[03] March,"Pigkawayan, Cotabato",[1] Operational,,,,,[A] Operational,B,12-047-11-000,Pigkawayan,Cotabato,Region XII (SOCCSKSARGEN),Municipality,1st,R12,Q
[2025-03] 12-047-12-000,2025-03,2025,[03] March,"Pikit, Cotabato",[1] Operational,,,,,[A] Operational,B,12-047-12-000,Pikit,Cotabato,Region XII (SOCCSKSARGEN),Municipality,1st,R12,Q
[2025-03] 12-065-01-000,2025-03,2025,[03] March,"Bagumbayan, Sultan Kudarat",[1] Operational,,,,,[A] Operational,B,12-065-01-000,Bagumbayan,Sultan Kudarat,Region XII (SOCCSKSARGEN),Municipality,1st,R12,Q
[2025-03] 12-065-02-000,2025-03,2025,[03] March,"Columbio, Sultan Kudarat",[1] Operational,,,,,[A] Operational,B,12-065-02-000,Columbio,Sultan Kudarat,Region XII (SOCCSKSARGEN),Municipality,1st,R12,Q
[2025-03] 12-065-03-000,2025-03,2025,[03] March,"Esperanza, Sultan Kudarat",[1] Operational,,,,,[A] Operational,B,12-065-03-000,Esperanza,Sultan Kudarat,Region XII (SOCCSKSARGEN),Municipality,1st,R12,Q
[2025-03] 12-065-04-000,2025-03,2025,[03] March,"Isulan, Sultan Kudarat",[1] Operational,,,,,[A] Operational,B,12-065-04-000,Isulan,Sultan Kudarat,Region XII (SOCCSKSARGEN),Municipality,1st,R12,Q
[2025-03] 12-065-08-000,2025-03,2025,[03] March,"Lambayong, Sultan Kudarat",[1] Operational,,,,,[A] Operational,B,12-065-08-000,Lambayong,Sultan Kudarat,Region XII (SOCCSKSARGEN),Municipality,2nd,R12,Q
[2025-03] 19-087-13-000,2025-03,2025,[03] March,"Upi, Maguindanao del Norte",[1] Operational,,,,,[A] Operational,B,19-087-13-000,Upi,Maguindanao del Norte,Bangsamoro Autonomous Region In Muslim Mindanao (BARMM),Municipality,1st,BARMM II,R
[2025-03] 19-087-09-000,2025-03,2025,[03] March,"Parang, Maguindanao del Norte",[1] Operational,,,,,[A] Operational,B,19-087-09-000,Parang,Maguindanao del Norte,Bangsamoro Autonomous Region In Muslim Mindanao (BARMM),Municipality,1st*,BARMM II,R
[2025-03] 16-002-07-000,2025-03,2025,[03] March,"Las Nieves, Agusan del Norte",[1] Operational,,,,,[A] Operational,B,16-002-07-000,Las Nieves,Agusan del Norte,Region XIII (Caraga),Municipality,2nd,R13,O
[2025-03] 16-003-08-000,2025-03,2025,[03] March,"San Francisco, Agusan del Sur",[1] Operational,,,,,[A] Operational,A,16-003-08-000,San Francisco,Agusan del Sur,Region XIII (Caraga),Municipality,1st,R13,O
[2025-04] 01-029-07-000,2025-04,2025,[04] April,"Caoayan, Ilocos Sur",[1] Operational,,,,,[A] Operational,B,01-029-07-000,Caoayan,Ilocos Sur,Region I (Ilocos Region),Municipality,4th,R1,C
[2025-04] 01-028-12-000,2025-04,2025,[04] April,"City of Laoag, Ilocos Norte",[1] Operational,,,,,[A] Operational,B,01-028-12-000,City of Laoag,Ilocos Norte,Region I (Ilocos Region),City,3rd,R1,C
[2025-04] 01-055-41-000,2025-04,2025,[04] April,"Sison, Pangasinan",[1] Operational,,,,,[A] Operational,B,01-055-41-000,Sison,Pangasinan,Region I (Ilocos Region),Municipality,3rd,R1,C
[2025-04] 02-031-06-000,2025-04,2025,[04] April,"Cabagan, Isabela",[1] Operational,,,,,[A] Operational,B,02-031-06-000,Cabagan,Isabela,Region II (Cagayan Valley),Municipality,1st,R2,D
[2025-04] 02-031-14-000,2025-04,2025,[04] April,"City of Ilagan, Isabela",[1] Operational,,,,,[A] Operational,A,02-031-14-000,City of Ilagan,Isabela,Region II (Cagayan Valley),City,1st (as Mun),R2,D
[2025-04] 02-015-22-000,2025-04,2025,[04] April,"Sanchez-Mira, Cagayan",[1] Operational,,,,,[A] Operational,B,02-015-22-000,Sanchez-Mira,Cagayan,Region II (Cagayan Valley),Municipality,3rd,R2,D
[2025-04] 02-031-30-000,2025-04,2025,[04] April,"San Manuel, Isabela",[1] Operational,,,,,[A] Operational,#N/A,02-031-30-000,San Manuel,Isabela,Region II (Cagayan Valley),Municipality,4th,R2,D
[2025-04] 04-056-02-000,2025-04,2025,[04] April,"Alabat, Quezon",[1] Operational,,,,,[A] Operational,A,04-056-02-000,Alabat,Quezon,Region IV-A (CALABARZON),Municipality,5th,R4A,F
[2025-04] 04-021-02-000,2025-04,2025,[04] April,"Amadeo, Cavite",[1] Operational,,,,,[A] Operational,B,04-021-02-000,Amadeo,Cavite,Region IV-A (CALABARZON),Municipality,4th,R4A,F
[2025-04] 04-010-03-000,2025-04,2025,[04] April,"Balayan, Batangas",[1] Operational,,,,,[A] Operational,B,04-010-03-000,Balayan,Batangas,Region IV-A (CALABARZON),Municipality,1st,R4A,F
[2025-04] 04-058-06-000,2025-04,2025,[04] April,"Cardona, Rizal",[1] Operational,,,,,[A] Operational,B,04-058-06-000,Cardona,Rizal,Region IV-A (CALABARZON),Municipality,3rd,R4A,F
[2025-04] 04-034-08-000,2025-04,2025,[04] April,"Famy, Laguna",[1] Operational,,,,Operational but not utilized,[A] Operational,B,04-034-08-000,Famy,Laguna,Region IV-A (CALABARZON),Municipality,5th,R4A,F
[2025-04] 04-021-07-000,2025-04,2025,[04] April,"General Emilio Aguinaldo, Cavite",[2] Ongoing Testing and Data Build-up,95%,,,,[B] Developmental,B,04-021-07-000,General Emilio Aguinaldo,Cavite,Region IV-A (CALABARZON),Municipality,5th,R4A,F
[2025-04] 04-056-16-000,2025-04,2025,[04] April,"General Luna, Quezon",[1] Operational,,,,,[A] Operational,A,04-056-16-000,General Luna,Quezon,Region IV-A (CALABARZON),Municipality,4th,R4A,F
[2025-04] 04-056-17-000,2025-04,2025,[04] April,"General Nakar, Quezon",[1] Operational,,,,,[A] Operational,B,04-056-17-000,General Nakar,Quezon,Region IV-A (CALABARZON),Municipality,1st,R4A,F
[2025-04] 04-056-19-000,2025-04,2025,[04] April,"Gumaca, Quezon",[1] Operational,,,,Operational but not utilized,[A] Operational,B,04-056-19-000,Gumaca,Quezon,Region IV-A (CALABARZON),Municipality,1st,R4A,F
[2025-04] 04-056-20-000,2025-04,2025,[04] April,"Infanta, Quezon",[1] Operational,,,,,[A] Operational,B,04-056-20-000,Infanta,Quezon,Region IV-A (CALABARZON),Municipality,1st,R4A,F
[2025-04] 04-010-15-000,2025-04,2025,[04] April,"Lobo, Batangas",[1] Operational,,,,,[A] Operational,B,04-010-15-000,Lobo,Batangas,Region IV-A (CALABARZON),Municipality,3rd,R4A,F
[2025-04] 04-021-12-000,2025-04,2025,[04] April,"Magallanes, Cavite",[2] Ongoing Testing and Data Build-up,95%,,,,[B] Developmental,B,04-021-12-000,Magallanes,Cavite,Region IV-A (CALABARZON),Municipality,4th,R4A,F
[2025-04] 04-034-18-000,2025-04,2025,[04] April,"Paete, Laguna",[1] Operational,,,,,[A] Operational,A,04-034-18-000,Paete,Laguna,Region IV-A (CALABARZON),Municipality,4th,R4A,F
[2025-04] 04-056-34-000,2025-04,2025,[04] April,"Pitogo, Quezon",[2] Ongoing Testing and Data Build-up,95%,,,,[B] Developmental,B,04-056-34-000,Pitogo,Quezon,Region IV-A (CALABARZON),Municipality,4th,R4A,F
[2025-04] 04-056-36-000,2025-04,2025,[04] April,"Polillo, Quezon",[1] Operational,,,,,[A] Operational,B,04-056-36-000,Polillo,Quezon,Region IV-A (CALABARZON),Municipality,3rd,R4A,F
[2025-04] 04-056-37-000,2025-04,2025,[04] April,"Quezon, Quezon",[2] Ongoing Testing and Data Build-up,95%,,,,[B] Developmental,B,04-056-37-000,Quezon,Quezon,Region IV-A (CALABARZON),Municipality,5th,R4A,F
[2025-04] 04-021-17-000,2025-04,2025,[04] April,"Rosario, Cavite",[1] Operational,,,,,[A] Operational,B,04-021-17-000,Rosario,Cavite,Region IV-A (CALABARZON),Municipality,1st,R4A,F
[2025-04] 04-056-39-000,2025-04,2025,[04] April,"Sampaloc, Quezon",[1] Operational,,,,,[A] Operational,B,04-056-39-000,Sampaloc,Quezon,Region IV-A (CALABARZON),Municipality,5th,R4A,F
[2025-04] 04-010-24-000,2025-04,2025,[04] April,"San Luis, Batangas",[1] Operational,,,,,[A] Operational,B,04-010-24-000,San Luis,Batangas,Region IV-A (CALABARZON),Municipality,4th,R4A,F
[2025-04] 04-010-25-000,2025-04,2025,[04] April,"San Nicolas, Batangas",[1] Operational,,,,,[A] Operational,B,04-010-25-000,San Nicolas,Batangas,Region IV-A (CALABARZON),Municipality,5th,R4A,F
[2025-04] 04-034-29-000,2025-04,2025,[04] April,"Siniloan, Laguna",[1] Operational,,,,,[A] Operational,B,04-034-29-000,Siniloan,Laguna,Region IV-A (CALABARZON),Municipality,2nd,R4A,F
[2025-04] 04-058-12-000,2025-04,2025,[04] April,"Tanay, Rizal",[1] Operational,,,,,[A] Operational,B,04-058-12-000,Tanay,Rizal,Region IV-A (CALABARZON),Municipality,1st,R4A,F
[2025-04] 04-010-34-000,2025-04,2025,[04] April,"Tuy, Batangas",[1] Operational,,,,,[A] Operational,B,04-010-34-000,Tuy,Batangas,Region IV-A (CALABARZON),Municipality,3rd,R4A,F
[2025-04] 07-022-02-000,2025-04,2025,[04] April,"Alcoy, Cebu",[2] Ongoing Testing and Data Build-up,,,,On hold data build-up; WP still not in the LGU's ordinance yet. Still deciding if they will continue the WP,[B] Developmental,B,07-022-02-000,Alcoy,Cebu,Region VII (Central Visayas),Municipality,5th,R7,J
[2025-04] 07-046-05-000,2025-04,2025,[04] April,"Basay, Negros Oriental",[1] Operational,,,,LGU is working out an ordinance for the Working Permit/Occupational Permit; will priortiize implementing the WP next year,[A] Operational,B,07-046-05-000,Basay,Negros Oriental,Region VII (Central Visayas),Municipality,4th,R7,J
[2025-04] 07-046-09-000,2025-04,2025,[04] April,"Dauin, Negros Oriental",[2] Ongoing Testing and Data Build-up,,,,On hold data build-up; WP still not in the LGU's ordinance yet. Still deciding if they will continue the WP,[B] Developmental,B,07-046-09-000,Dauin,Negros Oriental,Region VII (Central Visayas),Municipality,4th,R7,J
[2025-04] 07-061-01-000,2025-04,2025,[04] April,"Enrique Villanueva, Siquijor",[1] Operational,,,,LGU is working out an ordinance for the Working Permit/Occupational Permit; will priortiize implementing the WP next year,[A] Operational,B,07-061-01-000,Enrique Villanueva,Siquijor,Region VII (Central Visayas),Municipality,5th,R7,J
[2025-04] 07-046-14-000,2025-04,2025,[04] April,"Mabinay, Negros Oriental",[1] Operational,,,,On hold data build-up; WP still not in the LGU's ordinance yet. Still deciding if they will continue the WP,[A] Operational,B,07-046-14-000,Mabinay,Negros Oriental,Region VII (Central Visayas),Municipality,1st,R7,J
[2025-04] 07-022-28-000,2025-04,2025,[04] April,"Madridejos, Cebu",[2] Ongoing Testing and Data Build-up,,,,LGU is working out an ordinance for the Working Permit/Occupational Permit; will priortiize implementing the WP next year,[B] Developmental,B,07-022-28-000,Madridejos,Cebu,Region VII (Central Visayas),Municipality,4th,R7,J
[2025-04] 07-022-37-000,2025-04,2025,[04] April,"Pinamungajan, Cebu",[1] Operational,,,,On hold data build-up; WP still not in the LGU's ordinance yet. Still deciding if they will continue the WP,[A] Operational,B,07-022-37-000,Pinamungajan,Cebu,Region VII (Central Visayas),Municipality,2nd,R7,J
[2025-04] 07-022-42-000,2025-04,2025,[04] April,"San Francisco, Cebu",[2] Ongoing Testing and Data Build-up,,,,LGU is working out an ordinance for the Working Permit/Occupational Permit; will priortiize implementing the WP next year,[B] Developmental,B,07-022-42-000,San Francisco,Cebu,Region VII (Central Visayas),Municipality,3rd,R7,J
[2025-04] 07-046-20-000,2025-04,2025,[04] April,"Sibulan, Negros Oriental",[1] Operational,,,,On hold data build-up; WP still not in the LGU's ordinance yet. Still deciding if they will continue the WP,[A] Operational,B,07-046-20-000,Sibulan,Negros Oriental,Region VII (Central Visayas),Municipality,2nd,R7,J
[2025-04] 07-022-52-000,2025-04,2025,[04] April,"Tuburan, Cebu",[2] Ongoing Testing and Data Build-up,,,,LGU is working out an ordinance for the Working Permit/Occupational Permit; will priortiize implementing the WP next year,[B] Developmental,B,07-022-52-000,Tuburan,Cebu,Region VII (Central Visayas),Municipality,2nd,R7,J
[2025-04] 08-026-04-000,2025-04,2025,[04] April,"City of Borongan, Eastern Samar",[1] Operational,,,,,[A] Operational,A,08-026-04-000,City of Borongan,Eastern Samar,Region VIII (Eastern Visayas),City,1st (as Mun),R8,K
[2025-04] 08-037-41-000,2025-04,2025,[04] April,"Pastrana, Leyte",[1] Operational,,,,,[A] Operational,B,08-037-41-000,Pastrana,Leyte,Region VIII (Eastern Visayas),Municipality,5th*,R8,K
[2025-04] 16-002-07-000,2025-04,2025,[04] April,"Las Nieves, Agusan del Norte",[1] Operational,,,,,[A] Operational,B,16-002-07-000,Las Nieves,Agusan del Norte,Region XIII (Caraga),Municipality,2nd,R13,O
[2025-04] 16-003-08-000,2025-04,2025,[04] April,"San Francisco, Agusan del Sur",[1] Operational,,,,,[A] Operational,A,16-003-08-000,San Francisco,Agusan del Sur,Region XIII (Caraga),Municipality,1st,R13,O
[2025-04] 11-024-01-000,2025-04,2025,[04] April,"Bansalan, Davao del Sur",[1] Operational,,,,,[A] Operational,B,11-024-01-000,Bansalan,Davao del Sur,Region XI (Davao Region),Municipality,1st,R11,P
[2025-04] 11-025-05-000,2025-04,2025,[04] April,"Cateel, Davao Oriental",[1] Operational,,,,,[A] Operational,B,11-025-05-000,Cateel,Davao Oriental,Region XI (Davao Region),Municipality,2nd,R11,P
[2025-04] 11-024-03-000,2025-04,2025,[04] April,"City of Digos, Davao del Sur",[1] Operational,,,,,[A] Operational,B,11-024-03-000,City of Digos,Davao del Sur,Region XI (Davao Region),City,2nd,R11,P
[2025-04] 11-082-02-000,2025-04,2025,[04] April,"Laak, Davao de Oro",[1] Operational,,,,,[A] Operational,B,11-082-02-000,Laak,Davao de Oro,Region XI (Davao Region),Municipality,1st,R11,P
[2025-04] 11-025-07-000,2025-04,2025,[04] April,"Lupon, Davao Oriental",[1] Operational,,,,,[A] Operational,A,11-025-07-000,Lupon,Davao Oriental,Region XI (Davao Region),Municipality,1st,R11,P
[2025-04] 11-025-08-000,2025-04,2025,[04] April,"Manay, Davao Oriental",[1] Operational,,,,,[A] Operational,A,11-025-08-000,Manay,Davao Oriental,Region XI (Davao Region),Municipality,2nd,R11,P
[2025-04] 11-082-06-000,2025-04,2025,[04] April,"Mawab, Davao de Oro",[1] Operational,,,,,[A] Operational,B,11-082-06-000,Mawab,Davao de Oro,Region XI (Davao Region),Municipality,3rd,R11,P
[2025-04] 11-082-10-000,2025-04,2025,[04] April,"New Bataan, Davao de Oro",[1] Operational,,,,,[A] Operational,B,11-082-10-000,New Bataan,Davao de Oro,Region XI (Davao Region),Municipality,1st,R11,P
[2025-04] 11-025-10-000,2025-04,2025,[04] April,"San Isidro, Davao Oriental",[1] Operational,,,,,[A] Operational,B,11-025-10-000,San Isidro,Davao Oriental,Region XI (Davao Region),Municipality,3rd,R11,P
[2025-04] 11-024-14-000,2025-04,2025,[04] April,"Sulop, Davao del Sur",[1] Operational,,,,,[A] Operational,B,11-024-14-000,Sulop,Davao del Sur,Region XI (Davao Region),Municipality,3rd,R11,P
[2025-04] 19-087-13-000,2025-04,2025,[04] April,"Upi, Maguindanao del Norte",[1] Operational,,,,,[A] Operational,B,19-087-13-000,Upi,Maguindanao del Norte,Bangsamoro Autonomous Region In Muslim Mindanao (BARMM),Municipality,1st,BARMM II,R
[2025-04] 19-087-09-000,2025-04,2025,[04] April,"Parang, Maguindanao del Norte",[1] Operational,,,,,[A] Operational,B,19-087-09-000,Parang,Maguindanao del Norte,Bangsamoro Autonomous Region In Muslim Mindanao (BARMM),Municipality,1st*,BARMM II,R
[2025-04] 14-044-02-000,2025-04,2025,[04] April,"Bauko, Mountain Province",[1] Operational,,,,,[A] Operational,B,14-044-02-000,Bauko,Mountain Province,Cordillera Administrative Region (CAR),Municipality,4th,CAR,B
[2025-04] 14-044-04-000,2025-04,2025,[04] April,"Bontoc, Mountain Province",[1] Operational,,,,,[A] Operational,A,14-044-04-000,Bontoc,Mountain Province,Cordillera Administrative Region (CAR),Municipality,2nd,CAR,B
[2025-04] 14-032-13-000,2025-04,2025,[04] April,"City of Tabuk, Kalinga",[1] Operational,,,,,[A] Operational,A,14-032-13-000,City of Tabuk,Kalinga,Cordillera Administrative Region (CAR),City,5th,CAR,B
[2025-04] 14-027-02-000,2025-04,2025,[04] April,"Hungduan, Ifugao",[1] Operational,,,,,[A] Operational,B,14-027-02-000,Hungduan,Ifugao,Cordillera Administrative Region (CAR),Municipality,4th,CAR,B
[2025-04] 14-027-05-000,2025-04,2025,[04] April,"Lamut, Ifugao",[1] Operational,,,,,[A] Operational,B,14-027-05-000,Lamut,Ifugao,Cordillera Administrative Region (CAR),Municipality,4th,CAR,B
[2025-04] 14-011-11-000,2025-04,2025,[04] April,"Mankayan, Benguet",[1] Operational,,,,,[A] Operational,B,14-011-11-000,Mankayan,Benguet,Cordillera Administrative Region (CAR),Municipality,1st,CAR,B
[2025-04] 14-081-06-000,2025-04,2025,[04] April,"Pudtol, Apayao",[1] Operational,,,,,[A] Operational,B,14-081-06-000,Pudtol,Apayao,Cordillera Administrative Region (CAR),Municipality,4th,CAR,B
[2025-04] 14-011-12-000,2025-04,2025,[04] April,"Sablan, Benguet",[1] Operational,,,,,[A] Operational,A,14-011-12-000,Sablan,Benguet,Cordillera Administrative Region (CAR),Municipality,5th,CAR,B
[2025-04] 14-011-13-000,2025-04,2025,[04] April,"Tuba, Benguet",[1] Operational,,,,,[A] Operational,B,14-011-13-000,Tuba,Benguet,Cordillera Administrative Region (CAR),Municipality,1st,CAR,B
[2025-04] 14-011-14-000,2025-04,2025,[04] April,"Tublay, Benguet",[1] Operational,,,,,[A] Operational,B,14-011-14-000,Tublay,Benguet,Cordillera Administrative Region (CAR),Municipality,5th,CAR,B
[2025-04] 03-054-03-000,2025-04,2025,[04] April,"Arayat, Pampanga",[1] Operational,,,,,[A] Operational,A,03-054-03-000,Arayat,Pampanga,Region III (Central Luzon),Municipality,1st,R3,E
[2025-04] 03-077-01-000,2025-04,2025,[04] April,"Baler, Aurora",[1] Operational,,,,,[A] Operational,A,03-077-01-000,Baler,Aurora,Region III (Central Luzon),Municipality,3rd,R3,E
[2025-04] 03-077-02-000,2025-04,2025,[04] April,"Casiguran, Aurora",[2] Ongoing Testing and Data Build-up,94%,,,,[B] Developmental,B,03-077-02-000,Casiguran,Aurora,Region III (Central Luzon),Municipality,2nd,R3,E
[2025-04] 03-314-00-000,2025-04,2025,[04] April,"City of Olongapo, Zambales",[3] With Concerns,80%,,intended to withdraw,,[A] Operational,B,03-314-00-000,City of Olongapo,Zambales,Region III (Central Luzon),City,1st,R3,E
[2025-04] 03-014-20-000,2025-04,2025,[04] April,"City of San Jose Del Monte, Bulacan",[1] Operational,,,,,[A] Operational,B,03-014-20-000,City of San Jose Del Monte,Bulacan,Region III (Central Luzon),City,1st,R3,E
[2025-04] 03-054-10-000,2025-04,2025,[04] April,"Macabebe, Pampanga",[2] Ongoing Testing and Data Build-up,99%,,,,[B] Developmental,A,03-054-10-000,Macabebe,Pampanga,Region III (Central Luzon),Municipality,1st,R3,E
[2025-04] 03-054-11-000,2025-04,2025,[04] April,"Magalang, Pampanga",[2] Ongoing Testing and Data Build-up,88%,,,,[B] Developmental,B,03-054-11-000,Magalang,Pampanga,Region III (Central Luzon),Municipality,1st,R3,E
[2025-04] 03-049-23-000,2025-04,2025,[04] April,"Rizal, Nueva Ecija",[1] Operational,,,,,[A] Operational,A,03-049-23-000,Rizal,Nueva Ecija,Region III (Central Luzon),Municipality,2nd,R3,E
[2025-04] 03-054-17-000,2025-04,2025,[04] April,"San Luis, Pampanga",[1] Operational,,,,,[A] Operational,A,03-054-17-000,San Luis,Pampanga,Region III (Central Luzon),Municipality,3rd,R3,E
[2025-04] 03-049-29-000,2025-04,2025,[04] April,"Santo Domingo, Nueva Ecija",[1] Operational,,,,,[A] Operational,A,03-049-29-000,Santo Domingo,Nueva Ecija,Region III (Central Luzon),Municipality,3rd,R3,E
[2025-04] 03-049-31-000,2025-04,2025,[04] April,"Talugtug, Nueva Ecija",[2] Ongoing Testing and Data Build-up,100%,,,,[B] Developmental,A,03-049-31-000,Talugtug,Nueva Ecija,Region III (Central Luzon),Municipality,4th,R3,E
[2025-04] 17-053-01-000,2025-04,2025,[04] April,"Aborlan, Palawan",[3] With Concerns,,"WP integrated on the system, waiting to complete the LRC to fully adopt and Implement the system",,"WP integrated on the system, waiting to complete the LRC to fully adpot and Integrate the system",[A] Operational,B,17-053-01-000,Aborlan,Palawan,MIMAROPA Region,Municipality,1st,R4B,G
[2025-04] 17-052-01-000,2025-04,2025,[04] April,"Baco, Oriental Mindoro",[1] Operational,,,,,[A] Operational,B,17-052-01-000,Baco,Oriental Mindoro,MIMAROPA Region,Municipality,3rd,R4B,G
[2025-04] 17-052-02-000,2025-04,2025,[04] April,"Bansud, Oriental Mindoro",[1] Operational,,,,,[A] Operational,B,17-052-02-000,Bansud,Oriental Mindoro,MIMAROPA Region,Municipality,2nd,R4B,G
[2025-04] 17-052-03-000,2025-04,2025,[04] April,"Bongabong, Oriental Mindoro",[3] With Concerns,,"WP integrated on the system, for training and WP setup",,"WP integrated on the system, for training and WP setup",[A] Operational,B,17-052-03-000,Bongabong,Oriental Mindoro,MIMAROPA Region,Municipality,1st,R4B,G
[2025-04] 17-052-04-000,2025-04,2025,[04] April,"Bulalacao, Oriental Mindoro",[1] Operational,,,,,[A] Operational,B,17-052-04-000,Bulalacao,Oriental Mindoro,MIMAROPA Region,Municipality,3rd,R4B,G
[2025-04] 17-053-09-000,2025-04,2025,[04] April,"Coron, Palawan",[1] Operational,,,,,[A] Operational,A,17-053-09-000,Coron,Palawan,MIMAROPA Region,Municipality,1st,R4B,G
[2025-04] 17-053-22-000,2025-04,2025,[04] April,"Culion, Palawan",[3] With Concerns,,"WP integrated on the system, waiting to complete the updated LRC to fully adpot and Integrate the system",,"WP integrated on the system, waiting to complete the updated LRC to fully adpot and Integrate the system",[A] Operational,B,17-053-22-000,Culion,Palawan,MIMAROPA Region,Municipality,3rd,R4B,G
[2025-04] 17-053-12-000,2025-04,2025,[04] April,"El Nido, Palawan",[1] Operational,,,,,[A] Operational,A,17-053-12-000,El Nido,Palawan,MIMAROPA Region,Municipality,1st,R4B,G
[2025-04] 17-059-16-000,2025-04,2025,[04] April,"Ferrol, Romblon",[1] Operational,,,,,[A] Operational,B,17-059-16-000,Ferrol,Romblon,MIMAROPA Region,Municipality,6th,R4B,G
[2025-04] 17-052-06-000,2025-04,2025,[04] April,"Gloria, Oriental Mindoro",[1] Operational,,,,,[A] Operational,B,17-052-06-000,Gloria,Oriental Mindoro,MIMAROPA Region,Municipality,3rd,R4B,G
[2025-04] 17-051-03-000,2025-04,2025,[04] April,"Looc, Occidental Mindoro",[1] Operational,,,,,[A] Operational,B,17-051-03-000,Looc,Occidental Mindoro,MIMAROPA Region,Municipality,5th,R4B,G
[2025-04] 17-059-07-000,2025-04,2025,[04] April,"Looc, Romblon",[1] Operational,,,,,[A] Operational,B,17-059-07-000,Looc,Romblon,MIMAROPA Region,Municipality,4th,R4B,G
[2025-04] 17-052-08-000,2025-04,2025,[04] April,"Naujan, Oriental Mindoro",[1] Operational,,,,,[A] Operational,B,17-052-08-000,Naujan,Oriental Mindoro,MIMAROPA Region,Municipality,1st,R4B,G
[2025-04] 17-052-09-000,2025-04,2025,[04] April,"Pinamalayan, Oriental Mindoro",[1] Operational,,,,,[A] Operational,A,17-052-09-000,Pinamalayan,Oriental Mindoro,MIMAROPA Region,Municipality,1st,R4B,G
[2025-04] 17-053-17-000,2025-04,2025,[04] April,"Quezon, Palawan",[3] With Concerns,,"WP integrated on the system, waiting to complete the updated LRC to fully adpot and Integrate the system",,"WP integrated on the system, waiting to complete the updated LRC to fully adpot and Integrate the system",[A] Operational,B,17-053-17-000,Quezon,Palawan,MIMAROPA Region,Municipality,1st,R4B,G
[2025-04] 17-053-23-000,2025-04,2025,[04] April,"Rizal, Palawan",[3] With Concerns,,"WP integrated on the system, waiting to complete the updated LRC to fully adpot and Integrate the system",,"WP integrated on the system, waiting to complete the updated LRC to fully adpot and Integrate the system",[A] Operational,B,17-053-23-000,Rizal,Palawan,MIMAROPA Region,Municipality,1st,R4B,G
[2025-04] 17-051-10-000,2025-04,2025,[04] April,"San Jose, Occidental Mindoro",[1] Operational,,,,,[A] Operational,B,17-051-10-000,San Jose,Occidental Mindoro,MIMAROPA Region,Municipality,1st,R4B,G
[2025-04] 17-052-13-000,2025-04,2025,[04] April,"San Teodoro, Oriental Mindoro",[1] Operational,,,,,[A] Operational,A,17-052-13-000,San Teodoro,Oriental Mindoro,MIMAROPA Region,Municipality,4th,R4B,G
[2025-04] 17-053-19-000,2025-04,2025,[04] April,"San Vicente, Palawan",[1] Operational,,,,,[A] Operational,B,17-053-19-000,San Vicente,Palawan,MIMAROPA Region,Municipality,1st,R4B,G
[2025-04] 06-006-02-000,2025-04,2025,[04] April,"Barbaza, Antique",[1] Operational,,,,,[A] Operational,B,06-006-02-000,Barbaza,Antique,Region VI (Western Visayas),Municipality,4th,R6,I
[2025-04] 06-030-12-000,2025-04,2025,[04] April,"Cabatuan, Iloilo",[1] Operational,,,,,[A] Operational,B,06-030-12-000,Cabatuan,Iloilo,Region VI (Western Visayas),Municipality,2nd,R6,I
[2025-04] 06-045-10-000,2025-04,2025,[04] April,"City of Himamaylan, Negros Occidental",[1] Operational,,,,,[A] Operational,B,06-045-10-000,City of Himamaylan,Negros Occidental,Region VI (Western Visayas),City,3rd,R6,I
[2025-04] 06-006-09-000,2025-04,2025,[04] April,"Laua-An, Antique",[1] Operational,,,,,[A] Operational,B,06-006-09-000,Laua-An,Antique,Region VI (Western Visayas),Municipality,4th,R6,I
[2025-04] 06-004-12-000,2025-04,2025,[04] April,"Malay, Aklan",[1] Operational,,,,,[A] Operational,B,06-004-12-000,Malay,Aklan,Region VI (Western Visayas),Municipality,1st,R6,I
[2025-04] 06-030-40-000,2025-04,2025,[04] April,"San Joaquin, Iloilo",[1] Operational,,,,,[A] Operational,B,06-030-40-000,San Joaquin,Iloilo,Region VI (Western Visayas),Municipality,2nd,R6,I
[2025-04] 06-030-41-000,2025-04,2025,[04] April,"San Miguel, Iloilo",[1] Operational,,,,,[A] Operational,B,06-030-41-000,San Miguel,Iloilo,Region VI (Western Visayas),Municipality,4th,R6,I
[2025-04] 06-006-16-000,2025-04,2025,[04] April,"Sibalom, Antique",[1] Operational,,,,,[A] Operational,B,06-006-16-000,Sibalom,Antique,Region VI (Western Visayas),Municipality,2nd,R6,I
[2025-04] 06-004-17-000,2025-04,2025,[04] April,"Tangalan, Aklan",[1] Operational,,,,,[A] Operational,A,06-004-17-000,Tangalan,Aklan,Region VI (Western Visayas),Municipality,5th,R6,I
[2025-04] 10-043-06-000,2025-04,2025,[04] April,"Claveria, Misamis Oriental",[1] Operational,,,,,[A] Operational,A,10-043-06-000,Claveria,Misamis Oriental,Region X (Northern Mindanao),Municipality,1st,R10,N
[2025-04] 10-043-11-000,2025-04,2025,[04] April,"Jasaan, Misamis Oriental",[3] With Concerns,,,,Waiting for PMT go signal,[A] Operational,B,10-043-11-000,Jasaan,Misamis Oriental,Region X (Northern Mindanao),Municipality,2nd,R10,N
[2025-04] 10-043-19-000,2025-04,2025,[04] April,"Medina, Misamis Oriental",[3] With Concerns,,,,Waiting for PMT go signal,[A] Operational,B,10-043-19-000,Medina,Misamis Oriental,Region X (Northern Mindanao),Municipality,4th,R10,N
[2025-04] 12-047-15-000,2025-04,2025,[04] April,"Antipas, Cotabato",[1] Operational,,,,,[A] Operational,B,12-047-15-000,Antipas,Cotabato,Region XII (SOCCSKSARGEN),Municipality,2nd,R12,Q
[2025-04] 12-047-03-000,2025-04,2025,[04] April,"Kabacan, Cotabato",[1] Operational,,,,,[A] Operational,A,12-047-03-000,Kabacan,Cotabato,Region XII (SOCCSKSARGEN),Municipality,1st,R12,Q
[2025-04] 12-047-08-000,2025-04,2025,[04] April,"Matalam, Cotabato",[1] Operational,,,,,[A] Operational,B,12-047-08-000,Matalam,Cotabato,Region XII (SOCCSKSARGEN),Municipality,1st,R12,Q
[2025-04] 12-047-05-000,2025-04,2025,[04] April,"Libungan, Cotabato",[1] Operational,,,,,[A] Operational,B,12-047-05-000,Libungan,Cotabato,Region XII (SOCCSKSARGEN),Municipality,2nd,R12,Q
[2025-04] 12-047-11-000,2025-04,2025,[04] April,"Pigkawayan, Cotabato",[1] Operational,,,,,[A] Operational,B,12-047-11-000,Pigkawayan,Cotabato,Region XII (SOCCSKSARGEN),Municipality,1st,R12,Q
[2025-04] 12-047-12-000,2025-04,2025,[04] April,"Pikit, Cotabato",[1] Operational,,,,,[A] Operational,B,12-047-12-000,Pikit,Cotabato,Region XII (SOCCSKSARGEN),Municipality,1st,R12,Q
[2025-04] 12-065-01-000,2025-04,2025,[04] April,"Bagumbayan, Sultan Kudarat",[1] Operational,,,,,[A] Operational,B,12-065-01-000,Bagumbayan,Sultan Kudarat,Region XII (SOCCSKSARGEN),Municipality,1st,R12,Q
[2025-04] 12-065-02-000,2025-04,2025,[04] April,"Columbio, Sultan Kudarat",[1] Operational,,,,,[A] Operational,B,12-065-02-000,Columbio,Sultan Kudarat,Region XII (SOCCSKSARGEN),Municipality,1st,R12,Q
[2025-04] 12-065-03-000,2025-04,2025,[04] April,"Esperanza, Sultan Kudarat",[1] Operational,,,,,[A] Operational,B,12-065-03-000,Esperanza,Sultan Kudarat,Region XII (SOCCSKSARGEN),Municipality,1st,R12,Q
[2025-04] 12-065-04-000,2025-04,2025,[04] April,"Isulan, Sultan Kudarat",[1] Operational,,,,,[A] Operational,B,12-065-04-000,Isulan,Sultan Kudarat,Region XII (SOCCSKSARGEN),Municipality,1st,R12,Q
[2025-04] 12-065-08-000,2025-04,2025,[04] April,"Lambayong, Sultan Kudarat",[1] Operational,,,,,[A] Operational,B,12-065-08-000,Lambayong,Sultan Kudarat,Region XII (SOCCSKSARGEN),Municipality,2nd,R12,Q
[2025-05] 07-022-02-000,2025-05,2025,[05] May,"Alcoy, Cebu",[2] Ongoing Testing and Data Build-up,,,,On hold data build-up; WP still not in the LGU's ordinance yet. Still deciding if they will continue the WP,[B] Developmental,B,07-022-02-000,Alcoy,Cebu,Region VII (Central Visayas),Municipality,5th,R7,J
[2025-05] 07-046-05-000,2025-05,2025,[05] May,"Basay, Negros Oriental",[1] Operational,,,,LGU is working out an ordinance for the Working Permit/Occupational Permit; will priortiize implementing the WP next year,[A] Operational,B,07-046-05-000,Basay,Negros Oriental,Region VII (Central Visayas),Municipality,4th,R7,J
[2025-05] 07-046-09-000,2025-05,2025,[05] May,"Dauin, Negros Oriental",[2] Ongoing Testing and Data Build-up,,,,On hold data build-up; WP still not in the LGU's ordinance yet. Still deciding if they will continue the WP,[B] Developmental,B,07-046-09-000,Dauin,Negros Oriental,Region VII (Central Visayas),Municipality,4th,R7,J
[2025-05] 07-061-01-000,2025-05,2025,[05] May,"Enrique Villanueva, Siquijor",[1] Operational,,,,LGU is working out an ordinance for the Working Permit/Occupational Permit; will priortiize implementing the WP next year,[A] Operational,B,07-061-01-000,Enrique Villanueva,Siquijor,Region VII (Central Visayas),Municipality,5th,R7,J
[2025-05] 07-046-14-000,2025-05,2025,[05] May,"Mabinay, Negros Oriental",[1] Operational,,,,On hold data build-up; WP still not in the LGU's ordinance yet. Still deciding if they will continue the WP,[A] Operational,B,07-046-14-000,Mabinay,Negros Oriental,Region VII (Central Visayas),Municipality,1st,R7,J
[2025-05] 07-022-28-000,2025-05,2025,[05] May,"Madridejos, Cebu",[2] Ongoing Testing and Data Build-up,,,,LGU is working out an ordinance for the Working Permit/Occupational Permit; will priortiize implementing the WP next year,[B] Developmental,B,07-022-28-000,Madridejos,Cebu,Region VII (Central Visayas),Municipality,4th,R7,J
[2025-05] 07-022-37-000,2025-05,2025,[05] May,"Pinamungajan, Cebu",[1] Operational,,,,On hold data build-up; WP still not in the LGU's ordinance yet. Still deciding if they will continue the WP,[A] Operational,B,07-022-37-000,Pinamungajan,Cebu,Region VII (Central Visayas),Municipality,2nd,R7,J
[2025-05] 07-022-42-000,2025-05,2025,[05] May,"San Francisco, Cebu",[2] Ongoing Testing and Data Build-up,,,,LGU is working out an ordinance for the Working Permit/Occupational Permit; will priortiize implementing the WP next year,[B] Developmental,B,07-022-42-000,San Francisco,Cebu,Region VII (Central Visayas),Municipality,3rd,R7,J
[2025-05] 07-046-20-000,2025-05,2025,[05] May,"Sibulan, Negros Oriental",[1] Operational,,,,On hold data build-up; WP still not in the LGU's ordinance yet. Still deciding if they will continue the WP,[A] Operational,B,07-046-20-000,Sibulan,Negros Oriental,Region VII (Central Visayas),Municipality,2nd,R7,J
[2025-05] 07-022-52-000,2025-05,2025,[05] May,"Tuburan, Cebu",[2] Ongoing Testing and Data Build-up,,,,LGU is working out an ordinance for the Working Permit/Occupational Permit; will priortiize implementing the WP next year,[B] Developmental,B,07-022-52-000,Tuburan,Cebu,Region VII (Central Visayas),Municipality,2nd,R7,J
[2025-05] 08-026-04-000,2025-05,2025,[05] May,"City of Borongan, Eastern Samar",[1] Operational,,,,,[A] Operational,A,08-026-04-000,City of Borongan,Eastern Samar,Region VIII (Eastern Visayas),City,1st (as Mun),R8,K
[2025-05] 08-037-41-000,2025-05,2025,[05] May,"Pastrana, Leyte",[1] Operational,,,,,[A] Operational,B,08-037-41-000,Pastrana,Leyte,Region VIII (Eastern Visayas),Municipality,5th*,R8,K
[2025-05] 12-047-15-000,2025-05,2025,[05] May,"Antipas, Cotabato",[1] Operational,,,,,[A] Operational,B,12-047-15-000,Antipas,Cotabato,Region XII (SOCCSKSARGEN),Municipality,2nd,R12,Q
[2025-05] 12-047-03-000,2025-05,2025,[05] May,"Kabacan, Cotabato",[1] Operational,,,,,[A] Operational,A,12-047-03-000,Kabacan,Cotabato,Region XII (SOCCSKSARGEN),Municipality,1st,R12,Q
[2025-05] 12-047-08-000,2025-05,2025,[05] May,"Matalam, Cotabato",[1] Operational,,,,,[A] Operational,B,12-047-08-000,Matalam,Cotabato,Region XII (SOCCSKSARGEN),Municipality,1st,R12,Q
[2025-05] 12-047-05-000,2025-05,2025,[05] May,"Libungan, Cotabato",[1] Operational,,,,,[A] Operational,B,12-047-05-000,Libungan,Cotabato,Region XII (SOCCSKSARGEN),Municipality,2nd,R12,Q
[2025-05] 12-047-11-000,2025-05,2025,[05] May,"Pigkawayan, Cotabato",[1] Operational,,,,,[A] Operational,B,12-047-11-000,Pigkawayan,Cotabato,Region XII (SOCCSKSARGEN),Municipality,1st,R12,Q
[2025-05] 12-047-12-000,2025-05,2025,[05] May,"Pikit, Cotabato",[1] Operational,,,,,[A] Operational,B,12-047-12-000,Pikit,Cotabato,Region XII (SOCCSKSARGEN),Municipality,1st,R12,Q
[2025-05] 12-065-01-000,2025-05,2025,[05] May,"Bagumbayan, Sultan Kudarat",[1] Operational,,,,,[A] Operational,B,12-065-01-000,Bagumbayan,Sultan Kudarat,Region XII (SOCCSKSARGEN),Municipality,1st,R12,Q
[2025-05] 12-065-02-000,2025-05,2025,[05] May,"Columbio, Sultan Kudarat",[1] Operational,,,,,[A] Operational,B,12-065-02-000,Columbio,Sultan Kudarat,Region XII (SOCCSKSARGEN),Municipality,1st,R12,Q
[2025-05] 12-065-03-000,2025-05,2025,[05] May,"Esperanza, Sultan Kudarat",[1] Operational,,,,,[A] Operational,B,12-065-03-000,Esperanza,Sultan Kudarat,Region XII (SOCCSKSARGEN),Municipality,1st,R12,Q
[2025-05] 12-065-04-000,2025-05,2025,[05] May,"Isulan, Sultan Kudarat",[1] Operational,,,,,[A] Operational,B,12-065-04-000,Isulan,Sultan Kudarat,Region XII (SOCCSKSARGEN),Municipality,1st,R12,Q
[2025-05] 12-065-08-000,2025-05,2025,[05] May,"Lambayong, Sultan Kudarat",[1] Operational,,,,,[A] Operational,B,12-065-08-000,Lambayong,Sultan Kudarat,Region XII (SOCCSKSARGEN),Municipality,2nd,R12,Q
[2025-05] 16-002-07-000,2025-05,2025,[05] May,"Las Nieves, Agusan del Norte",[1] Operational,,,,,[A] Operational,B,16-002-07-000,Las Nieves,Agusan del Norte,Region XIII (Caraga),Municipality,2nd,R13,O
[2025-05] 16-003-08-000,2025-05,2025,[05] May,"San Francisco, Agusan del Sur",[1] Operational,,,,,[A] Operational,A,16-003-08-000,San Francisco,Agusan del Sur,Region XIII (Caraga),Municipality,1st,R13,O
[2025-05] 19-087-13-000,2025-05,2025,[05] May,"Upi, Maguindanao del Norte",[1] Operational,,,,,[A] Operational,B,19-087-13-000,Upi,Maguindanao del Norte,Bangsamoro Autonomous Region In Muslim Mindanao (BARMM),Municipality,1st,BARMM II,R
[2025-05] 19-087-09-000,2025-05,2025,[05] May,"Parang, Maguindanao del Norte",[1] Operational,,,,,[A] Operational,B,19-087-09-000,Parang,Maguindanao del Norte,Bangsamoro Autonomous Region In Muslim Mindanao (BARMM),Municipality,1st*,BARMM II,R
[2025-05] 10-043-06-000,2025-05,2025,[05] May,"Claveria, Misamis Oriental",[1] Operational,,,,,[A] Operational,A,10-043-06-000,Claveria,Misamis Oriental,Region X (Northern Mindanao),Municipality,1st,R10,N
[2025-05] 10-043-11-000,2025-05,2025,[05] May,"Jasaan, Misamis Oriental",[3] With Concerns,,,,Waiting for PMT go signal,[A] Operational,B,10-043-11-000,Jasaan,Misamis Oriental,Region X (Northern Mindanao),Municipality,2nd,R10,N
[2025-05] 10-043-19-000,2025-05,2025,[05] May,"Medina, Misamis Oriental",[3] With Concerns,,,,Waiting for PMT go signal,[A] Operational,B,10-043-19-000,Medina,Misamis Oriental,Region X (Northern Mindanao),Municipality,4th,R10,N
[2025-05] 11-024-01-000,2025-05,2025,[05] May,"Bansalan, Davao del Sur",[1] Operational,,,,,[A] Operational,B,11-024-01-000,Bansalan,Davao del Sur,Region XI (Davao Region),Municipality,1st,R11,P
[2025-05] 11-025-05-000,2025-05,2025,[05] May,"Cateel, Davao Oriental",[1] Operational,,,,,[A] Operational,B,11-025-05-000,Cateel,Davao Oriental,Region XI (Davao Region),Municipality,2nd,R11,P
[2025-05] 11-024-03-000,2025-05,2025,[05] May,"City of Digos, Davao del Sur",[1] Operational,,,,,[A] Operational,B,11-024-03-000,City of Digos,Davao del Sur,Region XI (Davao Region),City,2nd,R11,P
[2025-05] 11-082-02-000,2025-05,2025,[05] May,"Laak, Davao de Oro",[1] Operational,,,,,[A] Operational,B,11-082-02-000,Laak,Davao de Oro,Region XI (Davao Region),Municipality,1st,R11,P
[2025-05] 11-025-07-000,2025-05,2025,[05] May,"Lupon, Davao Oriental",[1] Operational,,,,,[A] Operational,A,11-025-07-000,Lupon,Davao Oriental,Region XI (Davao Region),Municipality,1st,R11,P
[2025-05] 11-025-08-000,2025-05,2025,[05] May,"Manay, Davao Oriental",[1] Operational,,,,,[A] Operational,A,11-025-08-000,Manay,Davao Oriental,Region XI (Davao Region),Municipality,2nd,R11,P
[2025-05] 11-082-06-000,2025-05,2025,[05] May,"Mawab, Davao de Oro",[1] Operational,,,,,[A] Operational,B,11-082-06-000,Mawab,Davao de Oro,Region XI (Davao Region),Municipality,3rd,R11,P
[2025-05] 11-082-10-000,2025-05,2025,[05] May,"New Bataan, Davao de Oro",[1] Operational,,,,,[A] Operational,B,11-082-10-000,New Bataan,Davao de Oro,Region XI (Davao Region),Municipality,1st,R11,P
[2025-05] 11-025-10-000,2025-05,2025,[05] May,"San Isidro, Davao Oriental",[1] Operational,,,,,[A] Operational,B,11-025-10-000,San Isidro,Davao Oriental,Region XI (Davao Region),Municipality,3rd,R11,P
[2025-05] 11-024-14-000,2025-05,2025,[05] May,"Sulop, Davao del Sur",[1] Operational,,,,,[A] Operational,B,11-024-14-000,Sulop,Davao del Sur,Region XI (Davao Region),Municipality,3rd,R11,P
[2025-05] 14-044-02-000,2025-05,2025,[05] May,"Bauko, Mountain Province",[1] Operational,,,,,[A] Operational,B,14-044-02-000,Bauko,Mountain Province,Cordillera Administrative Region (CAR),Municipality,4th,CAR,B
[2025-05] 14-044-04-000,2025-05,2025,[05] May,"Bontoc, Mountain Province",[1] Operational,,,,,[A] Operational,A,14-044-04-000,Bontoc,Mountain Province,Cordillera Administrative Region (CAR),Municipality,2nd,CAR,B
[2025-05] 14-032-13-000,2025-05,2025,[05] May,"City of Tabuk, Kalinga",[1] Operational,,,,,[A] Operational,A,14-032-13-000,City of Tabuk,Kalinga,Cordillera Administrative Region (CAR),City,5th,CAR,B
[2025-05] 14-027-02-000,2025-05,2025,[05] May,"Hungduan, Ifugao",[1] Operational,,,,,[A] Operational,B,14-027-02-000,Hungduan,Ifugao,Cordillera Administrative Region (CAR),Municipality,4th,CAR,B
[2025-05] 14-027-05-000,2025-05,2025,[05] May,"Lamut, Ifugao",[1] Operational,,,,,[A] Operational,B,14-027-05-000,Lamut,Ifugao,Cordillera Administrative Region (CAR),Municipality,4th,CAR,B
[2025-05] 14-011-11-000,2025-05,2025,[05] May,"Mankayan, Benguet",[1] Operational,,,,,[A] Operational,B,14-011-11-000,Mankayan,Benguet,Cordillera Administrative Region (CAR),Municipality,1st,CAR,B
[2025-05] 14-081-06-000,2025-05,2025,[05] May,"Pudtol, Apayao",[1] Operational,,,,,[A] Operational,B,14-081-06-000,Pudtol,Apayao,Cordillera Administrative Region (CAR),Municipality,4th,CAR,B
[2025-05] 14-011-12-000,2025-05,2025,[05] May,"Sablan, Benguet",[1] Operational,,,,,[A] Operational,A,14-011-12-000,Sablan,Benguet,Cordillera Administrative Region (CAR),Municipality,5th,CAR,B
[2025-05] 14-011-13-000,2025-05,2025,[05] May,"Tuba, Benguet",[1] Operational,,,,,[A] Operational,B,14-011-13-000,Tuba,Benguet,Cordillera Administrative Region (CAR),Municipality,1st,CAR,B
[2025-05] 14-011-14-000,2025-05,2025,[05] May,"Tublay, Benguet",[1] Operational,,,,,[A] Operational,B,14-011-14-000,Tublay,Benguet,Cordillera Administrative Region (CAR),Municipality,5th,CAR,B
[2025-05] 01-029-07-000,2025-05,2025,[05] May,"Caoayan, Ilocos Sur",[1] Operational,,,,,[A] Operational,B,01-029-07-000,Caoayan,Ilocos Sur,Region I (Ilocos Region),Municipality,4th,R1,C
[2025-05] 01-028-12-000,2025-05,2025,[05] May,"City of Laoag, Ilocos Norte",[1] Operational,,,,,[A] Operational,B,01-028-12-000,City of Laoag,Ilocos Norte,Region I (Ilocos Region),City,3rd,R1,C
[2025-05] 01-055-41-000,2025-05,2025,[05] May,"Sison, Pangasinan",[1] Operational,,,,,[A] Operational,B,01-055-41-000,Sison,Pangasinan,Region I (Ilocos Region),Municipality,3rd,R1,C
[2025-05] 02-031-06-000,2025-05,2025,[05] May,"Cabagan, Isabela",[1] Operational,,,,,[A] Operational,B,02-031-06-000,Cabagan,Isabela,Region II (Cagayan Valley),Municipality,1st,R2,D
[2025-05] 02-031-14-000,2025-05,2025,[05] May,"City of Ilagan, Isabela",[1] Operational,,,,,[A] Operational,A,02-031-14-000,City of Ilagan,Isabela,Region II (Cagayan Valley),City,1st (as Mun),R2,D
[2025-05] 02-015-22-000,2025-05,2025,[05] May,"Sanchez-Mira, Cagayan",[1] Operational,,,,,[A] Operational,B,02-015-22-000,Sanchez-Mira,Cagayan,Region II (Cagayan Valley),Municipality,3rd,R2,D
[2025-05] 02-031-30-000,2025-05,2025,[05] May,"San Manuel, Isabela",[1] Operational,,,,,[A] Operational,#N/A,02-031-30-000,San Manuel,Isabela,Region II (Cagayan Valley),Municipality,4th,R2,D
[2025-05] 03-054-03-000,2025-05,2025,[05] May,"Arayat, Pampanga",[1] Operational,,,,,[A] Operational,A,03-054-03-000,Arayat,Pampanga,Region III (Central Luzon),Municipality,1st,R3,E
[2025-05] 03-077-01-000,2025-05,2025,[05] May,"Baler, Aurora",[1] Operational,,,,,[A] Operational,A,03-077-01-000,Baler,Aurora,Region III (Central Luzon),Municipality,3rd,R3,E
[2025-05] 03-077-02-000,2025-05,2025,[05] May,"Casiguran, Aurora",[2] Ongoing Testing and Data Build-up,94%,,,,[B] Developmental,B,03-077-02-000,Casiguran,Aurora,Region III (Central Luzon),Municipality,2nd,R3,E
[2025-05] 03-314-00-000,2025-05,2025,[05] May,"City of Olongapo, Zambales",[3] With Concerns,80%,,intended to withdraw,,[A] Operational,B,03-314-00-000,City of Olongapo,Zambales,Region III (Central Luzon),City,1st,R3,E
[2025-05] 03-014-20-000,2025-05,2025,[05] May,"City of San Jose Del Monte, Bulacan",[1] Operational,,,,,[A] Operational,B,03-014-20-000,City of San Jose Del Monte,Bulacan,Region III (Central Luzon),City,1st,R3,E
[2025-05] 03-054-10-000,2025-05,2025,[05] May,"Macabebe, Pampanga",[2] Ongoing Testing and Data Build-up,99%,,,,[B] Developmental,A,03-054-10-000,Macabebe,Pampanga,Region III (Central Luzon),Municipality,1st,R3,E
[2025-05] 03-054-11-000,2025-05,2025,[05] May,"Magalang, Pampanga",[2] Ongoing Testing and Data Build-up,88%,,,,[B] Developmental,B,03-054-11-000,Magalang,Pampanga,Region III (Central Luzon),Municipality,1st,R3,E
[2025-05] 03-049-23-000,2025-05,2025,[05] May,"Rizal, Nueva Ecija",[1] Operational,,,,,[A] Operational,A,03-049-23-000,Rizal,Nueva Ecija,Region III (Central Luzon),Municipality,2nd,R3,E
[2025-05] 03-054-17-000,2025-05,2025,[05] May,"San Luis, Pampanga",[1] Operational,,,,,[A] Operational,A,03-054-17-000,San Luis,Pampanga,Region III (Central Luzon),Municipality,3rd,R3,E
[2025-05] 03-049-29-000,2025-05,2025,[05] May,"Santo Domingo, Nueva Ecija",[1] Operational,,,,,[A] Operational,A,03-049-29-000,Santo Domingo,Nueva Ecija,Region III (Central Luzon),Municipality,3rd,R3,E
[2025-05] 03-049-31-000,2025-05,2025,[05] May,"Talugtug, Nueva Ecija",[2] Ongoing Testing and Data Build-up,100%,,,,[B] Developmental,A,03-049-31-000,Talugtug,Nueva Ecija,Region III (Central Luzon),Municipality,4th,R3,E
[2025-05] 04-056-02-000,2025-05,2025,[05] May,"Alabat, Quezon",[1] Operational,,,,,[A] Operational,A,04-056-02-000,Alabat,Quezon,Region IV-A (CALABARZON),Municipality,5th,R4A,F
[2025-05] 04-021-02-000,2025-05,2025,[05] May,"Amadeo, Cavite",[1] Operational,,,,,[A] Operational,B,04-021-02-000,Amadeo,Cavite,Region IV-A (CALABARZON),Municipality,4th,R4A,F
[2025-05] 04-010-03-000,2025-05,2025,[05] May,"Balayan, Batangas",[1] Operational,,,,,[A] Operational,B,04-010-03-000,Balayan,Batangas,Region IV-A (CALABARZON),Municipality,1st,R4A,F
[2025-05] 04-058-06-000,2025-05,2025,[05] May,"Cardona, Rizal",[1] Operational,,,,,[A] Operational,B,04-058-06-000,Cardona,Rizal,Region IV-A (CALABARZON),Municipality,3rd,R4A,F
[2025-05] 04-034-08-000,2025-05,2025,[05] May,"Famy, Laguna",[1] Operational,,,,Operational but not utilized,[A] Operational,B,04-034-08-000,Famy,Laguna,Region IV-A (CALABARZON),Municipality,5th,R4A,F
[2025-05] 04-021-07-000,2025-05,2025,[05] May,"General Emilio Aguinaldo, Cavite",[2] Ongoing Testing and Data Build-up,95%,,,,[B] Developmental,B,04-021-07-000,General Emilio Aguinaldo,Cavite,Region IV-A (CALABARZON),Municipality,5th,R4A,F
[2025-05] 04-056-16-000,2025-05,2025,[05] May,"General Luna, Quezon",[1] Operational,,,,,[A] Operational,A,04-056-16-000,General Luna,Quezon,Region IV-A (CALABARZON),Municipality,4th,R4A,F
[2025-05] 04-056-17-000,2025-05,2025,[05] May,"General Nakar, Quezon",[1] Operational,,,,,[A] Operational,B,04-056-17-000,General Nakar,Quezon,Region IV-A (CALABARZON),Municipality,1st,R4A,F
[2025-05] 04-056-19-000,2025-05,2025,[05] May,"Gumaca, Quezon",[1] Operational,,,,Operational but not utilized,[A] Operational,B,04-056-19-000,Gumaca,Quezon,Region IV-A (CALABARZON),Municipality,1st,R4A,F
[2025-05] 04-056-20-000,2025-05,2025,[05] May,"Infanta, Quezon",[1] Operational,,,,,[A] Operational,B,04-056-20-000,Infanta,Quezon,Region IV-A (CALABARZON),Municipality,1st,R4A,F
[2025-05] 04-010-15-000,2025-05,2025,[05] May,"Lobo, Batangas",[1] Operational,,,,,[A] Operational,B,04-010-15-000,Lobo,Batangas,Region IV-A (CALABARZON),Municipality,3rd,R4A,F
[2025-05] 04-021-12-000,2025-05,2025,[05] May,"Magallanes, Cavite",[2] Ongoing Testing and Data Build-up,95%,,,,[B] Developmental,B,04-021-12-000,Magallanes,Cavite,Region IV-A (CALABARZON),Municipality,4th,R4A,F
[2025-05] 04-034-18-000,2025-05,2025,[05] May,"Paete, Laguna",[1] Operational,,,,,[A] Operational,A,04-034-18-000,Paete,Laguna,Region IV-A (CALABARZON),Municipality,4th,R4A,F
[2025-05] 04-056-34-000,2025-05,2025,[05] May,"Pitogo, Quezon",[2] Ongoing Testing and Data Build-up,95%,,,,[B] Developmental,B,04-056-34-000,Pitogo,Quezon,Region IV-A (CALABARZON),Municipality,4th,R4A,F
[2025-05] 04-056-36-000,2025-05,2025,[05] May,"Polillo, Quezon",[1] Operational,,,,,[A] Operational,B,04-056-36-000,Polillo,Quezon,Region IV-A (CALABARZON),Municipality,3rd,R4A,F
[2025-05] 04-056-37-000,2025-05,2025,[05] May,"Quezon, Quezon",[2] Ongoing Testing and Data Build-up,95%,,,,[B] Developmental,B,04-056-37-000,Quezon,Quezon,Region IV-A (CALABARZON),Municipality,5th,R4A,F
[2025-05] 04-021-17-000,2025-05,2025,[05] May,"Rosario, Cavite",[1] Operational,,,,,[A] Operational,B,04-021-17-000,Rosario,Cavite,Region IV-A (CALABARZON),Municipality,1st,R4A,F
[2025-05] 04-056-39-000,2025-05,2025,[05] May,"Sampaloc, Quezon",[1] Operational,,,,,[A] Operational,B,04-056-39-000,Sampaloc,Quezon,Region IV-A (CALABARZON),Municipality,5th,R4A,F
[2025-05] 04-010-24-000,2025-05,2025,[05] May,"San Luis, Batangas",[1] Operational,,,,,[A] Operational,B,04-010-24-000,San Luis,Batangas,Region IV-A (CALABARZON),Municipality,4th,R4A,F
[2025-05] 04-010-25-000,2025-05,2025,[05] May,"San Nicolas, Batangas",[1] Operational,,,,,[A] Operational,B,04-010-25-000,San Nicolas,Batangas,Region IV-A (CALABARZON),Municipality,5th,R4A,F
[2025-05] 04-034-29-000,2025-05,2025,[05] May,"Siniloan, Laguna",[1] Operational,,,,,[A] Operational,B,04-034-29-000,Siniloan,Laguna,Region IV-A (CALABARZON),Municipality,2nd,R4A,F
[2025-05] 04-058-12-000,2025-05,2025,[05] May,"Tanay, Rizal",[1] Operational,,,,,[A] Operational,B,04-058-12-000,Tanay,Rizal,Region IV-A (CALABARZON),Municipality,1st,R4A,F
[2025-05] 04-010-34-000,2025-05,2025,[05] May,"Tuy, Batangas",[1] Operational,,,,,[A] Operational,B,04-010-34-000,Tuy,Batangas,Region IV-A (CALABARZON),Municipality,3rd,R4A,F
[2025-05] 17-053-01-000,2025-05,2025,[05] May,"Aborlan, Palawan",[3] With Concerns,,"WP integrated on the system, waiting to complete the LRC to fully adopt and Implement the system",,"WP integrated on the system, waiting to complete the LRC to fully adpot and Integrate the system",[A] Operational,B,17-053-01-000,Aborlan,Palawan,MIMAROPA Region,Municipality,1st,R4B,G
[2025-05] 17-052-01-000,2025-05,2025,[05] May,"Baco, Oriental Mindoro",[1] Operational,,,,,[A] Operational,B,17-052-01-000,Baco,Oriental Mindoro,MIMAROPA Region,Municipality,3rd,R4B,G
[2025-05] 17-052-02-000,2025-05,2025,[05] May,"Bansud, Oriental Mindoro",[1] Operational,,,,,[A] Operational,B,17-052-02-000,Bansud,Oriental Mindoro,MIMAROPA Region,Municipality,2nd,R4B,G
[2025-05] 17-052-03-000,2025-05,2025,[05] May,"Bongabong, Oriental Mindoro",[3] With Concerns,,"WP integrated on the system, for training and WP setup",,"WP integrated on the system, for training and WP setup",[A] Operational,B,17-052-03-000,Bongabong,Oriental Mindoro,MIMAROPA Region,Municipality,1st,R4B,G
[2025-05] 17-052-04-000,2025-05,2025,[05] May,"Bulalacao, Oriental Mindoro",[1] Operational,,,,,[A] Operational,B,17-052-04-000,Bulalacao,Oriental Mindoro,MIMAROPA Region,Municipality,3rd,R4B,G
[2025-05] 17-053-09-000,2025-05,2025,[05] May,"Coron, Palawan",[1] Operational,,,,,[A] Operational,A,17-053-09-000,Coron,Palawan,MIMAROPA Region,Municipality,1st,R4B,G
[2025-05] 17-053-22-000,2025-05,2025,[05] May,"Culion, Palawan",[3] With Concerns,,"WP integrated on the system, waiting to complete the updated LRC to fully adpot and Integrate the system",,"WP integrated on the system, waiting to complete the updated LRC to fully adpot and Integrate the system",[A] Operational,B,17-053-22-000,Culion,Palawan,MIMAROPA Region,Municipality,3rd,R4B,G
[2025-05] 17-053-12-000,2025-05,2025,[05] May,"El Nido, Palawan",[1] Operational,,,,,[A] Operational,A,17-053-12-000,El Nido,Palawan,MIMAROPA Region,Municipality,1st,R4B,G
[2025-05] 17-059-16-000,2025-05,2025,[05] May,"Ferrol, Romblon",[1] Operational,,,,,[A] Operational,B,17-059-16-000,Ferrol,Romblon,MIMAROPA Region,Municipality,6th,R4B,G
[2025-05] 17-052-06-000,2025-05,2025,[05] May,"Gloria, Oriental Mindoro",[1] Operational,,,,,[A] Operational,B,17-052-06-000,Gloria,Oriental Mindoro,MIMAROPA Region,Municipality,3rd,R4B,G
[2025-05] 17-051-03-000,2025-05,2025,[05] May,"Looc, Occidental Mindoro",[1] Operational,,,,,[A] Operational,B,17-051-03-000,Looc,Occidental Mindoro,MIMAROPA Region,Municipality,5th,R4B,G
[2025-05] 17-059-07-000,2025-05,2025,[05] May,"Looc, Romblon",[1] Operational,,,,,[A] Operational,B,17-059-07-000,Looc,Romblon,MIMAROPA Region,Municipality,4th,R4B,G
[2025-05] 17-052-08-000,2025-05,2025,[05] May,"Naujan, Oriental Mindoro",[1] Operational,,,,,[A] Operational,B,17-052-08-000,Naujan,Oriental Mindoro,MIMAROPA Region,Municipality,1st,R4B,G
[2025-05] 17-052-09-000,2025-05,2025,[05] May,"Pinamalayan, Oriental Mindoro",[1] Operational,,,,,[A] Operational,A,17-052-09-000,Pinamalayan,Oriental Mindoro,MIMAROPA Region,Municipality,1st,R4B,G
[2025-05] 17-053-17-000,2025-05,2025,[05] May,"Quezon, Palawan",[3] With Concerns,,"WP integrated on the system, waiting to complete the updated LRC to fully adpot and Integrate the system",,"WP integrated on the system, waiting to complete the updated LRC to fully adpot and Integrate the system",[A] Operational,B,17-053-17-000,Quezon,Palawan,MIMAROPA Region,Municipality,1st,R4B,G
[2025-05] 17-053-23-000,2025-05,2025,[05] May,"Rizal, Palawan",[3] With Concerns,,"WP integrated on the system, waiting to complete the updated LRC to fully adpot and Integrate the system",,"WP integrated on the system, waiting to complete the updated LRC to fully adpot and Integrate the system",[A] Operational,B,17-053-23-000,Rizal,Palawan,MIMAROPA Region,Municipality,1st,R4B,G
[2025-05] 17-051-10-000,2025-05,2025,[05] May,"San Jose, Occidental Mindoro",[1] Operational,,,,,[A] Operational,B,17-051-10-000,San Jose,Occidental Mindoro,MIMAROPA Region,Municipality,1st,R4B,G
[2025-05] 17-052-13-000,2025-05,2025,[05] May,"San Teodoro, Oriental Mindoro",[1] Operational,,,,,[A] Operational,A,17-052-13-000,San Teodoro,Oriental Mindoro,MIMAROPA Region,Municipality,4th,R4B,G
[2025-05] 17-053-19-000,2025-05,2025,[05] May,"San Vicente, Palawan",[1] Operational,,,,,[A] Operational,B,17-053-19-000,San Vicente,Palawan,MIMAROPA Region,Municipality,1st,R4B,G
[2025-05] 06-006-02-000,2025-05,2025,[05] May,"Barbaza, Antique",[1] Operational,,,,,[A] Operational,B,06-006-02-000,Barbaza,Antique,Region VI (Western Visayas),Municipality,4th,R6,I
[2025-05] 06-030-12-000,2025-05,2025,[05] May,"Cabatuan, Iloilo",[1] Operational,,,,,[A] Operational,B,06-030-12-000,Cabatuan,Iloilo,Region VI (Western Visayas),Municipality,2nd,R6,I
[2025-05] 06-045-10-000,2025-05,2025,[05] May,"City of Himamaylan, Negros Occidental",[1] Operational,,,,,[A] Operational,B,06-045-10-000,City of Himamaylan,Negros Occidental,Region VI (Western Visayas),City,3rd,R6,I
[2025-05] 06-006-09-000,2025-05,2025,[05] May,"Laua-An, Antique",[1] Operational,,,,,[A] Operational,B,06-006-09-000,Laua-An,Antique,Region VI (Western Visayas),Municipality,4th,R6,I
[2025-05] 06-004-12-000,2025-05,2025,[05] May,"Malay, Aklan",[1] Operational,,,,,[A] Operational,B,06-004-12-000,Malay,Aklan,Region VI (Western Visayas),Municipality,1st,R6,I
[2025-05] 06-030-40-000,2025-05,2025,[05] May,"San Joaquin, Iloilo",[1] Operational,,,,,[A] Operational,B,06-030-40-000,San Joaquin,Iloilo,Region VI (Western Visayas),Municipality,2nd,R6,I
[2025-05] 06-030-41-000,2025-05,2025,[05] May,"San Miguel, Iloilo",[1] Operational,,,,,[A] Operational,B,06-030-41-000,San Miguel,Iloilo,Region VI (Western Visayas),Municipality,4th,R6,I
[2025-05] 06-006-16-000,2025-05,2025,[05] May,"Sibalom, Antique",[1] Operational,,,,,[A] Operational,B,06-006-16-000,Sibalom,Antique,Region VI (Western Visayas),Municipality,2nd,R6,I
[2025-05] 06-004-17-000,2025-05,2025,[05] May,"Tangalan, Aklan",[1] Operational,,,,,[A] Operational,A,06-004-17-000,Tangalan,Aklan,Region VI (Western Visayas),Municipality,5th,R6,I
[2025-06] 14-044-02-000,2025-06,2025,[06] June,"Bauko, Mountain Province",[1] Operational,,,,,[A] Operational,B,14-044-02-000,Bauko,Mountain Province,Cordillera Administrative Region (CAR),Municipality,4th,CAR,B
[2025-06] 14-044-04-000,2025-06,2025,[06] June,"Bontoc, Mountain Province",[1] Operational,,,,,[A] Operational,A,14-044-04-000,Bontoc,Mountain Province,Cordillera Administrative Region (CAR),Municipality,2nd,CAR,B
[2025-06] 14-032-13-000,2025-06,2025,[06] June,"City of Tabuk, Kalinga",[1] Operational,,,,,[A] Operational,A,14-032-13-000,City of Tabuk,Kalinga,Cordillera Administrative Region (CAR),City,5th,CAR,B
[2025-06] 14-027-02-000,2025-06,2025,[06] June,"Hungduan, Ifugao",[1] Operational,,,,,[A] Operational,B,14-027-02-000,Hungduan,Ifugao,Cordillera Administrative Region (CAR),Municipality,4th,CAR,B
[2025-06] 14-027-05-000,2025-06,2025,[06] June,"Lamut, Ifugao",[1] Operational,,,,,[A] Operational,B,14-027-05-000,Lamut,Ifugao,Cordillera Administrative Region (CAR),Municipality,4th,CAR,B
[2025-06] 14-011-11-000,2025-06,2025,[06] June,"Mankayan, Benguet",[1] Operational,,,,,[A] Operational,B,14-011-11-000,Mankayan,Benguet,Cordillera Administrative Region (CAR),Municipality,1st,CAR,B
[2025-06] 14-081-06-000,2025-06,2025,[06] June,"Pudtol, Apayao",[1] Operational,,,,,[A] Operational,B,14-081-06-000,Pudtol,Apayao,Cordillera Administrative Region (CAR),Municipality,4th,CAR,B
[2025-06] 14-011-12-000,2025-06,2025,[06] June,"Sablan, Benguet",[1] Operational,,,,,[A] Operational,A,14-011-12-000,Sablan,Benguet,Cordillera Administrative Region (CAR),Municipality,5th,CAR,B
[2025-06] 14-011-13-000,2025-06,2025,[06] June,"Tuba, Benguet",[1] Operational,,,,,[A] Operational,B,14-011-13-000,Tuba,Benguet,Cordillera Administrative Region (CAR),Municipality,1st,CAR,B
[2025-06] 14-011-14-000,2025-06,2025,[06] June,"Tublay, Benguet",[1] Operational,,,,,[A] Operational,B,14-011-14-000,Tublay,Benguet,Cordillera Administrative Region (CAR),Municipality,5th,CAR,B
[2025-06] 01-029-07-000,2025-06,2025,[06] June,"Caoayan, Ilocos Sur",[1] Operational,,,,,[A] Operational,B,01-029-07-000,Caoayan,Ilocos Sur,Region I (Ilocos Region),Municipality,4th,R1,C
[2025-06] 01-028-12-000,2025-06,2025,[06] June,"City of Laoag, Ilocos Norte",[1] Operational,,,,,[A] Operational,B,01-028-12-000,City of Laoag,Ilocos Norte,Region I (Ilocos Region),City,3rd,R1,C
[2025-06] 01-055-41-000,2025-06,2025,[06] June,"Sison, Pangasinan",[1] Operational,,,,,[A] Operational,B,01-055-41-000,Sison,Pangasinan,Region I (Ilocos Region),Municipality,3rd,R1,C
[2025-06] 02-031-06-000,2025-06,2025,[06] June,"Cabagan, Isabela",[1] Operational,,,,,[A] Operational,B,02-031-06-000,Cabagan,Isabela,Region II (Cagayan Valley),Municipality,1st,R2,D
[2025-06] 02-031-14-000,2025-06,2025,[06] June,"City of Ilagan, Isabela",[1] Operational,,,,,[A] Operational,A,02-031-14-000,City of Ilagan,Isabela,Region II (Cagayan Valley),City,1st (as Mun),R2,D
[2025-06] 02-015-22-000,2025-06,2025,[06] June,"Sanchez-Mira, Cagayan",[1] Operational,,,,,[A] Operational,B,02-015-22-000,Sanchez-Mira,Cagayan,Region II (Cagayan Valley),Municipality,3rd,R2,D
[2025-06] 02-031-30-000,2025-06,2025,[06] June,"San Manuel, Isabela",[1] Operational,,,,,[A] Operational,#N/A,02-031-30-000,San Manuel,Isabela,Region II (Cagayan Valley),Municipality,4th,R2,D
[2025-06] 04-056-02-000,2025-06,2025,[06] June,"Alabat, Quezon",[1] Operational,,,,,[A] Operational,A,04-056-02-000,Alabat,Quezon,Region IV-A (CALABARZON),Municipality,5th,R4A,F
[2025-06] 04-021-02-000,2025-06,2025,[06] June,"Amadeo, Cavite",[1] Operational,,,,,[A] Operational,B,04-021-02-000,Amadeo,Cavite,Region IV-A (CALABARZON),Municipality,4th,R4A,F
[2025-06] 04-010-03-000,2025-06,2025,[06] June,"Balayan, Batangas",[1] Operational,,,,,[A] Operational,B,04-010-03-000,Balayan,Batangas,Region IV-A (CALABARZON),Municipality,1st,R4A,F
[2025-06] 04-058-06-000,2025-06,2025,[06] June,"Cardona, Rizal",[1] Operational,,,,,[A] Operational,B,04-058-06-000,Cardona,Rizal,Region IV-A (CALABARZON),Municipality,3rd,R4A,F
[2025-06] 04-034-08-000,2025-06,2025,[06] June,"Famy, Laguna",[1] Operational,,,,Operational but not utilized,[A] Operational,B,04-034-08-000,Famy,Laguna,Region IV-A (CALABARZON),Municipality,5th,R4A,F
[2025-06] 04-021-07-000,2025-06,2025,[06] June,"General Emilio Aguinaldo, Cavite",[2] Ongoing Testing and Data Build-up,95%,,,,[B] Developmental,B,04-021-07-000,General Emilio Aguinaldo,Cavite,Region IV-A (CALABARZON),Municipality,5th,R4A,F
[2025-06] 04-056-16-000,2025-06,2025,[06] June,"General Luna, Quezon",[1] Operational,,,,,[A] Operational,A,04-056-16-000,General Luna,Quezon,Region IV-A (CALABARZON),Municipality,4th,R4A,F
[2025-06] 04-056-17-000,2025-06,2025,[06] June,"General Nakar, Quezon",[1] Operational,,,,,[A] Operational,B,04-056-17-000,General Nakar,Quezon,Region IV-A (CALABARZON),Municipality,1st,R4A,F
[2025-06] 04-056-19-000,2025-06,2025,[06] June,"Gumaca, Quezon",[1] Operational,,,,Operational but not utilized,[A] Operational,B,04-056-19-000,Gumaca,Quezon,Region IV-A (CALABARZON),Municipality,1st,R4A,F
[2025-06] 04-056-20-000,2025-06,2025,[06] June,"Infanta, Quezon",[1] Operational,,,,,[A] Operational,B,04-056-20-000,Infanta,Quezon,Region IV-A (CALABARZON),Municipality,1st,R4A,F
[2025-06] 04-010-15-000,2025-06,2025,[06] June,"Lobo, Batangas",[1] Operational,,,,,[A] Operational,B,04-010-15-000,Lobo,Batangas,Region IV-A (CALABARZON),Municipality,3rd,R4A,F
[2025-06] 04-021-12-000,2025-06,2025,[06] June,"Magallanes, Cavite",[2] Ongoing Testing and Data Build-up,95%,,,,[B] Developmental,B,04-021-12-000,Magallanes,Cavite,Region IV-A (CALABARZON),Municipality,4th,R4A,F
[2025-06] 04-034-18-000,2025-06,2025,[06] June,"Paete, Laguna",[1] Operational,,,,,[A] Operational,A,04-034-18-000,Paete,Laguna,Region IV-A (CALABARZON),Municipality,4th,R4A,F
[2025-06] 04-056-34-000,2025-06,2025,[06] June,"Pitogo, Quezon",[2] Ongoing Testing and Data Build-up,95%,,,,[B] Developmental,B,04-056-34-000,Pitogo,Quezon,Region IV-A (CALABARZON),Municipality,4th,R4A,F
[2025-06] 04-056-36-000,2025-06,2025,[06] June,"Polillo, Quezon",[1] Operational,,,,,[A] Operational,B,04-056-36-000,Polillo,Quezon,Region IV-A (CALABARZON),Municipality,3rd,R4A,F
[2025-06] 04-056-37-000,2025-06,2025,[06] June,"Quezon, Quezon",[2] Ongoing Testing and Data Build-up,95%,,,,[B] Developmental,B,04-056-37-000,Quezon,Quezon,Region IV-A (CALABARZON),Municipality,5th,R4A,F
[2025-06] 04-021-17-000,2025-06,2025,[06] June,"Rosario, Cavite",[1] Operational,,,,,[A] Operational,B,04-021-17-000,Rosario,Cavite,Region IV-A (CALABARZON),Municipality,1st,R4A,F
[2025-06] 04-056-39-000,2025-06,2025,[06] June,"Sampaloc, Quezon",[1] Operational,,,,,[A] Operational,B,04-056-39-000,Sampaloc,Quezon,Region IV-A (CALABARZON),Municipality,5th,R4A,F
[2025-06] 04-010-24-000,2025-06,2025,[06] June,"San Luis, Batangas",[1] Operational,,,,,[A] Operational,B,04-010-24-000,San Luis,Batangas,Region IV-A (CALABARZON),Municipality,4th,R4A,F
[2025-06] 04-010-25-000,2025-06,2025,[06] June,"San Nicolas, Batangas",[1] Operational,,,,,[A] Operational,B,04-010-25-000,San Nicolas,Batangas,Region IV-A (CALABARZON),Municipality,5th,R4A,F
[2025-06] 04-034-29-000,2025-06,2025,[06] June,"Siniloan, Laguna",[1] Operational,,,,,[A] Operational,B,04-034-29-000,Siniloan,Laguna,Region IV-A (CALABARZON),Municipality,2nd,R4A,F
[2025-06] 04-058-12-000,2025-06,2025,[06] June,"Tanay, Rizal",[1] Operational,,,,,[A] Operational,B,04-058-12-000,Tanay,Rizal,Region IV-A (CALABARZON),Municipality,1st,R4A,F
[2025-06] 04-010-34-000,2025-06,2025,[06] June,"Tuy, Batangas",[1] Operational,,,,,[A] Operational,B,04-010-34-000,Tuy,Batangas,Region IV-A (CALABARZON),Municipality,3rd,R4A,F
[2025-06] 17-053-01-000,2025-06,2025,[06] June,"Aborlan, Palawan",[3] With Concerns,,"WP integrated on the system, waiting to complete the LRC to fully adopt and Implement the system",,"WP integrated on the system, waiting to complete the LRC to fully adpot and Integrate the system",[A] Operational,B,17-053-01-000,Aborlan,Palawan,MIMAROPA Region,Municipality,1st,R4B,G
[2025-06] 17-052-01-000,2025-06,2025,[06] June,"Baco, Oriental Mindoro",[1] Operational,,,,,[A] Operational,B,17-052-01-000,Baco,Oriental Mindoro,MIMAROPA Region,Municipality,3rd,R4B,G
[2025-06] 17-052-02-000,2025-06,2025,[06] June,"Bansud, Oriental Mindoro",[1] Operational,,,,,[A] Operational,B,17-052-02-000,Bansud,Oriental Mindoro,MIMAROPA Region,Municipality,2nd,R4B,G
[2025-06] 17-052-03-000,2025-06,2025,[06] June,"Bongabong, Oriental Mindoro",[3] With Concerns,,"WP integrated on the system, for training and WP setup",,"WP integrated on the system, for training and WP setup",[A] Operational,B,17-052-03-000,Bongabong,Oriental Mindoro,MIMAROPA Region,Municipality,1st,R4B,G
[2025-06] 17-052-04-000,2025-06,2025,[06] June,"Bulalacao, Oriental Mindoro",[1] Operational,,,,,[A] Operational,B,17-052-04-000,Bulalacao,Oriental Mindoro,MIMAROPA Region,Municipality,3rd,R4B,G
[2025-06] 17-053-09-000,2025-06,2025,[06] June,"Coron, Palawan",[1] Operational,,,,,[A] Operational,A,17-053-09-000,Coron,Palawan,MIMAROPA Region,Municipality,1st,R4B,G
[2025-06] 17-053-22-000,2025-06,2025,[06] June,"Culion, Palawan",[3] With Concerns,,"WP integrated on the system, waiting to complete the updated LRC to fully adpot and Integrate the system",,"WP integrated on the system, waiting to complete the updated LRC to fully adpot and Integrate the system",[A] Operational,B,17-053-22-000,Culion,Palawan,MIMAROPA Region,Municipality,3rd,R4B,G
[2025-06] 17-053-12-000,2025-06,2025,[06] June,"El Nido, Palawan",[1] Operational,,,,,[A] Operational,A,17-053-12-000,El Nido,Palawan,MIMAROPA Region,Municipality,1st,R4B,G
[2025-06] 17-059-16-000,2025-06,2025,[06] June,"Ferrol, Romblon",[1] Operational,,,,,[A] Operational,B,17-059-16-000,Ferrol,Romblon,MIMAROPA Region,Municipality,6th,R4B,G
[2025-06] 17-052-06-000,2025-06,2025,[06] June,"Gloria, Oriental Mindoro",[1] Operational,,,,,[A] Operational,B,17-052-06-000,Gloria,Oriental Mindoro,MIMAROPA Region,Municipality,3rd,R4B,G
[2025-06] 17-051-03-000,2025-06,2025,[06] June,"Looc, Occidental Mindoro",[1] Operational,,,,,[A] Operational,B,17-051-03-000,Looc,Occidental Mindoro,MIMAROPA Region,Municipality,5th,R4B,G
[2025-06] 17-059-07-000,2025-06,2025,[06] June,"Looc, Romblon",[1] Operational,,,,,[A] Operational,B,17-059-07-000,Looc,Romblon,MIMAROPA Region,Municipality,4th,R4B,G
[2025-06] 17-052-08-000,2025-06,2025,[06] June,"Naujan, Oriental Mindoro",[1] Operational,,,,,[A] Operational,B,17-052-08-000,Naujan,Oriental Mindoro,MIMAROPA Region,Municipality,1st,R4B,G
[2025-06] 17-052-09-000,2025-06,2025,[06] June,"Pinamalayan, Oriental Mindoro",[1] Operational,,,,,[A] Operational,A,17-052-09-000,Pinamalayan,Oriental Mindoro,MIMAROPA Region,Municipality,1st,R4B,G
[2025-06] 17-053-17-000,2025-06,2025,[06] June,"Quezon, Palawan",[3] With Concerns,,"WP integrated on the system, waiting to complete the updated LRC to fully adpot and Integrate the system",,"WP integrated on the system, waiting to complete the updated LRC to fully adpot and Integrate the system",[A] Operational,B,17-053-17-000,Quezon,Palawan,MIMAROPA Region,Municipality,1st,R4B,G
[2025-06] 17-053-23-000,2025-06,2025,[06] June,"Rizal, Palawan",[3] With Concerns,,"WP integrated on the system, waiting to complete the updated LRC to fully adpot and Integrate the system",,"WP integrated on the system, waiting to complete the updated LRC to fully adpot and Integrate the system",[A] Operational,B,17-053-23-000,Rizal,Palawan,MIMAROPA Region,Municipality,1st,R4B,G
[2025-06] 17-051-10-000,2025-06,2025,[06] June,"San Jose, Occidental Mindoro",[1] Operational,,,,,[A] Operational,B,17-051-10-000,San Jose,Occidental Mindoro,MIMAROPA Region,Municipality,1st,R4B,G
[2025-06] 17-052-13-000,2025-06,2025,[06] June,"San Teodoro, Oriental Mindoro",[1] Operational,,,,,[A] Operational,A,17-052-13-000,San Teodoro,Oriental Mindoro,MIMAROPA Region,Municipality,4th,R4B,G
[2025-06] 17-053-19-000,2025-06,2025,[06] June,"San Vicente, Palawan",[1] Operational,,,,,[A] Operational,B,17-053-19-000,San Vicente,Palawan,MIMAROPA Region,Municipality,1st,R4B,G
[2025-06] 06-006-02-000,2025-06,2025,[06] June,"Barbaza, Antique",[1] Operational,,,,,[A] Operational,B,06-006-02-000,Barbaza,Antique,Region VI (Western Visayas),Municipality,4th,R6,I
[2025-06] 06-030-12-000,2025-06,2025,[06] June,"Cabatuan, Iloilo",[1] Operational,,,,,[A] Operational,B,06-030-12-000,Cabatuan,Iloilo,Region VI (Western Visayas),Municipality,2nd,R6,I
[2025-06] 06-045-10-000,2025-06,2025,[06] June,"City of Himamaylan, Negros Occidental",[1] Operational,,,,,[A] Operational,B,06-045-10-000,City of Himamaylan,Negros Occidental,Region VI (Western Visayas),City,3rd,R6,I
[2025-06] 06-006-09-000,2025-06,2025,[06] June,"Laua-An, Antique",[1] Operational,,,,,[A] Operational,B,06-006-09-000,Laua-An,Antique,Region VI (Western Visayas),Municipality,4th,R6,I
[2025-06] 06-004-12-000,2025-06,2025,[06] June,"Malay, Aklan",[1] Operational,,,,,[A] Operational,B,06-004-12-000,Malay,Aklan,Region VI (Western Visayas),Municipality,1st,R6,I
[2025-06] 06-030-40-000,2025-06,2025,[06] June,"San Joaquin, Iloilo",[1] Operational,,,,,[A] Operational,B,06-030-40-000,San Joaquin,Iloilo,Region VI (Western Visayas),Municipality,2nd,R6,I
[2025-06] 06-030-41-000,2025-06,2025,[06] June,"San Miguel, Iloilo",[1] Operational,,,,,[A] Operational,B,06-030-41-000,San Miguel,Iloilo,Region VI (Western Visayas),Municipality,4th,R6,I
[2025-06] 06-006-16-000,2025-06,2025,[06] June,"Sibalom, Antique",[1] Operational,,,,,[A] Operational,B,06-006-16-000,Sibalom,Antique,Region VI (Western Visayas),Municipality,2nd,R6,I
[2025-06] 06-004-17-000,2025-06,2025,[06] June,"Tangalan, Aklan",[1] Operational,,,,,[A] Operational,A,06-004-17-000,Tangalan,Aklan,Region VI (Western Visayas),Municipality,5th,R6,I
[2025-06] 03-054-03-000,2025-06,2025,[06] June,"Arayat, Pampanga",[1] Operational,,,,,[A] Operational,A,03-054-03-000,Arayat,Pampanga,Region III (Central Luzon),Municipality,1st,R3,E
[2025-06] 03-077-01-000,2025-06,2025,[06] June,"Baler, Aurora",[1] Operational,,,,,[A] Operational,A,03-077-01-000,Baler,Aurora,Region III (Central Luzon),Municipality,3rd,R3,E
[2025-06] 03-077-02-000,2025-06,2025,[06] June,"Casiguran, Aurora",[2] Ongoing Testing and Data Build-up,95%,,,,[B] Developmental,B,03-077-02-000,Casiguran,Aurora,Region III (Central Luzon),Municipality,2nd,R3,E
[2025-06] 03-314-00-000,2025-06,2025,[06] June,"City of Olongapo, Zambales",[3] With Concerns,80%,,intended to withdraw,,[A] Operational,B,03-314-00-000,City of Olongapo,Zambales,Region III (Central Luzon),City,1st,R3,E
[2025-06] 03-014-20-000,2025-06,2025,[06] June,"City of San Jose Del Monte, Bulacan",[1] Operational,,,,,[A] Operational,B,03-014-20-000,City of San Jose Del Monte,Bulacan,Region III (Central Luzon),City,1st,R3,E
[2025-06] 03-054-10-000,2025-06,2025,[06] June,"Macabebe, Pampanga",[2] Ongoing Testing and Data Build-up,99%,,,,[B] Developmental,A,03-054-10-000,Macabebe,Pampanga,Region III (Central Luzon),Municipality,1st,R3,E
[2025-06] 03-054-11-000,2025-06,2025,[06] June,"Magalang, Pampanga",[2] Ongoing Testing and Data Build-up,90%,,,,[B] Developmental,B,03-054-11-000,Magalang,Pampanga,Region III (Central Luzon),Municipality,1st,R3,E
[2025-06] 03-049-23-000,2025-06,2025,[06] June,"Rizal, Nueva Ecija",[1] Operational,,,,,[A] Operational,A,03-049-23-000,Rizal,Nueva Ecija,Region III (Central Luzon),Municipality,2nd,R3,E
[2025-06] 03-054-17-000,2025-06,2025,[06] June,"San Luis, Pampanga",[1] Operational,,,,,[A] Operational,A,03-054-17-000,San Luis,Pampanga,Region III (Central Luzon),Municipality,3rd,R3,E
[2025-06] 03-049-29-000,2025-06,2025,[06] June,"Santo Domingo, Nueva Ecija",[1] Operational,,,,,[A] Operational,A,03-049-29-000,Santo Domingo,Nueva Ecija,Region III (Central Luzon),Municipality,3rd,R3,E
[2025-06] 03-049-31-000,2025-06,2025,[06] June,"Talugtug, Nueva Ecija",[2] Ongoing Testing and Data Build-up,100%,,,,[B] Developmental,A,03-049-31-000,Talugtug,Nueva Ecija,Region III (Central Luzon),Municipality,4th,R3,E
[2025-06] 07-022-02-000,2025-06,2025,[06] June,"Alcoy, Cebu",[2] Ongoing Testing and Data Build-up,,,,On hold data build-up; WP still not in the LGU's ordinance yet. Still deciding if they will continue the WP,[B] Developmental,B,07-022-02-000,Alcoy,Cebu,Region VII (Central Visayas),Municipality,5th,R7,J
[2025-06] 07-046-05-000,2025-06,2025,[06] June,"Basay, Negros Oriental",[1] Operational,,,,LGU is working out an ordinance for the Working Permit/Occupational Permit; will priortiize implementing the WP next year,[A] Operational,B,07-046-05-000,Basay,Negros Oriental,Region VII (Central Visayas),Municipality,4th,R7,J
[2025-06] 07-046-09-000,2025-06,2025,[06] June,"Dauin, Negros Oriental",[2] Ongoing Testing and Data Build-up,,,,On hold data build-up; WP still not in the LGU's ordinance yet. Still deciding if they will continue the WP,[B] Developmental,B,07-046-09-000,Dauin,Negros Oriental,Region VII (Central Visayas),Municipality,4th,R7,J
[2025-06] 07-061-01-000,2025-06,2025,[06] June,"Enrique Villanueva, Siquijor",[1] Operational,,,,LGU is working out an ordinance for the Working Permit/Occupational Permit; will priortiize implementing the WP next year,[A] Operational,B,07-061-01-000,Enrique Villanueva,Siquijor,Region VII (Central Visayas),Municipality,5th,R7,J
[2025-06] 07-046-14-000,2025-06,2025,[06] June,"Mabinay, Negros Oriental",[1] Operational,,,,On hold data build-up; WP still not in the LGU's ordinance yet. Still deciding if they will continue the WP,[A] Operational,B,07-046-14-000,Mabinay,Negros Oriental,Region VII (Central Visayas),Municipality,1st,R7,J
[2025-06] 07-022-28-000,2025-06,2025,[06] June,"Madridejos, Cebu",[2] Ongoing Testing and Data Build-up,,,,LGU is working out an ordinance for the Working Permit/Occupational Permit; will priortiize implementing the WP next year,[B] Developmental,B,07-022-28-000,Madridejos,Cebu,Region VII (Central Visayas),Municipality,4th,R7,J
[2025-06] 07-022-37-000,2025-06,2025,[06] June,"Pinamungajan, Cebu",[1] Operational,,,,On hold data build-up; WP still not in the LGU's ordinance yet. Still deciding if they will continue the WP,[A] Operational,B,07-022-37-000,Pinamungajan,Cebu,Region VII (Central Visayas),Municipality,2nd,R7,J
[2025-06] 07-022-42-000,2025-06,2025,[06] June,"San Francisco, Cebu",[2] Ongoing Testing and Data Build-up,,,,LGU is working out an ordinance for the Working Permit/Occupational Permit; will priortiize implementing the WP next year,[B] Developmental,B,07-022-42-000,San Francisco,Cebu,Region VII (Central Visayas),Municipality,3rd,R7,J
[2025-06] 07-046-20-000,2025-06,2025,[06] June,"Sibulan, Negros Oriental",[1] Operational,,,,On hold data build-up; WP still not in the LGU's ordinance yet. Still deciding if they will continue the WP,[A] Operational,B,07-046-20-000,Sibulan,Negros Oriental,Region VII (Central Visayas),Municipality,2nd,R7,J
[2025-06] 07-022-52-000,2025-06,2025,[06] June,"Tuburan, Cebu",[2] Ongoing Testing and Data Build-up,,,,LGU is working out an ordinance for the Working Permit/Occupational Permit; will priortiize implementing the WP next year,[B] Developmental,B,07-022-52-000,Tuburan,Cebu,Region VII (Central Visayas),Municipality,2nd,R7,J
[2025-06] 08-026-04-000,2025-06,2025,[06] June,"City of Borongan, Eastern Samar",[1] Operational,,,,,[A] Operational,A,08-026-04-000,City of Borongan,Eastern Samar,Region VIII (Eastern Visayas),City,1st (as Mun),R8,K
[2025-06] 08-037-41-000,2025-06,2025,[06] June,"Pastrana, Leyte",[1] Operational,,,,,[A] Operational,B,08-037-41-000,Pastrana,Leyte,Region VIII (Eastern Visayas),Municipality,5th*,R8,K
[2025-06] 10-043-06-000,2025-06,2025,[06] June,"Claveria, Misamis Oriental",[1] Operational,,,,,[A] Operational,A,10-043-06-000,Claveria,Misamis Oriental,Region X (Northern Mindanao),Municipality,1st,R10,N
[2025-06] 10-043-11-000,2025-06,2025,[06] June,"Jasaan, Misamis Oriental",[3] With Concerns,,OnHold,,,[A] Operational,B,10-043-11-000,Jasaan,Misamis Oriental,Region X (Northern Mindanao),Municipality,2nd,R10,N
[2025-06] 10-043-19-000,2025-06,2025,[06] June,"Medina, Misamis Oriental",[3] With Concerns,,OnHold,,,[A] Operational,B,10-043-19-000,Medina,Misamis Oriental,Region X (Northern Mindanao),Municipality,4th,R10,N
[2025-06] 11-024-01-000,2025-06,2025,[06] June,"Bansalan, Davao del Sur",[1] Operational,,,,,[A] Operational,B,11-024-01-000,Bansalan,Davao del Sur,Region XI (Davao Region),Municipality,1st,R11,P
[2025-06] 11-025-05-000,2025-06,2025,[06] June,"Cateel, Davao Oriental",[1] Operational,,,,,[A] Operational,B,11-025-05-000,Cateel,Davao Oriental,Region XI (Davao Region),Municipality,2nd,R11,P
[2025-06] 11-024-03-000,2025-06,2025,[06] June,"City of Digos, Davao del Sur",[1] Operational,,,,,[A] Operational,B,11-024-03-000,City of Digos,Davao del Sur,Region XI (Davao Region),City,2nd,R11,P
[2025-06] 11-082-02-000,2025-06,2025,[06] June,"Laak, Davao de Oro",[1] Operational,,,,,[A] Operational,B,11-082-02-000,Laak,Davao de Oro,Region XI (Davao Region),Municipality,1st,R11,P
[2025-06] 11-025-07-000,2025-06,2025,[06] June,"Lupon, Davao Oriental",[1] Operational,,,,,[A] Operational,A,11-025-07-000,Lupon,Davao Oriental,Region XI (Davao Region),Municipality,1st,R11,P
[2025-06] 11-025-08-000,2025-06,2025,[06] June,"Manay, Davao Oriental",[1] Operational,,,,,[A] Operational,A,11-025-08-000,Manay,Davao Oriental,Region XI (Davao Region),Municipality,2nd,R11,P
[2025-06] 11-082-06-000,2025-06,2025,[06] June,"Mawab, Davao de Oro",[1] Operational,,,,,[A] Operational,B,11-082-06-000,Mawab,Davao de Oro,Region XI (Davao Region),Municipality,3rd,R11,P
[2025-06] 11-082-10-000,2025-06,2025,[06] June,"New Bataan, Davao de Oro",[1] Operational,,,,,[A] Operational,B,11-082-10-000,New Bataan,Davao de Oro,Region XI (Davao Region),Municipality,1st,R11,P
[2025-06] 11-025-10-000,2025-06,2025,[06] June,"San Isidro, Davao Oriental",[1] Operational,,,,,[A] Operational,B,11-025-10-000,San Isidro,Davao Oriental,Region XI (Davao Region),Municipality,3rd,R11,P
[2025-06] 11-024-14-000,2025-06,2025,[06] June,"Sulop, Davao del Sur",[1] Operational,,,,,[A] Operational,B,11-024-14-000,Sulop,Davao del Sur,Region XI (Davao Region),Municipality,3rd,R11,P
[2025-06] 16-002-07-000,2025-06,2025,[06] June,"Las Nieves, Agusan del Norte",[1] Operational,,,,,[A] Operational,B,16-002-07-000,Las Nieves,Agusan del Norte,Region XIII (Caraga),Municipality,2nd,R13,O
[2025-06] 16-003-08-000,2025-06,2025,[06] June,"San Francisco, Agusan del Sur",[1] Operational,,,,,[A] Operational,A,16-003-08-000,San Francisco,Agusan del Sur,Region XIII (Caraga),Municipality,1st,R13,O
[2025-06] 12-047-15-000,2025-06,2025,[06] June,"Antipas, Cotabato",[1] Operational,,,,,[A] Operational,B,12-047-15-000,Antipas,Cotabato,Region XII (SOCCSKSARGEN),Municipality,2nd,R12,Q
[2025-06] 12-047-03-000,2025-06,2025,[06] June,"Kabacan, Cotabato",[1] Operational,,,,,[A] Operational,A,12-047-03-000,Kabacan,Cotabato,Region XII (SOCCSKSARGEN),Municipality,1st,R12,Q
[2025-06] 12-047-08-000,2025-06,2025,[06] June,"Matalam, Cotabato",[1] Operational,,,,,[A] Operational,B,12-047-08-000,Matalam,Cotabato,Region XII (SOCCSKSARGEN),Municipality,1st,R12,Q
[2025-06] 12-047-05-000,2025-06,2025,[06] June,"Libungan, Cotabato",[1] Operational,,,,,[A] Operational,B,12-047-05-000,Libungan,Cotabato,Region XII (SOCCSKSARGEN),Municipality,2nd,R12,Q
[2025-06] 12-047-11-000,2025-06,2025,[06] June,"Pigkawayan, Cotabato",[1] Operational,,,,,[A] Operational,B,12-047-11-000,Pigkawayan,Cotabato,Region XII (SOCCSKSARGEN),Municipality,1st,R12,Q
[2025-06] 12-047-12-000,2025-06,2025,[06] June,"Pikit, Cotabato",[1] Operational,,,,,[A] Operational,B,12-047-12-000,Pikit,Cotabato,Region XII (SOCCSKSARGEN),Municipality,1st,R12,Q
[2025-06] 12-065-01-000,2025-06,2025,[06] June,"Bagumbayan, Sultan Kudarat",[1] Operational,,,,,[A] Operational,B,12-065-01-000,Bagumbayan,Sultan Kudarat,Region XII (SOCCSKSARGEN),Municipality,1st,R12,Q
[2025-06] 12-065-02-000,2025-06,2025,[06] June,"Columbio, Sultan Kudarat",[1] Operational,,,,,[A] Operational,B,12-065-02-000,Columbio,Sultan Kudarat,Region XII (SOCCSKSARGEN),Municipality,1st,R12,Q
[2025-06] 12-065-03-000,2025-06,2025,[06] June,"Esperanza, Sultan Kudarat",[1] Operational,,,,,[A] Operational,B,12-065-03-000,Esperanza,Sultan Kudarat,Region XII (SOCCSKSARGEN),Municipality,1st,R12,Q
[2025-06] 12-065-04-000,2025-06,2025,[06] June,"Isulan, Sultan Kudarat",[1] Operational,,,,,[A] Operational,B,12-065-04-000,Isulan,Sultan Kudarat,Region XII (SOCCSKSARGEN),Municipality,1st,R12,Q
[2025-06] 12-065-08-000,2025-06,2025,[06] June,"Lambayong, Sultan Kudarat",[1] Operational,,,,,[A] Operational,B,12-065-08-000,Lambayong,Sultan Kudarat,Region XII (SOCCSKSARGEN),Municipality,2nd,R12,Q
[2025-06] 19-087-13-000,2025-06,2025,[06] June,"Upi, Maguindanao del Norte",[1] Operational,,,,,[A] Operational,B,19-087-13-000,Upi,Maguindanao del Norte,Bangsamoro Autonomous Region In Muslim Mindanao (BARMM),Municipality,1st,BARMM II,R
[2025-06] 19-087-09-000,2025-06,2025,[06] June,"Parang, Maguindanao del Norte",[1] Operational,,,,,[A] Operational,B,19-087-09-000,Parang,Maguindanao del Norte,Bangsamoro Autonomous Region In Muslim Mindanao (BARMM),Municipality,1st*,BARMM II,R
[2025-07] 01-029-07-000,2025-07,2025,[07] July,"Caoayan, Ilocos Sur",[1] Operational,,,,,[A] Operational,B,01-029-07-000,Caoayan,Ilocos Sur,Region I (Ilocos Region),Municipality,4th,R1,C
[2025-07] 01-028-12-000,2025-07,2025,[07] July,"City of Laoag, Ilocos Norte",[1] Operational,,,,,[A] Operational,B,01-028-12-000,City of Laoag,Ilocos Norte,Region I (Ilocos Region),City,3rd,R1,C
[2025-07] 01-055-41-000,2025-07,2025,[07] July,"Sison, Pangasinan",[1] Operational,,,,,[A] Operational,B,01-055-41-000,Sison,Pangasinan,Region I (Ilocos Region),Municipality,3rd,R1,C
[2025-07] 02-031-06-000,2025-07,2025,[07] July,"Cabagan, Isabela",[1] Operational,,,,,[A] Operational,B,02-031-06-000,Cabagan,Isabela,Region II (Cagayan Valley),Municipality,1st,R2,D
[2025-07] 02-031-14-000,2025-07,2025,[07] July,"City of Ilagan, Isabela",[1] Operational,,,,,[A] Operational,A,02-031-14-000,City of Ilagan,Isabela,Region II (Cagayan Valley),City,1st (as Mun),R2,D
[2025-07] 02-015-22-000,2025-07,2025,[07] July,"Sanchez-Mira, Cagayan",[1] Operational,,,,,[A] Operational,B,02-015-22-000,Sanchez-Mira,Cagayan,Region II (Cagayan Valley),Municipality,3rd,R2,D
[2025-07] 02-031-30-000,2025-07,2025,[07] July,"San Manuel, Isabela",[1] Operational,,,,,[A] Operational,#N/A,02-031-30-000,San Manuel,Isabela,Region II (Cagayan Valley),Municipality,4th,R2,D
[2025-07] 03-054-03-000,2025-07,2025,[07] July,"Arayat, Pampanga",[1] Operational,,,,,[A] Operational,A,03-054-03-000,Arayat,Pampanga,Region III (Central Luzon),Municipality,1st,R3,E
[2025-07] 03-077-01-000,2025-07,2025,[07] July,"Baler, Aurora",[1] Operational,,,,,[A] Operational,A,03-077-01-000,Baler,Aurora,Region III (Central Luzon),Municipality,3rd,R3,E
[2025-07] 03-077-02-000,2025-07,2025,[07] July,"Casiguran, Aurora",[2] Ongoing Testing and Data Build-up,95%,,,,[B] Developmental,B,03-077-02-000,Casiguran,Aurora,Region III (Central Luzon),Municipality,2nd,R3,E
[2025-07] 03-314-00-000,2025-07,2025,[07] July,"City of Olongapo, Zambales",[3] With Concerns,80%,,intended to withdraw,,[A] Operational,B,03-314-00-000,City of Olongapo,Zambales,Region III (Central Luzon),City,1st,R3,E
[2025-07] 03-014-20-000,2025-07,2025,[07] July,"City of San Jose Del Monte, Bulacan",[1] Operational,,,,,[A] Operational,B,03-014-20-000,City of San Jose Del Monte,Bulacan,Region III (Central Luzon),City,1st,R3,E
[2025-07] 03-054-10-000,2025-07,2025,[07] July,"Macabebe, Pampanga",[2] Ongoing Testing and Data Build-up,99%,,,,[B] Developmental,A,03-054-10-000,Macabebe,Pampanga,Region III (Central Luzon),Municipality,1st,R3,E
[2025-07] 03-054-11-000,2025-07,2025,[07] July,"Magalang, Pampanga",[2] Ongoing Testing and Data Build-up,90%,,,,[B] Developmental,B,03-054-11-000,Magalang,Pampanga,Region III (Central Luzon),Municipality,1st,R3,E
[2025-07] 03-049-23-000,2025-07,2025,[07] July,"Rizal, Nueva Ecija",[1] Operational,,,,,[A] Operational,A,03-049-23-000,Rizal,Nueva Ecija,Region III (Central Luzon),Municipality,2nd,R3,E
[2025-07] 03-054-17-000,2025-07,2025,[07] July,"San Luis, Pampanga",[1] Operational,,,,,[A] Operational,A,03-054-17-000,San Luis,Pampanga,Region III (Central Luzon),Municipality,3rd,R3,E
[2025-07] 03-049-29-000,2025-07,2025,[07] July,"Santo Domingo, Nueva Ecija",[1] Operational,,,,,[A] Operational,A,03-049-29-000,Santo Domingo,Nueva Ecija,Region III (Central Luzon),Municipality,3rd,R3,E
[2025-07] 03-049-31-000,2025-07,2025,[07] July,"Talugtug, Nueva Ecija",[2] Ongoing Testing and Data Build-up,100%,,,,[B] Developmental,A,03-049-31-000,Talugtug,Nueva Ecija,Region III (Central Luzon),Municipality,4th,R3,E
[2025-07] 04-056-02-000,2025-07,2025,[07] July,"Alabat, Quezon",[1] Operational,,,,,[A] Operational,A,04-056-02-000,Alabat,Quezon,Region IV-A (CALABARZON),Municipality,5th,R4A,F
[2025-07] 04-021-02-000,2025-07,2025,[07] July,"Amadeo, Cavite",[1] Operational,,,,,[A] Operational,B,04-021-02-000,Amadeo,Cavite,Region IV-A (CALABARZON),Municipality,4th,R4A,F
[2025-07] 04-010-03-000,2025-07,2025,[07] July,"Balayan, Batangas",[1] Operational,,,,,[A] Operational,B,04-010-03-000,Balayan,Batangas,Region IV-A (CALABARZON),Municipality,1st,R4A,F
[2025-07] 04-058-06-000,2025-07,2025,[07] July,"Cardona, Rizal",[1] Operational,,,,,[A] Operational,B,04-058-06-000,Cardona,Rizal,Region IV-A (CALABARZON),Municipality,3rd,R4A,F
[2025-07] 04-034-08-000,2025-07,2025,[07] July,"Famy, Laguna",[1] Operational,,,,Operational but not utilized,[A] Operational,B,04-034-08-000,Famy,Laguna,Region IV-A (CALABARZON),Municipality,5th,R4A,F
[2025-07] 04-021-07-000,2025-07,2025,[07] July,"General Emilio Aguinaldo, Cavite",[2] Ongoing Testing and Data Build-up,95%,,,,[B] Developmental,B,04-021-07-000,General Emilio Aguinaldo,Cavite,Region IV-A (CALABARZON),Municipality,5th,R4A,F
[2025-07] 04-056-16-000,2025-07,2025,[07] July,"General Luna, Quezon",[1] Operational,,,,,[A] Operational,A,04-056-16-000,General Luna,Quezon,Region IV-A (CALABARZON),Municipality,4th,R4A,F
[2025-07] 04-056-17-000,2025-07,2025,[07] July,"General Nakar, Quezon",[1] Operational,,,,,[A] Operational,B,04-056-17-000,General Nakar,Quezon,Region IV-A (CALABARZON),Municipality,1st,R4A,F
[2025-07] 04-056-19-000,2025-07,2025,[07] July,"Gumaca, Quezon",[1] Operational,,,,Operational but not utilized,[A] Operational,B,04-056-19-000,Gumaca,Quezon,Region IV-A (CALABARZON),Municipality,1st,R4A,F
[2025-07] 04-056-20-000,2025-07,2025,[07] July,"Infanta, Quezon",[1] Operational,,,,,[A] Operational,B,04-056-20-000,Infanta,Quezon,Region IV-A (CALABARZON),Municipality,1st,R4A,F
[2025-07] 04-010-15-000,2025-07,2025,[07] July,"Lobo, Batangas",[1] Operational,,,,,[A] Operational,B,04-010-15-000,Lobo,Batangas,Region IV-A (CALABARZON),Municipality,3rd,R4A,F
[2025-07] 04-021-12-000,2025-07,2025,[07] July,"Magallanes, Cavite",[2] Ongoing Testing and Data Build-up,95%,,,,[B] Developmental,B,04-021-12-000,Magallanes,Cavite,Region IV-A (CALABARZON),Municipality,4th,R4A,F
[2025-07] 04-034-18-000,2025-07,2025,[07] July,"Paete, Laguna",[1] Operational,,,,,[A] Operational,A,04-034-18-000,Paete,Laguna,Region IV-A (CALABARZON),Municipality,4th,R4A,F
[2025-07] 04-056-34-000,2025-07,2025,[07] July,"Pitogo, Quezon",[2] Ongoing Testing and Data Build-up,95%,,,,[B] Developmental,B,04-056-34-000,Pitogo,Quezon,Region IV-A (CALABARZON),Municipality,4th,R4A,F
[2025-07] 04-056-36-000,2025-07,2025,[07] July,"Polillo, Quezon",[1] Operational,,,,,[A] Operational,B,04-056-36-000,Polillo,Quezon,Region IV-A (CALABARZON),Municipality,3rd,R4A,F
[2025-07] 04-056-37-000,2025-07,2025,[07] July,"Quezon, Quezon",[2] Ongoing Testing and Data Build-up,95%,,,,[B] Developmental,B,04-056-37-000,Quezon,Quezon,Region IV-A (CALABARZON),Municipality,5th,R4A,F
[2025-07] 04-021-17-000,2025-07,2025,[07] July,"Rosario, Cavite",[1] Operational,,,,,[A] Operational,B,04-021-17-000,Rosario,Cavite,Region IV-A (CALABARZON),Municipality,1st,R4A,F
[2025-07] 04-056-39-000,2025-07,2025,[07] July,"Sampaloc, Quezon",[1] Operational,,,,,[A] Operational,B,04-056-39-000,Sampaloc,Quezon,Region IV-A (CALABARZON),Municipality,5th,R4A,F
[2025-07] 04-010-24-000,2025-07,2025,[07] July,"San Luis, Batangas",[1] Operational,,,,,[A] Operational,B,04-010-24-000,San Luis,Batangas,Region IV-A (CALABARZON),Municipality,4th,R4A,F
[2025-07] 04-010-25-000,2025-07,2025,[07] July,"San Nicolas, Batangas",[1] Operational,,,,,[A] Operational,B,04-010-25-000,San Nicolas,Batangas,Region IV-A (CALABARZON),Municipality,5th,R4A,F
[2025-07] 04-034-29-000,2025-07,2025,[07] July,"Siniloan, Laguna",[1] Operational,,,,,[A] Operational,B,04-034-29-000,Siniloan,Laguna,Region IV-A (CALABARZON),Municipality,2nd,R4A,F
[2025-07] 04-058-12-000,2025-07,2025,[07] July,"Tanay, Rizal",[1] Operational,,,,,[A] Operational,B,04-058-12-000,Tanay,Rizal,Region IV-A (CALABARZON),Municipality,1st,R4A,F
[2025-07] 04-010-34-000,2025-07,2025,[07] July,"Tuy, Batangas",[1] Operational,,,,,[A] Operational,B,04-010-34-000,Tuy,Batangas,Region IV-A (CALABARZON),Municipality,3rd,R4A,F
[2025-07] 17-053-01-000,2025-07,2025,[07] July,"Aborlan, Palawan",[3] With Concerns,,"WP integrated on the system, waiting to complete the LRC to fully adopt and Implement the system",,"WP integrated on the system, waiting to complete the LRC to fully adpot and Integrate the system",[A] Operational,B,17-053-01-000,Aborlan,Palawan,MIMAROPA Region,Municipality,1st,R4B,G
[2025-07] 17-052-01-000,2025-07,2025,[07] July,"Baco, Oriental Mindoro",[1] Operational,,,,,[A] Operational,B,17-052-01-000,Baco,Oriental Mindoro,MIMAROPA Region,Municipality,3rd,R4B,G
[2025-07] 17-052-02-000,2025-07,2025,[07] July,"Bansud, Oriental Mindoro",[1] Operational,,,,,[A] Operational,B,17-052-02-000,Bansud,Oriental Mindoro,MIMAROPA Region,Municipality,2nd,R4B,G
[2025-07] 17-052-03-000,2025-07,2025,[07] July,"Bongabong, Oriental Mindoro",[3] With Concerns,,"WP integrated on the system, for training and WP setup",,"WP integrated on the system, for training and WP setup",[A] Operational,B,17-052-03-000,Bongabong,Oriental Mindoro,MIMAROPA Region,Municipality,1st,R4B,G
[2025-07] 17-052-04-000,2025-07,2025,[07] July,"Bulalacao, Oriental Mindoro",[1] Operational,,,,,[A] Operational,B,17-052-04-000,Bulalacao,Oriental Mindoro,MIMAROPA Region,Municipality,3rd,R4B,G
[2025-07] 17-053-09-000,2025-07,2025,[07] July,"Coron, Palawan",[1] Operational,,,,,[A] Operational,A,17-053-09-000,Coron,Palawan,MIMAROPA Region,Municipality,1st,R4B,G
[2025-07] 17-053-22-000,2025-07,2025,[07] July,"Culion, Palawan",[3] With Concerns,,"WP integrated on the system, waiting to complete the updated LRC to fully adpot and Integrate the system",,"WP integrated on the system, waiting to complete the updated LRC to fully adpot and Integrate the system",[A] Operational,B,17-053-22-000,Culion,Palawan,MIMAROPA Region,Municipality,3rd,R4B,G
[2025-07] 17-053-12-000,2025-07,2025,[07] July,"El Nido, Palawan",[1] Operational,,,,,[A] Operational,A,17-053-12-000,El Nido,Palawan,MIMAROPA Region,Municipality,1st,R4B,G
[2025-07] 17-059-16-000,2025-07,2025,[07] July,"Ferrol, Romblon",[1] Operational,,,,,[A] Operational,B,17-059-16-000,Ferrol,Romblon,MIMAROPA Region,Municipality,6th,R4B,G
[2025-07] 17-052-06-000,2025-07,2025,[07] July,"Gloria, Oriental Mindoro",[1] Operational,,,,,[A] Operational,B,17-052-06-000,Gloria,Oriental Mindoro,MIMAROPA Region,Municipality,3rd,R4B,G
[2025-07] 17-051-03-000,2025-07,2025,[07] July,"Looc, Occidental Mindoro",[1] Operational,,,,,[A] Operational,B,17-051-03-000,Looc,Occidental Mindoro,MIMAROPA Region,Municipality,5th,R4B,G
[2025-07] 17-059-07-000,2025-07,2025,[07] July,"Looc, Romblon",[1] Operational,,,,,[A] Operational,B,17-059-07-000,Looc,Romblon,MIMAROPA Region,Municipality,4th,R4B,G
[2025-07] 17-052-08-000,2025-07,2025,[07] July,"Naujan, Oriental Mindoro",[1] Operational,,,,,[A] Operational,B,17-052-08-000,Naujan,Oriental Mindoro,MIMAROPA Region,Municipality,1st,R4B,G
[2025-07] 17-052-09-000,2025-07,2025,[07] July,"Pinamalayan, Oriental Mindoro",[1] Operational,,,,,[A] Operational,A,17-052-09-000,Pinamalayan,Oriental Mindoro,MIMAROPA Region,Municipality,1st,R4B,G
[2025-07] 17-053-17-000,2025-07,2025,[07] July,"Quezon, Palawan",[3] With Concerns,,"WP integrated on the system, waiting to complete the updated LRC to fully adpot and Integrate the system",,"WP integrated on the system, waiting to complete the updated LRC to fully adpot and Integrate the system",[A] Operational,B,17-053-17-000,Quezon,Palawan,MIMAROPA Region,Municipality,1st,R4B,G
[2025-07] 17-053-23-000,2025-07,2025,[07] July,"Rizal, Palawan",[3] With Concerns,,"WP integrated on the system, waiting to complete the updated LRC to fully adpot and Integrate the system",,"WP integrated on the system, waiting to complete the updated LRC to fully adpot and Integrate the system",[A] Operational,B,17-053-23-000,Rizal,Palawan,MIMAROPA Region,Municipality,1st,R4B,G
[2025-07] 17-051-10-000,2025-07,2025,[07] July,"San Jose, Occidental Mindoro",[1] Operational,,,,,[A] Operational,B,17-051-10-000,San Jose,Occidental Mindoro,MIMAROPA Region,Municipality,1st,R4B,G
[2025-07] 17-052-13-000,2025-07,2025,[07] July,"San Teodoro, Oriental Mindoro",[1] Operational,,,,,[A] Operational,A,17-052-13-000,San Teodoro,Oriental Mindoro,MIMAROPA Region,Municipality,4th,R4B,G
[2025-07] 17-053-19-000,2025-07,2025,[07] July,"San Vicente, Palawan",[1] Operational,,,,,[A] Operational,B,17-053-19-000,San Vicente,Palawan,MIMAROPA Region,Municipality,1st,R4B,G
[2025-07] 06-006-02-000,2025-07,2025,[07] July,"Barbaza, Antique",[1] Operational,,,,,[A] Operational,B,06-006-02-000,Barbaza,Antique,Region VI (Western Visayas),Municipality,4th,R6,I
[2025-07] 06-030-12-000,2025-07,2025,[07] July,"Cabatuan, Iloilo",[1] Operational,,,,,[A] Operational,B,06-030-12-000,Cabatuan,Iloilo,Region VI (Western Visayas),Municipality,2nd,R6,I
[2025-07] 06-045-10-000,2025-07,2025,[07] July,"City of Himamaylan, Negros Occidental",[1] Operational,,,,,[A] Operational,B,06-045-10-000,City of Himamaylan,Negros Occidental,Region VI (Western Visayas),City,3rd,R6,I
[2025-07] 06-006-09-000,2025-07,2025,[07] July,"Laua-An, Antique",[1] Operational,,,,,[A] Operational,B,06-006-09-000,Laua-An,Antique,Region VI (Western Visayas),Municipality,4th,R6,I
[2025-07] 06-004-12-000,2025-07,2025,[07] July,"Malay, Aklan",[1] Operational,,,,,[A] Operational,B,06-004-12-000,Malay,Aklan,Region VI (Western Visayas),Municipality,1st,R6,I
[2025-07] 06-030-40-000,2025-07,2025,[07] July,"San Joaquin, Iloilo",[1] Operational,,,,,[A] Operational,B,06-030-40-000,San Joaquin,Iloilo,Region VI (Western Visayas),Municipality,2nd,R6,I
[2025-07] 06-030-41-000,2025-07,2025,[07] July,"San Miguel, Iloilo",[1] Operational,,,,,[A] Operational,B,06-030-41-000,San Miguel,Iloilo,Region VI (Western Visayas),Municipality,4th,R6,I
[2025-07] 06-006-16-000,2025-07,2025,[07] July,"Sibalom, Antique",[1] Operational,,,,,[A] Operational,B,06-006-16-000,Sibalom,Antique,Region VI (Western Visayas),Municipality,2nd,R6,I
[2025-07] 06-004-17-000,2025-07,2025,[07] July,"Tangalan, Aklan",[1] Operational,,,,,[A] Operational,A,06-004-17-000,Tangalan,Aklan,Region VI (Western Visayas),Municipality,5th,R6,I
[2025-07] 08-026-04-000,2025-07,2025,[07] July,"City of Borongan, Eastern Samar",[1] Operational,,,,,[A] Operational,A,08-026-04-000,City of Borongan,Eastern Samar,Region VIII (Eastern Visayas),City,1st (as Mun),R8,K
[2025-07] 08-037-41-000,2025-07,2025,[07] July,"Pastrana, Leyte",[1] Operational,,,,,[A] Operational,B,08-037-41-000,Pastrana,Leyte,Region VIII (Eastern Visayas),Municipality,5th*,R8,K
[2025-07] 10-043-06-000,2025-07,2025,[07] July,"Claveria, Misamis Oriental",[1] Operational,,,,,[A] Operational,A,10-043-06-000,Claveria,Misamis Oriental,Region X (Northern Mindanao),Municipality,1st,R10,N
[2025-07] 10-043-11-000,2025-07,2025,[07] July,"Jasaan, Misamis Oriental",[3] With Concerns,,OnHold,,Waiting for PMT go signal,[A] Operational,B,10-043-11-000,Jasaan,Misamis Oriental,Region X (Northern Mindanao),Municipality,2nd,R10,N
[2025-07] 10-043-19-000,2025-07,2025,[07] July,"Medina, Misamis Oriental",[3] With Concerns,,OnHold,,Waiting for PMT go signal,[A] Operational,B,10-043-19-000,Medina,Misamis Oriental,Region X (Northern Mindanao),Municipality,4th,R10,N
[2025-07] 11-024-01-000,2025-07,2025,[07] July,"Bansalan, Davao del Sur",[1] Operational,,,,,[A] Operational,B,11-024-01-000,Bansalan,Davao del Sur,Region XI (Davao Region),Municipality,1st,R11,P
[2025-07] 11-025-05-000,2025-07,2025,[07] July,"Cateel, Davao Oriental",[1] Operational,,,,,[A] Operational,B,11-025-05-000,Cateel,Davao Oriental,Region XI (Davao Region),Municipality,2nd,R11,P
[2025-07] 11-024-03-000,2025-07,2025,[07] July,"City of Digos, Davao del Sur",[1] Operational,,,,,[A] Operational,B,11-024-03-000,City of Digos,Davao del Sur,Region XI (Davao Region),City,2nd,R11,P
[2025-07] 11-082-02-000,2025-07,2025,[07] July,"Laak, Davao de Oro",[1] Operational,,,,,[A] Operational,B,11-082-02-000,Laak,Davao de Oro,Region XI (Davao Region),Municipality,1st,R11,P
[2025-07] 11-025-07-000,2025-07,2025,[07] July,"Lupon, Davao Oriental",[1] Operational,,,,,[A] Operational,A,11-025-07-000,Lupon,Davao Oriental,Region XI (Davao Region),Municipality,1st,R11,P
[2025-07] 11-025-08-000,2025-07,2025,[07] July,"Manay, Davao Oriental",[1] Operational,,,,,[A] Operational,A,11-025-08-000,Manay,Davao Oriental,Region XI (Davao Region),Municipality,2nd,R11,P
[2025-07] 11-082-06-000,2025-07,2025,[07] July,"Mawab, Davao de Oro",[1] Operational,,,,,[A] Operational,B,11-082-06-000,Mawab,Davao de Oro,Region XI (Davao Region),Municipality,3rd,R11,P
[2025-07] 11-082-10-000,2025-07,2025,[07] July,"New Bataan, Davao de Oro",[1] Operational,,,,,[A] Operational,B,11-082-10-000,New Bataan,Davao de Oro,Region XI (Davao Region),Municipality,1st,R11,P
[2025-07] 11-025-10-000,2025-07,2025,[07] July,"San Isidro, Davao Oriental",[1] Operational,,,,,[A] Operational,B,11-025-10-000,San Isidro,Davao Oriental,Region XI (Davao Region),Municipality,3rd,R11,P
[2025-07] 11-024-14-000,2025-07,2025,[07] July,"Sulop, Davao del Sur",[1] Operational,,,,,[A] Operational,B,11-024-14-000,Sulop,Davao del Sur,Region XI (Davao Region),Municipality,3rd,R11,P
[2025-07] 16-002-07-000,2025-07,2025,[07] July,"Las Nieves, Agusan del Norte",[1] Operational,,,,,[A] Operational,B,16-002-07-000,Las Nieves,Agusan del Norte,Region XIII (Caraga),Municipality,2nd,R13,O
[2025-07] 16-003-08-000,2025-07,2025,[07] July,"San Francisco, Agusan del Sur",[1] Operational,,,,,[A] Operational,A,16-003-08-000,San Francisco,Agusan del Sur,Region XIII (Caraga),Municipality,1st,R13,O
[2025-07] 12-047-15-000,2025-07,2025,[07] July,"Antipas, Cotabato",[1] Operational,,,,,[A] Operational,B,12-047-15-000,Antipas,Cotabato,Region XII (SOCCSKSARGEN),Municipality,2nd,R12,Q
[2025-07] 12-047-03-000,2025-07,2025,[07] July,"Kabacan, Cotabato",[1] Operational,,,,,[A] Operational,A,12-047-03-000,Kabacan,Cotabato,Region XII (SOCCSKSARGEN),Municipality,1st,R12,Q
[2025-07] 12-047-08-000,2025-07,2025,[07] July,"Matalam, Cotabato",[1] Operational,,,,,[A] Operational,B,12-047-08-000,Matalam,Cotabato,Region XII (SOCCSKSARGEN),Municipality,1st,R12,Q
[2025-07] 12-047-05-000,2025-07,2025,[07] July,"Libungan, Cotabato",[1] Operational,,,,,[A] Operational,B,12-047-05-000,Libungan,Cotabato,Region XII (SOCCSKSARGEN),Municipality,2nd,R12,Q
[2025-07] 12-047-11-000,2025-07,2025,[07] July,"Pigkawayan, Cotabato",[1] Operational,,,,,[A] Operational,B,12-047-11-000,Pigkawayan,Cotabato,Region XII (SOCCSKSARGEN),Municipality,1st,R12,Q
[2025-07] 12-047-12-000,2025-07,2025,[07] July,"Pikit, Cotabato",[1] Operational,,,,,[A] Operational,B,12-047-12-000,Pikit,Cotabato,Region XII (SOCCSKSARGEN),Municipality,1st,R12,Q
[2025-07] 12-065-01-000,2025-07,2025,[07] July,"Bagumbayan, Sultan Kudarat",[1] Operational,,,,,[A] Operational,B,12-065-01-000,Bagumbayan,Sultan Kudarat,Region XII (SOCCSKSARGEN),Municipality,1st,R12,Q
[2025-07] 12-065-02-000,2025-07,2025,[07] July,"Columbio, Sultan Kudarat",[1] Operational,,,,,[A] Operational,B,12-065-02-000,Columbio,Sultan Kudarat,Region XII (SOCCSKSARGEN),Municipality,1st,R12,Q
[2025-07] 12-065-03-000,2025-07,2025,[07] July,"Esperanza, Sultan Kudarat",[1] Operational,,,,,[A] Operational,B,12-065-03-000,Esperanza,Sultan Kudarat,Region XII (SOCCSKSARGEN),Municipality,1st,R12,Q
[2025-07] 12-065-04-000,2025-07,2025,[07] July,"Isulan, Sultan Kudarat",[1] Operational,,,,,[A] Operational,B,12-065-04-000,Isulan,Sultan Kudarat,Region XII (SOCCSKSARGEN),Municipality,1st,R12,Q
[2025-07] 12-065-08-000,2025-07,2025,[07] July,"Lambayong, Sultan Kudarat",[1] Operational,,,,,[A] Operational,B,12-065-08-000,Lambayong,Sultan Kudarat,Region XII (SOCCSKSARGEN),Municipality,2nd,R12,Q
[2025-07] 07-022-02-000,2025-07,2025,[07] July,"Alcoy, Cebu",[2] Ongoing Testing and Data Build-up,,,,On hold data build-up; WP still not in the LGU's ordinance yet. Still deciding if they will continue the WP,[B] Developmental,B,07-022-02-000,Alcoy,Cebu,Region VII (Central Visayas),Municipality,5th,R7,J
[2025-07] 07-046-05-000,2025-07,2025,[07] July,"Basay, Negros Oriental",[1] Operational,,,,LGU is working out an ordinance for the Working Permit/Occupational Permit; will priortiize implementing the WP next year,[A] Operational,B,07-046-05-000,Basay,Negros Oriental,Region VII (Central Visayas),Municipality,4th,R7,J
[2025-07] 07-046-09-000,2025-07,2025,[07] July,"Dauin, Negros Oriental",[2] Ongoing Testing and Data Build-up,,,,On hold data build-up; WP still not in the LGU's ordinance yet. Still deciding if they will continue the WP,[B] Developmental,B,07-046-09-000,Dauin,Negros Oriental,Region VII (Central Visayas),Municipality,4th,R7,J
[2025-07] 07-061-01-000,2025-07,2025,[07] July,"Enrique Villanueva, Siquijor",[1] Operational,,,,LGU is working out an ordinance for the Working Permit/Occupational Permit; will priortiize implementing the WP next year,[A] Operational,B,07-061-01-000,Enrique Villanueva,Siquijor,Region VII (Central Visayas),Municipality,5th,R7,J
[2025-07] 07-046-14-000,2025-07,2025,[07] July,"Mabinay, Negros Oriental",[1] Operational,,,,On hold data build-up; WP still not in the LGU's ordinance yet. Still deciding if they will continue the WP,[A] Operational,B,07-046-14-000,Mabinay,Negros Oriental,Region VII (Central Visayas),Municipality,1st,R7,J
[2025-07] 07-022-28-000,2025-07,2025,[07] July,"Madridejos, Cebu",[2] Ongoing Testing and Data Build-up,,,,LGU is working out an ordinance for the Working Permit/Occupational Permit; will priortiize implementing the WP next year,[B] Developmental,B,07-022-28-000,Madridejos,Cebu,Region VII (Central Visayas),Municipality,4th,R7,J
[2025-07] 07-022-37-000,2025-07,2025,[07] July,"Pinamungajan, Cebu",[1] Operational,,,,On hold data build-up; WP still not in the LGU's ordinance yet. Still deciding if they will continue the WP,[A] Operational,B,07-022-37-000,Pinamungajan,Cebu,Region VII (Central Visayas),Municipality,2nd,R7,J
[2025-07] 07-022-42-000,2025-07,2025,[07] July,"San Francisco, Cebu",[2] Ongoing Testing and Data Build-up,,,,LGU is working out an ordinance for the Working Permit/Occupational Permit; will priortiize implementing the WP next year,[B] Developmental,B,07-022-42-000,San Francisco,Cebu,Region VII (Central Visayas),Municipality,3rd,R7,J
[2025-07] 07-046-20-000,2025-07,2025,[07] July,"Sibulan, Negros Oriental",[1] Operational,,,,On hold data build-up; WP still not in the LGU's ordinance yet. Still deciding if they will continue the WP,[A] Operational,B,07-046-20-000,Sibulan,Negros Oriental,Region VII (Central Visayas),Municipality,2nd,R7,J
[2025-07] 07-022-52-000,2025-07,2025,[07] July,"Tuburan, Cebu",[2] Ongoing Testing and Data Build-up,,,,LGU is working out an ordinance for the Working Permit/Occupational Permit; will priortiize implementing the WP next year,[B] Developmental,B,07-022-52-000,Tuburan,Cebu,Region VII (Central Visayas),Municipality,2nd,R7,J
[2025-07] 19-087-13-000,2025-07,2025,[07] July,"Upi, Maguindanao del Norte",[1] Operational,,,,,[A] Operational,B,19-087-13-000,Upi,Maguindanao del Norte,Bangsamoro Autonomous Region In Muslim Mindanao (BARMM),Municipality,1st,BARMM II,R
[2025-07] 19-087-09-000,2025-07,2025,[07] July,"Parang, Maguindanao del Norte",[1] Operational,,,,,[A] Operational,B,19-087-09-000,Parang,Maguindanao del Norte,Bangsamoro Autonomous Region In Muslim Mindanao (BARMM),Municipality,1st*,BARMM II,R
[2025-07] 14-044-02-000,2025-07,2025,[07] July,"Bauko, Mountain Province",[1] Operational,,,,,[A] Operational,B,14-044-02-000,Bauko,Mountain Province,Cordillera Administrative Region (CAR),Municipality,4th,CAR,B
[2025-07] 14-044-04-000,2025-07,2025,[07] July,"Bontoc, Mountain Province",[1] Operational,,,,,[A] Operational,A,14-044-04-000,Bontoc,Mountain Province,Cordillera Administrative Region (CAR),Municipality,2nd,CAR,B
[2025-07] 14-032-13-000,2025-07,2025,[07] July,"City of Tabuk, Kalinga",[1] Operational,,,,,[A] Operational,A,14-032-13-000,City of Tabuk,Kalinga,Cordillera Administrative Region (CAR),City,5th,CAR,B
[2025-07] 14-027-02-000,2025-07,2025,[07] July,"Hungduan, Ifugao",[1] Operational,,,,,[A] Operational,B,14-027-02-000,Hungduan,Ifugao,Cordillera Administrative Region (CAR),Municipality,4th,CAR,B
[2025-07] 14-027-05-000,2025-07,2025,[07] July,"Lamut, Ifugao",[1] Operational,,,,,[A] Operational,B,14-027-05-000,Lamut,Ifugao,Cordillera Administrative Region (CAR),Municipality,4th,CAR,B
[2025-07] 14-011-11-000,2025-07,2025,[07] July,"Mankayan, Benguet",[1] Operational,,,,,[A] Operational,B,14-011-11-000,Mankayan,Benguet,Cordillera Administrative Region (CAR),Municipality,1st,CAR,B
[2025-07] 14-081-06-000,2025-07,2025,[07] July,"Pudtol, Apayao",[1] Operational,,,,,[A] Operational,B,14-081-06-000,Pudtol,Apayao,Cordillera Administrative Region (CAR),Municipality,4th,CAR,B
[2025-07] 14-011-12-000,2025-07,2025,[07] July,"Sablan, Benguet",[1] Operational,,,,,[A] Operational,A,14-011-12-000,Sablan,Benguet,Cordillera Administrative Region (CAR),Municipality,5th,CAR,B
[2025-07] 14-011-13-000,2025-07,2025,[07] July,"Tuba, Benguet",[1] Operational,,,,,[A] Operational,B,14-011-13-000,Tuba,Benguet,Cordillera Administrative Region (CAR),Municipality,1st,CAR,B
[2025-07] 14-011-14-000,2025-07,2025,[07] July,"Tublay, Benguet",[1] Operational,,,,,[A] Operational,B,14-011-14-000,Tublay,Benguet,Cordillera Administrative Region (CAR),Municipality,5th,CAR,B