REPORTING PERIOD,,,MONTHLY UTILIZATION STATUS,,LGU PROFILE,,,,,
PERIOD  ,YEAR,MONTH,LGU FULL NAME,MONTHLY STATUS,UNIVERSAL STATUS,DISTRICT,LEVEL,INCOME CLASS,DICT RO,VERSION
PERIOD ID,YEAR,MONTH,LGU NAME,STATUS,USTATUS,DISTRICT,LEVEL,INCOME CLASS,DICT RO,VERSION
2026-01,2026,[01] January,"Ajuy, Iloilo",[1] Live,[A] Live,2nd,Mun,2nd,R6,v1
2026-01,2026,[01] January,"Alimodian, Iloilo",[1] Live,[A] Live,3rd,Mun,3rd,R6,v1
2026-01,2026,[01] January,"Anilao, Iloilo",[1] Live,[A] Live,4th,Mun,4th,R6,v1
2026-01,2026,[01] January,"Anini-Y, Antique",[1] Live,[A] Live,4th,Mun,4th,R6,v1
2026-01,2026,[01] January,"Badiangan, Iloilo",[1] Live,[A] Live,4th,Mun,4th,R6,v1
2026-01,2026,[01] January,"Balasan, Iloilo",[1] Live,[A] Live,4th,Mun,4th,R6,v1
2026-01,2026,[01] January,"Balete, Aklan",[1] Live,[A] Live,4th,Mun,4th,R6,v1
2026-01,2026,[01] January,"Banate, Iloilo",[1] Live,[A] Live,4th,Mun,4th,R6,v1
2026-01,2026,[01] January,"Barbaza, Antique",[1] Live,[A] Live,4th,Mun,4th,R6,v1
2026-01,2026,[01] January,"Barotac Nuevo, Iloilo",[1] Live,[A] Live,2nd,Mun,2nd,R6,v1
2026-01,2026,[01] January,"Barotac Viejo, Iloilo",[1] Live,[A] Live,3rd,Mun,3rd,R6,v1
2026-01,2026,[01] January,"Batad, Iloilo",[1] Live,[A] Live,5th,Mun,5th,R6,v1
2026-01,2026,[01] January,"Belison, Antique",[1] Live,[A] Live,5th,Mun,5th,R6,v1
2026-01,2026,[01] January,"Bingawan, Iloilo",[1] Live,[A] Live,5th,Mun,5th,R6,v1
2026-01,2026,[01] January,"Buenavista, Guimaras",[8] Withdraw,[D] Withdraw,2nd,Mun,2nd,R6,
2026-01,2026,[01] January,"Bugasong, Antique",[1] Live,[A] Live,3rd,Mun,3rd,R6,v1
2026-01,2026,[01] January,"Buruanga, Aklan",[1] Live,[A] Live,5th,Mun,5th,R6,v1
2026-01,2026,[01] January,"Cabatuan, Iloilo",[1] Live,[A] Live,2nd,Mun,2nd,R6,v1
2026-01,2026,[01] January,"Calinog, Iloilo",[1] Live,[A] Live,1st,Mun,1st,R6,v1
2026-01,2026,[01] January,"Carles, Iloilo",[1] Live,[A] Live,2nd,Mun,2nd,R6,v1
2026-01,2026,[01] January,"City of Iloilo, Iloilo",[1] Live,[A] Live,1st,City,1st,R6,v1
2026-01,2026,[01] January,"City of Roxas, Capiz",[8] Withdraw,[D] Withdraw,3rd,City,3rd,R6,
2026-01,2026,[01] January,"Concepcion, Iloilo",[1] Live,[A] Live,3rd,Mun,3rd,R6,v1
2026-01,2026,[01] January,"Cuartero, Capiz",[1] Live,[A] Live,4th,Mun,4th,R6,v1
2026-01,2026,[01] January,"Dingle, Iloilo",[1] Live,[A] Live,3rd,Mun,3rd,R6,v1
2026-01,2026,[01] January,"Dueñas, Iloilo",[1] Live,[A] Live,4th,Mun,4th,R6,v1
2026-01,2026,[01] January,"Dumarao, Capiz",[1] Live,[A] Live,2nd,Mun,2nd,R6,v1
2026-01,2026,[01] January,"Guimbal, Iloilo",[1] Live,[A] Live,4th,Mun,4th,R6,v1
2026-01,2026,[01] January,"Hamtic, Antique",[1] Live,[A] Live,3rd,Mun,3rd,R6,v1
2026-01,2026,[01] January,"Igbaras, Iloilo",[1] Live,[A] Live,3rd,Mun,3rd,R6,v1
2026-01,2026,[01] January,"Ivisan, Capiz",[1] Live,[A] Live,4th,Mun,4th,R6,v1
2026-01,2026,[01] January,"Jamindan, Capiz",[1] Live,[A] Live,2nd,Mun,2nd,R6,v1
2026-01,2026,[01] January,"Janiuay, Iloilo",[1] Live,[A] Live,1st,Mun,1st,R6,v1
2026-01,2026,[01] January,"Jordan, Guimaras",[1] Live,[A] Live,3rd,Mun,3rd,R6,v1
2026-01,2026,[01] January,"Lambunao, Iloilo",[1] Live,[A] Live,1st,Mun,1st,R6,v1
2026-01,2026,[01] January,"Laua-An, Antique",[1] Live,[A] Live,4th,Mun,4th,R6,v1
2026-01,2026,[01] January,"Leganes, Iloilo",[1] Live,[A] Live,4th,Mun,4th,R6,v1
2026-01,2026,[01] January,"Leon, Iloilo",[1] Live,[A] Live,2nd,Mun,2nd,R6,v1
2026-01,2026,[01] January,"Lezo, Aklan",[1] Live,[A] Live,5th,Mun,5th,R6,v1
2026-01,2026,[01] January,"Libacao, Aklan",[1] Live,[A] Live,3rd,Mun,3rd,R6,v1
2026-01,2026,[01] January,"Alabel, Sarangani",[1] Live,[A] Live,1st,Mun,1st,R12,v1
2026-01,2026,[01] January,"Alamada, Cotabato",[1] Live,[A] Live,1st,Mun,1st,R12,v1
2026-01,2026,[01] January,"Aleosan, Cotabato",[1] Live,[A] Live,3rd,Mun,3rd,R12,v1
2026-01,2026,[01] January,"Antipas, Cotabato",[1] Live,[A] Live,2nd,Mun,2nd,R12,v1
2026-01,2026,[01] January,"Arakan, Cotabato",[1] Live,[A] Live,1st,Mun,1st,R12,v1
2026-01,2026,[01] January,"Bagumbayan, Sultan Kudarat",[1] Live,[A] Live,1st,Mun,1st,R12,v1
2026-01,2026,[01] January,"Banga, South Cotabato",[1] Live,[A] Live,1st,Mun,1st,R12,v1
2026-01,2026,[01] January,"Banisilan, Cotabato",[1] Live,[A] Live,2nd,Mun,2nd,R12,v1
2026-01,2026,[01] January,"Carmen, Cotabato",[1] Live,[A] Live,1st,Mun,1st,R12,v1
2026-01,2026,[01] January,"City of Kidapawan, Cotabato",[1] Live,[A] Live,3rd,City,3rd,R12,v1
2026-01,2026,[01] January,"City of Tacurong, Sultan Kudarat",[8] Withdraw,[D] Withdraw,4th,City,4th,R12,
2026-01,2026,[01] January,"Columbio, Sultan Kudarat",[1] Live,[A] Live,1st,Mun,1st,R12,v1
2026-01,2026,[01] January,"Esperanza, Sultan Kudarat",[1] Live,[A] Live,1st,Mun,1st,R12,v1
2026-01,2026,[01] January,"Glan, Sarangani",[6] With Concerns,[C] For Training/Others,1st,Mun,1st,R12,v1
2026-01,2026,[01] January,"Isulan, Sultan Kudarat",[1] Live,[A] Live,1st,Mun,1st,R12,v1
2026-01,2026,[01] January,"Kabacan, Cotabato",[1] Live,[A] Live,1st,Mun,1st,R12,v1
2026-01,2026,[01] January,"Kalamansig, Sultan Kudarat",[1] Live,[A] Live,1st,Mun,1st,R12,v1
2026-01,2026,[01] January,"Kiamba, Sarangani",[1] Live,[A] Live,1st,Mun,1st,R12,v1
2026-01,2026,[01] January,"Lambayong, Sultan Kudarat",[1] Live,[A] Live,2nd,Mun,2nd,R12,v1
2026-01,2026,[01] January,"Lebak, Sultan Kudarat",[1] Live,[A] Live,1st,Mun,1st,R12,v1
2026-01,2026,[01] January,"Libungan, Cotabato",[1] Live,[A] Live,2nd,Mun,2nd,R12,v1
2026-01,2026,[01] January,"M'Lang, Cotabato",[1] Live,[A] Live,1st,Mun,1st,R12,v1
2026-01,2026,[01] January,"Maasim, Sarangani",[1] Live,[A] Live,1st,Mun,1st,R12,v1
2026-01,2026,[01] January,"Magpet, Cotabato",[1] Live,[A] Live,1st,Mun,1st,R12,v1
2026-01,2026,[01] January,"Maitum, Sarangani",[1] Live,[A] Live,2nd,Mun,2nd,R12,v1
2026-01,2026,[01] January,"Malapatan, Sarangani",[1] Live,[A] Live,1st,Mun,1st,R12,v1
2026-01,2026,[01] January,"Malungon, Sarangani",[8] Withdraw,[D] Withdraw,1st,Mun,1st,R12,
2026-01,2026,[01] January,"Matalam, Cotabato",[1] Live,[A] Live,1st,Mun,1st,R12,v1
2026-01,2026,[01] January,"Midsayap, Cotabato",[1] Live,[A] Live,1st,Mun,1st,R12,v1
2026-01,2026,[01] January,"Palimbang, Sultan Kudarat",[1] Live,[A] Live,2nd,Mun,2nd,R12,v1
2026-01,2026,[01] January,"Pigkawayan, Cotabato",[1] Live,[A] Live,1st,Mun,1st,R12,v1
2026-01,2026,[01] January,"Pikit, Cotabato",[1] Live,[A] Live,1st,Mun,1st,R12,v1
2026-01,2026,[01] January,"Polomolok, South Cotabato",[1] Live,[A] Live,1st,Mun,1st,R12,v1
2026-01,2026,[01] January,"President Quirino, Sultan Kudarat",[1] Live,[A] Live,3rd,Mun,3rd,R12,v1
2026-01,2026,[01] January,"President Roxas, Cotabato",[1] Live,[A] Live,1st,Mun,1st,R12,v1
2026-01,2026,[01] January,"Santo Niño, South Cotabato",[1] Live,[A] Live,3rd,Mun,3rd,R12,v1
2026-01,2026,[01] January,"Sen. Ninoy Aquino, Sultan Kudarat",[1] Live,[A] Live,3rd,Mun,3rd,R12,v1
2026-01,2026,[01] January,"Surallah, South Cotabato",[1] Live,[A] Live,1st,Mun,1st,R12,v1
2026-01,2026,[01] January,"T'Boli, South Cotabato",[1] Live,[A] Live,1st,Mun,1st,R12,v1
2026-01,2026,[01] January,"Tampakan, South Cotabato",[1] Live,[A] Live,2nd,Mun,2nd,R12,v1
2026-01,2026,[01] January,"Tantangan, South Cotabato",[1] Live,[A] Live,3rd,Mun,3rd,R12,v1
2026-01,2026,[01] January,"Tulunan, Cotabato",[1] Live,[A] Live,2nd,Mun,2nd,R12,v1
2026-01,2026,[01] January,"Tupi, South Cotabato",[1] Live,[A] Live,1st,Mun,1st,R12,v1
2026-01,2026,[01] January,"Alegria, Surigao del Norte",[1] Live,[A] Live,5th,Mun,5th,R13,v1
2026-01,2026,[01] January,"Bayabas, Surigao del Sur",[1] Live,[A] Live,5th,Mun,5th,R13,v1
2026-01,2026,[01] January,"Buenavista, Agusan del Norte",[1] Live,[A] Live,1st,Mun,1st,R13,v1
2026-01,2026,[01] January,"Burgos, Surigao del Norte",[1] Live,[A] Live,6th,Mun,6th,R13,v1
2026-01,2026,[01] January,"Cagdianao, Dinagat Islands",[1] Live,[A] Live,3rd,Mun,3rd,R13,v1
2026-01,2026,[01] January,"Cagwait, Surigao del Sur",[1] Live,[A] Live,4th,Mun,4th,R13,v1
2026-01,2026,[01] January,"Cantilan, Surigao del Sur",[1] Live,[A] Live,2nd,Mun,2nd,R13,v1
2026-01,2026,[01] January,"Carmen, Surigao del Sur",[1] Live,[A] Live,5th,Mun,5th,R13,v1
2026-01,2026,[01] January,"City of Cabadbaran, Agusan del Norte",[1] Live,[A] Live,6th,City,6th,R13,v1
2026-01,2026,[01] January,"City of Surigao, Surigao del Norte",[1] Live,[A] Live,3rd,City,3rd,R13,v1
2026-01,2026,[01] January,"City of Tandag, Surigao del Sur",[1] Live,[A] Live,5th,City,5th,R13,v1
2026-01,2026,[01] January,"Cortes, Surigao del Sur",[1] Live,[A] Live,4th,Mun,4th,R13,v1
2026-01,2026,[01] January,"Del Carmen, Surigao del Norte",[1] Live,[A] Live,5th,Mun,5th,R13,v1
2026-01,2026,[01] January,"Dinagat, Dinagat Islands",[1] Live,[A] Live,5th,Mun,5th,R13,v1
2026-01,2026,[01] January,"General Luna, Surigao del Norte",[1] Live,[A] Live,5th,Mun,5th,R13,v1
2026-01,2026,[01] January,"Gigaquit, Surigao del Norte",[1] Live,[A] Live,4th,Mun,4th,R13,v1
2026-01,2026,[01] January,"Hinatuan, Surigao del Sur",[1] Live,[A] Live,2nd,Mun,2nd,R13,v1
2026-01,2026,[01] January,"Kitcharao, Agusan del Norte",[1] Live,[A] Live,4th,Mun,4th,R13,v1
2026-01,2026,[01] January,"Lanuza, Surigao del Sur",[1] Live,[A] Live,4th,Mun,4th,R13,v1
2026-01,2026,[01] January,"Las Nieves, Agusan del Norte",[1] Live,[A] Live,2nd,Mun,2nd,R13,v1
2026-01,2026,[01] January,"Lianga, Surigao del Sur",[1] Live,[A] Live,4th,Mun,4th,R13,v1
2026-01,2026,[01] January,"Lingig, Surigao del Sur",[1] Live,[A] Live,2nd,Mun,2nd,R13,v1
2026-01,2026,[01] January,"Madrid, Surigao del Sur",[1] Live,[A] Live,4th,Mun,4th,R13,v1
2026-01,2026,[01] January,"Magallanes, Agusan del Norte",[1] Live,[A] Live,4th,Mun,4th,R13,v1
2026-01,2026,[01] January,"Mainit, Surigao del Norte",[1] Live,[A] Live,4th,Mun,4th,R13,v1
2026-01,2026,[01] January,"Marihatag, Surigao del Sur",[1] Live,[A] Live,3rd,Mun,3rd,R13,v1
2026-01,2026,[01] January,"Remedios T. Romualdez, Agusan del Norte",[1] Live,[A] Live,5th,Mun,5th,R13,v1
2026-01,2026,[01] January,"San Agustin, Surigao del Sur",[1] Live,[A] Live,4th,Mun,4th,R13,v1
2026-01,2026,[01] January,"San Francisco, Agusan del Sur",[1] Live,[A] Live,1st,Mun,1st,R13,v1
2026-01,2026,[01] January,"San Francisco, Surigao del Norte",[1] Live,[A] Live,5th,Mun,5th,R13,v1
2026-01,2026,[01] January,"San Isidro, Surigao del Norte",[1] Live,[A] Live,5th,Mun,5th,R13,v1
2026-01,2026,[01] January,"San Jose, Dinagat Islands",[1] Live,[A] Live,4th,Mun,4th,R13,v1
2026-01,2026,[01] January,"San Miguel, Surigao del Sur",[1] Live,[A] Live,1st,Mun,1st,R13,v1
2026-01,2026,[01] January,"Santa Josefa, Agusan del Sur",[1] Live,[A] Live,3rd,Mun,3rd,R13,v1
2026-01,2026,[01] January,"Santiago, Agusan del Norte",[1] Live,[A] Live,4th,Mun,4th,R13,v1
2026-01,2026,[01] January,"Sison, Surigao del Norte",[1] Live,[A] Live,5th,Mun,5th,R13,v1
2026-01,2026,[01] January,"Socorro, Surigao del Norte",[1] Live,[A] Live,4th,Mun,4th,R13,v1
2026-01,2026,[01] January,"Tagana-An, Surigao del Norte",[1] Live,[A] Live,5th,Mun,5th,R13,v1
2026-01,2026,[01] January,"Tagbina, Surigao del Sur",[1] Live,[A] Live,2nd,Mun,2nd,R13,v1
2026-01,2026,[01] January,"Tago, Surigao del Sur",[1] Live,[A] Live,2nd,Mun,2nd,R13,v1
2026-01,2026,[01] January,"Trento, Agusan del Sur",[1] Live,[A] Live,1st,Mun,1st,R13,v1
2026-01,2026,[01] January,"Tubajon, Dinagat Islands",[1] Live,[A] Live,5th,Mun,5th,R13,v1
2026-01,2026,[01] January,"Tubod, Surigao del Norte",[1] Live,[A] Live,5th,Mun,5th,R13,v1
2026-01,2026,[01] January,"Aborlan, Palawan",[1] Live,[A] Live,1st,Mun,1st,R4B,v1
2026-01,2026,[01] January,"Abra De Ilog, Occidental Mindoro",[1] Live,[A] Live,2nd,Mun,2nd,R4B,v1
2026-01,2026,[01] January,"Alcantara, Romblon",[1] Live,[A] Live,5th,Mun,5th,R4B,v1
2026-01,2026,[01] January,"Baco, Oriental Mindoro",[1] Live,[A] Live,3rd,Mun,3rd,R4B,v1
2026-01,2026,[01] January,"Bansud, Oriental Mindoro",[1] Live,[A] Live,2nd,Mun,2nd,R4B,v1
2026-01,2026,[01] January,"Banton, Romblon",[1] Live,[A] Live,5th,Mun,5th,R4B,v1
2026-01,2026,[01] January,"Bataraza, Palawan",[1] Live,[A] Live,1st,Mun,1st,R4B,v1
2026-01,2026,[01] January,"Bongabong, Oriental Mindoro",[1] Live,[A] Live,1st,Mun,1st,R4B,v1
2026-01,2026,[01] January,"Brooke's Point, Palawan",[1] Live,[A] Live,1st,Mun,1st,R4B,v1
2026-01,2026,[01] January,"Buenavista, Marinduque",[1] Live,[A] Live,4th,Mun,4th,R4B,v1
2026-01,2026,[01] January,"Bulalacao, Oriental Mindoro",[1] Live,[A] Live,3rd,Mun,3rd,R4B,v1
2026-01,2026,[01] January,"Busuanga, Palawan",[1] Live,[A] Live,3rd,Mun,3rd,R4B,v1
2026-01,2026,[01] January,"Cagayancillo, Palawan",[1] Live,[A] Live,6th,Mun,6th,R4B,v1
2026-01,2026,[01] January,"Cajidiocan, Romblon",[1] Live,[A] Live,4th,Mun,4th,R4B,v1
2026-01,2026,[01] January,"Calatrava, Romblon",[1] Live,[A] Live,5th,Mun,5th,R4B,v1
2026-01,2026,[01] January,"Calintaan, Occidental Mindoro",[1] Live,[A] Live,3rd,Mun,3rd,R4B,v1
2026-01,2026,[01] January,"Concepcion, Romblon",[8] Withdraw,[D] Withdraw,6th,Mun,6th,R4B,
2026-01,2026,[01] January,"Coron, Palawan",[1] Live,[A] Live,1st,Mun,1st,R4B,v1
2026-01,2026,[01] January,"Culion, Palawan",[1] Live,[A] Live,3rd,Mun,3rd,R4B,v1
2026-01,2026,[01] January,"El Nido, Palawan",[1] Live,[A] Live,1st,Mun,1st,R4B,v1
2026-01,2026,[01] January,"Ferrol, Romblon",[1] Live,[A] Live,6th,Mun,6th,R4B,v1
2026-01,2026,[01] January,"Gloria, Oriental Mindoro",[1] Live,[A] Live,3rd,Mun,3rd,R4B,v1
2026-01,2026,[01] January,"Kalayaan, Palawan",[1] Live,[A] Live,5th,Mun,5th,R4B,v1
2026-01,2026,[01] January,"Looc, Occidental Mindoro",[1] Live,[A] Live,5th,Mun,5th,R4B,v1
2026-01,2026,[01] January,"Looc, Romblon",[1] Live,[A] Live,4th,Mun,4th,R4B,v1
2026-01,2026,[01] January,"Lubang, Occidental Mindoro",[1] Live,[A] Live,4th,Mun,4th,R4B,v1
2026-01,2026,[01] January,"Magsaysay, Occidental Mindoro",[1] Live,[A] Live,3rd,Mun,3rd,R4B,v1
2026-01,2026,[01] January,"Mamburao, Occidental Mindoro",[1] Live,[A] Live,2nd,Mun,2nd,R4B,v1
2026-01,2026,[01] January,"Mansalay, Oriental Mindoro",[1] Live,[A] Live,2nd,Mun,2nd,R4B,v1
2026-01,2026,[01] January,"Mogpog, Marinduque",[6] With Concerns,[C] For Training/Others,3rd,Mun,3rd,R4B,v1
2026-01,2026,[01] January,"Narra, Palawan",[1] Live,[A] Live,1st,Mun,1st,R4B,v1
2026-01,2026,[01] January,"Naujan, Oriental Mindoro",[1] Live,[A] Live,1st,Mun,1st,R4B,v1
2026-01,2026,[01] January,"Paluan, Occidental Mindoro",[1] Live,[A] Live,3rd,Mun,3rd,R4B,v1
2026-01,2026,[01] January,"Pinamalayan, Oriental Mindoro",[1] Live,[A] Live,1st,Mun,1st,R4B,v1
2026-01,2026,[01] January,"Pola, Oriental Mindoro",[1] Live,[A] Live,3rd,Mun,3rd,R4B,v1
2026-01,2026,[01] January,"Puerto Galera, Oriental Mindoro",[8] Withdraw,[D] Withdraw,1st,Mun,1st,R4B,
2026-01,2026,[01] January,"Quezon, Palawan",[1] Live,[A] Live,1st,Mun,1st,R4B,v1
2026-01,2026,[01] January,"Rizal, Occidental Mindoro",[1] Live,[A] Live,3rd,Mun,3rd,R4B,v1
2026-01,2026,[01] January,"Rizal, Palawan",[1] Live,[A] Live,1st,Mun,1st,R4B,v1
2026-01,2026,[01] January,"Roxas, Oriental Mindoro",[1] Live,[A] Live,2nd,Mun,2nd,R4B,v1
2026-01,2026,[01] January,"Roxas, Palawan",[1] Live,[A] Live,1st,Mun,1st,R4B,v1
2026-01,2026,[01] January,"Sablayan, Occidental Mindoro",[1] Live,[A] Live,1st,Mun,1st,R4B,v1
2026-01,2026,[01] January,"San Andres, Romblon",[1] Live,[A] Live,5th,Mun,5th,R4B,v1
2026-01,2026,[01] January,"San Fernando, Romblon",[1] Live,[A] Live,4th,Mun,4th,R4B,v1
2026-01,2026,[01] January,"San Jose, Occidental Mindoro",[1] Live,[A] Live,1st,Mun,1st,R4B,v1
2026-01,2026,[01] January,"San Jose, Romblon",[1] Live,[A] Live,5th,Mun,5th,R4B,v1
2026-01,2026,[01] January,"San Teodoro, Oriental Mindoro",[1] Live,[A] Live,4th,Mun,4th,R4B,v1
2026-01,2026,[01] January,"San Vicente, Palawan",[1] Live,[A] Live,1st,Mun,1st,R4B,v1
2026-01,2026,[01] January,"Santa Cruz, Marinduque",[1] Live,[A] Live,1st,Mun,1st,R4B,v1
2026-01,2026,[01] January,"Santa Cruz, Occidental Mindoro",[1] Live,[A] Live,1st,Mun,1st,R4B,v1
2026-01,2026,[01] January,"Santa Fe, Romblon",[1] Live,[A] Live,5th,Mun,5th,R4B,v1
2026-01,2026,[01] January,"Socorro, Oriental Mindoro",[1] Live,[A] Live,3rd,Mun,3rd,R4B,v1
2026-01,2026,[01] January,"Taytay, Palawan",[1] Live,[A] Live,1st,Mun,1st,R4B,v1
2026-01,2026,[01] January,"Aurora, Zamboanga del Sur",[1] Live,[A] Live,2nd,Mun,2nd,R9,v1
2026-01,2026,[01] January,"Bayog, Zamboanga del Sur",[1] Live,[A] Live,3rd,Mun,3rd,R9,v1
2026-01,2026,[01] January,"Bongao, Tawi-Tawi",[1] Live,[A] Live,2nd,Mun,2nd,BARMM I,v1
2026-01,2026,[01] January,"Buug, Zamboanga Sibugay",[8] Withdraw,[D] Withdraw,3rd,Mun,3rd,R9,
2026-01,2026,[01] January,"City of Dipolog, Zamboanga del Norte",[8] Withdraw,[D] Withdraw,3rd,City,3rd,R9,
2026-01,2026,[01] January,"City of Isabela, Basilan",[1] Live,[A] Live,4th,City,4th,R9,v1
2026-01,2026,[01] January,"City of Lamitan, Basilan",[1] Live,[A] Live,6th,City,6th,BARMM I,v1
2026-01,2026,[01] January,"Dimataling, Zamboanga del Sur",[1] Live,[A] Live,4th,Mun,4th,R9,v1
2026-01,2026,[01] January,"Dinas, Zamboanga del Sur",[1] Live,[A] Live,4th,Mun,4th,R9,v1
2026-01,2026,[01] January,"Diplahan, Zamboanga Sibugay",[1] Live,[A] Live,3rd,Mun,3rd,R9,v1
2026-01,2026,[01] January,"Dumalinao, Zamboanga del Sur",[1] Live,[A] Live,4th,Mun,4th,R9,v1
2026-01,2026,[01] January,"Dumingag, Zamboanga del Sur",[1] Live,[A] Live,2nd,Mun,2nd,R9,v1
2026-01,2026,[01] January,"Godod, Zamboanga del Norte",[1] Live,[A] Live,4th,Mun,4th,R9,v1
2026-01,2026,[01] January,"Guipos, Zamboanga del Sur",[1] Live,[A] Live,4th,Mun,4th,R9,v1
2026-01,2026,[01] January,"Gutalac, Zamboanga del Norte",[1] Live,[A] Live,2nd,Mun,2nd,R9,v1
2026-01,2026,[01] January,"Imelda, Zamboanga Sibugay",[1] Live,[A] Live,4th,Mun,4th,R9,v1
2026-01,2026,[01] January,"Ipil, Zamboanga Sibugay",[8] Withdraw,[D] Withdraw,1st,Mun,1st,R9,
2026-01,2026,[01] January,"Jolo, Sulu",[7] To Follow-up,[C] For Training/Others,1st,Mun,1st,BARMM I,v1
2026-01,2026,[01] January,"Jose Dalman, Zamboanga del Norte",[1] Live,[A] Live,4th,Mun,4th,R9,v1
2026-01,2026,[01] January,"Josefina, Zamboanga del Sur",[1] Live,[A] Live,5th,Mun,5th,R9,v1
2026-01,2026,[01] January,"Kabasalan, Zamboanga Sibugay",[1] Live,[A] Live,2nd,Mun,2nd,R9,v1
2026-01,2026,[01] January,"Kalawit, Zamboanga del Norte",[1] Live,[A] Live,4th,Mun,4th,R9,v1
2026-01,2026,[01] January,"Katipunan, Zamboanga del Norte",[1] Live,[A] Live,2nd,Mun,2nd,R9,v1
2026-01,2026,[01] January,"Kumalarang, Zamboanga del Sur",[1] Live,[A] Live,4th,Mun,4th,R9,v1
2026-01,2026,[01] January,"La Libertad, Zamboanga del Norte",[1] Live,[A] Live,5th,Mun,5th,R9,v1
2026-01,2026,[01] January,"Labangan, Zamboanga del Sur",[1] Live,[A] Live,3rd,Mun,3rd,R9,v1
2026-01,2026,[01] January,"Labason, Zamboanga del Norte",[1] Live,[A] Live,3rd,Mun,3rd,R9,v1
2026-01,2026,[01] January,"Lakewood, Zamboanga del Sur",[1] Live,[A] Live,4th,Mun,4th,R9,v1
2026-01,2026,[01] January,"Lantawan, Basilan",[1] Live,[A] Live,3rd,Mun,3rd,BARMM I,v1
2026-01,2026,[01] January,"Lapuyan, Zamboanga del Sur",[1] Live,[A] Live,3rd,Mun,3rd,R9,v1
2026-01,2026,[01] January,"Leon B. Postigo (Bacungan), Zamboanga del Norte",[1] Live,[A] Live,4th,Mun,4th,R9,v1
2026-01,2026,[01] January,"Liloy, Zamboanga del Norte",[1] Live,[A] Live,3rd,Mun,3rd,R9,v1
2026-01,2026,[01] January,"Mahayag, Zamboanga del Sur",[1] Live,[A] Live,3rd,Mun,3rd,R9,v1
2026-01,2026,[01] January,"Malangas, Zamboanga Sibugay",[1] Live,[A] Live,3rd,Mun,3rd,R9,v1
2026-01,2026,[01] January,"Manukan, Zamboanga del Norte",[1] Live,[A] Live,3rd,Mun,3rd,R9,v1
2026-01,2026,[01] January,"Margosatubig, Zamboanga del Sur",[1] Live,[A] Live,3rd,Mun,3rd,R9,v1
2026-01,2026,[01] January,"Midsalip, Zamboanga del Sur",[1] Live,[A] Live,4th,Mun,4th,R9,v1
2026-01,2026,[01] January,"Molave, Zamboanga del Sur",[1] Live,[A] Live,1st,Mun,1st,R9,with v1 v2
2026-01,2026,[01] January,"Mutia, Zamboanga del Norte",[1] Live,[A] Live,5th,Mun,5th,R9,v1
2026-01,2026,[01] January,"Naga, Zamboanga Sibugay",[7] To Follow-up,[C] For Training/Others,3rd,Mun,3rd,R9,v1
2026-01,2026,[01] January,"Payao, Zamboanga Sibugay",[1] Live,[A] Live,3rd,Mun,3rd,R9,v1
2026-01,2026,[01] January,"Piñan, Zamboanga del Norte",[1] Live,[A] Live,4th,Mun,4th,R9,v1
2026-01,2026,[01] January,"Pitogo, Zamboanga del Sur",[1] Live,[A] Live,4th,Mun,4th,R9,v1
2026-01,2026,[01] January,"Polanco, Zamboanga del Norte",[1] Live,[A] Live,3rd,Mun,3rd,R9,v1
2026-01,2026,[01] January,"Pres. Manuel A. Roxas, Zamboanga del Norte",[1] Live,[A] Live,2nd,Mun,2nd,R9,v1
2026-01,2026,[01] January,"Ramon Magsaysay, Zamboanga del Sur",[1] Live,[A] Live,4th,Mun,4th,R9,v1
2026-01,2026,[01] January,"Rizal, Zamboanga del Norte",[1] Live,[A] Live,5th,Mun,5th,R9,v1
2026-01,2026,[01] January,"Roseller Lim, Zamboanga Sibugay",[1] Live,[A] Live,3rd,Mun,3rd,R9,v1
2026-01,2026,[01] January,"Salug, Zamboanga del Norte",[1] Live,[A] Live,3rd,Mun,3rd,R9,v1
2026-01,2026,[01] January,"San Miguel, Zamboanga del Sur",[1] Live,[A] Live,4th,Mun,4th,R9,v1
2026-01,2026,[01] January,"San Pablo, Zamboanga del Sur",[1] Live,[A] Live,4th,Mun,4th,R9,v1
2026-01,2026,[01] January,"Siay, Zamboanga Sibugay",[1] Live,[A] Live,2nd,Mun,2nd,R9,v1
2026-01,2026,[01] January,"Siayan, Zamboanga del Norte",[1] Live,[A] Live,2nd,Mun,2nd,R9,with v1 v2
2026-01,2026,[01] January,"Sibuco, Zamboanga del Norte",[7] To Follow-up,[C] For Training/Others,1st,Mun,1st,R9,v1
2026-01,2026,[01] January,"Sibutad, Zamboanga del Norte",[1] Live,[A] Live,5th,Mun,5th,R9,v1
2026-01,2026,[01] January,"Sindangan, Zamboanga del Norte",[1] Live,[A] Live,1st,Mun,1st,R9,v1
2026-01,2026,[01] January,"Siocon, Zamboanga del Norte",[1] Live,[A] Live,1st,Mun,1st,R9,v1
2026-01,2026,[01] January,"Sominot, Zamboanga del Sur",[7] To Follow-up,[C] For Training/Others,5th,Mun,5th,R9,v1
2026-01,2026,[01] January,"Sumisip, Basilan",[1] Live,[A] Live,1st,Mun,1st,BARMM I,v1
2026-01,2026,[01] January,"Tabina, Zamboanga del Sur",[1] Live,[A] Live,4th,Mun,4th,R9,v1
2026-01,2026,[01] January,"Talipao, Sulu",[1] Live,[A] Live,1st,Mun,1st,BARMM I,v1
2026-01,2026,[01] January,"Talusan, Zamboanga Sibugay",[1] Live,[A] Live,5th,Mun,5th,R9,v1
2026-01,2026,[01] January,"Tambulig, Zamboanga del Sur",[1] Live,[A] Live,4th,Mun,4th,R9,v1
2026-01,2026,[01] January,"Tampilisan, Zamboanga del Norte",[1] Live,[A] Live,4th,Mun,4th,R9,v1
2026-01,2026,[01] January,"Tigbao, Zamboanga del Sur",[1] Live,[A] Live,5th,Mun,5th,R9,v1
2026-01,2026,[01] January,"Tipo-Tipo, Basilan",[1] Live,[A] Live,3rd,Mun,3rd,BARMM I,v1
2026-01,2026,[01] January,"Titay, Zamboanga Sibugay",[1] Live,[A] Live,2nd,Mun,2nd,R9,v1
2026-01,2026,[01] January,"Tukuran, Zamboanga del Sur",[1] Live,[A] Live,4th,Mun,4th,R9,v1
2026-01,2026,[01] January,"Tungawan, Zamboanga Sibugay",[1] Live,[A] Live,2nd,Mun,2nd,R9,v1
2026-01,2026,[01] January,"Ungkaya Pukan, Basilan",[8] Withdraw,[D] Withdraw,-,Mun,-,BARMM I,
2026-01,2026,[01] January,"Vincenzo A. Sagun, Zamboanga del Sur",[1] Live,[A] Live,5th,Mun,5th,R9,v1
2026-01,2026,[01] January,"Ampatuan, Maguindanao del Sur",[1] Live,[A] Live,4th,Mun,4th,BARMM II,v1
2026-01,2026,[01] January,"Datu Abdullah Sangki, Maguindanao del Sur",[1] Live,[A] Live,-,Mun,-,BARMM II,v1
2026-01,2026,[01] January,"Datu Anggal Midtimbang, Maguindanao del Sur",[3] System Setup,[B] Developmental,-,Mun,-,BARMM II,v1
2026-01,2026,[01] January,"Datu Paglas, Maguindanao del Sur",[1] Live,[A] Live,4th,Mun,4th,BARMM II,v1
2026-01,2026,[01] January,"Datu Piang, Maguindanao del Sur",[3] System Setup,[B] Developmental,2nd,Mun,2nd,BARMM II,v1
2026-01,2026,[01] January,"Northern Kabuntalan, Maguindanao del Norte",[5] Admin Training,[C] For Training/Others,5th,Mun,5th,BARMM II,
2026-01,2026,[01] January,"Pagalungan, Maguindanao del Sur",[1] Live,[A] Live,1st,Mun,1st,BARMM II,v1
2026-01,2026,[01] January,"Parang, Maguindanao del Norte",[1] Live,[A] Live,1st,Mun,1st,BARMM II,v1
2026-01,2026,[01] January,"Shariff Aguak, Maguindanao del Sur",[1] Live,[A] Live,2nd,Mun,2nd,BARMM II,v1
2026-01,2026,[01] January,"Sultan Kudarat, Maguindanao del Norte",[1] Live,[A] Live,1st,Mun,1st,BARMM II,v1
2026-01,2026,[01] January,"Talayan, Maguindanao del Sur",[1] Live,[A] Live,4th,Mun,4th,BARMM II,v1
2026-01,2026,[01] January,"Upi, Maguindanao del Norte",[1] Live,[A] Live,1st,Mun,1st,BARMM II,v1
2026-01,2026,[01] January,"Agoncillo, Batangas",[1] Live,[A] Live,4th,Mun,4th,R4A,v1
2026-01,2026,[01] January,"Alabat, Quezon",[1] Live,[A] Live,5th,Mun,5th,R4A,v1
2026-01,2026,[01] January,"Alfonso, Cavite",[1] Live,[A] Live,1st,Mun,1st,R4A,v1
2026-01,2026,[01] January,"Alitagtag, Batangas",[1] Live,[A] Live,4th,Mun,4th,R4A,v1
2026-01,2026,[01] January,"Amadeo, Cavite",[1] Live,[A] Live,4th,Mun,4th,R4A,v1
2026-01,2026,[01] January,"Balayan, Batangas",[1] Live,[A] Live,1st,Mun,1st,R4A,v1
2026-01,2026,[01] January,"Balete, Batangas",[1] Live,[A] Live,5th,Mun,5th,R4A,v1
2026-01,2026,[01] January,"Buenavista, Quezon",[1] Live,[A] Live,4th,Mun,4th,R4A,v1
2026-01,2026,[01] January,"Burdeos, Quezon",[6] With Concerns,[C] For Training/Others,4th,Mun,4th,R4A,v2
2026-01,2026,[01] January,"Calatagan, Batangas",[1] Live,[A] Live,2nd,Mun,2nd,R4A,v1
2026-01,2026,[01] January,"Calauag, Quezon",[1] Live,[A] Live,1st,Mun,1st,R4A,v1
2026-01,2026,[01] January,"Calauan, Laguna",[1] Live,[A] Live,2nd,Mun,2nd,R4A,v1
2026-01,2026,[01] January,"Candelaria, Quezon",[1] Live,[A] Live,1st,Mun,1st,R4A,v1
2026-01,2026,[01] January,"Cardona, Rizal",[1] Live,[A] Live,3rd,Mun,3rd,R4A,v1
2026-01,2026,[01] January,"Cavinti, Laguna",[1] Live,[A] Live,3rd,Mun,3rd,R4A,v1
2026-01,2026,[01] January,"City of Lucena, Quezon",[8] Withdraw,[D] Withdraw,2nd,City,2nd,R4A,
2026-01,2026,[01] January,"Cuenca, Batangas",[8] Withdraw,[D] Withdraw,4th,Mun,4th,R4A,
2026-01,2026,[01] January,"Famy, Laguna",[1] Live,[A] Live,5th,Mun,5th,R4A,v1
2026-01,2026,[01] January,"General Emilio Aguinaldo, Cavite",[1] Live,[A] Live,5th,Mun,5th,R4A,v1
2026-01,2026,[01] January,"General Luna, Quezon",[1] Live,[A] Live,4th,Mun,4th,R4A,v1
2026-01,2026,[01] January,"General Nakar, Quezon",[1] Live,[A] Live,1st,Mun,1st,R4A,v1
2026-01,2026,[01] January,"Guinayangan, Quezon",[1] Live,[A] Live,3rd,Mun,3rd,R4A,v1
2026-01,2026,[01] January,"Gumaca, Quezon",[1] Live,[A] Live,1st,Mun,1st,R4A,v1
2026-01,2026,[01] January,"Indang, Cavite",[1] Live,[A] Live,1st,Mun,1st,R4A,v1
2026-01,2026,[01] January,"Infanta, Quezon",[1] Live,[A] Live,1st,Mun,1st,R4A,v1
2026-01,2026,[01] January,"Lemery, Batangas",[1] Live,[A] Live,1st,Mun,1st,R4A,v1
2026-01,2026,[01] January,"Lian, Batangas",[1] Live,[A] Live,3rd,Mun,3rd,R4A,v1
2026-01,2026,[01] January,"Liliw, Laguna",[1] Live,[A] Live,4th,Mun,4th,R4A,v1
2026-01,2026,[01] January,"Lobo, Batangas",[1] Live,[A] Live,3rd,Mun,3rd,R4A,v1
2026-01,2026,[01] January,"Lopez, Quezon",[1] Live,[A] Live,1st,Mun,1st,R4A,v1
2026-01,2026,[01] January,"Lumban, Laguna",[1] Live,[A] Live,3rd,Mun,3rd,R4A,v1
2026-01,2026,[01] January,"Mabini, Batangas",[1] Live,[A] Live,1st,Mun,1st,R4A,v1
2026-01,2026,[01] January,"Magallanes, Cavite",[1] Live,[A] Live,4th,Mun,4th,R4A,v1
2026-01,2026,[01] January,"Maragondon, Cavite",[1] Live,[A] Live,3rd,Mun,3rd,R4A,v1
2026-01,2026,[01] January,"Mataasnakahoy, Batangas",[1] Live,[A] Live,4th,Mun,4th,R4A,v1
2026-01,2026,[01] January,"Mauban, Quezon",[1] Live,[A] Live,1st,Mun,1st,R4A,v1
2026-01,2026,[01] January,"Mulanay, Quezon",[2] UAT,[B] Developmental,1st,Mun,1st,R4A,v1
2026-01,2026,[01] January,"Naic, Cavite",[1] Live,[A] Live,1st,Mun,1st,R4A,v1
2026-01,2026,[01] January,"Noveleta, Cavite",[1] Live,[A] Live,3rd,Mun,3rd,R4A,v1
2026-01,2026,[01] January,"Padre Burgos, Quezon",[1] Live,[A] Live,4th,Mun,4th,R4A,v1
2026-01,2026,[01] January,"Paete, Laguna",[1] Live,[A] Live,4th,Mun,4th,R4A,v1
2026-01,2026,[01] January,"Panukulan, Quezon",[1] Live,[A] Live,4th,Mun,4th,R4A,v1
2026-01,2026,[01] January,"Perez, Quezon",[1] Live,[A] Live,5th,Mun,5th,R4A,v1
2026-01,2026,[01] January,"Pitogo, Quezon",[1] Live,[A] Live,4th,Mun,4th,R4A,v1
2026-01,2026,[01] January,"Polillo, Quezon",[1] Live,[A] Live,3rd,Mun,3rd,R4A,v1
2026-01,2026,[01] January,"Quezon, Quezon",[1] Live,[A] Live,5th,Mun,5th,R4A,v1
2026-01,2026,[01] January,"Real, Quezon",[1] Live,[A] Live,1st,Mun,1st,R4A,v1
2026-01,2026,[01] January,"Rizal, Laguna",[1] Live,[A] Live,5th,Mun,5th,R4A,with v1 v2
2026-01,2026,[01] January,"Rosario, Cavite",[1] Live,[A] Live,1st,Mun,1st,R4A,v1
2026-01,2026,[01] January,"Sampaloc, Quezon",[1] Live,[A] Live,5th,Mun,5th,R4A,v1
2026-01,2026,[01] January,"San Andres, Quezon",[3] System Setup,[B] Developmental,4th,Mun,4th,R4A,v1
2026-01,2026,[01] January,"San Antonio, Quezon",[1] Live,[A] Live,4th,Mun,4th,R4A,v1
2026-01,2026,[01] January,"San Juan, Batangas",[2] UAT,[B] Developmental,1st,Mun,1st,R4A,v1
2026-01,2026,[01] January,"San Luis, Batangas",[1] Live,[A] Live,4th,Mun,4th,R4A,v1
2026-01,2026,[01] January,"San Mateo, Rizal",[3] System Setup,[B] Developmental,1st,Mun,1st,R4A,v1
2026-01,2026,[01] January,"San Nicolas, Batangas",[1] Live,[A] Live,5th,Mun,5th,R4A,v1
2026-01,2026,[01] January,"San Pascual, Batangas",[1] Live,[A] Live,1st,Mun,1st,R4A,v1
2026-01,2026,[01] January,"Santa Teresita, Batangas",[1] Live,[A] Live,5th,Mun,5th,R4A,v1
2026-01,2026,[01] January,"Siniloan, Laguna",[1] Live,[A] Live,2nd,Mun,2nd,R4A,v1
2026-01,2026,[01] January,"Taal, Batangas",[1] Live,[A] Live,3rd,Mun,3rd,R4A,v1
2026-01,2026,[01] January,"Tanay, Rizal",[1] Live,[A] Live,1st,Mun,1st,R4A,v1
2026-01,2026,[01] January,"Tanza, Cavite",[1] Live,[A] Live,1st,Mun,1st,R4A,v1
2026-01,2026,[01] January,"Taysan, Batangas",[1] Live,[A] Live,2nd,Mun,2nd,R4A,v1
2026-01,2026,[01] January,"Teresa, Rizal",[3] System Setup,[B] Developmental,2nd,Mun,2nd,R4A,v2
2026-01,2026,[01] January,"Tuy, Batangas",[1] Live,[A] Live,3rd,Mun,3rd,R4A,v1
2026-01,2026,[01] January,"Unisan, Quezon",[1] Live,[A] Live,4th,Mun,4th,R4A,v1
2026-01,2026,[01] January,"Aguinaldo, Ifugao",[1] Live,[A] Live,2nd,Mun,2nd,CAR,v1
2026-01,2026,[01] January,"Alfonso Lista, Ifugao",[1] Live,[A] Live,3rd,Mun,3rd,CAR,v1
2026-01,2026,[01] January,"Asipulo, Ifugao",[1] Live,[A] Live,5th,Mun,5th,CAR,v1
2026-01,2026,[01] January,"Banaue, Ifugao",[1] Live,[A] Live,4th,Mun,4th,CAR,v1
2026-01,2026,[01] January,"Bauko, Mountain Province",[1] Live,[A] Live,4th,Mun,4th,CAR,v1
2026-01,2026,[01] January,"Bontoc, Mountain Province",[1] Live,[A] Live,2nd,Mun,2nd,CAR,v1
2026-01,2026,[01] January,"City of Tabuk, Kalinga",[1] Live,[A] Live,5th,City,5th,CAR,v1
2026-01,2026,[01] January,"Danglas, Abra",[1] Live,[A] Live,5th,Mun,5th,CAR,v1
2026-01,2026,[01] January,"Dolores, Abra",[1] Live,[A] Live,5th,Mun,5th,CAR,with v1 v2
2026-01,2026,[01] January,"Hungduan, Ifugao",[1] Live,[A] Live,4th,Mun,4th,CAR,v1
2026-01,2026,[01] January,"Itogon, Benguet",[8] Withdraw,[D] Withdraw,1st,Mun,1st,CAR,
2026-01,2026,[01] January,"Lamut, Ifugao",[1] Live,[A] Live,4th,Mun,4th,CAR,v1
2026-01,2026,[01] January,"Lubuagan, Kalinga",[1] Live,[A] Live,4th,Mun,4th,CAR,v1
2026-01,2026,[01] January,"Luna, Apayao",[1] Live,[A] Live,2nd,Mun,2nd,CAR,v1
2026-01,2026,[01] January,"Mankayan, Benguet",[1] Live,[A] Live,1st,Mun,1st,CAR,v1
2026-01,2026,[01] January,"Mayoyao, Ifugao",[1] Live,[A] Live,4th,Mun,4th,CAR,v1
2026-01,2026,[01] January,"Paracelis, Mountain Province",[1] Live,[A] Live,2nd,Mun,2nd,CAR,v1
2026-01,2026,[01] January,"Pasil, Kalinga",[1] Live,[A] Live,5th,Mun,5th,CAR,v1
2026-01,2026,[01] January,"Peñarrubia, Abra",[1] Live,[A] Live,6th,Mun,6th,CAR,v1
2026-01,2026,[01] January,"Pudtol, Apayao",[1] Live,[A] Live,4th,Mun,4th,CAR,v1
2026-01,2026,[01] January,"Sablan, Benguet",[1] Live,[A] Live,5th,Mun,5th,CAR,v1
2026-01,2026,[01] January,"Santa Marcela, Apayao",[1] Live,[A] Live,4th,Mun,4th,CAR,v1
2026-01,2026,[01] January,"Tayum, Abra",[1] Live,[A] Live,5th,Mun,5th,CAR,v1
2026-01,2026,[01] January,"Tinoc, Ifugao",[1] Live,[A] Live,4th,Mun,4th,CAR,v1
2026-01,2026,[01] January,"Tuba, Benguet",[1] Live,[A] Live,1st,Mun,1st,CAR,v1
2026-01,2026,[01] January,"Tublay, Benguet",[1] Live,[A] Live,5th,Mun,5th,CAR,v1
2026-01,2026,[01] January,"Abucay, Bataan",[8] Withdraw,[D] Withdraw,3rd,Mun,3rd,R3,
2026-01,2026,[01] January,"Aliaga, Nueva Ecija",[1] Live,[A] Live,2nd,Mun,2nd,R3,v1
2026-01,2026,[01] January,"Anao, Tarlac",[1] Live,[A] Live,5th,Mun,5th,R3,v1
2026-01,2026,[01] January,"Apalit, Pampanga",[1] Live,[A] Live,1st,Mun,1st,R3,v1
2026-01,2026,[01] January,"Arayat, Pampanga",[1] Live,[A] Live,1st,Mun,1st,R3,v1
2026-01,2026,[01] January,"Bacolor, Pampanga",[1] Live,[A] Live,3rd,Mun,3rd,R3,v1
2026-01,2026,[01] January,"Bagac, Bataan",[3] System Setup,[B] Developmental,3rd,Mun,3rd,R3,v2
2026-01,2026,[01] January,"Baler, Aurora",[1] Live,[A] Live,3rd,Mun,3rd,R3,v1
2026-01,2026,[01] January,"Bamban, Tarlac",[1] Live,[A] Live,2nd,Mun,2nd,R3,with v1 v2
2026-01,2026,[01] January,"Bongabon, Nueva Ecija",[1] Live,[A] Live,2nd,Mun,2nd,R3,v1
2026-01,2026,[01] January,"Botolan, Zambales",[1] Live,[A] Live,1st,Mun,1st,R3,v1
2026-01,2026,[01] January,"Bustos, Bulacan",[1] Live,[A] Live,2nd,Mun,2nd,R3,with v1 v2
2026-01,2026,[01] January,"Cabangan, Zambales",[1] Live,[A] Live,4th,Mun,4th,R3,with v1 v2
2026-01,2026,[01] January,"Cabiao, Nueva Ecija",[1] Live,[A] Live,1st,Mun,1st,R3,with v1 v2
2026-01,2026,[01] January,"Camiling, Tarlac",[1] Live,[A] Live,1st,Mun,1st,R3,v1
2026-01,2026,[01] January,"Candaba, Pampanga",[1] Live,[A] Live,1st,Mun,1st,R3,with v1 v2
2026-01,2026,[01] January,"Carranglan, Nueva Ecija",[8] Withdraw,[D] Withdraw,1st,Mun,1st,R3,
2026-01,2026,[01] January,"Casiguran, Aurora",[1] Live,[A] Live,2nd,Mun,2nd,R3,v1
2026-01,2026,[01] January,"Castillejos, Zambales",[1] Live,[A] Live,3rd,Mun,3rd,R3,v1
2026-01,2026,[01] January,"City of Malolos, Bulacan",[8] Withdraw,[D] Withdraw,3rd,City,3rd,R3,
2026-01,2026,[01] January,"City of Meycauayan, Bulacan",[8] Withdraw,[D] Withdraw,3rd,City,3rd,R3,
2026-01,2026,[01] January,"City of Olongapo, Zambales",[8] Withdraw,[D] Withdraw,1st,City,1st,R3,
2026-01,2026,[01] January,"City of Palayan, Nueva Ecija",[1] Live,[A] Live,5th,City,5th,R3,v1
2026-01,2026,[01] January,"City of San Jose Del Monte, Bulacan",[1] Live,[A] Live,1st,City,1st,R3,v1
2026-01,2026,[01] January,"Concepcion, Tarlac",[1] Live,[A] Live,1st,Mun,1st,R3,v1
2026-01,2026,[01] January,"Cuyapo, Nueva Ecija",[1] Live,[A] Live,1st,Mun,1st,R3,v1
2026-01,2026,[01] January,"Dilasag, Aurora",[1] Live,[A] Live,3rd,Mun,3rd,R3,v1
2026-01,2026,[01] January,"Dinalungan, Aurora",[1] Live,[A] Live,4th,Mun,4th,R3,v1
2026-01,2026,[01] January,"Dingalan, Aurora",[1] Live,[A] Live,3rd,Mun,3rd,R3,v1
2026-01,2026,[01] January,"Dipaculao, Aurora",[1] Live,[A] Live,3rd,Mun,3rd,R3,v1
2026-01,2026,[01] January,"Floridablanca, Pampanga",[1] Live,[A] Live,1st,Mun,1st,R3,v1
2026-01,2026,[01] January,"Gabaldon, Nueva Ecija",[1] Live,[A] Live,4th,Mun,4th,R3,with v1 v2
2026-01,2026,[01] January,"General Tinio, Nueva Ecija",[1] Live,[A] Live,1st,Mun,1st,R3,v1
2026-01,2026,[01] January,"Gerona, Tarlac",[1] Live,[A] Live,1st,Mun,1st,R3,v1
2026-01,2026,[01] January,"Guagua, Pampanga",[1] Live,[A] Live,1st,Mun,1st,R3,v1
2026-01,2026,[01] January,"Guimba, Nueva Ecija",[1] Live,[A] Live,1st,Mun,1st,R3,with v1 v2
2026-01,2026,[01] January,"Iba, Zambales",[8] Withdraw,[D] Withdraw,2nd,Mun,2nd,R3,
2026-01,2026,[01] January,"La Paz, Tarlac",[1] Live,[A] Live,2nd,Mun,2nd,R3,with v1 v2
2026-01,2026,[01] January,"Licab, Nueva Ecija",[1] Live,[A] Live,4th,Mun,4th,R3,v1
2026-01,2026,[01] January,"Limay, Bataan",[1] Live,[A] Live,1st,Mun,1st,R3,v1
2026-01,2026,[01] January,"Lupao, Nueva Ecija",[1] Live,[A] Live,3rd,Mun,3rd,R3,v1
2026-01,2026,[01] January,"Mabalacat City, Pampanga",[1] Live,[A] Live,3rd,City,3rd,R3,v1
2026-01,2026,[01] January,"Macabebe, Pampanga",[1] Live,[A] Live,1st,Mun,1st,R3,v1
2026-01,2026,[01] January,"Magalang, Pampanga",[1] Live,[A] Live,1st,Mun,1st,R3,v1
2026-01,2026,[01] January,"Maria Aurora, Aurora",[1] Live,[A] Live,2nd,Mun,2nd,R3,v1
2026-01,2026,[01] January,"Masantol, Pampanga",[1] Live,[A] Live,2nd,Mun,2nd,R3,v1
2026-01,2026,[01] January,"Masinloc, Zambales",[1] Live,[A] Live,1st,Mun,1st,R3,v1
2026-01,2026,[01] January,"Mayantoc, Tarlac",[1] Live,[A] Live,3rd,Mun,3rd,R3,v1
2026-01,2026,[01] January,"Mexico, Pampanga",[1] Live,[A] Live,1st,Mun,1st,R3,v1
2026-01,2026,[01] January,"Minalin, Pampanga",[1] Live,[A] Live,4th,Mun,4th,R3,v1
2026-01,2026,[01] January,"Morong, Bataan",[2] UAT,[B] Developmental,3rd,Mun,3rd,R3,v2
2026-01,2026,[01] January,"Norzagaray, Bulacan",[1] Live,[A] Live,1st,Mun,1st,R3,v1
2026-01,2026,[01] January,"Obando, Bulacan",[1] Live,[A] Live,2nd,Mun,2nd,R3,v1
2026-01,2026,[01] January,"Orani, Bataan",[1] Live,[A] Live,3rd,Mun,3rd,R3,v1
2026-01,2026,[01] January,"Palauig, Zambales",[1] Live,[A] Live,3rd,Mun,3rd,R3,with v1 v2
2026-01,2026,[01] January,"Pandi, Bulacan",[1] Live,[A] Live,2nd,Mun,2nd,R3,v1
2026-01,2026,[01] January,"Paniqui, Tarlac",[1] Live,[A] Live,1st,Mun,1st,R3,v1
2026-01,2026,[01] January,"Pantabangan, Nueva Ecija",[1] Live,[A] Live,1st,Mun,1st,R3,v1
2026-01,2026,[01] January,"Paombong, Bulacan",[1] Live,[A] Live,3rd,Mun,3rd,R3,v1
2026-01,2026,[01] January,"Pura, Tarlac",[1] Live,[A] Live,4th,Mun,4th,R3,with v1 v2
2026-01,2026,[01] January,"Quezon, Nueva Ecija",[1] Live,[A] Live,4th,Mun,4th,R3,with v1 v2
2026-01,2026,[01] January,"Rizal, Nueva Ecija",[1] Live,[A] Live,2nd,Mun,2nd,R3,v1
2026-01,2026,[01] January,"Samal, Bataan",[1] Live,[A] Live,4th,Mun,4th,R3,v1
2026-01,2026,[01] January,"San Antonio, Zambales",[1] Live,[A] Live,2nd,Mun,2nd,R3,v1
2026-01,2026,[01] January,"San Clemente, Tarlac",[1] Live,[A] Live,5th,Mun,5th,R3,with v1 v2
2026-01,2026,[01] January,"San Felipe, Zambales",[1] Live,[A] Live,4th,Mun,4th,R3,v1
2026-01,2026,[01] January,"San Ildefonso, Bulacan",[1] Live,[A] Live,1st,Mun,1st,R3,v1
2026-01,2026,[01] January,"San Isidro, Nueva Ecija",[1] Live,[A] Live,2nd,Mun,2nd,R3,v1
2026-01,2026,[01] January,"San Jose, Tarlac",[1] Live,[A] Live,3rd,Mun,3rd,R3,v1
2026-01,2026,[01] January,"San Luis, Aurora",[1] Live,[A] Live,2nd,Mun,2nd,R3,with v1 v2
2026-01,2026,[01] January,"San Luis, Pampanga",[1] Live,[A] Live,3rd,Mun,3rd,R3,v1
2026-01,2026,[01] January,"San Manuel, Tarlac",[1] Live,[A] Live,4th,Mun,4th,R3,with v1 v2
2026-01,2026,[01] January,"San Marcelino, Zambales",[1] Live,[A] Live,1st,Mun,1st,R3,v1
2026-01,2026,[01] January,"San Narciso, Zambales",[1] Live,[A] Live,4th,Mun,4th,R3,v1
2026-01,2026,[01] January,"Santa Ana, Pampanga",[1] Live,[A] Live,3rd,Mun,3rd,R3,v1
2026-01,2026,[01] January,"Santa Ignacia, Tarlac",[1] Live,[A] Live,2nd,Mun,2nd,R3,with v1 v2
2026-01,2026,[01] January,"Santa Rita, Pampanga",[1] Live,[A] Live,4th,Mun,4th,R3,v1
2026-01,2026,[01] January,"Santo Domingo, Nueva Ecija",[1] Live,[A] Live,3rd,Mun,3rd,R3,v1
2026-01,2026,[01] January,"Sasmuan, Pampanga",[1] Live,[A] Live,4th,Mun,4th,R3,v1
2026-01,2026,[01] January,"Sto. Tomas, Pampanga",[2] UAT,[B] Developmental,4th,Mun,4th,R3,v1
2026-01,2026,[01] January,"Subic, Zambales",[1] Live,[A] Live,1st,Mun,1st,R3,v1
2026-01,2026,[01] January,"Talugtug, Nueva Ecija",[1] Live,[A] Live,4th,Mun,4th,R3,v1
2026-01,2026,[01] January,"Zaragoza, Nueva Ecija",[1] Live,[A] Live,3rd,Mun,3rd,R3,with v1 v2
2026-01,2026,[01] January,"Amlan, Negros Oriental",[1] Live,[A] Live,4th,Mun,4th,NIR,v1
2026-01,2026,[01] January,"Ayungon, Negros Oriental",[1] Live,[A] Live,2nd,Mun,2nd,NIR,v1
2026-01,2026,[01] January,"Bacong, Negros Oriental",[8] Withdraw,[D] Withdraw,4th,Mun,4th,NIR,
2026-01,2026,[01] January,"Basay, Negros Oriental",[1] Live,[A] Live,4th,Mun,4th,NIR,v1
2026-01,2026,[01] January,"City of Canlaon, Negros Oriental",[1] Live,[A] Live,4th,City,4th,NIR,v1
2026-01,2026,[01] January,"Dauin, Negros Oriental",[1] Live,[A] Live,4th,Mun,4th,NIR,v1
2026-01,2026,[01] January,"City of Dumaguete, Negros Oriental",[1] Live,[A] Live,3rd,City,3rd,NIR,v1
2026-01,2026,[01] January,"City of Guihulngan, Negros Oriental",[1] Live,[A] Live,5th,City,5th,NIR,v1
2026-01,2026,[01] January,"Jimalalud, Negros Oriental",[1] Live,[A] Live,4th,Mun,4th,NIR,v1
2026-01,2026,[01] January,"La Libertad, Negros Oriental",[1] Live,[A] Live,3rd,Mun,3rd,NIR,v1
2026-01,2026,[01] January,"Mabinay, Negros Oriental",[1] Live,[A] Live,1st,Mun,1st,NIR,v1
2026-01,2026,[01] January,"Manjuyod, Negros Oriental",[2] UAT,[B] Developmental,2nd,Mun,2nd,NIR,v1
2026-01,2026,[01] January,"San Jose, Negros Oriental",[1] Live,[A] Live,5th,Mun,5th,NIR,v1
2026-01,2026,[01] January,"Siaton, Negros Oriental",[1] Live,[A] Live,1st,Mun,1st,NIR,v1
2026-01,2026,[01] January,"Sibulan, Negros Oriental",[1] Live,[A] Live,2nd,Mun,2nd,NIR,v1
2026-01,2026,[01] January,"Tayasan, Negros Oriental",[1] Live,[A] Live,3rd,Mun,3rd,NIR,v1
2026-01,2026,[01] January,"Valencia, Negros Oriental",[1] Live,[A] Live,1st,Mun,1st,NIR,v1
2026-01,2026,[01] January,"Vallehermoso, Negros Oriental",[1] Live,[A] Live,3rd,Mun,3rd,NIR,v1
2026-01,2026,[01] January,"Enrique Villanueva, Siquijor",[1] Live,[A] Live,5th,Mun,5th,NIR,v1
2026-01,2026,[01] January,"Larena, Siquijor",[1] Live,[A] Live,5th,Mun,5th,NIR,v1
2026-01,2026,[01] January,"Lazi, Siquijor",[1] Live,[A] Live,4th,Mun,4th,NIR,v1
2026-01,2026,[01] January,"Maria, Siquijor",[1] Live,[A] Live,5th,Mun,5th,NIR,v1
2026-01,2026,[01] January,"San Juan, Siquijor",[1] Live,[A] Live,5th,Mun,5th,NIR,v1
2026-01,2026,[01] January,"Candoni, Negros Occidental",[1] Live,[A] Live,4th,Mun,4th,NIR,v1
2026-01,2026,[01] January,"City of Escalante, Negros Occidental",[1] Live,[A] Live,4th,City,4th,NIR,v1
2026-01,2026,[01] January,"City of Himamaylan, Negros Occidental",[1] Live,[A] Live,3rd,City,3rd,NIR,v1
2026-01,2026,[01] January,"City of Kabankalan, Negros Occidental",[1] Live,[A] Live,1st,City,1st,NIR,v1
2026-01,2026,[01] January,"City of La Carlota, Negros Occidental",[1] Live,[A] Live,4th,City,4th,NIR,v1
2026-01,2026,[01] January,"City of Sagay, Negros Occidental",[1] Live,[A] Live,3rd,City,3rd,NIR,v1
2026-01,2026,[01] January,"City of Sipalay, Negros Occidental",[1] Live,[A] Live,4th,City,4th,NIR,v1
2026-01,2026,[01] January,"Hinigaran, Negros Occidental",[1] Live,[A] Live,1st,Mun,1st,NIR,v1
2026-01,2026,[01] January,"Hinoba-an, Negros Occidental",[1] Live,[A] Live,1st,Mun,1st,NIR,v1
2026-01,2026,[01] January,"Manapla, Negros Occidental",[1] Live,[A] Live,2nd,Mun,2nd,NIR,v1
2026-01,2026,[01] January,"Moises Padilla, Negros Occidental",[1] Live,[A] Live,3rd,Mun,3rd,NIR,v1
2026-01,2026,[01] January,"Pontevedra, Negros Occidental",[1] Live,[A] Live,3rd,Mun,3rd,NIR,v1
2026-01,2026,[01] January,"Aloran, Misamis Occidental",[1] Live,[A] Live,4th,Mun,4th,R10,v1
2026-01,2026,[01] January,"Alubijid, Misamis Oriental",[1] Live,[A] Live,4th,Mun,4th,R10,v1
2026-01,2026,[01] January,"Bacolod, Lanao del Norte",[1] Live,[A] Live,4th,Mun,4th,R10,v1
2026-01,2026,[01] January,"Balingasag, Misamis Oriental",[1] Live,[A] Live,2nd,Mun,2nd,R10,v1
2026-01,2026,[01] January,"Balingoan, Misamis Oriental",[1] Live,[A] Live,5th,Mun,5th,R10,v1
2026-01,2026,[01] January,"Baroy, Lanao del Norte",[1] Live,[A] Live,4th,Mun,4th,R10,v1
2026-01,2026,[01] January,"Baungon, Bukidnon",[8] Withdraw,[D] Withdraw,2nd,Mun,2nd,R10,
2026-01,2026,[01] January,"Bonifacio, Misamis Occidental",[1] Live,[A] Live,4th,Mun,4th,R10,v1
2026-01,2026,[01] January,"Calamba, Misamis Occidental",[1] Live,[A] Live,4th,Mun,4th,R10,v1
2026-01,2026,[01] January,"Catarman, Camiguin",[1] Live,[A] Live,5th,Mun,5th,R10,v1
2026-01,2026,[01] January,"City of El Salvador, Misamis Oriental",[1] Live,[A] Live,6th,City,6th,R10,v1
2026-01,2026,[01] January,"City of Gingoog, Misamis Oriental",[1] Live,[A] Live,2nd,City,2nd,R10,v1
2026-01,2026,[01] January,"City of Iligan, Lanao del Norte",[7] To Follow-up,[C] For Training/Others,1st,City,1st,R10,v1
2026-01,2026,[01] January,"City of Ozamiz, Misamis Occidental",[1] Live,[A] Live,3rd,City,3rd,R10,v1
2026-01,2026,[01] January,"City of Tangub, Misamis Occidental",[1] Live,[A] Live,4th,City,4th,R10,v1
2026-01,2026,[01] January,"Clarin, Misamis Occidental",[1] Live,[A] Live,4th,Mun,4th,R10,v1
2026-01,2026,[01] January,"Claveria, Misamis Oriental",[1] Live,[A] Live,1st,Mun,1st,R10,v1
2026-01,2026,[01] January,"Don Carlos, Bukidnon",[1] Live,[A] Live,1st,Mun,1st,R10,v1
2026-01,2026,[01] January,"Gitagum, Misamis Oriental",[1] Live,[A] Live,5th,Mun,5th,R10,v1
2026-01,2026,[01] January,"Guinsiliban, Camiguin",[1] Live,[A] Live,6th,Mun,6th,R10,v1
2026-01,2026,[01] January,"Impasug-ong, Bukidnon",[1] Live,[A] Live,1st,Mun,1st,R10,v1
2026-01,2026,[01] January,"Jasaan, Misamis Oriental",[1] Live,[A] Live,2nd,Mun,2nd,R10,v1
2026-01,2026,[01] January,"Jimenez, Misamis Occidental",[1] Live,[A] Live,3rd,Mun,3rd,R10,v1
2026-01,2026,[01] January,"Kadingilan, Bukidnon",[1] Live,[A] Live,3rd,Mun,3rd,R10,v1
2026-01,2026,[01] January,"Kapatagan, Lanao del Norte",[1] Live,[A] Live,2nd,Mun,2nd,R10,v1
2026-01,2026,[01] January,"Kauswagan, Lanao del Norte",[1] Live,[A] Live,5th,Mun,5th,R10,v1
2026-01,2026,[01] January,"Kibawe, Bukidnon",[1] Live,[A] Live,2nd,Mun,2nd,R10,v1
2026-01,2026,[01] January,"Kinoguitan, Misamis Oriental",[1] Live,[A] Live,5th,Mun,5th,R10,v1
2026-01,2026,[01] January,"Kolambugan, Lanao del Norte",[7] To Follow-up,[C] For Training/Others,4th,Mun,4th,R10,v1
2026-01,2026,[01] January,"Lagonglong, Misamis Oriental",[1] Live,[A] Live,5th,Mun,5th,R10,v1
2026-01,2026,[01] January,"Laguindingan, Misamis Oriental",[1] Live,[A] Live,4th,Mun,4th,R10,v1
2026-01,2026,[01] January,"Libertad, Misamis Oriental",[1] Live,[A] Live,5th,Mun,5th,R10,v1
2026-01,2026,[01] January,"Linamon, Lanao del Norte",[1] Live,[A] Live,5th,Mun,5th,R10,v1
2026-01,2026,[01] January,"Lugait, Misamis Oriental",[1] Live,[A] Live,2nd,Mun,2nd,R10,v1
2026-01,2026,[01] January,"Magsaysay, Lanao del Norte",[1] Live,[A] Live,5th,Mun,5th,R10,v1
2026-01,2026,[01] January,"Magsaysay, Misamis Oriental",[1] Live,[A] Live,4th,Mun,4th,R10,v1
2026-01,2026,[01] January,"Mahinog, Camiguin",[1] Live,[A] Live,5th,Mun,5th,R10,v1
2026-01,2026,[01] January,"Maigo, Lanao del Norte",[1] Live,[A] Live,4th,Mun,4th,R10,v1
2026-01,2026,[01] January,"Mambajao, Camiguin",[1] Live,[A] Live,3rd,Mun,3rd,R10,v1
2026-01,2026,[01] January,"Manticao, Misamis Oriental",[1] Live,[A] Live,4th,Mun,4th,R10,v1
2026-01,2026,[01] January,"Medina, Misamis Oriental",[1] Live,[A] Live,4th,Mun,4th,R10,v1
2026-01,2026,[01] January,"Naawan, Misamis Oriental",[1] Live,[A] Live,4th,Mun,4th,R10,v1
2026-01,2026,[01] January,"Nunungan, Lanao del Norte",[1] Live,[A] Live,3rd,Mun,3rd,R10,v1
2026-01,2026,[01] January,"Opol, Misamis Oriental",[1] Live,[A] Live,2nd,Mun,2nd,R10,v1
2026-01,2026,[01] January,"Panaon, Misamis Occidental",[1] Live,[A] Live,5th,Mun,5th,R10,v1
2026-01,2026,[01] January,"Plaridel, Misamis Occidental",[1] Live,[A] Live,3rd,Mun,3rd,R10,v1
2026-01,2026,[01] January,"Sagay, Camiguin",[1] Live,[A] Live,5th,Mun,5th,R10,v1
2026-01,2026,[01] January,"Salay, Misamis Oriental",[1] Live,[A] Live,4th,Mun,4th,R10,v1
2026-01,2026,[01] January,"San Fernando, Bukidnon",[1] Live,[A] Live,1st,Mun,1st,R10,v1
2026-01,2026,[01] January,"Sapang Dalaga, Misamis Occidental",[1] Live,[A] Live,5th,Mun,5th,R10,v1
2026-01,2026,[01] January,"Sinacaban, Misamis Occidental",[1] Live,[A] Live,5th,Mun,5th,R10,v1
2026-01,2026,[01] January,"Sugbongcogon, Misamis Oriental",[1] Live,[A] Live,5th,Mun,5th,R10,v1
2026-01,2026,[01] January,"Sultan Naga Dimaporo, Lanao del Norte",[1] Live,[A] Live,3rd,Mun,3rd,R10,v1
2026-01,2026,[01] January,"Tagoloan, Misamis Oriental",[1] Live,[A] Live,1st,Mun,1st,R10,v1
2026-01,2026,[01] January,"Talakag, Bukidnon",[1] Live,[A] Live,1st,Mun,1st,R10,v1
2026-01,2026,[01] January,"Talisayan, Misamis Oriental",[1] Live,[A] Live,4th,Mun,4th,R10,v1
2026-01,2026,[01] January,"Tudela, Misamis Occidental",[1] Live,[A] Live,4th,Mun,4th,R10,v1
2026-01,2026,[01] January,"Villanueva, Misamis Oriental",[1] Live,[A] Live,2nd,Mun,2nd,R10,v1
2026-01,2026,[01] January,"Adams, Ilocos Norte",[1] Live,[A] Live,5th,Mun,5th,R1,v1
2026-01,2026,[01] January,"Agoo, La Union",[1] Live,[A] Live,1st,Mun,1st,R1,with v1 v2
2026-01,2026,[01] January,"Aguilar, Pangasinan",[1] Live,[A] Live,3rd,Mun,3rd,R1,v1
2026-01,2026,[01] January,"Anda, Pangasinan",[1] Live,[A] Live,3rd,Mun,3rd,R1,with v1 v2
2026-01,2026,[01] January,"Aringay, La Union",[1] Live,[A] Live,2nd,Mun,2nd,R1,v1
2026-01,2026,[01] January,"Bacarra, Ilocos Norte",[1] Live,[A] Live,3rd,Mun,3rd,R1,v1
2026-01,2026,[01] January,"Badoc, Ilocos Norte",[1] Live,[A] Live,3rd,Mun,3rd,R1,v1
2026-01,2026,[01] January,"Bagulin, La Union",[1] Live,[A] Live,5th,Mun,5th,R1,with v1 v2
2026-01,2026,[01] January,"Balaoan, La Union",[1] Live,[A] Live,1st,Mun,1st,R1,with v1 v2
2026-01,2026,[01] January,"Balungao, Pangasinan",[1] Live,[A] Live,4th,Mun,4th,R1,v1
2026-01,2026,[01] January,"Banayoyo, Ilocos Sur",[1] Live,[A] Live,4th,Mun,4th,R1,v1
2026-01,2026,[01] January,"Bangar, La Union",[1] Live,[A] Live,3rd,Mun,3rd,R1,with v1 v2
2026-01,2026,[01] January,"Bangui, Ilocos Norte",[1] Live,[A] Live,4th,Mun,4th,R1,v1
2026-01,2026,[01] January,"Banna, Ilocos Norte",[1] Live,[A] Live,4th,Mun,4th,R1,v1
2026-01,2026,[01] January,"Bantay, Ilocos Sur",[1] Live,[A] Live,3rd,Mun,3rd,R1,v1
2026-01,2026,[01] January,"Basista, Pangasinan",[1] Live,[A] Live,4th,Mun,4th,R1,v1
2026-01,2026,[01] January,"Bautista, Pangasinan",[1] Live,[A] Live,4th,Mun,4th,R1,v1
2026-01,2026,[01] January,"Bayambang, Pangasinan",[1] Live,[A] Live,1st,Mun,1st,R1,v1
2026-01,2026,[01] January,"Binalonan, Pangasinan",[1] Live,[A] Live,1st,Mun,1st,R1,v1
2026-01,2026,[01] January,"Binmaley, Pangasinan",[1] Live,[A] Live,1st,Mun,1st,R1,v1
2026-01,2026,[01] January,"Bugallon, Pangasinan",[1] Live,[A] Live,2nd,Mun,2nd,R1,v1
2026-01,2026,[01] January,"Burgos, La Union",[1] Live,[A] Live,5th,Mun,5th,R1,v1
2026-01,2026,[01] January,"Caba, La Union",[1] Live,[A] Live,4th,Mun,4th,R1,v1
2026-01,2026,[01] January,"Calasiao, Pangasinan",[1] Live,[A] Live,1st,Mun,1st,R1,with v1 v2
2026-01,2026,[01] January,"Caoayan, Ilocos Sur",[1] Live,[A] Live,4th,Mun,4th,R1,v1
2026-01,2026,[01] January,"City of Batac, Ilocos Norte",[1] Live,[A] Live,5th,City,5th,R1,with v1 v2
2026-01,2026,[01] January,"City of Candon, Ilocos Sur",[1] Live,[A] Live,4th,City,4th,R1,v1
2026-01,2026,[01] January,"City of Laoag, Ilocos Norte",[1] Live,[A] Live,3rd,City,3rd,R1,with v1 v2
2026-01,2026,[01] January,"City of San Carlos, Pangasinan",[1] Live,[A] Live,3rd,City,3rd,R1,v1
2026-01,2026,[01] January,"City of Vigan, Ilocos Sur",[2] UAT,[B] Developmental,4th,City,4th,R1,v1
2026-01,2026,[01] January,"Dasol, Pangasinan",[1] Live,[A] Live,3rd,Mun,3rd,R1,v1
2026-01,2026,[01] January,"Dingras, Ilocos Norte",[1] Live,[A] Live,2nd,Mun,2nd,R1,with v1 v2
2026-01,2026,[01] January,"Dumalneg, Ilocos Norte",[1] Live,[A] Live,5th,Mun,5th,R1,v1
2026-01,2026,[01] January,"Infanta, Pangasinan",[1] Live,[A] Live,3rd,Mun,3rd,R1,v1
2026-01,2026,[01] January,"Laoac, Pangasinan",[1] Live,[A] Live,4th,Mun,4th,R1,v1
2026-01,2026,[01] January,"Lidlidda, Ilocos Sur",[1] Live,[A] Live,5th,Mun,5th,R1,v1
2026-01,2026,[01] January,"Lingayen, Pangasinan",[1] Live,[A] Live,1st,Mun,1st,R1,with v1 v2
2026-01,2026,[01] January,"Magsingal, Ilocos Sur",[8] Withdraw,[D] Withdraw,3rd,Mun,3rd,R1,
2026-01,2026,[01] January,"Manaoag, Pangasinan",[3] System Setup,[B] Developmental,1st,Mun,1st,R1,v2
2026-01,2026,[01] January,"Mangaldan, Pangasinan",[1] Live,[A] Live,1st,Mun,1st,R1,v1
2026-01,2026,[01] January,"Mangatarem, Pangasinan",[1] Live,[A] Live,1st,Mun,1st,R1,v1
2026-01,2026,[01] January,"Mapandan, Pangasinan",[1] Live,[A] Live,3rd,Mun,3rd,R1,v1
2026-01,2026,[01] January,"Naguilian, La Union",[1] Live,[A] Live,1st,Mun,1st,R1,v1
2026-01,2026,[01] January,"Nueva Era, Ilocos Norte",[1] Live,[A] Live,3rd,Mun,3rd,R1,v1
2026-01,2026,[01] January,"Pagudpud, Ilocos Norte",[1] Live,[A] Live,4th,Mun,4th,R1,with v1 v2
2026-01,2026,[01] January,"Pasuquin, Ilocos Norte",[1] Live,[A] Live,3rd,Mun,3rd,R1,v1
2026-01,2026,[01] January,"Piddig, Ilocos Norte",[1] Live,[A] Live,3rd,Mun,3rd,R1,v1
2026-01,2026,[01] January,"Pozorrubio, Pangasinan",[1] Live,[A] Live,1st,Mun,1st,R1,v1
2026-01,2026,[01] January,"Rosales, Pangasinan",[1] Live,[A] Live,1st,Mun,1st,R1,v1
2026-01,2026,[01] January,"Rosario, La Union",[1] Live,[A] Live,1st,Mun,1st,R1,v1
2026-01,2026,[01] January,"San Esteban, Ilocos Sur",[1] Live,[A] Live,5th,Mun,5th,R1,v1
2026-01,2026,[01] January,"San Fabian, Pangasinan",[1] Live,[A] Live,1st,Mun,1st,R1,v1
2026-01,2026,[01] January,"San Gabriel, La Union",[1] Live,[A] Live,4th,Mun,4th,R1,with v1 v2
2026-01,2026,[01] January,"San Ildefonso, Ilocos Sur",[1] Live,[A] Live,5th,Mun,5th,R1,v1
2026-01,2026,[01] January,"San Juan, Ilocos Sur",[1] Live,[A] Live,3rd,Mun,3rd,R1,v1
2026-01,2026,[01] January,"San Manuel, Pangasinan",[1] Live,[A] Live,1st,Mun,1st,R1,v1
2026-01,2026,[01] January,"San Nicolas, Ilocos Norte",[1] Live,[A] Live,2nd,Mun,2nd,R1,with v1 v2
2026-01,2026,[01] January,"San Nicolas, Pangasinan",[1] Live,[A] Live,1st,Mun,1st,R1,v1
2026-01,2026,[01] January,"San Quintin, Pangasinan",[1] Live,[A] Live,3rd,Mun,3rd,R1,v1
2026-01,2026,[01] January,"San Vicente, Ilocos Sur",[1] Live,[A] Live,5th,Mun,5th,R1,v1
2026-01,2026,[01] January,"Santa Barbara, Pangasinan",[1] Live,[A] Live,1st,Mun,1st,R1,v1
2026-01,2026,[01] January,"Santa Catalina, Ilocos Sur",[1] Live,[A] Live,5th,Mun,5th,R1,with v1 v2
2026-01,2026,[01] January,"Santa Cruz, Ilocos Sur",[1] Live,[A] Live,1st,Mun,1st,R1,with v1 v2
2026-01,2026,[01] January,"Santa Lucia, Ilocos Sur",[1] Live,[A] Live,3rd,Mun,3rd,R1,v1
2026-01,2026,[01] January,"Santa, Ilocos Sur",[1] Live,[A] Live,4th,Mun,4th,R1,v1
2026-01,2026,[01] January,"Santiago, Ilocos Sur",[1] Live,[A] Live,4th,Mun,4th,R1,v1
2026-01,2026,[01] January,"Santo Domingo, Ilocos Sur",[1] Live,[A] Live,3rd,Mun,3rd,R1,v1
2026-01,2026,[01] January,"Santo Tomas, La Union",[1] Live,[A] Live,4th,Mun,4th,R1,v1
2026-01,2026,[01] January,"Santo Tomas, Pangasinan",[1] Live,[A] Live,5th,Mun,5th,R1,v1
2026-01,2026,[01] January,"Santol, La Union",[1] Live,[A] Live,4th,Mun,4th,R1,with v1 v2
2026-01,2026,[01] January,"Sarrat, Ilocos Norte",[1] Live,[A] Live,4th,Mun,4th,R1,v1
2026-01,2026,[01] January,"Sinait, Ilocos Sur",[1] Live,[A] Live,3rd,Mun,3rd,R1,v1
2026-01,2026,[01] January,"Sison, Pangasinan",[1] Live,[A] Live,3rd,Mun,3rd,R1,v1
2026-01,2026,[01] January,"Solsona, Ilocos Norte",[1] Live,[A] Live,3rd,Mun,3rd,R1,v1
2026-01,2026,[01] January,"Sudipen, La Union",[1] Live,[A] Live,4th,Mun,4th,R1,with v1 v2
2026-01,2026,[01] January,"Suyo, Ilocos Sur",[1] Live,[A] Live,4th,Mun,4th,R1,with v1 v2
2026-01,2026,[01] January,"Tagudin, Ilocos Sur",[1] Live,[A] Live,2nd,Mun,2nd,R1,v1
2026-01,2026,[01] January,"Tayug, Pangasinan",[1] Live,[A] Live,3rd,Mun,3rd,R1,v1
2026-01,2026,[01] January,"Tubao, La Union",[1] Live,[A] Live,4th,Mun,4th,R1,v1
2026-01,2026,[01] January,"Urbiztondo, Pangasinan",[1] Live,[A] Live,3rd,Mun,3rd,R1,v1
2026-01,2026,[01] January,"Villasis, Pangasinan",[1] Live,[A] Live,1st,Mun,1st,R1,v1
2026-01,2026,[01] January,"Vintar, Ilocos Norte",[1] Live,[A] Live,1st,Mun,1st,R1,v1
2026-01,2026,[01] January,"Alcantara, Cebu",[1] Live,[A] Live,5th,Mun,5th,R7,v1
2026-01,2026,[01] January,"Alcoy, Cebu",[1] Live,[A] Live,5th,Mun,5th,R7,v1
2026-01,2026,[01] January,"Alegria, Cebu",[1] Live,[A] Live,4th,Mun,4th,R7,v1
2026-01,2026,[01] January,"Aloguinsan, Cebu",[1] Live,[A] Live,4th,Mun,4th,R7,v1
2026-01,2026,[01] January,"Anda, Bohol",[8] Withdraw,[D] Withdraw,5th,Mun,5th,R7,
2026-01,2026,[01] January,"Argao, Cebu",[1] Live,[A] Live,1st,Mun,1st,R7,v1
2026-01,2026,[01] January,"Baclayon, Bohol",[8] Withdraw,[D] Withdraw,4th,Mun,4th,R7,
2026-01,2026,[01] January,"Balamban, Cebu",[1] Live,[A] Live,1st,Mun,1st,R7,v1
2026-01,2026,[01] January,"Balilihan, Bohol",[8] Withdraw,[D] Withdraw,4th,Mun,4th,R7,
2026-01,2026,[01] January,"Boljoon, Cebu",[1] Live,[A] Live,5th,Mun,5th,R7,v1
2026-01,2026,[01] January,"Buenavista, Bohol",[1] Live,[A] Live,4th,Mun,4th,R7,v1
2026-01,2026,[01] January,"Candijay, Bohol",[6] With Concerns,[C] For Training/Others,4th,Mun,4th,R7,v1
2026-01,2026,[01] January,"Carmen, Bohol",[1] Live,[A] Live,1st,Mun,1st,R7,v1
2026-01,2026,[01] January,"Catmon, Cebu",[1] Live,[A] Live,4th,Mun,4th,R7,v1
2026-01,2026,[01] January,"City of Mandaue, Cebu",[1] Live,[A] Live,1st,City,1st,R7,v1
2026-01,2026,[01] January,"City of Talisay, Cebu",[8] Withdraw,[D] Withdraw,3rd,City,3rd,R7,
2026-01,2026,[01] January,"Compostela, Cebu",[1] Live,[A] Live,3rd,Mun,3rd,R7,v1
2026-01,2026,[01] January,"Consolacion, Cebu",[8] Withdraw,[D] Withdraw,1st,Mun,1st,R7,
2026-01,2026,[01] January,"Cordova, Cebu",[1] Live,[A] Live,3rd,Mun,3rd,R7,v1
2026-01,2026,[01] January,"Corella, Bohol",[1] Live,[A] Live,5th,Mun,5th,R7,v1
2026-01,2026,[01] January,"Cortes, Bohol",[2] UAT,[B] Developmental,5th,Mun,5th,R7,v1
2026-01,2026,[01] January,"Daanbantayan, Cebu",[1] Live,[A] Live,1st,Mun,1st,R7,v1
2026-01,2026,[01] January,"Danao, Bohol",[1] Live,[A] Live,4th,Mun,4th,R7,v1
2026-01,2026,[01] January,"Dumanjug, Cebu",[1] Live,[A] Live,3rd,Mun,3rd,R7,v1
2026-01,2026,[01] January,"Ginatilan, Cebu",[1] Live,[A] Live,5th,Mun,5th,R7,v1
2026-01,2026,[01] January,"Inabanga, Bohol",[8] Withdraw,[D] Withdraw,3rd,Mun,3rd,R7,
2026-01,2026,[01] January,"Jagna, Bohol",[1] Live,[A] Live,3rd,Mun,3rd,R7,v1
2026-01,2026,[01] January,"Lila, Bohol",[8] Withdraw,[D] Withdraw,5th,Mun,5th,R7,
2026-01,2026,[01] January,"Loay, Bohol",[6] With Concerns,[C] For Training/Others,5th,Mun,5th,R7,v1
2026-01,2026,[01] January,"Madridejos, Cebu",[1] Live,[A] Live,4th,Mun,4th,R7,v1
2026-01,2026,[01] January,"Malabuyoc, Cebu",[1] Live,[A] Live,5th,Mun,5th,R7,v1
2026-01,2026,[01] January,"Minglanilla, Cebu",[1] Live,[A] Live,1st,Mun,1st,R7,v1
2026-01,2026,[01] January,"Moalboal, Cebu",[1] Live,[A] Live,4th,Mun,4th,R7,v1
2026-01,2026,[01] January,"Pinamungajan, Cebu",[1] Live,[A] Live,2nd,Mun,2nd,R7,v1
2026-01,2026,[01] January,"Poro, Cebu",[1] Live,[A] Live,4th,Mun,4th,R7,v1
2026-01,2026,[01] January,"Ronda, Cebu",[1] Live,[A] Live,5th,Mun,5th,R7,v1
2026-01,2026,[01] January,"Samboan, Cebu",[1] Live,[A] Live,5th,Mun,5th,R7,v1
2026-01,2026,[01] January,"San Francisco, Cebu",[1] Live,[A] Live,3rd,Mun,3rd,R7,v1
2026-01,2026,[01] January,"San Remigio, Cebu",[1] Live,[A] Live,3rd,Mun,3rd,R7,v1
2026-01,2026,[01] January,"Santa Fe, Cebu",[8] Withdraw,[D] Withdraw,4th,Mun,4th,R7,
2026-01,2026,[01] January,"Sevilla, Bohol",[1] Live,[A] Live,5th,Mun,5th,R7,v1
2026-01,2026,[01] January,"Sogod, Cebu",[1] Live,[A] Live,4th,Mun,4th,R7,v1
2026-01,2026,[01] January,"Tabogon, Cebu",[1] Live,[A] Live,3rd,Mun,3rd,R7,v1
2026-01,2026,[01] January,"Tuburan, Cebu",[1] Live,[A] Live,2nd,Mun,2nd,R7,v1
2026-01,2026,[01] January,"Tudela, Cebu",[1] Live,[A] Live,5th,Mun,5th,R7,v1
2026-01,2026,[01] January,"Abuyog, Leyte",[1] Live,[A] Live,1st,Mun,1st,R8,v1
2026-01,2026,[01] January,"Alangalang, Leyte",[1] Live,[A] Live,2nd,Mun,2nd,R8,v1
2026-01,2026,[01] January,"Albuera, Leyte",[1] Live,[A] Live,3rd,Mun,3rd,R8,v1
2026-01,2026,[01] January,"Almeria, Biliran",[1] Live,[A] Live,5th,Mun,5th,R8,v1
2026-01,2026,[01] January,"Anahawan, Southern Leyte",[1] Live,[A] Live,5th,Mun,5th,R8,v1
2026-01,2026,[01] January,"Arteche, Eastern Samar",[1] Live,[A] Live,3rd,Mun,3rd,R8,v1
2026-01,2026,[01] January,"Babatngon, Leyte",[8] Withdraw,[D] Withdraw,4th,Mun,4th,R8,
2026-01,2026,[01] January,"Balangiga, Eastern Samar",[1] Live,[A] Live,4th,Mun,4th,R8,v1
2026-01,2026,[01] January,"Balangkayan, Eastern Samar",[1] Live,[A] Live,5th,Mun,5th,R8,v1
2026-01,2026,[01] January,"Barugo, Leyte",[8] Withdraw,[D] Withdraw,4th,Mun,4th,R8,
2026-01,2026,[01] January,"Basey, Samar",[1] Live,[A] Live,1st,Mun,1st,R8,v1
2026-01,2026,[01] January,"Bato, Leyte",[1] Live,[A] Live,4th,Mun,4th,R8,v1
2026-01,2026,[01] January,"Biliran, Biliran",[1] Live,[A] Live,5th,Mun,5th,R8,v1
2026-01,2026,[01] January,"Bobon, Northern Samar",[1] Live,[A] Live,4th,Mun,4th,R8,v1
2026-01,2026,[01] January,"Bontoc, Southern Leyte",[1] Live,[A] Live,4th,Mun,4th,R8,v1
2026-01,2026,[01] January,"Caibiran, Biliran",[1] Live,[A] Live,5th,Mun,5th,R8,v1
2026-01,2026,[01] January,"Calbiga, Samar",[1] Live,[A] Live,4th,Mun,4th,R8,v1
2026-01,2026,[01] January,"Calubian, Leyte",[1] Live,[A] Live,4th,Mun,4th,R8,v1
2026-01,2026,[01] January,"Can-Avid, Eastern Samar",[1] Live,[A] Live,4th,Mun,4th,R8,v1
2026-01,2026,[01] January,"Capoocan, Leyte",[8] Withdraw,[D] Withdraw,4th,Mun,4th,R8,
2026-01,2026,[01] January,"Carigara, Leyte",[1] Live,[A] Live,2nd,Mun,2nd,R8,v1
2026-01,2026,[01] January,"Catarman, Northern Samar",[8] Withdraw,[D] Withdraw,1st,Mun,1st,R8,
2026-01,2026,[01] January,"Catubig, Northern Samar",[1] Live,[A] Live,3rd,Mun,3rd,R8,v1
2026-01,2026,[01] January,"City of Borongan, Eastern Samar",[1] Live,[A] Live,1st,City,1st,R8,v1
2026-01,2026,[01] January,"City of Catbalogan, Samar",[1] Live,[A] Live,5th,City,5th,R8,v1
2026-01,2026,[01] January,"City of Maasin, Southern Leyte",[1] Live,[A] Live,4th,City,4th,R8,v1
2026-01,2026,[01] January,"Daram, Samar",[1] Live,[A] Live,3rd,Mun,3rd,R8,v1
2026-01,2026,[01] January,"Dolores, Eastern Samar",[1] Live,[A] Live,3rd,Mun,3rd,R8,v1
2026-01,2026,[01] January,"Gamay, Northern Samar",[1] Live,[A] Live,4th,Mun,4th,R8,v1
2026-01,2026,[01] January,"Gandara, Samar",[1] Live,[A] Live,2nd,Mun,2nd,R8,v1
2026-01,2026,[01] January,"General Macarthur, Eastern Samar",[1] Live,[A] Live,5th,Mun,5th,R8,v1
2026-01,2026,[01] January,"Guiuan, Eastern Samar",[1] Live,[A] Live,2nd,Mun,2nd,R8,v1
2026-01,2026,[01] January,"Hernani, Eastern Samar",[1] Live,[A] Live,5th,Mun,5th,R8,v1
2026-01,2026,[01] January,"Hilongos, Leyte",[1] Live,[A] Live,2nd,Mun,2nd,R8,v1
2026-01,2026,[01] January,"Hindang, Leyte",[1] Live,[A] Live,5th,Mun,5th,R8,v1
2026-01,2026,[01] January,"Hinunangan, Southern Leyte",[1] Live,[A] Live,3rd,Mun,3rd,R8,v1
2026-01,2026,[01] January,"Hinundayan, Southern Leyte",[1] Live,[A] Live,5th,Mun,5th,R8,v1
2026-01,2026,[01] January,"Inopacan, Leyte",[1] Live,[A] Live,4th,Mun,4th,R8,v1
2026-01,2026,[01] January,"Isabel, Leyte",[1] Live,[A] Live,1st,Mun,1st,R8,v1
2026-01,2026,[01] January,"Jaro, Leyte",[1] Live,[A] Live,3rd,Mun,3rd,R8,v1
2026-01,2026,[01] January,"Javier, Leyte",[1] Live,[A] Live,4th,Mun,4th,R8,v1
2026-01,2026,[01] January,"Jiabong, Samar",[1] Live,[A] Live,5th,Mun,5th,R8,v1
2026-01,2026,[01] January,"Kananga, Leyte",[1] Live,[A] Live,1st,Mun,1st,R8,v1
2026-01,2026,[01] January,"Kawayan, Biliran",[1] Live,[A] Live,5th,Mun,5th,R8,v1
2026-01,2026,[01] January,"La Paz, Leyte",[1] Live,[A] Live,5th,Mun,5th,R8,v1
2026-01,2026,[01] January,"Lapinig, Northern Samar",[1] Live,[A] Live,5th,Mun,5th,R8,v1
2026-01,2026,[01] January,"Las Navas, Northern Samar",[1] Live,[A] Live,3rd,Mun,3rd,R8,v1
2026-01,2026,[01] January,"Lavezares, Northern Samar",[1] Live,[A] Live,4th,Mun,4th,R8,v1
2026-01,2026,[01] January,"Lawaan, Eastern Samar",[1] Live,[A] Live,5th,Mun,5th,R8,v1
2026-01,2026,[01] January,"Leyte, Leyte",[1] Live,[A] Live,4th,Mun,4th,R8,v1
2026-01,2026,[01] January,"Libagon, Southern Leyte",[1] Live,[A] Live,5th,Mun,5th,R8,v1
2026-01,2026,[01] January,"Liloan, Southern Leyte",[1] Live,[A] Live,4th,Mun,4th,R8,v1
2026-01,2026,[01] January,"Llorente, Eastern Samar",[1] Live,[A] Live,3rd,Mun,3rd,R8,v1
2026-01,2026,[01] January,"Lope De Vega, Northern Samar",[1] Live,[A] Live,4th,Mun,4th,R8,v1
2026-01,2026,[01] January,"Macarthur, Leyte",[1] Live,[A] Live,5th,Mun,5th,R8,v1
2026-01,2026,[01] January,"Macrohon, Southern Leyte",[1] Live,[A] Live,4th,Mun,4th,R8,v1
2026-01,2026,[01] January,"Mahaplag, Leyte",[1] Live,[A] Live,4th,Mun,4th,R8,v1
2026-01,2026,[01] January,"Malitbog, Southern Leyte",[1] Live,[A] Live,4th,Mun,4th,R8,v1
2026-01,2026,[01] January,"Mapanas, Northern Samar",[1] Live,[A] Live,5th,Mun,5th,R8,v1
2026-01,2026,[01] January,"Marabut, Samar",[1] Live,[A] Live,5th,Mun,5th,R8,v1
2026-01,2026,[01] January,"Maripipi, Biliran",[2] UAT,[B] Developmental,5th,Mun,5th,R8,v1
2026-01,2026,[01] January,"Matag-Ob, Leyte",[1] Live,[A] Live,4th,Mun,4th,R8,v1
2026-01,2026,[01] January,"Matalom, Leyte",[1] Live,[A] Live,3rd,Mun,3rd,R8,v1
2026-01,2026,[01] January,"Matuguinao, Samar",[1] Live,[A] Live,5th,Mun,5th,R8,v1
2026-01,2026,[01] January,"Maydolong, Eastern Samar",[1] Live,[A] Live,4th,Mun,4th,R8,v1
2026-01,2026,[01] January,"Mayorga, Leyte",[1] Live,[A] Live,5th,Mun,5th,R8,v1
2026-01,2026,[01] January,"Mercedes, Eastern Samar",[1] Live,[A] Live,5th,Mun,5th,R8,v1
2026-01,2026,[01] January,"Merida, Leyte",[1] Live,[A] Live,5th,Mun,5th,R8,v1
2026-01,2026,[01] January,"Mondragon, Northern Samar",[1] Live,[A] Live,3rd,Mun,3rd,R8,v1
2026-01,2026,[01] January,"Motiong, Samar",[1] Live,[A] Live,4th,Mun,4th,R8,v1
2026-01,2026,[01] January,"Naval, Biliran",[1] Live,[A] Live,2nd,Mun,2nd,R8,v1
2026-01,2026,[01] January,"Oras, Eastern Samar",[1] Live,[A] Live,3rd,Mun,3rd,R8,v1
2026-01,2026,[01] January,"Padre Burgos, Southern Leyte",[1] Live,[A] Live,5th,Mun,5th,R8,v1
2026-01,2026,[01] January,"Palo, Leyte",[1] Live,[A] Live,3rd,Mun,3rd,R8,v1
2026-01,2026,[01] January,"Palompon, Leyte",[8] Withdraw,[D] Withdraw,2nd,Mun,2nd,R8,
2026-01,2026,[01] January,"Pambujan, Northern Samar",[1] Live,[A] Live,4th,Mun,4th,R8,v1
2026-01,2026,[01] January,"Paranas, Samar",[1] Live,[A] Live,2nd,Mun,2nd,R8,v1
2026-01,2026,[01] January,"Pastrana, Leyte",[1] Live,[A] Live,5th,Mun,5th,R8,v1
2026-01,2026,[01] January,"Pinabacdao, Samar",[1] Live,[A] Live,4th,Mun,4th,R8,v1
2026-01,2026,[01] January,"Pintuyan, Southern Leyte",[1] Live,[A] Live,5th,Mun,5th,R8,v1
2026-01,2026,[01] January,"Quinapondan, Eastern Samar",[1] Live,[A] Live,5th,Mun,5th,R8,v1
2026-01,2026,[01] January,"Rosario, Northern Samar",[1] Live,[A] Live,5th,Mun,5th,R8,v1
2026-01,2026,[01] January,"Saint Bernard, Southern Leyte",[1] Live,[A] Live,4th,Mun,4th,R8,v1
2026-01,2026,[01] January,"Salcedo, Eastern Samar",[1] Live,[A] Live,5th,Mun,5th,R8,v1
2026-01,2026,[01] January,"San Antonio, Northern Samar",[1] Live,[A] Live,5th,Mun,5th,R8,v1
2026-01,2026,[01] January,"San Francisco, Southern Leyte",[1] Live,[A] Live,5th,Mun,5th,R8,v1
2026-01,2026,[01] January,"San Jorge, Samar",[1] Live,[A] Live,4th,Mun,4th,R8,v1
2026-01,2026,[01] January,"San Jose, Northern Samar",[1] Live,[A] Live,5th,Mun,5th,R8,v1
2026-01,2026,[01] January,"San Juan, Southern Leyte",[1] Live,[A] Live,5th,Mun,5th,R8,v1
2026-01,2026,[01] January,"San Julian, Eastern Samar",[1] Live,[A] Live,5th,Mun,5th,R8,v1
2026-01,2026,[01] January,"San Miguel, Leyte",[8] Withdraw,[D] Withdraw,4th,Mun,4th,R8,
2026-01,2026,[01] January,"San Policarpo, Eastern Samar",[1] Live,[A] Live,5th,Mun,5th,R8,v1
2026-01,2026,[01] January,"San Ricardo, Southern Leyte",[1] Live,[A] Live,5th,Mun,5th,R8,v1
2026-01,2026,[01] January,"San Roque, Northern Samar",[1] Live,[A] Live,4th,Mun,4th,R8,v1
2026-01,2026,[01] January,"San Sebastian, Samar",[1] Live,[A] Live,6th,Mun,6th,R8,v1
2026-01,2026,[01] January,"Santa Fe, Leyte",[6] With Concerns,[C] For Training/Others,5th,Mun,5th,R8,v1
2026-01,2026,[01] January,"Santa Margarita, Samar",[1] Live,[A] Live,4th,Mun,4th,R8,v1
2026-01,2026,[01] January,"Santa Rita, Samar",[1] Live,[A] Live,3rd,Mun,3rd,R8,v1
2026-01,2026,[01] January,"Silago, Southern Leyte",[1] Live,[A] Live,4th,Mun,4th,R8,v1
2026-01,2026,[01] January,"Sogod, Southern Leyte",[1] Live,[A] Live,2nd,Mun,2nd,R8,v1
2026-01,2026,[01] January,"Sulat, Eastern Samar",[1] Live,[A] Live,4th,Mun,4th,R8,v1
2026-01,2026,[01] January,"Tabontabon, Leyte",[1] Live,[A] Live,5th,Mun,5th,R8,v1
2026-01,2026,[01] January,"Taft, Eastern Samar",[1] Live,[A] Live,4th,Mun,4th,R8,v1
2026-01,2026,[01] January,"Tagapul-An, Samar",[8] Withdraw,[D] Withdraw,5th,Mun,5th,R8,
2026-01,2026,[01] January,"Tarangnan, Samar",[1] Live,[A] Live,4th,Mun,4th,R8,v1
2026-01,2026,[01] January,"Tolosa, Leyte",[1] Live,[A] Live,5th,Mun,5th,R8,v1
2026-01,2026,[01] January,"Tomas Oppus, Southern Leyte",[1] Live,[A] Live,5th,Mun,5th,R8,v1
2026-01,2026,[01] January,"Tunga, Leyte",[8] Withdraw,[D] Withdraw,6th,Mun,6th,R8,
2026-01,2026,[01] January,"Victoria, Northern Samar",[1] Live,[A] Live,5th,Mun,5th,R8,v1
2026-01,2026,[01] January,"Villaba, Leyte",[1] Live,[A] Live,3rd,Mun,3rd,R8,v1
2026-01,2026,[01] January,"Villareal, Samar",[1] Live,[A] Live,4th,Mun,4th,R8,v1
2026-01,2026,[01] January,"Zumarraga, Samar",[1] Live,[A] Live,5th,Mun,5th,R8,v1
2026-01,2026,[01] January,"Baganga, Davao Oriental",[1] Live,[A] Live,1st,Mun,1st,R11,v1
2026-01,2026,[01] January,"Banaybanay, Davao Oriental",[1] Live,[A] Live,2nd,Mun,2nd,R11,v1
2026-01,2026,[01] January,"Bansalan, Davao del Sur",[1] Live,[A] Live,1st,Mun,1st,R11,v1
2026-01,2026,[01] January,"Boston, Davao Oriental",[1] Live,[A] Live,3rd,Mun,3rd,R11,v1
2026-01,2026,[01] January,"Caraga, Davao Oriental",[1] Live,[A] Live,1st,Mun,1st,R11,v1
2026-01,2026,[01] January,"Carmen, Davao del Norte",[1] Live,[A] Live,1st,Mun,1st,R11,v1
2026-01,2026,[01] January,"Cateel, Davao Oriental",[1] Live,[A] Live,2nd,Mun,2nd,R11,v1
2026-01,2026,[01] January,"City of Digos, Davao del Sur",[1] Live,[A] Live,2nd,City,2nd,R11,v1
2026-01,2026,[01] January,"City of Mati, Davao Oriental",[1] Live,[A] Live,5th,City,5th,R11,v1
2026-01,2026,[01] January,"Compostela, Davao de Oro",[6] With Concerns,[C] For Training/Others,1st,Mun,1st,R11,v1
2026-01,2026,[01] January,"Governor Generoso, Davao Oriental",[2] UAT,[B] Developmental,2nd,Mun,2nd,R11,v1
2026-01,2026,[01] January,"Island Garden City of Samal, Davao del Norte",[8] Withdraw,[D] Withdraw,4th,City,4th,R11,
2026-01,2026,[01] January,"Kiblawan, Davao del Sur",[1] Live,[A] Live,2nd,Mun,2nd,R11,v1
2026-01,2026,[01] January,"Laak, Davao de Oro",[1] Live,[A] Live,1st,Mun,1st,R11,v1
2026-01,2026,[01] January,"Lupon, Davao Oriental",[1] Live,[A] Live,1st,Mun,1st,R11,v1
2026-01,2026,[01] January,"Magsaysay, Davao del Sur",[1] Live,[A] Live,3rd,Mun,3rd,R11,v1
2026-01,2026,[01] January,"Malalag, Davao del Sur",[1] Live,[A] Live,2nd,Mun,2nd,R11,v1
2026-01,2026,[01] January,"Manay, Davao Oriental",[1] Live,[A] Live,2nd,Mun,2nd,R11,v1
2026-01,2026,[01] January,"Maragusan, Davao de Oro",[1] Live,[A] Live,1st,Mun,1st,R11,v1
2026-01,2026,[01] January,"Matanao, Davao del Sur",[1] Live,[A] Live,2nd,Mun,2nd,R11,v1
2026-01,2026,[01] January,"Mawab, Davao de Oro",[1] Live,[A] Live,3rd,Mun,3rd,R11,v1
2026-01,2026,[01] January,"Monkayo, Davao de Oro",[1] Live,[A] Live,1st,Mun,1st,R11,v1
2026-01,2026,[01] January,"New Bataan, Davao de Oro",[1] Live,[A] Live,1st,Mun,1st,R11,v1
2026-01,2026,[01] January,"Padada, Davao del Sur",[1] Live,[A] Live,3rd,Mun,3rd,R11,v1
2026-01,2026,[01] January,"San Isidro, Davao Oriental",[1] Live,[A] Live,3rd,Mun,3rd,R11,v1
2026-01,2026,[01] January,"Santa Cruz, Davao del Sur",[1] Live,[A] Live,1st,Mun,1st,R11,v1
2026-01,2026,[01] January,"Sulop, Davao del Sur",[1] Live,[A] Live,3rd,Mun,3rd,R11,v1
2026-01,2026,[01] January,"Tarragona, Davao Oriental",[1] Live,[A] Live,3rd,Mun,3rd,R11,v1
2026-01,2026,[01] January,"Abulug, Cagayan",[8] Withdraw,[D] Withdraw,3rd,Mun,3rd,R2,
2026-01,2026,[01] January,"Aglipay, Quirino",[1] Live,[A] Live,3rd,Mun,3rd,R2,with v1 v2
2026-01,2026,[01] January,"Alfonso Castaneda, Nueva Vizcaya",[1] Live,[A] Live,1st,Mun,1st,R2,v1
2026-01,2026,[01] January,"Alicia, Isabela",[1] Live,[A] Live,1st,Mun,1st,R2,v1
2026-01,2026,[01] January,"Allacapan, Cagayan",[1] Live,[A] Live,3rd,Mun,3rd,R2,v1
2026-01,2026,[01] January,"Ambaguio, Nueva Vizcaya",[1] Live,[A] Live,5th,Mun,5th,R2,v1
2026-01,2026,[01] January,"Amulung, Cagayan",[1] Live,[A] Live,2nd,Mun,2nd,R2,v1
2026-01,2026,[01] January,"Angadanan, Isabela",[1] Live,[A] Live,3rd,Mun,3rd,R2,v1
2026-01,2026,[01] January,"Aparri, Cagayan",[1] Live,[A] Live,1st,Mun,1st,R2,v1
2026-01,2026,[01] January,"Aritao, Nueva Vizcaya",[1] Live,[A] Live,2nd,Mun,2nd,R2,v1
2026-01,2026,[01] January,"Aurora, Isabela",[1] Live,[A] Live,3rd,Mun,3rd,R2,with v1 v2
2026-01,2026,[01] January,"Bagabag, Nueva Vizcaya",[1] Live,[A] Live,2nd,Mun,2nd,R2,v1
2026-01,2026,[01] January,"Baggao, Cagayan",[1] Live,[A] Live,1st,Mun,1st,R2,v1
2026-01,2026,[01] January,"Ballesteros, Cagayan",[1] Live,[A] Live,4th,Mun,4th,R2,v1
2026-01,2026,[01] January,"Bambang, Nueva Vizcaya",[1] Live,[A] Live,1st,Mun,1st,R2,v1
2026-01,2026,[01] January,"Benito Soliven, Isabela",[1] Live,[A] Live,4th,Mun,4th,R2,v1
2026-01,2026,[01] January,"Buguey, Cagayan",[1] Live,[A] Live,3rd,Mun,3rd,R2,v1
2026-01,2026,[01] January,"Burgos, Isabela",[1] Live,[A] Live,4th,Mun,4th,R2,with v1 v2
2026-01,2026,[01] January,"Cabagan, Isabela",[1] Live,[A] Live,1st,Mun,1st,R2,v1
2026-01,2026,[01] January,"Cabarroguis, Quirino",[1] Live,[A] Live,3rd,Mun,3rd,R2,v1
2026-01,2026,[01] January,"Camalaniugan, Cagayan",[1] Live,[A] Live,4th,Mun,4th,R2,v1
2026-01,2026,[01] January,"City of Ilagan, Isabela",[1] Live,[A] Live,1st,City,1st,R2,v1
2026-01,2026,[01] January,"Cordon, Isabela",[1] Live,[A] Live,3rd,Mun,3rd,R2,with v1 v2
2026-01,2026,[01] January,"Delfin Albano, Isabela",[8] Withdraw,[D] Withdraw,4th,Mun,4th,R2,
2026-01,2026,[01] January,"Diadi, Nueva Vizcaya",[1] Live,[A] Live,4th,Mun,4th,R2,v1
2026-01,2026,[01] January,"Diffun, Quirino",[1] Live,[A] Live,2nd,Mun,2nd,R2,with v1 v2
2026-01,2026,[01] January,"Dinapigue, Isabela",[1] Live,[A] Live,1st,Mun,1st,R2,v1
2026-01,2026,[01] January,"Divilacan, Isabela",[1] Live,[A] Live,2nd,Mun,2nd,R2,v1
2026-01,2026,[01] January,"Dupax del Norte, Nueva Vizcaya",[1] Live,[A] Live,3rd,Mun,3rd,R2,with v1 v2
2026-01,2026,[01] January,"Dupax del Sur, Nueva Vizcaya",[1] Live,[A] Live,2nd,Mun,2nd,R2,with v1 v2
2026-01,2026,[01] January,"Echague, Isabela",[1] Live,[A] Live,1st,Mun,1st,R2,v1
2026-01,2026,[01] January,"Enrile, Cagayan",[1] Live,[A] Live,3rd,Mun,3rd,R2,v1
2026-01,2026,[01] January,"Gamu, Isabela",[1] Live,[A] Live,4th,Mun,4th,R2,with v1 v2
2026-01,2026,[01] January,"Gattaran, Cagayan",[1] Live,[A] Live,1st,Mun,1st,R2,v1
2026-01,2026,[01] January,"Iguig, Cagayan",[1] Live,[A] Live,4th,Mun,4th,R2,v1
2026-01,2026,[01] January,"Jones, Isabela",[1] Live,[A] Live,1st,Mun,1st,R2,v1
2026-01,2026,[01] January,"Kasibu, Nueva Vizcaya",[1] Live,[A] Live,3rd,Mun,3rd,R2,v1
2026-01,2026,[01] January,"Kayapa, Nueva Vizcaya",[1] Live,[A] Live,3rd,Mun,3rd,R2,v1
2026-01,2026,[01] January,"Lal-Lo, Cagayan",[1] Live,[A] Live,1st,Mun,1st,R2,v1
2026-01,2026,[01] January,"Lasam, Cagayan",[1] Live,[A] Live,3rd,Mun,3rd,R2,v1
2026-01,2026,[01] January,"Maddela, Quirino",[1] Live,[A] Live,1st,Mun,1st,R2,v1
2026-01,2026,[01] January,"Mallig, Isabela",[1] Live,[A] Live,4th,Mun,4th,R2,with v1 v2
2026-01,2026,[01] January,"Nagtipunan, Quirino",[1] Live,[A] Live,1st,Mun,1st,R2,v1
2026-01,2026,[01] January,"Naguilian, Isabela",[1] Live,[A] Live,4th,Mun,4th,R2,with v1 v2
2026-01,2026,[01] January,"Palanan, Isabela",[1] Live,[A] Live,1st,Mun,1st,R2,v1
2026-01,2026,[01] January,"Pamplona, Cagayan",[1] Live,[A] Live,4th,Mun,4th,R2,v1
2026-01,2026,[01] January,"Peñablanca, Cagayan",[1] Live,[A] Live,1st,Mun,1st,R2,v1
2026-01,2026,[01] January,"Piat, Cagayan",[1] Live,[A] Live,4th,Mun,4th,R2,v1
2026-01,2026,[01] January,"Quezon, Isabela",[1] Live,[A] Live,4th,Mun,4th,R2,v1
2026-01,2026,[01] January,"Quezon, Nueva Vizcaya",[1] Live,[A] Live,4th,Mun,4th,R2,v1
2026-01,2026,[01] January,"Ramon, Isabela",[1] Live,[A] Live,2nd,Mun,2nd,R2,v1
2026-01,2026,[01] January,"Rizal, Cagayan",[8] Withdraw,[D] Withdraw,5th,Mun,5th,R2,
2026-01,2026,[01] January,"Saguday, Quirino",[1] Live,[A] Live,5th,Mun,5th,R2,with v1 v2
2026-01,2026,[01] January,"San Agustin, Isabela",[1] Live,[A] Live,3rd,Mun,3rd,R2,v1
2026-01,2026,[01] January,"San Guillermo, Isabela",[1] Live,[A] Live,4th,Mun,4th,R2,v1
2026-01,2026,[01] January,"San Isidro, Isabela",[1] Live,[A] Live,5th,Mun,5th,R2,with v1 v2
2026-01,2026,[01] January,"San Manuel, Isabela",[1] Live,[A] Live,4th,Mun,4th,R2,v1
2026-01,2026,[01] January,"San Mariano, Isabela",[1] Live,[A] Live,1st,Mun,1st,R2,v1
2026-01,2026,[01] January,"San Mateo, Isabela",[1] Live,[A] Live,1st,Mun,1st,R2,with v1 v2
2026-01,2026,[01] January,"Sanchez-Mira, Cagayan",[1] Live,[A] Live,3rd,Mun,3rd,R2,v1
2026-01,2026,[01] January,"Santa Ana, Cagayan",[1] Live,[A] Live,2nd,Mun,2nd,R2,v1
2026-01,2026,[01] January,"Santa Fe, Nueva Vizcaya",[1] Live,[A] Live,3rd,Mun,3rd,R2,v1
2026-01,2026,[01] January,"Santa Maria, Isabela",[1] Live,[A] Live,4th,Mun,4th,R2,v1
2026-01,2026,[01] January,"Santa Praxedes, Cagayan",[1] Live,[A] Live,5th,Mun,5th,R2,v1
2026-01,2026,[01] January,"Santa Teresita, Cagayan",[1] Live,[A] Live,4th,Mun,4th,R2,v1
2026-01,2026,[01] January,"Santo Niño, Cagayan",[1] Live,[A] Live,2nd,Mun,2nd,R2,v1
2026-01,2026,[01] January,"Santo Tomas, Isabela",[1] Live,[A] Live,4th,Mun,4th,R2,v1
2026-01,2026,[01] January,"Solana, Cagayan",[1] Live,[A] Live,1st,Mun,1st,R2,v1
2026-01,2026,[01] January,"Tuao, Cagayan",[1] Live,[A] Live,1st,Mun,1st,R2,v1
2026-01,2026,[01] January,"Tumauini, Isabela",[1] Live,[A] Live,1st,Mun,1st,R2,v1
2026-01,2026,[01] January,"Aroroy, Masbate",[1] Live,[A] Live,1st,Mun,1st,R5,v1
2026-01,2026,[01] January,"Baao, Camarines Sur",[8] Withdraw,[D] Withdraw,3rd,Mun,3rd,R5,
2026-01,2026,[01] January,"Bacacay, Albay",[1] Live,[A] Live,2nd,Mun,2nd,R5,v1
2026-01,2026,[01] January,"Baleno, Masbate",[8] Withdraw,[D] Withdraw,4th,Mun,4th,R5,
2026-01,2026,[01] January,"Balud, Masbate",[7] To Follow-up,[C] For Training/Others,4th,Mun,4th,R5,v1
2026-01,2026,[01] January,"Baras, Catanduanes",[8] Withdraw,[D] Withdraw,5th,Mun,5th,R5,
2026-01,2026,[01] January,"Barcelona, Sorsogon",[1] Live,[A] Live,5th,Mun,5th,R5,v1
2026-01,2026,[01] January,"Basud, Camarines Norte",[1] Live,[A] Live,3rd,Mun,3rd,R5,v1
2026-01,2026,[01] January,"Bato, Catanduanes",[8] Withdraw,[D] Withdraw,5th,Mun,5th,R5,
2026-01,2026,[01] January,"Bula, Camarines Sur",[1] Live,[A] Live,2nd,Mun,2nd,R5,v1
2026-01,2026,[01] January,"Bulan, Sorsogon",[1] Live,[A] Live,1st,Mun,1st,R5,v1
2026-01,2026,[01] January,"Bulusan, Sorsogon",[1] Live,[A] Live,4th,Mun,4th,R5,v1
2026-01,2026,[01] January,"Camalig, Albay",[1] Live,[A] Live,1st,Mun,1st,R5,v1
2026-01,2026,[01] January,"Camaligan, Camarines Sur",[1] Live,[A] Live,5th,Mun,5th,R5,v1
2026-01,2026,[01] January,"Canaman, Camarines Sur",[1] Live,[A] Live,4th,Mun,4th,R5,v1
2026-01,2026,[01] January,"Capalonga, Camarines Norte",[1] Live,[A] Live,3rd,Mun,3rd,R5,v1
2026-01,2026,[01] January,"Castilla, Sorsogon",[8] Withdraw,[D] Withdraw,3rd,Mun,3rd,R5,
2026-01,2026,[01] January,"Cataingan, Masbate",[1] Live,[A] Live,2nd,Mun,2nd,R5,v1
2026-01,2026,[01] January,"Cawayan, Masbate",[1] Live,[A] Live,2nd,Mun,2nd,R5,v1
2026-01,2026,[01] January,"Claveria, Masbate",[8] Withdraw,[D] Withdraw,3rd,Mun,3rd,R5,
2026-01,2026,[01] January,"Daet, Camarines Norte",[5] Admin Training,[C] For Training/Others,1st,Mun,1st,R5,
2026-01,2026,[01] January,"Del Gallego, Camarines Sur",[1] Live,[A] Live,4th,Mun,4th,R5,v1
2026-01,2026,[01] January,"Dimasalang, Masbate",[1] Live,[A] Live,4th,Mun,4th,R5,v1
2026-01,2026,[01] January,"Goa, Camarines Sur",[6] With Concerns,[C] For Training/Others,2nd,Mun,2nd,R5,v1
2026-01,2026,[01] January,"Gubat, Sorsogon",[1] Live,[A] Live,2nd,Mun,2nd,R5,v1
2026-01,2026,[01] January,"Guinobatan, Albay",[8] Withdraw,[D] Withdraw,1st,Mun,1st,R5,
2026-01,2026,[01] January,"Irosin, Sorsogon",[3] System Setup,[B] Developmental,2nd,Mun,2nd,R5,v2
2026-01,2026,[01] January,"Jose Panganiban, Camarines Norte",[1] Live,[A] Live,2nd,Mun,2nd,R5,v1
2026-01,2026,[01] January,"Labo, Camarines Norte",[1] Live,[A] Live,1st,Mun,1st,R5,v1
2026-01,2026,[01] January,"Libon, Albay",[1] Live,[A] Live,1st,Mun,1st,R5,v1
2026-01,2026,[01] January,"Magallanes, Sorsogon",[6] With Concerns,[C] For Training/Others,3rd,Mun,3rd,R5,v1
2026-01,2026,[01] January,"Magarao, Camarines Sur",[1] Live,[A] Live,4th,Mun,4th,R5,with v1 v2
2026-01,2026,[01] January,"Malilipot, Albay",[1] Live,[A] Live,4th,Mun,4th,R5,v1
2026-01,2026,[01] January,"Mandaon, Masbate",[1] Live,[A] Live,3rd,Mun,3rd,R5,v1
2026-01,2026,[01] January,"Mercedes, Camarines Norte",[1] Live,[A] Live,2nd,Mun,2nd,R5,v1
2026-01,2026,[01] January,"Milagros, Masbate",[1] Live,[A] Live,1st,Mun,1st,R5,v1
2026-01,2026,[01] January,"Minalabac, Camarines Sur",[1] Live,[A] Live,3rd,Mun,3rd,R5,v1
2026-01,2026,[01] January,"Mobo, Masbate",[1] Live,[A] Live,4th,Mun,4th,R5,v1
2026-01,2026,[01] January,"Monreal, Masbate",[1] Live,[A] Live,4th,Mun,4th,R5,v1
2026-01,2026,[01] January,"Oas, Albay",[1] Live,[A] Live,1st,Mun,1st,R5,v1
2026-01,2026,[01] January,"Palanas, Masbate",[1] Live,[A] Live,4th,Mun,4th,R5,v1
2026-01,2026,[01] January,"Pandan, Catanduanes",[8] Withdraw,[D] Withdraw,4th,Mun,4th,R5,
2026-01,2026,[01] January,"Panganiban, Catanduanes",[1] Live,[A] Live,5th,Mun,5th,R5,v1
2026-01,2026,[01] January,"Paracale, Camarines Norte",[1] Live,[A] Live,3rd,Mun,3rd,R5,v1
2026-01,2026,[01] January,"Pilar, Sorsogon",[1] Live,[A] Live,1st,Mun,1st,R5,v1
2026-01,2026,[01] January,"Pili, Camarines Sur",[3] System Setup,[B] Developmental,1st,Mun,1st,R5,v1
2026-01,2026,[01] January,"Pio Duran, Albay",[3] System Setup,[B] Developmental,3rd,Mun,3rd,R5,v1
2026-01,2026,[01] January,"Placer, Masbate",[8] Withdraw,[D] Withdraw,2nd,Mun,2nd,R5,
2026-01,2026,[01] January,"Polangui, Albay",[8] Withdraw,[D] Withdraw,1st,Mun,1st,R5,
2026-01,2026,[01] January,"Presentacion, Camarines Sur",[1] Live,[A] Live,4th,Mun,4th,R5,with v1 v2
2026-01,2026,[01] January,"Ragay, Camarines Sur",[1] Live,[A] Live,1st,Mun,1st,R5,v1
2026-01,2026,[01] January,"Sagñay, Camarines Sur",[1] Live,[A] Live,4th,Mun,4th,R5,v1
2026-01,2026,[01] January,"San Jose, Camarines Sur",[1] Live,[A] Live,4th,Mun,4th,R5,with v1 v2
2026-01,2026,[01] January,"San Miguel, Catanduanes",[8] Withdraw,[D] Withdraw,5th,Mun,5th,R5,
2026-01,2026,[01] January,"San Pascual, Masbate",[3] System Setup,[B] Developmental,3rd,Mun,3rd,R5,v1
2026-01,2026,[01] January,"San Vicente, Camarines Norte",[1] Live,[A] Live,5th,Mun,5th,R5,v1
2026-01,2026,[01] January,"Santa Elena, Camarines Norte",[1] Live,[A] Live,3rd,Mun,3rd,R5,v1
2026-01,2026,[01] January,"Santa Magdalena, Sorsogon",[2] UAT,[B] Developmental,5th,Mun,5th,R5,v1
2026-01,2026,[01] January,"Santo Domingo, Albay",[6] With Concerns,[C] For Training/Others,4th,Mun,4th,R5,v1
2026-01,2026,[01] January,"Talisay, Camarines Norte",[1] Live,[A] Live,4th,Mun,4th,R5,v1
2026-01,2026,[01] January,"Tiwi, Albay",[8] Withdraw,[D] Withdraw,1st,Mun,1st,R5,
2026-01,2026,[01] January,"Uson, Masbate",[1] Live,[A] Live,3rd,Mun,3rd,R5,v1
2026-01,2026,[01] January,"Vinzons, Camarines Norte",[1] Live,[A] Live,3rd,Mun,3rd,R5,v1
2026-01,2026,[01] January,"Virac, Catanduanes",[1] Live,[A] Live,1st,Mun,1st,R5,v1
2026-01,2026,[01] January,"Libertad, Antique",[1] Live,[A] Live,5th,Mun,5th,R6,v1
2026-01,2026,[01] January,"Ma-Ayon, Capiz",[1] Live,[A] Live,3rd,Mun,3rd,R6,v1
2026-01,2026,[01] January,"Maasin, Iloilo",[1] Live,[A] Live,3rd,Mun,3rd,R6,v1
2026-01,2026,[01] January,"Madalag, Aklan",[1] Live,[A] Live,4th,Mun,4th,R6,v1
2026-01,2026,[01] January,"Makato, Aklan",[1] Live,[A] Live,4th,Mun,4th,R6,v1
2026-01,2026,[01] January,"Malay, Aklan",[1] Live,[A] Live,1st,Mun,1st,R6,v1
2026-01,2026,[01] January,"Malinao, Aklan",[1] Live,[A] Live,4th,Mun,4th,R6,v1
2026-01,2026,[01] January,"Mambusao, Capiz",[1] Live,[A] Live,3rd,Mun,3rd,R6,v1
2026-01,2026,[01] January,"Miagao, Iloilo",[1] Live,[A] Live,1st,Mun,1st,R6,v1
2026-01,2026,[01] January,"Mina, Iloilo",[1] Live,[A] Live,5th,Mun,5th,R6,v1
2026-01,2026,[01] January,"New Lucena, Iloilo",[1] Live,[A] Live,4th,Mun,4th,R6,v1
2026-01,2026,[01] January,"New Washington, Aklan",[1] Live,[A] Live,3rd,Mun,3rd,R6,v1
2026-01,2026,[01] January,"Numancia, Aklan",[1] Live,[A] Live,4th,Mun,4th,R6,v1
2026-01,2026,[01] January,"Oton, Iloilo",[1] Live,[A] Live,1st,Mun,1st,R6,v1
2026-01,2026,[01] January,"Panay, Capiz",[1] Live,[A] Live,3rd,Mun,3rd,R6,v1
2026-01,2026,[01] January,"Pandan, Antique",[1] Live,[A] Live,4th,Mun,4th,R6,v1
2026-01,2026,[01] January,"Panitan, Capiz",[1] Live,[A] Live,3rd,Mun,3rd,R6,v1
2026-01,2026,[01] January,"Patnongon, Antique",[1] Live,[A] Live,3rd,Mun,3rd,R6,v1
2026-01,2026,[01] January,"Pavia, Iloilo",[8] Withdraw,[D] Withdraw,2nd,Mun,2nd,R6,
2026-01,2026,[01] January,"Pilar, Capiz",[1] Live,[A] Live,3rd,Mun,3rd,R6,v1
2026-01,2026,[01] January,"Pontevedra, Capiz",[1] Live,[A] Live,3rd,Mun,3rd,R6,v1
2026-01,2026,[01] January,"Pototan, Iloilo",[1] Live,[A] Live,1st,Mun,1st,R6,v1
2026-01,2026,[01] January,"President Roxas, Capiz",[1] Live,[A] Live,4th,Mun,4th,R6,v1
2026-01,2026,[01] January,"San Joaquin, Iloilo",[1] Live,[A] Live,2nd,Mun,2nd,R6,v1
2026-01,2026,[01] January,"San Miguel, Iloilo",[1] Live,[A] Live,4th,Mun,4th,R6,v1
2026-01,2026,[01] January,"San Rafael, Iloilo",[8] Withdraw,[D] Withdraw,5th,Mun,5th,R6,
2026-01,2026,[01] January,"San Remigio, Antique",[1] Live,[A] Live,3rd,Mun,3rd,R6,v1
2026-01,2026,[01] January,"Santa Barbara, Iloilo",[1] Live,[A] Live,2nd,Mun,2nd,R6,v1
2026-01,2026,[01] January,"Sapi-An, Capiz",[1] Live,[A] Live,4th,Mun,4th,R6,v1
2026-01,2026,[01] January,"Sara, Iloilo",[1] Live,[A] Live,2nd,Mun,2nd,R6,v1
2026-01,2026,[01] January,"Sebaste, Antique",[1] Live,[A] Live,4th,Mun,4th,R6,v1
2026-01,2026,[01] January,"Sibalom, Antique",[1] Live,[A] Live,2nd,Mun,2nd,R6,v1
2026-01,2026,[01] January,"Sigma, Capiz",[8] Withdraw,[D] Withdraw,4th,Mun,4th,R6,
2026-01,2026,[01] January,"Tangalan, Aklan",[1] Live,[A] Live,5th,Mun,5th,R6,v1
2026-01,2026,[01] January,"Tapaz, Capiz",[1] Live,[A] Live,1st,Mun,1st,R6,v1
2026-01,2026,[01] January,"Tibiao, Antique",[1] Live,[A] Live,4th,Mun,4th,R6,v1
2026-01,2026,[01] January,"Tobias Fornier, Antique",[1] Live,[A] Live,4th,Mun,4th,R6,v1
2026-01,2026,[01] January,"Valderrama, Antique",[1] Live,[A] Live,4th,Mun,4th,R6,v1
2026-01,2026,[01] January,"Zarraga, Iloilo",[1] Live,[A] Live,4th,Mun,4th,R6,v1
2026-02,2026,[02] February,"Bongao, Tawi-Tawi",[1] Live,[A] Live,2nd,Mun,2nd,BARMM I,v1
2026-02,2026,[02] February,"City of Lamitan, Basilan",[1] Live,[A] Live,6th,City,6th,BARMM I,v1
2026-02,2026,[02] February,"Lantawan, Basilan",[1] Live,[A] Live,3rd,Mun,3rd,BARMM I,v1
2026-02,2026,[02] February,"Sumisip, Basilan",[1] Live,[A] Live,1st,Mun,1st,BARMM I,v1
2026-02,2026,[02] February,"Talipao, Sulu",[1] Live,[A] Live,1st,Mun,1st,BARMM I,v1
2026-02,2026,[02] February,"Tipo-Tipo, Basilan",[1] Live,[A] Live,3rd,Mun,3rd,BARMM I,v1
2026-02,2026,[02] February,"Ampatuan, Maguindanao del Sur",[1] Live,[A] Live,4th,Mun,4th,BARMM II,v1
2026-02,2026,[02] February,"Datu Abdullah Sangki, Maguindanao del Sur",[1] Live,[A] Live,-,Mun,-,BARMM II,v1
2026-02,2026,[02] February,"Datu Paglas, Maguindanao del Sur",[1] Live,[A] Live,4th,Mun,4th,BARMM II,v1
2026-02,2026,[02] February,"Pagalungan, Maguindanao del Sur",[1] Live,[A] Live,1st,Mun,1st,BARMM II,v1
2026-02,2026,[02] February,"Parang, Maguindanao del Norte",[1] Live,[A] Live,1st,Mun,1st,BARMM II,v1
2026-02,2026,[02] February,"Shariff Aguak, Maguindanao del Sur",[1] Live,[A] Live,2nd,Mun,2nd,BARMM II,v1
2026-02,2026,[02] February,"Sultan Kudarat, Maguindanao del Norte",[1] Live,[A] Live,1st,Mun,1st,BARMM II,v1
2026-02,2026,[02] February,"Talayan, Maguindanao del Sur",[1] Live,[A] Live,4th,Mun,4th,BARMM II,v1
2026-02,2026,[02] February,"Buenavista, Guimaras",[8] Withdraw,[D] Withdraw,2nd,Mun,2nd,R6,
2026-02,2026,[02] February,"Upi, Maguindanao del Norte",[1] Live,[A] Live,1st,Mun,1st,BARMM II,v1
2026-02,2026,[02] February,"Aguinaldo, Ifugao",[1] Live,[A] Live,2nd,Mun,2nd,CAR,v1
2026-02,2026,[02] February,"Alfonso Lista, Ifugao",[1] Live,[A] Live,3rd,Mun,3rd,CAR,v1
2026-02,2026,[02] February,"Asipulo, Ifugao",[1] Live,[A] Live,5th,Mun,5th,CAR,v1
2026-02,2026,[02] February,"Banaue, Ifugao",[1] Live,[A] Live,4th,Mun,4th,CAR,v1
2026-02,2026,[02] February,"Bauko, Mountain Province",[1] Live,[A] Live,4th,Mun,4th,CAR,v1
2026-02,2026,[02] February,"City of Roxas, Capiz",[8] Withdraw,[D] Withdraw,3rd,City,3rd,R6,
2026-02,2026,[02] February,"Bontoc, Mountain Province",[1] Live,[A] Live,2nd,Mun,2nd,CAR,v1
2026-02,2026,[02] February,"City of Tabuk, Kalinga",[1] Live,[A] Live,5th,City,5th,CAR,v1
2026-02,2026,[02] February,"Danglas, Abra",[1] Live,[A] Live,5th,Mun,5th,CAR,v1
2026-02,2026,[02] February,"Dolores, Abra",[1] Live,[A] Live,5th,Mun,5th,CAR,with v1 v2
2026-02,2026,[02] February,"Hungduan, Ifugao",[1] Live,[A] Live,4th,Mun,4th,CAR,v1
2026-02,2026,[02] February,"Lamut, Ifugao",[1] Live,[A] Live,4th,Mun,4th,CAR,v1
2026-02,2026,[02] February,"Lubuagan, Kalinga",[1] Live,[A] Live,4th,Mun,4th,CAR,v1
2026-02,2026,[02] February,"Luna, Apayao",[1] Live,[A] Live,2nd,Mun,2nd,CAR,v1
2026-02,2026,[02] February,"Mankayan, Benguet",[1] Live,[A] Live,1st,Mun,1st,CAR,v1
2026-02,2026,[02] February,"Mayoyao, Ifugao",[1] Live,[A] Live,4th,Mun,4th,CAR,v1
2026-02,2026,[02] February,"Paracelis, Mountain Province",[1] Live,[A] Live,2nd,Mun,2nd,CAR,v1
2026-02,2026,[02] February,"Pasil, Kalinga",[1] Live,[A] Live,5th,Mun,5th,CAR,v1
2026-02,2026,[02] February,"Peñarrubia, Abra",[1] Live,[A] Live,6th,Mun,6th,CAR,v1
2026-02,2026,[02] February,"Pudtol, Apayao",[1] Live,[A] Live,4th,Mun,4th,CAR,v1
2026-02,2026,[02] February,"Sablan, Benguet",[1] Live,[A] Live,5th,Mun,5th,CAR,v1
2026-02,2026,[02] February,"Santa Marcela, Apayao",[1] Live,[A] Live,4th,Mun,4th,CAR,v1
2026-02,2026,[02] February,"Tayum, Abra",[1] Live,[A] Live,5th,Mun,5th,CAR,v1
2026-02,2026,[02] February,"Tinoc, Ifugao",[1] Live,[A] Live,4th,Mun,4th,CAR,v1
2026-02,2026,[02] February,"Tuba, Benguet",[1] Live,[A] Live,1st,Mun,1st,CAR,v1
2026-02,2026,[02] February,"Tublay, Benguet",[1] Live,[A] Live,5th,Mun,5th,CAR,v1
2026-02,2026,[02] February,"Amlan, Negros Oriental",[1] Live,[A] Live,4th,Mun,4th,NIR,v1
2026-02,2026,[02] February,"Ayungon, Negros Oriental",[1] Live,[A] Live,2nd,Mun,2nd,NIR,v1
2026-02,2026,[02] February,"Basay, Negros Oriental",[1] Live,[A] Live,4th,Mun,4th,NIR,v1
2026-02,2026,[02] February,"Candoni, Negros Occidental",[1] Live,[A] Live,4th,Mun,4th,NIR,v1
2026-02,2026,[02] February,"City of Canlaon, Negros Oriental",[1] Live,[A] Live,4th,City,4th,NIR,v1
2026-02,2026,[02] February,"City of Dumaguete, Negros Oriental",[1] Live,[A] Live,3rd,City,3rd,NIR,v1
2026-02,2026,[02] February,"City of Escalante, Negros Occidental",[1] Live,[A] Live,4th,City,4th,NIR,v1
2026-02,2026,[02] February,"City of Guihulngan, Negros Oriental",[1] Live,[A] Live,5th,City,5th,NIR,v1
2026-02,2026,[02] February,"City of Himamaylan, Negros Occidental",[1] Live,[A] Live,3rd,City,3rd,NIR,v1
2026-02,2026,[02] February,"City of Kabankalan, Negros Occidental",[1] Live,[A] Live,1st,City,1st,NIR,v1
2026-02,2026,[02] February,"City of La Carlota, Negros Occidental",[1] Live,[A] Live,4th,City,4th,NIR,v1
2026-02,2026,[02] February,"City of Sagay, Negros Occidental",[1] Live,[A] Live,3rd,City,3rd,NIR,v1
2026-02,2026,[02] February,"City of Sipalay, Negros Occidental",[1] Live,[A] Live,4th,City,4th,NIR,v1
2026-02,2026,[02] February,"Dauin, Negros Oriental",[1] Live,[A] Live,4th,Mun,4th,NIR,v1
2026-02,2026,[02] February,"Enrique Villanueva, Siquijor",[1] Live,[A] Live,5th,Mun,5th,NIR,v1
2026-02,2026,[02] February,"Hinigaran, Negros Occidental",[1] Live,[A] Live,1st,Mun,1st,NIR,v1
2026-02,2026,[02] February,"Pavia, Iloilo",[8] Withdraw,[D] Withdraw,2nd,Mun,2nd,R6,
2026-02,2026,[02] February,"Hinoba-an, Negros Occidental",[1] Live,[A] Live,1st,Mun,1st,NIR,v1
2026-02,2026,[02] February,"Jimalalud, Negros Oriental",[1] Live,[A] Live,4th,Mun,4th,NIR,v1
2026-02,2026,[02] February,"La Libertad, Negros Oriental",[1] Live,[A] Live,3rd,Mun,3rd,NIR,v1
2026-02,2026,[02] February,"Larena, Siquijor",[1] Live,[A] Live,5th,Mun,5th,NIR,v1
2026-02,2026,[02] February,"Lazi, Siquijor",[1] Live,[A] Live,4th,Mun,4th,NIR,v1
2026-02,2026,[02] February,"Mabinay, Negros Oriental",[1] Live,[A] Live,1st,Mun,1st,NIR,v1
2026-02,2026,[02] February,"San Rafael, Iloilo",[8] Withdraw,[D] Withdraw,5th,Mun,5th,R6,
2026-02,2026,[02] February,"Manapla, Negros Occidental",[1] Live,[A] Live,2nd,Mun,2nd,NIR,v1
2026-02,2026,[02] February,"Maria, Siquijor",[1] Live,[A] Live,5th,Mun,5th,NIR,v1
2026-02,2026,[02] February,"Moises Padilla, Negros Occidental",[1] Live,[A] Live,3rd,Mun,3rd,NIR,v1
2026-02,2026,[02] February,"Pontevedra, Negros Occidental",[1] Live,[A] Live,3rd,Mun,3rd,NIR,v1
2026-02,2026,[02] February,"San Jose, Negros Oriental",[1] Live,[A] Live,5th,Mun,5th,NIR,v1
2026-02,2026,[02] February,"San Juan, Siquijor",[1] Live,[A] Live,5th,Mun,5th,NIR,v1
2026-02,2026,[02] February,"Siaton, Negros Oriental",[1] Live,[A] Live,1st,Mun,1st,NIR,v1
2026-02,2026,[02] February,"Sibulan, Negros Oriental",[1] Live,[A] Live,2nd,Mun,2nd,NIR,v1
2026-02,2026,[02] February,"Tayasan, Negros Oriental",[1] Live,[A] Live,3rd,Mun,3rd,NIR,v1
2026-02,2026,[02] February,"Bacong, Negros Oriental",[8] Withdraw,[D] Withdraw,4th,Mun,4th,NIR,
2026-02,2026,[02] February,"Valencia, Negros Oriental",[1] Live,[A] Live,1st,Mun,1st,NIR,v1
2026-02,2026,[02] February,"Vallehermoso, Negros Oriental",[1] Live,[A] Live,3rd,Mun,3rd,NIR,v1
2026-02,2026,[02] February,"Adams, Ilocos Norte",[1] Live,[A] Live,5th,Mun,5th,R1,v1
2026-02,2026,[02] February,"Agoo, La Union",[1] Live,[A] Live,1st,Mun,1st,R1,with v1 v2
2026-02,2026,[02] February,"Aguilar, Pangasinan",[1] Live,[A] Live,3rd,Mun,3rd,R1,v1
2026-02,2026,[02] February,"Anda, Pangasinan",[1] Live,[A] Live,3rd,Mun,3rd,R1,with v1 v2
2026-02,2026,[02] February,"Aringay, La Union",[1] Live,[A] Live,2nd,Mun,2nd,R1,v1
2026-02,2026,[02] February,"Bacarra, Ilocos Norte",[1] Live,[A] Live,3rd,Mun,3rd,R1,v1
2026-02,2026,[02] February,"Badoc, Ilocos Norte",[1] Live,[A] Live,3rd,Mun,3rd,R1,v1
2026-02,2026,[02] February,"Bagulin, La Union",[1] Live,[A] Live,5th,Mun,5th,R1,with v1 v2
2026-02,2026,[02] February,"Balaoan, La Union",[1] Live,[A] Live,1st,Mun,1st,R1,with v1 v2
2026-02,2026,[02] February,"Balungao, Pangasinan",[1] Live,[A] Live,4th,Mun,4th,R1,v1
2026-02,2026,[02] February,"Banayoyo, Ilocos Sur",[1] Live,[A] Live,4th,Mun,4th,R1,v1
2026-02,2026,[02] February,"Bangar, La Union",[1] Live,[A] Live,3rd,Mun,3rd,R1,with v1 v2
2026-02,2026,[02] February,"Bangui, Ilocos Norte",[1] Live,[A] Live,4th,Mun,4th,R1,v1
2026-02,2026,[02] February,"Banna, Ilocos Norte",[1] Live,[A] Live,4th,Mun,4th,R1,v1
2026-02,2026,[02] February,"Bantay, Ilocos Sur",[1] Live,[A] Live,3rd,Mun,3rd,R1,v1
2026-02,2026,[02] February,"Basista, Pangasinan",[1] Live,[A] Live,4th,Mun,4th,R1,v1
2026-02,2026,[02] February,"Bautista, Pangasinan",[1] Live,[A] Live,4th,Mun,4th,R1,v1
2026-02,2026,[02] February,"Bayambang, Pangasinan",[1] Live,[A] Live,1st,Mun,1st,R1,v1
2026-02,2026,[02] February,"Binalonan, Pangasinan",[1] Live,[A] Live,1st,Mun,1st,R1,v1
2026-02,2026,[02] February,"Manjuyod, Negros Oriental",[2] UAT,[B] Developmental,2nd,Mun,2nd,NIR,v1
2026-02,2026,[02] February,"Binmaley, Pangasinan",[1] Live,[A] Live,1st,Mun,1st,R1,v1
2026-02,2026,[02] February,"Bugallon, Pangasinan",[1] Live,[A] Live,2nd,Mun,2nd,R1,v1
2026-02,2026,[02] February,"Burgos, La Union",[1] Live,[A] Live,5th,Mun,5th,R1,v1
2026-02,2026,[02] February,"Caba, La Union",[1] Live,[A] Live,4th,Mun,4th,R1,v1
2026-02,2026,[02] February,"Calasiao, Pangasinan",[1] Live,[A] Live,1st,Mun,1st,R1,with v1 v2
2026-02,2026,[02] February,"Caoayan, Ilocos Sur",[1] Live,[A] Live,4th,Mun,4th,R1,v1
2026-02,2026,[02] February,"City of Batac, Ilocos Norte",[1] Live,[A] Live,5th,City,5th,R1,with v1 v2
2026-02,2026,[02] February,"City of Candon, Ilocos Sur",[1] Live,[A] Live,4th,City,4th,R1,v1
2026-02,2026,[02] February,"City of Laoag, Ilocos Norte",[1] Live,[A] Live,3rd,City,3rd,R1,with v1 v2
2026-02,2026,[02] February,"City of San Carlos, Pangasinan",[1] Live,[A] Live,3rd,City,3rd,R1,v1
2026-02,2026,[02] February,"Dasol, Pangasinan",[1] Live,[A] Live,3rd,Mun,3rd,R1,v1
2026-02,2026,[02] February,"Dingras, Ilocos Norte",[1] Live,[A] Live,2nd,Mun,2nd,R1,with v1 v2
2026-02,2026,[02] February,"Datu Anggal Midtimbang, Maguindanao del Sur",[3] System Setup,[B] Developmental,-,Mun,-,BARMM II,v1
2026-02,2026,[02] February,"Dumalneg, Ilocos Norte",[1] Live,[A] Live,5th,Mun,5th,R1,v1
2026-02,2026,[02] February,"Datu Piang, Maguindanao del Sur",[3] System Setup,[B] Developmental,2nd,Mun,2nd,BARMM II,v1
2026-02,2026,[02] February,"Northern Kabuntalan, Maguindanao del Norte",[5] Admin Training,[C] For Training/Others,5th,Mun,5th,BARMM II,
2026-02,2026,[02] February,"Infanta, Pangasinan",[1] Live,[A] Live,3rd,Mun,3rd,R1,v1
2026-02,2026,[02] February,"Laoac, Pangasinan",[1] Live,[A] Live,4th,Mun,4th,R1,v1
2026-02,2026,[02] February,"Lidlidda, Ilocos Sur",[1] Live,[A] Live,5th,Mun,5th,R1,v1
2026-02,2026,[02] February,"Lingayen, Pangasinan",[1] Live,[A] Live,1st,Mun,1st,R1,with v1 v2
2026-02,2026,[02] February,"Mangaldan, Pangasinan",[1] Live,[A] Live,1st,Mun,1st,R1,v1
2026-02,2026,[02] February,"Mangatarem, Pangasinan",[1] Live,[A] Live,1st,Mun,1st,R1,v1
2026-02,2026,[02] February,"Mapandan, Pangasinan",[1] Live,[A] Live,3rd,Mun,3rd,R1,v1
2026-02,2026,[02] February,"Naguilian, La Union",[1] Live,[A] Live,1st,Mun,1st,R1,v1
2026-02,2026,[02] February,"Nueva Era, Ilocos Norte",[1] Live,[A] Live,3rd,Mun,3rd,R1,v1
2026-02,2026,[02] February,"Buug, Zamboanga Sibugay",[8] Withdraw,[D] Withdraw,3rd,Mun,3rd,R9,
2026-02,2026,[02] February,"City of Dipolog, Zamboanga del Norte",[8] Withdraw,[D] Withdraw,3rd,City,3rd,R9,
2026-02,2026,[02] February,"Pagudpud, Ilocos Norte",[1] Live,[A] Live,4th,Mun,4th,R1,with v1 v2
2026-02,2026,[02] February,"Pasuquin, Ilocos Norte",[1] Live,[A] Live,3rd,Mun,3rd,R1,v1
2026-02,2026,[02] February,"Piddig, Ilocos Norte",[1] Live,[A] Live,3rd,Mun,3rd,R1,v1
2026-02,2026,[02] February,"Pozorrubio, Pangasinan",[1] Live,[A] Live,1st,Mun,1st,R1,v1
2026-02,2026,[02] February,"Rosales, Pangasinan",[1] Live,[A] Live,1st,Mun,1st,R1,v1
2026-02,2026,[02] February,"Rosario, La Union",[1] Live,[A] Live,1st,Mun,1st,R1,v1
2026-02,2026,[02] February,"San Esteban, Ilocos Sur",[1] Live,[A] Live,5th,Mun,5th,R1,v1
2026-02,2026,[02] February,"San Fabian, Pangasinan",[1] Live,[A] Live,1st,Mun,1st,R1,v1
2026-02,2026,[02] February,"San Gabriel, La Union",[1] Live,[A] Live,4th,Mun,4th,R1,with v1 v2
2026-02,2026,[02] February,"San Ildefonso, Ilocos Sur",[1] Live,[A] Live,5th,Mun,5th,R1,v1
2026-02,2026,[02] February,"San Juan, Ilocos Sur",[1] Live,[A] Live,3rd,Mun,3rd,R1,v1
2026-02,2026,[02] February,"Ipil, Zamboanga Sibugay",[8] Withdraw,[D] Withdraw,1st,Mun,1st,R9,
2026-02,2026,[02] February,"Jolo, Sulu",[7] To Follow-up,[C] For Training/Others,1st,Mun,1st,BARMM I,v1
2026-02,2026,[02] February,"San Manuel, Pangasinan",[1] Live,[A] Live,1st,Mun,1st,R1,v1
2026-02,2026,[02] February,"San Nicolas, Ilocos Norte",[1] Live,[A] Live,2nd,Mun,2nd,R1,with v1 v2
2026-02,2026,[02] February,"San Nicolas, Pangasinan",[1] Live,[A] Live,1st,Mun,1st,R1,v1
2026-02,2026,[02] February,"San Quintin, Pangasinan",[1] Live,[A] Live,3rd,Mun,3rd,R1,v1
2026-02,2026,[02] February,"San Vicente, Ilocos Sur",[1] Live,[A] Live,5th,Mun,5th,R1,v1
2026-02,2026,[02] February,"Santa Barbara, Pangasinan",[1] Live,[A] Live,1st,Mun,1st,R1,v1
2026-02,2026,[02] February,"Santa Catalina, Ilocos Sur",[1] Live,[A] Live,5th,Mun,5th,R1,with v1 v2
2026-02,2026,[02] February,"Santa Cruz, Ilocos Sur",[1] Live,[A] Live,1st,Mun,1st,R1,with v1 v2
2026-02,2026,[02] February,"Santa Lucia, Ilocos Sur",[1] Live,[A] Live,3rd,Mun,3rd,R1,v1
2026-02,2026,[02] February,"Santa, Ilocos Sur",[1] Live,[A] Live,4th,Mun,4th,R1,v1
2026-02,2026,[02] February,"Santiago, Ilocos Sur",[1] Live,[A] Live,4th,Mun,4th,R1,v1
2026-02,2026,[02] February,"Santo Domingo, Ilocos Sur",[1] Live,[A] Live,3rd,Mun,3rd,R1,v1
2026-02,2026,[02] February,"Santo Tomas, La Union",[1] Live,[A] Live,4th,Mun,4th,R1,v1
2026-02,2026,[02] February,"Santo Tomas, Pangasinan",[1] Live,[A] Live,5th,Mun,5th,R1,v1
2026-02,2026,[02] February,"Santol, La Union",[1] Live,[A] Live,4th,Mun,4th,R1,with v1 v2
2026-02,2026,[02] February,"Sarrat, Ilocos Norte",[1] Live,[A] Live,4th,Mun,4th,R1,v1
2026-02,2026,[02] February,"Sinait, Ilocos Sur",[1] Live,[A] Live,3rd,Mun,3rd,R1,v1
2026-02,2026,[02] February,"Sison, Pangasinan",[1] Live,[A] Live,3rd,Mun,3rd,R1,v1
2026-02,2026,[02] February,"Solsona, Ilocos Norte",[1] Live,[A] Live,3rd,Mun,3rd,R1,v1
2026-02,2026,[02] February,"Sudipen, La Union",[1] Live,[A] Live,4th,Mun,4th,R1,with v1 v2
2026-02,2026,[02] February,"Suyo, Ilocos Sur",[1] Live,[A] Live,4th,Mun,4th,R1,with v1 v2
2026-02,2026,[02] February,"Naga, Zamboanga Sibugay",[7] To Follow-up,[C] For Training/Others,3rd,Mun,3rd,R9,v1
2026-02,2026,[02] February,"Tagudin, Ilocos Sur",[1] Live,[A] Live,2nd,Mun,2nd,R1,v1
2026-02,2026,[02] February,"Tayug, Pangasinan",[1] Live,[A] Live,3rd,Mun,3rd,R1,v1
2026-02,2026,[02] February,"Tubao, La Union",[1] Live,[A] Live,4th,Mun,4th,R1,v1
2026-02,2026,[02] February,"Urbiztondo, Pangasinan",[1] Live,[A] Live,3rd,Mun,3rd,R1,v1
2026-02,2026,[02] February,"Villasis, Pangasinan",[1] Live,[A] Live,1st,Mun,1st,R1,v1
2026-02,2026,[02] February,"Vintar, Ilocos Norte",[1] Live,[A] Live,1st,Mun,1st,R1,v1
2026-02,2026,[02] February,"Aloran, Misamis Occidental",[1] Live,[A] Live,4th,Mun,4th,R10,v1
2026-02,2026,[02] February,"Alubijid, Misamis Oriental",[1] Live,[A] Live,4th,Mun,4th,R10,v1
2026-02,2026,[02] February,"Bacolod, Lanao del Norte",[1] Live,[A] Live,4th,Mun,4th,R10,v1
2026-02,2026,[02] February,"Balingasag, Misamis Oriental",[1] Live,[A] Live,2nd,Mun,2nd,R10,v1
2026-02,2026,[02] February,"Balingoan, Misamis Oriental",[1] Live,[A] Live,5th,Mun,5th,R10,v1
2026-02,2026,[02] February,"Baroy, Lanao del Norte",[1] Live,[A] Live,4th,Mun,4th,R10,v1
2026-02,2026,[02] February,"Bonifacio, Misamis Occidental",[1] Live,[A] Live,4th,Mun,4th,R10,v1
2026-02,2026,[02] February,"Sibuco, Zamboanga del Norte",[7] To Follow-up,[C] For Training/Others,1st,Mun,1st,R9,v1
2026-02,2026,[02] February,"Calamba, Misamis Occidental",[1] Live,[A] Live,4th,Mun,4th,R10,v1
2026-02,2026,[02] February,"Catarman, Camiguin",[1] Live,[A] Live,5th,Mun,5th,R10,v1
2026-02,2026,[02] February,"City of El Salvador, Misamis Oriental",[1] Live,[A] Live,6th,City,6th,R10,v1
2026-02,2026,[02] February,"City of Gingoog, Misamis Oriental",[1] Live,[A] Live,2nd,City,2nd,R10,v1
2026-02,2026,[02] February,"City of Ozamiz, Misamis Occidental",[1] Live,[A] Live,3rd,City,3rd,R10,v1
2026-02,2026,[02] February,"City of Tangub, Misamis Occidental",[1] Live,[A] Live,4th,City,4th,R10,v1
2026-02,2026,[02] February,"Clarin, Misamis Occidental",[1] Live,[A] Live,4th,Mun,4th,R10,v1
2026-02,2026,[02] February,"Claveria, Misamis Oriental",[1] Live,[A] Live,1st,Mun,1st,R10,v1
2026-02,2026,[02] February,"Don Carlos, Bukidnon",[1] Live,[A] Live,1st,Mun,1st,R10,v1
2026-02,2026,[02] February,"Gitagum, Misamis Oriental",[1] Live,[A] Live,5th,Mun,5th,R10,v1
2026-02,2026,[02] February,"Guinsiliban, Camiguin",[1] Live,[A] Live,6th,Mun,6th,R10,v1
2026-02,2026,[02] February,"Impasug-ong, Bukidnon",[1] Live,[A] Live,1st,Mun,1st,R10,v1
2026-02,2026,[02] February,"Jasaan, Misamis Oriental",[1] Live,[A] Live,2nd,Mun,2nd,R10,v1
2026-02,2026,[02] February,"Jimenez, Misamis Occidental",[1] Live,[A] Live,3rd,Mun,3rd,R10,v1
2026-02,2026,[02] February,"Kadingilan, Bukidnon",[1] Live,[A] Live,3rd,Mun,3rd,R10,v1
2026-02,2026,[02] February,"Ungkaya Pukan, Basilan",[8] Withdraw,[D] Withdraw,-,Mun,-,BARMM I,
2026-02,2026,[02] February,"Kapatagan, Lanao del Norte",[1] Live,[A] Live,2nd,Mun,2nd,R10,v1
2026-02,2026,[02] February,"Kauswagan, Lanao del Norte",[1] Live,[A] Live,5th,Mun,5th,R10,v1
2026-02,2026,[02] February,"Kibawe, Bukidnon",[1] Live,[A] Live,2nd,Mun,2nd,R10,v1
2026-02,2026,[02] February,"Kinoguitan, Misamis Oriental",[1] Live,[A] Live,5th,Mun,5th,R10,v1
2026-02,2026,[02] February,"Lagonglong, Misamis Oriental",[1] Live,[A] Live,5th,Mun,5th,R10,v1
2026-02,2026,[02] February,"Laguindingan, Misamis Oriental",[1] Live,[A] Live,4th,Mun,4th,R10,v1
2026-02,2026,[02] February,"Libertad, Misamis Oriental",[1] Live,[A] Live,5th,Mun,5th,R10,v1
2026-02,2026,[02] February,"Linamon, Lanao del Norte",[1] Live,[A] Live,5th,Mun,5th,R10,v1
2026-02,2026,[02] February,"Lugait, Misamis Oriental",[1] Live,[A] Live,2nd,Mun,2nd,R10,v1
2026-02,2026,[02] February,"Magsaysay, Lanao del Norte",[1] Live,[A] Live,5th,Mun,5th,R10,v1
2026-02,2026,[02] February,"Magsaysay, Misamis Oriental",[1] Live,[A] Live,4th,Mun,4th,R10,v1
2026-02,2026,[02] February,"Mahinog, Camiguin",[1] Live,[A] Live,5th,Mun,5th,R10,v1
2026-02,2026,[02] February,"Maigo, Lanao del Norte",[1] Live,[A] Live,4th,Mun,4th,R10,v1
2026-02,2026,[02] February,"Mambajao, Camiguin",[1] Live,[A] Live,3rd,Mun,3rd,R10,v1
2026-02,2026,[02] February,"Manticao, Misamis Oriental",[1] Live,[A] Live,4th,Mun,4th,R10,v1
2026-02,2026,[02] February,"Medina, Misamis Oriental",[1] Live,[A] Live,4th,Mun,4th,R10,v1
2026-02,2026,[02] February,"Naawan, Misamis Oriental",[1] Live,[A] Live,4th,Mun,4th,R10,v1
2026-02,2026,[02] February,"Nunungan, Lanao del Norte",[1] Live,[A] Live,3rd,Mun,3rd,R10,v1
2026-02,2026,[02] February,"Opol, Misamis Oriental",[1] Live,[A] Live,2nd,Mun,2nd,R10,v1
2026-02,2026,[02] February,"Panaon, Misamis Occidental",[1] Live,[A] Live,5th,Mun,5th,R10,v1
2026-02,2026,[02] February,"Plaridel, Misamis Occidental",[1] Live,[A] Live,3rd,Mun,3rd,R10,v1
2026-02,2026,[02] February,"Sagay, Camiguin",[1] Live,[A] Live,5th,Mun,5th,R10,v1
2026-02,2026,[02] February,"Salay, Misamis Oriental",[1] Live,[A] Live,4th,Mun,4th,R10,v1
2026-02,2026,[02] February,"San Fernando, Bukidnon",[1] Live,[A] Live,1st,Mun,1st,R10,v1
2026-02,2026,[02] February,"Sapang Dalaga, Misamis Occidental",[1] Live,[A] Live,5th,Mun,5th,R10,v1
2026-02,2026,[02] February,"Sinacaban, Misamis Occidental",[1] Live,[A] Live,5th,Mun,5th,R10,v1
2026-02,2026,[02] February,"Sugbongcogon, Misamis Oriental",[1] Live,[A] Live,5th,Mun,5th,R10,v1
2026-02,2026,[02] February,"Sultan Naga Dimaporo, Lanao del Norte",[1] Live,[A] Live,3rd,Mun,3rd,R10,v1
2026-02,2026,[02] February,"Tagoloan, Misamis Oriental",[1] Live,[A] Live,1st,Mun,1st,R10,v1
2026-02,2026,[02] February,"Talakag, Bukidnon",[1] Live,[A] Live,1st,Mun,1st,R10,v1
2026-02,2026,[02] February,"City of Vigan, Ilocos Sur",[2] UAT,[B] Developmental,4th,City,4th,R1,v1
2026-02,2026,[02] February,"Talisayan, Misamis Oriental",[1] Live,[A] Live,4th,Mun,4th,R10,v1
2026-02,2026,[02] February,"Tudela, Misamis Occidental",[1] Live,[A] Live,4th,Mun,4th,R10,v1
2026-02,2026,[02] February,"Villanueva, Misamis Oriental",[1] Live,[A] Live,2nd,Mun,2nd,R10,v1
2026-02,2026,[02] February,"Baganga, Davao Oriental",[1] Live,[A] Live,1st,Mun,1st,R11,v1
2026-02,2026,[02] February,"Banaybanay, Davao Oriental",[1] Live,[A] Live,2nd,Mun,2nd,R11,v1
2026-02,2026,[02] February,"Bansalan, Davao del Sur",[1] Live,[A] Live,1st,Mun,1st,R11,v1
2026-02,2026,[02] February,"Boston, Davao Oriental",[1] Live,[A] Live,3rd,Mun,3rd,R11,v1
2026-02,2026,[02] February,"Magsingal, Ilocos Sur",[8] Withdraw,[D] Withdraw,3rd,Mun,3rd,R1,
2026-02,2026,[02] February,"Manaoag, Pangasinan",[3] System Setup,[B] Developmental,1st,Mun,1st,R1,v2
2026-02,2026,[02] February,"Caraga, Davao Oriental",[1] Live,[A] Live,1st,Mun,1st,R11,v1
2026-02,2026,[02] February,"Carmen, Davao del Norte",[1] Live,[A] Live,1st,Mun,1st,R11,v1
2026-02,2026,[02] February,"Cateel, Davao Oriental",[1] Live,[A] Live,2nd,Mun,2nd,R11,v1
2026-02,2026,[02] February,"City of Digos, Davao del Sur",[1] Live,[A] Live,2nd,City,2nd,R11,v1
2026-02,2026,[02] February,"City of Mati, Davao Oriental",[1] Live,[A] Live,5th,City,5th,R11,v1
2026-02,2026,[02] February,"Kiblawan, Davao del Sur",[1] Live,[A] Live,2nd,Mun,2nd,R11,v1
2026-02,2026,[02] February,"Laak, Davao de Oro",[1] Live,[A] Live,1st,Mun,1st,R11,v1
2026-02,2026,[02] February,"Lupon, Davao Oriental",[1] Live,[A] Live,1st,Mun,1st,R11,v1
2026-02,2026,[02] February,"Magsaysay, Davao del Sur",[1] Live,[A] Live,3rd,Mun,3rd,R11,v1
2026-02,2026,[02] February,"Malalag, Davao del Sur",[1] Live,[A] Live,2nd,Mun,2nd,R11,v1
2026-02,2026,[02] February,"Manay, Davao Oriental",[1] Live,[A] Live,2nd,Mun,2nd,R11,v1
2026-02,2026,[02] February,"Maragusan, Davao de Oro",[1] Live,[A] Live,1st,Mun,1st,R11,v1
2026-02,2026,[02] February,"Matanao, Davao del Sur",[1] Live,[A] Live,2nd,Mun,2nd,R11,v1
2026-02,2026,[02] February,"Mawab, Davao de Oro",[1] Live,[A] Live,3rd,Mun,3rd,R11,v1
2026-02,2026,[02] February,"Monkayo, Davao de Oro",[1] Live,[A] Live,1st,Mun,1st,R11,v1
2026-02,2026,[02] February,"New Bataan, Davao de Oro",[1] Live,[A] Live,1st,Mun,1st,R11,v1
2026-02,2026,[02] February,"Padada, Davao del Sur",[1] Live,[A] Live,3rd,Mun,3rd,R11,v1
2026-02,2026,[02] February,"San Isidro, Davao Oriental",[1] Live,[A] Live,3rd,Mun,3rd,R11,v1
2026-02,2026,[02] February,"Santa Cruz, Davao del Sur",[1] Live,[A] Live,1st,Mun,1st,R11,v1
2026-02,2026,[02] February,"Sulop, Davao del Sur",[1] Live,[A] Live,3rd,Mun,3rd,R11,v1
2026-02,2026,[02] February,"Tarragona, Davao Oriental",[1] Live,[A] Live,3rd,Mun,3rd,R11,v1
2026-02,2026,[02] February,"Alabel, Sarangani",[1] Live,[A] Live,1st,Mun,1st,R12,v1
2026-02,2026,[02] February,"Alamada, Cotabato",[1] Live,[A] Live,1st,Mun,1st,R12,v1
2026-02,2026,[02] February,"Aleosan, Cotabato",[1] Live,[A] Live,3rd,Mun,3rd,R12,v1
2026-02,2026,[02] February,"Antipas, Cotabato",[1] Live,[A] Live,2nd,Mun,2nd,R12,v1
2026-02,2026,[02] February,"Arakan, Cotabato",[1] Live,[A] Live,1st,Mun,1st,R12,v1
2026-02,2026,[02] February,"Bagumbayan, Sultan Kudarat",[1] Live,[A] Live,1st,Mun,1st,R12,v1
2026-02,2026,[02] February,"Banga, South Cotabato",[1] Live,[A] Live,1st,Mun,1st,R12,v1
2026-02,2026,[02] February,"Banisilan, Cotabato",[1] Live,[A] Live,2nd,Mun,2nd,R12,v1
2026-02,2026,[02] February,"Carmen, Cotabato",[1] Live,[A] Live,1st,Mun,1st,R12,v1
2026-02,2026,[02] February,"City of Kidapawan, Cotabato",[1] Live,[A] Live,3rd,City,3rd,R12,v1
2026-02,2026,[02] February,"Columbio, Sultan Kudarat",[1] Live,[A] Live,1st,Mun,1st,R12,v1
2026-02,2026,[02] February,"Esperanza, Sultan Kudarat",[1] Live,[A] Live,1st,Mun,1st,R12,v1
2026-02,2026,[02] February,"Isulan, Sultan Kudarat",[1] Live,[A] Live,1st,Mun,1st,R12,v1
2026-02,2026,[02] February,"Kabacan, Cotabato",[1] Live,[A] Live,1st,Mun,1st,R12,v1
2026-02,2026,[02] February,"Kalamansig, Sultan Kudarat",[1] Live,[A] Live,1st,Mun,1st,R12,v1
2026-02,2026,[02] February,"Kiamba, Sarangani",[1] Live,[A] Live,1st,Mun,1st,R12,v1
2026-02,2026,[02] February,"Lambayong, Sultan Kudarat",[1] Live,[A] Live,2nd,Mun,2nd,R12,v1
2026-02,2026,[02] February,"Lebak, Sultan Kudarat",[1] Live,[A] Live,1st,Mun,1st,R12,v1
2026-02,2026,[02] February,"Libungan, Cotabato",[1] Live,[A] Live,2nd,Mun,2nd,R12,v1
2026-02,2026,[02] February,"M'Lang, Cotabato",[1] Live,[A] Live,1st,Mun,1st,R12,v1
2026-02,2026,[02] February,"Maasim, Sarangani",[1] Live,[A] Live,1st,Mun,1st,R12,v1
2026-02,2026,[02] February,"Magpet, Cotabato",[1] Live,[A] Live,1st,Mun,1st,R12,v1
2026-02,2026,[02] February,"Maitum, Sarangani",[1] Live,[A] Live,2nd,Mun,2nd,R12,v1
2026-02,2026,[02] February,"Malapatan, Sarangani",[1] Live,[A] Live,1st,Mun,1st,R12,v1
2026-02,2026,[02] February,"Matalam, Cotabato",[1] Live,[A] Live,1st,Mun,1st,R12,v1
2026-02,2026,[02] February,"Midsayap, Cotabato",[1] Live,[A] Live,1st,Mun,1st,R12,v1
2026-02,2026,[02] February,"Palimbang, Sultan Kudarat",[1] Live,[A] Live,2nd,Mun,2nd,R12,v1
2026-02,2026,[02] February,"Pigkawayan, Cotabato",[1] Live,[A] Live,1st,Mun,1st,R12,v1
2026-02,2026,[02] February,"Baungon, Bukidnon",[8] Withdraw,[D] Withdraw,2nd,Mun,2nd,R10,
2026-02,2026,[02] February,"Pikit, Cotabato",[1] Live,[A] Live,1st,Mun,1st,R12,v1
2026-02,2026,[02] February,"Polomolok, South Cotabato",[1] Live,[A] Live,1st,Mun,1st,R12,v1
2026-02,2026,[02] February,"President Quirino, Sultan Kudarat",[1] Live,[A] Live,3rd,Mun,3rd,R12,v1
2026-02,2026,[02] February,"President Roxas, Cotabato",[1] Live,[A] Live,1st,Mun,1st,R12,v1
2026-02,2026,[02] February,"Santo Niño, South Cotabato",[1] Live,[A] Live,3rd,Mun,3rd,R12,v1
2026-02,2026,[02] February,"City of Iligan, Lanao del Norte",[7] To Follow-up,[C] For Training/Others,1st,City,1st,R10,v1
2026-02,2026,[02] February,"Sen. Ninoy Aquino, Sultan Kudarat",[1] Live,[A] Live,3rd,Mun,3rd,R12,v1
2026-02,2026,[02] February,"Surallah, South Cotabato",[1] Live,[A] Live,1st,Mun,1st,R12,v1
2026-02,2026,[02] February,"T'Boli, South Cotabato",[1] Live,[A] Live,1st,Mun,1st,R12,v1
2026-02,2026,[02] February,"Tampakan, South Cotabato",[1] Live,[A] Live,2nd,Mun,2nd,R12,v1
2026-02,2026,[02] February,"Tantangan, South Cotabato",[1] Live,[A] Live,3rd,Mun,3rd,R12,v1
2026-02,2026,[02] February,"Tulunan, Cotabato",[1] Live,[A] Live,2nd,Mun,2nd,R12,v1
2026-02,2026,[02] February,"Tupi, South Cotabato",[1] Live,[A] Live,1st,Mun,1st,R12,v1
2026-02,2026,[02] February,"Alegria, Surigao del Norte",[1] Live,[A] Live,5th,Mun,5th,R13,v1
2026-02,2026,[02] February,"Bayabas, Surigao del Sur",[1] Live,[A] Live,5th,Mun,5th,R13,v1
2026-02,2026,[02] February,"Buenavista, Agusan del Norte",[1] Live,[A] Live,1st,Mun,1st,R13,v1
2026-02,2026,[02] February,"Burgos, Surigao del Norte",[1] Live,[A] Live,6th,Mun,6th,R13,v1
2026-02,2026,[02] February,"Cagdianao, Dinagat Islands",[1] Live,[A] Live,3rd,Mun,3rd,R13,v1
2026-02,2026,[02] February,"Cagwait, Surigao del Sur",[1] Live,[A] Live,4th,Mun,4th,R13,v1
2026-02,2026,[02] February,"Cantilan, Surigao del Sur",[1] Live,[A] Live,2nd,Mun,2nd,R13,v1
2026-02,2026,[02] February,"Carmen, Surigao del Sur",[1] Live,[A] Live,5th,Mun,5th,R13,v1
2026-02,2026,[02] February,"Kolambugan, Lanao del Norte",[7] To Follow-up,[C] For Training/Others,4th,Mun,4th,R10,v1
2026-02,2026,[02] February,"City of Cabadbaran, Agusan del Norte",[1] Live,[A] Live,6th,City,6th,R13,v1
2026-02,2026,[02] February,"City of Tandag, Surigao del Sur",[1] Live,[A] Live,5th,City,5th,R13,v1
2026-02,2026,[02] February,"Cortes, Surigao del Sur",[1] Live,[A] Live,4th,Mun,4th,R13,v1
2026-02,2026,[02] February,"Del Carmen, Surigao del Norte",[1] Live,[A] Live,5th,Mun,5th,R13,v1
2026-02,2026,[02] February,"Dinagat, Dinagat Islands",[1] Live,[A] Live,5th,Mun,5th,R13,v1
2026-02,2026,[02] February,"General Luna, Surigao del Norte",[1] Live,[A] Live,5th,Mun,5th,R13,v1
2026-02,2026,[02] February,"Gigaquit, Surigao del Norte",[1] Live,[A] Live,4th,Mun,4th,R13,v1
2026-02,2026,[02] February,"Hinatuan, Surigao del Sur",[1] Live,[A] Live,2nd,Mun,2nd,R13,v1
2026-02,2026,[02] February,"Kitcharao, Agusan del Norte",[1] Live,[A] Live,4th,Mun,4th,R13,v1
2026-02,2026,[02] February,"Lanuza, Surigao del Sur",[1] Live,[A] Live,4th,Mun,4th,R13,v1
2026-02,2026,[02] February,"Las Nieves, Agusan del Norte",[1] Live,[A] Live,2nd,Mun,2nd,R13,v1
2026-02,2026,[02] February,"Lianga, Surigao del Sur",[1] Live,[A] Live,4th,Mun,4th,R13,v1
2026-02,2026,[02] February,"Lingig, Surigao del Sur",[1] Live,[A] Live,2nd,Mun,2nd,R13,v1
2026-02,2026,[02] February,"Madrid, Surigao del Sur",[1] Live,[A] Live,4th,Mun,4th,R13,v1
2026-02,2026,[02] February,"Magallanes, Agusan del Norte",[1] Live,[A] Live,4th,Mun,4th,R13,v1
2026-02,2026,[02] February,"Mainit, Surigao del Norte",[1] Live,[A] Live,4th,Mun,4th,R13,v1
2026-02,2026,[02] February,"Marihatag, Surigao del Sur",[1] Live,[A] Live,3rd,Mun,3rd,R13,v1
2026-02,2026,[02] February,"Remedios T. Romualdez, Agusan del Norte",[1] Live,[A] Live,5th,Mun,5th,R13,v1
2026-02,2026,[02] February,"San Agustin, Surigao del Sur",[1] Live,[A] Live,4th,Mun,4th,R13,v1
2026-02,2026,[02] February,"San Francisco, Agusan del Sur",[1] Live,[A] Live,1st,Mun,1st,R13,v1
2026-02,2026,[02] February,"San Francisco, Surigao del Norte",[1] Live,[A] Live,5th,Mun,5th,R13,v1
2026-02,2026,[02] February,"San Isidro, Surigao del Norte",[1] Live,[A] Live,5th,Mun,5th,R13,v1
2026-02,2026,[02] February,"San Jose, Dinagat Islands",[1] Live,[A] Live,4th,Mun,4th,R13,v1
2026-02,2026,[02] February,"San Miguel, Surigao del Sur",[1] Live,[A] Live,1st,Mun,1st,R13,v1
2026-02,2026,[02] February,"Santa Josefa, Agusan del Sur",[1] Live,[A] Live,3rd,Mun,3rd,R13,v1
2026-02,2026,[02] February,"Santiago, Agusan del Norte",[1] Live,[A] Live,4th,Mun,4th,R13,v1
2026-02,2026,[02] February,"Sison, Surigao del Norte",[1] Live,[A] Live,5th,Mun,5th,R13,v1
2026-02,2026,[02] February,"Socorro, Surigao del Norte",[1] Live,[A] Live,4th,Mun,4th,R13,v1
2026-02,2026,[02] February,"Tagana-An, Surigao del Norte",[1] Live,[A] Live,5th,Mun,5th,R13,v1
2026-02,2026,[02] February,"Tagbina, Surigao del Sur",[1] Live,[A] Live,2nd,Mun,2nd,R13,v1
2026-02,2026,[02] February,"Tago, Surigao del Sur",[1] Live,[A] Live,2nd,Mun,2nd,R13,v1
2026-02,2026,[02] February,"Trento, Agusan del Sur",[1] Live,[A] Live,1st,Mun,1st,R13,v1
2026-02,2026,[02] February,"Tubajon, Dinagat Islands",[1] Live,[A] Live,5th,Mun,5th,R13,v1
2026-02,2026,[02] February,"Tubod, Surigao del Norte",[1] Live,[A] Live,5th,Mun,5th,R13,v1
2026-02,2026,[02] February,"Aglipay, Quirino",[1] Live,[A] Live,3rd,Mun,3rd,R2,with v1 v2
2026-02,2026,[02] February,"Alfonso Castaneda, Nueva Vizcaya",[1] Live,[A] Live,1st,Mun,1st,R2,v1
2026-02,2026,[02] February,"Alicia, Isabela",[1] Live,[A] Live,1st,Mun,1st,R2,v1
2026-02,2026,[02] February,"Allacapan, Cagayan",[1] Live,[A] Live,3rd,Mun,3rd,R2,v1
2026-02,2026,[02] February,"Compostela, Davao de Oro",[6] With Concerns,[C] For Training/Others,1st,Mun,1st,R11,v1
2026-02,2026,[02] February,"Governor Generoso, Davao Oriental",[2] UAT,[B] Developmental,2nd,Mun,2nd,R11,v1
2026-02,2026,[02] February,"Island Garden City of Samal, Davao del Norte",[8] Withdraw,[D] Withdraw,4th,City,4th,R11,
2026-02,2026,[02] February,"Ambaguio, Nueva Vizcaya",[1] Live,[A] Live,5th,Mun,5th,R2,v1
2026-02,2026,[02] February,"Amulung, Cagayan",[1] Live,[A] Live,2nd,Mun,2nd,R2,v1
2026-02,2026,[02] February,"Angadanan, Isabela",[1] Live,[A] Live,3rd,Mun,3rd,R2,v1
2026-02,2026,[02] February,"Aparri, Cagayan",[1] Live,[A] Live,1st,Mun,1st,R2,v1
2026-02,2026,[02] February,"Aritao, Nueva Vizcaya",[1] Live,[A] Live,2nd,Mun,2nd,R2,v1
2026-02,2026,[02] February,"Aurora, Isabela",[1] Live,[A] Live,3rd,Mun,3rd,R2,with v1 v2
2026-02,2026,[02] February,"Bagabag, Nueva Vizcaya",[1] Live,[A] Live,2nd,Mun,2nd,R2,v1
2026-02,2026,[02] February,"Baggao, Cagayan",[1] Live,[A] Live,1st,Mun,1st,R2,v1
2026-02,2026,[02] February,"Ballesteros, Cagayan",[1] Live,[A] Live,4th,Mun,4th,R2,v1
2026-02,2026,[02] February,"Bambang, Nueva Vizcaya",[1] Live,[A] Live,1st,Mun,1st,R2,v1
2026-02,2026,[02] February,"Benito Soliven, Isabela",[1] Live,[A] Live,4th,Mun,4th,R2,v1
2026-02,2026,[02] February,"Buguey, Cagayan",[1] Live,[A] Live,3rd,Mun,3rd,R2,v1
2026-02,2026,[02] February,"Burgos, Isabela",[1] Live,[A] Live,4th,Mun,4th,R2,with v1 v2
2026-02,2026,[02] February,"Cabagan, Isabela",[1] Live,[A] Live,1st,Mun,1st,R2,v1
2026-02,2026,[02] February,"Cabarroguis, Quirino",[1] Live,[A] Live,3rd,Mun,3rd,R2,v1
2026-02,2026,[02] February,"Camalaniugan, Cagayan",[1] Live,[A] Live,4th,Mun,4th,R2,v1
2026-02,2026,[02] February,"City of Ilagan, Isabela",[1] Live,[A] Live,1st,City,1st,R2,v1
2026-02,2026,[02] February,"Cordon, Isabela",[1] Live,[A] Live,3rd,Mun,3rd,R2,with v1 v2
2026-02,2026,[02] February,"Diadi, Nueva Vizcaya",[1] Live,[A] Live,4th,Mun,4th,R2,v1
2026-02,2026,[02] February,"Diffun, Quirino",[1] Live,[A] Live,2nd,Mun,2nd,R2,with v1 v2
2026-02,2026,[02] February,"Dinapigue, Isabela",[1] Live,[A] Live,1st,Mun,1st,R2,v1
2026-02,2026,[02] February,"Divilacan, Isabela",[1] Live,[A] Live,2nd,Mun,2nd,R2,v1
2026-02,2026,[02] February,"Dupax del Norte, Nueva Vizcaya",[1] Live,[A] Live,3rd,Mun,3rd,R2,with v1 v2
2026-02,2026,[02] February,"Dupax del Sur, Nueva Vizcaya",[1] Live,[A] Live,2nd,Mun,2nd,R2,with v1 v2
2026-02,2026,[02] February,"Echague, Isabela",[1] Live,[A] Live,1st,Mun,1st,R2,v1
2026-02,2026,[02] February,"Enrile, Cagayan",[1] Live,[A] Live,3rd,Mun,3rd,R2,v1
2026-02,2026,[02] February,"City of Tacurong, Sultan Kudarat",[8] Withdraw,[D] Withdraw,4th,City,4th,R12,
2026-02,2026,[02] February,"Gamu, Isabela",[1] Live,[A] Live,4th,Mun,4th,R2,with v1 v2
2026-02,2026,[02] February,"Gattaran, Cagayan",[1] Live,[A] Live,1st,Mun,1st,R2,v1
2026-02,2026,[02] February,"Glan, Sarangani",[6] With Concerns,[C] For Training/Others,1st,Mun,1st,R12,v1
2026-02,2026,[02] February,"Iguig, Cagayan",[1] Live,[A] Live,4th,Mun,4th,R2,v1
2026-02,2026,[02] February,"Jones, Isabela",[1] Live,[A] Live,1st,Mun,1st,R2,v1
2026-02,2026,[02] February,"Kasibu, Nueva Vizcaya",[1] Live,[A] Live,3rd,Mun,3rd,R2,v1
2026-02,2026,[02] February,"Kayapa, Nueva Vizcaya",[1] Live,[A] Live,3rd,Mun,3rd,R2,v1
2026-02,2026,[02] February,"Lal-Lo, Cagayan",[1] Live,[A] Live,1st,Mun,1st,R2,v1
2026-02,2026,[02] February,"Lasam, Cagayan",[1] Live,[A] Live,3rd,Mun,3rd,R2,v1
2026-02,2026,[02] February,"Maddela, Quirino",[1] Live,[A] Live,1st,Mun,1st,R2,v1
2026-02,2026,[02] February,"Mallig, Isabela",[1] Live,[A] Live,4th,Mun,4th,R2,with v1 v2
2026-02,2026,[02] February,"Nagtipunan, Quirino",[1] Live,[A] Live,1st,Mun,1st,R2,v1
2026-02,2026,[02] February,"Naguilian, Isabela",[1] Live,[A] Live,4th,Mun,4th,R2,with v1 v2
2026-02,2026,[02] February,"Palanan, Isabela",[1] Live,[A] Live,1st,Mun,1st,R2,v1
2026-02,2026,[02] February,"Pamplona, Cagayan",[1] Live,[A] Live,4th,Mun,4th,R2,v1
2026-02,2026,[02] February,"Malungon, Sarangani",[8] Withdraw,[D] Withdraw,1st,Mun,1st,R12,
2026-02,2026,[02] February,"Peñablanca, Cagayan",[1] Live,[A] Live,1st,Mun,1st,R2,v1
2026-02,2026,[02] February,"Piat, Cagayan",[1] Live,[A] Live,4th,Mun,4th,R2,v1
2026-02,2026,[02] February,"Quezon, Isabela",[1] Live,[A] Live,4th,Mun,4th,R2,v1
2026-02,2026,[02] February,"Quezon, Nueva Vizcaya",[1] Live,[A] Live,4th,Mun,4th,R2,v1
2026-02,2026,[02] February,"Ramon, Isabela",[1] Live,[A] Live,2nd,Mun,2nd,R2,v1
2026-02,2026,[02] February,"Saguday, Quirino",[1] Live,[A] Live,5th,Mun,5th,R2,with v1 v2
2026-02,2026,[02] February,"San Agustin, Isabela",[1] Live,[A] Live,3rd,Mun,3rd,R2,v1
2026-02,2026,[02] February,"San Guillermo, Isabela",[1] Live,[A] Live,4th,Mun,4th,R2,v1
2026-02,2026,[02] February,"San Isidro, Isabela",[1] Live,[A] Live,5th,Mun,5th,R2,with v1 v2
2026-02,2026,[02] February,"San Manuel, Isabela",[1] Live,[A] Live,4th,Mun,4th,R2,v1
2026-02,2026,[02] February,"San Mariano, Isabela",[1] Live,[A] Live,1st,Mun,1st,R2,v1
2026-02,2026,[02] February,"San Mateo, Isabela",[1] Live,[A] Live,1st,Mun,1st,R2,with v1 v2
2026-02,2026,[02] February,"Sanchez-Mira, Cagayan",[1] Live,[A] Live,3rd,Mun,3rd,R2,v1
2026-02,2026,[02] February,"Santa Ana, Cagayan",[1] Live,[A] Live,2nd,Mun,2nd,R2,v1
2026-02,2026,[02] February,"Santa Fe, Nueva Vizcaya",[1] Live,[A] Live,3rd,Mun,3rd,R2,v1
2026-02,2026,[02] February,"Santa Maria, Isabela",[1] Live,[A] Live,4th,Mun,4th,R2,v1
2026-02,2026,[02] February,"Santa Praxedes, Cagayan",[1] Live,[A] Live,5th,Mun,5th,R2,v1
2026-02,2026,[02] February,"Santa Teresita, Cagayan",[1] Live,[A] Live,4th,Mun,4th,R2,v1
2026-02,2026,[02] February,"Santo Niño, Cagayan",[1] Live,[A] Live,2nd,Mun,2nd,R2,v1
2026-02,2026,[02] February,"Santo Tomas, Isabela",[1] Live,[A] Live,4th,Mun,4th,R2,v1
2026-02,2026,[02] February,"Solana, Cagayan",[1] Live,[A] Live,1st,Mun,1st,R2,v1
2026-02,2026,[02] February,"Tuao, Cagayan",[1] Live,[A] Live,1st,Mun,1st,R2,v1
2026-02,2026,[02] February,"Tumauini, Isabela",[1] Live,[A] Live,1st,Mun,1st,R2,v1
2026-02,2026,[02] February,"Aliaga, Nueva Ecija",[1] Live,[A] Live,2nd,Mun,2nd,R3,v1
2026-02,2026,[02] February,"Anao, Tarlac",[1] Live,[A] Live,5th,Mun,5th,R3,v1
2026-02,2026,[02] February,"City of Surigao, Surigao del Norte",[8] Withdraw,[D] Withdraw,3rd,City,3rd,R13,
2026-02,2026,[02] February,"Apalit, Pampanga",[1] Live,[A] Live,1st,Mun,1st,R3,v1
2026-02,2026,[02] February,"Arayat, Pampanga",[1] Live,[A] Live,1st,Mun,1st,R3,v1
2026-02,2026,[02] February,"Bacolor, Pampanga",[1] Live,[A] Live,3rd,Mun,3rd,R3,v1
2026-02,2026,[02] February,"Baler, Aurora",[1] Live,[A] Live,3rd,Mun,3rd,R3,v1
2026-02,2026,[02] February,"Bamban, Tarlac",[1] Live,[A] Live,2nd,Mun,2nd,R3,with v1 v2
2026-02,2026,[02] February,"Bongabon, Nueva Ecija",[1] Live,[A] Live,2nd,Mun,2nd,R3,v1
2026-02,2026,[02] February,"Botolan, Zambales",[1] Live,[A] Live,1st,Mun,1st,R3,v1
2026-02,2026,[02] February,"Bustos, Bulacan",[1] Live,[A] Live,2nd,Mun,2nd,R3,with v1 v2
2026-02,2026,[02] February,"Cabangan, Zambales",[1] Live,[A] Live,4th,Mun,4th,R3,with v1 v2
2026-02,2026,[02] February,"Cabiao, Nueva Ecija",[1] Live,[A] Live,1st,Mun,1st,R3,with v1 v2
2026-02,2026,[02] February,"Camiling, Tarlac",[1] Live,[A] Live,1st,Mun,1st,R3,v1
2026-02,2026,[02] February,"Candaba, Pampanga",[1] Live,[A] Live,1st,Mun,1st,R3,with v1 v2
2026-02,2026,[02] February,"Casiguran, Aurora",[1] Live,[A] Live,2nd,Mun,2nd,R3,v1
2026-02,2026,[02] February,"Castillejos, Zambales",[1] Live,[A] Live,3rd,Mun,3rd,R3,v1
2026-02,2026,[02] February,"City of Palayan, Nueva Ecija",[1] Live,[A] Live,5th,City,5th,R3,v1
2026-02,2026,[02] February,"City of San Jose Del Monte, Bulacan",[1] Live,[A] Live,1st,City,1st,R3,v1
2026-02,2026,[02] February,"Concepcion, Tarlac",[1] Live,[A] Live,1st,Mun,1st,R3,v1
2026-02,2026,[02] February,"Cuyapo, Nueva Ecija",[1] Live,[A] Live,1st,Mun,1st,R3,v1
2026-02,2026,[02] February,"Dilasag, Aurora",[1] Live,[A] Live,3rd,Mun,3rd,R3,v1
2026-02,2026,[02] February,"Dinalungan, Aurora",[1] Live,[A] Live,4th,Mun,4th,R3,v1
2026-02,2026,[02] February,"Dingalan, Aurora",[1] Live,[A] Live,3rd,Mun,3rd,R3,v1
2026-02,2026,[02] February,"Dipaculao, Aurora",[1] Live,[A] Live,3rd,Mun,3rd,R3,v1
2026-02,2026,[02] February,"Floridablanca, Pampanga",[1] Live,[A] Live,1st,Mun,1st,R3,v1
2026-02,2026,[02] February,"Gabaldon, Nueva Ecija",[1] Live,[A] Live,4th,Mun,4th,R3,with v1 v2
2026-02,2026,[02] February,"General Tinio, Nueva Ecija",[1] Live,[A] Live,1st,Mun,1st,R3,v1
2026-02,2026,[02] February,"Gerona, Tarlac",[1] Live,[A] Live,1st,Mun,1st,R3,v1
2026-02,2026,[02] February,"Guagua, Pampanga",[1] Live,[A] Live,1st,Mun,1st,R3,v1
2026-02,2026,[02] February,"Guimba, Nueva Ecija",[1] Live,[A] Live,1st,Mun,1st,R3,with v1 v2
2026-02,2026,[02] February,"La Paz, Tarlac",[1] Live,[A] Live,2nd,Mun,2nd,R3,with v1 v2
2026-02,2026,[02] February,"Licab, Nueva Ecija",[1] Live,[A] Live,4th,Mun,4th,R3,v1
2026-02,2026,[02] February,"Limay, Bataan",[1] Live,[A] Live,1st,Mun,1st,R3,v1
2026-02,2026,[02] February,"Lupao, Nueva Ecija",[1] Live,[A] Live,3rd,Mun,3rd,R3,v1
2026-02,2026,[02] February,"Mabalacat City, Pampanga",[1] Live,[A] Live,3rd,City,3rd,R3,v1
2026-02,2026,[02] February,"Macabebe, Pampanga",[1] Live,[A] Live,1st,Mun,1st,R3,v1
2026-02,2026,[02] February,"Magalang, Pampanga",[1] Live,[A] Live,1st,Mun,1st,R3,v1
2026-02,2026,[02] February,"Maria Aurora, Aurora",[1] Live,[A] Live,2nd,Mun,2nd,R3,v1
2026-02,2026,[02] February,"Masantol, Pampanga",[1] Live,[A] Live,2nd,Mun,2nd,R3,v1
2026-02,2026,[02] February,"Masinloc, Zambales",[1] Live,[A] Live,1st,Mun,1st,R3,v1
2026-02,2026,[02] February,"Mayantoc, Tarlac",[1] Live,[A] Live,3rd,Mun,3rd,R3,v1
2026-02,2026,[02] February,"Mexico, Pampanga",[1] Live,[A] Live,1st,Mun,1st,R3,v1
2026-02,2026,[02] February,"Minalin, Pampanga",[1] Live,[A] Live,4th,Mun,4th,R3,v1
2026-02,2026,[02] February,"Burdeos, Quezon",[6] With Concerns,[C] For Training/Others,4th,Mun,4th,R4A,v2
2026-02,2026,[02] February,"Norzagaray, Bulacan",[1] Live,[A] Live,1st,Mun,1st,R3,v1
2026-02,2026,[02] February,"Obando, Bulacan",[1] Live,[A] Live,2nd,Mun,2nd,R3,v1
2026-02,2026,[02] February,"Orani, Bataan",[1] Live,[A] Live,3rd,Mun,3rd,R3,v1
2026-02,2026,[02] February,"Palauig, Zambales",[1] Live,[A] Live,3rd,Mun,3rd,R3,with v1 v2
2026-02,2026,[02] February,"Pandi, Bulacan",[1] Live,[A] Live,2nd,Mun,2nd,R3,v1
2026-02,2026,[02] February,"Paniqui, Tarlac",[1] Live,[A] Live,1st,Mun,1st,R3,v1
2026-02,2026,[02] February,"City of Lucena, Quezon",[8] Withdraw,[D] Withdraw,2nd,City,2nd,R4A,
2026-02,2026,[02] February,"Cuenca, Batangas",[8] Withdraw,[D] Withdraw,4th,Mun,4th,R4A,
2026-02,2026,[02] February,"Pantabangan, Nueva Ecija",[1] Live,[A] Live,1st,Mun,1st,R3,v1
2026-02,2026,[02] February,"Paombong, Bulacan",[1] Live,[A] Live,3rd,Mun,3rd,R3,v1
2026-02,2026,[02] February,"Pura, Tarlac",[1] Live,[A] Live,4th,Mun,4th,R3,with v1 v2
2026-02,2026,[02] February,"Quezon, Nueva Ecija",[1] Live,[A] Live,4th,Mun,4th,R3,with v1 v2
2026-02,2026,[02] February,"Rizal, Nueva Ecija",[1] Live,[A] Live,2nd,Mun,2nd,R3,v1
2026-02,2026,[02] February,"Samal, Bataan",[1] Live,[A] Live,4th,Mun,4th,R3,v1
2026-02,2026,[02] February,"San Antonio, Zambales",[1] Live,[A] Live,2nd,Mun,2nd,R3,v1
2026-02,2026,[02] February,"San Clemente, Tarlac",[1] Live,[A] Live,5th,Mun,5th,R3,with v1 v2
2026-02,2026,[02] February,"San Felipe, Zambales",[1] Live,[A] Live,4th,Mun,4th,R3,v1
2026-02,2026,[02] February,"San Ildefonso, Bulacan",[1] Live,[A] Live,1st,Mun,1st,R3,v1
2026-02,2026,[02] February,"San Isidro, Nueva Ecija",[1] Live,[A] Live,2nd,Mun,2nd,R3,v1
2026-02,2026,[02] February,"San Jose, Tarlac",[1] Live,[A] Live,3rd,Mun,3rd,R3,v1
2026-02,2026,[02] February,"San Luis, Aurora",[1] Live,[A] Live,2nd,Mun,2nd,R3,with v1 v2
2026-02,2026,[02] February,"San Luis, Pampanga",[1] Live,[A] Live,3rd,Mun,3rd,R3,v1
2026-02,2026,[02] February,"San Manuel, Tarlac",[1] Live,[A] Live,4th,Mun,4th,R3,with v1 v2
2026-02,2026,[02] February,"San Marcelino, Zambales",[1] Live,[A] Live,1st,Mun,1st,R3,v1
2026-02,2026,[02] February,"San Narciso, Zambales",[1] Live,[A] Live,4th,Mun,4th,R3,v1
2026-02,2026,[02] February,"Santa Ana, Pampanga",[1] Live,[A] Live,3rd,Mun,3rd,R3,v1
2026-02,2026,[02] February,"Santa Ignacia, Tarlac",[1] Live,[A] Live,2nd,Mun,2nd,R3,with v1 v2
2026-02,2026,[02] February,"Mulanay, Quezon",[2] UAT,[B] Developmental,1st,Mun,1st,R4A,v1
2026-02,2026,[02] February,"Santa Rita, Pampanga",[1] Live,[A] Live,4th,Mun,4th,R3,v1
2026-02,2026,[02] February,"Santo Domingo, Nueva Ecija",[1] Live,[A] Live,3rd,Mun,3rd,R3,v1
2026-02,2026,[02] February,"Sasmuan, Pampanga",[1] Live,[A] Live,4th,Mun,4th,R3,v1
2026-02,2026,[02] February,"Subic, Zambales",[1] Live,[A] Live,1st,Mun,1st,R3,v1
2026-02,2026,[02] February,"Talugtug, Nueva Ecija",[1] Live,[A] Live,4th,Mun,4th,R3,v1
2026-02,2026,[02] February,"Zaragoza, Nueva Ecija",[1] Live,[A] Live,3rd,Mun,3rd,R3,with v1 v2
2026-02,2026,[02] February,"Agoncillo, Batangas",[1] Live,[A] Live,4th,Mun,4th,R4A,v1
2026-02,2026,[02] February,"Alabat, Quezon",[1] Live,[A] Live,5th,Mun,5th,R4A,v1
2026-02,2026,[02] February,"Alfonso, Cavite",[1] Live,[A] Live,1st,Mun,1st,R4A,v1
2026-02,2026,[02] February,"Alitagtag, Batangas",[1] Live,[A] Live,4th,Mun,4th,R4A,v1
2026-02,2026,[02] February,"Amadeo, Cavite",[1] Live,[A] Live,4th,Mun,4th,R4A,v1
2026-02,2026,[02] February,"Balayan, Batangas",[1] Live,[A] Live,1st,Mun,1st,R4A,v1
2026-02,2026,[02] February,"Balete, Batangas",[1] Live,[A] Live,5th,Mun,5th,R4A,v1
2026-02,2026,[02] February,"San Andres, Quezon",[3] System Setup,[B] Developmental,4th,Mun,4th,R4A,v1
2026-02,2026,[02] February,"Buenavista, Quezon",[1] Live,[A] Live,4th,Mun,4th,R4A,v1
2026-02,2026,[02] February,"San Juan, Batangas",[2] UAT,[B] Developmental,1st,Mun,1st,R4A,v1
2026-02,2026,[02] February,"Calatagan, Batangas",[1] Live,[A] Live,2nd,Mun,2nd,R4A,v1
2026-02,2026,[02] February,"San Mateo, Rizal",[3] System Setup,[B] Developmental,1st,Mun,1st,R4A,v1
2026-02,2026,[02] February,"Calauag, Quezon",[1] Live,[A] Live,1st,Mun,1st,R4A,v1
2026-02,2026,[02] February,"Calauan, Laguna",[1] Live,[A] Live,2nd,Mun,2nd,R4A,v1
2026-02,2026,[02] February,"Candelaria, Quezon",[1] Live,[A] Live,1st,Mun,1st,R4A,v1
2026-02,2026,[02] February,"Cardona, Rizal",[1] Live,[A] Live,3rd,Mun,3rd,R4A,v1
2026-02,2026,[02] February,"Cavinti, Laguna",[1] Live,[A] Live,3rd,Mun,3rd,R4A,v1
2026-02,2026,[02] February,"Famy, Laguna",[1] Live,[A] Live,5th,Mun,5th,R4A,v1
2026-02,2026,[02] February,"General Emilio Aguinaldo, Cavite",[1] Live,[A] Live,5th,Mun,5th,R4A,v1
2026-02,2026,[02] February,"General Luna, Quezon",[1] Live,[A] Live,4th,Mun,4th,R4A,v1
2026-02,2026,[02] February,"Teresa, Rizal",[3] System Setup,[B] Developmental,2nd,Mun,2nd,R4A,v2
2026-02,2026,[02] February,"General Nakar, Quezon",[1] Live,[A] Live,1st,Mun,1st,R4A,v1
2026-02,2026,[02] February,"Guinayangan, Quezon",[1] Live,[A] Live,3rd,Mun,3rd,R4A,v1
2026-02,2026,[02] February,"Gumaca, Quezon",[1] Live,[A] Live,1st,Mun,1st,R4A,v1
2026-02,2026,[02] February,"Indang, Cavite",[1] Live,[A] Live,1st,Mun,1st,R4A,v1
2026-02,2026,[02] February,"Infanta, Quezon",[1] Live,[A] Live,1st,Mun,1st,R4A,v1
2026-02,2026,[02] February,"Lemery, Batangas",[1] Live,[A] Live,1st,Mun,1st,R4A,v1
2026-02,2026,[02] February,"Anda, Bohol",[8] Withdraw,[D] Withdraw,5th,Mun,5th,R7,
2026-02,2026,[02] February,"Lian, Batangas",[1] Live,[A] Live,3rd,Mun,3rd,R4A,v1
2026-02,2026,[02] February,"Baclayon, Bohol",[8] Withdraw,[D] Withdraw,4th,Mun,4th,R7,
2026-02,2026,[02] February,"Liliw, Laguna",[1] Live,[A] Live,4th,Mun,4th,R4A,v1
2026-02,2026,[02] February,"Balilihan, Bohol",[8] Withdraw,[D] Withdraw,4th,Mun,4th,R7,
2026-02,2026,[02] February,"Lobo, Batangas",[1] Live,[A] Live,3rd,Mun,3rd,R4A,v1
2026-02,2026,[02] February,"Lopez, Quezon",[1] Live,[A] Live,1st,Mun,1st,R4A,v1
2026-02,2026,[02] February,"Candijay, Bohol",[6] With Concerns,[C] For Training/Others,4th,Mun,4th,R7,v1
2026-02,2026,[02] February,"Lumban, Laguna",[1] Live,[A] Live,3rd,Mun,3rd,R4A,v1
2026-02,2026,[02] February,"Mabini, Batangas",[1] Live,[A] Live,1st,Mun,1st,R4A,v1
2026-02,2026,[02] February,"Magallanes, Cavite",[1] Live,[A] Live,4th,Mun,4th,R4A,v1
2026-02,2026,[02] February,"City of Talisay, Cebu",[8] Withdraw,[D] Withdraw,3rd,City,3rd,R7,
2026-02,2026,[02] February,"Maragondon, Cavite",[1] Live,[A] Live,3rd,Mun,3rd,R4A,v1
2026-02,2026,[02] February,"Consolacion, Cebu",[8] Withdraw,[D] Withdraw,1st,Mun,1st,R7,
2026-02,2026,[02] February,"Mataasnakahoy, Batangas",[1] Live,[A] Live,4th,Mun,4th,R4A,v1
2026-02,2026,[02] February,"Mauban, Quezon",[1] Live,[A] Live,1st,Mun,1st,R4A,v1
2026-02,2026,[02] February,"Cortes, Bohol",[2] UAT,[B] Developmental,5th,Mun,5th,R7,v1
2026-02,2026,[02] February,"Naic, Cavite",[1] Live,[A] Live,1st,Mun,1st,R4A,v1
2026-02,2026,[02] February,"Noveleta, Cavite",[1] Live,[A] Live,3rd,Mun,3rd,R4A,v1
2026-02,2026,[02] February,"Padre Burgos, Quezon",[1] Live,[A] Live,4th,Mun,4th,R4A,v1
2026-02,2026,[02] February,"Paete, Laguna",[1] Live,[A] Live,4th,Mun,4th,R4A,v1
2026-02,2026,[02] February,"Inabanga, Bohol",[8] Withdraw,[D] Withdraw,3rd,Mun,3rd,R7,
2026-02,2026,[02] February,"Panukulan, Quezon",[1] Live,[A] Live,4th,Mun,4th,R4A,v1
2026-02,2026,[02] February,"Lila, Bohol",[8] Withdraw,[D] Withdraw,5th,Mun,5th,R7,
2026-02,2026,[02] February,"Loay, Bohol",[6] With Concerns,[C] For Training/Others,5th,Mun,5th,R7,v1
2026-02,2026,[02] February,"Perez, Quezon",[1] Live,[A] Live,5th,Mun,5th,R4A,v1
2026-02,2026,[02] February,"Pitogo, Quezon",[1] Live,[A] Live,4th,Mun,4th,R4A,v1
2026-02,2026,[02] February,"Polillo, Quezon",[1] Live,[A] Live,3rd,Mun,3rd,R4A,v1
2026-02,2026,[02] February,"Quezon, Quezon",[1] Live,[A] Live,5th,Mun,5th,R4A,v1
2026-02,2026,[02] February,"Real, Quezon",[1] Live,[A] Live,1st,Mun,1st,R4A,v1
2026-02,2026,[02] February,"Rizal, Laguna",[1] Live,[A] Live,5th,Mun,5th,R4A,with v1 v2
2026-02,2026,[02] February,"Rosario, Cavite",[1] Live,[A] Live,1st,Mun,1st,R4A,v1
2026-02,2026,[02] February,"Sampaloc, Quezon",[1] Live,[A] Live,5th,Mun,5th,R4A,v1
2026-02,2026,[02] February,"San Antonio, Quezon",[1] Live,[A] Live,4th,Mun,4th,R4A,v1
2026-02,2026,[02] February,"San Luis, Batangas",[1] Live,[A] Live,4th,Mun,4th,R4A,v1
2026-02,2026,[02] February,"Santa Fe, Cebu",[8] Withdraw,[D] Withdraw,4th,Mun,4th,R7,
2026-02,2026,[02] February,"San Nicolas, Batangas",[1] Live,[A] Live,5th,Mun,5th,R4A,v1
2026-02,2026,[02] February,"San Pascual, Batangas",[1] Live,[A] Live,1st,Mun,1st,R4A,v1
2026-02,2026,[02] February,"Santa Teresita, Batangas",[1] Live,[A] Live,5th,Mun,5th,R4A,v1
2026-02,2026,[02] February,"Siniloan, Laguna",[1] Live,[A] Live,2nd,Mun,2nd,R4A,v1
2026-02,2026,[02] February,"Taal, Batangas",[1] Live,[A] Live,3rd,Mun,3rd,R4A,v1
2026-02,2026,[02] February,"Tanay, Rizal",[1] Live,[A] Live,1st,Mun,1st,R4A,v1
2026-02,2026,[02] February,"Tanza, Cavite",[1] Live,[A] Live,1st,Mun,1st,R4A,v1
2026-02,2026,[02] February,"Taysan, Batangas",[1] Live,[A] Live,2nd,Mun,2nd,R4A,v1
2026-02,2026,[02] February,"Tuy, Batangas",[1] Live,[A] Live,3rd,Mun,3rd,R4A,v1
2026-02,2026,[02] February,"Unisan, Quezon",[1] Live,[A] Live,4th,Mun,4th,R4A,v1
2026-02,2026,[02] February,"Aborlan, Palawan",[1] Live,[A] Live,1st,Mun,1st,R4B,v1
2026-02,2026,[02] February,"Babatngon, Leyte",[8] Withdraw,[D] Withdraw,4th,Mun,4th,R8,
2026-02,2026,[02] February,"Abra De Ilog, Occidental Mindoro",[1] Live,[A] Live,2nd,Mun,2nd,R4B,v1
2026-02,2026,[02] February,"Alcantara, Romblon",[1] Live,[A] Live,5th,Mun,5th,R4B,v1
2026-02,2026,[02] February,"Barugo, Leyte",[8] Withdraw,[D] Withdraw,4th,Mun,4th,R8,
2026-02,2026,[02] February,"Baco, Oriental Mindoro",[1] Live,[A] Live,3rd,Mun,3rd,R4B,v1
2026-02,2026,[02] February,"Bansud, Oriental Mindoro",[1] Live,[A] Live,2nd,Mun,2nd,R4B,v1
2026-02,2026,[02] February,"Banton, Romblon",[1] Live,[A] Live,5th,Mun,5th,R4B,v1
2026-02,2026,[02] February,"Bataraza, Palawan",[1] Live,[A] Live,1st,Mun,1st,R4B,v1
2026-02,2026,[02] February,"Bongabong, Oriental Mindoro",[1] Live,[A] Live,1st,Mun,1st,R4B,v1
2026-02,2026,[02] February,"Brooke's Point, Palawan",[1] Live,[A] Live,1st,Mun,1st,R4B,v1
2026-02,2026,[02] February,"Buenavista, Marinduque",[1] Live,[A] Live,4th,Mun,4th,R4B,v1
2026-02,2026,[02] February,"Bulalacao, Oriental Mindoro",[1] Live,[A] Live,3rd,Mun,3rd,R4B,v1
2026-02,2026,[02] February,"Busuanga, Palawan",[1] Live,[A] Live,3rd,Mun,3rd,R4B,v1
2026-02,2026,[02] February,"Capoocan, Leyte",[8] Withdraw,[D] Withdraw,4th,Mun,4th,R8,
2026-02,2026,[02] February,"Cagayancillo, Palawan",[1] Live,[A] Live,6th,Mun,6th,R4B,v1
2026-02,2026,[02] February,"Catarman, Northern Samar",[8] Withdraw,[D] Withdraw,1st,Mun,1st,R8,
2026-02,2026,[02] February,"Cajidiocan, Romblon",[1] Live,[A] Live,4th,Mun,4th,R4B,v1
2026-02,2026,[02] February,"Calatrava, Romblon",[1] Live,[A] Live,5th,Mun,5th,R4B,v1
2026-02,2026,[02] February,"Calintaan, Occidental Mindoro",[1] Live,[A] Live,3rd,Mun,3rd,R4B,v1
2026-02,2026,[02] February,"Coron, Palawan",[1] Live,[A] Live,1st,Mun,1st,R4B,v1
2026-02,2026,[02] February,"Culion, Palawan",[1] Live,[A] Live,3rd,Mun,3rd,R4B,v1
2026-02,2026,[02] February,"El Nido, Palawan",[1] Live,[A] Live,1st,Mun,1st,R4B,v1
2026-02,2026,[02] February,"Ferrol, Romblon",[1] Live,[A] Live,6th,Mun,6th,R4B,v1
2026-02,2026,[02] February,"Gloria, Oriental Mindoro",[1] Live,[A] Live,3rd,Mun,3rd,R4B,v1
2026-02,2026,[02] February,"Kalayaan, Palawan",[1] Live,[A] Live,5th,Mun,5th,R4B,v1
2026-02,2026,[02] February,"Looc, Occidental Mindoro",[1] Live,[A] Live,5th,Mun,5th,R4B,v1
2026-02,2026,[02] February,"Looc, Romblon",[1] Live,[A] Live,4th,Mun,4th,R4B,v1
2026-02,2026,[02] February,"Lubang, Occidental Mindoro",[1] Live,[A] Live,4th,Mun,4th,R4B,v1
2026-02,2026,[02] February,"Magsaysay, Occidental Mindoro",[1] Live,[A] Live,3rd,Mun,3rd,R4B,v1
2026-02,2026,[02] February,"Mamburao, Occidental Mindoro",[1] Live,[A] Live,2nd,Mun,2nd,R4B,v1
2026-02,2026,[02] February,"Mansalay, Oriental Mindoro",[1] Live,[A] Live,2nd,Mun,2nd,R4B,v1
2026-02,2026,[02] February,"Narra, Palawan",[1] Live,[A] Live,1st,Mun,1st,R4B,v1
2026-02,2026,[02] February,"Naujan, Oriental Mindoro",[1] Live,[A] Live,1st,Mun,1st,R4B,v1
2026-02,2026,[02] February,"Paluan, Occidental Mindoro",[1] Live,[A] Live,3rd,Mun,3rd,R4B,v1
2026-02,2026,[02] February,"Pinamalayan, Oriental Mindoro",[1] Live,[A] Live,1st,Mun,1st,R4B,v1
2026-02,2026,[02] February,"Pola, Oriental Mindoro",[1] Live,[A] Live,3rd,Mun,3rd,R4B,v1
2026-02,2026,[02] February,"Quezon, Palawan",[1] Live,[A] Live,1st,Mun,1st,R4B,v1
2026-02,2026,[02] February,"Rizal, Occidental Mindoro",[1] Live,[A] Live,3rd,Mun,3rd,R4B,v1
2026-02,2026,[02] February,"Rizal, Palawan",[1] Live,[A] Live,1st,Mun,1st,R4B,v1
2026-02,2026,[02] February,"Roxas, Oriental Mindoro",[1] Live,[A] Live,2nd,Mun,2nd,R4B,v1
2026-02,2026,[02] February,"Roxas, Palawan",[1] Live,[A] Live,1st,Mun,1st,R4B,v1
2026-02,2026,[02] February,"Sablayan, Occidental Mindoro",[1] Live,[A] Live,1st,Mun,1st,R4B,v1
2026-02,2026,[02] February,"San Andres, Romblon",[1] Live,[A] Live,5th,Mun,5th,R4B,v1
2026-02,2026,[02] February,"San Fernando, Romblon",[1] Live,[A] Live,4th,Mun,4th,R4B,v1
2026-02,2026,[02] February,"San Jose, Occidental Mindoro",[1] Live,[A] Live,1st,Mun,1st,R4B,v1
2026-02,2026,[02] February,"San Jose, Romblon",[1] Live,[A] Live,5th,Mun,5th,R4B,v1
2026-02,2026,[02] February,"San Teodoro, Oriental Mindoro",[1] Live,[A] Live,4th,Mun,4th,R4B,v1
2026-02,2026,[02] February,"San Vicente, Palawan",[1] Live,[A] Live,1st,Mun,1st,R4B,v1
2026-02,2026,[02] February,"Santa Cruz, Marinduque",[1] Live,[A] Live,1st,Mun,1st,R4B,v1
2026-02,2026,[02] February,"Santa Cruz, Occidental Mindoro",[1] Live,[A] Live,1st,Mun,1st,R4B,v1
2026-02,2026,[02] February,"Santa Fe, Romblon",[1] Live,[A] Live,5th,Mun,5th,R4B,v1
2026-02,2026,[02] February,"Socorro, Oriental Mindoro",[1] Live,[A] Live,3rd,Mun,3rd,R4B,v1
2026-02,2026,[02] February,"Taytay, Palawan",[1] Live,[A] Live,1st,Mun,1st,R4B,v1
2026-02,2026,[02] February,"Aroroy, Masbate",[1] Live,[A] Live,1st,Mun,1st,R5,v1
2026-02,2026,[02] February,"Maripipi, Biliran",[2] UAT,[B] Developmental,5th,Mun,5th,R8,v1
2026-02,2026,[02] February,"Bacacay, Albay",[1] Live,[A] Live,2nd,Mun,2nd,R5,v1
2026-02,2026,[02] February,"Barcelona, Sorsogon",[1] Live,[A] Live,5th,Mun,5th,R5,v1
2026-02,2026,[02] February,"Basud, Camarines Norte",[1] Live,[A] Live,3rd,Mun,3rd,R5,v1
2026-02,2026,[02] February,"Bula, Camarines Sur",[1] Live,[A] Live,2nd,Mun,2nd,R5,v1
2026-02,2026,[02] February,"Bulan, Sorsogon",[1] Live,[A] Live,1st,Mun,1st,R5,v1
2026-02,2026,[02] February,"Bulusan, Sorsogon",[1] Live,[A] Live,4th,Mun,4th,R5,v1
2026-02,2026,[02] February,"Camalig, Albay",[1] Live,[A] Live,1st,Mun,1st,R5,v1
2026-02,2026,[02] February,"Camaligan, Camarines Sur",[1] Live,[A] Live,5th,Mun,5th,R5,v1
2026-02,2026,[02] February,"Canaman, Camarines Sur",[1] Live,[A] Live,4th,Mun,4th,R5,v1
2026-02,2026,[02] February,"Capalonga, Camarines Norte",[1] Live,[A] Live,3rd,Mun,3rd,R5,v1
2026-02,2026,[02] February,"Cataingan, Masbate",[1] Live,[A] Live,2nd,Mun,2nd,R5,v1
2026-02,2026,[02] February,"Cawayan, Masbate",[1] Live,[A] Live,2nd,Mun,2nd,R5,v1
2026-02,2026,[02] February,"Del Gallego, Camarines Sur",[1] Live,[A] Live,4th,Mun,4th,R5,v1
2026-02,2026,[02] February,"Palompon, Leyte",[8] Withdraw,[D] Withdraw,2nd,Mun,2nd,R8,
2026-02,2026,[02] February,"Dimasalang, Masbate",[1] Live,[A] Live,4th,Mun,4th,R5,v1
2026-02,2026,[02] February,"Gubat, Sorsogon",[1] Live,[A] Live,2nd,Mun,2nd,R5,v1
2026-02,2026,[02] February,"Jose Panganiban, Camarines Norte",[1] Live,[A] Live,2nd,Mun,2nd,R5,v1
2026-02,2026,[02] February,"Labo, Camarines Norte",[1] Live,[A] Live,1st,Mun,1st,R5,v1
2026-02,2026,[02] February,"Libon, Albay",[1] Live,[A] Live,1st,Mun,1st,R5,v1
2026-02,2026,[02] February,"Magarao, Camarines Sur",[1] Live,[A] Live,4th,Mun,4th,R5,with v1 v2
2026-02,2026,[02] February,"Malilipot, Albay",[1] Live,[A] Live,4th,Mun,4th,R5,v1
2026-02,2026,[02] February,"Mandaon, Masbate",[1] Live,[A] Live,3rd,Mun,3rd,R5,v1
2026-02,2026,[02] February,"Mercedes, Camarines Norte",[1] Live,[A] Live,2nd,Mun,2nd,R5,v1
2026-02,2026,[02] February,"Milagros, Masbate",[1] Live,[A] Live,1st,Mun,1st,R5,v1
2026-02,2026,[02] February,"Minalabac, Camarines Sur",[1] Live,[A] Live,3rd,Mun,3rd,R5,v1
2026-02,2026,[02] February,"Mobo, Masbate",[1] Live,[A] Live,4th,Mun,4th,R5,v1
2026-02,2026,[02] February,"Monreal, Masbate",[1] Live,[A] Live,4th,Mun,4th,R5,v1
2026-02,2026,[02] February,"Oas, Albay",[1] Live,[A] Live,1st,Mun,1st,R5,v1
2026-02,2026,[02] February,"Palanas, Masbate",[1] Live,[A] Live,4th,Mun,4th,R5,v1
2026-02,2026,[02] February,"San Miguel, Leyte",[8] Withdraw,[D] Withdraw,4th,Mun,4th,R8,
2026-02,2026,[02] February,"Panganiban, Catanduanes",[1] Live,[A] Live,5th,Mun,5th,R5,v1
2026-02,2026,[02] February,"Paracale, Camarines Norte",[1] Live,[A] Live,3rd,Mun,3rd,R5,v1
2026-02,2026,[02] February,"Pilar, Sorsogon",[1] Live,[A] Live,1st,Mun,1st,R5,v1
2026-02,2026,[02] February,"Presentacion, Camarines Sur",[1] Live,[A] Live,4th,Mun,4th,R5,with v1 v2
2026-02,2026,[02] February,"Santa Fe, Leyte",[6] With Concerns,[C] For Training/Others,5th,Mun,5th,R8,v1
2026-02,2026,[02] February,"Ragay, Camarines Sur",[1] Live,[A] Live,1st,Mun,1st,R5,v1
2026-02,2026,[02] February,"Sagñay, Camarines Sur",[1] Live,[A] Live,4th,Mun,4th,R5,v1
2026-02,2026,[02] February,"San Jose, Camarines Sur",[1] Live,[A] Live,4th,Mun,4th,R5,with v1 v2
2026-02,2026,[02] February,"San Vicente, Camarines Norte",[1] Live,[A] Live,5th,Mun,5th,R5,v1
2026-02,2026,[02] February,"Santa Elena, Camarines Norte",[1] Live,[A] Live,3rd,Mun,3rd,R5,v1
2026-02,2026,[02] February,"Talisay, Camarines Norte",[1] Live,[A] Live,4th,Mun,4th,R5,v1
2026-02,2026,[02] February,"Uson, Masbate",[1] Live,[A] Live,3rd,Mun,3rd,R5,v1
2026-02,2026,[02] February,"Tagapul-An, Samar",[8] Withdraw,[D] Withdraw,5th,Mun,5th,R8,
2026-02,2026,[02] February,"Vinzons, Camarines Norte",[1] Live,[A] Live,3rd,Mun,3rd,R5,v1
2026-02,2026,[02] February,"Virac, Catanduanes",[1] Live,[A] Live,1st,Mun,1st,R5,v1
2026-02,2026,[02] February,"Ajuy, Iloilo",[1] Live,[A] Live,2nd,Mun,2nd,R6,v1
2026-02,2026,[02] February,"Tunga, Leyte",[8] Withdraw,[D] Withdraw,6th,Mun,6th,R8,
2026-02,2026,[02] February,"Alimodian, Iloilo",[1] Live,[A] Live,3rd,Mun,3rd,R6,v1
2026-02,2026,[02] February,"Anilao, Iloilo",[1] Live,[A] Live,4th,Mun,4th,R6,v1
2026-02,2026,[02] February,"Anini-Y, Antique",[1] Live,[A] Live,4th,Mun,4th,R6,v1
2026-02,2026,[02] February,"Badiangan, Iloilo",[1] Live,[A] Live,4th,Mun,4th,R6,v1
2026-02,2026,[02] February,"Balasan, Iloilo",[1] Live,[A] Live,4th,Mun,4th,R6,v1
2026-02,2026,[02] February,"Balete, Aklan",[1] Live,[A] Live,4th,Mun,4th,R6,v1
2026-02,2026,[02] February,"Banate, Iloilo",[1] Live,[A] Live,4th,Mun,4th,R6,v1
2026-02,2026,[02] February,"Barbaza, Antique",[1] Live,[A] Live,4th,Mun,4th,R6,v1
2026-02,2026,[02] February,"Barotac Nuevo, Iloilo",[1] Live,[A] Live,2nd,Mun,2nd,R6,v1
2026-02,2026,[02] February,"Barotac Viejo, Iloilo",[1] Live,[A] Live,3rd,Mun,3rd,R6,v1
2026-02,2026,[02] February,"Batad, Iloilo",[1] Live,[A] Live,5th,Mun,5th,R6,v1
2026-02,2026,[02] February,"Belison, Antique",[1] Live,[A] Live,5th,Mun,5th,R6,v1
2026-02,2026,[02] February,"Bingawan, Iloilo",[1] Live,[A] Live,5th,Mun,5th,R6,v1
2026-02,2026,[02] February,"Bugasong, Antique",[1] Live,[A] Live,3rd,Mun,3rd,R6,v1
2026-02,2026,[02] February,"Buruanga, Aklan",[1] Live,[A] Live,5th,Mun,5th,R6,v1
2026-02,2026,[02] February,"Cabatuan, Iloilo",[1] Live,[A] Live,2nd,Mun,2nd,R6,v1
2026-02,2026,[02] February,"Calinog, Iloilo",[1] Live,[A] Live,1st,Mun,1st,R6,v1
2026-02,2026,[02] February,"Carles, Iloilo",[1] Live,[A] Live,2nd,Mun,2nd,R6,v1
2026-02,2026,[02] February,"City of Iloilo, Iloilo",[1] Live,[A] Live,1st,City,1st,R6,v1
2026-02,2026,[02] February,"Concepcion, Iloilo",[1] Live,[A] Live,3rd,Mun,3rd,R6,v1
2026-02,2026,[02] February,"Concepcion, Romblon",[8] Withdraw,[D] Withdraw,6th,Mun,6th,R4B,
2026-02,2026,[02] February,"Cuartero, Capiz",[1] Live,[A] Live,4th,Mun,4th,R6,v1
2026-02,2026,[02] February,"Dingle, Iloilo",[1] Live,[A] Live,3rd,Mun,3rd,R6,v1
2026-02,2026,[02] February,"Dueñas, Iloilo",[1] Live,[A] Live,4th,Mun,4th,R6,v1
2026-02,2026,[02] February,"Dumarao, Capiz",[1] Live,[A] Live,2nd,Mun,2nd,R6,v1
2026-02,2026,[02] February,"Guimbal, Iloilo",[1] Live,[A] Live,4th,Mun,4th,R6,v1
2026-02,2026,[02] February,"Hamtic, Antique",[1] Live,[A] Live,3rd,Mun,3rd,R6,v1
2026-02,2026,[02] February,"Igbaras, Iloilo",[1] Live,[A] Live,3rd,Mun,3rd,R6,v1
2026-02,2026,[02] February,"Ivisan, Capiz",[1] Live,[A] Live,4th,Mun,4th,R6,v1
2026-02,2026,[02] February,"Jamindan, Capiz",[1] Live,[A] Live,2nd,Mun,2nd,R6,v1
2026-02,2026,[02] February,"Janiuay, Iloilo",[1] Live,[A] Live,1st,Mun,1st,R6,v1
2026-02,2026,[02] February,"Jordan, Guimaras",[1] Live,[A] Live,3rd,Mun,3rd,R6,v1
2026-02,2026,[02] February,"Lambunao, Iloilo",[1] Live,[A] Live,1st,Mun,1st,R6,v1
2026-02,2026,[02] February,"Mogpog, Marinduque",[6] With Concerns,[C] For Training/Others,3rd,Mun,3rd,R4B,v1
2026-02,2026,[02] February,"Laua-An, Antique",[1] Live,[A] Live,4th,Mun,4th,R6,v1
2026-02,2026,[02] February,"Leganes, Iloilo",[1] Live,[A] Live,4th,Mun,4th,R6,v1
2026-02,2026,[02] February,"Leon, Iloilo",[1] Live,[A] Live,2nd,Mun,2nd,R6,v1
2026-02,2026,[02] February,"Lezo, Aklan",[1] Live,[A] Live,5th,Mun,5th,R6,v1
2026-02,2026,[02] February,"Libacao, Aklan",[1] Live,[A] Live,3rd,Mun,3rd,R6,v1
2026-02,2026,[02] February,"Puerto Galera, Oriental Mindoro",[8] Withdraw,[D] Withdraw,1st,Mun,1st,R4B,
2026-02,2026,[02] February,"Libertad, Antique",[1] Live,[A] Live,5th,Mun,5th,R6,v1
2026-02,2026,[02] February,"Ma-Ayon, Capiz",[1] Live,[A] Live,3rd,Mun,3rd,R6,v1
2026-02,2026,[02] February,"Maasin, Iloilo",[1] Live,[A] Live,3rd,Mun,3rd,R6,v1
2026-02,2026,[02] February,"Madalag, Aklan",[1] Live,[A] Live,4th,Mun,4th,R6,v1
2026-02,2026,[02] February,"Makato, Aklan",[1] Live,[A] Live,4th,Mun,4th,R6,v1
2026-02,2026,[02] February,"Malay, Aklan",[1] Live,[A] Live,1st,Mun,1st,R6,v1
2026-02,2026,[02] February,"Malinao, Aklan",[1] Live,[A] Live,4th,Mun,4th,R6,v1
2026-02,2026,[02] February,"Mambusao, Capiz",[1] Live,[A] Live,3rd,Mun,3rd,R6,v1
2026-02,2026,[02] February,"Miagao, Iloilo",[1] Live,[A] Live,1st,Mun,1st,R6,v1
2026-02,2026,[02] February,"Mina, Iloilo",[1] Live,[A] Live,5th,Mun,5th,R6,v1
2026-02,2026,[02] February,"New Lucena, Iloilo",[1] Live,[A] Live,4th,Mun,4th,R6,v1
2026-02,2026,[02] February,"New Washington, Aklan",[1] Live,[A] Live,3rd,Mun,3rd,R6,v1
2026-02,2026,[02] February,"Numancia, Aklan",[1] Live,[A] Live,4th,Mun,4th,R6,v1
2026-02,2026,[02] February,"Oton, Iloilo",[1] Live,[A] Live,1st,Mun,1st,R6,v1
2026-02,2026,[02] February,"Panay, Capiz",[1] Live,[A] Live,3rd,Mun,3rd,R6,v1
2026-02,2026,[02] February,"Pandan, Antique",[1] Live,[A] Live,4th,Mun,4th,R6,v1
2026-02,2026,[02] February,"Panitan, Capiz",[1] Live,[A] Live,3rd,Mun,3rd,R6,v1
2026-02,2026,[02] February,"Patnongon, Antique",[1] Live,[A] Live,3rd,Mun,3rd,R6,v1
2026-02,2026,[02] February,"Pilar, Capiz",[1] Live,[A] Live,3rd,Mun,3rd,R6,v1
2026-02,2026,[02] February,"Pontevedra, Capiz",[1] Live,[A] Live,3rd,Mun,3rd,R6,v1
2026-02,2026,[02] February,"Pototan, Iloilo",[1] Live,[A] Live,1st,Mun,1st,R6,v1
2026-02,2026,[02] February,"President Roxas, Capiz",[1] Live,[A] Live,4th,Mun,4th,R6,v1
2026-02,2026,[02] February,"San Joaquin, Iloilo",[1] Live,[A] Live,2nd,Mun,2nd,R6,v1
2026-02,2026,[02] February,"San Miguel, Iloilo",[1] Live,[A] Live,4th,Mun,4th,R6,v1
2026-02,2026,[02] February,"San Remigio, Antique",[1] Live,[A] Live,3rd,Mun,3rd,R6,v1
2026-02,2026,[02] February,"Santa Barbara, Iloilo",[1] Live,[A] Live,2nd,Mun,2nd,R6,v1
2026-02,2026,[02] February,"Sapi-An, Capiz",[1] Live,[A] Live,4th,Mun,4th,R6,v1
2026-02,2026,[02] February,"Itogon, Benguet",[8] Withdraw,[D] Withdraw,1st,Mun,1st,CAR,
2026-02,2026,[02] February,"Sara, Iloilo",[1] Live,[A] Live,2nd,Mun,2nd,R6,v1
2026-02,2026,[02] February,"Sebaste, Antique",[1] Live,[A] Live,4th,Mun,4th,R6,v1
2026-02,2026,[02] February,"Sibalom, Antique",[1] Live,[A] Live,2nd,Mun,2nd,R6,v1
2026-02,2026,[02] February,"Zarraga, Iloilo",[1] Live,[A] Live,4th,Mun,4th,R6,v1
2026-02,2026,[02] February,"Tangalan, Aklan",[1] Live,[A] Live,5th,Mun,5th,R6,v1
2026-02,2026,[02] February,"Tapaz, Capiz",[1] Live,[A] Live,1st,Mun,1st,R6,v1
2026-02,2026,[02] February,"Tibiao, Antique",[1] Live,[A] Live,4th,Mun,4th,R6,v1
2026-02,2026,[02] February,"Tobias Fornier, Antique",[1] Live,[A] Live,4th,Mun,4th,R6,v1
2026-02,2026,[02] February,"Valderrama, Antique",[1] Live,[A] Live,4th,Mun,4th,R6,v1
2026-02,2026,[02] February,"Alcantara, Cebu",[1] Live,[A] Live,5th,Mun,5th,R7,v1
2026-02,2026,[02] February,"Alcoy, Cebu",[1] Live,[A] Live,5th,Mun,5th,R7,v1
2026-02,2026,[02] February,"Alegria, Cebu",[1] Live,[A] Live,4th,Mun,4th,R7,v1
2026-02,2026,[02] February,"Aloguinsan, Cebu",[1] Live,[A] Live,4th,Mun,4th,R7,v1
2026-02,2026,[02] February,"Argao, Cebu",[1] Live,[A] Live,1st,Mun,1st,R7,v1
2026-02,2026,[02] February,"Balamban, Cebu",[1] Live,[A] Live,1st,Mun,1st,R7,v1
2026-02,2026,[02] February,"Abucay, Bataan",[8] Withdraw,[D] Withdraw,3rd,Mun,3rd,R3,
2026-02,2026,[02] February,"Boljoon, Cebu",[1] Live,[A] Live,5th,Mun,5th,R7,v1
2026-02,2026,[02] February,"Buenavista, Bohol",[1] Live,[A] Live,4th,Mun,4th,R7,v1
2026-02,2026,[02] February,"Carmen, Bohol",[1] Live,[A] Live,1st,Mun,1st,R7,v1
2026-02,2026,[02] February,"Catmon, Cebu",[1] Live,[A] Live,4th,Mun,4th,R7,v1
2026-02,2026,[02] February,"City of Mandaue, Cebu",[1] Live,[A] Live,1st,City,1st,R7,v1
2026-02,2026,[02] February,"Bagac, Bataan",[3] System Setup,[B] Developmental,3rd,Mun,3rd,R3,v2
2026-02,2026,[02] February,"Compostela, Cebu",[1] Live,[A] Live,3rd,Mun,3rd,R7,v1
2026-02,2026,[02] February,"Cordova, Cebu",[1] Live,[A] Live,3rd,Mun,3rd,R7,v1
2026-02,2026,[02] February,"Corella, Bohol",[1] Live,[A] Live,5th,Mun,5th,R7,v1
2026-02,2026,[02] February,"Daanbantayan, Cebu",[1] Live,[A] Live,1st,Mun,1st,R7,v1
2026-02,2026,[02] February,"Danao, Bohol",[1] Live,[A] Live,4th,Mun,4th,R7,v1
2026-02,2026,[02] February,"Dumanjug, Cebu",[1] Live,[A] Live,3rd,Mun,3rd,R7,v1
2026-02,2026,[02] February,"Ginatilan, Cebu",[1] Live,[A] Live,5th,Mun,5th,R7,v1
2026-02,2026,[02] February,"Jagna, Bohol",[1] Live,[A] Live,3rd,Mun,3rd,R7,v1
2026-02,2026,[02] February,"Madridejos, Cebu",[1] Live,[A] Live,4th,Mun,4th,R7,v1
2026-02,2026,[02] February,"Carranglan, Nueva Ecija",[8] Withdraw,[D] Withdraw,1st,Mun,1st,R3,
2026-02,2026,[02] February,"Malabuyoc, Cebu",[1] Live,[A] Live,5th,Mun,5th,R7,v1
2026-02,2026,[02] February,"Minglanilla, Cebu",[1] Live,[A] Live,1st,Mun,1st,R7,v1
2026-02,2026,[02] February,"City of Malolos, Bulacan",[8] Withdraw,[D] Withdraw,3rd,City,3rd,R3,
2026-02,2026,[02] February,"City of Meycauayan, Bulacan",[8] Withdraw,[D] Withdraw,3rd,City,3rd,R3,
2026-02,2026,[02] February,"City of Olongapo, Zambales",[8] Withdraw,[D] Withdraw,1st,City,1st,R3,
2026-02,2026,[02] February,"Moalboal, Cebu",[1] Live,[A] Live,4th,Mun,4th,R7,v1
2026-02,2026,[02] February,"Pinamungajan, Cebu",[1] Live,[A] Live,2nd,Mun,2nd,R7,v1
2026-02,2026,[02] February,"Poro, Cebu",[1] Live,[A] Live,4th,Mun,4th,R7,v1
2026-02,2026,[02] February,"Ronda, Cebu",[1] Live,[A] Live,5th,Mun,5th,R7,v1
2026-02,2026,[02] February,"Samboan, Cebu",[1] Live,[A] Live,5th,Mun,5th,R7,v1
2026-02,2026,[02] February,"San Francisco, Cebu",[1] Live,[A] Live,3rd,Mun,3rd,R7,v1
2026-02,2026,[02] February,"San Remigio, Cebu",[1] Live,[A] Live,3rd,Mun,3rd,R7,v1
2026-02,2026,[02] February,"Sevilla, Bohol",[1] Live,[A] Live,5th,Mun,5th,R7,v1
2026-02,2026,[02] February,"Sogod, Cebu",[1] Live,[A] Live,4th,Mun,4th,R7,v1
2026-02,2026,[02] February,"Tabogon, Cebu",[1] Live,[A] Live,3rd,Mun,3rd,R7,v1
2026-02,2026,[02] February,"Tuburan, Cebu",[1] Live,[A] Live,2nd,Mun,2nd,R7,v1
2026-02,2026,[02] February,"Tudela, Cebu",[1] Live,[A] Live,5th,Mun,5th,R7,v1
2026-02,2026,[02] February,"Abuyog, Leyte",[1] Live,[A] Live,1st,Mun,1st,R8,v1
2026-02,2026,[02] February,"Alangalang, Leyte",[1] Live,[A] Live,2nd,Mun,2nd,R8,v1
2026-02,2026,[02] February,"Iba, Zambales",[8] Withdraw,[D] Withdraw,2nd,Mun,2nd,R3,
2026-02,2026,[02] February,"Albuera, Leyte",[1] Live,[A] Live,3rd,Mun,3rd,R8,v1
2026-02,2026,[02] February,"Almeria, Biliran",[1] Live,[A] Live,5th,Mun,5th,R8,v1
2026-02,2026,[02] February,"Anahawan, Southern Leyte",[1] Live,[A] Live,5th,Mun,5th,R8,v1
2026-02,2026,[02] February,"Arteche, Eastern Samar",[1] Live,[A] Live,3rd,Mun,3rd,R8,v1
2026-02,2026,[02] February,"Balangiga, Eastern Samar",[1] Live,[A] Live,4th,Mun,4th,R8,v1
2026-02,2026,[02] February,"Balangkayan, Eastern Samar",[1] Live,[A] Live,5th,Mun,5th,R8,v1
2026-02,2026,[02] February,"Basey, Samar",[1] Live,[A] Live,1st,Mun,1st,R8,v1
2026-02,2026,[02] February,"Bato, Leyte",[1] Live,[A] Live,4th,Mun,4th,R8,v1
2026-02,2026,[02] February,"Biliran, Biliran",[1] Live,[A] Live,5th,Mun,5th,R8,v1
2026-02,2026,[02] February,"Bobon, Northern Samar",[1] Live,[A] Live,4th,Mun,4th,R8,v1
2026-02,2026,[02] February,"Bontoc, Southern Leyte",[1] Live,[A] Live,4th,Mun,4th,R8,v1
2026-02,2026,[02] February,"Caibiran, Biliran",[1] Live,[A] Live,5th,Mun,5th,R8,v1
2026-02,2026,[02] February,"Calbiga, Samar",[1] Live,[A] Live,4th,Mun,4th,R8,v1
2026-02,2026,[02] February,"Morong, Bataan",[2] UAT,[B] Developmental,3rd,Mun,3rd,R3,v2
2026-02,2026,[02] February,"Calubian, Leyte",[1] Live,[A] Live,4th,Mun,4th,R8,v1
2026-02,2026,[02] February,"Can-Avid, Eastern Samar",[1] Live,[A] Live,4th,Mun,4th,R8,v1
2026-02,2026,[02] February,"Carigara, Leyte",[1] Live,[A] Live,2nd,Mun,2nd,R8,v1
2026-02,2026,[02] February,"Catubig, Northern Samar",[1] Live,[A] Live,3rd,Mun,3rd,R8,v1
2026-02,2026,[02] February,"City of Borongan, Eastern Samar",[1] Live,[A] Live,1st,City,1st,R8,v1
2026-02,2026,[02] February,"City of Catbalogan, Samar",[1] Live,[A] Live,5th,City,5th,R8,v1
2026-02,2026,[02] February,"City of Maasin, Southern Leyte",[1] Live,[A] Live,4th,City,4th,R8,v1
2026-02,2026,[02] February,"Daram, Samar",[1] Live,[A] Live,3rd,Mun,3rd,R8,v1
2026-02,2026,[02] February,"Dolores, Eastern Samar",[1] Live,[A] Live,3rd,Mun,3rd,R8,v1
2026-02,2026,[02] February,"Gamay, Northern Samar",[1] Live,[A] Live,4th,Mun,4th,R8,v1
2026-02,2026,[02] February,"Gandara, Samar",[1] Live,[A] Live,2nd,Mun,2nd,R8,v1
2026-02,2026,[02] February,"General Macarthur, Eastern Samar",[1] Live,[A] Live,5th,Mun,5th,R8,v1
2026-02,2026,[02] February,"Guiuan, Eastern Samar",[1] Live,[A] Live,2nd,Mun,2nd,R8,v1
2026-02,2026,[02] February,"Hernani, Eastern Samar",[1] Live,[A] Live,5th,Mun,5th,R8,v1
2026-02,2026,[02] February,"Hilongos, Leyte",[1] Live,[A] Live,2nd,Mun,2nd,R8,v1
2026-02,2026,[02] February,"Hindang, Leyte",[1] Live,[A] Live,5th,Mun,5th,R8,v1
2026-02,2026,[02] February,"Hinunangan, Southern Leyte",[1] Live,[A] Live,3rd,Mun,3rd,R8,v1
2026-02,2026,[02] February,"Hinundayan, Southern Leyte",[1] Live,[A] Live,5th,Mun,5th,R8,v1
2026-02,2026,[02] February,"Inopacan, Leyte",[1] Live,[A] Live,4th,Mun,4th,R8,v1
2026-02,2026,[02] February,"Isabel, Leyte",[1] Live,[A] Live,1st,Mun,1st,R8,v1
2026-02,2026,[02] February,"Jaro, Leyte",[1] Live,[A] Live,3rd,Mun,3rd,R8,v1
2026-02,2026,[02] February,"Javier, Leyte",[1] Live,[A] Live,4th,Mun,4th,R8,v1
2026-02,2026,[02] February,"Jiabong, Samar",[1] Live,[A] Live,5th,Mun,5th,R8,v1
2026-02,2026,[02] February,"Kananga, Leyte",[1] Live,[A] Live,1st,Mun,1st,R8,v1
2026-02,2026,[02] February,"Kawayan, Biliran",[1] Live,[A] Live,5th,Mun,5th,R8,v1
2026-02,2026,[02] February,"La Paz, Leyte",[1] Live,[A] Live,5th,Mun,5th,R8,v1
2026-02,2026,[02] February,"Lapinig, Northern Samar",[1] Live,[A] Live,5th,Mun,5th,R8,v1
2026-02,2026,[02] February,"Las Navas, Northern Samar",[1] Live,[A] Live,3rd,Mun,3rd,R8,v1
2026-02,2026,[02] February,"Sto. Tomas, Pampanga",[2] UAT,[B] Developmental,4th,Mun,4th,R3,v1
2026-02,2026,[02] February,"Lavezares, Northern Samar",[1] Live,[A] Live,4th,Mun,4th,R8,v1
2026-02,2026,[02] February,"Lawaan, Eastern Samar",[1] Live,[A] Live,5th,Mun,5th,R8,v1
2026-02,2026,[02] February,"Leyte, Leyte",[1] Live,[A] Live,4th,Mun,4th,R8,v1
2026-02,2026,[02] February,"Abulug, Cagayan",[8] Withdraw,[D] Withdraw,3rd,Mun,3rd,R2,
2026-02,2026,[02] February,"Libagon, Southern Leyte",[1] Live,[A] Live,5th,Mun,5th,R8,v1
2026-02,2026,[02] February,"Liloan, Southern Leyte",[1] Live,[A] Live,4th,Mun,4th,R8,v1
2026-02,2026,[02] February,"Llorente, Eastern Samar",[1] Live,[A] Live,3rd,Mun,3rd,R8,v1
2026-02,2026,[02] February,"Lope De Vega, Northern Samar",[1] Live,[A] Live,4th,Mun,4th,R8,v1
2026-02,2026,[02] February,"Macarthur, Leyte",[1] Live,[A] Live,5th,Mun,5th,R8,v1
2026-02,2026,[02] February,"Macrohon, Southern Leyte",[1] Live,[A] Live,4th,Mun,4th,R8,v1
2026-02,2026,[02] February,"Mahaplag, Leyte",[1] Live,[A] Live,4th,Mun,4th,R8,v1
2026-02,2026,[02] February,"Malitbog, Southern Leyte",[1] Live,[A] Live,4th,Mun,4th,R8,v1
2026-02,2026,[02] February,"Mapanas, Northern Samar",[1] Live,[A] Live,5th,Mun,5th,R8,v1
2026-02,2026,[02] February,"Marabut, Samar",[1] Live,[A] Live,5th,Mun,5th,R8,v1
2026-02,2026,[02] February,"Matag-Ob, Leyte",[1] Live,[A] Live,4th,Mun,4th,R8,v1
2026-02,2026,[02] February,"Matalom, Leyte",[1] Live,[A] Live,3rd,Mun,3rd,R8,v1
2026-02,2026,[02] February,"Matuguinao, Samar",[1] Live,[A] Live,5th,Mun,5th,R8,v1
2026-02,2026,[02] February,"Maydolong, Eastern Samar",[1] Live,[A] Live,4th,Mun,4th,R8,v1
2026-02,2026,[02] February,"Mayorga, Leyte",[1] Live,[A] Live,5th,Mun,5th,R8,v1
2026-02,2026,[02] February,"Mercedes, Eastern Samar",[1] Live,[A] Live,5th,Mun,5th,R8,v1
2026-02,2026,[02] February,"Merida, Leyte",[1] Live,[A] Live,5th,Mun,5th,R8,v1
2026-02,2026,[02] February,"Mondragon, Northern Samar",[1] Live,[A] Live,3rd,Mun,3rd,R8,v1
2026-02,2026,[02] February,"Motiong, Samar",[1] Live,[A] Live,4th,Mun,4th,R8,v1
2026-02,2026,[02] February,"Naval, Biliran",[1] Live,[A] Live,2nd,Mun,2nd,R8,v1
2026-02,2026,[02] February,"Oras, Eastern Samar",[1] Live,[A] Live,3rd,Mun,3rd,R8,v1
2026-02,2026,[02] February,"Padre Burgos, Southern Leyte",[1] Live,[A] Live,5th,Mun,5th,R8,v1
2026-02,2026,[02] February,"Delfin Albano, Isabela",[8] Withdraw,[D] Withdraw,4th,Mun,4th,R2,
2026-02,2026,[02] February,"Palo, Leyte",[1] Live,[A] Live,3rd,Mun,3rd,R8,v1
2026-02,2026,[02] February,"Pambujan, Northern Samar",[1] Live,[A] Live,4th,Mun,4th,R8,v1
2026-02,2026,[02] February,"Paranas, Samar",[1] Live,[A] Live,2nd,Mun,2nd,R8,v1
2026-02,2026,[02] February,"Pastrana, Leyte",[1] Live,[A] Live,5th,Mun,5th,R8,v1
2026-02,2026,[02] February,"Pinabacdao, Samar",[1] Live,[A] Live,4th,Mun,4th,R8,v1
2026-02,2026,[02] February,"Pintuyan, Southern Leyte",[1] Live,[A] Live,5th,Mun,5th,R8,v1
2026-02,2026,[02] February,"Quinapondan, Eastern Samar",[1] Live,[A] Live,5th,Mun,5th,R8,v1
2026-02,2026,[02] February,"Rosario, Northern Samar",[1] Live,[A] Live,5th,Mun,5th,R8,v1
2026-02,2026,[02] February,"Saint Bernard, Southern Leyte",[1] Live,[A] Live,4th,Mun,4th,R8,v1
2026-02,2026,[02] February,"Salcedo, Eastern Samar",[1] Live,[A] Live,5th,Mun,5th,R8,v1
2026-02,2026,[02] February,"San Antonio, Northern Samar",[1] Live,[A] Live,5th,Mun,5th,R8,v1
2026-02,2026,[02] February,"San Francisco, Southern Leyte",[1] Live,[A] Live,5th,Mun,5th,R8,v1
2026-02,2026,[02] February,"San Jorge, Samar",[1] Live,[A] Live,4th,Mun,4th,R8,v1
2026-02,2026,[02] February,"San Jose, Northern Samar",[1] Live,[A] Live,5th,Mun,5th,R8,v1
2026-02,2026,[02] February,"San Juan, Southern Leyte",[1] Live,[A] Live,5th,Mun,5th,R8,v1
2026-02,2026,[02] February,"San Julian, Eastern Samar",[1] Live,[A] Live,5th,Mun,5th,R8,v1
2026-02,2026,[02] February,"San Policarpo, Eastern Samar",[1] Live,[A] Live,5th,Mun,5th,R8,v1
2026-02,2026,[02] February,"San Ricardo, Southern Leyte",[1] Live,[A] Live,5th,Mun,5th,R8,v1
2026-02,2026,[02] February,"San Roque, Northern Samar",[1] Live,[A] Live,4th,Mun,4th,R8,v1
2026-02,2026,[02] February,"San Sebastian, Samar",[1] Live,[A] Live,6th,Mun,6th,R8,v1
2026-02,2026,[02] February,"Santa Margarita, Samar",[1] Live,[A] Live,4th,Mun,4th,R8,v1
2026-02,2026,[02] February,"Santa Rita, Samar",[1] Live,[A] Live,3rd,Mun,3rd,R8,v1
2026-02,2026,[02] February,"Silago, Southern Leyte",[1] Live,[A] Live,4th,Mun,4th,R8,v1
2026-02,2026,[02] February,"Sogod, Southern Leyte",[1] Live,[A] Live,2nd,Mun,2nd,R8,v1
2026-02,2026,[02] February,"Sulat, Eastern Samar",[1] Live,[A] Live,4th,Mun,4th,R8,v1
2026-02,2026,[02] February,"Tabontabon, Leyte",[1] Live,[A] Live,5th,Mun,5th,R8,v1
2026-02,2026,[02] February,"Taft, Eastern Samar",[1] Live,[A] Live,4th,Mun,4th,R8,v1
2026-02,2026,[02] February,"Rizal, Cagayan",[8] Withdraw,[D] Withdraw,5th,Mun,5th,R2,
2026-02,2026,[02] February,"Tarangnan, Samar",[1] Live,[A] Live,4th,Mun,4th,R8,v1
2026-02,2026,[02] February,"Tolosa, Leyte",[1] Live,[A] Live,5th,Mun,5th,R8,v1
2026-02,2026,[02] February,"Tomas Oppus, Southern Leyte",[1] Live,[A] Live,5th,Mun,5th,R8,v1
2026-02,2026,[02] February,"Victoria, Northern Samar",[1] Live,[A] Live,5th,Mun,5th,R8,v1
2026-02,2026,[02] February,"Villaba, Leyte",[1] Live,[A] Live,3rd,Mun,3rd,R8,v1
2026-02,2026,[02] February,"Villareal, Samar",[1] Live,[A] Live,4th,Mun,4th,R8,v1
2026-02,2026,[02] February,"Zumarraga, Samar",[1] Live,[A] Live,5th,Mun,5th,R8,v1
2026-02,2026,[02] February,"Aurora, Zamboanga del Sur",[1] Live,[A] Live,2nd,Mun,2nd,R9,v1
2026-02,2026,[02] February,"Bayog, Zamboanga del Sur",[1] Live,[A] Live,3rd,Mun,3rd,R9,v1
2026-02,2026,[02] February,"City of Isabela, Basilan",[1] Live,[A] Live,4th,City,4th,R9,v1
2026-02,2026,[02] February,"Dimataling, Zamboanga del Sur",[1] Live,[A] Live,4th,Mun,4th,R9,v1
2026-02,2026,[02] February,"Dinas, Zamboanga del Sur",[1] Live,[A] Live,4th,Mun,4th,R9,v1
2026-02,2026,[02] February,"Diplahan, Zamboanga Sibugay",[1] Live,[A] Live,3rd,Mun,3rd,R9,v1
2026-02,2026,[02] February,"Dumalinao, Zamboanga del Sur",[1] Live,[A] Live,4th,Mun,4th,R9,v1
2026-02,2026,[02] February,"Dumingag, Zamboanga del Sur",[1] Live,[A] Live,2nd,Mun,2nd,R9,v1
2026-02,2026,[02] February,"Godod, Zamboanga del Norte",[1] Live,[A] Live,4th,Mun,4th,R9,v1
2026-02,2026,[02] February,"Guipos, Zamboanga del Sur",[1] Live,[A] Live,4th,Mun,4th,R9,v1
2026-02,2026,[02] February,"Gutalac, Zamboanga del Norte",[1] Live,[A] Live,2nd,Mun,2nd,R9,v1
2026-02,2026,[02] February,"Imelda, Zamboanga Sibugay",[1] Live,[A] Live,4th,Mun,4th,R9,v1
2026-02,2026,[02] February,"Baao, Camarines Sur",[8] Withdraw,[D] Withdraw,3rd,Mun,3rd,R5,
2026-02,2026,[02] February,"Jose Dalman, Zamboanga del Norte",[1] Live,[A] Live,4th,Mun,4th,R9,v1
2026-02,2026,[02] February,"Baleno, Masbate",[8] Withdraw,[D] Withdraw,4th,Mun,4th,R5,
2026-02,2026,[02] February,"Balud, Masbate",[7] To Follow-up,[C] For Training/Others,4th,Mun,4th,R5,v1
2026-02,2026,[02] February,"Baras, Catanduanes",[8] Withdraw,[D] Withdraw,5th,Mun,5th,R5,
2026-02,2026,[02] February,"Josefina, Zamboanga del Sur",[1] Live,[A] Live,5th,Mun,5th,R9,v1
2026-02,2026,[02] February,"Kabasalan, Zamboanga Sibugay",[1] Live,[A] Live,2nd,Mun,2nd,R9,v1
2026-02,2026,[02] February,"Bato, Catanduanes",[8] Withdraw,[D] Withdraw,5th,Mun,5th,R5,
2026-02,2026,[02] February,"Kalawit, Zamboanga del Norte",[1] Live,[A] Live,4th,Mun,4th,R9,v1
2026-02,2026,[02] February,"Katipunan, Zamboanga del Norte",[1] Live,[A] Live,2nd,Mun,2nd,R9,v1
2026-02,2026,[02] February,"Kumalarang, Zamboanga del Sur",[1] Live,[A] Live,4th,Mun,4th,R9,v1
2026-02,2026,[02] February,"La Libertad, Zamboanga del Norte",[1] Live,[A] Live,5th,Mun,5th,R9,v1
2026-02,2026,[02] February,"Labangan, Zamboanga del Sur",[1] Live,[A] Live,3rd,Mun,3rd,R9,v1
2026-02,2026,[02] February,"Labason, Zamboanga del Norte",[1] Live,[A] Live,3rd,Mun,3rd,R9,v1
2026-02,2026,[02] February,"Lakewood, Zamboanga del Sur",[1] Live,[A] Live,4th,Mun,4th,R9,v1
2026-02,2026,[02] February,"Castilla, Sorsogon",[8] Withdraw,[D] Withdraw,3rd,Mun,3rd,R5,
2026-02,2026,[02] February,"Lapuyan, Zamboanga del Sur",[1] Live,[A] Live,3rd,Mun,3rd,R9,v1
2026-02,2026,[02] February,"Leon B. Postigo (Bacungan), Zamboanga del Norte",[1] Live,[A] Live,4th,Mun,4th,R9,v1
2026-02,2026,[02] February,"Claveria, Masbate",[8] Withdraw,[D] Withdraw,3rd,Mun,3rd,R5,
2026-02,2026,[02] February,"Daet, Camarines Norte",[5] Admin Training,[C] For Training/Others,1st,Mun,1st,R5,
2026-02,2026,[02] February,"Liloy, Zamboanga del Norte",[1] Live,[A] Live,3rd,Mun,3rd,R9,v1
2026-02,2026,[02] February,"Mahayag, Zamboanga del Sur",[1] Live,[A] Live,3rd,Mun,3rd,R9,v1
2026-02,2026,[02] February,"Goa, Camarines Sur",[6] With Concerns,[C] For Training/Others,2nd,Mun,2nd,R5,v1
2026-02,2026,[02] February,"Malangas, Zamboanga Sibugay",[1] Live,[A] Live,3rd,Mun,3rd,R9,v1
2026-02,2026,[02] February,"Guinobatan, Albay",[8] Withdraw,[D] Withdraw,1st,Mun,1st,R5,
2026-02,2026,[02] February,"Irosin, Sorsogon",[3] System Setup,[B] Developmental,2nd,Mun,2nd,R5,v2
2026-02,2026,[02] February,"Manukan, Zamboanga del Norte",[1] Live,[A] Live,3rd,Mun,3rd,R9,v1
2026-02,2026,[02] February,"Margosatubig, Zamboanga del Sur",[1] Live,[A] Live,3rd,Mun,3rd,R9,v1
2026-02,2026,[02] February,"Midsalip, Zamboanga del Sur",[1] Live,[A] Live,4th,Mun,4th,R9,v1
2026-02,2026,[02] February,"Magallanes, Sorsogon",[6] With Concerns,[C] For Training/Others,3rd,Mun,3rd,R5,v1
2026-02,2026,[02] February,"Molave, Zamboanga del Sur",[1] Live,[A] Live,1st,Mun,1st,R9,with v1 v2
2026-02,2026,[02] February,"Mutia, Zamboanga del Norte",[1] Live,[A] Live,5th,Mun,5th,R9,v1
2026-02,2026,[02] February,"Payao, Zamboanga Sibugay",[1] Live,[A] Live,3rd,Mun,3rd,R9,v1
2026-02,2026,[02] February,"Piñan, Zamboanga del Norte",[1] Live,[A] Live,4th,Mun,4th,R9,v1
2026-02,2026,[02] February,"Pitogo, Zamboanga del Sur",[1] Live,[A] Live,4th,Mun,4th,R9,v1
2026-02,2026,[02] February,"Polanco, Zamboanga del Norte",[1] Live,[A] Live,3rd,Mun,3rd,R9,v1
2026-02,2026,[02] February,"Pres. Manuel A. Roxas, Zamboanga del Norte",[1] Live,[A] Live,2nd,Mun,2nd,R9,v1
2026-02,2026,[02] February,"Ramon Magsaysay, Zamboanga del Sur",[1] Live,[A] Live,4th,Mun,4th,R9,v1
2026-02,2026,[02] February,"Rizal, Zamboanga del Norte",[1] Live,[A] Live,5th,Mun,5th,R9,v1
2026-02,2026,[02] February,"Roseller Lim, Zamboanga Sibugay",[1] Live,[A] Live,3rd,Mun,3rd,R9,v1
2026-02,2026,[02] February,"Pandan, Catanduanes",[8] Withdraw,[D] Withdraw,4th,Mun,4th,R5,
2026-02,2026,[02] February,"Salug, Zamboanga del Norte",[1] Live,[A] Live,3rd,Mun,3rd,R9,v1
2026-02,2026,[02] February,"San Miguel, Zamboanga del Sur",[1] Live,[A] Live,4th,Mun,4th,R9,v1
2026-02,2026,[02] February,"San Pablo, Zamboanga del Sur",[1] Live,[A] Live,4th,Mun,4th,R9,v1
2026-02,2026,[02] February,"Pili, Camarines Sur",[3] System Setup,[B] Developmental,1st,Mun,1st,R5,v1
2026-02,2026,[02] February,"Pio Duran, Albay",[3] System Setup,[B] Developmental,3rd,Mun,3rd,R5,v1
2026-02,2026,[02] February,"Placer, Masbate",[8] Withdraw,[D] Withdraw,2nd,Mun,2nd,R5,
2026-02,2026,[02] February,"Polangui, Albay",[8] Withdraw,[D] Withdraw,1st,Mun,1st,R5,
2026-02,2026,[02] February,"Siay, Zamboanga Sibugay",[1] Live,[A] Live,2nd,Mun,2nd,R9,v1
2026-02,2026,[02] February,"Siayan, Zamboanga del Norte",[1] Live,[A] Live,2nd,Mun,2nd,R9,with v1 v2
2026-02,2026,[02] February,"Sibutad, Zamboanga del Norte",[1] Live,[A] Live,5th,Mun,5th,R9,v1
2026-02,2026,[02] February,"Sindangan, Zamboanga del Norte",[1] Live,[A] Live,1st,Mun,1st,R9,v1
2026-02,2026,[02] February,"San Miguel, Catanduanes",[8] Withdraw,[D] Withdraw,5th,Mun,5th,R5,
2026-02,2026,[02] February,"San Pascual, Masbate",[3] System Setup,[B] Developmental,3rd,Mun,3rd,R5,v1
2026-02,2026,[02] February,"Siocon, Zamboanga del Norte",[1] Live,[A] Live,1st,Mun,1st,R9,v1
2026-02,2026,[02] February,"Sominot, Zamboanga del Sur",[1] Live,[A] Live,5th,Mun,5th,R9,v1
2026-02,2026,[02] February,"Santa Magdalena, Sorsogon",[2] UAT,[B] Developmental,5th,Mun,5th,R5,v1
2026-02,2026,[02] February,"Santo Domingo, Albay",[6] With Concerns,[C] For Training/Others,4th,Mun,4th,R5,v1
2026-02,2026,[02] February,"Tabina, Zamboanga del Sur",[1] Live,[A] Live,4th,Mun,4th,R9,v1
2026-02,2026,[02] February,"Tiwi, Albay",[8] Withdraw,[D] Withdraw,1st,Mun,1st,R5,
2026-02,2026,[02] February,"Talusan, Zamboanga Sibugay",[1] Live,[A] Live,5th,Mun,5th,R9,v1
2026-02,2026,[02] February,"Tambulig, Zamboanga del Sur",[1] Live,[A] Live,4th,Mun,4th,R9,v1
2026-02,2026,[02] February,"Tampilisan, Zamboanga del Norte",[1] Live,[A] Live,4th,Mun,4th,R9,v1
2026-02,2026,[02] February,"Sigma, Capiz",[8] Withdraw,[D] Withdraw,4th,Mun,4th,R6,
2026-02,2026,[02] February,"Tigbao, Zamboanga del Sur",[1] Live,[A] Live,5th,Mun,5th,R9,v1
2026-02,2026,[02] February,"Titay, Zamboanga Sibugay",[1] Live,[A] Live,2nd,Mun,2nd,R9,v1
2026-02,2026,[02] February,"Tukuran, Zamboanga del Sur",[1] Live,[A] Live,4th,Mun,4th,R9,v1
2026-02,2026,[02] February,"Tungawan, Zamboanga Sibugay",[1] Live,[A] Live,2nd,Mun,2nd,R9,v1
2026-02,2026,[02] February,"Vincenzo A. Sagun, Zamboanga del Sur",[1] Live,[A] Live,5th,Mun,5th,R9,v1
2026-03,2026,[03] March,"Ajuy, Iloilo",[1] Live,[A] Live,2nd,Mun,2nd,R6,v1
2026-03,2026,[03] March,"Alimodian, Iloilo",[1] Live,[A] Live,3rd,Mun,3rd,R6,v1
2026-03,2026,[03] March,"Anilao, Iloilo",[1] Live,[A] Live,4th,Mun,4th,R6,v1
2026-03,2026,[03] March,"Anini-Y, Antique",[1] Live,[A] Live,4th,Mun,4th,R6,v1
2026-03,2026,[03] March,"Badiangan, Iloilo",[1] Live,[A] Live,4th,Mun,4th,R6,v1
2026-03,2026,[03] March,"Balasan, Iloilo",[1] Live,[A] Live,4th,Mun,4th,R6,v1
2026-03,2026,[03] March,"Balete, Aklan",[1] Live,[A] Live,4th,Mun,4th,R6,v1
2026-03,2026,[03] March,"Banate, Iloilo",[1] Live,[A] Live,4th,Mun,4th,R6,v1
2026-03,2026,[03] March,"Barbaza, Antique",[1] Live,[A] Live,4th,Mun,4th,R6,v1
2026-03,2026,[03] March,"Barotac Nuevo, Iloilo",[1] Live,[A] Live,2nd,Mun,2nd,R6,v1
2026-03,2026,[03] March,"Barotac Viejo, Iloilo",[1] Live,[A] Live,3rd,Mun,3rd,R6,v1
2026-03,2026,[03] March,"Batad, Iloilo",[1] Live,[A] Live,5th,Mun,5th,R6,v1
2026-03,2026,[03] March,"Belison, Antique",[1] Live,[A] Live,5th,Mun,5th,R6,v1
2026-03,2026,[03] March,"Bingawan, Iloilo",[1] Live,[A] Live,5th,Mun,5th,R6,v1
2026-03,2026,[03] March,"Buenavista, Guimaras",[8] Withdraw,[D] Withdraw,2nd,Mun,2nd,R6,
2026-03,2026,[03] March,"Bugasong, Antique",[1] Live,[A] Live,3rd,Mun,3rd,R6,v1
2026-03,2026,[03] March,"Buruanga, Aklan",[1] Live,[A] Live,5th,Mun,5th,R6,v1
2026-03,2026,[03] March,"Cabatuan, Iloilo",[1] Live,[A] Live,2nd,Mun,2nd,R6,v1
2026-03,2026,[03] March,"Calinog, Iloilo",[1] Live,[A] Live,1st,Mun,1st,R6,v1
2026-03,2026,[03] March,"Carles, Iloilo",[1] Live,[A] Live,2nd,Mun,2nd,R6,v1
2026-03,2026,[03] March,"City of Iloilo, Iloilo",[1] Live,[A] Live,1st,City,1st,R6,v1
2026-03,2026,[03] March,"City of Roxas, Capiz",[8] Withdraw,[D] Withdraw,3rd,City,3rd,R6,
2026-03,2026,[03] March,"Concepcion, Iloilo",[1] Live,[A] Live,3rd,Mun,3rd,R6,v1
2026-03,2026,[03] March,"Cuartero, Capiz",[1] Live,[A] Live,4th,Mun,4th,R6,v1
2026-03,2026,[03] March,"Dingle, Iloilo",[1] Live,[A] Live,3rd,Mun,3rd,R6,v1
2026-03,2026,[03] March,"Dueñas, Iloilo",[1] Live,[A] Live,4th,Mun,4th,R6,v1
2026-03,2026,[03] March,"Dumarao, Capiz",[1] Live,[A] Live,2nd,Mun,2nd,R6,v1
2026-03,2026,[03] March,"Guimbal, Iloilo",[1] Live,[A] Live,4th,Mun,4th,R6,v1
2026-03,2026,[03] March,"Hamtic, Antique",[1] Live,[A] Live,3rd,Mun,3rd,R6,v1
2026-03,2026,[03] March,"Igbaras, Iloilo",[1] Live,[A] Live,3rd,Mun,3rd,R6,v1
2026-03,2026,[03] March,"Ivisan, Capiz",[1] Live,[A] Live,4th,Mun,4th,R6,v1
2026-03,2026,[03] March,"Jamindan, Capiz",[1] Live,[A] Live,2nd,Mun,2nd,R6,v1
2026-03,2026,[03] March,"Janiuay, Iloilo",[1] Live,[A] Live,1st,Mun,1st,R6,v1
2026-03,2026,[03] March,"Jordan, Guimaras",[1] Live,[A] Live,3rd,Mun,3rd,R6,v1
2026-03,2026,[03] March,"Lambunao, Iloilo",[1] Live,[A] Live,1st,Mun,1st,R6,v1
2026-03,2026,[03] March,"Laua-An, Antique",[1] Live,[A] Live,4th,Mun,4th,R6,v1
2026-03,2026,[03] March,"Leganes, Iloilo",[1] Live,[A] Live,4th,Mun,4th,R6,v1
2026-03,2026,[03] March,"Leon, Iloilo",[1] Live,[A] Live,2nd,Mun,2nd,R6,v1
2026-03,2026,[03] March,"Lezo, Aklan",[1] Live,[A] Live,5th,Mun,5th,R6,v1
2026-03,2026,[03] March,"Libacao, Aklan",[1] Live,[A] Live,3rd,Mun,3rd,R6,v1
2026-03,2026,[03] March,"Libertad, Antique",[1] Live,[A] Live,5th,Mun,5th,R6,v1
2026-03,2026,[03] March,"Ma-Ayon, Capiz",[1] Live,[A] Live,3rd,Mun,3rd,R6,v1
2026-03,2026,[03] March,"Maasin, Iloilo",[1] Live,[A] Live,3rd,Mun,3rd,R6,v1
2026-03,2026,[03] March,"Madalag, Aklan",[1] Live,[A] Live,4th,Mun,4th,R6,v1
2026-03,2026,[03] March,"Makato, Aklan",[1] Live,[A] Live,4th,Mun,4th,R6,v1
2026-03,2026,[03] March,"Malay, Aklan",[1] Live,[A] Live,1st,Mun,1st,R6,v1
2026-03,2026,[03] March,"Malinao, Aklan",[1] Live,[A] Live,4th,Mun,4th,R6,v1
2026-03,2026,[03] March,"Mambusao, Capiz",[1] Live,[A] Live,3rd,Mun,3rd,R6,v1
2026-03,2026,[03] March,"Miagao, Iloilo",[1] Live,[A] Live,1st,Mun,1st,R6,v1
2026-03,2026,[03] March,"Mina, Iloilo",[1] Live,[A] Live,5th,Mun,5th,R6,v1
2026-03,2026,[03] March,"New Lucena, Iloilo",[1] Live,[A] Live,4th,Mun,4th,R6,v1
2026-03,2026,[03] March,"New Washington, Aklan",[1] Live,[A] Live,3rd,Mun,3rd,R6,v1
2026-03,2026,[03] March,"Numancia, Aklan",[1] Live,[A] Live,4th,Mun,4th,R6,v1
2026-03,2026,[03] March,"Oton, Iloilo",[1] Live,[A] Live,1st,Mun,1st,R6,v1
2026-03,2026,[03] March,"Panay, Capiz",[1] Live,[A] Live,3rd,Mun,3rd,R6,v1
2026-03,2026,[03] March,"Pandan, Antique",[1] Live,[A] Live,4th,Mun,4th,R6,v1
2026-03,2026,[03] March,"Panitan, Capiz",[1] Live,[A] Live,3rd,Mun,3rd,R6,v1
2026-03,2026,[03] March,"Patnongon, Antique",[1] Live,[A] Live,3rd,Mun,3rd,R6,v1
2026-03,2026,[03] March,"Pavia, Iloilo",[8] Withdraw,[D] Withdraw,2nd,Mun,2nd,R6,
2026-03,2026,[03] March,"Pilar, Capiz",[1] Live,[A] Live,3rd,Mun,3rd,R6,v1
2026-03,2026,[03] March,"Pontevedra, Capiz",[1] Live,[A] Live,3rd,Mun,3rd,R6,v1
2026-03,2026,[03] March,"Pototan, Iloilo",[1] Live,[A] Live,1st,Mun,1st,R6,v1
2026-03,2026,[03] March,"President Roxas, Capiz",[1] Live,[A] Live,4th,Mun,4th,R6,v1
2026-03,2026,[03] March,"San Joaquin, Iloilo",[1] Live,[A] Live,2nd,Mun,2nd,R6,v1
2026-03,2026,[03] March,"San Miguel, Iloilo",[1] Live,[A] Live,4th,Mun,4th,R6,v1
2026-03,2026,[03] March,"San Rafael, Iloilo",[8] Withdraw,[D] Withdraw,5th,Mun,5th,R6,
2026-03,2026,[03] March,"San Remigio, Antique",[1] Live,[A] Live,3rd,Mun,3rd,R6,v1
2026-03,2026,[03] March,"Santa Barbara, Iloilo",[1] Live,[A] Live,2nd,Mun,2nd,R6,v1
2026-03,2026,[03] March,"Sapi-An, Capiz",[1] Live,[A] Live,4th,Mun,4th,R6,v1
2026-03,2026,[03] March,"Sara, Iloilo",[1] Live,[A] Live,2nd,Mun,2nd,R6,v1
2026-03,2026,[03] March,"Sebaste, Antique",[1] Live,[A] Live,4th,Mun,4th,R6,v1
2026-03,2026,[03] March,"Sibalom, Antique",[1] Live,[A] Live,2nd,Mun,2nd,R6,v1
2026-03,2026,[03] March,"Tangalan, Aklan",[1] Live,[A] Live,5th,Mun,5th,R6,v1
2026-03,2026,[03] March,"Tapaz, Capiz",[1] Live,[A] Live,1st,Mun,1st,R6,v1
2026-03,2026,[03] March,"Tibiao, Antique",[1] Live,[A] Live,4th,Mun,4th,R6,v1
2026-03,2026,[03] March,"Tobias Fornier, Antique",[1] Live,[A] Live,4th,Mun,4th,R6,v1
2026-03,2026,[03] March,"Valderrama, Antique",[1] Live,[A] Live,4th,Mun,4th,R6,v1
2026-03,2026,[03] March,"Zarraga, Iloilo",[1] Live,[A] Live,4th,Mun,4th,R6,v1
2026-03,2026,[03] March,"Alcantara, Cebu",[1] Live,[A] Live,5th,Mun,5th,R7,v1
2026-03,2026,[03] March,"Alcoy, Cebu",[1] Live,[A] Live,5th,Mun,5th,R7,v1
2026-03,2026,[03] March,"Alegria, Cebu",[1] Live,[A] Live,4th,Mun,4th,R7,v1
2026-03,2026,[03] March,"Aloguinsan, Cebu",[1] Live,[A] Live,4th,Mun,4th,R7,v1
2026-03,2026,[03] March,"Anda, Bohol",[8] Withdraw,[D] Withdraw,5th,Mun,5th,R7,
2026-03,2026,[03] March,"Argao, Cebu",[1] Live,[A] Live,1st,Mun,1st,R7,v1
2026-03,2026,[03] March,"Baclayon, Bohol",[8] Withdraw,[D] Withdraw,4th,Mun,4th,R7,
2026-03,2026,[03] March,"Balamban, Cebu",[1] Live,[A] Live,1st,Mun,1st,R7,v1
2026-03,2026,[03] March,"Balilihan, Bohol",[8] Withdraw,[D] Withdraw,4th,Mun,4th,R7,
2026-03,2026,[03] March,"Boljoon, Cebu",[1] Live,[A] Live,5th,Mun,5th,R7,v1
2026-03,2026,[03] March,"Buenavista, Bohol",[1] Live,[A] Live,4th,Mun,4th,R7,v1
2026-03,2026,[03] March,"Candijay, Bohol",[6] With Concerns,[C] For Training/Others,4th,Mun,4th,R7,v1
2026-03,2026,[03] March,"Carmen, Bohol",[1] Live,[A] Live,1st,Mun,1st,R7,v1
2026-03,2026,[03] March,"Catmon, Cebu",[1] Live,[A] Live,4th,Mun,4th,R7,v1
2026-03,2026,[03] March,"City of Mandaue, Cebu",[1] Live,[A] Live,1st,City,1st,R7,v1
2026-03,2026,[03] March,"City of Talisay, Cebu",[8] Withdraw,[D] Withdraw,3rd,City,3rd,R7,
2026-03,2026,[03] March,"Compostela, Cebu",[1] Live,[A] Live,3rd,Mun,3rd,R7,v1
2026-03,2026,[03] March,"Consolacion, Cebu",[8] Withdraw,[D] Withdraw,1st,Mun,1st,R7,
2026-03,2026,[03] March,"Cordova, Cebu",[1] Live,[A] Live,3rd,Mun,3rd,R7,v1
2026-03,2026,[03] March,"Corella, Bohol",[1] Live,[A] Live,5th,Mun,5th,R7,v1
2026-03,2026,[03] March,"Cortes, Bohol",[2] UAT,[B] Developmental,5th,Mun,5th,R7,v1
2026-03,2026,[03] March,"Daanbantayan, Cebu",[1] Live,[A] Live,1st,Mun,1st,R7,v1
2026-03,2026,[03] March,"Danao, Bohol",[1] Live,[A] Live,4th,Mun,4th,R7,v1
2026-03,2026,[03] March,"Dumanjug, Cebu",[1] Live,[A] Live,3rd,Mun,3rd,R7,v1
2026-03,2026,[03] March,"Ginatilan, Cebu",[1] Live,[A] Live,5th,Mun,5th,R7,v1
2026-03,2026,[03] March,"Inabanga, Bohol",[8] Withdraw,[D] Withdraw,3rd,Mun,3rd,R7,
2026-03,2026,[03] March,"Jagna, Bohol",[1] Live,[A] Live,3rd,Mun,3rd,R7,v1
2026-03,2026,[03] March,"Lila, Bohol",[8] Withdraw,[D] Withdraw,5th,Mun,5th,R7,
2026-03,2026,[03] March,"Loay, Bohol",[6] With Concerns,[C] For Training/Others,5th,Mun,5th,R7,v1
2026-03,2026,[03] March,"Madridejos, Cebu",[1] Live,[A] Live,4th,Mun,4th,R7,v1
2026-03,2026,[03] March,"Malabuyoc, Cebu",[1] Live,[A] Live,5th,Mun,5th,R7,v1
2026-03,2026,[03] March,"Minglanilla, Cebu",[1] Live,[A] Live,1st,Mun,1st,R7,v1
2026-03,2026,[03] March,"Moalboal, Cebu",[1] Live,[A] Live,4th,Mun,4th,R7,v1
2026-03,2026,[03] March,"Pinamungajan, Cebu",[1] Live,[A] Live,2nd,Mun,2nd,R7,v1
2026-03,2026,[03] March,"Poro, Cebu",[1] Live,[A] Live,4th,Mun,4th,R7,v1
2026-03,2026,[03] March,"Ronda, Cebu",[1] Live,[A] Live,5th,Mun,5th,R7,v1
2026-03,2026,[03] March,"Samboan, Cebu",[1] Live,[A] Live,5th,Mun,5th,R7,v1
2026-03,2026,[03] March,"San Francisco, Cebu",[1] Live,[A] Live,3rd,Mun,3rd,R7,v1
2026-03,2026,[03] March,"San Remigio, Cebu",[1] Live,[A] Live,3rd,Mun,3rd,R7,v1
2026-03,2026,[03] March,"Santa Fe, Cebu",[8] Withdraw,[D] Withdraw,4th,Mun,4th,R7,
2026-03,2026,[03] March,"Sevilla, Bohol",[1] Live,[A] Live,5th,Mun,5th,R7,v1
2026-03,2026,[03] March,"Sogod, Cebu",[1] Live,[A] Live,4th,Mun,4th,R7,v1
2026-03,2026,[03] March,"Tabogon, Cebu",[1] Live,[A] Live,3rd,Mun,3rd,R7,v1
2026-03,2026,[03] March,"Tuburan, Cebu",[1] Live,[A] Live,2nd,Mun,2nd,R7,v1
2026-03,2026,[03] March,"Tudela, Cebu",[1] Live,[A] Live,5th,Mun,5th,R7,v1
2026-03,2026,[03] March,"Adams, Ilocos Norte",[1] Live,[A] Live,5th,Mun,5th,R1,v1
2026-03,2026,[03] March,"Agoo, La Union",[1] Live,[A] Live,1st,Mun,1st,R1,with v1 v2
2026-03,2026,[03] March,"Aguilar, Pangasinan",[1] Live,[A] Live,3rd,Mun,3rd,R1,v1
2026-03,2026,[03] March,"Anda, Pangasinan",[1] Live,[A] Live,3rd,Mun,3rd,R1,with v1 v2
2026-03,2026,[03] March,"Aringay, La Union",[1] Live,[A] Live,2nd,Mun,2nd,R1,v1
2026-03,2026,[03] March,"Bacarra, Ilocos Norte",[1] Live,[A] Live,3rd,Mun,3rd,R1,v1
2026-03,2026,[03] March,"Badoc, Ilocos Norte",[1] Live,[A] Live,3rd,Mun,3rd,R1,v1
2026-03,2026,[03] March,"Bagulin, La Union",[1] Live,[A] Live,5th,Mun,5th,R1,with v1 v2
2026-03,2026,[03] March,"Balaoan, La Union",[1] Live,[A] Live,1st,Mun,1st,R1,with v1 v2
2026-03,2026,[03] March,"Balungao, Pangasinan",[1] Live,[A] Live,4th,Mun,4th,R1,v1
2026-03,2026,[03] March,"Banayoyo, Ilocos Sur",[1] Live,[A] Live,4th,Mun,4th,R1,v1
2026-03,2026,[03] March,"Bangar, La Union",[1] Live,[A] Live,3rd,Mun,3rd,R1,with v1 v2
2026-03,2026,[03] March,"Bangui, Ilocos Norte",[1] Live,[A] Live,4th,Mun,4th,R1,v1
2026-03,2026,[03] March,"Banna, Ilocos Norte",[1] Live,[A] Live,4th,Mun,4th,R1,v1
2026-03,2026,[03] March,"Bantay, Ilocos Sur",[1] Live,[A] Live,3rd,Mun,3rd,R1,v1
2026-03,2026,[03] March,"Basista, Pangasinan",[1] Live,[A] Live,4th,Mun,4th,R1,v1
2026-03,2026,[03] March,"Bautista, Pangasinan",[1] Live,[A] Live,4th,Mun,4th,R1,v1
2026-03,2026,[03] March,"Bayambang, Pangasinan",[1] Live,[A] Live,1st,Mun,1st,R1,v1
2026-03,2026,[03] March,"Binalonan, Pangasinan",[1] Live,[A] Live,1st,Mun,1st,R1,v1
2026-03,2026,[03] March,"Binmaley, Pangasinan",[1] Live,[A] Live,1st,Mun,1st,R1,v1
2026-03,2026,[03] March,"Bugallon, Pangasinan",[1] Live,[A] Live,2nd,Mun,2nd,R1,v1
2026-03,2026,[03] March,"Burgos, La Union",[1] Live,[A] Live,5th,Mun,5th,R1,v1
2026-03,2026,[03] March,"Caba, La Union",[1] Live,[A] Live,4th,Mun,4th,R1,v1
2026-03,2026,[03] March,"Calasiao, Pangasinan",[1] Live,[A] Live,1st,Mun,1st,R1,with v1 v2
2026-03,2026,[03] March,"Caoayan, Ilocos Sur",[1] Live,[A] Live,4th,Mun,4th,R1,v1
2026-03,2026,[03] March,"City of Batac, Ilocos Norte",[1] Live,[A] Live,5th,City,5th,R1,with v1 v2
2026-03,2026,[03] March,"City of Candon, Ilocos Sur",[1] Live,[A] Live,4th,City,4th,R1,v1
2026-03,2026,[03] March,"City of Laoag, Ilocos Norte",[1] Live,[A] Live,3rd,City,3rd,R1,with v1 v2
2026-03,2026,[03] March,"City of San Carlos, Pangasinan",[1] Live,[A] Live,3rd,City,3rd,R1,v1
2026-03,2026,[03] March,"City of Vigan, Ilocos Sur",[2] UAT,[B] Developmental,4th,City,4th,R1,v1
2026-03,2026,[03] March,"Dasol, Pangasinan",[1] Live,[A] Live,3rd,Mun,3rd,R1,v1
2026-03,2026,[03] March,"Dingras, Ilocos Norte",[1] Live,[A] Live,2nd,Mun,2nd,R1,with v1 v2
2026-03,2026,[03] March,"Dumalneg, Ilocos Norte",[1] Live,[A] Live,5th,Mun,5th,R1,v1
2026-03,2026,[03] March,"Infanta, Pangasinan",[1] Live,[A] Live,3rd,Mun,3rd,R1,v1
2026-03,2026,[03] March,"Laoac, Pangasinan",[1] Live,[A] Live,4th,Mun,4th,R1,v1
2026-03,2026,[03] March,"Lidlidda, Ilocos Sur",[1] Live,[A] Live,5th,Mun,5th,R1,v1
2026-03,2026,[03] March,"Lingayen, Pangasinan",[1] Live,[A] Live,1st,Mun,1st,R1,with v1 v2
2026-03,2026,[03] March,"Magsingal, Ilocos Sur",[8] Withdraw,[D] Withdraw,3rd,Mun,3rd,R1,
2026-03,2026,[03] March,"Manaoag, Pangasinan",[3] System Setup,[B] Developmental,1st,Mun,1st,R1,v2
2026-03,2026,[03] March,"Mangaldan, Pangasinan",[1] Live,[A] Live,1st,Mun,1st,R1,v1
2026-03,2026,[03] March,"Mangatarem, Pangasinan",[1] Live,[A] Live,1st,Mun,1st,R1,v1
2026-03,2026,[03] March,"Mapandan, Pangasinan",[1] Live,[A] Live,3rd,Mun,3rd,R1,v1
2026-03,2026,[03] March,"Naguilian, La Union",[1] Live,[A] Live,1st,Mun,1st,R1,v1
2026-03,2026,[03] March,"Nueva Era, Ilocos Norte",[1] Live,[A] Live,3rd,Mun,3rd,R1,v1
2026-03,2026,[03] March,"Pagudpud, Ilocos Norte",[1] Live,[A] Live,4th,Mun,4th,R1,with v1 v2
2026-03,2026,[03] March,"Pasuquin, Ilocos Norte",[1] Live,[A] Live,3rd,Mun,3rd,R1,v1
2026-03,2026,[03] March,"Piddig, Ilocos Norte",[1] Live,[A] Live,3rd,Mun,3rd,R1,v1
2026-03,2026,[03] March,"Pozorrubio, Pangasinan",[1] Live,[A] Live,1st,Mun,1st,R1,v1
2026-03,2026,[03] March,"Rosales, Pangasinan",[1] Live,[A] Live,1st,Mun,1st,R1,v1
2026-03,2026,[03] March,"Rosario, La Union",[1] Live,[A] Live,1st,Mun,1st,R1,v1
2026-03,2026,[03] March,"San Esteban, Ilocos Sur",[1] Live,[A] Live,5th,Mun,5th,R1,v1
2026-03,2026,[03] March,"San Fabian, Pangasinan",[1] Live,[A] Live,1st,Mun,1st,R1,v1
2026-03,2026,[03] March,"San Gabriel, La Union",[1] Live,[A] Live,4th,Mun,4th,R1,with v1 v2
2026-03,2026,[03] March,"San Ildefonso, Ilocos Sur",[1] Live,[A] Live,5th,Mun,5th,R1,v1
2026-03,2026,[03] March,"San Juan, Ilocos Sur",[1] Live,[A] Live,3rd,Mun,3rd,R1,v1
2026-03,2026,[03] March,"San Manuel, Pangasinan",[1] Live,[A] Live,1st,Mun,1st,R1,v1
2026-03,2026,[03] March,"San Nicolas, Ilocos Norte",[1] Live,[A] Live,2nd,Mun,2nd,R1,with v1 v2
2026-03,2026,[03] March,"San Nicolas, Pangasinan",[1] Live,[A] Live,1st,Mun,1st,R1,v1
2026-03,2026,[03] March,"San Quintin, Pangasinan",[1] Live,[A] Live,3rd,Mun,3rd,R1,v1
2026-03,2026,[03] March,"San Vicente, Ilocos Sur",[1] Live,[A] Live,5th,Mun,5th,R1,v1
2026-03,2026,[03] March,"Santa Barbara, Pangasinan",[1] Live,[A] Live,1st,Mun,1st,R1,v1
2026-03,2026,[03] March,"Santa Catalina, Ilocos Sur",[1] Live,[A] Live,5th,Mun,5th,R1,with v1 v2
2026-03,2026,[03] March,"Santa Cruz, Ilocos Sur",[1] Live,[A] Live,1st,Mun,1st,R1,with v1 v2
2026-03,2026,[03] March,"Santa Lucia, Ilocos Sur",[1] Live,[A] Live,3rd,Mun,3rd,R1,v1
2026-03,2026,[03] March,"Santa, Ilocos Sur",[1] Live,[A] Live,4th,Mun,4th,R1,v1
2026-03,2026,[03] March,"Santiago, Ilocos Sur",[1] Live,[A] Live,4th,Mun,4th,R1,v1
2026-03,2026,[03] March,"Santo Domingo, Ilocos Sur",[1] Live,[A] Live,3rd,Mun,3rd,R1,v1
2026-03,2026,[03] March,"Santo Tomas, La Union",[1] Live,[A] Live,4th,Mun,4th,R1,v1
2026-03,2026,[03] March,"Santo Tomas, Pangasinan",[1] Live,[A] Live,5th,Mun,5th,R1,v1
2026-03,2026,[03] March,"Santol, La Union",[1] Live,[A] Live,4th,Mun,4th,R1,with v1 v2
2026-03,2026,[03] March,"Sarrat, Ilocos Norte",[1] Live,[A] Live,4th,Mun,4th,R1,v1
2026-03,2026,[03] March,"Sinait, Ilocos Sur",[1] Live,[A] Live,3rd,Mun,3rd,R1,v1
2026-03,2026,[03] March,"Sison, Pangasinan",[1] Live,[A] Live,3rd,Mun,3rd,R1,v1
2026-03,2026,[03] March,"Solsona, Ilocos Norte",[1] Live,[A] Live,3rd,Mun,3rd,R1,v1
2026-03,2026,[03] March,"Sudipen, La Union",[1] Live,[A] Live,4th,Mun,4th,R1,with v1 v2
2026-03,2026,[03] March,"Suyo, Ilocos Sur",[1] Live,[A] Live,4th,Mun,4th,R1,with v1 v2
2026-03,2026,[03] March,"Tagudin, Ilocos Sur",[1] Live,[A] Live,2nd,Mun,2nd,R1,v1
2026-03,2026,[03] March,"Tayug, Pangasinan",[1] Live,[A] Live,3rd,Mun,3rd,R1,v1
2026-03,2026,[03] March,"Tubao, La Union",[1] Live,[A] Live,4th,Mun,4th,R1,v1
2026-03,2026,[03] March,"Urbiztondo, Pangasinan",[1] Live,[A] Live,3rd,Mun,3rd,R1,v1
2026-03,2026,[03] March,"Villasis, Pangasinan",[1] Live,[A] Live,1st,Mun,1st,R1,v1
2026-03,2026,[03] March,"Vintar, Ilocos Norte",[1] Live,[A] Live,1st,Mun,1st,R1,v1
2026-03,2026,[03] March,"Abucay, Bataan",[8] Withdraw,[D] Withdraw,3rd,Mun,3rd,R3,
2026-03,2026,[03] March,"Aliaga, Nueva Ecija",[1] Live,[A] Live,2nd,Mun,2nd,R3,v1
2026-03,2026,[03] March,"Anao, Tarlac",[1] Live,[A] Live,5th,Mun,5th,R3,v1
2026-03,2026,[03] March,"Apalit, Pampanga",[1] Live,[A] Live,1st,Mun,1st,R3,v1
2026-03,2026,[03] March,"Arayat, Pampanga",[1] Live,[A] Live,1st,Mun,1st,R3,v1
2026-03,2026,[03] March,"Bacolor, Pampanga",[1] Live,[A] Live,3rd,Mun,3rd,R3,v1
2026-03,2026,[03] March,"Bagac, Bataan",[3] System Setup,[B] Developmental,3rd,Mun,3rd,R3,v2
2026-03,2026,[03] March,"Baler, Aurora",[1] Live,[A] Live,3rd,Mun,3rd,R3,v1
2026-03,2026,[03] March,"Bamban, Tarlac",[1] Live,[A] Live,2nd,Mun,2nd,R3,with v1 v2
2026-03,2026,[03] March,"Bongabon, Nueva Ecija",[1] Live,[A] Live,2nd,Mun,2nd,R3,v1
2026-03,2026,[03] March,"Botolan, Zambales",[1] Live,[A] Live,1st,Mun,1st,R3,v1
2026-03,2026,[03] March,"Bustos, Bulacan",[1] Live,[A] Live,2nd,Mun,2nd,R3,with v1 v2
2026-03,2026,[03] March,"Cabangan, Zambales",[1] Live,[A] Live,4th,Mun,4th,R3,with v1 v2
2026-03,2026,[03] March,"Cabiao, Nueva Ecija",[1] Live,[A] Live,1st,Mun,1st,R3,with v1 v2
2026-03,2026,[03] March,"Camiling, Tarlac",[1] Live,[A] Live,1st,Mun,1st,R3,v1
2026-03,2026,[03] March,"Candaba, Pampanga",[1] Live,[A] Live,1st,Mun,1st,R3,with v1 v2
2026-03,2026,[03] March,"Carranglan, Nueva Ecija",[8] Withdraw,[D] Withdraw,1st,Mun,1st,R3,
2026-03,2026,[03] March,"Casiguran, Aurora",[1] Live,[A] Live,2nd,Mun,2nd,R3,v1
2026-03,2026,[03] March,"Castillejos, Zambales",[1] Live,[A] Live,3rd,Mun,3rd,R3,v1
2026-03,2026,[03] March,"City of Malolos, Bulacan",[8] Withdraw,[D] Withdraw,3rd,City,3rd,R3,
2026-03,2026,[03] March,"City of Meycauayan, Bulacan",[8] Withdraw,[D] Withdraw,3rd,City,3rd,R3,
2026-03,2026,[03] March,"City of Olongapo, Zambales",[8] Withdraw,[D] Withdraw,1st,City,1st,R3,
2026-03,2026,[03] March,"City of Palayan, Nueva Ecija",[1] Live,[A] Live,5th,City,5th,R3,v1
2026-03,2026,[03] March,"City of San Jose Del Monte, Bulacan",[1] Live,[A] Live,1st,City,1st,R3,v1
2026-03,2026,[03] March,"Concepcion, Tarlac",[1] Live,[A] Live,1st,Mun,1st,R3,v1
2026-03,2026,[03] March,"Cuyapo, Nueva Ecija",[1] Live,[A] Live,1st,Mun,1st,R3,v1
2026-03,2026,[03] March,"Dilasag, Aurora",[1] Live,[A] Live,3rd,Mun,3rd,R3,v1
2026-03,2026,[03] March,"Dinalungan, Aurora",[1] Live,[A] Live,4th,Mun,4th,R3,v1
2026-03,2026,[03] March,"Dingalan, Aurora",[1] Live,[A] Live,3rd,Mun,3rd,R3,v1
2026-03,2026,[03] March,"Dipaculao, Aurora",[1] Live,[A] Live,3rd,Mun,3rd,R3,v1
2026-03,2026,[03] March,"Floridablanca, Pampanga",[1] Live,[A] Live,1st,Mun,1st,R3,v1
2026-03,2026,[03] March,"Gabaldon, Nueva Ecija",[1] Live,[A] Live,4th,Mun,4th,R3,with v1 v2
2026-03,2026,[03] March,"General Tinio, Nueva Ecija",[1] Live,[A] Live,1st,Mun,1st,R3,v1
2026-03,2026,[03] March,"Gerona, Tarlac",[1] Live,[A] Live,1st,Mun,1st,R3,v1
2026-03,2026,[03] March,"Guagua, Pampanga",[1] Live,[A] Live,1st,Mun,1st,R3,v1
2026-03,2026,[03] March,"Guimba, Nueva Ecija",[1] Live,[A] Live,1st,Mun,1st,R3,with v1 v2
2026-03,2026,[03] March,"Iba, Zambales",[8] Withdraw,[D] Withdraw,2nd,Mun,2nd,R3,
2026-03,2026,[03] March,"La Paz, Tarlac",[1] Live,[A] Live,2nd,Mun,2nd,R3,with v1 v2
2026-03,2026,[03] March,"Licab, Nueva Ecija",[1] Live,[A] Live,4th,Mun,4th,R3,v1
2026-03,2026,[03] March,"Limay, Bataan",[1] Live,[A] Live,1st,Mun,1st,R3,v1
2026-03,2026,[03] March,"Lupao, Nueva Ecija",[1] Live,[A] Live,3rd,Mun,3rd,R3,v1
2026-03,2026,[03] March,"Mabalacat City, Pampanga",[1] Live,[A] Live,3rd,City,3rd,R3,v1
2026-03,2026,[03] March,"Macabebe, Pampanga",[1] Live,[A] Live,1st,Mun,1st,R3,v1
2026-03,2026,[03] March,"Magalang, Pampanga",[1] Live,[A] Live,1st,Mun,1st,R3,v1
2026-03,2026,[03] March,"Maria Aurora, Aurora",[1] Live,[A] Live,2nd,Mun,2nd,R3,v1
2026-03,2026,[03] March,"Masantol, Pampanga",[1] Live,[A] Live,2nd,Mun,2nd,R3,v1
2026-03,2026,[03] March,"Masinloc, Zambales",[1] Live,[A] Live,1st,Mun,1st,R3,v1
2026-03,2026,[03] March,"Mayantoc, Tarlac",[1] Live,[A] Live,3rd,Mun,3rd,R3,v1
2026-03,2026,[03] March,"Mexico, Pampanga",[1] Live,[A] Live,1st,Mun,1st,R3,v1
2026-03,2026,[03] March,"Minalin, Pampanga",[1] Live,[A] Live,4th,Mun,4th,R3,v1
2026-03,2026,[03] March,"Morong, Bataan",[2] UAT,[B] Developmental,3rd,Mun,3rd,R3,v2
2026-03,2026,[03] March,"Norzagaray, Bulacan",[1] Live,[A] Live,1st,Mun,1st,R3,v1
2026-03,2026,[03] March,"Obando, Bulacan",[1] Live,[A] Live,2nd,Mun,2nd,R3,v1
2026-03,2026,[03] March,"Orani, Bataan",[1] Live,[A] Live,3rd,Mun,3rd,R3,v1
2026-03,2026,[03] March,"Palauig, Zambales",[1] Live,[A] Live,3rd,Mun,3rd,R3,with v1 v2
2026-03,2026,[03] March,"Pandi, Bulacan",[1] Live,[A] Live,2nd,Mun,2nd,R3,v1
2026-03,2026,[03] March,"Paniqui, Tarlac",[1] Live,[A] Live,1st,Mun,1st,R3,v1
2026-03,2026,[03] March,"Pantabangan, Nueva Ecija",[1] Live,[A] Live,1st,Mun,1st,R3,v1
2026-03,2026,[03] March,"Paombong, Bulacan",[1] Live,[A] Live,3rd,Mun,3rd,R3,v1
2026-03,2026,[03] March,"Pura, Tarlac",[1] Live,[A] Live,4th,Mun,4th,R3,with v1 v2
2026-03,2026,[03] March,"Quezon, Nueva Ecija",[1] Live,[A] Live,4th,Mun,4th,R3,with v1 v2
2026-03,2026,[03] March,"Rizal, Nueva Ecija",[1] Live,[A] Live,2nd,Mun,2nd,R3,v1
2026-03,2026,[03] March,"Samal, Bataan",[1] Live,[A] Live,4th,Mun,4th,R3,v1
2026-03,2026,[03] March,"San Antonio, Zambales",[1] Live,[A] Live,2nd,Mun,2nd,R3,v1
2026-03,2026,[03] March,"San Clemente, Tarlac",[1] Live,[A] Live,5th,Mun,5th,R3,with v1 v2
2026-03,2026,[03] March,"San Felipe, Zambales",[1] Live,[A] Live,4th,Mun,4th,R3,v1
2026-03,2026,[03] March,"San Ildefonso, Bulacan",[1] Live,[A] Live,1st,Mun,1st,R3,v1
2026-03,2026,[03] March,"San Isidro, Nueva Ecija",[1] Live,[A] Live,2nd,Mun,2nd,R3,v1
2026-03,2026,[03] March,"San Jose, Tarlac",[1] Live,[A] Live,3rd,Mun,3rd,R3,v1
2026-03,2026,[03] March,"San Luis, Aurora",[1] Live,[A] Live,2nd,Mun,2nd,R3,with v1 v2
2026-03,2026,[03] March,"San Luis, Pampanga",[1] Live,[A] Live,3rd,Mun,3rd,R3,v1
2026-03,2026,[03] March,"San Manuel, Tarlac",[1] Live,[A] Live,4th,Mun,4th,R3,with v1 v2
2026-03,2026,[03] March,"San Marcelino, Zambales",[1] Live,[A] Live,1st,Mun,1st,R3,v1
2026-03,2026,[03] March,"San Narciso, Zambales",[1] Live,[A] Live,4th,Mun,4th,R3,v1
2026-03,2026,[03] March,"Santa Ana, Pampanga",[1] Live,[A] Live,3rd,Mun,3rd,R3,v1
2026-03,2026,[03] March,"Santa Ignacia, Tarlac",[1] Live,[A] Live,2nd,Mun,2nd,R3,with v1 v2
2026-03,2026,[03] March,"Santa Rita, Pampanga",[1] Live,[A] Live,4th,Mun,4th,R3,v1
2026-03,2026,[03] March,"Santo Domingo, Nueva Ecija",[1] Live,[A] Live,3rd,Mun,3rd,R3,v1
2026-03,2026,[03] March,"Sasmuan, Pampanga",[1] Live,[A] Live,4th,Mun,4th,R3,v1
2026-03,2026,[03] March,"Sto. Tomas, Pampanga",[1] Live,[A] Live,4th,Mun,4th,R3,v1
2026-03,2026,[03] March,"Subic, Zambales",[1] Live,[A] Live,1st,Mun,1st,R3,v1
2026-03,2026,[03] March,"Talugtug, Nueva Ecija",[1] Live,[A] Live,4th,Mun,4th,R3,v1
2026-03,2026,[03] March,"Zaragoza, Nueva Ecija",[1] Live,[A] Live,3rd,Mun,3rd,R3,with v1 v2
2026-03,2026,[03] March,"Aurora, Zamboanga del Sur",[1] Live,[A] Live,2nd,Mun,2nd,R9,v1
2026-03,2026,[03] March,"Bayog, Zamboanga del Sur",[1] Live,[A] Live,3rd,Mun,3rd,R9,v1
2026-03,2026,[03] March,"Bongao, Tawi-Tawi",[1] Live,[A] Live,2nd,Mun,2nd,BARMM I,v1
2026-03,2026,[03] March,"Buug, Zamboanga Sibugay",[8] Withdraw,[D] Withdraw,3rd,Mun,3rd,R9,
2026-03,2026,[03] March,"City of Dipolog, Zamboanga del Norte",[8] Withdraw,[D] Withdraw,3rd,City,3rd,R9,
2026-03,2026,[03] March,"City of Isabela, Basilan",[1] Live,[A] Live,4th,City,4th,R9,v1
2026-03,2026,[03] March,"City of Lamitan, Basilan",[1] Live,[A] Live,6th,City,6th,BARMM I,v1
2026-03,2026,[03] March,"Dimataling, Zamboanga del Sur",[1] Live,[A] Live,4th,Mun,4th,R9,v1
2026-03,2026,[03] March,"Dinas, Zamboanga del Sur",[1] Live,[A] Live,4th,Mun,4th,R9,v1
2026-03,2026,[03] March,"Diplahan, Zamboanga Sibugay",[1] Live,[A] Live,3rd,Mun,3rd,R9,v1
2026-03,2026,[03] March,"Dumalinao, Zamboanga del Sur",[1] Live,[A] Live,4th,Mun,4th,R9,v1
2026-03,2026,[03] March,"Dumingag, Zamboanga del Sur",[1] Live,[A] Live,2nd,Mun,2nd,R9,v1
2026-03,2026,[03] March,"Godod, Zamboanga del Norte",[1] Live,[A] Live,4th,Mun,4th,R9,v1
2026-03,2026,[03] March,"Guipos, Zamboanga del Sur",[1] Live,[A] Live,4th,Mun,4th,R9,v1
2026-03,2026,[03] March,"Gutalac, Zamboanga del Norte",[1] Live,[A] Live,2nd,Mun,2nd,R9,v1
2026-03,2026,[03] March,"Imelda, Zamboanga Sibugay",[1] Live,[A] Live,4th,Mun,4th,R9,v1
2026-03,2026,[03] March,"Ipil, Zamboanga Sibugay",[8] Withdraw,[D] Withdraw,1st,Mun,1st,R9,
2026-03,2026,[03] March,"Jolo, Sulu",[8] Withdraw,[D] Withdraw,1st,Mun,1st,BARMM I,
2026-03,2026,[03] March,"Jose Dalman, Zamboanga del Norte",[1] Live,[A] Live,4th,Mun,4th,R9,v1
2026-03,2026,[03] March,"Josefina, Zamboanga del Sur",[1] Live,[A] Live,5th,Mun,5th,R9,v1
2026-03,2026,[03] March,"Kabasalan, Zamboanga Sibugay",[1] Live,[A] Live,2nd,Mun,2nd,R9,v1
2026-03,2026,[03] March,"Kalawit, Zamboanga del Norte",[1] Live,[A] Live,4th,Mun,4th,R9,v1
2026-03,2026,[03] March,"Katipunan, Zamboanga del Norte",[1] Live,[A] Live,2nd,Mun,2nd,R9,v1
2026-03,2026,[03] March,"Kumalarang, Zamboanga del Sur",[1] Live,[A] Live,4th,Mun,4th,R9,v1
2026-03,2026,[03] March,"La Libertad, Zamboanga del Norte",[1] Live,[A] Live,5th,Mun,5th,R9,v1
2026-03,2026,[03] March,"Labangan, Zamboanga del Sur",[1] Live,[A] Live,3rd,Mun,3rd,R9,v1
2026-03,2026,[03] March,"Labason, Zamboanga del Norte",[1] Live,[A] Live,3rd,Mun,3rd,R9,v1
2026-03,2026,[03] March,"Lakewood, Zamboanga del Sur",[1] Live,[A] Live,4th,Mun,4th,R9,v1
2026-03,2026,[03] March,"Lantawan, Basilan",[1] Live,[A] Live,3rd,Mun,3rd,BARMM I,v1
2026-03,2026,[03] March,"Lapuyan, Zamboanga del Sur",[1] Live,[A] Live,3rd,Mun,3rd,R9,v1
2026-03,2026,[03] March,"Leon B. Postigo (Bacungan), Zamboanga del Norte",[1] Live,[A] Live,4th,Mun,4th,R9,v1
2026-03,2026,[03] March,"Liloy, Zamboanga del Norte",[1] Live,[A] Live,3rd,Mun,3rd,R9,v1
2026-03,2026,[03] March,"Mahayag, Zamboanga del Sur",[1] Live,[A] Live,3rd,Mun,3rd,R9,v1
2026-03,2026,[03] March,"Malangas, Zamboanga Sibugay",[1] Live,[A] Live,3rd,Mun,3rd,R9,v1
2026-03,2026,[03] March,"Manukan, Zamboanga del Norte",[1] Live,[A] Live,3rd,Mun,3rd,R9,v1
2026-03,2026,[03] March,"Margosatubig, Zamboanga del Sur",[1] Live,[A] Live,3rd,Mun,3rd,R9,v1
2026-03,2026,[03] March,"Midsalip, Zamboanga del Sur",[1] Live,[A] Live,4th,Mun,4th,R9,v1
2026-03,2026,[03] March,"Molave, Zamboanga del Sur",[1] Live,[A] Live,1st,Mun,1st,R9,with v1 v2
2026-03,2026,[03] March,"Mutia, Zamboanga del Norte",[1] Live,[A] Live,5th,Mun,5th,R9,v1
2026-03,2026,[03] March,"Naga, Zamboanga Sibugay",[7] To Follow-up,[C] For Training/Others,3rd,Mun,3rd,R9,v1
2026-03,2026,[03] March,"Payao, Zamboanga Sibugay",[1] Live,[A] Live,3rd,Mun,3rd,R9,v1
2026-03,2026,[03] March,"Piñan, Zamboanga del Norte",[1] Live,[A] Live,4th,Mun,4th,R9,v1
2026-03,2026,[03] March,"Pitogo, Zamboanga del Sur",[1] Live,[A] Live,4th,Mun,4th,R9,v1
2026-03,2026,[03] March,"Polanco, Zamboanga del Norte",[1] Live,[A] Live,3rd,Mun,3rd,R9,v1
2026-03,2026,[03] March,"Pres. Manuel A. Roxas, Zamboanga del Norte",[1] Live,[A] Live,2nd,Mun,2nd,R9,v1
2026-03,2026,[03] March,"Ramon Magsaysay, Zamboanga del Sur",[1] Live,[A] Live,4th,Mun,4th,R9,v1
2026-03,2026,[03] March,"Rizal, Zamboanga del Norte",[1] Live,[A] Live,5th,Mun,5th,R9,v1
2026-03,2026,[03] March,"Roseller Lim, Zamboanga Sibugay",[1] Live,[A] Live,3rd,Mun,3rd,R9,v1
2026-03,2026,[03] March,"Salug, Zamboanga del Norte",[1] Live,[A] Live,3rd,Mun,3rd,R9,v1
2026-03,2026,[03] March,"San Miguel, Zamboanga del Sur",[1] Live,[A] Live,4th,Mun,4th,R9,v1
2026-03,2026,[03] March,"San Pablo, Zamboanga del Sur",[1] Live,[A] Live,4th,Mun,4th,R9,v1
2026-03,2026,[03] March,"Siay, Zamboanga Sibugay",[1] Live,[A] Live,2nd,Mun,2nd,R9,v1
2026-03,2026,[03] March,"Siayan, Zamboanga del Norte",[1] Live,[A] Live,2nd,Mun,2nd,R9,with v1 v2
2026-03,2026,[03] March,"Sibuco, Zamboanga del Norte",[8] Withdraw,[D] Withdraw,1st,Mun,1st,R9,
2026-03,2026,[03] March,"Sibutad, Zamboanga del Norte",[1] Live,[A] Live,5th,Mun,5th,R9,v1
2026-03,2026,[03] March,"Sindangan, Zamboanga del Norte",[1] Live,[A] Live,1st,Mun,1st,R9,v1
2026-03,2026,[03] March,"Siocon, Zamboanga del Norte",[1] Live,[A] Live,1st,Mun,1st,R9,v1
2026-03,2026,[03] March,"Sominot, Zamboanga del Sur",[1] Live,[A] Live,5th,Mun,5th,R9,v1
2026-03,2026,[03] March,"Sumisip, Basilan",[1] Live,[A] Live,1st,Mun,1st,BARMM I,v1
2026-03,2026,[03] March,"Tabina, Zamboanga del Sur",[1] Live,[A] Live,4th,Mun,4th,R9,v1
2026-03,2026,[03] March,"Talipao, Sulu",[1] Live,[A] Live,1st,Mun,1st,BARMM I,v1
2026-03,2026,[03] March,"Talusan, Zamboanga Sibugay",[1] Live,[A] Live,5th,Mun,5th,R9,v1
2026-03,2026,[03] March,"Tambulig, Zamboanga del Sur",[1] Live,[A] Live,4th,Mun,4th,R9,v1
2026-03,2026,[03] March,"Tampilisan, Zamboanga del Norte",[1] Live,[A] Live,4th,Mun,4th,R9,v1
2026-03,2026,[03] March,"Tigbao, Zamboanga del Sur",[1] Live,[A] Live,5th,Mun,5th,R9,v1
2026-03,2026,[03] March,"Tipo-Tipo, Basilan",[1] Live,[A] Live,3rd,Mun,3rd,BARMM I,v1
2026-03,2026,[03] March,"Titay, Zamboanga Sibugay",[1] Live,[A] Live,2nd,Mun,2nd,R9,v1
2026-03,2026,[03] March,"Tukuran, Zamboanga del Sur",[1] Live,[A] Live,4th,Mun,4th,R9,v1
2026-03,2026,[03] March,"Tungawan, Zamboanga Sibugay",[1] Live,[A] Live,2nd,Mun,2nd,R9,v1
2026-03,2026,[03] March,"Ungkaya Pukan, Basilan",[8] Withdraw,[D] Withdraw,-,Mun,-,BARMM I,
2026-03,2026,[03] March,"Vincenzo A. Sagun, Zamboanga del Sur",[1] Live,[A] Live,5th,Mun,5th,R9,v1
2026-03,2026,[03] March,"Aguinaldo, Ifugao",[1] Live,[A] Live,2nd,Mun,2nd,CAR,v1
2026-03,2026,[03] March,"Alfonso Lista, Ifugao",[1] Live,[A] Live,3rd,Mun,3rd,CAR,v1
2026-03,2026,[03] March,"Asipulo, Ifugao",[1] Live,[A] Live,5th,Mun,5th,CAR,v1
2026-03,2026,[03] March,"Banaue, Ifugao",[1] Live,[A] Live,4th,Mun,4th,CAR,v1
2026-03,2026,[03] March,"Bauko, Mountain Province",[1] Live,[A] Live,4th,Mun,4th,CAR,v1
2026-03,2026,[03] March,"Bontoc, Mountain Province",[1] Live,[A] Live,2nd,Mun,2nd,CAR,v1
2026-03,2026,[03] March,"City of Tabuk, Kalinga",[1] Live,[A] Live,5th,City,5th,CAR,v1
2026-03,2026,[03] March,"Danglas, Abra",[1] Live,[A] Live,5th,Mun,5th,CAR,v1
2026-03,2026,[03] March,"Dolores, Abra",[1] Live,[A] Live,5th,Mun,5th,CAR,with v1 v2
2026-03,2026,[03] March,"Hungduan, Ifugao",[1] Live,[A] Live,4th,Mun,4th,CAR,v1
2026-03,2026,[03] March,"Itogon, Benguet",[8] Withdraw,[D] Withdraw,1st,Mun,1st,CAR,
2026-03,2026,[03] March,"Lamut, Ifugao",[1] Live,[A] Live,4th,Mun,4th,CAR,v1
2026-03,2026,[03] March,"Lubuagan, Kalinga",[1] Live,[A] Live,4th,Mun,4th,CAR,v1
2026-03,2026,[03] March,"Luna, Apayao",[1] Live,[A] Live,2nd,Mun,2nd,CAR,v1
2026-03,2026,[03] March,"Mankayan, Benguet",[1] Live,[A] Live,1st,Mun,1st,CAR,v1
2026-03,2026,[03] March,"Mayoyao, Ifugao",[1] Live,[A] Live,4th,Mun,4th,CAR,v1
2026-03,2026,[03] March,"Paracelis, Mountain Province",[1] Live,[A] Live,2nd,Mun,2nd,CAR,v1
2026-03,2026,[03] March,"Pasil, Kalinga",[1] Live,[A] Live,5th,Mun,5th,CAR,v1
2026-03,2026,[03] March,"Peñarrubia, Abra",[1] Live,[A] Live,6th,Mun,6th,CAR,v1
2026-03,2026,[03] March,"Pudtol, Apayao",[1] Live,[A] Live,4th,Mun,4th,CAR,v1
2026-03,2026,[03] March,"Sablan, Benguet",[1] Live,[A] Live,5th,Mun,5th,CAR,v1
2026-03,2026,[03] March,"Santa Marcela, Apayao",[1] Live,[A] Live,4th,Mun,4th,CAR,v1
2026-03,2026,[03] March,"Tayum, Abra",[1] Live,[A] Live,5th,Mun,5th,CAR,v1
2026-03,2026,[03] March,"Tinoc, Ifugao",[1] Live,[A] Live,4th,Mun,4th,CAR,v1
2026-03,2026,[03] March,"Tuba, Benguet",[1] Live,[A] Live,1st,Mun,1st,CAR,v1
2026-03,2026,[03] March,"Tublay, Benguet",[1] Live,[A] Live,5th,Mun,5th,CAR,v1
2026-03,2026,[03] March,"Aloran, Misamis Occidental",[1] Live,[A] Live,4th,Mun,4th,R10,v1
2026-03,2026,[03] March,"Alubijid, Misamis Oriental",[1] Live,[A] Live,4th,Mun,4th,R10,v1
2026-03,2026,[03] March,"Bacolod, Lanao del Norte",[1] Live,[A] Live,4th,Mun,4th,R10,v1
2026-03,2026,[03] March,"Balingasag, Misamis Oriental",[1] Live,[A] Live,2nd,Mun,2nd,R10,v1
2026-03,2026,[03] March,"Balingoan, Misamis Oriental",[1] Live,[A] Live,5th,Mun,5th,R10,v1
2026-03,2026,[03] March,"Baroy, Lanao del Norte",[1] Live,[A] Live,4th,Mun,4th,R10,v1
2026-03,2026,[03] March,"Baungon, Bukidnon",[8] Withdraw,[D] Withdraw,2nd,Mun,2nd,R10,
2026-03,2026,[03] March,"Bonifacio, Misamis Occidental",[1] Live,[A] Live,4th,Mun,4th,R10,v1
2026-03,2026,[03] March,"Calamba, Misamis Occidental",[1] Live,[A] Live,4th,Mun,4th,R10,v1
2026-03,2026,[03] March,"Catarman, Camiguin",[1] Live,[A] Live,5th,Mun,5th,R10,v1
2026-03,2026,[03] March,"City of El Salvador, Misamis Oriental",[1] Live,[A] Live,6th,City,6th,R10,v1
2026-03,2026,[03] March,"City of Gingoog, Misamis Oriental",[1] Live,[A] Live,2nd,City,2nd,R10,v1
2026-03,2026,[03] March,"City of Iligan, Lanao del Norte",[7] To Follow-up,[C] For Training/Others,1st,City,1st,R10,v1
2026-03,2026,[03] March,"City of Ozamiz, Misamis Occidental",[1] Live,[A] Live,3rd,City,3rd,R10,v1
2026-03,2026,[03] March,"City of Tangub, Misamis Occidental",[1] Live,[A] Live,4th,City,4th,R10,v1
2026-03,2026,[03] March,"Clarin, Misamis Occidental",[1] Live,[A] Live,4th,Mun,4th,R10,v1
2026-03,2026,[03] March,"Claveria, Misamis Oriental",[1] Live,[A] Live,1st,Mun,1st,R10,v1
2026-03,2026,[03] March,"Don Carlos, Bukidnon",[1] Live,[A] Live,1st,Mun,1st,R10,v1
2026-03,2026,[03] March,"Gitagum, Misamis Oriental",[1] Live,[A] Live,5th,Mun,5th,R10,v1
2026-03,2026,[03] March,"Guinsiliban, Camiguin",[1] Live,[A] Live,6th,Mun,6th,R10,v1
2026-03,2026,[03] March,"Impasug-ong, Bukidnon",[1] Live,[A] Live,1st,Mun,1st,R10,v1
2026-03,2026,[03] March,"Jasaan, Misamis Oriental",[1] Live,[A] Live,2nd,Mun,2nd,R10,v1
2026-03,2026,[03] March,"Jimenez, Misamis Occidental",[1] Live,[A] Live,3rd,Mun,3rd,R10,v1
2026-03,2026,[03] March,"Kadingilan, Bukidnon",[1] Live,[A] Live,3rd,Mun,3rd,R10,v1
2026-03,2026,[03] March,"Kapatagan, Lanao del Norte",[1] Live,[A] Live,2nd,Mun,2nd,R10,v1
2026-03,2026,[03] March,"Kauswagan, Lanao del Norte",[1] Live,[A] Live,5th,Mun,5th,R10,v1
2026-03,2026,[03] March,"Kibawe, Bukidnon",[1] Live,[A] Live,2nd,Mun,2nd,R10,v1
2026-03,2026,[03] March,"Kinoguitan, Misamis Oriental",[1] Live,[A] Live,5th,Mun,5th,R10,v1
2026-03,2026,[03] March,"Kolambugan, Lanao del Norte",[7] To Follow-up,[C] For Training/Others,4th,Mun,4th,R10,v1
2026-03,2026,[03] March,"Lagonglong, Misamis Oriental",[1] Live,[A] Live,5th,Mun,5th,R10,v1
2026-03,2026,[03] March,"Laguindingan, Misamis Oriental",[1] Live,[A] Live,4th,Mun,4th,R10,v1
2026-03,2026,[03] March,"Libertad, Misamis Oriental",[1] Live,[A] Live,5th,Mun,5th,R10,v1
2026-03,2026,[03] March,"Linamon, Lanao del Norte",[1] Live,[A] Live,5th,Mun,5th,R10,v1
2026-03,2026,[03] March,"Lugait, Misamis Oriental",[1] Live,[A] Live,2nd,Mun,2nd,R10,v1
2026-03,2026,[03] March,"Magsaysay, Lanao del Norte",[1] Live,[A] Live,5th,Mun,5th,R10,v1
2026-03,2026,[03] March,"Magsaysay, Misamis Oriental",[1] Live,[A] Live,4th,Mun,4th,R10,v1
2026-03,2026,[03] March,"Mahinog, Camiguin",[1] Live,[A] Live,5th,Mun,5th,R10,v1
2026-03,2026,[03] March,"Maigo, Lanao del Norte",[1] Live,[A] Live,4th,Mun,4th,R10,v1
2026-03,2026,[03] March,"Mambajao, Camiguin",[1] Live,[A] Live,3rd,Mun,3rd,R10,v1
2026-03,2026,[03] March,"Manticao, Misamis Oriental",[1] Live,[A] Live,4th,Mun,4th,R10,v1
2026-03,2026,[03] March,"Medina, Misamis Oriental",[1] Live,[A] Live,4th,Mun,4th,R10,v1
2026-03,2026,[03] March,"Naawan, Misamis Oriental",[1] Live,[A] Live,4th,Mun,4th,R10,v1
2026-03,2026,[03] March,"Nunungan, Lanao del Norte",[1] Live,[A] Live,3rd,Mun,3rd,R10,v1
2026-03,2026,[03] March,"Opol, Misamis Oriental",[1] Live,[A] Live,2nd,Mun,2nd,R10,v1
2026-03,2026,[03] March,"Panaon, Misamis Occidental",[1] Live,[A] Live,5th,Mun,5th,R10,v1
2026-03,2026,[03] March,"Plaridel, Misamis Occidental",[1] Live,[A] Live,3rd,Mun,3rd,R10,v1
2026-03,2026,[03] March,"Sagay, Camiguin",[1] Live,[A] Live,5th,Mun,5th,R10,v1
2026-03,2026,[03] March,"Salay, Misamis Oriental",[1] Live,[A] Live,4th,Mun,4th,R10,v1
2026-03,2026,[03] March,"San Fernando, Bukidnon",[1] Live,[A] Live,1st,Mun,1st,R10,v1
2026-03,2026,[03] March,"Sapang Dalaga, Misamis Occidental",[1] Live,[A] Live,5th,Mun,5th,R10,v1
2026-03,2026,[03] March,"Sinacaban, Misamis Occidental",[1] Live,[A] Live,5th,Mun,5th,R10,v1
2026-03,2026,[03] March,"Sugbongcogon, Misamis Oriental",[1] Live,[A] Live,5th,Mun,5th,R10,v1
2026-03,2026,[03] March,"Sultan Naga Dimaporo, Lanao del Norte",[1] Live,[A] Live,3rd,Mun,3rd,R10,v1
2026-03,2026,[03] March,"Tagoloan, Misamis Oriental",[1] Live,[A] Live,1st,Mun,1st,R10,v1
2026-03,2026,[03] March,"Talakag, Bukidnon",[1] Live,[A] Live,1st,Mun,1st,R10,v1
2026-03,2026,[03] March,"Talisayan, Misamis Oriental",[1] Live,[A] Live,4th,Mun,4th,R10,v1
2026-03,2026,[03] March,"Tudela, Misamis Occidental",[1] Live,[A] Live,4th,Mun,4th,R10,v1
2026-03,2026,[03] March,"Villanueva, Misamis Oriental",[1] Live,[A] Live,2nd,Mun,2nd,R10,v1
2026-03,2026,[03] March,"Abulug, Cagayan",[8] Withdraw,[D] Withdraw,3rd,Mun,3rd,R2,
2026-03,2026,[03] March,"Aglipay, Quirino",[1] Live,[A] Live,3rd,Mun,3rd,R2,with v1 v2
2026-03,2026,[03] March,"Alfonso Castaneda, Nueva Vizcaya",[1] Live,[A] Live,1st,Mun,1st,R2,v1
2026-03,2026,[03] March,"Alicia, Isabela",[1] Live,[A] Live,1st,Mun,1st,R2,v1
2026-03,2026,[03] March,"Allacapan, Cagayan",[1] Live,[A] Live,3rd,Mun,3rd,R2,v1
2026-03,2026,[03] March,"Ambaguio, Nueva Vizcaya",[1] Live,[A] Live,5th,Mun,5th,R2,v1
2026-03,2026,[03] March,"Amulung, Cagayan",[1] Live,[A] Live,2nd,Mun,2nd,R2,v1
2026-03,2026,[03] March,"Angadanan, Isabela",[1] Live,[A] Live,3rd,Mun,3rd,R2,v1
2026-03,2026,[03] March,"Aparri, Cagayan",[1] Live,[A] Live,1st,Mun,1st,R2,v1
2026-03,2026,[03] March,"Aritao, Nueva Vizcaya",[1] Live,[A] Live,2nd,Mun,2nd,R2,v1
2026-03,2026,[03] March,"Aurora, Isabela",[1] Live,[A] Live,3rd,Mun,3rd,R2,with v1 v2
2026-03,2026,[03] March,"Bagabag, Nueva Vizcaya",[1] Live,[A] Live,2nd,Mun,2nd,R2,v1
2026-03,2026,[03] March,"Baggao, Cagayan",[1] Live,[A] Live,1st,Mun,1st,R2,v1
2026-03,2026,[03] March,"Ballesteros, Cagayan",[1] Live,[A] Live,4th,Mun,4th,R2,v1
2026-03,2026,[03] March,"Bambang, Nueva Vizcaya",[1] Live,[A] Live,1st,Mun,1st,R2,v1
2026-03,2026,[03] March,"Benito Soliven, Isabela",[1] Live,[A] Live,4th,Mun,4th,R2,v1
2026-03,2026,[03] March,"Buguey, Cagayan",[1] Live,[A] Live,3rd,Mun,3rd,R2,v1
2026-03,2026,[03] March,"Burgos, Isabela",[1] Live,[A] Live,4th,Mun,4th,R2,with v1 v2
2026-03,2026,[03] March,"Cabagan, Isabela",[1] Live,[A] Live,1st,Mun,1st,R2,v1
2026-03,2026,[03] March,"Cabarroguis, Quirino",[1] Live,[A] Live,3rd,Mun,3rd,R2,v1
2026-03,2026,[03] March,"Camalaniugan, Cagayan",[1] Live,[A] Live,4th,Mun,4th,R2,v1
2026-03,2026,[03] March,"City of Ilagan, Isabela",[1] Live,[A] Live,1st,City,1st,R2,v1
2026-03,2026,[03] March,"Cordon, Isabela",[1] Live,[A] Live,3rd,Mun,3rd,R2,with v1 v2
2026-03,2026,[03] March,"Delfin Albano, Isabela",[8] Withdraw,[D] Withdraw,4th,Mun,4th,R2,
2026-03,2026,[03] March,"Diadi, Nueva Vizcaya",[1] Live,[A] Live,4th,Mun,4th,R2,v1
2026-03,2026,[03] March,"Diffun, Quirino",[1] Live,[A] Live,2nd,Mun,2nd,R2,with v1 v2
2026-03,2026,[03] March,"Dinapigue, Isabela",[1] Live,[A] Live,1st,Mun,1st,R2,v1
2026-03,2026,[03] March,"Divilacan, Isabela",[1] Live,[A] Live,2nd,Mun,2nd,R2,v1
2026-03,2026,[03] March,"Dupax del Norte, Nueva Vizcaya",[1] Live,[A] Live,3rd,Mun,3rd,R2,with v1 v2
2026-03,2026,[03] March,"Dupax del Sur, Nueva Vizcaya",[1] Live,[A] Live,2nd,Mun,2nd,R2,with v1 v2
2026-03,2026,[03] March,"Echague, Isabela",[1] Live,[A] Live,1st,Mun,1st,R2,v1
2026-03,2026,[03] March,"Enrile, Cagayan",[1] Live,[A] Live,3rd,Mun,3rd,R2,v1
2026-03,2026,[03] March,"Gamu, Isabela",[1] Live,[A] Live,4th,Mun,4th,R2,with v1 v2
2026-03,2026,[03] March,"Gattaran, Cagayan",[1] Live,[A] Live,1st,Mun,1st,R2,v1
2026-03,2026,[03] March,"Iguig, Cagayan",[1] Live,[A] Live,4th,Mun,4th,R2,v1
2026-03,2026,[03] March,"Jones, Isabela",[1] Live,[A] Live,1st,Mun,1st,R2,v1
2026-03,2026,[03] March,"Kasibu, Nueva Vizcaya",[1] Live,[A] Live,3rd,Mun,3rd,R2,v1
2026-03,2026,[03] March,"Kayapa, Nueva Vizcaya",[1] Live,[A] Live,3rd,Mun,3rd,R2,v1
2026-03,2026,[03] March,"Lal-Lo, Cagayan",[1] Live,[A] Live,1st,Mun,1st,R2,v1
2026-03,2026,[03] March,"Lasam, Cagayan",[1] Live,[A] Live,3rd,Mun,3rd,R2,v1
2026-03,2026,[03] March,"Maddela, Quirino",[1] Live,[A] Live,1st,Mun,1st,R2,v1
2026-03,2026,[03] March,"Mallig, Isabela",[1] Live,[A] Live,4th,Mun,4th,R2,with v1 v2
2026-03,2026,[03] March,"Nagtipunan, Quirino",[1] Live,[A] Live,1st,Mun,1st,R2,v1
2026-03,2026,[03] March,"Naguilian, Isabela",[1] Live,[A] Live,4th,Mun,4th,R2,with v1 v2
2026-03,2026,[03] March,"Palanan, Isabela",[1] Live,[A] Live,1st,Mun,1st,R2,v1
2026-03,2026,[03] March,"Pamplona, Cagayan",[1] Live,[A] Live,4th,Mun,4th,R2,v1
2026-03,2026,[03] March,"Peñablanca, Cagayan",[1] Live,[A] Live,1st,Mun,1st,R2,v1
2026-03,2026,[03] March,"Piat, Cagayan",[1] Live,[A] Live,4th,Mun,4th,R2,v1
2026-03,2026,[03] March,"Quezon, Isabela",[1] Live,[A] Live,4th,Mun,4th,R2,v1
2026-03,2026,[03] March,"Quezon, Nueva Vizcaya",[1] Live,[A] Live,4th,Mun,4th,R2,v1
2026-03,2026,[03] March,"Ramon, Isabela",[1] Live,[A] Live,2nd,Mun,2nd,R2,v1
2026-03,2026,[03] March,"Rizal, Cagayan",[8] Withdraw,[D] Withdraw,5th,Mun,5th,R2,
2026-03,2026,[03] March,"Saguday, Quirino",[1] Live,[A] Live,5th,Mun,5th,R2,with v1 v2
2026-03,2026,[03] March,"San Agustin, Isabela",[1] Live,[A] Live,3rd,Mun,3rd,R2,v1
2026-03,2026,[03] March,"San Guillermo, Isabela",[1] Live,[A] Live,4th,Mun,4th,R2,v1
2026-03,2026,[03] March,"San Isidro, Isabela",[1] Live,[A] Live,5th,Mun,5th,R2,with v1 v2
2026-03,2026,[03] March,"San Manuel, Isabela",[1] Live,[A] Live,4th,Mun,4th,R2,v1
2026-03,2026,[03] March,"San Mariano, Isabela",[1] Live,[A] Live,1st,Mun,1st,R2,v1
2026-03,2026,[03] March,"San Mateo, Isabela",[1] Live,[A] Live,1st,Mun,1st,R2,with v1 v2
2026-03,2026,[03] March,"Sanchez-Mira, Cagayan",[1] Live,[A] Live,3rd,Mun,3rd,R2,v1
2026-03,2026,[03] March,"Santa Ana, Cagayan",[1] Live,[A] Live,2nd,Mun,2nd,R2,v1
2026-03,2026,[03] March,"Santa Fe, Nueva Vizcaya",[1] Live,[A] Live,3rd,Mun,3rd,R2,v1
2026-03,2026,[03] March,"Santa Maria, Isabela",[1] Live,[A] Live,4th,Mun,4th,R2,v1
2026-03,2026,[03] March,"Santa Praxedes, Cagayan",[1] Live,[A] Live,5th,Mun,5th,R2,v1
2026-03,2026,[03] March,"Santa Teresita, Cagayan",[1] Live,[A] Live,4th,Mun,4th,R2,v1
2026-03,2026,[03] March,"Santo Niño, Cagayan",[1] Live,[A] Live,2nd,Mun,2nd,R2,v1
2026-03,2026,[03] March,"Santo Tomas, Isabela",[1] Live,[A] Live,4th,Mun,4th,R2,v1
2026-03,2026,[03] March,"Solana, Cagayan",[1] Live,[A] Live,1st,Mun,1st,R2,v1
2026-03,2026,[03] March,"Tuao, Cagayan",[1] Live,[A] Live,1st,Mun,1st,R2,v1
2026-03,2026,[03] March,"Tumauini, Isabela",[1] Live,[A] Live,1st,Mun,1st,R2,v1
2026-03,2026,[03] March,"Baganga, Davao Oriental",[1] Live,[A] Live,1st,Mun,1st,R11,v1
2026-03,2026,[03] March,"Banaybanay, Davao Oriental",[1] Live,[A] Live,2nd,Mun,2nd,R11,v1
2026-03,2026,[03] March,"Bansalan, Davao del Sur",[1] Live,[A] Live,1st,Mun,1st,R11,v1
2026-03,2026,[03] March,"Boston, Davao Oriental",[1] Live,[A] Live,3rd,Mun,3rd,R11,v1
2026-03,2026,[03] March,"Caraga, Davao Oriental",[1] Live,[A] Live,1st,Mun,1st,R11,v1
2026-03,2026,[03] March,"Carmen, Davao del Norte",[1] Live,[A] Live,1st,Mun,1st,R11,v1
2026-03,2026,[03] March,"Cateel, Davao Oriental",[1] Live,[A] Live,2nd,Mun,2nd,R11,v1
2026-03,2026,[03] March,"City of Digos, Davao del Sur",[1] Live,[A] Live,2nd,City,2nd,R11,v1
2026-03,2026,[03] March,"City of Mati, Davao Oriental",[1] Live,[A] Live,5th,City,5th,R11,v1
2026-03,2026,[03] March,"Compostela, Davao de Oro",[6] With Concerns,[C] For Training/Others,1st,Mun,1st,R11,v1
2026-03,2026,[03] March,"Governor Generoso, Davao Oriental",[2] UAT,[B] Developmental,2nd,Mun,2nd,R11,v1
2026-03,2026,[03] March,"Island Garden City of Samal, Davao del Norte",[8] Withdraw,[D] Withdraw,4th,City,4th,R11,
2026-03,2026,[03] March,"Kiblawan, Davao del Sur",[1] Live,[A] Live,2nd,Mun,2nd,R11,v1
2026-03,2026,[03] March,"Laak, Davao de Oro",[1] Live,[A] Live,1st,Mun,1st,R11,v1
2026-03,2026,[03] March,"Lupon, Davao Oriental",[1] Live,[A] Live,1st,Mun,1st,R11,v1
2026-03,2026,[03] March,"Magsaysay, Davao del Sur",[1] Live,[A] Live,3rd,Mun,3rd,R11,v1
2026-03,2026,[03] March,"Malalag, Davao del Sur",[1] Live,[A] Live,2nd,Mun,2nd,R11,v1
2026-03,2026,[03] March,"Manay, Davao Oriental",[1] Live,[A] Live,2nd,Mun,2nd,R11,v1
2026-03,2026,[03] March,"Maragusan, Davao de Oro",[1] Live,[A] Live,1st,Mun,1st,R11,v1
2026-03,2026,[03] March,"Matanao, Davao del Sur",[1] Live,[A] Live,2nd,Mun,2nd,R11,v1
2026-03,2026,[03] March,"Mawab, Davao de Oro",[1] Live,[A] Live,3rd,Mun,3rd,R11,v1
2026-03,2026,[03] March,"Monkayo, Davao de Oro",[1] Live,[A] Live,1st,Mun,1st,R11,v1
2026-03,2026,[03] March,"New Bataan, Davao de Oro",[1] Live,[A] Live,1st,Mun,1st,R11,v1
2026-03,2026,[03] March,"Padada, Davao del Sur",[1] Live,[A] Live,3rd,Mun,3rd,R11,v1
2026-03,2026,[03] March,"San Isidro, Davao Oriental",[1] Live,[A] Live,3rd,Mun,3rd,R11,v1
2026-03,2026,[03] March,"Santa Cruz, Davao del Sur",[1] Live,[A] Live,1st,Mun,1st,R11,v1
2026-03,2026,[03] March,"Sulop, Davao del Sur",[1] Live,[A] Live,3rd,Mun,3rd,R11,v1
2026-03,2026,[03] March,"Tarragona, Davao Oriental",[1] Live,[A] Live,3rd,Mun,3rd,R11,v1
2026-03,2026,[03] March,"Agoncillo, Batangas",[1] Live,[A] Live,4th,Mun,4th,R4A,v1
2026-03,2026,[03] March,"Alabat, Quezon",[1] Live,[A] Live,5th,Mun,5th,R4A,v1
2026-03,2026,[03] March,"Alfonso, Cavite",[1] Live,[A] Live,1st,Mun,1st,R4A,v1
2026-03,2026,[03] March,"Alitagtag, Batangas",[1] Live,[A] Live,4th,Mun,4th,R4A,v1
2026-03,2026,[03] March,"Amadeo, Cavite",[1] Live,[A] Live,4th,Mun,4th,R4A,v1
2026-03,2026,[03] March,"Balayan, Batangas",[1] Live,[A] Live,1st,Mun,1st,R4A,v1
2026-03,2026,[03] March,"Balete, Batangas",[1] Live,[A] Live,5th,Mun,5th,R4A,v1
2026-03,2026,[03] March,"Buenavista, Quezon",[1] Live,[A] Live,4th,Mun,4th,R4A,v1
2026-03,2026,[03] March,"Burdeos, Quezon",[6] With Concerns,[C] For Training/Others,4th,Mun,4th,R4A,v2
2026-03,2026,[03] March,"Calatagan, Batangas",[1] Live,[A] Live,2nd,Mun,2nd,R4A,v1
2026-03,2026,[03] March,"Calauag, Quezon",[1] Live,[A] Live,1st,Mun,1st,R4A,v1
2026-03,2026,[03] March,"Calauan, Laguna",[1] Live,[A] Live,2nd,Mun,2nd,R4A,v1
2026-03,2026,[03] March,"Candelaria, Quezon",[1] Live,[A] Live,1st,Mun,1st,R4A,v1
2026-03,2026,[03] March,"Cardona, Rizal",[1] Live,[A] Live,3rd,Mun,3rd,R4A,v1
2026-03,2026,[03] March,"Cavinti, Laguna",[1] Live,[A] Live,3rd,Mun,3rd,R4A,v1
2026-03,2026,[03] March,"City of Lucena, Quezon",[8] Withdraw,[D] Withdraw,2nd,City,2nd,R4A,
2026-03,2026,[03] March,"Cuenca, Batangas",[8] Withdraw,[D] Withdraw,4th,Mun,4th,R4A,
2026-03,2026,[03] March,"Famy, Laguna",[1] Live,[A] Live,5th,Mun,5th,R4A,v1
2026-03,2026,[03] March,"General Emilio Aguinaldo, Cavite",[1] Live,[A] Live,5th,Mun,5th,R4A,v1
2026-03,2026,[03] March,"General Luna, Quezon",[1] Live,[A] Live,4th,Mun,4th,R4A,v1
2026-03,2026,[03] March,"General Nakar, Quezon",[1] Live,[A] Live,1st,Mun,1st,R4A,v1
2026-03,2026,[03] March,"Guinayangan, Quezon",[1] Live,[A] Live,3rd,Mun,3rd,R4A,v1
2026-03,2026,[03] March,"Gumaca, Quezon",[1] Live,[A] Live,1st,Mun,1st,R4A,v1
2026-03,2026,[03] March,"Indang, Cavite",[1] Live,[A] Live,1st,Mun,1st,R4A,v1
2026-03,2026,[03] March,"Infanta, Quezon",[1] Live,[A] Live,1st,Mun,1st,R4A,v1
2026-03,2026,[03] March,"Lemery, Batangas",[1] Live,[A] Live,1st,Mun,1st,R4A,v1
2026-03,2026,[03] March,"Lian, Batangas",[1] Live,[A] Live,3rd,Mun,3rd,R4A,v1
2026-03,2026,[03] March,"Liliw, Laguna",[1] Live,[A] Live,4th,Mun,4th,R4A,v1
2026-03,2026,[03] March,"Lobo, Batangas",[1] Live,[A] Live,3rd,Mun,3rd,R4A,v1
2026-03,2026,[03] March,"Lopez, Quezon",[1] Live,[A] Live,1st,Mun,1st,R4A,v1
2026-03,2026,[03] March,"Lumban, Laguna",[1] Live,[A] Live,3rd,Mun,3rd,R4A,v1
2026-03,2026,[03] March,"Mabini, Batangas",[1] Live,[A] Live,1st,Mun,1st,R4A,v1
2026-03,2026,[03] March,"Magallanes, Cavite",[1] Live,[A] Live,4th,Mun,4th,R4A,v1
2026-03,2026,[03] March,"Maragondon, Cavite",[1] Live,[A] Live,3rd,Mun,3rd,R4A,v1
2026-03,2026,[03] March,"Mataasnakahoy, Batangas",[1] Live,[A] Live,4th,Mun,4th,R4A,v1
2026-03,2026,[03] March,"Mauban, Quezon",[1] Live,[A] Live,1st,Mun,1st,R4A,v1
2026-03,2026,[03] March,"Mulanay, Quezon",[2] UAT,[B] Developmental,1st,Mun,1st,R4A,v1
2026-03,2026,[03] March,"Naic, Cavite",[1] Live,[A] Live,1st,Mun,1st,R4A,v1
2026-03,2026,[03] March,"Noveleta, Cavite",[1] Live,[A] Live,3rd,Mun,3rd,R4A,v1
2026-03,2026,[03] March,"Padre Burgos, Quezon",[1] Live,[A] Live,4th,Mun,4th,R4A,v1
2026-03,2026,[03] March,"Paete, Laguna",[1] Live,[A] Live,4th,Mun,4th,R4A,v1
2026-03,2026,[03] March,"Panukulan, Quezon",[1] Live,[A] Live,4th,Mun,4th,R4A,v1
2026-03,2026,[03] March,"Perez, Quezon",[1] Live,[A] Live,5th,Mun,5th,R4A,v1
2026-03,2026,[03] March,"Pitogo, Quezon",[1] Live,[A] Live,4th,Mun,4th,R4A,v1
2026-03,2026,[03] March,"Polillo, Quezon",[1] Live,[A] Live,3rd,Mun,3rd,R4A,v1
2026-03,2026,[03] March,"Quezon, Quezon",[1] Live,[A] Live,5th,Mun,5th,R4A,v1
2026-03,2026,[03] March,"Real, Quezon",[1] Live,[A] Live,1st,Mun,1st,R4A,v1
2026-03,2026,[03] March,"Rizal, Laguna",[1] Live,[A] Live,5th,Mun,5th,R4A,with v1 v2
2026-03,2026,[03] March,"Rosario, Cavite",[1] Live,[A] Live,1st,Mun,1st,R4A,v1
2026-03,2026,[03] March,"Sampaloc, Quezon",[1] Live,[A] Live,5th,Mun,5th,R4A,v1
2026-03,2026,[03] March,"San Andres, Quezon",[3] System Setup,[B] Developmental,4th,Mun,4th,R4A,v1
2026-03,2026,[03] March,"San Antonio, Quezon",[1] Live,[A] Live,4th,Mun,4th,R4A,v1
2026-03,2026,[03] March,"San Juan, Batangas",[2] UAT,[B] Developmental,1st,Mun,1st,R4A,v1
2026-03,2026,[03] March,"San Luis, Batangas",[1] Live,[A] Live,4th,Mun,4th,R4A,v1
2026-03,2026,[03] March,"San Mateo, Rizal",[3] System Setup,[B] Developmental,1st,Mun,1st,R4A,v1
2026-03,2026,[03] March,"San Nicolas, Batangas",[1] Live,[A] Live,5th,Mun,5th,R4A,v1
2026-03,2026,[03] March,"San Pascual, Batangas",[1] Live,[A] Live,1st,Mun,1st,R4A,v1
2026-03,2026,[03] March,"Santa Teresita, Batangas",[1] Live,[A] Live,5th,Mun,5th,R4A,v1
2026-03,2026,[03] March,"Siniloan, Laguna",[1] Live,[A] Live,2nd,Mun,2nd,R4A,v1
2026-03,2026,[03] March,"Taal, Batangas",[1] Live,[A] Live,3rd,Mun,3rd,R4A,v1
2026-03,2026,[03] March,"Tanay, Rizal",[1] Live,[A] Live,1st,Mun,1st,R4A,v1
2026-03,2026,[03] March,"Tanza, Cavite",[1] Live,[A] Live,1st,Mun,1st,R4A,v1
2026-03,2026,[03] March,"Taysan, Batangas",[1] Live,[A] Live,2nd,Mun,2nd,R4A,v1
2026-03,2026,[03] March,"Teresa, Rizal",[3] System Setup,[B] Developmental,2nd,Mun,2nd,R4A,v2
2026-03,2026,[03] March,"Tuy, Batangas",[1] Live,[A] Live,3rd,Mun,3rd,R4A,v1
2026-03,2026,[03] March,"Unisan, Quezon",[1] Live,[A] Live,4th,Mun,4th,R4A,v1
2026-03,2026,[03] March,"Aroroy, Masbate",[1] Live,[A] Live,1st,Mun,1st,R5,v1
2026-03,2026,[03] March,"Baao, Camarines Sur",[8] Withdraw,[D] Withdraw,3rd,Mun,3rd,R5,
2026-03,2026,[03] March,"Bacacay, Albay",[1] Live,[A] Live,2nd,Mun,2nd,R5,v1
2026-03,2026,[03] March,"Baleno, Masbate",[8] Withdraw,[D] Withdraw,4th,Mun,4th,R5,
2026-03,2026,[03] March,"Balud, Masbate",[7] To Follow-up,[C] For Training/Others,4th,Mun,4th,R5,v1
2026-03,2026,[03] March,"Baras, Catanduanes",[8] Withdraw,[D] Withdraw,5th,Mun,5th,R5,
2026-03,2026,[03] March,"Barcelona, Sorsogon",[1] Live,[A] Live,5th,Mun,5th,R5,v1
2026-03,2026,[03] March,"Basud, Camarines Norte",[1] Live,[A] Live,3rd,Mun,3rd,R5,v1
2026-03,2026,[03] March,"Bato, Catanduanes",[8] Withdraw,[D] Withdraw,5th,Mun,5th,R5,
2026-03,2026,[03] March,"Bula, Camarines Sur",[1] Live,[A] Live,2nd,Mun,2nd,R5,v1
2026-03,2026,[03] March,"Bulan, Sorsogon",[1] Live,[A] Live,1st,Mun,1st,R5,v1
2026-03,2026,[03] March,"Bulusan, Sorsogon",[1] Live,[A] Live,4th,Mun,4th,R5,v1
2026-03,2026,[03] March,"Camalig, Albay",[1] Live,[A] Live,1st,Mun,1st,R5,v1
2026-03,2026,[03] March,"Camaligan, Camarines Sur",[1] Live,[A] Live,5th,Mun,5th,R5,v1
2026-03,2026,[03] March,"Canaman, Camarines Sur",[1] Live,[A] Live,4th,Mun,4th,R5,v1
2026-03,2026,[03] March,"Capalonga, Camarines Norte",[1] Live,[A] Live,3rd,Mun,3rd,R5,v1
2026-03,2026,[03] March,"Castilla, Sorsogon",[8] Withdraw,[D] Withdraw,3rd,Mun,3rd,R5,
2026-03,2026,[03] March,"Cataingan, Masbate",[1] Live,[A] Live,2nd,Mun,2nd,R5,v1
2026-03,2026,[03] March,"Cawayan, Masbate",[1] Live,[A] Live,2nd,Mun,2nd,R5,v1
2026-03,2026,[03] March,"Claveria, Masbate",[8] Withdraw,[D] Withdraw,3rd,Mun,3rd,R5,
2026-03,2026,[03] March,"Daet, Camarines Norte",[5] Admin Training,[C] For Training/Others,1st,Mun,1st,R5,
2026-03,2026,[03] March,"Del Gallego, Camarines Sur",[1] Live,[A] Live,4th,Mun,4th,R5,v1
2026-03,2026,[03] March,"Dimasalang, Masbate",[1] Live,[A] Live,4th,Mun,4th,R5,v1
2026-03,2026,[03] March,"Goa, Camarines Sur",[6] With Concerns,[C] For Training/Others,2nd,Mun,2nd,R5,v1
2026-03,2026,[03] March,"Gubat, Sorsogon",[1] Live,[A] Live,2nd,Mun,2nd,R5,v1
2026-03,2026,[03] March,"Guinobatan, Albay",[8] Withdraw,[D] Withdraw,1st,Mun,1st,R5,
2026-03,2026,[03] March,"Irosin, Sorsogon",[3] System Setup,[B] Developmental,2nd,Mun,2nd,R5,v2
2026-03,2026,[03] March,"Jose Panganiban, Camarines Norte",[1] Live,[A] Live,2nd,Mun,2nd,R5,v1
2026-03,2026,[03] March,"Labo, Camarines Norte",[1] Live,[A] Live,1st,Mun,1st,R5,v1
2026-03,2026,[03] March,"Libon, Albay",[1] Live,[A] Live,1st,Mun,1st,R5,v1
2026-03,2026,[03] March,"Magallanes, Sorsogon",[6] With Concerns,[C] For Training/Others,3rd,Mun,3rd,R5,v1
2026-03,2026,[03] March,"Magarao, Camarines Sur",[1] Live,[A] Live,4th,Mun,4th,R5,with v1 v2
2026-03,2026,[03] March,"Malilipot, Albay",[1] Live,[A] Live,4th,Mun,4th,R5,v1
2026-03,2026,[03] March,"Mandaon, Masbate",[1] Live,[A] Live,3rd,Mun,3rd,R5,v1
2026-03,2026,[03] March,"Mercedes, Camarines Norte",[1] Live,[A] Live,2nd,Mun,2nd,R5,v1
2026-03,2026,[03] March,"Milagros, Masbate",[1] Live,[A] Live,1st,Mun,1st,R5,v1
2026-03,2026,[03] March,"Minalabac, Camarines Sur",[1] Live,[A] Live,3rd,Mun,3rd,R5,v1
2026-03,2026,[03] March,"Mobo, Masbate",[1] Live,[A] Live,4th,Mun,4th,R5,v1
2026-03,2026,[03] March,"Monreal, Masbate",[1] Live,[A] Live,4th,Mun,4th,R5,v1
2026-03,2026,[03] March,"Oas, Albay",[1] Live,[A] Live,1st,Mun,1st,R5,v1
2026-03,2026,[03] March,"Palanas, Masbate",[1] Live,[A] Live,4th,Mun,4th,R5,v1
2026-03,2026,[03] March,"Pandan, Catanduanes",[8] Withdraw,[D] Withdraw,4th,Mun,4th,R5,
2026-03,2026,[03] March,"Panganiban, Catanduanes",[1] Live,[A] Live,5th,Mun,5th,R5,v1
2026-03,2026,[03] March,"Paracale, Camarines Norte",[1] Live,[A] Live,3rd,Mun,3rd,R5,v1
2026-03,2026,[03] March,"Pilar, Sorsogon",[1] Live,[A] Live,1st,Mun,1st,R5,v1
2026-03,2026,[03] March,"Pili, Camarines Sur",[3] System Setup,[B] Developmental,1st,Mun,1st,R5,v1
2026-03,2026,[03] March,"Pio Duran, Albay",[3] System Setup,[B] Developmental,3rd,Mun,3rd,R5,v1
2026-03,2026,[03] March,"Placer, Masbate",[8] Withdraw,[D] Withdraw,2nd,Mun,2nd,R5,
2026-03,2026,[03] March,"Polangui, Albay",[8] Withdraw,[D] Withdraw,1st,Mun,1st,R5,
2026-03,2026,[03] March,"Presentacion, Camarines Sur",[1] Live,[A] Live,4th,Mun,4th,R5,with v1 v2
2026-03,2026,[03] March,"Ragay, Camarines Sur",[1] Live,[A] Live,1st,Mun,1st,R5,v1
2026-03,2026,[03] March,"Sagñay, Camarines Sur",[1] Live,[A] Live,4th,Mun,4th,R5,v1
2026-03,2026,[03] March,"San Jose, Camarines Sur",[1] Live,[A] Live,4th,Mun,4th,R5,with v1 v2
2026-03,2026,[03] March,"San Miguel, Catanduanes",[8] Withdraw,[D] Withdraw,5th,Mun,5th,R5,
2026-03,2026,[03] March,"San Pascual, Masbate",[3] System Setup,[B] Developmental,3rd,Mun,3rd,R5,v1
2026-03,2026,[03] March,"San Vicente, Camarines Norte",[1] Live,[A] Live,5th,Mun,5th,R5,v1
2026-03,2026,[03] March,"Santa Elena, Camarines Norte",[1] Live,[A] Live,3rd,Mun,3rd,R5,v1
2026-03,2026,[03] March,"Santa Magdalena, Sorsogon",[2] UAT,[B] Developmental,5th,Mun,5th,R5,v1
2026-03,2026,[03] March,"Santo Domingo, Albay",[6] With Concerns,[C] For Training/Others,4th,Mun,4th,R5,v1
2026-03,2026,[03] March,"Talisay, Camarines Norte",[1] Live,[A] Live,4th,Mun,4th,R5,v1
2026-03,2026,[03] March,"Tiwi, Albay",[8] Withdraw,[D] Withdraw,1st,Mun,1st,R5,
2026-03,2026,[03] March,"Uson, Masbate",[1] Live,[A] Live,3rd,Mun,3rd,R5,v1
2026-03,2026,[03] March,"Vinzons, Camarines Norte",[1] Live,[A] Live,3rd,Mun,3rd,R5,v1
2026-03,2026,[03] March,"Virac, Catanduanes",[1] Live,[A] Live,1st,Mun,1st,R5,v1
2026-03,2026,[03] March,"Alegria, Surigao del Norte",[1] Live,[A] Live,5th,Mun,5th,R13,v1
2026-03,2026,[03] March,"Bayabas, Surigao del Sur",[1] Live,[A] Live,5th,Mun,5th,R13,v1
2026-03,2026,[03] March,"Buenavista, Agusan del Norte",[1] Live,[A] Live,1st,Mun,1st,R13,v1
2026-03,2026,[03] March,"Burgos, Surigao del Norte",[1] Live,[A] Live,6th,Mun,6th,R13,v1
2026-03,2026,[03] March,"Cagdianao, Dinagat Islands",[1] Live,[A] Live,3rd,Mun,3rd,R13,v1
2026-03,2026,[03] March,"Cagwait, Surigao del Sur",[1] Live,[A] Live,4th,Mun,4th,R13,v1
2026-03,2026,[03] March,"Cantilan, Surigao del Sur",[1] Live,[A] Live,2nd,Mun,2nd,R13,v1
2026-03,2026,[03] March,"Carmen, Surigao del Sur",[1] Live,[A] Live,5th,Mun,5th,R13,v1
2026-03,2026,[03] March,"City of Cabadbaran, Agusan del Norte",[1] Live,[A] Live,6th,City,6th,R13,v1
2026-03,2026,[03] March,"City of Surigao, Surigao del Norte",[8] Withdraw,[D] Withdraw,3rd,City,3rd,R13,
2026-03,2026,[03] March,"City of Tandag, Surigao del Sur",[1] Live,[A] Live,5th,City,5th,R13,v1
2026-03,2026,[03] March,"Cortes, Surigao del Sur",[1] Live,[A] Live,4th,Mun,4th,R13,v1
2026-03,2026,[03] March,"Del Carmen, Surigao del Norte",[1] Live,[A] Live,5th,Mun,5th,R13,v1
2026-03,2026,[03] March,"Dinagat, Dinagat Islands",[1] Live,[A] Live,5th,Mun,5th,R13,v1
2026-03,2026,[03] March,"General Luna, Surigao del Norte",[1] Live,[A] Live,5th,Mun,5th,R13,v1
2026-03,2026,[03] March,"Gigaquit, Surigao del Norte",[1] Live,[A] Live,4th,Mun,4th,R13,v1
2026-03,2026,[03] March,"Hinatuan, Surigao del Sur",[1] Live,[A] Live,2nd,Mun,2nd,R13,v1
2026-03,2026,[03] March,"Kitcharao, Agusan del Norte",[1] Live,[A] Live,4th,Mun,4th,R13,v1
2026-03,2026,[03] March,"Lanuza, Surigao del Sur",[1] Live,[A] Live,4th,Mun,4th,R13,v1
2026-03,2026,[03] March,"Las Nieves, Agusan del Norte",[1] Live,[A] Live,2nd,Mun,2nd,R13,v1
2026-03,2026,[03] March,"Lianga, Surigao del Sur",[1] Live,[A] Live,4th,Mun,4th,R13,v1
2026-03,2026,[03] March,"Lingig, Surigao del Sur",[1] Live,[A] Live,2nd,Mun,2nd,R13,v1
2026-03,2026,[03] March,"Madrid, Surigao del Sur",[1] Live,[A] Live,4th,Mun,4th,R13,v1
2026-03,2026,[03] March,"Magallanes, Agusan del Norte",[1] Live,[A] Live,4th,Mun,4th,R13,v1
2026-03,2026,[03] March,"Mainit, Surigao del Norte",[1] Live,[A] Live,4th,Mun,4th,R13,v1
2026-03,2026,[03] March,"Marihatag, Surigao del Sur",[1] Live,[A] Live,3rd,Mun,3rd,R13,v1
2026-03,2026,[03] March,"Remedios T. Romualdez, Agusan del Norte",[1] Live,[A] Live,5th,Mun,5th,R13,v1
2026-03,2026,[03] March,"San Agustin, Surigao del Sur",[1] Live,[A] Live,4th,Mun,4th,R13,v1
2026-03,2026,[03] March,"San Francisco, Agusan del Sur",[1] Live,[A] Live,1st,Mun,1st,R13,v1
2026-03,2026,[03] March,"San Francisco, Surigao del Norte",[1] Live,[A] Live,5th,Mun,5th,R13,v1
2026-03,2026,[03] March,"San Isidro, Surigao del Norte",[1] Live,[A] Live,5th,Mun,5th,R13,v1
2026-03,2026,[03] March,"San Jose, Dinagat Islands",[1] Live,[A] Live,4th,Mun,4th,R13,v1
2026-03,2026,[03] March,"San Miguel, Surigao del Sur",[1] Live,[A] Live,1st,Mun,1st,R13,v1
2026-03,2026,[03] March,"Santa Josefa, Agusan del Sur",[1] Live,[A] Live,3rd,Mun,3rd,R13,v1
2026-03,2026,[03] March,"Santiago, Agusan del Norte",[1] Live,[A] Live,4th,Mun,4th,R13,v1
2026-03,2026,[03] March,"Sison, Surigao del Norte",[1] Live,[A] Live,5th,Mun,5th,R13,v1
2026-03,2026,[03] March,"Socorro, Surigao del Norte",[1] Live,[A] Live,4th,Mun,4th,R13,v1
2026-03,2026,[03] March,"Tagana-An, Surigao del Norte",[1] Live,[A] Live,5th,Mun,5th,R13,v1
2026-03,2026,[03] March,"Tagbina, Surigao del Sur",[1] Live,[A] Live,2nd,Mun,2nd,R13,v1
2026-03,2026,[03] March,"Tago, Surigao del Sur",[1] Live,[A] Live,2nd,Mun,2nd,R13,v1
2026-03,2026,[03] March,"Trento, Agusan del Sur",[1] Live,[A] Live,1st,Mun,1st,R13,v1
2026-03,2026,[03] March,"Tubajon, Dinagat Islands",[1] Live,[A] Live,5th,Mun,5th,R13,v1
2026-03,2026,[03] March,"Tubod, Surigao del Norte",[1] Live,[A] Live,5th,Mun,5th,R13,v1
2026-03,2026,[03] March,"Amlan, Negros Oriental",[1] Live,[A] Live,4th,Mun,4th,NIR,v1
2026-03,2026,[03] March,"Ayungon, Negros Oriental",[1] Live,[A] Live,2nd,Mun,2nd,NIR,v1
2026-03,2026,[03] March,"Bacong, Negros Oriental",[8] Withdraw,[D] Withdraw,4th,Mun,4th,NIR,
2026-03,2026,[03] March,"Basay, Negros Oriental",[1] Live,[A] Live,4th,Mun,4th,NIR,v1
2026-03,2026,[03] March,"Candoni, Negros Occidental",[1] Live,[A] Live,4th,Mun,4th,NIR,v1
2026-03,2026,[03] March,"City of Canlaon, Negros Oriental",[1] Live,[A] Live,4th,City,4th,NIR,v1
2026-03,2026,[03] March,"City of Dumaguete, Negros Oriental",[1] Live,[A] Live,3rd,City,3rd,NIR,v1
2026-03,2026,[03] March,"City of Escalante, Negros Occidental",[1] Live,[A] Live,4th,City,4th,NIR,v1
2026-03,2026,[03] March,"City of Guihulngan, Negros Oriental",[1] Live,[A] Live,5th,City,5th,NIR,v1
2026-03,2026,[03] March,"City of Himamaylan, Negros Occidental",[1] Live,[A] Live,3rd,City,3rd,NIR,v1
2026-03,2026,[03] March,"City of Kabankalan, Negros Occidental",[1] Live,[A] Live,1st,City,1st,NIR,v1
2026-03,2026,[03] March,"City of La Carlota, Negros Occidental",[1] Live,[A] Live,4th,City,4th,NIR,v1
2026-03,2026,[03] March,"City of Sagay, Negros Occidental",[1] Live,[A] Live,3rd,City,3rd,NIR,v1
2026-03,2026,[03] March,"City of Sipalay, Negros Occidental",[1] Live,[A] Live,4th,City,4th,NIR,v1
2026-03,2026,[03] March,"Dauin, Negros Oriental",[1] Live,[A] Live,4th,Mun,4th,NIR,v1
2026-03,2026,[03] March,"Enrique Villanueva, Siquijor",[1] Live,[A] Live,5th,Mun,5th,NIR,v1
2026-03,2026,[03] March,"Hinigaran, Negros Occidental",[1] Live,[A] Live,1st,Mun,1st,NIR,v1
2026-03,2026,[03] March,"Hinoba-an, Negros Occidental",[1] Live,[A] Live,1st,Mun,1st,NIR,v1
2026-03,2026,[03] March,"Jimalalud, Negros Oriental",[1] Live,[A] Live,4th,Mun,4th,NIR,v1
2026-03,2026,[03] March,"La Libertad, Negros Oriental",[1] Live,[A] Live,3rd,Mun,3rd,NIR,v1
2026-03,2026,[03] March,"Larena, Siquijor",[1] Live,[A] Live,5th,Mun,5th,NIR,v1
2026-03,2026,[03] March,"Lazi, Siquijor",[1] Live,[A] Live,4th,Mun,4th,NIR,v1
2026-03,2026,[03] March,"Mabinay, Negros Oriental",[1] Live,[A] Live,1st,Mun,1st,NIR,v1
2026-03,2026,[03] March,"Manapla, Negros Occidental",[1] Live,[A] Live,2nd,Mun,2nd,NIR,v1
2026-03,2026,[03] March,"Manjuyod, Negros Oriental",[2] UAT,[B] Developmental,2nd,Mun,2nd,NIR,v1
2026-03,2026,[03] March,"Maria, Siquijor",[1] Live,[A] Live,5th,Mun,5th,NIR,v1
2026-03,2026,[03] March,"Moises Padilla, Negros Occidental",[1] Live,[A] Live,3rd,Mun,3rd,NIR,v1
2026-03,2026,[03] March,"Pontevedra, Negros Occidental",[1] Live,[A] Live,3rd,Mun,3rd,NIR,v1
2026-03,2026,[03] March,"San Jose, Negros Oriental",[1] Live,[A] Live,5th,Mun,5th,NIR,v1
2026-03,2026,[03] March,"San Juan, Siquijor",[1] Live,[A] Live,5th,Mun,5th,NIR,v1
2026-03,2026,[03] March,"Siaton, Negros Oriental",[1] Live,[A] Live,1st,Mun,1st,NIR,v1
2026-03,2026,[03] March,"Sibulan, Negros Oriental",[1] Live,[A] Live,2nd,Mun,2nd,NIR,v1
2026-03,2026,[03] March,"Tayasan, Negros Oriental",[1] Live,[A] Live,3rd,Mun,3rd,NIR,v1
2026-03,2026,[03] March,"Valencia, Negros Oriental",[1] Live,[A] Live,1st,Mun,1st,NIR,v1
2026-03,2026,[03] March,"Vallehermoso, Negros Oriental",[1] Live,[A] Live,3rd,Mun,3rd,NIR,v1
2026-03,2026,[03] March,"Abuyog, Leyte",[1] Live,[A] Live,1st,Mun,1st,R8,v1
2026-03,2026,[03] March,"Alangalang, Leyte",[1] Live,[A] Live,2nd,Mun,2nd,R8,v1
2026-03,2026,[03] March,"Albuera, Leyte",[1] Live,[A] Live,3rd,Mun,3rd,R8,v1
2026-03,2026,[03] March,"Almeria, Biliran",[1] Live,[A] Live,5th,Mun,5th,R8,v1
2026-03,2026,[03] March,"Anahawan, Southern Leyte",[1] Live,[A] Live,5th,Mun,5th,R8,v1
2026-03,2026,[03] March,"Arteche, Eastern Samar",[6] With Concerns,[C] For Training/Others,3rd,Mun,3rd,R8,v1
2026-03,2026,[03] March,"Babatngon, Leyte",[8] Withdraw,[D] Withdraw,4th,Mun,4th,R8,
2026-03,2026,[03] March,"Balangiga, Eastern Samar",[1] Live,[A] Live,4th,Mun,4th,R8,v1
2026-03,2026,[03] March,"Balangkayan, Eastern Samar",[1] Live,[A] Live,5th,Mun,5th,R8,v1
2026-03,2026,[03] March,"Barugo, Leyte",[8] Withdraw,[D] Withdraw,4th,Mun,4th,R8,
2026-03,2026,[03] March,"Basey, Samar",[1] Live,[A] Live,1st,Mun,1st,R8,v1
2026-03,2026,[03] March,"Bato, Leyte",[1] Live,[A] Live,4th,Mun,4th,R8,v1
2026-03,2026,[03] March,"Biliran, Biliran",[1] Live,[A] Live,5th,Mun,5th,R8,v1
2026-03,2026,[03] March,"Bobon, Northern Samar",[1] Live,[A] Live,4th,Mun,4th,R8,v1
2026-03,2026,[03] March,"Bontoc, Southern Leyte",[1] Live,[A] Live,4th,Mun,4th,R8,v1
2026-03,2026,[03] March,"Caibiran, Biliran",[1] Live,[A] Live,5th,Mun,5th,R8,v1
2026-03,2026,[03] March,"Calbiga, Samar",[1] Live,[A] Live,4th,Mun,4th,R8,v1
2026-03,2026,[03] March,"Calubian, Leyte",[1] Live,[A] Live,4th,Mun,4th,R8,v1
2026-03,2026,[03] March,"Can-Avid, Eastern Samar",[1] Live,[A] Live,4th,Mun,4th,R8,v1
2026-03,2026,[03] March,"Capoocan, Leyte",[8] Withdraw,[D] Withdraw,4th,Mun,4th,R8,
2026-03,2026,[03] March,"Carigara, Leyte",[1] Live,[A] Live,2nd,Mun,2nd,R8,v1
2026-03,2026,[03] March,"Catarman, Northern Samar",[8] Withdraw,[D] Withdraw,1st,Mun,1st,R8,
2026-03,2026,[03] March,"Catubig, Northern Samar",[1] Live,[A] Live,3rd,Mun,3rd,R8,v1
2026-03,2026,[03] March,"City of Borongan, Eastern Samar",[1] Live,[A] Live,1st,City,1st,R8,v1
2026-03,2026,[03] March,"City of Catbalogan, Samar",[1] Live,[A] Live,5th,City,5th,R8,v1
2026-03,2026,[03] March,"City of Maasin, Southern Leyte",[1] Live,[A] Live,4th,City,4th,R8,v1
2026-03,2026,[03] March,"Daram, Samar",[1] Live,[A] Live,3rd,Mun,3rd,R8,v1
2026-03,2026,[03] March,"Dolores, Eastern Samar",[1] Live,[A] Live,3rd,Mun,3rd,R8,v1
2026-03,2026,[03] March,"Gamay, Northern Samar",[1] Live,[A] Live,4th,Mun,4th,R8,v1
2026-03,2026,[03] March,"Gandara, Samar",[1] Live,[A] Live,2nd,Mun,2nd,R8,v1
2026-03,2026,[03] March,"General Macarthur, Eastern Samar",[1] Live,[A] Live,5th,Mun,5th,R8,v1
2026-03,2026,[03] March,"Guiuan, Eastern Samar",[1] Live,[A] Live,2nd,Mun,2nd,R8,v1
2026-03,2026,[03] March,"Hernani, Eastern Samar",[1] Live,[A] Live,5th,Mun,5th,R8,v1
2026-03,2026,[03] March,"Hilongos, Leyte",[1] Live,[A] Live,2nd,Mun,2nd,R8,v1
2026-03,2026,[03] March,"Hindang, Leyte",[1] Live,[A] Live,5th,Mun,5th,R8,v1
2026-03,2026,[03] March,"Hinunangan, Southern Leyte",[1] Live,[A] Live,3rd,Mun,3rd,R8,v1
2026-03,2026,[03] March,"Hinundayan, Southern Leyte",[1] Live,[A] Live,5th,Mun,5th,R8,v1
2026-03,2026,[03] March,"Inopacan, Leyte",[1] Live,[A] Live,4th,Mun,4th,R8,v1
2026-03,2026,[03] March,"Isabel, Leyte",[1] Live,[A] Live,1st,Mun,1st,R8,v1
2026-03,2026,[03] March,"Jaro, Leyte",[1] Live,[A] Live,3rd,Mun,3rd,R8,v1
2026-03,2026,[03] March,"Javier, Leyte",[1] Live,[A] Live,4th,Mun,4th,R8,v1
2026-03,2026,[03] March,"Jiabong, Samar",[1] Live,[A] Live,5th,Mun,5th,R8,v1
2026-03,2026,[03] March,"Kananga, Leyte",[1] Live,[A] Live,1st,Mun,1st,R8,v1
2026-03,2026,[03] March,"Kawayan, Biliran",[1] Live,[A] Live,5th,Mun,5th,R8,v1
2026-03,2026,[03] March,"La Paz, Leyte",[1] Live,[A] Live,5th,Mun,5th,R8,v1
2026-03,2026,[03] March,"Lapinig, Northern Samar",[1] Live,[A] Live,5th,Mun,5th,R8,v1
2026-03,2026,[03] March,"Las Navas, Northern Samar",[1] Live,[A] Live,3rd,Mun,3rd,R8,v1
2026-03,2026,[03] March,"Lavezares, Northern Samar",[1] Live,[A] Live,4th,Mun,4th,R8,v1
2026-03,2026,[03] March,"Lawaan, Eastern Samar",[1] Live,[A] Live,5th,Mun,5th,R8,v1
2026-03,2026,[03] March,"Leyte, Leyte",[1] Live,[A] Live,4th,Mun,4th,R8,v1
2026-03,2026,[03] March,"Libagon, Southern Leyte",[1] Live,[A] Live,5th,Mun,5th,R8,v1
2026-03,2026,[03] March,"Liloan, Southern Leyte",[1] Live,[A] Live,4th,Mun,4th,R8,v1
2026-03,2026,[03] March,"Llorente, Eastern Samar",[1] Live,[A] Live,3rd,Mun,3rd,R8,v1
2026-03,2026,[03] March,"Lope De Vega, Northern Samar",[1] Live,[A] Live,4th,Mun,4th,R8,v1
2026-03,2026,[03] March,"Macarthur, Leyte",[1] Live,[A] Live,5th,Mun,5th,R8,v1
2026-03,2026,[03] March,"Macrohon, Southern Leyte",[1] Live,[A] Live,4th,Mun,4th,R8,v1
2026-03,2026,[03] March,"Mahaplag, Leyte",[1] Live,[A] Live,4th,Mun,4th,R8,v1
2026-03,2026,[03] March,"Malitbog, Southern Leyte",[1] Live,[A] Live,4th,Mun,4th,R8,v1
2026-03,2026,[03] March,"Mapanas, Northern Samar",[1] Live,[A] Live,5th,Mun,5th,R8,v1
2026-03,2026,[03] March,"Marabut, Samar",[1] Live,[A] Live,5th,Mun,5th,R8,v1
2026-03,2026,[03] March,"Maripipi, Biliran",[2] UAT,[B] Developmental,5th,Mun,5th,R8,v1
2026-03,2026,[03] March,"Matag-Ob, Leyte",[1] Live,[A] Live,4th,Mun,4th,R8,v1
2026-03,2026,[03] March,"Matalom, Leyte",[1] Live,[A] Live,3rd,Mun,3rd,R8,v1
2026-03,2026,[03] March,"Matuguinao, Samar",[1] Live,[A] Live,5th,Mun,5th,R8,v1
2026-03,2026,[03] March,"Maydolong, Eastern Samar",[1] Live,[A] Live,4th,Mun,4th,R8,v1
2026-03,2026,[03] March,"Mayorga, Leyte",[1] Live,[A] Live,5th,Mun,5th,R8,v1
2026-03,2026,[03] March,"Mercedes, Eastern Samar",[1] Live,[A] Live,5th,Mun,5th,R8,v1
2026-03,2026,[03] March,"Merida, Leyte",[1] Live,[A] Live,5th,Mun,5th,R8,v1
2026-03,2026,[03] March,"Mondragon, Northern Samar",[1] Live,[A] Live,3rd,Mun,3rd,R8,v1
2026-03,2026,[03] March,"Motiong, Samar",[1] Live,[A] Live,4th,Mun,4th,R8,v1
2026-03,2026,[03] March,"Naval, Biliran",[1] Live,[A] Live,2nd,Mun,2nd,R8,v1
2026-03,2026,[03] March,"Oras, Eastern Samar",[1] Live,[A] Live,3rd,Mun,3rd,R8,v1
2026-03,2026,[03] March,"Padre Burgos, Southern Leyte",[1] Live,[A] Live,5th,Mun,5th,R8,v1
2026-03,2026,[03] March,"Palo, Leyte",[1] Live,[A] Live,3rd,Mun,3rd,R8,v1
2026-03,2026,[03] March,"Palompon, Leyte",[8] Withdraw,[D] Withdraw,2nd,Mun,2nd,R8,
2026-03,2026,[03] March,"Pambujan, Northern Samar",[1] Live,[A] Live,4th,Mun,4th,R8,v1
2026-03,2026,[03] March,"Paranas, Samar",[1] Live,[A] Live,2nd,Mun,2nd,R8,v1
2026-03,2026,[03] March,"Pastrana, Leyte",[1] Live,[A] Live,5th,Mun,5th,R8,v1
2026-03,2026,[03] March,"Pinabacdao, Samar",[1] Live,[A] Live,4th,Mun,4th,R8,v1
2026-03,2026,[03] March,"Pintuyan, Southern Leyte",[1] Live,[A] Live,5th,Mun,5th,R8,v1
2026-03,2026,[03] March,"Quinapondan, Eastern Samar",[1] Live,[A] Live,5th,Mun,5th,R8,v1
2026-03,2026,[03] March,"Rosario, Northern Samar",[1] Live,[A] Live,5th,Mun,5th,R8,v1
2026-03,2026,[03] March,"Saint Bernard, Southern Leyte",[1] Live,[A] Live,4th,Mun,4th,R8,v1
2026-03,2026,[03] March,"Salcedo, Eastern Samar",[1] Live,[A] Live,5th,Mun,5th,R8,v1
2026-03,2026,[03] March,"San Antonio, Northern Samar",[1] Live,[A] Live,5th,Mun,5th,R8,v1
2026-03,2026,[03] March,"San Francisco, Southern Leyte",[1] Live,[A] Live,5th,Mun,5th,R8,v1
2026-03,2026,[03] March,"San Jorge, Samar",[1] Live,[A] Live,4th,Mun,4th,R8,v1
2026-03,2026,[03] March,"San Jose, Northern Samar",[1] Live,[A] Live,5th,Mun,5th,R8,v1
2026-03,2026,[03] March,"San Juan, Southern Leyte",[1] Live,[A] Live,5th,Mun,5th,R8,v1
2026-03,2026,[03] March,"San Julian, Eastern Samar",[1] Live,[A] Live,5th,Mun,5th,R8,v1
2026-03,2026,[03] March,"San Miguel, Leyte",[8] Withdraw,[D] Withdraw,4th,Mun,4th,R8,
2026-03,2026,[03] March,"San Policarpo, Eastern Samar",[1] Live,[A] Live,5th,Mun,5th,R8,v1
2026-03,2026,[03] March,"San Ricardo, Southern Leyte",[1] Live,[A] Live,5th,Mun,5th,R8,v1
2026-03,2026,[03] March,"San Roque, Northern Samar",[1] Live,[A] Live,4th,Mun,4th,R8,v1
2026-03,2026,[03] March,"San Sebastian, Samar",[1] Live,[A] Live,6th,Mun,6th,R8,v1
2026-03,2026,[03] March,"Santa Fe, Leyte",[6] With Concerns,[C] For Training/Others,5th,Mun,5th,R8,v1
2026-03,2026,[03] March,"Santa Margarita, Samar",[1] Live,[A] Live,4th,Mun,4th,R8,v1
2026-03,2026,[03] March,"Santa Rita, Samar",[1] Live,[A] Live,3rd,Mun,3rd,R8,v1
2026-03,2026,[03] March,"Silago, Southern Leyte",[1] Live,[A] Live,4th,Mun,4th,R8,v1
2026-03,2026,[03] March,"Sogod, Southern Leyte",[1] Live,[A] Live,2nd,Mun,2nd,R8,v1
2026-03,2026,[03] March,"Sulat, Eastern Samar",[1] Live,[A] Live,4th,Mun,4th,R8,v1
2026-03,2026,[03] March,"Tabontabon, Leyte",[1] Live,[A] Live,5th,Mun,5th,R8,v1
2026-03,2026,[03] March,"Taft, Eastern Samar",[1] Live,[A] Live,4th,Mun,4th,R8,v1
2026-03,2026,[03] March,"Tagapul-An, Samar",[8] Withdraw,[D] Withdraw,5th,Mun,5th,R8,
2026-03,2026,[03] March,"Tarangnan, Samar",[1] Live,[A] Live,4th,Mun,4th,R8,v1
2026-03,2026,[03] March,"Tolosa, Leyte",[1] Live,[A] Live,5th,Mun,5th,R8,v1
2026-03,2026,[03] March,"Tomas Oppus, Southern Leyte",[1] Live,[A] Live,5th,Mun,5th,R8,v1
2026-03,2026,[03] March,"Tunga, Leyte",[8] Withdraw,[D] Withdraw,6th,Mun,6th,R8,
2026-03,2026,[03] March,"Victoria, Northern Samar",[1] Live,[A] Live,5th,Mun,5th,R8,v1
2026-03,2026,[03] March,"Villaba, Leyte",[1] Live,[A] Live,3rd,Mun,3rd,R8,v1
2026-03,2026,[03] March,"Villareal, Samar",[1] Live,[A] Live,4th,Mun,4th,R8,v1
2026-03,2026,[03] March,"Zumarraga, Samar",[1] Live,[A] Live,5th,Mun,5th,R8,v1
2026-03,2026,[03] March,"Ampatuan, Maguindanao del Sur",[1] Live,[A] Live,4th,Mun,4th,BARMM II,v1
2026-03,2026,[03] March,"Datu Abdullah Sangki, Maguindanao del Sur",[1] Live,[A] Live,-,Mun,-,BARMM II,v1
2026-03,2026,[03] March,"Datu Anggal Midtimbang, Maguindanao del Sur",[3] System Setup,[B] Developmental,-,Mun,-,BARMM II,v1
2026-03,2026,[03] March,"Datu Paglas, Maguindanao del Sur",[1] Live,[A] Live,4th,Mun,4th,BARMM II,v1
2026-03,2026,[03] March,"Datu Piang, Maguindanao del Sur",[3] System Setup,[B] Developmental,2nd,Mun,2nd,BARMM II,v1
2026-03,2026,[03] March,"Northern Kabuntalan, Maguindanao del Norte",[5] Admin Training,[C] For Training/Others,5th,Mun,5th,BARMM II,
2026-03,2026,[03] March,"Pagalungan, Maguindanao del Sur",[1] Live,[A] Live,1st,Mun,1st,BARMM II,v1
2026-03,2026,[03] March,"Parang, Maguindanao del Norte",[1] Live,[A] Live,1st,Mun,1st,BARMM II,v1
2026-03,2026,[03] March,"Shariff Aguak, Maguindanao del Sur",[1] Live,[A] Live,2nd,Mun,2nd,BARMM II,v1
2026-03,2026,[03] March,"Sultan Kudarat, Maguindanao del Norte",[1] Live,[A] Live,1st,Mun,1st,BARMM II,v1
2026-03,2026,[03] March,"Talayan, Maguindanao del Sur",[1] Live,[A] Live,4th,Mun,4th,BARMM II,v1
2026-03,2026,[03] March,"Upi, Maguindanao del Norte",[1] Live,[A] Live,1st,Mun,1st,BARMM II,v1
2026-03,2026,[03] March,"Alabel, Sarangani",[1] Live,[A] Live,1st,Mun,1st,R12,v1
2026-03,2026,[03] March,"Alamada, Cotabato",[1] Live,[A] Live,1st,Mun,1st,R12,v1
2026-03,2026,[03] March,"Aleosan, Cotabato",[1] Live,[A] Live,3rd,Mun,3rd,R12,v1
2026-03,2026,[03] March,"Antipas, Cotabato",[1] Live,[A] Live,2nd,Mun,2nd,R12,v1
2026-03,2026,[03] March,"Arakan, Cotabato",[1] Live,[A] Live,1st,Mun,1st,R12,v1
2026-03,2026,[03] March,"Bagumbayan, Sultan Kudarat",[1] Live,[A] Live,1st,Mun,1st,R12,v1
2026-03,2026,[03] March,"Banga, South Cotabato",[1] Live,[A] Live,1st,Mun,1st,R12,v1
2026-03,2026,[03] March,"Banisilan, Cotabato",[1] Live,[A] Live,2nd,Mun,2nd,R12,v1
2026-03,2026,[03] March,"Carmen, Cotabato",[1] Live,[A] Live,1st,Mun,1st,R12,v1
2026-03,2026,[03] March,"City of Kidapawan, Cotabato",[1] Live,[A] Live,3rd,City,3rd,R12,v1
2026-03,2026,[03] March,"City of Tacurong, Sultan Kudarat",[8] Withdraw,[D] Withdraw,4th,City,4th,R12,
2026-03,2026,[03] March,"Columbio, Sultan Kudarat",[1] Live,[A] Live,1st,Mun,1st,R12,v1
2026-03,2026,[03] March,"Esperanza, Sultan Kudarat",[1] Live,[A] Live,1st,Mun,1st,R12,v1
2026-03,2026,[03] March,"Glan, Sarangani",[6] With Concerns,[C] For Training/Others,1st,Mun,1st,R12,v1
2026-03,2026,[03] March,"Isulan, Sultan Kudarat",[1] Live,[A] Live,1st,Mun,1st,R12,v1
2026-03,2026,[03] March,"Kabacan, Cotabato",[1] Live,[A] Live,1st,Mun,1st,R12,v1
2026-03,2026,[03] March,"Kalamansig, Sultan Kudarat",[1] Live,[A] Live,1st,Mun,1st,R12,v1
2026-03,2026,[03] March,"Kiamba, Sarangani",[1] Live,[A] Live,1st,Mun,1st,R12,v1
2026-03,2026,[03] March,"Lambayong, Sultan Kudarat",[1] Live,[A] Live,2nd,Mun,2nd,R12,v1
2026-03,2026,[03] March,"Lebak, Sultan Kudarat",[1] Live,[A] Live,1st,Mun,1st,R12,v1
2026-03,2026,[03] March,"Libungan, Cotabato",[1] Live,[A] Live,2nd,Mun,2nd,R12,v1
2026-03,2026,[03] March,"M'Lang, Cotabato",[1] Live,[A] Live,1st,Mun,1st,R12,v1
2026-03,2026,[03] March,"Maasim, Sarangani",[1] Live,[A] Live,1st,Mun,1st,R12,v1
2026-03,2026,[03] March,"Magpet, Cotabato",[1] Live,[A] Live,1st,Mun,1st,R12,v1
2026-03,2026,[03] March,"Maitum, Sarangani",[1] Live,[A] Live,2nd,Mun,2nd,R12,v1
2026-03,2026,[03] March,"Malapatan, Sarangani",[1] Live,[A] Live,1st,Mun,1st,R12,v1
2026-03,2026,[03] March,"Malungon, Sarangani",[8] Withdraw,[D] Withdraw,1st,Mun,1st,R12,
2026-03,2026,[03] March,"Matalam, Cotabato",[1] Live,[A] Live,1st,Mun,1st,R12,v1
2026-03,2026,[03] March,"Midsayap, Cotabato",[1] Live,[A] Live,1st,Mun,1st,R12,v1
2026-03,2026,[03] March,"Palimbang, Sultan Kudarat",[1] Live,[A] Live,2nd,Mun,2nd,R12,v1
2026-03,2026,[03] March,"Pigkawayan, Cotabato",[1] Live,[A] Live,1st,Mun,1st,R12,v1
2026-03,2026,[03] March,"Pikit, Cotabato",[1] Live,[A] Live,1st,Mun,1st,R12,v1
2026-03,2026,[03] March,"Polomolok, South Cotabato",[1] Live,[A] Live,1st,Mun,1st,R12,v1
2026-03,2026,[03] March,"President Quirino, Sultan Kudarat",[1] Live,[A] Live,3rd,Mun,3rd,R12,v1
2026-03,2026,[03] March,"President Roxas, Cotabato",[1] Live,[A] Live,1st,Mun,1st,R12,v1
2026-03,2026,[03] March,"Santo Niño, South Cotabato",[1] Live,[A] Live,3rd,Mun,3rd,R12,v1
2026-03,2026,[03] March,"Sen. Ninoy Aquino, Sultan Kudarat",[1] Live,[A] Live,3rd,Mun,3rd,R12,v1
2026-03,2026,[03] March,"Surallah, South Cotabato",[1] Live,[A] Live,1st,Mun,1st,R12,v1
2026-03,2026,[03] March,"T'Boli, South Cotabato",[1] Live,[A] Live,1st,Mun,1st,R12,v1
2026-03,2026,[03] March,"Tampakan, South Cotabato",[1] Live,[A] Live,2nd,Mun,2nd,R12,v1
2026-03,2026,[03] March,"Tantangan, South Cotabato",[1] Live,[A] Live,3rd,Mun,3rd,R12,v1
2026-03,2026,[03] March,"Tulunan, Cotabato",[1] Live,[A] Live,2nd,Mun,2nd,R12,v1
2026-03,2026,[03] March,"Tupi, South Cotabato",[1] Live,[A] Live,1st,Mun,1st,R12,v1
2026-03,2026,[03] March,"Aborlan, Palawan",[1] Live,[A] Live,1st,Mun,1st,R4B,v1
2026-03,2026,[03] March,"Abra De Ilog, Occidental Mindoro",[1] Live,[A] Live,2nd,Mun,2nd,R4B,v1
2026-03,2026,[03] March,"Alcantara, Romblon",[1] Live,[A] Live,5th,Mun,5th,R4B,v1
2026-03,2026,[03] March,"Baco, Oriental Mindoro",[1] Live,[A] Live,3rd,Mun,3rd,R4B,v1
2026-03,2026,[03] March,"Bansud, Oriental Mindoro",[1] Live,[A] Live,2nd,Mun,2nd,R4B,v1
2026-03,2026,[03] March,"Banton, Romblon",[1] Live,[A] Live,5th,Mun,5th,R4B,v1
2026-03,2026,[03] March,"Bataraza, Palawan",[1] Live,[A] Live,1st,Mun,1st,R4B,v1
2026-03,2026,[03] March,"Bongabong, Oriental Mindoro",[1] Live,[A] Live,1st,Mun,1st,R4B,v1
2026-03,2026,[03] March,"Brooke's Point, Palawan",[1] Live,[A] Live,1st,Mun,1st,R4B,v1
2026-03,2026,[03] March,"Buenavista, Marinduque",[1] Live,[A] Live,4th,Mun,4th,R4B,v1
2026-03,2026,[03] March,"Bulalacao, Oriental Mindoro",[1] Live,[A] Live,3rd,Mun,3rd,R4B,v1
2026-03,2026,[03] March,"Busuanga, Palawan",[1] Live,[A] Live,3rd,Mun,3rd,R4B,v1
2026-03,2026,[03] March,"Cagayancillo, Palawan",[1] Live,[A] Live,6th,Mun,6th,R4B,v1
2026-03,2026,[03] March,"Cajidiocan, Romblon",[1] Live,[A] Live,4th,Mun,4th,R4B,v1
2026-03,2026,[03] March,"Calatrava, Romblon",[1] Live,[A] Live,5th,Mun,5th,R4B,v1
2026-03,2026,[03] March,"Calintaan, Occidental Mindoro",[1] Live,[A] Live,3rd,Mun,3rd,R4B,v1
2026-03,2026,[03] March,"Concepcion, Romblon",[8] Withdraw,[D] Withdraw,6th,Mun,6th,R4B,
2026-03,2026,[03] March,"Coron, Palawan",[1] Live,[A] Live,1st,Mun,1st,R4B,v1
2026-03,2026,[03] March,"Culion, Palawan",[1] Live,[A] Live,3rd,Mun,3rd,R4B,v1
2026-03,2026,[03] March,"El Nido, Palawan",[1] Live,[A] Live,1st,Mun,1st,R4B,v1
2026-03,2026,[03] March,"Ferrol, Romblon",[1] Live,[A] Live,6th,Mun,6th,R4B,v1
2026-03,2026,[03] March,"Gloria, Oriental Mindoro",[1] Live,[A] Live,3rd,Mun,3rd,R4B,v1
2026-03,2026,[03] March,"Kalayaan, Palawan",[1] Live,[A] Live,5th,Mun,5th,R4B,v1
2026-03,2026,[03] March,"Looc, Occidental Mindoro",[1] Live,[A] Live,5th,Mun,5th,R4B,v1
2026-03,2026,[03] March,"Looc, Romblon",[1] Live,[A] Live,4th,Mun,4th,R4B,v1
2026-03,2026,[03] March,"Lubang, Occidental Mindoro",[1] Live,[A] Live,4th,Mun,4th,R4B,v1
2026-03,2026,[03] March,"Magsaysay, Occidental Mindoro",[1] Live,[A] Live,3rd,Mun,3rd,R4B,v1
2026-03,2026,[03] March,"Mamburao, Occidental Mindoro",[1] Live,[A] Live,2nd,Mun,2nd,R4B,v1
2026-03,2026,[03] March,"Mansalay, Oriental Mindoro",[1] Live,[A] Live,2nd,Mun,2nd,R4B,v1
2026-03,2026,[03] March,"Mogpog, Marinduque",[6] With Concerns,[C] For Training/Others,3rd,Mun,3rd,R4B,v1
2026-03,2026,[03] March,"Narra, Palawan",[1] Live,[A] Live,1st,Mun,1st,R4B,v1
2026-03,2026,[03] March,"Naujan, Oriental Mindoro",[1] Live,[A] Live,1st,Mun,1st,R4B,v1
2026-03,2026,[03] March,"Paluan, Occidental Mindoro",[1] Live,[A] Live,3rd,Mun,3rd,R4B,v1
2026-03,2026,[03] March,"Pinamalayan, Oriental Mindoro",[1] Live,[A] Live,1st,Mun,1st,R4B,v1
2026-03,2026,[03] March,"Pola, Oriental Mindoro",[1] Live,[A] Live,3rd,Mun,3rd,R4B,v1
2026-03,2026,[03] March,"Puerto Galera, Oriental Mindoro",[8] Withdraw,[D] Withdraw,1st,Mun,1st,R4B,
2026-03,2026,[03] March,"Quezon, Palawan",[1] Live,[A] Live,1st,Mun,1st,R4B,v1
2026-03,2026,[03] March,"Rizal, Occidental Mindoro",[1] Live,[A] Live,3rd,Mun,3rd,R4B,v1
2026-03,2026,[03] March,"Rizal, Palawan",[1] Live,[A] Live,1st,Mun,1st,R4B,v1
2026-03,2026,[03] March,"Roxas, Oriental Mindoro",[1] Live,[A] Live,2nd,Mun,2nd,R4B,v1
2026-03,2026,[03] March,"Roxas, Palawan",[1] Live,[A] Live,1st,Mun,1st,R4B,v1
2026-03,2026,[03] March,"Sablayan, Occidental Mindoro",[1] Live,[A] Live,1st,Mun,1st,R4B,v1
2026-03,2026,[03] March,"San Andres, Romblon",[1] Live,[A] Live,5th,Mun,5th,R4B,v1
2026-03,2026,[03] March,"San Fernando, Romblon",[1] Live,[A] Live,4th,Mun,4th,R4B,v1
2026-03,2026,[03] March,"San Jose, Occidental Mindoro",[1] Live,[A] Live,1st,Mun,1st,R4B,v1
2026-03,2026,[03] March,"San Jose, Romblon",[1] Live,[A] Live,5th,Mun,5th,R4B,v1
2026-03,2026,[03] March,"San Teodoro, Oriental Mindoro",[1] Live,[A] Live,4th,Mun,4th,R4B,v1
2026-03,2026,[03] March,"San Vicente, Palawan",[1] Live,[A] Live,1st,Mun,1st,R4B,v1
2026-03,2026,[03] March,"Santa Cruz, Marinduque",[1] Live,[A] Live,1st,Mun,1st,R4B,v1
2026-03,2026,[03] March,"Santa Cruz, Occidental Mindoro",[1] Live,[A] Live,1st,Mun,1st,R4B,v1
2026-03,2026,[03] March,"Santa Fe, Romblon",[1] Live,[A] Live,5th,Mun,5th,R4B,v1
2026-03,2026,[03] March,"Socorro, Oriental Mindoro",[1] Live,[A] Live,3rd,Mun,3rd,R4B,v1
2026-03,2026,[03] March,"Taytay, Palawan",[1] Live,[A] Live,1st,Mun,1st,R4B,v1
2026-03,2026,[03] March,"Sigma, Capiz",[8] Withdraw,[D] Withdraw,4th,Mun,4th,R6,
2026-01,2026,[01] January,"Pateros, Metro Manila",[1] Live,[A] Live,1st,Mun,1st,NCR,v2
2026-01,2026,[01] January,"City of Cauayan, Isabela",[1] Live,[A] Live,3rd,City,3rd,R2,v2
2026-01,2026,[01] January,"Abucay, Bataan",[1] Live,[A] Live,3rd,Mun,3rd,R3,v2
2026-01,2026,[01] January,"Odiongan, Romblon",[1] Live,[A] Live,2nd,Mun,2nd,R4B,v2
2026-01,2026,[01] January,"Limasawa, Southern Leyte",[1] Live,[A] Live,6th,Mun,6th,R8,v2
2026-01,2026,[01] January,"Reina Mercedes, Isabela",[1] Live,[A] Live,4th,Mun,4th,R2,v2
2026-01,2026,[01] January,"Kiangan, Ifugao",[1] Live,[A] Live,4th,Mun,4th,CAR,v2
2026-01,2026,[01] January,"Presentacion, Camarines Sur",[1] Live,[A] Live,4th,Mun,4th,R5,with v1 v2
2026-01,2026,[01] January,"Tigbauan, Iloilo",[1] Live,[A] Live,2nd,Mun,2nd,R6,v2
2026-01,2026,[01] January,"Initao, Misamis Oriental",[1] Live,[A] Live,3rd,Mun,3rd,R10,v2
2026-01,2026,[01] January,"City of San Pablo, Laguna",[1] Live,[A] Live,1st,City,1st,R4A,v2
2026-01,2026,[01] January,"Pura, Tarlac",[1] Live,[A] Live,4th,Mun,4th,R3,with v1 v2
2026-01,2026,[01] January,"San Leonardo, Nueva Ecija",[1] Live,[A] Live,1st,Mun,1st,R3,v2
2026-01,2026,[01] January,"Science City of Muñoz, Nueva Ecija",[1] Live,[A] Live,4th,City,4th,R3,v2
2026-01,2026,[01] January,"Cabiao, Nueva Ecija",[1] Live,[A] Live,1st,Mun,1st,R3,with v1 v2
2026-01,2026,[01] January,"Cabangan, Zambales",[1] Live,[A] Live,4th,Mun,4th,R3,with v1 v2
2026-01,2026,[01] January,"Ramos, Tarlac",[1] Live,[A] Live,5th,Mun,5th,R3,v2
2026-01,2026,[01] January,"San Antonio, Nueva Ecija",[1] Live,[A] Live,1st,Mun,1st,R3,v2
2026-01,2026,[01] January,"Laur, Nueva Ecija",[1] Live,[A] Live,3rd,Mun,3rd,R3,v2
2026-01,2026,[01] January,"Sudipen, La Union",[1] Live,[A] Live,4th,Mun,4th,R1,with v1 v2
2026-01,2026,[01] January,"Carranglan, Nueva Ecija",[1] Live,[A] Live,1st,Mun,1st,R3,v2
2026-01,2026,[01] January,"Binuangan, Misamis Oriental",[1] Live,[A] Live,6th,Mun,6th,R10,v2
2026-01,2026,[01] January,"Santa Rosa, Nueva Ecija",[1] Live,[A] Live,1st,Mun,1st,R3,v2
2026-01,2026,[01] January,"Rizal, Laguna",[1] Live,[A] Live,5th,Mun,5th,R4A,with v1 v2
2026-01,2026,[01] January,"Padre Garcia, Batangas",[1] Live,[A] Live,2nd,Mun,2nd,R4A,v2
2026-01,2026,[01] January,"Luna, Isabela",[1] Live,[A] Live,5th,Mun,5th,R2,v2
2026-01,2026,[01] January,"Morong, Bataan",[1] Live,[A] Live,3rd,Mun,3rd,R3,v2
2026-01,2026,[01] January,"San Jose, Camarines Sur",[1] Live,[A] Live,4th,Mun,4th,R5,with v1 v2
2026-01,2026,[01] January,"Alilem, Ilocos Sur",[1] Live,[A] Live,4th,Mun,4th,R1,v2
2026-01,2026,[01] January,"Quirino, Ilocos Sur",[1] Live,[A] Live,4th,Mun,4th,R1,v2
2026-01,2026,[01] January,"Nampicuan, Nueva Ecija",[1] Live,[A] Live,5th,Mun,5th,R3,v2
2026-01,2026,[01] January,"Suyo, Ilocos Sur",[1] Live,[A] Live,4th,Mun,4th,R1,with v1 v2
2026-01,2026,[01] January,"Santol, La Union",[1] Live,[A] Live,4th,Mun,4th,R1,with v1 v2
2026-01,2026,[01] January,"Naguilian, Isabela",[1] Live,[A] Live,4th,Mun,4th,R2,with v1 v2
2026-01,2026,[01] January,"Buhi, Camarines Sur",[1] Live,[A] Live,1st,Mun,1st,R5,v2
2026-01,2026,[01] January,"Bulacan, Bulacan",[1] Live,[A] Live,1st,Mun,1st,R3,v2
2026-01,2026,[01] January,"Quirino, Isabela",[1] Live,[A] Live,4th,Mun,4th,R2,v2
2026-01,2026,[01] January,"Polangui, Albay",[1] Live,[A] Live,1st,Mun,1st,R5,v2
2026-01,2026,[01] January,"Candelaria, Zambales",[1] Live,[A] Live,3rd,Mun,3rd,R3,v2
2026-01,2026,[01] January,"Bangar, La Union",[1] Live,[A] Live,3rd,Mun,3rd,R1,with v1 v2
2026-01,2026,[01] January,"Bolinao, Pangasinan",[1] Live,[A] Live,1st,Mun,1st,R1,v2
2026-01,2026,[01] January,"Burgos, Ilocos Norte",[1] Live,[A] Live,5th,Mun,5th,R1,v2
2026-01,2026,[01] January,"Dingras, Ilocos Norte",[1] Live,[A] Live,2nd,Mun,2nd,R1,with v1 v2
2026-01,2026,[01] January,"Hagonoy, Bulacan",[1] Live,[A] Live,1st,Mun,1st,R3,v2
2026-01,2026,[01] January,"Baras, Catanduanes",[1] Live,[A] Live,5th,Mun,5th,R5,v2
2026-01,2026,[01] January,"City of Calapan, Oriental Mindoro",[1] Live,[A] Live,3rd,City,3rd,R4B,v2
2026-01,2026,[01] January,"Bustos, Bulacan",[1] Live,[A] Live,2nd,Mun,2nd,R3,with v1 v2
2026-01,2026,[01] January,"Talisay, Batangas",[1] Live,[A] Live,3rd,Mun,3rd,R4A,v2
2026-01,2026,[01] January,"Galimuyod, Ilocos Sur",[1] Live,[A] Live,4th,Mun,4th,R1,v2
2026-01,2026,[01] January,"Makilala, Cotabato",[1] Live,[A] Live,1st,Mun,1st,R12,v2
2026-01,2026,[01] January,"Jaen, Nueva Ecija",[1] Live,[A] Live,2nd,Mun,2nd,R3,v2
2026-01,2026,[01] January,"Luisiana, Laguna",[1] Live,[A] Live,4th,Mun,4th,R4A,v2
2026-01,2026,[01] January,"Laurel, Batangas",[1] Live,[A] Live,3rd,Mun,3rd,R4A,v2
2026-01,2026,[01] January,"Guinobatan, Albay",[1] Live,[A] Live,1st,Mun,1st,R5,v2
2026-01,2026,[01] January,"Pagudpud, Ilocos Norte",[1] Live,[A] Live,4th,Mun,4th,R1,with v1 v2
2026-01,2026,[01] January,"Bato, Catanduanes",[1] Live,[A] Live,5th,Mun,5th,R5,v2
2026-01,2026,[01] January,"Pinili, Ilocos Norte",[1] Live,[A] Live,3rd,Mun,3rd,R1,v2
2026-01,2026,[01] January,"Burgos, Pangasinan",[1] Live,[A] Live,4th,Mun,4th,R1,v2
2026-01,2026,[01] January,"Gonzaga, Cagayan",[1] Live,[A] Live,1st,Mun,1st,R2,v2
2026-01,2026,[01] January,"Bani, Pangasinan",[1] Live,[A] Live,2nd,Mun,2nd,R1,v2
2026-01,2026,[01] January,"Cervantes, Ilocos Sur",[1] Live,[A] Live,4th,Mun,4th,R1,v2
2026-01,2026,[01] January,"Macalelon, Quezon",[1] Live,[A] Live,4th,Mun,4th,R4A,v2
2026-01,2026,[01] January,"Marcos, Ilocos Norte",[1] Live,[A] Live,4th,Mun,4th,R1,v2
2026-01,2026,[01] January,"Labrador, Pangasinan",[1] Live,[A] Live,4th,Mun,4th,R1,v2
2026-01,2026,[01] January,"Nagbukel, Ilocos Sur",[1] Live,[A] Live,5th,Mun,5th,R1,v2
2026-01,2026,[01] January,"Abulug, Cagayan",[1] Live,[A] Live,3rd,Mun,3rd,R2,v2
2026-01,2026,[01] January,"Gregorio Del Pilar, Ilocos Sur",[1] Live,[A] Live,5th,Mun,5th,R1,v2
2026-01,2026,[01] January,"Anda, Pangasinan",[1] Live,[A] Live,3rd,Mun,3rd,R1,with v1 v2
2026-01,2026,[01] January,"Alcala, Cagayan",[1] Live,[A] Live,3rd,Mun,3rd,R2,v2
2026-01,2026,[01] January,"Currimao, Ilocos Norte",[1] Live,[A] Live,4th,Mun,4th,R1,v2
2026-01,2026,[01] January,"San Emilio, Ilocos Sur",[1] Live,[A] Live,4th,Mun,4th,R1,v2
2026-01,2026,[01] January,"Kapangan, Benguet",[1] Live,[A] Live,4th,Mun,4th,CAR,v2
2026-01,2026,[01] January,"Bagulin, La Union",[1] Live,[A] Live,5th,Mun,5th,R1,with v1 v2
2026-01,2026,[01] January,"Bay, Laguna",[1] Live,[A] Live,2nd,Mun,2nd,R4A,v2
2026-01,2026,[01] January,"Mabini, Pangasinan",[1] Live,[A] Live,3rd,Mun,3rd,R1,v2
2026-01,2026,[01] January,"Lingayen, Pangasinan",[1] Live,[A] Live,1st,Mun,1st,R1,with v1 v2
2026-01,2026,[01] January,"Rizal, Cagayan",[1] Live,[A] Live,5th,Mun,5th,R2,v2
2026-01,2026,[01] January,"Cordon, Isabela",[1] Live,[A] Live,3rd,Mun,3rd,R2,with v1 v2
2026-01,2026,[01] January,"Jabonga, Agusan Del Norte",[1] Live,[A] Live,3rd,Mun,3rd,R13,v2
2026-01,2026,[01] January,"Orion, Bataan",[1] Live,[A] Live,2nd,Mun,2nd,R3,v2
2026-01,2026,[01] January,"Luna, La Union",[1] Live,[A] Live,3rd,Mun,3rd,R1,v2
2026-01,2026,[01] January,"Burdeos, Quezon",[1] Live,[A] Live,4th,Mun,4th,R4A,v2
2026-01,2026,[01] January,"San Nicolas, Ilocos Norte",[1] Live,[A] Live,2nd,Mun,2nd,R1,with v1 v2
2026-01,2026,[01] January,"Agno, Pangasinan",[1] Live,[A] Live,3rd,Mun,3rd,R1,v2
2026-01,2026,[01] January,"Manito, Albay",[1] Live,[A] Live,4th,Mun,4th,R5,v2
2026-01,2026,[01] January,"Balaoan, La Union",[1] Live,[A] Live,1st,Mun,1st,R1,with v1 v2
2026-01,2026,[01] January,"Rosario, Batangas",[1] Live,[A] Live,1st,Mun,1st,R4A,v2
2026-01,2026,[01] January,"Siquijor, Siquijor",[1] Live,[A] Live,4th,Mun,4th,NIR,v2
2026-01,2026,[01] January,"Calayan, Cagayan",[1] Live,[A] Live,3rd,Mun,3rd,R2,v2
2026-01,2026,[01] January,"Santa Catalina, Ilocos Sur",[1] Live,[A] Live,5th,Mun,5th,R1,with v1 v2
2026-01,2026,[01] January,"City of Tarlac, Tarlac",[1] Live,[A] Live,1st,City,1st,R3,v2
2026-01,2026,[01] January,"Santa Cruz, Ilocos Sur",[1] Live,[A] Live,1st,Mun,1st,R1,with v1 v2
2026-01,2026,[01] January,"Pilar, Bataan",[1] Live,[A] Live,3rd,Mun,3rd,R3,v2
2026-01,2026,[01] January,"Santa Cruz, Zambales",[1] Live,[A] Live,1st,Mun,1st,R3,v2
2026-01,2026,[01] January,"Bagac, Bataan",[1] Live,[A] Live,3rd,Mun,3rd,R3,v2
2026-01,2026,[01] January,"Tiaong, Quezon",[1] Live,[A] Live,1st,Mun,1st,R4A,v2
2026-01,2026,[01] January,"Cuenca, Batangas",[1] Live,[A] Live,4th,Mun,4th,R4A,v2
2026-01,2026,[01] January,"Pugo, La Union",[1] Live,[A] Live,5th,Mun,5th,R1,v2
2026-01,2026,[01] January,"Kapatagan, Lanao del Sur",[1] Live,[A] Live,4th,Mun,4th,BARMM II,v2
2026-01,2026,[01] January,"Doña Remedios Trinidad, Bulacan",[1] Live,[A] Live,1st,Mun,1st,R3,v2
2026-01,2026,[01] January,"Ivana, Batanes",[1] Live,[A] Live,6th,Mun,6th,R2,v2
2026-01,2026,[01] January,"Basco, Batanes",[1] Live,[A] Live,5th,Mun,5th,R2,v2
2026-01,2026,[01] January,"Mahatao, Batanes",[1] Live,[A] Live,6th,Mun,6th,R2,v2
2026-01,2026,[01] January,"Uyugan, Batanes",[1] Live,[A] Live,6th,Mun,6th,R2,v2
2026-01,2026,[01] January,"Diffun, Quirino",[1] Live,[A] Live,2nd,Mun,2nd,R2,with v1 v2
2026-01,2026,[01] January,"Saguday, Quirino",[1] Live,[A] Live,5th,Mun,5th,R2,with v1 v2
2026-01,2026,[01] January,"Rizal, Kalinga",[1] Live,[A] Live,4th,Mun,4th,CAR,v2
2026-01,2026,[01] January,"Tineg, Abra",[1] Live,[A] Live,2nd,Mun,2nd,CAR,v2
2026-01,2026,[01] January,"Barira, Maguindanao del Norte",[1] Live,[A] Live,4th,Mun,4th,BARMM II,v2
2026-01,2026,[01] January,"City of Batac, Ilocos Norte",[1] Live,[A] Live,5th,City,5th,R1,with v1 v2
2026-01,2026,[01] January,"Aglipay, Quirino",[1] Live,[A] Live,3rd,Mun,3rd,R2,with v1 v2
2026-01,2026,[01] January,"Manaoag, Pangasinan",[1] Live,[A] Live,1st,Mun,1st,R1,v2
2026-01,2026,[01] January,"Burgos, Isabela",[1] Live,[A] Live,4th,Mun,4th,R2,with v1 v2
2026-01,2026,[01] January,"Bamban, Tarlac",[1] Live,[A] Live,2nd,Mun,2nd,R3,with v1 v2
2026-01,2026,[01] January,"South Upi, Maguindanao del Sur",[1] Live,[A] Live,4th,Mun,4th,BARMM II,v2
2026-01,2026,[01] January,"Dupax Del Norte, Nueva Vizcaya",[1] Live,[A] Live,3rd,Mun,3rd,R2,with v1 v2
2026-01,2026,[01] January,"Dupax Del Sur, Nueva Vizcaya",[1] Live,[A] Live,2nd,Mun,2nd,R2,with v1 v2
2026-01,2026,[01] January,"Agoo, La Union",[1] Live,[A] Live,1st,Mun,1st,R1,with v1 v2
2026-01,2026,[01] January,"Aurora, Isabela",[1] Live,[A] Live,3rd,Mun,3rd,R2,with v1 v2
2026-01,2026,[01] January,"Cabatuan, Isabela",[1] Live,[A] Live,3rd,Mun,3rd,R2,v2
2026-01,2026,[01] January,"Gamu, Isabela",[1] Live,[A] Live,4th,Mun,4th,R2,with v1 v2
2026-01,2026,[01] January,"Nasugbu, Batangas",[1] Live,[A] Live,1st,Mun,1st,R4A,v2
2026-01,2026,[01] January,"Itogon, Benguet",[1] Live,[A] Live,1st,Mun,1st,CAR,v2
2026-01,2026,[01] January,"Bokod, Benguet",[1] Live,[A] Live,4th,Mun,4th,CAR,v2
2026-01,2026,[01] January,"Quezon, Nueva Ecija",[1] Live,[A] Live,4th,Mun,4th,R3,with v1 v2
2026-01,2026,[01] January,"Palauig, Zambales",[1] Live,[A] Live,3rd,Mun,3rd,R3,with v1 v2
2026-01,2026,[01] January,"San Manuel, Tarlac",[1] Live,[A] Live,4th,Mun,4th,R3,with v1 v2
2026-01,2026,[01] January,"San Mateo, Isabela",[1] Live,[A] Live,1st,Mun,1st,R2,with v1 v2
2026-01,2026,[01] January,"San Isidro, Isabela",[1] Live,[A] Live,5th,Mun,5th,R2,with v1 v2
2026-01,2026,[01] January,"Mallig, Isabela",[1] Live,[A] Live,4th,Mun,4th,R2,with v1 v2
2026-01,2026,[01] January,"San Clemente, Tarlac",[1] Live,[A] Live,5th,Mun,5th,R3,with v1 v2
2026-01,2026,[01] January,"Candaba, Pampanga",[1] Live,[A] Live,1st,Mun,1st,R3,with v1 v2
2026-01,2026,[01] January,"Paoay, Ilocos Norte",[1] Live,[A] Live,4th,Mun,4th,R1,v2
2026-01,2026,[01] January,"Matanog, Maguindanao del Norte",[1] Live,[A] Live,4th,Mun,4th,BARMM II,v2
2026-01,2026,[01] January,"San Luis, Aurora",[1] Live,[A] Live,2nd,Mun,2nd,R3,with v1 v2
2026-01,2026,[01] January,"City of Passi, Iloilo",[1] Live,[A] Live,4th,City,4th,R6,v2
2026-01,2026,[01] January,"Zaragoza, Nueva Ecija",[1] Live,[A] Live,3rd,Mun,3rd,R3,with v1 v2
2026-01,2026,[01] January,"Magarao, Camarines Sur",[1] Live,[A] Live,4th,Mun,4th,R5,with v1 v2
2026-01,2026,[01] January,"Sugpon, Ilocos Sur",[1] Live,[A] Live,5th,Mun,5th,R1,v2
2026-01,2026,[01] January,"Santa Maria, Pangasinan",[1] Live,[A] Live,4th,Mun,4th,R1,v2
2026-01,2026,[01] January,"Hingyon, Ifugao",[1] Live,[A] Live,5th,Mun,5th,CAR,v2
2026-01,2026,[01] January,"Norala, South Cotabato",[1] Live,[A] Live,3rd,Mun,3rd,R12,v2
2026-01,2026,[01] January,"Guimba, Nueva Ecija",[1] Live,[A] Live,1st,Mun,1st,R3,with v1 v2
2026-01,2026,[01] January,"Buldon, Maguindanao del Norte",[1] Live,[A] Live,4th,Mun,4th,BARMM II,v2
2026-01,2026,[01] January,"Bauang, La Union",[1] Live,[A] Live,1st,Mun,1st,R1,v2
2026-01,2026,[01] January,"San Jacinto, Pangasinan",[1] Live,[A] Live,3rd,Mun,3rd,R1,v2
2026-01,2026,[01] January,"Santa Ignacia, Tarlac",[1] Live,[A] Live,2nd,Mun,2nd,R3,with v1 v2
2026-01,2026,[01] January,"City of Tagaytay, Cavite",[1] Live,[A] Live,2nd,City,2nd,R4A,v2
2026-01,2026,[01] January,"Tadian, Mountain Province",[1] Live,[A] Live,4th,Mun,4th,CAR,v2
2026-01,2026,[01] January,"Irosin, Sorsogon",[1] Live,[A] Live,2nd,Mun,2nd,R5,v2
2026-01,2026,[01] January,"Gasan, Marinduque",[1] Live,[A] Live,3rd,Mun,3rd,R4B,v2
2026-01,2026,[01] January,"Wao, Lanao del Sur",[1] Live,[A] Live,2nd,Mun,2nd,BARMM II,v2
2026-01,2026,[01] January,"Sigay, Ilocos Sur",[1] Live,[A] Live,5th,Mun,5th,R1,v2
2026-01,2026,[01] January,"San Gabriel, La Union",[1] Live,[A] Live,4th,Mun,4th,R1,with v1 v2
2026-01,2026,[01] January,"Burgos, Ilocos Sur",[1] Live,[A] Live,4th,Mun,4th,R1,v2
2026-01,2026,[01] January,"Lagayan, Abra",[1] Live,[A] Live,5th,Mun,5th,CAR,v2
2026-01,2026,[01] January,"Delfin Albano, Isabela",[1] Live,[A] Live,4th,Mun,4th,R2,v2
2026-01,2026,[01] January,"La Paz, Tarlac",[1] Live,[A] Live,2nd,Mun,2nd,R3,with v1 v2
2026-01,2026,[01] January,"City of Bislig, Surigao del Sur",[1] Live,[A] Live,3rd,City,3rd,R13,v2
2026-01,2026,[01] January,"Veruela, Agusan del Sur",[1] Live,[A] Live,2nd,Mun,2nd,R13,v2
2026-01,2026,[01] January,"Esperanza, Agusan del Sur",[1] Live,[A] Live,1st,Mun,1st,R13,v2
2026-01,2026,[01] January,"Calasiao, Pangasinan",[1] Live,[A] Live,1st,Mun,1st,R1,with v1 v2
2026-01,2026,[01] January,"Enrique B. Magalona, Negros Occidental",[1] Live,[A] Live,2nd,Mun,2nd,NIR,v2
2026-01,2026,[01] January,"Pilar, Cebu",[1] Live,[A] Live,5th,Mun,5th,R7,v2
2026-01,2026,[01] January,"San Pablo, Isabela",[1] Live,[A] Live,2nd,Mun,2nd,R2,v2
2026-01,2026,[01] January,"Victoria, Tarlac",[1] Live,[A] Live,2nd,Mun,2nd,R3,v2
2026-01,2026,[01] January,"Moncada, Tarlac",[1] Live,[A] Live,1st,Mun,1st,R3,v2
2026-01,2026,[01] January,"Bantayan, Cebu",[1] Live,[A] Live,1st,Mun,1st,R7,v2
2026-01,2026,[01] January,"Pamplona, Negros Oriental",[1] Live,[A] Live,3rd,Mun,3rd,NIR,v2
2026-01,2026,[01] January,"City of Carcar, Cebu",[1] Live,[A] Live,5th,City,5th,R7,v2
2026-01,2026,[01] January,"Calanogas, Lanao del Sur",[1] Live,[A] Live,5th,Mun,5th,BARMM II,v2
2026-01,2026,[01] January,"Barili, Cebu",[1] Live,[A] Live,2nd,Mun,2nd,R7,v2
2026-01,2026,[01] January,"Carrascal, Surigao del Sur",[1] Live,[A] Live,4th,Mun,4th,R13,v2
2026-01,2026,[01] January,"Talacogon, Agusan del Sur",[1] Live,[A] Live,2nd,Mun,2nd,R13,v2
2026-01,2026,[01] January,"Gabaldon, Nueva Ecija",[1] Live,[A] Live,4th,Mun,4th,R3,with v1 v2
2026-01,2026,[01] January,"Santa Monica, Surigao del Norte",[1] Live,[A] Live,5th,Mun,5th,R13,v2
2026-01,2026,[01] January,"Kabugao, Apayao",[1] Live,[A] Live,1st,Mun,1st,CAR,v2
2026-01,2026,[01] January,"Balbalan, Kalinga",[1] Live,[A] Live,3rd,Mun,3rd,CAR,v2
2026-01,2026,[01] January,"Dolores, Quezon",[1] Live,[A] Live,4th,Mun,4th,R4A,v2
2026-01,2026,[01] January,"Malinao, Albay",[1] Live,[A] Live,3rd,Mun,3rd,R5,v2
2026-01,2026,[01] January,"Teresa, Rizal",[1] Live,[A] Live,2nd,Mun,2nd,R4A,v2
2026-01,2026,[01] January,"Prieto Diaz, Sorsogon",[1] Live,[A] Live,5th,Mun,5th,R5,v2
2026-01,2026,[01] January,"City of Laoag, Ilocos Norte",[1] Live,[A] Live,3rd,City,3rd,R1,with v1 v2
2026-01,2026,[01] January,"San Agustin, Romblon",[1] Live,[A] Live,4th,Mun,4th,R4B,v2
2026-01,2026,[01] January,"Palapag, Northern Samar",[1] Live,[A] Live,3rd,Mun,3rd,R8,v2
2026-01,2026,[01] January,"Datu Saudi Ampatuan, Maguindanao del Sur",[1] Live,[A] Live,4th,Mun,4th,BARMM II,v2
2026-01,2026,[01] January,"Corcuera, Romblon",[1] Live,[A] Live,5th,Mun,5th,R4B,v2
2026-01,2026,[01] January,"Sultan Sa Barongis, Maguindanao del Sur",[1] Live,[A] Live,2nd,Mun,2nd,BARMM II,v2
2026-01,2026,[01] January,"Angat, Bulacan",[1] Live,[A] Live,1st,Mun,1st,R3,v2
2026-01,2026,[01] January,"Badian, Cebu",[1] Live,[A] Live,3rd,Mun,3rd,R7,v2
2026-01,2026,[01] January,"Capas, Tarlac",[1] Live,[A] Live,1st,Mun,1st,R3,v2
2026-01,2026,[01] January,"Asturias, Cebu",[1] Live,[A] Live,3rd,Mun,3rd,R7,v2
2026-01,2026,[01] January,"Talibon, Bohol",[1] Live,[A] Live,1st,Mun,1st,R7,v2
2026-01,2026,[01] January,"Victoria, Oriental Mindoro",[1] Live,[A] Live,2nd,Mun,2nd,R4B,v2
2026-01,2026,[01] January,"Puerto Galera, Oriental Mindoro",[1] Live,[A] Live,1st,Mun,1st,R4B,v2
2026-01,2026,[01] January,"Calumpit, Bulacan",[1] Live,[A] Live,1st,Mun,1st,R3,v2
2026-01,2026,[01] January,"Cabucgayan, Biliran",[1] Live,[A] Live,5th,Mun,5th,R8,v2
2026-01,2026,[01] January,"Balatan, Camarines Sur",[1] Live,[A] Live,4th,Mun,4th,R5,v2
2026-01,2026,[01] January,"Llanera, Nueva Ecija",[1] Live,[A] Live,4th,Mun,4th,R3,v2
2026-01,2026,[01] January,"Tinambac, Camarines Sur",[1] Live,[A] Live,1st,Mun,1st,R5,v2
2026-01,2026,[01] January,"Dolores, Abra",[1] Live,[A] Live,5th,Mun,5th,CAR,with v1 v2
2026-01,2026,[01] January,"San Fernando, Masbate",[1] Live,[A] Live,5th,Mun,5th,R5,v2
2026-01,2026,[01] January,"Linapacan, Palawan",[1] Live,[A] Live,5th,Mun,5th,R4B,v2
2026-01,2026,[01] January,"Villaverde, Nueva Vizcaya",[1] Live,[A] Live,5th,Mun,5th,R2,v2
2026-01,2026,[01] January,"Peñaranda, Nueva Ecija",[1] Live,[A] Live,4th,Mun,4th,R3,v2
2026-01,2026,[01] January,"Zamboanguita, Negros Oriental",[1] Live,[A] Live,4th,Mun,4th,NIR,v2
2026-01,2026,[01] January,"Borbon, Cebu",[1] Live,[A] Live,4th,Mun,4th,R7,v2
2026-01,2026,[01] January,"Roxas, Isabela",[1] Live,[A] Live,1st,Mun,1st,R2,v2
2026-01,2026,[01] January,"Buguias, Benguet",[1] Live,[A] Live,3rd,Mun,3rd,CAR,v2
2026-01,2026,[01] January,"Maconacon, Isabela",[1] Live,[A] Live,3rd,Mun,3rd,R2,v2
2026-01,2026,[01] January,"Lake Sebu, South Cotabato",[1] Live,[A] Live,1st,Mun,1st,R12,v2
2026-01,2026,[01] January,"San Jacinto, Masbate",[1] Live,[A] Live,4th,Mun,4th,R5,v2
2026-01,2026,[01] January,"Siayan, Zamboanga del Norte",[1] Live,[A] Live,2nd,Mun,2nd,R9,with v1 v2
2026-01,2026,[01] January,"Molave, Zamboanga del Sur",[1] Live,[A] Live,1st,Mun,1st,R9,with v1 v2
2026-01,2026,[01] January,"Pilar, Surigao del Norte",[1] Live,[A] Live,5th,Mun,5th,R13,v2
2026-01,2026,[01] January,"San Benito, Surigao del Norte",[1] Live,[A] Live,6th,Mun,6th,R13,v2
2026-01,2026,[01] January,"Alicia, Zamboanga Sibugay",[1] Live,[A] Live,3rd,Mun,3rd,R9,v2
2026-01,2026,[01] January,"Cauayan, Negros Occidental",[1] Live,[A] Live,1st,Mun,1st,NIR,v2
2026-01,2026,[01] January,"City of Alaminos, Pangasinan",[1] Live,[A] Live,4th,City,4th,R1,v2
2026-01,2026,[01] January,"Ilog, Negros Occidental",[1] Live,[A] Live,2nd,Mun,2nd,NIR,v2
2026-01,2026,[01] January,"Buug, Zamboanga Sibugay",[1] Live,[A] Live,3rd,Mun,3rd,R9,v2
2026-01,2026,[01] January,"Sibunag, Guimaras",[1] Live,[A] Live,4th,Mun,4th,R6,v2
2026-02,2026,[02] February,"Pateros, Metro Manila",[1] Live,[A] Live,1st,Mun,1st,NCR,v2
2026-02,2026,[02] February,"City of Cauayan, Isabela",[1] Live,[A] Live,3rd,City,3rd,R2,v2
2026-02,2026,[02] February,"Abucay, Bataan",[1] Live,[A] Live,3rd,Mun,3rd,R3,v2
2026-02,2026,[02] February,"Odiongan, Romblon",[1] Live,[A] Live,2nd,Mun,2nd,R4B,v2
2026-02,2026,[02] February,"Limasawa, Southern Leyte",[1] Live,[A] Live,6th,Mun,6th,R8,v2
2026-02,2026,[02] February,"Reina Mercedes, Isabela",[1] Live,[A] Live,4th,Mun,4th,R2,v2
2026-02,2026,[02] February,"Kiangan, Ifugao",[1] Live,[A] Live,4th,Mun,4th,CAR,v2
2026-02,2026,[02] February,"Presentacion, Camarines Sur",[1] Live,[A] Live,4th,Mun,4th,R5,with v1 v2
2026-02,2026,[02] February,"Tigbauan, Iloilo",[1] Live,[A] Live,2nd,Mun,2nd,R6,v2
2026-02,2026,[02] February,"Initao, Misamis Oriental",[1] Live,[A] Live,3rd,Mun,3rd,R10,v2
2026-02,2026,[02] February,"City of San Pablo, Laguna",[1] Live,[A] Live,1st,City,1st,R4A,v2
2026-02,2026,[02] February,"Pura, Tarlac",[1] Live,[A] Live,4th,Mun,4th,R3,with v1 v2
2026-02,2026,[02] February,"San Leonardo, Nueva Ecija",[1] Live,[A] Live,1st,Mun,1st,R3,v2
2026-02,2026,[02] February,"Science City of Muñoz, Nueva Ecija",[1] Live,[A] Live,4th,City,4th,R3,v2
2026-02,2026,[02] February,"Cabiao, Nueva Ecija",[1] Live,[A] Live,1st,Mun,1st,R3,with v1 v2
2026-02,2026,[02] February,"Cabangan, Zambales",[1] Live,[A] Live,4th,Mun,4th,R3,with v1 v2
2026-02,2026,[02] February,"Ramos, Tarlac",[1] Live,[A] Live,5th,Mun,5th,R3,v2
2026-02,2026,[02] February,"San Antonio, Nueva Ecija",[1] Live,[A] Live,1st,Mun,1st,R3,v2
2026-02,2026,[02] February,"Laur, Nueva Ecija",[1] Live,[A] Live,3rd,Mun,3rd,R3,v2
2026-02,2026,[02] February,"Sudipen, La Union",[1] Live,[A] Live,4th,Mun,4th,R1,with v1 v2
2026-02,2026,[02] February,"Carranglan, Nueva Ecija",[1] Live,[A] Live,1st,Mun,1st,R3,v2
2026-02,2026,[02] February,"Binuangan, Misamis Oriental",[1] Live,[A] Live,6th,Mun,6th,R10,v2
2026-02,2026,[02] February,"Santa Rosa, Nueva Ecija",[1] Live,[A] Live,1st,Mun,1st,R3,v2
2026-02,2026,[02] February,"Rizal, Laguna",[1] Live,[A] Live,5th,Mun,5th,R4A,with v1 v2
2026-02,2026,[02] February,"Padre Garcia, Batangas",[1] Live,[A] Live,2nd,Mun,2nd,R4A,v2
2026-02,2026,[02] February,"Luna, Isabela",[1] Live,[A] Live,5th,Mun,5th,R2,v2
2026-02,2026,[02] February,"Morong, Bataan",[1] Live,[A] Live,3rd,Mun,3rd,R3,v2
2026-02,2026,[02] February,"San Jose, Camarines Sur",[1] Live,[A] Live,4th,Mun,4th,R5,with v1 v2
2026-02,2026,[02] February,"Alilem, Ilocos Sur",[1] Live,[A] Live,4th,Mun,4th,R1,v2
2026-02,2026,[02] February,"Quirino, Ilocos Sur",[1] Live,[A] Live,4th,Mun,4th,R1,v2
2026-02,2026,[02] February,"Nampicuan, Nueva Ecija",[1] Live,[A] Live,5th,Mun,5th,R3,v2
2026-02,2026,[02] February,"Suyo, Ilocos Sur",[1] Live,[A] Live,4th,Mun,4th,R1,with v1 v2
2026-02,2026,[02] February,"Santol, La Union",[1] Live,[A] Live,4th,Mun,4th,R1,with v1 v2
2026-02,2026,[02] February,"Naguilian, Isabela",[1] Live,[A] Live,4th,Mun,4th,R2,with v1 v2
2026-02,2026,[02] February,"Buhi, Camarines Sur",[1] Live,[A] Live,1st,Mun,1st,R5,v2
2026-02,2026,[02] February,"Bulacan, Bulacan",[1] Live,[A] Live,1st,Mun,1st,R3,v2
2026-02,2026,[02] February,"Quirino, Isabela",[1] Live,[A] Live,4th,Mun,4th,R2,v2
2026-02,2026,[02] February,"Polangui, Albay",[1] Live,[A] Live,1st,Mun,1st,R5,v2
2026-02,2026,[02] February,"Candelaria, Zambales",[1] Live,[A] Live,3rd,Mun,3rd,R3,v2
2026-02,2026,[02] February,"Bangar, La Union",[1] Live,[A] Live,3rd,Mun,3rd,R1,with v1 v2
2026-02,2026,[02] February,"Bolinao, Pangasinan",[1] Live,[A] Live,1st,Mun,1st,R1,v2
2026-02,2026,[02] February,"Burgos, Ilocos Norte",[1] Live,[A] Live,5th,Mun,5th,R1,v2
2026-02,2026,[02] February,"Dingras, Ilocos Norte",[1] Live,[A] Live,2nd,Mun,2nd,R1,with v1 v2
2026-02,2026,[02] February,"Hagonoy, Bulacan",[1] Live,[A] Live,1st,Mun,1st,R3,v2
2026-02,2026,[02] February,"Baras, Catanduanes",[1] Live,[A] Live,5th,Mun,5th,R5,v2
2026-02,2026,[02] February,"City of Calapan, Oriental Mindoro",[1] Live,[A] Live,3rd,City,3rd,R4B,v2
2026-02,2026,[02] February,"Bustos, Bulacan",[1] Live,[A] Live,2nd,Mun,2nd,R3,with v1 v2
2026-02,2026,[02] February,"Talisay, Batangas",[1] Live,[A] Live,3rd,Mun,3rd,R4A,v2
2026-02,2026,[02] February,"Galimuyod, Ilocos Sur",[1] Live,[A] Live,4th,Mun,4th,R1,v2
2026-02,2026,[02] February,"Makilala, Cotabato",[1] Live,[A] Live,1st,Mun,1st,R12,v2
2026-02,2026,[02] February,"Jaen, Nueva Ecija",[1] Live,[A] Live,2nd,Mun,2nd,R3,v2
2026-02,2026,[02] February,"Luisiana, Laguna",[1] Live,[A] Live,4th,Mun,4th,R4A,v2
2026-02,2026,[02] February,"Laurel, Batangas",[1] Live,[A] Live,3rd,Mun,3rd,R4A,v2
2026-02,2026,[02] February,"Guinobatan, Albay",[1] Live,[A] Live,1st,Mun,1st,R5,v2
2026-02,2026,[02] February,"Pagudpud, Ilocos Norte",[1] Live,[A] Live,4th,Mun,4th,R1,with v1 v2
2026-02,2026,[02] February,"Bato, Catanduanes",[1] Live,[A] Live,5th,Mun,5th,R5,v2
2026-02,2026,[02] February,"Pinili, Ilocos Norte",[1] Live,[A] Live,3rd,Mun,3rd,R1,v2
2026-02,2026,[02] February,"Burgos, Pangasinan",[1] Live,[A] Live,4th,Mun,4th,R1,v2
2026-02,2026,[02] February,"Gonzaga, Cagayan",[1] Live,[A] Live,1st,Mun,1st,R2,v2
2026-02,2026,[02] February,"Bani, Pangasinan",[1] Live,[A] Live,2nd,Mun,2nd,R1,v2
2026-02,2026,[02] February,"Cervantes, Ilocos Sur",[1] Live,[A] Live,4th,Mun,4th,R1,v2
2026-02,2026,[02] February,"Macalelon, Quezon",[1] Live,[A] Live,4th,Mun,4th,R4A,v2
2026-02,2026,[02] February,"Marcos, Ilocos Norte",[1] Live,[A] Live,4th,Mun,4th,R1,v2
2026-02,2026,[02] February,"Labrador, Pangasinan",[1] Live,[A] Live,4th,Mun,4th,R1,v2
2026-02,2026,[02] February,"Nagbukel, Ilocos Sur",[1] Live,[A] Live,5th,Mun,5th,R1,v2
2026-02,2026,[02] February,"Abulug, Cagayan",[1] Live,[A] Live,3rd,Mun,3rd,R2,v2
2026-02,2026,[02] February,"Gregorio Del Pilar, Ilocos Sur",[1] Live,[A] Live,5th,Mun,5th,R1,v2
2026-02,2026,[02] February,"Anda, Pangasinan",[1] Live,[A] Live,3rd,Mun,3rd,R1,with v1 v2
2026-02,2026,[02] February,"Alcala, Cagayan",[1] Live,[A] Live,3rd,Mun,3rd,R2,v2
2026-02,2026,[02] February,"Currimao, Ilocos Norte",[1] Live,[A] Live,4th,Mun,4th,R1,v2
2026-02,2026,[02] February,"San Emilio, Ilocos Sur",[1] Live,[A] Live,4th,Mun,4th,R1,v2
2026-02,2026,[02] February,"Kapangan, Benguet",[1] Live,[A] Live,4th,Mun,4th,CAR,v2
2026-02,2026,[02] February,"Bagulin, La Union",[1] Live,[A] Live,5th,Mun,5th,R1,with v1 v2
2026-02,2026,[02] February,"Bay, Laguna",[1] Live,[A] Live,2nd,Mun,2nd,R4A,v2
2026-02,2026,[02] February,"Mabini, Pangasinan",[1] Live,[A] Live,3rd,Mun,3rd,R1,v2
2026-02,2026,[02] February,"Lingayen, Pangasinan",[1] Live,[A] Live,1st,Mun,1st,R1,with v1 v2
2026-02,2026,[02] February,"Rizal, Cagayan",[1] Live,[A] Live,5th,Mun,5th,R2,v2
2026-02,2026,[02] February,"Cordon, Isabela",[1] Live,[A] Live,3rd,Mun,3rd,R2,with v1 v2
2026-02,2026,[02] February,"Jabonga, Agusan Del Norte",[1] Live,[A] Live,3rd,Mun,3rd,R13,v2
2026-02,2026,[02] February,"Orion, Bataan",[1] Live,[A] Live,2nd,Mun,2nd,R3,v2
2026-02,2026,[02] February,"Luna, La Union",[1] Live,[A] Live,3rd,Mun,3rd,R1,v2
2026-02,2026,[02] February,"Burdeos, Quezon",[1] Live,[A] Live,4th,Mun,4th,R4A,v2
2026-02,2026,[02] February,"San Nicolas, Ilocos Norte",[1] Live,[A] Live,2nd,Mun,2nd,R1,with v1 v2
2026-02,2026,[02] February,"Agno, Pangasinan",[1] Live,[A] Live,3rd,Mun,3rd,R1,v2
2026-02,2026,[02] February,"Manito, Albay",[1] Live,[A] Live,4th,Mun,4th,R5,v2
2026-02,2026,[02] February,"Balaoan, La Union",[1] Live,[A] Live,1st,Mun,1st,R1,with v1 v2
2026-02,2026,[02] February,"Rosario, Batangas",[1] Live,[A] Live,1st,Mun,1st,R4A,v2
2026-02,2026,[02] February,"Siquijor, Siquijor",[1] Live,[A] Live,4th,Mun,4th,NIR,v2
2026-02,2026,[02] February,"Calayan, Cagayan",[1] Live,[A] Live,3rd,Mun,3rd,R2,v2
2026-02,2026,[02] February,"Santa Catalina, Ilocos Sur",[1] Live,[A] Live,5th,Mun,5th,R1,with v1 v2
2026-02,2026,[02] February,"City of Tarlac, Tarlac",[1] Live,[A] Live,1st,City,1st,R3,v2
2026-02,2026,[02] February,"Santa Cruz, Ilocos Sur",[1] Live,[A] Live,1st,Mun,1st,R1,with v1 v2
2026-02,2026,[02] February,"Pilar, Bataan",[1] Live,[A] Live,3rd,Mun,3rd,R3,v2
2026-02,2026,[02] February,"Santa Cruz, Zambales",[1] Live,[A] Live,1st,Mun,1st,R3,v2
2026-02,2026,[02] February,"Bagac, Bataan",[1] Live,[A] Live,3rd,Mun,3rd,R3,v2
2026-02,2026,[02] February,"Tiaong, Quezon",[1] Live,[A] Live,1st,Mun,1st,R4A,v2
2026-02,2026,[02] February,"Cuenca, Batangas",[1] Live,[A] Live,4th,Mun,4th,R4A,v2
2026-02,2026,[02] February,"Pugo, La Union",[1] Live,[A] Live,5th,Mun,5th,R1,v2
2026-02,2026,[02] February,"Kapatagan, Lanao del Sur",[1] Live,[A] Live,4th,Mun,4th,BARMM II,v2
2026-02,2026,[02] February,"Doña Remedios Trinidad, Bulacan",[1] Live,[A] Live,1st,Mun,1st,R3,v2
2026-02,2026,[02] February,"Ivana, Batanes",[1] Live,[A] Live,6th,Mun,6th,R2,v2
2026-02,2026,[02] February,"Basco, Batanes",[1] Live,[A] Live,5th,Mun,5th,R2,v2
2026-02,2026,[02] February,"Mahatao, Batanes",[1] Live,[A] Live,6th,Mun,6th,R2,v2
2026-02,2026,[02] February,"Uyugan, Batanes",[1] Live,[A] Live,6th,Mun,6th,R2,v2
2026-02,2026,[02] February,"Diffun, Quirino",[1] Live,[A] Live,2nd,Mun,2nd,R2,with v1 v2
2026-02,2026,[02] February,"Saguday, Quirino",[1] Live,[A] Live,5th,Mun,5th,R2,with v1 v2
2026-02,2026,[02] February,"Rizal, Kalinga",[1] Live,[A] Live,4th,Mun,4th,CAR,v2
2026-02,2026,[02] February,"Tineg, Abra",[1] Live,[A] Live,2nd,Mun,2nd,CAR,v2
2026-02,2026,[02] February,"Barira, Maguindanao del Norte",[1] Live,[A] Live,4th,Mun,4th,BARMM II,v2
2026-02,2026,[02] February,"City of Batac, Ilocos Norte",[1] Live,[A] Live,5th,City,5th,R1,with v1 v2
2026-02,2026,[02] February,"Aglipay, Quirino",[1] Live,[A] Live,3rd,Mun,3rd,R2,with v1 v2
2026-02,2026,[02] February,"Manaoag, Pangasinan",[1] Live,[A] Live,1st,Mun,1st,R1,v2
2026-02,2026,[02] February,"Burgos, Isabela",[1] Live,[A] Live,4th,Mun,4th,R2,with v1 v2
2026-02,2026,[02] February,"Bamban, Tarlac",[1] Live,[A] Live,2nd,Mun,2nd,R3,with v1 v2
2026-02,2026,[02] February,"South Upi, Maguindanao del Sur",[1] Live,[A] Live,4th,Mun,4th,BARMM II,v2
2026-02,2026,[02] February,"Dupax Del Norte, Nueva Vizcaya",[1] Live,[A] Live,3rd,Mun,3rd,R2,with v1 v2
2026-02,2026,[02] February,"Dupax Del Sur, Nueva Vizcaya",[1] Live,[A] Live,2nd,Mun,2nd,R2,with v1 v2
2026-02,2026,[02] February,"Agoo, La Union",[1] Live,[A] Live,1st,Mun,1st,R1,with v1 v2
2026-02,2026,[02] February,"Aurora, Isabela",[1] Live,[A] Live,3rd,Mun,3rd,R2,with v1 v2
2026-02,2026,[02] February,"Cabatuan, Isabela",[1] Live,[A] Live,3rd,Mun,3rd,R2,v2
2026-02,2026,[02] February,"Gamu, Isabela",[1] Live,[A] Live,4th,Mun,4th,R2,with v1 v2
2026-02,2026,[02] February,"Nasugbu, Batangas",[1] Live,[A] Live,1st,Mun,1st,R4A,v2
2026-02,2026,[02] February,"Itogon, Benguet",[1] Live,[A] Live,1st,Mun,1st,CAR,v2
2026-02,2026,[02] February,"Bokod, Benguet",[1] Live,[A] Live,4th,Mun,4th,CAR,v2
2026-02,2026,[02] February,"Quezon, Nueva Ecija",[1] Live,[A] Live,4th,Mun,4th,R3,with v1 v2
2026-02,2026,[02] February,"Palauig, Zambales",[1] Live,[A] Live,3rd,Mun,3rd,R3,with v1 v2
2026-02,2026,[02] February,"San Manuel, Tarlac",[1] Live,[A] Live,4th,Mun,4th,R3,with v1 v2
2026-02,2026,[02] February,"San Mateo, Isabela",[1] Live,[A] Live,1st,Mun,1st,R2,with v1 v2
2026-02,2026,[02] February,"San Isidro, Isabela",[1] Live,[A] Live,5th,Mun,5th,R2,with v1 v2
2026-02,2026,[02] February,"Mallig, Isabela",[1] Live,[A] Live,4th,Mun,4th,R2,with v1 v2
2026-02,2026,[02] February,"San Clemente, Tarlac",[1] Live,[A] Live,5th,Mun,5th,R3,with v1 v2
2026-02,2026,[02] February,"Candaba, Pampanga",[1] Live,[A] Live,1st,Mun,1st,R3,with v1 v2
2026-02,2026,[02] February,"Paoay, Ilocos Norte",[1] Live,[A] Live,4th,Mun,4th,R1,v2
2026-02,2026,[02] February,"Matanog, Maguindanao del Norte",[1] Live,[A] Live,4th,Mun,4th,BARMM II,v2
2026-02,2026,[02] February,"San Luis, Aurora",[1] Live,[A] Live,2nd,Mun,2nd,R3,with v1 v2
2026-02,2026,[02] February,"City of Passi, Iloilo",[1] Live,[A] Live,4th,City,4th,R6,v2
2026-02,2026,[02] February,"Zaragoza, Nueva Ecija",[1] Live,[A] Live,3rd,Mun,3rd,R3,with v1 v2
2026-02,2026,[02] February,"Magarao, Camarines Sur",[1] Live,[A] Live,4th,Mun,4th,R5,with v1 v2
2026-02,2026,[02] February,"Sugpon, Ilocos Sur",[1] Live,[A] Live,5th,Mun,5th,R1,v2
2026-02,2026,[02] February,"Santa Maria, Pangasinan",[1] Live,[A] Live,4th,Mun,4th,R1,v2
2026-02,2026,[02] February,"Hingyon, Ifugao",[1] Live,[A] Live,5th,Mun,5th,CAR,v2
2026-02,2026,[02] February,"Norala, South Cotabato",[1] Live,[A] Live,3rd,Mun,3rd,R12,v2
2026-02,2026,[02] February,"Guimba, Nueva Ecija",[1] Live,[A] Live,1st,Mun,1st,R3,with v1 v2
2026-02,2026,[02] February,"Buldon, Maguindanao del Norte",[1] Live,[A] Live,4th,Mun,4th,BARMM II,v2
2026-02,2026,[02] February,"Bauang, La Union",[1] Live,[A] Live,1st,Mun,1st,R1,v2
2026-02,2026,[02] February,"San Jacinto, Pangasinan",[1] Live,[A] Live,3rd,Mun,3rd,R1,v2
2026-02,2026,[02] February,"Santa Ignacia, Tarlac",[1] Live,[A] Live,2nd,Mun,2nd,R3,with v1 v2
2026-02,2026,[02] February,"City of Tagaytay, Cavite",[1] Live,[A] Live,2nd,City,2nd,R4A,v2
2026-02,2026,[02] February,"Tadian, Mountain Province",[1] Live,[A] Live,4th,Mun,4th,CAR,v2
2026-02,2026,[02] February,"Irosin, Sorsogon",[1] Live,[A] Live,2nd,Mun,2nd,R5,v2
2026-02,2026,[02] February,"Gasan, Marinduque",[1] Live,[A] Live,3rd,Mun,3rd,R4B,v2
2026-02,2026,[02] February,"Wao, Lanao del Sur",[1] Live,[A] Live,2nd,Mun,2nd,BARMM II,v2
2026-02,2026,[02] February,"Sigay, Ilocos Sur",[1] Live,[A] Live,5th,Mun,5th,R1,v2
2026-02,2026,[02] February,"San Gabriel, La Union",[1] Live,[A] Live,4th,Mun,4th,R1,with v1 v2
2026-02,2026,[02] February,"Burgos, Ilocos Sur",[1] Live,[A] Live,4th,Mun,4th,R1,v2
2026-02,2026,[02] February,"Lagayan, Abra",[1] Live,[A] Live,5th,Mun,5th,CAR,v2
2026-02,2026,[02] February,"Delfin Albano, Isabela",[1] Live,[A] Live,4th,Mun,4th,R2,v2
2026-02,2026,[02] February,"La Paz, Tarlac",[1] Live,[A] Live,2nd,Mun,2nd,R3,with v1 v2
2026-02,2026,[02] February,"City of Bislig, Surigao del Sur",[1] Live,[A] Live,3rd,City,3rd,R13,v2
2026-02,2026,[02] February,"Veruela, Agusan del Sur",[1] Live,[A] Live,2nd,Mun,2nd,R13,v2
2026-02,2026,[02] February,"Esperanza, Agusan del Sur",[1] Live,[A] Live,1st,Mun,1st,R13,v2
2026-02,2026,[02] February,"Calasiao, Pangasinan",[1] Live,[A] Live,1st,Mun,1st,R1,with v1 v2
2026-02,2026,[02] February,"Enrique B. Magalona, Negros Occidental",[1] Live,[A] Live,2nd,Mun,2nd,NIR,v2
2026-02,2026,[02] February,"Pilar, Cebu",[1] Live,[A] Live,5th,Mun,5th,R7,v2
2026-02,2026,[02] February,"San Pablo, Isabela",[1] Live,[A] Live,2nd,Mun,2nd,R2,v2
2026-02,2026,[02] February,"Victoria, Tarlac",[1] Live,[A] Live,2nd,Mun,2nd,R3,v2
2026-02,2026,[02] February,"Moncada, Tarlac",[1] Live,[A] Live,1st,Mun,1st,R3,v2
2026-02,2026,[02] February,"Bantayan, Cebu",[1] Live,[A] Live,1st,Mun,1st,R7,v2
2026-02,2026,[02] February,"Pamplona, Negros Oriental",[1] Live,[A] Live,3rd,Mun,3rd,NIR,v2
2026-02,2026,[02] February,"City of Carcar, Cebu",[1] Live,[A] Live,5th,City,5th,R7,v2
2026-02,2026,[02] February,"Calanogas, Lanao del Sur",[1] Live,[A] Live,5th,Mun,5th,BARMM II,v2
2026-02,2026,[02] February,"Barili, Cebu",[1] Live,[A] Live,2nd,Mun,2nd,R7,v2
2026-02,2026,[02] February,"Carrascal, Surigao del Sur",[1] Live,[A] Live,4th,Mun,4th,R13,v2
2026-02,2026,[02] February,"Talacogon, Agusan del Sur",[1] Live,[A] Live,2nd,Mun,2nd,R13,v2
2026-02,2026,[02] February,"Gabaldon, Nueva Ecija",[1] Live,[A] Live,4th,Mun,4th,R3,with v1 v2
2026-02,2026,[02] February,"Santa Monica, Surigao del Norte",[1] Live,[A] Live,5th,Mun,5th,R13,v2
2026-02,2026,[02] February,"Kabugao, Apayao",[1] Live,[A] Live,1st,Mun,1st,CAR,v2
2026-02,2026,[02] February,"Balbalan, Kalinga",[1] Live,[A] Live,3rd,Mun,3rd,CAR,v2
2026-02,2026,[02] February,"Dolores, Quezon",[1] Live,[A] Live,4th,Mun,4th,R4A,v2
2026-02,2026,[02] February,"Malinao, Albay",[1] Live,[A] Live,3rd,Mun,3rd,R5,v2
2026-02,2026,[02] February,"Teresa, Rizal",[1] Live,[A] Live,2nd,Mun,2nd,R4A,v2
2026-02,2026,[02] February,"Prieto Diaz, Sorsogon",[1] Live,[A] Live,5th,Mun,5th,R5,v2
2026-02,2026,[02] February,"City of Laoag, Ilocos Norte",[1] Live,[A] Live,3rd,City,3rd,R1,with v1 v2
2026-02,2026,[02] February,"San Agustin, Romblon",[1] Live,[A] Live,4th,Mun,4th,R4B,v2
2026-02,2026,[02] February,"Palapag, Northern Samar",[1] Live,[A] Live,3rd,Mun,3rd,R8,v2
2026-02,2026,[02] February,"Datu Saudi Ampatuan, Maguindanao del Sur",[1] Live,[A] Live,4th,Mun,4th,BARMM II,v2
2026-02,2026,[02] February,"Corcuera, Romblon",[1] Live,[A] Live,5th,Mun,5th,R4B,v2
2026-02,2026,[02] February,"Sultan Sa Barongis, Maguindanao del Sur",[1] Live,[A] Live,2nd,Mun,2nd,BARMM II,v2
2026-02,2026,[02] February,"Angat, Bulacan",[1] Live,[A] Live,1st,Mun,1st,R3,v2
2026-02,2026,[02] February,"Badian, Cebu",[1] Live,[A] Live,3rd,Mun,3rd,R7,v2
2026-02,2026,[02] February,"Capas, Tarlac",[1] Live,[A] Live,1st,Mun,1st,R3,v2
2026-02,2026,[02] February,"Asturias, Cebu",[1] Live,[A] Live,3rd,Mun,3rd,R7,v2
2026-02,2026,[02] February,"Talibon, Bohol",[1] Live,[A] Live,1st,Mun,1st,R7,v2
2026-02,2026,[02] February,"Victoria, Oriental Mindoro",[1] Live,[A] Live,2nd,Mun,2nd,R4B,v2
2026-02,2026,[02] February,"Puerto Galera, Oriental Mindoro",[1] Live,[A] Live,1st,Mun,1st,R4B,v2
2026-02,2026,[02] February,"Calumpit, Bulacan",[1] Live,[A] Live,1st,Mun,1st,R3,v2
2026-02,2026,[02] February,"Cabucgayan, Biliran",[1] Live,[A] Live,5th,Mun,5th,R8,v2
2026-02,2026,[02] February,"Balatan, Camarines Sur",[1] Live,[A] Live,4th,Mun,4th,R5,v2
2026-02,2026,[02] February,"Llanera, Nueva Ecija",[1] Live,[A] Live,4th,Mun,4th,R3,v2
2026-02,2026,[02] February,"Tinambac, Camarines Sur",[1] Live,[A] Live,1st,Mun,1st,R5,v2
2026-02,2026,[02] February,"Dolores, Abra",[1] Live,[A] Live,5th,Mun,5th,CAR,with v1 v2
2026-02,2026,[02] February,"San Fernando, Masbate",[1] Live,[A] Live,5th,Mun,5th,R5,v2
2026-02,2026,[02] February,"Linapacan, Palawan",[1] Live,[A] Live,5th,Mun,5th,R4B,v2
2026-02,2026,[02] February,"Villaverde, Nueva Vizcaya",[1] Live,[A] Live,5th,Mun,5th,R2,v2
2026-02,2026,[02] February,"Peñaranda, Nueva Ecija",[1] Live,[A] Live,4th,Mun,4th,R3,v2
2026-02,2026,[02] February,"Zamboanguita, Negros Oriental",[1] Live,[A] Live,4th,Mun,4th,NIR,v2
2026-02,2026,[02] February,"Borbon, Cebu",[1] Live,[A] Live,4th,Mun,4th,R7,v2
2026-02,2026,[02] February,"Roxas, Isabela",[1] Live,[A] Live,1st,Mun,1st,R2,v2
2026-02,2026,[02] February,"Buguias, Benguet",[1] Live,[A] Live,3rd,Mun,3rd,CAR,v2
2026-02,2026,[02] February,"Maconacon, Isabela",[1] Live,[A] Live,3rd,Mun,3rd,R2,v2
2026-02,2026,[02] February,"Lake Sebu, South Cotabato",[1] Live,[A] Live,1st,Mun,1st,R12,v2
2026-02,2026,[02] February,"San Jacinto, Masbate",[1] Live,[A] Live,4th,Mun,4th,R5,v2
2026-02,2026,[02] February,"Siayan, Zamboanga del Norte",[1] Live,[A] Live,2nd,Mun,2nd,R9,with v1 v2
2026-02,2026,[02] February,"Molave, Zamboanga del Sur",[1] Live,[A] Live,1st,Mun,1st,R9,with v1 v2
2026-02,2026,[02] February,"Pilar, Surigao del Norte",[1] Live,[A] Live,5th,Mun,5th,R13,v2
2026-02,2026,[02] February,"San Benito, Surigao del Norte",[1] Live,[A] Live,6th,Mun,6th,R13,v2
2026-02,2026,[02] February,"Alicia, Zamboanga Sibugay",[1] Live,[A] Live,3rd,Mun,3rd,R9,v2
2026-02,2026,[02] February,"Cauayan, Negros Occidental",[1] Live,[A] Live,1st,Mun,1st,NIR,v2
2026-02,2026,[02] February,"City of Alaminos, Pangasinan",[1] Live,[A] Live,4th,City,4th,R1,v2
2026-02,2026,[02] February,"Ilog, Negros Occidental",[1] Live,[A] Live,2nd,Mun,2nd,NIR,v2
2026-02,2026,[02] February,"Buug, Zamboanga Sibugay",[1] Live,[A] Live,3rd,Mun,3rd,R9,v2
2026-02,2026,[02] February,"Sibunag, Guimaras",[1] Live,[A] Live,4th,Mun,4th,R6,v2
2026-02,2026,[02] February,"General Mamerto Natividad, Nueva Ecija",[1] Live,[A] Live,3rd,Mun,3rd,R3,v2
2026-02,2026,[02] February,"Datu Unsay, Maguindanao del Sur",[1] Live,[A] Live,5th,Mun,5th,BARMM II,v2
2026-02,2026,[02] February,"Lagangilang, Abra",[1] Live,[A] Live,5th,Mun,5th,CAR,v2
2026-02,2026,[02] February,"Tubo, Abra",[1] Live,[A] Live,4th,Mun,4th,CAR,v2
2026-02,2026,[02] February,"Calanasan, Apayao",[1] Live,[A] Live,1st,Mun,1st,CAR,v2
2026-02,2026,[02] February,"Caluya, Antique",[1] Live,[A] Live,1st,Mun,1st,R6,v2
2026-02,2026,[02] February,"Flora, Apayao",[1] Live,[A] Live,3rd,Mun,3rd,CAR,v2
2026-03,2026,[03] March,"Pateros, Metro Manila",[1] Live,[A] Live,1st,Mun,1st,NCR,v2
2026-03,2026,[03] March,"City of Cauayan, Isabela",[1] Live,[A] Live,3rd,City,3rd,R2,v2
2026-03,2026,[03] March,"Abucay, Bataan",[1] Live,[A] Live,3rd,Mun,3rd,R3,v2
2026-03,2026,[03] March,"Odiongan, Romblon",[1] Live,[A] Live,2nd,Mun,2nd,R4B,v2
2026-03,2026,[03] March,"Limasawa, Southern Leyte",[1] Live,[A] Live,6th,Mun,6th,R8,v2
2026-03,2026,[03] March,"Reina Mercedes, Isabela",[1] Live,[A] Live,4th,Mun,4th,R2,v2
2026-03,2026,[03] March,"Kiangan, Ifugao",[1] Live,[A] Live,4th,Mun,4th,CAR,v2
2026-03,2026,[03] March,"Presentacion, Camarines Sur",[1] Live,[A] Live,4th,Mun,4th,R5,with v1 v2
2026-03,2026,[03] March,"Tigbauan, Iloilo",[1] Live,[A] Live,2nd,Mun,2nd,R6,v2
2026-03,2026,[03] March,"Initao, Misamis Oriental",[1] Live,[A] Live,3rd,Mun,3rd,R10,v2
2026-03,2026,[03] March,"City of San Pablo, Laguna",[1] Live,[A] Live,1st,City,1st,R4A,v2
2026-03,2026,[03] March,"Pura, Tarlac",[1] Live,[A] Live,4th,Mun,4th,R3,with v1 v2
2026-03,2026,[03] March,"San Leonardo, Nueva Ecija",[1] Live,[A] Live,1st,Mun,1st,R3,v2
2026-03,2026,[03] March,"Science City of Muñoz, Nueva Ecija",[1] Live,[A] Live,4th,City,4th,R3,v2
2026-03,2026,[03] March,"Cabiao, Nueva Ecija",[1] Live,[A] Live,1st,Mun,1st,R3,with v1 v2
2026-03,2026,[03] March,"Cabangan, Zambales",[1] Live,[A] Live,4th,Mun,4th,R3,with v1 v2
2026-03,2026,[03] March,"Ramos, Tarlac",[1] Live,[A] Live,5th,Mun,5th,R3,v2
2026-03,2026,[03] March,"San Antonio, Nueva Ecija",[1] Live,[A] Live,1st,Mun,1st,R3,v2
2026-03,2026,[03] March,"Laur, Nueva Ecija",[1] Live,[A] Live,3rd,Mun,3rd,R3,v2
2026-03,2026,[03] March,"Sudipen, La Union",[1] Live,[A] Live,4th,Mun,4th,R1,with v1 v2
2026-03,2026,[03] March,"Carranglan, Nueva Ecija",[1] Live,[A] Live,1st,Mun,1st,R3,v2
2026-03,2026,[03] March,"Binuangan, Misamis Oriental",[1] Live,[A] Live,6th,Mun,6th,R10,v2
2026-03,2026,[03] March,"Santa Rosa, Nueva Ecija",[1] Live,[A] Live,1st,Mun,1st,R3,v2
2026-03,2026,[03] March,"Rizal, Laguna",[1] Live,[A] Live,5th,Mun,5th,R4A,with v1 v2
2026-03,2026,[03] March,"Padre Garcia, Batangas",[1] Live,[A] Live,2nd,Mun,2nd,R4A,v2
2026-03,2026,[03] March,"Luna, Isabela",[1] Live,[A] Live,5th,Mun,5th,R2,v2
2026-03,2026,[03] March,"Morong, Bataan",[1] Live,[A] Live,3rd,Mun,3rd,R3,v2
2026-03,2026,[03] March,"San Jose, Camarines Sur",[1] Live,[A] Live,4th,Mun,4th,R5,with v1 v2
2026-03,2026,[03] March,"Alilem, Ilocos Sur",[1] Live,[A] Live,4th,Mun,4th,R1,v2
2026-03,2026,[03] March,"Quirino, Ilocos Sur",[1] Live,[A] Live,4th,Mun,4th,R1,v2
2026-03,2026,[03] March,"Nampicuan, Nueva Ecija",[1] Live,[A] Live,5th,Mun,5th,R3,v2
2026-03,2026,[03] March,"Suyo, Ilocos Sur",[1] Live,[A] Live,4th,Mun,4th,R1,with v1 v2
2026-03,2026,[03] March,"Santol, La Union",[1] Live,[A] Live,4th,Mun,4th,R1,with v1 v2
2026-03,2026,[03] March,"Naguilian, Isabela",[1] Live,[A] Live,4th,Mun,4th,R2,with v1 v2
2026-03,2026,[03] March,"Buhi, Camarines Sur",[1] Live,[A] Live,1st,Mun,1st,R5,v2
2026-03,2026,[03] March,"Bulacan, Bulacan",[1] Live,[A] Live,1st,Mun,1st,R3,v2
2026-03,2026,[03] March,"Quirino, Isabela",[1] Live,[A] Live,4th,Mun,4th,R2,v2
2026-03,2026,[03] March,"Polangui, Albay",[1] Live,[A] Live,1st,Mun,1st,R5,v2
2026-03,2026,[03] March,"Candelaria, Zambales",[1] Live,[A] Live,3rd,Mun,3rd,R3,v2
2026-03,2026,[03] March,"Bangar, La Union",[1] Live,[A] Live,3rd,Mun,3rd,R1,with v1 v2
2026-03,2026,[03] March,"Bolinao, Pangasinan",[1] Live,[A] Live,1st,Mun,1st,R1,v2
2026-03,2026,[03] March,"Burgos, Ilocos Norte",[1] Live,[A] Live,5th,Mun,5th,R1,v2
2026-03,2026,[03] March,"Dingras, Ilocos Norte",[1] Live,[A] Live,2nd,Mun,2nd,R1,with v1 v2
2026-03,2026,[03] March,"Hagonoy, Bulacan",[1] Live,[A] Live,1st,Mun,1st,R3,v2
2026-03,2026,[03] March,"Baras, Catanduanes",[1] Live,[A] Live,5th,Mun,5th,R5,v2
2026-03,2026,[03] March,"City of Calapan, Oriental Mindoro",[1] Live,[A] Live,3rd,City,3rd,R4B,v2
2026-03,2026,[03] March,"Bustos, Bulacan",[1] Live,[A] Live,2nd,Mun,2nd,R3,with v1 v2
2026-03,2026,[03] March,"Talisay, Batangas",[1] Live,[A] Live,3rd,Mun,3rd,R4A,v2
2026-03,2026,[03] March,"Galimuyod, Ilocos Sur",[1] Live,[A] Live,4th,Mun,4th,R1,v2
2026-03,2026,[03] March,"Makilala, Cotabato",[1] Live,[A] Live,1st,Mun,1st,R12,v2
2026-03,2026,[03] March,"Jaen, Nueva Ecija",[1] Live,[A] Live,2nd,Mun,2nd,R3,v2
2026-03,2026,[03] March,"Luisiana, Laguna",[1] Live,[A] Live,4th,Mun,4th,R4A,v2
2026-03,2026,[03] March,"Laurel, Batangas",[1] Live,[A] Live,3rd,Mun,3rd,R4A,v2
2026-03,2026,[03] March,"Guinobatan, Albay",[1] Live,[A] Live,1st,Mun,1st,R5,v2
2026-03,2026,[03] March,"Pagudpud, Ilocos Norte",[1] Live,[A] Live,4th,Mun,4th,R1,with v1 v2
2026-03,2026,[03] March,"Bato, Catanduanes",[1] Live,[A] Live,5th,Mun,5th,R5,v2
2026-03,2026,[03] March,"Pinili, Ilocos Norte",[1] Live,[A] Live,3rd,Mun,3rd,R1,v2
2026-03,2026,[03] March,"Burgos, Pangasinan",[1] Live,[A] Live,4th,Mun,4th,R1,v2
2026-03,2026,[03] March,"Gonzaga, Cagayan",[1] Live,[A] Live,1st,Mun,1st,R2,v2
2026-03,2026,[03] March,"Bani, Pangasinan",[1] Live,[A] Live,2nd,Mun,2nd,R1,v2
2026-03,2026,[03] March,"Cervantes, Ilocos Sur",[1] Live,[A] Live,4th,Mun,4th,R1,v2
2026-03,2026,[03] March,"Macalelon, Quezon",[1] Live,[A] Live,4th,Mun,4th,R4A,v2
2026-03,2026,[03] March,"Marcos, Ilocos Norte",[1] Live,[A] Live,4th,Mun,4th,R1,v2
2026-03,2026,[03] March,"Labrador, Pangasinan",[1] Live,[A] Live,4th,Mun,4th,R1,v2
2026-03,2026,[03] March,"Nagbukel, Ilocos Sur",[1] Live,[A] Live,5th,Mun,5th,R1,v2
2026-03,2026,[03] March,"Abulug, Cagayan",[1] Live,[A] Live,3rd,Mun,3rd,R2,v2
2026-03,2026,[03] March,"Gregorio Del Pilar, Ilocos Sur",[1] Live,[A] Live,5th,Mun,5th,R1,v2
2026-03,2026,[03] March,"Anda, Pangasinan",[1] Live,[A] Live,3rd,Mun,3rd,R1,with v1 v2
2026-03,2026,[03] March,"Alcala, Cagayan",[1] Live,[A] Live,3rd,Mun,3rd,R2,v2
2026-03,2026,[03] March,"Currimao, Ilocos Norte",[1] Live,[A] Live,4th,Mun,4th,R1,v2
2026-03,2026,[03] March,"San Emilio, Ilocos Sur",[1] Live,[A] Live,4th,Mun,4th,R1,v2
2026-03,2026,[03] March,"Kapangan, Benguet",[1] Live,[A] Live,4th,Mun,4th,CAR,v2
2026-03,2026,[03] March,"Bagulin, La Union",[1] Live,[A] Live,5th,Mun,5th,R1,with v1 v2
2026-03,2026,[03] March,"Bay, Laguna",[1] Live,[A] Live,2nd,Mun,2nd,R4A,v2
2026-03,2026,[03] March,"Mabini, Pangasinan",[1] Live,[A] Live,3rd,Mun,3rd,R1,v2
2026-03,2026,[03] March,"Lingayen, Pangasinan",[1] Live,[A] Live,1st,Mun,1st,R1,with v1 v2
2026-03,2026,[03] March,"Rizal, Cagayan",[1] Live,[A] Live,5th,Mun,5th,R2,v2
2026-03,2026,[03] March,"Cordon, Isabela",[1] Live,[A] Live,3rd,Mun,3rd,R2,with v1 v2
2026-03,2026,[03] March,"Jabonga, Agusan Del Norte",[1] Live,[A] Live,3rd,Mun,3rd,R13,v2
2026-03,2026,[03] March,"Orion, Bataan",[1] Live,[A] Live,2nd,Mun,2nd,R3,v2
2026-03,2026,[03] March,"Luna, La Union",[1] Live,[A] Live,3rd,Mun,3rd,R1,v2
2026-03,2026,[03] March,"Burdeos, Quezon",[1] Live,[A] Live,4th,Mun,4th,R4A,v2
2026-03,2026,[03] March,"San Nicolas, Ilocos Norte",[1] Live,[A] Live,2nd,Mun,2nd,R1,with v1 v2
2026-03,2026,[03] March,"Agno, Pangasinan",[1] Live,[A] Live,3rd,Mun,3rd,R1,v2
2026-03,2026,[03] March,"Manito, Albay",[1] Live,[A] Live,4th,Mun,4th,R5,v2
2026-03,2026,[03] March,"Balaoan, La Union",[1] Live,[A] Live,1st,Mun,1st,R1,with v1 v2
2026-03,2026,[03] March,"Rosario, Batangas",[1] Live,[A] Live,1st,Mun,1st,R4A,v2
2026-03,2026,[03] March,"Siquijor, Siquijor",[1] Live,[A] Live,4th,Mun,4th,NIR,v2
2026-03,2026,[03] March,"Calayan, Cagayan",[1] Live,[A] Live,3rd,Mun,3rd,R2,v2
2026-03,2026,[03] March,"Santa Catalina, Ilocos Sur",[1] Live,[A] Live,5th,Mun,5th,R1,with v1 v2
2026-03,2026,[03] March,"City of Tarlac, Tarlac",[1] Live,[A] Live,1st,City,1st,R3,v2
2026-03,2026,[03] March,"Santa Cruz, Ilocos Sur",[1] Live,[A] Live,1st,Mun,1st,R1,with v1 v2
2026-03,2026,[03] March,"Pilar, Bataan",[1] Live,[A] Live,3rd,Mun,3rd,R3,v2
2026-03,2026,[03] March,"Santa Cruz, Zambales",[1] Live,[A] Live,1st,Mun,1st,R3,v2
2026-03,2026,[03] March,"Bagac, Bataan",[1] Live,[A] Live,3rd,Mun,3rd,R3,v2
2026-03,2026,[03] March,"Tiaong, Quezon",[1] Live,[A] Live,1st,Mun,1st,R4A,v2
2026-03,2026,[03] March,"Cuenca, Batangas",[1] Live,[A] Live,4th,Mun,4th,R4A,v2
2026-03,2026,[03] March,"Pugo, La Union",[1] Live,[A] Live,5th,Mun,5th,R1,v2
2026-03,2026,[03] March,"Kapatagan, Lanao del Sur",[1] Live,[A] Live,4th,Mun,4th,BARMM II,v2
2026-03,2026,[03] March,"Doña Remedios Trinidad, Bulacan",[1] Live,[A] Live,1st,Mun,1st,R3,v2
2026-03,2026,[03] March,"Ivana, Batanes",[1] Live,[A] Live,6th,Mun,6th,R2,v2
2026-03,2026,[03] March,"Basco, Batanes",[1] Live,[A] Live,5th,Mun,5th,R2,v2
2026-03,2026,[03] March,"Mahatao, Batanes",[1] Live,[A] Live,6th,Mun,6th,R2,v2
2026-03,2026,[03] March,"Uyugan, Batanes",[1] Live,[A] Live,6th,Mun,6th,R2,v2
2026-03,2026,[03] March,"Diffun, Quirino",[1] Live,[A] Live,2nd,Mun,2nd,R2,with v1 v2
2026-03,2026,[03] March,"Saguday, Quirino",[1] Live,[A] Live,5th,Mun,5th,R2,with v1 v2
2026-03,2026,[03] March,"Rizal, Kalinga",[1] Live,[A] Live,4th,Mun,4th,CAR,v2
2026-03,2026,[03] March,"Tineg, Abra",[1] Live,[A] Live,2nd,Mun,2nd,CAR,v2
2026-03,2026,[03] March,"Barira, Maguindanao del Norte",[1] Live,[A] Live,4th,Mun,4th,BARMM II,v2
2026-03,2026,[03] March,"City of Batac, Ilocos Norte",[1] Live,[A] Live,5th,City,5th,R1,with v1 v2
2026-03,2026,[03] March,"Aglipay, Quirino",[1] Live,[A] Live,3rd,Mun,3rd,R2,with v1 v2
2026-03,2026,[03] March,"Manaoag, Pangasinan",[1] Live,[A] Live,1st,Mun,1st,R1,v2
2026-03,2026,[03] March,"Burgos, Isabela",[1] Live,[A] Live,4th,Mun,4th,R2,with v1 v2
2026-03,2026,[03] March,"Bamban, Tarlac",[1] Live,[A] Live,2nd,Mun,2nd,R3,with v1 v2
2026-03,2026,[03] March,"South Upi, Maguindanao del Sur",[1] Live,[A] Live,4th,Mun,4th,BARMM II,v2
2026-03,2026,[03] March,"Dupax Del Norte, Nueva Vizcaya",[1] Live,[A] Live,3rd,Mun,3rd,R2,with v1 v2
2026-03,2026,[03] March,"Dupax Del Sur, Nueva Vizcaya",[1] Live,[A] Live,2nd,Mun,2nd,R2,with v1 v2
2026-03,2026,[03] March,"Agoo, La Union",[1] Live,[A] Live,1st,Mun,1st,R1,with v1 v2
2026-03,2026,[03] March,"Aurora, Isabela",[1] Live,[A] Live,3rd,Mun,3rd,R2,with v1 v2
2026-03,2026,[03] March,"Cabatuan, Isabela",[1] Live,[A] Live,3rd,Mun,3rd,R2,v2
2026-03,2026,[03] March,"Gamu, Isabela",[1] Live,[A] Live,4th,Mun,4th,R2,with v1 v2
2026-03,2026,[03] March,"Nasugbu, Batangas",[1] Live,[A] Live,1st,Mun,1st,R4A,v2
2026-03,2026,[03] March,"Itogon, Benguet",[1] Live,[A] Live,1st,Mun,1st,CAR,v2
2026-03,2026,[03] March,"Bokod, Benguet",[1] Live,[A] Live,4th,Mun,4th,CAR,v2
2026-03,2026,[03] March,"Quezon, Nueva Ecija",[1] Live,[A] Live,4th,Mun,4th,R3,with v1 v2
2026-03,2026,[03] March,"Palauig, Zambales",[1] Live,[A] Live,3rd,Mun,3rd,R3,with v1 v2
2026-03,2026,[03] March,"San Manuel, Tarlac",[1] Live,[A] Live,4th,Mun,4th,R3,with v1 v2
2026-03,2026,[03] March,"San Mateo, Isabela",[1] Live,[A] Live,1st,Mun,1st,R2,with v1 v2
2026-03,2026,[03] March,"San Isidro, Isabela",[1] Live,[A] Live,5th,Mun,5th,R2,with v1 v2
2026-03,2026,[03] March,"Mallig, Isabela",[1] Live,[A] Live,4th,Mun,4th,R2,with v1 v2
2026-03,2026,[03] March,"San Clemente, Tarlac",[1] Live,[A] Live,5th,Mun,5th,R3,with v1 v2
2026-03,2026,[03] March,"Candaba, Pampanga",[1] Live,[A] Live,1st,Mun,1st,R3,with v1 v2
2026-03,2026,[03] March,"Paoay, Ilocos Norte",[1] Live,[A] Live,4th,Mun,4th,R1,v2
2026-03,2026,[03] March,"Matanog, Maguindanao del Norte",[1] Live,[A] Live,4th,Mun,4th,BARMM II,v2
2026-03,2026,[03] March,"San Luis, Aurora",[1] Live,[A] Live,2nd,Mun,2nd,R3,with v1 v2
2026-03,2026,[03] March,"City of Passi, Iloilo",[1] Live,[A] Live,4th,City,4th,R6,v2
2026-03,2026,[03] March,"Zaragoza, Nueva Ecija",[1] Live,[A] Live,3rd,Mun,3rd,R3,with v1 v2
2026-03,2026,[03] March,"Magarao, Camarines Sur",[1] Live,[A] Live,4th,Mun,4th,R5,with v1 v2
2026-03,2026,[03] March,"Sugpon, Ilocos Sur",[1] Live,[A] Live,5th,Mun,5th,R1,v2
2026-03,2026,[03] March,"Santa Maria, Pangasinan",[1] Live,[A] Live,4th,Mun,4th,R1,v2
2026-03,2026,[03] March,"Hingyon, Ifugao",[1] Live,[A] Live,5th,Mun,5th,CAR,v2
2026-03,2026,[03] March,"Norala, South Cotabato",[1] Live,[A] Live,3rd,Mun,3rd,R12,v2
2026-03,2026,[03] March,"Guimba, Nueva Ecija",[1] Live,[A] Live,1st,Mun,1st,R3,with v1 v2
2026-03,2026,[03] March,"Buldon, Maguindanao del Norte",[1] Live,[A] Live,4th,Mun,4th,BARMM II,v2
2026-03,2026,[03] March,"Bauang, La Union",[1] Live,[A] Live,1st,Mun,1st,R1,v2
2026-03,2026,[03] March,"San Jacinto, Pangasinan",[1] Live,[A] Live,3rd,Mun,3rd,R1,v2
2026-03,2026,[03] March,"Santa Ignacia, Tarlac",[1] Live,[A] Live,2nd,Mun,2nd,R3,with v1 v2
2026-03,2026,[03] March,"City of Tagaytay, Cavite",[1] Live,[A] Live,2nd,City,2nd,R4A,v2
2026-03,2026,[03] March,"Tadian, Mountain Province",[1] Live,[A] Live,4th,Mun,4th,CAR,v2
2026-03,2026,[03] March,"Irosin, Sorsogon",[1] Live,[A] Live,2nd,Mun,2nd,R5,v2
2026-03,2026,[03] March,"Gasan, Marinduque",[1] Live,[A] Live,3rd,Mun,3rd,R4B,v2
2026-03,2026,[03] March,"Wao, Lanao del Sur",[1] Live,[A] Live,2nd,Mun,2nd,BARMM II,v2
2026-03,2026,[03] March,"Sigay, Ilocos Sur",[1] Live,[A] Live,5th,Mun,5th,R1,v2
2026-03,2026,[03] March,"San Gabriel, La Union",[1] Live,[A] Live,4th,Mun,4th,R1,with v1 v2
2026-03,2026,[03] March,"Burgos, Ilocos Sur",[1] Live,[A] Live,4th,Mun,4th,R1,v2
2026-03,2026,[03] March,"Lagayan, Abra",[1] Live,[A] Live,5th,Mun,5th,CAR,v2
2026-03,2026,[03] March,"Delfin Albano, Isabela",[1] Live,[A] Live,4th,Mun,4th,R2,v2
2026-03,2026,[03] March,"La Paz, Tarlac",[1] Live,[A] Live,2nd,Mun,2nd,R3,with v1 v2
2026-03,2026,[03] March,"City of Bislig, Surigao del Sur",[1] Live,[A] Live,3rd,City,3rd,R13,v2
2026-03,2026,[03] March,"Veruela, Agusan del Sur",[1] Live,[A] Live,2nd,Mun,2nd,R13,v2
2026-03,2026,[03] March,"Esperanza, Agusan del Sur",[1] Live,[A] Live,1st,Mun,1st,R13,v2
2026-03,2026,[03] March,"Calasiao, Pangasinan",[1] Live,[A] Live,1st,Mun,1st,R1,with v1 v2
2026-03,2026,[03] March,"Enrique B. Magalona, Negros Occidental",[1] Live,[A] Live,2nd,Mun,2nd,NIR,v2
2026-03,2026,[03] March,"Pilar, Cebu",[1] Live,[A] Live,5th,Mun,5th,R7,v2
2026-03,2026,[03] March,"San Pablo, Isabela",[1] Live,[A] Live,2nd,Mun,2nd,R2,v2
2026-03,2026,[03] March,"Victoria, Tarlac",[1] Live,[A] Live,2nd,Mun,2nd,R3,v2
2026-03,2026,[03] March,"Moncada, Tarlac",[1] Live,[A] Live,1st,Mun,1st,R3,v2
2026-03,2026,[03] March,"Bantayan, Cebu",[1] Live,[A] Live,1st,Mun,1st,R7,v2
2026-03,2026,[03] March,"Pamplona, Negros Oriental",[1] Live,[A] Live,3rd,Mun,3rd,NIR,v2
2026-03,2026,[03] March,"City of Carcar, Cebu",[1] Live,[A] Live,5th,City,5th,R7,v2
2026-03,2026,[03] March,"Calanogas, Lanao del Sur",[1] Live,[A] Live,5th,Mun,5th,BARMM II,v2
2026-03,2026,[03] March,"Barili, Cebu",[1] Live,[A] Live,2nd,Mun,2nd,R7,v2
2026-03,2026,[03] March,"Carrascal, Surigao del Sur",[1] Live,[A] Live,4th,Mun,4th,R13,v2
2026-03,2026,[03] March,"Talacogon, Agusan del Sur",[1] Live,[A] Live,2nd,Mun,2nd,R13,v2
2026-03,2026,[03] March,"Gabaldon, Nueva Ecija",[1] Live,[A] Live,4th,Mun,4th,R3,with v1 v2
2026-03,2026,[03] March,"Santa Monica, Surigao del Norte",[1] Live,[A] Live,5th,Mun,5th,R13,v2
2026-03,2026,[03] March,"Kabugao, Apayao",[1] Live,[A] Live,1st,Mun,1st,CAR,v2
2026-03,2026,[03] March,"Balbalan, Kalinga",[1] Live,[A] Live,3rd,Mun,3rd,CAR,v2
2026-03,2026,[03] March,"Dolores, Quezon",[1] Live,[A] Live,4th,Mun,4th,R4A,v2
2026-03,2026,[03] March,"Malinao, Albay",[1] Live,[A] Live,3rd,Mun,3rd,R5,v2
2026-03,2026,[03] March,"Teresa, Rizal",[1] Live,[A] Live,2nd,Mun,2nd,R4A,v2
2026-03,2026,[03] March,"Prieto Diaz, Sorsogon",[1] Live,[A] Live,5th,Mun,5th,R5,v2
2026-03,2026,[03] March,"City of Laoag, Ilocos Norte",[1] Live,[A] Live,3rd,City,3rd,R1,with v1 v2
2026-03,2026,[03] March,"San Agustin, Romblon",[1] Live,[A] Live,4th,Mun,4th,R4B,v2
2026-03,2026,[03] March,"Palapag, Northern Samar",[1] Live,[A] Live,3rd,Mun,3rd,R8,v2
2026-03,2026,[03] March,"Datu Saudi Ampatuan, Maguindanao del Sur",[1] Live,[A] Live,4th,Mun,4th,BARMM II,v2
2026-03,2026,[03] March,"Corcuera, Romblon",[1] Live,[A] Live,5th,Mun,5th,R4B,v2
2026-03,2026,[03] March,"Sultan Sa Barongis, Maguindanao del Sur",[1] Live,[A] Live,2nd,Mun,2nd,BARMM II,v2
2026-03,2026,[03] March,"Angat, Bulacan",[1] Live,[A] Live,1st,Mun,1st,R3,v2
2026-03,2026,[03] March,"Badian, Cebu",[1] Live,[A] Live,3rd,Mun,3rd,R7,v2
2026-03,2026,[03] March,"Capas, Tarlac",[1] Live,[A] Live,1st,Mun,1st,R3,v2
2026-03,2026,[03] March,"Asturias, Cebu",[1] Live,[A] Live,3rd,Mun,3rd,R7,v2
2026-03,2026,[03] March,"Talibon, Bohol",[1] Live,[A] Live,1st,Mun,1st,R7,v2
2026-03,2026,[03] March,"Victoria, Oriental Mindoro",[1] Live,[A] Live,2nd,Mun,2nd,R4B,v2
2026-03,2026,[03] March,"Puerto Galera, Oriental Mindoro",[1] Live,[A] Live,1st,Mun,1st,R4B,v2
2026-03,2026,[03] March,"Calumpit, Bulacan",[1] Live,[A] Live,1st,Mun,1st,R3,v2
2026-03,2026,[03] March,"Cabucgayan, Biliran",[1] Live,[A] Live,5th,Mun,5th,R8,v2
2026-03,2026,[03] March,"Balatan, Camarines Sur",[1] Live,[A] Live,4th,Mun,4th,R5,v2
2026-03,2026,[03] March,"Llanera, Nueva Ecija",[1] Live,[A] Live,4th,Mun,4th,R3,v2
2026-03,2026,[03] March,"Tinambac, Camarines Sur",[1] Live,[A] Live,1st,Mun,1st,R5,v2
2026-03,2026,[03] March,"Dolores, Abra",[1] Live,[A] Live,5th,Mun,5th,CAR,with v1 v2
2026-03,2026,[03] March,"San Fernando, Masbate",[1] Live,[A] Live,5th,Mun,5th,R5,v2
2026-03,2026,[03] March,"Linapacan, Palawan",[1] Live,[A] Live,5th,Mun,5th,R4B,v2
2026-03,2026,[03] March,"Villaverde, Nueva Vizcaya",[1] Live,[A] Live,5th,Mun,5th,R2,v2
2026-03,2026,[03] March,"Peñaranda, Nueva Ecija",[1] Live,[A] Live,4th,Mun,4th,R3,v2
2026-03,2026,[03] March,"Zamboanguita, Negros Oriental",[1] Live,[A] Live,4th,Mun,4th,NIR,v2
2026-03,2026,[03] March,"Borbon, Cebu",[1] Live,[A] Live,4th,Mun,4th,R7,v2
2026-03,2026,[03] March,"Roxas, Isabela",[1] Live,[A] Live,1st,Mun,1st,R2,v2
2026-03,2026,[03] March,"Buguias, Benguet",[1] Live,[A] Live,3rd,Mun,3rd,CAR,v2
2026-03,2026,[03] March,"Maconacon, Isabela",[1] Live,[A] Live,3rd,Mun,3rd,R2,v2
2026-03,2026,[03] March,"Lake Sebu, South Cotabato",[1] Live,[A] Live,1st,Mun,1st,R12,v2
2026-03,2026,[03] March,"San Jacinto, Masbate",[1] Live,[A] Live,4th,Mun,4th,R5,v2
2026-03,2026,[03] March,"Siayan, Zamboanga del Norte",[1] Live,[A] Live,2nd,Mun,2nd,R9,with v1 v2
2026-03,2026,[03] March,"Molave, Zamboanga del Sur",[1] Live,[A] Live,1st,Mun,1st,R9,with v1 v2
2026-03,2026,[03] March,"Pilar, Surigao del Norte",[1] Live,[A] Live,5th,Mun,5th,R13,v2
2026-03,2026,[03] March,"San Benito, Surigao del Norte",[1] Live,[A] Live,6th,Mun,6th,R13,v2
2026-03,2026,[03] March,"Alicia, Zamboanga Sibugay",[1] Live,[A] Live,3rd,Mun,3rd,R9,v2
2026-03,2026,[03] March,"Cauayan, Negros Occidental",[1] Live,[A] Live,1st,Mun,1st,NIR,v2
2026-03,2026,[03] March,"City of Alaminos, Pangasinan",[1] Live,[A] Live,4th,City,4th,R1,v2
2026-03,2026,[03] March,"Ilog, Negros Occidental",[1] Live,[A] Live,2nd,Mun,2nd,NIR,v2
2026-03,2026,[03] March,"Buug, Zamboanga Sibugay",[1] Live,[A] Live,3rd,Mun,3rd,R9,v2
2026-03,2026,[03] March,"Sibunag, Guimaras",[1] Live,[A] Live,4th,Mun,4th,R6,v2
2026-03,2026,[03] March,"General Mamerto Natividad, Nueva Ecija",[1] Live,[A] Live,3rd,Mun,3rd,R3,v2
2026-03,2026,[03] March,"Datu Unsay, Maguindanao del Sur",[1] Live,[A] Live,5th,Mun,5th,BARMM II,v2
2026-03,2026,[03] March,"Lagangilang, Abra",[1] Live,[A] Live,5th,Mun,5th,CAR,v2
2026-03,2026,[03] March,"Tubo, Abra",[1] Live,[A] Live,4th,Mun,4th,CAR,v2
2026-03,2026,[03] March,"Calanasan, Apayao",[1] Live,[A] Live,1st,Mun,1st,CAR,v2
2026-03,2026,[03] March,"Caluya, Antique",[1] Live,[A] Live,1st,Mun,1st,R6,v2
2026-03,2026,[03] March,"Flora, Apayao",[1] Live,[A] Live,3rd,Mun,3rd,CAR,v2
2026-03,2026,[03] March,"La Paz, Abra",[1] Live,[A] Live,5th,Mun,5th,CAR,v2
2026-03,2026,[03] March,"Culasi, Antique",[1] Live,[A] Live,3rd,Mun,3rd,R6,v2
2026-03,2026,[03] March,"Pamplona, Camarines Sur",[1] Live,[A] Live,4th,Mun,4th,R5,v2
2026-03,2026,[03] March,"Cabusao, Camarines Sur",[1] Live,[A] Live,5th,Mun,5th,R5,v2
2026-03,2026,[03] March,"Nueva Valencia, Guimaras",[1] Live,[A] Live,3rd,Mun,3rd,R6,v2
2026-03,2026,[03] March,"Santa Maria, Davao Occidental",[1] Live,[A] Live,2nd,Mun,2nd,R11,v2
2026-03,2026,[03] March,"Mabini, Davao de Oro",[1] Live,[A] Live,2nd,Mun,2nd,R11,v2
2026-03,2026,[03] March,"Tubungan, Iloilo",[1] Live,[A] Live,4th,Mun,4th,R6,v2
2026-03,2026,[03] March,"Sibagat, Agusan del Sur",[1] Live,[A] Live,1st,Mun,1st,R13,v2
2026-03,2026,[03] March,"Bangued, Abra",[1] Live,[A] Live,1st,Mun,1st,CAR,v2
2026-04,2026,[04] April,"City of Lipa, Batangas",[3] System Setup,[B] Developmental,1st,City,1st,R4A,v2
2026-04,2026,[04] April,"Estancia, Iloilo",[3] System Setup,[B] Developmental,2nd,Mun,2nd,R6,v2
2026-04,2026,[04] April,"City of Sorsogon, Sorsogon",[3] System Setup,[B] Developmental,3rd,City,3rd,R5,v2
2026-04,2026,[04] April,"Cabanglasan, Bukidnon",[3] System Setup,[B] Developmental,3rd,Mun,3rd,R10,v2
2026-04,2026,[04] April,"Kitaotao, Bukidnon",[3] System Setup,[B] Developmental,1st,Mun,1st,R10,v2
2026-04,2026,[04] April,"Lantapan, Bukidnon",[3] System Setup,[B] Developmental,1st,Mun,1st,R10,v2
2026-04,2026,[04] April,"Malitbog, Bukidnon",[3] System Setup,[B] Developmental,2nd,Mun,2nd,R10,v2
2026-04,2026,[04] April,"Quezon, Bukidnon",[3] System Setup,[B] Developmental,1st,Mun,1st,R10,v2
2026-04,2026,[04] April,"Munai, Lanao Del Norte",[3] System Setup,[B] Developmental,4th,Mun,4th,R10,v2
2026-04,2026,[04] April,"Don Victoriano Chiongbian, Misamis Occidental",[3] System Setup,[B] Developmental,4th,Mun,4th,R10,v2
2026-04,2026,[04] April,"Lopez Jaena, Misamis Occidental",[3] System Setup,[B] Developmental,4th,Mun,4th,R10,v2
2026-04,2026,[04] April,"Baliangao, Misamis Occidental",[3] System Setup,[B] Developmental,5th,Mun,5th,R10,v2
2026-04,2026,[04] April,"Mina, Iloilo",[3] System Setup,[B] Developmental,5th,Mun,5th,R6,with v1 v2
2026-04,2026,[04] April,"Santa Maria, Ilocos Sur",[3] System Setup,[B] Developmental,3rd,Mun,3rd,R1,v2
2026-04,2026,[04] April,"Santa Magdalena, Sorsogon",[3] System Setup,[B] Developmental,5th,Mun,5th,R5,v2
2026-04,2026,[04] April,"San Francisco, Quezon",[2] UAT,[B] Developmental,2nd,Mun,2nd,R4A,v2
2026-04,2026,[04] April,"San Narciso, Quezon",[2] UAT,[B] Developmental,3rd,Mun,3rd,R4A,v2
2026-04,2026,[04] April,"San Andres, Quezon",[2] UAT,[B] Developmental,4th,Mun,4th,R4A,v2
2026-04,2026,[04] April,"Lucban, Quezon",[2] UAT,[B] Developmental,2nd,Mun,2nd,R4A,v2
2026-04,2026,[04] April,"Tuguegarao City, Cagayan",[2] UAT,[B] Developmental,3rd,City,3rd,R2,v2
2026-04,2026,[04] April,"Buenavista, Quezon",[2] UAT,[B] Developmental,4th,Mun,4th,R4A,with v1 v2
2026-04,2026,[04] April,"Pagsanghan, Samar",[2] UAT,[B] Developmental,5th,Mun,5th,R8,v2
2026-04,2026,[04] April,"San Lorenzo Ruiz, Camarines Norte",[2] UAT,[B] Developmental,5th,Mun,5th,R5,v2
2026-04,2026,[04] April,"San Andres, Catanduanes",[2] UAT,[B] Developmental,3rd,Mun,3rd,R5,v2
2026-04,2026,[04] April,"Jovellar, Albay",[2] UAT,[B] Developmental,4th,Mun,4th,R5,v2
2026-04,2026,[04] April,"Calatrava, Negros Occidental",[2] UAT,[B] Developmental,1st,Mun,1st,NIR,v2
2026-04,2026,[04] April,"Isabela, Negros Occidental",[2] UAT,[B] Developmental,2nd,Mun,2nd,NIR,v2
2026-04,2026,[04] April,"Dumalag, Capiz",[2] UAT,[B] Developmental,4th,Mun,4th,R6,v2
2026-04,2026,[04] April,"Patnanungan, Quezon",[2] UAT,[B] Developmental,5th,Mun,5th,R4A,v2
2026-04,2026,[04] April,"Dumangas, Iloilo",[2] UAT,[B] Developmental,1st,Mun,1st,R6,v2
2026-04,2026,[04] April,"Dao, Capiz",[2] UAT,[B] Developmental,4th,Mun,4th,R6,v2
2026-04,2026,[04] April,"Pres. Manuel A. Roxas, Zamboanga del Norte",[2] UAT,[B] Developmental,2nd,Mun,2nd,R9,with v1 v2
2026-04,2026,[04] April,"Tingloy, Batangas",[2] UAT,[B] Developmental,5th,Mun,5th,R4A,v2
2026-04,2026,[04] April,"Mangatarem, Pangasinan",[2] UAT,[B] Developmental,1st,Mun,1st,R1,with v1 v2
2026-04,2026,[04] April,"Maimbung, Sulu",[2] UAT,[B] Developmental,5th,Mun,5th,BARMM I,v2
2026-04,2026,[04] April,"Omar, Sulu",[2] UAT,[B] Developmental,-,Mun,-,BARMM I,v2
2026-04,2026,[04] April,"Pantukan, Davao de Oro",[2] UAT,[B] Developmental,1st,Mun,1st,R11,v2
2026-04,2026,[04] April,"Jolo, Sulu",[2] UAT,[B] Developmental,1st,Mun,1st,BARMM I,v2
2026-04,2026,[04] April,"Caramoran, Catanduanes",[2] UAT,[B] Developmental,3rd,Mun,3rd,R5,v2
2026-04,2026,[04] April,"Sual, Pangasinan",[2] UAT,[B] Developmental,1st,Mun,1st,R1,v2
2026-04,2026,[04] April,"Mapandan, Pangasinan",[2] UAT,[B] Developmental,3rd,Mun,3rd,R1,with v1 v2
2026-04,2026,[04] April,"Rosales, Pangasinan",[2] UAT,[B] Developmental,1st,Mun,1st,R1,with v1 v2
2026-04,2026,[04] April,"Matnog, Sorsogon",[2] UAT,[B] Developmental,3rd,Mun,3rd,R5,v2
2026-04,2026,[04] April,"Gigmoto, Catanduanes",[2] UAT,[B] Developmental,5th,Mun,5th,R5,v2
2026-04,2026,[04] April,"Bagamanoc, Catanduanes",[2] UAT,[B] Developmental,5th,Mun,5th,R5,v2
2026-04,2026,[04] April,"Batuan, Masbate",[2] UAT,[B] Developmental,5th,Mun,5th,R5,v2
2026-04,2026,[04] April,"Baungon, Bukidnon",[2] UAT,[B] Developmental,2nd,Mun,2nd,R10,v2
2026-04,2026,[04] April,"Libona, Bukidnon",[2] UAT,[B] Developmental,1st,Mun,1st,R10,v2
2026-04,2026,[04] April,"Jose Abad Santos, Davao Occidental",[2] UAT,[B] Developmental,1st,Mun,1st,R11,v2
2026-04,2026,[04] April,"Pandan, Catanduanes",[2] UAT,[B] Developmental,4th,Mun,4th,R5,v2
2026-04,2026,[04] April,"Damulog, Bukidnon",[2] UAT,[B] Developmental,4th,Mun,4th,R10,v2
2026-04,2026,[04] April,"Kalilangan, Bukidnon",[2] UAT,[B] Developmental,2nd,Mun,2nd,R10,v2
2026-04,2026,[04] April,"Pangantucan, Bukidnon",[2] UAT,[B] Developmental,1st,Mun,1st,R10,v2
2026-04,2026,[04] April,"Sarangani, Davao Occidental",[2] UAT,[B] Developmental,4th,Mun,4th,R11,v2
2026-04,2026,[04] April,"Lagonoy, Camarines Sur",[2] UAT,[B] Developmental,2nd,Mun,2nd,R5,v2
2026-04,2026,[04] April,"Siruma, Camarines Sur",[2] UAT,[B] Developmental,4th,Mun,4th,R5,v2
2026-04,2026,[04] April,"Tigaon, Camarines Sur",[2] UAT,[B] Developmental,3rd,Mun,3rd,R5,v2
2026-04,2026,[04] April,"Libmanan, Camarines Sur",[2] UAT,[B] Developmental,1st,Mun,1st,R5,v2
2026-04,2026,[04] April,"Ocampo, Camarines Sur",[2] UAT,[B] Developmental,3rd,Mun,3rd,R5,v2
2026-04,2026,[04] April,"Daet, Camarines Norte",[2] UAT,[B] Developmental,1st,Mun,1st,R5,v2
2026-04,2026,[04] April,"Sampaloc, Quezon",[2] UAT,[B] Developmental,5th,Mun,5th,R4A,with v1 v2
2026-04,2026,[04] April,"Ternate, Cavite",[2] UAT,[B] Developmental,4th,Mun,4th,R4A,v2
2026-04,2026,[04] April,"San Jose, Batangas",[2] UAT,[B] Developmental,1st,Mun,1st,R4A,v2
2026-04,2026,[04] April,"City of Kidapawan, Cotabato",[2] UAT,[B] Developmental,3rd,City,3rd,R12,with v1 v2
2026-04,2026,[04] April,"Maslog, Eastern Samar",[2] UAT,[B] Developmental,5th,Mun,5th,R8,v2
2026-04,2026,[04] April,"Tabuan-Lasa, Basilan",[2] UAT,[B] Developmental,-,Mun,-,BARMM I,v2
2026-04,2026,[04] April,"Hadji Mohammad Ajul, Basilan",[2] UAT,[B] Developmental,-,Mun,-,BARMM I,v2
2026-04,2026,[04] April,"Kalibo, Aklan",[2] UAT,[B] Developmental,1st,Mun,1st,R6,v2
2026-04,2026,[04] April,"Mandaon, Masbate",[2] UAT,[B] Developmental,3rd,Mun,3rd,R5,with v1 v2
2026-04,2026,[04] April,"Claveria, Cagayan",[2] UAT,[B] Developmental,3rd,Mun,3rd,R2,v2
2026-04,2026,[04] April,"Solano, Nueva Vizcaya",[2] UAT,[B] Developmental,1st,Mun,1st,R2,v2
2026-04,2026,[04] April,"Alcala, Pangasinan",[2] UAT,[B] Developmental,3rd,Mun,3rd,R1,v2
2026-04,2026,[04] April,"Asingan, Pangasinan",[2] UAT,[B] Developmental,2nd,Mun,2nd,R1,v2
2026-04,2026,[04] April,"Umingan, Pangasinan",[2] UAT,[B] Developmental,1st,Mun,1st,R1,v2
2026-04,2026,[04] April,"Carasi, Ilocos Norte",[2] UAT,[B] Developmental,5th,Mun,5th,R1,v2
2026-04,2026,[04] April,"San Juan, La Union",[2] UAT,[B] Developmental,2nd,Mun,2nd,R1,v2
2026-04,2026,[04] April,"Malasiqui, Pangasinan",[2] UAT,[B] Developmental,1st,Mun,1st,R1,v2
2026-04,2026,[04] April,"Lutayan, Sultan Kudarat",[2] UAT,[B] Developmental,2nd,Mun,2nd,R12,v2
2026-04,2026,[04] April,"Tipo-Tipo, Basilan",[2] UAT,[B] Developmental,3rd,Mun,3rd,BARMM I,with v1 v2
2026-04,2026,[04] April,"Labason, Zamboanga del Norte",[2] UAT,[B] Developmental,3rd,Mun,3rd,R9,with v1 v2
2026-04,2026,[04] April,"San Miguel, Catanduanes",[2] UAT,[B] Developmental,5th,Mun,5th,R5,v2
2026-04,2026,[04] April,"Lemery, Iloilo",[2] UAT,[B] Developmental,4th,Mun,4th,R6,v2
2026-04,2026,[04] April,"San Enrique, Iloilo",[2] UAT,[B] Developmental,3rd,Mun,3rd,R6,v2
2026-04,2026,[04] April,"Hagonoy, Davao del Sur",[2] UAT,[B] Developmental,2nd,Mun,2nd,R11,v2
2026-04,2026,[04] April,"Tangcal, Lanao Del Norte",[2] UAT,[B] Developmental,5th,Mun,5th,R10,v2
2026-04,2026,[04] April,"Salvador, Lanao Del Norte",[2] UAT,[B] Developmental,5th,Mun,5th,R10,v2
2026-04,2026,[04] April,"Sapad, Lanao del Norte",[2] UAT,[B] Developmental,5th,Mun,5th,R10,v2
2026-04,2026,[04] April,"Jomalig, Quezon",[2] UAT,[B] Developmental,5th,Mun,5th,R4A,v2
2026-04,2026,[04] April,"Sablayan, Occidental Mindoro",[2] UAT,[B] Developmental,1st,Mun,1st,R4B,with v1 v2
2026-04,2026,[04] April,"Bocaue, Bulacan",[2] UAT,[B] Developmental,1st,Mun,1st,R3,v2
2026-04,2026,[04] April,"Magdalena, Laguna",[2] UAT,[B] Developmental,4th,Mun,4th,R4A,v2
2026-04,2026,[04] April,"Hermosa, Bataan",[2] UAT,[B] Developmental,1st,Mun,1st,R3,v2
2026-04,2026,[04] April,"Lamut, Ifugao",[2] UAT,[B] Developmental,4th,Mun,4th,CAR,with v1 v2
2026-04,2026,[04] April,"Nabunturan, Davao de Oro",[2] UAT,[B] Developmental,1st,Mun,1st,R11,v2
2026-04,2026,[04] April,"Paracelis, Mountain Province",[2] UAT,[B] Developmental,2nd,Mun,2nd,CAR,with v1 v2
2026-04,2026,[04] April,"Silvino Lobos, Northern Samar",[2] UAT,[B] Developmental,4th,Mun,4th,R8,v2
2026-04,2026,[04] April,"City of Tabuk, Kalinga",[2] UAT,[B] Developmental,5th,City,5th,CAR,with v1 v2
2026-04,2026,[04] April,"Talavera, Nueva Ecija",[2] UAT,[B] Developmental,1st,Mun,1st,R3,v2
2026-04,2026,[04] April,"Majayjay, Laguna",[2] UAT,[B] Developmental,4th,Mun,4th,R4A,v2
2026-04,2026,[04] April,"Bindoy, Negros Oriental",[2] UAT,[B] Developmental,3rd,Mun,3rd,NIR,v2
2026-04,2026,[04] April,"Magdiwang, Romblon",[2] UAT,[B] Developmental,5th,Mun,5th,R4B,v2
2026-04,2026,[04] April,"Medellin, Cebu",[2] UAT,[B] Developmental,2nd,Mun,2nd,R7,v2
2026-04,2026,[04] April,"Placer, Surigao del Norte",[2] UAT,[B] Developmental,4th,Mun,4th,R13,v2
2026-04,2026,[04] April,"Catanauan, Quezon",[2] UAT,[B] Developmental,1st,Mun,1st,R4A,v2
2026-04,2026,[04] April,"New Corella, Davao del Norte",[2] UAT,[B] Developmental,2nd,Mun,2nd,R11,v2
2026-04,2026,[04] April,"Santa Magdalena, Sorsogon",[2] UAT,[B] Developmental,5th,Mun,5th,R5,v2
2026-04,2026,[04] April,"Jipapad, Eastern Samar",[2] UAT,[B] Developmental,5th,Mun,5th,R8,v2
2026-04,2026,[04] April,"Pilar, Abra",[2] UAT,[B] Developmental,5th,Mun,5th,CAR,v2
,,,"Akbar, Basilan",,,,,,,Not client
,,,"Al-Barka, Basilan",,,,,,,Not client
,,,"Hadji Mohammad Ajul, Basilan",,,,,,,Not client
,,,"Hadji Muhtamad, Basilan",,,,,,,Not client
,,,"Hadji Panglima Tahil, Sulu",,,,,,,Not client
,,,"Indanan, Sulu",,,,,,,Not client
,,,"Kalingalan Caluang, Sulu",,,,,,,Not client
,,,"Languyan, Tawi-Tawi",,,,,,,Not client
,,,"Lugus, Sulu",,,,,,,Not client
,,,"Luuk, Sulu",,,,,,,Not client
,,,"Maimbung, Sulu",,,,,,,Not client
,,,"Maluso, Basilan",,,,,,,Not client
,,,"Mapun, Tawi-Tawi",,,,,,,Not client
,,,"Old Panamao, Sulu",,,,,,,Not client
,,,"Omar, Sulu",,,,,,,Not client
,,,"Pandami, Sulu",,,,,,,Not client
,,,"Panglima Estino, Sulu",,,,,,,Not client
,,,"Panglima Sugala, Tawi-Tawi",,,,,,,Not client
,,,"Pangutaran, Sulu",,,,,,,Not client
,,,"Parang, Sulu",,,,,,,Not client
,,,"Pata, Sulu",,,,,,,Not client
,,,"Patikul, Sulu",,,,,,,Not client
,,,"Sapa-Sapa, Tawi-Tawi",,,,,,,Not client
,,,"Siasi, Sulu",,,,,,,Not client
,,,"Sibutu, Tawi-Tawi",,,,,,,Not client
,,,"Simunul, Tawi-Tawi",,,,,,,Not client
,,,"Sitangkai, Tawi-Tawi",,,,,,,Not client
,,,"South Ubian, Tawi-Tawi",,,,,,,Not client
,,,"Tabuan-Lasa, Basilan",,,,,,,Not client
,,,"Tandubas, Tawi-Tawi",,,,,,,Not client
,,,"Tapul, Sulu",,,,,,,Not client
,,,"Tongkil, Sulu",,,,,,,Not client
,,,"Tuburan, Basilan",,,,,,,Not client
,,,"Turtle Islands, Tawi-Tawi",,,,,,,Not client
,,,"Amai Manabilang, Lanao del Sur",,,,,,,Not client
,,,"Bacolod-Kalawi, Lanao del Sur",,,,,,,Not client
,,,"Balabagan, Lanao del Sur",,,,,,,Not client
,,,"Balindong, Lanao del Sur",,,,,,,Not client
,,,"Bayang, Lanao del Sur",,,,,,,Not client
,,,"Binidayan, Lanao del Sur",,,,,,,Not client
,,,"Buadiposo-Buntong, Lanao del Sur",,,,,,,Not client
,,,"Bubong, Lanao del Sur",,,,,,,Not client
,,,"Buluan, Maguindanao del Sur",,,,,,,Not client
,,,"Butig, Lanao del Sur",,,,,,,Not client
,,,"City of Cotabato, Maguindanao del Norte",,,,,,,Not client
,,,"City of Marawi, Lanao del Sur",,,,,,,Not client
,,,"Datu Blah T. Sinsuat, Maguindanao del Norte",,,,,,,Not client
,,,"Datu Hoffer Ampatuan, Maguindanao del Sur",,,,,,,Not client
,,,"Datu Odin Sinsuat, Maguindanao del Norte",,,,,,,Not client
,,,"Datu Salibo, Maguindanao del Sur",,,,,,,Not client
,,,"Ditsaan-Ramain, Lanao del Sur",,,,,,,Not client
,,,"Ganassi, Lanao del Sur",,,,,,,Not client
,,,"Gen. S.K. Pendatun, Maguindanao del Sur",,,,,,,Not client
,,,"Guindulungan, Maguindanao del Sur",,,,,,,Not client
,,,"Kabuntalan, Maguindanao del Norte",,,,,,,Not client
,,,"Kadayangan, Special Geographic Area",,,,,,,Not client
,,,"Kapai, Lanao del Sur",,,,,,,Not client
,,,"Kapalawan, Special Geographic Area",,,,,,,Not client
,,,"Ligawasan, Special Geographic Area",,,,,,,Not client
,,,"Lumba-Bayabao, Lanao del Sur",,,,,,,Not client
,,,"Lumbaca-Unayan, Lanao del Sur",,,,,,,Not client
,,,"Lumbatan, Lanao del Sur",,,,,,,Not client
,,,"Lumbayanague, Lanao del Sur",,,,,,,Not client
,,,"Madalum, Lanao del Sur",,,,,,,Not client
,,,"Madamba, Lanao del Sur",,,,,,,Not client
,,,"Maguing, Lanao del Sur",,,,,,,Not client
,,,"Malabang, Lanao del Sur",,,,,,,Not client
,,,"Malidegao, Special Geographic Area",,,,,,,Not client
,,,"Mamasapano, Maguindanao del Sur",,,,,,,Not client
,,,"Mangudadatu, Maguindanao del Sur",,,,,,,Not client
,,,"Marantao, Lanao del Sur",,,,,,,Not client
,,,"Marogong, Lanao del Sur",,,,,,,Not client
,,,"Masiu, Lanao del Sur",,,,,,,Not client
,,,"Mulondo, Lanao del Sur",,,,,,,Not client
,,,"Nabalawag, Special Geographic Area",,,,,,,Not client
,,,"Old Kaabakan, Special Geographic Area",,,,,,,Not client
,,,"Pagagawan, Maguindanao del Sur",,,,,,,Not client
,,,"Pagayawan, Lanao del Sur",,,,,,,Not client
,,,"Paglat, Maguindanao del Sur",,,,,,,Not client
,,,"Pahamuddin, Special Geographic Area",,,,,,,Not client
,,,"Pandag, Maguindanao del Sur",,,,,,,Not client
,,,"Piagapo, Lanao del Sur",,,,,,,Not client
,,,"Picong, Lanao del Sur",,,,,,,Not client
,,,"Poona Bayabao, Lanao del Sur",,,,,,,Not client
,,,"Pualas, Lanao del Sur",,,,,,,Not client
,,,"Rajah Buayan, Maguindanao del Sur",,,,,,,Not client
,,,"Saguiaran, Lanao del Sur",,,,,,,Not client
,,,"Shariff Saydona Mustapha, Maguindanao del Sur",,,,,,,Not client
,,,"Sultan Dumalondong, Lanao del Sur",,,,,,,Not client
,,,"Sultan Mastura, Maguindanao del Norte",,,,,,,Not client
,,,"Tagoloan Ii, Lanao del Sur",,,,,,,Not client
,,,"Talitay, Maguindanao del Norte",,,,,,,Not client
,,,"Tamparan, Lanao del Sur",,,,,,,Not client
,,,"Taraka, Lanao del Sur",,,,,,,Not client
,,,"Tubaran, Lanao del Sur",,,,,,,Not client
,,,"Tugaya, Lanao del Sur",,,,,,,Not client
,,,"Tugunan, Special Geographic Area",,,,,,,Not client
,,,"Atok, Benguet",,,,,,,Not client
,,,"Bakun, Benguet",,,,,,,Not client
,,,"Barlig, Mountain Province",,,,,,,Not client
,,,"Besao, Mountain Province",,,,,,,Not client
,,,"Boliney, Abra",,,,,,,Not client
,,,"Bucay, Abra",,,,,,,Not client
,,,"Bucloc, Abra",,,,,,,Not client
,,,"City of Baguio, Benguet",,,,,,,Not client
,,,"Conner, Apayao",,,,,,,Not client
,,,"Daguioman, Abra",,,,,,,Not client
,,,"Kabayan, Benguet",,,,,,,Not client
,,,"Kibungan, Benguet",,,,,,,Not client
,,,"La Trinidad, Benguet",,,,,,,Not client
,,,"Lacub, Abra",,,,,,,Not client
,,,"Lagawe, Ifugao",,,,,,,Not client
,,,"Langiden, Abra",,,,,,,Not client
,,,"Licuan-Baay, Abra",,,,,,,Not client
,,,"Luba, Abra",,,,,,,Not client
,,,"Malibcong, Abra",,,,,,,Not client
,,,"Manabo, Abra",,,,,,,Not client
,,,"Natonin, Mountain Province",,,,,,,Not client
,,,"Pidigan, Abra",,,,,,,Not client
,,,"Pilar, Abra",,,,,,,Not client
,,,"Pinukpuk, Kalinga",,,,,,,Not client
,,,"Sabangan, Mountain Province",,,,,,,Not client
,,,"Sadanga, Mountain Province",,,,,,,Not client
,,,"Sagada, Mountain Province",,,,,,,Not client
,,,"Sallapadan, Abra",,,,,,,Not client
,,,"San Isidro, Abra",,,,,,,Not client
,,,"San Juan, Abra",,,,,,,Not client
,,,"San Quintin, Abra",,,,,,,Not client
,,,"Tanudan, Kalinga",,,,,,,Not client
,,,"Tinglayan, Kalinga",,,,,,,Not client
,,,"Villaviciosa, Abra",,,,,,,Not client
,,,"City of Caloocan, Metro Manila",,,,,,,Not client
,,,"City of Las Piñas, Metro Manila",,,,,,,Not client
,,,"City of Makati, Metro Manila",,,,,,,Not client
,,,"City of Malabon, Metro Manila",,,,,,,Not client
,,,"City of Mandaluyong, Metro Manila",,,,,,,Not client
,,,"City of Manila, Metro Manila",,,,,,,Not client
,,,"City of Marikina, Metro Manila",,,,,,,Not client
,,,"City of Muntinlupa, Metro Manila",,,,,,,Not client
,,,"City of Navotas, Metro Manila",,,,,,,Not client
,,,"City of Parañaque, Metro Manila",,,,,,,Not client
,,,"City of Pasig, Metro Manila",,,,,,,Not client
,,,"City of San Juan, Metro Manila",,,,,,,Not client
,,,"City of Taguig, Metro Manila",,,,,,,Not client
,,,"City of Valenzuela, Metro Manila",,,,,,,Not client
,,,"Pasay City, Metro Manila",,,,,,,Not client
,,,"Quezon City, Metro Manila",,,,,,,Not client
,,,"Binalbagan, Negros Occidental",,,,,,,Not client
,,,"Bindoy, Negros Oriental",,,,,,,Not client
,,,"Calatrava, Negros Occidental",,,,,,,Not client
,,,"City of Bacolod, Negros Occidental",,,,,,,Not client
,,,"City of Bago, Negros Occidental",,,,,,,Not client
,,,"City of Bais, Negros Oriental",,,,,,,Not client
,,,"City of Bayawan, Negros Oriental",,,,,,,Not client
,,,"City of Cadiz, Negros Occidental",,,,,,,Not client
,,,"City of San Carlos, Negros Occidental",,,,,,,Not client
,,,"City of Silay, Negros Occidental",,,,,,,Not client
,,,"City of Talisay, Negros Occidental",,,,,,,Not client
,,,"City of Tanjay, Negros Oriental",,,,,,,Not client
,,,"City of Victorias, Negros Occidental",,,,,,,Not client
,,,"Isabela, Negros Occidental",,,,,,,Not client
,,,"La Castellana, Negros Occidental",,,,,,,Not client
,,,"Murcia, Negros Occidental",,,,,,,Not client
,,,"Pulupandan, Negros Occidental",,,,,,,Not client
,,,"Salvador Benedicto, Negros Occidental",,,,,,,Not client
,,,"San Enrique, Negros Occidental",,,,,,,Not client
,,,"Santa Catalina, Negros Oriental",,,,,,,Not client
,,,"Toboso, Negros Occidental",,,,,,,Not client
,,,"Valladolid, Negros Occidental",,,,,,,Not client
,,,"Alcala, Pangasinan",,,,,,,Not client
,,,"Asingan, Pangasinan",,,,,,,Not client
,,,"Bacnotan, La Union",,,,,,,Not client
,,,"Cabugao, Ilocos Sur",,,,,,,Not client
,,,"Carasi, Ilocos Norte",,,,,,,Not client
,,,"City of Dagupan, Pangasinan",,,,,,,Not client
,,,"City of San Fernando, La Union",,,,,,,Not client
,,,"City of Urdaneta, Pangasinan",,,,,,,Not client
,,,"Malasiqui, Pangasinan",,,,,,,Not client
,,,"Narvacan, Ilocos Sur",,,,,,,Not client
,,,"Natividad, Pangasinan",,,,,,,Not client
,,,"Salcedo, Ilocos Sur",,,,,,,Not client
,,,"San Juan, La Union",,,,,,,Not client
,,,"Santa Maria, Ilocos Sur",,,,,,,Not client
,,,"Sual, Pangasinan",,,,,,,Not client
,,,"Umingan, Pangasinan",,,,,,,Not client
,,,"Baliangao, Misamis Occidental",,,,,,,Not client
,,,"Baloi, Lanao del Norte",,,,,,,Not client
,,,"Cabanglasan, Bukidnon",,,,,,,Not client
,,,"City of Cagayan De Oro, Misamis Oriental",,,,,,,Not client
,,,"City of Malaybalay, Bukidnon",,,,,,,Not client
,,,"City of Oroquieta, Misamis Occidental",,,,,,,Not client
,,,"City of Valencia, Bukidnon",,,,,,,Not client
,,,"Concepcion, Misamis Occidental",,,,,,,Not client
,,,"Damulog, Bukidnon",,,,,,,Not client
,,,"Dangcagan, Bukidnon",,,,,,,Not client
,,,"Don Victoriano Chiongbian, Misamis Occidental",,,,,,,Not client
,,,"Kalilangan, Bukidnon",,,,,,,Not client
,,,"Kitaotao, Bukidnon",,,,,,,Not client
,,,"Lala, Lanao del Norte",,,,,,,Not client
,,,"Lantapan, Bukidnon",,,,,,,Not client
,,,"Libona, Bukidnon",,,,,,,Not client
,,,"Lopez Jaena, Misamis Occidental",,,,,,,Not client
,,,"Malitbog, Bukidnon",,,,,,,Not client
,,,"Manolo Fortich, Bukidnon",,,,,,,Not client
,,,"Maramag, Bukidnon",,,,,,,Not client
,,,"Matungao, Lanao del Norte",,,,,,,Not client
,,,"Munai, Lanao del Norte",,,,,,,Not client
,,,"Pangantucan, Bukidnon",,,,,,,Not client
,,,"Pantao Ragat, Lanao del Norte",,,,,,,Not client
,,,"Pantar, Lanao del Norte",,,,,,,Not client
,,,"Poona Piagapo, Lanao del Norte",,,,,,,Not client
,,,"Quezon, Bukidnon",,,,,,,Not client
,,,"Salvador, Lanao del Norte",,,,,,,Not client
,,,"Sapad, Lanao del Norte",,,,,,,Not client
,,,"Sumilao, Bukidnon",,,,,,,Not client
,,,"Tagoloan, Lanao del Norte",,,,,,,Not client
,,,"Tangcal, Lanao del Norte",,,,,,,Not client
,,,"Tubod, Lanao del Norte",,,,,,,Not client
,,,"Asuncion, Davao del Norte",,,,,,,Not client
,,,"Braulio E. Dujali, Davao del Norte",,,,,,,Not client
,,,"City of Davao, Davao del Sur",,,,,,,Not client
,,,"City of Panabo, Davao del Norte",,,,,,,Not client
,,,"City of Tagum, Davao del Norte",,,,,,,Not client
,,,"Don Marcelino, Davao Occidental",,,,,,,Not client
,,,"Hagonoy, Davao del Sur",,,,,,,Not client
,,,"Jose Abad Santos, Davao Occidental",,,,,,,Not client
,,,"Kapalong, Davao del Norte",,,,,,,Not client
,,,"Maco, Davao de Oro",,,,,,,Not client
,,,"Malita, Davao Occidental",,,,,,,Not client
,,,"Montevista, Davao de Oro",,,,,,,Not client
,,,"Nabunturan, Davao de Oro",,,,,,,Not client
,,,"New Corella, Davao del Norte",,,,,,,Not client
,,,"Pantukan, Davao de Oro",,,,,,,Not client
,,,"San Isidro, Davao del Norte",,,,,,,Not client
,,,"Santo Tomas, Davao del Norte",,,,,,,Not client
,,,"Sarangani, Davao Occidental",,,,,,,Not client
,,,"Talaingod, Davao del Norte",,,,,,,Not client
,,,"City of General Santos, South Cotabato",,,,,,,Not client
,,,"City of Koronadal, South Cotabato",,,,,,,Not client
,,,"Lutayan, Sultan Kudarat",,,,,,,Not client
,,,"Bacuag, Surigao del Norte",,,,,,,Not client
,,,"Barobo, Surigao del Sur",,,,,,,Not client
,,,"Basilisa, Dinagat Islands",,,,,,,Not client
,,,"Bunawan, Agusan del Sur",,,,,,,Not client
,,,"Carmen, Agusan del Norte",,,,,,,Not client
,,,"City of Bayugan, Agusan del Sur",,,,,,,Not client
,,,"City of Butuan, Agusan del Norte",,,,,,,Not client
,,,"Claver, Surigao del Norte",,,,,,,Not client
,,,"Dapa, Surigao del Norte",,,,,,,Not client
,,,"La Paz, Agusan del Sur",,,,,,,Not client
,,,"Libjo, Dinagat Islands",,,,,,,Not client
,,,"Loreto, Agusan del Sur",,,,,,,Not client
,,,"Loreto, Dinagat Islands",,,,,,,Not client
,,,"Malimono, Surigao del Norte",,,,,,,Not client
,,,"Nasipit, Agusan del Norte",,,,,,,Not client
,,,"Placer, Surigao del Norte",,,,,,,Not client
,,,"Prosperidad, Agusan del Sur",,,,,,,Not client
,,,"Rosario, Agusan del Sur",,,,,,,Not client
,,,"San Luis, Agusan del Sur",,,,,,,Not client
,,,"Tubay, Agusan del Norte",,,,,,,Not client
,,,"Bayombong, Nueva Vizcaya",,,,,,,Not client
,,,"City of Santiago, Isabela",,,,,,,Not client
,,,"Claveria, Cagayan",,,,,,,Not client
,,,"Itbayat, Batanes",,,,,,,Not client
,,,"Sabtang, Batanes",,,,,,,Not client
,,,"Solano, Nueva Vizcaya",,,,,,,Not client
,,,"Tuguegarao City, Cagayan",,,,,,,Not client
,,,"Balagtas, Bulacan",,,,,,,Not client
,,,"Bocaue, Bulacan",,,,,,,Not client
,,,"City of Angeles, Pampanga",,,,,,,Not client
,,,"City of Balanga, Bataan",,,,,,,Not client
,,,"City of Baliwag, Bulacan",,,,,,,Not client
,,,"City of Cabanatuan, Nueva Ecija",,,,,,,Not client
,,,"City of Gapan, Nueva Ecija",,,,,,,Not client
,,,"City of San Fernando, Pampanga",,,,,,,Not client
,,,"Dinalupihan, Bataan",,,,,,,Not client
,,,"Guiguinto, Bulacan",,,,,,,Not client
,,,"Hermosa, Bataan",,,,,,,Not client
,,,"Lubao, Pampanga",,,,,,,Not client
,,,"Marilao, Bulacan",,,,,,,Not client
,,,"Mariveles, Bataan",,,,,,,Not client
,,,"Plaridel, Bulacan",,,,,,,Not client
,,,"Porac, Pampanga",,,,,,,Not client
,,,"Pulilan, Bulacan",,,,,,,Not client
,,,"San Jose City, Nueva Ecija",,,,,,,Not client
,,,"San Miguel, Bulacan",,,,,,,Not client
,,,"San Rafael, Bulacan",,,,,,,Not client
,,,"San Simon, Pampanga",,,,,,,Not client
,,,"Santa Maria, Bulacan",,,,,,,Not client
,,,"Talavera, Nueva Ecija",,,,,,,Not client
,,,"Agdangan, Quezon",,,,,,,Not client
,,,"Alaminos, Laguna",,,,,,,Not client
,,,"Angono, Rizal",,,,,,,Not client
,,,"Atimonan, Quezon",,,,,,,Not client
,,,"Baras, Rizal",,,,,,,Not client
,,,"Batangas City, Batangas",,,,,,,Not client
,,,"Bauan, Batangas",,,,,,,Not client
,,,"Binangonan, Rizal",,,,,,,Not client
,,,"Cainta, Rizal",,,,,,,Not client
,,,"Catanauan, Quezon",,,,,,,Not client
,,,"City of Antipolo, Rizal",,,,,,,Not client
,,,"City of Bacoor, Cavite",,,,,,,Not client
,,,"City of Biñan, Laguna",,,,,,,Not client
,,,"City of Cabuyao, Laguna",,,,,,,Not client
,,,"City of Calaca, Batangas",,,,,,,Not client
,,,"City of Calamba, Laguna",,,,,,,Not client
,,,"City of Carmona, Cavite",,,,,,,Not client
,,,"City of Cavite, Cavite",,,,,,,Not client
,,,"City of Dasmariñas, Cavite",,,,,,,Not client
,,,"City of General Trias, Cavite",,,,,,,Not client
,,,"City of Imus, Cavite",,,,,,,Not client
,,,"City of Lipa, Batangas",,,,,,,Not client
,,,"City of San Pedro, Laguna",,,,,,,Not client
,,,"City of Santa Rosa, Laguna",,,,,,,Not client
,,,"City of Sto. Tomas, Batangas",,,,,,,Not client
,,,"City of Tanauan, Batangas",,,,,,,Not client
,,,"City of Tayabas, Quezon",,,,,,,Not client
,,,"City of Trece Martires, Cavite",,,,,,,Not client
,,,"Gen. Mariano Alvarez, Cavite",,,,,,,Not client
,,,"Ibaan, Batangas",,,,,,,Not client
,,,"Jala-Jala, Rizal",,,,,,,Not client
,,,"Jomalig, Quezon",,,,,,,Not client
,,,"Kalayaan, Laguna",,,,,,,Not client
,,,"Kawit, Cavite",,,,,,,Not client
,,,"Los Baños, Laguna",,,,,,,Not client
,,,"Lucban, Quezon",,,,,,,Not client
,,,"Mabitac, Laguna",,,,,,,Not client
,,,"Magdalena, Laguna",,,,,,,Not client
,,,"Majayjay, Laguna",,,,,,,Not client
,,,"Malvar, Batangas",,,,,,,Not client
,,,"Mendez, Cavite",,,,,,,Not client
,,,"Morong, Rizal",,,,,,,Not client
,,,"Nagcarlan, Laguna",,,,,,,Not client
,,,"Pagbilao, Quezon",,,,,,,Not client
,,,"Pagsanjan, Laguna",,,,,,,Not client
,,,"Pakil, Laguna",,,,,,,Not client
,,,"Pangil, Laguna",,,,,,,Not client
,,,"Patnanungan, Quezon",,,,,,,Not client
,,,"Pila, Laguna",,,,,,,Not client
,,,"Pililla, Rizal",,,,,,,Not client
,,,"Plaridel, Quezon",,,,,,,Not client
,,,"Rodriguez, Rizal",,,,,,,Not client
,,,"San Francisco, Quezon",,,,,,,Not client
,,,"San Jose, Batangas",,,,,,,Not client
,,,"San Narciso, Quezon",,,,,,,Not client
,,,"Santa Cruz, Laguna",,,,,,,Not client
,,,"Santa Maria, Laguna",,,,,,,Not client
,,,"Sariaya, Quezon",,,,,,,Not client
,,,"Silang, Cavite",,,,,,,Not client
,,,"Tagkawayan, Quezon",,,,,,,Not client
,,,"Taytay, Rizal",,,,,,,Not client
,,,"Ternate, Cavite",,,,,,,Not client
,,,"Tingloy, Batangas",,,,,,,Not client
,,,"Victoria, Laguna",,,,,,,Not client
,,,"Agutaya, Palawan",,,,,,,Not client
,,,"Araceli, Palawan",,,,,,,Not client
,,,"Balabac, Palawan",,,,,,,Not client
,,,"Boac, Marinduque",,,,,,,Not client
,,,"City of Puerto Princesa, Palawan",,,,,,,Not client
,,,"Cuyo, Palawan",,,,,,,Not client
,,,"Dumaran, Palawan",,,,,,,Not client
,,,"Magdiwang, Romblon",,,,,,,Not client
,,,"Magsaysay, Palawan",,,,,,,Not client
,,,"Romblon, Romblon",,,,,,,Not client
,,,"Santa Maria, Romblon",,,,,,,Not client
,,,"Sofronio Española, Palawan",,,,,,,Not client
,,,"Torrijos, Marinduque",,,,,,,Not client
,,,"Bagamanoc, Catanduanes",,,,,,,Not client
,,,"Bato, Camarines Sur",,,,,,,Not client
,,,"Batuan, Masbate",,,,,,,Not client
,,,"Bombon, Camarines Sur",,,,,,,Not client
,,,"Calabanga, Camarines Sur",,,,,,,Not client
,,,"Caramoan, Camarines Sur",,,,,,,Not client
,,,"Caramoran, Catanduanes",,,,,,,Not client
,,,"Casiguran, Sorsogon",,,,,,,Not client
,,,"City of Iriga, Camarines Sur",,,,,,,Not client
,,,"City of Legazpi, Albay",,,,,,,Not client
,,,"City of Ligao, Albay",,,,,,,Not client
,,,"City of Masbate, Masbate",,,,,,,Not client
,,,"City of Naga, Camarines Sur",,,,,,,Not client
,,,"City of Sorsogon, Sorsogon",,,,,,,Not client
,,,"City of Tabaco, Albay",,,,,,,Not client
,,,"Daraga, Albay",,,,,,,Not client
,,,"Donsol, Sorsogon",,,,,,,Not client
,,,"Esperanza, Masbate",,,,,,,Not client
,,,"Gainza, Camarines Sur",,,,,,,Not client
,,,"Garchitorena, Camarines Sur",,,,,,,Not client
,,,"Gigmoto, Catanduanes",,,,,,,Not client
,,,"Jovellar, Albay",,,,,,,Not client
,,,"Juban, Sorsogon",,,,,,,Not client
,,,"Lagonoy, Camarines Sur",,,,,,,Not client
,,,"Libmanan, Camarines Sur",,,,,,,Not client
,,,"Lupi, Camarines Sur",,,,,,,Not client
,,,"Matnog, Sorsogon",,,,,,,Not client
,,,"Milaor, Camarines Sur",,,,,,,Not client
,,,"Nabua, Camarines Sur",,,,,,,Not client
,,,"Ocampo, Camarines Sur",,,,,,,Not client
,,,"Pasacao, Camarines Sur",,,,,,,Not client
,,,"Pio V. Corpus, Masbate",,,,,,,Not client
,,,"Rapu-Rapu, Albay",,,,,,,Not client
,,,"San Andres, Catanduanes",,,,,,,Not client
,,,"San Fernando, Camarines Sur",,,,,,,Not client
,,,"San Lorenzo Ruiz, Camarines Norte",,,,,,,Not client
,,,"Sipocot, Camarines Sur",,,,,,,Not client
,,,"Siruma, Camarines Sur",,,,,,,Not client
,,,"Tigaon, Camarines Sur",,,,,,,Not client
,,,"Viga, Catanduanes",,,,,,,Not client
,,,"Altavas, Aklan",,,,,,,Not client
,,,"Banga, Aklan",,,,,,,Not client
,,,"Batan, Aklan",,,,,,,Not client
,,,"Dao, Capiz",,,,,,,Not client
,,,"Dumalag, Capiz",,,,,,,Not client
,,,"Dumangas, Iloilo",,,,,,,Not client
,,,"Estancia, Iloilo",,,,,,,Not client
,,,"Ibajay, Aklan",,,,,,,Not client
,,,"Kalibo, Aklan",,,,,,,Not client
,,,"Lemery, Iloilo",,,,,,,Not client
,,,"Nabas, Aklan",,,,,,,Not client
,,,"San Dionisio, Iloilo",,,,,,,Not client
,,,"San Enrique, Iloilo",,,,,,,Not client
,,,"San Jose, Antique",,,,,,,Not client
,,,"San Lorenzo, Guimaras",,,,,,,Not client
,,,"Alburquerque, Bohol",,,,,,,Not client
,,,"Alicia, Bohol",,,,,,,Not client
,,,"Antequera, Bohol",,,,,,,Not client
,,,"Batuan, Bohol",,,,,,,Not client
,,,"Bien Unido, Bohol",,,,,,,Not client
,,,"Bilar, Bohol",,,,,,,Not client
,,,"Calape, Bohol",,,,,,,Not client
,,,"Carmen, Cebu",,,,,,,Not client
,,,"Catigbian, Bohol",,,,,,,Not client
,,,"City of Bogo, Cebu",,,,,,,Not client
,,,"City of Cebu, Cebu",,,,,,,Not client
,,,"City of Lapu-Lapu, Cebu",,,,,,,Not client
,,,"City of Naga, Cebu",,,,,,,Not client
,,,"City of Tagbilaran, Bohol",,,,,,,Not client
,,,"City of Toledo, Cebu",,,,,,,Not client
,,,"Clarin, Bohol",,,,,,,Not client
,,,"Dagohoy, Bohol",,,,,,,Not client
,,,"Dalaguete, Cebu",,,,,,,Not client
,,,"Danao City, Cebu",,,,,,,Not client
,,,"Dauis, Bohol",,,,,,,Not client
,,,"Dimiao, Bohol",,,,,,,Not client
,,,"Duero, Bohol",,,,,,,Not client
,,,"Garcia Hernandez, Bohol",,,,,,,Not client
,,,"Getafe, Bohol",,,,,,,Not client
,,,"Guindulman, Bohol",,,,,,,Not client
,,,"Liloan, Cebu",,,,,,,Not client
,,,"Loboc, Bohol",,,,,,,Not client
,,,"Loon, Bohol",,,,,,,Not client
,,,"Mabini, Bohol",,,,,,,Not client
,,,"Maribojoc, Bohol",,,,,,,Not client
,,,"Medellin, Cebu",,,,,,,Not client
,,,"Oslob, Cebu",,,,,,,Not client
,,,"Panglao, Bohol",,,,,,,Not client
,,,"Pilar, Bohol",,,,,,,Not client
,,,"President Carlos P. Garcia, Bohol",,,,,,,Not client
,,,"Sagbayan, Bohol",,,,,,,Not client
,,,"San Fernando, Cebu",,,,,,,Not client
,,,"San Isidro, Bohol",,,,,,,Not client
,,,"San Miguel, Bohol",,,,,,,Not client
,,,"Santander, Cebu",,,,,,,Not client
,,,"Sibonga, Cebu",,,,,,,Not client
,,,"Sierra Bullones, Bohol",,,,,,,Not client
,,,"Sikatuna, Bohol",,,,,,,Not client
,,,"Tabuelan, Cebu",,,,,,,Not client
,,,"Trinidad, Bohol",,,,,,,Not client
,,,"Tubigon, Bohol",,,,,,,Not client
,,,"Ubay, Bohol",,,,,,,Not client
,,,"Valencia, Bohol",,,,,,,Not client
,,,"Allen, Northern Samar",,,,,,,Not client
,,,"Almagro, Samar",,,,,,,Not client
,,,"Biri, Northern Samar",,,,,,,Not client
,,,"Burauen, Leyte",,,,,,,Not client
,,,"Capul, Northern Samar",,,,,,,Not client
,,,"City of Baybay, Leyte",,,,,,,Not client
,,,"City of Calbayog, Samar",,,,,,,Not client
,,,"City of Tacloban, Leyte",,,,,,,Not client
,,,"Culaba, Biliran",,,,,,,Not client
,,,"Dagami, Leyte",,,,,,,Not client
,,,"Dulag, Leyte",,,,,,,Not client
,,,"Giporlos, Eastern Samar",,,,,,,Not client
,,,"Hinabangan, Samar",,,,,,,Not client
,,,"Jipapad, Eastern Samar",,,,,,,Not client
,,,"Julita, Leyte",,,,,,,Not client
,,,"Laoang, Northern Samar",,,,,,,Not client
,,,"Maslog, Eastern Samar",,,,,,,Not client
,,,"Ormoc City, Leyte",,,,,,,Not client
,,,"Pagsanghan, Samar",,,,,,,Not client
,,,"San Isidro, Leyte",,,,,,,Not client
,,,"San Isidro, Northern Samar",,,,,,,Not client
,,,"San Jose De Buan, Samar",,,,,,,Not client
,,,"San Vicente, Northern Samar",,,,,,,Not client
,,,"Santo Niño, Samar",,,,,,,Not client
,,,"Silvino Lobos, Northern Samar",,,,,,,Not client
,,,"Tabango, Leyte",,,,,,,Not client
,,,"Talalora, Samar",,,,,,,Not client
,,,"Tanauan, Leyte",,,,,,,Not client
,,,"Baliguian, Zamboanga del Norte",,,,,,,Not client
,,,"City of Dapitan, Zamboanga del Norte",,,,,,,Not client
,,,"City of Pagadian, Zamboanga del Sur",,,,,,,Not client
,,,"City of Zamboanga, Zamboanga del Sur",,,,,,,Not client
,,,"Mabuhay, Zamboanga Sibugay",,,,,,,Not client
,,,"Olutanga, Zamboanga Sibugay",,,,,,,Not client
,,,"Sergio Osmeña Sr., Zamboanga del Norte",,,,,,,Not client
,,,"Sirawai, Zamboanga del Norte",,,,,,,Not client
2026-04,2026,[04] April,"Alabel, Sarangani",[1] Live,[A] Live,1st,Mun,1st,R12,v1
2026-04,2026,[04] April,"Alamada, Cotabato",[1] Live,[A] Live,1st,Mun,1st,R12,v1
2026-04,2026,[04] April,"Aleosan, Cotabato",[1] Live,[A] Live,3rd,Mun,3rd,R12,v1
2026-04,2026,[04] April,"Aurora, Zamboanga del Sur",[1] Live,[A] Live,2nd,Mun,2nd,R9,v1
2026-04,2026,[04] April,"Bayog, Zamboanga del Sur",[1] Live,[A] Live,3rd,Mun,3rd,R9,v1
2026-04,2026,[04] April,"Bongao, Tawi-Tawi",[1] Live,[A] Live,2nd,Mun,2nd,BARMM I,v1
2026-04,2026,[04] April,"Buug, Zamboanga Sibugay",[8] Withdraw,[D] Withdraw,3rd,Mun,3rd,R9,v2
2026-04,2026,[04] April,"City of Dipolog, Zamboanga del Norte",[8] Withdraw,[D] Withdraw,3rd,City,3rd,R9,
2026-04,2026,[04] April,"City of Isabela, Basilan",[1] Live,[A] Live,4th,City,4th,R9,v1
2026-04,2026,[04] April,"City of Lamitan, Basilan",[1] Live,[A] Live,6th,City,6th,BARMM I,v1
2026-04,2026,[04] April,"Dimataling, Zamboanga del Sur",[1] Live,[A] Live,4th,Mun,4th,R9,v1
2026-04,2026,[04] April,"Dinas, Zamboanga del Sur",[1] Live,[A] Live,4th,Mun,4th,R9,v1
2026-04,2026,[04] April,"Diplahan, Zamboanga Sibugay",[1] Live,[A] Live,3rd,Mun,3rd,R9,v1
2026-04,2026,[04] April,"Dumalinao, Zamboanga del Sur",[1] Live,[A] Live,4th,Mun,4th,R9,v1
2026-04,2026,[04] April,"Dumingag, Zamboanga del Sur",[1] Live,[A] Live,2nd,Mun,2nd,R9,v1
2026-04,2026,[04] April,"Godod, Zamboanga del Norte",[1] Live,[A] Live,4th,Mun,4th,R9,v1
2026-04,2026,[04] April,"Guipos, Zamboanga del Sur",[1] Live,[A] Live,4th,Mun,4th,R9,v1
2026-04,2026,[04] April,"Gutalac, Zamboanga del Norte",[1] Live,[A] Live,2nd,Mun,2nd,R9,v1
2026-04,2026,[04] April,"Imelda, Zamboanga Sibugay",[1] Live,[A] Live,4th,Mun,4th,R9,v1
2026-04,2026,[04] April,"Ipil, Zamboanga Sibugay",[8] Withdraw,[D] Withdraw,1st,Mun,1st,R9,
2026-04,2026,[04] April,"Jolo, Sulu",[8] Withdraw,[D] Withdraw,1st,Mun,1st,BARMM I,
2026-04,2026,[04] April,"Jose Dalman, Zamboanga del Norte",[1] Live,[A] Live,4th,Mun,4th,R9,v1
2026-04,2026,[04] April,"Josefina, Zamboanga del Sur",[1] Live,[A] Live,5th,Mun,5th,R9,v1
2026-04,2026,[04] April,"Kabasalan, Zamboanga Sibugay",[1] Live,[A] Live,2nd,Mun,2nd,R9,v1
2026-04,2026,[04] April,"Kalawit, Zamboanga del Norte",[1] Live,[A] Live,4th,Mun,4th,R9,v1
2026-04,2026,[04] April,"Katipunan, Zamboanga del Norte",[1] Live,[A] Live,2nd,Mun,2nd,R9,v1
2026-04,2026,[04] April,"Kumalarang, Zamboanga del Sur",[1] Live,[A] Live,4th,Mun,4th,R9,v1
2026-04,2026,[04] April,"La Libertad, Zamboanga del Norte",[1] Live,[A] Live,5th,Mun,5th,R9,v1
2026-04,2026,[04] April,"Labangan, Zamboanga del Sur",[1] Live,[A] Live,3rd,Mun,3rd,R9,v1
2026-04,2026,[04] April,"Labason, Zamboanga del Norte",[1] Live,[A] Live,3rd,Mun,3rd,R9,v1
2026-04,2026,[04] April,"Lakewood, Zamboanga del Sur",[1] Live,[A] Live,4th,Mun,4th,R9,v1
2026-04,2026,[04] April,"Lantawan, Basilan",[1] Live,[A] Live,3rd,Mun,3rd,BARMM I,v1
2026-04,2026,[04] April,"Lapuyan, Zamboanga del Sur",[1] Live,[A] Live,3rd,Mun,3rd,R9,v1
2026-04,2026,[04] April,"Leon B. Postigo (Bacungan), Zamboanga del Norte",[1] Live,[A] Live,4th,Mun,4th,R9,v1
2026-04,2026,[04] April,"Liloy, Zamboanga del Norte",[1] Live,[A] Live,3rd,Mun,3rd,R9,v1
2026-04,2026,[04] April,"Mahayag, Zamboanga del Sur",[1] Live,[A] Live,3rd,Mun,3rd,R9,v1
2026-04,2026,[04] April,"Malangas, Zamboanga Sibugay",[1] Live,[A] Live,3rd,Mun,3rd,R9,v1
2026-04,2026,[04] April,"Manukan, Zamboanga del Norte",[1] Live,[A] Live,3rd,Mun,3rd,R9,v1
2026-04,2026,[04] April,"Margosatubig, Zamboanga del Sur",[1] Live,[A] Live,3rd,Mun,3rd,R9,v1
2026-04,2026,[04] April,"Midsalip, Zamboanga del Sur",[1] Live,[A] Live,4th,Mun,4th,R9,v1
2026-04,2026,[04] April,"Molave, Zamboanga del Sur",[1] Live,[A] Live,1st,Mun,1st,R9,with v1 v2
2026-04,2026,[04] April,"Mutia, Zamboanga del Norte",[1] Live,[A] Live,5th,Mun,5th,R9,v1
2026-04,2026,[04] April,"Naga, Zamboanga Sibugay",[7] To Follow-up,[C] For Training/Others,3rd,Mun,3rd,R9,
2026-04,2026,[04] April,"Payao, Zamboanga Sibugay",[1] Live,[A] Live,3rd,Mun,3rd,R9,v1
2026-04,2026,[04] April,"Piñan, Zamboanga del Norte",[1] Live,[A] Live,4th,Mun,4th,R9,v1
2026-04,2026,[04] April,"Pitogo, Zamboanga del Sur",[1] Live,[A] Live,4th,Mun,4th,R9,v1
2026-04,2026,[04] April,"Polanco, Zamboanga del Norte",[1] Live,[A] Live,3rd,Mun,3rd,R9,v1
2026-04,2026,[04] April,"Pres. Manuel A. Roxas, Zamboanga del Norte",[1] Live,[A] Live,2nd,Mun,2nd,R9,v1
2026-04,2026,[04] April,"Ramon Magsaysay, Zamboanga del Sur",[1] Live,[A] Live,4th,Mun,4th,R9,v1
2026-04,2026,[04] April,"Rizal, Zamboanga del Norte",[1] Live,[A] Live,5th,Mun,5th,R9,v1
2026-04,2026,[04] April,"Roseller Lim, Zamboanga Sibugay",[1] Live,[A] Live,3rd,Mun,3rd,R9,v1
2026-04,2026,[04] April,"Salug, Zamboanga del Norte",[1] Live,[A] Live,3rd,Mun,3rd,R9,v1
2026-04,2026,[04] April,"San Miguel, Zamboanga del Sur",[1] Live,[A] Live,4th,Mun,4th,R9,v1
2026-04,2026,[04] April,"San Pablo, Zamboanga del Sur",[1] Live,[A] Live,4th,Mun,4th,R9,v1
2026-04,2026,[04] April,"Siay, Zamboanga Sibugay",[1] Live,[A] Live,2nd,Mun,2nd,R9,v1
2026-04,2026,[04] April,"Siayan, Zamboanga del Norte",[1] Live,[A] Live,2nd,Mun,2nd,R9,with v1 v2
2026-04,2026,[04] April,"Sibuco, Zamboanga del Norte",[8] Withdraw,[D] Withdraw,1st,Mun,1st,R9,
2026-04,2026,[04] April,"Sibutad, Zamboanga del Norte",[1] Live,[A] Live,5th,Mun,5th,R9,v1
2026-04,2026,[04] April,"Sindangan, Zamboanga del Norte",[1] Live,[A] Live,1st,Mun,1st,R9,v1
2026-04,2026,[04] April,"Siocon, Zamboanga del Norte",[1] Live,[A] Live,1st,Mun,1st,R9,v1
2026-04,2026,[04] April,"Sominot, Zamboanga del Sur",[1] Live,[A] Live,5th,Mun,5th,R9,v1
2026-04,2026,[04] April,"Sumisip, Basilan",[1] Live,[A] Live,1st,Mun,1st,BARMM I,v1
2026-04,2026,[04] April,"Tabina, Zamboanga del Sur",[1] Live,[A] Live,4th,Mun,4th,R9,v1
2026-04,2026,[04] April,"Talipao, Sulu",[1] Live,[A] Live,1st,Mun,1st,BARMM I,v1
2026-04,2026,[04] April,"Talusan, Zamboanga Sibugay",[1] Live,[A] Live,5th,Mun,5th,R9,v1
2026-04,2026,[04] April,"Tambulig, Zamboanga del Sur",[1] Live,[A] Live,4th,Mun,4th,R9,v1
2026-04,2026,[04] April,"Tampilisan, Zamboanga del Norte",[1] Live,[A] Live,4th,Mun,4th,R9,v1
2026-04,2026,[04] April,"Tigbao, Zamboanga del Sur",[1] Live,[A] Live,5th,Mun,5th,R9,v1
2026-04,2026,[04] April,"Tipo-Tipo, Basilan",[1] Live,[A] Live,3rd,Mun,3rd,BARMM I,v1
2026-04,2026,[04] April,"Titay, Zamboanga Sibugay",[1] Live,[A] Live,2nd,Mun,2nd,R9,v1
2026-04,2026,[04] April,"Tukuran, Zamboanga del Sur",[1] Live,[A] Live,4th,Mun,4th,R9,v1
2026-04,2026,[04] April,"Tungawan, Zamboanga Sibugay",[1] Live,[A] Live,2nd,Mun,2nd,R9,v1
2026-04,2026,[04] April,"Ungkaya Pukan, Basilan",[8] Withdraw,[D] Withdraw,-,Mun,-,BARMM I,
2026-04,2026,[04] April,"Vincenzo A. Sagun, Zamboanga del Sur",[1] Live,[A] Live,5th,Mun,5th,R9,v1
2026-04,2026,[04] April,"Aloran, Misamis Occidental",[1] Live,[A] Live,4th,Mun,4th,R10,v1
2026-04,2026,[04] April,"Alubijid, Misamis Oriental",[1] Live,[A] Live,4th,Mun,4th,R10,v1
2026-04,2026,[04] April,"Bacolod, Lanao del Norte",[1] Live,[A] Live,4th,Mun,4th,R10,v1
2026-04,2026,[04] April,"Balingasag, Misamis Oriental",[1] Live,[A] Live,2nd,Mun,2nd,R10,v1
2026-04,2026,[04] April,"Balingoan, Misamis Oriental",[1] Live,[A] Live,5th,Mun,5th,R10,v1
2026-04,2026,[04] April,"Baroy, Lanao del Norte",[1] Live,[A] Live,4th,Mun,4th,R10,v1
2026-04,2026,[04] April,"Baungon, Bukidnon",[8] Withdraw,[D] Withdraw,2nd,Mun,2nd,R10,
2026-04,2026,[04] April,"Bonifacio, Misamis Occidental",[1] Live,[A] Live,4th,Mun,4th,R10,v1
2026-04,2026,[04] April,"Calamba, Misamis Occidental",[1] Live,[A] Live,4th,Mun,4th,R10,v1
2026-04,2026,[04] April,"Catarman, Camiguin",[1] Live,[A] Live,5th,Mun,5th,R10,v1
2026-04,2026,[04] April,"City of El Salvador, Misamis Oriental",[1] Live,[A] Live,6th,City,6th,R10,v1
2026-04,2026,[04] April,"City of Gingoog, Misamis Oriental",[1] Live,[A] Live,2nd,City,2nd,R10,v1
2026-04,2026,[04] April,"City of Iligan, Lanao del Norte",[7] To Follow-up,[C] For Training/Others,1st,City,1st,R10,
2026-04,2026,[04] April,"City of Ozamiz, Misamis Occidental",[1] Live,[A] Live,3rd,City,3rd,R10,v1
2026-04,2026,[04] April,"City of Tangub, Misamis Occidental",[1] Live,[A] Live,4th,City,4th,R10,v1
2026-04,2026,[04] April,"Clarin, Misamis Occidental",[1] Live,[A] Live,4th,Mun,4th,R10,v1
2026-04,2026,[04] April,"Claveria, Misamis Oriental",[1] Live,[A] Live,1st,Mun,1st,R10,v1
2026-04,2026,[04] April,"Don Carlos, Bukidnon",[1] Live,[A] Live,1st,Mun,1st,R10,v1
2026-04,2026,[04] April,"Gitagum, Misamis Oriental",[1] Live,[A] Live,5th,Mun,5th,R10,v1
2026-04,2026,[04] April,"Guinsiliban, Camiguin",[1] Live,[A] Live,6th,Mun,6th,R10,v1
2026-04,2026,[04] April,"Impasug-ong, Bukidnon",[1] Live,[A] Live,1st,Mun,1st,R10,v1
2026-04,2026,[04] April,"Jasaan, Misamis Oriental",[1] Live,[A] Live,2nd,Mun,2nd,R10,v1
2026-04,2026,[04] April,"Jimenez, Misamis Occidental",[1] Live,[A] Live,3rd,Mun,3rd,R10,v1
2026-04,2026,[04] April,"Kadingilan, Bukidnon",[1] Live,[A] Live,3rd,Mun,3rd,R10,v1
2026-04,2026,[04] April,"Kapatagan, Lanao del Norte",[1] Live,[A] Live,2nd,Mun,2nd,R10,v1
2026-04,2026,[04] April,"Kauswagan, Lanao del Norte",[1] Live,[A] Live,5th,Mun,5th,R10,v1
2026-04,2026,[04] April,"Kibawe, Bukidnon",[1] Live,[A] Live,2nd,Mun,2nd,R10,v1
2026-04,2026,[04] April,"Kinoguitan, Misamis Oriental",[1] Live,[A] Live,5th,Mun,5th,R10,v1
2026-04,2026,[04] April,"Kolambugan, Lanao del Norte",[7] To Follow-up,[C] For Training/Others,4th,Mun,4th,R10,
2026-04,2026,[04] April,"Lagonglong, Misamis Oriental",[1] Live,[A] Live,5th,Mun,5th,R10,v1
2026-04,2026,[04] April,"Laguindingan, Misamis Oriental",[1] Live,[A] Live,4th,Mun,4th,R10,v1
2026-04,2026,[04] April,"Libertad, Misamis Oriental",[1] Live,[A] Live,5th,Mun,5th,R10,v1
2026-04,2026,[04] April,"Linamon, Lanao del Norte",[1] Live,[A] Live,5th,Mun,5th,R10,v1
2026-04,2026,[04] April,"Lugait, Misamis Oriental",[1] Live,[A] Live,2nd,Mun,2nd,R10,v1
2026-04,2026,[04] April,"Magsaysay, Lanao del Norte",[1] Live,[A] Live,5th,Mun,5th,R10,v1
2026-04,2026,[04] April,"Magsaysay, Misamis Oriental",[1] Live,[A] Live,4th,Mun,4th,R10,v1
2026-04,2026,[04] April,"Mahinog, Camiguin",[1] Live,[A] Live,5th,Mun,5th,R10,v1
2026-04,2026,[04] April,"Maigo, Lanao del Norte",[1] Live,[A] Live,4th,Mun,4th,R10,v1
2026-04,2026,[04] April,"Mambajao, Camiguin",[1] Live,[A] Live,3rd,Mun,3rd,R10,v1
2026-04,2026,[04] April,"Manticao, Misamis Oriental",[1] Live,[A] Live,4th,Mun,4th,R10,v1
2026-04,2026,[04] April,"Medina, Misamis Oriental",[1] Live,[A] Live,4th,Mun,4th,R10,v1
2026-04,2026,[04] April,"Naawan, Misamis Oriental",[1] Live,[A] Live,4th,Mun,4th,R10,v1
2026-04,2026,[04] April,"Nunungan, Lanao del Norte",[1] Live,[A] Live,3rd,Mun,3rd,R10,v1
2026-04,2026,[04] April,"Opol, Misamis Oriental",[1] Live,[A] Live,2nd,Mun,2nd,R10,v1
2026-04,2026,[04] April,"Panaon, Misamis Occidental",[1] Live,[A] Live,5th,Mun,5th,R10,v1
2026-04,2026,[04] April,"Plaridel, Misamis Occidental",[1] Live,[A] Live,3rd,Mun,3rd,R10,v1
2026-04,2026,[04] April,"Sagay, Camiguin",[1] Live,[A] Live,5th,Mun,5th,R10,v1
2026-04,2026,[04] April,"Salay, Misamis Oriental",[1] Live,[A] Live,4th,Mun,4th,R10,v1
2026-04,2026,[04] April,"San Fernando, Bukidnon",[1] Live,[A] Live,1st,Mun,1st,R10,v1
2026-04,2026,[04] April,"Sapang Dalaga, Misamis Occidental",[1] Live,[A] Live,5th,Mun,5th,R10,v1
2026-04,2026,[04] April,"Sinacaban, Misamis Occidental",[1] Live,[A] Live,5th,Mun,5th,R10,v1
2026-04,2026,[04] April,"Sugbongcogon, Misamis Oriental",[1] Live,[A] Live,5th,Mun,5th,R10,v1
2026-04,2026,[04] April,"Sultan Naga Dimaporo, Lanao del Norte",[1] Live,[A] Live,3rd,Mun,3rd,R10,v1
2026-04,2026,[04] April,"Tagoloan, Misamis Oriental",[1] Live,[A] Live,1st,Mun,1st,R10,v1
2026-04,2026,[04] April,"Talakag, Bukidnon",[1] Live,[A] Live,1st,Mun,1st,R10,v1
2026-04,2026,[04] April,"Talisayan, Misamis Oriental",[1] Live,[A] Live,4th,Mun,4th,R10,v1
2026-04,2026,[04] April,"Tudela, Misamis Occidental",[1] Live,[A] Live,4th,Mun,4th,R10,v1
2026-04,2026,[04] April,"Villanueva, Misamis Oriental",[1] Live,[A] Live,2nd,Mun,2nd,R10,v1
2026-04,2026,[04] April,"Baganga, Davao Oriental",[1] Live,[A] Live,1st,Mun,1st,R11,v1
2026-04,2026,[04] April,"Banaybanay, Davao Oriental",[1] Live,[A] Live,2nd,Mun,2nd,R11,v1
2026-04,2026,[04] April,"Bansalan, Davao del Sur",[1] Live,[A] Live,1st,Mun,1st,R11,v1
2026-04,2026,[04] April,"Boston, Davao Oriental",[1] Live,[A] Live,3rd,Mun,3rd,R11,v1
2026-04,2026,[04] April,"Caraga, Davao Oriental",[1] Live,[A] Live,1st,Mun,1st,R11,v1
2026-04,2026,[04] April,"Carmen, Davao del Norte",[1] Live,[A] Live,1st,Mun,1st,R11,v1
2026-04,2026,[04] April,"Cateel, Davao Oriental",[1] Live,[A] Live,2nd,Mun,2nd,R11,v1
2026-04,2026,[04] April,"City of Digos, Davao del Sur",[1] Live,[A] Live,2nd,City,2nd,R11,v1
2026-04,2026,[04] April,"City of Mati, Davao Oriental",[1] Live,[A] Live,5th,City,5th,R11,v1
2026-04,2026,[04] April,"Compostela, Davao de Oro",[6] With Concerns,[C] For Training/Others,1st,Mun,1st,R11,v1
2026-04,2026,[04] April,"Governor Generoso, Davao Oriental",[2] UAT,[B] Developmental,2nd,Mun,2nd,R11,v1
2026-04,2026,[04] April,"Island Garden City of Samal, Davao del Norte",[8] Withdraw,[D] Withdraw,4th,City,4th,R11,
2026-04,2026,[04] April,"Kiblawan, Davao del Sur",[1] Live,[A] Live,2nd,Mun,2nd,R11,v1
2026-04,2026,[04] April,"Laak, Davao de Oro",[1] Live,[A] Live,1st,Mun,1st,R11,v1
2026-04,2026,[04] April,"Lupon, Davao Oriental",[1] Live,[A] Live,1st,Mun,1st,R11,v1
2026-04,2026,[04] April,"Magsaysay, Davao del Sur",[1] Live,[A] Live,3rd,Mun,3rd,R11,v1
2026-04,2026,[04] April,"Malalag, Davao del Sur",[1] Live,[A] Live,2nd,Mun,2nd,R11,v1
2026-04,2026,[04] April,"Manay, Davao Oriental",[1] Live,[A] Live,2nd,Mun,2nd,R11,v1
2026-04,2026,[04] April,"Maragusan, Davao de Oro",[1] Live,[A] Live,1st,Mun,1st,R11,v1
2026-04,2026,[04] April,"Matanao, Davao del Sur",[1] Live,[A] Live,2nd,Mun,2nd,R11,v1
2026-04,2026,[04] April,"Mawab, Davao de Oro",[1] Live,[A] Live,3rd,Mun,3rd,R11,v1
2026-04,2026,[04] April,"Monkayo, Davao de Oro",[1] Live,[A] Live,1st,Mun,1st,R11,v1
2026-04,2026,[04] April,"New Bataan, Davao de Oro",[1] Live,[A] Live,1st,Mun,1st,R11,v1
2026-04,2026,[04] April,"Padada, Davao del Sur",[1] Live,[A] Live,3rd,Mun,3rd,R11,v1
2026-04,2026,[04] April,"San Isidro, Davao Oriental",[1] Live,[A] Live,3rd,Mun,3rd,R11,v1
2026-04,2026,[04] April,"Santa Cruz, Davao del Sur",[1] Live,[A] Live,1st,Mun,1st,R11,v1
2026-04,2026,[04] April,"Sulop, Davao del Sur",[1] Live,[A] Live,3rd,Mun,3rd,R11,v1
2026-04,2026,[04] April,"Tarragona, Davao Oriental",[1] Live,[A] Live,3rd,Mun,3rd,R11,v1
2026-04,2026,[04] April,"Antipas, Cotabato",[1] Live,[A] Live,2nd,Mun,2nd,R12,v1
2026-04,2026,[04] April,"Arakan, Cotabato",[1] Live,[A] Live,1st,Mun,1st,R12,v1
2026-04,2026,[04] April,"Bagumbayan, Sultan Kudarat",[1] Live,[A] Live,1st,Mun,1st,R12,v1
2026-04,2026,[04] April,"Banga, South Cotabato",[1] Live,[A] Live,1st,Mun,1st,R12,v1
2026-04,2026,[04] April,"Banisilan, Cotabato",[1] Live,[A] Live,2nd,Mun,2nd,R12,v1
2026-04,2026,[04] April,"Carmen, Cotabato",[1] Live,[A] Live,1st,Mun,1st,R12,v1
2026-04,2026,[04] April,"City of Kidapawan, Cotabato",[1] Live,[A] Live,3rd,City,3rd,R12,v1
2026-04,2026,[04] April,"Columbio, Sultan Kudarat",[1] Live,[A] Live,1st,Mun,1st,R12,v1
2026-04,2026,[04] April,"Esperanza, Sultan Kudarat",[1] Live,[A] Live,1st,Mun,1st,R12,v1
2026-04,2026,[04] April,"Isulan, Sultan Kudarat",[1] Live,[A] Live,1st,Mun,1st,R12,v1
2026-04,2026,[04] April,"Kabacan, Cotabato",[1] Live,[A] Live,1st,Mun,1st,R12,v1
2026-04,2026,[04] April,"Kalamansig, Sultan Kudarat",[1] Live,[A] Live,1st,Mun,1st,R12,v1
2026-04,2026,[04] April,"Kiamba, Sarangani",[1] Live,[A] Live,1st,Mun,1st,R12,v1
2026-04,2026,[04] April,"Lambayong, Sultan Kudarat",[1] Live,[A] Live,2nd,Mun,2nd,R12,v1
2026-04,2026,[04] April,"Lebak, Sultan Kudarat",[1] Live,[A] Live,1st,Mun,1st,R12,v1
2026-04,2026,[04] April,"Libungan, Cotabato",[1] Live,[A] Live,2nd,Mun,2nd,R12,v1
2026-04,2026,[04] April,"M'Lang, Cotabato",[1] Live,[A] Live,1st,Mun,1st,R12,v1
2026-04,2026,[04] April,"Maasim, Sarangani",[1] Live,[A] Live,1st,Mun,1st,R12,v1
2026-04,2026,[04] April,"Magpet, Cotabato",[1] Live,[A] Live,1st,Mun,1st,R12,v1
2026-04,2026,[04] April,"Maitum, Sarangani",[1] Live,[A] Live,2nd,Mun,2nd,R12,v1
2026-04,2026,[04] April,"Malapatan, Sarangani",[1] Live,[A] Live,1st,Mun,1st,R12,v1
2026-04,2026,[04] April,"Matalam, Cotabato",[1] Live,[A] Live,1st,Mun,1st,R12,v1
2026-04,2026,[04] April,"Midsayap, Cotabato",[1] Live,[A] Live,1st,Mun,1st,R12,v1
2026-04,2026,[04] April,"Palimbang, Sultan Kudarat",[1] Live,[A] Live,2nd,Mun,2nd,R12,v1
2026-04,2026,[04] April,"Pigkawayan, Cotabato",[1] Live,[A] Live,1st,Mun,1st,R12,v1
2026-04,2026,[04] April,"Pikit, Cotabato",[1] Live,[A] Live,1st,Mun,1st,R12,v1
2026-04,2026,[04] April,"Polomolok, South Cotabato",[1] Live,[A] Live,1st,Mun,1st,R12,v1
2026-04,2026,[04] April,"President Quirino, Sultan Kudarat",[1] Live,[A] Live,3rd,Mun,3rd,R12,v1
2026-04,2026,[04] April,"President Roxas, Cotabato",[1] Live,[A] Live,1st,Mun,1st,R12,v1
2026-04,2026,[04] April,"Santo Niño, South Cotabato",[1] Live,[A] Live,3rd,Mun,3rd,R12,v1
2026-04,2026,[04] April,"Sen. Ninoy Aquino, Sultan Kudarat",[1] Live,[A] Live,3rd,Mun,3rd,R12,v1
2026-04,2026,[04] April,"Surallah, South Cotabato",[1] Live,[A] Live,1st,Mun,1st,R12,v1
2026-04,2026,[04] April,"T'Boli, South Cotabato",[1] Live,[A] Live,1st,Mun,1st,R12,v1
2026-04,2026,[04] April,"Tampakan, South Cotabato",[1] Live,[A] Live,2nd,Mun,2nd,R12,v1
2026-04,2026,[04] April,"Tantangan, South Cotabato",[1] Live,[A] Live,3rd,Mun,3rd,R12,v1
2026-04,2026,[04] April,"Tulunan, Cotabato",[1] Live,[A] Live,2nd,Mun,2nd,R12,v1
2026-04,2026,[04] April,"Tupi, South Cotabato",[1] Live,[A] Live,1st,Mun,1st,R12,v1
2026-04,2026,[04] April,"Alegria, Surigao del Norte",[1] Live,[A] Live,5th,Mun,5th,R13,v1
2026-04,2026,[04] April,"Bayabas, Surigao del Sur",[1] Live,[A] Live,5th,Mun,5th,R13,v1
2026-04,2026,[04] April,"Buenavista, Agusan del Norte",[1] Live,[A] Live,1st,Mun,1st,R13,v1
2026-04,2026,[04] April,"Burgos, Surigao del Norte",[1] Live,[A] Live,6th,Mun,6th,R13,v1
2026-04,2026,[04] April,"Cagdianao, Dinagat Islands",[1] Live,[A] Live,3rd,Mun,3rd,R13,v1
2026-04,2026,[04] April,"Cagwait, Surigao del Sur",[1] Live,[A] Live,4th,Mun,4th,R13,v1
2026-04,2026,[04] April,"Cantilan, Surigao del Sur",[1] Live,[A] Live,2nd,Mun,2nd,R13,v1
2026-04,2026,[04] April,"Carmen, Surigao del Sur",[1] Live,[A] Live,5th,Mun,5th,R13,v1
2026-04,2026,[04] April,"City of Cabadbaran, Agusan del Norte",[1] Live,[A] Live,6th,City,6th,R13,v1
2026-04,2026,[04] April,"City of Surigao, Surigao del Norte",[8] Withdraw,[D] Withdraw,3rd,City,3rd,R13,
2026-04,2026,[04] April,"City of Tandag, Surigao del Sur",[1] Live,[A] Live,5th,City,5th,R13,v1
2026-04,2026,[04] April,"Cortes, Surigao del Sur",[1] Live,[A] Live,4th,Mun,4th,R13,v1
2026-04,2026,[04] April,"Del Carmen, Surigao del Norte",[1] Live,[A] Live,5th,Mun,5th,R13,v1
2026-04,2026,[04] April,"Dinagat, Dinagat Islands",[1] Live,[A] Live,5th,Mun,5th,R13,v1
2026-04,2026,[04] April,"General Luna, Surigao del Norte",[1] Live,[A] Live,5th,Mun,5th,R13,v1
2026-04,2026,[04] April,"Gigaquit, Surigao del Norte",[1] Live,[A] Live,4th,Mun,4th,R13,v1
2026-04,2026,[04] April,"Hinatuan, Surigao del Sur",[1] Live,[A] Live,2nd,Mun,2nd,R13,v1
2026-04,2026,[04] April,"Kitcharao, Agusan del Norte",[1] Live,[A] Live,4th,Mun,4th,R13,v1
2026-04,2026,[04] April,"Lanuza, Surigao del Sur",[1] Live,[A] Live,4th,Mun,4th,R13,v1
2026-04,2026,[04] April,"Las Nieves, Agusan del Norte",[1] Live,[A] Live,2nd,Mun,2nd,R13,v1
2026-04,2026,[04] April,"Lianga, Surigao del Sur",[1] Live,[A] Live,4th,Mun,4th,R13,v1
2026-04,2026,[04] April,"Lingig, Surigao del Sur",[1] Live,[A] Live,2nd,Mun,2nd,R13,v1
2026-04,2026,[04] April,"Madrid, Surigao del Sur",[1] Live,[A] Live,4th,Mun,4th,R13,v1
2026-04,2026,[04] April,"Magallanes, Agusan del Norte",[1] Live,[A] Live,4th,Mun,4th,R13,v1
2026-04,2026,[04] April,"Mainit, Surigao del Norte",[1] Live,[A] Live,4th,Mun,4th,R13,v1
2026-04,2026,[04] April,"Marihatag, Surigao del Sur",[1] Live,[A] Live,3rd,Mun,3rd,R13,v1
2026-04,2026,[04] April,"Remedios T. Romualdez, Agusan del Norte",[1] Live,[A] Live,5th,Mun,5th,R13,v1
2026-04,2026,[04] April,"San Agustin, Surigao del Sur",[1] Live,[A] Live,4th,Mun,4th,R13,v1
2026-04,2026,[04] April,"San Francisco, Agusan del Sur",[1] Live,[A] Live,1st,Mun,1st,R13,v1
2026-04,2026,[04] April,"San Francisco, Surigao del Norte",[1] Live,[A] Live,5th,Mun,5th,R13,v1
2026-04,2026,[04] April,"San Isidro, Surigao del Norte",[1] Live,[A] Live,5th,Mun,5th,R13,v1
2026-04,2026,[04] April,"San Jose, Dinagat Islands",[1] Live,[A] Live,4th,Mun,4th,R13,v1
2026-04,2026,[04] April,"San Miguel, Surigao del Sur",[1] Live,[A] Live,1st,Mun,1st,R13,v1
2026-04,2026,[04] April,"Santa Josefa, Agusan del Sur",[1] Live,[A] Live,3rd,Mun,3rd,R13,v1
2026-04,2026,[04] April,"Santiago, Agusan del Norte",[1] Live,[A] Live,4th,Mun,4th,R13,v1
2026-04,2026,[04] April,"Sison, Surigao del Norte",[1] Live,[A] Live,5th,Mun,5th,R13,v1
2026-04,2026,[04] April,"Socorro, Surigao del Norte",[1] Live,[A] Live,4th,Mun,4th,R13,v1
2026-04,2026,[04] April,"Tagana-An, Surigao del Norte",[1] Live,[A] Live,5th,Mun,5th,R13,v1
2026-04,2026,[04] April,"Tagbina, Surigao del Sur",[1] Live,[A] Live,2nd,Mun,2nd,R13,v1
2026-04,2026,[04] April,"Tago, Surigao del Sur",[1] Live,[A] Live,2nd,Mun,2nd,R13,v1
2026-04,2026,[04] April,"Trento, Agusan del Sur",[1] Live,[A] Live,1st,Mun,1st,R13,v1
2026-04,2026,[04] April,"Tubajon, Dinagat Islands",[1] Live,[A] Live,5th,Mun,5th,R13,v1
2026-04,2026,[04] April,"Tubod, Surigao del Norte",[1] Live,[A] Live,5th,Mun,5th,R13,v1
2026-04,2026,[04] April,"Ampatuan, Maguindanao del Sur",[1] Live,[A] Live,4th,Mun,4th,BARMM II,v1
2026-04,2026,[04] April,"Datu Abdullah Sangki, Maguindanao del Sur",[1] Live,[A] Live,-,Mun,-,BARMM II,v1
2026-04,2026,[04] April,"Datu Anggal Midtimbang, Maguindanao del Sur",[3] System Setup,[B] Developmental,-,Mun,-,BARMM II,v1
2026-04,2026,[04] April,"Datu Paglas, Maguindanao del Sur",[1] Live,[A] Live,4th,Mun,4th,BARMM II,v1
2026-04,2026,[04] April,"Datu Piang, Maguindanao del Sur",[3] System Setup,[B] Developmental,2nd,Mun,2nd,BARMM II,v1
2026-04,2026,[04] April,"Northern Kabuntalan, Maguindanao del Norte",[5] Admin Training,[C] For Training/Others,5th,Mun,5th,BARMM II,
2026-04,2026,[04] April,"Pagalungan, Maguindanao del Sur",[1] Live,[A] Live,1st,Mun,1st,BARMM II,v1
2026-04,2026,[04] April,"Parang, Maguindanao del Norte",[1] Live,[A] Live,1st,Mun,1st,BARMM II,v1
2026-04,2026,[04] April,"Shariff Aguak, Maguindanao del Sur",[1] Live,[A] Live,2nd,Mun,2nd,BARMM II,v1
2026-04,2026,[04] April,"Sultan Kudarat, Maguindanao del Norte",[1] Live,[A] Live,1st,Mun,1st,BARMM II,v1
2026-04,2026,[04] April,"Talayan, Maguindanao del Sur",[1] Live,[A] Live,4th,Mun,4th,BARMM II,v1
2026-04,2026,[04] April,"Upi, Maguindanao del Norte",[1] Live,[A] Live,1st,Mun,1st,BARMM II,v1
2026-04,2026,[04] April,"Aguinaldo, Ifugao",[1] Live,[A] Live,2nd,Mun,2nd,CAR,v1
2026-04,2026,[04] April,"Alfonso Lista, Ifugao",[1] Live,[A] Live,3rd,Mun,3rd,CAR,v1
2026-04,2026,[04] April,"Asipulo, Ifugao",[1] Live,[A] Live,5th,Mun,5th,CAR,v1
2026-04,2026,[04] April,"Banaue, Ifugao",[1] Live,[A] Live,4th,Mun,4th,CAR,v1
2026-04,2026,[04] April,"Bauko, Mountain Province",[1] Live,[A] Live,4th,Mun,4th,CAR,v1
2026-04,2026,[04] April,"Bontoc, Mountain Province",[1] Live,[A] Live,2nd,Mun,2nd,CAR,v1
2026-04,2026,[04] April,"City of Tabuk, Kalinga",[1] Live,[A] Live,5th,City,5th,CAR,v1
2026-04,2026,[04] April,"Danglas, Abra",[1] Live,[A] Live,5th,Mun,5th,CAR,v1
2026-04,2026,[04] April,"Dolores, Abra",[1] Live,[A] Live,5th,Mun,5th,CAR,with v1 v2
2026-04,2026,[04] April,"Hungduan, Ifugao",[1] Live,[A] Live,4th,Mun,4th,CAR,v1
2026-04,2026,[04] April,"Itogon, Benguet",[8] Withdraw,[D] Withdraw,1st,Mun,1st,CAR,v2
2026-04,2026,[04] April,"Lamut, Ifugao",[1] Live,[A] Live,4th,Mun,4th,CAR,v1
2026-04,2026,[04] April,"Lubuagan, Kalinga",[1] Live,[A] Live,4th,Mun,4th,CAR,v1
2026-04,2026,[04] April,"Luna, Apayao",[1] Live,[A] Live,2nd,Mun,2nd,CAR,v1
2026-04,2026,[04] April,"Mankayan, Benguet",[1] Live,[A] Live,1st,Mun,1st,CAR,v1
2026-04,2026,[04] April,"Mayoyao, Ifugao",[1] Live,[A] Live,4th,Mun,4th,CAR,v1
2026-04,2026,[04] April,"Paracelis, Mountain Province",[1] Live,[A] Live,2nd,Mun,2nd,CAR,v1
2026-04,2026,[04] April,"Pasil, Kalinga",[1] Live,[A] Live,5th,Mun,5th,CAR,v1
2026-04,2026,[04] April,"Peñarrubia, Abra",[1] Live,[A] Live,6th,Mun,6th,CAR,v1
2026-04,2026,[04] April,"Pudtol, Apayao",[1] Live,[A] Live,4th,Mun,4th,CAR,v1
2026-04,2026,[04] April,"Sablan, Benguet",[1] Live,[A] Live,5th,Mun,5th,CAR,v1
2026-04,2026,[04] April,"Santa Marcela, Apayao",[1] Live,[A] Live,4th,Mun,4th,CAR,v1
2026-04,2026,[04] April,"Tayum, Abra",[1] Live,[A] Live,5th,Mun,5th,CAR,v1
2026-04,2026,[04] April,"Tinoc, Ifugao",[1] Live,[A] Live,4th,Mun,4th,CAR,v1
2026-04,2026,[04] April,"Tuba, Benguet",[1] Live,[A] Live,1st,Mun,1st,CAR,v1
2026-04,2026,[04] April,"Tublay, Benguet",[1] Live,[A] Live,5th,Mun,5th,CAR,v1
2026-04,2026,[04] April,"Adams, Ilocos Norte",[1] Live,[A] Live,5th,Mun,5th,R1,v1
2026-04,2026,[04] April,"Agoo, La Union",[1] Live,[A] Live,1st,Mun,1st,R1,with v1 v2
2026-04,2026,[04] April,"Aguilar, Pangasinan",[1] Live,[A] Live,3rd,Mun,3rd,R1,v1
2026-04,2026,[04] April,"Anda, Pangasinan",[1] Live,[A] Live,3rd,Mun,3rd,R1,with v1 v2
2026-04,2026,[04] April,"Aringay, La Union",[1] Live,[A] Live,2nd,Mun,2nd,R1,v1
2026-04,2026,[04] April,"Bacarra, Ilocos Norte",[1] Live,[A] Live,3rd,Mun,3rd,R1,v1
2026-04,2026,[04] April,"Badoc, Ilocos Norte",[1] Live,[A] Live,3rd,Mun,3rd,R1,v1
2026-04,2026,[04] April,"Bagulin, La Union",[1] Live,[A] Live,5th,Mun,5th,R1,with v1 v2
2026-04,2026,[04] April,"Balaoan, La Union",[1] Live,[A] Live,1st,Mun,1st,R1,with v1 v2
2026-04,2026,[04] April,"Balungao, Pangasinan",[1] Live,[A] Live,4th,Mun,4th,R1,v1
2026-04,2026,[04] April,"Banayoyo, Ilocos Sur",[1] Live,[A] Live,4th,Mun,4th,R1,v1
2026-04,2026,[04] April,"Bangar, La Union",[1] Live,[A] Live,3rd,Mun,3rd,R1,with v1 v2
2026-04,2026,[04] April,"Bangui, Ilocos Norte",[1] Live,[A] Live,4th,Mun,4th,R1,v1
2026-04,2026,[04] April,"Banna, Ilocos Norte",[1] Live,[A] Live,4th,Mun,4th,R1,v1
2026-04,2026,[04] April,"Bantay, Ilocos Sur",[1] Live,[A] Live,3rd,Mun,3rd,R1,v1
2026-04,2026,[04] April,"Basista, Pangasinan",[1] Live,[A] Live,4th,Mun,4th,R1,v1
2026-04,2026,[04] April,"Bautista, Pangasinan",[1] Live,[A] Live,4th,Mun,4th,R1,v1
2026-04,2026,[04] April,"Bayambang, Pangasinan",[1] Live,[A] Live,1st,Mun,1st,R1,v1
2026-04,2026,[04] April,"Binalonan, Pangasinan",[1] Live,[A] Live,1st,Mun,1st,R1,v1
2026-04,2026,[04] April,"Binmaley, Pangasinan",[1] Live,[A] Live,1st,Mun,1st,R1,v1
2026-04,2026,[04] April,"Bugallon, Pangasinan",[1] Live,[A] Live,2nd,Mun,2nd,R1,v1
2026-04,2026,[04] April,"Burgos, La Union",[1] Live,[A] Live,5th,Mun,5th,R1,v1
2026-04,2026,[04] April,"Caba, La Union",[1] Live,[A] Live,4th,Mun,4th,R1,v1
2026-04,2026,[04] April,"Calasiao, Pangasinan",[1] Live,[A] Live,1st,Mun,1st,R1,with v1 v2
2026-04,2026,[04] April,"Caoayan, Ilocos Sur",[1] Live,[A] Live,4th,Mun,4th,R1,v1
2026-04,2026,[04] April,"City of Batac, Ilocos Norte",[1] Live,[A] Live,5th,City,5th,R1,with v1 v2
2026-04,2026,[04] April,"City of Candon, Ilocos Sur",[1] Live,[A] Live,4th,City,4th,R1,v1
2026-04,2026,[04] April,"City of Laoag, Ilocos Norte",[1] Live,[A] Live,3rd,City,3rd,R1,with v1 v2
2026-04,2026,[04] April,"City of San Carlos, Pangasinan",[1] Live,[A] Live,3rd,City,3rd,R1,v1
2026-04,2026,[04] April,"City of Vigan, Ilocos Sur",[2] UAT,[B] Developmental,4th,City,4th,R1,v1
2026-04,2026,[04] April,"Dasol, Pangasinan",[1] Live,[A] Live,3rd,Mun,3rd,R1,v1
2026-04,2026,[04] April,"Dingras, Ilocos Norte",[1] Live,[A] Live,2nd,Mun,2nd,R1,with v1 v2
2026-04,2026,[04] April,"Dumalneg, Ilocos Norte",[1] Live,[A] Live,5th,Mun,5th,R1,v1
2026-04,2026,[04] April,"Infanta, Pangasinan",[1] Live,[A] Live,3rd,Mun,3rd,R1,v1
2026-04,2026,[04] April,"Laoac, Pangasinan",[1] Live,[A] Live,4th,Mun,4th,R1,v1
2026-04,2026,[04] April,"Lidlidda, Ilocos Sur",[1] Live,[A] Live,5th,Mun,5th,R1,v1
2026-04,2026,[04] April,"Lingayen, Pangasinan",[1] Live,[A] Live,1st,Mun,1st,R1,with v1 v2
2026-04,2026,[04] April,"Magsingal, Ilocos Sur",[8] Withdraw,[D] Withdraw,3rd,Mun,3rd,R1,
2026-04,2026,[04] April,"Manaoag, Pangasinan",[3] System Setup,[B] Developmental,1st,Mun,1st,R1,v2
2026-04,2026,[04] April,"Mangaldan, Pangasinan",[1] Live,[A] Live,1st,Mun,1st,R1,v1
2026-04,2026,[04] April,"Mangatarem, Pangasinan",[1] Live,[A] Live,1st,Mun,1st,R1,v1
2026-04,2026,[04] April,"Mapandan, Pangasinan",[1] Live,[A] Live,3rd,Mun,3rd,R1,v1
2026-04,2026,[04] April,"Naguilian, La Union",[1] Live,[A] Live,1st,Mun,1st,R1,v1
2026-04,2026,[04] April,"Nueva Era, Ilocos Norte",[1] Live,[A] Live,3rd,Mun,3rd,R1,v1
2026-04,2026,[04] April,"Pagudpud, Ilocos Norte",[1] Live,[A] Live,4th,Mun,4th,R1,with v1 v2
2026-04,2026,[04] April,"Pasuquin, Ilocos Norte",[1] Live,[A] Live,3rd,Mun,3rd,R1,v1
2026-04,2026,[04] April,"Piddig, Ilocos Norte",[1] Live,[A] Live,3rd,Mun,3rd,R1,v1
2026-04,2026,[04] April,"Pozorrubio, Pangasinan",[1] Live,[A] Live,1st,Mun,1st,R1,v1
2026-04,2026,[04] April,"Rosales, Pangasinan",[1] Live,[A] Live,1st,Mun,1st,R1,v1
2026-04,2026,[04] April,"Rosario, La Union",[1] Live,[A] Live,1st,Mun,1st,R1,v1
2026-04,2026,[04] April,"San Esteban, Ilocos Sur",[1] Live,[A] Live,5th,Mun,5th,R1,v1
2026-04,2026,[04] April,"San Fabian, Pangasinan",[1] Live,[A] Live,1st,Mun,1st,R1,v1
2026-04,2026,[04] April,"San Gabriel, La Union",[1] Live,[A] Live,4th,Mun,4th,R1,with v1 v2
2026-04,2026,[04] April,"San Ildefonso, Ilocos Sur",[1] Live,[A] Live,5th,Mun,5th,R1,v1
2026-04,2026,[04] April,"San Juan, Ilocos Sur",[1] Live,[A] Live,3rd,Mun,3rd,R1,v1
2026-04,2026,[04] April,"San Manuel, Pangasinan",[1] Live,[A] Live,1st,Mun,1st,R1,v1
2026-04,2026,[04] April,"San Nicolas, Ilocos Norte",[1] Live,[A] Live,2nd,Mun,2nd,R1,with v1 v2
2026-04,2026,[04] April,"San Nicolas, Pangasinan",[1] Live,[A] Live,1st,Mun,1st,R1,v1
2026-04,2026,[04] April,"San Quintin, Pangasinan",[1] Live,[A] Live,3rd,Mun,3rd,R1,v1
2026-04,2026,[04] April,"San Vicente, Ilocos Sur",[1] Live,[A] Live,5th,Mun,5th,R1,v1
2026-04,2026,[04] April,"Santa Barbara, Pangasinan",[1] Live,[A] Live,1st,Mun,1st,R1,v1
2026-04,2026,[04] April,"Santa Catalina, Ilocos Sur",[1] Live,[A] Live,5th,Mun,5th,R1,with v1 v2
2026-04,2026,[04] April,"Santa Cruz, Ilocos Sur",[1] Live,[A] Live,1st,Mun,1st,R1,with v1 v2
2026-04,2026,[04] April,"Santa Lucia, Ilocos Sur",[1] Live,[A] Live,3rd,Mun,3rd,R1,v1
2026-04,2026,[04] April,"Santa, Ilocos Sur",[1] Live,[A] Live,4th,Mun,4th,R1,v1
2026-04,2026,[04] April,"Santiago, Ilocos Sur",[1] Live,[A] Live,4th,Mun,4th,R1,v1
2026-04,2026,[04] April,"Santo Domingo, Ilocos Sur",[1] Live,[A] Live,3rd,Mun,3rd,R1,v1
2026-04,2026,[04] April,"Santo Tomas, La Union",[1] Live,[A] Live,4th,Mun,4th,R1,v1
2026-04,2026,[04] April,"Santo Tomas, Pangasinan",[1] Live,[A] Live,5th,Mun,5th,R1,v1
2026-04,2026,[04] April,"Santol, La Union",[1] Live,[A] Live,4th,Mun,4th,R1,with v1 v2
2026-04,2026,[04] April,"Sarrat, Ilocos Norte",[1] Live,[A] Live,4th,Mun,4th,R1,v1
2026-04,2026,[04] April,"Sinait, Ilocos Sur",[1] Live,[A] Live,3rd,Mun,3rd,R1,v1
2026-04,2026,[04] April,"Sison, Pangasinan",[1] Live,[A] Live,3rd,Mun,3rd,R1,v1
2026-04,2026,[04] April,"Solsona, Ilocos Norte",[1] Live,[A] Live,3rd,Mun,3rd,R1,v1
2026-04,2026,[04] April,"Sudipen, La Union",[1] Live,[A] Live,4th,Mun,4th,R1,with v1 v2
2026-04,2026,[04] April,"Suyo, Ilocos Sur",[1] Live,[A] Live,4th,Mun,4th,R1,with v1 v2
2026-04,2026,[04] April,"Tagudin, Ilocos Sur",[1] Live,[A] Live,2nd,Mun,2nd,R1,v1
2026-04,2026,[04] April,"Tayug, Pangasinan",[1] Live,[A] Live,3rd,Mun,3rd,R1,v1
2026-04,2026,[04] April,"Tubao, La Union",[1] Live,[A] Live,4th,Mun,4th,R1,v1
2026-04,2026,[04] April,"Urbiztondo, Pangasinan",[1] Live,[A] Live,3rd,Mun,3rd,R1,v1
2026-04,2026,[04] April,"Villasis, Pangasinan",[1] Live,[A] Live,1st,Mun,1st,R1,v1
2026-04,2026,[04] April,"Vintar, Ilocos Norte",[1] Live,[A] Live,1st,Mun,1st,R1,v1
2026-04,2026,[04] April,"Abulug, Cagayan",[8] Withdraw,[D] Withdraw,3rd,Mun,3rd,R2,v2
2026-04,2026,[04] April,"Aglipay, Quirino",[1] Live,[A] Live,3rd,Mun,3rd,R2,with v1 v2
2026-04,2026,[04] April,"Alfonso Castaneda, Nueva Vizcaya",[1] Live,[A] Live,1st,Mun,1st,R2,v1
2026-04,2026,[04] April,"Alicia, Isabela",[1] Live,[A] Live,1st,Mun,1st,R2,v1
2026-04,2026,[04] April,"Allacapan, Cagayan",[1] Live,[A] Live,3rd,Mun,3rd,R2,v1
2026-04,2026,[04] April,"Ambaguio, Nueva Vizcaya",[1] Live,[A] Live,5th,Mun,5th,R2,v1
2026-04,2026,[04] April,"Amulung, Cagayan",[1] Live,[A] Live,2nd,Mun,2nd,R2,v1
2026-04,2026,[04] April,"Angadanan, Isabela",[1] Live,[A] Live,3rd,Mun,3rd,R2,v1
2026-04,2026,[04] April,"Aparri, Cagayan",[1] Live,[A] Live,1st,Mun,1st,R2,v1
2026-04,2026,[04] April,"Aritao, Nueva Vizcaya",[1] Live,[A] Live,2nd,Mun,2nd,R2,v1
2026-04,2026,[04] April,"Aurora, Isabela",[1] Live,[A] Live,3rd,Mun,3rd,R2,with v1 v2
2026-04,2026,[04] April,"Bagabag, Nueva Vizcaya",[1] Live,[A] Live,2nd,Mun,2nd,R2,v1
2026-04,2026,[04] April,"Baggao, Cagayan",[1] Live,[A] Live,1st,Mun,1st,R2,v1
2026-04,2026,[04] April,"Ballesteros, Cagayan",[1] Live,[A] Live,4th,Mun,4th,R2,v1
2026-04,2026,[04] April,"Bambang, Nueva Vizcaya",[1] Live,[A] Live,1st,Mun,1st,R2,v1
2026-04,2026,[04] April,"Benito Soliven, Isabela",[1] Live,[A] Live,4th,Mun,4th,R2,v1
2026-04,2026,[04] April,"Buguey, Cagayan",[1] Live,[A] Live,3rd,Mun,3rd,R2,v1
2026-04,2026,[04] April,"Burgos, Isabela",[1] Live,[A] Live,4th,Mun,4th,R2,with v1 v2
2026-04,2026,[04] April,"Cabagan, Isabela",[1] Live,[A] Live,1st,Mun,1st,R2,v1
2026-04,2026,[04] April,"Cabarroguis, Quirino",[1] Live,[A] Live,3rd,Mun,3rd,R2,v1
2026-04,2026,[04] April,"Camalaniugan, Cagayan",[1] Live,[A] Live,4th,Mun,4th,R2,v1
2026-04,2026,[04] April,"City of Ilagan, Isabela",[1] Live,[A] Live,1st,City,1st,R2,v1
2026-04,2026,[04] April,"Cordon, Isabela",[1] Live,[A] Live,3rd,Mun,3rd,R2,with v1 v2
2026-04,2026,[04] April,"Delfin Albano, Isabela",[8] Withdraw,[D] Withdraw,4th,Mun,4th,R2,v2
2026-04,2026,[04] April,"Diadi, Nueva Vizcaya",[1] Live,[A] Live,4th,Mun,4th,R2,v1
2026-04,2026,[04] April,"Diffun, Quirino",[1] Live,[A] Live,2nd,Mun,2nd,R2,with v1 v2
2026-04,2026,[04] April,"Dinapigue, Isabela",[1] Live,[A] Live,1st,Mun,1st,R2,v1
2026-04,2026,[04] April,"Divilacan, Isabela",[1] Live,[A] Live,2nd,Mun,2nd,R2,v1
2026-04,2026,[04] April,"Dupax del Norte, Nueva Vizcaya",[1] Live,[A] Live,3rd,Mun,3rd,R2,with v1 v2
2026-04,2026,[04] April,"Dupax del Sur, Nueva Vizcaya",[1] Live,[A] Live,2nd,Mun,2nd,R2,with v1 v2
2026-04,2026,[04] April,"Echague, Isabela",[1] Live,[A] Live,1st,Mun,1st,R2,v1
2026-04,2026,[04] April,"Enrile, Cagayan",[1] Live,[A] Live,3rd,Mun,3rd,R2,v1
2026-04,2026,[04] April,"Gamu, Isabela",[1] Live,[A] Live,4th,Mun,4th,R2,with v1 v2
2026-04,2026,[04] April,"Gattaran, Cagayan",[1] Live,[A] Live,1st,Mun,1st,R2,v1
2026-04,2026,[04] April,"Iguig, Cagayan",[1] Live,[A] Live,4th,Mun,4th,R2,v1
2026-04,2026,[04] April,"Jones, Isabela",[1] Live,[A] Live,1st,Mun,1st,R2,v1
2026-04,2026,[04] April,"Kasibu, Nueva Vizcaya",[1] Live,[A] Live,3rd,Mun,3rd,R2,v1
2026-04,2026,[04] April,"Kayapa, Nueva Vizcaya",[1] Live,[A] Live,3rd,Mun,3rd,R2,v1
2026-04,2026,[04] April,"Lal-Lo, Cagayan",[1] Live,[A] Live,1st,Mun,1st,R2,v1
2026-04,2026,[04] April,"Lasam, Cagayan",[1] Live,[A] Live,3rd,Mun,3rd,R2,v1
2026-04,2026,[04] April,"Maddela, Quirino",[1] Live,[A] Live,1st,Mun,1st,R2,v1
2026-04,2026,[04] April,"Mallig, Isabela",[1] Live,[A] Live,4th,Mun,4th,R2,with v1 v2
2026-04,2026,[04] April,"Nagtipunan, Quirino",[1] Live,[A] Live,1st,Mun,1st,R2,v1
2026-04,2026,[04] April,"Naguilian, Isabela",[1] Live,[A] Live,4th,Mun,4th,R2,with v1 v2
2026-04,2026,[04] April,"Palanan, Isabela",[1] Live,[A] Live,1st,Mun,1st,R2,v1
2026-04,2026,[04] April,"Pamplona, Cagayan",[1] Live,[A] Live,4th,Mun,4th,R2,v1
2026-04,2026,[04] April,"Peñablanca, Cagayan",[1] Live,[A] Live,1st,Mun,1st,R2,v1
2026-04,2026,[04] April,"Piat, Cagayan",[1] Live,[A] Live,4th,Mun,4th,R2,v1
2026-04,2026,[04] April,"Quezon, Isabela",[1] Live,[A] Live,4th,Mun,4th,R2,v1
2026-04,2026,[04] April,"Quezon, Nueva Vizcaya",[1] Live,[A] Live,4th,Mun,4th,R2,v1
2026-04,2026,[04] April,"Ramon, Isabela",[1] Live,[A] Live,2nd,Mun,2nd,R2,v1
2026-04,2026,[04] April,"Rizal, Cagayan",[8] Withdraw,[D] Withdraw,5th,Mun,5th,R2,v2
2026-04,2026,[04] April,"Saguday, Quirino",[1] Live,[A] Live,5th,Mun,5th,R2,with v1 v2
2026-04,2026,[04] April,"San Agustin, Isabela",[1] Live,[A] Live,3rd,Mun,3rd,R2,v1
2026-04,2026,[04] April,"San Guillermo, Isabela",[1] Live,[A] Live,4th,Mun,4th,R2,v1
2026-04,2026,[04] April,"San Isidro, Isabela",[1] Live,[A] Live,5th,Mun,5th,R2,with v1 v2
2026-04,2026,[04] April,"San Manuel, Isabela",[1] Live,[A] Live,4th,Mun,4th,R2,v1
2026-04,2026,[04] April,"San Mariano, Isabela",[1] Live,[A] Live,1st,Mun,1st,R2,v1
2026-04,2026,[04] April,"San Mateo, Isabela",[1] Live,[A] Live,1st,Mun,1st,R2,with v1 v2
2026-04,2026,[04] April,"Sanchez-Mira, Cagayan",[1] Live,[A] Live,3rd,Mun,3rd,R2,v1
2026-04,2026,[04] April,"Santa Ana, Cagayan",[1] Live,[A] Live,2nd,Mun,2nd,R2,v1
2026-04,2026,[04] April,"Santa Fe, Nueva Vizcaya",[1] Live,[A] Live,3rd,Mun,3rd,R2,v1
2026-04,2026,[04] April,"Santa Maria, Isabela",[1] Live,[A] Live,4th,Mun,4th,R2,v1
2026-04,2026,[04] April,"Santa Praxedes, Cagayan",[1] Live,[A] Live,5th,Mun,5th,R2,v1
2026-04,2026,[04] April,"Santa Teresita, Cagayan",[1] Live,[A] Live,4th,Mun,4th,R2,v1
2026-04,2026,[04] April,"Santo Niño, Cagayan",[1] Live,[A] Live,2nd,Mun,2nd,R2,v1
2026-04,2026,[04] April,"Santo Tomas, Isabela",[1] Live,[A] Live,4th,Mun,4th,R2,v1
2026-04,2026,[04] April,"Solana, Cagayan",[1] Live,[A] Live,1st,Mun,1st,R2,v1
2026-04,2026,[04] April,"Tuao, Cagayan",[1] Live,[A] Live,1st,Mun,1st,R2,v1
2026-04,2026,[04] April,"Tumauini, Isabela",[1] Live,[A] Live,1st,Mun,1st,R2,v1
2026-04,2026,[04] April,"Abucay, Bataan",[8] Withdraw,[D] Withdraw,3rd,Mun,3rd,R3,v2
2026-04,2026,[04] April,"Aliaga, Nueva Ecija",[1] Live,[A] Live,2nd,Mun,2nd,R3,v1
2026-04,2026,[04] April,"Anao, Tarlac",[1] Live,[A] Live,5th,Mun,5th,R3,v1
2026-04,2026,[04] April,"Apalit, Pampanga",[1] Live,[A] Live,1st,Mun,1st,R3,v1
2026-04,2026,[04] April,"Arayat, Pampanga",[1] Live,[A] Live,1st,Mun,1st,R3,v1
2026-04,2026,[04] April,"Bacolor, Pampanga",[1] Live,[A] Live,3rd,Mun,3rd,R3,v1
2026-04,2026,[04] April,"Bagac, Bataan",[3] System Setup,[B] Developmental,3rd,Mun,3rd,R3,v2
2026-04,2026,[04] April,"Baler, Aurora",[1] Live,[A] Live,3rd,Mun,3rd,R3,v1
2026-04,2026,[04] April,"Bamban, Tarlac",[1] Live,[A] Live,2nd,Mun,2nd,R3,with v1 v2
2026-04,2026,[04] April,"Bongabon, Nueva Ecija",[1] Live,[A] Live,2nd,Mun,2nd,R3,v1
2026-04,2026,[04] April,"Botolan, Zambales",[1] Live,[A] Live,1st,Mun,1st,R3,v1
2026-04,2026,[04] April,"Bustos, Bulacan",[1] Live,[A] Live,2nd,Mun,2nd,R3,with v1 v2
2026-04,2026,[04] April,"Cabangan, Zambales",[1] Live,[A] Live,4th,Mun,4th,R3,with v1 v2
2026-04,2026,[04] April,"Cabiao, Nueva Ecija",[1] Live,[A] Live,1st,Mun,1st,R3,with v1 v2
2026-04,2026,[04] April,"Camiling, Tarlac",[1] Live,[A] Live,1st,Mun,1st,R3,v1
2026-04,2026,[04] April,"Candaba, Pampanga",[1] Live,[A] Live,1st,Mun,1st,R3,with v1 v2
2026-04,2026,[04] April,"Carranglan, Nueva Ecija",[8] Withdraw,[D] Withdraw,1st,Mun,1st,R3,v2
2026-04,2026,[04] April,"Casiguran, Aurora",[1] Live,[A] Live,2nd,Mun,2nd,R3,v1
2026-04,2026,[04] April,"Castillejos, Zambales",[1] Live,[A] Live,3rd,Mun,3rd,R3,v1
2026-04,2026,[04] April,"City of Malolos, Bulacan",[8] Withdraw,[D] Withdraw,3rd,City,3rd,R3,
2026-04,2026,[04] April,"City of Meycauayan, Bulacan",[8] Withdraw,[D] Withdraw,3rd,City,3rd,R3,
2026-04,2026,[04] April,"City of Olongapo, Zambales",[8] Withdraw,[D] Withdraw,1st,City,1st,R3,
2026-04,2026,[04] April,"City of Palayan, Nueva Ecija",[1] Live,[A] Live,5th,City,5th,R3,v1
2026-04,2026,[04] April,"City of San Jose Del Monte, Bulacan",[1] Live,[A] Live,1st,City,1st,R3,v1
2026-04,2026,[04] April,"Concepcion, Tarlac",[1] Live,[A] Live,1st,Mun,1st,R3,v1
2026-04,2026,[04] April,"Cuyapo, Nueva Ecija",[1] Live,[A] Live,1st,Mun,1st,R3,v1
2026-04,2026,[04] April,"Dilasag, Aurora",[1] Live,[A] Live,3rd,Mun,3rd,R3,v1
2026-04,2026,[04] April,"Dinalungan, Aurora",[1] Live,[A] Live,4th,Mun,4th,R3,v1
2026-04,2026,[04] April,"Dingalan, Aurora",[1] Live,[A] Live,3rd,Mun,3rd,R3,v1
2026-04,2026,[04] April,"Dipaculao, Aurora",[1] Live,[A] Live,3rd,Mun,3rd,R3,v1
2026-04,2026,[04] April,"Floridablanca, Pampanga",[1] Live,[A] Live,1st,Mun,1st,R3,v1
2026-04,2026,[04] April,"Gabaldon, Nueva Ecija",[1] Live,[A] Live,4th,Mun,4th,R3,with v1 v2
2026-04,2026,[04] April,"General Tinio, Nueva Ecija",[1] Live,[A] Live,1st,Mun,1st,R3,v1
2026-04,2026,[04] April,"Gerona, Tarlac",[1] Live,[A] Live,1st,Mun,1st,R3,v1
2026-04,2026,[04] April,"Guagua, Pampanga",[1] Live,[A] Live,1st,Mun,1st,R3,v1
2026-04,2026,[04] April,"Guimba, Nueva Ecija",[1] Live,[A] Live,1st,Mun,1st,R3,with v1 v2
2026-04,2026,[04] April,"Iba, Zambales",[8] Withdraw,[D] Withdraw,2nd,Mun,2nd,R3,
2026-04,2026,[04] April,"La Paz, Tarlac",[1] Live,[A] Live,2nd,Mun,2nd,R3,with v1 v2
2026-04,2026,[04] April,"Licab, Nueva Ecija",[1] Live,[A] Live,4th,Mun,4th,R3,v1
2026-04,2026,[04] April,"Limay, Bataan",[1] Live,[A] Live,1st,Mun,1st,R3,v1
2026-04,2026,[04] April,"Lupao, Nueva Ecija",[1] Live,[A] Live,3rd,Mun,3rd,R3,v1
2026-04,2026,[04] April,"Mabalacat City, Pampanga",[1] Live,[A] Live,3rd,City,3rd,R3,v1
2026-04,2026,[04] April,"Macabebe, Pampanga",[1] Live,[A] Live,1st,Mun,1st,R3,v1
2026-04,2026,[04] April,"Magalang, Pampanga",[1] Live,[A] Live,1st,Mun,1st,R3,v1
2026-04,2026,[04] April,"Maria Aurora, Aurora",[1] Live,[A] Live,2nd,Mun,2nd,R3,v1
2026-04,2026,[04] April,"Masantol, Pampanga",[1] Live,[A] Live,2nd,Mun,2nd,R3,v1
2026-04,2026,[04] April,"Masinloc, Zambales",[1] Live,[A] Live,1st,Mun,1st,R3,v1
2026-04,2026,[04] April,"Mayantoc, Tarlac",[1] Live,[A] Live,3rd,Mun,3rd,R3,v1
2026-04,2026,[04] April,"Mexico, Pampanga",[1] Live,[A] Live,1st,Mun,1st,R3,v1
2026-04,2026,[04] April,"Minalin, Pampanga",[1] Live,[A] Live,4th,Mun,4th,R3,v1
2026-04,2026,[04] April,"Morong, Bataan",[2] UAT,[B] Developmental,3rd,Mun,3rd,R3,v2
2026-04,2026,[04] April,"Norzagaray, Bulacan",[1] Live,[A] Live,1st,Mun,1st,R3,v1
2026-04,2026,[04] April,"Obando, Bulacan",[1] Live,[A] Live,2nd,Mun,2nd,R3,v1
2026-04,2026,[04] April,"Orani, Bataan",[1] Live,[A] Live,3rd,Mun,3rd,R3,v1
2026-04,2026,[04] April,"Palauig, Zambales",[1] Live,[A] Live,3rd,Mun,3rd,R3,with v1 v2
2026-04,2026,[04] April,"Pandi, Bulacan",[1] Live,[A] Live,2nd,Mun,2nd,R3,v1
2026-04,2026,[04] April,"Paniqui, Tarlac",[1] Live,[A] Live,1st,Mun,1st,R3,v1
2026-04,2026,[04] April,"Pantabangan, Nueva Ecija",[1] Live,[A] Live,1st,Mun,1st,R3,v1
2026-04,2026,[04] April,"Paombong, Bulacan",[1] Live,[A] Live,3rd,Mun,3rd,R3,v1
2026-04,2026,[04] April,"Pura, Tarlac",[1] Live,[A] Live,4th,Mun,4th,R3,with v1 v2
2026-04,2026,[04] April,"Quezon, Nueva Ecija",[1] Live,[A] Live,4th,Mun,4th,R3,with v1 v2
2026-04,2026,[04] April,"Rizal, Nueva Ecija",[1] Live,[A] Live,2nd,Mun,2nd,R3,v1
2026-04,2026,[04] April,"Samal, Bataan",[1] Live,[A] Live,4th,Mun,4th,R3,v1
2026-04,2026,[04] April,"San Antonio, Zambales",[1] Live,[A] Live,2nd,Mun,2nd,R3,v1
2026-04,2026,[04] April,"San Clemente, Tarlac",[1] Live,[A] Live,5th,Mun,5th,R3,with v1 v2
2026-04,2026,[04] April,"San Felipe, Zambales",[1] Live,[A] Live,4th,Mun,4th,R3,v1
2026-04,2026,[04] April,"San Ildefonso, Bulacan",[1] Live,[A] Live,1st,Mun,1st,R3,v1
2026-04,2026,[04] April,"San Isidro, Nueva Ecija",[1] Live,[A] Live,2nd,Mun,2nd,R3,v1
2026-04,2026,[04] April,"San Jose, Tarlac",[1] Live,[A] Live,3rd,Mun,3rd,R3,v1
2026-04,2026,[04] April,"San Luis, Aurora",[1] Live,[A] Live,2nd,Mun,2nd,R3,with v1 v2
2026-04,2026,[04] April,"San Luis, Pampanga",[1] Live,[A] Live,3rd,Mun,3rd,R3,v1
2026-04,2026,[04] April,"San Manuel, Tarlac",[1] Live,[A] Live,4th,Mun,4th,R3,with v1 v2
2026-04,2026,[04] April,"San Marcelino, Zambales",[1] Live,[A] Live,1st,Mun,1st,R3,v1
2026-04,2026,[04] April,"San Narciso, Zambales",[1] Live,[A] Live,4th,Mun,4th,R3,v1
2026-04,2026,[04] April,"Santa Ana, Pampanga",[1] Live,[A] Live,3rd,Mun,3rd,R3,v1
2026-04,2026,[04] April,"Santa Ignacia, Tarlac",[1] Live,[A] Live,2nd,Mun,2nd,R3,with v1 v2
2026-04,2026,[04] April,"Santa Rita, Pampanga",[1] Live,[A] Live,4th,Mun,4th,R3,v1
2026-04,2026,[04] April,"Santo Domingo, Nueva Ecija",[1] Live,[A] Live,3rd,Mun,3rd,R3,v1
2026-04,2026,[04] April,"Sasmuan, Pampanga",[1] Live,[A] Live,4th,Mun,4th,R3,v1
2026-04,2026,[04] April,"Sto. Tomas, Pampanga",[1] Live,[A] Live,4th,Mun,4th,R3,v1
2026-04,2026,[04] April,"Subic, Zambales",[1] Live,[A] Live,1st,Mun,1st,R3,v1
2026-04,2026,[04] April,"Talugtug, Nueva Ecija",[1] Live,[A] Live,4th,Mun,4th,R3,v1
2026-04,2026,[04] April,"Zaragoza, Nueva Ecija",[1] Live,[A] Live,3rd,Mun,3rd,R3,with v1 v2
2026-04,2026,[04] April,"Agoncillo, Batangas",[1] Live,[A] Live,4th,Mun,4th,R4A,v1
2026-04,2026,[04] April,"Alabat, Quezon",[1] Live,[A] Live,5th,Mun,5th,R4A,v1
2026-04,2026,[04] April,"Alfonso, Cavite",[1] Live,[A] Live,1st,Mun,1st,R4A,v1
2026-04,2026,[04] April,"Alitagtag, Batangas",[1] Live,[A] Live,4th,Mun,4th,R4A,v1
2026-04,2026,[04] April,"Amadeo, Cavite",[1] Live,[A] Live,4th,Mun,4th,R4A,v1
2026-04,2026,[04] April,"Balayan, Batangas",[1] Live,[A] Live,1st,Mun,1st,R4A,v1
2026-04,2026,[04] April,"Balete, Batangas",[1] Live,[A] Live,5th,Mun,5th,R4A,v1
2026-04,2026,[04] April,"Buenavista, Quezon",[1] Live,[A] Live,4th,Mun,4th,R4A,v1
2026-04,2026,[04] April,"Burdeos, Quezon",[6] With Concerns,[C] For Training/Others,4th,Mun,4th,R4A,v2
2026-04,2026,[04] April,"Calatagan, Batangas",[1] Live,[A] Live,2nd,Mun,2nd,R4A,v1
2026-04,2026,[04] April,"Calauag, Quezon",[1] Live,[A] Live,1st,Mun,1st,R4A,v1
2026-04,2026,[04] April,"Calauan, Laguna",[1] Live,[A] Live,2nd,Mun,2nd,R4A,v1
2026-04,2026,[04] April,"Candelaria, Quezon",[1] Live,[A] Live,1st,Mun,1st,R4A,v1
2026-04,2026,[04] April,"Cardona, Rizal",[1] Live,[A] Live,3rd,Mun,3rd,R4A,v1
2026-04,2026,[04] April,"Cavinti, Laguna",[1] Live,[A] Live,3rd,Mun,3rd,R4A,v1
2026-04,2026,[04] April,"City of Lucena, Quezon",[8] Withdraw,[D] Withdraw,2nd,City,2nd,R4A,
2026-04,2026,[04] April,"Cuenca, Batangas",[8] Withdraw,[D] Withdraw,4th,Mun,4th,R4A,v2
2026-04,2026,[04] April,"Famy, Laguna",[1] Live,[A] Live,5th,Mun,5th,R4A,v1
2026-04,2026,[04] April,"General Emilio Aguinaldo, Cavite",[1] Live,[A] Live,5th,Mun,5th,R4A,v1
2026-04,2026,[04] April,"General Luna, Quezon",[1] Live,[A] Live,4th,Mun,4th,R4A,v1
2026-04,2026,[04] April,"General Nakar, Quezon",[1] Live,[A] Live,1st,Mun,1st,R4A,v1
2026-04,2026,[04] April,"Guinayangan, Quezon",[1] Live,[A] Live,3rd,Mun,3rd,R4A,v1
2026-04,2026,[04] April,"Gumaca, Quezon",[1] Live,[A] Live,1st,Mun,1st,R4A,v1
2026-04,2026,[04] April,"Indang, Cavite",[1] Live,[A] Live,1st,Mun,1st,R4A,v1
2026-04,2026,[04] April,"Infanta, Quezon",[1] Live,[A] Live,1st,Mun,1st,R4A,v1
2026-04,2026,[04] April,"Lemery, Batangas",[1] Live,[A] Live,1st,Mun,1st,R4A,v1
2026-04,2026,[04] April,"Lian, Batangas",[1] Live,[A] Live,3rd,Mun,3rd,R4A,v1
2026-04,2026,[04] April,"Liliw, Laguna",[1] Live,[A] Live,4th,Mun,4th,R4A,v1
2026-04,2026,[04] April,"Lobo, Batangas",[1] Live,[A] Live,3rd,Mun,3rd,R4A,v1
2026-04,2026,[04] April,"Lopez, Quezon",[1] Live,[A] Live,1st,Mun,1st,R4A,v1
2026-04,2026,[04] April,"Lumban, Laguna",[1] Live,[A] Live,3rd,Mun,3rd,R4A,v1
2026-04,2026,[04] April,"Mabini, Batangas",[1] Live,[A] Live,1st,Mun,1st,R4A,v1
2026-04,2026,[04] April,"Magallanes, Cavite",[1] Live,[A] Live,4th,Mun,4th,R4A,v1
2026-04,2026,[04] April,"Maragondon, Cavite",[1] Live,[A] Live,3rd,Mun,3rd,R4A,v1
2026-04,2026,[04] April,"Mataasnakahoy, Batangas",[1] Live,[A] Live,4th,Mun,4th,R4A,v1
2026-04,2026,[04] April,"Mauban, Quezon",[1] Live,[A] Live,1st,Mun,1st,R4A,v1
2026-04,2026,[04] April,"Mulanay, Quezon",[2] UAT,[B] Developmental,1st,Mun,1st,R4A,v1
2026-04,2026,[04] April,"Naic, Cavite",[1] Live,[A] Live,1st,Mun,1st,R4A,v1
2026-04,2026,[04] April,"Noveleta, Cavite",[1] Live,[A] Live,3rd,Mun,3rd,R4A,v1
2026-04,2026,[04] April,"Padre Burgos, Quezon",[1] Live,[A] Live,4th,Mun,4th,R4A,v1
2026-04,2026,[04] April,"Paete, Laguna",[1] Live,[A] Live,4th,Mun,4th,R4A,v1
2026-04,2026,[04] April,"Panukulan, Quezon",[1] Live,[A] Live,4th,Mun,4th,R4A,v1
2026-04,2026,[04] April,"Perez, Quezon",[1] Live,[A] Live,5th,Mun,5th,R4A,v1
2026-04,2026,[04] April,"Pitogo, Quezon",[1] Live,[A] Live,4th,Mun,4th,R4A,v1
2026-04,2026,[04] April,"Polillo, Quezon",[1] Live,[A] Live,3rd,Mun,3rd,R4A,v1
2026-04,2026,[04] April,"Quezon, Quezon",[1] Live,[A] Live,5th,Mun,5th,R4A,v1
2026-04,2026,[04] April,"Real, Quezon",[1] Live,[A] Live,1st,Mun,1st,R4A,v1
2026-04,2026,[04] April,"Rizal, Laguna",[1] Live,[A] Live,5th,Mun,5th,R4A,with v1 v2
2026-04,2026,[04] April,"Rosario, Cavite",[1] Live,[A] Live,1st,Mun,1st,R4A,v1
2026-04,2026,[04] April,"Sampaloc, Quezon",[1] Live,[A] Live,5th,Mun,5th,R4A,v1
2026-04,2026,[04] April,"San Andres, Quezon",[3] System Setup,[B] Developmental,4th,Mun,4th,R4A,v1
2026-04,2026,[04] April,"San Antonio, Quezon",[1] Live,[A] Live,4th,Mun,4th,R4A,v1
2026-04,2026,[04] April,"San Juan, Batangas",[2] UAT,[B] Developmental,1st,Mun,1st,R4A,v1
2026-04,2026,[04] April,"San Luis, Batangas",[1] Live,[A] Live,4th,Mun,4th,R4A,v1
2026-04,2026,[04] April,"San Mateo, Rizal",[3] System Setup,[B] Developmental,1st,Mun,1st,R4A,v1
2026-04,2026,[04] April,"San Nicolas, Batangas",[1] Live,[A] Live,5th,Mun,5th,R4A,v1
2026-04,2026,[04] April,"San Pascual, Batangas",[1] Live,[A] Live,1st,Mun,1st,R4A,v1
2026-04,2026,[04] April,"Santa Teresita, Batangas",[1] Live,[A] Live,5th,Mun,5th,R4A,v1
2026-04,2026,[04] April,"Siniloan, Laguna",[1] Live,[A] Live,2nd,Mun,2nd,R4A,v1
2026-04,2026,[04] April,"Taal, Batangas",[1] Live,[A] Live,3rd,Mun,3rd,R4A,v1
2026-04,2026,[04] April,"Tanay, Rizal",[1] Live,[A] Live,1st,Mun,1st,R4A,v1
2026-04,2026,[04] April,"Tanza, Cavite",[1] Live,[A] Live,1st,Mun,1st,R4A,v1
2026-04,2026,[04] April,"Taysan, Batangas",[1] Live,[A] Live,2nd,Mun,2nd,R4A,v1
2026-04,2026,[04] April,"Teresa, Rizal",[3] System Setup,[B] Developmental,2nd,Mun,2nd,R4A,v2
2026-04,2026,[04] April,"Tuy, Batangas",[1] Live,[A] Live,3rd,Mun,3rd,R4A,v1
2026-04,2026,[04] April,"Unisan, Quezon",[1] Live,[A] Live,4th,Mun,4th,R4A,v1
2026-04,2026,[04] April,"Aborlan, Palawan",[1] Live,[A] Live,1st,Mun,1st,R4B,v1
2026-04,2026,[04] April,"Abra De Ilog, Occidental Mindoro",[1] Live,[A] Live,2nd,Mun,2nd,R4B,v1
2026-04,2026,[04] April,"Alcantara, Romblon",[1] Live,[A] Live,5th,Mun,5th,R4B,v1
2026-04,2026,[04] April,"Baco, Oriental Mindoro",[1] Live,[A] Live,3rd,Mun,3rd,R4B,v1
2026-04,2026,[04] April,"Bansud, Oriental Mindoro",[1] Live,[A] Live,2nd,Mun,2nd,R4B,v1
2026-04,2026,[04] April,"Banton, Romblon",[1] Live,[A] Live,5th,Mun,5th,R4B,v1
2026-04,2026,[04] April,"Bataraza, Palawan",[1] Live,[A] Live,1st,Mun,1st,R4B,v1
2026-04,2026,[04] April,"Bongabong, Oriental Mindoro",[1] Live,[A] Live,1st,Mun,1st,R4B,v1
2026-04,2026,[04] April,"Brooke's Point, Palawan",[1] Live,[A] Live,1st,Mun,1st,R4B,v1
2026-04,2026,[04] April,"Buenavista, Marinduque",[1] Live,[A] Live,4th,Mun,4th,R4B,v1
2026-04,2026,[04] April,"Bulalacao, Oriental Mindoro",[1] Live,[A] Live,3rd,Mun,3rd,R4B,v1
2026-04,2026,[04] April,"Busuanga, Palawan",[1] Live,[A] Live,3rd,Mun,3rd,R4B,v1
2026-04,2026,[04] April,"Cagayancillo, Palawan",[1] Live,[A] Live,6th,Mun,6th,R4B,v1
2026-04,2026,[04] April,"Cajidiocan, Romblon",[1] Live,[A] Live,4th,Mun,4th,R4B,v1
2026-04,2026,[04] April,"Calatrava, Romblon",[1] Live,[A] Live,5th,Mun,5th,R4B,v1
2026-04,2026,[04] April,"Calintaan, Occidental Mindoro",[1] Live,[A] Live,3rd,Mun,3rd,R4B,v1
2026-04,2026,[04] April,"Concepcion, Romblon",[8] Withdraw,[D] Withdraw,6th,Mun,6th,R4B,
2026-04,2026,[04] April,"Coron, Palawan",[1] Live,[A] Live,1st,Mun,1st,R4B,v1
2026-04,2026,[04] April,"Culion, Palawan",[1] Live,[A] Live,3rd,Mun,3rd,R4B,v1
2026-04,2026,[04] April,"El Nido, Palawan",[1] Live,[A] Live,1st,Mun,1st,R4B,v1
2026-04,2026,[04] April,"Ferrol, Romblon",[1] Live,[A] Live,6th,Mun,6th,R4B,v1
2026-04,2026,[04] April,"Gloria, Oriental Mindoro",[1] Live,[A] Live,3rd,Mun,3rd,R4B,v1
2026-04,2026,[04] April,"Kalayaan, Palawan",[1] Live,[A] Live,5th,Mun,5th,R4B,v1
2026-04,2026,[04] April,"Looc, Occidental Mindoro",[1] Live,[A] Live,5th,Mun,5th,R4B,v1
2026-04,2026,[04] April,"Looc, Romblon",[1] Live,[A] Live,4th,Mun,4th,R4B,v1
2026-04,2026,[04] April,"Lubang, Occidental Mindoro",[1] Live,[A] Live,4th,Mun,4th,R4B,v1
2026-04,2026,[04] April,"Magsaysay, Occidental Mindoro",[1] Live,[A] Live,3rd,Mun,3rd,R4B,v1
2026-04,2026,[04] April,"Mamburao, Occidental Mindoro",[1] Live,[A] Live,2nd,Mun,2nd,R4B,v1
2026-04,2026,[04] April,"Mansalay, Oriental Mindoro",[1] Live,[A] Live,2nd,Mun,2nd,R4B,v1
2026-04,2026,[04] April,"Mogpog, Marinduque",[6] With Concerns,[C] For Training/Others,3rd,Mun,3rd,R4B,v1
2026-04,2026,[04] April,"Narra, Palawan",[1] Live,[A] Live,1st,Mun,1st,R4B,v1
2026-04,2026,[04] April,"Naujan, Oriental Mindoro",[1] Live,[A] Live,1st,Mun,1st,R4B,v1
2026-04,2026,[04] April,"Paluan, Occidental Mindoro",[1] Live,[A] Live,3rd,Mun,3rd,R4B,v1
2026-04,2026,[04] April,"Pinamalayan, Oriental Mindoro",[1] Live,[A] Live,1st,Mun,1st,R4B,v1
2026-04,2026,[04] April,"Pola, Oriental Mindoro",[1] Live,[A] Live,3rd,Mun,3rd,R4B,v1
2026-04,2026,[04] April,"Puerto Galera, Oriental Mindoro",[8] Withdraw,[D] Withdraw,1st,Mun,1st,R4B,v2
2026-04,2026,[04] April,"Quezon, Palawan",[1] Live,[A] Live,1st,Mun,1st,R4B,v1
2026-04,2026,[04] April,"Rizal, Occidental Mindoro",[1] Live,[A] Live,3rd,Mun,3rd,R4B,v1
2026-04,2026,[04] April,"Rizal, Palawan",[1] Live,[A] Live,1st,Mun,1st,R4B,v1
2026-04,2026,[04] April,"Roxas, Oriental Mindoro",[1] Live,[A] Live,2nd,Mun,2nd,R4B,v1
2026-04,2026,[04] April,"Roxas, Palawan",[1] Live,[A] Live,1st,Mun,1st,R4B,v1
2026-04,2026,[04] April,"Sablayan, Occidental Mindoro",[1] Live,[A] Live,1st,Mun,1st,R4B,v1
2026-04,2026,[04] April,"San Andres, Romblon",[1] Live,[A] Live,5th,Mun,5th,R4B,v1
2026-04,2026,[04] April,"San Fernando, Romblon",[1] Live,[A] Live,4th,Mun,4th,R4B,v1
2026-04,2026,[04] April,"San Jose, Occidental Mindoro",[1] Live,[A] Live,1st,Mun,1st,R4B,v1
2026-04,2026,[04] April,"San Jose, Romblon",[1] Live,[A] Live,5th,Mun,5th,R4B,v1
2026-04,2026,[04] April,"San Teodoro, Oriental Mindoro",[1] Live,[A] Live,4th,Mun,4th,R4B,v1
2026-04,2026,[04] April,"San Vicente, Palawan",[1] Live,[A] Live,1st,Mun,1st,R4B,v1
2026-04,2026,[04] April,"Santa Cruz, Marinduque",[1] Live,[A] Live,1st,Mun,1st,R4B,v1
2026-04,2026,[04] April,"Santa Cruz, Occidental Mindoro",[1] Live,[A] Live,1st,Mun,1st,R4B,v1
2026-04,2026,[04] April,"Santa Fe, Romblon",[1] Live,[A] Live,5th,Mun,5th,R4B,v1
2026-04,2026,[04] April,"Socorro, Oriental Mindoro",[1] Live,[A] Live,3rd,Mun,3rd,R4B,v1
2026-04,2026,[04] April,"Taytay, Palawan",[1] Live,[A] Live,1st,Mun,1st,R4B,v1
2026-04,2026,[04] April,"Aroroy, Masbate",[1] Live,[A] Live,1st,Mun,1st,R5,v1
2026-04,2026,[04] April,"Baao, Camarines Sur",[8] Withdraw,[D] Withdraw,3rd,Mun,3rd,R5,
2026-04,2026,[04] April,"Bacacay, Albay",[1] Live,[A] Live,2nd,Mun,2nd,R5,v1
2026-04,2026,[04] April,"Baleno, Masbate",[8] Withdraw,[D] Withdraw,4th,Mun,4th,R5,
2026-04,2026,[04] April,"Balud, Masbate",[7] To Follow-up,[C] For Training/Others,4th,Mun,4th,R5,
2026-04,2026,[04] April,"Baras, Catanduanes",[8] Withdraw,[D] Withdraw,5th,Mun,5th,R5,v2
2026-04,2026,[04] April,"Barcelona, Sorsogon",[1] Live,[A] Live,5th,Mun,5th,R5,v1
2026-04,2026,[04] April,"Basud, Camarines Norte",[1] Live,[A] Live,3rd,Mun,3rd,R5,v1
2026-04,2026,[04] April,"Bato, Catanduanes",[8] Withdraw,[D] Withdraw,5th,Mun,5th,R5,v2
2026-04,2026,[04] April,"Bula, Camarines Sur",[1] Live,[A] Live,2nd,Mun,2nd,R5,v1
2026-04,2026,[04] April,"Bulan, Sorsogon",[1] Live,[A] Live,1st,Mun,1st,R5,v1
2026-04,2026,[04] April,"Bulusan, Sorsogon",[1] Live,[A] Live,4th,Mun,4th,R5,v1
2026-04,2026,[04] April,"Camalig, Albay",[1] Live,[A] Live,1st,Mun,1st,R5,v1
2026-04,2026,[04] April,"Camaligan, Camarines Sur",[1] Live,[A] Live,5th,Mun,5th,R5,v1
2026-04,2026,[04] April,"Canaman, Camarines Sur",[1] Live,[A] Live,4th,Mun,4th,R5,v1
2026-04,2026,[04] April,"Capalonga, Camarines Norte",[1] Live,[A] Live,3rd,Mun,3rd,R5,v1
2026-04,2026,[04] April,"Castilla, Sorsogon",[8] Withdraw,[D] Withdraw,3rd,Mun,3rd,R5,
2026-04,2026,[04] April,"Cataingan, Masbate",[1] Live,[A] Live,2nd,Mun,2nd,R5,v1
2026-04,2026,[04] April,"Cawayan, Masbate",[1] Live,[A] Live,2nd,Mun,2nd,R5,v1
2026-04,2026,[04] April,"Claveria, Masbate",[8] Withdraw,[D] Withdraw,3rd,Mun,3rd,R5,
2026-04,2026,[04] April,"Daet, Camarines Norte",[5] Admin Training,[C] For Training/Others,1st,Mun,1st,R5,
2026-04,2026,[04] April,"Del Gallego, Camarines Sur",[1] Live,[A] Live,4th,Mun,4th,R5,v1
2026-04,2026,[04] April,"Dimasalang, Masbate",[1] Live,[A] Live,4th,Mun,4th,R5,v1
2026-04,2026,[04] April,"Goa, Camarines Sur",[6] With Concerns,[C] For Training/Others,2nd,Mun,2nd,R5,v1
2026-04,2026,[04] April,"Gubat, Sorsogon",[1] Live,[A] Live,2nd,Mun,2nd,R5,v1
2026-04,2026,[04] April,"Guinobatan, Albay",[8] Withdraw,[D] Withdraw,1st,Mun,1st,R5,v2
2026-04,2026,[04] April,"Irosin, Sorsogon",[3] System Setup,[B] Developmental,2nd,Mun,2nd,R5,v2
2026-04,2026,[04] April,"Jose Panganiban, Camarines Norte",[1] Live,[A] Live,2nd,Mun,2nd,R5,v1
2026-04,2026,[04] April,"Labo, Camarines Norte",[1] Live,[A] Live,1st,Mun,1st,R5,v1
2026-04,2026,[04] April,"Libon, Albay",[1] Live,[A] Live,1st,Mun,1st,R5,v1
2026-04,2026,[04] April,"Magallanes, Sorsogon",[6] With Concerns,[C] For Training/Others,3rd,Mun,3rd,R5,v1
2026-04,2026,[04] April,"Magarao, Camarines Sur",[1] Live,[A] Live,4th,Mun,4th,R5,with v1 v2
2026-04,2026,[04] April,"Malilipot, Albay",[1] Live,[A] Live,4th,Mun,4th,R5,v1
2026-04,2026,[04] April,"Mandaon, Masbate",[1] Live,[A] Live,3rd,Mun,3rd,R5,v1
2026-04,2026,[04] April,"Mercedes, Camarines Norte",[1] Live,[A] Live,2nd,Mun,2nd,R5,v1
2026-04,2026,[04] April,"Milagros, Masbate",[1] Live,[A] Live,1st,Mun,1st,R5,v1
2026-04,2026,[04] April,"Minalabac, Camarines Sur",[1] Live,[A] Live,3rd,Mun,3rd,R5,v1
2026-04,2026,[04] April,"Mobo, Masbate",[1] Live,[A] Live,4th,Mun,4th,R5,v1
2026-04,2026,[04] April,"Monreal, Masbate",[1] Live,[A] Live,4th,Mun,4th,R5,v1
2026-04,2026,[04] April,"Oas, Albay",[1] Live,[A] Live,1st,Mun,1st,R5,v1
2026-04,2026,[04] April,"Palanas, Masbate",[1] Live,[A] Live,4th,Mun,4th,R5,v1
2026-04,2026,[04] April,"Pandan, Catanduanes",[8] Withdraw,[D] Withdraw,4th,Mun,4th,R5,
2026-04,2026,[04] April,"Panganiban, Catanduanes",[1] Live,[A] Live,5th,Mun,5th,R5,v1
2026-04,2026,[04] April,"Paracale, Camarines Norte",[1] Live,[A] Live,3rd,Mun,3rd,R5,v1
2026-04,2026,[04] April,"Pilar, Sorsogon",[1] Live,[A] Live,1st,Mun,1st,R5,v1
2026-04,2026,[04] April,"Pili, Camarines Sur",[3] System Setup,[B] Developmental,1st,Mun,1st,R5,v1
2026-04,2026,[04] April,"Pio Duran, Albay",[3] System Setup,[B] Developmental,3rd,Mun,3rd,R5,v1
2026-04,2026,[04] April,"Placer, Masbate",[8] Withdraw,[D] Withdraw,2nd,Mun,2nd,R5,
2026-04,2026,[04] April,"Polangui, Albay",[8] Withdraw,[D] Withdraw,1st,Mun,1st,R5,v2
2026-04,2026,[04] April,"Presentacion, Camarines Sur",[1] Live,[A] Live,4th,Mun,4th,R5,with v1 v2
2026-04,2026,[04] April,"Ragay, Camarines Sur",[1] Live,[A] Live,1st,Mun,1st,R5,v1
2026-04,2026,[04] April,"Sagñay, Camarines Sur",[1] Live,[A] Live,4th,Mun,4th,R5,v1
2026-04,2026,[04] April,"San Jose, Camarines Sur",[1] Live,[A] Live,4th,Mun,4th,R5,with v1 v2
2026-04,2026,[04] April,"San Miguel, Catanduanes",[8] Withdraw,[D] Withdraw,5th,Mun,5th,R5,
2026-04,2026,[04] April,"San Pascual, Masbate",[3] System Setup,[B] Developmental,3rd,Mun,3rd,R5,v1
2026-04,2026,[04] April,"San Vicente, Camarines Norte",[1] Live,[A] Live,5th,Mun,5th,R5,v1
2026-04,2026,[04] April,"Santa Elena, Camarines Norte",[1] Live,[A] Live,3rd,Mun,3rd,R5,v1
2026-04,2026,[04] April,"Santa Magdalena, Sorsogon",[2] UAT,[B] Developmental,5th,Mun,5th,R5,v1
2026-04,2026,[04] April,"Santo Domingo, Albay",[6] With Concerns,[C] For Training/Others,4th,Mun,4th,R5,v1
2026-04,2026,[04] April,"Talisay, Camarines Norte",[1] Live,[A] Live,4th,Mun,4th,R5,v1
2026-04,2026,[04] April,"Tiwi, Albay",[8] Withdraw,[D] Withdraw,1st,Mun,1st,R5,
2026-04,2026,[04] April,"Uson, Masbate",[1] Live,[A] Live,3rd,Mun,3rd,R5,v1
2026-04,2026,[04] April,"Vinzons, Camarines Norte",[1] Live,[A] Live,3rd,Mun,3rd,R5,v1
2026-04,2026,[04] April,"Virac, Catanduanes",[1] Live,[A] Live,1st,Mun,1st,R5,v1
2026-04,2026,[04] April,"Ajuy, Iloilo",[1] Live,[A] Live,2nd,Mun,2nd,R6,v1
2026-04,2026,[04] April,"Alimodian, Iloilo",[1] Live,[A] Live,3rd,Mun,3rd,R6,v1
2026-04,2026,[04] April,"Anilao, Iloilo",[1] Live,[A] Live,4th,Mun,4th,R6,v1
2026-04,2026,[04] April,"Anini-Y, Antique",[1] Live,[A] Live,4th,Mun,4th,R6,v1
2026-04,2026,[04] April,"Badiangan, Iloilo",[1] Live,[A] Live,4th,Mun,4th,R6,v1
2026-04,2026,[04] April,"Balasan, Iloilo",[1] Live,[A] Live,4th,Mun,4th,R6,v1
2026-04,2026,[04] April,"Balete, Aklan",[1] Live,[A] Live,4th,Mun,4th,R6,v1
2026-04,2026,[04] April,"Banate, Iloilo",[1] Live,[A] Live,4th,Mun,4th,R6,v1
2026-04,2026,[04] April,"Barbaza, Antique",[1] Live,[A] Live,4th,Mun,4th,R6,v1
2026-04,2026,[04] April,"Barotac Nuevo, Iloilo",[1] Live,[A] Live,2nd,Mun,2nd,R6,v1
2026-04,2026,[04] April,"Barotac Viejo, Iloilo",[1] Live,[A] Live,3rd,Mun,3rd,R6,v1
2026-04,2026,[04] April,"Batad, Iloilo",[1] Live,[A] Live,5th,Mun,5th,R6,v1
2026-04,2026,[04] April,"Belison, Antique",[1] Live,[A] Live,5th,Mun,5th,R6,v1
2026-04,2026,[04] April,"Bingawan, Iloilo",[1] Live,[A] Live,5th,Mun,5th,R6,v1
2026-04,2026,[04] April,"Buenavista, Guimaras",[8] Withdraw,[D] Withdraw,2nd,Mun,2nd,R6,
2026-04,2026,[04] April,"Bugasong, Antique",[1] Live,[A] Live,3rd,Mun,3rd,R6,v1
2026-04,2026,[04] April,"Buruanga, Aklan",[1] Live,[A] Live,5th,Mun,5th,R6,v1
2026-04,2026,[04] April,"Cabatuan, Iloilo",[1] Live,[A] Live,2nd,Mun,2nd,R6,v1
2026-04,2026,[04] April,"Calinog, Iloilo",[1] Live,[A] Live,1st,Mun,1st,R6,v1
2026-04,2026,[04] April,"Carles, Iloilo",[1] Live,[A] Live,2nd,Mun,2nd,R6,v1
2026-04,2026,[04] April,"City of Iloilo, Iloilo",[1] Live,[A] Live,1st,City,1st,R6,v1
2026-04,2026,[04] April,"City of Roxas, Capiz",[8] Withdraw,[D] Withdraw,3rd,City,3rd,R6,
2026-04,2026,[04] April,"Concepcion, Iloilo",[1] Live,[A] Live,3rd,Mun,3rd,R6,v1
2026-04,2026,[04] April,"Cuartero, Capiz",[1] Live,[A] Live,4th,Mun,4th,R6,v1
2026-04,2026,[04] April,"Dingle, Iloilo",[1] Live,[A] Live,3rd,Mun,3rd,R6,v1
2026-04,2026,[04] April,"Dueñas, Iloilo",[1] Live,[A] Live,4th,Mun,4th,R6,v1
2026-04,2026,[04] April,"Dumarao, Capiz",[1] Live,[A] Live,2nd,Mun,2nd,R6,v1
2026-04,2026,[04] April,"Guimbal, Iloilo",[1] Live,[A] Live,4th,Mun,4th,R6,v1
2026-04,2026,[04] April,"Hamtic, Antique",[1] Live,[A] Live,3rd,Mun,3rd,R6,v1
2026-04,2026,[04] April,"Igbaras, Iloilo",[1] Live,[A] Live,3rd,Mun,3rd,R6,v1
2026-04,2026,[04] April,"Ivisan, Capiz",[1] Live,[A] Live,4th,Mun,4th,R6,v1
2026-04,2026,[04] April,"Jamindan, Capiz",[1] Live,[A] Live,2nd,Mun,2nd,R6,v1
2026-04,2026,[04] April,"Janiuay, Iloilo",[1] Live,[A] Live,1st,Mun,1st,R6,v1
2026-04,2026,[04] April,"Jordan, Guimaras",[1] Live,[A] Live,3rd,Mun,3rd,R6,v1
2026-04,2026,[04] April,"Lambunao, Iloilo",[1] Live,[A] Live,1st,Mun,1st,R6,v1
2026-04,2026,[04] April,"Laua-An, Antique",[1] Live,[A] Live,4th,Mun,4th,R6,v1
2026-04,2026,[04] April,"Leganes, Iloilo",[1] Live,[A] Live,4th,Mun,4th,R6,v1
2026-04,2026,[04] April,"Leon, Iloilo",[1] Live,[A] Live,2nd,Mun,2nd,R6,v1
2026-04,2026,[04] April,"Lezo, Aklan",[1] Live,[A] Live,5th,Mun,5th,R6,v1
2026-04,2026,[04] April,"Libacao, Aklan",[1] Live,[A] Live,3rd,Mun,3rd,R6,v1
2026-04,2026,[04] April,"Libertad, Antique",[1] Live,[A] Live,5th,Mun,5th,R6,v1
2026-04,2026,[04] April,"Ma-Ayon, Capiz",[1] Live,[A] Live,3rd,Mun,3rd,R6,v1
2026-04,2026,[04] April,"Maasin, Iloilo",[1] Live,[A] Live,3rd,Mun,3rd,R6,v1
2026-04,2026,[04] April,"Madalag, Aklan",[1] Live,[A] Live,4th,Mun,4th,R6,v1
2026-04,2026,[04] April,"Makato, Aklan",[1] Live,[A] Live,4th,Mun,4th,R6,v1
2026-04,2026,[04] April,"Malay, Aklan",[1] Live,[A] Live,1st,Mun,1st,R6,v1
2026-04,2026,[04] April,"Malinao, Aklan",[1] Live,[A] Live,4th,Mun,4th,R6,v1
2026-04,2026,[04] April,"Mambusao, Capiz",[1] Live,[A] Live,3rd,Mun,3rd,R6,v1
2026-04,2026,[04] April,"Miagao, Iloilo",[1] Live,[A] Live,1st,Mun,1st,R6,v1
2026-04,2026,[04] April,"Mina, Iloilo",[1] Live,[A] Live,5th,Mun,5th,R6,v1
2026-04,2026,[04] April,"New Lucena, Iloilo",[1] Live,[A] Live,4th,Mun,4th,R6,v1
2026-04,2026,[04] April,"New Washington, Aklan",[1] Live,[A] Live,3rd,Mun,3rd,R6,v1
2026-04,2026,[04] April,"Numancia, Aklan",[1] Live,[A] Live,4th,Mun,4th,R6,v1
2026-04,2026,[04] April,"Oton, Iloilo",[1] Live,[A] Live,1st,Mun,1st,R6,v1
2026-04,2026,[04] April,"Panay, Capiz",[1] Live,[A] Live,3rd,Mun,3rd,R6,v1
2026-04,2026,[04] April,"Pandan, Antique",[1] Live,[A] Live,4th,Mun,4th,R6,v1
2026-04,2026,[04] April,"Panitan, Capiz",[1] Live,[A] Live,3rd,Mun,3rd,R6,v1
2026-04,2026,[04] April,"Patnongon, Antique",[1] Live,[A] Live,3rd,Mun,3rd,R6,v1
2026-04,2026,[04] April,"Pavia, Iloilo",[8] Withdraw,[D] Withdraw,2nd,Mun,2nd,R6,
2026-04,2026,[04] April,"Pilar, Capiz",[1] Live,[A] Live,3rd,Mun,3rd,R6,v1
2026-04,2026,[04] April,"Pontevedra, Capiz",[1] Live,[A] Live,3rd,Mun,3rd,R6,v1
2026-04,2026,[04] April,"Pototan, Iloilo",[1] Live,[A] Live,1st,Mun,1st,R6,v1
2026-04,2026,[04] April,"President Roxas, Capiz",[1] Live,[A] Live,4th,Mun,4th,R6,v1
2026-04,2026,[04] April,"San Joaquin, Iloilo",[1] Live,[A] Live,2nd,Mun,2nd,R6,v1
2026-04,2026,[04] April,"San Miguel, Iloilo",[1] Live,[A] Live,4th,Mun,4th,R6,v1
2026-04,2026,[04] April,"San Rafael, Iloilo",[8] Withdraw,[D] Withdraw,5th,Mun,5th,R6,
2026-04,2026,[04] April,"San Remigio, Antique",[1] Live,[A] Live,3rd,Mun,3rd,R6,v1
2026-04,2026,[04] April,"Santa Barbara, Iloilo",[1] Live,[A] Live,2nd,Mun,2nd,R6,v1
2026-04,2026,[04] April,"Sapi-An, Capiz",[1] Live,[A] Live,4th,Mun,4th,R6,v1
2026-04,2026,[04] April,"Sara, Iloilo",[1] Live,[A] Live,2nd,Mun,2nd,R6,v1
2026-04,2026,[04] April,"Sebaste, Antique",[1] Live,[A] Live,4th,Mun,4th,R6,v1
2026-04,2026,[04] April,"Sibalom, Antique",[1] Live,[A] Live,2nd,Mun,2nd,R6,v1
2026-04,2026,[04] April,"Sigma, Capiz",[8] Withdraw,[D] Withdraw,4th,Mun,4th,R6,
2026-04,2026,[04] April,"Tangalan, Aklan",[1] Live,[A] Live,5th,Mun,5th,R6,v1
2026-04,2026,[04] April,"Tapaz, Capiz",[1] Live,[A] Live,1st,Mun,1st,R6,v1
2026-04,2026,[04] April,"Tibiao, Antique",[1] Live,[A] Live,4th,Mun,4th,R6,v1
2026-04,2026,[04] April,"Tobias Fornier, Antique",[1] Live,[A] Live,4th,Mun,4th,R6,v1
2026-04,2026,[04] April,"Valderrama, Antique",[1] Live,[A] Live,4th,Mun,4th,R6,v1
2026-04,2026,[04] April,"Zarraga, Iloilo",[1] Live,[A] Live,4th,Mun,4th,R6,v1
2026-04,2026,[04] April,"Amlan, Negros Oriental",[1] Live,[A] Live,4th,Mun,4th,NIR,v1
2026-04,2026,[04] April,"Ayungon, Negros Oriental",[1] Live,[A] Live,2nd,Mun,2nd,NIR,v1
2026-04,2026,[04] April,"Bacong, Negros Oriental",[8] Withdraw,[D] Withdraw,4th,Mun,4th,NIR,
2026-04,2026,[04] April,"Basay, Negros Oriental",[1] Live,[A] Live,4th,Mun,4th,NIR,v1
2026-04,2026,[04] April,"Candoni, Negros Occidental",[1] Live,[A] Live,4th,Mun,4th,NIR,v1
2026-04,2026,[04] April,"City of Canlaon, Negros Oriental",[1] Live,[A] Live,4th,City,4th,NIR,v1
2026-04,2026,[04] April,"City of Dumaguete, Negros Oriental",[1] Live,[A] Live,3rd,City,3rd,NIR,v1
2026-04,2026,[04] April,"City of Escalante, Negros Occidental",[1] Live,[A] Live,4th,City,4th,NIR,v1
2026-04,2026,[04] April,"City of Guihulngan, Negros Oriental",[1] Live,[A] Live,5th,City,5th,NIR,v1
2026-04,2026,[04] April,"City of Himamaylan, Negros Occidental",[1] Live,[A] Live,3rd,City,3rd,NIR,v1
2026-04,2026,[04] April,"City of Kabankalan, Negros Occidental",[1] Live,[A] Live,1st,City,1st,NIR,v1
2026-04,2026,[04] April,"City of La Carlota, Negros Occidental",[1] Live,[A] Live,4th,City,4th,NIR,v1
2026-04,2026,[04] April,"City of Sagay, Negros Occidental",[1] Live,[A] Live,3rd,City,3rd,NIR,v1
2026-04,2026,[04] April,"City of Sipalay, Negros Occidental",[1] Live,[A] Live,4th,City,4th,NIR,v1
2026-04,2026,[04] April,"Dauin, Negros Oriental",[1] Live,[A] Live,4th,Mun,4th,NIR,v1
2026-04,2026,[04] April,"Enrique Villanueva, Siquijor",[1] Live,[A] Live,5th,Mun,5th,NIR,v1
2026-04,2026,[04] April,"Hinigaran, Negros Occidental",[1] Live,[A] Live,1st,Mun,1st,NIR,v1
2026-04,2026,[04] April,"Hinoba-an, Negros Occidental",[1] Live,[A] Live,1st,Mun,1st,NIR,v1
2026-04,2026,[04] April,"Jimalalud, Negros Oriental",[1] Live,[A] Live,4th,Mun,4th,NIR,v1
2026-04,2026,[04] April,"La Libertad, Negros Oriental",[1] Live,[A] Live,3rd,Mun,3rd,NIR,v1
2026-04,2026,[04] April,"Larena, Siquijor",[1] Live,[A] Live,5th,Mun,5th,NIR,v1
2026-04,2026,[04] April,"Lazi, Siquijor",[1] Live,[A] Live,4th,Mun,4th,NIR,v1
2026-04,2026,[04] April,"Mabinay, Negros Oriental",[1] Live,[A] Live,1st,Mun,1st,NIR,v1
2026-04,2026,[04] April,"Manapla, Negros Occidental",[1] Live,[A] Live,2nd,Mun,2nd,NIR,v1
2026-04,2026,[04] April,"Manjuyod, Negros Oriental",[2] UAT,[B] Developmental,2nd,Mun,2nd,NIR,v1
2026-04,2026,[04] April,"Maria, Siquijor",[1] Live,[A] Live,5th,Mun,5th,NIR,v1
2026-04,2026,[04] April,"Moises Padilla, Negros Occidental",[1] Live,[A] Live,3rd,Mun,3rd,NIR,v1
2026-04,2026,[04] April,"Pontevedra, Negros Occidental",[1] Live,[A] Live,3rd,Mun,3rd,NIR,v1
2026-04,2026,[04] April,"San Jose, Negros Oriental",[1] Live,[A] Live,5th,Mun,5th,NIR,v1
2026-04,2026,[04] April,"San Juan, Siquijor",[1] Live,[A] Live,5th,Mun,5th,NIR,v1
2026-04,2026,[04] April,"Siaton, Negros Oriental",[1] Live,[A] Live,1st,Mun,1st,NIR,v1
2026-04,2026,[04] April,"Sibulan, Negros Oriental",[1] Live,[A] Live,2nd,Mun,2nd,NIR,v1
2026-04,2026,[04] April,"Tayasan, Negros Oriental",[1] Live,[A] Live,3rd,Mun,3rd,NIR,v1
2026-04,2026,[04] April,"Valencia, Negros Oriental",[1] Live,[A] Live,1st,Mun,1st,NIR,v1
2026-04,2026,[04] April,"Vallehermoso, Negros Oriental",[1] Live,[A] Live,3rd,Mun,3rd,NIR,v1
2026-04,2026,[04] April,"Alcantara, Cebu",[1] Live,[A] Live,5th,Mun,5th,R7,v1
2026-04,2026,[04] April,"Alcoy, Cebu",[1] Live,[A] Live,5th,Mun,5th,R7,v1
2026-04,2026,[04] April,"Alegria, Cebu",[1] Live,[A] Live,4th,Mun,4th,R7,v1
2026-04,2026,[04] April,"Aloguinsan, Cebu",[1] Live,[A] Live,4th,Mun,4th,R7,v1
2026-04,2026,[04] April,"Anda, Bohol",[8] Withdraw,[D] Withdraw,5th,Mun,5th,R7,
2026-04,2026,[04] April,"Argao, Cebu",[1] Live,[A] Live,1st,Mun,1st,R7,v1
2026-04,2026,[04] April,"Baclayon, Bohol",[8] Withdraw,[D] Withdraw,4th,Mun,4th,R7,
2026-04,2026,[04] April,"Balamban, Cebu",[1] Live,[A] Live,1st,Mun,1st,R7,v1
2026-04,2026,[04] April,"Balilihan, Bohol",[8] Withdraw,[D] Withdraw,4th,Mun,4th,R7,
2026-04,2026,[04] April,"Boljoon, Cebu",[1] Live,[A] Live,5th,Mun,5th,R7,v1
2026-04,2026,[04] April,"Buenavista, Bohol",[1] Live,[A] Live,4th,Mun,4th,R7,v1
2026-04,2026,[04] April,"Candijay, Bohol",[6] With Concerns,[C] For Training/Others,4th,Mun,4th,R7,v1
2026-04,2026,[04] April,"Carmen, Bohol",[1] Live,[A] Live,1st,Mun,1st,R7,v1
2026-04,2026,[04] April,"Catmon, Cebu",[1] Live,[A] Live,4th,Mun,4th,R7,v1
2026-04,2026,[04] April,"City of Mandaue, Cebu",[1] Live,[A] Live,1st,City,1st,R7,v1
2026-04,2026,[04] April,"City of Talisay, Cebu",[8] Withdraw,[D] Withdraw,3rd,City,3rd,R7,
2026-04,2026,[04] April,"Compostela, Cebu",[1] Live,[A] Live,3rd,Mun,3rd,R7,v1
2026-04,2026,[04] April,"Consolacion, Cebu",[8] Withdraw,[D] Withdraw,1st,Mun,1st,R7,
2026-04,2026,[04] April,"Cordova, Cebu",[1] Live,[A] Live,3rd,Mun,3rd,R7,v1
2026-04,2026,[04] April,"Corella, Bohol",[1] Live,[A] Live,5th,Mun,5th,R7,v1
2026-04,2026,[04] April,"Cortes, Bohol",[2] UAT,[B] Developmental,5th,Mun,5th,R7,v1
2026-04,2026,[04] April,"Daanbantayan, Cebu",[1] Live,[A] Live,1st,Mun,1st,R7,v1
2026-04,2026,[04] April,"Danao, Bohol",[1] Live,[A] Live,4th,Mun,4th,R7,v1
2026-04,2026,[04] April,"Dumanjug, Cebu",[1] Live,[A] Live,3rd,Mun,3rd,R7,v1
2026-04,2026,[04] April,"Ginatilan, Cebu",[1] Live,[A] Live,5th,Mun,5th,R7,v1
2026-04,2026,[04] April,"Inabanga, Bohol",[8] Withdraw,[D] Withdraw,3rd,Mun,3rd,R7,
2026-04,2026,[04] April,"Jagna, Bohol",[1] Live,[A] Live,3rd,Mun,3rd,R7,v1
2026-04,2026,[04] April,"Lila, Bohol",[8] Withdraw,[D] Withdraw,5th,Mun,5th,R7,
2026-04,2026,[04] April,"Loay, Bohol",[6] With Concerns,[C] For Training/Others,5th,Mun,5th,R7,v1
2026-04,2026,[04] April,"Madridejos, Cebu",[1] Live,[A] Live,4th,Mun,4th,R7,v1
2026-04,2026,[04] April,"Malabuyoc, Cebu",[1] Live,[A] Live,5th,Mun,5th,R7,v1
2026-04,2026,[04] April,"Minglanilla, Cebu",[1] Live,[A] Live,1st,Mun,1st,R7,v1
2026-04,2026,[04] April,"Moalboal, Cebu",[1] Live,[A] Live,4th,Mun,4th,R7,v1
2026-04,2026,[04] April,"Pinamungajan, Cebu",[1] Live,[A] Live,2nd,Mun,2nd,R7,v1
2026-04,2026,[04] April,"Poro, Cebu",[1] Live,[A] Live,4th,Mun,4th,R7,v1
2026-04,2026,[04] April,"Ronda, Cebu",[1] Live,[A] Live,5th,Mun,5th,R7,v1
2026-04,2026,[04] April,"Samboan, Cebu",[1] Live,[A] Live,5th,Mun,5th,R7,v1
2026-04,2026,[04] April,"San Francisco, Cebu",[1] Live,[A] Live,3rd,Mun,3rd,R7,v1
2026-04,2026,[04] April,"San Remigio, Cebu",[1] Live,[A] Live,3rd,Mun,3rd,R7,v1
2026-04,2026,[04] April,"Santa Fe, Cebu",[8] Withdraw,[D] Withdraw,4th,Mun,4th,R7,
2026-04,2026,[04] April,"Sevilla, Bohol",[1] Live,[A] Live,5th,Mun,5th,R7,v1
2026-04,2026,[04] April,"Sogod, Cebu",[1] Live,[A] Live,4th,Mun,4th,R7,v1
2026-04,2026,[04] April,"Tabogon, Cebu",[1] Live,[A] Live,3rd,Mun,3rd,R7,v1
2026-04,2026,[04] April,"Tuburan, Cebu",[1] Live,[A] Live,2nd,Mun,2nd,R7,v1
2026-04,2026,[04] April,"Tudela, Cebu",[1] Live,[A] Live,5th,Mun,5th,R7,v1
2026-04,2026,[04] April,"Abuyog, Leyte",[1] Live,[A] Live,1st,Mun,1st,R8,v1
2026-04,2026,[04] April,"Alangalang, Leyte",[1] Live,[A] Live,2nd,Mun,2nd,R8,v1
2026-04,2026,[04] April,"Albuera, Leyte",[1] Live,[A] Live,3rd,Mun,3rd,R8,v1
2026-04,2026,[04] April,"Almeria, Biliran",[1] Live,[A] Live,5th,Mun,5th,R8,v1
2026-04,2026,[04] April,"Anahawan, Southern Leyte",[1] Live,[A] Live,5th,Mun,5th,R8,v1
2026-04,2026,[04] April,"Arteche, Eastern Samar",[1] Live,[A] Live,3rd,Mun,3rd,R8,v1
2026-04,2026,[04] April,"Babatngon, Leyte",[8] Withdraw,[D] Withdraw,4th,Mun,4th,R8,
2026-04,2026,[04] April,"Balangiga, Eastern Samar",[1] Live,[A] Live,4th,Mun,4th,R8,v1
2026-04,2026,[04] April,"Balangkayan, Eastern Samar",[1] Live,[A] Live,5th,Mun,5th,R8,v1
2026-04,2026,[04] April,"Barugo, Leyte",[8] Withdraw,[D] Withdraw,4th,Mun,4th,R8,
2026-04,2026,[04] April,"Basey, Samar",[1] Live,[A] Live,1st,Mun,1st,R8,v1
2026-04,2026,[04] April,"Bato, Leyte",[1] Live,[A] Live,4th,Mun,4th,R8,v1
2026-04,2026,[04] April,"Biliran, Biliran",[1] Live,[A] Live,5th,Mun,5th,R8,v1
2026-04,2026,[04] April,"Bobon, Northern Samar",[1] Live,[A] Live,4th,Mun,4th,R8,v1
2026-04,2026,[04] April,"Bontoc, Southern Leyte",[1] Live,[A] Live,4th,Mun,4th,R8,v1
2026-04,2026,[04] April,"Caibiran, Biliran",[1] Live,[A] Live,5th,Mun,5th,R8,v1
2026-04,2026,[04] April,"Calbiga, Samar",[1] Live,[A] Live,4th,Mun,4th,R8,v1
2026-04,2026,[04] April,"Calubian, Leyte",[1] Live,[A] Live,4th,Mun,4th,R8,v1
2026-04,2026,[04] April,"Can-Avid, Eastern Samar",[1] Live,[A] Live,4th,Mun,4th,R8,v1
2026-04,2026,[04] April,"Capoocan, Leyte",[8] Withdraw,[D] Withdraw,4th,Mun,4th,R8,
2026-04,2026,[04] April,"Carigara, Leyte",[1] Live,[A] Live,2nd,Mun,2nd,R8,v1
2026-04,2026,[04] April,"Catarman, Northern Samar",[8] Withdraw,[D] Withdraw,1st,Mun,1st,R8,
2026-04,2026,[04] April,"Catubig, Northern Samar",[1] Live,[A] Live,3rd,Mun,3rd,R8,v1
2026-04,2026,[04] April,"City of Borongan, Eastern Samar",[1] Live,[A] Live,1st,City,1st,R8,v1
2026-04,2026,[04] April,"City of Catbalogan, Samar",[1] Live,[A] Live,5th,City,5th,R8,v1
2026-04,2026,[04] April,"City of Maasin, Southern Leyte",[1] Live,[A] Live,4th,City,4th,R8,v1
2026-04,2026,[04] April,"Daram, Samar",[1] Live,[A] Live,3rd,Mun,3rd,R8,v1
2026-04,2026,[04] April,"Dolores, Eastern Samar",[1] Live,[A] Live,3rd,Mun,3rd,R8,v1
2026-04,2026,[04] April,"Gamay, Northern Samar",[1] Live,[A] Live,4th,Mun,4th,R8,v1
2026-04,2026,[04] April,"Gandara, Samar",[1] Live,[A] Live,2nd,Mun,2nd,R8,v1
2026-04,2026,[04] April,"General Macarthur, Eastern Samar",[1] Live,[A] Live,5th,Mun,5th,R8,v1
2026-04,2026,[04] April,"Guiuan, Eastern Samar",[1] Live,[A] Live,2nd,Mun,2nd,R8,v1
2026-04,2026,[04] April,"Hernani, Eastern Samar",[1] Live,[A] Live,5th,Mun,5th,R8,v1
2026-04,2026,[04] April,"Hilongos, Leyte",[1] Live,[A] Live,2nd,Mun,2nd,R8,v1
2026-04,2026,[04] April,"Hindang, Leyte",[1] Live,[A] Live,5th,Mun,5th,R8,v1
2026-04,2026,[04] April,"Hinunangan, Southern Leyte",[1] Live,[A] Live,3rd,Mun,3rd,R8,v1
2026-04,2026,[04] April,"Hinundayan, Southern Leyte",[1] Live,[A] Live,5th,Mun,5th,R8,v1
2026-04,2026,[04] April,"Inopacan, Leyte",[1] Live,[A] Live,4th,Mun,4th,R8,v1
2026-04,2026,[04] April,"Isabel, Leyte",[1] Live,[A] Live,1st,Mun,1st,R8,v1
2026-04,2026,[04] April,"Jaro, Leyte",[1] Live,[A] Live,3rd,Mun,3rd,R8,v1
2026-04,2026,[04] April,"Javier, Leyte",[1] Live,[A] Live,4th,Mun,4th,R8,v1
2026-04,2026,[04] April,"Jiabong, Samar",[1] Live,[A] Live,5th,Mun,5th,R8,v1
2026-04,2026,[04] April,"Kananga, Leyte",[1] Live,[A] Live,1st,Mun,1st,R8,v1
2026-04,2026,[04] April,"Kawayan, Biliran",[1] Live,[A] Live,5th,Mun,5th,R8,v1
2026-04,2026,[04] April,"La Paz, Leyte",[1] Live,[A] Live,5th,Mun,5th,R8,v1
2026-04,2026,[04] April,"Lapinig, Northern Samar",[1] Live,[A] Live,5th,Mun,5th,R8,v1
2026-04,2026,[04] April,"Las Navas, Northern Samar",[1] Live,[A] Live,3rd,Mun,3rd,R8,v1
2026-04,2026,[04] April,"Lavezares, Northern Samar",[1] Live,[A] Live,4th,Mun,4th,R8,v1
2026-04,2026,[04] April,"Lawaan, Eastern Samar",[1] Live,[A] Live,5th,Mun,5th,R8,v1
2026-04,2026,[04] April,"Leyte, Leyte",[1] Live,[A] Live,4th,Mun,4th,R8,v1
2026-04,2026,[04] April,"Libagon, Southern Leyte",[1] Live,[A] Live,5th,Mun,5th,R8,v1
2026-04,2026,[04] April,"Liloan, Southern Leyte",[1] Live,[A] Live,4th,Mun,4th,R8,v1
2026-04,2026,[04] April,"Llorente, Eastern Samar",[1] Live,[A] Live,3rd,Mun,3rd,R8,v1
2026-04,2026,[04] April,"Lope De Vega, Northern Samar",[1] Live,[A] Live,4th,Mun,4th,R8,v1
2026-04,2026,[04] April,"Macarthur, Leyte",[1] Live,[A] Live,5th,Mun,5th,R8,v1
2026-04,2026,[04] April,"Macrohon, Southern Leyte",[1] Live,[A] Live,4th,Mun,4th,R8,v1
2026-04,2026,[04] April,"Mahaplag, Leyte",[1] Live,[A] Live,4th,Mun,4th,R8,v1
2026-04,2026,[04] April,"Malitbog, Southern Leyte",[1] Live,[A] Live,4th,Mun,4th,R8,v1
2026-04,2026,[04] April,"Mapanas, Northern Samar",[1] Live,[A] Live,5th,Mun,5th,R8,v1
2026-04,2026,[04] April,"Marabut, Samar",[1] Live,[A] Live,5th,Mun,5th,R8,v1
2026-04,2026,[04] April,"Maripipi, Biliran",[2] UAT,[B] Developmental,5th,Mun,5th,R8,v1
2026-04,2026,[04] April,"Matag-Ob, Leyte",[1] Live,[A] Live,4th,Mun,4th,R8,v1
2026-04,2026,[04] April,"Matalom, Leyte",[1] Live,[A] Live,3rd,Mun,3rd,R8,v1
2026-04,2026,[04] April,"Matuguinao, Samar",[1] Live,[A] Live,5th,Mun,5th,R8,v1
2026-04,2026,[04] April,"Maydolong, Eastern Samar",[1] Live,[A] Live,4th,Mun,4th,R8,v1
2026-04,2026,[04] April,"Mayorga, Leyte",[1] Live,[A] Live,5th,Mun,5th,R8,v1
2026-04,2026,[04] April,"Mercedes, Eastern Samar",[1] Live,[A] Live,5th,Mun,5th,R8,v1
2026-04,2026,[04] April,"Merida, Leyte",[1] Live,[A] Live,5th,Mun,5th,R8,v1
2026-04,2026,[04] April,"Mondragon, Northern Samar",[1] Live,[A] Live,3rd,Mun,3rd,R8,v1
2026-04,2026,[04] April,"Motiong, Samar",[1] Live,[A] Live,4th,Mun,4th,R8,v1
2026-04,2026,[04] April,"Naval, Biliran",[1] Live,[A] Live,2nd,Mun,2nd,R8,v1
2026-04,2026,[04] April,"Oras, Eastern Samar",[1] Live,[A] Live,3rd,Mun,3rd,R8,v1
2026-04,2026,[04] April,"Padre Burgos, Southern Leyte",[1] Live,[A] Live,5th,Mun,5th,R8,v1
2026-04,2026,[04] April,"Palo, Leyte",[1] Live,[A] Live,3rd,Mun,3rd,R8,v1
2026-04,2026,[04] April,"Palompon, Leyte",[8] Withdraw,[D] Withdraw,2nd,Mun,2nd,R8,
2026-04,2026,[04] April,"Pambujan, Northern Samar",[1] Live,[A] Live,4th,Mun,4th,R8,v1
2026-04,2026,[04] April,"Paranas, Samar",[1] Live,[A] Live,2nd,Mun,2nd,R8,v1
2026-04,2026,[04] April,"Pastrana, Leyte",[1] Live,[A] Live,5th,Mun,5th,R8,v1
2026-04,2026,[04] April,"Pinabacdao, Samar",[1] Live,[A] Live,4th,Mun,4th,R8,v1
2026-04,2026,[04] April,"Pintuyan, Southern Leyte",[1] Live,[A] Live,5th,Mun,5th,R8,v1
2026-04,2026,[04] April,"Quinapondan, Eastern Samar",[1] Live,[A] Live,5th,Mun,5th,R8,v1
2026-04,2026,[04] April,"Rosario, Northern Samar",[1] Live,[A] Live,5th,Mun,5th,R8,v1
2026-04,2026,[04] April,"Saint Bernard, Southern Leyte",[1] Live,[A] Live,4th,Mun,4th,R8,v1
2026-04,2026,[04] April,"Salcedo, Eastern Samar",[1] Live,[A] Live,5th,Mun,5th,R8,v1
2026-04,2026,[04] April,"San Antonio, Northern Samar",[1] Live,[A] Live,5th,Mun,5th,R8,v1
2026-04,2026,[04] April,"San Francisco, Southern Leyte",[1] Live,[A] Live,5th,Mun,5th,R8,v1
2026-04,2026,[04] April,"San Jorge, Samar",[1] Live,[A] Live,4th,Mun,4th,R8,v1
2026-04,2026,[04] April,"San Jose, Northern Samar",[1] Live,[A] Live,5th,Mun,5th,R8,v1
2026-04,2026,[04] April,"San Juan, Southern Leyte",[1] Live,[A] Live,5th,Mun,5th,R8,v1
2026-04,2026,[04] April,"San Julian, Eastern Samar",[1] Live,[A] Live,5th,Mun,5th,R8,v1
2026-04,2026,[04] April,"San Miguel, Leyte",[8] Withdraw,[D] Withdraw,4th,Mun,4th,R8,
2026-04,2026,[04] April,"San Policarpo, Eastern Samar",[1] Live,[A] Live,5th,Mun,5th,R8,v1
2026-04,2026,[04] April,"San Ricardo, Southern Leyte",[1] Live,[A] Live,5th,Mun,5th,R8,v1
2026-04,2026,[04] April,"San Roque, Northern Samar",[1] Live,[A] Live,4th,Mun,4th,R8,v1
2026-04,2026,[04] April,"San Sebastian, Samar",[1] Live,[A] Live,6th,Mun,6th,R8,v1
2026-04,2026,[04] April,"Santa Fe, Leyte",[6] With Concerns,[C] For Training/Others,5th,Mun,5th,R8,v1
2026-04,2026,[04] April,"Santa Margarita, Samar",[1] Live,[A] Live,4th,Mun,4th,R8,v1
2026-04,2026,[04] April,"Santa Rita, Samar",[1] Live,[A] Live,3rd,Mun,3rd,R8,v1
2026-04,2026,[04] April,"Silago, Southern Leyte",[1] Live,[A] Live,4th,Mun,4th,R8,v1
2026-04,2026,[04] April,"Sogod, Southern Leyte",[1] Live,[A] Live,2nd,Mun,2nd,R8,v1
2026-04,2026,[04] April,"Sulat, Eastern Samar",[1] Live,[A] Live,4th,Mun,4th,R8,v1
2026-04,2026,[04] April,"Tabontabon, Leyte",[1] Live,[A] Live,5th,Mun,5th,R8,v1
2026-04,2026,[04] April,"Taft, Eastern Samar",[1] Live,[A] Live,4th,Mun,4th,R8,v1
2026-04,2026,[04] April,"Tagapul-An, Samar",[8] Withdraw,[D] Withdraw,5th,Mun,5th,R8,
2026-04,2026,[04] April,"Tarangnan, Samar",[1] Live,[A] Live,4th,Mun,4th,R8,v1
2026-04,2026,[04] April,"Tolosa, Leyte",[1] Live,[A] Live,5th,Mun,5th,R8,v1
2026-04,2026,[04] April,"Tomas Oppus, Southern Leyte",[1] Live,[A] Live,5th,Mun,5th,R8,v1
2026-04,2026,[04] April,"Tunga, Leyte",[8] Withdraw,[D] Withdraw,6th,Mun,6th,R8,
2026-04,2026,[04] April,"Victoria, Northern Samar",[1] Live,[A] Live,5th,Mun,5th,R8,v1
2026-04,2026,[04] April,"Villaba, Leyte",[1] Live,[A] Live,3rd,Mun,3rd,R8,v1
2026-04,2026,[04] April,"Villareal, Samar",[1] Live,[A] Live,4th,Mun,4th,R8,v1
2026-04,2026,[04] April,"Zumarraga, Samar",[1] Live,[A] Live,5th,Mun,5th,R8,v1
2026-04,2026,[04] April,"Glan, Sarangani",[6] With Concerns,[C] For Training/Others,1st,Mun,1st,R12,v1
2026-04,2026,[04] April,"City of Tacurong, Sultan Kudarat",[8] Withdraw,[D] Withdraw,4th,City,4th,R12,
2026-04,2026,[04] April,"Malungon, Sarangani",[8] Withdraw,[D] Withdraw,1st,Mun,1st,R12,
2026-04,2026,[04] April,"Pateros, Metro Manila",[1] Live,[A] Live,1st,Mun,1st,NCR,v2
2026-04,2026,[04] April,"City of Cauayan, Isabela",[1] Live,[A] Live,3rd,City,3rd,R2,v2
2026-04,2026,[04] April,"Abucay, Bataan",[1] Live,[A] Live,3rd,Mun,3rd,R3,v2
2026-04,2026,[04] April,"Odiongan, Romblon",[1] Live,[A] Live,2nd,Mun,2nd,R4B,v2
2026-04,2026,[04] April,"Limasawa, Southern Leyte",[1] Live,[A] Live,6th,Mun,6th,R8,v2
2026-04,2026,[04] April,"Reina Mercedes, Isabela",[1] Live,[A] Live,4th,Mun,4th,R2,v2
2026-04,2026,[04] April,"Kiangan, Ifugao",[1] Live,[A] Live,4th,Mun,4th,CAR,v2
2026-04,2026,[04] April,"Presentacion, Camarines Sur",[1] Live,[A] Live,4th,Mun,4th,R5,with v1 v2
2026-04,2026,[04] April,"Tigbauan, Iloilo",[1] Live,[A] Live,2nd,Mun,2nd,R6,v2
2026-04,2026,[04] April,"Initao, Misamis Oriental",[1] Live,[A] Live,3rd,Mun,3rd,R10,v2
2026-04,2026,[04] April,"City of San Pablo, Laguna",[1] Live,[A] Live,1st,City,1st,R4A,v2
2026-04,2026,[04] April,"Pura, Tarlac",[1] Live,[A] Live,4th,Mun,4th,R3,with v1 v2
2026-04,2026,[04] April,"San Leonardo, Nueva Ecija",[1] Live,[A] Live,1st,Mun,1st,R3,v2
2026-04,2026,[04] April,"Science City of Muñoz, Nueva Ecija",[1] Live,[A] Live,4th,City,4th,R3,v2
2026-04,2026,[04] April,"Cabiao, Nueva Ecija",[1] Live,[A] Live,1st,Mun,1st,R3,with v1 v2
2026-04,2026,[04] April,"Cabangan, Zambales",[1] Live,[A] Live,4th,Mun,4th,R3,with v1 v2
2026-04,2026,[04] April,"Ramos, Tarlac",[1] Live,[A] Live,5th,Mun,5th,R3,v2
2026-04,2026,[04] April,"San Antonio, Nueva Ecija",[1] Live,[A] Live,1st,Mun,1st,R3,v2
2026-04,2026,[04] April,"Laur, Nueva Ecija",[1] Live,[A] Live,3rd,Mun,3rd,R3,v2
2026-04,2026,[04] April,"Sudipen, La Union",[1] Live,[A] Live,4th,Mun,4th,R1,with v1 v2
2026-04,2026,[04] April,"Carranglan, Nueva Ecija",[1] Live,[A] Live,1st,Mun,1st,R3,v2
2026-04,2026,[04] April,"Binuangan, Misamis Oriental",[1] Live,[A] Live,6th,Mun,6th,R10,v2
2026-04,2026,[04] April,"Santa Rosa, Nueva Ecija",[1] Live,[A] Live,1st,Mun,1st,R3,v2
2026-04,2026,[04] April,"Rizal, Laguna",[1] Live,[A] Live,5th,Mun,5th,R4A,with v1 v2
2026-04,2026,[04] April,"Padre Garcia, Batangas",[1] Live,[A] Live,2nd,Mun,2nd,R4A,v2
2026-04,2026,[04] April,"Luna, Isabela",[1] Live,[A] Live,5th,Mun,5th,R2,v2
2026-04,2026,[04] April,"Morong, Bataan",[1] Live,[A] Live,3rd,Mun,3rd,R3,v2
2026-04,2026,[04] April,"San Jose, Camarines Sur",[1] Live,[A] Live,4th,Mun,4th,R5,with v1 v2
2026-04,2026,[04] April,"Alilem, Ilocos Sur",[1] Live,[A] Live,4th,Mun,4th,R1,v2
2026-04,2026,[04] April,"Quirino, Ilocos Sur",[1] Live,[A] Live,4th,Mun,4th,R1,v2
2026-04,2026,[04] April,"Nampicuan, Nueva Ecija",[1] Live,[A] Live,5th,Mun,5th,R3,v2
2026-04,2026,[04] April,"Suyo, Ilocos Sur",[1] Live,[A] Live,4th,Mun,4th,R1,with v1 v2
2026-04,2026,[04] April,"Santol, La Union",[1] Live,[A] Live,4th,Mun,4th,R1,with v1 v2
2026-04,2026,[04] April,"Naguilian, Isabela",[1] Live,[A] Live,4th,Mun,4th,R2,with v1 v2
2026-04,2026,[04] April,"Buhi, Camarines Sur",[1] Live,[A] Live,1st,Mun,1st,R5,v2
2026-04,2026,[04] April,"Bulacan, Bulacan",[1] Live,[A] Live,1st,Mun,1st,R3,v2
2026-04,2026,[04] April,"Quirino, Isabela",[1] Live,[A] Live,4th,Mun,4th,R2,v2
2026-04,2026,[04] April,"Polangui, Albay",[1] Live,[A] Live,1st,Mun,1st,R5,v2
2026-04,2026,[04] April,"Candelaria, Zambales",[1] Live,[A] Live,3rd,Mun,3rd,R3,v2
2026-04,2026,[04] April,"Bangar, La Union",[1] Live,[A] Live,3rd,Mun,3rd,R1,with v1 v2
2026-04,2026,[04] April,"Bolinao, Pangasinan",[1] Live,[A] Live,1st,Mun,1st,R1,v2
2026-04,2026,[04] April,"Burgos, Ilocos Norte",[1] Live,[A] Live,5th,Mun,5th,R1,v2
2026-04,2026,[04] April,"Dingras, Ilocos Norte",[1] Live,[A] Live,2nd,Mun,2nd,R1,with v1 v2
2026-04,2026,[04] April,"Hagonoy, Bulacan",[1] Live,[A] Live,1st,Mun,1st,R3,v2
2026-04,2026,[04] April,"Baras, Catanduanes",[1] Live,[A] Live,5th,Mun,5th,R5,v2
2026-04,2026,[04] April,"City of Calapan, Oriental Mindoro",[1] Live,[A] Live,3rd,City,3rd,R4B,v2
2026-04,2026,[04] April,"Bustos, Bulacan",[1] Live,[A] Live,2nd,Mun,2nd,R3,with v1 v2
2026-04,2026,[04] April,"Talisay, Batangas",[1] Live,[A] Live,3rd,Mun,3rd,R4A,v2
2026-04,2026,[04] April,"Galimuyod, Ilocos Sur",[1] Live,[A] Live,4th,Mun,4th,R1,v2
2026-04,2026,[04] April,"Makilala, Cotabato",[1] Live,[A] Live,1st,Mun,1st,R12,v2
2026-04,2026,[04] April,"Jaen, Nueva Ecija",[1] Live,[A] Live,2nd,Mun,2nd,R3,v2
2026-04,2026,[04] April,"Luisiana, Laguna",[1] Live,[A] Live,4th,Mun,4th,R4A,v2
2026-04,2026,[04] April,"Laurel, Batangas",[1] Live,[A] Live,3rd,Mun,3rd,R4A,v2
2026-04,2026,[04] April,"Guinobatan, Albay",[1] Live,[A] Live,1st,Mun,1st,R5,v2
2026-04,2026,[04] April,"Pagudpud, Ilocos Norte",[1] Live,[A] Live,4th,Mun,4th,R1,with v1 v2
2026-04,2026,[04] April,"Bato, Catanduanes",[1] Live,[A] Live,5th,Mun,5th,R5,v2
2026-04,2026,[04] April,"Pinili, Ilocos Norte",[1] Live,[A] Live,3rd,Mun,3rd,R1,v2
2026-04,2026,[04] April,"Burgos, Pangasinan",[1] Live,[A] Live,4th,Mun,4th,R1,v2
2026-04,2026,[04] April,"Gonzaga, Cagayan",[1] Live,[A] Live,1st,Mun,1st,R2,v2
2026-04,2026,[04] April,"Bani, Pangasinan",[1] Live,[A] Live,2nd,Mun,2nd,R1,v2
2026-04,2026,[04] April,"Cervantes, Ilocos Sur",[1] Live,[A] Live,4th,Mun,4th,R1,v2
2026-04,2026,[04] April,"Macalelon, Quezon",[1] Live,[A] Live,4th,Mun,4th,R4A,v2
2026-04,2026,[04] April,"Marcos, Ilocos Norte",[1] Live,[A] Live,4th,Mun,4th,R1,v2
2026-04,2026,[04] April,"Labrador, Pangasinan",[1] Live,[A] Live,4th,Mun,4th,R1,v2
2026-04,2026,[04] April,"Nagbukel, Ilocos Sur",[1] Live,[A] Live,5th,Mun,5th,R1,v2
2026-04,2026,[04] April,"Abulug, Cagayan",[1] Live,[A] Live,3rd,Mun,3rd,R2,v2
2026-04,2026,[04] April,"Gregorio Del Pilar, Ilocos Sur",[1] Live,[A] Live,5th,Mun,5th,R1,v2
2026-04,2026,[04] April,"Anda, Pangasinan",[1] Live,[A] Live,3rd,Mun,3rd,R1,with v1 v2
2026-04,2026,[04] April,"Alcala, Cagayan",[1] Live,[A] Live,3rd,Mun,3rd,R2,v2
2026-04,2026,[04] April,"Currimao, Ilocos Norte",[1] Live,[A] Live,4th,Mun,4th,R1,v2
2026-04,2026,[04] April,"San Emilio, Ilocos Sur",[1] Live,[A] Live,4th,Mun,4th,R1,v2
2026-04,2026,[04] April,"Kapangan, Benguet",[1] Live,[A] Live,4th,Mun,4th,CAR,v2
2026-04,2026,[04] April,"Bagulin, La Union",[1] Live,[A] Live,5th,Mun,5th,R1,with v1 v2
2026-04,2026,[04] April,"Bay, Laguna",[1] Live,[A] Live,2nd,Mun,2nd,R4A,v2
2026-04,2026,[04] April,"Mabini, Pangasinan",[1] Live,[A] Live,3rd,Mun,3rd,R1,v2
2026-04,2026,[04] April,"Lingayen, Pangasinan",[1] Live,[A] Live,1st,Mun,1st,R1,with v1 v2
2026-04,2026,[04] April,"Rizal, Cagayan",[1] Live,[A] Live,5th,Mun,5th,R2,v2
2026-04,2026,[04] April,"Cordon, Isabela",[1] Live,[A] Live,3rd,Mun,3rd,R2,with v1 v2
2026-04,2026,[04] April,"Jabonga, Agusan Del Norte",[1] Live,[A] Live,3rd,Mun,3rd,R13,v2
2026-04,2026,[04] April,"Orion, Bataan",[1] Live,[A] Live,2nd,Mun,2nd,R3,v2
2026-04,2026,[04] April,"Luna, La Union",[1] Live,[A] Live,3rd,Mun,3rd,R1,v2
2026-04,2026,[04] April,"Burdeos, Quezon",[1] Live,[A] Live,4th,Mun,4th,R4A,v2
2026-04,2026,[04] April,"San Nicolas, Ilocos Norte",[1] Live,[A] Live,2nd,Mun,2nd,R1,with v1 v2
2026-04,2026,[04] April,"Agno, Pangasinan",[1] Live,[A] Live,3rd,Mun,3rd,R1,v2
2026-04,2026,[04] April,"Manito, Albay",[1] Live,[A] Live,4th,Mun,4th,R5,v2
2026-04,2026,[04] April,"Balaoan, La Union",[1] Live,[A] Live,1st,Mun,1st,R1,with v1 v2
2026-04,2026,[04] April,"Rosario, Batangas",[1] Live,[A] Live,1st,Mun,1st,R4A,v2
2026-04,2026,[04] April,"Siquijor, Siquijor",[1] Live,[A] Live,4th,Mun,4th,NIR,v2
2026-04,2026,[04] April,"Calayan, Cagayan",[1] Live,[A] Live,3rd,Mun,3rd,R2,v2
2026-04,2026,[04] April,"Santa Catalina, Ilocos Sur",[1] Live,[A] Live,5th,Mun,5th,R1,with v1 v2
2026-04,2026,[04] April,"City of Tarlac, Tarlac",[1] Live,[A] Live,1st,City,1st,R3,v2
2026-04,2026,[04] April,"Santa Cruz, Ilocos Sur",[1] Live,[A] Live,1st,Mun,1st,R1,with v1 v2
2026-04,2026,[04] April,"Pilar, Bataan",[1] Live,[A] Live,3rd,Mun,3rd,R3,v2
2026-04,2026,[04] April,"Santa Cruz, Zambales",[1] Live,[A] Live,1st,Mun,1st,R3,v2
2026-04,2026,[04] April,"Bagac, Bataan",[1] Live,[A] Live,3rd,Mun,3rd,R3,v2
2026-04,2026,[04] April,"Tiaong, Quezon",[1] Live,[A] Live,1st,Mun,1st,R4A,v2
2026-04,2026,[04] April,"Cuenca, Batangas",[1] Live,[A] Live,4th,Mun,4th,R4A,v2
2026-04,2026,[04] April,"Pugo, La Union",[1] Live,[A] Live,5th,Mun,5th,R1,v2
2026-04,2026,[04] April,"Kapatagan, Lanao del Sur",[1] Live,[A] Live,4th,Mun,4th,BARMM II,v2
2026-04,2026,[04] April,"Doña Remedios Trinidad, Bulacan",[1] Live,[A] Live,1st,Mun,1st,R3,v2
2026-04,2026,[04] April,"Ivana, Batanes",[1] Live,[A] Live,6th,Mun,6th,R2,v2
2026-04,2026,[04] April,"Basco, Batanes",[1] Live,[A] Live,5th,Mun,5th,R2,v2
2026-04,2026,[04] April,"Mahatao, Batanes",[1] Live,[A] Live,6th,Mun,6th,R2,v2
2026-04,2026,[04] April,"Uyugan, Batanes",[1] Live,[A] Live,6th,Mun,6th,R2,v2
2026-04,2026,[04] April,"Diffun, Quirino",[1] Live,[A] Live,2nd,Mun,2nd,R2,with v1 v2
2026-04,2026,[04] April,"Saguday, Quirino",[1] Live,[A] Live,5th,Mun,5th,R2,with v1 v2
2026-04,2026,[04] April,"Rizal, Kalinga",[1] Live,[A] Live,4th,Mun,4th,CAR,v2
2026-04,2026,[04] April,"Tineg, Abra",[1] Live,[A] Live,2nd,Mun,2nd,CAR,v2
2026-04,2026,[04] April,"Barira, Maguindanao del Norte",[1] Live,[A] Live,4th,Mun,4th,BARMM II,v2
2026-04,2026,[04] April,"City of Batac, Ilocos Norte",[1] Live,[A] Live,5th,City,5th,R1,with v1 v2
2026-04,2026,[04] April,"Aglipay, Quirino",[1] Live,[A] Live,3rd,Mun,3rd,R2,with v1 v2
2026-04,2026,[04] April,"Manaoag, Pangasinan",[1] Live,[A] Live,1st,Mun,1st,R1,v2
2026-04,2026,[04] April,"Burgos, Isabela",[1] Live,[A] Live,4th,Mun,4th,R2,with v1 v2
2026-04,2026,[04] April,"Bamban, Tarlac",[1] Live,[A] Live,2nd,Mun,2nd,R3,with v1 v2
2026-04,2026,[04] April,"South Upi, Maguindanao del Sur",[1] Live,[A] Live,4th,Mun,4th,BARMM II,v2
2026-04,2026,[04] April,"Dupax Del Norte, Nueva Vizcaya",[1] Live,[A] Live,3rd,Mun,3rd,R2,with v1 v2
2026-04,2026,[04] April,"Dupax Del Sur, Nueva Vizcaya",[1] Live,[A] Live,2nd,Mun,2nd,R2,with v1 v2
2026-04,2026,[04] April,"Agoo, La Union",[1] Live,[A] Live,1st,Mun,1st,R1,with v1 v2
2026-04,2026,[04] April,"Aurora, Isabela",[1] Live,[A] Live,3rd,Mun,3rd,R2,with v1 v2
2026-04,2026,[04] April,"Cabatuan, Isabela",[1] Live,[A] Live,3rd,Mun,3rd,R2,v2
2026-04,2026,[04] April,"Gamu, Isabela",[1] Live,[A] Live,4th,Mun,4th,R2,with v1 v2
2026-04,2026,[04] April,"Nasugbu, Batangas",[1] Live,[A] Live,1st,Mun,1st,R4A,v2
2026-04,2026,[04] April,"Itogon, Benguet",[1] Live,[A] Live,1st,Mun,1st,CAR,v2
2026-04,2026,[04] April,"Bokod, Benguet",[1] Live,[A] Live,4th,Mun,4th,CAR,v2
2026-04,2026,[04] April,"Quezon, Nueva Ecija",[1] Live,[A] Live,4th,Mun,4th,R3,with v1 v2
2026-04,2026,[04] April,"Palauig, Zambales",[1] Live,[A] Live,3rd,Mun,3rd,R3,with v1 v2
2026-04,2026,[04] April,"San Manuel, Tarlac",[1] Live,[A] Live,4th,Mun,4th,R3,with v1 v2
2026-04,2026,[04] April,"San Mateo, Isabela",[1] Live,[A] Live,1st,Mun,1st,R2,with v1 v2
2026-04,2026,[04] April,"San Isidro, Isabela",[1] Live,[A] Live,5th,Mun,5th,R2,with v1 v2
2026-04,2026,[04] April,"Mallig, Isabela",[1] Live,[A] Live,4th,Mun,4th,R2,with v1 v2
2026-04,2026,[04] April,"San Clemente, Tarlac",[1] Live,[A] Live,5th,Mun,5th,R3,with v1 v2
2026-04,2026,[04] April,"Candaba, Pampanga",[1] Live,[A] Live,1st,Mun,1st,R3,with v1 v2
2026-04,2026,[04] April,"Paoay, Ilocos Norte",[1] Live,[A] Live,4th,Mun,4th,R1,v2
2026-04,2026,[04] April,"Matanog, Maguindanao del Norte",[1] Live,[A] Live,4th,Mun,4th,BARMM II,v2
2026-04,2026,[04] April,"San Luis, Aurora",[1] Live,[A] Live,2nd,Mun,2nd,R3,with v1 v2
2026-04,2026,[04] April,"City of Passi, Iloilo",[1] Live,[A] Live,4th,City,4th,R6,v2
2026-04,2026,[04] April,"Zaragoza, Nueva Ecija",[1] Live,[A] Live,3rd,Mun,3rd,R3,with v1 v2
2026-04,2026,[04] April,"Magarao, Camarines Sur",[1] Live,[A] Live,4th,Mun,4th,R5,with v1 v2
2026-04,2026,[04] April,"Sugpon, Ilocos Sur",[1] Live,[A] Live,5th,Mun,5th,R1,v2
2026-04,2026,[04] April,"Santa Maria, Pangasinan",[1] Live,[A] Live,4th,Mun,4th,R1,v2
2026-04,2026,[04] April,"Hingyon, Ifugao",[1] Live,[A] Live,5th,Mun,5th,CAR,v2
2026-04,2026,[04] April,"Norala, South Cotabato",[1] Live,[A] Live,3rd,Mun,3rd,R12,v2
2026-04,2026,[04] April,"Guimba, Nueva Ecija",[1] Live,[A] Live,1st,Mun,1st,R3,with v1 v2
2026-04,2026,[04] April,"Buldon, Maguindanao del Norte",[1] Live,[A] Live,4th,Mun,4th,BARMM II,v2
2026-04,2026,[04] April,"Bauang, La Union",[1] Live,[A] Live,1st,Mun,1st,R1,v2
2026-04,2026,[04] April,"San Jacinto, Pangasinan",[1] Live,[A] Live,3rd,Mun,3rd,R1,v2
2026-04,2026,[04] April,"Santa Ignacia, Tarlac",[1] Live,[A] Live,2nd,Mun,2nd,R3,with v1 v2
2026-04,2026,[04] April,"City of Tagaytay, Cavite",[1] Live,[A] Live,2nd,City,2nd,R4A,v2
2026-04,2026,[04] April,"Tadian, Mountain Province",[1] Live,[A] Live,4th,Mun,4th,CAR,v2
2026-04,2026,[04] April,"Irosin, Sorsogon",[1] Live,[A] Live,2nd,Mun,2nd,R5,v2
2026-04,2026,[04] April,"Gasan, Marinduque",[1] Live,[A] Live,3rd,Mun,3rd,R4B,v2
2026-04,2026,[04] April,"Wao, Lanao del Sur",[1] Live,[A] Live,2nd,Mun,2nd,BARMM II,v2
2026-04,2026,[04] April,"Sigay, Ilocos Sur",[1] Live,[A] Live,5th,Mun,5th,R1,v2
2026-04,2026,[04] April,"San Gabriel, La Union",[1] Live,[A] Live,4th,Mun,4th,R1,with v1 v2
2026-04,2026,[04] April,"Burgos, Ilocos Sur",[1] Live,[A] Live,4th,Mun,4th,R1,v2
2026-04,2026,[04] April,"Lagayan, Abra",[1] Live,[A] Live,5th,Mun,5th,CAR,v2
2026-04,2026,[04] April,"Delfin Albano, Isabela",[1] Live,[A] Live,4th,Mun,4th,R2,v2
2026-04,2026,[04] April,"La Paz, Tarlac",[1] Live,[A] Live,2nd,Mun,2nd,R3,with v1 v2
2026-04,2026,[04] April,"City of Bislig, Surigao del Sur",[1] Live,[A] Live,3rd,City,3rd,R13,v2
2026-04,2026,[04] April,"Veruela, Agusan del Sur",[1] Live,[A] Live,2nd,Mun,2nd,R13,v2
2026-04,2026,[04] April,"Esperanza, Agusan del Sur",[1] Live,[A] Live,1st,Mun,1st,R13,v2
2026-04,2026,[04] April,"Calasiao, Pangasinan",[1] Live,[A] Live,1st,Mun,1st,R1,with v1 v2
2026-04,2026,[04] April,"Enrique B. Magalona, Negros Occidental",[1] Live,[A] Live,2nd,Mun,2nd,NIR,v2
2026-04,2026,[04] April,"Pilar, Cebu",[1] Live,[A] Live,5th,Mun,5th,R7,v2
2026-04,2026,[04] April,"San Pablo, Isabela",[1] Live,[A] Live,2nd,Mun,2nd,R2,v2
2026-04,2026,[04] April,"Victoria, Tarlac",[1] Live,[A] Live,2nd,Mun,2nd,R3,v2
2026-04,2026,[04] April,"Moncada, Tarlac",[1] Live,[A] Live,1st,Mun,1st,R3,v2
2026-04,2026,[04] April,"Bantayan, Cebu",[1] Live,[A] Live,1st,Mun,1st,R7,v2
2026-04,2026,[04] April,"Pamplona, Negros Oriental",[1] Live,[A] Live,3rd,Mun,3rd,NIR,v2
2026-04,2026,[04] April,"City of Carcar, Cebu",[1] Live,[A] Live,5th,City,5th,R7,v2
2026-04,2026,[04] April,"Calanogas, Lanao del Sur",[1] Live,[A] Live,5th,Mun,5th,BARMM II,v2
2026-04,2026,[04] April,"Barili, Cebu",[1] Live,[A] Live,2nd,Mun,2nd,R7,v2
2026-04,2026,[04] April,"Carrascal, Surigao del Sur",[1] Live,[A] Live,4th,Mun,4th,R13,v2
2026-04,2026,[04] April,"Talacogon, Agusan del Sur",[1] Live,[A] Live,2nd,Mun,2nd,R13,v2
2026-04,2026,[04] April,"Gabaldon, Nueva Ecija",[1] Live,[A] Live,4th,Mun,4th,R3,with v1 v2
2026-04,2026,[04] April,"Santa Monica, Surigao del Norte",[1] Live,[A] Live,5th,Mun,5th,R13,v2
2026-04,2026,[04] April,"Kabugao, Apayao",[1] Live,[A] Live,1st,Mun,1st,CAR,v2
2026-04,2026,[04] April,"Balbalan, Kalinga",[1] Live,[A] Live,3rd,Mun,3rd,CAR,v2
2026-04,2026,[04] April,"Dolores, Quezon",[1] Live,[A] Live,4th,Mun,4th,R4A,v2
2026-04,2026,[04] April,"Malinao, Albay",[1] Live,[A] Live,3rd,Mun,3rd,R5,v2
2026-04,2026,[04] April,"Teresa, Rizal",[1] Live,[A] Live,2nd,Mun,2nd,R4A,v2
2026-04,2026,[04] April,"Prieto Diaz, Sorsogon",[1] Live,[A] Live,5th,Mun,5th,R5,v2
2026-04,2026,[04] April,"City of Laoag, Ilocos Norte",[1] Live,[A] Live,3rd,City,3rd,R1,with v1 v2
2026-04,2026,[04] April,"San Agustin, Romblon",[1] Live,[A] Live,4th,Mun,4th,R4B,v2
2026-04,2026,[04] April,"Palapag, Northern Samar",[1] Live,[A] Live,3rd,Mun,3rd,R8,v2
2026-04,2026,[04] April,"Datu Saudi Ampatuan, Maguindanao del Sur",[1] Live,[A] Live,4th,Mun,4th,BARMM II,v2
2026-04,2026,[04] April,"Corcuera, Romblon",[1] Live,[A] Live,5th,Mun,5th,R4B,v2
2026-04,2026,[04] April,"Sultan Sa Barongis, Maguindanao del Sur",[1] Live,[A] Live,2nd,Mun,2nd,BARMM II,v2
2026-04,2026,[04] April,"Angat, Bulacan",[1] Live,[A] Live,1st,Mun,1st,R3,v2
2026-04,2026,[04] April,"Badian, Cebu",[1] Live,[A] Live,3rd,Mun,3rd,R7,v2
2026-04,2026,[04] April,"Capas, Tarlac",[1] Live,[A] Live,1st,Mun,1st,R3,v2
2026-04,2026,[04] April,"Asturias, Cebu",[1] Live,[A] Live,3rd,Mun,3rd,R7,v2
2026-04,2026,[04] April,"Talibon, Bohol",[1] Live,[A] Live,1st,Mun,1st,R7,v2
2026-04,2026,[04] April,"Victoria, Oriental Mindoro",[1] Live,[A] Live,2nd,Mun,2nd,R4B,v2
2026-04,2026,[04] April,"Puerto Galera, Oriental Mindoro",[1] Live,[A] Live,1st,Mun,1st,R4B,v2
2026-04,2026,[04] April,"Calumpit, Bulacan",[1] Live,[A] Live,1st,Mun,1st,R3,v2
2026-04,2026,[04] April,"Cabucgayan, Biliran",[1] Live,[A] Live,5th,Mun,5th,R8,v2
2026-04,2026,[04] April,"Balatan, Camarines Sur",[1] Live,[A] Live,4th,Mun,4th,R5,v2
2026-04,2026,[04] April,"Llanera, Nueva Ecija",[1] Live,[A] Live,4th,Mun,4th,R3,v2
2026-04,2026,[04] April,"Tinambac, Camarines Sur",[1] Live,[A] Live,1st,Mun,1st,R5,v2
2026-04,2026,[04] April,"Dolores, Abra",[1] Live,[A] Live,5th,Mun,5th,CAR,with v1 v2
2026-04,2026,[04] April,"San Fernando, Masbate",[1] Live,[A] Live,5th,Mun,5th,R5,v2
2026-04,2026,[04] April,"Linapacan, Palawan",[1] Live,[A] Live,5th,Mun,5th,R4B,v2
2026-04,2026,[04] April,"Villaverde, Nueva Vizcaya",[1] Live,[A] Live,5th,Mun,5th,R2,v2
2026-04,2026,[04] April,"Peñaranda, Nueva Ecija",[1] Live,[A] Live,4th,Mun,4th,R3,v2
2026-04,2026,[04] April,"Zamboanguita, Negros Oriental",[1] Live,[A] Live,4th,Mun,4th,NIR,v2
2026-04,2026,[04] April,"Borbon, Cebu",[1] Live,[A] Live,4th,Mun,4th,R7,v2
2026-04,2026,[04] April,"Roxas, Isabela",[1] Live,[A] Live,1st,Mun,1st,R2,v2
2026-04,2026,[04] April,"Buguias, Benguet",[1] Live,[A] Live,3rd,Mun,3rd,CAR,v2
2026-04,2026,[04] April,"Maconacon, Isabela",[1] Live,[A] Live,3rd,Mun,3rd,R2,v2
2026-04,2026,[04] April,"Lake Sebu, South Cotabato",[1] Live,[A] Live,1st,Mun,1st,R12,v2
2026-04,2026,[04] April,"San Jacinto, Masbate",[1] Live,[A] Live,4th,Mun,4th,R5,v2
2026-04,2026,[04] April,"Siayan, Zamboanga del Norte",[1] Live,[A] Live,2nd,Mun,2nd,R9,with v1 v2
2026-04,2026,[04] April,"Molave, Zamboanga del Sur",[1] Live,[A] Live,1st,Mun,1st,R9,with v1 v2
2026-04,2026,[04] April,"Pilar, Surigao del Norte",[1] Live,[A] Live,5th,Mun,5th,R13,v2
2026-04,2026,[04] April,"San Benito, Surigao del Norte",[1] Live,[A] Live,6th,Mun,6th,R13,v2
2026-04,2026,[04] April,"Alicia, Zamboanga Sibugay",[1] Live,[A] Live,3rd,Mun,3rd,R9,v2
2026-04,2026,[04] April,"Cauayan, Negros Occidental",[1] Live,[A] Live,1st,Mun,1st,NIR,v2
2026-04,2026,[04] April,"City of Alaminos, Pangasinan",[1] Live,[A] Live,4th,City,4th,R1,v2
2026-04,2026,[04] April,"Ilog, Negros Occidental",[1] Live,[A] Live,2nd,Mun,2nd,NIR,v2
2026-04,2026,[04] April,"Buug, Zamboanga Sibugay",[1] Live,[A] Live,3rd,Mun,3rd,R9,v2
2026-04,2026,[04] April,"Sibunag, Guimaras",[1] Live,[A] Live,4th,Mun,4th,R6,v2
2026-04,2026,[04] April,"General Mamerto Natividad, Nueva Ecija",[1] Live,[A] Live,3rd,Mun,3rd,R3,v2
2026-04,2026,[04] April,"Datu Unsay, Maguindanao del Sur",[1] Live,[A] Live,5th,Mun,5th,BARMM II,v2
2026-04,2026,[04] April,"Lagangilang, Abra",[1] Live,[A] Live,5th,Mun,5th,CAR,v2
2026-04,2026,[04] April,"Tubo, Abra",[1] Live,[A] Live,4th,Mun,4th,CAR,v2
2026-04,2026,[04] April,"Calanasan, Apayao",[1] Live,[A] Live,1st,Mun,1st,CAR,v2
2026-04,2026,[04] April,"Caluya, Antique",[1] Live,[A] Live,1st,Mun,1st,R6,v2
2026-04,2026,[04] April,"Flora, Apayao",[1] Live,[A] Live,3rd,Mun,3rd,CAR,v2
2026-04,2026,[04] April,"La Paz, Abra",[1] Live,[A] Live,5th,Mun,5th,CAR,v2
2026-04,2026,[04] April,"Culasi, Antique",[1] Live,[A] Live,3rd,Mun,3rd,R6,v2
2026-04,2026,[04] April,"Pamplona, Camarines Sur",[1] Live,[A] Live,4th,Mun,4th,R5,v2
2026-04,2026,[04] April,"Cabusao, Camarines Sur",[1] Live,[A] Live,5th,Mun,5th,R5,v2
2026-04,2026,[04] April,"Nueva Valencia, Guimaras",[1] Live,[A] Live,3rd,Mun,3rd,R6,v2
2026-04,2026,[04] April,"Santa Maria, Davao Occidental",[1] Live,[A] Live,2nd,Mun,2nd,R11,v2
2026-04,2026,[04] April,"Mabini, Davao de Oro",[1] Live,[A] Live,2nd,Mun,2nd,R11,v2
2026-04,2026,[04] April,"Tubungan, Iloilo",[1] Live,[A] Live,4th,Mun,4th,R6,v2
2026-04,2026,[04] April,"Sibagat, Agusan del Sur",[1] Live,[A] Live,1st,Mun,1st,R13,v2
2026-04,2026,[04] April,"Bangued, Abra",[1] Live,[A] Live,1st,Mun,1st,CAR,v2
2026-04,2026,[04] April,"Mayoyao, Ifugao",[1] Live,[A] Live,4th,Mun,4th,CAR,with v1 v2
2026-04,2026,[04] April,"Balete, Batangas",[1] Live,[A] Live,5th,Mun,5th,R4A,with v1 v2
2026-04,2026,[04] April,"Morong, Rizal",[1] Live,[A] Live,2nd,Mun,2nd,R4A,v2
2026-04,2026,[04] April,"Bucay, Abra",[1] Live,[A] Live,5th,Mun,5th,CAR,v2
2026-04,2026,[04] April,"Tublay, Benguet",[1] Live,[A] Live,5th,Mun,5th,CAR,with v1 v2
2026-04,2026,[04] April,"Conner, Apayao",[1] Live,[A] Live,2nd,Mun,2nd,CAR,v2
2026-04,2026,[04] April,"San Quintin, Abra",[1] Live,[A] Live,5th,Mun,5th,CAR,v2