ID,,REPORTING PERIOD,,MONTHLY UTILIZATION STATUS,,,,,,,,LGU PROFILE,,,,,,,
REPORT,PERIOD,YEAR,MONTH,LGU FULL NAME,MONTHLY STATUS,PROGRESS RATE,CONCERNS,ACTION ITEMS,OTHER REMARKS,UNIVERSAL STATUS,MPAR,GEOCODE,C/M,PROVINCE,REGION,LEVEL,INCOME CLASS,DICT RO,SORT
REPORT ID,PERIOD ID,YEAR,MONTH,LGU NAME,STATUS,PROGRESS RATE,CONCERNS,ACTION ITEMS,OTHER REMARKS,USTATUS,MPAR,NEW GEOCODE,NAME,PROVINCE,REGION,LEVEL,INCOME CLASS,DICT RO,SORT
[2024-06] 17-051-01-000,2024-06,2024,[06] June,"Abra De Ilog, Occidental Mindoro",[1] Operational,,,,,[A] Operational,B,17-051-01-000,Abra De Ilog,Occidental Mindoro,MIMAROPA Region,Municipality,2nd,R4B,G
[2024-07] 17-051-01-000,2024-07,2024,[07] July,"Abra De Ilog, Occidental Mindoro",[1] Operational,,,,,[A] Operational,B,17-051-01-000,Abra De Ilog,Occidental Mindoro,MIMAROPA Region,Municipality,2nd,R4B,G
[2023-12] 01-028-01-000,2023-12,2023,[12] December,"Adams, Ilocos Norte",[1] Operational,,,,,[A] Operational,A,01-028-01-000,Adams,Ilocos Norte,Region I (Ilocos Region),Municipality,5th,R1,C
[2024-01] 01-028-01-000,2024-01,2024,[01] January,"Adams, Ilocos Norte",[1] Operational,,,,,[A] Operational,A,01-028-01-000,Adams,Ilocos Norte,Region I (Ilocos Region),Municipality,5th,R1,C
[2024-02] 01-028-01-000,2024-02,2024,[02] February,"Adams, Ilocos Norte",[1] Operational,,,,,[A] Operational,A,01-028-01-000,Adams,Ilocos Norte,Region I (Ilocos Region),Municipality,5th,R1,C
[2024-03] 01-028-01-000,2024-03,2024,[03] March,"Adams, Ilocos Norte",[1] Operational,,,,,[A] Operational,A,01-028-01-000,Adams,Ilocos Norte,Region I (Ilocos Region),Municipality,5th,R1,C
[2024-04] 01-028-01-000,2024-04,2024,[04] April,"Adams, Ilocos Norte",[1] Operational,,,,,[A] Operational,A,01-028-01-000,Adams,Ilocos Norte,Region I (Ilocos Region),Municipality,5th,R1,C
[2024-05] 01-028-01-000,2024-05,2024,[05] May,"Adams, Ilocos Norte",[1] Operational,,,,,[A] Operational,A,01-028-01-000,Adams,Ilocos Norte,Region I (Ilocos Region),Municipality,5th,R1,C
[2024-06] 01-028-01-000,2024-06,2024,[06] June,"Adams, Ilocos Norte",[1] Operational,,,,,[A] Operational,A,01-028-01-000,Adams,Ilocos Norte,Region I (Ilocos Region),Municipality,5th,R1,C
[2024-07] 01-028-01-000,2024-07,2024,[07] July,"Adams, Ilocos Norte",[1] Operational,,,,,[A] Operational,A,01-028-01-000,Adams,Ilocos Norte,Region I (Ilocos Region),Municipality,5th,R1,C
[2023-12] 04-010-01-000,2023-12,2023,[12] December,"Agoncillo, Batangas",[1] Operational,,,,,[A] Operational,A,04-010-01-000,Agoncillo,Batangas,Region IV-A (CALABARZON),Municipality,4th,R4A,F
[2024-01] 04-010-01-000,2024-01,2024,[01] January,"Agoncillo, Batangas",[1] Operational,,,,,[A] Operational,A,04-010-01-000,Agoncillo,Batangas,Region IV-A (CALABARZON),Municipality,4th,R4A,F
[2024-02] 04-010-01-000,2024-02,2024,[02] February,"Agoncillo, Batangas",[1] Operational,,,,,[A] Operational,A,04-010-01-000,Agoncillo,Batangas,Region IV-A (CALABARZON),Municipality,4th,R4A,F
[2024-03] 04-010-01-000,2024-03,2024,[03] March,"Agoncillo, Batangas",[1] Operational,,,,,[A] Operational,A,04-010-01-000,Agoncillo,Batangas,Region IV-A (CALABARZON),Municipality,4th,R4A,F
[2024-04] 04-010-01-000,2024-04,2024,[04] April,"Agoncillo, Batangas",[1] Operational,,,,,[A] Operational,A,04-010-01-000,Agoncillo,Batangas,Region IV-A (CALABARZON),Municipality,4th,R4A,F
[2024-05] 04-010-01-000,2024-05,2024,[05] May,"Agoncillo, Batangas",[1] Operational,,,,,[A] Operational,A,04-010-01-000,Agoncillo,Batangas,Region IV-A (CALABARZON),Municipality,4th,R4A,F
[2024-06] 04-010-01-000,2024-06,2024,[06] June,"Agoncillo, Batangas",[1] Operational,,,,,[A] Operational,A,04-010-01-000,Agoncillo,Batangas,Region IV-A (CALABARZON),Municipality,4th,R4A,F
[2024-07] 04-010-01-000,2024-07,2024,[07] July,"Agoncillo, Batangas",[1] Operational,,,,,[A] Operational,A,04-010-01-000,Agoncillo,Batangas,Region IV-A (CALABARZON),Municipality,4th,R4A,F
[2023-12] 01-033-01-000,2023-12,2023,[12] December,"Agoo, La Union",[1] Operational,,,,,[A] Operational,A,01-033-01-000,Agoo,La Union,Region I (Ilocos Region),Municipality,1st,R1,C
[2024-01] 01-033-01-000,2024-01,2024,[01] January,"Agoo, La Union",[1] Operational,,,,,[A] Operational,A,01-033-01-000,Agoo,La Union,Region I (Ilocos Region),Municipality,1st,R1,C
[2024-02] 01-033-01-000,2024-02,2024,[02] February,"Agoo, La Union",[1] Operational,,,,,[A] Operational,A,01-033-01-000,Agoo,La Union,Region I (Ilocos Region),Municipality,1st,R1,C
[2024-03] 01-033-01-000,2024-03,2024,[03] March,"Agoo, La Union",[1] Operational,,,,,[A] Operational,A,01-033-01-000,Agoo,La Union,Region I (Ilocos Region),Municipality,1st,R1,C
[2024-04] 01-033-01-000,2024-04,2024,[04] April,"Agoo, La Union",[1] Operational,,,,,[A] Operational,A,01-033-01-000,Agoo,La Union,Region I (Ilocos Region),Municipality,1st,R1,C
[2024-05] 01-033-01-000,2024-05,2024,[05] May,"Agoo, La Union",[1] Operational,,,,,[A] Operational,A,01-033-01-000,Agoo,La Union,Region I (Ilocos Region),Municipality,1st,R1,C
[2024-06] 01-033-01-000,2024-06,2024,[06] June,"Agoo, La Union",[1] Operational,,,,,[A] Operational,A,01-033-01-000,Agoo,La Union,Region I (Ilocos Region),Municipality,1st,R1,C
[2024-07] 01-033-01-000,2024-07,2024,[07] July,"Agoo, La Union",[1] Operational,,,,,[A] Operational,A,01-033-01-000,Agoo,La Union,Region I (Ilocos Region),Municipality,1st,R1,C
[2023-12] 01-055-02-000,2023-12,2023,[12] December,"Aguilar, Pangasinan",[2] Ongoing Testing and Data Build-up,65%,,,,[B] Developmental,B,01-055-02-000,Aguilar,Pangasinan,Region I (Ilocos Region),Municipality,3rd,R1,C
[2024-01] 01-055-02-000,2024-01,2024,[01] January,"Aguilar, Pangasinan",[1] Operational,,,,,[A] Operational,B,01-055-02-000,Aguilar,Pangasinan,Region I (Ilocos Region),Municipality,3rd,R1,C
[2024-02] 01-055-02-000,2024-02,2024,[02] February,"Aguilar, Pangasinan",[1] Operational,,,,,[A] Operational,B,01-055-02-000,Aguilar,Pangasinan,Region I (Ilocos Region),Municipality,3rd,R1,C
[2024-03] 01-055-02-000,2024-03,2024,[03] March,"Aguilar, Pangasinan",[1] Operational,,,,,[A] Operational,B,01-055-02-000,Aguilar,Pangasinan,Region I (Ilocos Region),Municipality,3rd,R1,C
[2024-04] 01-055-02-000,2024-04,2024,[04] April,"Aguilar, Pangasinan",[1] Operational,,,,,[A] Operational,B,01-055-02-000,Aguilar,Pangasinan,Region I (Ilocos Region),Municipality,3rd,R1,C
[2024-05] 01-055-02-000,2024-05,2024,[05] May,"Aguilar, Pangasinan",[1] Operational,,,,,[A] Operational,B,01-055-02-000,Aguilar,Pangasinan,Region I (Ilocos Region),Municipality,3rd,R1,C
[2024-06] 01-055-02-000,2024-06,2024,[06] June,"Aguilar, Pangasinan",[1] Operational,,,,,[A] Operational,B,01-055-02-000,Aguilar,Pangasinan,Region I (Ilocos Region),Municipality,3rd,R1,C
[2024-07] 01-055-02-000,2024-07,2024,[07] July,"Aguilar, Pangasinan",[1] Operational,,,,,[A] Operational,B,01-055-02-000,Aguilar,Pangasinan,Region I (Ilocos Region),Municipality,3rd,R1,C
[2023-12] 14-027-08-000,2023-12,2023,[12] December,"Aguinaldo, Ifugao",[1] Operational,,,,,[A] Operational,A,14-027-08-000,Aguinaldo,Ifugao,Cordillera Administrative Region (CAR),Municipality,2nd,CAR,B
[2024-01] 14-027-08-000,2024-01,2024,[01] January,"Aguinaldo, Ifugao",[1] Operational,,,,,[A] Operational,A,14-027-08-000,Aguinaldo,Ifugao,Cordillera Administrative Region (CAR),Municipality,2nd,CAR,B
[2024-02] 14-027-08-000,2024-02,2024,[02] February,"Aguinaldo, Ifugao",[1] Operational,,,,,[A] Operational,A,14-027-08-000,Aguinaldo,Ifugao,Cordillera Administrative Region (CAR),Municipality,2nd,CAR,B
[2024-03] 14-027-08-000,2024-03,2024,[03] March,"Aguinaldo, Ifugao",[1] Operational,,,,,[A] Operational,A,14-027-08-000,Aguinaldo,Ifugao,Cordillera Administrative Region (CAR),Municipality,2nd,CAR,B
[2024-04] 14-027-08-000,2024-04,2024,[04] April,"Aguinaldo, Ifugao",[1] Operational,,,,,[A] Operational,A,14-027-08-000,Aguinaldo,Ifugao,Cordillera Administrative Region (CAR),Municipality,2nd,CAR,B
[2024-05] 14-027-08-000,2024-05,2024,[05] May,"Aguinaldo, Ifugao",[1] Operational,,,,,[A] Operational,A,14-027-08-000,Aguinaldo,Ifugao,Cordillera Administrative Region (CAR),Municipality,2nd,CAR,B
[2024-06] 14-027-08-000,2024-06,2024,[06] June,"Aguinaldo, Ifugao",[1] Operational,,,,,[A] Operational,A,14-027-08-000,Aguinaldo,Ifugao,Cordillera Administrative Region (CAR),Municipality,2nd,CAR,B
[2024-07] 14-027-08-000,2024-07,2024,[07] July,"Aguinaldo, Ifugao",[1] Operational,,,,,[A] Operational,A,14-027-08-000,Aguinaldo,Ifugao,Cordillera Administrative Region (CAR),Municipality,2nd,CAR,B
[2023-12] 04-056-02-000,2023-12,2023,[12] December,"Alabat, Quezon",[1] Operational,,,,,[A] Operational,B,04-056-02-000,Alabat,Quezon,Region IV-A (CALABARZON),Municipality,5th,R4A,F
[2024-01] 04-056-02-000,2024-01,2024,[01] January,"Alabat, Quezon",[1] Operational,,,,,[A] Operational,B,04-056-02-000,Alabat,Quezon,Region IV-A (CALABARZON),Municipality,5th,R4A,F
[2024-02] 04-056-02-000,2024-02,2024,[02] February,"Alabat, Quezon",[1] Operational,,,,,[A] Operational,B,04-056-02-000,Alabat,Quezon,Region IV-A (CALABARZON),Municipality,5th,R4A,F
[2024-03] 04-056-02-000,2024-03,2024,[03] March,"Alabat, Quezon",[1] Operational,,,,,[A] Operational,B,04-056-02-000,Alabat,Quezon,Region IV-A (CALABARZON),Municipality,5th,R4A,F
[2024-04] 04-056-02-000,2024-04,2024,[04] April,"Alabat, Quezon",[1] Operational,,,,,[A] Operational,B,04-056-02-000,Alabat,Quezon,Region IV-A (CALABARZON),Municipality,5th,R4A,F
[2024-05] 04-056-02-000,2024-05,2024,[05] May,"Alabat, Quezon",[1] Operational,,,,,[A] Operational,B,04-056-02-000,Alabat,Quezon,Region IV-A (CALABARZON),Municipality,5th,R4A,F
[2024-06] 04-056-02-000,2024-06,2024,[06] June,"Alabat, Quezon",[1] Operational,,,,,[A] Operational,B,04-056-02-000,Alabat,Quezon,Region IV-A (CALABARZON),Municipality,5th,R4A,F
[2024-07] 04-056-02-000,2024-07,2024,[07] July,"Alabat, Quezon",[1] Operational,,,,,[A] Operational,B,04-056-02-000,Alabat,Quezon,Region IV-A (CALABARZON),Municipality,5th,R4A,F
[2023-12] 12-080-01-000,2023-12,2023,[12] December,"Alabel, Sarangani",[1] Operational,,,,,[A] Operational,B,12-080-01-000,Alabel,Sarangani,Region XII (SOCCSKSARGEN),Municipality,1st,R12,Q
[2024-01] 12-080-01-000,2024-01,2024,[01] January,"Alabel, Sarangani",[1] Operational,,,,,[A] Operational,B,12-080-01-000,Alabel,Sarangani,Region XII (SOCCSKSARGEN),Municipality,1st,R12,Q
[2024-02] 12-080-01-000,2024-02,2024,[02] February,"Alabel, Sarangani",[1] Operational,,,,,[A] Operational,B,12-080-01-000,Alabel,Sarangani,Region XII (SOCCSKSARGEN),Municipality,1st,R12,Q
[2024-03] 12-080-01-000,2024-03,2024,[03] March,"Alabel, Sarangani",[1] Operational,,,,,[A] Operational,B,12-080-01-000,Alabel,Sarangani,Region XII (SOCCSKSARGEN),Municipality,1st,R12,Q
[2024-04] 12-080-01-000,2024-04,2024,[04] April,"Alabel, Sarangani",[1] Operational,,,,,[A] Operational,B,12-080-01-000,Alabel,Sarangani,Region XII (SOCCSKSARGEN),Municipality,1st,R12,Q
[2024-05] 12-080-01-000,2024-05,2024,[05] May,"Alabel, Sarangani",[1] Operational,,,,,[A] Operational,B,12-080-01-000,Alabel,Sarangani,Region XII (SOCCSKSARGEN),Municipality,1st,R12,Q
[2024-06] 12-080-01-000,2024-06,2024,[06] June,"Alabel, Sarangani",[1] Operational,,,,,[A] Operational,B,12-080-01-000,Alabel,Sarangani,Region XII (SOCCSKSARGEN),Municipality,1st,R12,Q
[2024-07] 12-080-01-000,2024-07,2024,[07] July,"Alabel, Sarangani",[1] Operational,,,,,[A] Operational,B,12-080-01-000,Alabel,Sarangani,Region XII (SOCCSKSARGEN),Municipality,1st,R12,Q
[2023-12] 08-037-03-000,2023-12,2023,[12] December,"Albuera, Leyte",[1] Operational,,,,,[A] Operational,B,08-037-03-000,Albuera,Leyte,Region VIII (Eastern Visayas),Municipality,3rd*,R8,K
[2024-01] 08-037-03-000,2024-01,2024,[01] January,"Albuera, Leyte",[1] Operational,,,,,[A] Operational,B,08-037-03-000,Albuera,Leyte,Region VIII (Eastern Visayas),Municipality,3rd*,R8,K
[2024-02] 08-037-03-000,2024-02,2024,[02] February,"Albuera, Leyte",[1] Operational,,,,,[A] Operational,B,08-037-03-000,Albuera,Leyte,Region VIII (Eastern Visayas),Municipality,3rd*,R8,K
[2024-03] 08-037-03-000,2024-03,2024,[03] March,"Albuera, Leyte",[1] Operational,,,,,[A] Operational,B,08-037-03-000,Albuera,Leyte,Region VIII (Eastern Visayas),Municipality,3rd*,R8,K
[2024-04] 08-037-03-000,2024-04,2024,[04] April,"Albuera, Leyte",[1] Operational,,,,,[A] Operational,B,08-037-03-000,Albuera,Leyte,Region VIII (Eastern Visayas),Municipality,3rd*,R8,K
[2024-05] 08-037-03-000,2024-05,2024,[05] May,"Albuera, Leyte",[1] Operational,,,,,[A] Operational,B,08-037-03-000,Albuera,Leyte,Region VIII (Eastern Visayas),Municipality,3rd*,R8,K
[2024-06] 08-037-03-000,2024-06,2024,[06] June,"Albuera, Leyte",[1] Operational,,,,,[A] Operational,B,08-037-03-000,Albuera,Leyte,Region VIII (Eastern Visayas),Municipality,3rd*,R8,K
[2024-07] 08-037-03-000,2024-07,2024,[07] July,"Albuera, Leyte",[1] Operational,,,,,[A] Operational,B,08-037-03-000,Albuera,Leyte,Region VIII (Eastern Visayas),Municipality,3rd*,R8,K
[2023-12] 07-022-01-000,2023-12,2023,[12] December,"Alcantara, Cebu",[1] Operational,,,,,[A] Operational,B,07-022-01-000,Alcantara,Cebu,Region VII (Central Visayas),Municipality,5th,R7,J
[2024-01] 07-022-01-000,2024-01,2024,[01] January,"Alcantara, Cebu",[1] Operational,,,,,[A] Operational,B,07-022-01-000,Alcantara,Cebu,Region VII (Central Visayas),Municipality,5th,R7,J
[2024-02] 07-022-01-000,2024-02,2024,[02] February,"Alcantara, Cebu",[1] Operational,,,,,[A] Operational,B,07-022-01-000,Alcantara,Cebu,Region VII (Central Visayas),Municipality,5th,R7,J
[2024-03] 07-022-01-000,2024-03,2024,[03] March,"Alcantara, Cebu",[1] Operational,,,,,[A] Operational,B,07-022-01-000,Alcantara,Cebu,Region VII (Central Visayas),Municipality,5th,R7,J
[2024-04] 07-022-01-000,2024-04,2024,[04] April,"Alcantara, Cebu",[1] Operational,,,,,[A] Operational,B,07-022-01-000,Alcantara,Cebu,Region VII (Central Visayas),Municipality,5th,R7,J
[2024-05] 07-022-01-000,2024-05,2024,[05] May,"Alcantara, Cebu",[1] Operational,,,,,[A] Operational,B,07-022-01-000,Alcantara,Cebu,Region VII (Central Visayas),Municipality,5th,R7,J
[2024-06] 07-022-01-000,2024-06,2024,[06] June,"Alcantara, Cebu",[1] Operational,,,,,[A] Operational,B,07-022-01-000,Alcantara,Cebu,Region VII (Central Visayas),Municipality,5th,R7,J
[2024-07] 07-022-01-000,2024-07,2024,[07] July,"Alcantara, Cebu",[1] Operational,,,,,[A] Operational,B,07-022-01-000,Alcantara,Cebu,Region VII (Central Visayas),Municipality,5th,R7,J
[2023-12] 07-022-03-000,2023-12,2023,[12] December,"Alegria, Cebu",[1] Operational,,,,,[A] Operational,B,07-022-03-000,Alegria,Cebu,Region VII (Central Visayas),Municipality,4th,R7,J
[2024-01] 07-022-03-000,2024-01,2024,[01] January,"Alegria, Cebu",[1] Operational,,,,,[A] Operational,B,07-022-03-000,Alegria,Cebu,Region VII (Central Visayas),Municipality,4th,R7,J
[2024-02] 07-022-03-000,2024-02,2024,[02] February,"Alegria, Cebu",[1] Operational,,,,,[A] Operational,B,07-022-03-000,Alegria,Cebu,Region VII (Central Visayas),Municipality,4th,R7,J
[2024-03] 07-022-03-000,2024-03,2024,[03] March,"Alegria, Cebu",[1] Operational,,,,,[A] Operational,B,07-022-03-000,Alegria,Cebu,Region VII (Central Visayas),Municipality,4th,R7,J
[2024-04] 07-022-03-000,2024-04,2024,[04] April,"Alegria, Cebu",[1] Operational,,,,,[A] Operational,B,07-022-03-000,Alegria,Cebu,Region VII (Central Visayas),Municipality,4th,R7,J
[2024-05] 07-022-03-000,2024-05,2024,[05] May,"Alegria, Cebu",[1] Operational,,,,,[A] Operational,B,07-022-03-000,Alegria,Cebu,Region VII (Central Visayas),Municipality,4th,R7,J
[2024-06] 07-022-03-000,2024-06,2024,[06] June,"Alegria, Cebu",[1] Operational,,,,,[A] Operational,B,07-022-03-000,Alegria,Cebu,Region VII (Central Visayas),Municipality,4th,R7,J
[2024-07] 07-022-03-000,2024-07,2024,[07] July,"Alegria, Cebu",[1] Operational,,,,,[A] Operational,B,07-022-03-000,Alegria,Cebu,Region VII (Central Visayas),Municipality,4th,R7,J
[2024-02] 16-067-01-000,2024-02,2024,[02] February,"Alegria, Surigao del Norte",[1] Operational,,,,,[A] Operational,B,16-067-01-000,Alegria,Surigao del Norte,Region XIII (Caraga),Municipality,5th,R13,O
[2024-03] 16-067-01-000,2024-03,2024,[03] March,"Alegria, Surigao del Norte",[1] Operational,,,,,[A] Operational,B,16-067-01-000,Alegria,Surigao del Norte,Region XIII (Caraga),Municipality,5th,R13,O
[2024-04] 16-067-01-000,2024-04,2024,[04] April,"Alegria, Surigao del Norte",[1] Operational,,,,,[A] Operational,B,16-067-01-000,Alegria,Surigao del Norte,Region XIII (Caraga),Municipality,5th,R13,O
[2024-05] 16-067-01-000,2024-05,2024,[05] May,"Alegria, Surigao del Norte",[1] Operational,,,,,[A] Operational,B,16-067-01-000,Alegria,Surigao del Norte,Region XIII (Caraga),Municipality,5th,R13,O
[2024-06] 16-067-01-000,2024-06,2024,[06] June,"Alegria, Surigao del Norte",[1] Operational,,,,,[A] Operational,B,16-067-01-000,Alegria,Surigao del Norte,Region XIII (Caraga),Municipality,5th,R13,O
[2024-07] 16-067-01-000,2024-07,2024,[07] July,"Alegria, Surigao del Norte",[1] Operational,,,,,[A] Operational,B,16-067-01-000,Alegria,Surigao del Norte,Region XIII (Caraga),Municipality,5th,R13,O
[2023-12] 12-047-17-000,2023-12,2023,[12] December,"Aleosan, Cotabato",[1] Operational,,,,,[A] Operational,A,12-047-17-000,Aleosan,Cotabato,Region XII (SOCCSKSARGEN),Municipality,3rd,R12,Q
[2024-01] 12-047-17-000,2024-01,2024,[01] January,"Aleosan, Cotabato",[1] Operational,,,,,[A] Operational,A,12-047-17-000,Aleosan,Cotabato,Region XII (SOCCSKSARGEN),Municipality,3rd,R12,Q
[2024-02] 12-047-17-000,2024-02,2024,[02] February,"Aleosan, Cotabato",[1] Operational,,,,,[A] Operational,A,12-047-17-000,Aleosan,Cotabato,Region XII (SOCCSKSARGEN),Municipality,3rd,R12,Q
[2024-03] 12-047-17-000,2024-03,2024,[03] March,"Aleosan, Cotabato",[1] Operational,,,,,[A] Operational,A,12-047-17-000,Aleosan,Cotabato,Region XII (SOCCSKSARGEN),Municipality,3rd,R12,Q
[2024-04] 12-047-17-000,2024-04,2024,[04] April,"Aleosan, Cotabato",[1] Operational,,,,,[A] Operational,A,12-047-17-000,Aleosan,Cotabato,Region XII (SOCCSKSARGEN),Municipality,3rd,R12,Q
[2024-05] 12-047-17-000,2024-05,2024,[05] May,"Aleosan, Cotabato",[1] Operational,,,,,[A] Operational,A,12-047-17-000,Aleosan,Cotabato,Region XII (SOCCSKSARGEN),Municipality,3rd,R12,Q
[2024-06] 12-047-17-000,2024-06,2024,[06] June,"Aleosan, Cotabato",[1] Operational,,,,,[A] Operational,A,12-047-17-000,Aleosan,Cotabato,Region XII (SOCCSKSARGEN),Municipality,3rd,R12,Q
[2024-07] 12-047-17-000,2024-07,2024,[07] July,"Aleosan, Cotabato",[1] Operational,,,,,[A] Operational,A,12-047-17-000,Aleosan,Cotabato,Region XII (SOCCSKSARGEN),Municipality,3rd,R12,Q
[2023-12] 04-021-01-000,2023-12,2023,[12] December,"Alfonso, Cavite",[1] Operational,,,,,[A] Operational,A,04-021-01-000,Alfonso,Cavite,Region IV-A (CALABARZON),Municipality,1st,R4A,F
[2024-01] 04-021-01-000,2024-01,2024,[01] January,"Alfonso, Cavite",[1] Operational,,,,,[A] Operational,A,04-021-01-000,Alfonso,Cavite,Region IV-A (CALABARZON),Municipality,1st,R4A,F
[2024-02] 04-021-01-000,2024-02,2024,[02] February,"Alfonso, Cavite",[1] Operational,,,,,[A] Operational,A,04-021-01-000,Alfonso,Cavite,Region IV-A (CALABARZON),Municipality,1st,R4A,F
[2024-03] 04-021-01-000,2024-03,2024,[03] March,"Alfonso, Cavite",[1] Operational,,,,,[A] Operational,A,04-021-01-000,Alfonso,Cavite,Region IV-A (CALABARZON),Municipality,1st,R4A,F
[2024-04] 04-021-01-000,2024-04,2024,[04] April,"Alfonso, Cavite",[1] Operational,,,,,[A] Operational,A,04-021-01-000,Alfonso,Cavite,Region IV-A (CALABARZON),Municipality,1st,R4A,F
[2024-05] 04-021-01-000,2024-05,2024,[05] May,"Alfonso, Cavite",[1] Operational,,,,,[A] Operational,A,04-021-01-000,Alfonso,Cavite,Region IV-A (CALABARZON),Municipality,1st,R4A,F
[2024-06] 04-021-01-000,2024-06,2024,[06] June,"Alfonso, Cavite",[1] Operational,,,,,[A] Operational,A,04-021-01-000,Alfonso,Cavite,Region IV-A (CALABARZON),Municipality,1st,R4A,F
[2024-07] 04-021-01-000,2024-07,2024,[07] July,"Alfonso, Cavite",[1] Operational,,,,,[A] Operational,A,04-021-01-000,Alfonso,Cavite,Region IV-A (CALABARZON),Municipality,1st,R4A,F
[2024-07] 06-030-02-000,2024-07,2024,[07] July,"Alimodian, Iloilo",[1] Operational,,,,,[A] Operational,B,06-030-02-000,Alimodian,Iloilo,Region VI (Western Visayas),Municipality,3rd,R6,I
[2023-12] 04-010-02-000,2023-12,2023,[12] December,"Alitagtag, Batangas",[1] Operational,,,,,[A] Operational,A,04-010-02-000,Alitagtag,Batangas,Region IV-A (CALABARZON),Municipality,4th,R4A,F
[2024-01] 04-010-02-000,2024-01,2024,[01] January,"Alitagtag, Batangas",[1] Operational,,,,,[A] Operational,A,04-010-02-000,Alitagtag,Batangas,Region IV-A (CALABARZON),Municipality,4th,R4A,F
[2024-02] 04-010-02-000,2024-02,2024,[02] February,"Alitagtag, Batangas",[1] Operational,,,,,[A] Operational,A,04-010-02-000,Alitagtag,Batangas,Region IV-A (CALABARZON),Municipality,4th,R4A,F
[2024-03] 04-010-02-000,2024-03,2024,[03] March,"Alitagtag, Batangas",[1] Operational,,,,,[A] Operational,A,04-010-02-000,Alitagtag,Batangas,Region IV-A (CALABARZON),Municipality,4th,R4A,F
[2024-04] 04-010-02-000,2024-04,2024,[04] April,"Alitagtag, Batangas",[1] Operational,,,,,[A] Operational,A,04-010-02-000,Alitagtag,Batangas,Region IV-A (CALABARZON),Municipality,4th,R4A,F
[2024-05] 04-010-02-000,2024-05,2024,[05] May,"Alitagtag, Batangas",[1] Operational,,,,,[A] Operational,A,04-010-02-000,Alitagtag,Batangas,Region IV-A (CALABARZON),Municipality,4th,R4A,F
[2024-06] 04-010-02-000,2024-06,2024,[06] June,"Alitagtag, Batangas",[1] Operational,,,,,[A] Operational,A,04-010-02-000,Alitagtag,Batangas,Region IV-A (CALABARZON),Municipality,4th,R4A,F
[2024-07] 04-010-02-000,2024-07,2024,[07] July,"Alitagtag, Batangas",[1] Operational,,,,,[A] Operational,A,04-010-02-000,Alitagtag,Batangas,Region IV-A (CALABARZON),Municipality,4th,R4A,F
[2023-12] 07-022-04-000,2023-12,2023,[12] December,"Aloguinsan, Cebu",[1] Operational,,,,,[A] Operational,B,07-022-04-000,Aloguinsan,Cebu,Region VII (Central Visayas),Municipality,4th,R7,J
[2024-01] 07-022-04-000,2024-01,2024,[01] January,"Aloguinsan, Cebu",[1] Operational,,,,,[A] Operational,B,07-022-04-000,Aloguinsan,Cebu,Region VII (Central Visayas),Municipality,4th,R7,J
[2024-02] 07-022-04-000,2024-02,2024,[02] February,"Aloguinsan, Cebu",[1] Operational,,,,,[A] Operational,B,07-022-04-000,Aloguinsan,Cebu,Region VII (Central Visayas),Municipality,4th,R7,J
[2024-03] 07-022-04-000,2024-03,2024,[03] March,"Aloguinsan, Cebu",[1] Operational,,,,,[A] Operational,B,07-022-04-000,Aloguinsan,Cebu,Region VII (Central Visayas),Municipality,4th,R7,J
[2024-04] 07-022-04-000,2024-04,2024,[04] April,"Aloguinsan, Cebu",[1] Operational,,,,,[A] Operational,B,07-022-04-000,Aloguinsan,Cebu,Region VII (Central Visayas),Municipality,4th,R7,J
[2024-05] 07-022-04-000,2024-05,2024,[05] May,"Aloguinsan, Cebu",[1] Operational,,,,,[A] Operational,B,07-022-04-000,Aloguinsan,Cebu,Region VII (Central Visayas),Municipality,4th,R7,J
[2024-06] 07-022-04-000,2024-06,2024,[06] June,"Aloguinsan, Cebu",[1] Operational,,,,,[A] Operational,B,07-022-04-000,Aloguinsan,Cebu,Region VII (Central Visayas),Municipality,4th,R7,J
[2024-07] 07-022-04-000,2024-07,2024,[07] July,"Aloguinsan, Cebu",[1] Operational,,,,,[A] Operational,B,07-022-04-000,Aloguinsan,Cebu,Region VII (Central Visayas),Municipality,4th,R7,J
[2023-12] 10-042-01-000,2023-12,2023,[12] December,"Aloran, Misamis Occidental",[1] Operational,,,,,[A] Operational,A,10-042-01-000,Aloran,Misamis Occidental,Region X (Northern Mindanao),Municipality,4th,R10,N
[2024-01] 10-042-01-000,2024-01,2024,[01] January,"Aloran, Misamis Occidental",[1] Operational,,,,,[A] Operational,A,10-042-01-000,Aloran,Misamis Occidental,Region X (Northern Mindanao),Municipality,4th,R10,N
[2024-02] 10-042-01-000,2024-02,2024,[02] February,"Aloran, Misamis Occidental",[1] Operational,,,,,[A] Operational,A,10-042-01-000,Aloran,Misamis Occidental,Region X (Northern Mindanao),Municipality,4th,R10,N
[2024-03] 10-042-01-000,2024-03,2024,[03] March,"Aloran, Misamis Occidental",[1] Operational,,,,,[A] Operational,A,10-042-01-000,Aloran,Misamis Occidental,Region X (Northern Mindanao),Municipality,4th,R10,N
[2024-04] 10-042-01-000,2024-04,2024,[04] April,"Aloran, Misamis Occidental",[1] Operational,,,,,[A] Operational,A,10-042-01-000,Aloran,Misamis Occidental,Region X (Northern Mindanao),Municipality,4th,R10,N
[2024-05] 10-042-01-000,2024-05,2024,[05] May,"Aloran, Misamis Occidental",[1] Operational,,,,,[A] Operational,A,10-042-01-000,Aloran,Misamis Occidental,Region X (Northern Mindanao),Municipality,4th,R10,N
[2024-06] 10-042-01-000,2024-06,2024,[06] June,"Aloran, Misamis Occidental",[1] Operational,,,,,[A] Operational,A,10-042-01-000,Aloran,Misamis Occidental,Region X (Northern Mindanao),Municipality,4th,R10,N
[2024-07] 10-042-01-000,2024-07,2024,[07] July,"Aloran, Misamis Occidental",[1] Operational,,,,,[A] Operational,A,10-042-01-000,Aloran,Misamis Occidental,Region X (Northern Mindanao),Municipality,4th,R10,N
[2024-05] 10-043-01-000,2024-05,2024,[05] May,"Alubijid, Misamis Oriental",[1] Operational,,,,,[A] Operational,B,10-043-01-000,Alubijid,Misamis Oriental,Region X (Northern Mindanao),Municipality,4th,R10,N
[2024-06] 10-043-01-000,2024-06,2024,[06] June,"Alubijid, Misamis Oriental",[1] Operational,,,,,[A] Operational,B,10-043-01-000,Alubijid,Misamis Oriental,Region X (Northern Mindanao),Municipality,4th,R10,N
[2024-07] 10-043-01-000,2024-07,2024,[07] July,"Alubijid, Misamis Oriental",[1] Operational,,,,,[A] Operational,B,10-043-01-000,Alubijid,Misamis Oriental,Region X (Northern Mindanao),Municipality,4th,R10,N
[2024-07] 19-088-01-000,2024-07,2024,[07] July,"Ampatuan, Maguindanao del Sur",[1] Operational,,,,1 Barangay to Integrate,[A] Operational,B,19-088-01-000,Ampatuan,Maguindanao del Sur,Bangsamoro Autonomous Region In Muslim Mindanao (BARMM),Municipality,4th,BARMM II,R
[2023-12] 08-064-01-000,2023-12,2023,[12] December,"Anahawan, Southern Leyte",[1] Operational,,,,,[A] Operational,B,08-064-01-000,Anahawan,Southern Leyte,Region VIII (Eastern Visayas),Municipality,5th,R8,K
[2024-01] 08-064-01-000,2024-01,2024,[01] January,"Anahawan, Southern Leyte",[1] Operational,,,,,[A] Operational,B,08-064-01-000,Anahawan,Southern Leyte,Region VIII (Eastern Visayas),Municipality,5th,R8,K
[2024-02] 08-064-01-000,2024-02,2024,[02] February,"Anahawan, Southern Leyte",[1] Operational,,,,,[A] Operational,B,08-064-01-000,Anahawan,Southern Leyte,Region VIII (Eastern Visayas),Municipality,5th,R8,K
[2024-03] 08-064-01-000,2024-03,2024,[03] March,"Anahawan, Southern Leyte",[1] Operational,,,,,[A] Operational,B,08-064-01-000,Anahawan,Southern Leyte,Region VIII (Eastern Visayas),Municipality,5th,R8,K
[2024-04] 08-064-01-000,2024-04,2024,[04] April,"Anahawan, Southern Leyte",[1] Operational,,,,,[A] Operational,B,08-064-01-000,Anahawan,Southern Leyte,Region VIII (Eastern Visayas),Municipality,5th,R8,K
[2024-05] 08-064-01-000,2024-05,2024,[05] May,"Anahawan, Southern Leyte",[1] Operational,,,,,[A] Operational,B,08-064-01-000,Anahawan,Southern Leyte,Region VIII (Eastern Visayas),Municipality,5th,R8,K
[2024-06] 08-064-01-000,2024-06,2024,[06] June,"Anahawan, Southern Leyte",[1] Operational,,,,,[A] Operational,B,08-064-01-000,Anahawan,Southern Leyte,Region VIII (Eastern Visayas),Municipality,5th,R8,K
[2024-07] 08-064-01-000,2024-07,2024,[07] July,"Anahawan, Southern Leyte",[1] Operational,,,,,[A] Operational,B,08-064-01-000,Anahawan,Southern Leyte,Region VIII (Eastern Visayas),Municipality,5th,R8,K
[2023-12] 06-030-03-000,2023-12,2023,[12] December,"Anilao, Iloilo",[1] Operational,,,,,[A] Operational,A,06-030-03-000,Anilao,Iloilo,Region VI (Western Visayas),Municipality,4th,R6,I
[2024-01] 06-030-03-000,2024-01,2024,[01] January,"Anilao, Iloilo",[1] Operational,,,,,[A] Operational,A,06-030-03-000,Anilao,Iloilo,Region VI (Western Visayas),Municipality,4th,R6,I
[2024-02] 06-030-03-000,2024-02,2024,[02] February,"Anilao, Iloilo",[1] Operational,,,,,[A] Operational,A,06-030-03-000,Anilao,Iloilo,Region VI (Western Visayas),Municipality,4th,R6,I
[2024-03] 06-030-03-000,2024-03,2024,[03] March,"Anilao, Iloilo",[1] Operational,,,,,[A] Operational,A,06-030-03-000,Anilao,Iloilo,Region VI (Western Visayas),Municipality,4th,R6,I
[2024-04] 06-030-03-000,2024-04,2024,[04] April,"Anilao, Iloilo",[1] Operational,,,,,[A] Operational,A,06-030-03-000,Anilao,Iloilo,Region VI (Western Visayas),Municipality,4th,R6,I
[2024-05] 06-030-03-000,2024-05,2024,[05] May,"Anilao, Iloilo",[1] Operational,,,,,[A] Operational,A,06-030-03-000,Anilao,Iloilo,Region VI (Western Visayas),Municipality,4th,R6,I
[2024-06] 06-030-03-000,2024-06,2024,[06] June,"Anilao, Iloilo",[1] Operational,,,,,[A] Operational,A,06-030-03-000,Anilao,Iloilo,Region VI (Western Visayas),Municipality,4th,R6,I
[2024-07] 06-030-03-000,2024-07,2024,[07] July,"Anilao, Iloilo",[1] Operational,,,,,[A] Operational,A,06-030-03-000,Anilao,Iloilo,Region VI (Western Visayas),Municipality,4th,R6,I
[2023-12] 03-054-02-000,2023-12,2023,[12] December,"Apalit, Pampanga",[1] Operational,,,,,[A] Operational,B,03-054-02-000,Apalit,Pampanga,Region III (Central Luzon),Municipality,1st,R3,E
[2024-01] 03-054-02-000,2024-01,2024,[01] January,"Apalit, Pampanga",[1] Operational,,,,,[A] Operational,B,03-054-02-000,Apalit,Pampanga,Region III (Central Luzon),Municipality,1st,R3,E
[2024-02] 03-054-02-000,2024-02,2024,[02] February,"Apalit, Pampanga",[1] Operational,,,,,[A] Operational,B,03-054-02-000,Apalit,Pampanga,Region III (Central Luzon),Municipality,1st,R3,E
[2024-03] 03-054-02-000,2024-03,2024,[03] March,"Apalit, Pampanga",[1] Operational,,,,,[A] Operational,B,03-054-02-000,Apalit,Pampanga,Region III (Central Luzon),Municipality,1st,R3,E
[2024-04] 03-054-02-000,2024-04,2024,[04] April,"Apalit, Pampanga",[1] Operational,,,,,[A] Operational,B,03-054-02-000,Apalit,Pampanga,Region III (Central Luzon),Municipality,1st,R3,E
[2024-05] 03-054-02-000,2024-05,2024,[05] May,"Apalit, Pampanga",[1] Operational,,,,,[A] Operational,B,03-054-02-000,Apalit,Pampanga,Region III (Central Luzon),Municipality,1st,R3,E
[2024-06] 03-054-02-000,2024-06,2024,[06] June,"Apalit, Pampanga",[1] Operational,,,,,[A] Operational,B,03-054-02-000,Apalit,Pampanga,Region III (Central Luzon),Municipality,1st,R3,E
[2024-07] 03-054-02-000,2024-07,2024,[07] July,"Apalit, Pampanga",[1] Operational,,,,,[A] Operational,B,03-054-02-000,Apalit,Pampanga,Region III (Central Luzon),Municipality,1st,R3,E
[2023-12] 03-054-03-000,2023-12,2023,[12] December,"Arayat, Pampanga",[1] Operational,,,,,[A] Operational,A,03-054-03-000,Arayat,Pampanga,Region III (Central Luzon),Municipality,1st,R3,E
[2024-01] 03-054-03-000,2024-01,2024,[01] January,"Arayat, Pampanga",[1] Operational,,,,,[A] Operational,A,03-054-03-000,Arayat,Pampanga,Region III (Central Luzon),Municipality,1st,R3,E
[2024-02] 03-054-03-000,2024-02,2024,[02] February,"Arayat, Pampanga",[1] Operational,,,,,[A] Operational,A,03-054-03-000,Arayat,Pampanga,Region III (Central Luzon),Municipality,1st,R3,E
[2024-03] 03-054-03-000,2024-03,2024,[03] March,"Arayat, Pampanga",[1] Operational,,,,,[A] Operational,A,03-054-03-000,Arayat,Pampanga,Region III (Central Luzon),Municipality,1st,R3,E
[2024-04] 03-054-03-000,2024-04,2024,[04] April,"Arayat, Pampanga",[1] Operational,,,,,[A] Operational,A,03-054-03-000,Arayat,Pampanga,Region III (Central Luzon),Municipality,1st,R3,E
[2024-05] 03-054-03-000,2024-05,2024,[05] May,"Arayat, Pampanga",[1] Operational,,,,,[A] Operational,A,03-054-03-000,Arayat,Pampanga,Region III (Central Luzon),Municipality,1st,R3,E
[2024-06] 03-054-03-000,2024-06,2024,[06] June,"Arayat, Pampanga",[1] Operational,,,,,[A] Operational,A,03-054-03-000,Arayat,Pampanga,Region III (Central Luzon),Municipality,1st,R3,E
[2024-07] 03-054-03-000,2024-07,2024,[07] July,"Arayat, Pampanga",[1] Operational,,,,,[A] Operational,A,03-054-03-000,Arayat,Pampanga,Region III (Central Luzon),Municipality,1st,R3,E
[2023-12] 07-022-05-000,2023-12,2023,[12] December,"Argao, Cebu",[1] Operational,,,,,[A] Operational,A,07-022-05-000,Argao,Cebu,Region VII (Central Visayas),Municipality,1st,R7,J
[2024-01] 07-022-05-000,2024-01,2024,[01] January,"Argao, Cebu",[1] Operational,,,,,[A] Operational,A,07-022-05-000,Argao,Cebu,Region VII (Central Visayas),Municipality,1st,R7,J
[2024-02] 07-022-05-000,2024-02,2024,[02] February,"Argao, Cebu",[1] Operational,,,,,[A] Operational,A,07-022-05-000,Argao,Cebu,Region VII (Central Visayas),Municipality,1st,R7,J
[2024-03] 07-022-05-000,2024-03,2024,[03] March,"Argao, Cebu",[1] Operational,,,,,[A] Operational,A,07-022-05-000,Argao,Cebu,Region VII (Central Visayas),Municipality,1st,R7,J
[2024-04] 07-022-05-000,2024-04,2024,[04] April,"Argao, Cebu",[1] Operational,,,,,[A] Operational,A,07-022-05-000,Argao,Cebu,Region VII (Central Visayas),Municipality,1st,R7,J
[2024-05] 07-022-05-000,2024-05,2024,[05] May,"Argao, Cebu",[1] Operational,,,,,[A] Operational,A,07-022-05-000,Argao,Cebu,Region VII (Central Visayas),Municipality,1st,R7,J
[2024-06] 07-022-05-000,2024-06,2024,[06] June,"Argao, Cebu",[1] Operational,,,,,[A] Operational,A,07-022-05-000,Argao,Cebu,Region VII (Central Visayas),Municipality,1st,R7,J
[2024-07] 07-022-05-000,2024-07,2024,[07] July,"Argao, Cebu",[1] Operational,,,,,[A] Operational,A,07-022-05-000,Argao,Cebu,Region VII (Central Visayas),Municipality,1st,R7,J
[2023-12] 01-033-02-000,2023-12,2023,[12] December,"Aringay, La Union",[1] Operational,,,,,[A] Operational,B,01-033-02-000,Aringay,La Union,Region I (Ilocos Region),Municipality,2nd,R1,C
[2024-01] 01-033-02-000,2024-01,2024,[01] January,"Aringay, La Union",[1] Operational,,,,,[A] Operational,B,01-033-02-000,Aringay,La Union,Region I (Ilocos Region),Municipality,2nd,R1,C
[2024-02] 01-033-02-000,2024-02,2024,[02] February,"Aringay, La Union",[1] Operational,,,,,[A] Operational,B,01-033-02-000,Aringay,La Union,Region I (Ilocos Region),Municipality,2nd,R1,C
[2024-03] 01-033-02-000,2024-03,2024,[03] March,"Aringay, La Union",[1] Operational,,,,,[A] Operational,B,01-033-02-000,Aringay,La Union,Region I (Ilocos Region),Municipality,2nd,R1,C
[2024-04] 01-033-02-000,2024-04,2024,[04] April,"Aringay, La Union",[1] Operational,,,,,[A] Operational,B,01-033-02-000,Aringay,La Union,Region I (Ilocos Region),Municipality,2nd,R1,C
[2024-05] 01-033-02-000,2024-05,2024,[05] May,"Aringay, La Union",[1] Operational,,,,,[A] Operational,B,01-033-02-000,Aringay,La Union,Region I (Ilocos Region),Municipality,2nd,R1,C
[2024-06] 01-033-02-000,2024-06,2024,[06] June,"Aringay, La Union",[1] Operational,,,,,[A] Operational,B,01-033-02-000,Aringay,La Union,Region I (Ilocos Region),Municipality,2nd,R1,C
[2024-07] 01-033-02-000,2024-07,2024,[07] July,"Aringay, La Union",[1] Operational,,,,,[A] Operational,B,01-033-02-000,Aringay,La Union,Region I (Ilocos Region),Municipality,2nd,R1,C
[2023-12] 14-027-11-000,2023-12,2023,[12] December,"Asipulo, Ifugao",[1] Operational,,,,,[A] Operational,A,14-027-11-000,Asipulo,Ifugao,Cordillera Administrative Region (CAR),Municipality,5th,CAR,B
[2024-01] 14-027-11-000,2024-01,2024,[01] January,"Asipulo, Ifugao",[1] Operational,,,,,[A] Operational,A,14-027-11-000,Asipulo,Ifugao,Cordillera Administrative Region (CAR),Municipality,5th,CAR,B
[2024-02] 14-027-11-000,2024-02,2024,[02] February,"Asipulo, Ifugao",[1] Operational,,,,,[A] Operational,A,14-027-11-000,Asipulo,Ifugao,Cordillera Administrative Region (CAR),Municipality,5th,CAR,B
[2024-03] 14-027-11-000,2024-03,2024,[03] March,"Asipulo, Ifugao",[1] Operational,,,,,[A] Operational,A,14-027-11-000,Asipulo,Ifugao,Cordillera Administrative Region (CAR),Municipality,5th,CAR,B
[2024-04] 14-027-11-000,2024-04,2024,[04] April,"Asipulo, Ifugao",[1] Operational,,,,,[A] Operational,A,14-027-11-000,Asipulo,Ifugao,Cordillera Administrative Region (CAR),Municipality,5th,CAR,B
[2024-05] 14-027-11-000,2024-05,2024,[05] May,"Asipulo, Ifugao",[1] Operational,,,,,[A] Operational,A,14-027-11-000,Asipulo,Ifugao,Cordillera Administrative Region (CAR),Municipality,5th,CAR,B
[2024-06] 14-027-11-000,2024-06,2024,[06] June,"Asipulo, Ifugao",[1] Operational,,,,,[A] Operational,A,14-027-11-000,Asipulo,Ifugao,Cordillera Administrative Region (CAR),Municipality,5th,CAR,B
[2024-07] 14-027-11-000,2024-07,2024,[07] July,"Asipulo, Ifugao",[1] Operational,,,,,[A] Operational,A,14-027-11-000,Asipulo,Ifugao,Cordillera Administrative Region (CAR),Municipality,5th,CAR,B
[2023-12] 02-031-03-000,2023-12,2023,[12] December,"Aurora, Isabela",[1] Operational,,,,,[A] Operational,A,02-031-03-000,Aurora,Isabela,Region II (Cagayan Valley),Municipality,3rd,R2,D
[2024-01] 02-031-03-000,2024-01,2024,[01] January,"Aurora, Isabela",[1] Operational,,,,,[A] Operational,A,02-031-03-000,Aurora,Isabela,Region II (Cagayan Valley),Municipality,3rd,R2,D
[2024-02] 02-031-03-000,2024-02,2024,[02] February,"Aurora, Isabela",[1] Operational,,,,,[A] Operational,A,02-031-03-000,Aurora,Isabela,Region II (Cagayan Valley),Municipality,3rd,R2,D
[2024-03] 02-031-03-000,2024-03,2024,[03] March,"Aurora, Isabela",[1] Operational,,,,,[A] Operational,A,02-031-03-000,Aurora,Isabela,Region II (Cagayan Valley),Municipality,3rd,R2,D
[2024-04] 02-031-03-000,2024-04,2024,[04] April,"Aurora, Isabela",[1] Operational,,,,,[A] Operational,A,02-031-03-000,Aurora,Isabela,Region II (Cagayan Valley),Municipality,3rd,R2,D
[2024-05] 02-031-03-000,2024-05,2024,[05] May,"Aurora, Isabela",[1] Operational,,,,,[A] Operational,A,02-031-03-000,Aurora,Isabela,Region II (Cagayan Valley),Municipality,3rd,R2,D
[2024-06] 02-031-03-000,2024-06,2024,[06] June,"Aurora, Isabela",[1] Operational,,,,,[A] Operational,A,02-031-03-000,Aurora,Isabela,Region II (Cagayan Valley),Municipality,3rd,R2,D
[2024-07] 02-031-03-000,2024-07,2024,[07] July,"Aurora, Isabela",[1] Operational,,,,,[A] Operational,A,02-031-03-000,Aurora,Isabela,Region II (Cagayan Valley),Municipality,3rd,R2,D
[2024-05] 17-052-01-000,2024-05,2024,[05] May,"Baco, Oriental Mindoro",[1] Operational,,,,,[A] Operational,B,17-052-01-000,Baco,Oriental Mindoro,MIMAROPA Region,Municipality,3rd,R4B,G
[2024-06] 17-052-01-000,2024-06,2024,[06] June,"Baco, Oriental Mindoro",[1] Operational,,,,,[A] Operational,B,17-052-01-000,Baco,Oriental Mindoro,MIMAROPA Region,Municipality,3rd,R4B,G
[2024-07] 17-052-01-000,2024-07,2024,[07] July,"Baco, Oriental Mindoro",[1] Operational,,,,,[A] Operational,B,17-052-01-000,Baco,Oriental Mindoro,MIMAROPA Region,Municipality,3rd,R4B,G
[2023-12] 10-035-01-000,2023-12,2023,[12] December,"Bacolod, Lanao del Norte",[1] Operational,,,,,[A] Operational,A,10-035-01-000,Bacolod,Lanao del Norte,Region X (Northern Mindanao),Municipality,4th,R10,N
[2024-01] 10-035-01-000,2024-01,2024,[01] January,"Bacolod, Lanao del Norte",[1] Operational,,,,,[A] Operational,A,10-035-01-000,Bacolod,Lanao del Norte,Region X (Northern Mindanao),Municipality,4th,R10,N
[2024-02] 10-035-01-000,2024-02,2024,[02] February,"Bacolod, Lanao del Norte",[1] Operational,,,,,[A] Operational,A,10-035-01-000,Bacolod,Lanao del Norte,Region X (Northern Mindanao),Municipality,4th,R10,N
[2024-03] 10-035-01-000,2024-03,2024,[03] March,"Bacolod, Lanao del Norte",[1] Operational,,,,,[A] Operational,A,10-035-01-000,Bacolod,Lanao del Norte,Region X (Northern Mindanao),Municipality,4th,R10,N
[2024-04] 10-035-01-000,2024-04,2024,[04] April,"Bacolod, Lanao del Norte",[1] Operational,,,,,[A] Operational,A,10-035-01-000,Bacolod,Lanao del Norte,Region X (Northern Mindanao),Municipality,4th,R10,N
[2024-05] 10-035-01-000,2024-05,2024,[05] May,"Bacolod, Lanao del Norte",[1] Operational,,,,,[A] Operational,A,10-035-01-000,Bacolod,Lanao del Norte,Region X (Northern Mindanao),Municipality,4th,R10,N
[2024-06] 10-035-01-000,2024-06,2024,[06] June,"Bacolod, Lanao del Norte",[1] Operational,,,,,[A] Operational,A,10-035-01-000,Bacolod,Lanao del Norte,Region X (Northern Mindanao),Municipality,4th,R10,N
[2024-07] 10-035-01-000,2024-07,2024,[07] July,"Bacolod, Lanao del Norte",[1] Operational,,,,,[A] Operational,A,10-035-01-000,Bacolod,Lanao del Norte,Region X (Northern Mindanao),Municipality,4th,R10,N
[2023-12] 03-054-04-000,2023-12,2023,[12] December,"Bacolor, Pampanga",[1] Operational,,,,,[A] Operational,A,03-054-04-000,Bacolor,Pampanga,Region III (Central Luzon),Municipality,3rd,R3,E
[2024-01] 03-054-04-000,2024-01,2024,[01] January,"Bacolor, Pampanga",[1] Operational,,,,,[A] Operational,A,03-054-04-000,Bacolor,Pampanga,Region III (Central Luzon),Municipality,3rd,R3,E
[2024-02] 03-054-04-000,2024-02,2024,[02] February,"Bacolor, Pampanga",[1] Operational,,,,,[A] Operational,A,03-054-04-000,Bacolor,Pampanga,Region III (Central Luzon),Municipality,3rd,R3,E
[2024-03] 03-054-04-000,2024-03,2024,[03] March,"Bacolor, Pampanga",[1] Operational,,,,,[A] Operational,A,03-054-04-000,Bacolor,Pampanga,Region III (Central Luzon),Municipality,3rd,R3,E
[2024-04] 03-054-04-000,2024-04,2024,[04] April,"Bacolor, Pampanga",[1] Operational,,,,,[A] Operational,A,03-054-04-000,Bacolor,Pampanga,Region III (Central Luzon),Municipality,3rd,R3,E
[2024-05] 03-054-04-000,2024-05,2024,[05] May,"Bacolor, Pampanga",[1] Operational,,,,,[A] Operational,A,03-054-04-000,Bacolor,Pampanga,Region III (Central Luzon),Municipality,3rd,R3,E
[2024-06] 03-054-04-000,2024-06,2024,[06] June,"Bacolor, Pampanga",[1] Operational,,,,,[A] Operational,A,03-054-04-000,Bacolor,Pampanga,Region III (Central Luzon),Municipality,3rd,R3,E
[2024-07] 03-054-04-000,2024-07,2024,[07] July,"Bacolor, Pampanga",[1] Operational,,,,,[A] Operational,A,03-054-04-000,Bacolor,Pampanga,Region III (Central Luzon),Municipality,3rd,R3,E
[2023-12] 01-028-03-000,2023-12,2023,[12] December,"Badoc, Ilocos Norte",[1] Operational,,,,,[A] Operational,B,01-028-03-000,Badoc,Ilocos Norte,Region I (Ilocos Region),Municipality,3rd,R1,C
[2024-01] 01-028-03-000,2024-01,2024,[01] January,"Badoc, Ilocos Norte",[1] Operational,,,,,[A] Operational,B,01-028-03-000,Badoc,Ilocos Norte,Region I (Ilocos Region),Municipality,3rd,R1,C
[2024-02] 01-028-03-000,2024-02,2024,[02] February,"Badoc, Ilocos Norte",[1] Operational,,,,,[A] Operational,B,01-028-03-000,Badoc,Ilocos Norte,Region I (Ilocos Region),Municipality,3rd,R1,C
[2024-03] 01-028-03-000,2024-03,2024,[03] March,"Badoc, Ilocos Norte",[1] Operational,,,,,[A] Operational,B,01-028-03-000,Badoc,Ilocos Norte,Region I (Ilocos Region),Municipality,3rd,R1,C
[2024-04] 01-028-03-000,2024-04,2024,[04] April,"Badoc, Ilocos Norte",[1] Operational,,,,,[A] Operational,B,01-028-03-000,Badoc,Ilocos Norte,Region I (Ilocos Region),Municipality,3rd,R1,C
[2024-05] 01-028-03-000,2024-05,2024,[05] May,"Badoc, Ilocos Norte",[1] Operational,,,,,[A] Operational,B,01-028-03-000,Badoc,Ilocos Norte,Region I (Ilocos Region),Municipality,3rd,R1,C
[2024-06] 01-028-03-000,2024-06,2024,[06] June,"Badoc, Ilocos Norte",[1] Operational,,,,,[A] Operational,B,01-028-03-000,Badoc,Ilocos Norte,Region I (Ilocos Region),Municipality,3rd,R1,C
[2024-07] 01-028-03-000,2024-07,2024,[07] July,"Badoc, Ilocos Norte",[1] Operational,,,,,[A] Operational,B,01-028-03-000,Badoc,Ilocos Norte,Region I (Ilocos Region),Municipality,3rd,R1,C
[2023-12] 02-015-06-000,2023-12,2023,[12] December,"Baggao, Cagayan",[1] Operational,,,,,[A] Operational,B,02-015-06-000,Baggao,Cagayan,Region II (Cagayan Valley),Municipality,1st,R2,D
[2024-01] 02-015-06-000,2024-01,2024,[01] January,"Baggao, Cagayan",[1] Operational,,,,,[A] Operational,B,02-015-06-000,Baggao,Cagayan,Region II (Cagayan Valley),Municipality,1st,R2,D
[2024-02] 02-015-06-000,2024-02,2024,[02] February,"Baggao, Cagayan",[1] Operational,,,,,[A] Operational,B,02-015-06-000,Baggao,Cagayan,Region II (Cagayan Valley),Municipality,1st,R2,D
[2024-03] 02-015-06-000,2024-03,2024,[03] March,"Baggao, Cagayan",[1] Operational,,,,,[A] Operational,B,02-015-06-000,Baggao,Cagayan,Region II (Cagayan Valley),Municipality,1st,R2,D
[2024-04] 02-015-06-000,2024-04,2024,[04] April,"Baggao, Cagayan",[1] Operational,,,,,[A] Operational,B,02-015-06-000,Baggao,Cagayan,Region II (Cagayan Valley),Municipality,1st,R2,D
[2024-05] 02-015-06-000,2024-05,2024,[05] May,"Baggao, Cagayan",[1] Operational,,,,,[A] Operational,B,02-015-06-000,Baggao,Cagayan,Region II (Cagayan Valley),Municipality,1st,R2,D
[2024-06] 02-015-06-000,2024-06,2024,[06] June,"Baggao, Cagayan",[1] Operational,,,,,[A] Operational,B,02-015-06-000,Baggao,Cagayan,Region II (Cagayan Valley),Municipality,1st,R2,D
[2024-07] 02-015-06-000,2024-07,2024,[07] July,"Baggao, Cagayan",[1] Operational,,,,,[A] Operational,B,02-015-06-000,Baggao,Cagayan,Region II (Cagayan Valley),Municipality,1st,R2,D
[2024-01] 12-065-01-000,2024-01,2024,[01] January,"Bagumbayan, Sultan Kudarat",[2] Ongoing Testing and Data Build-up,20%,,,,[B] Developmental,B,12-065-01-000,Bagumbayan,Sultan Kudarat,Region XII (SOCCSKSARGEN),Municipality,1st,R12,Q
[2024-02] 12-065-01-000,2024-02,2024,[02] February,"Bagumbayan, Sultan Kudarat",[2] Ongoing Testing and Data Build-up,30%,,,,[B] Developmental,B,12-065-01-000,Bagumbayan,Sultan Kudarat,Region XII (SOCCSKSARGEN),Municipality,1st,R12,Q
[2024-03] 12-065-01-000,2024-03,2024,[03] March,"Bagumbayan, Sultan Kudarat",[2] Ongoing Testing and Data Build-up,30%,,,,[B] Developmental,B,12-065-01-000,Bagumbayan,Sultan Kudarat,Region XII (SOCCSKSARGEN),Municipality,1st,R12,Q
[2024-04] 12-065-01-000,2024-04,2024,[04] April,"Bagumbayan, Sultan Kudarat",[2] Ongoing Testing and Data Build-up,50%,,,,[B] Developmental,B,12-065-01-000,Bagumbayan,Sultan Kudarat,Region XII (SOCCSKSARGEN),Municipality,1st,R12,Q
[2024-05] 12-065-01-000,2024-05,2024,[05] May,"Bagumbayan, Sultan Kudarat",[2] Ongoing Testing and Data Build-up,50%,,,,[B] Developmental,B,12-065-01-000,Bagumbayan,Sultan Kudarat,Region XII (SOCCSKSARGEN),Municipality,1st,R12,Q
[2024-06] 12-065-01-000,2024-06,2024,[06] June,"Bagumbayan, Sultan Kudarat",[2] Ongoing Testing and Data Build-up,60%,,,,[B] Developmental,B,12-065-01-000,Bagumbayan,Sultan Kudarat,Region XII (SOCCSKSARGEN),Municipality,1st,R12,Q
[2024-07] 12-065-01-000,2024-07,2024,[07] July,"Bagumbayan, Sultan Kudarat",[2] Ongoing Testing and Data Build-up,60%,,,,[B] Developmental,B,12-065-01-000,Bagumbayan,Sultan Kudarat,Region XII (SOCCSKSARGEN),Municipality,1st,R12,Q
[2023-12] 07-022-08-000,2023-12,2023,[12] December,"Balamban, Cebu",[1] Operational,,,,,[A] Operational,B,07-022-08-000,Balamban,Cebu,Region VII (Central Visayas),Municipality,1st,R7,J
[2024-01] 07-022-08-000,2024-01,2024,[01] January,"Balamban, Cebu",[1] Operational,,,,,[A] Operational,B,07-022-08-000,Balamban,Cebu,Region VII (Central Visayas),Municipality,1st,R7,J
[2024-02] 07-022-08-000,2024-02,2024,[02] February,"Balamban, Cebu",[1] Operational,,,,,[A] Operational,B,07-022-08-000,Balamban,Cebu,Region VII (Central Visayas),Municipality,1st,R7,J
[2024-03] 07-022-08-000,2024-03,2024,[03] March,"Balamban, Cebu",[1] Operational,,,,,[A] Operational,B,07-022-08-000,Balamban,Cebu,Region VII (Central Visayas),Municipality,1st,R7,J
[2024-04] 07-022-08-000,2024-04,2024,[04] April,"Balamban, Cebu",[1] Operational,,,,,[A] Operational,B,07-022-08-000,Balamban,Cebu,Region VII (Central Visayas),Municipality,1st,R7,J
[2024-05] 07-022-08-000,2024-05,2024,[05] May,"Balamban, Cebu",[1] Operational,,,,,[A] Operational,B,07-022-08-000,Balamban,Cebu,Region VII (Central Visayas),Municipality,1st,R7,J
[2024-06] 07-022-08-000,2024-06,2024,[06] June,"Balamban, Cebu",[1] Operational,,,,,[A] Operational,B,07-022-08-000,Balamban,Cebu,Region VII (Central Visayas),Municipality,1st,R7,J
[2024-07] 07-022-08-000,2024-07,2024,[07] July,"Balamban, Cebu",[1] Operational,,,,,[A] Operational,B,07-022-08-000,Balamban,Cebu,Region VII (Central Visayas),Municipality,1st,R7,J
[2023-12] 08-026-03-000,2023-12,2023,[12] December,"Balangkayan, Eastern Samar",[1] Operational,,,,,[A] Operational,B,08-026-03-000,Balangkayan,Eastern Samar,Region VIII (Eastern Visayas),Municipality,5th,R8,K
[2024-01] 08-026-03-000,2024-01,2024,[01] January,"Balangkayan, Eastern Samar",[1] Operational,,,,,[A] Operational,B,08-026-03-000,Balangkayan,Eastern Samar,Region VIII (Eastern Visayas),Municipality,5th,R8,K
[2024-02] 08-026-03-000,2024-02,2024,[02] February,"Balangkayan, Eastern Samar",[1] Operational,,,,,[A] Operational,B,08-026-03-000,Balangkayan,Eastern Samar,Region VIII (Eastern Visayas),Municipality,5th,R8,K
[2024-03] 08-026-03-000,2024-03,2024,[03] March,"Balangkayan, Eastern Samar",[1] Operational,,,,,[A] Operational,B,08-026-03-000,Balangkayan,Eastern Samar,Region VIII (Eastern Visayas),Municipality,5th,R8,K
[2024-04] 08-026-03-000,2024-04,2024,[04] April,"Balangkayan, Eastern Samar",[1] Operational,,,,,[A] Operational,B,08-026-03-000,Balangkayan,Eastern Samar,Region VIII (Eastern Visayas),Municipality,5th,R8,K
[2024-05] 08-026-03-000,2024-05,2024,[05] May,"Balangkayan, Eastern Samar",[1] Operational,,,,,[A] Operational,B,08-026-03-000,Balangkayan,Eastern Samar,Region VIII (Eastern Visayas),Municipality,5th,R8,K
[2024-06] 08-026-03-000,2024-06,2024,[06] June,"Balangkayan, Eastern Samar",[1] Operational,,,,,[A] Operational,B,08-026-03-000,Balangkayan,Eastern Samar,Region VIII (Eastern Visayas),Municipality,5th,R8,K
[2024-07] 08-026-03-000,2024-07,2024,[07] July,"Balangkayan, Eastern Samar",[1] Operational,,,,,[A] Operational,B,08-026-03-000,Balangkayan,Eastern Samar,Region VIII (Eastern Visayas),Municipality,5th,R8,K
[2023-12] 01-033-05-000,2023-12,2023,[12] December,"Balaoan, La Union",[1] Operational,,,,,[A] Operational,B,01-033-05-000,Balaoan,La Union,Region I (Ilocos Region),Municipality,1st,R1,C
[2024-01] 01-033-05-000,2024-01,2024,[01] January,"Balaoan, La Union",[1] Operational,,,,,[A] Operational,B,01-033-05-000,Balaoan,La Union,Region I (Ilocos Region),Municipality,1st,R1,C
[2024-02] 01-033-05-000,2024-02,2024,[02] February,"Balaoan, La Union",[1] Operational,,,,,[A] Operational,B,01-033-05-000,Balaoan,La Union,Region I (Ilocos Region),Municipality,1st,R1,C
[2024-03] 01-033-05-000,2024-03,2024,[03] March,"Balaoan, La Union",[1] Operational,,,,,[A] Operational,B,01-033-05-000,Balaoan,La Union,Region I (Ilocos Region),Municipality,1st,R1,C
[2024-04] 01-033-05-000,2024-04,2024,[04] April,"Balaoan, La Union",[1] Operational,,,,,[A] Operational,B,01-033-05-000,Balaoan,La Union,Region I (Ilocos Region),Municipality,1st,R1,C
[2024-05] 01-033-05-000,2024-05,2024,[05] May,"Balaoan, La Union",[1] Operational,,,,,[A] Operational,B,01-033-05-000,Balaoan,La Union,Region I (Ilocos Region),Municipality,1st,R1,C
[2024-06] 01-033-05-000,2024-06,2024,[06] June,"Balaoan, La Union",[1] Operational,,,,,[A] Operational,B,01-033-05-000,Balaoan,La Union,Region I (Ilocos Region),Municipality,1st,R1,C
[2024-07] 01-033-05-000,2024-07,2024,[07] July,"Balaoan, La Union",[1] Operational,,,,,[A] Operational,B,01-033-05-000,Balaoan,La Union,Region I (Ilocos Region),Municipality,1st,R1,C
[2023-12] 03-077-01-000,2023-12,2023,[12] December,"Baler, Aurora",[1] Operational,,,,,[A] Operational,B,03-077-01-000,Baler,Aurora,Region III (Central Luzon),Municipality,3rd,R3,E
[2024-01] 03-077-01-000,2024-01,2024,[01] January,"Baler, Aurora",[1] Operational,,,,,[A] Operational,B,03-077-01-000,Baler,Aurora,Region III (Central Luzon),Municipality,3rd,R3,E
[2024-02] 03-077-01-000,2024-02,2024,[02] February,"Baler, Aurora",[1] Operational,,,,,[A] Operational,B,03-077-01-000,Baler,Aurora,Region III (Central Luzon),Municipality,3rd,R3,E
[2024-03] 03-077-01-000,2024-03,2024,[03] March,"Baler, Aurora",[1] Operational,,,,,[A] Operational,B,03-077-01-000,Baler,Aurora,Region III (Central Luzon),Municipality,3rd,R3,E
[2024-04] 03-077-01-000,2024-04,2024,[04] April,"Baler, Aurora",[1] Operational,,,,,[A] Operational,B,03-077-01-000,Baler,Aurora,Region III (Central Luzon),Municipality,3rd,R3,E
[2024-05] 03-077-01-000,2024-05,2024,[05] May,"Baler, Aurora",[1] Operational,,,,,[A] Operational,B,03-077-01-000,Baler,Aurora,Region III (Central Luzon),Municipality,3rd,R3,E
[2024-06] 03-077-01-000,2024-06,2024,[06] June,"Baler, Aurora",[1] Operational,,,,,[A] Operational,B,03-077-01-000,Baler,Aurora,Region III (Central Luzon),Municipality,3rd,R3,E
[2024-07] 03-077-01-000,2024-07,2024,[07] July,"Baler, Aurora",[1] Operational,,,,,[A] Operational,B,03-077-01-000,Baler,Aurora,Region III (Central Luzon),Municipality,3rd,R3,E
[2024-05] 10-043-03-000,2024-05,2024,[05] May,"Balingoan, Misamis Oriental",[1] Operational,,,,,[A] Operational,B,10-043-03-000,Balingoan,Misamis Oriental,Region X (Northern Mindanao),Municipality,5th,R10,N
[2024-06] 10-043-03-000,2024-06,2024,[06] June,"Balingoan, Misamis Oriental",[1] Operational,,,,,[A] Operational,B,10-043-03-000,Balingoan,Misamis Oriental,Region X (Northern Mindanao),Municipality,5th,R10,N
[2024-07] 10-043-03-000,2024-07,2024,[07] July,"Balingoan, Misamis Oriental",[1] Operational,,,,,[A] Operational,B,10-043-03-000,Balingoan,Misamis Oriental,Region X (Northern Mindanao),Municipality,5th,R10,N
[2023-12] 01-055-07-000,2023-12,2023,[12] December,"Balungao, Pangasinan",[1] Operational,,,,,[A] Operational,B,01-055-07-000,Balungao,Pangasinan,Region I (Ilocos Region),Municipality,4th,R1,C
[2024-01] 01-055-07-000,2024-01,2024,[01] January,"Balungao, Pangasinan",[1] Operational,,,,,[A] Operational,B,01-055-07-000,Balungao,Pangasinan,Region I (Ilocos Region),Municipality,4th,R1,C
[2024-02] 01-055-07-000,2024-02,2024,[02] February,"Balungao, Pangasinan",[1] Operational,,,,,[A] Operational,B,01-055-07-000,Balungao,Pangasinan,Region I (Ilocos Region),Municipality,4th,R1,C
[2024-03] 01-055-07-000,2024-03,2024,[03] March,"Balungao, Pangasinan",[1] Operational,,,,,[A] Operational,B,01-055-07-000,Balungao,Pangasinan,Region I (Ilocos Region),Municipality,4th,R1,C
[2024-04] 01-055-07-000,2024-04,2024,[04] April,"Balungao, Pangasinan",[1] Operational,,,,,[A] Operational,B,01-055-07-000,Balungao,Pangasinan,Region I (Ilocos Region),Municipality,4th,R1,C
[2024-05] 01-055-07-000,2024-05,2024,[05] May,"Balungao, Pangasinan",[1] Operational,,,,,[A] Operational,B,01-055-07-000,Balungao,Pangasinan,Region I (Ilocos Region),Municipality,4th,R1,C
[2024-06] 01-055-07-000,2024-06,2024,[06] June,"Balungao, Pangasinan",[1] Operational,,,,,[A] Operational,B,01-055-07-000,Balungao,Pangasinan,Region I (Ilocos Region),Municipality,4th,R1,C
[2024-07] 01-055-07-000,2024-07,2024,[07] July,"Balungao, Pangasinan",[1] Operational,,,,,[A] Operational,B,01-055-07-000,Balungao,Pangasinan,Region I (Ilocos Region),Municipality,4th,R1,C
[2023-12] 02-050-04-000,2023-12,2023,[12] December,"Bambang, Nueva Vizcaya",[1] Operational,,,,,[A] Operational,A,02-050-04-000,Bambang,Nueva Vizcaya,Region II (Cagayan Valley),Municipality,1st,R2,D
[2024-01] 02-050-04-000,2024-01,2024,[01] January,"Bambang, Nueva Vizcaya",[1] Operational,,,,,[A] Operational,A,02-050-04-000,Bambang,Nueva Vizcaya,Region II (Cagayan Valley),Municipality,1st,R2,D
[2024-02] 02-050-04-000,2024-02,2024,[02] February,"Bambang, Nueva Vizcaya",[1] Operational,,,,,[A] Operational,A,02-050-04-000,Bambang,Nueva Vizcaya,Region II (Cagayan Valley),Municipality,1st,R2,D
[2024-03] 02-050-04-000,2024-03,2024,[03] March,"Bambang, Nueva Vizcaya",[1] Operational,,,,,[A] Operational,A,02-050-04-000,Bambang,Nueva Vizcaya,Region II (Cagayan Valley),Municipality,1st,R2,D
[2024-04] 02-050-04-000,2024-04,2024,[04] April,"Bambang, Nueva Vizcaya",[1] Operational,,,,,[A] Operational,A,02-050-04-000,Bambang,Nueva Vizcaya,Region II (Cagayan Valley),Municipality,1st,R2,D
[2024-05] 02-050-04-000,2024-05,2024,[05] May,"Bambang, Nueva Vizcaya",[1] Operational,,,,,[A] Operational,A,02-050-04-000,Bambang,Nueva Vizcaya,Region II (Cagayan Valley),Municipality,1st,R2,D
[2024-06] 02-050-04-000,2024-06,2024,[06] June,"Bambang, Nueva Vizcaya",[1] Operational,,,,,[A] Operational,A,02-050-04-000,Bambang,Nueva Vizcaya,Region II (Cagayan Valley),Municipality,1st,R2,D
[2024-07] 02-050-04-000,2024-07,2024,[07] July,"Bambang, Nueva Vizcaya",[1] Operational,,,,,[A] Operational,A,02-050-04-000,Bambang,Nueva Vizcaya,Region II (Cagayan Valley),Municipality,1st,R2,D
[2023-12] 01-029-02-000,2023-12,2023,[12] December,"Banayoyo, Ilocos Sur",[2] Ongoing Testing and Data Build-up,40%,,,,[B] Developmental,B,01-029-02-000,Banayoyo,Ilocos Sur,Region I (Ilocos Region),Municipality,4th,R1,C
[2024-01] 01-029-02-000,2024-01,2024,[01] January,"Banayoyo, Ilocos Sur",[1] Operational,,,,,[A] Operational,B,01-029-02-000,Banayoyo,Ilocos Sur,Region I (Ilocos Region),Municipality,4th,R1,C
[2024-02] 01-029-02-000,2024-02,2024,[02] February,"Banayoyo, Ilocos Sur",[1] Operational,,,,,[A] Operational,B,01-029-02-000,Banayoyo,Ilocos Sur,Region I (Ilocos Region),Municipality,4th,R1,C
[2024-03] 01-029-02-000,2024-03,2024,[03] March,"Banayoyo, Ilocos Sur",[1] Operational,,,,,[A] Operational,B,01-029-02-000,Banayoyo,Ilocos Sur,Region I (Ilocos Region),Municipality,4th,R1,C
[2024-04] 01-029-02-000,2024-04,2024,[04] April,"Banayoyo, Ilocos Sur",[1] Operational,,,,,[A] Operational,B,01-029-02-000,Banayoyo,Ilocos Sur,Region I (Ilocos Region),Municipality,4th,R1,C
[2024-05] 01-029-02-000,2024-05,2024,[05] May,"Banayoyo, Ilocos Sur",[1] Operational,,,,,[A] Operational,B,01-029-02-000,Banayoyo,Ilocos Sur,Region I (Ilocos Region),Municipality,4th,R1,C
[2024-06] 01-029-02-000,2024-06,2024,[06] June,"Banayoyo, Ilocos Sur",[1] Operational,,,,,[A] Operational,B,01-029-02-000,Banayoyo,Ilocos Sur,Region I (Ilocos Region),Municipality,4th,R1,C
[2024-07] 01-029-02-000,2024-07,2024,[07] July,"Banayoyo, Ilocos Sur",[1] Operational,,,,,[A] Operational,B,01-029-02-000,Banayoyo,Ilocos Sur,Region I (Ilocos Region),Municipality,4th,R1,C
[2023-12] 01-028-04-000,2023-12,2023,[12] December,"Bangui, Ilocos Norte",[1] Operational,,,,,[A] Operational,A,01-028-04-000,Bangui,Ilocos Norte,Region I (Ilocos Region),Municipality,4th,R1,C
[2024-01] 01-028-04-000,2024-01,2024,[01] January,"Bangui, Ilocos Norte",[1] Operational,,,,,[A] Operational,A,01-028-04-000,Bangui,Ilocos Norte,Region I (Ilocos Region),Municipality,4th,R1,C
[2024-02] 01-028-04-000,2024-02,2024,[02] February,"Bangui, Ilocos Norte",[1] Operational,,,,,[A] Operational,A,01-028-04-000,Bangui,Ilocos Norte,Region I (Ilocos Region),Municipality,4th,R1,C
[2024-03] 01-028-04-000,2024-03,2024,[03] March,"Bangui, Ilocos Norte",[1] Operational,,,,,[A] Operational,A,01-028-04-000,Bangui,Ilocos Norte,Region I (Ilocos Region),Municipality,4th,R1,C
[2024-04] 01-028-04-000,2024-04,2024,[04] April,"Bangui, Ilocos Norte",[1] Operational,,,,,[A] Operational,A,01-028-04-000,Bangui,Ilocos Norte,Region I (Ilocos Region),Municipality,4th,R1,C
[2024-05] 01-028-04-000,2024-05,2024,[05] May,"Bangui, Ilocos Norte",[1] Operational,,,,,[A] Operational,A,01-028-04-000,Bangui,Ilocos Norte,Region I (Ilocos Region),Municipality,4th,R1,C
[2024-06] 01-028-04-000,2024-06,2024,[06] June,"Bangui, Ilocos Norte",[1] Operational,,,,,[A] Operational,A,01-028-04-000,Bangui,Ilocos Norte,Region I (Ilocos Region),Municipality,4th,R1,C
[2024-07] 01-028-04-000,2024-07,2024,[07] July,"Bangui, Ilocos Norte",[1] Operational,,,,,[A] Operational,A,01-028-04-000,Bangui,Ilocos Norte,Region I (Ilocos Region),Municipality,4th,R1,C
[2024-05] 11-024-01-000,2024-05,2024,[05] May,"Bansalan, Davao del Sur",[1] Operational,,,,,[A] Operational,B,11-024-01-000,Bansalan,Davao del Sur,Region XI (Davao Region),Municipality,1st,R11,P
[2024-06] 11-024-01-000,2024-06,2024,[06] June,"Bansalan, Davao del Sur",[1] Operational,,,,,[A] Operational,B,11-024-01-000,Bansalan,Davao del Sur,Region XI (Davao Region),Municipality,1st,R11,P
[2024-07] 11-024-01-000,2024-07,2024,[07] July,"Bansalan, Davao del Sur",[1] Operational,,,,,[A] Operational,B,11-024-01-000,Bansalan,Davao del Sur,Region XI (Davao Region),Municipality,1st,R11,P
[2023-12] 01-029-03-000,2023-12,2023,[12] December,"Bantay, Ilocos Sur",[2] Ongoing Testing and Data Build-up,75%,,,,[B] Developmental,B,01-029-03-000,Bantay,Ilocos Sur,Region I (Ilocos Region),Municipality,3rd,R1,C
[2024-01] 01-029-03-000,2024-01,2024,[01] January,"Bantay, Ilocos Sur",[2] Ongoing Testing and Data Build-up,75%,,,,[B] Developmental,B,01-029-03-000,Bantay,Ilocos Sur,Region I (Ilocos Region),Municipality,3rd,R1,C
[2024-02] 01-029-03-000,2024-02,2024,[02] February,"Bantay, Ilocos Sur",[2] Ongoing Testing and Data Build-up,75%,,,,[B] Developmental,B,01-029-03-000,Bantay,Ilocos Sur,Region I (Ilocos Region),Municipality,3rd,R1,C
[2024-03] 01-029-03-000,2024-03,2024,[03] March,"Bantay, Ilocos Sur",[2] Ongoing Testing and Data Build-up,75%,,,,[B] Developmental,B,01-029-03-000,Bantay,Ilocos Sur,Region I (Ilocos Region),Municipality,3rd,R1,C
[2024-04] 01-029-03-000,2024-04,2024,[04] April,"Bantay, Ilocos Sur",[2] Ongoing Testing and Data Build-up,75%,,,,[B] Developmental,B,01-029-03-000,Bantay,Ilocos Sur,Region I (Ilocos Region),Municipality,3rd,R1,C
[2024-05] 01-029-03-000,2024-05,2024,[05] May,"Bantay, Ilocos Sur",[2] Ongoing Testing and Data Build-up,75%,,,,[B] Developmental,B,01-029-03-000,Bantay,Ilocos Sur,Region I (Ilocos Region),Municipality,3rd,R1,C
[2024-06] 01-029-03-000,2024-06,2024,[06] June,"Bantay, Ilocos Sur",[2] Ongoing Testing and Data Build-up,75%,,,,[B] Developmental,B,01-029-03-000,Bantay,Ilocos Sur,Region I (Ilocos Region),Municipality,3rd,R1,C
[2024-07] 01-029-03-000,2024-07,2024,[07] July,"Bantay, Ilocos Sur",[2] Ongoing Testing and Data Build-up,75%,,,,[B] Developmental,B,01-029-03-000,Bantay,Ilocos Sur,Region I (Ilocos Region),Municipality,3rd,R1,C
[2023-12] 08-037-06-000,2023-12,2023,[12] December,"Barugo, Leyte",[1] Operational,,,,,[A] Operational,A,08-037-06-000,Barugo,Leyte,Region VIII (Eastern Visayas),Municipality,4th,R8,K
[2024-01] 08-037-06-000,2024-01,2024,[01] January,"Barugo, Leyte",[1] Operational,,,,,[A] Operational,A,08-037-06-000,Barugo,Leyte,Region VIII (Eastern Visayas),Municipality,4th,R8,K
[2024-02] 08-037-06-000,2024-02,2024,[02] February,"Barugo, Leyte",[4] Withdraw,,,,,[D] Withdraw,A,08-037-06-000,Barugo,Leyte,Region VIII (Eastern Visayas),Municipality,4th,R8,K
[2024-03] 08-037-06-000,2024-03,2024,[03] March,"Barugo, Leyte",[4] Withdraw,,,,,[D] Withdraw,A,08-037-06-000,Barugo,Leyte,Region VIII (Eastern Visayas),Municipality,4th,R8,K
[2024-04] 08-037-06-000,2024-04,2024,[04] April,"Barugo, Leyte",[4] Withdraw,,,,,[D] Withdraw,A,08-037-06-000,Barugo,Leyte,Region VIII (Eastern Visayas),Municipality,4th,R8,K
[2024-05] 08-037-06-000,2024-05,2024,[05] May,"Barugo, Leyte",[4] Withdraw,,,,,[D] Withdraw,A,08-037-06-000,Barugo,Leyte,Region VIII (Eastern Visayas),Municipality,4th,R8,K
[2024-06] 08-037-06-000,2024-06,2024,[06] June,"Barugo, Leyte",[4] Withdraw,,,,,[D] Withdraw,A,08-037-06-000,Barugo,Leyte,Region VIII (Eastern Visayas),Municipality,4th,R8,K
[2024-07] 08-037-06-000,2024-07,2024,[07] July,"Barugo, Leyte",[4] Withdraw,,,,,[D] Withdraw,A,08-037-06-000,Barugo,Leyte,Region VIII (Eastern Visayas),Municipality,4th,R8,K
[2023-12] 01-055-10-000,2023-12,2023,[12] December,"Bautista, Pangasinan",[1] Operational,,,,,[A] Operational,A,01-055-10-000,Bautista,Pangasinan,Region I (Ilocos Region),Municipality,4th,R1,C
[2024-01] 01-055-10-000,2024-01,2024,[01] January,"Bautista, Pangasinan",[1] Operational,,,,,[A] Operational,A,01-055-10-000,Bautista,Pangasinan,Region I (Ilocos Region),Municipality,4th,R1,C
[2024-02] 01-055-10-000,2024-02,2024,[02] February,"Bautista, Pangasinan",[1] Operational,,,,,[A] Operational,A,01-055-10-000,Bautista,Pangasinan,Region I (Ilocos Region),Municipality,4th,R1,C
[2024-03] 01-055-10-000,2024-03,2024,[03] March,"Bautista, Pangasinan",[1] Operational,,,,,[A] Operational,A,01-055-10-000,Bautista,Pangasinan,Region I (Ilocos Region),Municipality,4th,R1,C
[2024-04] 01-055-10-000,2024-04,2024,[04] April,"Bautista, Pangasinan",[1] Operational,,,,,[A] Operational,A,01-055-10-000,Bautista,Pangasinan,Region I (Ilocos Region),Municipality,4th,R1,C
[2024-05] 01-055-10-000,2024-05,2024,[05] May,"Bautista, Pangasinan",[1] Operational,,,,,[A] Operational,A,01-055-10-000,Bautista,Pangasinan,Region I (Ilocos Region),Municipality,4th,R1,C
[2024-06] 01-055-10-000,2024-06,2024,[06] June,"Bautista, Pangasinan",[1] Operational,,,,,[A] Operational,A,01-055-10-000,Bautista,Pangasinan,Region I (Ilocos Region),Municipality,4th,R1,C
[2024-07] 01-055-10-000,2024-07,2024,[07] July,"Bautista, Pangasinan",[1] Operational,,,,,[A] Operational,A,01-055-10-000,Bautista,Pangasinan,Region I (Ilocos Region),Municipality,4th,R1,C
[2023-12] 01-055-11-000,2023-12,2023,[12] December,"Bayambang, Pangasinan",[1] Operational,,,,,[A] Operational,A,01-055-11-000,Bayambang,Pangasinan,Region I (Ilocos Region),Municipality,1st,R1,C
[2024-01] 01-055-11-000,2024-01,2024,[01] January,"Bayambang, Pangasinan",[1] Operational,,,,,[A] Operational,A,01-055-11-000,Bayambang,Pangasinan,Region I (Ilocos Region),Municipality,1st,R1,C
[2024-02] 01-055-11-000,2024-02,2024,[02] February,"Bayambang, Pangasinan",[1] Operational,,,,,[A] Operational,A,01-055-11-000,Bayambang,Pangasinan,Region I (Ilocos Region),Municipality,1st,R1,C
[2024-03] 01-055-11-000,2024-03,2024,[03] March,"Bayambang, Pangasinan",[1] Operational,,,,,[A] Operational,A,01-055-11-000,Bayambang,Pangasinan,Region I (Ilocos Region),Municipality,1st,R1,C
[2024-04] 01-055-11-000,2024-04,2024,[04] April,"Bayambang, Pangasinan",[1] Operational,,,,,[A] Operational,A,01-055-11-000,Bayambang,Pangasinan,Region I (Ilocos Region),Municipality,1st,R1,C
[2024-05] 01-055-11-000,2024-05,2024,[05] May,"Bayambang, Pangasinan",[1] Operational,,,,,[A] Operational,A,01-055-11-000,Bayambang,Pangasinan,Region I (Ilocos Region),Municipality,1st,R1,C
[2024-06] 01-055-11-000,2024-06,2024,[06] June,"Bayambang, Pangasinan",[1] Operational,,,,,[A] Operational,A,01-055-11-000,Bayambang,Pangasinan,Region I (Ilocos Region),Municipality,1st,R1,C
[2024-07] 01-055-11-000,2024-07,2024,[07] July,"Bayambang, Pangasinan",[1] Operational,,,,,[A] Operational,A,01-055-11-000,Bayambang,Pangasinan,Region I (Ilocos Region),Municipality,1st,R1,C
[2024-07] 06-006-03-000,2024-07,2024,[07] July,"Belison, Antique",[1] Operational,,,,,[A] Operational,B,06-006-03-000,Belison,Antique,Region VI (Western Visayas),Municipality,5th,R6,I
[2023-12] 08-078-02-000,2023-12,2023,[12] December,"Biliran, Biliran",[1] Operational,,,,,[A] Operational,B,08-078-02-000,Biliran,Biliran,Region VIII (Eastern Visayas),Municipality,5th,R8,K
[2024-01] 08-078-02-000,2024-01,2024,[01] January,"Biliran, Biliran",[1] Operational,,,,,[A] Operational,B,08-078-02-000,Biliran,Biliran,Region VIII (Eastern Visayas),Municipality,5th,R8,K
[2024-02] 08-078-02-000,2024-02,2024,[02] February,"Biliran, Biliran",[1] Operational,,,,,[A] Operational,B,08-078-02-000,Biliran,Biliran,Region VIII (Eastern Visayas),Municipality,5th,R8,K
[2024-03] 08-078-02-000,2024-03,2024,[03] March,"Biliran, Biliran",[1] Operational,,,,,[A] Operational,B,08-078-02-000,Biliran,Biliran,Region VIII (Eastern Visayas),Municipality,5th,R8,K
[2024-04] 08-078-02-000,2024-04,2024,[04] April,"Biliran, Biliran",[1] Operational,,,,,[A] Operational,B,08-078-02-000,Biliran,Biliran,Region VIII (Eastern Visayas),Municipality,5th,R8,K
[2024-05] 08-078-02-000,2024-05,2024,[05] May,"Biliran, Biliran",[1] Operational,,,,,[A] Operational,B,08-078-02-000,Biliran,Biliran,Region VIII (Eastern Visayas),Municipality,5th,R8,K
[2024-06] 08-078-02-000,2024-06,2024,[06] June,"Biliran, Biliran",[1] Operational,,,,,[A] Operational,B,08-078-02-000,Biliran,Biliran,Region VIII (Eastern Visayas),Municipality,5th,R8,K
[2024-07] 08-078-02-000,2024-07,2024,[07] July,"Biliran, Biliran",[1] Operational,,,,,[A] Operational,B,08-078-02-000,Biliran,Biliran,Region VIII (Eastern Visayas),Municipality,5th,R8,K
[2024-06] 06-030-10-000,2024-06,2024,[06] June,"Bingawan, Iloilo",[1] Operational,,,,,[A] Operational,B,06-030-10-000,Bingawan,Iloilo,Region VI (Western Visayas),Municipality,5th,R6,I
[2024-07] 06-030-10-000,2024-07,2024,[07] July,"Bingawan, Iloilo",[1] Operational,,,,,[A] Operational,B,06-030-10-000,Bingawan,Iloilo,Region VI (Western Visayas),Municipality,5th,R6,I
[2023-12] 08-048-03-000,2023-12,2023,[12] December,"Bobon, Northern Samar",[1] Operational,,,,,[A] Operational,A,08-048-03-000,Bobon,Northern Samar,Region VIII (Eastern Visayas),Municipality,4th,R8,K
[2024-01] 08-048-03-000,2024-01,2024,[01] January,"Bobon, Northern Samar",[1] Operational,,,,,[A] Operational,A,08-048-03-000,Bobon,Northern Samar,Region VIII (Eastern Visayas),Municipality,4th,R8,K
[2024-02] 08-048-03-000,2024-02,2024,[02] February,"Bobon, Northern Samar",[1] Operational,,,,,[A] Operational,A,08-048-03-000,Bobon,Northern Samar,Region VIII (Eastern Visayas),Municipality,4th,R8,K
[2024-03] 08-048-03-000,2024-03,2024,[03] March,"Bobon, Northern Samar",[1] Operational,,,,,[A] Operational,A,08-048-03-000,Bobon,Northern Samar,Region VIII (Eastern Visayas),Municipality,4th,R8,K
[2024-04] 08-048-03-000,2024-04,2024,[04] April,"Bobon, Northern Samar",[1] Operational,,,,,[A] Operational,A,08-048-03-000,Bobon,Northern Samar,Region VIII (Eastern Visayas),Municipality,4th,R8,K
[2024-05] 08-048-03-000,2024-05,2024,[05] May,"Bobon, Northern Samar",[1] Operational,,,,,[A] Operational,A,08-048-03-000,Bobon,Northern Samar,Region VIII (Eastern Visayas),Municipality,4th,R8,K
[2024-06] 08-048-03-000,2024-06,2024,[06] June,"Bobon, Northern Samar",[1] Operational,,,,,[A] Operational,A,08-048-03-000,Bobon,Northern Samar,Region VIII (Eastern Visayas),Municipality,4th,R8,K
[2024-07] 08-048-03-000,2024-07,2024,[07] July,"Bobon, Northern Samar",[1] Operational,,,,,[A] Operational,A,08-048-03-000,Bobon,Northern Samar,Region VIII (Eastern Visayas),Municipality,4th,R8,K
[2023-12] 03-049-02-000,2023-12,2023,[12] December,"Bongabon, Nueva Ecija",[1] Operational,,,,,[A] Operational,A,03-049-02-000,Bongabon,Nueva Ecija,Region III (Central Luzon),Municipality,2nd,R3,E
[2024-01] 03-049-02-000,2024-01,2024,[01] January,"Bongabon, Nueva Ecija",[1] Operational,,,,,[A] Operational,A,03-049-02-000,Bongabon,Nueva Ecija,Region III (Central Luzon),Municipality,2nd,R3,E
[2024-02] 03-049-02-000,2024-02,2024,[02] February,"Bongabon, Nueva Ecija",[1] Operational,,,,,[A] Operational,A,03-049-02-000,Bongabon,Nueva Ecija,Region III (Central Luzon),Municipality,2nd,R3,E
[2024-03] 03-049-02-000,2024-03,2024,[03] March,"Bongabon, Nueva Ecija",[1] Operational,,,,,[A] Operational,A,03-049-02-000,Bongabon,Nueva Ecija,Region III (Central Luzon),Municipality,2nd,R3,E
[2024-04] 03-049-02-000,2024-04,2024,[04] April,"Bongabon, Nueva Ecija",[1] Operational,,,,,[A] Operational,A,03-049-02-000,Bongabon,Nueva Ecija,Region III (Central Luzon),Municipality,2nd,R3,E
[2024-05] 03-049-02-000,2024-05,2024,[05] May,"Bongabon, Nueva Ecija",[1] Operational,,,,,[A] Operational,A,03-049-02-000,Bongabon,Nueva Ecija,Region III (Central Luzon),Municipality,2nd,R3,E
[2024-06] 03-049-02-000,2024-06,2024,[06] June,"Bongabon, Nueva Ecija",[1] Operational,,,,,[A] Operational,A,03-049-02-000,Bongabon,Nueva Ecija,Region III (Central Luzon),Municipality,2nd,R3,E
[2024-07] 03-049-02-000,2024-07,2024,[07] July,"Bongabon, Nueva Ecija",[1] Operational,,,,,[A] Operational,A,03-049-02-000,Bongabon,Nueva Ecija,Region III (Central Luzon),Municipality,2nd,R3,E
[2023-12] 19-070-02-000,2023-12,2023,[12] December,"Bongao, Tawi-Tawi",[1] Operational,,,,,[A] Operational,A,19-070-02-000,Bongao,Tawi-Tawi,Bangsamoro Autonomous Region In Muslim Mindanao (BARMM),Municipality,2nd,BARMM I,M
[2024-01] 19-070-02-000,2024-01,2024,[01] January,"Bongao, Tawi-Tawi",[1] Operational,,,,,[A] Operational,A,19-070-02-000,Bongao,Tawi-Tawi,Bangsamoro Autonomous Region In Muslim Mindanao (BARMM),Municipality,2nd,BARMM I,M
[2024-02] 19-070-02-000,2024-02,2024,[02] February,"Bongao, Tawi-Tawi",[1] Operational,,,,,[A] Operational,A,19-070-02-000,Bongao,Tawi-Tawi,Bangsamoro Autonomous Region In Muslim Mindanao (BARMM),Municipality,2nd,BARMM I,M
[2024-03] 19-070-02-000,2024-03,2024,[03] March,"Bongao, Tawi-Tawi",[1] Operational,,,,,[A] Operational,A,19-070-02-000,Bongao,Tawi-Tawi,Bangsamoro Autonomous Region In Muslim Mindanao (BARMM),Municipality,2nd,BARMM I,M
[2024-04] 19-070-02-000,2024-04,2024,[04] April,"Bongao, Tawi-Tawi",[1] Operational,,,,,[A] Operational,A,19-070-02-000,Bongao,Tawi-Tawi,Bangsamoro Autonomous Region In Muslim Mindanao (BARMM),Municipality,2nd,BARMM I,M
[2024-05] 19-070-02-000,2024-05,2024,[05] May,"Bongao, Tawi-Tawi",[1] Operational,,,,,[A] Operational,A,19-070-02-000,Bongao,Tawi-Tawi,Bangsamoro Autonomous Region In Muslim Mindanao (BARMM),Municipality,2nd,BARMM I,M
[2024-06] 19-070-02-000,2024-06,2024,[06] June,"Bongao, Tawi-Tawi",[1] Operational,,,,,[A] Operational,A,19-070-02-000,Bongao,Tawi-Tawi,Bangsamoro Autonomous Region In Muslim Mindanao (BARMM),Municipality,2nd,BARMM I,M
[2024-07] 19-070-02-000,2024-07,2024,[07] July,"Bongao, Tawi-Tawi",[1] Operational,,,,,[A] Operational,A,19-070-02-000,Bongao,Tawi-Tawi,Bangsamoro Autonomous Region In Muslim Mindanao (BARMM),Municipality,2nd,BARMM I,M
[2024-07] 10-042-03-000,2024-07,2024,[07] July,"Bonifacio, Misamis Occidental",[1] Operational,,,,,[A] Operational,B,10-042-03-000,Bonifacio,Misamis Occidental,Region X (Northern Mindanao),Municipality,4th,R10,N
[2023-12] 14-044-04-000,2023-12,2023,[12] December,"Bontoc, Mountain Province",[1] Operational,,,,,[A] Operational,B,14-044-04-000,Bontoc,Mountain Province,Cordillera Administrative Region (CAR),Municipality,2nd,CAR,B
[2024-01] 14-044-04-000,2024-01,2024,[01] January,"Bontoc, Mountain Province",[1] Operational,,,,,[A] Operational,B,14-044-04-000,Bontoc,Mountain Province,Cordillera Administrative Region (CAR),Municipality,2nd,CAR,B
[2024-02] 14-044-04-000,2024-02,2024,[02] February,"Bontoc, Mountain Province",[1] Operational,,,,,[A] Operational,B,14-044-04-000,Bontoc,Mountain Province,Cordillera Administrative Region (CAR),Municipality,2nd,CAR,B
[2024-03] 14-044-04-000,2024-03,2024,[03] March,"Bontoc, Mountain Province",[1] Operational,,,,,[A] Operational,B,14-044-04-000,Bontoc,Mountain Province,Cordillera Administrative Region (CAR),Municipality,2nd,CAR,B
[2024-04] 14-044-04-000,2024-04,2024,[04] April,"Bontoc, Mountain Province",[1] Operational,,,,,[A] Operational,B,14-044-04-000,Bontoc,Mountain Province,Cordillera Administrative Region (CAR),Municipality,2nd,CAR,B
[2024-05] 14-044-04-000,2024-05,2024,[05] May,"Bontoc, Mountain Province",[1] Operational,,,,,[A] Operational,B,14-044-04-000,Bontoc,Mountain Province,Cordillera Administrative Region (CAR),Municipality,2nd,CAR,B
[2024-06] 14-044-04-000,2024-06,2024,[06] June,"Bontoc, Mountain Province",[1] Operational,,,,,[A] Operational,B,14-044-04-000,Bontoc,Mountain Province,Cordillera Administrative Region (CAR),Municipality,2nd,CAR,B
[2024-07] 14-044-04-000,2024-07,2024,[07] July,"Bontoc, Mountain Province",[1] Operational,,,,,[A] Operational,B,14-044-04-000,Bontoc,Mountain Province,Cordillera Administrative Region (CAR),Municipality,2nd,CAR,B
[2023-12] 03-071-01-000,2023-12,2023,[12] December,"Botolan, Zambales",[1] Operational,,,,,[A] Operational,A,03-071-01-000,Botolan,Zambales,Region III (Central Luzon),Municipality,1st,R3,E
[2024-01] 03-071-01-000,2024-01,2024,[01] January,"Botolan, Zambales",[1] Operational,,,,,[A] Operational,A,03-071-01-000,Botolan,Zambales,Region III (Central Luzon),Municipality,1st,R3,E
[2024-02] 03-071-01-000,2024-02,2024,[02] February,"Botolan, Zambales",[1] Operational,,,,,[A] Operational,A,03-071-01-000,Botolan,Zambales,Region III (Central Luzon),Municipality,1st,R3,E
[2024-03] 03-071-01-000,2024-03,2024,[03] March,"Botolan, Zambales",[1] Operational,,,,,[A] Operational,A,03-071-01-000,Botolan,Zambales,Region III (Central Luzon),Municipality,1st,R3,E
[2024-04] 03-071-01-000,2024-04,2024,[04] April,"Botolan, Zambales",[1] Operational,,,,,[A] Operational,A,03-071-01-000,Botolan,Zambales,Region III (Central Luzon),Municipality,1st,R3,E
[2024-05] 03-071-01-000,2024-05,2024,[05] May,"Botolan, Zambales",[1] Operational,,,,,[A] Operational,A,03-071-01-000,Botolan,Zambales,Region III (Central Luzon),Municipality,1st,R3,E
[2024-06] 03-071-01-000,2024-06,2024,[06] June,"Botolan, Zambales",[1] Operational,,,,,[A] Operational,A,03-071-01-000,Botolan,Zambales,Region III (Central Luzon),Municipality,1st,R3,E
[2024-07] 03-071-01-000,2024-07,2024,[07] July,"Botolan, Zambales",[1] Operational,,,,,[A] Operational,A,03-071-01-000,Botolan,Zambales,Region III (Central Luzon),Municipality,1st,R3,E
[2023-12] 01-033-08-000,2023-12,2023,[12] December,"Burgos, La Union",[2] Ongoing Testing and Data Build-up,95%,,,,[B] Developmental,A,01-033-08-000,Burgos,La Union,Region I (Ilocos Region),Municipality,5th,R1,C
[2024-01] 01-033-08-000,2024-01,2024,[01] January,"Burgos, La Union",[1] Operational,,,,,[A] Operational,A,01-033-08-000,Burgos,La Union,Region I (Ilocos Region),Municipality,5th,R1,C
[2024-02] 01-033-08-000,2024-02,2024,[02] February,"Burgos, La Union",[1] Operational,,,,,[A] Operational,A,01-033-08-000,Burgos,La Union,Region I (Ilocos Region),Municipality,5th,R1,C
[2024-03] 01-033-08-000,2024-03,2024,[03] March,"Burgos, La Union",[1] Operational,,,,,[A] Operational,A,01-033-08-000,Burgos,La Union,Region I (Ilocos Region),Municipality,5th,R1,C
[2024-04] 01-033-08-000,2024-04,2024,[04] April,"Burgos, La Union",[1] Operational,,,,,[A] Operational,A,01-033-08-000,Burgos,La Union,Region I (Ilocos Region),Municipality,5th,R1,C
[2024-05] 01-033-08-000,2024-05,2024,[05] May,"Burgos, La Union",[1] Operational,,,,,[A] Operational,A,01-033-08-000,Burgos,La Union,Region I (Ilocos Region),Municipality,5th,R1,C
[2024-06] 01-033-08-000,2024-06,2024,[06] June,"Burgos, La Union",[1] Operational,,,,,[A] Operational,A,01-033-08-000,Burgos,La Union,Region I (Ilocos Region),Municipality,5th,R1,C
[2024-07] 01-033-08-000,2024-07,2024,[07] July,"Burgos, La Union",[1] Operational,,,,,[A] Operational,A,01-033-08-000,Burgos,La Union,Region I (Ilocos Region),Municipality,5th,R1,C
[2024-07] 06-004-05-000,2024-07,2024,[07] July,"Buruanga, Aklan",[1] Operational,,,,,[A] Operational,B,06-004-05-000,Buruanga,Aklan,Region VI (Western Visayas),Municipality,5th,R6,I
[2023-12] 17-053-07-000,2023-12,2023,[12] December,"Busuanga, Palawan",[1] Operational,,,,,[A] Operational,A,17-053-07-000,Busuanga,Palawan,MIMAROPA Region,Municipality,3rd,R4B,G
[2024-01] 17-053-07-000,2024-01,2024,[01] January,"Busuanga, Palawan",[1] Operational,,,,,[A] Operational,A,17-053-07-000,Busuanga,Palawan,MIMAROPA Region,Municipality,3rd,R4B,G
[2024-02] 17-053-07-000,2024-02,2024,[02] February,"Busuanga, Palawan",[1] Operational,,,,,[A] Operational,A,17-053-07-000,Busuanga,Palawan,MIMAROPA Region,Municipality,3rd,R4B,G
[2024-03] 17-053-07-000,2024-03,2024,[03] March,"Busuanga, Palawan",[1] Operational,,,,,[A] Operational,A,17-053-07-000,Busuanga,Palawan,MIMAROPA Region,Municipality,3rd,R4B,G
[2024-04] 17-053-07-000,2024-04,2024,[04] April,"Busuanga, Palawan",[1] Operational,,,,,[A] Operational,A,17-053-07-000,Busuanga,Palawan,MIMAROPA Region,Municipality,3rd,R4B,G
[2024-05] 17-053-07-000,2024-05,2024,[05] May,"Busuanga, Palawan",[1] Operational,,,,,[A] Operational,A,17-053-07-000,Busuanga,Palawan,MIMAROPA Region,Municipality,3rd,R4B,G
[2024-06] 17-053-07-000,2024-06,2024,[06] June,"Busuanga, Palawan",[1] Operational,,,,,[A] Operational,A,17-053-07-000,Busuanga,Palawan,MIMAROPA Region,Municipality,3rd,R4B,G
[2024-07] 17-053-07-000,2024-07,2024,[07] July,"Busuanga, Palawan",[1] Operational,,,,,[A] Operational,A,17-053-07-000,Busuanga,Palawan,MIMAROPA Region,Municipality,3rd,R4B,G
[2023-12] 01-033-09-000,2023-12,2023,[12] December,"Caba, La Union",[1] Operational,,,,,[A] Operational,A,01-033-09-000,Caba,La Union,Region I (Ilocos Region),Municipality,4th,R1,C
[2024-01] 01-033-09-000,2024-01,2024,[01] January,"Caba, La Union",[1] Operational,,,,,[A] Operational,A,01-033-09-000,Caba,La Union,Region I (Ilocos Region),Municipality,4th,R1,C
[2024-02] 01-033-09-000,2024-02,2024,[02] February,"Caba, La Union",[1] Operational,,,,,[A] Operational,A,01-033-09-000,Caba,La Union,Region I (Ilocos Region),Municipality,4th,R1,C
[2024-03] 01-033-09-000,2024-03,2024,[03] March,"Caba, La Union",[1] Operational,,,,,[A] Operational,A,01-033-09-000,Caba,La Union,Region I (Ilocos Region),Municipality,4th,R1,C
[2024-04] 01-033-09-000,2024-04,2024,[04] April,"Caba, La Union",[1] Operational,,,,,[A] Operational,A,01-033-09-000,Caba,La Union,Region I (Ilocos Region),Municipality,4th,R1,C
[2024-05] 01-033-09-000,2024-05,2024,[05] May,"Caba, La Union",[1] Operational,,,,,[A] Operational,A,01-033-09-000,Caba,La Union,Region I (Ilocos Region),Municipality,4th,R1,C
[2024-06] 01-033-09-000,2024-06,2024,[06] June,"Caba, La Union",[1] Operational,,,,,[A] Operational,A,01-033-09-000,Caba,La Union,Region I (Ilocos Region),Municipality,4th,R1,C
[2024-07] 01-033-09-000,2024-07,2024,[07] July,"Caba, La Union",[1] Operational,,,,,[A] Operational,A,01-033-09-000,Caba,La Union,Region I (Ilocos Region),Municipality,4th,R1,C
[2023-12] 02-031-06-000,2023-12,2023,[12] December,"Cabagan, Isabela",[1] Operational,,,,,[A] Operational,B,02-031-06-000,Cabagan,Isabela,Region II (Cagayan Valley),Municipality,1st,R2,D
[2024-01] 02-031-06-000,2024-01,2024,[01] January,"Cabagan, Isabela",[1] Operational,,,,,[A] Operational,B,02-031-06-000,Cabagan,Isabela,Region II (Cagayan Valley),Municipality,1st,R2,D
[2024-02] 02-031-06-000,2024-02,2024,[02] February,"Cabagan, Isabela",[1] Operational,,,,,[A] Operational,B,02-031-06-000,Cabagan,Isabela,Region II (Cagayan Valley),Municipality,1st,R2,D
[2024-03] 02-031-06-000,2024-03,2024,[03] March,"Cabagan, Isabela",[1] Operational,,,,,[A] Operational,B,02-031-06-000,Cabagan,Isabela,Region II (Cagayan Valley),Municipality,1st,R2,D
[2024-04] 02-031-06-000,2024-04,2024,[04] April,"Cabagan, Isabela",[1] Operational,,,,,[A] Operational,B,02-031-06-000,Cabagan,Isabela,Region II (Cagayan Valley),Municipality,1st,R2,D
[2024-05] 02-031-06-000,2024-05,2024,[05] May,"Cabagan, Isabela",[1] Operational,,,,,[A] Operational,B,02-031-06-000,Cabagan,Isabela,Region II (Cagayan Valley),Municipality,1st,R2,D
[2024-06] 02-031-06-000,2024-06,2024,[06] June,"Cabagan, Isabela",[1] Operational,,,,,[A] Operational,B,02-031-06-000,Cabagan,Isabela,Region II (Cagayan Valley),Municipality,1st,R2,D
[2024-07] 02-031-06-000,2024-07,2024,[07] July,"Cabagan, Isabela",[1] Operational,,,,,[A] Operational,B,02-031-06-000,Cabagan,Isabela,Region II (Cagayan Valley),Municipality,1st,R2,D
[2023-12] 06-030-12-000,2023-12,2023,[12] December,"Cabatuan, Iloilo",[1] Operational,,,,,[A] Operational,B,06-030-12-000,Cabatuan,Iloilo,Region VI (Western Visayas),Municipality,2nd,R6,I
[2024-01] 06-030-12-000,2024-01,2024,[01] January,"Cabatuan, Iloilo",[1] Operational,,,,,[A] Operational,B,06-030-12-000,Cabatuan,Iloilo,Region VI (Western Visayas),Municipality,2nd,R6,I
[2024-02] 06-030-12-000,2024-02,2024,[02] February,"Cabatuan, Iloilo",[1] Operational,,,,,[A] Operational,B,06-030-12-000,Cabatuan,Iloilo,Region VI (Western Visayas),Municipality,2nd,R6,I
[2024-03] 06-030-12-000,2024-03,2024,[03] March,"Cabatuan, Iloilo",[1] Operational,,,,,[A] Operational,B,06-030-12-000,Cabatuan,Iloilo,Region VI (Western Visayas),Municipality,2nd,R6,I
[2024-04] 06-030-12-000,2024-04,2024,[04] April,"Cabatuan, Iloilo",[1] Operational,,,,,[A] Operational,B,06-030-12-000,Cabatuan,Iloilo,Region VI (Western Visayas),Municipality,2nd,R6,I
[2024-05] 06-030-12-000,2024-05,2024,[05] May,"Cabatuan, Iloilo",[1] Operational,,,,,[A] Operational,B,06-030-12-000,Cabatuan,Iloilo,Region VI (Western Visayas),Municipality,2nd,R6,I
[2024-06] 06-030-12-000,2024-06,2024,[06] June,"Cabatuan, Iloilo",[1] Operational,,,,,[A] Operational,B,06-030-12-000,Cabatuan,Iloilo,Region VI (Western Visayas),Municipality,2nd,R6,I
[2024-07] 06-030-12-000,2024-07,2024,[07] July,"Cabatuan, Iloilo",[1] Operational,,,,,[A] Operational,B,06-030-12-000,Cabatuan,Iloilo,Region VI (Western Visayas),Municipality,2nd,R6,I
[2024-07] 16-068-04-000,2024-07,2024,[07] July,"Cagwait, Surigao del Sur",[1] Operational,,,,,[A] Operational,B,16-068-04-000,Cagwait,Surigao del Sur,Region XIII (Caraga),Municipality,4th,R13,O
[2023-12] 10-042-04-000,2023-12,2023,[12] December,"Calamba, Misamis Occidental",[1] Operational,,,,,[A] Operational,A,10-042-04-000,Calamba,Misamis Occidental,Region X (Northern Mindanao),Municipality,4th,R10,N
[2024-01] 10-042-04-000,2024-01,2024,[01] January,"Calamba, Misamis Occidental",[1] Operational,,,,,[A] Operational,A,10-042-04-000,Calamba,Misamis Occidental,Region X (Northern Mindanao),Municipality,4th,R10,N
[2024-02] 10-042-04-000,2024-02,2024,[02] February,"Calamba, Misamis Occidental",[1] Operational,,,,,[A] Operational,A,10-042-04-000,Calamba,Misamis Occidental,Region X (Northern Mindanao),Municipality,4th,R10,N
[2024-03] 10-042-04-000,2024-03,2024,[03] March,"Calamba, Misamis Occidental",[1] Operational,,,,,[A] Operational,A,10-042-04-000,Calamba,Misamis Occidental,Region X (Northern Mindanao),Municipality,4th,R10,N
[2024-04] 10-042-04-000,2024-04,2024,[04] April,"Calamba, Misamis Occidental",[1] Operational,,,,,[A] Operational,A,10-042-04-000,Calamba,Misamis Occidental,Region X (Northern Mindanao),Municipality,4th,R10,N
[2024-05] 10-042-04-000,2024-05,2024,[05] May,"Calamba, Misamis Occidental",[1] Operational,,,,,[A] Operational,A,10-042-04-000,Calamba,Misamis Occidental,Region X (Northern Mindanao),Municipality,4th,R10,N
[2024-06] 10-042-04-000,2024-06,2024,[06] June,"Calamba, Misamis Occidental",[1] Operational,,,,,[A] Operational,A,10-042-04-000,Calamba,Misamis Occidental,Region X (Northern Mindanao),Municipality,4th,R10,N
[2024-07] 10-042-04-000,2024-07,2024,[07] July,"Calamba, Misamis Occidental",[1] Operational,,,,,[A] Operational,A,10-042-04-000,Calamba,Misamis Occidental,Region X (Northern Mindanao),Municipality,4th,R10,N
[2023-12] 04-056-07-000,2023-12,2023,[12] December,"Calauag, Quezon",[1] Operational,,,,,[A] Operational,A,04-056-07-000,Calauag,Quezon,Region IV-A (CALABARZON),Municipality,1st,R4A,F
[2024-01] 04-056-07-000,2024-01,2024,[01] January,"Calauag, Quezon",[1] Operational,,,,,[A] Operational,A,04-056-07-000,Calauag,Quezon,Region IV-A (CALABARZON),Municipality,1st,R4A,F
[2024-02] 04-056-07-000,2024-02,2024,[02] February,"Calauag, Quezon",[1] Operational,,,,,[A] Operational,A,04-056-07-000,Calauag,Quezon,Region IV-A (CALABARZON),Municipality,1st,R4A,F
[2024-03] 04-056-07-000,2024-03,2024,[03] March,"Calauag, Quezon",[1] Operational,,,,,[A] Operational,A,04-056-07-000,Calauag,Quezon,Region IV-A (CALABARZON),Municipality,1st,R4A,F
[2024-04] 04-056-07-000,2024-04,2024,[04] April,"Calauag, Quezon",[1] Operational,,,,,[A] Operational,A,04-056-07-000,Calauag,Quezon,Region IV-A (CALABARZON),Municipality,1st,R4A,F
[2024-05] 04-056-07-000,2024-05,2024,[05] May,"Calauag, Quezon",[1] Operational,,,,,[A] Operational,A,04-056-07-000,Calauag,Quezon,Region IV-A (CALABARZON),Municipality,1st,R4A,F
[2024-06] 04-056-07-000,2024-06,2024,[06] June,"Calauag, Quezon",[1] Operational,,,,,[A] Operational,A,04-056-07-000,Calauag,Quezon,Region IV-A (CALABARZON),Municipality,1st,R4A,F
[2024-07] 04-056-07-000,2024-07,2024,[07] July,"Calauag, Quezon",[1] Operational,,,,,[A] Operational,A,04-056-07-000,Calauag,Quezon,Region IV-A (CALABARZON),Municipality,1st,R4A,F
[2023-12] 17-051-02-000,2023-12,2023,[12] December,"Calintaan, Occidental Mindoro",[1] Operational,,,,,[A] Operational,A,17-051-02-000,Calintaan,Occidental Mindoro,MIMAROPA Region,Municipality,3rd,R4B,G
[2024-01] 17-051-02-000,2024-01,2024,[01] January,"Calintaan, Occidental Mindoro",[1] Operational,,,,,[A] Operational,A,17-051-02-000,Calintaan,Occidental Mindoro,MIMAROPA Region,Municipality,3rd,R4B,G
[2024-02] 17-051-02-000,2024-02,2024,[02] February,"Calintaan, Occidental Mindoro",[1] Operational,,,,,[A] Operational,A,17-051-02-000,Calintaan,Occidental Mindoro,MIMAROPA Region,Municipality,3rd,R4B,G
[2024-03] 17-051-02-000,2024-03,2024,[03] March,"Calintaan, Occidental Mindoro",[1] Operational,,,,,[A] Operational,A,17-051-02-000,Calintaan,Occidental Mindoro,MIMAROPA Region,Municipality,3rd,R4B,G
[2024-04] 17-051-02-000,2024-04,2024,[04] April,"Calintaan, Occidental Mindoro",[1] Operational,,,,,[A] Operational,A,17-051-02-000,Calintaan,Occidental Mindoro,MIMAROPA Region,Municipality,3rd,R4B,G
[2024-05] 17-051-02-000,2024-05,2024,[05] May,"Calintaan, Occidental Mindoro",[1] Operational,,,,,[A] Operational,A,17-051-02-000,Calintaan,Occidental Mindoro,MIMAROPA Region,Municipality,3rd,R4B,G
[2024-06] 17-051-02-000,2024-06,2024,[06] June,"Calintaan, Occidental Mindoro",[1] Operational,,,,,[A] Operational,A,17-051-02-000,Calintaan,Occidental Mindoro,MIMAROPA Region,Municipality,3rd,R4B,G
[2024-07] 17-051-02-000,2024-07,2024,[07] July,"Calintaan, Occidental Mindoro",[1] Operational,,,,,[A] Operational,A,17-051-02-000,Calintaan,Occidental Mindoro,MIMAROPA Region,Municipality,3rd,R4B,G
[2023-12] 08-037-13-000,2023-12,2023,[12] December,"Calubian, Leyte",[1] Operational,,,,,[A] Operational,A,08-037-13-000,Calubian,Leyte,Region VIII (Eastern Visayas),Municipality,4th,R8,K
[2024-01] 08-037-13-000,2024-01,2024,[01] January,"Calubian, Leyte",[1] Operational,,,,,[A] Operational,A,08-037-13-000,Calubian,Leyte,Region VIII (Eastern Visayas),Municipality,4th,R8,K
[2024-02] 08-037-13-000,2024-02,2024,[02] February,"Calubian, Leyte",[1] Operational,,,,,[A] Operational,A,08-037-13-000,Calubian,Leyte,Region VIII (Eastern Visayas),Municipality,4th,R8,K
[2024-03] 08-037-13-000,2024-03,2024,[03] March,"Calubian, Leyte",[1] Operational,,,,,[A] Operational,A,08-037-13-000,Calubian,Leyte,Region VIII (Eastern Visayas),Municipality,4th,R8,K
[2024-04] 08-037-13-000,2024-04,2024,[04] April,"Calubian, Leyte",[1] Operational,,,,,[A] Operational,A,08-037-13-000,Calubian,Leyte,Region VIII (Eastern Visayas),Municipality,4th,R8,K
[2024-05] 08-037-13-000,2024-05,2024,[05] May,"Calubian, Leyte",[1] Operational,,,,,[A] Operational,A,08-037-13-000,Calubian,Leyte,Region VIII (Eastern Visayas),Municipality,4th,R8,K
[2024-06] 08-037-13-000,2024-06,2024,[06] June,"Calubian, Leyte",[1] Operational,,,,,[A] Operational,A,08-037-13-000,Calubian,Leyte,Region VIII (Eastern Visayas),Municipality,4th,R8,K
[2024-07] 08-037-13-000,2024-07,2024,[07] July,"Calubian, Leyte",[1] Operational,,,,,[A] Operational,A,08-037-13-000,Calubian,Leyte,Region VIII (Eastern Visayas),Municipality,4th,R8,K
[2023-12] 02-015-10-000,2023-12,2023,[12] December,"Camalaniugan, Cagayan",[1] Operational,,,,,[A] Operational,A,02-015-10-000,Camalaniugan,Cagayan,Region II (Cagayan Valley),Municipality,4th,R2,D
[2024-01] 02-015-10-000,2024-01,2024,[01] January,"Camalaniugan, Cagayan",[1] Operational,,,,,[A] Operational,A,02-015-10-000,Camalaniugan,Cagayan,Region II (Cagayan Valley),Municipality,4th,R2,D
[2024-02] 02-015-10-000,2024-02,2024,[02] February,"Camalaniugan, Cagayan",[1] Operational,,,,,[A] Operational,A,02-015-10-000,Camalaniugan,Cagayan,Region II (Cagayan Valley),Municipality,4th,R2,D
[2024-03] 02-015-10-000,2024-03,2024,[03] March,"Camalaniugan, Cagayan",[1] Operational,,,,,[A] Operational,A,02-015-10-000,Camalaniugan,Cagayan,Region II (Cagayan Valley),Municipality,4th,R2,D
[2024-04] 02-015-10-000,2024-04,2024,[04] April,"Camalaniugan, Cagayan",[1] Operational,,,,,[A] Operational,A,02-015-10-000,Camalaniugan,Cagayan,Region II (Cagayan Valley),Municipality,4th,R2,D
[2024-05] 02-015-10-000,2024-05,2024,[05] May,"Camalaniugan, Cagayan",[1] Operational,,,,,[A] Operational,A,02-015-10-000,Camalaniugan,Cagayan,Region II (Cagayan Valley),Municipality,4th,R2,D
[2024-06] 02-015-10-000,2024-06,2024,[06] June,"Camalaniugan, Cagayan",[1] Operational,,,,,[A] Operational,A,02-015-10-000,Camalaniugan,Cagayan,Region II (Cagayan Valley),Municipality,4th,R2,D
[2024-07] 02-015-10-000,2024-07,2024,[07] July,"Camalaniugan, Cagayan",[1] Operational,,,,,[A] Operational,A,02-015-10-000,Camalaniugan,Cagayan,Region II (Cagayan Valley),Municipality,4th,R2,D
[2023-12] 08-026-05-000,2023-12,2023,[12] December,"Can-Avid, Eastern Samar",[1] Operational,,,,,[A] Operational,A,08-026-05-000,Can-Avid,Eastern Samar,Region VIII (Eastern Visayas),Municipality,4th,R8,K
[2024-01] 08-026-05-000,2024-01,2024,[01] January,"Can-Avid, Eastern Samar",[1] Operational,,,,,[A] Operational,A,08-026-05-000,Can-Avid,Eastern Samar,Region VIII (Eastern Visayas),Municipality,4th,R8,K
[2024-02] 08-026-05-000,2024-02,2024,[02] February,"Can-Avid, Eastern Samar",[1] Operational,,,,,[A] Operational,A,08-026-05-000,Can-Avid,Eastern Samar,Region VIII (Eastern Visayas),Municipality,4th,R8,K
[2024-03] 08-026-05-000,2024-03,2024,[03] March,"Can-Avid, Eastern Samar",[1] Operational,,,,,[A] Operational,A,08-026-05-000,Can-Avid,Eastern Samar,Region VIII (Eastern Visayas),Municipality,4th,R8,K
[2024-04] 08-026-05-000,2024-04,2024,[04] April,"Can-Avid, Eastern Samar",[1] Operational,,,,,[A] Operational,A,08-026-05-000,Can-Avid,Eastern Samar,Region VIII (Eastern Visayas),Municipality,4th,R8,K
[2024-05] 08-026-05-000,2024-05,2024,[05] May,"Can-Avid, Eastern Samar",[1] Operational,,,,,[A] Operational,A,08-026-05-000,Can-Avid,Eastern Samar,Region VIII (Eastern Visayas),Municipality,4th,R8,K
[2024-06] 08-026-05-000,2024-06,2024,[06] June,"Can-Avid, Eastern Samar",[1] Operational,,,,,[A] Operational,A,08-026-05-000,Can-Avid,Eastern Samar,Region VIII (Eastern Visayas),Municipality,4th,R8,K
[2024-07] 08-026-05-000,2024-07,2024,[07] July,"Can-Avid, Eastern Samar",[1] Operational,,,,,[A] Operational,A,08-026-05-000,Can-Avid,Eastern Samar,Region VIII (Eastern Visayas),Municipality,4th,R8,K
[2023-12] 01-029-07-000,2023-12,2023,[12] December,"Caoayan, Ilocos Sur",[1] Operational,,,,,[A] Operational,A,01-029-07-000,Caoayan,Ilocos Sur,Region I (Ilocos Region),Municipality,4th,R1,C
[2024-01] 01-029-07-000,2024-01,2024,[01] January,"Caoayan, Ilocos Sur",[1] Operational,,,,,[A] Operational,A,01-029-07-000,Caoayan,Ilocos Sur,Region I (Ilocos Region),Municipality,4th,R1,C
[2024-02] 01-029-07-000,2024-02,2024,[02] February,"Caoayan, Ilocos Sur",[1] Operational,,,,,[A] Operational,A,01-029-07-000,Caoayan,Ilocos Sur,Region I (Ilocos Region),Municipality,4th,R1,C
[2024-03] 01-029-07-000,2024-03,2024,[03] March,"Caoayan, Ilocos Sur",[1] Operational,,,,,[A] Operational,A,01-029-07-000,Caoayan,Ilocos Sur,Region I (Ilocos Region),Municipality,4th,R1,C
[2024-04] 01-029-07-000,2024-04,2024,[04] April,"Caoayan, Ilocos Sur",[1] Operational,,,,,[A] Operational,A,01-029-07-000,Caoayan,Ilocos Sur,Region I (Ilocos Region),Municipality,4th,R1,C
[2024-05] 01-029-07-000,2024-05,2024,[05] May,"Caoayan, Ilocos Sur",[1] Operational,,,,,[A] Operational,A,01-029-07-000,Caoayan,Ilocos Sur,Region I (Ilocos Region),Municipality,4th,R1,C
[2024-06] 01-029-07-000,2024-06,2024,[06] June,"Caoayan, Ilocos Sur",[1] Operational,,,,,[A] Operational,A,01-029-07-000,Caoayan,Ilocos Sur,Region I (Ilocos Region),Municipality,4th,R1,C
[2024-07] 01-029-07-000,2024-07,2024,[07] July,"Caoayan, Ilocos Sur",[1] Operational,,,,,[A] Operational,A,01-029-07-000,Caoayan,Ilocos Sur,Region I (Ilocos Region),Municipality,4th,R1,C
[2024-01] 04-058-06-000,2024-01,2024,[01] January,"Cardona, Rizal",[1] Operational,,,,,[A] Operational,B,04-058-06-000,Cardona,Rizal,Region IV-A (CALABARZON),Municipality,3rd,R4A,F
[2024-02] 04-058-06-000,2024-02,2024,[02] February,"Cardona, Rizal",[1] Operational,,,,,[A] Operational,B,04-058-06-000,Cardona,Rizal,Region IV-A (CALABARZON),Municipality,3rd,R4A,F
[2024-03] 04-058-06-000,2024-03,2024,[03] March,"Cardona, Rizal",[1] Operational,,,,,[A] Operational,B,04-058-06-000,Cardona,Rizal,Region IV-A (CALABARZON),Municipality,3rd,R4A,F
[2024-04] 04-058-06-000,2024-04,2024,[04] April,"Cardona, Rizal",[1] Operational,,,,,[A] Operational,B,04-058-06-000,Cardona,Rizal,Region IV-A (CALABARZON),Municipality,3rd,R4A,F
[2024-05] 04-058-06-000,2024-05,2024,[05] May,"Cardona, Rizal",[1] Operational,,,,,[A] Operational,B,04-058-06-000,Cardona,Rizal,Region IV-A (CALABARZON),Municipality,3rd,R4A,F
[2024-06] 04-058-06-000,2024-06,2024,[06] June,"Cardona, Rizal",[1] Operational,,,,,[A] Operational,B,04-058-06-000,Cardona,Rizal,Region IV-A (CALABARZON),Municipality,3rd,R4A,F
[2024-07] 04-058-06-000,2024-07,2024,[07] July,"Cardona, Rizal",[1] Operational,,,,,[A] Operational,B,04-058-06-000,Cardona,Rizal,Region IV-A (CALABARZON),Municipality,3rd,R4A,F
[2023-12] 03-077-02-000,2023-12,2023,[12] December,"Casiguran, Aurora",[1] Operational,,,,,[A] Operational,A,03-077-02-000,Casiguran,Aurora,Region III (Central Luzon),Municipality,2nd,R3,E
[2024-01] 03-077-02-000,2024-01,2024,[01] January,"Casiguran, Aurora",[1] Operational,,,,,[A] Operational,A,03-077-02-000,Casiguran,Aurora,Region III (Central Luzon),Municipality,2nd,R3,E
[2024-02] 03-077-02-000,2024-02,2024,[02] February,"Casiguran, Aurora",[1] Operational,,,,,[A] Operational,A,03-077-02-000,Casiguran,Aurora,Region III (Central Luzon),Municipality,2nd,R3,E
[2024-03] 03-077-02-000,2024-03,2024,[03] March,"Casiguran, Aurora",[1] Operational,,,,,[A] Operational,A,03-077-02-000,Casiguran,Aurora,Region III (Central Luzon),Municipality,2nd,R3,E
[2024-04] 03-077-02-000,2024-04,2024,[04] April,"Casiguran, Aurora",[1] Operational,,,,,[A] Operational,A,03-077-02-000,Casiguran,Aurora,Region III (Central Luzon),Municipality,2nd,R3,E
[2024-05] 03-077-02-000,2024-05,2024,[05] May,"Casiguran, Aurora",[1] Operational,,,,,[A] Operational,A,03-077-02-000,Casiguran,Aurora,Region III (Central Luzon),Municipality,2nd,R3,E
[2024-06] 03-077-02-000,2024-06,2024,[06] June,"Casiguran, Aurora",[1] Operational,,,,,[A] Operational,A,03-077-02-000,Casiguran,Aurora,Region III (Central Luzon),Municipality,2nd,R3,E
[2024-07] 03-077-02-000,2024-07,2024,[07] July,"Casiguran, Aurora",[1] Operational,,,,,[A] Operational,A,03-077-02-000,Casiguran,Aurora,Region III (Central Luzon),Municipality,2nd,R3,E
[2023-12] 03-071-04-000,2023-12,2023,[12] December,"Castillejos, Zambales",[1] Operational,,,,,[A] Operational,A,03-071-04-000,Castillejos,Zambales,Region III (Central Luzon),Municipality,3rd,R3,E
[2024-01] 03-071-04-000,2024-01,2024,[01] January,"Castillejos, Zambales",[1] Operational,,,,,[A] Operational,A,03-071-04-000,Castillejos,Zambales,Region III (Central Luzon),Municipality,3rd,R3,E
[2024-02] 03-071-04-000,2024-02,2024,[02] February,"Castillejos, Zambales",[1] Operational,,,,,[A] Operational,A,03-071-04-000,Castillejos,Zambales,Region III (Central Luzon),Municipality,3rd,R3,E
[2024-03] 03-071-04-000,2024-03,2024,[03] March,"Castillejos, Zambales",[1] Operational,,,,,[A] Operational,A,03-071-04-000,Castillejos,Zambales,Region III (Central Luzon),Municipality,3rd,R3,E
[2024-04] 03-071-04-000,2024-04,2024,[04] April,"Castillejos, Zambales",[1] Operational,,,,,[A] Operational,A,03-071-04-000,Castillejos,Zambales,Region III (Central Luzon),Municipality,3rd,R3,E
[2024-05] 03-071-04-000,2024-05,2024,[05] May,"Castillejos, Zambales",[1] Operational,,,,,[A] Operational,A,03-071-04-000,Castillejos,Zambales,Region III (Central Luzon),Municipality,3rd,R3,E
[2024-06] 03-071-04-000,2024-06,2024,[06] June,"Castillejos, Zambales",[1] Operational,,,,,[A] Operational,A,03-071-04-000,Castillejos,Zambales,Region III (Central Luzon),Municipality,3rd,R3,E
[2024-07] 03-071-04-000,2024-07,2024,[07] July,"Castillejos, Zambales",[1] Operational,,,,,[A] Operational,A,03-071-04-000,Castillejos,Zambales,Region III (Central Luzon),Municipality,3rd,R3,E
[2023-12] 10-018-01-000,2023-12,2023,[12] December,"Catarman, Camiguin",[1] Operational,,,,,[A] Operational,B,10-018-01-000,Catarman,Camiguin,Region X (Northern Mindanao),Municipality,5th,R10,N
[2024-01] 10-018-01-000,2024-01,2024,[01] January,"Catarman, Camiguin",[1] Operational,,,,,[A] Operational,B,10-018-01-000,Catarman,Camiguin,Region X (Northern Mindanao),Municipality,5th,R10,N
[2024-02] 10-018-01-000,2024-02,2024,[02] February,"Catarman, Camiguin",[1] Operational,,,,,[A] Operational,B,10-018-01-000,Catarman,Camiguin,Region X (Northern Mindanao),Municipality,5th,R10,N
[2024-03] 10-018-01-000,2024-03,2024,[03] March,"Catarman, Camiguin",[1] Operational,,,,,[A] Operational,B,10-018-01-000,Catarman,Camiguin,Region X (Northern Mindanao),Municipality,5th,R10,N
[2024-04] 10-018-01-000,2024-04,2024,[04] April,"Catarman, Camiguin",[1] Operational,,,,,[A] Operational,B,10-018-01-000,Catarman,Camiguin,Region X (Northern Mindanao),Municipality,5th,R10,N
[2024-05] 10-018-01-000,2024-05,2024,[05] May,"Catarman, Camiguin",[1] Operational,,,,,[A] Operational,B,10-018-01-000,Catarman,Camiguin,Region X (Northern Mindanao),Municipality,5th,R10,N
[2024-06] 10-018-01-000,2024-06,2024,[06] June,"Catarman, Camiguin",[1] Operational,,,,,[A] Operational,B,10-018-01-000,Catarman,Camiguin,Region X (Northern Mindanao),Municipality,5th,R10,N
[2024-07] 10-018-01-000,2024-07,2024,[07] July,"Catarman, Camiguin",[1] Operational,,,,,[A] Operational,B,10-018-01-000,Catarman,Camiguin,Region X (Northern Mindanao),Municipality,5th,R10,N
[2023-12] 01-028-05-000,2023-12,2023,[12] December,"City of Batac, Ilocos Norte",[1] Operational,,,,,[A] Operational,A,01-028-05-000,City of Batac,Ilocos Norte,Region I (Ilocos Region),City,5th,R1,C
[2024-01] 01-028-05-000,2024-01,2024,[01] January,"City of Batac, Ilocos Norte",[1] Operational,,,,,[A] Operational,A,01-028-05-000,City of Batac,Ilocos Norte,Region I (Ilocos Region),City,5th,R1,C
[2024-02] 01-028-05-000,2024-02,2024,[02] February,"City of Batac, Ilocos Norte",[1] Operational,,,,,[A] Operational,A,01-028-05-000,City of Batac,Ilocos Norte,Region I (Ilocos Region),City,5th,R1,C
[2024-03] 01-028-05-000,2024-03,2024,[03] March,"City of Batac, Ilocos Norte",[1] Operational,,,,,[A] Operational,A,01-028-05-000,City of Batac,Ilocos Norte,Region I (Ilocos Region),City,5th,R1,C
[2024-04] 01-028-05-000,2024-04,2024,[04] April,"City of Batac, Ilocos Norte",[1] Operational,,,,,[A] Operational,A,01-028-05-000,City of Batac,Ilocos Norte,Region I (Ilocos Region),City,5th,R1,C
[2024-05] 01-028-05-000,2024-05,2024,[05] May,"City of Batac, Ilocos Norte",[1] Operational,,,,,[A] Operational,A,01-028-05-000,City of Batac,Ilocos Norte,Region I (Ilocos Region),City,5th,R1,C
[2024-06] 01-028-05-000,2024-06,2024,[06] June,"City of Batac, Ilocos Norte",[1] Operational,,,,,[A] Operational,A,01-028-05-000,City of Batac,Ilocos Norte,Region I (Ilocos Region),City,5th,R1,C
[2024-07] 01-028-05-000,2024-07,2024,[07] July,"City of Batac, Ilocos Norte",[1] Operational,,,,,[A] Operational,A,01-028-05-000,City of Batac,Ilocos Norte,Region I (Ilocos Region),City,5th,R1,C
[2023-12] 08-026-04-000,2023-12,2023,[12] December,"City of Borongan, Eastern Samar",[1] Operational,,,,,[A] Operational,B,08-026-04-000,City of Borongan,Eastern Samar,Region VIII (Eastern Visayas),City,1st (as Mun),R8,K
[2024-01] 08-026-04-000,2024-01,2024,[01] January,"City of Borongan, Eastern Samar",[1] Operational,,,,,[A] Operational,B,08-026-04-000,City of Borongan,Eastern Samar,Region VIII (Eastern Visayas),City,1st (as Mun),R8,K
[2024-02] 08-026-04-000,2024-02,2024,[02] February,"City of Borongan, Eastern Samar",[1] Operational,,,,,[A] Operational,B,08-026-04-000,City of Borongan,Eastern Samar,Region VIII (Eastern Visayas),City,1st (as Mun),R8,K
[2024-03] 08-026-04-000,2024-03,2024,[03] March,"City of Borongan, Eastern Samar",[1] Operational,,,,,[A] Operational,B,08-026-04-000,City of Borongan,Eastern Samar,Region VIII (Eastern Visayas),City,1st (as Mun),R8,K
[2024-04] 08-026-04-000,2024-04,2024,[04] April,"City of Borongan, Eastern Samar",[1] Operational,,,,,[A] Operational,B,08-026-04-000,City of Borongan,Eastern Samar,Region VIII (Eastern Visayas),City,1st (as Mun),R8,K
[2024-05] 08-026-04-000,2024-05,2024,[05] May,"City of Borongan, Eastern Samar",[1] Operational,,,,,[A] Operational,B,08-026-04-000,City of Borongan,Eastern Samar,Region VIII (Eastern Visayas),City,1st (as Mun),R8,K
[2024-06] 08-026-04-000,2024-06,2024,[06] June,"City of Borongan, Eastern Samar",[1] Operational,,,,,[A] Operational,B,08-026-04-000,City of Borongan,Eastern Samar,Region VIII (Eastern Visayas),City,1st (as Mun),R8,K
[2024-07] 08-026-04-000,2024-07,2024,[07] July,"City of Borongan, Eastern Samar",[1] Operational,,,,,[A] Operational,B,08-026-04-000,City of Borongan,Eastern Samar,Region VIII (Eastern Visayas),City,1st (as Mun),R8,K
[2023-12] 16-002-03-000,2023-12,2023,[12] December,"City of Cabadbaran, Agusan del Norte",[1] Operational,,,,,[A] Operational,B,16-002-03-000,City of Cabadbaran,Agusan del Norte,Region XIII (Caraga),City,6th,R13,O
[2024-01] 16-002-03-000,2024-01,2024,[01] January,"City of Cabadbaran, Agusan del Norte",[1] Operational,,,,,[A] Operational,B,16-002-03-000,City of Cabadbaran,Agusan del Norte,Region XIII (Caraga),City,6th,R13,O
[2024-02] 16-002-03-000,2024-02,2024,[02] February,"City of Cabadbaran, Agusan del Norte",[1] Operational,,,,,[A] Operational,B,16-002-03-000,City of Cabadbaran,Agusan del Norte,Region XIII (Caraga),City,6th,R13,O
[2024-03] 16-002-03-000,2024-03,2024,[03] March,"City of Cabadbaran, Agusan del Norte",[1] Operational,,,,,[A] Operational,B,16-002-03-000,City of Cabadbaran,Agusan del Norte,Region XIII (Caraga),City,6th,R13,O
[2024-04] 16-002-03-000,2024-04,2024,[04] April,"City of Cabadbaran, Agusan del Norte",[1] Operational,,,,,[A] Operational,B,16-002-03-000,City of Cabadbaran,Agusan del Norte,Region XIII (Caraga),City,6th,R13,O
[2024-05] 16-002-03-000,2024-05,2024,[05] May,"City of Cabadbaran, Agusan del Norte",[1] Operational,,,,,[A] Operational,B,16-002-03-000,City of Cabadbaran,Agusan del Norte,Region XIII (Caraga),City,6th,R13,O
[2024-06] 16-002-03-000,2024-06,2024,[06] June,"City of Cabadbaran, Agusan del Norte",[1] Operational,,,,,[A] Operational,B,16-002-03-000,City of Cabadbaran,Agusan del Norte,Region XIII (Caraga),City,6th,R13,O
[2024-07] 16-002-03-000,2024-07,2024,[07] July,"City of Cabadbaran, Agusan del Norte",[1] Operational,,,,,[A] Operational,B,16-002-03-000,City of Cabadbaran,Agusan del Norte,Region XIII (Caraga),City,6th,R13,O
[2023-12] 01-029-06-000,2023-12,2023,[12] December,"City of Candon, Ilocos Sur",[2] Ongoing Testing and Data Build-up,50%,,,,[B] Developmental,A,01-029-06-000,City of Candon,Ilocos Sur,Region I (Ilocos Region),City,4th,R1,C
[2024-01] 01-029-06-000,2024-01,2024,[01] January,"City of Candon, Ilocos Sur",[2] Ongoing Testing and Data Build-up,50%,,,,[B] Developmental,A,01-029-06-000,City of Candon,Ilocos Sur,Region I (Ilocos Region),City,4th,R1,C
[2024-02] 01-029-06-000,2024-02,2024,[02] February,"City of Candon, Ilocos Sur",[2] Ongoing Testing and Data Build-up,50%,,,,[B] Developmental,A,01-029-06-000,City of Candon,Ilocos Sur,Region I (Ilocos Region),City,4th,R1,C
[2024-03] 01-029-06-000,2024-03,2024,[03] March,"City of Candon, Ilocos Sur",[2] Ongoing Testing and Data Build-up,50%,,,,[B] Developmental,A,01-029-06-000,City of Candon,Ilocos Sur,Region I (Ilocos Region),City,4th,R1,C
[2024-04] 01-029-06-000,2024-04,2024,[04] April,"City of Candon, Ilocos Sur",[2] Ongoing Testing and Data Build-up,50%,,,,[B] Developmental,A,01-029-06-000,City of Candon,Ilocos Sur,Region I (Ilocos Region),City,4th,R1,C
[2024-05] 01-029-06-000,2024-05,2024,[05] May,"City of Candon, Ilocos Sur",[2] Ongoing Testing and Data Build-up,50%,,,,[B] Developmental,A,01-029-06-000,City of Candon,Ilocos Sur,Region I (Ilocos Region),City,4th,R1,C
[2024-06] 01-029-06-000,2024-06,2024,[06] June,"City of Candon, Ilocos Sur",[2] Ongoing Testing and Data Build-up,50%,,,,[B] Developmental,A,01-029-06-000,City of Candon,Ilocos Sur,Region I (Ilocos Region),City,4th,R1,C
[2024-07] 01-029-06-000,2024-07,2024,[07] July,"City of Candon, Ilocos Sur",[2] Ongoing Testing and Data Build-up,50%,,,,[B] Developmental,A,01-029-06-000,City of Candon,Ilocos Sur,Region I (Ilocos Region),City,4th,R1,C
[2023-12] 08-060-05-000,2023-12,2023,[12] December,"City of Catbalogan, Samar",[1] Operational,,,,,[A] Operational,B,08-060-05-000,City of Catbalogan,Samar,Region VIII (Eastern Visayas),City,5th,R8,K
[2024-01] 08-060-05-000,2024-01,2024,[01] January,"City of Catbalogan, Samar",[1] Operational,,,,,[A] Operational,B,08-060-05-000,City of Catbalogan,Samar,Region VIII (Eastern Visayas),City,5th,R8,K
[2024-02] 08-060-05-000,2024-02,2024,[02] February,"City of Catbalogan, Samar",[1] Operational,,,,,[A] Operational,B,08-060-05-000,City of Catbalogan,Samar,Region VIII (Eastern Visayas),City,5th,R8,K
[2024-03] 08-060-05-000,2024-03,2024,[03] March,"City of Catbalogan, Samar",[1] Operational,,,,,[A] Operational,B,08-060-05-000,City of Catbalogan,Samar,Region VIII (Eastern Visayas),City,5th,R8,K
[2024-04] 08-060-05-000,2024-04,2024,[04] April,"City of Catbalogan, Samar",[1] Operational,,,,,[A] Operational,B,08-060-05-000,City of Catbalogan,Samar,Region VIII (Eastern Visayas),City,5th,R8,K
[2024-05] 08-060-05-000,2024-05,2024,[05] May,"City of Catbalogan, Samar",[1] Operational,,,,,[A] Operational,B,08-060-05-000,City of Catbalogan,Samar,Region VIII (Eastern Visayas),City,5th,R8,K
[2024-06] 08-060-05-000,2024-06,2024,[06] June,"City of Catbalogan, Samar",[1] Operational,,,,,[A] Operational,B,08-060-05-000,City of Catbalogan,Samar,Region VIII (Eastern Visayas),City,5th,R8,K
[2024-07] 08-060-05-000,2024-07,2024,[07] July,"City of Catbalogan, Samar",[1] Operational,,,,,[A] Operational,B,08-060-05-000,City of Catbalogan,Samar,Region VIII (Eastern Visayas),City,5th,R8,K
[2023-12] 11-024-03-000,2023-12,2023,[12] December,"City of Digos, Davao del Sur",[2] Ongoing Testing and Data Build-up,100%,,,1 Barangay will implement during eBOSS,[B] Developmental,B,11-024-03-000,City of Digos,Davao del Sur,Region XI (Davao Region),City,2nd,R11,P
[2024-01] 11-024-03-000,2024-01,2024,[01] January,"City of Digos, Davao del Sur",[2] Ongoing Testing and Data Build-up,100%,,,Still waiting for LGUs advice on when to implement,[B] Developmental,B,11-024-03-000,City of Digos,Davao del Sur,Region XI (Davao Region),City,2nd,R11,P
[2024-02] 11-024-03-000,2024-02,2024,[02] February,"City of Digos, Davao del Sur",[1] Operational,,,,,[A] Operational,B,11-024-03-000,City of Digos,Davao del Sur,Region XI (Davao Region),City,2nd,R11,P
[2024-03] 11-024-03-000,2024-03,2024,[03] March,"City of Digos, Davao del Sur",[1] Operational,,,,,[A] Operational,B,11-024-03-000,City of Digos,Davao del Sur,Region XI (Davao Region),City,2nd,R11,P
[2024-04] 11-024-03-000,2024-04,2024,[04] April,"City of Digos, Davao del Sur",[1] Operational,,,,,[A] Operational,B,11-024-03-000,City of Digos,Davao del Sur,Region XI (Davao Region),City,2nd,R11,P
[2024-05] 11-024-03-000,2024-05,2024,[05] May,"City of Digos, Davao del Sur",[1] Operational,,,,,[A] Operational,B,11-024-03-000,City of Digos,Davao del Sur,Region XI (Davao Region),City,2nd,R11,P
[2024-06] 11-024-03-000,2024-06,2024,[06] June,"City of Digos, Davao del Sur",[1] Operational,,,,,[A] Operational,B,11-024-03-000,City of Digos,Davao del Sur,Region XI (Davao Region),City,2nd,R11,P
[2024-07] 11-024-03-000,2024-07,2024,[07] July,"City of Digos, Davao del Sur",[1] Operational,,,,,[A] Operational,B,11-024-03-000,City of Digos,Davao del Sur,Region XI (Davao Region),City,2nd,R11,P
[2023-12] 10-043-07-000,2023-12,2023,[12] December,"City of El Salvador, Misamis Oriental",[1] Operational,,,,,[A] Operational,A,10-043-07-000,City of El Salvador,Misamis Oriental,Region X (Northern Mindanao),City,6th,R10,N
[2024-01] 10-043-07-000,2024-01,2024,[01] January,"City of El Salvador, Misamis Oriental",[1] Operational,,,,,[A] Operational,A,10-043-07-000,City of El Salvador,Misamis Oriental,Region X (Northern Mindanao),City,6th,R10,N
[2024-02] 10-043-07-000,2024-02,2024,[02] February,"City of El Salvador, Misamis Oriental",[1] Operational,,,,,[A] Operational,A,10-043-07-000,City of El Salvador,Misamis Oriental,Region X (Northern Mindanao),City,6th,R10,N
[2024-03] 10-043-07-000,2024-03,2024,[03] March,"City of El Salvador, Misamis Oriental",[1] Operational,,,,,[A] Operational,A,10-043-07-000,City of El Salvador,Misamis Oriental,Region X (Northern Mindanao),City,6th,R10,N
[2024-04] 10-043-07-000,2024-04,2024,[04] April,"City of El Salvador, Misamis Oriental",[1] Operational,,,,,[A] Operational,A,10-043-07-000,City of El Salvador,Misamis Oriental,Region X (Northern Mindanao),City,6th,R10,N
[2024-05] 10-043-07-000,2024-05,2024,[05] May,"City of El Salvador, Misamis Oriental",[1] Operational,,,,,[A] Operational,A,10-043-07-000,City of El Salvador,Misamis Oriental,Region X (Northern Mindanao),City,6th,R10,N
[2024-06] 10-043-07-000,2024-06,2024,[06] June,"City of El Salvador, Misamis Oriental",[1] Operational,,,,,[A] Operational,A,10-043-07-000,City of El Salvador,Misamis Oriental,Region X (Northern Mindanao),City,6th,R10,N
[2024-07] 10-043-07-000,2024-07,2024,[07] July,"City of El Salvador, Misamis Oriental",[1] Operational,,,,,[A] Operational,A,10-043-07-000,City of El Salvador,Misamis Oriental,Region X (Northern Mindanao),City,6th,R10,N
[2023-12] 06-045-09-000,2023-12,2023,[12] December,"City of Escalante, Negros Occidental",[1] Operational,,,,,[A] Operational,A,06-045-09-000,City of Escalante,Negros Occidental,Region VI (Western Visayas),City,4th,R6,I
[2024-01] 06-045-09-000,2024-01,2024,[01] January,"City of Escalante, Negros Occidental",[1] Operational,,,,,[A] Operational,A,06-045-09-000,City of Escalante,Negros Occidental,Region VI (Western Visayas),City,4th,R6,I
[2024-02] 06-045-09-000,2024-02,2024,[02] February,"City of Escalante, Negros Occidental",[1] Operational,,,,,[A] Operational,A,06-045-09-000,City of Escalante,Negros Occidental,Region VI (Western Visayas),City,4th,R6,I
[2024-03] 06-045-09-000,2024-03,2024,[03] March,"City of Escalante, Negros Occidental",[1] Operational,,,,,[A] Operational,A,06-045-09-000,City of Escalante,Negros Occidental,Region VI (Western Visayas),City,4th,R6,I
[2024-04] 06-045-09-000,2024-04,2024,[04] April,"City of Escalante, Negros Occidental",[1] Operational,,,,,[A] Operational,A,06-045-09-000,City of Escalante,Negros Occidental,Region VI (Western Visayas),City,4th,R6,I
[2024-05] 06-045-09-000,2024-05,2024,[05] May,"City of Escalante, Negros Occidental",[1] Operational,,,,,[A] Operational,A,06-045-09-000,City of Escalante,Negros Occidental,Region VI (Western Visayas),City,4th,R6,I
[2024-06] 06-045-09-000,2024-06,2024,[06] June,"City of Escalante, Negros Occidental",[1] Operational,,,,,[A] Operational,A,06-045-09-000,City of Escalante,Negros Occidental,Region VI (Western Visayas),City,4th,R6,I
[2024-07] 06-045-09-000,2024-07,2024,[07] July,"City of Escalante, Negros Occidental",[1] Operational,,,,,[A] Operational,A,06-045-09-000,City of Escalante,Negros Occidental,Region VI (Western Visayas),City,4th,R6,I
[2024-07] 10-043-08-000,2024-07,2024,[07] July,"City of Gingoog, Misamis Oriental",[1] Operational,,,,,[A] Operational,B,10-043-08-000,City of Gingoog,Misamis Oriental,Region X (Northern Mindanao),City,2nd,R10,N
[2023-12] 06-045-10-000,2023-12,2023,[12] December,"City of Himamaylan, Negros Occidental",[1] Operational,,,,,[A] Operational,B,06-045-10-000,City of Himamaylan,Negros Occidental,Region VI (Western Visayas),City,3rd,R6,I
[2024-01] 06-045-10-000,2024-01,2024,[01] January,"City of Himamaylan, Negros Occidental",[1] Operational,,,,,[A] Operational,B,06-045-10-000,City of Himamaylan,Negros Occidental,Region VI (Western Visayas),City,3rd,R6,I
[2024-02] 06-045-10-000,2024-02,2024,[02] February,"City of Himamaylan, Negros Occidental",[1] Operational,,,,,[A] Operational,B,06-045-10-000,City of Himamaylan,Negros Occidental,Region VI (Western Visayas),City,3rd,R6,I
[2024-03] 06-045-10-000,2024-03,2024,[03] March,"City of Himamaylan, Negros Occidental",[1] Operational,,,,,[A] Operational,B,06-045-10-000,City of Himamaylan,Negros Occidental,Region VI (Western Visayas),City,3rd,R6,I
[2024-04] 06-045-10-000,2024-04,2024,[04] April,"City of Himamaylan, Negros Occidental",[1] Operational,,,,,[A] Operational,B,06-045-10-000,City of Himamaylan,Negros Occidental,Region VI (Western Visayas),City,3rd,R6,I
[2024-05] 06-045-10-000,2024-05,2024,[05] May,"City of Himamaylan, Negros Occidental",[1] Operational,,,,,[A] Operational,B,06-045-10-000,City of Himamaylan,Negros Occidental,Region VI (Western Visayas),City,3rd,R6,I
[2024-06] 06-045-10-000,2024-06,2024,[06] June,"City of Himamaylan, Negros Occidental",[1] Operational,,,,,[A] Operational,B,06-045-10-000,City of Himamaylan,Negros Occidental,Region VI (Western Visayas),City,3rd,R6,I
[2024-07] 06-045-10-000,2024-07,2024,[07] July,"City of Himamaylan, Negros Occidental",[1] Operational,,,,,[A] Operational,B,06-045-10-000,City of Himamaylan,Negros Occidental,Region VI (Western Visayas),City,3rd,R6,I
[2023-12] 02-031-14-000,2023-12,2023,[12] December,"City of Ilagan, Isabela",[1] Operational,,,,,[A] Operational,A,02-031-14-000,City of Ilagan,Isabela,Region II (Cagayan Valley),City,1st (as Mun),R2,D
[2024-01] 02-031-14-000,2024-01,2024,[01] January,"City of Ilagan, Isabela",[1] Operational,,,,,[A] Operational,A,02-031-14-000,City of Ilagan,Isabela,Region II (Cagayan Valley),City,1st (as Mun),R2,D
[2024-02] 02-031-14-000,2024-02,2024,[02] February,"City of Ilagan, Isabela",[1] Operational,,,,,[A] Operational,A,02-031-14-000,City of Ilagan,Isabela,Region II (Cagayan Valley),City,1st (as Mun),R2,D
[2024-03] 02-031-14-000,2024-03,2024,[03] March,"City of Ilagan, Isabela",[1] Operational,,,,,[A] Operational,A,02-031-14-000,City of Ilagan,Isabela,Region II (Cagayan Valley),City,1st (as Mun),R2,D
[2024-04] 02-031-14-000,2024-04,2024,[04] April,"City of Ilagan, Isabela",[1] Operational,,,,,[A] Operational,A,02-031-14-000,City of Ilagan,Isabela,Region II (Cagayan Valley),City,1st (as Mun),R2,D
[2024-05] 02-031-14-000,2024-05,2024,[05] May,"City of Ilagan, Isabela",[1] Operational,,,,,[A] Operational,A,02-031-14-000,City of Ilagan,Isabela,Region II (Cagayan Valley),City,1st (as Mun),R2,D
[2024-06] 02-031-14-000,2024-06,2024,[06] June,"City of Ilagan, Isabela",[1] Operational,,,,,[A] Operational,A,02-031-14-000,City of Ilagan,Isabela,Region II (Cagayan Valley),City,1st (as Mun),R2,D
[2024-07] 02-031-14-000,2024-07,2024,[07] July,"City of Ilagan, Isabela",[1] Operational,,,,,[A] Operational,A,02-031-14-000,City of Ilagan,Isabela,Region II (Cagayan Valley),City,1st (as Mun),R2,D
[2024-01] 09-901-01-000,2024-01,2024,[01] January,"City of Isabela, Basilan",[1] Operational,,,,,[A] Operational,B,09-901-01-000,City of Isabela,Basilan,Region IX (Zamboanga Peninsula),City,4th,R9,L
[2024-02] 09-901-01-000,2024-02,2024,[02] February,"City of Isabela, Basilan",[1] Operational,,,,,[A] Operational,B,09-901-01-000,City of Isabela,Basilan,Region IX (Zamboanga Peninsula),City,4th,R9,L
[2024-03] 09-901-01-000,2024-03,2024,[03] March,"City of Isabela, Basilan",[1] Operational,,,,,[A] Operational,B,09-901-01-000,City of Isabela,Basilan,Region IX (Zamboanga Peninsula),City,4th,R9,L
[2024-04] 09-901-01-000,2024-04,2024,[04] April,"City of Isabela, Basilan",[1] Operational,,,,,[A] Operational,B,09-901-01-000,City of Isabela,Basilan,Region IX (Zamboanga Peninsula),City,4th,R9,L
[2024-05] 09-901-01-000,2024-05,2024,[05] May,"City of Isabela, Basilan",[1] Operational,,,,,[A] Operational,B,09-901-01-000,City of Isabela,Basilan,Region IX (Zamboanga Peninsula),City,4th,R9,L
[2024-06] 09-901-01-000,2024-06,2024,[06] June,"City of Isabela, Basilan",[1] Operational,,,,,[A] Operational,B,09-901-01-000,City of Isabela,Basilan,Region IX (Zamboanga Peninsula),City,4th,R9,L
[2024-07] 09-901-01-000,2024-07,2024,[07] July,"City of Isabela, Basilan",[1] Operational,,,,,[A] Operational,B,09-901-01-000,City of Isabela,Basilan,Region IX (Zamboanga Peninsula),City,4th,R9,L
[2023-12] 12-047-04-000,2023-12,2023,[12] December,"City of Kidapawan, Cotabato",[1] Operational,,,,,[A] Operational,B,12-047-04-000,City of Kidapawan,Cotabato,Region XII (SOCCSKSARGEN),City,3rd,R12,Q
[2024-01] 12-047-04-000,2024-01,2024,[01] January,"City of Kidapawan, Cotabato",[1] Operational,,,,,[A] Operational,B,12-047-04-000,City of Kidapawan,Cotabato,Region XII (SOCCSKSARGEN),City,3rd,R12,Q
[2024-02] 12-047-04-000,2024-02,2024,[02] February,"City of Kidapawan, Cotabato",[1] Operational,,,,,[A] Operational,B,12-047-04-000,City of Kidapawan,Cotabato,Region XII (SOCCSKSARGEN),City,3rd,R12,Q
[2024-03] 12-047-04-000,2024-03,2024,[03] March,"City of Kidapawan, Cotabato",[1] Operational,,,,,[A] Operational,B,12-047-04-000,City of Kidapawan,Cotabato,Region XII (SOCCSKSARGEN),City,3rd,R12,Q
[2024-04] 12-047-04-000,2024-04,2024,[04] April,"City of Kidapawan, Cotabato",[1] Operational,,,,,[A] Operational,B,12-047-04-000,City of Kidapawan,Cotabato,Region XII (SOCCSKSARGEN),City,3rd,R12,Q
[2024-05] 12-047-04-000,2024-05,2024,[05] May,"City of Kidapawan, Cotabato",[1] Operational,,,,,[A] Operational,B,12-047-04-000,City of Kidapawan,Cotabato,Region XII (SOCCSKSARGEN),City,3rd,R12,Q
[2024-06] 12-047-04-000,2024-06,2024,[06] June,"City of Kidapawan, Cotabato",[1] Operational,,,,,[A] Operational,B,12-047-04-000,City of Kidapawan,Cotabato,Region XII (SOCCSKSARGEN),City,3rd,R12,Q
[2024-07] 12-047-04-000,2024-07,2024,[07] July,"City of Kidapawan, Cotabato",[1] Operational,,,,,[A] Operational,B,12-047-04-000,City of Kidapawan,Cotabato,Region XII (SOCCSKSARGEN),City,3rd,R12,Q
[2024-01] 06-045-16-000,2024-01,2024,[01] January,"City of La Carlota, Negros Occidental",[1] Operational,,,,,[A] Operational,A,06-045-16-000,City of La Carlota,Negros Occidental,Region VI (Western Visayas),City,4th,R6,I
[2024-02] 06-045-16-000,2024-02,2024,[02] February,"City of La Carlota, Negros Occidental",[1] Operational,,,,,[A] Operational,A,06-045-16-000,City of La Carlota,Negros Occidental,Region VI (Western Visayas),City,4th,R6,I
[2024-03] 06-045-16-000,2024-03,2024,[03] March,"City of La Carlota, Negros Occidental",[1] Operational,,,,,[A] Operational,A,06-045-16-000,City of La Carlota,Negros Occidental,Region VI (Western Visayas),City,4th,R6,I
[2024-04] 06-045-16-000,2024-04,2024,[04] April,"City of La Carlota, Negros Occidental",[1] Operational,,,,,[A] Operational,A,06-045-16-000,City of La Carlota,Negros Occidental,Region VI (Western Visayas),City,4th,R6,I
[2024-05] 06-045-16-000,2024-05,2024,[05] May,"City of La Carlota, Negros Occidental",[1] Operational,,,,,[A] Operational,A,06-045-16-000,City of La Carlota,Negros Occidental,Region VI (Western Visayas),City,4th,R6,I
[2024-06] 06-045-16-000,2024-06,2024,[06] June,"City of La Carlota, Negros Occidental",[1] Operational,,,,,[A] Operational,A,06-045-16-000,City of La Carlota,Negros Occidental,Region VI (Western Visayas),City,4th,R6,I
[2024-07] 06-045-16-000,2024-07,2024,[07] July,"City of La Carlota, Negros Occidental",[1] Operational,,,,,[A] Operational,A,06-045-16-000,City of La Carlota,Negros Occidental,Region VI (Western Visayas),City,4th,R6,I
[2024-01] 19-007-02-000,2024-01,2024,[01] January,"City of Lamitan, Basilan",[1] Operational,,,,,[A] Operational,A,19-007-02-000,City of Lamitan,Basilan,Bangsamoro Autonomous Region In Muslim Mindanao (BARMM),City,6th,BARMM I,M
[2024-02] 19-007-02-000,2024-02,2024,[02] February,"City of Lamitan, Basilan",[1] Operational,,,,,[A] Operational,A,19-007-02-000,City of Lamitan,Basilan,Bangsamoro Autonomous Region In Muslim Mindanao (BARMM),City,6th,BARMM I,M
[2024-03] 19-007-02-000,2024-03,2024,[03] March,"City of Lamitan, Basilan",[1] Operational,,,,,[A] Operational,A,19-007-02-000,City of Lamitan,Basilan,Bangsamoro Autonomous Region In Muslim Mindanao (BARMM),City,6th,BARMM I,M
[2024-04] 19-007-02-000,2024-04,2024,[04] April,"City of Lamitan, Basilan",[1] Operational,,,,,[A] Operational,A,19-007-02-000,City of Lamitan,Basilan,Bangsamoro Autonomous Region In Muslim Mindanao (BARMM),City,6th,BARMM I,M
[2024-05] 19-007-02-000,2024-05,2024,[05] May,"City of Lamitan, Basilan",[1] Operational,,,,,[A] Operational,A,19-007-02-000,City of Lamitan,Basilan,Bangsamoro Autonomous Region In Muslim Mindanao (BARMM),City,6th,BARMM I,M
[2024-06] 19-007-02-000,2024-06,2024,[06] June,"City of Lamitan, Basilan",[1] Operational,,,,,[A] Operational,A,19-007-02-000,City of Lamitan,Basilan,Bangsamoro Autonomous Region In Muslim Mindanao (BARMM),City,6th,BARMM I,M
[2024-07] 19-007-02-000,2024-07,2024,[07] July,"City of Lamitan, Basilan",[1] Operational,,,,,[A] Operational,A,19-007-02-000,City of Lamitan,Basilan,Bangsamoro Autonomous Region In Muslim Mindanao (BARMM),City,6th,BARMM I,M
[2023-12] 01-028-12-000,2023-12,2023,[12] December,"City of Laoag, Ilocos Norte",[1] Operational,,,,,[A] Operational,B,01-028-12-000,City of Laoag,Ilocos Norte,Region I (Ilocos Region),City,3rd,R1,C
[2024-01] 01-028-12-000,2024-01,2024,[01] January,"City of Laoag, Ilocos Norte",[1] Operational,,,,,[A] Operational,B,01-028-12-000,City of Laoag,Ilocos Norte,Region I (Ilocos Region),City,3rd,R1,C
[2024-02] 01-028-12-000,2024-02,2024,[02] February,"City of Laoag, Ilocos Norte",[1] Operational,,,,,[A] Operational,B,01-028-12-000,City of Laoag,Ilocos Norte,Region I (Ilocos Region),City,3rd,R1,C
[2024-03] 01-028-12-000,2024-03,2024,[03] March,"City of Laoag, Ilocos Norte",[1] Operational,,,,,[A] Operational,B,01-028-12-000,City of Laoag,Ilocos Norte,Region I (Ilocos Region),City,3rd,R1,C
[2024-04] 01-028-12-000,2024-04,2024,[04] April,"City of Laoag, Ilocos Norte",[1] Operational,,,,,[A] Operational,B,01-028-12-000,City of Laoag,Ilocos Norte,Region I (Ilocos Region),City,3rd,R1,C
[2024-05] 01-028-12-000,2024-05,2024,[05] May,"City of Laoag, Ilocos Norte",[1] Operational,,,,,[A] Operational,B,01-028-12-000,City of Laoag,Ilocos Norte,Region I (Ilocos Region),City,3rd,R1,C
[2024-06] 01-028-12-000,2024-06,2024,[06] June,"City of Laoag, Ilocos Norte",[1] Operational,,,,,[A] Operational,B,01-028-12-000,City of Laoag,Ilocos Norte,Region I (Ilocos Region),City,3rd,R1,C
[2024-07] 01-028-12-000,2024-07,2024,[07] July,"City of Laoag, Ilocos Norte",[1] Operational,,,,,[A] Operational,B,01-028-12-000,City of Laoag,Ilocos Norte,Region I (Ilocos Region),City,3rd,R1,C
[2023-12] 08-064-07-000,2023-12,2023,[12] December,"City of Maasin, Southern Leyte",[1] Operational,,,,,[A] Operational,B,08-064-07-000,City of Maasin,Southern Leyte,Region VIII (Eastern Visayas),City,4th,R8,K
[2024-01] 08-064-07-000,2024-01,2024,[01] January,"City of Maasin, Southern Leyte",[1] Operational,,,,,[A] Operational,B,08-064-07-000,City of Maasin,Southern Leyte,Region VIII (Eastern Visayas),City,4th,R8,K
[2024-02] 08-064-07-000,2024-02,2024,[02] February,"City of Maasin, Southern Leyte",[1] Operational,,,,,[A] Operational,B,08-064-07-000,City of Maasin,Southern Leyte,Region VIII (Eastern Visayas),City,4th,R8,K
[2024-03] 08-064-07-000,2024-03,2024,[03] March,"City of Maasin, Southern Leyte",[1] Operational,,,,,[A] Operational,B,08-064-07-000,City of Maasin,Southern Leyte,Region VIII (Eastern Visayas),City,4th,R8,K
[2024-04] 08-064-07-000,2024-04,2024,[04] April,"City of Maasin, Southern Leyte",[1] Operational,,,,,[A] Operational,B,08-064-07-000,City of Maasin,Southern Leyte,Region VIII (Eastern Visayas),City,4th,R8,K
[2024-05] 08-064-07-000,2024-05,2024,[05] May,"City of Maasin, Southern Leyte",[1] Operational,,,,,[A] Operational,B,08-064-07-000,City of Maasin,Southern Leyte,Region VIII (Eastern Visayas),City,4th,R8,K
[2024-06] 08-064-07-000,2024-06,2024,[06] June,"City of Maasin, Southern Leyte",[1] Operational,,,,,[A] Operational,B,08-064-07-000,City of Maasin,Southern Leyte,Region VIII (Eastern Visayas),City,4th,R8,K
[2024-07] 08-064-07-000,2024-07,2024,[07] July,"City of Maasin, Southern Leyte",[1] Operational,,,,,[A] Operational,B,08-064-07-000,City of Maasin,Southern Leyte,Region VIII (Eastern Visayas),City,4th,R8,K
[2024-05] 03-049-19-000,2024-05,2024,[05] May,"City of Palayan, Nueva Ecija",[2] Ongoing Testing and Data Build-up,40%,,,,[B] Developmental,B,03-049-19-000,City of Palayan,Nueva Ecija,Region III (Central Luzon),City,5th,R3,E
[2024-06] 03-049-19-000,2024-06,2024,[06] June,"City of Palayan, Nueva Ecija",[2] Ongoing Testing and Data Build-up,45%,,,,[B] Developmental,B,03-049-19-000,City of Palayan,Nueva Ecija,Region III (Central Luzon),City,5th,R3,E
[2024-07] 03-049-19-000,2024-07,2024,[07] July,"City of Palayan, Nueva Ecija",[2] Ongoing Testing and Data Build-up,50%,,,,[B] Developmental,B,03-049-19-000,City of Palayan,Nueva Ecija,Region III (Central Luzon),City,5th,R3,E
[2024-07] 06-045-23-000,2024-07,2024,[07] July,"City of Sagay, Negros Occidental",[1] Operational,,,,,[A] Operational,B,06-045-23-000,City of Sagay,Negros Occidental,Region VI (Western Visayas),City,3rd,R6,I
[2023-12] 06-045-27-000,2023-12,2023,[12] December,"City of Sipalay, Negros Occidental",[1] Operational,,,,,[A] Operational,A,06-045-27-000,City of Sipalay,Negros Occidental,Region VI (Western Visayas),City,4th,R6,I
[2024-01] 06-045-27-000,2024-01,2024,[01] January,"City of Sipalay, Negros Occidental",[1] Operational,,,,,[A] Operational,A,06-045-27-000,City of Sipalay,Negros Occidental,Region VI (Western Visayas),City,4th,R6,I
[2024-02] 06-045-27-000,2024-02,2024,[02] February,"City of Sipalay, Negros Occidental",[1] Operational,,,,,[A] Operational,A,06-045-27-000,City of Sipalay,Negros Occidental,Region VI (Western Visayas),City,4th,R6,I
[2024-03] 06-045-27-000,2024-03,2024,[03] March,"City of Sipalay, Negros Occidental",[1] Operational,,,,,[A] Operational,A,06-045-27-000,City of Sipalay,Negros Occidental,Region VI (Western Visayas),City,4th,R6,I
[2024-04] 06-045-27-000,2024-04,2024,[04] April,"City of Sipalay, Negros Occidental",[1] Operational,,,,,[A] Operational,A,06-045-27-000,City of Sipalay,Negros Occidental,Region VI (Western Visayas),City,4th,R6,I
[2024-05] 06-045-27-000,2024-05,2024,[05] May,"City of Sipalay, Negros Occidental",[1] Operational,,,,,[A] Operational,A,06-045-27-000,City of Sipalay,Negros Occidental,Region VI (Western Visayas),City,4th,R6,I
[2024-06] 06-045-27-000,2024-06,2024,[06] June,"City of Sipalay, Negros Occidental",[1] Operational,,,,,[A] Operational,A,06-045-27-000,City of Sipalay,Negros Occidental,Region VI (Western Visayas),City,4th,R6,I
[2024-07] 06-045-27-000,2024-07,2024,[07] July,"City of Sipalay, Negros Occidental",[1] Operational,,,,,[A] Operational,A,06-045-27-000,City of Sipalay,Negros Occidental,Region VI (Western Visayas),City,4th,R6,I
[2023-12] 14-032-13-000,2023-12,2023,[12] December,"City of Tabuk, Kalinga",[1] Operational,,,,,[A] Operational,A,14-032-13-000,City of Tabuk,Kalinga,Cordillera Administrative Region (CAR),City,5th,CAR,B
[2024-01] 14-032-13-000,2024-01,2024,[01] January,"City of Tabuk, Kalinga",[1] Operational,,,,,[A] Operational,A,14-032-13-000,City of Tabuk,Kalinga,Cordillera Administrative Region (CAR),City,5th,CAR,B
[2024-02] 14-032-13-000,2024-02,2024,[02] February,"City of Tabuk, Kalinga",[1] Operational,,,,,[A] Operational,A,14-032-13-000,City of Tabuk,Kalinga,Cordillera Administrative Region (CAR),City,5th,CAR,B
[2024-03] 14-032-13-000,2024-03,2024,[03] March,"City of Tabuk, Kalinga",[1] Operational,,,,,[A] Operational,A,14-032-13-000,City of Tabuk,Kalinga,Cordillera Administrative Region (CAR),City,5th,CAR,B
[2024-04] 14-032-13-000,2024-04,2024,[04] April,"City of Tabuk, Kalinga",[1] Operational,,,,,[A] Operational,A,14-032-13-000,City of Tabuk,Kalinga,Cordillera Administrative Region (CAR),City,5th,CAR,B
[2024-05] 14-032-13-000,2024-05,2024,[05] May,"City of Tabuk, Kalinga",[1] Operational,,,,,[A] Operational,A,14-032-13-000,City of Tabuk,Kalinga,Cordillera Administrative Region (CAR),City,5th,CAR,B
[2024-06] 14-032-13-000,2024-06,2024,[06] June,"City of Tabuk, Kalinga",[1] Operational,,,,,[A] Operational,A,14-032-13-000,City of Tabuk,Kalinga,Cordillera Administrative Region (CAR),City,5th,CAR,B
[2024-07] 14-032-13-000,2024-07,2024,[07] July,"City of Tabuk, Kalinga",[1] Operational,,,,,[A] Operational,A,14-032-13-000,City of Tabuk,Kalinga,Cordillera Administrative Region (CAR),City,5th,CAR,B
[2023-12] 16-068-19-000,2023-12,2023,[12] December,"City of Tandag, Surigao del Sur",[1] Operational,,,,,[A] Operational,A,16-068-19-000,City of Tandag,Surigao del Sur,Region XIII (Caraga),City,5th,R13,O
[2024-01] 16-068-19-000,2024-01,2024,[01] January,"City of Tandag, Surigao del Sur",[1] Operational,,,,,[A] Operational,A,16-068-19-000,City of Tandag,Surigao del Sur,Region XIII (Caraga),City,5th,R13,O
[2024-02] 16-068-19-000,2024-02,2024,[02] February,"City of Tandag, Surigao del Sur",[1] Operational,,,,,[A] Operational,A,16-068-19-000,City of Tandag,Surigao del Sur,Region XIII (Caraga),City,5th,R13,O
[2024-03] 16-068-19-000,2024-03,2024,[03] March,"City of Tandag, Surigao del Sur",[1] Operational,,,,,[A] Operational,A,16-068-19-000,City of Tandag,Surigao del Sur,Region XIII (Caraga),City,5th,R13,O
[2024-04] 16-068-19-000,2024-04,2024,[04] April,"City of Tandag, Surigao del Sur",[1] Operational,,,,,[A] Operational,A,16-068-19-000,City of Tandag,Surigao del Sur,Region XIII (Caraga),City,5th,R13,O
[2024-05] 16-068-19-000,2024-05,2024,[05] May,"City of Tandag, Surigao del Sur",[1] Operational,,,,,[A] Operational,A,16-068-19-000,City of Tandag,Surigao del Sur,Region XIII (Caraga),City,5th,R13,O
[2024-06] 16-068-19-000,2024-06,2024,[06] June,"City of Tandag, Surigao del Sur",[1] Operational,,,,,[A] Operational,A,16-068-19-000,City of Tandag,Surigao del Sur,Region XIII (Caraga),City,5th,R13,O
[2024-07] 16-068-19-000,2024-07,2024,[07] July,"City of Tandag, Surigao del Sur",[1] Operational,,,,,[A] Operational,A,16-068-19-000,City of Tandag,Surigao del Sur,Region XIII (Caraga),City,5th,R13,O
[2024-06] 10-042-15-000,2024-06,2024,[06] June,"City of Tangub, Misamis Occidental",[1] Operational,,,,,[A] Operational,B,10-042-15-000,City of Tangub,Misamis Occidental,Region X (Northern Mindanao),City,4th,R10,N
[2024-07] 10-042-15-000,2024-07,2024,[07] July,"City of Tangub, Misamis Occidental",[1] Operational,,,,,[A] Operational,B,10-042-15-000,City of Tangub,Misamis Occidental,Region X (Northern Mindanao),City,4th,R10,N
[2023-12] 10-042-05-000,2023-12,2023,[12] December,"Clarin, Misamis Occidental",[1] Operational,,,,,[A] Operational,A,10-042-05-000,Clarin,Misamis Occidental,Region X (Northern Mindanao),Municipality,4th,R10,N
[2024-01] 10-042-05-000,2024-01,2024,[01] January,"Clarin, Misamis Occidental",[1] Operational,,,,,[A] Operational,A,10-042-05-000,Clarin,Misamis Occidental,Region X (Northern Mindanao),Municipality,4th,R10,N
[2024-02] 10-042-05-000,2024-02,2024,[02] February,"Clarin, Misamis Occidental",[1] Operational,,,,,[A] Operational,A,10-042-05-000,Clarin,Misamis Occidental,Region X (Northern Mindanao),Municipality,4th,R10,N
[2024-03] 10-042-05-000,2024-03,2024,[03] March,"Clarin, Misamis Occidental",[1] Operational,,,,,[A] Operational,A,10-042-05-000,Clarin,Misamis Occidental,Region X (Northern Mindanao),Municipality,4th,R10,N
[2024-04] 10-042-05-000,2024-04,2024,[04] April,"Clarin, Misamis Occidental",[1] Operational,,,,,[A] Operational,A,10-042-05-000,Clarin,Misamis Occidental,Region X (Northern Mindanao),Municipality,4th,R10,N
[2024-05] 10-042-05-000,2024-05,2024,[05] May,"Clarin, Misamis Occidental",[1] Operational,,,,,[A] Operational,A,10-042-05-000,Clarin,Misamis Occidental,Region X (Northern Mindanao),Municipality,4th,R10,N
[2024-06] 10-042-05-000,2024-06,2024,[06] June,"Clarin, Misamis Occidental",[1] Operational,,,,,[A] Operational,A,10-042-05-000,Clarin,Misamis Occidental,Region X (Northern Mindanao),Municipality,4th,R10,N
[2024-07] 10-042-05-000,2024-07,2024,[07] July,"Clarin, Misamis Occidental",[1] Operational,,,,,[A] Operational,A,10-042-05-000,Clarin,Misamis Occidental,Region X (Northern Mindanao),Municipality,4th,R10,N
[2024-06] 10-043-06-000,2024-06,2024,[06] June,"Claveria, Misamis Oriental",[1] Operational,,,,,[A] Operational,B,10-043-06-000,Claveria,Misamis Oriental,Region X (Northern Mindanao),Municipality,1st,R10,N
[2024-07] 10-043-06-000,2024-07,2024,[07] July,"Claveria, Misamis Oriental",[1] Operational,,,,,[A] Operational,B,10-043-06-000,Claveria,Misamis Oriental,Region X (Northern Mindanao),Municipality,1st,R10,N
[2023-12] 12-065-02-000,2023-12,2023,[12] December,"Columbio, Sultan Kudarat",[1] Operational,,,,,[A] Operational,A,12-065-02-000,Columbio,Sultan Kudarat,Region XII (SOCCSKSARGEN),Municipality,1st,R12,Q
[2024-01] 12-065-02-000,2024-01,2024,[01] January,"Columbio, Sultan Kudarat",[1] Operational,,,,,[A] Operational,A,12-065-02-000,Columbio,Sultan Kudarat,Region XII (SOCCSKSARGEN),Municipality,1st,R12,Q
[2024-02] 12-065-02-000,2024-02,2024,[02] February,"Columbio, Sultan Kudarat",[1] Operational,,,,,[A] Operational,A,12-065-02-000,Columbio,Sultan Kudarat,Region XII (SOCCSKSARGEN),Municipality,1st,R12,Q
[2024-03] 12-065-02-000,2024-03,2024,[03] March,"Columbio, Sultan Kudarat",[1] Operational,,,,,[A] Operational,A,12-065-02-000,Columbio,Sultan Kudarat,Region XII (SOCCSKSARGEN),Municipality,1st,R12,Q
[2024-04] 12-065-02-000,2024-04,2024,[04] April,"Columbio, Sultan Kudarat",[1] Operational,,,,,[A] Operational,A,12-065-02-000,Columbio,Sultan Kudarat,Region XII (SOCCSKSARGEN),Municipality,1st,R12,Q
[2024-05] 12-065-02-000,2024-05,2024,[05] May,"Columbio, Sultan Kudarat",[1] Operational,,,,,[A] Operational,A,12-065-02-000,Columbio,Sultan Kudarat,Region XII (SOCCSKSARGEN),Municipality,1st,R12,Q
[2024-06] 12-065-02-000,2024-06,2024,[06] June,"Columbio, Sultan Kudarat",[1] Operational,,,,,[A] Operational,A,12-065-02-000,Columbio,Sultan Kudarat,Region XII (SOCCSKSARGEN),Municipality,1st,R12,Q
[2024-07] 12-065-02-000,2024-07,2024,[07] July,"Columbio, Sultan Kudarat",[1] Operational,,,,,[A] Operational,A,12-065-02-000,Columbio,Sultan Kudarat,Region XII (SOCCSKSARGEN),Municipality,1st,R12,Q
[2023-12] 06-030-15-000,2023-12,2023,[12] December,"Concepcion, Iloilo",[1] Operational,,,,,[A] Operational,A,06-030-15-000,Concepcion,Iloilo,Region VI (Western Visayas),Municipality,3rd,R6,I
[2024-01] 06-030-15-000,2024-01,2024,[01] January,"Concepcion, Iloilo",[1] Operational,,,,,[A] Operational,A,06-030-15-000,Concepcion,Iloilo,Region VI (Western Visayas),Municipality,3rd,R6,I
[2024-02] 06-030-15-000,2024-02,2024,[02] February,"Concepcion, Iloilo",[1] Operational,,,,,[A] Operational,A,06-030-15-000,Concepcion,Iloilo,Region VI (Western Visayas),Municipality,3rd,R6,I
[2024-03] 06-030-15-000,2024-03,2024,[03] March,"Concepcion, Iloilo",[1] Operational,,,,,[A] Operational,A,06-030-15-000,Concepcion,Iloilo,Region VI (Western Visayas),Municipality,3rd,R6,I
[2024-04] 06-030-15-000,2024-04,2024,[04] April,"Concepcion, Iloilo",[1] Operational,,,,,[A] Operational,A,06-030-15-000,Concepcion,Iloilo,Region VI (Western Visayas),Municipality,3rd,R6,I
[2024-05] 06-030-15-000,2024-05,2024,[05] May,"Concepcion, Iloilo",[1] Operational,,,,,[A] Operational,A,06-030-15-000,Concepcion,Iloilo,Region VI (Western Visayas),Municipality,3rd,R6,I
[2024-06] 06-030-15-000,2024-06,2024,[06] June,"Concepcion, Iloilo",[1] Operational,,,,,[A] Operational,A,06-030-15-000,Concepcion,Iloilo,Region VI (Western Visayas),Municipality,3rd,R6,I
[2024-07] 06-030-15-000,2024-07,2024,[07] July,"Concepcion, Iloilo",[1] Operational,,,,,[A] Operational,A,06-030-15-000,Concepcion,Iloilo,Region VI (Western Visayas),Municipality,3rd,R6,I
[2023-12] 17-053-09-000,2023-12,2023,[12] December,"Coron, Palawan",[1] Operational,,,,,[A] Operational,B,17-053-09-000,Coron,Palawan,MIMAROPA Region,Municipality,1st,R4B,G
[2024-01] 17-053-09-000,2024-01,2024,[01] January,"Coron, Palawan",[1] Operational,,,,,[A] Operational,B,17-053-09-000,Coron,Palawan,MIMAROPA Region,Municipality,1st,R4B,G
[2024-02] 17-053-09-000,2024-02,2024,[02] February,"Coron, Palawan",[1] Operational,,,,,[A] Operational,B,17-053-09-000,Coron,Palawan,MIMAROPA Region,Municipality,1st,R4B,G
[2024-03] 17-053-09-000,2024-03,2024,[03] March,"Coron, Palawan",[1] Operational,,,,,[A] Operational,B,17-053-09-000,Coron,Palawan,MIMAROPA Region,Municipality,1st,R4B,G
[2024-04] 17-053-09-000,2024-04,2024,[04] April,"Coron, Palawan",[1] Operational,,,,,[A] Operational,B,17-053-09-000,Coron,Palawan,MIMAROPA Region,Municipality,1st,R4B,G
[2024-05] 17-053-09-000,2024-05,2024,[05] May,"Coron, Palawan",[1] Operational,,,,,[A] Operational,B,17-053-09-000,Coron,Palawan,MIMAROPA Region,Municipality,1st,R4B,G
[2024-06] 17-053-09-000,2024-06,2024,[06] June,"Coron, Palawan",[1] Operational,,,,,[A] Operational,B,17-053-09-000,Coron,Palawan,MIMAROPA Region,Municipality,1st,R4B,G
[2024-07] 17-053-09-000,2024-07,2024,[07] July,"Coron, Palawan",[1] Operational,,,,,[A] Operational,B,17-053-09-000,Coron,Palawan,MIMAROPA Region,Municipality,1st,R4B,G
[2023-12] 06-019-01-000,2023-12,2023,[12] December,"Cuartero, Capiz",[1] Operational,,,,,[A] Operational,B,06-019-01-000,Cuartero,Capiz,Region VI (Western Visayas),Municipality,4th,R6,I
[2024-01] 06-019-01-000,2024-01,2024,[01] January,"Cuartero, Capiz",[1] Operational,,,,,[A] Operational,B,06-019-01-000,Cuartero,Capiz,Region VI (Western Visayas),Municipality,4th,R6,I
[2024-02] 06-019-01-000,2024-02,2024,[02] February,"Cuartero, Capiz",[1] Operational,,,,,[A] Operational,B,06-019-01-000,Cuartero,Capiz,Region VI (Western Visayas),Municipality,4th,R6,I
[2024-03] 06-019-01-000,2024-03,2024,[03] March,"Cuartero, Capiz",[1] Operational,,,,,[A] Operational,B,06-019-01-000,Cuartero,Capiz,Region VI (Western Visayas),Municipality,4th,R6,I
[2024-04] 06-019-01-000,2024-04,2024,[04] April,"Cuartero, Capiz",[1] Operational,,,,,[A] Operational,B,06-019-01-000,Cuartero,Capiz,Region VI (Western Visayas),Municipality,4th,R6,I
[2024-05] 06-019-01-000,2024-05,2024,[05] May,"Cuartero, Capiz",[1] Operational,,,,,[A] Operational,B,06-019-01-000,Cuartero,Capiz,Region VI (Western Visayas),Municipality,4th,R6,I
[2024-06] 06-019-01-000,2024-06,2024,[06] June,"Cuartero, Capiz",[1] Operational,,,,,[A] Operational,B,06-019-01-000,Cuartero,Capiz,Region VI (Western Visayas),Municipality,4th,R6,I
[2024-07] 06-019-01-000,2024-07,2024,[07] July,"Cuartero, Capiz",[1] Operational,,,,,[A] Operational,B,06-019-01-000,Cuartero,Capiz,Region VI (Western Visayas),Municipality,4th,R6,I
[2023-12] 17-053-22-000,2023-12,2023,[12] December,"Culion, Palawan",[1] Operational,,,,,[A] Operational,A,17-053-22-000,Culion,Palawan,MIMAROPA Region,Municipality,3rd,R4B,G
[2024-01] 17-053-22-000,2024-01,2024,[01] January,"Culion, Palawan",[1] Operational,,,,,[A] Operational,A,17-053-22-000,Culion,Palawan,MIMAROPA Region,Municipality,3rd,R4B,G
[2024-02] 17-053-22-000,2024-02,2024,[02] February,"Culion, Palawan",[1] Operational,,,,,[A] Operational,A,17-053-22-000,Culion,Palawan,MIMAROPA Region,Municipality,3rd,R4B,G
[2024-03] 17-053-22-000,2024-03,2024,[03] March,"Culion, Palawan",[1] Operational,,,,,[A] Operational,A,17-053-22-000,Culion,Palawan,MIMAROPA Region,Municipality,3rd,R4B,G
[2024-04] 17-053-22-000,2024-04,2024,[04] April,"Culion, Palawan",[1] Operational,,,,,[A] Operational,A,17-053-22-000,Culion,Palawan,MIMAROPA Region,Municipality,3rd,R4B,G
[2024-05] 17-053-22-000,2024-05,2024,[05] May,"Culion, Palawan",[1] Operational,,,,,[A] Operational,A,17-053-22-000,Culion,Palawan,MIMAROPA Region,Municipality,3rd,R4B,G
[2024-06] 17-053-22-000,2024-06,2024,[06] June,"Culion, Palawan",[1] Operational,,,,,[A] Operational,A,17-053-22-000,Culion,Palawan,MIMAROPA Region,Municipality,3rd,R4B,G
[2024-07] 17-053-22-000,2024-07,2024,[07] July,"Culion, Palawan",[1] Operational,,,,,[A] Operational,A,17-053-22-000,Culion,Palawan,MIMAROPA Region,Municipality,3rd,R4B,G
[2023-12] 03-049-06-000,2023-12,2023,[12] December,"Cuyapo, Nueva Ecija",[1] Operational,,,,,[A] Operational,B,03-049-06-000,Cuyapo,Nueva Ecija,Region III (Central Luzon),Municipality,1st,R3,E
[2024-01] 03-049-06-000,2024-01,2024,[01] January,"Cuyapo, Nueva Ecija",[1] Operational,,,,,[A] Operational,B,03-049-06-000,Cuyapo,Nueva Ecija,Region III (Central Luzon),Municipality,1st,R3,E
[2024-02] 03-049-06-000,2024-02,2024,[02] February,"Cuyapo, Nueva Ecija",[1] Operational,,,,,[A] Operational,B,03-049-06-000,Cuyapo,Nueva Ecija,Region III (Central Luzon),Municipality,1st,R3,E
[2024-03] 03-049-06-000,2024-03,2024,[03] March,"Cuyapo, Nueva Ecija",[1] Operational,,,,,[A] Operational,B,03-049-06-000,Cuyapo,Nueva Ecija,Region III (Central Luzon),Municipality,1st,R3,E
[2024-04] 03-049-06-000,2024-04,2024,[04] April,"Cuyapo, Nueva Ecija",[1] Operational,,,,,[A] Operational,B,03-049-06-000,Cuyapo,Nueva Ecija,Region III (Central Luzon),Municipality,1st,R3,E
[2024-05] 03-049-06-000,2024-05,2024,[05] May,"Cuyapo, Nueva Ecija",[1] Operational,,,,,[A] Operational,B,03-049-06-000,Cuyapo,Nueva Ecija,Region III (Central Luzon),Municipality,1st,R3,E
[2024-06] 03-049-06-000,2024-06,2024,[06] June,"Cuyapo, Nueva Ecija",[1] Operational,,,,,[A] Operational,B,03-049-06-000,Cuyapo,Nueva Ecija,Region III (Central Luzon),Municipality,1st,R3,E
[2024-07] 03-049-06-000,2024-07,2024,[07] July,"Cuyapo, Nueva Ecija",[1] Operational,,,,,[A] Operational,B,03-049-06-000,Cuyapo,Nueva Ecija,Region III (Central Luzon),Municipality,1st,R3,E
[2023-12] 08-060-06-000,2023-12,2023,[12] December,"Daram, Samar",[1] Operational,,,,,[A] Operational,A,08-060-06-000,Daram,Samar,Region VIII (Eastern Visayas),Municipality,3rd,R8,K
[2024-01] 08-060-06-000,2024-01,2024,[01] January,"Daram, Samar",[1] Operational,,,,,[A] Operational,A,08-060-06-000,Daram,Samar,Region VIII (Eastern Visayas),Municipality,3rd,R8,K
[2024-02] 08-060-06-000,2024-02,2024,[02] February,"Daram, Samar",[1] Operational,,,,,[A] Operational,A,08-060-06-000,Daram,Samar,Region VIII (Eastern Visayas),Municipality,3rd,R8,K
[2024-03] 08-060-06-000,2024-03,2024,[03] March,"Daram, Samar",[1] Operational,,,,,[A] Operational,A,08-060-06-000,Daram,Samar,Region VIII (Eastern Visayas),Municipality,3rd,R8,K
[2024-04] 08-060-06-000,2024-04,2024,[04] April,"Daram, Samar",[1] Operational,,,,,[A] Operational,A,08-060-06-000,Daram,Samar,Region VIII (Eastern Visayas),Municipality,3rd,R8,K
[2024-05] 08-060-06-000,2024-05,2024,[05] May,"Daram, Samar",[1] Operational,,,,,[A] Operational,A,08-060-06-000,Daram,Samar,Region VIII (Eastern Visayas),Municipality,3rd,R8,K
[2024-06] 08-060-06-000,2024-06,2024,[06] June,"Daram, Samar",[1] Operational,,,,,[A] Operational,A,08-060-06-000,Daram,Samar,Region VIII (Eastern Visayas),Municipality,3rd,R8,K
[2024-07] 08-060-06-000,2024-07,2024,[07] July,"Daram, Samar",[1] Operational,,,,,[A] Operational,A,08-060-06-000,Daram,Samar,Region VIII (Eastern Visayas),Municipality,3rd,R8,K
[2024-07] 19-088-03-000,2024-07,2024,[07] July,"Datu Abdullah Sangki, Maguindanao del Sur",[2] Ongoing Testing and Data Build-up,50%,,,10 Barangay to Integrate,[B] Developmental,B,19-088-03-000,Datu Abdullah Sangki,Maguindanao del Sur,Bangsamoro Autonomous Region In Muslim Mindanao (BARMM),Municipality,-,BARMM II,R
[2023-12] 19-088-06-000,2023-12,2023,[12] December,"Datu Paglas, Maguindanao del Sur",[2] Ongoing Testing and Data Build-up,5%,,On Going Integration,14 Barangay to Integrate,[B] Developmental,A,19-088-06-000,Datu Paglas,Maguindanao del Sur,Bangsamoro Autonomous Region In Muslim Mindanao (BARMM),Municipality,4th,BARMM II,R
[2024-01] 19-088-06-000,2024-01,2024,[01] January,"Datu Paglas, Maguindanao del Sur",[2] Ongoing Testing and Data Build-up,5%,,On Going Integration,14 Barangay to Integrate,[B] Developmental,A,19-088-06-000,Datu Paglas,Maguindanao del Sur,Bangsamoro Autonomous Region In Muslim Mindanao (BARMM),Municipality,4th,BARMM II,R
[2024-02] 19-088-06-000,2024-02,2024,[02] February,"Datu Paglas, Maguindanao del Sur",[2] Ongoing Testing and Data Build-up,5%,,On Going Integration,14 Barangay to Integrate,[B] Developmental,A,19-088-06-000,Datu Paglas,Maguindanao del Sur,Bangsamoro Autonomous Region In Muslim Mindanao (BARMM),Municipality,4th,BARMM II,R
[2024-03] 19-088-06-000,2024-03,2024,[03] March,"Datu Paglas, Maguindanao del Sur",[2] Ongoing Testing and Data Build-up,5%,,On Going Integration,,[B] Developmental,A,19-088-06-000,Datu Paglas,Maguindanao del Sur,Bangsamoro Autonomous Region In Muslim Mindanao (BARMM),Municipality,4th,BARMM II,R
[2024-04] 19-088-06-000,2024-04,2024,[04] April,"Datu Paglas, Maguindanao del Sur",[2] Ongoing Testing and Data Build-up,20%,,On Going Integration,,[B] Developmental,A,19-088-06-000,Datu Paglas,Maguindanao del Sur,Bangsamoro Autonomous Region In Muslim Mindanao (BARMM),Municipality,4th,BARMM II,R
[2024-05] 19-088-06-000,2024-05,2024,[05] May,"Datu Paglas, Maguindanao del Sur",[2] Ongoing Testing and Data Build-up,20%,,On Going Integration,14 Barangay to Integrate,[B] Developmental,A,19-088-06-000,Datu Paglas,Maguindanao del Sur,Bangsamoro Autonomous Region In Muslim Mindanao (BARMM),Municipality,4th,BARMM II,R
[2024-06] 19-088-06-000,2024-06,2024,[06] June,"Datu Paglas, Maguindanao del Sur",[1] Operational,,,,1 Barangay to Integrate,[A] Operational,A,19-088-06-000,Datu Paglas,Maguindanao del Sur,Bangsamoro Autonomous Region In Muslim Mindanao (BARMM),Municipality,4th,BARMM II,R
[2024-07] 19-088-06-000,2024-07,2024,[07] July,"Datu Paglas, Maguindanao del Sur",[1] Operational,,,,1 Barangay to Integrate,[A] Operational,A,19-088-06-000,Datu Paglas,Maguindanao del Sur,Bangsamoro Autonomous Region In Muslim Mindanao (BARMM),Municipality,4th,BARMM II,R
[2023-12] 02-057-03-000,2023-12,2023,[12] December,"Diffun, Quirino",[1] Operational,,,,,[A] Operational,B,02-057-03-000,Diffun,Quirino,Region II (Cagayan Valley),Municipality,2nd,R2,D
[2024-01] 02-057-03-000,2024-01,2024,[01] January,"Diffun, Quirino",[1] Operational,,,,,[A] Operational,B,02-057-03-000,Diffun,Quirino,Region II (Cagayan Valley),Municipality,2nd,R2,D
[2024-02] 02-057-03-000,2024-02,2024,[02] February,"Diffun, Quirino",[1] Operational,,,,,[A] Operational,B,02-057-03-000,Diffun,Quirino,Region II (Cagayan Valley),Municipality,2nd,R2,D
[2024-03] 02-057-03-000,2024-03,2024,[03] March,"Diffun, Quirino",[1] Operational,,,,,[A] Operational,B,02-057-03-000,Diffun,Quirino,Region II (Cagayan Valley),Municipality,2nd,R2,D
[2024-04] 02-057-03-000,2024-04,2024,[04] April,"Diffun, Quirino",[1] Operational,,,,,[A] Operational,B,02-057-03-000,Diffun,Quirino,Region II (Cagayan Valley),Municipality,2nd,R2,D
[2024-05] 02-057-03-000,2024-05,2024,[05] May,"Diffun, Quirino",[1] Operational,,,,,[A] Operational,B,02-057-03-000,Diffun,Quirino,Region II (Cagayan Valley),Municipality,2nd,R2,D
[2024-06] 02-057-03-000,2024-06,2024,[06] June,"Diffun, Quirino",[1] Operational,,,,,[A] Operational,B,02-057-03-000,Diffun,Quirino,Region II (Cagayan Valley),Municipality,2nd,R2,D
[2024-07] 02-057-03-000,2024-07,2024,[07] July,"Diffun, Quirino",[1] Operational,,,,,[A] Operational,B,02-057-03-000,Diffun,Quirino,Region II (Cagayan Valley),Municipality,2nd,R2,D
[2024-01] 09-073-05-000,2024-01,2024,[01] January,"Dimataling, Zamboanga del Sur",[1] Operational,,,,,[A] Operational,A,09-073-05-000,Dimataling,Zamboanga del Sur,Region IX (Zamboanga Peninsula),Municipality,4th,R9,L
[2024-02] 09-073-05-000,2024-02,2024,[02] February,"Dimataling, Zamboanga del Sur",[1] Operational,,,,,[A] Operational,A,09-073-05-000,Dimataling,Zamboanga del Sur,Region IX (Zamboanga Peninsula),Municipality,4th,R9,L
[2024-03] 09-073-05-000,2024-03,2024,[03] March,"Dimataling, Zamboanga del Sur",[1] Operational,,,,,[A] Operational,A,09-073-05-000,Dimataling,Zamboanga del Sur,Region IX (Zamboanga Peninsula),Municipality,4th,R9,L
[2024-04] 09-073-05-000,2024-04,2024,[04] April,"Dimataling, Zamboanga del Sur",[1] Operational,,,,,[A] Operational,A,09-073-05-000,Dimataling,Zamboanga del Sur,Region IX (Zamboanga Peninsula),Municipality,4th,R9,L
[2024-05] 09-073-05-000,2024-05,2024,[05] May,"Dimataling, Zamboanga del Sur",[1] Operational,,,,,[A] Operational,A,09-073-05-000,Dimataling,Zamboanga del Sur,Region IX (Zamboanga Peninsula),Municipality,4th,R9,L
[2024-06] 09-073-05-000,2024-06,2024,[06] June,"Dimataling, Zamboanga del Sur",[1] Operational,,,,,[A] Operational,A,09-073-05-000,Dimataling,Zamboanga del Sur,Region IX (Zamboanga Peninsula),Municipality,4th,R9,L
[2024-07] 09-073-05-000,2024-07,2024,[07] July,"Dimataling, Zamboanga del Sur",[1] Operational,,,,,[A] Operational,A,09-073-05-000,Dimataling,Zamboanga del Sur,Region IX (Zamboanga Peninsula),Municipality,4th,R9,L
[2024-02] 16-085-03-000,2024-02,2024,[02] February,"Dinagat, Dinagat Islands",[1] Operational,,,,,[A] Operational,A,16-085-03-000,Dinagat,Dinagat Islands,Region XIII (Caraga),Municipality,5th,R13,O
[2024-03] 16-085-03-000,2024-03,2024,[03] March,"Dinagat, Dinagat Islands",[1] Operational,,,,,[A] Operational,A,16-085-03-000,Dinagat,Dinagat Islands,Region XIII (Caraga),Municipality,5th,R13,O
[2024-04] 16-085-03-000,2024-04,2024,[04] April,"Dinagat, Dinagat Islands",[1] Operational,,,,,[A] Operational,A,16-085-03-000,Dinagat,Dinagat Islands,Region XIII (Caraga),Municipality,5th,R13,O
[2024-05] 16-085-03-000,2024-05,2024,[05] May,"Dinagat, Dinagat Islands",[1] Operational,,,,,[A] Operational,A,16-085-03-000,Dinagat,Dinagat Islands,Region XIII (Caraga),Municipality,5th,R13,O
[2024-06] 16-085-03-000,2024-06,2024,[06] June,"Dinagat, Dinagat Islands",[1] Operational,,,,,[A] Operational,A,16-085-03-000,Dinagat,Dinagat Islands,Region XIII (Caraga),Municipality,5th,R13,O
[2024-07] 16-085-03-000,2024-07,2024,[07] July,"Dinagat, Dinagat Islands",[1] Operational,,,,,[A] Operational,A,16-085-03-000,Dinagat,Dinagat Islands,Region XIII (Caraga),Municipality,5th,R13,O
[2023-12] 03-077-05-000,2023-12,2023,[12] December,"Dingalan, Aurora",[1] Operational,,,,,[A] Operational,A,03-077-05-000,Dingalan,Aurora,Region III (Central Luzon),Municipality,3rd,R3,E
[2024-01] 03-077-05-000,2024-01,2024,[01] January,"Dingalan, Aurora",[1] Operational,,,,,[A] Operational,A,03-077-05-000,Dingalan,Aurora,Region III (Central Luzon),Municipality,3rd,R3,E
[2024-02] 03-077-05-000,2024-02,2024,[02] February,"Dingalan, Aurora",[1] Operational,,,,,[A] Operational,A,03-077-05-000,Dingalan,Aurora,Region III (Central Luzon),Municipality,3rd,R3,E
[2024-03] 03-077-05-000,2024-03,2024,[03] March,"Dingalan, Aurora",[1] Operational,,,,,[A] Operational,A,03-077-05-000,Dingalan,Aurora,Region III (Central Luzon),Municipality,3rd,R3,E
[2024-04] 03-077-05-000,2024-04,2024,[04] April,"Dingalan, Aurora",[1] Operational,,,,,[A] Operational,A,03-077-05-000,Dingalan,Aurora,Region III (Central Luzon),Municipality,3rd,R3,E
[2024-05] 03-077-05-000,2024-05,2024,[05] May,"Dingalan, Aurora",[1] Operational,,,,,[A] Operational,A,03-077-05-000,Dingalan,Aurora,Region III (Central Luzon),Municipality,3rd,R3,E
[2024-06] 03-077-05-000,2024-06,2024,[06] June,"Dingalan, Aurora",[1] Operational,,,,,[A] Operational,A,03-077-05-000,Dingalan,Aurora,Region III (Central Luzon),Municipality,3rd,R3,E
[2024-07] 03-077-05-000,2024-07,2024,[07] July,"Dingalan, Aurora",[1] Operational,,,,,[A] Operational,A,03-077-05-000,Dingalan,Aurora,Region III (Central Luzon),Municipality,3rd,R3,E
[2023-12] 01-028-09-000,2023-12,2023,[12] December,"Dingras, Ilocos Norte",[2] Ongoing Testing and Data Build-up,100%,,,,[B] Developmental,A,01-028-09-000,Dingras,Ilocos Norte,Region I (Ilocos Region),Municipality,2nd,R1,C
[2024-01] 01-028-09-000,2024-01,2024,[01] January,"Dingras, Ilocos Norte",[2] Ongoing Testing and Data Build-up,100%,,,,[B] Developmental,A,01-028-09-000,Dingras,Ilocos Norte,Region I (Ilocos Region),Municipality,2nd,R1,C
[2024-02] 01-028-09-000,2024-02,2024,[02] February,"Dingras, Ilocos Norte",[2] Ongoing Testing and Data Build-up,100%,,,,[B] Developmental,A,01-028-09-000,Dingras,Ilocos Norte,Region I (Ilocos Region),Municipality,2nd,R1,C
[2024-03] 01-028-09-000,2024-03,2024,[03] March,"Dingras, Ilocos Norte",[2] Ongoing Testing and Data Build-up,100%,,,,[B] Developmental,A,01-028-09-000,Dingras,Ilocos Norte,Region I (Ilocos Region),Municipality,2nd,R1,C
[2024-04] 01-028-09-000,2024-04,2024,[04] April,"Dingras, Ilocos Norte",[2] Ongoing Testing and Data Build-up,100%,,,,[B] Developmental,A,01-028-09-000,Dingras,Ilocos Norte,Region I (Ilocos Region),Municipality,2nd,R1,C
[2024-05] 01-028-09-000,2024-05,2024,[05] May,"Dingras, Ilocos Norte",[2] Ongoing Testing and Data Build-up,100%,,,,[B] Developmental,A,01-028-09-000,Dingras,Ilocos Norte,Region I (Ilocos Region),Municipality,2nd,R1,C
[2024-06] 01-028-09-000,2024-06,2024,[06] June,"Dingras, Ilocos Norte",[2] Ongoing Testing and Data Build-up,100%,,,,[B] Developmental,A,01-028-09-000,Dingras,Ilocos Norte,Region I (Ilocos Region),Municipality,2nd,R1,C
[2024-07] 01-028-09-000,2024-07,2024,[07] July,"Dingras, Ilocos Norte",[2] Ongoing Testing and Data Build-up,100%,,,,[B] Developmental,A,01-028-09-000,Dingras,Ilocos Norte,Region I (Ilocos Region),Municipality,2nd,R1,C
[2023-12] 03-077-06-000,2023-12,2023,[12] December,"Dipaculao, Aurora",[1] Operational,,,,,[A] Operational,B,03-077-06-000,Dipaculao,Aurora,Region III (Central Luzon),Municipality,3rd,R3,E
[2024-01] 03-077-06-000,2024-01,2024,[01] January,"Dipaculao, Aurora",[1] Operational,,,,,[A] Operational,B,03-077-06-000,Dipaculao,Aurora,Region III (Central Luzon),Municipality,3rd,R3,E
[2024-02] 03-077-06-000,2024-02,2024,[02] February,"Dipaculao, Aurora",[1] Operational,,,,,[A] Operational,B,03-077-06-000,Dipaculao,Aurora,Region III (Central Luzon),Municipality,3rd,R3,E
[2024-03] 03-077-06-000,2024-03,2024,[03] March,"Dipaculao, Aurora",[1] Operational,,,,,[A] Operational,B,03-077-06-000,Dipaculao,Aurora,Region III (Central Luzon),Municipality,3rd,R3,E
[2024-04] 03-077-06-000,2024-04,2024,[04] April,"Dipaculao, Aurora",[1] Operational,,,,,[A] Operational,B,03-077-06-000,Dipaculao,Aurora,Region III (Central Luzon),Municipality,3rd,R3,E
[2024-05] 03-077-06-000,2024-05,2024,[05] May,"Dipaculao, Aurora",[1] Operational,,,,,[A] Operational,B,03-077-06-000,Dipaculao,Aurora,Region III (Central Luzon),Municipality,3rd,R3,E
[2024-06] 03-077-06-000,2024-06,2024,[06] June,"Dipaculao, Aurora",[1] Operational,,,,,[A] Operational,B,03-077-06-000,Dipaculao,Aurora,Region III (Central Luzon),Municipality,3rd,R3,E
[2024-07] 03-077-06-000,2024-07,2024,[07] July,"Dipaculao, Aurora",[1] Operational,,,,,[A] Operational,B,03-077-06-000,Dipaculao,Aurora,Region III (Central Luzon),Municipality,3rd,R3,E
[2023-12] 09-083-03-000,2023-12,2023,[12] December,"Diplahan, Zamboanga Sibugay",[1] Operational,,,,,[A] Operational,A,09-083-03-000,Diplahan,Zamboanga Sibugay,Region IX (Zamboanga Peninsula),Municipality,3rd,R9,L
[2024-01] 09-083-03-000,2024-01,2024,[01] January,"Diplahan, Zamboanga Sibugay",[1] Operational,,,,,[A] Operational,A,09-083-03-000,Diplahan,Zamboanga Sibugay,Region IX (Zamboanga Peninsula),Municipality,3rd,R9,L
[2024-02] 09-083-03-000,2024-02,2024,[02] February,"Diplahan, Zamboanga Sibugay",[1] Operational,,,,,[A] Operational,A,09-083-03-000,Diplahan,Zamboanga Sibugay,Region IX (Zamboanga Peninsula),Municipality,3rd,R9,L
[2024-03] 09-083-03-000,2024-03,2024,[03] March,"Diplahan, Zamboanga Sibugay",[1] Operational,,,,,[A] Operational,A,09-083-03-000,Diplahan,Zamboanga Sibugay,Region IX (Zamboanga Peninsula),Municipality,3rd,R9,L
[2024-04] 09-083-03-000,2024-04,2024,[04] April,"Diplahan, Zamboanga Sibugay",[1] Operational,,,,,[A] Operational,A,09-083-03-000,Diplahan,Zamboanga Sibugay,Region IX (Zamboanga Peninsula),Municipality,3rd,R9,L
[2024-05] 09-083-03-000,2024-05,2024,[05] May,"Diplahan, Zamboanga Sibugay",[1] Operational,,,,,[A] Operational,A,09-083-03-000,Diplahan,Zamboanga Sibugay,Region IX (Zamboanga Peninsula),Municipality,3rd,R9,L
[2024-06] 09-083-03-000,2024-06,2024,[06] June,"Diplahan, Zamboanga Sibugay",[1] Operational,,,,,[A] Operational,A,09-083-03-000,Diplahan,Zamboanga Sibugay,Region IX (Zamboanga Peninsula),Municipality,3rd,R9,L
[2024-07] 09-083-03-000,2024-07,2024,[07] July,"Diplahan, Zamboanga Sibugay",[1] Operational,,,,,[A] Operational,A,09-083-03-000,Diplahan,Zamboanga Sibugay,Region IX (Zamboanga Peninsula),Municipality,3rd,R9,L
[2024-07] 14-001-07-000,2024-07,2024,[07] July,"Dolores, Abra",[2] Ongoing Testing and Data Build-up,25%,,,,[B] Developmental,B,14-001-07-000,Dolores,Abra,Cordillera Administrative Region (CAR),Municipality,5th,CAR,B
[2023-12] 08-026-06-000,2023-12,2023,[12] December,"Dolores, Eastern Samar",[1] Operational,,,,,[A] Operational,A,08-026-06-000,Dolores,Eastern Samar,Region VIII (Eastern Visayas),Municipality,3rd*,R8,K
[2024-01] 08-026-06-000,2024-01,2024,[01] January,"Dolores, Eastern Samar",[1] Operational,,,,,[A] Operational,A,08-026-06-000,Dolores,Eastern Samar,Region VIII (Eastern Visayas),Municipality,3rd*,R8,K
[2024-02] 08-026-06-000,2024-02,2024,[02] February,"Dolores, Eastern Samar",[3] With Concerns,,,,,[A] Operational,A,08-026-06-000,Dolores,Eastern Samar,Region VIII (Eastern Visayas),Municipality,3rd*,R8,K
[2024-03] 08-026-06-000,2024-03,2024,[03] March,"Dolores, Eastern Samar",[3] With Concerns,,,,,[A] Operational,A,08-026-06-000,Dolores,Eastern Samar,Region VIII (Eastern Visayas),Municipality,3rd*,R8,K
[2024-04] 08-026-06-000,2024-04,2024,[04] April,"Dolores, Eastern Samar",[3] With Concerns,,,,,[A] Operational,A,08-026-06-000,Dolores,Eastern Samar,Region VIII (Eastern Visayas),Municipality,3rd*,R8,K
[2024-05] 08-026-06-000,2024-05,2024,[05] May,"Dolores, Eastern Samar",[3] With Concerns,,,,,[A] Operational,A,08-026-06-000,Dolores,Eastern Samar,Region VIII (Eastern Visayas),Municipality,3rd*,R8,K
[2024-06] 08-026-06-000,2024-06,2024,[06] June,"Dolores, Eastern Samar",[3] With Concerns,,,,,[A] Operational,A,08-026-06-000,Dolores,Eastern Samar,Region VIII (Eastern Visayas),Municipality,3rd*,R8,K
[2024-07] 08-026-06-000,2024-07,2024,[07] July,"Dolores, Eastern Samar",[3] With Concerns,,,,,[A] Operational,A,08-026-06-000,Dolores,Eastern Samar,Region VIII (Eastern Visayas),Municipality,3rd*,R8,K
[2023-12] 10-013-04-000,2023-12,2023,[12] December,"Don Carlos, Bukidnon",[1] Operational,,,,,[A] Operational,B,10-013-04-000,Don Carlos,Bukidnon,Region X (Northern Mindanao),Municipality,1st,R10,N
[2024-01] 10-013-04-000,2024-01,2024,[01] January,"Don Carlos, Bukidnon",[1] Operational,,,,,[A] Operational,B,10-013-04-000,Don Carlos,Bukidnon,Region X (Northern Mindanao),Municipality,1st,R10,N
[2024-02] 10-013-04-000,2024-02,2024,[02] February,"Don Carlos, Bukidnon",[1] Operational,,,,,[A] Operational,B,10-013-04-000,Don Carlos,Bukidnon,Region X (Northern Mindanao),Municipality,1st,R10,N
[2024-03] 10-013-04-000,2024-03,2024,[03] March,"Don Carlos, Bukidnon",[1] Operational,,,,,[A] Operational,B,10-013-04-000,Don Carlos,Bukidnon,Region X (Northern Mindanao),Municipality,1st,R10,N
[2024-04] 10-013-04-000,2024-04,2024,[04] April,"Don Carlos, Bukidnon",[1] Operational,,,,,[A] Operational,B,10-013-04-000,Don Carlos,Bukidnon,Region X (Northern Mindanao),Municipality,1st,R10,N
[2024-05] 10-013-04-000,2024-05,2024,[05] May,"Don Carlos, Bukidnon",[1] Operational,,,,,[A] Operational,B,10-013-04-000,Don Carlos,Bukidnon,Region X (Northern Mindanao),Municipality,1st,R10,N
[2024-06] 10-013-04-000,2024-06,2024,[06] June,"Don Carlos, Bukidnon",[1] Operational,,,,,[A] Operational,B,10-013-04-000,Don Carlos,Bukidnon,Region X (Northern Mindanao),Municipality,1st,R10,N
[2024-07] 10-013-04-000,2024-07,2024,[07] July,"Don Carlos, Bukidnon",[1] Operational,,,,,[A] Operational,B,10-013-04-000,Don Carlos,Bukidnon,Region X (Northern Mindanao),Municipality,1st,R10,N
[2023-12] 09-073-07-000,2023-12,2023,[12] December,"Dumalinao, Zamboanga del Sur",[1] Operational,,,,,[A] Operational,A,09-073-07-000,Dumalinao,Zamboanga del Sur,Region IX (Zamboanga Peninsula),Municipality,4th,R9,L
[2024-01] 09-073-07-000,2024-01,2024,[01] January,"Dumalinao, Zamboanga del Sur",[1] Operational,,,,,[A] Operational,A,09-073-07-000,Dumalinao,Zamboanga del Sur,Region IX (Zamboanga Peninsula),Municipality,4th,R9,L
[2024-02] 09-073-07-000,2024-02,2024,[02] February,"Dumalinao, Zamboanga del Sur",[1] Operational,,,,,[A] Operational,A,09-073-07-000,Dumalinao,Zamboanga del Sur,Region IX (Zamboanga Peninsula),Municipality,4th,R9,L
[2024-03] 09-073-07-000,2024-03,2024,[03] March,"Dumalinao, Zamboanga del Sur",[1] Operational,,,,,[A] Operational,A,09-073-07-000,Dumalinao,Zamboanga del Sur,Region IX (Zamboanga Peninsula),Municipality,4th,R9,L
[2024-04] 09-073-07-000,2024-04,2024,[04] April,"Dumalinao, Zamboanga del Sur",[1] Operational,,,,,[A] Operational,A,09-073-07-000,Dumalinao,Zamboanga del Sur,Region IX (Zamboanga Peninsula),Municipality,4th,R9,L
[2024-05] 09-073-07-000,2024-05,2024,[05] May,"Dumalinao, Zamboanga del Sur",[1] Operational,,,,,[A] Operational,A,09-073-07-000,Dumalinao,Zamboanga del Sur,Region IX (Zamboanga Peninsula),Municipality,4th,R9,L
[2024-06] 09-073-07-000,2024-06,2024,[06] June,"Dumalinao, Zamboanga del Sur",[1] Operational,,,,,[A] Operational,A,09-073-07-000,Dumalinao,Zamboanga del Sur,Region IX (Zamboanga Peninsula),Municipality,4th,R9,L
[2024-07] 09-073-07-000,2024-07,2024,[07] July,"Dumalinao, Zamboanga del Sur",[1] Operational,,,,,[A] Operational,A,09-073-07-000,Dumalinao,Zamboanga del Sur,Region IX (Zamboanga Peninsula),Municipality,4th,R9,L
[2023-12] 01-028-10-000,2023-12,2023,[12] December,"Dumalneg, Ilocos Norte",[1] Operational,,,,,[A] Operational,A,01-028-10-000,Dumalneg,Ilocos Norte,Region I (Ilocos Region),Municipality,5th,R1,C
[2024-01] 01-028-10-000,2024-01,2024,[01] January,"Dumalneg, Ilocos Norte",[1] Operational,,,,,[A] Operational,A,01-028-10-000,Dumalneg,Ilocos Norte,Region I (Ilocos Region),Municipality,5th,R1,C
[2024-02] 01-028-10-000,2024-02,2024,[02] February,"Dumalneg, Ilocos Norte",[1] Operational,,,,,[A] Operational,A,01-028-10-000,Dumalneg,Ilocos Norte,Region I (Ilocos Region),Municipality,5th,R1,C
[2024-03] 01-028-10-000,2024-03,2024,[03] March,"Dumalneg, Ilocos Norte",[1] Operational,,,,,[A] Operational,A,01-028-10-000,Dumalneg,Ilocos Norte,Region I (Ilocos Region),Municipality,5th,R1,C
[2024-04] 01-028-10-000,2024-04,2024,[04] April,"Dumalneg, Ilocos Norte",[1] Operational,,,,,[A] Operational,A,01-028-10-000,Dumalneg,Ilocos Norte,Region I (Ilocos Region),Municipality,5th,R1,C
[2024-05] 01-028-10-000,2024-05,2024,[05] May,"Dumalneg, Ilocos Norte",[1] Operational,,,,,[A] Operational,A,01-028-10-000,Dumalneg,Ilocos Norte,Region I (Ilocos Region),Municipality,5th,R1,C
[2024-06] 01-028-10-000,2024-06,2024,[06] June,"Dumalneg, Ilocos Norte",[1] Operational,,,,,[A] Operational,A,01-028-10-000,Dumalneg,Ilocos Norte,Region I (Ilocos Region),Municipality,5th,R1,C
[2024-07] 01-028-10-000,2024-07,2024,[07] July,"Dumalneg, Ilocos Norte",[1] Operational,,,,,[A] Operational,A,01-028-10-000,Dumalneg,Ilocos Norte,Region I (Ilocos Region),Municipality,5th,R1,C
[2024-01] 06-019-04-000,2024-01,2024,[01] January,"Dumarao, Capiz",[1] Operational,,,,,[A] Operational,A,06-019-04-000,Dumarao,Capiz,Region VI (Western Visayas),Municipality,2nd,R6,I
[2024-02] 06-019-04-000,2024-02,2024,[02] February,"Dumarao, Capiz",[1] Operational,,,,,[A] Operational,A,06-019-04-000,Dumarao,Capiz,Region VI (Western Visayas),Municipality,2nd,R6,I
[2024-03] 06-019-04-000,2024-03,2024,[03] March,"Dumarao, Capiz",[1] Operational,,,,,[A] Operational,A,06-019-04-000,Dumarao,Capiz,Region VI (Western Visayas),Municipality,2nd,R6,I
[2024-04] 06-019-04-000,2024-04,2024,[04] April,"Dumarao, Capiz",[1] Operational,,,,,[A] Operational,A,06-019-04-000,Dumarao,Capiz,Region VI (Western Visayas),Municipality,2nd,R6,I
[2024-05] 06-019-04-000,2024-05,2024,[05] May,"Dumarao, Capiz",[1] Operational,,,,,[A] Operational,A,06-019-04-000,Dumarao,Capiz,Region VI (Western Visayas),Municipality,2nd,R6,I
[2024-06] 06-019-04-000,2024-06,2024,[06] June,"Dumarao, Capiz",[1] Operational,,,,,[A] Operational,A,06-019-04-000,Dumarao,Capiz,Region VI (Western Visayas),Municipality,2nd,R6,I
[2024-07] 06-019-04-000,2024-07,2024,[07] July,"Dumarao, Capiz",[1] Operational,,,,,[A] Operational,A,06-019-04-000,Dumarao,Capiz,Region VI (Western Visayas),Municipality,2nd,R6,I
[2023-12] 17-059-16-000,2023-12,2023,[12] December,"Ferrol, Romblon",[1] Operational,,,,,[A] Operational,A,17-059-16-000,Ferrol,Romblon,MIMAROPA Region,Municipality,6th,R4B,G
[2024-01] 17-059-16-000,2024-01,2024,[01] January,"Ferrol, Romblon",[1] Operational,,,,,[A] Operational,A,17-059-16-000,Ferrol,Romblon,MIMAROPA Region,Municipality,6th,R4B,G
[2024-02] 17-059-16-000,2024-02,2024,[02] February,"Ferrol, Romblon",[1] Operational,,,,,[A] Operational,A,17-059-16-000,Ferrol,Romblon,MIMAROPA Region,Municipality,6th,R4B,G
[2024-03] 17-059-16-000,2024-03,2024,[03] March,"Ferrol, Romblon",[1] Operational,,,,,[A] Operational,A,17-059-16-000,Ferrol,Romblon,MIMAROPA Region,Municipality,6th,R4B,G
[2024-04] 17-059-16-000,2024-04,2024,[04] April,"Ferrol, Romblon",[1] Operational,,,,,[A] Operational,A,17-059-16-000,Ferrol,Romblon,MIMAROPA Region,Municipality,6th,R4B,G
[2024-05] 17-059-16-000,2024-05,2024,[05] May,"Ferrol, Romblon",[1] Operational,,,,,[A] Operational,A,17-059-16-000,Ferrol,Romblon,MIMAROPA Region,Municipality,6th,R4B,G
[2024-06] 17-059-16-000,2024-06,2024,[06] June,"Ferrol, Romblon",[1] Operational,,,,,[A] Operational,A,17-059-16-000,Ferrol,Romblon,MIMAROPA Region,Municipality,6th,R4B,G
[2024-07] 17-059-16-000,2024-07,2024,[07] July,"Ferrol, Romblon",[1] Operational,,,,,[A] Operational,A,17-059-16-000,Ferrol,Romblon,MIMAROPA Region,Municipality,6th,R4B,G
[2023-12] 03-049-07-000,2023-12,2023,[12] December,"Gabaldon, Nueva Ecija",[1] Operational,,,,,[A] Operational,A,03-049-07-000,Gabaldon,Nueva Ecija,Region III (Central Luzon),Municipality,4th,R3,E
[2024-01] 03-049-07-000,2024-01,2024,[01] January,"Gabaldon, Nueva Ecija",[1] Operational,,,,,[A] Operational,A,03-049-07-000,Gabaldon,Nueva Ecija,Region III (Central Luzon),Municipality,4th,R3,E
[2024-02] 03-049-07-000,2024-02,2024,[02] February,"Gabaldon, Nueva Ecija",[1] Operational,,,,,[A] Operational,A,03-049-07-000,Gabaldon,Nueva Ecija,Region III (Central Luzon),Municipality,4th,R3,E
[2024-03] 03-049-07-000,2024-03,2024,[03] March,"Gabaldon, Nueva Ecija",[1] Operational,,,,,[A] Operational,A,03-049-07-000,Gabaldon,Nueva Ecija,Region III (Central Luzon),Municipality,4th,R3,E
[2024-04] 03-049-07-000,2024-04,2024,[04] April,"Gabaldon, Nueva Ecija",[1] Operational,,,,,[A] Operational,A,03-049-07-000,Gabaldon,Nueva Ecija,Region III (Central Luzon),Municipality,4th,R3,E
[2024-05] 03-049-07-000,2024-05,2024,[05] May,"Gabaldon, Nueva Ecija",[1] Operational,,,,,[A] Operational,A,03-049-07-000,Gabaldon,Nueva Ecija,Region III (Central Luzon),Municipality,4th,R3,E
[2024-06] 03-049-07-000,2024-06,2024,[06] June,"Gabaldon, Nueva Ecija",[1] Operational,,,,,[A] Operational,A,03-049-07-000,Gabaldon,Nueva Ecija,Region III (Central Luzon),Municipality,4th,R3,E
[2024-07] 03-049-07-000,2024-07,2024,[07] July,"Gabaldon, Nueva Ecija",[1] Operational,,,,,[A] Operational,A,03-049-07-000,Gabaldon,Nueva Ecija,Region III (Central Luzon),Municipality,4th,R3,E
[2023-12] 08-048-07-000,2023-12,2023,[12] December,"Gamay, Northern Samar",[1] Operational,,,,,[A] Operational,B,08-048-07-000,Gamay,Northern Samar,Region VIII (Eastern Visayas),Municipality,4th,R8,K
[2024-01] 08-048-07-000,2024-01,2024,[01] January,"Gamay, Northern Samar",[1] Operational,,,,,[A] Operational,B,08-048-07-000,Gamay,Northern Samar,Region VIII (Eastern Visayas),Municipality,4th,R8,K
[2024-02] 08-048-07-000,2024-02,2024,[02] February,"Gamay, Northern Samar",[1] Operational,,,,,[A] Operational,B,08-048-07-000,Gamay,Northern Samar,Region VIII (Eastern Visayas),Municipality,4th,R8,K
[2024-03] 08-048-07-000,2024-03,2024,[03] March,"Gamay, Northern Samar",[1] Operational,,,,,[A] Operational,B,08-048-07-000,Gamay,Northern Samar,Region VIII (Eastern Visayas),Municipality,4th,R8,K
[2024-04] 08-048-07-000,2024-04,2024,[04] April,"Gamay, Northern Samar",[1] Operational,,,,,[A] Operational,B,08-048-07-000,Gamay,Northern Samar,Region VIII (Eastern Visayas),Municipality,4th,R8,K
[2024-05] 08-048-07-000,2024-05,2024,[05] May,"Gamay, Northern Samar",[1] Operational,,,,,[A] Operational,B,08-048-07-000,Gamay,Northern Samar,Region VIII (Eastern Visayas),Municipality,4th,R8,K
[2024-06] 08-048-07-000,2024-06,2024,[06] June,"Gamay, Northern Samar",[1] Operational,,,,,[A] Operational,B,08-048-07-000,Gamay,Northern Samar,Region VIII (Eastern Visayas),Municipality,4th,R8,K
[2024-07] 08-048-07-000,2024-07,2024,[07] July,"Gamay, Northern Samar",[1] Operational,,,,,[A] Operational,B,08-048-07-000,Gamay,Northern Samar,Region VIII (Eastern Visayas),Municipality,4th,R8,K
[2023-12] 02-031-13-000,2023-12,2023,[12] December,"Gamu, Isabela",[1] Operational,,,,,[A] Operational,A,02-031-13-000,Gamu,Isabela,Region II (Cagayan Valley),Municipality,4th,R2,D
[2024-01] 02-031-13-000,2024-01,2024,[01] January,"Gamu, Isabela",[1] Operational,,,,,[A] Operational,A,02-031-13-000,Gamu,Isabela,Region II (Cagayan Valley),Municipality,4th,R2,D
[2024-02] 02-031-13-000,2024-02,2024,[02] February,"Gamu, Isabela",[1] Operational,,,,,[A] Operational,A,02-031-13-000,Gamu,Isabela,Region II (Cagayan Valley),Municipality,4th,R2,D
[2024-03] 02-031-13-000,2024-03,2024,[03] March,"Gamu, Isabela",[1] Operational,,,,,[A] Operational,A,02-031-13-000,Gamu,Isabela,Region II (Cagayan Valley),Municipality,4th,R2,D
[2024-04] 02-031-13-000,2024-04,2024,[04] April,"Gamu, Isabela",[1] Operational,,,,,[A] Operational,A,02-031-13-000,Gamu,Isabela,Region II (Cagayan Valley),Municipality,4th,R2,D
[2024-05] 02-031-13-000,2024-05,2024,[05] May,"Gamu, Isabela",[1] Operational,,,,,[A] Operational,A,02-031-13-000,Gamu,Isabela,Region II (Cagayan Valley),Municipality,4th,R2,D
[2024-06] 02-031-13-000,2024-06,2024,[06] June,"Gamu, Isabela",[1] Operational,,,,,[A] Operational,A,02-031-13-000,Gamu,Isabela,Region II (Cagayan Valley),Municipality,4th,R2,D
[2024-07] 02-031-13-000,2024-07,2024,[07] July,"Gamu, Isabela",[1] Operational,,,,,[A] Operational,A,02-031-13-000,Gamu,Isabela,Region II (Cagayan Valley),Municipality,4th,R2,D
[2023-12] 08-060-07-000,2023-12,2023,[12] December,"Gandara, Samar",[1] Operational,,,,,[A] Operational,A,08-060-07-000,Gandara,Samar,Region VIII (Eastern Visayas),Municipality,2nd,R8,K
[2024-01] 08-060-07-000,2024-01,2024,[01] January,"Gandara, Samar",[1] Operational,,,,,[A] Operational,A,08-060-07-000,Gandara,Samar,Region VIII (Eastern Visayas),Municipality,2nd,R8,K
[2024-02] 08-060-07-000,2024-02,2024,[02] February,"Gandara, Samar",[1] Operational,,,,,[A] Operational,A,08-060-07-000,Gandara,Samar,Region VIII (Eastern Visayas),Municipality,2nd,R8,K
[2024-03] 08-060-07-000,2024-03,2024,[03] March,"Gandara, Samar",[1] Operational,,,,,[A] Operational,A,08-060-07-000,Gandara,Samar,Region VIII (Eastern Visayas),Municipality,2nd,R8,K
[2024-04] 08-060-07-000,2024-04,2024,[04] April,"Gandara, Samar",[1] Operational,,,,,[A] Operational,A,08-060-07-000,Gandara,Samar,Region VIII (Eastern Visayas),Municipality,2nd,R8,K
[2024-05] 08-060-07-000,2024-05,2024,[05] May,"Gandara, Samar",[1] Operational,,,,,[A] Operational,A,08-060-07-000,Gandara,Samar,Region VIII (Eastern Visayas),Municipality,2nd,R8,K
[2024-06] 08-060-07-000,2024-06,2024,[06] June,"Gandara, Samar",[1] Operational,,,,,[A] Operational,A,08-060-07-000,Gandara,Samar,Region VIII (Eastern Visayas),Municipality,2nd,R8,K
[2024-07] 08-060-07-000,2024-07,2024,[07] July,"Gandara, Samar",[1] Operational,,,,,[A] Operational,A,08-060-07-000,Gandara,Samar,Region VIII (Eastern Visayas),Municipality,2nd,R8,K
[2023-12] 02-015-13-000,2023-12,2023,[12] December,"Gattaran, Cagayan",[1] Operational,,,,,[A] Operational,B,02-015-13-000,Gattaran,Cagayan,Region II (Cagayan Valley),Municipality,1st,R2,D
[2024-01] 02-015-13-000,2024-01,2024,[01] January,"Gattaran, Cagayan",[1] Operational,,,,,[A] Operational,B,02-015-13-000,Gattaran,Cagayan,Region II (Cagayan Valley),Municipality,1st,R2,D
[2024-02] 02-015-13-000,2024-02,2024,[02] February,"Gattaran, Cagayan",[1] Operational,,,,,[A] Operational,B,02-015-13-000,Gattaran,Cagayan,Region II (Cagayan Valley),Municipality,1st,R2,D
[2024-03] 02-015-13-000,2024-03,2024,[03] March,"Gattaran, Cagayan",[1] Operational,,,,,[A] Operational,B,02-015-13-000,Gattaran,Cagayan,Region II (Cagayan Valley),Municipality,1st,R2,D
[2024-04] 02-015-13-000,2024-04,2024,[04] April,"Gattaran, Cagayan",[1] Operational,,,,,[A] Operational,B,02-015-13-000,Gattaran,Cagayan,Region II (Cagayan Valley),Municipality,1st,R2,D
[2024-05] 02-015-13-000,2024-05,2024,[05] May,"Gattaran, Cagayan",[1] Operational,,,,,[A] Operational,B,02-015-13-000,Gattaran,Cagayan,Region II (Cagayan Valley),Municipality,1st,R2,D
[2024-06] 02-015-13-000,2024-06,2024,[06] June,"Gattaran, Cagayan",[1] Operational,,,,,[A] Operational,B,02-015-13-000,Gattaran,Cagayan,Region II (Cagayan Valley),Municipality,1st,R2,D
[2024-07] 02-015-13-000,2024-07,2024,[07] July,"Gattaran, Cagayan",[1] Operational,,,,,[A] Operational,B,02-015-13-000,Gattaran,Cagayan,Region II (Cagayan Valley),Municipality,1st,R2,D
[2023-12] 03-049-10-000,2023-12,2023,[12] December,"General Tinio, Nueva Ecija",[1] Operational,,,,,[A] Operational,B,03-049-10-000,General Tinio,Nueva Ecija,Region III (Central Luzon),Municipality,1st,R3,E
[2024-01] 03-049-10-000,2024-01,2024,[01] January,"General Tinio, Nueva Ecija",[1] Operational,,,,,[A] Operational,B,03-049-10-000,General Tinio,Nueva Ecija,Region III (Central Luzon),Municipality,1st,R3,E
[2024-02] 03-049-10-000,2024-02,2024,[02] February,"General Tinio, Nueva Ecija",[1] Operational,,,,,[A] Operational,B,03-049-10-000,General Tinio,Nueva Ecija,Region III (Central Luzon),Municipality,1st,R3,E
[2024-03] 03-049-10-000,2024-03,2024,[03] March,"General Tinio, Nueva Ecija",[1] Operational,,,,,[A] Operational,B,03-049-10-000,General Tinio,Nueva Ecija,Region III (Central Luzon),Municipality,1st,R3,E
[2024-04] 03-049-10-000,2024-04,2024,[04] April,"General Tinio, Nueva Ecija",[1] Operational,,,,,[A] Operational,B,03-049-10-000,General Tinio,Nueva Ecija,Region III (Central Luzon),Municipality,1st,R3,E
[2024-05] 03-049-10-000,2024-05,2024,[05] May,"General Tinio, Nueva Ecija",[1] Operational,,,,,[A] Operational,B,03-049-10-000,General Tinio,Nueva Ecija,Region III (Central Luzon),Municipality,1st,R3,E
[2024-06] 03-049-10-000,2024-06,2024,[06] June,"General Tinio, Nueva Ecija",[1] Operational,,,,,[A] Operational,B,03-049-10-000,General Tinio,Nueva Ecija,Region III (Central Luzon),Municipality,1st,R3,E
[2024-07] 03-049-10-000,2024-07,2024,[07] July,"General Tinio, Nueva Ecija",[1] Operational,,,,,[A] Operational,B,03-049-10-000,General Tinio,Nueva Ecija,Region III (Central Luzon),Municipality,1st,R3,E
[2023-12] 07-022-25-000,2023-12,2023,[12] December,"Ginatilan, Cebu",[1] Operational,,,,,[A] Operational,A,07-022-25-000,Ginatilan,Cebu,Region VII (Central Visayas),Municipality,5th,R7,J
[2024-01] 07-022-25-000,2024-01,2024,[01] January,"Ginatilan, Cebu",[1] Operational,,,,,[A] Operational,A,07-022-25-000,Ginatilan,Cebu,Region VII (Central Visayas),Municipality,5th,R7,J
[2024-02] 07-022-25-000,2024-02,2024,[02] February,"Ginatilan, Cebu",[1] Operational,,,,,[A] Operational,A,07-022-25-000,Ginatilan,Cebu,Region VII (Central Visayas),Municipality,5th,R7,J
[2024-03] 07-022-25-000,2024-03,2024,[03] March,"Ginatilan, Cebu",[1] Operational,,,,,[A] Operational,A,07-022-25-000,Ginatilan,Cebu,Region VII (Central Visayas),Municipality,5th,R7,J
[2024-04] 07-022-25-000,2024-04,2024,[04] April,"Ginatilan, Cebu",[1] Operational,,,,,[A] Operational,A,07-022-25-000,Ginatilan,Cebu,Region VII (Central Visayas),Municipality,5th,R7,J
[2024-05] 07-022-25-000,2024-05,2024,[05] May,"Ginatilan, Cebu",[1] Operational,,,,,[A] Operational,A,07-022-25-000,Ginatilan,Cebu,Region VII (Central Visayas),Municipality,5th,R7,J
[2024-06] 07-022-25-000,2024-06,2024,[06] June,"Ginatilan, Cebu",[1] Operational,,,,,[A] Operational,A,07-022-25-000,Ginatilan,Cebu,Region VII (Central Visayas),Municipality,5th,R7,J
[2024-07] 07-022-25-000,2024-07,2024,[07] July,"Ginatilan, Cebu",[1] Operational,,,,,[A] Operational,A,07-022-25-000,Ginatilan,Cebu,Region VII (Central Visayas),Municipality,5th,R7,J
[2024-03] 17-052-06-000,2024-03,2024,[03] March,"Gloria, Oriental Mindoro",[2] Ongoing Testing and Data Build-up,50%,,,"Orientation & Integration conducted last Mar 21-22, 2024",[B] Developmental,B,17-052-06-000,Gloria,Oriental Mindoro,MIMAROPA Region,Municipality,3rd,R4B,G
[2024-04] 17-052-06-000,2024-04,2024,[04] April,"Gloria, Oriental Mindoro",[2] Ongoing Testing and Data Build-up,50%,,,,[B] Developmental,B,17-052-06-000,Gloria,Oriental Mindoro,MIMAROPA Region,Municipality,3rd,R4B,G
[2024-05] 17-052-06-000,2024-05,2024,[05] May,"Gloria, Oriental Mindoro",[2] Ongoing Testing and Data Build-up,55%,,,,[B] Developmental,B,17-052-06-000,Gloria,Oriental Mindoro,MIMAROPA Region,Municipality,3rd,R4B,G
[2024-06] 17-052-06-000,2024-06,2024,[06] June,"Gloria, Oriental Mindoro",[2] Ongoing Testing and Data Build-up,55%,,,,[B] Developmental,B,17-052-06-000,Gloria,Oriental Mindoro,MIMAROPA Region,Municipality,3rd,R4B,G
[2024-07] 17-052-06-000,2024-07,2024,[07] July,"Gloria, Oriental Mindoro",[2] Ongoing Testing and Data Build-up,60%,,,Still consolidating Brgy Ordinances,[B] Developmental,B,17-052-06-000,Gloria,Oriental Mindoro,MIMAROPA Region,Municipality,3rd,R4B,G
[2023-12] 10-018-02-000,2023-12,2023,[12] December,"Guinsiliban, Camiguin",[1] Operational,,,,,[A] Operational,A,10-018-02-000,Guinsiliban,Camiguin,Region X (Northern Mindanao),Municipality,6th,R10,N
[2024-01] 10-018-02-000,2024-01,2024,[01] January,"Guinsiliban, Camiguin",[1] Operational,,,,,[A] Operational,A,10-018-02-000,Guinsiliban,Camiguin,Region X (Northern Mindanao),Municipality,6th,R10,N
[2024-02] 10-018-02-000,2024-02,2024,[02] February,"Guinsiliban, Camiguin",[1] Operational,,,,,[A] Operational,A,10-018-02-000,Guinsiliban,Camiguin,Region X (Northern Mindanao),Municipality,6th,R10,N
[2024-03] 10-018-02-000,2024-03,2024,[03] March,"Guinsiliban, Camiguin",[1] Operational,,,,,[A] Operational,A,10-018-02-000,Guinsiliban,Camiguin,Region X (Northern Mindanao),Municipality,6th,R10,N
[2024-04] 10-018-02-000,2024-04,2024,[04] April,"Guinsiliban, Camiguin",[1] Operational,,,,,[A] Operational,A,10-018-02-000,Guinsiliban,Camiguin,Region X (Northern Mindanao),Municipality,6th,R10,N
[2024-05] 10-018-02-000,2024-05,2024,[05] May,"Guinsiliban, Camiguin",[1] Operational,,,,,[A] Operational,A,10-018-02-000,Guinsiliban,Camiguin,Region X (Northern Mindanao),Municipality,6th,R10,N
[2024-06] 10-018-02-000,2024-06,2024,[06] June,"Guinsiliban, Camiguin",[1] Operational,,,,,[A] Operational,A,10-018-02-000,Guinsiliban,Camiguin,Region X (Northern Mindanao),Municipality,6th,R10,N
[2024-07] 10-018-02-000,2024-07,2024,[07] July,"Guinsiliban, Camiguin",[1] Operational,,,,,[A] Operational,A,10-018-02-000,Guinsiliban,Camiguin,Region X (Northern Mindanao),Municipality,6th,R10,N
[2023-12] 09-073-43-000,2023-12,2023,[12] December,"Guipos, Zamboanga del Sur",[1] Operational,,,,,[A] Operational,B,09-073-43-000,Guipos,Zamboanga del Sur,Region IX (Zamboanga Peninsula),Municipality,4th,R9,L
[2024-01] 09-073-43-000,2024-01,2024,[01] January,"Guipos, Zamboanga del Sur",[1] Operational,,,,,[A] Operational,B,09-073-43-000,Guipos,Zamboanga del Sur,Region IX (Zamboanga Peninsula),Municipality,4th,R9,L
[2024-02] 09-073-43-000,2024-02,2024,[02] February,"Guipos, Zamboanga del Sur",[1] Operational,,,,,[A] Operational,B,09-073-43-000,Guipos,Zamboanga del Sur,Region IX (Zamboanga Peninsula),Municipality,4th,R9,L
[2024-03] 09-073-43-000,2024-03,2024,[03] March,"Guipos, Zamboanga del Sur",[1] Operational,,,,,[A] Operational,B,09-073-43-000,Guipos,Zamboanga del Sur,Region IX (Zamboanga Peninsula),Municipality,4th,R9,L
[2024-04] 09-073-43-000,2024-04,2024,[04] April,"Guipos, Zamboanga del Sur",[1] Operational,,,,,[A] Operational,B,09-073-43-000,Guipos,Zamboanga del Sur,Region IX (Zamboanga Peninsula),Municipality,4th,R9,L
[2024-05] 09-073-43-000,2024-05,2024,[05] May,"Guipos, Zamboanga del Sur",[1] Operational,,,,,[A] Operational,B,09-073-43-000,Guipos,Zamboanga del Sur,Region IX (Zamboanga Peninsula),Municipality,4th,R9,L
[2024-06] 09-073-43-000,2024-06,2024,[06] June,"Guipos, Zamboanga del Sur",[1] Operational,,,,,[A] Operational,B,09-073-43-000,Guipos,Zamboanga del Sur,Region IX (Zamboanga Peninsula),Municipality,4th,R9,L
[2024-07] 09-073-43-000,2024-07,2024,[07] July,"Guipos, Zamboanga del Sur",[1] Operational,,,,,[A] Operational,B,09-073-43-000,Guipos,Zamboanga del Sur,Region IX (Zamboanga Peninsula),Municipality,4th,R9,L
[2024-05] 04-056-19-000,2024-05,2024,[05] May,"Gumaca, Quezon",[1] Operational,,,,,[A] Operational,B,04-056-19-000,Gumaca,Quezon,Region IV-A (CALABARZON),Municipality,1st,R4A,F
[2024-06] 04-056-19-000,2024-06,2024,[06] June,"Gumaca, Quezon",[1] Operational,,,,,[A] Operational,B,04-056-19-000,Gumaca,Quezon,Region IV-A (CALABARZON),Municipality,1st,R4A,F
[2024-07] 04-056-19-000,2024-07,2024,[07] July,"Gumaca, Quezon",[1] Operational,,,,,[A] Operational,B,04-056-19-000,Gumaca,Quezon,Region IV-A (CALABARZON),Municipality,1st,R4A,F
[2023-12] 09-072-23-000,2023-12,2023,[12] December,"Gutalac, Zamboanga del Norte",[1] Operational,,,,,[A] Operational,A,09-072-23-000,Gutalac,Zamboanga del Norte,Region IX (Zamboanga Peninsula),Municipality,2nd,R9,L
[2024-01] 09-072-23-000,2024-01,2024,[01] January,"Gutalac, Zamboanga del Norte",[1] Operational,,,,,[A] Operational,A,09-072-23-000,Gutalac,Zamboanga del Norte,Region IX (Zamboanga Peninsula),Municipality,2nd,R9,L
[2024-02] 09-072-23-000,2024-02,2024,[02] February,"Gutalac, Zamboanga del Norte",[1] Operational,,,,,[A] Operational,A,09-072-23-000,Gutalac,Zamboanga del Norte,Region IX (Zamboanga Peninsula),Municipality,2nd,R9,L
[2024-03] 09-072-23-000,2024-03,2024,[03] March,"Gutalac, Zamboanga del Norte",[1] Operational,,,,,[A] Operational,A,09-072-23-000,Gutalac,Zamboanga del Norte,Region IX (Zamboanga Peninsula),Municipality,2nd,R9,L
[2024-04] 09-072-23-000,2024-04,2024,[04] April,"Gutalac, Zamboanga del Norte",[1] Operational,,,,,[A] Operational,A,09-072-23-000,Gutalac,Zamboanga del Norte,Region IX (Zamboanga Peninsula),Municipality,2nd,R9,L
[2024-05] 09-072-23-000,2024-05,2024,[05] May,"Gutalac, Zamboanga del Norte",[1] Operational,,,,,[A] Operational,A,09-072-23-000,Gutalac,Zamboanga del Norte,Region IX (Zamboanga Peninsula),Municipality,2nd,R9,L
[2024-06] 09-072-23-000,2024-06,2024,[06] June,"Gutalac, Zamboanga del Norte",[1] Operational,,,,,[A] Operational,A,09-072-23-000,Gutalac,Zamboanga del Norte,Region IX (Zamboanga Peninsula),Municipality,2nd,R9,L
[2024-07] 09-072-23-000,2024-07,2024,[07] July,"Gutalac, Zamboanga del Norte",[1] Operational,,,,,[A] Operational,A,09-072-23-000,Gutalac,Zamboanga del Norte,Region IX (Zamboanga Peninsula),Municipality,2nd,R9,L
[2023-12] 08-064-03-000,2023-12,2023,[12] December,"Hinunangan, Southern Leyte",[1] Operational,,,,,[A] Operational,A,08-064-03-000,Hinunangan,Southern Leyte,Region VIII (Eastern Visayas),Municipality,3rd,R8,K
[2024-01] 08-064-03-000,2024-01,2024,[01] January,"Hinunangan, Southern Leyte",[1] Operational,,,,,[A] Operational,A,08-064-03-000,Hinunangan,Southern Leyte,Region VIII (Eastern Visayas),Municipality,3rd,R8,K
[2024-02] 08-064-03-000,2024-02,2024,[02] February,"Hinunangan, Southern Leyte",[1] Operational,,,,,[A] Operational,A,08-064-03-000,Hinunangan,Southern Leyte,Region VIII (Eastern Visayas),Municipality,3rd,R8,K
[2024-03] 08-064-03-000,2024-03,2024,[03] March,"Hinunangan, Southern Leyte",[1] Operational,,,,,[A] Operational,A,08-064-03-000,Hinunangan,Southern Leyte,Region VIII (Eastern Visayas),Municipality,3rd,R8,K
[2024-04] 08-064-03-000,2024-04,2024,[04] April,"Hinunangan, Southern Leyte",[1] Operational,,,,,[A] Operational,A,08-064-03-000,Hinunangan,Southern Leyte,Region VIII (Eastern Visayas),Municipality,3rd,R8,K
[2024-05] 08-064-03-000,2024-05,2024,[05] May,"Hinunangan, Southern Leyte",[1] Operational,,,,,[A] Operational,A,08-064-03-000,Hinunangan,Southern Leyte,Region VIII (Eastern Visayas),Municipality,3rd,R8,K
[2024-06] 08-064-03-000,2024-06,2024,[06] June,"Hinunangan, Southern Leyte",[1] Operational,,,,,[A] Operational,A,08-064-03-000,Hinunangan,Southern Leyte,Region VIII (Eastern Visayas),Municipality,3rd,R8,K
[2024-07] 08-064-03-000,2024-07,2024,[07] July,"Hinunangan, Southern Leyte",[1] Operational,,,,,[A] Operational,A,08-064-03-000,Hinunangan,Southern Leyte,Region VIII (Eastern Visayas),Municipality,3rd,R8,K
[2023-12] 08-064-04-000,2023-12,2023,[12] December,"Hinundayan, Southern Leyte",[1] Operational,,,,,[A] Operational,A,08-064-04-000,Hinundayan,Southern Leyte,Region VIII (Eastern Visayas),Municipality,5th,R8,K
[2024-01] 08-064-04-000,2024-01,2024,[01] January,"Hinundayan, Southern Leyte",[1] Operational,,,,,[A] Operational,A,08-064-04-000,Hinundayan,Southern Leyte,Region VIII (Eastern Visayas),Municipality,5th,R8,K
[2024-02] 08-064-04-000,2024-02,2024,[02] February,"Hinundayan, Southern Leyte",[1] Operational,,,,,[A] Operational,A,08-064-04-000,Hinundayan,Southern Leyte,Region VIII (Eastern Visayas),Municipality,5th,R8,K
[2024-03] 08-064-04-000,2024-03,2024,[03] March,"Hinundayan, Southern Leyte",[1] Operational,,,,,[A] Operational,A,08-064-04-000,Hinundayan,Southern Leyte,Region VIII (Eastern Visayas),Municipality,5th,R8,K
[2024-04] 08-064-04-000,2024-04,2024,[04] April,"Hinundayan, Southern Leyte",[1] Operational,,,,,[A] Operational,A,08-064-04-000,Hinundayan,Southern Leyte,Region VIII (Eastern Visayas),Municipality,5th,R8,K
[2024-05] 08-064-04-000,2024-05,2024,[05] May,"Hinundayan, Southern Leyte",[1] Operational,,,,,[A] Operational,A,08-064-04-000,Hinundayan,Southern Leyte,Region VIII (Eastern Visayas),Municipality,5th,R8,K
[2024-06] 08-064-04-000,2024-06,2024,[06] June,"Hinundayan, Southern Leyte",[1] Operational,,,,,[A] Operational,A,08-064-04-000,Hinundayan,Southern Leyte,Region VIII (Eastern Visayas),Municipality,5th,R8,K
[2024-07] 08-064-04-000,2024-07,2024,[07] July,"Hinundayan, Southern Leyte",[1] Operational,,,,,[A] Operational,A,08-064-04-000,Hinundayan,Southern Leyte,Region VIII (Eastern Visayas),Municipality,5th,R8,K
[2024-07] 14-027-02-000,2024-07,2024,[07] July,"Hungduan, Ifugao",[2] Ongoing Testing and Data Build-up,25%,,,,[B] Developmental,B,14-027-02-000,Hungduan,Ifugao,Cordillera Administrative Region (CAR),Municipality,4th,CAR,B
[2023-12] 04-056-20-000,2023-12,2023,[12] December,"Infanta, Quezon",[1] Operational,,,,,[A] Operational,B,04-056-20-000,Infanta,Quezon,Region IV-A (CALABARZON),Municipality,1st,R4A,F
[2024-01] 04-056-20-000,2024-01,2024,[01] January,"Infanta, Quezon",[1] Operational,,,,,[A] Operational,B,04-056-20-000,Infanta,Quezon,Region IV-A (CALABARZON),Municipality,1st,R4A,F
[2024-02] 04-056-20-000,2024-02,2024,[02] February,"Infanta, Quezon",[1] Operational,,,,,[A] Operational,B,04-056-20-000,Infanta,Quezon,Region IV-A (CALABARZON),Municipality,1st,R4A,F
[2024-03] 04-056-20-000,2024-03,2024,[03] March,"Infanta, Quezon",[1] Operational,,,,,[A] Operational,B,04-056-20-000,Infanta,Quezon,Region IV-A (CALABARZON),Municipality,1st,R4A,F
[2024-04] 04-056-20-000,2024-04,2024,[04] April,"Infanta, Quezon",[1] Operational,,,,,[A] Operational,B,04-056-20-000,Infanta,Quezon,Region IV-A (CALABARZON),Municipality,1st,R4A,F
[2024-05] 04-056-20-000,2024-05,2024,[05] May,"Infanta, Quezon",[1] Operational,,,,,[A] Operational,B,04-056-20-000,Infanta,Quezon,Region IV-A (CALABARZON),Municipality,1st,R4A,F
[2023-08] 17-052-09-000,2023-08,2024,[06] June,"Infanta, Quezon",[1] Operational,,,,,[A] Operational,B,04-056-20-000,Infanta,Quezon,Region IV-A (CALABARZON),Municipality,1st,R4A,F
[2024-07] 04-056-20-000,2024-07,2024,[07] July,"Infanta, Quezon",[1] Operational,,,,,[A] Operational,B,04-056-20-000,Infanta,Quezon,Region IV-A (CALABARZON),Municipality,1st,R4A,F
[2023-12] 08-037-21-000,2023-12,2023,[12] December,"Inopacan, Leyte",[1] Operational,,,,,[A] Operational,A,08-037-21-000,Inopacan,Leyte,Region VIII (Eastern Visayas),Municipality,4th,R8,K
[2024-01] 08-037-21-000,2024-01,2024,[01] January,"Inopacan, Leyte",[1] Operational,,,,,[A] Operational,A,08-037-21-000,Inopacan,Leyte,Region VIII (Eastern Visayas),Municipality,4th,R8,K
[2024-02] 08-037-21-000,2024-02,2024,[02] February,"Inopacan, Leyte",[1] Operational,,,,,[A] Operational,A,08-037-21-000,Inopacan,Leyte,Region VIII (Eastern Visayas),Municipality,4th,R8,K
[2024-03] 08-037-21-000,2024-03,2024,[03] March,"Inopacan, Leyte",[1] Operational,,,,,[A] Operational,A,08-037-21-000,Inopacan,Leyte,Region VIII (Eastern Visayas),Municipality,4th,R8,K
[2024-04] 08-037-21-000,2024-04,2024,[04] April,"Inopacan, Leyte",[1] Operational,,,,,[A] Operational,A,08-037-21-000,Inopacan,Leyte,Region VIII (Eastern Visayas),Municipality,4th,R8,K
[2024-05] 08-037-21-000,2024-05,2024,[05] May,"Inopacan, Leyte",[1] Operational,,,,,[A] Operational,A,08-037-21-000,Inopacan,Leyte,Region VIII (Eastern Visayas),Municipality,4th,R8,K
[2024-06] 08-037-21-000,2024-06,2024,[06] June,"Inopacan, Leyte",[1] Operational,,,,,[A] Operational,A,08-037-21-000,Inopacan,Leyte,Region VIII (Eastern Visayas),Municipality,4th,R8,K
[2024-07] 08-037-21-000,2024-07,2024,[07] July,"Inopacan, Leyte",[1] Operational,,,,,[A] Operational,A,08-037-21-000,Inopacan,Leyte,Region VIII (Eastern Visayas),Municipality,4th,R8,K
[2023-12] 10-043-11-000,2023-12,2023,[12] December,"Jasaan, Misamis Oriental",[1] Operational,,,,,[A] Operational,A,10-043-11-000,Jasaan,Misamis Oriental,Region X (Northern Mindanao),Municipality,2nd,R10,N
[2024-01] 10-043-11-000,2024-01,2024,[01] January,"Jasaan, Misamis Oriental",[1] Operational,,,,,[A] Operational,A,10-043-11-000,Jasaan,Misamis Oriental,Region X (Northern Mindanao),Municipality,2nd,R10,N
[2024-02] 10-043-11-000,2024-02,2024,[02] February,"Jasaan, Misamis Oriental",[1] Operational,,,,,[A] Operational,A,10-043-11-000,Jasaan,Misamis Oriental,Region X (Northern Mindanao),Municipality,2nd,R10,N
[2024-03] 10-043-11-000,2024-03,2024,[03] March,"Jasaan, Misamis Oriental",[1] Operational,,,,,[A] Operational,A,10-043-11-000,Jasaan,Misamis Oriental,Region X (Northern Mindanao),Municipality,2nd,R10,N
[2024-04] 10-043-11-000,2024-04,2024,[04] April,"Jasaan, Misamis Oriental",[1] Operational,,,,,[A] Operational,A,10-043-11-000,Jasaan,Misamis Oriental,Region X (Northern Mindanao),Municipality,2nd,R10,N
[2024-05] 10-043-11-000,2024-05,2024,[05] May,"Jasaan, Misamis Oriental",[1] Operational,,,,,[A] Operational,A,10-043-11-000,Jasaan,Misamis Oriental,Region X (Northern Mindanao),Municipality,2nd,R10,N
[2024-06] 10-043-11-000,2024-06,2024,[06] June,"Jasaan, Misamis Oriental",[1] Operational,,,,,[A] Operational,A,10-043-11-000,Jasaan,Misamis Oriental,Region X (Northern Mindanao),Municipality,2nd,R10,N
[2024-07] 10-043-11-000,2024-07,2024,[07] July,"Jasaan, Misamis Oriental",[1] Operational,,,,,[A] Operational,A,10-043-11-000,Jasaan,Misamis Oriental,Region X (Northern Mindanao),Municipality,2nd,R10,N
[2024-04] 08-060-09-000,2024-04,2024,[04] April,"Jiabong, Samar",[1] Operational,,,,,[A] Operational,B,08-060-09-000,Jiabong,Samar,Region VIII (Eastern Visayas),Municipality,5th,R8,K
[2024-05] 08-060-09-000,2024-05,2024,[05] May,"Jiabong, Samar",[1] Operational,,,,,[A] Operational,B,08-060-09-000,Jiabong,Samar,Region VIII (Eastern Visayas),Municipality,5th,R8,K
[2024-06] 08-060-09-000,2024-06,2024,[06] June,"Jiabong, Samar",[1] Operational,,,,,[A] Operational,B,08-060-09-000,Jiabong,Samar,Region VIII (Eastern Visayas),Municipality,5th,R8,K
[2024-07] 08-060-09-000,2024-07,2024,[07] July,"Jiabong, Samar",[1] Operational,,,,,[A] Operational,B,08-060-09-000,Jiabong,Samar,Region VIII (Eastern Visayas),Municipality,5th,R8,K
[2023-12] 02-031-15-000,2023-12,2023,[12] December,"Jones, Isabela",[1] Operational,,,,,[A] Operational,A,02-031-15-000,Jones,Isabela,Region II (Cagayan Valley),Municipality,1st,R2,D
[2024-01] 02-031-15-000,2024-01,2024,[01] January,"Jones, Isabela",[1] Operational,,,,,[A] Operational,A,02-031-15-000,Jones,Isabela,Region II (Cagayan Valley),Municipality,1st,R2,D
[2024-02] 02-031-15-000,2024-02,2024,[02] February,"Jones, Isabela",[1] Operational,,,,,[A] Operational,A,02-031-15-000,Jones,Isabela,Region II (Cagayan Valley),Municipality,1st,R2,D
[2024-03] 02-031-15-000,2024-03,2024,[03] March,"Jones, Isabela",[1] Operational,,,,,[A] Operational,A,02-031-15-000,Jones,Isabela,Region II (Cagayan Valley),Municipality,1st,R2,D
[2024-04] 02-031-15-000,2024-04,2024,[04] April,"Jones, Isabela",[1] Operational,,,,,[A] Operational,A,02-031-15-000,Jones,Isabela,Region II (Cagayan Valley),Municipality,1st,R2,D
[2024-05] 02-031-15-000,2024-05,2024,[05] May,"Jones, Isabela",[1] Operational,,,,,[A] Operational,A,02-031-15-000,Jones,Isabela,Region II (Cagayan Valley),Municipality,1st,R2,D
[2024-06] 02-031-15-000,2024-06,2024,[06] June,"Jones, Isabela",[1] Operational,,,,,[A] Operational,A,02-031-15-000,Jones,Isabela,Region II (Cagayan Valley),Municipality,1st,R2,D
[2024-07] 02-031-15-000,2024-07,2024,[07] July,"Jones, Isabela",[1] Operational,,,,,[A] Operational,A,02-031-15-000,Jones,Isabela,Region II (Cagayan Valley),Municipality,1st,R2,D
[2024-01] 09-073-37-000,2024-01,2024,[01] January,"Josefina, Zamboanga del Sur",[1] Operational,,,,,[A] Operational,B,09-073-37-000,Josefina,Zamboanga del Sur,Region IX (Zamboanga Peninsula),Municipality,5th*,R9,L
[2024-02] 09-073-37-000,2024-02,2024,[02] February,"Josefina, Zamboanga del Sur",[1] Operational,,,,,[A] Operational,B,09-073-37-000,Josefina,Zamboanga del Sur,Region IX (Zamboanga Peninsula),Municipality,5th*,R9,L
[2024-03] 09-073-37-000,2024-03,2024,[03] March,"Josefina, Zamboanga del Sur",[1] Operational,,,,,[A] Operational,B,09-073-37-000,Josefina,Zamboanga del Sur,Region IX (Zamboanga Peninsula),Municipality,5th*,R9,L
[2024-04] 09-073-37-000,2024-04,2024,[04] April,"Josefina, Zamboanga del Sur",[1] Operational,,,,,[A] Operational,B,09-073-37-000,Josefina,Zamboanga del Sur,Region IX (Zamboanga Peninsula),Municipality,5th*,R9,L
[2024-05] 09-073-37-000,2024-05,2024,[05] May,"Josefina, Zamboanga del Sur",[1] Operational,,,,,[A] Operational,B,09-073-37-000,Josefina,Zamboanga del Sur,Region IX (Zamboanga Peninsula),Municipality,5th*,R9,L
[2024-06] 09-073-37-000,2024-06,2024,[06] June,"Josefina, Zamboanga del Sur",[1] Operational,,,,,[A] Operational,B,09-073-37-000,Josefina,Zamboanga del Sur,Region IX (Zamboanga Peninsula),Municipality,5th*,R9,L
[2024-07] 09-073-37-000,2024-07,2024,[07] July,"Josefina, Zamboanga del Sur",[1] Operational,,,,,[A] Operational,B,09-073-37-000,Josefina,Zamboanga del Sur,Region IX (Zamboanga Peninsula),Municipality,5th*,R9,L
[2023-12] 12-047-03-000,2023-12,2023,[12] December,"Kabacan, Cotabato",[1] Operational,,,,,[A] Operational,B,12-047-03-000,Kabacan,Cotabato,Region XII (SOCCSKSARGEN),Municipality,1st,R12,Q
[2024-01] 12-047-03-000,2024-01,2024,[01] January,"Kabacan, Cotabato",[1] Operational,,,,,[A] Operational,B,12-047-03-000,Kabacan,Cotabato,Region XII (SOCCSKSARGEN),Municipality,1st,R12,Q
[2024-02] 12-047-03-000,2024-02,2024,[02] February,"Kabacan, Cotabato",[1] Operational,,,,,[A] Operational,B,12-047-03-000,Kabacan,Cotabato,Region XII (SOCCSKSARGEN),Municipality,1st,R12,Q
[2024-03] 12-047-03-000,2024-03,2024,[03] March,"Kabacan, Cotabato",[1] Operational,,,,,[A] Operational,B,12-047-03-000,Kabacan,Cotabato,Region XII (SOCCSKSARGEN),Municipality,1st,R12,Q
[2024-04] 12-047-03-000,2024-04,2024,[04] April,"Kabacan, Cotabato",[1] Operational,,,,,[A] Operational,B,12-047-03-000,Kabacan,Cotabato,Region XII (SOCCSKSARGEN),Municipality,1st,R12,Q
[2024-05] 12-047-03-000,2024-05,2024,[05] May,"Kabacan, Cotabato",[1] Operational,,,,,[A] Operational,B,12-047-03-000,Kabacan,Cotabato,Region XII (SOCCSKSARGEN),Municipality,1st,R12,Q
[2024-06] 12-047-03-000,2024-06,2024,[06] June,"Kabacan, Cotabato",[1] Operational,,,,,[A] Operational,B,12-047-03-000,Kabacan,Cotabato,Region XII (SOCCSKSARGEN),Municipality,1st,R12,Q
[2024-07] 12-047-03-000,2024-07,2024,[07] July,"Kabacan, Cotabato",[1] Operational,,,,,[A] Operational,B,12-047-03-000,Kabacan,Cotabato,Region XII (SOCCSKSARGEN),Municipality,1st,R12,Q
[2023-12] 09-083-06-000,2023-12,2023,[12] December,"Kabasalan, Zamboanga Sibugay",[1] Operational,,,,,[A] Operational,A,09-083-06-000,Kabasalan,Zamboanga Sibugay,Region IX (Zamboanga Peninsula),Municipality,2nd,R9,L
[2024-01] 09-083-06-000,2024-01,2024,[01] January,"Kabasalan, Zamboanga Sibugay",[1] Operational,,,,,[A] Operational,A,09-083-06-000,Kabasalan,Zamboanga Sibugay,Region IX (Zamboanga Peninsula),Municipality,2nd,R9,L
[2024-02] 09-083-06-000,2024-02,2024,[02] February,"Kabasalan, Zamboanga Sibugay",[1] Operational,,,,,[A] Operational,A,09-083-06-000,Kabasalan,Zamboanga Sibugay,Region IX (Zamboanga Peninsula),Municipality,2nd,R9,L
[2024-03] 09-083-06-000,2024-03,2024,[03] March,"Kabasalan, Zamboanga Sibugay",[1] Operational,,,,,[A] Operational,A,09-083-06-000,Kabasalan,Zamboanga Sibugay,Region IX (Zamboanga Peninsula),Municipality,2nd,R9,L
[2024-04] 09-083-06-000,2024-04,2024,[04] April,"Kabasalan, Zamboanga Sibugay",[1] Operational,,,,,[A] Operational,A,09-083-06-000,Kabasalan,Zamboanga Sibugay,Region IX (Zamboanga Peninsula),Municipality,2nd,R9,L
[2024-05] 09-083-06-000,2024-05,2024,[05] May,"Kabasalan, Zamboanga Sibugay",[1] Operational,,,,,[A] Operational,A,09-083-06-000,Kabasalan,Zamboanga Sibugay,Region IX (Zamboanga Peninsula),Municipality,2nd,R9,L
[2024-06] 09-083-06-000,2024-06,2024,[06] June,"Kabasalan, Zamboanga Sibugay",[1] Operational,,,,,[A] Operational,A,09-083-06-000,Kabasalan,Zamboanga Sibugay,Region IX (Zamboanga Peninsula),Municipality,2nd,R9,L
[2024-07] 09-083-06-000,2024-07,2024,[07] July,"Kabasalan, Zamboanga Sibugay",[1] Operational,,,,,[A] Operational,A,09-083-06-000,Kabasalan,Zamboanga Sibugay,Region IX (Zamboanga Peninsula),Municipality,2nd,R9,L
[2023-12] 08-037-26-000,2023-12,2023,[12] December,"Kananga, Leyte",[1] Operational,,,,,[A] Operational,B,08-037-26-000,Kananga,Leyte,Region VIII (Eastern Visayas),Municipality,1st,R8,K
[2024-01] 08-037-26-000,2024-01,2024,[01] January,"Kananga, Leyte",[1] Operational,,,,,[A] Operational,B,08-037-26-000,Kananga,Leyte,Region VIII (Eastern Visayas),Municipality,1st,R8,K
[2024-02] 08-037-26-000,2024-02,2024,[02] February,"Kananga, Leyte",[1] Operational,,,,,[A] Operational,B,08-037-26-000,Kananga,Leyte,Region VIII (Eastern Visayas),Municipality,1st,R8,K
[2024-03] 08-037-26-000,2024-03,2024,[03] March,"Kananga, Leyte",[1] Operational,,,,,[A] Operational,B,08-037-26-000,Kananga,Leyte,Region VIII (Eastern Visayas),Municipality,1st,R8,K
[2024-04] 08-037-26-000,2024-04,2024,[04] April,"Kananga, Leyte",[1] Operational,,,,,[A] Operational,B,08-037-26-000,Kananga,Leyte,Region VIII (Eastern Visayas),Municipality,1st,R8,K
[2024-05] 08-037-26-000,2024-05,2024,[05] May,"Kananga, Leyte",[1] Operational,,,,,[A] Operational,B,08-037-26-000,Kananga,Leyte,Region VIII (Eastern Visayas),Municipality,1st,R8,K
[2024-06] 08-037-26-000,2024-06,2024,[06] June,"Kananga, Leyte",[1] Operational,,,,,[A] Operational,B,08-037-26-000,Kananga,Leyte,Region VIII (Eastern Visayas),Municipality,1st,R8,K
[2024-07] 08-037-26-000,2024-07,2024,[07] July,"Kananga, Leyte",[1] Operational,,,,,[A] Operational,B,08-037-26-000,Kananga,Leyte,Region VIII (Eastern Visayas),Municipality,1st,R8,K
[2024-05] 10-035-05-000,2024-05,2024,[05] May,"Kapatagan, Lanao del Norte",[1] Operational,,,,,[A] Operational,B,10-035-05-000,Kapatagan,Lanao del Norte,Region X (Northern Mindanao),Municipality,2nd,R10,N
[2024-06] 10-035-05-000,2024-06,2024,[06] June,"Kapatagan, Lanao del Norte",[1] Operational,,,,,[A] Operational,B,10-035-05-000,Kapatagan,Lanao del Norte,Region X (Northern Mindanao),Municipality,2nd,R10,N
[2024-07] 10-035-05-000,2024-07,2024,[07] July,"Kapatagan, Lanao del Norte",[1] Operational,,,,,[A] Operational,B,10-035-05-000,Kapatagan,Lanao del Norte,Region X (Northern Mindanao),Municipality,2nd,R10,N
[2023-12] 08-078-06-000,2023-12,2023,[12] December,"Kawayan, Biliran",[1] Operational,,,,,[A] Operational,B,08-078-06-000,Kawayan,Biliran,Region VIII (Eastern Visayas),Municipality,5th*,R8,K
[2024-01] 08-078-06-000,2024-01,2024,[01] January,"Kawayan, Biliran",[1] Operational,,,,,[A] Operational,B,08-078-06-000,Kawayan,Biliran,Region VIII (Eastern Visayas),Municipality,5th*,R8,K
[2024-02] 08-078-06-000,2024-02,2024,[02] February,"Kawayan, Biliran",[1] Operational,,,,,[A] Operational,B,08-078-06-000,Kawayan,Biliran,Region VIII (Eastern Visayas),Municipality,5th*,R8,K
[2024-03] 08-078-06-000,2024-03,2024,[03] March,"Kawayan, Biliran",[1] Operational,,,,,[A] Operational,B,08-078-06-000,Kawayan,Biliran,Region VIII (Eastern Visayas),Municipality,5th*,R8,K
[2024-04] 08-078-06-000,2024-04,2024,[04] April,"Kawayan, Biliran",[1] Operational,,,,,[A] Operational,B,08-078-06-000,Kawayan,Biliran,Region VIII (Eastern Visayas),Municipality,5th*,R8,K
[2024-05] 08-078-06-000,2024-05,2024,[05] May,"Kawayan, Biliran",[1] Operational,,,,,[A] Operational,B,08-078-06-000,Kawayan,Biliran,Region VIII (Eastern Visayas),Municipality,5th*,R8,K
[2024-06] 08-078-06-000,2024-06,2024,[06] June,"Kawayan, Biliran",[1] Operational,,,,,[A] Operational,B,08-078-06-000,Kawayan,Biliran,Region VIII (Eastern Visayas),Municipality,5th*,R8,K
[2024-07] 08-078-06-000,2024-07,2024,[07] July,"Kawayan, Biliran",[1] Operational,,,,,[A] Operational,B,08-078-06-000,Kawayan,Biliran,Region VIII (Eastern Visayas),Municipality,5th*,R8,K
[2023-12] 10-013-08-000,2023-12,2023,[12] December,"Kibawe, Bukidnon",[1] Operational,,,,,[A] Operational,A,10-013-08-000,Kibawe,Bukidnon,Region X (Northern Mindanao),Municipality,2nd,R10,N
[2024-01] 10-013-08-000,2024-01,2024,[01] January,"Kibawe, Bukidnon",[1] Operational,,,,,[A] Operational,A,10-013-08-000,Kibawe,Bukidnon,Region X (Northern Mindanao),Municipality,2nd,R10,N
[2024-02] 10-013-08-000,2024-02,2024,[02] February,"Kibawe, Bukidnon",[1] Operational,,,,,[A] Operational,A,10-013-08-000,Kibawe,Bukidnon,Region X (Northern Mindanao),Municipality,2nd,R10,N
[2024-03] 10-013-08-000,2024-03,2024,[03] March,"Kibawe, Bukidnon",[1] Operational,,,,,[A] Operational,A,10-013-08-000,Kibawe,Bukidnon,Region X (Northern Mindanao),Municipality,2nd,R10,N
[2024-04] 10-013-08-000,2024-04,2024,[04] April,"Kibawe, Bukidnon",[1] Operational,,,,,[A] Operational,A,10-013-08-000,Kibawe,Bukidnon,Region X (Northern Mindanao),Municipality,2nd,R10,N
[2024-05] 10-013-08-000,2024-05,2024,[05] May,"Kibawe, Bukidnon",[1] Operational,,,,,[A] Operational,A,10-013-08-000,Kibawe,Bukidnon,Region X (Northern Mindanao),Municipality,2nd,R10,N
[2024-06] 10-013-08-000,2024-06,2024,[06] June,"Kibawe, Bukidnon",[1] Operational,,,,,[A] Operational,A,10-013-08-000,Kibawe,Bukidnon,Region X (Northern Mindanao),Municipality,2nd,R10,N
[2024-07] 10-013-08-000,2024-07,2024,[07] July,"Kibawe, Bukidnon",[1] Operational,,,,,[A] Operational,A,10-013-08-000,Kibawe,Bukidnon,Region X (Northern Mindanao),Municipality,2nd,R10,N
[2023-12] 09-072-05-000,2023-12,2023,[12] December,"Labason, Zamboanga del Norte",[1] Operational,,,,,[A] Operational,B,09-072-05-000,Labason,Zamboanga del Norte,Region IX (Zamboanga Peninsula),Municipality,3rd,R9,L
[2024-01] 09-072-05-000,2024-01,2024,[01] January,"Labason, Zamboanga del Norte",[1] Operational,,,,,[A] Operational,B,09-072-05-000,Labason,Zamboanga del Norte,Region IX (Zamboanga Peninsula),Municipality,3rd,R9,L
[2024-02] 09-072-05-000,2024-02,2024,[02] February,"Labason, Zamboanga del Norte",[1] Operational,,,,,[A] Operational,B,09-072-05-000,Labason,Zamboanga del Norte,Region IX (Zamboanga Peninsula),Municipality,3rd,R9,L
[2024-03] 09-072-05-000,2024-03,2024,[03] March,"Labason, Zamboanga del Norte",[1] Operational,,,,,[A] Operational,B,09-072-05-000,Labason,Zamboanga del Norte,Region IX (Zamboanga Peninsula),Municipality,3rd,R9,L
[2024-04] 09-072-05-000,2024-04,2024,[04] April,"Labason, Zamboanga del Norte",[1] Operational,,,,,[A] Operational,B,09-072-05-000,Labason,Zamboanga del Norte,Region IX (Zamboanga Peninsula),Municipality,3rd,R9,L
[2024-05] 09-072-05-000,2024-05,2024,[05] May,"Labason, Zamboanga del Norte",[1] Operational,,,,,[A] Operational,B,09-072-05-000,Labason,Zamboanga del Norte,Region IX (Zamboanga Peninsula),Municipality,3rd,R9,L
[2024-06] 09-072-05-000,2024-06,2024,[06] June,"Labason, Zamboanga del Norte",[1] Operational,,,,,[A] Operational,B,09-072-05-000,Labason,Zamboanga del Norte,Region IX (Zamboanga Peninsula),Municipality,3rd,R9,L
[2024-07] 09-072-05-000,2024-07,2024,[07] July,"Labason, Zamboanga del Norte",[1] Operational,,,,,[A] Operational,B,09-072-05-000,Labason,Zamboanga del Norte,Region IX (Zamboanga Peninsula),Municipality,3rd,R9,L
[2024-05] 10-043-14-000,2024-05,2024,[05] May,"Laguindingan, Misamis Oriental",[1] Operational,,,,,[A] Operational,B,10-043-14-000,Laguindingan,Misamis Oriental,Region X (Northern Mindanao),Municipality,4th,R10,N
[2024-06] 10-043-14-000,2024-06,2024,[06] June,"Laguindingan, Misamis Oriental",[1] Operational,,,,,[A] Operational,B,10-043-14-000,Laguindingan,Misamis Oriental,Region X (Northern Mindanao),Municipality,4th,R10,N
[2024-07] 10-043-14-000,2024-07,2024,[07] July,"Laguindingan, Misamis Oriental",[1] Operational,,,,,[A] Operational,B,10-043-14-000,Laguindingan,Misamis Oriental,Region X (Northern Mindanao),Municipality,4th,R10,N
[2024-03] 14-027-05-000,2024-03,2024,[03] March,"Lamut, Ifugao",[2] Ongoing Testing and Data Build-up,25%,,,,[B] Developmental,B,14-027-05-000,Lamut,Ifugao,Cordillera Administrative Region (CAR),Municipality,4th,CAR,B
[2024-04] 14-027-05-000,2024-04,2024,[04] April,"Lamut, Ifugao",[2] Ongoing Testing and Data Build-up,25%,,,,[B] Developmental,B,14-027-05-000,Lamut,Ifugao,Cordillera Administrative Region (CAR),Municipality,4th,CAR,B
[2024-05] 14-027-05-000,2024-05,2024,[05] May,"Lamut, Ifugao",[1] Operational,,,,,[A] Operational,B,14-027-05-000,Lamut,Ifugao,Cordillera Administrative Region (CAR),Municipality,4th,CAR,B
[2024-06] 14-027-05-000,2024-06,2024,[06] June,"Lamut, Ifugao",[1] Operational,,,,,[A] Operational,B,14-027-05-000,Lamut,Ifugao,Cordillera Administrative Region (CAR),Municipality,4th,CAR,B
[2024-07] 14-027-05-000,2024-07,2024,[07] July,"Lamut, Ifugao",[1] Operational,,,,,[A] Operational,B,14-027-05-000,Lamut,Ifugao,Cordillera Administrative Region (CAR),Municipality,4th,CAR,B
[2023-12] 08-048-09-000,2023-12,2023,[12] December,"Lapinig, Northern Samar",[1] Operational,,,,,[A] Operational,B,08-048-09-000,Lapinig,Northern Samar,Region VIII (Eastern Visayas),Municipality,5th,R8,K
[2024-01] 08-048-09-000,2024-01,2024,[01] January,"Lapinig, Northern Samar",[1] Operational,,,,,[A] Operational,B,08-048-09-000,Lapinig,Northern Samar,Region VIII (Eastern Visayas),Municipality,5th,R8,K
[2024-02] 08-048-09-000,2024-02,2024,[02] February,"Lapinig, Northern Samar",[1] Operational,,,,,[A] Operational,B,08-048-09-000,Lapinig,Northern Samar,Region VIII (Eastern Visayas),Municipality,5th,R8,K
[2024-03] 08-048-09-000,2024-03,2024,[03] March,"Lapinig, Northern Samar",[1] Operational,,,,,[A] Operational,B,08-048-09-000,Lapinig,Northern Samar,Region VIII (Eastern Visayas),Municipality,5th,R8,K
[2024-04] 08-048-09-000,2024-04,2024,[04] April,"Lapinig, Northern Samar",[1] Operational,,,,,[A] Operational,B,08-048-09-000,Lapinig,Northern Samar,Region VIII (Eastern Visayas),Municipality,5th,R8,K
[2024-05] 08-048-09-000,2024-05,2024,[05] May,"Lapinig, Northern Samar",[1] Operational,,,,,[A] Operational,B,08-048-09-000,Lapinig,Northern Samar,Region VIII (Eastern Visayas),Municipality,5th,R8,K
[2024-06] 08-048-09-000,2024-06,2024,[06] June,"Lapinig, Northern Samar",[1] Operational,,,,,[A] Operational,B,08-048-09-000,Lapinig,Northern Samar,Region VIII (Eastern Visayas),Municipality,5th,R8,K
[2024-07] 08-048-09-000,2024-07,2024,[07] July,"Lapinig, Northern Samar",[1] Operational,,,,,[A] Operational,B,08-048-09-000,Lapinig,Northern Samar,Region VIII (Eastern Visayas),Municipality,5th,R8,K
[2023-12] 16-002-07-000,2023-12,2023,[12] December,"Las Nieves, Agusan del Norte",[1] Operational,,,,,[A] Operational,B,16-002-07-000,Las Nieves,Agusan del Norte,Region XIII (Caraga),Municipality,2nd,R13,O
[2024-01] 16-002-07-000,2024-01,2024,[01] January,"Las Nieves, Agusan del Norte",[1] Operational,,,,,[A] Operational,B,16-002-07-000,Las Nieves,Agusan del Norte,Region XIII (Caraga),Municipality,2nd,R13,O
[2024-02] 16-002-07-000,2024-02,2024,[02] February,"Las Nieves, Agusan del Norte",[1] Operational,,,,,[A] Operational,B,16-002-07-000,Las Nieves,Agusan del Norte,Region XIII (Caraga),Municipality,2nd,R13,O
[2024-03] 16-002-07-000,2024-03,2024,[03] March,"Las Nieves, Agusan del Norte",[1] Operational,,,,,[A] Operational,B,16-002-07-000,Las Nieves,Agusan del Norte,Region XIII (Caraga),Municipality,2nd,R13,O
[2024-04] 16-002-07-000,2024-04,2024,[04] April,"Las Nieves, Agusan del Norte",[1] Operational,,,,,[A] Operational,B,16-002-07-000,Las Nieves,Agusan del Norte,Region XIII (Caraga),Municipality,2nd,R13,O
[2024-05] 16-002-07-000,2024-05,2024,[05] May,"Las Nieves, Agusan del Norte",[1] Operational,,,,,[A] Operational,B,16-002-07-000,Las Nieves,Agusan del Norte,Region XIII (Caraga),Municipality,2nd,R13,O
[2024-06] 16-002-07-000,2024-06,2024,[06] June,"Las Nieves, Agusan del Norte",[1] Operational,,,,,[A] Operational,B,16-002-07-000,Las Nieves,Agusan del Norte,Region XIII (Caraga),Municipality,2nd,R13,O
[2024-07] 16-002-07-000,2024-07,2024,[07] July,"Las Nieves, Agusan del Norte",[1] Operational,,,,,[A] Operational,B,16-002-07-000,Las Nieves,Agusan del Norte,Region XIII (Caraga),Municipality,2nd,R13,O
[2023-12] 08-026-12-000,2023-12,2023,[12] December,"Lawaan, Eastern Samar",[1] Operational,,,,,[A] Operational,B,08-026-12-000,Lawaan,Eastern Samar,Region VIII (Eastern Visayas),Municipality,5th*,R8,K
[2024-01] 08-026-12-000,2024-01,2024,[01] January,"Lawaan, Eastern Samar",[1] Operational,,,,,[A] Operational,B,08-026-12-000,Lawaan,Eastern Samar,Region VIII (Eastern Visayas),Municipality,5th*,R8,K
[2024-02] 08-026-12-000,2024-02,2024,[02] February,"Lawaan, Eastern Samar",[1] Operational,,,,,[A] Operational,B,08-026-12-000,Lawaan,Eastern Samar,Region VIII (Eastern Visayas),Municipality,5th*,R8,K
[2024-03] 08-026-12-000,2024-03,2024,[03] March,"Lawaan, Eastern Samar",[1] Operational,,,,,[A] Operational,B,08-026-12-000,Lawaan,Eastern Samar,Region VIII (Eastern Visayas),Municipality,5th*,R8,K
[2024-04] 08-026-12-000,2024-04,2024,[04] April,"Lawaan, Eastern Samar",[1] Operational,,,,,[A] Operational,B,08-026-12-000,Lawaan,Eastern Samar,Region VIII (Eastern Visayas),Municipality,5th*,R8,K
[2024-05] 08-026-12-000,2024-05,2024,[05] May,"Lawaan, Eastern Samar",[1] Operational,,,,,[A] Operational,B,08-026-12-000,Lawaan,Eastern Samar,Region VIII (Eastern Visayas),Municipality,5th*,R8,K
[2024-06] 08-026-12-000,2024-06,2024,[06] June,"Lawaan, Eastern Samar",[1] Operational,,,,,[A] Operational,B,08-026-12-000,Lawaan,Eastern Samar,Region VIII (Eastern Visayas),Municipality,5th*,R8,K
[2024-07] 08-026-12-000,2024-07,2024,[07] July,"Lawaan, Eastern Samar",[1] Operational,,,,,[A] Operational,B,08-026-12-000,Lawaan,Eastern Samar,Region VIII (Eastern Visayas),Municipality,5th*,R8,K
[2024-01] 12-065-06-000,2024-01,2024,[01] January,"Lebak, Sultan Kudarat",[1] Operational,,,,,[A] Operational,B,12-065-06-000,Lebak,Sultan Kudarat,Region XII (SOCCSKSARGEN),Municipality,1st,R12,Q
[2024-02] 12-065-06-000,2024-02,2024,[02] February,"Lebak, Sultan Kudarat",[1] Operational,,,,,[A] Operational,B,12-065-06-000,Lebak,Sultan Kudarat,Region XII (SOCCSKSARGEN),Municipality,1st,R12,Q
[2024-03] 12-065-06-000,2024-03,2024,[03] March,"Lebak, Sultan Kudarat",[1] Operational,,,,,[A] Operational,B,12-065-06-000,Lebak,Sultan Kudarat,Region XII (SOCCSKSARGEN),Municipality,1st,R12,Q
[2024-04] 12-065-06-000,2024-04,2024,[04] April,"Lebak, Sultan Kudarat",[1] Operational,,,,,[A] Operational,B,12-065-06-000,Lebak,Sultan Kudarat,Region XII (SOCCSKSARGEN),Municipality,1st,R12,Q
[2024-05] 12-065-06-000,2024-05,2024,[05] May,"Lebak, Sultan Kudarat",[1] Operational,,,,,[A] Operational,B,12-065-06-000,Lebak,Sultan Kudarat,Region XII (SOCCSKSARGEN),Municipality,1st,R12,Q
[2024-06] 12-065-06-000,2024-06,2024,[06] June,"Lebak, Sultan Kudarat",[1] Operational,,,,,[A] Operational,B,12-065-06-000,Lebak,Sultan Kudarat,Region XII (SOCCSKSARGEN),Municipality,1st,R12,Q
[2024-07] 12-065-06-000,2024-07,2024,[07] July,"Lebak, Sultan Kudarat",[1] Operational,,,,,[A] Operational,B,12-065-06-000,Lebak,Sultan Kudarat,Region XII (SOCCSKSARGEN),Municipality,1st,R12,Q
[2024-06] 06-030-26-000,2024-06,2024,[06] June,"Leganes, Iloilo",[1] Operational,,,,,[A] Operational,B,06-030-26-000,Leganes,Iloilo,Region VI (Western Visayas),Municipality,4th,R6,I
[2024-07] 06-030-26-000,2024-07,2024,[07] July,"Leganes, Iloilo",[1] Operational,,,,,[A] Operational,B,06-030-26-000,Leganes,Iloilo,Region VI (Western Visayas),Municipality,4th,R6,I
[2024-01] 09-072-26-000,2024-01,2024,[01] January,"Leon B. Postigo (Bacungan), Zamboanga del Norte",[1] Operational,,,,,[A] Operational,B,09-072-26-000,Leon B. Postigo (Bacungan),Zamboanga del Norte,Region IX (Zamboanga Peninsula),Municipality,4th,R9,L
[2024-02] 09-072-26-000,2024-02,2024,[02] February,"Leon B. Postigo (Bacungan), Zamboanga del Norte",[1] Operational,,,,,[A] Operational,B,09-072-26-000,Leon B. Postigo (Bacungan),Zamboanga del Norte,Region IX (Zamboanga Peninsula),Municipality,4th,R9,L
[2024-03] 09-072-26-000,2024-03,2024,[03] March,"Leon B. Postigo (Bacungan), Zamboanga del Norte",[1] Operational,,,,,[A] Operational,B,09-072-26-000,Leon B. Postigo (Bacungan),Zamboanga del Norte,Region IX (Zamboanga Peninsula),Municipality,4th,R9,L
[2024-04] 09-072-26-000,2024-04,2024,[04] April,"Leon B. Postigo (Bacungan), Zamboanga del Norte",[1] Operational,,,,,[A] Operational,B,09-072-26-000,Leon B. Postigo (Bacungan),Zamboanga del Norte,Region IX (Zamboanga Peninsula),Municipality,4th,R9,L
[2024-05] 09-072-26-000,2024-05,2024,[05] May,"Leon B. Postigo (Bacungan), Zamboanga del Norte",[1] Operational,,,,,[A] Operational,B,09-072-26-000,Leon B. Postigo (Bacungan),Zamboanga del Norte,Region IX (Zamboanga Peninsula),Municipality,4th,R9,L
[2024-06] 09-072-26-000,2024-06,2024,[06] June,"Leon B. Postigo (Bacungan), Zamboanga del Norte",[1] Operational,,,,,[A] Operational,B,09-072-26-000,Leon B. Postigo (Bacungan),Zamboanga del Norte,Region IX (Zamboanga Peninsula),Municipality,4th,R9,L
[2024-07] 09-072-26-000,2024-07,2024,[07] July,"Leon B. Postigo (Bacungan), Zamboanga del Norte",[1] Operational,,,,,[A] Operational,B,09-072-26-000,Leon B. Postigo (Bacungan),Zamboanga del Norte,Region IX (Zamboanga Peninsula),Municipality,4th,R9,L
[2023-12] 08-037-29-000,2023-12,2023,[12] December,"Leyte, Leyte",[1] Operational,,,,,[A] Operational,B,08-037-29-000,Leyte,Leyte,Region VIII (Eastern Visayas),Municipality,4th*,R8,K
[2024-01] 08-037-29-000,2024-01,2024,[01] January,"Leyte, Leyte",[1] Operational,,,,,[A] Operational,B,08-037-29-000,Leyte,Leyte,Region VIII (Eastern Visayas),Municipality,4th*,R8,K
[2024-02] 08-037-29-000,2024-02,2024,[02] February,"Leyte, Leyte",[1] Operational,,,,,[A] Operational,B,08-037-29-000,Leyte,Leyte,Region VIII (Eastern Visayas),Municipality,4th*,R8,K
[2024-03] 08-037-29-000,2024-03,2024,[03] March,"Leyte, Leyte",[1] Operational,,,,,[A] Operational,B,08-037-29-000,Leyte,Leyte,Region VIII (Eastern Visayas),Municipality,4th*,R8,K
[2024-04] 08-037-29-000,2024-04,2024,[04] April,"Leyte, Leyte",[1] Operational,,,,,[A] Operational,B,08-037-29-000,Leyte,Leyte,Region VIII (Eastern Visayas),Municipality,4th*,R8,K
[2024-05] 08-037-29-000,2024-05,2024,[05] May,"Leyte, Leyte",[1] Operational,,,,,[A] Operational,B,08-037-29-000,Leyte,Leyte,Region VIII (Eastern Visayas),Municipality,4th*,R8,K
[2024-06] 08-037-29-000,2024-06,2024,[06] June,"Leyte, Leyte",[1] Operational,,,,,[A] Operational,B,08-037-29-000,Leyte,Leyte,Region VIII (Eastern Visayas),Municipality,4th*,R8,K
[2024-07] 08-037-29-000,2024-07,2024,[07] July,"Leyte, Leyte",[1] Operational,,,,,[A] Operational,B,08-037-29-000,Leyte,Leyte,Region VIII (Eastern Visayas),Municipality,4th*,R8,K
[2023-12] 08-064-05-000,2023-12,2023,[12] December,"Libagon, Southern Leyte",[1] Operational,,,,,[A] Operational,B,08-064-05-000,Libagon,Southern Leyte,Region VIII (Eastern Visayas),Municipality,5th,R8,K
[2024-01] 08-064-05-000,2024-01,2024,[01] January,"Libagon, Southern Leyte",[1] Operational,,,,,[A] Operational,B,08-064-05-000,Libagon,Southern Leyte,Region VIII (Eastern Visayas),Municipality,5th,R8,K
[2024-02] 08-064-05-000,2024-02,2024,[02] February,"Libagon, Southern Leyte",[1] Operational,,,,,[A] Operational,B,08-064-05-000,Libagon,Southern Leyte,Region VIII (Eastern Visayas),Municipality,5th,R8,K
[2024-03] 08-064-05-000,2024-03,2024,[03] March,"Libagon, Southern Leyte",[1] Operational,,,,,[A] Operational,B,08-064-05-000,Libagon,Southern Leyte,Region VIII (Eastern Visayas),Municipality,5th,R8,K
[2024-04] 08-064-05-000,2024-04,2024,[04] April,"Libagon, Southern Leyte",[1] Operational,,,,,[A] Operational,B,08-064-05-000,Libagon,Southern Leyte,Region VIII (Eastern Visayas),Municipality,5th,R8,K
[2024-05] 08-064-05-000,2024-05,2024,[05] May,"Libagon, Southern Leyte",[1] Operational,,,,,[A] Operational,B,08-064-05-000,Libagon,Southern Leyte,Region VIII (Eastern Visayas),Municipality,5th,R8,K
[2024-06] 08-064-05-000,2024-06,2024,[06] June,"Libagon, Southern Leyte",[1] Operational,,,,,[A] Operational,B,08-064-05-000,Libagon,Southern Leyte,Region VIII (Eastern Visayas),Municipality,5th,R8,K
[2024-07] 08-064-05-000,2024-07,2024,[07] July,"Libagon, Southern Leyte",[1] Operational,,,,,[A] Operational,B,08-064-05-000,Libagon,Southern Leyte,Region VIII (Eastern Visayas),Municipality,5th,R8,K
[2024-07] 06-006-10-000,2024-07,2024,[07] July,"Libertad, Antique",[1] Operational,,,,,[A] Operational,B,06-006-10-000,Libertad,Antique,Region VI (Western Visayas),Municipality,5th,R6,I
[2023-12] 10-043-15-000,2023-12,2023,[12] December,"Libertad, Misamis Oriental",[1] Operational,,,,,[A] Operational,A,10-043-15-000,Libertad,Misamis Oriental,Region X (Northern Mindanao),Municipality,5th,R10,N
[2024-01] 10-043-15-000,2024-01,2024,[01] January,"Libertad, Misamis Oriental",[1] Operational,,,,,[A] Operational,A,10-043-15-000,Libertad,Misamis Oriental,Region X (Northern Mindanao),Municipality,5th,R10,N
[2024-02] 10-043-15-000,2024-02,2024,[02] February,"Libertad, Misamis Oriental",[1] Operational,,,,,[A] Operational,A,10-043-15-000,Libertad,Misamis Oriental,Region X (Northern Mindanao),Municipality,5th,R10,N
[2024-03] 10-043-15-000,2024-03,2024,[03] March,"Libertad, Misamis Oriental",[1] Operational,,,,,[A] Operational,A,10-043-15-000,Libertad,Misamis Oriental,Region X (Northern Mindanao),Municipality,5th,R10,N
[2024-04] 10-043-15-000,2024-04,2024,[04] April,"Libertad, Misamis Oriental",[1] Operational,,,,,[A] Operational,A,10-043-15-000,Libertad,Misamis Oriental,Region X (Northern Mindanao),Municipality,5th,R10,N
[2024-05] 10-043-15-000,2024-05,2024,[05] May,"Libertad, Misamis Oriental",[1] Operational,,,,,[A] Operational,A,10-043-15-000,Libertad,Misamis Oriental,Region X (Northern Mindanao),Municipality,5th,R10,N
[2024-06] 10-043-15-000,2024-06,2024,[06] June,"Libertad, Misamis Oriental",[1] Operational,,,,,[A] Operational,A,10-043-15-000,Libertad,Misamis Oriental,Region X (Northern Mindanao),Municipality,5th,R10,N
[2024-07] 10-043-15-000,2024-07,2024,[07] July,"Libertad, Misamis Oriental",[1] Operational,,,,,[A] Operational,A,10-043-15-000,Libertad,Misamis Oriental,Region X (Northern Mindanao),Municipality,5th,R10,N
[2023-12] 03-049-14-000,2023-12,2023,[12] December,"Licab, Nueva Ecija",[1] Operational,,,,,[A] Operational,A,03-049-14-000,Licab,Nueva Ecija,Region III (Central Luzon),Municipality,4th,R3,E
[2024-01] 03-049-14-000,2024-01,2024,[01] January,"Licab, Nueva Ecija",[1] Operational,,,,,[A] Operational,A,03-049-14-000,Licab,Nueva Ecija,Region III (Central Luzon),Municipality,4th,R3,E
[2024-02] 03-049-14-000,2024-02,2024,[02] February,"Licab, Nueva Ecija",[1] Operational,,,,,[A] Operational,A,03-049-14-000,Licab,Nueva Ecija,Region III (Central Luzon),Municipality,4th,R3,E
[2024-03] 03-049-14-000,2024-03,2024,[03] March,"Licab, Nueva Ecija",[1] Operational,,,,,[A] Operational,A,03-049-14-000,Licab,Nueva Ecija,Region III (Central Luzon),Municipality,4th,R3,E
[2024-04] 03-049-14-000,2024-04,2024,[04] April,"Licab, Nueva Ecija",[1] Operational,,,,,[A] Operational,A,03-049-14-000,Licab,Nueva Ecija,Region III (Central Luzon),Municipality,4th,R3,E
[2024-05] 03-049-14-000,2024-05,2024,[05] May,"Licab, Nueva Ecija",[1] Operational,,,,,[A] Operational,A,03-049-14-000,Licab,Nueva Ecija,Region III (Central Luzon),Municipality,4th,R3,E
[2024-06] 03-049-14-000,2024-06,2024,[06] June,"Licab, Nueva Ecija",[1] Operational,,,,,[A] Operational,A,03-049-14-000,Licab,Nueva Ecija,Region III (Central Luzon),Municipality,4th,R3,E
[2024-07] 03-049-14-000,2024-07,2024,[07] July,"Licab, Nueva Ecija",[1] Operational,,,,,[A] Operational,A,03-049-14-000,Licab,Nueva Ecija,Region III (Central Luzon),Municipality,4th,R3,E
[2023-12] 01-029-11-000,2023-12,2023,[12] December,"Lidlidda, Ilocos Sur",[1] Operational,,,,,[A] Operational,B,01-029-11-000,Lidlidda,Ilocos Sur,Region I (Ilocos Region),Municipality,5th,R1,C
[2024-01] 01-029-11-000,2024-01,2024,[01] January,"Lidlidda, Ilocos Sur",[1] Operational,,,,,[A] Operational,B,01-029-11-000,Lidlidda,Ilocos Sur,Region I (Ilocos Region),Municipality,5th,R1,C
[2024-02] 01-029-11-000,2024-02,2024,[02] February,"Lidlidda, Ilocos Sur",[1] Operational,,,,,[A] Operational,B,01-029-11-000,Lidlidda,Ilocos Sur,Region I (Ilocos Region),Municipality,5th,R1,C
[2024-03] 01-029-11-000,2024-03,2024,[03] March,"Lidlidda, Ilocos Sur",[1] Operational,,,,,[A] Operational,B,01-029-11-000,Lidlidda,Ilocos Sur,Region I (Ilocos Region),Municipality,5th,R1,C
[2024-04] 01-029-11-000,2024-04,2024,[04] April,"Lidlidda, Ilocos Sur",[1] Operational,,,,,[A] Operational,B,01-029-11-000,Lidlidda,Ilocos Sur,Region I (Ilocos Region),Municipality,5th,R1,C
[2024-05] 01-029-11-000,2024-05,2024,[05] May,"Lidlidda, Ilocos Sur",[1] Operational,,,,,[A] Operational,B,01-029-11-000,Lidlidda,Ilocos Sur,Region I (Ilocos Region),Municipality,5th,R1,C
[2024-06] 01-029-11-000,2024-06,2024,[06] June,"Lidlidda, Ilocos Sur",[1] Operational,,,,,[A] Operational,B,01-029-11-000,Lidlidda,Ilocos Sur,Region I (Ilocos Region),Municipality,5th,R1,C
[2024-07] 01-029-11-000,2024-07,2024,[07] July,"Lidlidda, Ilocos Sur",[1] Operational,,,,,[A] Operational,B,01-029-11-000,Lidlidda,Ilocos Sur,Region I (Ilocos Region),Municipality,5th,R1,C
[2023-12] 08-064-06-000,2023-12,2023,[12] December,"Liloan, Southern Leyte",[1] Operational,,,,,[A] Operational,A,08-064-06-000,Liloan,Southern Leyte,Region VIII (Eastern Visayas),Municipality,4th*,R8,K
[2024-01] 08-064-06-000,2024-01,2024,[01] January,"Liloan, Southern Leyte",[1] Operational,,,,,[A] Operational,A,08-064-06-000,Liloan,Southern Leyte,Region VIII (Eastern Visayas),Municipality,4th*,R8,K
[2024-02] 08-064-06-000,2024-02,2024,[02] February,"Liloan, Southern Leyte",[1] Operational,,,,,[A] Operational,A,08-064-06-000,Liloan,Southern Leyte,Region VIII (Eastern Visayas),Municipality,4th*,R8,K
[2024-03] 08-064-06-000,2024-03,2024,[03] March,"Liloan, Southern Leyte",[1] Operational,,,,,[A] Operational,A,08-064-06-000,Liloan,Southern Leyte,Region VIII (Eastern Visayas),Municipality,4th*,R8,K
[2024-04] 08-064-06-000,2024-04,2024,[04] April,"Liloan, Southern Leyte",[1] Operational,,,,,[A] Operational,A,08-064-06-000,Liloan,Southern Leyte,Region VIII (Eastern Visayas),Municipality,4th*,R8,K
[2024-05] 08-064-06-000,2024-05,2024,[05] May,"Liloan, Southern Leyte",[1] Operational,,,,,[A] Operational,A,08-064-06-000,Liloan,Southern Leyte,Region VIII (Eastern Visayas),Municipality,4th*,R8,K
[2024-06] 08-064-06-000,2024-06,2024,[06] June,"Liloan, Southern Leyte",[1] Operational,,,,,[A] Operational,A,08-064-06-000,Liloan,Southern Leyte,Region VIII (Eastern Visayas),Municipality,4th*,R8,K
[2024-07] 08-064-06-000,2024-07,2024,[07] July,"Liloan, Southern Leyte",[1] Operational,,,,,[A] Operational,A,08-064-06-000,Liloan,Southern Leyte,Region VIII (Eastern Visayas),Municipality,4th*,R8,K
[2023-12] 03-008-06-000,2023-12,2023,[12] December,"Limay, Bataan",[1] Operational,,,,,[A] Operational,A,03-008-06-000,Limay,Bataan,Region III (Central Luzon),Municipality,1st,R3,E
[2024-01] 03-008-06-000,2024-01,2024,[01] January,"Limay, Bataan",[1] Operational,,,,,[A] Operational,A,03-008-06-000,Limay,Bataan,Region III (Central Luzon),Municipality,1st,R3,E
[2024-02] 03-008-06-000,2024-02,2024,[02] February,"Limay, Bataan",[1] Operational,,,,,[A] Operational,A,03-008-06-000,Limay,Bataan,Region III (Central Luzon),Municipality,1st,R3,E
[2024-03] 03-008-06-000,2024-03,2024,[03] March,"Limay, Bataan",[1] Operational,,,,,[A] Operational,A,03-008-06-000,Limay,Bataan,Region III (Central Luzon),Municipality,1st,R3,E
[2024-04] 03-008-06-000,2024-04,2024,[04] April,"Limay, Bataan",[1] Operational,,,,,[A] Operational,A,03-008-06-000,Limay,Bataan,Region III (Central Luzon),Municipality,1st,R3,E
[2024-05] 03-008-06-000,2024-05,2024,[05] May,"Limay, Bataan",[1] Operational,,,,,[A] Operational,A,03-008-06-000,Limay,Bataan,Region III (Central Luzon),Municipality,1st,R3,E
[2024-06] 03-008-06-000,2024-06,2024,[06] June,"Limay, Bataan",[1] Operational,,,,,[A] Operational,A,03-008-06-000,Limay,Bataan,Region III (Central Luzon),Municipality,1st,R3,E
[2024-07] 03-008-06-000,2024-07,2024,[07] July,"Limay, Bataan",[1] Operational,,,,,[A] Operational,A,03-008-06-000,Limay,Bataan,Region III (Central Luzon),Municipality,1st,R3,E
[2024-06] 10-035-10-000,2024-06,2024,[06] June,"Linamon, Lanao del Norte",[1] Operational,,,,,[A] Operational,B,10-035-10-000,Linamon,Lanao del Norte,Region X (Northern Mindanao),Municipality,5th,R10,N
[2024-07] 10-035-10-000,2024-07,2024,[07] July,"Linamon, Lanao del Norte",[1] Operational,,,,,[A] Operational,B,10-035-10-000,Linamon,Lanao del Norte,Region X (Northern Mindanao),Municipality,5th,R10,N
[2023-12] 04-010-15-000,2023-12,2023,[12] December,"Lobo, Batangas",[1] Operational,,,,,[A] Operational,B,04-010-15-000,Lobo,Batangas,Region IV-A (CALABARZON),Municipality,3rd,R4A,F
[2024-01] 04-010-15-000,2024-01,2024,[01] January,"Lobo, Batangas",[1] Operational,,,,,[A] Operational,B,04-010-15-000,Lobo,Batangas,Region IV-A (CALABARZON),Municipality,3rd,R4A,F
[2024-02] 04-010-15-000,2024-02,2024,[02] February,"Lobo, Batangas",[1] Operational,,,,,[A] Operational,B,04-010-15-000,Lobo,Batangas,Region IV-A (CALABARZON),Municipality,3rd,R4A,F
[2024-03] 04-010-15-000,2024-03,2024,[03] March,"Lobo, Batangas",[1] Operational,,,,,[A] Operational,B,04-010-15-000,Lobo,Batangas,Region IV-A (CALABARZON),Municipality,3rd,R4A,F
[2024-04] 04-010-15-000,2024-04,2024,[04] April,"Lobo, Batangas",[1] Operational,,,,,[A] Operational,B,04-010-15-000,Lobo,Batangas,Region IV-A (CALABARZON),Municipality,3rd,R4A,F
[2024-05] 04-010-15-000,2024-05,2024,[05] May,"Lobo, Batangas",[1] Operational,,,,,[A] Operational,B,04-010-15-000,Lobo,Batangas,Region IV-A (CALABARZON),Municipality,3rd,R4A,F
[2024-06] 04-010-15-000,2024-06,2024,[06] June,"Lobo, Batangas",[1] Operational,,,,,[A] Operational,B,04-010-15-000,Lobo,Batangas,Region IV-A (CALABARZON),Municipality,3rd,R4A,F
[2024-07] 04-010-15-000,2024-07,2024,[07] July,"Lobo, Batangas",[1] Operational,,,,,[A] Operational,B,04-010-15-000,Lobo,Batangas,Region IV-A (CALABARZON),Municipality,3rd,R4A,F
[2023-12] 17-059-07-000,2023-12,2023,[12] December,"Looc, Romblon",[1] Operational,,,,,[A] Operational,B,17-059-07-000,Looc,Romblon,MIMAROPA Region,Municipality,4th,R4B,G
[2024-01] 17-059-07-000,2024-01,2024,[01] January,"Looc, Romblon",[1] Operational,,,,,[A] Operational,B,17-059-07-000,Looc,Romblon,MIMAROPA Region,Municipality,4th,R4B,G
[2024-02] 17-059-07-000,2024-02,2024,[02] February,"Looc, Romblon",[1] Operational,,,,,[A] Operational,B,17-059-07-000,Looc,Romblon,MIMAROPA Region,Municipality,4th,R4B,G
[2024-03] 17-059-07-000,2024-03,2024,[03] March,"Looc, Romblon",[1] Operational,,,,,[A] Operational,B,17-059-07-000,Looc,Romblon,MIMAROPA Region,Municipality,4th,R4B,G
[2024-04] 17-059-07-000,2024-04,2024,[04] April,"Looc, Romblon",[1] Operational,,,,,[A] Operational,B,17-059-07-000,Looc,Romblon,MIMAROPA Region,Municipality,4th,R4B,G
[2024-05] 17-059-07-000,2024-05,2024,[05] May,"Looc, Romblon",[1] Operational,,,,,[A] Operational,B,17-059-07-000,Looc,Romblon,MIMAROPA Region,Municipality,4th,R4B,G
[2023-08] 17-053-23-000,2023-08,2024,[06] June,"Looc, Romblon",[1] Operational,,,,,[A] Operational,B,17-059-07-000,Looc,Romblon,MIMAROPA Region,Municipality,4th,R4B,G
[2024-07] 17-059-07-000,2024-07,2024,[07] July,"Looc, Romblon",[1] Operational,,,,,[A] Operational,B,17-059-07-000,Looc,Romblon,MIMAROPA Region,Municipality,4th,R4B,G
[2023-12] 08-048-24-000,2023-12,2023,[12] December,"Lope De Vega, Northern Samar",[1] Operational,,,,,[A] Operational,A,08-048-24-000,Lope De Vega,Northern Samar,Region VIII (Eastern Visayas),Municipality,4th,R8,K
[2024-01] 08-048-24-000,2024-01,2024,[01] January,"Lope De Vega, Northern Samar",[1] Operational,,,,,[A] Operational,A,08-048-24-000,Lope De Vega,Northern Samar,Region VIII (Eastern Visayas),Municipality,4th,R8,K
[2024-02] 08-048-24-000,2024-02,2024,[02] February,"Lope De Vega, Northern Samar",[1] Operational,,,,,[A] Operational,A,08-048-24-000,Lope De Vega,Northern Samar,Region VIII (Eastern Visayas),Municipality,4th,R8,K
[2024-03] 08-048-24-000,2024-03,2024,[03] March,"Lope De Vega, Northern Samar",[1] Operational,,,,,[A] Operational,A,08-048-24-000,Lope De Vega,Northern Samar,Region VIII (Eastern Visayas),Municipality,4th,R8,K
[2024-04] 08-048-24-000,2024-04,2024,[04] April,"Lope De Vega, Northern Samar",[1] Operational,,,,,[A] Operational,A,08-048-24-000,Lope De Vega,Northern Samar,Region VIII (Eastern Visayas),Municipality,4th,R8,K
[2024-05] 08-048-24-000,2024-05,2024,[05] May,"Lope De Vega, Northern Samar",[1] Operational,,,,,[A] Operational,A,08-048-24-000,Lope De Vega,Northern Samar,Region VIII (Eastern Visayas),Municipality,4th,R8,K
[2024-06] 08-048-24-000,2024-06,2024,[06] June,"Lope De Vega, Northern Samar",[1] Operational,,,,,[A] Operational,A,08-048-24-000,Lope De Vega,Northern Samar,Region VIII (Eastern Visayas),Municipality,4th,R8,K
[2024-07] 08-048-24-000,2024-07,2024,[07] July,"Lope De Vega, Northern Samar",[1] Operational,,,,,[A] Operational,A,08-048-24-000,Lope De Vega,Northern Samar,Region VIII (Eastern Visayas),Municipality,4th,R8,K
[2023-12] 04-056-22-000,2023-12,2023,[12] December,"Lopez, Quezon",[1] Operational,,,,,[A] Operational,A,04-056-22-000,Lopez,Quezon,Region IV-A (CALABARZON),Municipality,1st,R4A,F
[2024-01] 04-056-22-000,2024-01,2024,[01] January,"Lopez, Quezon",[1] Operational,,,,,[A] Operational,A,04-056-22-000,Lopez,Quezon,Region IV-A (CALABARZON),Municipality,1st,R4A,F
[2024-02] 04-056-22-000,2024-02,2024,[02] February,"Lopez, Quezon",[1] Operational,,,,,[A] Operational,A,04-056-22-000,Lopez,Quezon,Region IV-A (CALABARZON),Municipality,1st,R4A,F
[2024-03] 04-056-22-000,2024-03,2024,[03] March,"Lopez, Quezon",[1] Operational,,,,,[A] Operational,A,04-056-22-000,Lopez,Quezon,Region IV-A (CALABARZON),Municipality,1st,R4A,F
[2024-04] 04-056-22-000,2024-04,2024,[04] April,"Lopez, Quezon",[1] Operational,,,,,[A] Operational,A,04-056-22-000,Lopez,Quezon,Region IV-A (CALABARZON),Municipality,1st,R4A,F
[2024-05] 04-056-22-000,2024-05,2024,[05] May,"Lopez, Quezon",[1] Operational,,,,,[A] Operational,A,04-056-22-000,Lopez,Quezon,Region IV-A (CALABARZON),Municipality,1st,R4A,F
[2024-06] 04-056-22-000,2024-06,2024,[06] June,"Lopez, Quezon",[1] Operational,,,,,[A] Operational,A,04-056-22-000,Lopez,Quezon,Region IV-A (CALABARZON),Municipality,1st,R4A,F
[2024-07] 04-056-22-000,2024-07,2024,[07] July,"Lopez, Quezon",[1] Operational,,,,,[A] Operational,A,04-056-22-000,Lopez,Quezon,Region IV-A (CALABARZON),Municipality,1st,R4A,F
[2024-06] 17-051-04-000,2024-06,2024,[06] June,"Lubang, Occidental Mindoro",[1] Operational,,,,,[A] Operational,B,17-051-04-000,Lubang,Occidental Mindoro,MIMAROPA Region,Municipality,4th,R4B,G
[2024-07] 17-051-04-000,2024-07,2024,[07] July,"Lubang, Occidental Mindoro",[1] Operational,,,,,[A] Operational,B,17-051-04-000,Lubang,Occidental Mindoro,MIMAROPA Region,Municipality,4th,R4B,G
[2023-12] 04-034-13-000,2023-12,2023,[12] December,"Lumban, Laguna",[1] Operational,,,,,[A] Operational,B,04-034-13-000,Lumban,Laguna,Region IV-A (CALABARZON),Municipality,3rd,R4A,F
[2024-01] 04-034-13-000,2024-01,2024,[01] January,"Lumban, Laguna",[1] Operational,,,,,[A] Operational,B,04-034-13-000,Lumban,Laguna,Region IV-A (CALABARZON),Municipality,3rd,R4A,F
[2024-02] 04-034-13-000,2024-02,2024,[02] February,"Lumban, Laguna",[1] Operational,,,,,[A] Operational,B,04-034-13-000,Lumban,Laguna,Region IV-A (CALABARZON),Municipality,3rd,R4A,F
[2024-03] 04-034-13-000,2024-03,2024,[03] March,"Lumban, Laguna",[1] Operational,,,,,[A] Operational,B,04-034-13-000,Lumban,Laguna,Region IV-A (CALABARZON),Municipality,3rd,R4A,F
[2024-04] 04-034-13-000,2024-04,2024,[04] April,"Lumban, Laguna",[1] Operational,,,,,[A] Operational,B,04-034-13-000,Lumban,Laguna,Region IV-A (CALABARZON),Municipality,3rd,R4A,F
[2024-05] 04-034-13-000,2024-05,2024,[05] May,"Lumban, Laguna",[1] Operational,,,,,[A] Operational,B,04-034-13-000,Lumban,Laguna,Region IV-A (CALABARZON),Municipality,3rd,R4A,F
[2024-06] 04-034-13-000,2024-06,2024,[06] June,"Lumban, Laguna",[1] Operational,,,,,[A] Operational,B,04-034-13-000,Lumban,Laguna,Region IV-A (CALABARZON),Municipality,3rd,R4A,F
[2024-07] 04-034-13-000,2024-07,2024,[07] July,"Lumban, Laguna",[1] Operational,,,,,[A] Operational,B,04-034-13-000,Lumban,Laguna,Region IV-A (CALABARZON),Municipality,3rd,R4A,F
[2023-12] 14-081-05-000,2023-12,2023,[12] December,"Luna, Apayao",[2] Ongoing Testing and Data Build-up,75%,,,,[B] Developmental,B,14-081-05-000,Luna,Apayao,Cordillera Administrative Region (CAR),Municipality,2nd,CAR,B
[2024-01] 14-081-05-000,2024-01,2024,[01] January,"Luna, Apayao",[2] Ongoing Testing and Data Build-up,75%,,,,[B] Developmental,B,14-081-05-000,Luna,Apayao,Cordillera Administrative Region (CAR),Municipality,2nd,CAR,B
[2024-02] 14-081-05-000,2024-02,2024,[02] February,"Luna, Apayao",[2] Ongoing Testing and Data Build-up,75%,,,,[B] Developmental,B,14-081-05-000,Luna,Apayao,Cordillera Administrative Region (CAR),Municipality,2nd,CAR,B
[2024-03] 14-081-05-000,2024-03,2024,[03] March,"Luna, Apayao",[2] Ongoing Testing and Data Build-up,75%,,,,[B] Developmental,B,14-081-05-000,Luna,Apayao,Cordillera Administrative Region (CAR),Municipality,2nd,CAR,B
[2024-04] 14-081-05-000,2024-04,2024,[04] April,"Luna, Apayao",[2] Ongoing Testing and Data Build-up,75%,,,,[B] Developmental,B,14-081-05-000,Luna,Apayao,Cordillera Administrative Region (CAR),Municipality,2nd,CAR,B
[2024-05] 14-081-05-000,2024-05,2024,[05] May,"Luna, Apayao",[1] Operational,,,,,[A] Operational,B,14-081-05-000,Luna,Apayao,Cordillera Administrative Region (CAR),Municipality,2nd,CAR,B
[2024-06] 14-081-05-000,2024-06,2024,[06] June,"Luna, Apayao",[1] Operational,,,,,[A] Operational,B,14-081-05-000,Luna,Apayao,Cordillera Administrative Region (CAR),Municipality,2nd,CAR,B
[2024-07] 14-081-05-000,2024-07,2024,[07] July,"Luna, Apayao",[1] Operational,,,,,[A] Operational,B,14-081-05-000,Luna,Apayao,Cordillera Administrative Region (CAR),Municipality,2nd,CAR,B
[2023-12] 11-025-07-000,2023-12,2023,[12] December,"Lupon, Davao Oriental",[1] Operational,,,,,[A] Operational,B,11-025-07-000,Lupon,Davao Oriental,Region XI (Davao Region),Municipality,1st,R11,P
[2024-01] 11-025-07-000,2024-01,2024,[01] January,"Lupon, Davao Oriental",[1] Operational,,,,,[A] Operational,B,11-025-07-000,Lupon,Davao Oriental,Region XI (Davao Region),Municipality,1st,R11,P
[2024-02] 11-025-07-000,2024-02,2024,[02] February,"Lupon, Davao Oriental",[1] Operational,,,,,[A] Operational,B,11-025-07-000,Lupon,Davao Oriental,Region XI (Davao Region),Municipality,1st,R11,P
[2024-03] 11-025-07-000,2024-03,2024,[03] March,"Lupon, Davao Oriental",[1] Operational,,,,,[A] Operational,B,11-025-07-000,Lupon,Davao Oriental,Region XI (Davao Region),Municipality,1st,R11,P
[2024-04] 11-025-07-000,2024-04,2024,[04] April,"Lupon, Davao Oriental",[1] Operational,,,,,[A] Operational,B,11-025-07-000,Lupon,Davao Oriental,Region XI (Davao Region),Municipality,1st,R11,P
[2024-05] 11-025-07-000,2024-05,2024,[05] May,"Lupon, Davao Oriental",[1] Operational,,,,,[A] Operational,B,11-025-07-000,Lupon,Davao Oriental,Region XI (Davao Region),Municipality,1st,R11,P
[2024-06] 11-025-07-000,2024-06,2024,[06] June,"Lupon, Davao Oriental",[1] Operational,,,,,[A] Operational,B,11-025-07-000,Lupon,Davao Oriental,Region XI (Davao Region),Municipality,1st,R11,P
[2024-07] 11-025-07-000,2024-07,2024,[07] July,"Lupon, Davao Oriental",[1] Operational,,,,,[A] Operational,B,11-025-07-000,Lupon,Davao Oriental,Region XI (Davao Region),Municipality,1st,R11,P
[2023-12] 12-047-10-000,2023-12,2023,[12] December,"M'Lang, Cotabato",[1] Operational,,,,,[A] Operational,A,12-047-10-000,M'Lang,Cotabato,Region XII (SOCCSKSARGEN),Municipality,1st,R12,Q
[2024-01] 12-047-10-000,2024-01,2024,[01] January,"M'Lang, Cotabato",[1] Operational,,,,,[A] Operational,A,12-047-10-000,M'Lang,Cotabato,Region XII (SOCCSKSARGEN),Municipality,1st,R12,Q
[2024-02] 12-047-10-000,2024-02,2024,[02] February,"M'Lang, Cotabato",[1] Operational,,,,,[A] Operational,A,12-047-10-000,M'Lang,Cotabato,Region XII (SOCCSKSARGEN),Municipality,1st,R12,Q
[2024-03] 12-047-10-000,2024-03,2024,[03] March,"M'Lang, Cotabato",[1] Operational,,,,,[A] Operational,A,12-047-10-000,M'Lang,Cotabato,Region XII (SOCCSKSARGEN),Municipality,1st,R12,Q
[2024-04] 12-047-10-000,2024-04,2024,[04] April,"M'Lang, Cotabato",[1] Operational,,,,,[A] Operational,A,12-047-10-000,M'Lang,Cotabato,Region XII (SOCCSKSARGEN),Municipality,1st,R12,Q
[2024-05] 12-047-10-000,2024-05,2024,[05] May,"M'Lang, Cotabato",[1] Operational,,,,,[A] Operational,A,12-047-10-000,M'Lang,Cotabato,Region XII (SOCCSKSARGEN),Municipality,1st,R12,Q
[2024-06] 12-047-10-000,2024-06,2024,[06] June,"M'Lang, Cotabato",[1] Operational,,,,,[A] Operational,A,12-047-10-000,M'Lang,Cotabato,Region XII (SOCCSKSARGEN),Municipality,1st,R12,Q
[2024-07] 12-047-10-000,2024-07,2024,[07] July,"M'Lang, Cotabato",[1] Operational,,,,,[A] Operational,A,12-047-10-000,M'Lang,Cotabato,Region XII (SOCCSKSARGEN),Municipality,1st,R12,Q
[2023-12] 03-054-09-000,2023-12,2023,[12] December,"Mabalacat City, Pampanga",[1] Operational,,,,,[A] Operational,A,03-054-09-000,Mabalacat City,Pampanga,Region III (Central Luzon),City,3rd,R3,E
[2024-01] 03-054-09-000,2024-01,2024,[01] January,"Mabalacat City, Pampanga",[1] Operational,,,,,[A] Operational,A,03-054-09-000,Mabalacat City,Pampanga,Region III (Central Luzon),City,3rd,R3,E
[2024-02] 03-054-09-000,2024-02,2024,[02] February,"Mabalacat City, Pampanga",[1] Operational,,,,,[A] Operational,A,03-054-09-000,Mabalacat City,Pampanga,Region III (Central Luzon),City,3rd,R3,E
[2024-03] 03-054-09-000,2024-03,2024,[03] March,"Mabalacat City, Pampanga",[1] Operational,,,,,[A] Operational,A,03-054-09-000,Mabalacat City,Pampanga,Region III (Central Luzon),City,3rd,R3,E
[2024-04] 03-054-09-000,2024-04,2024,[04] April,"Mabalacat City, Pampanga",[1] Operational,,,,,[A] Operational,A,03-054-09-000,Mabalacat City,Pampanga,Region III (Central Luzon),City,3rd,R3,E
[2024-05] 03-054-09-000,2024-05,2024,[05] May,"Mabalacat City, Pampanga",[1] Operational,,,,,[A] Operational,A,03-054-09-000,Mabalacat City,Pampanga,Region III (Central Luzon),City,3rd,R3,E
[2024-06] 03-054-09-000,2024-06,2024,[06] June,"Mabalacat City, Pampanga",[1] Operational,,,,,[A] Operational,A,03-054-09-000,Mabalacat City,Pampanga,Region III (Central Luzon),City,3rd,R3,E
[2024-07] 03-054-09-000,2024-07,2024,[07] July,"Mabalacat City, Pampanga",[1] Operational,,,,,[A] Operational,A,03-054-09-000,Mabalacat City,Pampanga,Region III (Central Luzon),City,3rd,R3,E
[2023-12] 08-064-08-000,2023-12,2023,[12] December,"Macrohon, Southern Leyte",[1] Operational,,,,,[A] Operational,A,08-064-08-000,Macrohon,Southern Leyte,Region VIII (Eastern Visayas),Municipality,4th,R8,K
[2024-01] 08-064-08-000,2024-01,2024,[01] January,"Macrohon, Southern Leyte",[1] Operational,,,,,[A] Operational,A,08-064-08-000,Macrohon,Southern Leyte,Region VIII (Eastern Visayas),Municipality,4th,R8,K
[2024-02] 08-064-08-000,2024-02,2024,[02] February,"Macrohon, Southern Leyte",[1] Operational,,,,,[A] Operational,A,08-064-08-000,Macrohon,Southern Leyte,Region VIII (Eastern Visayas),Municipality,4th,R8,K
[2024-03] 08-064-08-000,2024-03,2024,[03] March,"Macrohon, Southern Leyte",[1] Operational,,,,,[A] Operational,A,08-064-08-000,Macrohon,Southern Leyte,Region VIII (Eastern Visayas),Municipality,4th,R8,K
[2024-04] 08-064-08-000,2024-04,2024,[04] April,"Macrohon, Southern Leyte",[1] Operational,,,,,[A] Operational,A,08-064-08-000,Macrohon,Southern Leyte,Region VIII (Eastern Visayas),Municipality,4th,R8,K
[2024-05] 08-064-08-000,2024-05,2024,[05] May,"Macrohon, Southern Leyte",[1] Operational,,,,,[A] Operational,A,08-064-08-000,Macrohon,Southern Leyte,Region VIII (Eastern Visayas),Municipality,4th,R8,K
[2024-06] 08-064-08-000,2024-06,2024,[06] June,"Macrohon, Southern Leyte",[1] Operational,,,,,[A] Operational,A,08-064-08-000,Macrohon,Southern Leyte,Region VIII (Eastern Visayas),Municipality,4th,R8,K
[2024-07] 08-064-08-000,2024-07,2024,[07] July,"Macrohon, Southern Leyte",[1] Operational,,,,,[A] Operational,A,08-064-08-000,Macrohon,Southern Leyte,Region VIII (Eastern Visayas),Municipality,4th,R8,K
[2023-12] 02-057-04-000,2023-12,2023,[12] December,"Maddela, Quirino",[1] Operational,,,,,[A] Operational,A,02-057-04-000,Maddela,Quirino,Region II (Cagayan Valley),Municipality,1st,R2,D
[2024-01] 02-057-04-000,2024-01,2024,[01] January,"Maddela, Quirino",[1] Operational,,,,,[A] Operational,A,02-057-04-000,Maddela,Quirino,Region II (Cagayan Valley),Municipality,1st,R2,D
[2024-02] 02-057-04-000,2024-02,2024,[02] February,"Maddela, Quirino",[1] Operational,,,,,[A] Operational,A,02-057-04-000,Maddela,Quirino,Region II (Cagayan Valley),Municipality,1st,R2,D
[2024-03] 02-057-04-000,2024-03,2024,[03] March,"Maddela, Quirino",[1] Operational,,,,,[A] Operational,A,02-057-04-000,Maddela,Quirino,Region II (Cagayan Valley),Municipality,1st,R2,D
[2024-04] 02-057-04-000,2024-04,2024,[04] April,"Maddela, Quirino",[1] Operational,,,,,[A] Operational,A,02-057-04-000,Maddela,Quirino,Region II (Cagayan Valley),Municipality,1st,R2,D
[2024-05] 02-057-04-000,2024-05,2024,[05] May,"Maddela, Quirino",[1] Operational,,,,,[A] Operational,A,02-057-04-000,Maddela,Quirino,Region II (Cagayan Valley),Municipality,1st,R2,D
[2024-06] 02-057-04-000,2024-06,2024,[06] June,"Maddela, Quirino",[1] Operational,,,,,[A] Operational,A,02-057-04-000,Maddela,Quirino,Region II (Cagayan Valley),Municipality,1st,R2,D
[2024-07] 02-057-04-000,2024-07,2024,[07] July,"Maddela, Quirino",[1] Operational,,,,,[A] Operational,A,02-057-04-000,Maddela,Quirino,Region II (Cagayan Valley),Municipality,1st,R2,D
[2023-12] 03-054-11-000,2023-12,2023,[12] December,"Magalang, Pampanga",[1] Operational,,,,,[A] Operational,A,03-054-11-000,Magalang,Pampanga,Region III (Central Luzon),Municipality,1st,R3,E
[2024-01] 03-054-11-000,2024-01,2024,[01] January,"Magalang, Pampanga",[1] Operational,,,,,[A] Operational,A,03-054-11-000,Magalang,Pampanga,Region III (Central Luzon),Municipality,1st,R3,E
[2024-02] 03-054-11-000,2024-02,2024,[02] February,"Magalang, Pampanga",[1] Operational,,,,,[A] Operational,A,03-054-11-000,Magalang,Pampanga,Region III (Central Luzon),Municipality,1st,R3,E
[2024-03] 03-054-11-000,2024-03,2024,[03] March,"Magalang, Pampanga",[1] Operational,,,,,[A] Operational,A,03-054-11-000,Magalang,Pampanga,Region III (Central Luzon),Municipality,1st,R3,E
[2024-04] 03-054-11-000,2024-04,2024,[04] April,"Magalang, Pampanga",[1] Operational,,,,,[A] Operational,A,03-054-11-000,Magalang,Pampanga,Region III (Central Luzon),Municipality,1st,R3,E
[2024-05] 03-054-11-000,2024-05,2024,[05] May,"Magalang, Pampanga",[1] Operational,,,,,[A] Operational,A,03-054-11-000,Magalang,Pampanga,Region III (Central Luzon),Municipality,1st,R3,E
[2024-06] 03-054-11-000,2024-06,2024,[06] June,"Magalang, Pampanga",[1] Operational,,,,,[A] Operational,A,03-054-11-000,Magalang,Pampanga,Region III (Central Luzon),Municipality,1st,R3,E
[2024-07] 03-054-11-000,2024-07,2024,[07] July,"Magalang, Pampanga",[1] Operational,,,,,[A] Operational,A,03-054-11-000,Magalang,Pampanga,Region III (Central Luzon),Municipality,1st,R3,E
[2023-12] 04-021-12-000,2023-12,2023,[12] December,"Magallanes, Cavite",[1] Operational,,,,,[A] Operational,B,04-021-12-000,Magallanes,Cavite,Region IV-A (CALABARZON),Municipality,4th,R4A,F
[2024-01] 04-021-12-000,2024-01,2024,[01] January,"Magallanes, Cavite",[1] Operational,,,,,[A] Operational,B,04-021-12-000,Magallanes,Cavite,Region IV-A (CALABARZON),Municipality,4th,R4A,F
[2024-02] 04-021-12-000,2024-02,2024,[02] February,"Magallanes, Cavite",[1] Operational,,,,,[A] Operational,B,04-021-12-000,Magallanes,Cavite,Region IV-A (CALABARZON),Municipality,4th,R4A,F
[2024-03] 04-021-12-000,2024-03,2024,[03] March,"Magallanes, Cavite",[1] Operational,,,,,[A] Operational,B,04-021-12-000,Magallanes,Cavite,Region IV-A (CALABARZON),Municipality,4th,R4A,F
[2024-04] 04-021-12-000,2024-04,2024,[04] April,"Magallanes, Cavite",[1] Operational,,,,,[A] Operational,B,04-021-12-000,Magallanes,Cavite,Region IV-A (CALABARZON),Municipality,4th,R4A,F
[2024-05] 04-021-12-000,2024-05,2024,[05] May,"Magallanes, Cavite",[1] Operational,,,,,[A] Operational,B,04-021-12-000,Magallanes,Cavite,Region IV-A (CALABARZON),Municipality,4th,R4A,F
[2024-06] 04-021-12-000,2024-06,2024,[06] June,"Magallanes, Cavite",[1] Operational,,,,,[A] Operational,B,04-021-12-000,Magallanes,Cavite,Region IV-A (CALABARZON),Municipality,4th,R4A,F
[2024-07] 04-021-12-000,2024-07,2024,[07] July,"Magallanes, Cavite",[1] Operational,,,,,[A] Operational,B,04-021-12-000,Magallanes,Cavite,Region IV-A (CALABARZON),Municipality,4th,R4A,F
[2023-12] 09-073-15-000,2023-12,2023,[12] December,"Mahayag, Zamboanga del Sur",[1] Operational,,,,,[A] Operational,B,09-073-15-000,Mahayag,Zamboanga del Sur,Region IX (Zamboanga Peninsula),Municipality,3rd*,R9,L
[2024-01] 09-073-15-000,2024-01,2024,[01] January,"Mahayag, Zamboanga del Sur",[1] Operational,,,,,[A] Operational,B,09-073-15-000,Mahayag,Zamboanga del Sur,Region IX (Zamboanga Peninsula),Municipality,3rd*,R9,L
[2024-02] 09-073-15-000,2024-02,2024,[02] February,"Mahayag, Zamboanga del Sur",[1] Operational,,,,,[A] Operational,B,09-073-15-000,Mahayag,Zamboanga del Sur,Region IX (Zamboanga Peninsula),Municipality,3rd*,R9,L
[2024-03] 09-073-15-000,2024-03,2024,[03] March,"Mahayag, Zamboanga del Sur",[1] Operational,,,,,[A] Operational,B,09-073-15-000,Mahayag,Zamboanga del Sur,Region IX (Zamboanga Peninsula),Municipality,3rd*,R9,L
[2024-04] 09-073-15-000,2024-04,2024,[04] April,"Mahayag, Zamboanga del Sur",[1] Operational,,,,,[A] Operational,B,09-073-15-000,Mahayag,Zamboanga del Sur,Region IX (Zamboanga Peninsula),Municipality,3rd*,R9,L
[2024-05] 09-073-15-000,2024-05,2024,[05] May,"Mahayag, Zamboanga del Sur",[1] Operational,,,,,[A] Operational,B,09-073-15-000,Mahayag,Zamboanga del Sur,Region IX (Zamboanga Peninsula),Municipality,3rd*,R9,L
[2024-06] 09-073-15-000,2024-06,2024,[06] June,"Mahayag, Zamboanga del Sur",[1] Operational,,,,,[A] Operational,B,09-073-15-000,Mahayag,Zamboanga del Sur,Region IX (Zamboanga Peninsula),Municipality,3rd*,R9,L
[2024-07] 09-073-15-000,2024-07,2024,[07] July,"Mahayag, Zamboanga del Sur",[1] Operational,,,,,[A] Operational,B,09-073-15-000,Mahayag,Zamboanga del Sur,Region IX (Zamboanga Peninsula),Municipality,3rd*,R9,L
[2024-06] 10-018-03-000,2024-06,2024,[06] June,"Mahinog, Camiguin",[1] Operational,,,,,[A] Operational,B,10-018-03-000,Mahinog,Camiguin,Region X (Northern Mindanao),Municipality,5th,R10,N
[2024-07] 10-018-03-000,2024-07,2024,[07] July,"Mahinog, Camiguin",[1] Operational,,,,,[A] Operational,B,10-018-03-000,Mahinog,Camiguin,Region X (Northern Mindanao),Municipality,5th,R10,N
[2023-12] 08-064-09-000,2023-12,2023,[12] December,"Malitbog, Southern Leyte",[1] Operational,,,,,[A] Operational,A,08-064-09-000,Malitbog,Southern Leyte,Region VIII (Eastern Visayas),Municipality,4th*,R8,K
[2024-01] 08-064-09-000,2024-01,2024,[01] January,"Malitbog, Southern Leyte",[1] Operational,,,,,[A] Operational,A,08-064-09-000,Malitbog,Southern Leyte,Region VIII (Eastern Visayas),Municipality,4th*,R8,K
[2024-02] 08-064-09-000,2024-02,2024,[02] February,"Malitbog, Southern Leyte",[1] Operational,,,,,[A] Operational,A,08-064-09-000,Malitbog,Southern Leyte,Region VIII (Eastern Visayas),Municipality,4th*,R8,K
[2024-03] 08-064-09-000,2024-03,2024,[03] March,"Malitbog, Southern Leyte",[1] Operational,,,,,[A] Operational,A,08-064-09-000,Malitbog,Southern Leyte,Region VIII (Eastern Visayas),Municipality,4th*,R8,K
[2024-04] 08-064-09-000,2024-04,2024,[04] April,"Malitbog, Southern Leyte",[1] Operational,,,,,[A] Operational,A,08-064-09-000,Malitbog,Southern Leyte,Region VIII (Eastern Visayas),Municipality,4th*,R8,K
[2024-05] 08-064-09-000,2024-05,2024,[05] May,"Malitbog, Southern Leyte",[1] Operational,,,,,[A] Operational,A,08-064-09-000,Malitbog,Southern Leyte,Region VIII (Eastern Visayas),Municipality,4th*,R8,K
[2024-06] 08-064-09-000,2024-06,2024,[06] June,"Malitbog, Southern Leyte",[1] Operational,,,,,[A] Operational,A,08-064-09-000,Malitbog,Southern Leyte,Region VIII (Eastern Visayas),Municipality,4th*,R8,K
[2024-07] 08-064-09-000,2024-07,2024,[07] July,"Malitbog, Southern Leyte",[1] Operational,,,,,[A] Operational,A,08-064-09-000,Malitbog,Southern Leyte,Region VIII (Eastern Visayas),Municipality,4th*,R8,K
[2023-12] 02-031-19-000,2023-12,2023,[12] December,"Mallig, Isabela",[1] Operational,,,,,[A] Operational,A,02-031-19-000,Mallig,Isabela,Region II (Cagayan Valley),Municipality,4th,R2,D
[2024-01] 02-031-19-000,2024-01,2024,[01] January,"Mallig, Isabela",[1] Operational,,,,,[A] Operational,A,02-031-19-000,Mallig,Isabela,Region II (Cagayan Valley),Municipality,4th,R2,D
[2024-02] 02-031-19-000,2024-02,2024,[02] February,"Mallig, Isabela",[1] Operational,,,,,[A] Operational,A,02-031-19-000,Mallig,Isabela,Region II (Cagayan Valley),Municipality,4th,R2,D
[2024-03] 02-031-19-000,2024-03,2024,[03] March,"Mallig, Isabela",[1] Operational,,,,,[A] Operational,A,02-031-19-000,Mallig,Isabela,Region II (Cagayan Valley),Municipality,4th,R2,D
[2024-04] 02-031-19-000,2024-04,2024,[04] April,"Mallig, Isabela",[1] Operational,,,,,[A] Operational,A,02-031-19-000,Mallig,Isabela,Region II (Cagayan Valley),Municipality,4th,R2,D
[2024-05] 02-031-19-000,2024-05,2024,[05] May,"Mallig, Isabela",[1] Operational,,,,,[A] Operational,A,02-031-19-000,Mallig,Isabela,Region II (Cagayan Valley),Municipality,4th,R2,D
[2024-06] 02-031-19-000,2024-06,2024,[06] June,"Mallig, Isabela",[1] Operational,,,,,[A] Operational,A,02-031-19-000,Mallig,Isabela,Region II (Cagayan Valley),Municipality,4th,R2,D
[2024-07] 02-031-19-000,2024-07,2024,[07] July,"Mallig, Isabela",[1] Operational,,,,,[A] Operational,A,02-031-19-000,Mallig,Isabela,Region II (Cagayan Valley),Municipality,4th,R2,D
[2023-12] 10-018-04-000,2023-12,2023,[12] December,"Mambajao, Camiguin",[1] Operational,,,,,[A] Operational,A,10-018-04-000,Mambajao,Camiguin,Region X (Northern Mindanao),Municipality,3rd,R10,N
[2024-01] 10-018-04-000,2024-01,2024,[01] January,"Mambajao, Camiguin",[1] Operational,,,,,[A] Operational,A,10-018-04-000,Mambajao,Camiguin,Region X (Northern Mindanao),Municipality,3rd,R10,N
[2024-02] 10-018-04-000,2024-02,2024,[02] February,"Mambajao, Camiguin",[1] Operational,,,,,[A] Operational,A,10-018-04-000,Mambajao,Camiguin,Region X (Northern Mindanao),Municipality,3rd,R10,N
[2024-03] 10-018-04-000,2024-03,2024,[03] March,"Mambajao, Camiguin",[1] Operational,,,,,[A] Operational,A,10-018-04-000,Mambajao,Camiguin,Region X (Northern Mindanao),Municipality,3rd,R10,N
[2024-04] 10-018-04-000,2024-04,2024,[04] April,"Mambajao, Camiguin",[1] Operational,,,,,[A] Operational,A,10-018-04-000,Mambajao,Camiguin,Region X (Northern Mindanao),Municipality,3rd,R10,N
[2024-05] 10-018-04-000,2024-05,2024,[05] May,"Mambajao, Camiguin",[1] Operational,,,,,[A] Operational,A,10-018-04-000,Mambajao,Camiguin,Region X (Northern Mindanao),Municipality,3rd,R10,N
[2024-06] 10-018-04-000,2024-06,2024,[06] June,"Mambajao, Camiguin",[1] Operational,,,,,[A] Operational,A,10-018-04-000,Mambajao,Camiguin,Region X (Northern Mindanao),Municipality,3rd,R10,N
[2024-07] 10-018-04-000,2024-07,2024,[07] July,"Mambajao, Camiguin",[1] Operational,,,,,[A] Operational,A,10-018-04-000,Mambajao,Camiguin,Region X (Northern Mindanao),Municipality,3rd,R10,N
[2023-12] 11-025-08-000,2023-12,2023,[12] December,"Manay, Davao Oriental",[1] Operational,,,,,[A] Operational,A,11-025-08-000,Manay,Davao Oriental,Region XI (Davao Region),Municipality,2nd,R11,P
[2024-01] 11-025-08-000,2024-01,2024,[01] January,"Manay, Davao Oriental",[1] Operational,,,,,[A] Operational,A,11-025-08-000,Manay,Davao Oriental,Region XI (Davao Region),Municipality,2nd,R11,P
[2024-02] 11-025-08-000,2024-02,2024,[02] February,"Manay, Davao Oriental",[1] Operational,,,,,[A] Operational,A,11-025-08-000,Manay,Davao Oriental,Region XI (Davao Region),Municipality,2nd,R11,P
[2024-03] 11-025-08-000,2024-03,2024,[03] March,"Manay, Davao Oriental",[1] Operational,,,,,[A] Operational,A,11-025-08-000,Manay,Davao Oriental,Region XI (Davao Region),Municipality,2nd,R11,P
[2024-04] 11-025-08-000,2024-04,2024,[04] April,"Manay, Davao Oriental",[1] Operational,,,,,[A] Operational,A,11-025-08-000,Manay,Davao Oriental,Region XI (Davao Region),Municipality,2nd,R11,P
[2024-05] 11-025-08-000,2024-05,2024,[05] May,"Manay, Davao Oriental",[1] Operational,,,,,[A] Operational,A,11-025-08-000,Manay,Davao Oriental,Region XI (Davao Region),Municipality,2nd,R11,P
[2024-06] 11-025-08-000,2024-06,2024,[06] June,"Manay, Davao Oriental",[1] Operational,,,,,[A] Operational,A,11-025-08-000,Manay,Davao Oriental,Region XI (Davao Region),Municipality,2nd,R11,P
[2024-07] 11-025-08-000,2024-07,2024,[07] July,"Manay, Davao Oriental",[1] Operational,,,,,[A] Operational,A,11-025-08-000,Manay,Davao Oriental,Region XI (Davao Region),Municipality,2nd,R11,P
[2023-12] 01-055-26-000,2023-12,2023,[12] December,"Mangaldan, Pangasinan",[1] Operational,,,,,[A] Operational,A,01-055-26-000,Mangaldan,Pangasinan,Region I (Ilocos Region),Municipality,1st,R1,C
[2024-01] 01-055-26-000,2024-01,2024,[01] January,"Mangaldan, Pangasinan",[1] Operational,,,,,[A] Operational,A,01-055-26-000,Mangaldan,Pangasinan,Region I (Ilocos Region),Municipality,1st,R1,C
[2024-02] 01-055-26-000,2024-02,2024,[02] February,"Mangaldan, Pangasinan",[1] Operational,,,,,[A] Operational,A,01-055-26-000,Mangaldan,Pangasinan,Region I (Ilocos Region),Municipality,1st,R1,C
[2024-03] 01-055-26-000,2024-03,2024,[03] March,"Mangaldan, Pangasinan",[1] Operational,,,,,[A] Operational,A,01-055-26-000,Mangaldan,Pangasinan,Region I (Ilocos Region),Municipality,1st,R1,C
[2024-04] 01-055-26-000,2024-04,2024,[04] April,"Mangaldan, Pangasinan",[1] Operational,,,,,[A] Operational,A,01-055-26-000,Mangaldan,Pangasinan,Region I (Ilocos Region),Municipality,1st,R1,C
[2024-05] 01-055-26-000,2024-05,2024,[05] May,"Mangaldan, Pangasinan",[1] Operational,,,,,[A] Operational,A,01-055-26-000,Mangaldan,Pangasinan,Region I (Ilocos Region),Municipality,1st,R1,C
[2024-06] 01-055-26-000,2024-06,2024,[06] June,"Mangaldan, Pangasinan",[1] Operational,,,,,[A] Operational,A,01-055-26-000,Mangaldan,Pangasinan,Region I (Ilocos Region),Municipality,1st,R1,C
[2024-07] 01-055-26-000,2024-07,2024,[07] July,"Mangaldan, Pangasinan",[1] Operational,,,,,[A] Operational,A,01-055-26-000,Mangaldan,Pangasinan,Region I (Ilocos Region),Municipality,1st,R1,C
[2024-05] 10-043-18-000,2024-05,2024,[05] May,"Manticao, Misamis Oriental",[1] Operational,,,,,[A] Operational,B,10-043-18-000,Manticao,Misamis Oriental,Region X (Northern Mindanao),Municipality,4th,R10,N
[2024-06] 10-043-18-000,2024-06,2024,[06] June,"Manticao, Misamis Oriental",[1] Operational,,,,,[A] Operational,B,10-043-18-000,Manticao,Misamis Oriental,Region X (Northern Mindanao),Municipality,4th,R10,N
[2024-07] 10-043-18-000,2024-07,2024,[07] July,"Manticao, Misamis Oriental",[1] Operational,,,,,[A] Operational,B,10-043-18-000,Manticao,Misamis Oriental,Region X (Northern Mindanao),Municipality,4th,R10,N
[2023-12] 01-055-28-000,2023-12,2023,[12] December,"Mapandan, Pangasinan",[1] Operational,,,,,[A] Operational,A,01-055-28-000,Mapandan,Pangasinan,Region I (Ilocos Region),Municipality,3rd,R1,C
[2024-01] 01-055-28-000,2024-01,2024,[01] January,"Mapandan, Pangasinan",[1] Operational,,,,,[A] Operational,A,01-055-28-000,Mapandan,Pangasinan,Region I (Ilocos Region),Municipality,3rd,R1,C
[2024-02] 01-055-28-000,2024-02,2024,[02] February,"Mapandan, Pangasinan",[1] Operational,,,,,[A] Operational,A,01-055-28-000,Mapandan,Pangasinan,Region I (Ilocos Region),Municipality,3rd,R1,C
[2024-03] 01-055-28-000,2024-03,2024,[03] March,"Mapandan, Pangasinan",[1] Operational,,,,,[A] Operational,A,01-055-28-000,Mapandan,Pangasinan,Region I (Ilocos Region),Municipality,3rd,R1,C
[2024-04] 01-055-28-000,2024-04,2024,[04] April,"Mapandan, Pangasinan",[1] Operational,,,,,[A] Operational,A,01-055-28-000,Mapandan,Pangasinan,Region I (Ilocos Region),Municipality,3rd,R1,C
[2024-05] 01-055-28-000,2024-05,2024,[05] May,"Mapandan, Pangasinan",[1] Operational,,,,,[A] Operational,A,01-055-28-000,Mapandan,Pangasinan,Region I (Ilocos Region),Municipality,3rd,R1,C
[2024-06] 01-055-28-000,2024-06,2024,[06] June,"Mapandan, Pangasinan",[1] Operational,,,,,[A] Operational,A,01-055-28-000,Mapandan,Pangasinan,Region I (Ilocos Region),Municipality,3rd,R1,C
[2024-07] 01-055-28-000,2024-07,2024,[07] July,"Mapandan, Pangasinan",[1] Operational,,,,,[A] Operational,A,01-055-28-000,Mapandan,Pangasinan,Region I (Ilocos Region),Municipality,3rd,R1,C
[2023-12] 03-077-07-000,2023-12,2023,[12] December,"Maria Aurora, Aurora",[1] Operational,,,,,[A] Operational,B,03-077-07-000,Maria Aurora,Aurora,Region III (Central Luzon),Municipality,2nd,R3,E
[2024-01] 03-077-07-000,2024-01,2024,[01] January,"Maria Aurora, Aurora",[1] Operational,,,,,[A] Operational,B,03-077-07-000,Maria Aurora,Aurora,Region III (Central Luzon),Municipality,2nd,R3,E
[2024-02] 03-077-07-000,2024-02,2024,[02] February,"Maria Aurora, Aurora",[1] Operational,,,,,[A] Operational,B,03-077-07-000,Maria Aurora,Aurora,Region III (Central Luzon),Municipality,2nd,R3,E
[2024-03] 03-077-07-000,2024-03,2024,[03] March,"Maria Aurora, Aurora",[1] Operational,,,,,[A] Operational,B,03-077-07-000,Maria Aurora,Aurora,Region III (Central Luzon),Municipality,2nd,R3,E
[2024-04] 03-077-07-000,2024-04,2024,[04] April,"Maria Aurora, Aurora",[1] Operational,,,,,[A] Operational,B,03-077-07-000,Maria Aurora,Aurora,Region III (Central Luzon),Municipality,2nd,R3,E
[2024-05] 03-077-07-000,2024-05,2024,[05] May,"Maria Aurora, Aurora",[1] Operational,,,,,[A] Operational,B,03-077-07-000,Maria Aurora,Aurora,Region III (Central Luzon),Municipality,2nd,R3,E
[2024-06] 03-077-07-000,2024-06,2024,[06] June,"Maria Aurora, Aurora",[1] Operational,,,,,[A] Operational,B,03-077-07-000,Maria Aurora,Aurora,Region III (Central Luzon),Municipality,2nd,R3,E
[2024-07] 03-077-07-000,2024-07,2024,[07] July,"Maria Aurora, Aurora",[1] Operational,,,,,[A] Operational,B,03-077-07-000,Maria Aurora,Aurora,Region III (Central Luzon),Municipality,2nd,R3,E
[2024-02] 16-068-14-000,2024-02,2024,[02] February,"Marihatag, Surigao del Sur",[1] Operational,,,,,[A] Operational,A,16-068-14-000,Marihatag,Surigao del Sur,Region XIII (Caraga),Municipality,3rd,R13,O
[2024-03] 16-068-14-000,2024-03,2024,[03] March,"Marihatag, Surigao del Sur",[1] Operational,,,,,[A] Operational,A,16-068-14-000,Marihatag,Surigao del Sur,Region XIII (Caraga),Municipality,3rd,R13,O
[2024-04] 16-068-14-000,2024-04,2024,[04] April,"Marihatag, Surigao del Sur",[1] Operational,,,,,[A] Operational,A,16-068-14-000,Marihatag,Surigao del Sur,Region XIII (Caraga),Municipality,3rd,R13,O
[2024-05] 16-068-14-000,2024-05,2024,[05] May,"Marihatag, Surigao del Sur",[1] Operational,,,,,[A] Operational,A,16-068-14-000,Marihatag,Surigao del Sur,Region XIII (Caraga),Municipality,3rd,R13,O
[2024-06] 16-068-14-000,2024-06,2024,[06] June,"Marihatag, Surigao del Sur",[1] Operational,,,,,[A] Operational,A,16-068-14-000,Marihatag,Surigao del Sur,Region XIII (Caraga),Municipality,3rd,R13,O
[2024-07] 16-068-14-000,2024-07,2024,[07] July,"Marihatag, Surigao del Sur",[1] Operational,,,,,[A] Operational,A,16-068-14-000,Marihatag,Surigao del Sur,Region XIII (Caraga),Municipality,3rd,R13,O
[2024-05] 04-010-18-000,2024-05,2024,[05] May,"Mataasnakahoy, Batangas",[2] Ongoing Testing and Data Build-up,90%,,,,[B] Developmental,B,04-010-18-000,Mataasnakahoy,Batangas,Region IV-A (CALABARZON),Municipality,4th,R4A,F
[2024-06] 04-010-18-000,2024-06,2024,[06] June,"Mataasnakahoy, Batangas",[2] Ongoing Testing and Data Build-up,100%%,For Launching,,,[B] Developmental,B,04-010-18-000,Mataasnakahoy,Batangas,Region IV-A (CALABARZON),Municipality,4th,R4A,F
[2024-07] 04-010-18-000,2024-07,2024,[07] July,"Mataasnakahoy, Batangas",[2] Ongoing Testing and Data Build-up,100%,For Launching,,,[B] Developmental,B,04-010-18-000,Mataasnakahoy,Batangas,Region IV-A (CALABARZON),Municipality,4th,R4A,F
[2023-12] 08-037-33-000,2023-12,2023,[12] December,"Matag-Ob, Leyte",[1] Operational,,,,,[A] Operational,A,08-037-33-000,Matag-Ob,Leyte,Region VIII (Eastern Visayas),Municipality,4th,R8,K
[2024-01] 08-037-33-000,2024-01,2024,[01] January,"Matag-Ob, Leyte",[1] Operational,,,,,[A] Operational,A,08-037-33-000,Matag-Ob,Leyte,Region VIII (Eastern Visayas),Municipality,4th,R8,K
[2024-02] 08-037-33-000,2024-02,2024,[02] February,"Matag-Ob, Leyte",[1] Operational,,,,,[A] Operational,A,08-037-33-000,Matag-Ob,Leyte,Region VIII (Eastern Visayas),Municipality,4th,R8,K
[2024-03] 08-037-33-000,2024-03,2024,[03] March,"Matag-Ob, Leyte",[1] Operational,,,,,[A] Operational,A,08-037-33-000,Matag-Ob,Leyte,Region VIII (Eastern Visayas),Municipality,4th,R8,K
[2024-04] 08-037-33-000,2024-04,2024,[04] April,"Matag-Ob, Leyte",[1] Operational,,,,,[A] Operational,A,08-037-33-000,Matag-Ob,Leyte,Region VIII (Eastern Visayas),Municipality,4th,R8,K
[2024-05] 08-037-33-000,2024-05,2024,[05] May,"Matag-Ob, Leyte",[1] Operational,,,,,[A] Operational,A,08-037-33-000,Matag-Ob,Leyte,Region VIII (Eastern Visayas),Municipality,4th,R8,K
[2024-06] 08-037-33-000,2024-06,2024,[06] June,"Matag-Ob, Leyte",[1] Operational,,,,,[A] Operational,A,08-037-33-000,Matag-Ob,Leyte,Region VIII (Eastern Visayas),Municipality,4th,R8,K
[2024-07] 08-037-33-000,2024-07,2024,[07] July,"Matag-Ob, Leyte",[1] Operational,,,,,[A] Operational,A,08-037-33-000,Matag-Ob,Leyte,Region VIII (Eastern Visayas),Municipality,4th,R8,K
[2024-03] 11-024-10-000,2024-03,2024,[03] March,"Matanao, Davao del Sur",[1] Operational,,,,,[A] Operational,B,11-024-10-000,Matanao,Davao del Sur,Region XI (Davao Region),Municipality,2nd,R11,P
[2024-04] 11-024-10-000,2024-04,2024,[04] April,"Matanao, Davao del Sur",[1] Operational,,,,,[A] Operational,B,11-024-10-000,Matanao,Davao del Sur,Region XI (Davao Region),Municipality,2nd,R11,P
[2024-05] 11-024-10-000,2024-05,2024,[05] May,"Matanao, Davao del Sur",[1] Operational,,,,,[A] Operational,B,11-024-10-000,Matanao,Davao del Sur,Region XI (Davao Region),Municipality,2nd,R11,P
[2024-06] 11-024-10-000,2024-06,2024,[06] June,"Matanao, Davao del Sur",[1] Operational,,,,,[A] Operational,B,11-024-10-000,Matanao,Davao del Sur,Region XI (Davao Region),Municipality,2nd,R11,P
[2024-07] 11-024-10-000,2024-07,2024,[07] July,"Matanao, Davao del Sur",[1] Operational,,,,,[A] Operational,B,11-024-10-000,Matanao,Davao del Sur,Region XI (Davao Region),Municipality,2nd,R11,P
[2024-05] 03-069-08-000,2024-05,2024,[05] May,"Mayantoc, Tarlac",[2] Ongoing Testing and Data Build-up,10%,,,,[B] Developmental,B,03-069-08-000,Mayantoc,Tarlac,Region III (Central Luzon),Municipality,3rd,R3,E
[2024-06] 03-069-08-000,2024-06,2024,[06] June,"Mayantoc, Tarlac",[2] Ongoing Testing and Data Build-up,30%,,,,[B] Developmental,B,03-069-08-000,Mayantoc,Tarlac,Region III (Central Luzon),Municipality,3rd,R3,E
[2024-07] 03-069-08-000,2024-07,2024,[07] July,"Mayantoc, Tarlac",[2] Ongoing Testing and Data Build-up,45%,,,,[B] Developmental,B,03-069-08-000,Mayantoc,Tarlac,Region III (Central Luzon),Municipality,3rd,R3,E
[2023-12] 08-026-15-000,2023-12,2023,[12] December,"Maydolong, Eastern Samar",[1] Operational,,,,,[A] Operational,B,08-026-15-000,Maydolong,Eastern Samar,Region VIII (Eastern Visayas),Municipality,4th*,R8,K
[2024-01] 08-026-15-000,2024-01,2024,[01] January,"Maydolong, Eastern Samar",[1] Operational,,,,,[A] Operational,B,08-026-15-000,Maydolong,Eastern Samar,Region VIII (Eastern Visayas),Municipality,4th*,R8,K
[2024-02] 08-026-15-000,2024-02,2024,[02] February,"Maydolong, Eastern Samar",[1] Operational,,,,,[A] Operational,B,08-026-15-000,Maydolong,Eastern Samar,Region VIII (Eastern Visayas),Municipality,4th*,R8,K
[2024-03] 08-026-15-000,2024-03,2024,[03] March,"Maydolong, Eastern Samar",[1] Operational,,,,,[A] Operational,B,08-026-15-000,Maydolong,Eastern Samar,Region VIII (Eastern Visayas),Municipality,4th*,R8,K
[2024-04] 08-026-15-000,2024-04,2024,[04] April,"Maydolong, Eastern Samar",[1] Operational,,,,,[A] Operational,B,08-026-15-000,Maydolong,Eastern Samar,Region VIII (Eastern Visayas),Municipality,4th*,R8,K
[2024-05] 08-026-15-000,2024-05,2024,[05] May,"Maydolong, Eastern Samar",[1] Operational,,,,,[A] Operational,B,08-026-15-000,Maydolong,Eastern Samar,Region VIII (Eastern Visayas),Municipality,4th*,R8,K
[2024-06] 08-026-15-000,2024-06,2024,[06] June,"Maydolong, Eastern Samar",[1] Operational,,,,,[A] Operational,B,08-026-15-000,Maydolong,Eastern Samar,Region VIII (Eastern Visayas),Municipality,4th*,R8,K
[2024-07] 08-026-15-000,2024-07,2024,[07] July,"Maydolong, Eastern Samar",[1] Operational,,,,,[A] Operational,B,08-026-15-000,Maydolong,Eastern Samar,Region VIII (Eastern Visayas),Municipality,4th*,R8,K
[2023-12] 08-037-36-000,2023-12,2023,[12] December,"Merida, Leyte",[1] Operational,,,,,[A] Operational,B,08-037-36-000,Merida,Leyte,Region VIII (Eastern Visayas),Municipality,5th,R8,K
[2024-01] 08-037-36-000,2024-01,2024,[01] January,"Merida, Leyte",[1] Operational,,,,,[A] Operational,B,08-037-36-000,Merida,Leyte,Region VIII (Eastern Visayas),Municipality,5th,R8,K
[2024-02] 08-037-36-000,2024-02,2024,[02] February,"Merida, Leyte",[1] Operational,,,,,[A] Operational,B,08-037-36-000,Merida,Leyte,Region VIII (Eastern Visayas),Municipality,5th,R8,K
[2024-03] 08-037-36-000,2024-03,2024,[03] March,"Merida, Leyte",[1] Operational,,,,,[A] Operational,B,08-037-36-000,Merida,Leyte,Region VIII (Eastern Visayas),Municipality,5th,R8,K
[2024-04] 08-037-36-000,2024-04,2024,[04] April,"Merida, Leyte",[1] Operational,,,,,[A] Operational,B,08-037-36-000,Merida,Leyte,Region VIII (Eastern Visayas),Municipality,5th,R8,K
[2024-05] 08-037-36-000,2024-05,2024,[05] May,"Merida, Leyte",[1] Operational,,,,,[A] Operational,B,08-037-36-000,Merida,Leyte,Region VIII (Eastern Visayas),Municipality,5th,R8,K
[2024-06] 08-037-36-000,2024-06,2024,[06] June,"Merida, Leyte",[1] Operational,,,,,[A] Operational,B,08-037-36-000,Merida,Leyte,Region VIII (Eastern Visayas),Municipality,5th,R8,K
[2024-07] 08-037-36-000,2024-07,2024,[07] July,"Merida, Leyte",[1] Operational,,,,,[A] Operational,B,08-037-36-000,Merida,Leyte,Region VIII (Eastern Visayas),Municipality,5th,R8,K
[2023-12] 12-047-09-000,2023-12,2023,[12] December,"Midsayap, Cotabato",[2] Ongoing Testing and Data Build-up,100%,,,"All Brgys manually integrated
But Business Permit is still on Data Build up",[B] Developmental,A,12-047-09-000,Midsayap,Cotabato,Region XII (SOCCSKSARGEN),Municipality,1st,R12,Q
[2024-01] 12-047-09-000,2024-01,2024,[01] January,"Midsayap, Cotabato",[2] Ongoing Testing and Data Build-up,100%,,,"All Brgys manually integrated
But Business Permit is still on Data Build up",[B] Developmental,A,12-047-09-000,Midsayap,Cotabato,Region XII (SOCCSKSARGEN),Municipality,1st,R12,Q
[2024-02] 12-047-09-000,2024-02,2024,[02] February,"Midsayap, Cotabato",[2] Ongoing Testing and Data Build-up,100%,,,"All Brgys manually integrated
But Business Permit is still on Data Build up",[B] Developmental,A,12-047-09-000,Midsayap,Cotabato,Region XII (SOCCSKSARGEN),Municipality,1st,R12,Q
[2024-03] 12-047-09-000,2024-03,2024,[03] March,"Midsayap, Cotabato",[2] Ongoing Testing and Data Build-up,100%,,,"All Brgys manually integrated
But Business Permit is still on Data Build up",[B] Developmental,A,12-047-09-000,Midsayap,Cotabato,Region XII (SOCCSKSARGEN),Municipality,1st,R12,Q
[2024-04] 12-047-09-000,2024-04,2024,[04] April,"Midsayap, Cotabato",[2] Ongoing Testing and Data Build-up,100%,,,"All Brgys manually integrated
But Business Permit is still on Data Build up",[B] Developmental,A,12-047-09-000,Midsayap,Cotabato,Region XII (SOCCSKSARGEN),Municipality,1st,R12,Q
[2024-05] 12-047-09-000,2024-05,2024,[05] May,"Midsayap, Cotabato",[2] Ongoing Testing and Data Build-up,100%,,,,[B] Developmental,A,12-047-09-000,Midsayap,Cotabato,Region XII (SOCCSKSARGEN),Municipality,1st,R12,Q
[2024-06] 12-047-09-000,2024-06,2024,[06] June,"Midsayap, Cotabato",[2] Ongoing Testing and Data Build-up,100%,,,,[B] Developmental,A,12-047-09-000,Midsayap,Cotabato,Region XII (SOCCSKSARGEN),Municipality,1st,R12,Q
[2024-07] 12-047-09-000,2024-07,2024,[07] July,"Midsayap, Cotabato",[2] Ongoing Testing and Data Build-up,100%,,,,[B] Developmental,A,12-047-09-000,Midsayap,Cotabato,Region XII (SOCCSKSARGEN),Municipality,1st,R12,Q
[2023-12] 03-054-14-000,2023-12,2023,[12] December,"Minalin, Pampanga",[1] Operational,,,,,[A] Operational,A,03-054-14-000,Minalin,Pampanga,Region III (Central Luzon),Municipality,4th,R3,E
[2024-01] 03-054-14-000,2024-01,2024,[01] January,"Minalin, Pampanga",[1] Operational,,,,,[A] Operational,A,03-054-14-000,Minalin,Pampanga,Region III (Central Luzon),Municipality,4th,R3,E
[2024-02] 03-054-14-000,2024-02,2024,[02] February,"Minalin, Pampanga",[1] Operational,,,,,[A] Operational,A,03-054-14-000,Minalin,Pampanga,Region III (Central Luzon),Municipality,4th,R3,E
[2024-03] 03-054-14-000,2024-03,2024,[03] March,"Minalin, Pampanga",[1] Operational,,,,,[A] Operational,A,03-054-14-000,Minalin,Pampanga,Region III (Central Luzon),Municipality,4th,R3,E
[2024-04] 03-054-14-000,2024-04,2024,[04] April,"Minalin, Pampanga",[1] Operational,,,,,[A] Operational,A,03-054-14-000,Minalin,Pampanga,Region III (Central Luzon),Municipality,4th,R3,E
[2024-05] 03-054-14-000,2024-05,2024,[05] May,"Minalin, Pampanga",[1] Operational,,,,,[A] Operational,A,03-054-14-000,Minalin,Pampanga,Region III (Central Luzon),Municipality,4th,R3,E
[2024-06] 03-054-14-000,2024-06,2024,[06] June,"Minalin, Pampanga",[1] Operational,,,,,[A] Operational,A,03-054-14-000,Minalin,Pampanga,Region III (Central Luzon),Municipality,4th,R3,E
[2024-07] 03-054-14-000,2024-07,2024,[07] July,"Minalin, Pampanga",[1] Operational,,,,,[A] Operational,A,03-054-14-000,Minalin,Pampanga,Region III (Central Luzon),Municipality,4th,R3,E
[2023-12] 09-073-19-000,2023-12,2023,[12] December,"Molave, Zamboanga del Sur",[1] Operational,,,,,[A] Operational,A,09-073-19-000,Molave,Zamboanga del Sur,Region IX (Zamboanga Peninsula),Municipality,1st,R9,L
[2024-01] 09-073-19-000,2024-01,2024,[01] January,"Molave, Zamboanga del Sur",[1] Operational,,,,,[A] Operational,A,09-073-19-000,Molave,Zamboanga del Sur,Region IX (Zamboanga Peninsula),Municipality,1st,R9,L
[2024-02] 09-073-19-000,2024-02,2024,[02] February,"Molave, Zamboanga del Sur",[1] Operational,,,,,[A] Operational,A,09-073-19-000,Molave,Zamboanga del Sur,Region IX (Zamboanga Peninsula),Municipality,1st,R9,L
[2024-03] 09-073-19-000,2024-03,2024,[03] March,"Molave, Zamboanga del Sur",[1] Operational,,,,,[A] Operational,A,09-073-19-000,Molave,Zamboanga del Sur,Region IX (Zamboanga Peninsula),Municipality,1st,R9,L
[2024-04] 09-073-19-000,2024-04,2024,[04] April,"Molave, Zamboanga del Sur",[1] Operational,,,,,[A] Operational,A,09-073-19-000,Molave,Zamboanga del Sur,Region IX (Zamboanga Peninsula),Municipality,1st,R9,L
[2024-05] 09-073-19-000,2024-05,2024,[05] May,"Molave, Zamboanga del Sur",[1] Operational,,,,,[A] Operational,A,09-073-19-000,Molave,Zamboanga del Sur,Region IX (Zamboanga Peninsula),Municipality,1st,R9,L
[2024-06] 09-073-19-000,2024-06,2024,[06] June,"Molave, Zamboanga del Sur",[1] Operational,,,,,[A] Operational,A,09-073-19-000,Molave,Zamboanga del Sur,Region IX (Zamboanga Peninsula),Municipality,1st,R9,L
[2024-07] 09-073-19-000,2024-07,2024,[07] July,"Molave, Zamboanga del Sur",[1] Operational,,,,,[A] Operational,A,09-073-19-000,Molave,Zamboanga del Sur,Region IX (Zamboanga Peninsula),Municipality,1st,R9,L
[2023-12] 03-008-08-000,2023-12,2023,[12] December,"Morong, Bataan",[2] Ongoing Testing and Data Build-up,75%,,,,[B] Developmental,A,03-008-08-000,Morong,Bataan,Region III (Central Luzon),Municipality,3rd,R3,E
[2024-01] 03-008-08-000,2024-01,2024,[01] January,"Morong, Bataan",[2] Ongoing Testing and Data Build-up,80%,,,,[B] Developmental,A,03-008-08-000,Morong,Bataan,Region III (Central Luzon),Municipality,3rd,R3,E
[2024-02] 03-008-08-000,2024-02,2024,[02] February,"Morong, Bataan",[2] Ongoing Testing and Data Build-up,85%,,,,[B] Developmental,A,03-008-08-000,Morong,Bataan,Region III (Central Luzon),Municipality,3rd,R3,E
[2024-03] 03-008-08-000,2024-03,2024,[03] March,"Morong, Bataan",[2] Ongoing Testing and Data Build-up,88%,,,,[B] Developmental,A,03-008-08-000,Morong,Bataan,Region III (Central Luzon),Municipality,3rd,R3,E
[2024-04] 03-008-08-000,2024-04,2024,[04] April,"Morong, Bataan",[2] Ongoing Testing and Data Build-up,88%,,,,[B] Developmental,A,03-008-08-000,Morong,Bataan,Region III (Central Luzon),Municipality,3rd,R3,E
[2024-05] 03-008-08-000,2024-05,2024,[05] May,"Morong, Bataan",[2] Ongoing Testing and Data Build-up,88%,For transioning to eLGU System/v2,,,[B] Developmental,A,03-008-08-000,Morong,Bataan,Region III (Central Luzon),Municipality,3rd,R3,E
[2024-06] 03-008-08-000,2024-06,2024,[06] June,"Morong, Bataan",[2] Ongoing Testing and Data Build-up,88%,For transioning to eLGU System/v2,,,[B] Developmental,A,03-008-08-000,Morong,Bataan,Region III (Central Luzon),Municipality,3rd,R3,E
[2024-07] 03-008-08-000,2024-07,2024,[07] July,"Morong, Bataan",[2] Ongoing Testing and Data Build-up,88%,For transioning to eLGU System/v2,,,[B] Developmental,A,03-008-08-000,Morong,Bataan,Region III (Central Luzon),Municipality,3rd,R3,E
[2023-12] 08-060-12-000,2023-12,2023,[12] December,"Motiong, Samar",[1] Operational,,,,,[A] Operational,B,08-060-12-000,Motiong,Samar,Region VIII (Eastern Visayas),Municipality,4th,R8,K
[2024-01] 08-060-12-000,2024-01,2024,[01] January,"Motiong, Samar",[1] Operational,,,,,[A] Operational,B,08-060-12-000,Motiong,Samar,Region VIII (Eastern Visayas),Municipality,4th,R8,K
[2024-02] 08-060-12-000,2024-02,2024,[02] February,"Motiong, Samar",[1] Operational,,,,,[A] Operational,B,08-060-12-000,Motiong,Samar,Region VIII (Eastern Visayas),Municipality,4th,R8,K
[2024-03] 08-060-12-000,2024-03,2024,[03] March,"Motiong, Samar",[1] Operational,,,,,[A] Operational,B,08-060-12-000,Motiong,Samar,Region VIII (Eastern Visayas),Municipality,4th,R8,K
[2024-04] 08-060-12-000,2024-04,2024,[04] April,"Motiong, Samar",[1] Operational,,,,,[A] Operational,B,08-060-12-000,Motiong,Samar,Region VIII (Eastern Visayas),Municipality,4th,R8,K
[2024-05] 08-060-12-000,2024-05,2024,[05] May,"Motiong, Samar",[1] Operational,,,,,[A] Operational,B,08-060-12-000,Motiong,Samar,Region VIII (Eastern Visayas),Municipality,4th,R8,K
[2024-06] 08-060-12-000,2024-06,2024,[06] June,"Motiong, Samar",[1] Operational,,,,,[A] Operational,B,08-060-12-000,Motiong,Samar,Region VIII (Eastern Visayas),Municipality,4th,R8,K
[2024-07] 08-060-12-000,2024-07,2024,[07] July,"Motiong, Samar",[1] Operational,,,,,[A] Operational,B,08-060-12-000,Motiong,Samar,Region VIII (Eastern Visayas),Municipality,4th,R8,K
[2023-12] 10-043-20-000,2023-12,2023,[12] December,"Naawan, Misamis Oriental",[1] Operational,,,,,[A] Operational,A,10-043-20-000,Naawan,Misamis Oriental,Region X (Northern Mindanao),Municipality,4th,R10,N
[2024-01] 10-043-20-000,2024-01,2024,[01] January,"Naawan, Misamis Oriental",[1] Operational,,,,,[A] Operational,A,10-043-20-000,Naawan,Misamis Oriental,Region X (Northern Mindanao),Municipality,4th,R10,N
[2024-02] 10-043-20-000,2024-02,2024,[02] February,"Naawan, Misamis Oriental",[1] Operational,,,,,[A] Operational,A,10-043-20-000,Naawan,Misamis Oriental,Region X (Northern Mindanao),Municipality,4th,R10,N
[2024-03] 10-043-20-000,2024-03,2024,[03] March,"Naawan, Misamis Oriental",[1] Operational,,,,,[A] Operational,A,10-043-20-000,Naawan,Misamis Oriental,Region X (Northern Mindanao),Municipality,4th,R10,N
[2024-04] 10-043-20-000,2024-04,2024,[04] April,"Naawan, Misamis Oriental",[1] Operational,,,,,[A] Operational,A,10-043-20-000,Naawan,Misamis Oriental,Region X (Northern Mindanao),Municipality,4th,R10,N
[2024-05] 10-043-20-000,2024-05,2024,[05] May,"Naawan, Misamis Oriental",[1] Operational,,,,,[A] Operational,A,10-043-20-000,Naawan,Misamis Oriental,Region X (Northern Mindanao),Municipality,4th,R10,N
[2024-06] 10-043-20-000,2024-06,2024,[06] June,"Naawan, Misamis Oriental",[1] Operational,,,,,[A] Operational,A,10-043-20-000,Naawan,Misamis Oriental,Region X (Northern Mindanao),Municipality,4th,R10,N
[2024-07] 10-043-20-000,2024-07,2024,[07] July,"Naawan, Misamis Oriental",[1] Operational,,,,,[A] Operational,A,10-043-20-000,Naawan,Misamis Oriental,Region X (Northern Mindanao),Municipality,4th,R10,N
[2023-12] 01-033-11-000,2023-12,2023,[12] December,"Naguilian, La Union",[2] Ongoing Testing and Data Build-up,80%,,,,[B] Developmental,B,01-033-11-000,Naguilian,La Union,Region I (Ilocos Region),Municipality,1st,R1,C
[2024-01] 01-033-11-000,2024-01,2024,[01] January,"Naguilian, La Union",[2] Ongoing Testing and Data Build-up,80%,,,,[B] Developmental,B,01-033-11-000,Naguilian,La Union,Region I (Ilocos Region),Municipality,1st,R1,C
[2024-02] 01-033-11-000,2024-02,2024,[02] February,"Naguilian, La Union",[2] Ongoing Testing and Data Build-up,80%,,,,[B] Developmental,B,01-033-11-000,Naguilian,La Union,Region I (Ilocos Region),Municipality,1st,R1,C
[2024-03] 01-033-11-000,2024-03,2024,[03] March,"Naguilian, La Union",[2] Ongoing Testing and Data Build-up,80%,,,,[B] Developmental,B,01-033-11-000,Naguilian,La Union,Region I (Ilocos Region),Municipality,1st,R1,C
[2024-04] 01-033-11-000,2024-04,2024,[04] April,"Naguilian, La Union",[2] Ongoing Testing and Data Build-up,80%,,,,[B] Developmental,B,01-033-11-000,Naguilian,La Union,Region I (Ilocos Region),Municipality,1st,R1,C
[2024-05] 01-033-11-000,2024-05,2024,[05] May,"Naguilian, La Union",[2] Ongoing Testing and Data Build-up,80%,,,,[B] Developmental,B,01-033-11-000,Naguilian,La Union,Region I (Ilocos Region),Municipality,1st,R1,C
[2024-06] 01-033-11-000,2024-06,2024,[06] June,"Naguilian, La Union",[2] Ongoing Testing and Data Build-up,80%,,,,[B] Developmental,B,01-033-11-000,Naguilian,La Union,Region I (Ilocos Region),Municipality,1st,R1,C
[2024-07] 01-033-11-000,2024-07,2024,[07] July,"Naguilian, La Union",[2] Ongoing Testing and Data Build-up,80%,,,,[B] Developmental,B,01-033-11-000,Naguilian,La Union,Region I (Ilocos Region),Municipality,1st,R1,C
[2023-12] 04-021-15-000,2023-12,2023,[12] December,"Naic, Cavite",[1] Operational,,,,,[A] Operational,B,04-021-15-000,Naic,Cavite,Region IV-A (CALABARZON),Municipality,1st,R4A,F
[2024-01] 04-021-15-000,2024-01,2024,[01] January,"Naic, Cavite",[1] Operational,,,,,[A] Operational,B,04-021-15-000,Naic,Cavite,Region IV-A (CALABARZON),Municipality,1st,R4A,F
[2024-02] 04-021-15-000,2024-02,2024,[02] February,"Naic, Cavite",[1] Operational,,,,,[A] Operational,B,04-021-15-000,Naic,Cavite,Region IV-A (CALABARZON),Municipality,1st,R4A,F
[2024-03] 04-021-15-000,2024-03,2024,[03] March,"Naic, Cavite",[1] Operational,,,,,[A] Operational,B,04-021-15-000,Naic,Cavite,Region IV-A (CALABARZON),Municipality,1st,R4A,F
[2024-04] 04-021-15-000,2024-04,2024,[04] April,"Naic, Cavite",[1] Operational,,,,,[A] Operational,B,04-021-15-000,Naic,Cavite,Region IV-A (CALABARZON),Municipality,1st,R4A,F
[2024-05] 04-021-15-000,2024-05,2024,[05] May,"Naic, Cavite",[1] Operational,,,,,[A] Operational,B,04-021-15-000,Naic,Cavite,Region IV-A (CALABARZON),Municipality,1st,R4A,F
[2024-06] 04-021-15-000,2024-06,2024,[06] June,"Naic, Cavite",[1] Operational,,,,,[A] Operational,B,04-021-15-000,Naic,Cavite,Region IV-A (CALABARZON),Municipality,1st,R4A,F
[2024-07] 04-021-15-000,2024-07,2024,[07] July,"Naic, Cavite",[1] Operational,,,,,[A] Operational,B,04-021-15-000,Naic,Cavite,Region IV-A (CALABARZON),Municipality,1st,R4A,F
[2023-12] 08-078-08-000,2023-12,2023,[12] December,"Naval, Biliran",[1] Operational,,,,,[A] Operational,B,08-078-08-000,Naval,Biliran,Region VIII (Eastern Visayas),Municipality,2nd,R8,K
[2024-01] 08-078-08-000,2024-01,2024,[01] January,"Naval, Biliran",[1] Operational,,,,,[A] Operational,B,08-078-08-000,Naval,Biliran,Region VIII (Eastern Visayas),Municipality,2nd,R8,K
[2024-02] 08-078-08-000,2024-02,2024,[02] February,"Naval, Biliran",[1] Operational,,,,,[A] Operational,B,08-078-08-000,Naval,Biliran,Region VIII (Eastern Visayas),Municipality,2nd,R8,K
[2024-03] 08-078-08-000,2024-03,2024,[03] March,"Naval, Biliran",[1] Operational,,,,,[A] Operational,B,08-078-08-000,Naval,Biliran,Region VIII (Eastern Visayas),Municipality,2nd,R8,K
[2024-04] 08-078-08-000,2024-04,2024,[04] April,"Naval, Biliran",[1] Operational,,,,,[A] Operational,B,08-078-08-000,Naval,Biliran,Region VIII (Eastern Visayas),Municipality,2nd,R8,K
[2024-05] 08-078-08-000,2024-05,2024,[05] May,"Naval, Biliran",[1] Operational,,,,,[A] Operational,B,08-078-08-000,Naval,Biliran,Region VIII (Eastern Visayas),Municipality,2nd,R8,K
[2024-06] 08-078-08-000,2024-06,2024,[06] June,"Naval, Biliran",[1] Operational,,,,,[A] Operational,B,08-078-08-000,Naval,Biliran,Region VIII (Eastern Visayas),Municipality,2nd,R8,K
[2024-07] 08-078-08-000,2024-07,2024,[07] July,"Naval, Biliran",[1] Operational,,,,,[A] Operational,B,08-078-08-000,Naval,Biliran,Region VIII (Eastern Visayas),Municipality,2nd,R8,K
[2023-12] 06-030-32-000,2023-12,2023,[12] December,"New Lucena, Iloilo",[1] Operational,,,,,[A] Operational,B,06-030-32-000,New Lucena,Iloilo,Region VI (Western Visayas),Municipality,4th,R6,I
[2024-01] 06-030-32-000,2024-01,2024,[01] January,"New Lucena, Iloilo",[1] Operational,,,,,[A] Operational,B,06-030-32-000,New Lucena,Iloilo,Region VI (Western Visayas),Municipality,4th,R6,I
[2024-02] 06-030-32-000,2024-02,2024,[02] February,"New Lucena, Iloilo",[1] Operational,,,,,[A] Operational,B,06-030-32-000,New Lucena,Iloilo,Region VI (Western Visayas),Municipality,4th,R6,I
[2024-03] 06-030-32-000,2024-03,2024,[03] March,"New Lucena, Iloilo",[1] Operational,,,,,[A] Operational,B,06-030-32-000,New Lucena,Iloilo,Region VI (Western Visayas),Municipality,4th,R6,I
[2024-04] 06-030-32-000,2024-04,2024,[04] April,"New Lucena, Iloilo",[1] Operational,,,,,[A] Operational,B,06-030-32-000,New Lucena,Iloilo,Region VI (Western Visayas),Municipality,4th,R6,I
[2024-05] 06-030-32-000,2024-05,2024,[05] May,"New Lucena, Iloilo",[1] Operational,,,,,[A] Operational,B,06-030-32-000,New Lucena,Iloilo,Region VI (Western Visayas),Municipality,4th,R6,I
[2024-06] 06-030-32-000,2024-06,2024,[06] June,"New Lucena, Iloilo",[1] Operational,,,,,[A] Operational,B,06-030-32-000,New Lucena,Iloilo,Region VI (Western Visayas),Municipality,4th,R6,I
[2024-07] 06-030-32-000,2024-07,2024,[07] July,"New Lucena, Iloilo",[1] Operational,,,,,[A] Operational,B,06-030-32-000,New Lucena,Iloilo,Region VI (Western Visayas),Municipality,4th,R6,I
[2023-12] 04-021-16-000,2023-12,2023,[12] December,"Noveleta, Cavite",[1] Operational,,,,,[A] Operational,B,04-021-16-000,Noveleta,Cavite,Region IV-A (CALABARZON),Municipality,3rd,R4A,F
[2024-01] 04-021-16-000,2024-01,2024,[01] January,"Noveleta, Cavite",[1] Operational,,,,,[A] Operational,B,04-021-16-000,Noveleta,Cavite,Region IV-A (CALABARZON),Municipality,3rd,R4A,F
[2024-02] 04-021-16-000,2024-02,2024,[02] February,"Noveleta, Cavite",[1] Operational,,,,,[A] Operational,B,04-021-16-000,Noveleta,Cavite,Region IV-A (CALABARZON),Municipality,3rd,R4A,F
[2024-03] 04-021-16-000,2024-03,2024,[03] March,"Noveleta, Cavite",[1] Operational,,,,,[A] Operational,B,04-021-16-000,Noveleta,Cavite,Region IV-A (CALABARZON),Municipality,3rd,R4A,F
[2024-04] 04-021-16-000,2024-04,2024,[04] April,"Noveleta, Cavite",[1] Operational,,,,,[A] Operational,B,04-021-16-000,Noveleta,Cavite,Region IV-A (CALABARZON),Municipality,3rd,R4A,F
[2024-05] 04-021-16-000,2024-05,2024,[05] May,"Noveleta, Cavite",[1] Operational,,,,,[A] Operational,B,04-021-16-000,Noveleta,Cavite,Region IV-A (CALABARZON),Municipality,3rd,R4A,F
[2024-06] 04-021-16-000,2024-06,2024,[06] June,"Noveleta, Cavite",[1] Operational,,,,,[A] Operational,B,04-021-16-000,Noveleta,Cavite,Region IV-A (CALABARZON),Municipality,3rd,R4A,F
[2024-07] 04-021-16-000,2024-07,2024,[07] July,"Noveleta, Cavite",[1] Operational,,,,,[A] Operational,B,04-021-16-000,Noveleta,Cavite,Region IV-A (CALABARZON),Municipality,3rd,R4A,F
[2023-12] 01-028-14-000,2023-12,2023,[12] December,"Nueva Era, Ilocos Norte",[1] Operational,,,,,[A] Operational,A,01-028-14-000,Nueva Era,Ilocos Norte,Region I (Ilocos Region),Municipality,3rd,R1,C
[2024-01] 01-028-14-000,2024-01,2024,[01] January,"Nueva Era, Ilocos Norte",[1] Operational,,,,,[A] Operational,A,01-028-14-000,Nueva Era,Ilocos Norte,Region I (Ilocos Region),Municipality,3rd,R1,C
[2024-02] 01-028-14-000,2024-02,2024,[02] February,"Nueva Era, Ilocos Norte",[1] Operational,,,,,[A] Operational,A,01-028-14-000,Nueva Era,Ilocos Norte,Region I (Ilocos Region),Municipality,3rd,R1,C
[2024-03] 01-028-14-000,2024-03,2024,[03] March,"Nueva Era, Ilocos Norte",[1] Operational,,,,,[A] Operational,A,01-028-14-000,Nueva Era,Ilocos Norte,Region I (Ilocos Region),Municipality,3rd,R1,C
[2024-04] 01-028-14-000,2024-04,2024,[04] April,"Nueva Era, Ilocos Norte",[1] Operational,,,,,[A] Operational,A,01-028-14-000,Nueva Era,Ilocos Norte,Region I (Ilocos Region),Municipality,3rd,R1,C
[2024-05] 01-028-14-000,2024-05,2024,[05] May,"Nueva Era, Ilocos Norte",[1] Operational,,,,,[A] Operational,A,01-028-14-000,Nueva Era,Ilocos Norte,Region I (Ilocos Region),Municipality,3rd,R1,C
[2024-06] 01-028-14-000,2024-06,2024,[06] June,"Nueva Era, Ilocos Norte",[1] Operational,,,,,[A] Operational,A,01-028-14-000,Nueva Era,Ilocos Norte,Region I (Ilocos Region),Municipality,3rd,R1,C
[2024-07] 01-028-14-000,2024-07,2024,[07] July,"Nueva Era, Ilocos Norte",[1] Operational,,,,,[A] Operational,A,01-028-14-000,Nueva Era,Ilocos Norte,Region I (Ilocos Region),Municipality,3rd,R1,C
[2024-05] 10-035-15-000,2024-05,2024,[05] May,"Nunungan, Lanao del Norte",[1] Operational,,,,,[A] Operational,B,10-035-15-000,Nunungan,Lanao del Norte,Region X (Northern Mindanao),Municipality,3rd,R10,N
[2024-06] 10-035-15-000,2024-06,2024,[06] June,"Nunungan, Lanao del Norte",[1] Operational,,,,,[A] Operational,B,10-035-15-000,Nunungan,Lanao del Norte,Region X (Northern Mindanao),Municipality,3rd,R10,N
[2024-07] 10-035-15-000,2024-07,2024,[07] July,"Nunungan, Lanao del Norte",[1] Operational,,,,,[A] Operational,B,10-035-15-000,Nunungan,Lanao del Norte,Region X (Northern Mindanao),Municipality,3rd,R10,N
[2023-12] 03-014-14-000,2023-12,2023,[12] December,"Obando, Bulacan",[2] Ongoing Testing and Data Build-up,90%,,,,[B] Developmental,A,03-014-14-000,Obando,Bulacan,Region III (Central Luzon),Municipality,2nd,R3,E
[2024-01] 03-014-14-000,2024-01,2024,[01] January,"Obando, Bulacan",[2] Ongoing Testing and Data Build-up,95%,,,,[B] Developmental,A,03-014-14-000,Obando,Bulacan,Region III (Central Luzon),Municipality,2nd,R3,E
[2024-02] 03-014-14-000,2024-02,2024,[02] February,"Obando, Bulacan",[2] Ongoing Testing and Data Build-up,96%,,,,[B] Developmental,A,03-014-14-000,Obando,Bulacan,Region III (Central Luzon),Municipality,2nd,R3,E
[2024-03] 03-014-14-000,2024-03,2024,[03] March,"Obando, Bulacan",[2] Ongoing Testing and Data Build-up,97%,,,,[B] Developmental,A,03-014-14-000,Obando,Bulacan,Region III (Central Luzon),Municipality,2nd,R3,E
[2024-04] 03-014-14-000,2024-04,2024,[04] April,"Obando, Bulacan",[2] Ongoing Testing and Data Build-up,97%,,,,[B] Developmental,A,03-014-14-000,Obando,Bulacan,Region III (Central Luzon),Municipality,2nd,R3,E
[2024-05] 03-014-14-000,2024-05,2024,[05] May,"Obando, Bulacan",[2] Ongoing Testing and Data Build-up,97%,,,,[B] Developmental,A,03-014-14-000,Obando,Bulacan,Region III (Central Luzon),Municipality,2nd,R3,E
[2024-06] 03-014-14-000,2024-06,2024,[06] June,"Obando, Bulacan",[2] Ongoing Testing and Data Build-up,97%,,,,[B] Developmental,A,03-014-14-000,Obando,Bulacan,Region III (Central Luzon),Municipality,2nd,R3,E
[2024-07] 03-014-14-000,2024-07,2024,[07] July,"Obando, Bulacan",[2] Ongoing Testing and Data Build-up,98%,,,,[B] Developmental,A,03-014-14-000,Obando,Bulacan,Region III (Central Luzon),Municipality,2nd,R3,E
[2023-12] 03-008-09-000,2023-12,2023,[12] December,"Orani, Bataan",[1] Operational,,,,,[A] Operational,B,03-008-09-000,Orani,Bataan,Region III (Central Luzon),Municipality,3rd,R3,E
[2024-01] 03-008-09-000,2024-01,2024,[01] January,"Orani, Bataan",[1] Operational,,,,,[A] Operational,B,03-008-09-000,Orani,Bataan,Region III (Central Luzon),Municipality,3rd,R3,E
[2024-02] 03-008-09-000,2024-02,2024,[02] February,"Orani, Bataan",[1] Operational,,,,,[A] Operational,B,03-008-09-000,Orani,Bataan,Region III (Central Luzon),Municipality,3rd,R3,E
[2024-03] 03-008-09-000,2024-03,2024,[03] March,"Orani, Bataan",[1] Operational,,,,,[A] Operational,B,03-008-09-000,Orani,Bataan,Region III (Central Luzon),Municipality,3rd,R3,E
[2024-04] 03-008-09-000,2024-04,2024,[04] April,"Orani, Bataan",[1] Operational,,,,,[A] Operational,B,03-008-09-000,Orani,Bataan,Region III (Central Luzon),Municipality,3rd,R3,E
[2024-05] 03-008-09-000,2024-05,2024,[05] May,"Orani, Bataan",[1] Operational,,,,,[A] Operational,B,03-008-09-000,Orani,Bataan,Region III (Central Luzon),Municipality,3rd,R3,E
[2024-06] 03-008-09-000,2024-06,2024,[06] June,"Orani, Bataan",[1] Operational,,,,,[A] Operational,B,03-008-09-000,Orani,Bataan,Region III (Central Luzon),Municipality,3rd,R3,E
[2024-07] 03-008-09-000,2024-07,2024,[07] July,"Orani, Bataan",[1] Operational,,,,,[A] Operational,B,03-008-09-000,Orani,Bataan,Region III (Central Luzon),Municipality,3rd,R3,E
[2023-12] 08-026-17-000,2023-12,2023,[12] December,"Oras, Eastern Samar",[1] Operational,,,,,[A] Operational,B,08-026-17-000,Oras,Eastern Samar,Region VIII (Eastern Visayas),Municipality,3rd,R8,K
[2024-01] 08-026-17-000,2024-01,2024,[01] January,"Oras, Eastern Samar",[1] Operational,,,,,[A] Operational,B,08-026-17-000,Oras,Eastern Samar,Region VIII (Eastern Visayas),Municipality,3rd,R8,K
[2024-02] 08-026-17-000,2024-02,2024,[02] February,"Oras, Eastern Samar",[1] Operational,,,,,[A] Operational,B,08-026-17-000,Oras,Eastern Samar,Region VIII (Eastern Visayas),Municipality,3rd,R8,K
[2024-03] 08-026-17-000,2024-03,2024,[03] March,"Oras, Eastern Samar",[1] Operational,,,,,[A] Operational,B,08-026-17-000,Oras,Eastern Samar,Region VIII (Eastern Visayas),Municipality,3rd,R8,K
[2024-04] 08-026-17-000,2024-04,2024,[04] April,"Oras, Eastern Samar",[1] Operational,,,,,[A] Operational,B,08-026-17-000,Oras,Eastern Samar,Region VIII (Eastern Visayas),Municipality,3rd,R8,K
[2024-05] 08-026-17-000,2024-05,2024,[05] May,"Oras, Eastern Samar",[1] Operational,,,,,[A] Operational,B,08-026-17-000,Oras,Eastern Samar,Region VIII (Eastern Visayas),Municipality,3rd,R8,K
[2024-06] 08-026-17-000,2024-06,2024,[06] June,"Oras, Eastern Samar",[1] Operational,,,,,[A] Operational,B,08-026-17-000,Oras,Eastern Samar,Region VIII (Eastern Visayas),Municipality,3rd,R8,K
[2024-07] 08-026-17-000,2024-07,2024,[07] July,"Oras, Eastern Samar",[1] Operational,,,,,[A] Operational,B,08-026-17-000,Oras,Eastern Samar,Region VIII (Eastern Visayas),Municipality,3rd,R8,K
[2024-01] 06-030-34-000,2024-01,2024,[01] January,"Oton, Iloilo",[1] Operational,,,,,[A] Operational,B,06-030-34-000,Oton,Iloilo,Region VI (Western Visayas),Municipality,1st,R6,I
[2024-02] 06-030-34-000,2024-02,2024,[02] February,"Oton, Iloilo",[1] Operational,,,,,[A] Operational,B,06-030-34-000,Oton,Iloilo,Region VI (Western Visayas),Municipality,1st,R6,I
[2024-03] 06-030-34-000,2024-03,2024,[03] March,"Oton, Iloilo",[1] Operational,,,,,[A] Operational,B,06-030-34-000,Oton,Iloilo,Region VI (Western Visayas),Municipality,1st,R6,I
[2024-04] 06-030-34-000,2024-04,2024,[04] April,"Oton, Iloilo",[1] Operational,,,,,[A] Operational,B,06-030-34-000,Oton,Iloilo,Region VI (Western Visayas),Municipality,1st,R6,I
[2024-05] 06-030-34-000,2024-05,2024,[05] May,"Oton, Iloilo",[1] Operational,,,,,[A] Operational,B,06-030-34-000,Oton,Iloilo,Region VI (Western Visayas),Municipality,1st,R6,I
[2024-06] 06-030-34-000,2024-06,2024,[06] June,"Oton, Iloilo",[1] Operational,,,,,[A] Operational,B,06-030-34-000,Oton,Iloilo,Region VI (Western Visayas),Municipality,1st,R6,I
[2024-07] 06-030-34-000,2024-07,2024,[07] July,"Oton, Iloilo",[1] Operational,,,,,[A] Operational,B,06-030-34-000,Oton,Iloilo,Region VI (Western Visayas),Municipality,1st,R6,I
[2023-12] 08-064-10-000,2023-12,2023,[12] December,"Padre Burgos, Southern Leyte",[1] Operational,,,,,[A] Operational,A,08-064-10-000,Padre Burgos,Southern Leyte,Region VIII (Eastern Visayas),Municipality,5th*,R8,K
[2024-01] 08-064-10-000,2024-01,2024,[01] January,"Padre Burgos, Southern Leyte",[1] Operational,,,,,[A] Operational,A,08-064-10-000,Padre Burgos,Southern Leyte,Region VIII (Eastern Visayas),Municipality,5th*,R8,K
[2024-02] 08-064-10-000,2024-02,2024,[02] February,"Padre Burgos, Southern Leyte",[1] Operational,,,,,[A] Operational,A,08-064-10-000,Padre Burgos,Southern Leyte,Region VIII (Eastern Visayas),Municipality,5th*,R8,K
[2024-03] 08-064-10-000,2024-03,2024,[03] March,"Padre Burgos, Southern Leyte",[1] Operational,,,,,[A] Operational,A,08-064-10-000,Padre Burgos,Southern Leyte,Region VIII (Eastern Visayas),Municipality,5th*,R8,K
[2024-04] 08-064-10-000,2024-04,2024,[04] April,"Padre Burgos, Southern Leyte",[1] Operational,,,,,[A] Operational,A,08-064-10-000,Padre Burgos,Southern Leyte,Region VIII (Eastern Visayas),Municipality,5th*,R8,K
[2024-05] 08-064-10-000,2024-05,2024,[05] May,"Padre Burgos, Southern Leyte",[1] Operational,,,,,[A] Operational,A,08-064-10-000,Padre Burgos,Southern Leyte,Region VIII (Eastern Visayas),Municipality,5th*,R8,K
[2024-06] 08-064-10-000,2024-06,2024,[06] June,"Padre Burgos, Southern Leyte",[1] Operational,,,,,[A] Operational,A,08-064-10-000,Padre Burgos,Southern Leyte,Region VIII (Eastern Visayas),Municipality,5th*,R8,K
[2024-07] 08-064-10-000,2024-07,2024,[07] July,"Padre Burgos, Southern Leyte",[1] Operational,,,,,[A] Operational,A,08-064-10-000,Padre Burgos,Southern Leyte,Region VIII (Eastern Visayas),Municipality,5th*,R8,K
[2023-12] 04-034-18-000,2023-12,2023,[12] December,"Paete, Laguna",[1] Operational,,,,,[A] Operational,A,04-034-18-000,Paete,Laguna,Region IV-A (CALABARZON),Municipality,4th,R4A,F
[2024-01] 04-034-18-000,2024-01,2024,[01] January,"Paete, Laguna",[1] Operational,,,,,[A] Operational,A,04-034-18-000,Paete,Laguna,Region IV-A (CALABARZON),Municipality,4th,R4A,F
[2024-02] 04-034-18-000,2024-02,2024,[02] February,"Paete, Laguna",[1] Operational,,,,,[A] Operational,A,04-034-18-000,Paete,Laguna,Region IV-A (CALABARZON),Municipality,4th,R4A,F
[2024-03] 04-034-18-000,2024-03,2024,[03] March,"Paete, Laguna",[1] Operational,,,,,[A] Operational,A,04-034-18-000,Paete,Laguna,Region IV-A (CALABARZON),Municipality,4th,R4A,F
[2024-04] 04-034-18-000,2024-04,2024,[04] April,"Paete, Laguna",[1] Operational,,,,,[A] Operational,A,04-034-18-000,Paete,Laguna,Region IV-A (CALABARZON),Municipality,4th,R4A,F
[2024-05] 04-034-18-000,2024-05,2024,[05] May,"Paete, Laguna",[1] Operational,,,,,[A] Operational,A,04-034-18-000,Paete,Laguna,Region IV-A (CALABARZON),Municipality,4th,R4A,F
[2024-06] 04-034-18-000,2024-06,2024,[06] June,"Paete, Laguna",[1] Operational,,,,,[A] Operational,A,04-034-18-000,Paete,Laguna,Region IV-A (CALABARZON),Municipality,4th,R4A,F
[2024-07] 04-034-18-000,2024-07,2024,[07] July,"Paete, Laguna",[1] Operational,,,,,[A] Operational,A,04-034-18-000,Paete,Laguna,Region IV-A (CALABARZON),Municipality,4th,R4A,F
[2023-12] 02-031-21-000,2023-12,2023,[12] December,"Palanan, Isabela",[1] Operational,,,,,[A] Operational,A,02-031-21-000,Palanan,Isabela,Region II (Cagayan Valley),Municipality,1st,R2,D
[2024-01] 02-031-21-000,2024-01,2024,[01] January,"Palanan, Isabela",[1] Operational,,,,,[A] Operational,A,02-031-21-000,Palanan,Isabela,Region II (Cagayan Valley),Municipality,1st,R2,D
[2024-02] 02-031-21-000,2024-02,2024,[02] February,"Palanan, Isabela",[1] Operational,,,,,[A] Operational,A,02-031-21-000,Palanan,Isabela,Region II (Cagayan Valley),Municipality,1st,R2,D
[2024-03] 02-031-21-000,2024-03,2024,[03] March,"Palanan, Isabela",[1] Operational,,,,,[A] Operational,A,02-031-21-000,Palanan,Isabela,Region II (Cagayan Valley),Municipality,1st,R2,D
[2024-04] 02-031-21-000,2024-04,2024,[04] April,"Palanan, Isabela",[1] Operational,,,,,[A] Operational,A,02-031-21-000,Palanan,Isabela,Region II (Cagayan Valley),Municipality,1st,R2,D
[2024-05] 02-031-21-000,2024-05,2024,[05] May,"Palanan, Isabela",[1] Operational,,,,,[A] Operational,A,02-031-21-000,Palanan,Isabela,Region II (Cagayan Valley),Municipality,1st,R2,D
[2024-06] 02-031-21-000,2024-06,2024,[06] June,"Palanan, Isabela",[1] Operational,,,,,[A] Operational,A,02-031-21-000,Palanan,Isabela,Region II (Cagayan Valley),Municipality,1st,R2,D
[2024-07] 02-031-21-000,2024-07,2024,[07] July,"Palanan, Isabela",[1] Operational,,,,,[A] Operational,A,02-031-21-000,Palanan,Isabela,Region II (Cagayan Valley),Municipality,1st,R2,D
[2023-12] 06-006-11-000,2023-12,2023,[12] December,"Pandan, Antique",[1] Operational,,,,,[A] Operational,B,06-006-11-000,Pandan,Antique,Region VI (Western Visayas),Municipality,4th,R6,I
[2024-01] 06-006-11-000,2024-01,2024,[01] January,"Pandan, Antique",[1] Operational,,,,,[A] Operational,B,06-006-11-000,Pandan,Antique,Region VI (Western Visayas),Municipality,4th,R6,I
[2024-02] 06-006-11-000,2024-02,2024,[02] February,"Pandan, Antique",[1] Operational,,,,,[A] Operational,B,06-006-11-000,Pandan,Antique,Region VI (Western Visayas),Municipality,4th,R6,I
[2024-03] 06-006-11-000,2024-03,2024,[03] March,"Pandan, Antique",[1] Operational,,,,,[A] Operational,B,06-006-11-000,Pandan,Antique,Region VI (Western Visayas),Municipality,4th,R6,I
[2024-04] 06-006-11-000,2024-04,2024,[04] April,"Pandan, Antique",[1] Operational,,,,,[A] Operational,B,06-006-11-000,Pandan,Antique,Region VI (Western Visayas),Municipality,4th,R6,I
[2024-05] 06-006-11-000,2024-05,2024,[05] May,"Pandan, Antique",[1] Operational,,,,,[A] Operational,B,06-006-11-000,Pandan,Antique,Region VI (Western Visayas),Municipality,4th,R6,I
[2024-06] 06-006-11-000,2024-06,2024,[06] June,"Pandan, Antique",[1] Operational,,,,,[A] Operational,B,06-006-11-000,Pandan,Antique,Region VI (Western Visayas),Municipality,4th,R6,I
[2024-07] 06-006-11-000,2024-07,2024,[07] July,"Pandan, Antique",[1] Operational,,,,,[A] Operational,B,06-006-11-000,Pandan,Antique,Region VI (Western Visayas),Municipality,4th,R6,I
[2023-12] 03-014-15-000,2023-12,2023,[12] December,"Pandi, Bulacan",[2] Ongoing Testing and Data Build-up,95%,,,,[B] Developmental,B,03-014-15-000,Pandi,Bulacan,Region III (Central Luzon),Municipality,2nd,R3,E
[2024-01] 03-014-15-000,2024-01,2024,[01] January,"Pandi, Bulacan",[2] Ongoing Testing and Data Build-up,98%,,,,[B] Developmental,B,03-014-15-000,Pandi,Bulacan,Region III (Central Luzon),Municipality,2nd,R3,E
[2024-02] 03-014-15-000,2024-02,2024,[02] February,"Pandi, Bulacan",[2] Ongoing Testing and Data Build-up,99%,,,,[B] Developmental,B,03-014-15-000,Pandi,Bulacan,Region III (Central Luzon),Municipality,2nd,R3,E
[2024-03] 03-014-15-000,2024-03,2024,[03] March,"Pandi, Bulacan",[2] Ongoing Testing and Data Build-up,100%,,,,[B] Developmental,B,03-014-15-000,Pandi,Bulacan,Region III (Central Luzon),Municipality,2nd,R3,E
[2024-04] 03-014-15-000,2024-04,2024,[04] April,"Pandi, Bulacan",[2] Ongoing Testing and Data Build-up,100%,,,,[B] Developmental,B,03-014-15-000,Pandi,Bulacan,Region III (Central Luzon),Municipality,2nd,R3,E
[2024-05] 03-014-15-000,2024-05,2024,[05] May,"Pandi, Bulacan",[2] Ongoing Testing and Data Build-up,100%,,,,[B] Developmental,B,03-014-15-000,Pandi,Bulacan,Region III (Central Luzon),Municipality,2nd,R3,E
[2024-06] 03-014-15-000,2024-06,2024,[06] June,"Pandi, Bulacan",[2] Ongoing Testing and Data Build-up,100%,,,,[B] Developmental,B,03-014-15-000,Pandi,Bulacan,Region III (Central Luzon),Municipality,2nd,R3,E
[2024-07] 03-014-15-000,2024-07,2024,[07] July,"Pandi, Bulacan",[2] Ongoing Testing and Data Build-up,100%,finalizing set up,,,[B] Developmental,B,03-014-15-000,Pandi,Bulacan,Region III (Central Luzon),Municipality,2nd,R3,E
[2024-01] 14-044-06-000,2024-01,2024,[01] January,"Paracelis, Mountain Province",[1] Operational,,,,,[A] Operational,B,14-044-06-000,Paracelis,Mountain Province,Cordillera Administrative Region (CAR),Municipality,2nd,CAR,B
[2024-02] 14-044-06-000,2024-02,2024,[02] February,"Paracelis, Mountain Province",[1] Operational,,,,,[A] Operational,B,14-044-06-000,Paracelis,Mountain Province,Cordillera Administrative Region (CAR),Municipality,2nd,CAR,B
[2024-03] 14-044-06-000,2024-03,2024,[03] March,"Paracelis, Mountain Province",[1] Operational,,,,,[A] Operational,B,14-044-06-000,Paracelis,Mountain Province,Cordillera Administrative Region (CAR),Municipality,2nd,CAR,B
[2024-04] 14-044-06-000,2024-04,2024,[04] April,"Paracelis, Mountain Province",[1] Operational,,,,,[A] Operational,B,14-044-06-000,Paracelis,Mountain Province,Cordillera Administrative Region (CAR),Municipality,2nd,CAR,B
[2024-05] 14-044-06-000,2024-05,2024,[05] May,"Paracelis, Mountain Province",[1] Operational,,,,,[A] Operational,B,14-044-06-000,Paracelis,Mountain Province,Cordillera Administrative Region (CAR),Municipality,2nd,CAR,B
[2024-06] 14-044-06-000,2024-06,2024,[06] June,"Paracelis, Mountain Province",[1] Operational,,,,,[A] Operational,B,14-044-06-000,Paracelis,Mountain Province,Cordillera Administrative Region (CAR),Municipality,2nd,CAR,B
[2024-07] 14-044-06-000,2024-07,2024,[07] July,"Paracelis, Mountain Province",[1] Operational,,,,,[A] Operational,B,14-044-06-000,Paracelis,Mountain Province,Cordillera Administrative Region (CAR),Municipality,2nd,CAR,B
[2023-12] 08-060-22-000,2023-12,2023,[12] December,"Paranas, Samar",[1] Operational,,,,,[A] Operational,A,08-060-22-000,Paranas,Samar,Region VIII (Eastern Visayas),Municipality,2nd,R8,K
[2024-01] 08-060-22-000,2024-01,2024,[01] January,"Paranas, Samar",[1] Operational,,,,,[A] Operational,A,08-060-22-000,Paranas,Samar,Region VIII (Eastern Visayas),Municipality,2nd,R8,K
[2024-02] 08-060-22-000,2024-02,2024,[02] February,"Paranas, Samar",[1] Operational,,,,,[A] Operational,A,08-060-22-000,Paranas,Samar,Region VIII (Eastern Visayas),Municipality,2nd,R8,K
[2024-03] 08-060-22-000,2024-03,2024,[03] March,"Paranas, Samar",[1] Operational,,,,,[A] Operational,A,08-060-22-000,Paranas,Samar,Region VIII (Eastern Visayas),Municipality,2nd,R8,K
[2024-04] 08-060-22-000,2024-04,2024,[04] April,"Paranas, Samar",[1] Operational,,,,,[A] Operational,A,08-060-22-000,Paranas,Samar,Region VIII (Eastern Visayas),Municipality,2nd,R8,K
[2024-05] 08-060-22-000,2024-05,2024,[05] May,"Paranas, Samar",[1] Operational,,,,,[A] Operational,A,08-060-22-000,Paranas,Samar,Region VIII (Eastern Visayas),Municipality,2nd,R8,K
[2024-06] 08-060-22-000,2024-06,2024,[06] June,"Paranas, Samar",[1] Operational,,,,,[A] Operational,A,08-060-22-000,Paranas,Samar,Region VIII (Eastern Visayas),Municipality,2nd,R8,K
[2024-07] 08-060-22-000,2024-07,2024,[07] July,"Paranas, Samar",[1] Operational,,,,,[A] Operational,A,08-060-22-000,Paranas,Samar,Region VIII (Eastern Visayas),Municipality,2nd,R8,K
[2023-12] 19-087-09-000,2023-12,2023,[12] December,"Parang, Maguindanao del Norte",[2] Ongoing Testing and Data Build-up,10%,,On Going Integration,,[B] Developmental,A,19-087-09-000,Parang,Maguindanao del Norte,Bangsamoro Autonomous Region In Muslim Mindanao (BARMM),Municipality,1st*,BARMM II,R
[2024-01] 19-087-09-000,2024-01,2024,[01] January,"Parang, Maguindanao del Norte",[2] Ongoing Testing and Data Build-up,10%,,On Going Integration,,[B] Developmental,A,19-087-09-000,Parang,Maguindanao del Norte,Bangsamoro Autonomous Region In Muslim Mindanao (BARMM),Municipality,1st*,BARMM II,R
[2024-02] 19-087-09-000,2024-02,2024,[02] February,"Parang, Maguindanao del Norte",[2] Ongoing Testing and Data Build-up,10%,,On Going Integration,1 Barangay to Integrate,[B] Developmental,A,19-087-09-000,Parang,Maguindanao del Norte,Bangsamoro Autonomous Region In Muslim Mindanao (BARMM),Municipality,1st*,BARMM II,R
[2024-03] 19-087-09-000,2024-03,2024,[03] March,"Parang, Maguindanao del Norte",[2] Ongoing Testing and Data Build-up,10%,,On Going Integration,,[B] Developmental,A,19-087-09-000,Parang,Maguindanao del Norte,Bangsamoro Autonomous Region In Muslim Mindanao (BARMM),Municipality,1st*,BARMM II,R
[2024-04] 19-087-09-000,2024-04,2024,[04] April,"Parang, Maguindanao del Norte",[2] Ongoing Testing and Data Build-up,20%,,On Going Integration,,[B] Developmental,A,19-087-09-000,Parang,Maguindanao del Norte,Bangsamoro Autonomous Region In Muslim Mindanao (BARMM),Municipality,1st*,BARMM II,R
[2024-05] 19-087-09-000,2024-05,2024,[05] May,"Parang, Maguindanao del Norte",[2] Ongoing Testing and Data Build-up,20%,,On Going Integration,1 Barangay to Integrate,[B] Developmental,A,19-087-09-000,Parang,Maguindanao del Norte,Bangsamoro Autonomous Region In Muslim Mindanao (BARMM),Municipality,1st*,BARMM II,R
[2024-06] 19-087-09-000,2024-06,2024,[06] June,"Parang, Maguindanao del Norte",[1] Operational,,,"Operational last June 27, 2024",25 Barangay to Integrate,[A] Operational,A,19-087-09-000,Parang,Maguindanao del Norte,Bangsamoro Autonomous Region In Muslim Mindanao (BARMM),Municipality,1st*,BARMM II,R
[2024-07] 19-087-09-000,2024-07,2024,[07] July,"Parang, Maguindanao del Norte",[1] Operational,,,"Operational last June 27, 2024",25 Barangay to Integrate,[A] Operational,A,19-087-09-000,Parang,Maguindanao del Norte,Bangsamoro Autonomous Region In Muslim Mindanao (BARMM),Municipality,1st*,BARMM II,R
[2023-12] 08-037-41-000,2023-12,2023,[12] December,"Pastrana, Leyte",[1] Operational,,,,,[A] Operational,A,08-037-41-000,Pastrana,Leyte,Region VIII (Eastern Visayas),Municipality,5th*,R8,K
[2024-01] 08-037-41-000,2024-01,2024,[01] January,"Pastrana, Leyte",[1] Operational,,,,,[A] Operational,A,08-037-41-000,Pastrana,Leyte,Region VIII (Eastern Visayas),Municipality,5th*,R8,K
[2024-02] 08-037-41-000,2024-02,2024,[02] February,"Pastrana, Leyte",[1] Operational,,,,,[A] Operational,A,08-037-41-000,Pastrana,Leyte,Region VIII (Eastern Visayas),Municipality,5th*,R8,K
[2024-03] 08-037-41-000,2024-03,2024,[03] March,"Pastrana, Leyte",[1] Operational,,,,,[A] Operational,A,08-037-41-000,Pastrana,Leyte,Region VIII (Eastern Visayas),Municipality,5th*,R8,K
[2024-04] 08-037-41-000,2024-04,2024,[04] April,"Pastrana, Leyte",[1] Operational,,,,,[A] Operational,A,08-037-41-000,Pastrana,Leyte,Region VIII (Eastern Visayas),Municipality,5th*,R8,K
[2024-05] 08-037-41-000,2024-05,2024,[05] May,"Pastrana, Leyte",[1] Operational,,,,,[A] Operational,A,08-037-41-000,Pastrana,Leyte,Region VIII (Eastern Visayas),Municipality,5th*,R8,K
[2024-06] 08-037-41-000,2024-06,2024,[06] June,"Pastrana, Leyte",[1] Operational,,,,,[A] Operational,A,08-037-41-000,Pastrana,Leyte,Region VIII (Eastern Visayas),Municipality,5th*,R8,K
[2024-07] 08-037-41-000,2024-07,2024,[07] July,"Pastrana, Leyte",[1] Operational,,,,,[A] Operational,A,08-037-41-000,Pastrana,Leyte,Region VIII (Eastern Visayas),Municipality,5th*,R8,K
[2023-12] 01-028-17-000,2023-12,2023,[12] December,"Pasuquin, Ilocos Norte",[1] Operational,,,,,[A] Operational,A,01-028-17-000,Pasuquin,Ilocos Norte,Region I (Ilocos Region),Municipality,3rd,R1,C
[2024-01] 01-028-17-000,2024-01,2024,[01] January,"Pasuquin, Ilocos Norte",[1] Operational,,,,,[A] Operational,A,01-028-17-000,Pasuquin,Ilocos Norte,Region I (Ilocos Region),Municipality,3rd,R1,C
[2024-02] 01-028-17-000,2024-02,2024,[02] February,"Pasuquin, Ilocos Norte",[1] Operational,,,,,[A] Operational,A,01-028-17-000,Pasuquin,Ilocos Norte,Region I (Ilocos Region),Municipality,3rd,R1,C
[2024-03] 01-028-17-000,2024-03,2024,[03] March,"Pasuquin, Ilocos Norte",[1] Operational,,,,,[A] Operational,A,01-028-17-000,Pasuquin,Ilocos Norte,Region I (Ilocos Region),Municipality,3rd,R1,C
[2024-04] 01-028-17-000,2024-04,2024,[04] April,"Pasuquin, Ilocos Norte",[1] Operational,,,,,[A] Operational,A,01-028-17-000,Pasuquin,Ilocos Norte,Region I (Ilocos Region),Municipality,3rd,R1,C
[2024-05] 01-028-17-000,2024-05,2024,[05] May,"Pasuquin, Ilocos Norte",[1] Operational,,,,,[A] Operational,A,01-028-17-000,Pasuquin,Ilocos Norte,Region I (Ilocos Region),Municipality,3rd,R1,C
[2024-06] 01-028-17-000,2024-06,2024,[06] June,"Pasuquin, Ilocos Norte",[1] Operational,,,,,[A] Operational,A,01-028-17-000,Pasuquin,Ilocos Norte,Region I (Ilocos Region),Municipality,3rd,R1,C
[2024-07] 01-028-17-000,2024-07,2024,[07] July,"Pasuquin, Ilocos Norte",[1] Operational,,,,,[A] Operational,A,01-028-17-000,Pasuquin,Ilocos Norte,Region I (Ilocos Region),Municipality,3rd,R1,C
[2024-05] 14-001-17-000,2024-05,2024,[05] May,"Peñarrubia, Abra",[1] Operational,,,,,[A] Operational,B,14-001-17-000,Peñarrubia,Abra,Cordillera Administrative Region (CAR),Municipality,6th,CAR,B
[2024-06] 14-001-17-000,2024-06,2024,[06] June,"Peñarrubia, Abra",[1] Operational,,,,,[A] Operational,B,14-001-17-000,Peñarrubia,Abra,Cordillera Administrative Region (CAR),Municipality,6th,CAR,B
[2024-07] 14-001-17-000,2024-07,2024,[07] July,"Peñarrubia, Abra",[1] Operational,,,,,[A] Operational,B,14-001-17-000,Peñarrubia,Abra,Cordillera Administrative Region (CAR),Municipality,6th,CAR,B
[2023-12] 01-028-18-000,2023-12,2023,[12] December,"Piddig, Ilocos Norte",[1] Operational,,,,,[A] Operational,A,01-028-18-000,Piddig,Ilocos Norte,Region I (Ilocos Region),Municipality,3rd,R1,C
[2024-01] 01-028-18-000,2024-01,2024,[01] January,"Piddig, Ilocos Norte",[1] Operational,,,,,[A] Operational,A,01-028-18-000,Piddig,Ilocos Norte,Region I (Ilocos Region),Municipality,3rd,R1,C
[2024-02] 01-028-18-000,2024-02,2024,[02] February,"Piddig, Ilocos Norte",[1] Operational,,,,,[A] Operational,A,01-028-18-000,Piddig,Ilocos Norte,Region I (Ilocos Region),Municipality,3rd,R1,C
[2024-03] 01-028-18-000,2024-03,2024,[03] March,"Piddig, Ilocos Norte",[1] Operational,,,,,[A] Operational,A,01-028-18-000,Piddig,Ilocos Norte,Region I (Ilocos Region),Municipality,3rd,R1,C
[2024-04] 01-028-18-000,2024-04,2024,[04] April,"Piddig, Ilocos Norte",[1] Operational,,,,,[A] Operational,A,01-028-18-000,Piddig,Ilocos Norte,Region I (Ilocos Region),Municipality,3rd,R1,C
[2024-05] 01-028-18-000,2024-05,2024,[05] May,"Piddig, Ilocos Norte",[1] Operational,,,,,[A] Operational,A,01-028-18-000,Piddig,Ilocos Norte,Region I (Ilocos Region),Municipality,3rd,R1,C
[2024-06] 01-028-18-000,2024-06,2024,[06] June,"Piddig, Ilocos Norte",[1] Operational,,,,,[A] Operational,A,01-028-18-000,Piddig,Ilocos Norte,Region I (Ilocos Region),Municipality,3rd,R1,C
[2024-07] 01-028-18-000,2024-07,2024,[07] July,"Piddig, Ilocos Norte",[1] Operational,,,,,[A] Operational,A,01-028-18-000,Piddig,Ilocos Norte,Region I (Ilocos Region),Municipality,3rd,R1,C
[2024-01] 12-047-11-000,2024-01,2024,[01] January,"Pigkawayan, Cotabato",[1] Operational,,,,,[A] Operational,A,12-047-11-000,Pigkawayan,Cotabato,Region XII (SOCCSKSARGEN),Municipality,1st,R12,Q
[2024-02] 12-047-11-000,2024-02,2024,[02] February,"Pigkawayan, Cotabato",[1] Operational,,,,,[A] Operational,A,12-047-11-000,Pigkawayan,Cotabato,Region XII (SOCCSKSARGEN),Municipality,1st,R12,Q
[2024-03] 12-047-11-000,2024-03,2024,[03] March,"Pigkawayan, Cotabato",[1] Operational,,,,,[A] Operational,A,12-047-11-000,Pigkawayan,Cotabato,Region XII (SOCCSKSARGEN),Municipality,1st,R12,Q
[2024-04] 12-047-11-000,2024-04,2024,[04] April,"Pigkawayan, Cotabato",[1] Operational,,,,,[A] Operational,A,12-047-11-000,Pigkawayan,Cotabato,Region XII (SOCCSKSARGEN),Municipality,1st,R12,Q
[2024-05] 12-047-11-000,2024-05,2024,[05] May,"Pigkawayan, Cotabato",[1] Operational,,,,,[A] Operational,A,12-047-11-000,Pigkawayan,Cotabato,Region XII (SOCCSKSARGEN),Municipality,1st,R12,Q
[2024-06] 12-047-11-000,2024-06,2024,[06] June,"Pigkawayan, Cotabato",[1] Operational,,,,,[A] Operational,A,12-047-11-000,Pigkawayan,Cotabato,Region XII (SOCCSKSARGEN),Municipality,1st,R12,Q
[2024-07] 12-047-11-000,2024-07,2024,[07] July,"Pigkawayan, Cotabato",[1] Operational,,,,,[A] Operational,A,12-047-11-000,Pigkawayan,Cotabato,Region XII (SOCCSKSARGEN),Municipality,1st,R12,Q
[2023-12] 12-047-12-000,2023-12,2023,[12] December,"Pikit, Cotabato",[1] Operational,,,,,[A] Operational,A,12-047-12-000,Pikit,Cotabato,Region XII (SOCCSKSARGEN),Municipality,1st,R12,Q
[2024-01] 12-047-12-000,2024-01,2024,[01] January,"Pikit, Cotabato",[1] Operational,,,,,[A] Operational,A,12-047-12-000,Pikit,Cotabato,Region XII (SOCCSKSARGEN),Municipality,1st,R12,Q
[2024-02] 12-047-12-000,2024-02,2024,[02] February,"Pikit, Cotabato",[1] Operational,,,,,[A] Operational,A,12-047-12-000,Pikit,Cotabato,Region XII (SOCCSKSARGEN),Municipality,1st,R12,Q
[2024-03] 12-047-12-000,2024-03,2024,[03] March,"Pikit, Cotabato",[1] Operational,,,,,[A] Operational,A,12-047-12-000,Pikit,Cotabato,Region XII (SOCCSKSARGEN),Municipality,1st,R12,Q
[2024-04] 12-047-12-000,2024-04,2024,[04] April,"Pikit, Cotabato",[1] Operational,,,,,[A] Operational,A,12-047-12-000,Pikit,Cotabato,Region XII (SOCCSKSARGEN),Municipality,1st,R12,Q
[2024-05] 12-047-12-000,2024-05,2024,[05] May,"Pikit, Cotabato",[1] Operational,,,,,[A] Operational,A,12-047-12-000,Pikit,Cotabato,Region XII (SOCCSKSARGEN),Municipality,1st,R12,Q
[2024-06] 12-047-12-000,2024-06,2024,[06] June,"Pikit, Cotabato",[1] Operational,,,,,[A] Operational,A,12-047-12-000,Pikit,Cotabato,Region XII (SOCCSKSARGEN),Municipality,1st,R12,Q
[2024-07] 12-047-12-000,2024-07,2024,[07] July,"Pikit, Cotabato",[1] Operational,,,,,[A] Operational,A,12-047-12-000,Pikit,Cotabato,Region XII (SOCCSKSARGEN),Municipality,1st,R12,Q
[2023-12] 17-052-09-000,2023-12,2023,[12] December,"Pinamalayan, Oriental Mindoro",[2] Ongoing Testing and Data Build-up,50%,,,,[B] Developmental,B,17-052-09-000,Pinamalayan,Oriental Mindoro,MIMAROPA Region,Municipality,1st,R4B,G
[2024-01] 17-052-09-000,2024-01,2024,[01] January,"Pinamalayan, Oriental Mindoro",[2] Ongoing Testing and Data Build-up,50%,,,LGU is waiting for the Brgy Resolution of other Brgys.,[B] Developmental,B,17-052-09-000,Pinamalayan,Oriental Mindoro,MIMAROPA Region,Municipality,1st,R4B,G
[2024-02] 17-052-09-000,2024-02,2024,[02] February,"Pinamalayan, Oriental Mindoro",[2] Ongoing Testing and Data Build-up,50%,,,LGU is waiting for the Brgy Resolution of other Brgys.,[B] Developmental,B,17-052-09-000,Pinamalayan,Oriental Mindoro,MIMAROPA Region,Municipality,1st,R4B,G
[2024-03] 17-052-09-000,2024-03,2024,[03] March,"Pinamalayan, Oriental Mindoro",[2] Ongoing Testing and Data Build-up,50%,,,LGU is collecting for the Brgy Resolution of other Brgys.,[B] Developmental,B,17-052-09-000,Pinamalayan,Oriental Mindoro,MIMAROPA Region,Municipality,1st,R4B,G
[2024-04] 17-052-09-000,2024-04,2024,[04] April,"Pinamalayan, Oriental Mindoro",[2] Ongoing Testing and Data Build-up,50%,,,,[B] Developmental,B,17-052-09-000,Pinamalayan,Oriental Mindoro,MIMAROPA Region,Municipality,1st,R4B,G
[2024-05] 17-052-09-000,2024-05,2024,[05] May,"Pinamalayan, Oriental Mindoro",[2] Ongoing Testing and Data Build-up,55%,,,,[B] Developmental,B,17-052-09-000,Pinamalayan,Oriental Mindoro,MIMAROPA Region,Municipality,1st,R4B,G
[2024-06] 17-052-09-000,2024-06,2024,[06] June,"Pinamalayan, Oriental Mindoro",[2] Ongoing Testing and Data Build-up,55%,,,,[B] Developmental,B,17-052-09-000,Pinamalayan,Oriental Mindoro,MIMAROPA Region,Municipality,1st,R4B,G
[2024-07] 17-052-09-000,2024-07,2024,[07] July,"Pinamalayan, Oriental Mindoro",[1] Operational,,,,"Full Integration:July 16, 2024",[A] Operational,B,17-052-09-000,Pinamalayan,Oriental Mindoro,MIMAROPA Region,Municipality,1st,R4B,G
[2023-12] 07-022-37-000,2023-12,2023,[12] December,"Pinamungajan, Cebu",[1] Operational,,,,,[A] Operational,B,07-022-37-000,Pinamungajan,Cebu,Region VII (Central Visayas),Municipality,2nd,R7,J
[2024-01] 07-022-37-000,2024-01,2024,[01] January,"Pinamungajan, Cebu",[1] Operational,,,,,[A] Operational,B,07-022-37-000,Pinamungajan,Cebu,Region VII (Central Visayas),Municipality,2nd,R7,J
[2024-02] 07-022-37-000,2024-02,2024,[02] February,"Pinamungajan, Cebu",[1] Operational,,,,,[A] Operational,B,07-022-37-000,Pinamungajan,Cebu,Region VII (Central Visayas),Municipality,2nd,R7,J
[2024-03] 07-022-37-000,2024-03,2024,[03] March,"Pinamungajan, Cebu",[1] Operational,,,,,[A] Operational,B,07-022-37-000,Pinamungajan,Cebu,Region VII (Central Visayas),Municipality,2nd,R7,J
[2024-04] 07-022-37-000,2024-04,2024,[04] April,"Pinamungajan, Cebu",[1] Operational,,,,,[A] Operational,B,07-022-37-000,Pinamungajan,Cebu,Region VII (Central Visayas),Municipality,2nd,R7,J
[2024-05] 07-022-37-000,2024-05,2024,[05] May,"Pinamungajan, Cebu",[1] Operational,,,,,[A] Operational,B,07-022-37-000,Pinamungajan,Cebu,Region VII (Central Visayas),Municipality,2nd,R7,J
[2024-06] 07-022-37-000,2024-06,2024,[06] June,"Pinamungajan, Cebu",[1] Operational,,,,,[A] Operational,B,07-022-37-000,Pinamungajan,Cebu,Region VII (Central Visayas),Municipality,2nd,R7,J
[2024-07] 07-022-37-000,2024-07,2024,[07] July,"Pinamungajan, Cebu",[1] Operational,,,,,[A] Operational,B,07-022-37-000,Pinamungajan,Cebu,Region VII (Central Visayas),Municipality,2nd,R7,J
[2023-12] 08-064-11-000,2023-12,2023,[12] December,"Pintuyan, Southern Leyte",[1] Operational,,,,,[A] Operational,B,08-064-11-000,Pintuyan,Southern Leyte,Region VIII (Eastern Visayas),Municipality,5th*,R8,K
[2024-01] 08-064-11-000,2024-01,2024,[01] January,"Pintuyan, Southern Leyte",[1] Operational,,,,,[A] Operational,B,08-064-11-000,Pintuyan,Southern Leyte,Region VIII (Eastern Visayas),Municipality,5th*,R8,K
[2024-02] 08-064-11-000,2024-02,2024,[02] February,"Pintuyan, Southern Leyte",[1] Operational,,,,,[A] Operational,B,08-064-11-000,Pintuyan,Southern Leyte,Region VIII (Eastern Visayas),Municipality,5th*,R8,K
[2024-03] 08-064-11-000,2024-03,2024,[03] March,"Pintuyan, Southern Leyte",[1] Operational,,,,,[A] Operational,B,08-064-11-000,Pintuyan,Southern Leyte,Region VIII (Eastern Visayas),Municipality,5th*,R8,K
[2024-04] 08-064-11-000,2024-04,2024,[04] April,"Pintuyan, Southern Leyte",[1] Operational,,,,,[A] Operational,B,08-064-11-000,Pintuyan,Southern Leyte,Region VIII (Eastern Visayas),Municipality,5th*,R8,K
[2024-05] 08-064-11-000,2024-05,2024,[05] May,"Pintuyan, Southern Leyte",[1] Operational,,,,,[A] Operational,B,08-064-11-000,Pintuyan,Southern Leyte,Region VIII (Eastern Visayas),Municipality,5th*,R8,K
[2024-06] 08-064-11-000,2024-06,2024,[06] June,"Pintuyan, Southern Leyte",[1] Operational,,,,,[A] Operational,B,08-064-11-000,Pintuyan,Southern Leyte,Region VIII (Eastern Visayas),Municipality,5th*,R8,K
[2024-07] 08-064-11-000,2024-07,2024,[07] July,"Pintuyan, Southern Leyte",[1] Operational,,,,,[A] Operational,B,08-064-11-000,Pintuyan,Southern Leyte,Region VIII (Eastern Visayas),Municipality,5th*,R8,K
[2023-12] 10-042-12-000,2023-12,2023,[12] December,"Plaridel, Misamis Occidental",[1] Operational,,,,,[A] Operational,A,10-042-12-000,Plaridel,Misamis Occidental,Region X (Northern Mindanao),Municipality,3rd,R10,N
[2024-01] 10-042-12-000,2024-01,2024,[01] January,"Plaridel, Misamis Occidental",[1] Operational,,,,,[A] Operational,A,10-042-12-000,Plaridel,Misamis Occidental,Region X (Northern Mindanao),Municipality,3rd,R10,N
[2024-02] 10-042-12-000,2024-02,2024,[02] February,"Plaridel, Misamis Occidental",[1] Operational,,,,,[A] Operational,A,10-042-12-000,Plaridel,Misamis Occidental,Region X (Northern Mindanao),Municipality,3rd,R10,N
[2024-03] 10-042-12-000,2024-03,2024,[03] March,"Plaridel, Misamis Occidental",[1] Operational,,,,,[A] Operational,A,10-042-12-000,Plaridel,Misamis Occidental,Region X (Northern Mindanao),Municipality,3rd,R10,N
[2024-04] 10-042-12-000,2024-04,2024,[04] April,"Plaridel, Misamis Occidental",[1] Operational,,,,,[A] Operational,A,10-042-12-000,Plaridel,Misamis Occidental,Region X (Northern Mindanao),Municipality,3rd,R10,N
[2024-05] 10-042-12-000,2024-05,2024,[05] May,"Plaridel, Misamis Occidental",[1] Operational,,,,,[A] Operational,A,10-042-12-000,Plaridel,Misamis Occidental,Region X (Northern Mindanao),Municipality,3rd,R10,N
[2024-06] 10-042-12-000,2024-06,2024,[06] June,"Plaridel, Misamis Occidental",[1] Operational,,,,,[A] Operational,A,10-042-12-000,Plaridel,Misamis Occidental,Region X (Northern Mindanao),Municipality,3rd,R10,N
[2024-07] 10-042-12-000,2024-07,2024,[07] July,"Plaridel, Misamis Occidental",[1] Operational,,,,,[A] Operational,A,10-042-12-000,Plaridel,Misamis Occidental,Region X (Northern Mindanao),Municipality,3rd,R10,N
[2023-12] 09-072-10-000,2023-12,2023,[12] December,"Polanco, Zamboanga del Norte",[1] Operational,,,,,[A] Operational,A,09-072-10-000,Polanco,Zamboanga del Norte,Region IX (Zamboanga Peninsula),Municipality,3rd,R9,L
[2024-01] 09-072-10-000,2024-01,2024,[01] January,"Polanco, Zamboanga del Norte",[1] Operational,,,,,[A] Operational,A,09-072-10-000,Polanco,Zamboanga del Norte,Region IX (Zamboanga Peninsula),Municipality,3rd,R9,L
[2024-02] 09-072-10-000,2024-02,2024,[02] February,"Polanco, Zamboanga del Norte",[1] Operational,,,,,[A] Operational,A,09-072-10-000,Polanco,Zamboanga del Norte,Region IX (Zamboanga Peninsula),Municipality,3rd,R9,L
[2024-03] 09-072-10-000,2024-03,2024,[03] March,"Polanco, Zamboanga del Norte",[1] Operational,,,,,[A] Operational,A,09-072-10-000,Polanco,Zamboanga del Norte,Region IX (Zamboanga Peninsula),Municipality,3rd,R9,L
[2024-04] 09-072-10-000,2024-04,2024,[04] April,"Polanco, Zamboanga del Norte",[1] Operational,,,,,[A] Operational,A,09-072-10-000,Polanco,Zamboanga del Norte,Region IX (Zamboanga Peninsula),Municipality,3rd,R9,L
[2024-05] 09-072-10-000,2024-05,2024,[05] May,"Polanco, Zamboanga del Norte",[1] Operational,,,,,[A] Operational,A,09-072-10-000,Polanco,Zamboanga del Norte,Region IX (Zamboanga Peninsula),Municipality,3rd,R9,L
[2024-06] 09-072-10-000,2024-06,2024,[06] June,"Polanco, Zamboanga del Norte",[1] Operational,,,,,[A] Operational,A,09-072-10-000,Polanco,Zamboanga del Norte,Region IX (Zamboanga Peninsula),Municipality,3rd,R9,L
[2024-07] 09-072-10-000,2024-07,2024,[07] July,"Polanco, Zamboanga del Norte",[1] Operational,,,,,[A] Operational,A,09-072-10-000,Polanco,Zamboanga del Norte,Region IX (Zamboanga Peninsula),Municipality,3rd,R9,L
[2023-12] 01-055-30-000,2023-12,2023,[12] December,"Pozorrubio, Pangasinan",[1] Operational,,,,,[A] Operational,A,01-055-30-000,Pozorrubio,Pangasinan,Region I (Ilocos Region),Municipality,1st,R1,C
[2024-01] 01-055-30-000,2024-01,2024,[01] January,"Pozorrubio, Pangasinan",[1] Operational,,,,,[A] Operational,A,01-055-30-000,Pozorrubio,Pangasinan,Region I (Ilocos Region),Municipality,1st,R1,C
[2024-02] 01-055-30-000,2024-02,2024,[02] February,"Pozorrubio, Pangasinan",[1] Operational,,,,,[A] Operational,A,01-055-30-000,Pozorrubio,Pangasinan,Region I (Ilocos Region),Municipality,1st,R1,C
[2024-03] 01-055-30-000,2024-03,2024,[03] March,"Pozorrubio, Pangasinan",[1] Operational,,,,,[A] Operational,A,01-055-30-000,Pozorrubio,Pangasinan,Region I (Ilocos Region),Municipality,1st,R1,C
[2024-04] 01-055-30-000,2024-04,2024,[04] April,"Pozorrubio, Pangasinan",[1] Operational,,,,,[A] Operational,A,01-055-30-000,Pozorrubio,Pangasinan,Region I (Ilocos Region),Municipality,1st,R1,C
[2024-05] 01-055-30-000,2024-05,2024,[05] May,"Pozorrubio, Pangasinan",[1] Operational,,,,,[A] Operational,A,01-055-30-000,Pozorrubio,Pangasinan,Region I (Ilocos Region),Municipality,1st,R1,C
[2024-06] 01-055-30-000,2024-06,2024,[06] June,"Pozorrubio, Pangasinan",[1] Operational,,,,,[A] Operational,A,01-055-30-000,Pozorrubio,Pangasinan,Region I (Ilocos Region),Municipality,1st,R1,C
[2024-07] 01-055-30-000,2024-07,2024,[07] July,"Pozorrubio, Pangasinan",[1] Operational,,,,,[A] Operational,A,01-055-30-000,Pozorrubio,Pangasinan,Region I (Ilocos Region),Municipality,1st,R1,C
[2023-12] 12-047-13-000,2023-12,2023,[12] December,"President Roxas, Cotabato",[2] Ongoing Testing and Data Build-up,20%,,,,[B] Developmental,A,12-047-13-000,President Roxas,Cotabato,Region XII (SOCCSKSARGEN),Municipality,1st,R12,Q
[2024-01] 12-047-13-000,2024-01,2024,[01] January,"President Roxas, Cotabato",[2] Ongoing Testing and Data Build-up,30%,,,,[B] Developmental,A,12-047-13-000,President Roxas,Cotabato,Region XII (SOCCSKSARGEN),Municipality,1st,R12,Q
[2024-02] 12-047-13-000,2024-02,2024,[02] February,"President Roxas, Cotabato",[2] Ongoing Testing and Data Build-up,40%,,,,[B] Developmental,A,12-047-13-000,President Roxas,Cotabato,Region XII (SOCCSKSARGEN),Municipality,1st,R12,Q
[2024-03] 12-047-13-000,2024-03,2024,[03] March,"President Roxas, Cotabato",[2] Ongoing Testing and Data Build-up,40%,,,,[B] Developmental,A,12-047-13-000,President Roxas,Cotabato,Region XII (SOCCSKSARGEN),Municipality,1st,R12,Q
[2024-04] 12-047-13-000,2024-04,2024,[04] April,"President Roxas, Cotabato",[2] Ongoing Testing and Data Build-up,50%,,,,[B] Developmental,A,12-047-13-000,President Roxas,Cotabato,Region XII (SOCCSKSARGEN),Municipality,1st,R12,Q
[2024-05] 12-047-13-000,2024-05,2024,[05] May,"President Roxas, Cotabato",[2] Ongoing Testing and Data Build-up,50%,,,,[B] Developmental,A,12-047-13-000,President Roxas,Cotabato,Region XII (SOCCSKSARGEN),Municipality,1st,R12,Q
[2024-06] 12-047-13-000,2024-06,2024,[06] June,"President Roxas, Cotabato",[2] Ongoing Testing and Data Build-up,65%,,,,[B] Developmental,A,12-047-13-000,President Roxas,Cotabato,Region XII (SOCCSKSARGEN),Municipality,1st,R12,Q
[2024-07] 12-047-13-000,2024-07,2024,[07] July,"President Roxas, Cotabato",[2] Ongoing Testing and Data Build-up,65%,,,,[B] Developmental,A,12-047-13-000,President Roxas,Cotabato,Region XII (SOCCSKSARGEN),Municipality,1st,R12,Q
[2024-07] 14-081-06-000,2024-07,2024,[07] July,"Pudtol, Apayao",[2] Ongoing Testing and Data Build-up,25%,,,,[B] Developmental,B,14-081-06-000,Pudtol,Apayao,Cordillera Administrative Region (CAR),Municipality,4th,CAR,B
[2024-05] 03-049-22-000,2024-05,2024,[05] May,"Quezon, Nueva Ecija",[1] Operational,,,,,[A] Operational,B,03-049-22-000,Quezon,Nueva Ecija,Region III (Central Luzon),Municipality,4th,R3,E
[2024-06] 03-049-22-000,2024-06,2024,[06] June,"Quezon, Nueva Ecija",[1] Operational,,,,,[A] Operational,B,03-049-22-000,Quezon,Nueva Ecija,Region III (Central Luzon),Municipality,4th,R3,E
[2024-07] 03-049-22-000,2024-07,2024,[07] July,"Quezon, Nueva Ecija",[1] Operational,,,,,[A] Operational,B,03-049-22-000,Quezon,Nueva Ecija,Region III (Central Luzon),Municipality,4th,R3,E
[2023-12] 17-053-17-000,2023-12,2023,[12] December,"Quezon, Palawan",[1] Operational,,,,,[A] Operational,A,17-053-17-000,Quezon,Palawan,MIMAROPA Region,Municipality,1st,R4B,G
[2024-01] 17-053-17-000,2024-01,2024,[01] January,"Quezon, Palawan",[1] Operational,,,,,[A] Operational,A,17-053-17-000,Quezon,Palawan,MIMAROPA Region,Municipality,1st,R4B,G
[2024-02] 17-053-17-000,2024-02,2024,[02] February,"Quezon, Palawan",[1] Operational,,,,,[A] Operational,A,17-053-17-000,Quezon,Palawan,MIMAROPA Region,Municipality,1st,R4B,G
[2024-03] 17-053-17-000,2024-03,2024,[03] March,"Quezon, Palawan",[1] Operational,,,,,[A] Operational,A,17-053-17-000,Quezon,Palawan,MIMAROPA Region,Municipality,1st,R4B,G
[2024-04] 17-053-17-000,2024-04,2024,[04] April,"Quezon, Palawan",[1] Operational,,,,,[A] Operational,A,17-053-17-000,Quezon,Palawan,MIMAROPA Region,Municipality,1st,R4B,G
[2024-05] 17-053-17-000,2024-05,2024,[05] May,"Quezon, Palawan",[1] Operational,,,,,[A] Operational,A,17-053-17-000,Quezon,Palawan,MIMAROPA Region,Municipality,1st,R4B,G
[2024-06] 17-053-17-000,2024-06,2024,[06] June,"Quezon, Palawan",[1] Operational,,,,,[A] Operational,A,17-053-17-000,Quezon,Palawan,MIMAROPA Region,Municipality,1st,R4B,G
[2024-07] 17-053-17-000,2024-07,2024,[07] July,"Quezon, Palawan",[1] Operational,,,,,[A] Operational,A,17-053-17-000,Quezon,Palawan,MIMAROPA Region,Municipality,1st,R4B,G
[2023-12] 08-026-18-000,2023-12,2023,[12] December,"Quinapondan, Eastern Samar",[1] Operational,,,,,[A] Operational,B,08-026-18-000,Quinapondan,Eastern Samar,Region VIII (Eastern Visayas),Municipality,5th,R8,K
[2024-01] 08-026-18-000,2024-01,2024,[01] January,"Quinapondan, Eastern Samar",[1] Operational,,,,,[A] Operational,B,08-026-18-000,Quinapondan,Eastern Samar,Region VIII (Eastern Visayas),Municipality,5th,R8,K
[2024-02] 08-026-18-000,2024-02,2024,[02] February,"Quinapondan, Eastern Samar",[1] Operational,,,,,[A] Operational,B,08-026-18-000,Quinapondan,Eastern Samar,Region VIII (Eastern Visayas),Municipality,5th,R8,K
[2024-03] 08-026-18-000,2024-03,2024,[03] March,"Quinapondan, Eastern Samar",[1] Operational,,,,,[A] Operational,B,08-026-18-000,Quinapondan,Eastern Samar,Region VIII (Eastern Visayas),Municipality,5th,R8,K
[2024-04] 08-026-18-000,2024-04,2024,[04] April,"Quinapondan, Eastern Samar",[1] Operational,,,,,[A] Operational,B,08-026-18-000,Quinapondan,Eastern Samar,Region VIII (Eastern Visayas),Municipality,5th,R8,K
[2024-05] 08-026-18-000,2024-05,2024,[05] May,"Quinapondan, Eastern Samar",[1] Operational,,,,,[A] Operational,B,08-026-18-000,Quinapondan,Eastern Samar,Region VIII (Eastern Visayas),Municipality,5th,R8,K
[2024-06] 08-026-18-000,2024-06,2024,[06] June,"Quinapondan, Eastern Samar",[1] Operational,,,,,[A] Operational,B,08-026-18-000,Quinapondan,Eastern Samar,Region VIII (Eastern Visayas),Municipality,5th,R8,K
[2024-07] 08-026-18-000,2024-07,2024,[07] July,"Quinapondan, Eastern Samar",[1] Operational,,,,,[A] Operational,B,08-026-18-000,Quinapondan,Eastern Samar,Region VIII (Eastern Visayas),Municipality,5th,R8,K
[2023-12] 09-073-23-000,2023-12,2023,[12] December,"Ramon Magsaysay, Zamboanga del Sur",[1] Operational,,,,,[A] Operational,A,09-073-23-000,Ramon Magsaysay,Zamboanga del Sur,Region IX (Zamboanga Peninsula),Municipality,4th*,R9,L
[2024-01] 09-073-23-000,2024-01,2024,[01] January,"Ramon Magsaysay, Zamboanga del Sur",[1] Operational,,,,,[A] Operational,A,09-073-23-000,Ramon Magsaysay,Zamboanga del Sur,Region IX (Zamboanga Peninsula),Municipality,4th*,R9,L
[2024-02] 09-073-23-000,2024-02,2024,[02] February,"Ramon Magsaysay, Zamboanga del Sur",[1] Operational,,,,,[A] Operational,A,09-073-23-000,Ramon Magsaysay,Zamboanga del Sur,Region IX (Zamboanga Peninsula),Municipality,4th*,R9,L
[2024-03] 09-073-23-000,2024-03,2024,[03] March,"Ramon Magsaysay, Zamboanga del Sur",[1] Operational,,,,,[A] Operational,A,09-073-23-000,Ramon Magsaysay,Zamboanga del Sur,Region IX (Zamboanga Peninsula),Municipality,4th*,R9,L
[2024-04] 09-073-23-000,2024-04,2024,[04] April,"Ramon Magsaysay, Zamboanga del Sur",[1] Operational,,,,,[A] Operational,A,09-073-23-000,Ramon Magsaysay,Zamboanga del Sur,Region IX (Zamboanga Peninsula),Municipality,4th*,R9,L
[2024-05] 09-073-23-000,2024-05,2024,[05] May,"Ramon Magsaysay, Zamboanga del Sur",[1] Operational,,,,,[A] Operational,A,09-073-23-000,Ramon Magsaysay,Zamboanga del Sur,Region IX (Zamboanga Peninsula),Municipality,4th*,R9,L
[2024-06] 09-073-23-000,2024-06,2024,[06] June,"Ramon Magsaysay, Zamboanga del Sur",[1] Operational,,,,,[A] Operational,A,09-073-23-000,Ramon Magsaysay,Zamboanga del Sur,Region IX (Zamboanga Peninsula),Municipality,4th*,R9,L
[2024-07] 09-073-23-000,2024-07,2024,[07] July,"Ramon Magsaysay, Zamboanga del Sur",[1] Operational,,,,,[A] Operational,A,09-073-23-000,Ramon Magsaysay,Zamboanga del Sur,Region IX (Zamboanga Peninsula),Municipality,4th*,R9,L
[2023-12] 02-031-24-000,2023-12,2023,[12] December,"Ramon, Isabela",[1] Operational,,,,,[A] Operational,A,02-031-24-000,Ramon,Isabela,Region II (Cagayan Valley),Municipality,2nd,R2,D
[2024-01] 02-031-24-000,2024-01,2024,[01] January,"Ramon, Isabela",[1] Operational,,,,,[A] Operational,A,02-031-24-000,Ramon,Isabela,Region II (Cagayan Valley),Municipality,2nd,R2,D
[2024-02] 02-031-24-000,2024-02,2024,[02] February,"Ramon, Isabela",[1] Operational,,,,,[A] Operational,A,02-031-24-000,Ramon,Isabela,Region II (Cagayan Valley),Municipality,2nd,R2,D
[2024-03] 02-031-24-000,2024-03,2024,[03] March,"Ramon, Isabela",[1] Operational,,,,,[A] Operational,A,02-031-24-000,Ramon,Isabela,Region II (Cagayan Valley),Municipality,2nd,R2,D
[2024-04] 02-031-24-000,2024-04,2024,[04] April,"Ramon, Isabela",[1] Operational,,,,,[A] Operational,A,02-031-24-000,Ramon,Isabela,Region II (Cagayan Valley),Municipality,2nd,R2,D
[2024-05] 02-031-24-000,2024-05,2024,[05] May,"Ramon, Isabela",[1] Operational,,,,,[A] Operational,A,02-031-24-000,Ramon,Isabela,Region II (Cagayan Valley),Municipality,2nd,R2,D
[2024-06] 02-031-24-000,2024-06,2024,[06] June,"Ramon, Isabela",[1] Operational,,,,,[A] Operational,A,02-031-24-000,Ramon,Isabela,Region II (Cagayan Valley),Municipality,2nd,R2,D
[2024-07] 02-031-24-000,2024-07,2024,[07] July,"Ramon, Isabela",[1] Operational,,,,,[A] Operational,A,02-031-24-000,Ramon,Isabela,Region II (Cagayan Valley),Municipality,2nd,R2,D
[2024-02] 16-002-12-000,2024-02,2024,[02] February,"Remedios T. Romualdez, Agusan del Norte",[1] Operational,,,,,[A] Operational,B,16-002-12-000,Remedios T. Romualdez,Agusan del Norte,Region XIII (Caraga),Municipality,5th,R13,O
[2024-03] 16-002-12-000,2024-03,2024,[03] March,"Remedios T. Romualdez, Agusan del Norte",[1] Operational,,,,,[A] Operational,B,16-002-12-000,Remedios T. Romualdez,Agusan del Norte,Region XIII (Caraga),Municipality,5th,R13,O
[2024-04] 16-002-12-000,2024-04,2024,[04] April,"Remedios T. Romualdez, Agusan del Norte",[1] Operational,,,,,[A] Operational,B,16-002-12-000,Remedios T. Romualdez,Agusan del Norte,Region XIII (Caraga),Municipality,5th,R13,O
[2024-05] 16-002-12-000,2024-05,2024,[05] May,"Remedios T. Romualdez, Agusan del Norte",[1] Operational,,,,,[A] Operational,B,16-002-12-000,Remedios T. Romualdez,Agusan del Norte,Region XIII (Caraga),Municipality,5th,R13,O
[2024-06] 16-002-12-000,2024-06,2024,[06] June,"Remedios T. Romualdez, Agusan del Norte",[1] Operational,,,,,[A] Operational,B,16-002-12-000,Remedios T. Romualdez,Agusan del Norte,Region XIII (Caraga),Municipality,5th,R13,O
[2024-07] 16-002-12-000,2024-07,2024,[07] July,"Remedios T. Romualdez, Agusan del Norte",[1] Operational,,,,,[A] Operational,B,16-002-12-000,Remedios T. Romualdez,Agusan del Norte,Region XIII (Caraga),Municipality,5th,R13,O
[2023-12] 04-034-23-000,2023-12,2023,[12] December,"Rizal, Laguna",[1] Operational,,,,,[A] Operational,A,04-034-23-000,Rizal,Laguna,Region IV-A (CALABARZON),Municipality,5th,R4A,F
[2024-01] 04-034-23-000,2024-01,2024,[01] January,"Rizal, Laguna",[1] Operational,,,,,[A] Operational,A,04-034-23-000,Rizal,Laguna,Region IV-A (CALABARZON),Municipality,5th,R4A,F
[2024-02] 04-034-23-000,2024-02,2024,[02] February,"Rizal, Laguna",[1] Operational,,,,,[A] Operational,A,04-034-23-000,Rizal,Laguna,Region IV-A (CALABARZON),Municipality,5th,R4A,F
[2024-03] 04-034-23-000,2024-03,2024,[03] March,"Rizal, Laguna",[1] Operational,,,,,[A] Operational,A,04-034-23-000,Rizal,Laguna,Region IV-A (CALABARZON),Municipality,5th,R4A,F
[2024-04] 04-034-23-000,2024-04,2024,[04] April,"Rizal, Laguna",[1] Operational,,,,,[A] Operational,A,04-034-23-000,Rizal,Laguna,Region IV-A (CALABARZON),Municipality,5th,R4A,F
[2024-05] 04-034-23-000,2024-05,2024,[05] May,"Rizal, Laguna",[1] Operational,,,,,[A] Operational,A,04-034-23-000,Rizal,Laguna,Region IV-A (CALABARZON),Municipality,5th,R4A,F
[2024-06] 04-034-23-000,2024-06,2024,[06] June,"Rizal, Laguna",[1] Operational,,,,,[A] Operational,A,04-034-23-000,Rizal,Laguna,Region IV-A (CALABARZON),Municipality,5th,R4A,F
[2024-07] 04-034-23-000,2024-07,2024,[07] July,"Rizal, Laguna",[1] Operational,,,,,[A] Operational,A,04-034-23-000,Rizal,Laguna,Region IV-A (CALABARZON),Municipality,5th,R4A,F
[2023-12] 03-049-23-000,2023-12,2023,[12] December,"Rizal, Nueva Ecija",[1] Operational,,,,,[A] Operational,B,03-049-23-000,Rizal,Nueva Ecija,Region III (Central Luzon),Municipality,2nd,R3,E
[2024-01] 03-049-23-000,2024-01,2024,[01] January,"Rizal, Nueva Ecija",[1] Operational,,,,,[A] Operational,B,03-049-23-000,Rizal,Nueva Ecija,Region III (Central Luzon),Municipality,2nd,R3,E
[2024-02] 03-049-23-000,2024-02,2024,[02] February,"Rizal, Nueva Ecija",[1] Operational,,,,,[A] Operational,B,03-049-23-000,Rizal,Nueva Ecija,Region III (Central Luzon),Municipality,2nd,R3,E
[2024-03] 03-049-23-000,2024-03,2024,[03] March,"Rizal, Nueva Ecija",[1] Operational,,,,,[A] Operational,B,03-049-23-000,Rizal,Nueva Ecija,Region III (Central Luzon),Municipality,2nd,R3,E
[2024-04] 03-049-23-000,2024-04,2024,[04] April,"Rizal, Nueva Ecija",[1] Operational,,,,,[A] Operational,B,03-049-23-000,Rizal,Nueva Ecija,Region III (Central Luzon),Municipality,2nd,R3,E
[2024-05] 03-049-23-000,2024-05,2024,[05] May,"Rizal, Nueva Ecija",[1] Operational,,,,,[A] Operational,B,03-049-23-000,Rizal,Nueva Ecija,Region III (Central Luzon),Municipality,2nd,R3,E
[2024-06] 03-049-23-000,2024-06,2024,[06] June,"Rizal, Nueva Ecija",[1] Operational,,,,,[A] Operational,B,03-049-23-000,Rizal,Nueva Ecija,Region III (Central Luzon),Municipality,2nd,R3,E
[2024-07] 03-049-23-000,2024-07,2024,[07] July,"Rizal, Nueva Ecija",[1] Operational,,,,,[A] Operational,B,03-049-23-000,Rizal,Nueva Ecija,Region III (Central Luzon),Municipality,2nd,R3,E
[2023-12] 17-051-08-000,2023-12,2023,[12] December,"Rizal, Occidental Mindoro",[2] Ongoing Testing and Data Build-up,50%,,,,[B] Developmental,B,17-051-08-000,Rizal,Occidental Mindoro,MIMAROPA Region,Municipality,3rd,R4B,G
[2024-01] 17-051-08-000,2024-01,2024,[01] January,"Rizal, Occidental Mindoro",[2] Ongoing Testing and Data Build-up,50%,,,Waiting for the revised Brgy Ordinances of Brgys,[B] Developmental,B,17-051-08-000,Rizal,Occidental Mindoro,MIMAROPA Region,Municipality,3rd,R4B,G
[2024-02] 17-051-08-000,2024-02,2024,[02] February,"Rizal, Occidental Mindoro",[2] Ongoing Testing and Data Build-up,50%,,,Waiting for the revised Brgy Ordinances of Brgys,[B] Developmental,B,17-051-08-000,Rizal,Occidental Mindoro,MIMAROPA Region,Municipality,3rd,R4B,G
[2024-03] 17-051-08-000,2024-03,2024,[03] March,"Rizal, Occidental Mindoro",[2] Ongoing Testing and Data Build-up,50%,,,LGU is collecting for the Brgy Resolution of other Brgys.,[B] Developmental,B,17-051-08-000,Rizal,Occidental Mindoro,MIMAROPA Region,Municipality,3rd,R4B,G
[2024-04] 17-051-08-000,2024-04,2024,[04] April,"Rizal, Occidental Mindoro",[2] Ongoing Testing and Data Build-up,50%,,,,[B] Developmental,B,17-051-08-000,Rizal,Occidental Mindoro,MIMAROPA Region,Municipality,3rd,R4B,G
[2024-05] 17-051-08-000,2024-05,2024,[05] May,"Rizal, Occidental Mindoro",[2] Ongoing Testing and Data Build-up,55%,,,,[B] Developmental,B,17-051-08-000,Rizal,Occidental Mindoro,MIMAROPA Region,Municipality,3rd,R4B,G
[2024-06] 17-051-08-000,2024-06,2024,[06] June,"Rizal, Occidental Mindoro",[2] Ongoing Testing and Data Build-up,55%,,,,[B] Developmental,B,17-051-08-000,Rizal,Occidental Mindoro,MIMAROPA Region,Municipality,3rd,R4B,G
[2024-07] 17-051-08-000,2024-07,2024,[07] July,"Rizal, Occidental Mindoro",[2] Ongoing Testing and Data Build-up,55%,,,Still consolidating Brgy Ordinances,[B] Developmental,B,17-051-08-000,Rizal,Occidental Mindoro,MIMAROPA Region,Municipality,3rd,R4B,G
[2023-12] 17-053-23-000,2023-12,2023,[12] December,"Rizal, Palawan",[2] Ongoing Testing and Data Build-up,70%,,,,[B] Developmental,B,17-053-23-000,Rizal,Palawan,MIMAROPA Region,Municipality,1st,R4B,G
[2024-01] 17-053-23-000,2024-01,2024,[01] January,"Rizal, Palawan",[2] Ongoing Testing and Data Build-up,70%,,,Waiting for Brgy Ordinances of other Brgys.,[B] Developmental,B,17-053-23-000,Rizal,Palawan,MIMAROPA Region,Municipality,1st,R4B,G
[2024-02] 17-053-23-000,2024-02,2024,[02] February,"Rizal, Palawan",[2] Ongoing Testing and Data Build-up,70%,,,Waiting for Brgy Ordinances of other Brgys.,[B] Developmental,B,17-053-23-000,Rizal,Palawan,MIMAROPA Region,Municipality,1st,R4B,G
[2024-03] 17-053-23-000,2024-03,2024,[03] March,"Rizal, Palawan",[2] Ongoing Testing and Data Build-up,70%,,,LGU is collecting for the Brgy Resolution of other Brgys.,[B] Developmental,B,17-053-23-000,Rizal,Palawan,MIMAROPA Region,Municipality,1st,R4B,G
[2024-04] 17-053-23-000,2024-04,2024,[04] April,"Rizal, Palawan",[2] Ongoing Testing and Data Build-up,70%,,,,[B] Developmental,B,17-053-23-000,Rizal,Palawan,MIMAROPA Region,Municipality,1st,R4B,G
[2024-05] 17-053-23-000,2024-05,2024,[05] May,"Rizal, Palawan",[2] Ongoing Testing and Data Build-up,70%,,,,[B] Developmental,B,17-053-23-000,Rizal,Palawan,MIMAROPA Region,Municipality,1st,R4B,G
[2024-06] 17-053-23-000,2024-06,2024,[06] June,"Rizal, Palawan",[2] Ongoing Testing and Data Build-up,70%,,,,[B] Developmental,B,17-053-23-000,Rizal,Palawan,MIMAROPA Region,Municipality,1st,R4B,G
[2024-07] 17-053-23-000,2024-07,2024,[07] July,"Rizal, Palawan",[2] Ongoing Testing and Data Build-up,70%,,,Still consolidating Brgy Ordinances,[B] Developmental,B,17-053-23-000,Rizal,Palawan,MIMAROPA Region,Municipality,1st,R4B,G
[2023-12] 01-033-13-000,2023-12,2023,[12] December,"Rosario, La Union",[1] Operational,,,,,[A] Operational,B,01-033-13-000,Rosario,La Union,Region I (Ilocos Region),Municipality,1st,R1,C
[2024-01] 01-033-13-000,2024-01,2024,[01] January,"Rosario, La Union",[1] Operational,,,,,[A] Operational,B,01-033-13-000,Rosario,La Union,Region I (Ilocos Region),Municipality,1st,R1,C
[2024-02] 01-033-13-000,2024-02,2024,[02] February,"Rosario, La Union",[1] Operational,,,,,[A] Operational,B,01-033-13-000,Rosario,La Union,Region I (Ilocos Region),Municipality,1st,R1,C
[2024-03] 01-033-13-000,2024-03,2024,[03] March,"Rosario, La Union",[1] Operational,,,,,[A] Operational,B,01-033-13-000,Rosario,La Union,Region I (Ilocos Region),Municipality,1st,R1,C
[2024-04] 01-033-13-000,2024-04,2024,[04] April,"Rosario, La Union",[1] Operational,,,,,[A] Operational,B,01-033-13-000,Rosario,La Union,Region I (Ilocos Region),Municipality,1st,R1,C
[2024-05] 01-033-13-000,2024-05,2024,[05] May,"Rosario, La Union",[1] Operational,,,,,[A] Operational,B,01-033-13-000,Rosario,La Union,Region I (Ilocos Region),Municipality,1st,R1,C
[2024-06] 01-033-13-000,2024-06,2024,[06] June,"Rosario, La Union",[1] Operational,,,,,[A] Operational,B,01-033-13-000,Rosario,La Union,Region I (Ilocos Region),Municipality,1st,R1,C
[2024-07] 01-033-13-000,2024-07,2024,[07] July,"Rosario, La Union",[1] Operational,,,,,[A] Operational,B,01-033-13-000,Rosario,La Union,Region I (Ilocos Region),Municipality,1st,R1,C
[2023-12] 14-011-12-000,2023-12,2023,[12] December,"Sablan, Benguet",[2] Ongoing Testing and Data Build-up,25%,"Barangay details only, No Reso yet",,,[B] Developmental,A,14-011-12-000,Sablan,Benguet,Cordillera Administrative Region (CAR),Municipality,5th,CAR,B
[2024-01] 14-011-12-000,2024-01,2024,[01] January,"Sablan, Benguet",[2] Ongoing Testing and Data Build-up,25%,"Barangay details only, No Reso yet",,,[B] Developmental,A,14-011-12-000,Sablan,Benguet,Cordillera Administrative Region (CAR),Municipality,5th,CAR,B
[2024-02] 14-011-12-000,2024-02,2024,[02] February,"Sablan, Benguet",[2] Ongoing Testing and Data Build-up,25%,"Barangay details only, No Reso yet",,,[B] Developmental,A,14-011-12-000,Sablan,Benguet,Cordillera Administrative Region (CAR),Municipality,5th,CAR,B
[2024-03] 14-011-12-000,2024-03,2024,[03] March,"Sablan, Benguet",[2] Ongoing Testing and Data Build-up,25%,"Barangay details only, No Reso yet",,,[B] Developmental,A,14-011-12-000,Sablan,Benguet,Cordillera Administrative Region (CAR),Municipality,5th,CAR,B
[2024-04] 14-011-12-000,2024-04,2024,[04] April,"Sablan, Benguet",[2] Ongoing Testing and Data Build-up,25%,"Barangay details only, No Reso yet",,,[B] Developmental,A,14-011-12-000,Sablan,Benguet,Cordillera Administrative Region (CAR),Municipality,5th,CAR,B
[2024-05] 14-011-12-000,2024-05,2024,[05] May,"Sablan, Benguet",[2] Ongoing Testing and Data Build-up,25%,"Barangay details only, No Reso yet",,,[B] Developmental,A,14-011-12-000,Sablan,Benguet,Cordillera Administrative Region (CAR),Municipality,5th,CAR,B
[2024-06] 14-011-12-000,2024-06,2024,[06] June,"Sablan, Benguet",[2] Ongoing Testing and Data Build-up,25%,"Barangay details only, No Reso yet",,,[B] Developmental,A,14-011-12-000,Sablan,Benguet,Cordillera Administrative Region (CAR),Municipality,5th,CAR,B
[2024-07] 14-011-12-000,2024-07,2024,[07] July,"Sablan, Benguet",[2] Ongoing Testing and Data Build-up,25%,,,,[B] Developmental,A,14-011-12-000,Sablan,Benguet,Cordillera Administrative Region (CAR),Municipality,5th,CAR,B
[2024-06] 17-051-09-000,2024-06,2024,[06] June,"Sablayan, Occidental Mindoro",[1] Operational,,,,,[A] Operational,B,17-051-09-000,Sablayan,Occidental Mindoro,MIMAROPA Region,Municipality,1st,R4B,G
[2024-07] 17-051-09-000,2024-07,2024,[07] July,"Sablayan, Occidental Mindoro",[1] Operational,,,,,[A] Operational,B,17-051-09-000,Sablayan,Occidental Mindoro,MIMAROPA Region,Municipality,1st,R4B,G
[2024-06] 10-018-05-000,2024-06,2024,[06] June,"Sagay, Camiguin",[1] Operational,,,,,[A] Operational,B,10-018-05-000,Sagay,Camiguin,Region X (Northern Mindanao),Municipality,5th,R10,N
[2024-07] 10-018-05-000,2024-07,2024,[07] July,"Sagay, Camiguin",[1] Operational,,,,,[A] Operational,B,10-018-05-000,Sagay,Camiguin,Region X (Northern Mindanao),Municipality,5th,R10,N
[2023-12] 10-043-22-000,2023-12,2023,[12] December,"Salay, Misamis Oriental",[1] Operational,,,,,[A] Operational,A,10-043-22-000,Salay,Misamis Oriental,Region X (Northern Mindanao),Municipality,4th,R10,N
[2024-01] 10-043-22-000,2024-01,2024,[01] January,"Salay, Misamis Oriental",[1] Operational,,,,,[A] Operational,A,10-043-22-000,Salay,Misamis Oriental,Region X (Northern Mindanao),Municipality,4th,R10,N
[2024-02] 10-043-22-000,2024-02,2024,[02] February,"Salay, Misamis Oriental",[1] Operational,,,,,[A] Operational,A,10-043-22-000,Salay,Misamis Oriental,Region X (Northern Mindanao),Municipality,4th,R10,N
[2024-03] 10-043-22-000,2024-03,2024,[03] March,"Salay, Misamis Oriental",[1] Operational,,,,,[A] Operational,A,10-043-22-000,Salay,Misamis Oriental,Region X (Northern Mindanao),Municipality,4th,R10,N
[2024-04] 10-043-22-000,2024-04,2024,[04] April,"Salay, Misamis Oriental",[1] Operational,,,,,[A] Operational,A,10-043-22-000,Salay,Misamis Oriental,Region X (Northern Mindanao),Municipality,4th,R10,N
[2024-05] 10-043-22-000,2024-05,2024,[05] May,"Salay, Misamis Oriental",[1] Operational,,,,,[A] Operational,A,10-043-22-000,Salay,Misamis Oriental,Region X (Northern Mindanao),Municipality,4th,R10,N
[2024-06] 10-043-22-000,2024-06,2024,[06] June,"Salay, Misamis Oriental",[1] Operational,,,,,[A] Operational,A,10-043-22-000,Salay,Misamis Oriental,Region X (Northern Mindanao),Municipality,4th,R10,N
[2024-07] 10-043-22-000,2024-07,2024,[07] July,"Salay, Misamis Oriental",[1] Operational,,,,,[A] Operational,A,10-043-22-000,Salay,Misamis Oriental,Region X (Northern Mindanao),Municipality,4th,R10,N
[2023-12] 08-026-19-000,2023-12,2023,[12] December,"Salcedo, Eastern Samar",[1] Operational,,,,,[A] Operational,A,08-026-19-000,Salcedo,Eastern Samar,Region VIII (Eastern Visayas),Municipality,5th*,R8,K
[2024-01] 08-026-19-000,2024-01,2024,[01] January,"Salcedo, Eastern Samar",[1] Operational,,,,,[A] Operational,A,08-026-19-000,Salcedo,Eastern Samar,Region VIII (Eastern Visayas),Municipality,5th*,R8,K
[2024-02] 08-026-19-000,2024-02,2024,[02] February,"Salcedo, Eastern Samar",[1] Operational,,,,,[A] Operational,A,08-026-19-000,Salcedo,Eastern Samar,Region VIII (Eastern Visayas),Municipality,5th*,R8,K
[2024-03] 08-026-19-000,2024-03,2024,[03] March,"Salcedo, Eastern Samar",[1] Operational,,,,,[A] Operational,A,08-026-19-000,Salcedo,Eastern Samar,Region VIII (Eastern Visayas),Municipality,5th*,R8,K
[2024-04] 08-026-19-000,2024-04,2024,[04] April,"Salcedo, Eastern Samar",[1] Operational,,,,,[A] Operational,A,08-026-19-000,Salcedo,Eastern Samar,Region VIII (Eastern Visayas),Municipality,5th*,R8,K
[2024-05] 08-026-19-000,2024-05,2024,[05] May,"Salcedo, Eastern Samar",[1] Operational,,,,,[A] Operational,A,08-026-19-000,Salcedo,Eastern Samar,Region VIII (Eastern Visayas),Municipality,5th*,R8,K
[2024-06] 08-026-19-000,2024-06,2024,[06] June,"Salcedo, Eastern Samar",[1] Operational,,,,,[A] Operational,A,08-026-19-000,Salcedo,Eastern Samar,Region VIII (Eastern Visayas),Municipality,5th*,R8,K
[2024-07] 08-026-19-000,2024-07,2024,[07] July,"Salcedo, Eastern Samar",[1] Operational,,,,,[A] Operational,A,08-026-19-000,Salcedo,Eastern Samar,Region VIII (Eastern Visayas),Municipality,5th*,R8,K
[2024-01] 09-072-13-000,2024-01,2024,[01] January,"Salug, Zamboanga del Norte",[1] Operational,,,,,[A] Operational,A,09-072-13-000,Salug,Zamboanga del Norte,Region IX (Zamboanga Peninsula),Municipality,3rd,R9,L
[2024-02] 09-072-13-000,2024-02,2024,[02] February,"Salug, Zamboanga del Norte",[1] Operational,,,,,[A] Operational,A,09-072-13-000,Salug,Zamboanga del Norte,Region IX (Zamboanga Peninsula),Municipality,3rd,R9,L
[2024-03] 09-072-13-000,2024-03,2024,[03] March,"Salug, Zamboanga del Norte",[1] Operational,,,,,[A] Operational,A,09-072-13-000,Salug,Zamboanga del Norte,Region IX (Zamboanga Peninsula),Municipality,3rd,R9,L
[2024-04] 09-072-13-000,2024-04,2024,[04] April,"Salug, Zamboanga del Norte",[1] Operational,,,,,[A] Operational,A,09-072-13-000,Salug,Zamboanga del Norte,Region IX (Zamboanga Peninsula),Municipality,3rd,R9,L
[2024-05] 09-072-13-000,2024-05,2024,[05] May,"Salug, Zamboanga del Norte",[1] Operational,,,,,[A] Operational,A,09-072-13-000,Salug,Zamboanga del Norte,Region IX (Zamboanga Peninsula),Municipality,3rd,R9,L
[2024-06] 09-072-13-000,2024-06,2024,[06] June,"Salug, Zamboanga del Norte",[1] Operational,,,,,[A] Operational,A,09-072-13-000,Salug,Zamboanga del Norte,Region IX (Zamboanga Peninsula),Municipality,3rd,R9,L
[2024-07] 09-072-13-000,2024-07,2024,[07] July,"Salug, Zamboanga del Norte",[1] Operational,,,,,[A] Operational,A,09-072-13-000,Salug,Zamboanga del Norte,Region IX (Zamboanga Peninsula),Municipality,3rd,R9,L
[2023-12] 03-008-12-000,2023-12,2023,[12] December,"Samal, Bataan",[1] Operational,,,,,[A] Operational,A,03-008-12-000,Samal,Bataan,Region III (Central Luzon),Municipality,4th,R3,E
[2024-01] 03-008-12-000,2024-01,2024,[01] January,"Samal, Bataan",[1] Operational,,,,,[A] Operational,A,03-008-12-000,Samal,Bataan,Region III (Central Luzon),Municipality,4th,R3,E
[2024-02] 03-008-12-000,2024-02,2024,[02] February,"Samal, Bataan",[1] Operational,,,,,[A] Operational,A,03-008-12-000,Samal,Bataan,Region III (Central Luzon),Municipality,4th,R3,E
[2024-03] 03-008-12-000,2024-03,2024,[03] March,"Samal, Bataan",[1] Operational,,,,,[A] Operational,A,03-008-12-000,Samal,Bataan,Region III (Central Luzon),Municipality,4th,R3,E
[2024-04] 03-008-12-000,2024-04,2024,[04] April,"Samal, Bataan",[1] Operational,,,,,[A] Operational,A,03-008-12-000,Samal,Bataan,Region III (Central Luzon),Municipality,4th,R3,E
[2024-05] 03-008-12-000,2024-05,2024,[05] May,"Samal, Bataan",[1] Operational,,,,,[A] Operational,A,03-008-12-000,Samal,Bataan,Region III (Central Luzon),Municipality,4th,R3,E
[2024-06] 03-008-12-000,2024-06,2024,[06] June,"Samal, Bataan",[1] Operational,,,,,[A] Operational,A,03-008-12-000,Samal,Bataan,Region III (Central Luzon),Municipality,4th,R3,E
[2024-07] 03-008-12-000,2024-07,2024,[07] July,"Samal, Bataan",[1] Operational,,,,,[A] Operational,A,03-008-12-000,Samal,Bataan,Region III (Central Luzon),Municipality,4th,R3,E
[2023-12] 04-056-39-000,2023-12,2023,[12] December,"Sampaloc, Quezon",[1] Operational,,,,,[A] Operational,B,04-056-39-000,Sampaloc,Quezon,Region IV-A (CALABARZON),Municipality,5th,R4A,F
[2024-01] 04-056-39-000,2024-01,2024,[01] January,"Sampaloc, Quezon",[1] Operational,,,,,[A] Operational,B,04-056-39-000,Sampaloc,Quezon,Region IV-A (CALABARZON),Municipality,5th,R4A,F
[2024-02] 04-056-39-000,2024-02,2024,[02] February,"Sampaloc, Quezon",[1] Operational,,,,,[A] Operational,B,04-056-39-000,Sampaloc,Quezon,Region IV-A (CALABARZON),Municipality,5th,R4A,F
[2024-03] 04-056-39-000,2024-03,2024,[03] March,"Sampaloc, Quezon",[1] Operational,,,,,[A] Operational,B,04-056-39-000,Sampaloc,Quezon,Region IV-A (CALABARZON),Municipality,5th,R4A,F
[2024-04] 04-056-39-000,2024-04,2024,[04] April,"Sampaloc, Quezon",[1] Operational,,,,,[A] Operational,B,04-056-39-000,Sampaloc,Quezon,Region IV-A (CALABARZON),Municipality,5th,R4A,F
[2024-05] 04-056-39-000,2024-05,2024,[05] May,"Sampaloc, Quezon",[1] Operational,,,,,[A] Operational,B,04-056-39-000,Sampaloc,Quezon,Region IV-A (CALABARZON),Municipality,5th,R4A,F
[2024-06] 04-056-39-000,2024-06,2024,[06] June,"Sampaloc, Quezon",[1] Operational,,,,,[A] Operational,B,04-056-39-000,Sampaloc,Quezon,Region IV-A (CALABARZON),Municipality,5th,R4A,F
[2024-07] 04-056-39-000,2024-07,2024,[07] July,"Sampaloc, Quezon",[1] Operational,,,,,[A] Operational,B,04-056-39-000,Sampaloc,Quezon,Region IV-A (CALABARZON),Municipality,5th,R4A,F
[2023-12] 16-068-15-000,2023-12,2023,[12] December,"San Agustin, Surigao del Sur",[1] Operational,,,,,[A] Operational,A,16-068-15-000,San Agustin,Surigao del Sur,Region XIII (Caraga),Municipality,4th,R13,O
[2024-01] 16-068-15-000,2024-01,2024,[01] January,"San Agustin, Surigao del Sur",[1] Operational,,,,,[A] Operational,A,16-068-15-000,San Agustin,Surigao del Sur,Region XIII (Caraga),Municipality,4th,R13,O
[2024-02] 16-068-15-000,2024-02,2024,[02] February,"San Agustin, Surigao del Sur",[1] Operational,,,,,[A] Operational,A,16-068-15-000,San Agustin,Surigao del Sur,Region XIII (Caraga),Municipality,4th,R13,O
[2024-03] 16-068-15-000,2024-03,2024,[03] March,"San Agustin, Surigao del Sur",[1] Operational,,,,,[A] Operational,A,16-068-15-000,San Agustin,Surigao del Sur,Region XIII (Caraga),Municipality,4th,R13,O
[2024-04] 16-068-15-000,2024-04,2024,[04] April,"San Agustin, Surigao del Sur",[1] Operational,,,,,[A] Operational,A,16-068-15-000,San Agustin,Surigao del Sur,Region XIII (Caraga),Municipality,4th,R13,O
[2024-05] 16-068-15-000,2024-05,2024,[05] May,"San Agustin, Surigao del Sur",[1] Operational,,,,,[A] Operational,A,16-068-15-000,San Agustin,Surigao del Sur,Region XIII (Caraga),Municipality,4th,R13,O
[2024-06] 16-068-15-000,2024-06,2024,[06] June,"San Agustin, Surigao del Sur",[1] Operational,,,,,[A] Operational,A,16-068-15-000,San Agustin,Surigao del Sur,Region XIII (Caraga),Municipality,4th,R13,O
[2024-07] 16-068-15-000,2024-07,2024,[07] July,"San Agustin, Surigao del Sur",[1] Operational,,,,,[A] Operational,A,16-068-15-000,San Agustin,Surigao del Sur,Region XIII (Caraga),Municipality,4th,R13,O
[2023-12] 01-029-18-000,2023-12,2023,[12] December,"San Esteban, Ilocos Sur",[1] Operational,,,,,[A] Operational,B,01-029-18-000,San Esteban,Ilocos Sur,Region I (Ilocos Region),Municipality,5th,R1,C
[2024-01] 01-029-18-000,2024-01,2024,[01] January,"San Esteban, Ilocos Sur",[1] Operational,,,,,[A] Operational,B,01-029-18-000,San Esteban,Ilocos Sur,Region I (Ilocos Region),Municipality,5th,R1,C
[2024-02] 01-029-18-000,2024-02,2024,[02] February,"San Esteban, Ilocos Sur",[1] Operational,,,,,[A] Operational,B,01-029-18-000,San Esteban,Ilocos Sur,Region I (Ilocos Region),Municipality,5th,R1,C
[2024-03] 01-029-18-000,2024-03,2024,[03] March,"San Esteban, Ilocos Sur",[1] Operational,,,,,[A] Operational,B,01-029-18-000,San Esteban,Ilocos Sur,Region I (Ilocos Region),Municipality,5th,R1,C
[2024-04] 01-029-18-000,2024-04,2024,[04] April,"San Esteban, Ilocos Sur",[1] Operational,,,,,[A] Operational,B,01-029-18-000,San Esteban,Ilocos Sur,Region I (Ilocos Region),Municipality,5th,R1,C
[2024-05] 01-029-18-000,2024-05,2024,[05] May,"San Esteban, Ilocos Sur",[1] Operational,,,,,[A] Operational,B,01-029-18-000,San Esteban,Ilocos Sur,Region I (Ilocos Region),Municipality,5th,R1,C
[2024-06] 01-029-18-000,2024-06,2024,[06] June,"San Esteban, Ilocos Sur",[1] Operational,,,,,[A] Operational,B,01-029-18-000,San Esteban,Ilocos Sur,Region I (Ilocos Region),Municipality,5th,R1,C
[2024-07] 01-029-18-000,2024-07,2024,[07] July,"San Esteban, Ilocos Sur",[1] Operational,,,,,[A] Operational,B,01-029-18-000,San Esteban,Ilocos Sur,Region I (Ilocos Region),Municipality,5th,R1,C
[2023-12] 01-055-33-000,2023-12,2023,[12] December,"San Fabian, Pangasinan",[2] Ongoing Testing and Data Build-up,50%,,,,[B] Developmental,A,01-055-33-000,San Fabian,Pangasinan,Region I (Ilocos Region),Municipality,1st,R1,C
[2024-01] 01-055-33-000,2024-01,2024,[01] January,"San Fabian, Pangasinan",[2] Ongoing Testing and Data Build-up,50%,,,,[B] Developmental,A,01-055-33-000,San Fabian,Pangasinan,Region I (Ilocos Region),Municipality,1st,R1,C
[2024-02] 01-055-33-000,2024-02,2024,[02] February,"San Fabian, Pangasinan",[2] Ongoing Testing and Data Build-up,50%,,,,[B] Developmental,A,01-055-33-000,San Fabian,Pangasinan,Region I (Ilocos Region),Municipality,1st,R1,C
[2024-03] 01-055-33-000,2024-03,2024,[03] March,"San Fabian, Pangasinan",[2] Ongoing Testing and Data Build-up,50%,,,,[B] Developmental,A,01-055-33-000,San Fabian,Pangasinan,Region I (Ilocos Region),Municipality,1st,R1,C
[2024-04] 01-055-33-000,2024-04,2024,[04] April,"San Fabian, Pangasinan",[2] Ongoing Testing and Data Build-up,50%,,,,[B] Developmental,A,01-055-33-000,San Fabian,Pangasinan,Region I (Ilocos Region),Municipality,1st,R1,C
[2024-05] 01-055-33-000,2024-05,2024,[05] May,"San Fabian, Pangasinan",[2] Ongoing Testing and Data Build-up,50%,,,,[B] Developmental,A,01-055-33-000,San Fabian,Pangasinan,Region I (Ilocos Region),Municipality,1st,R1,C
[2024-06] 01-055-33-000,2024-06,2024,[06] June,"San Fabian, Pangasinan",[2] Ongoing Testing and Data Build-up,50%,,,,[B] Developmental,A,01-055-33-000,San Fabian,Pangasinan,Region I (Ilocos Region),Municipality,1st,R1,C
[2024-07] 01-055-33-000,2024-07,2024,[07] July,"San Fabian, Pangasinan",[2] Ongoing Testing and Data Build-up,50%,,,,[B] Developmental,A,01-055-33-000,San Fabian,Pangasinan,Region I (Ilocos Region),Municipality,1st,R1,C
[2023-12] 03-071-10-000,2023-12,2023,[12] December,"San Felipe, Zambales",[1] Operational,,,,,[A] Operational,B,03-071-10-000,San Felipe,Zambales,Region III (Central Luzon),Municipality,4th,R3,E
[2024-01] 03-071-10-000,2024-01,2024,[01] January,"San Felipe, Zambales",[1] Operational,,,,,[A] Operational,B,03-071-10-000,San Felipe,Zambales,Region III (Central Luzon),Municipality,4th,R3,E
[2024-02] 03-071-10-000,2024-02,2024,[02] February,"San Felipe, Zambales",[1] Operational,,,,,[A] Operational,B,03-071-10-000,San Felipe,Zambales,Region III (Central Luzon),Municipality,4th,R3,E
[2024-03] 03-071-10-000,2024-03,2024,[03] March,"San Felipe, Zambales",[1] Operational,,,,,[A] Operational,B,03-071-10-000,San Felipe,Zambales,Region III (Central Luzon),Municipality,4th,R3,E
[2024-04] 03-071-10-000,2024-04,2024,[04] April,"San Felipe, Zambales",[1] Operational,,,,,[A] Operational,B,03-071-10-000,San Felipe,Zambales,Region III (Central Luzon),Municipality,4th,R3,E
[2024-05] 03-071-10-000,2024-05,2024,[05] May,"San Felipe, Zambales",[1] Operational,,,,,[A] Operational,B,03-071-10-000,San Felipe,Zambales,Region III (Central Luzon),Municipality,4th,R3,E
[2024-06] 03-071-10-000,2024-06,2024,[06] June,"San Felipe, Zambales",[1] Operational,,,,,[A] Operational,B,03-071-10-000,San Felipe,Zambales,Region III (Central Luzon),Municipality,4th,R3,E
[2024-07] 03-071-10-000,2024-07,2024,[07] July,"San Felipe, Zambales",[1] Operational,,,,,[A] Operational,B,03-071-10-000,San Felipe,Zambales,Region III (Central Luzon),Municipality,4th,R3,E
[2024-02] 16-003-08-000,2024-02,2024,[02] February,"San Francisco, Agusan del Sur",[1] Operational,,,,,[A] Operational,A,16-003-08-000,San Francisco,Agusan del Sur,Region XIII (Caraga),Municipality,1st,R13,O
[2024-03] 16-003-08-000,2024-03,2024,[03] March,"San Francisco, Agusan del Sur",[1] Operational,,,,,[A] Operational,A,16-003-08-000,San Francisco,Agusan del Sur,Region XIII (Caraga),Municipality,1st,R13,O
[2024-04] 16-003-08-000,2024-04,2024,[04] April,"San Francisco, Agusan del Sur",[1] Operational,,,,,[A] Operational,A,16-003-08-000,San Francisco,Agusan del Sur,Region XIII (Caraga),Municipality,1st,R13,O
[2024-05] 16-003-08-000,2024-05,2024,[05] May,"San Francisco, Agusan del Sur",[1] Operational,,,,,[A] Operational,A,16-003-08-000,San Francisco,Agusan del Sur,Region XIII (Caraga),Municipality,1st,R13,O
[2024-06] 16-003-08-000,2024-06,2024,[06] June,"San Francisco, Agusan del Sur",[1] Operational,,,,,[A] Operational,A,16-003-08-000,San Francisco,Agusan del Sur,Region XIII (Caraga),Municipality,1st,R13,O
[2024-07] 16-003-08-000,2024-07,2024,[07] July,"San Francisco, Agusan del Sur",[1] Operational,,,,,[A] Operational,A,16-003-08-000,San Francisco,Agusan del Sur,Region XIII (Caraga),Municipality,1st,R13,O
[2023-12] 08-064-13-000,2023-12,2023,[12] December,"San Francisco, Southern Leyte",[1] Operational,,,,,[A] Operational,A,08-064-13-000,San Francisco,Southern Leyte,Region VIII (Eastern Visayas),Municipality,5th,R8,K
[2024-01] 08-064-13-000,2024-01,2024,[01] January,"San Francisco, Southern Leyte",[1] Operational,,,,,[A] Operational,A,08-064-13-000,San Francisco,Southern Leyte,Region VIII (Eastern Visayas),Municipality,5th,R8,K
[2024-02] 08-064-13-000,2024-02,2024,[02] February,"San Francisco, Southern Leyte",[1] Operational,,,,,[A] Operational,A,08-064-13-000,San Francisco,Southern Leyte,Region VIII (Eastern Visayas),Municipality,5th,R8,K
[2024-03] 08-064-13-000,2024-03,2024,[03] March,"San Francisco, Southern Leyte",[1] Operational,,,,,[A] Operational,A,08-064-13-000,San Francisco,Southern Leyte,Region VIII (Eastern Visayas),Municipality,5th,R8,K
[2024-04] 08-064-13-000,2024-04,2024,[04] April,"San Francisco, Southern Leyte",[1] Operational,,,,,[A] Operational,A,08-064-13-000,San Francisco,Southern Leyte,Region VIII (Eastern Visayas),Municipality,5th,R8,K
[2024-05] 08-064-13-000,2024-05,2024,[05] May,"San Francisco, Southern Leyte",[1] Operational,,,,,[A] Operational,A,08-064-13-000,San Francisco,Southern Leyte,Region VIII (Eastern Visayas),Municipality,5th,R8,K
[2024-06] 08-064-13-000,2024-06,2024,[06] June,"San Francisco, Southern Leyte",[1] Operational,,,,,[A] Operational,A,08-064-13-000,San Francisco,Southern Leyte,Region VIII (Eastern Visayas),Municipality,5th,R8,K
[2024-07] 08-064-13-000,2024-07,2024,[07] July,"San Francisco, Southern Leyte",[1] Operational,,,,,[A] Operational,A,08-064-13-000,San Francisco,Southern Leyte,Region VIII (Eastern Visayas),Municipality,5th,R8,K
[2023-12] 03-014-19-000,2023-12,2023,[12] December,"San Ildefonso, Bulacan",[1] Operational,,,,,[A] Operational,A,03-014-19-000,San Ildefonso,Bulacan,Region III (Central Luzon),Municipality,1st,R3,E
[2024-01] 03-014-19-000,2024-01,2024,[01] January,"San Ildefonso, Bulacan",[1] Operational,,,,,[A] Operational,A,03-014-19-000,San Ildefonso,Bulacan,Region III (Central Luzon),Municipality,1st,R3,E
[2024-02] 03-014-19-000,2024-02,2024,[02] February,"San Ildefonso, Bulacan",[1] Operational,,,,,[A] Operational,A,03-014-19-000,San Ildefonso,Bulacan,Region III (Central Luzon),Municipality,1st,R3,E
[2024-03] 03-014-19-000,2024-03,2024,[03] March,"San Ildefonso, Bulacan",[1] Operational,,,,,[A] Operational,A,03-014-19-000,San Ildefonso,Bulacan,Region III (Central Luzon),Municipality,1st,R3,E
[2024-04] 03-014-19-000,2024-04,2024,[04] April,"San Ildefonso, Bulacan",[1] Operational,,,,,[A] Operational,A,03-014-19-000,San Ildefonso,Bulacan,Region III (Central Luzon),Municipality,1st,R3,E
[2024-05] 03-014-19-000,2024-05,2024,[05] May,"San Ildefonso, Bulacan",[1] Operational,,,,,[A] Operational,A,03-014-19-000,San Ildefonso,Bulacan,Region III (Central Luzon),Municipality,1st,R3,E
[2024-06] 03-014-19-000,2024-06,2024,[06] June,"San Ildefonso, Bulacan",[1] Operational,,,,,[A] Operational,A,03-014-19-000,San Ildefonso,Bulacan,Region III (Central Luzon),Municipality,1st,R3,E
[2024-07] 03-014-19-000,2024-07,2024,[07] July,"San Ildefonso, Bulacan",[1] Operational,,,,,[A] Operational,A,03-014-19-000,San Ildefonso,Bulacan,Region III (Central Luzon),Municipality,1st,R3,E
[2023-12] 11-025-10-000,2023-12,2023,[12] December,"San Isidro, Davao Oriental",[2] Ongoing Testing and Data Build-up,100%,,,Will implement during eBOSS,[B] Developmental,A,11-025-10-000,San Isidro,Davao Oriental,Region XI (Davao Region),Municipality,3rd,R11,P
[2024-01] 11-025-10-000,2024-01,2024,[01] January,"San Isidro, Davao Oriental",[1] Operational,,,,,[A] Operational,A,11-025-10-000,San Isidro,Davao Oriental,Region XI (Davao Region),Municipality,3rd,R11,P
[2024-02] 11-025-10-000,2024-02,2024,[02] February,"San Isidro, Davao Oriental",[1] Operational,,,,,[A] Operational,A,11-025-10-000,San Isidro,Davao Oriental,Region XI (Davao Region),Municipality,3rd,R11,P
[2024-03] 11-025-10-000,2024-03,2024,[03] March,"San Isidro, Davao Oriental",[1] Operational,,,,,[A] Operational,A,11-025-10-000,San Isidro,Davao Oriental,Region XI (Davao Region),Municipality,3rd,R11,P
[2024-04] 11-025-10-000,2024-04,2024,[04] April,"San Isidro, Davao Oriental",[1] Operational,,,,,[A] Operational,A,11-025-10-000,San Isidro,Davao Oriental,Region XI (Davao Region),Municipality,3rd,R11,P
[2024-05] 11-025-10-000,2024-05,2024,[05] May,"San Isidro, Davao Oriental",[1] Operational,,,,,[A] Operational,A,11-025-10-000,San Isidro,Davao Oriental,Region XI (Davao Region),Municipality,3rd,R11,P
[2024-06] 11-025-10-000,2024-06,2024,[06] June,"San Isidro, Davao Oriental",[1] Operational,,,,,[A] Operational,A,11-025-10-000,San Isidro,Davao Oriental,Region XI (Davao Region),Municipality,3rd,R11,P
[2024-07] 11-025-10-000,2024-07,2024,[07] July,"San Isidro, Davao Oriental",[1] Operational,,,,,[A] Operational,A,11-025-10-000,San Isidro,Davao Oriental,Region XI (Davao Region),Municipality,3rd,R11,P
[2023-12] 16-085-06-000,2023-12,2023,[12] December,"San Jose, Dinagat Islands",[3] With Concerns,,"LGu still has issues with regards to internet connectivity. However, the IT personnel mentioned that they already applied for another internet provider, they are currently processing this matter.",,,[A] Operational,B,16-085-06-000,San Jose,Dinagat Islands,Region XIII (Caraga),Municipality,4th*,R13,O
[2024-01] 16-085-06-000,2024-01,2024,[01] January,"San Jose, Dinagat Islands",[3] With Concerns,,"LGu still has issues with regards to internet connectivity. However, the IT personnel mentioned that they already applied for another internet provider, they are currently processing this matter.",,,[A] Operational,B,16-085-06-000,San Jose,Dinagat Islands,Region XIII (Caraga),Municipality,4th*,R13,O
[2024-02] 16-085-06-000,2024-02,2024,[02] February,"San Jose, Dinagat Islands",[3] With Concerns,,"LGu still has issues with regards to internet connectivity. However, the IT personnel mentioned that they already applied for another internet provider, they are currently processing this matter.",,,[A] Operational,B,16-085-06-000,San Jose,Dinagat Islands,Region XIII (Caraga),Municipality,4th*,R13,O
[2024-03] 16-085-06-000,2024-03,2024,[03] March,"San Jose, Dinagat Islands",[3] With Concerns,,"LGu still has issues with regards to internet connectivity. However, the IT personnel mentioned that they already applied for another internet provider, they are currently processing this matter.","The team scheduled for a consultative meeting with the LGU on March 7, 2024 to discuss the commitment of the LGU on system utilization",,[A] Operational,B,16-085-06-000,San Jose,Dinagat Islands,Region XIII (Caraga),Municipality,4th*,R13,O
[2024-04] 16-085-06-000,2024-04,2024,[04] April,"San Jose, Dinagat Islands",[3] With Concerns,,"LGu still has issues with regards to internet connectivity. However, the IT personnel mentioned that they already applied for another internet provider, they are currently processing this matter.","A consultative meeting was conducted last March 7, 2024. The LGU commits to continue utilizing the system. A data migration will be conducted.",,[A] Operational,B,16-085-06-000,San Jose,Dinagat Islands,Region XIII (Caraga),Municipality,4th*,R13,O
[2024-05] 16-085-06-000,2024-05,2024,[05] May,"San Jose, Dinagat Islands",[3] With Concerns,,"LGu still has issues with regards to internet connectivity. However, the IT personnel mentioned that they already applied for another internet provider, they are currently processing this matter.","A consultative meeting was conducted last March 7, 2024. The LGU commits to continue utilizing the system. A data migration will be conducted.",,[A] Operational,B,16-085-06-000,San Jose,Dinagat Islands,Region XIII (Caraga),Municipality,4th*,R13,O
[2024-06] 16-085-06-000,2024-06,2024,[06] June,"San Jose, Dinagat Islands",[3] With Concerns,,"LGu still has issues with regards to internet connectivity. However, the IT personnel mentioned that they already applied for another internet provider, they are currently processing this matter.","A consultative meeting was conducted last March 7, 2024. The LGU commits to continue utilizing the system. A data migration will be conducted.",,[A] Operational,B,16-085-06-000,San Jose,Dinagat Islands,Region XIII (Caraga),Municipality,4th*,R13,O
[2024-07] 16-085-06-000,2024-07,2024,[07] July,"San Jose, Dinagat Islands",[3] With Concerns,,"LGu still has issues with regards to internet connectivity. However, the IT personnel mentioned that they already applied for another internet provider, they are currently processing this matter.","A consultative meeting was conducted last March 7, 2024. The LGU commits to continue utilizing the system. A data migration will be conducted.",,[A] Operational,B,16-085-06-000,San Jose,Dinagat Islands,Region XIII (Caraga),Municipality,4th*,R13,O
[2023-12] 17-051-10-000,2023-12,2023,[12] December,"San Jose, Occidental Mindoro",[2] Ongoing Testing and Data Build-up,80%,,,,[B] Developmental,A,17-051-10-000,San Jose,Occidental Mindoro,MIMAROPA Region,Municipality,1st,R4B,G
[2024-01] 17-051-10-000,2024-01,2024,[01] January,"San Jose, Occidental Mindoro",[1] Operational,,,,,[A] Operational,A,17-051-10-000,San Jose,Occidental Mindoro,MIMAROPA Region,Municipality,1st,R4B,G
[2024-02] 17-051-10-000,2024-02,2024,[02] February,"San Jose, Occidental Mindoro",[1] Operational,,,,,[A] Operational,A,17-051-10-000,San Jose,Occidental Mindoro,MIMAROPA Region,Municipality,1st,R4B,G
[2024-03] 17-051-10-000,2024-03,2024,[03] March,"San Jose, Occidental Mindoro",[1] Operational,,,,,[A] Operational,A,17-051-10-000,San Jose,Occidental Mindoro,MIMAROPA Region,Municipality,1st,R4B,G
[2024-04] 17-051-10-000,2024-04,2024,[04] April,"San Jose, Occidental Mindoro",[1] Operational,,,,,[A] Operational,A,17-051-10-000,San Jose,Occidental Mindoro,MIMAROPA Region,Municipality,1st,R4B,G
[2024-05] 17-051-10-000,2024-05,2024,[05] May,"San Jose, Occidental Mindoro",[1] Operational,,,,,[A] Operational,A,17-051-10-000,San Jose,Occidental Mindoro,MIMAROPA Region,Municipality,1st,R4B,G
[2024-06] 17-051-10-000,2024-06,2024,[06] June,"San Jose, Occidental Mindoro",[1] Operational,,,,,[A] Operational,A,17-051-10-000,San Jose,Occidental Mindoro,MIMAROPA Region,Municipality,1st,R4B,G
[2024-07] 17-051-10-000,2024-07,2024,[07] July,"San Jose, Occidental Mindoro",[1] Operational,,,,,[A] Operational,A,17-051-10-000,San Jose,Occidental Mindoro,MIMAROPA Region,Municipality,1st,R4B,G
[2023-12] 17-059-14-000,2023-12,2023,[12] December,"San Jose, Romblon",[1] Operational,,,,,[A] Operational,B,17-059-14-000,San Jose,Romblon,MIMAROPA Region,Municipality,5th,R4B,G
[2024-01] 17-059-14-000,2024-01,2024,[01] January,"San Jose, Romblon",[1] Operational,,,,,[A] Operational,B,17-059-14-000,San Jose,Romblon,MIMAROPA Region,Municipality,5th,R4B,G
[2024-02] 17-059-14-000,2024-02,2024,[02] February,"San Jose, Romblon",[1] Operational,,,,,[A] Operational,B,17-059-14-000,San Jose,Romblon,MIMAROPA Region,Municipality,5th,R4B,G
[2024-03] 17-059-14-000,2024-03,2024,[03] March,"San Jose, Romblon",[1] Operational,,,,,[A] Operational,B,17-059-14-000,San Jose,Romblon,MIMAROPA Region,Municipality,5th,R4B,G
[2024-04] 17-059-14-000,2024-04,2024,[04] April,"San Jose, Romblon",[1] Operational,,,,,[A] Operational,B,17-059-14-000,San Jose,Romblon,MIMAROPA Region,Municipality,5th,R4B,G
[2024-05] 17-059-14-000,2024-05,2024,[05] May,"San Jose, Romblon",[1] Operational,,,,,[A] Operational,B,17-059-14-000,San Jose,Romblon,MIMAROPA Region,Municipality,5th,R4B,G
[2024-06] 17-059-14-000,2024-06,2024,[06] June,"San Jose, Romblon",[1] Operational,,,,,[A] Operational,B,17-059-14-000,San Jose,Romblon,MIMAROPA Region,Municipality,5th,R4B,G
[2024-07] 17-059-14-000,2024-07,2024,[07] July,"San Jose, Romblon",[1] Operational,,,,,[A] Operational,B,17-059-14-000,San Jose,Romblon,MIMAROPA Region,Municipality,5th,R4B,G
[2024-07] 03-069-18-000,2024-07,2024,[07] July,"San Jose, Tarlac",[2] Ongoing Testing and Data Build-up,50%,,,,[B] Developmental,B,03-069-18-000,San Jose,Tarlac,Region III (Central Luzon),Municipality,3rd,R3,E
[2023-12] 01-029-20-000,2023-12,2023,[12] December,"San Juan, Ilocos Sur",[1] Operational,,,,,[A] Operational,A,01-029-20-000,San Juan,Ilocos Sur,Region I (Ilocos Region),Municipality,3rd,R1,C
[2024-01] 01-029-20-000,2024-01,2024,[01] January,"San Juan, Ilocos Sur",[1] Operational,,,,,[A] Operational,A,01-029-20-000,San Juan,Ilocos Sur,Region I (Ilocos Region),Municipality,3rd,R1,C
[2024-02] 01-029-20-000,2024-02,2024,[02] February,"San Juan, Ilocos Sur",[1] Operational,,,,,[A] Operational,A,01-029-20-000,San Juan,Ilocos Sur,Region I (Ilocos Region),Municipality,3rd,R1,C
[2024-03] 01-029-20-000,2024-03,2024,[03] March,"San Juan, Ilocos Sur",[1] Operational,,,,,[A] Operational,A,01-029-20-000,San Juan,Ilocos Sur,Region I (Ilocos Region),Municipality,3rd,R1,C
[2024-04] 01-029-20-000,2024-04,2024,[04] April,"San Juan, Ilocos Sur",[1] Operational,,,,,[A] Operational,A,01-029-20-000,San Juan,Ilocos Sur,Region I (Ilocos Region),Municipality,3rd,R1,C
[2024-05] 01-029-20-000,2024-05,2024,[05] May,"San Juan, Ilocos Sur",[1] Operational,,,,,[A] Operational,A,01-029-20-000,San Juan,Ilocos Sur,Region I (Ilocos Region),Municipality,3rd,R1,C
[2024-06] 01-029-20-000,2024-06,2024,[06] June,"San Juan, Ilocos Sur",[1] Operational,,,,,[A] Operational,A,01-029-20-000,San Juan,Ilocos Sur,Region I (Ilocos Region),Municipality,3rd,R1,C
[2024-07] 01-029-20-000,2024-07,2024,[07] July,"San Juan, Ilocos Sur",[1] Operational,,,,,[A] Operational,A,01-029-20-000,San Juan,Ilocos Sur,Region I (Ilocos Region),Municipality,3rd,R1,C
[2023-12] 08-064-14-000,2023-12,2023,[12] December,"San Juan, Southern Leyte",[1] Operational,,,,,[A] Operational,A,08-064-14-000,San Juan,Southern Leyte,Region VIII (Eastern Visayas),Municipality,5th,R8,K
[2024-01] 08-064-14-000,2024-01,2024,[01] January,"San Juan, Southern Leyte",[1] Operational,,,,,[A] Operational,A,08-064-14-000,San Juan,Southern Leyte,Region VIII (Eastern Visayas),Municipality,5th,R8,K
[2024-02] 08-064-14-000,2024-02,2024,[02] February,"San Juan, Southern Leyte",[1] Operational,,,,,[A] Operational,A,08-064-14-000,San Juan,Southern Leyte,Region VIII (Eastern Visayas),Municipality,5th,R8,K
[2024-03] 08-064-14-000,2024-03,2024,[03] March,"San Juan, Southern Leyte",[1] Operational,,,,,[A] Operational,A,08-064-14-000,San Juan,Southern Leyte,Region VIII (Eastern Visayas),Municipality,5th,R8,K
[2024-04] 08-064-14-000,2024-04,2024,[04] April,"San Juan, Southern Leyte",[1] Operational,,,,,[A] Operational,A,08-064-14-000,San Juan,Southern Leyte,Region VIII (Eastern Visayas),Municipality,5th,R8,K
[2024-05] 08-064-14-000,2024-05,2024,[05] May,"San Juan, Southern Leyte",[1] Operational,,,,,[A] Operational,A,08-064-14-000,San Juan,Southern Leyte,Region VIII (Eastern Visayas),Municipality,5th,R8,K
[2024-06] 08-064-14-000,2024-06,2024,[06] June,"San Juan, Southern Leyte",[1] Operational,,,,,[A] Operational,A,08-064-14-000,San Juan,Southern Leyte,Region VIII (Eastern Visayas),Municipality,5th,R8,K
[2024-07] 08-064-14-000,2024-07,2024,[07] July,"San Juan, Southern Leyte",[1] Operational,,,,,[A] Operational,A,08-064-14-000,San Juan,Southern Leyte,Region VIII (Eastern Visayas),Municipality,5th,R8,K
[2023-12] 08-026-20-000,2023-12,2023,[12] December,"San Julian, Eastern Samar",[1] Operational,,,,,[A] Operational,B,08-026-20-000,San Julian,Eastern Samar,Region VIII (Eastern Visayas),Municipality,5th,R8,K
[2024-01] 08-026-20-000,2024-01,2024,[01] January,"San Julian, Eastern Samar",[1] Operational,,,,,[A] Operational,B,08-026-20-000,San Julian,Eastern Samar,Region VIII (Eastern Visayas),Municipality,5th,R8,K
[2024-02] 08-026-20-000,2024-02,2024,[02] February,"San Julian, Eastern Samar",[1] Operational,,,,,[A] Operational,B,08-026-20-000,San Julian,Eastern Samar,Region VIII (Eastern Visayas),Municipality,5th,R8,K
[2024-03] 08-026-20-000,2024-03,2024,[03] March,"San Julian, Eastern Samar",[1] Operational,,,,,[A] Operational,B,08-026-20-000,San Julian,Eastern Samar,Region VIII (Eastern Visayas),Municipality,5th,R8,K
[2024-04] 08-026-20-000,2024-04,2024,[04] April,"San Julian, Eastern Samar",[1] Operational,,,,,[A] Operational,B,08-026-20-000,San Julian,Eastern Samar,Region VIII (Eastern Visayas),Municipality,5th,R8,K
[2024-05] 08-026-20-000,2024-05,2024,[05] May,"San Julian, Eastern Samar",[1] Operational,,,,,[A] Operational,B,08-026-20-000,San Julian,Eastern Samar,Region VIII (Eastern Visayas),Municipality,5th,R8,K
[2024-06] 08-026-20-000,2024-06,2024,[06] June,"San Julian, Eastern Samar",[1] Operational,,,,,[A] Operational,B,08-026-20-000,San Julian,Eastern Samar,Region VIII (Eastern Visayas),Municipality,5th,R8,K
[2024-07] 08-026-20-000,2024-07,2024,[07] July,"San Julian, Eastern Samar",[1] Operational,,,,,[A] Operational,B,08-026-20-000,San Julian,Eastern Samar,Region VIII (Eastern Visayas),Municipality,5th,R8,K
[2023-12] 03-077-08-000,2023-12,2023,[12] December,"San Luis, Aurora",[1] Operational,,,,,[A] Operational,A,03-077-08-000,San Luis,Aurora,Region III (Central Luzon),Municipality,2nd,R3,E
[2024-01] 03-077-08-000,2024-01,2024,[01] January,"San Luis, Aurora",[1] Operational,,,,,[A] Operational,A,03-077-08-000,San Luis,Aurora,Region III (Central Luzon),Municipality,2nd,R3,E
[2024-02] 03-077-08-000,2024-02,2024,[02] February,"San Luis, Aurora",[1] Operational,,,,,[A] Operational,A,03-077-08-000,San Luis,Aurora,Region III (Central Luzon),Municipality,2nd,R3,E
[2024-03] 03-077-08-000,2024-03,2024,[03] March,"San Luis, Aurora",[1] Operational,,,,,[A] Operational,A,03-077-08-000,San Luis,Aurora,Region III (Central Luzon),Municipality,2nd,R3,E
[2024-04] 03-077-08-000,2024-04,2024,[04] April,"San Luis, Aurora",[1] Operational,,,,,[A] Operational,A,03-077-08-000,San Luis,Aurora,Region III (Central Luzon),Municipality,2nd,R3,E
[2024-05] 03-077-08-000,2024-05,2024,[05] May,"San Luis, Aurora",[1] Operational,,,,,[A] Operational,A,03-077-08-000,San Luis,Aurora,Region III (Central Luzon),Municipality,2nd,R3,E
[2024-06] 03-077-08-000,2024-06,2024,[06] June,"San Luis, Aurora",[1] Operational,,,,,[A] Operational,A,03-077-08-000,San Luis,Aurora,Region III (Central Luzon),Municipality,2nd,R3,E
[2024-07] 03-077-08-000,2024-07,2024,[07] July,"San Luis, Aurora",[1] Operational,,,,,[A] Operational,A,03-077-08-000,San Luis,Aurora,Region III (Central Luzon),Municipality,2nd,R3,E
[2023-12] 03-054-17-000,2023-12,2023,[12] December,"San Luis, Pampanga",[1] Operational,,,,,[A] Operational,B,03-054-17-000,San Luis,Pampanga,Region III (Central Luzon),Municipality,3rd,R3,E
[2024-01] 03-054-17-000,2024-01,2024,[01] January,"San Luis, Pampanga",[1] Operational,,,,,[A] Operational,B,03-054-17-000,San Luis,Pampanga,Region III (Central Luzon),Municipality,3rd,R3,E
[2024-02] 03-054-17-000,2024-02,2024,[02] February,"San Luis, Pampanga",[1] Operational,,,,,[A] Operational,B,03-054-17-000,San Luis,Pampanga,Region III (Central Luzon),Municipality,3rd,R3,E
[2024-03] 03-054-17-000,2024-03,2024,[03] March,"San Luis, Pampanga",[1] Operational,,,,,[A] Operational,B,03-054-17-000,San Luis,Pampanga,Region III (Central Luzon),Municipality,3rd,R3,E
[2024-04] 03-054-17-000,2024-04,2024,[04] April,"San Luis, Pampanga",[1] Operational,,,,,[A] Operational,B,03-054-17-000,San Luis,Pampanga,Region III (Central Luzon),Municipality,3rd,R3,E
[2024-05] 03-054-17-000,2024-05,2024,[05] May,"San Luis, Pampanga",[1] Operational,,,,,[A] Operational,B,03-054-17-000,San Luis,Pampanga,Region III (Central Luzon),Municipality,3rd,R3,E
[2024-06] 03-054-17-000,2024-06,2024,[06] June,"San Luis, Pampanga",[1] Operational,,,,,[A] Operational,B,03-054-17-000,San Luis,Pampanga,Region III (Central Luzon),Municipality,3rd,R3,E
[2024-07] 03-054-17-000,2024-07,2024,[07] July,"San Luis, Pampanga",[1] Operational,,,,,[A] Operational,B,03-054-17-000,San Luis,Pampanga,Region III (Central Luzon),Municipality,3rd,R3,E
[2023-12] 01-055-35-000,2023-12,2023,[12] December,"San Manuel, Pangasinan",[1] Operational,,,,,[A] Operational,A,01-055-35-000,San Manuel,Pangasinan,Region I (Ilocos Region),Municipality,1st,R1,C
[2024-01] 01-055-35-000,2024-01,2024,[01] January,"San Manuel, Pangasinan",[1] Operational,,,,,[A] Operational,A,01-055-35-000,San Manuel,Pangasinan,Region I (Ilocos Region),Municipality,1st,R1,C
[2024-02] 01-055-35-000,2024-02,2024,[02] February,"San Manuel, Pangasinan",[1] Operational,,,,,[A] Operational,A,01-055-35-000,San Manuel,Pangasinan,Region I (Ilocos Region),Municipality,1st,R1,C
[2024-03] 01-055-35-000,2024-03,2024,[03] March,"San Manuel, Pangasinan",[1] Operational,,,,,[A] Operational,A,01-055-35-000,San Manuel,Pangasinan,Region I (Ilocos Region),Municipality,1st,R1,C
[2024-04] 01-055-35-000,2024-04,2024,[04] April,"San Manuel, Pangasinan",[1] Operational,,,,,[A] Operational,A,01-055-35-000,San Manuel,Pangasinan,Region I (Ilocos Region),Municipality,1st,R1,C
[2024-05] 01-055-35-000,2024-05,2024,[05] May,"San Manuel, Pangasinan",[1] Operational,,,,,[A] Operational,A,01-055-35-000,San Manuel,Pangasinan,Region I (Ilocos Region),Municipality,1st,R1,C
[2024-06] 01-055-35-000,2024-06,2024,[06] June,"San Manuel, Pangasinan",[1] Operational,,,,,[A] Operational,A,01-055-35-000,San Manuel,Pangasinan,Region I (Ilocos Region),Municipality,1st,R1,C
[2024-07] 01-055-35-000,2024-07,2024,[07] July,"San Manuel, Pangasinan",[1] Operational,,,,,[A] Operational,A,01-055-35-000,San Manuel,Pangasinan,Region I (Ilocos Region),Municipality,1st,R1,C
[2024-05] 03-069-14-000,2024-05,2024,[05] May,"San Manuel, Tarlac",[2] Ongoing Testing and Data Build-up,20%,,,,[B] Developmental,B,03-069-14-000,San Manuel,Tarlac,Region III (Central Luzon),Municipality,4th,R3,E
[2024-06] 03-069-14-000,2024-06,2024,[06] June,"San Manuel, Tarlac",[2] Ongoing Testing and Data Build-up,35%,,,,[B] Developmental,B,03-069-14-000,San Manuel,Tarlac,Region III (Central Luzon),Municipality,4th,R3,E
[2024-07] 03-069-14-000,2024-07,2024,[07] July,"San Manuel, Tarlac",[2] Ongoing Testing and Data Build-up,45%,,,,[B] Developmental,B,03-069-14-000,San Manuel,Tarlac,Region III (Central Luzon),Municipality,4th,R3,E
[2023-12] 03-071-11-000,2023-12,2023,[12] December,"San Marcelino, Zambales",[1] Operational,,,,,[A] Operational,A,03-071-11-000,San Marcelino,Zambales,Region III (Central Luzon),Municipality,1st,R3,E
[2024-01] 03-071-11-000,2024-01,2024,[01] January,"San Marcelino, Zambales",[1] Operational,,,,,[A] Operational,A,03-071-11-000,San Marcelino,Zambales,Region III (Central Luzon),Municipality,1st,R3,E
[2024-02] 03-071-11-000,2024-02,2024,[02] February,"San Marcelino, Zambales",[1] Operational,,,,,[A] Operational,A,03-071-11-000,San Marcelino,Zambales,Region III (Central Luzon),Municipality,1st,R3,E
[2024-03] 03-071-11-000,2024-03,2024,[03] March,"San Marcelino, Zambales",[1] Operational,,,,,[A] Operational,A,03-071-11-000,San Marcelino,Zambales,Region III (Central Luzon),Municipality,1st,R3,E
[2024-04] 03-071-11-000,2024-04,2024,[04] April,"San Marcelino, Zambales",[1] Operational,,,,,[A] Operational,A,03-071-11-000,San Marcelino,Zambales,Region III (Central Luzon),Municipality,1st,R3,E
[2024-05] 03-071-11-000,2024-05,2024,[05] May,"San Marcelino, Zambales",[1] Operational,,,,,[A] Operational,A,03-071-11-000,San Marcelino,Zambales,Region III (Central Luzon),Municipality,1st,R3,E
[2024-06] 03-071-11-000,2024-06,2024,[06] June,"San Marcelino, Zambales",[1] Operational,,,,,[A] Operational,A,03-071-11-000,San Marcelino,Zambales,Region III (Central Luzon),Municipality,1st,R3,E
[2024-07] 03-071-11-000,2024-07,2024,[07] July,"San Marcelino, Zambales",[1] Operational,,,,,[A] Operational,A,03-071-11-000,San Marcelino,Zambales,Region III (Central Luzon),Municipality,1st,R3,E
[2023-12] 02-031-31-000,2023-12,2023,[12] December,"San Mariano, Isabela",[1] Operational,,,,,[A] Operational,A,02-031-31-000,San Mariano,Isabela,Region II (Cagayan Valley),Municipality,1st,R2,D
[2024-01] 02-031-31-000,2024-01,2024,[01] January,"San Mariano, Isabela",[1] Operational,,,,,[A] Operational,A,02-031-31-000,San Mariano,Isabela,Region II (Cagayan Valley),Municipality,1st,R2,D
[2024-02] 02-031-31-000,2024-02,2024,[02] February,"San Mariano, Isabela",[1] Operational,,,,,[A] Operational,A,02-031-31-000,San Mariano,Isabela,Region II (Cagayan Valley),Municipality,1st,R2,D
[2024-03] 02-031-31-000,2024-03,2024,[03] March,"San Mariano, Isabela",[1] Operational,,,,,[A] Operational,A,02-031-31-000,San Mariano,Isabela,Region II (Cagayan Valley),Municipality,1st,R2,D
[2024-04] 02-031-31-000,2024-04,2024,[04] April,"San Mariano, Isabela",[1] Operational,,,,,[A] Operational,A,02-031-31-000,San Mariano,Isabela,Region II (Cagayan Valley),Municipality,1st,R2,D
[2024-05] 02-031-31-000,2024-05,2024,[05] May,"San Mariano, Isabela",[1] Operational,,,,,[A] Operational,A,02-031-31-000,San Mariano,Isabela,Region II (Cagayan Valley),Municipality,1st,R2,D
[2024-06] 02-031-31-000,2024-06,2024,[06] June,"San Mariano, Isabela",[1] Operational,,,,,[A] Operational,A,02-031-31-000,San Mariano,Isabela,Region II (Cagayan Valley),Municipality,1st,R2,D
[2024-07] 02-031-31-000,2024-07,2024,[07] July,"San Mariano, Isabela",[1] Operational,,,,,[A] Operational,A,02-031-31-000,San Mariano,Isabela,Region II (Cagayan Valley),Municipality,1st,R2,D
[2023-12] 02-031-32-000,2023-12,2023,[12] December,"San Mateo, Isabela",[1] Operational,,,,,[A] Operational,B,02-031-32-000,San Mateo,Isabela,Region II (Cagayan Valley),Municipality,1st,R2,D
[2024-01] 02-031-32-000,2024-01,2024,[01] January,"San Mateo, Isabela",[1] Operational,,,,,[A] Operational,B,02-031-32-000,San Mateo,Isabela,Region II (Cagayan Valley),Municipality,1st,R2,D
[2024-02] 02-031-32-000,2024-02,2024,[02] February,"San Mateo, Isabela",[1] Operational,,,,,[A] Operational,B,02-031-32-000,San Mateo,Isabela,Region II (Cagayan Valley),Municipality,1st,R2,D
[2024-03] 02-031-32-000,2024-03,2024,[03] March,"San Mateo, Isabela",[1] Operational,,,,,[A] Operational,B,02-031-32-000,San Mateo,Isabela,Region II (Cagayan Valley),Municipality,1st,R2,D
[2024-04] 02-031-32-000,2024-04,2024,[04] April,"San Mateo, Isabela",[1] Operational,,,,,[A] Operational,B,02-031-32-000,San Mateo,Isabela,Region II (Cagayan Valley),Municipality,1st,R2,D
[2024-05] 02-031-32-000,2024-05,2024,[05] May,"San Mateo, Isabela",[1] Operational,,,,,[A] Operational,B,02-031-32-000,San Mateo,Isabela,Region II (Cagayan Valley),Municipality,1st,R2,D
[2024-06] 02-031-32-000,2024-06,2024,[06] June,"San Mateo, Isabela",[1] Operational,,,,,[A] Operational,B,02-031-32-000,San Mateo,Isabela,Region II (Cagayan Valley),Municipality,1st,R2,D
[2024-07] 02-031-32-000,2024-07,2024,[07] July,"San Mateo, Isabela",[1] Operational,,,,,[A] Operational,B,02-031-32-000,San Mateo,Isabela,Region II (Cagayan Valley),Municipality,1st,R2,D
[2024-02] 06-030-41-000,2024-02,2024,[02] February,"San Miguel, Iloilo",[1] Operational,,,,,[A] Operational,B,06-030-41-000,San Miguel,Iloilo,Region VI (Western Visayas),Municipality,4th,R6,I
[2024-03] 06-030-41-000,2024-03,2024,[03] March,"San Miguel, Iloilo",[1] Operational,,,,,[A] Operational,B,06-030-41-000,San Miguel,Iloilo,Region VI (Western Visayas),Municipality,4th,R6,I
[2024-04] 06-030-41-000,2024-04,2024,[04] April,"San Miguel, Iloilo",[1] Operational,,,,,[A] Operational,B,06-030-41-000,San Miguel,Iloilo,Region VI (Western Visayas),Municipality,4th,R6,I
[2024-05] 06-030-41-000,2024-05,2024,[05] May,"San Miguel, Iloilo",[1] Operational,,,,,[A] Operational,B,06-030-41-000,San Miguel,Iloilo,Region VI (Western Visayas),Municipality,4th,R6,I
[2024-06] 06-030-41-000,2024-06,2024,[06] June,"San Miguel, Iloilo",[1] Operational,,,,,[A] Operational,B,06-030-41-000,San Miguel,Iloilo,Region VI (Western Visayas),Municipality,4th,R6,I
[2024-07] 06-030-41-000,2024-07,2024,[07] July,"San Miguel, Iloilo",[1] Operational,,,,,[A] Operational,B,06-030-41-000,San Miguel,Iloilo,Region VI (Western Visayas),Municipality,4th,R6,I
[2023-12] 08-037-43-000,2023-12,2023,[12] December,"San Miguel, Leyte",[1] Operational,,,,,[A] Operational,B,08-037-43-000,San Miguel,Leyte,Region VIII (Eastern Visayas),Municipality,4th,R8,K
[2024-01] 08-037-43-000,2024-01,2024,[01] January,"San Miguel, Leyte",[1] Operational,,,,,[A] Operational,B,08-037-43-000,San Miguel,Leyte,Region VIII (Eastern Visayas),Municipality,4th,R8,K
[2024-02] 08-037-43-000,2024-02,2024,[02] February,"San Miguel, Leyte",[1] Operational,,,,,[A] Operational,B,08-037-43-000,San Miguel,Leyte,Region VIII (Eastern Visayas),Municipality,4th,R8,K
[2024-03] 08-037-43-000,2024-03,2024,[03] March,"San Miguel, Leyte",[1] Operational,,,,,[A] Operational,B,08-037-43-000,San Miguel,Leyte,Region VIII (Eastern Visayas),Municipality,4th,R8,K
[2024-04] 08-037-43-000,2024-04,2024,[04] April,"San Miguel, Leyte",[1] Operational,,,,,[A] Operational,B,08-037-43-000,San Miguel,Leyte,Region VIII (Eastern Visayas),Municipality,4th,R8,K
[2024-05] 08-037-43-000,2024-05,2024,[05] May,"San Miguel, Leyte",[1] Operational,,,,,[A] Operational,B,08-037-43-000,San Miguel,Leyte,Region VIII (Eastern Visayas),Municipality,4th,R8,K
[2024-06] 08-037-43-000,2024-06,2024,[06] June,"San Miguel, Leyte",[1] Operational,,,,,[A] Operational,B,08-037-43-000,San Miguel,Leyte,Region VIII (Eastern Visayas),Municipality,4th,R8,K
[2024-07] 08-037-43-000,2024-07,2024,[07] July,"San Miguel, Leyte",[1] Operational,,,,,[A] Operational,B,08-037-43-000,San Miguel,Leyte,Region VIII (Eastern Visayas),Municipality,4th,R8,K
[2023-12] 03-071-12-000,2023-12,2023,[12] December,"San Narciso, Zambales",[1] Operational,,,,,[A] Operational,A,03-071-12-000,San Narciso,Zambales,Region III (Central Luzon),Municipality,4th,R3,E
[2024-01] 03-071-12-000,2024-01,2024,[01] January,"San Narciso, Zambales",[1] Operational,,,,,[A] Operational,A,03-071-12-000,San Narciso,Zambales,Region III (Central Luzon),Municipality,4th,R3,E
[2024-02] 03-071-12-000,2024-02,2024,[02] February,"San Narciso, Zambales",[1] Operational,,,,,[A] Operational,A,03-071-12-000,San Narciso,Zambales,Region III (Central Luzon),Municipality,4th,R3,E
[2024-03] 03-071-12-000,2024-03,2024,[03] March,"San Narciso, Zambales",[1] Operational,,,,,[A] Operational,A,03-071-12-000,San Narciso,Zambales,Region III (Central Luzon),Municipality,4th,R3,E
[2024-04] 03-071-12-000,2024-04,2024,[04] April,"San Narciso, Zambales",[1] Operational,,,,,[A] Operational,A,03-071-12-000,San Narciso,Zambales,Region III (Central Luzon),Municipality,4th,R3,E
[2024-05] 03-071-12-000,2024-05,2024,[05] May,"San Narciso, Zambales",[1] Operational,,,,,[A] Operational,A,03-071-12-000,San Narciso,Zambales,Region III (Central Luzon),Municipality,4th,R3,E
[2024-06] 03-071-12-000,2024-06,2024,[06] June,"San Narciso, Zambales",[1] Operational,,,,,[A] Operational,A,03-071-12-000,San Narciso,Zambales,Region III (Central Luzon),Municipality,4th,R3,E
[2024-07] 03-071-12-000,2024-07,2024,[07] July,"San Narciso, Zambales",[1] Operational,,,,,[A] Operational,A,03-071-12-000,San Narciso,Zambales,Region III (Central Luzon),Municipality,4th,R3,E
[2023-12] 04-010-25-000,2023-12,2023,[12] December,"San Nicolas, Batangas",[1] Operational,,,,,[A] Operational,A,04-010-25-000,San Nicolas,Batangas,Region IV-A (CALABARZON),Municipality,5th,R4A,F
[2024-01] 04-010-25-000,2024-01,2024,[01] January,"San Nicolas, Batangas",[1] Operational,,,,,[A] Operational,A,04-010-25-000,San Nicolas,Batangas,Region IV-A (CALABARZON),Municipality,5th,R4A,F
[2024-02] 04-010-25-000,2024-02,2024,[02] February,"San Nicolas, Batangas",[1] Operational,,,,,[A] Operational,A,04-010-25-000,San Nicolas,Batangas,Region IV-A (CALABARZON),Municipality,5th,R4A,F
[2024-03] 04-010-25-000,2024-03,2024,[03] March,"San Nicolas, Batangas",[1] Operational,,,,,[A] Operational,A,04-010-25-000,San Nicolas,Batangas,Region IV-A (CALABARZON),Municipality,5th,R4A,F
[2024-04] 04-010-25-000,2024-04,2024,[04] April,"San Nicolas, Batangas",[1] Operational,,,,,[A] Operational,A,04-010-25-000,San Nicolas,Batangas,Region IV-A (CALABARZON),Municipality,5th,R4A,F
[2024-05] 04-010-25-000,2024-05,2024,[05] May,"San Nicolas, Batangas",[1] Operational,,,,,[A] Operational,A,04-010-25-000,San Nicolas,Batangas,Region IV-A (CALABARZON),Municipality,5th,R4A,F
[2024-06] 04-010-25-000,2024-06,2024,[06] June,"San Nicolas, Batangas",[1] Operational,,,,,[A] Operational,A,04-010-25-000,San Nicolas,Batangas,Region IV-A (CALABARZON),Municipality,5th,R4A,F
[2024-07] 04-010-25-000,2024-07,2024,[07] July,"San Nicolas, Batangas",[1] Operational,,,,,[A] Operational,A,04-010-25-000,San Nicolas,Batangas,Region IV-A (CALABARZON),Municipality,5th,R4A,F
[2023-12] 01-028-20-000,2023-12,2023,[12] December,"San Nicolas, Ilocos Norte",[1] Operational,,,,,[A] Operational,A,01-028-20-000,San Nicolas,Ilocos Norte,Region I (Ilocos Region),Municipality,2nd,R1,C
[2024-01] 01-028-20-000,2024-01,2024,[01] January,"San Nicolas, Ilocos Norte",[1] Operational,,,,,[A] Operational,A,01-028-20-000,San Nicolas,Ilocos Norte,Region I (Ilocos Region),Municipality,2nd,R1,C
[2024-02] 01-028-20-000,2024-02,2024,[02] February,"San Nicolas, Ilocos Norte",[1] Operational,,,,,[A] Operational,A,01-028-20-000,San Nicolas,Ilocos Norte,Region I (Ilocos Region),Municipality,2nd,R1,C
[2024-03] 01-028-20-000,2024-03,2024,[03] March,"San Nicolas, Ilocos Norte",[1] Operational,,,,,[A] Operational,A,01-028-20-000,San Nicolas,Ilocos Norte,Region I (Ilocos Region),Municipality,2nd,R1,C
[2024-04] 01-028-20-000,2024-04,2024,[04] April,"San Nicolas, Ilocos Norte",[1] Operational,,,,,[A] Operational,A,01-028-20-000,San Nicolas,Ilocos Norte,Region I (Ilocos Region),Municipality,2nd,R1,C
[2024-05] 01-028-20-000,2024-05,2024,[05] May,"San Nicolas, Ilocos Norte",[1] Operational,,,,,[A] Operational,A,01-028-20-000,San Nicolas,Ilocos Norte,Region I (Ilocos Region),Municipality,2nd,R1,C
[2024-06] 01-028-20-000,2024-06,2024,[06] June,"San Nicolas, Ilocos Norte",[1] Operational,,,,,[A] Operational,A,01-028-20-000,San Nicolas,Ilocos Norte,Region I (Ilocos Region),Municipality,2nd,R1,C
[2024-07] 01-028-20-000,2024-07,2024,[07] July,"San Nicolas, Ilocos Norte",[1] Operational,,,,,[A] Operational,A,01-028-20-000,San Nicolas,Ilocos Norte,Region I (Ilocos Region),Municipality,2nd,R1,C
[2023-12] 01-055-36-000,2023-12,2023,[12] December,"San Nicolas, Pangasinan",[1] Operational,,,,,[A] Operational,A,01-055-36-000,San Nicolas,Pangasinan,Region I (Ilocos Region),Municipality,1st,R1,C
[2024-01] 01-055-36-000,2024-01,2024,[01] January,"San Nicolas, Pangasinan",[1] Operational,,,,,[A] Operational,A,01-055-36-000,San Nicolas,Pangasinan,Region I (Ilocos Region),Municipality,1st,R1,C
[2024-02] 01-055-36-000,2024-02,2024,[02] February,"San Nicolas, Pangasinan",[1] Operational,,,,,[A] Operational,A,01-055-36-000,San Nicolas,Pangasinan,Region I (Ilocos Region),Municipality,1st,R1,C
[2024-03] 01-055-36-000,2024-03,2024,[03] March,"San Nicolas, Pangasinan",[1] Operational,,,,,[A] Operational,A,01-055-36-000,San Nicolas,Pangasinan,Region I (Ilocos Region),Municipality,1st,R1,C
[2024-04] 01-055-36-000,2024-04,2024,[04] April,"San Nicolas, Pangasinan",[1] Operational,,,,,[A] Operational,A,01-055-36-000,San Nicolas,Pangasinan,Region I (Ilocos Region),Municipality,1st,R1,C
[2024-05] 01-055-36-000,2024-05,2024,[05] May,"San Nicolas, Pangasinan",[1] Operational,,,,,[A] Operational,A,01-055-36-000,San Nicolas,Pangasinan,Region I (Ilocos Region),Municipality,1st,R1,C
[2024-06] 01-055-36-000,2024-06,2024,[06] June,"San Nicolas, Pangasinan",[1] Operational,,,,,[A] Operational,A,01-055-36-000,San Nicolas,Pangasinan,Region I (Ilocos Region),Municipality,1st,R1,C
[2024-07] 01-055-36-000,2024-07,2024,[07] July,"San Nicolas, Pangasinan",[1] Operational,,,,,[A] Operational,A,01-055-36-000,San Nicolas,Pangasinan,Region I (Ilocos Region),Municipality,1st,R1,C
[2024-01] 09-073-25-000,2024-01,2024,[01] January,"San Pablo, Zamboanga del Sur",[1] Operational,,,,,[A] Operational,A,09-073-25-000,San Pablo,Zamboanga del Sur,Region IX (Zamboanga Peninsula),Municipality,4th*,R9,L
[2024-02] 09-073-25-000,2024-02,2024,[02] February,"San Pablo, Zamboanga del Sur",[1] Operational,,,,,[A] Operational,A,09-073-25-000,San Pablo,Zamboanga del Sur,Region IX (Zamboanga Peninsula),Municipality,4th*,R9,L
[2024-03] 09-073-25-000,2024-03,2024,[03] March,"San Pablo, Zamboanga del Sur",[1] Operational,,,,,[A] Operational,A,09-073-25-000,San Pablo,Zamboanga del Sur,Region IX (Zamboanga Peninsula),Municipality,4th*,R9,L
[2024-04] 09-073-25-000,2024-04,2024,[04] April,"San Pablo, Zamboanga del Sur",[1] Operational,,,,,[A] Operational,A,09-073-25-000,San Pablo,Zamboanga del Sur,Region IX (Zamboanga Peninsula),Municipality,4th*,R9,L
[2024-05] 09-073-25-000,2024-05,2024,[05] May,"San Pablo, Zamboanga del Sur",[1] Operational,,,,,[A] Operational,A,09-073-25-000,San Pablo,Zamboanga del Sur,Region IX (Zamboanga Peninsula),Municipality,4th*,R9,L
[2024-06] 09-073-25-000,2024-06,2024,[06] June,"San Pablo, Zamboanga del Sur",[1] Operational,,,,,[A] Operational,A,09-073-25-000,San Pablo,Zamboanga del Sur,Region IX (Zamboanga Peninsula),Municipality,4th*,R9,L
[2024-07] 09-073-25-000,2024-07,2024,[07] July,"San Pablo, Zamboanga del Sur",[1] Operational,,,,,[A] Operational,A,09-073-25-000,San Pablo,Zamboanga del Sur,Region IX (Zamboanga Peninsula),Municipality,4th*,R9,L
[2023-12] 04-010-26-000,2023-12,2023,[12] December,"San Pascual, Batangas",[1] Operational,,,,,[A] Operational,B,04-010-26-000,San Pascual,Batangas,Region IV-A (CALABARZON),Municipality,1st,R4A,F
[2024-01] 04-010-26-000,2024-01,2024,[01] January,"San Pascual, Batangas",[1] Operational,,,,,[A] Operational,B,04-010-26-000,San Pascual,Batangas,Region IV-A (CALABARZON),Municipality,1st,R4A,F
[2024-02] 04-010-26-000,2024-02,2024,[02] February,"San Pascual, Batangas",[1] Operational,,,,,[A] Operational,B,04-010-26-000,San Pascual,Batangas,Region IV-A (CALABARZON),Municipality,1st,R4A,F
[2024-03] 04-010-26-000,2024-03,2024,[03] March,"San Pascual, Batangas",[1] Operational,,,,,[A] Operational,B,04-010-26-000,San Pascual,Batangas,Region IV-A (CALABARZON),Municipality,1st,R4A,F
[2024-04] 04-010-26-000,2024-04,2024,[04] April,"San Pascual, Batangas",[1] Operational,,,,,[A] Operational,B,04-010-26-000,San Pascual,Batangas,Region IV-A (CALABARZON),Municipality,1st,R4A,F
[2024-05] 04-010-26-000,2024-05,2024,[05] May,"San Pascual, Batangas",[1] Operational,,,,,[A] Operational,B,04-010-26-000,San Pascual,Batangas,Region IV-A (CALABARZON),Municipality,1st,R4A,F
[2024-06] 04-010-26-000,2024-06,2024,[06] June,"San Pascual, Batangas",[1] Operational,,,,,[A] Operational,B,04-010-26-000,San Pascual,Batangas,Region IV-A (CALABARZON),Municipality,1st,R4A,F
[2024-07] 04-010-26-000,2024-07,2024,[07] July,"San Pascual, Batangas",[1] Operational,,,,,[A] Operational,B,04-010-26-000,San Pascual,Batangas,Region IV-A (CALABARZON),Municipality,1st,R4A,F
[2023-12] 07-022-43-000,2023-12,2023,[12] December,"San Remigio, Cebu",[1] Operational,,,,,[A] Operational,B,07-022-43-000,San Remigio,Cebu,Region VII (Central Visayas),Municipality,3rd,R7,J
[2024-01] 07-022-43-000,2024-01,2024,[01] January,"San Remigio, Cebu",[1] Operational,,,,,[A] Operational,B,07-022-43-000,San Remigio,Cebu,Region VII (Central Visayas),Municipality,3rd,R7,J
[2024-02] 07-022-43-000,2024-02,2024,[02] February,"San Remigio, Cebu",[1] Operational,,,,,[A] Operational,B,07-022-43-000,San Remigio,Cebu,Region VII (Central Visayas),Municipality,3rd,R7,J
[2024-03] 07-022-43-000,2024-03,2024,[03] March,"San Remigio, Cebu",[1] Operational,,,,,[A] Operational,B,07-022-43-000,San Remigio,Cebu,Region VII (Central Visayas),Municipality,3rd,R7,J
[2024-04] 07-022-43-000,2024-04,2024,[04] April,"San Remigio, Cebu",[1] Operational,,,,,[A] Operational,B,07-022-43-000,San Remigio,Cebu,Region VII (Central Visayas),Municipality,3rd,R7,J
[2024-05] 07-022-43-000,2024-05,2024,[05] May,"San Remigio, Cebu",[1] Operational,,,,,[A] Operational,B,07-022-43-000,San Remigio,Cebu,Region VII (Central Visayas),Municipality,3rd,R7,J
[2024-06] 07-022-43-000,2024-06,2024,[06] June,"San Remigio, Cebu",[1] Operational,,,,,[A] Operational,B,07-022-43-000,San Remigio,Cebu,Region VII (Central Visayas),Municipality,3rd,R7,J
[2024-07] 07-022-43-000,2024-07,2024,[07] July,"San Remigio, Cebu",[1] Operational,,,,,[A] Operational,B,07-022-43-000,San Remigio,Cebu,Region VII (Central Visayas),Municipality,3rd,R7,J
[2023-12] 08-064-15-000,2023-12,2023,[12] December,"San Ricardo, Southern Leyte",[1] Operational,,,,,[A] Operational,A,08-064-15-000,San Ricardo,Southern Leyte,Region VIII (Eastern Visayas),Municipality,5th,R8,K
[2024-01] 08-064-15-000,2024-01,2024,[01] January,"San Ricardo, Southern Leyte",[1] Operational,,,,,[A] Operational,A,08-064-15-000,San Ricardo,Southern Leyte,Region VIII (Eastern Visayas),Municipality,5th,R8,K
[2024-02] 08-064-15-000,2024-02,2024,[02] February,"San Ricardo, Southern Leyte",[1] Operational,,,,,[A] Operational,A,08-064-15-000,San Ricardo,Southern Leyte,Region VIII (Eastern Visayas),Municipality,5th,R8,K
[2024-03] 08-064-15-000,2024-03,2024,[03] March,"San Ricardo, Southern Leyte",[1] Operational,,,,,[A] Operational,A,08-064-15-000,San Ricardo,Southern Leyte,Region VIII (Eastern Visayas),Municipality,5th,R8,K
[2024-04] 08-064-15-000,2024-04,2024,[04] April,"San Ricardo, Southern Leyte",[1] Operational,,,,,[A] Operational,A,08-064-15-000,San Ricardo,Southern Leyte,Region VIII (Eastern Visayas),Municipality,5th,R8,K
[2024-05] 08-064-15-000,2024-05,2024,[05] May,"San Ricardo, Southern Leyte",[1] Operational,,,,,[A] Operational,A,08-064-15-000,San Ricardo,Southern Leyte,Region VIII (Eastern Visayas),Municipality,5th,R8,K
[2024-06] 08-064-15-000,2024-06,2024,[06] June,"San Ricardo, Southern Leyte",[1] Operational,,,,,[A] Operational,A,08-064-15-000,San Ricardo,Southern Leyte,Region VIII (Eastern Visayas),Municipality,5th,R8,K
[2024-07] 08-064-15-000,2024-07,2024,[07] July,"San Ricardo, Southern Leyte",[1] Operational,,,,,[A] Operational,A,08-064-15-000,San Ricardo,Southern Leyte,Region VIII (Eastern Visayas),Municipality,5th,R8,K
[2023-12] 08-048-20-000,2023-12,2023,[12] December,"San Roque, Northern Samar",[1] Operational,,,,,[A] Operational,B,08-048-20-000,San Roque,Northern Samar,Region VIII (Eastern Visayas),Municipality,4th,R8,K
[2024-01] 08-048-20-000,2024-01,2024,[01] January,"San Roque, Northern Samar",[1] Operational,,,,,[A] Operational,B,08-048-20-000,San Roque,Northern Samar,Region VIII (Eastern Visayas),Municipality,4th,R8,K
[2024-02] 08-048-20-000,2024-02,2024,[02] February,"San Roque, Northern Samar",[1] Operational,,,,,[A] Operational,B,08-048-20-000,San Roque,Northern Samar,Region VIII (Eastern Visayas),Municipality,4th,R8,K
[2024-03] 08-048-20-000,2024-03,2024,[03] March,"San Roque, Northern Samar",[1] Operational,,,,,[A] Operational,B,08-048-20-000,San Roque,Northern Samar,Region VIII (Eastern Visayas),Municipality,4th,R8,K
[2024-04] 08-048-20-000,2024-04,2024,[04] April,"San Roque, Northern Samar",[1] Operational,,,,,[A] Operational,B,08-048-20-000,San Roque,Northern Samar,Region VIII (Eastern Visayas),Municipality,4th,R8,K
[2024-05] 08-048-20-000,2024-05,2024,[05] May,"San Roque, Northern Samar",[1] Operational,,,,,[A] Operational,B,08-048-20-000,San Roque,Northern Samar,Region VIII (Eastern Visayas),Municipality,4th,R8,K
[2024-06] 08-048-20-000,2024-06,2024,[06] June,"San Roque, Northern Samar",[1] Operational,,,,,[A] Operational,B,08-048-20-000,San Roque,Northern Samar,Region VIII (Eastern Visayas),Municipality,4th,R8,K
[2024-07] 08-048-20-000,2024-07,2024,[07] July,"San Roque, Northern Samar",[1] Operational,,,,,[A] Operational,B,08-048-20-000,San Roque,Northern Samar,Region VIII (Eastern Visayas),Municipality,4th,R8,K
[2023-12] 02-015-23-000,2023-12,2023,[12] December,"Santa Ana, Cagayan",[1] Operational,,,,,[A] Operational,B,02-015-23-000,Santa Ana,Cagayan,Region II (Cagayan Valley),Municipality,2nd,R2,D
[2024-01] 02-015-23-000,2024-01,2024,[01] January,"Santa Ana, Cagayan",[1] Operational,,,,,[A] Operational,B,02-015-23-000,Santa Ana,Cagayan,Region II (Cagayan Valley),Municipality,2nd,R2,D
[2024-02] 02-015-23-000,2024-02,2024,[02] February,"Santa Ana, Cagayan",[1] Operational,,,,,[A] Operational,B,02-015-23-000,Santa Ana,Cagayan,Region II (Cagayan Valley),Municipality,2nd,R2,D
[2024-03] 02-015-23-000,2024-03,2024,[03] March,"Santa Ana, Cagayan",[1] Operational,,,,,[A] Operational,B,02-015-23-000,Santa Ana,Cagayan,Region II (Cagayan Valley),Municipality,2nd,R2,D
[2024-04] 02-015-23-000,2024-04,2024,[04] April,"Santa Ana, Cagayan",[1] Operational,,,,,[A] Operational,B,02-015-23-000,Santa Ana,Cagayan,Region II (Cagayan Valley),Municipality,2nd,R2,D
[2024-05] 02-015-23-000,2024-05,2024,[05] May,"Santa Ana, Cagayan",[1] Operational,,,,,[A] Operational,B,02-015-23-000,Santa Ana,Cagayan,Region II (Cagayan Valley),Municipality,2nd,R2,D
[2024-06] 02-015-23-000,2024-06,2024,[06] June,"Santa Ana, Cagayan",[1] Operational,,,,,[A] Operational,B,02-015-23-000,Santa Ana,Cagayan,Region II (Cagayan Valley),Municipality,2nd,R2,D
[2024-07] 02-015-23-000,2024-07,2024,[07] July,"Santa Ana, Cagayan",[1] Operational,,,,,[A] Operational,B,02-015-23-000,Santa Ana,Cagayan,Region II (Cagayan Valley),Municipality,2nd,R2,D
[2023-12] 06-030-43-000,2023-12,2023,[12] December,"Santa Barbara, Iloilo",[1] Operational,,,,,[A] Operational,B,06-030-43-000,Santa Barbara,Iloilo,Region VI (Western Visayas),Municipality,2nd,R6,I
[2024-01] 06-030-43-000,2024-01,2024,[01] January,"Santa Barbara, Iloilo",[1] Operational,,,,,[A] Operational,B,06-030-43-000,Santa Barbara,Iloilo,Region VI (Western Visayas),Municipality,2nd,R6,I
[2024-02] 06-030-43-000,2024-02,2024,[02] February,"Santa Barbara, Iloilo",[1] Operational,,,,,[A] Operational,B,06-030-43-000,Santa Barbara,Iloilo,Region VI (Western Visayas),Municipality,2nd,R6,I
[2024-03] 06-030-43-000,2024-03,2024,[03] March,"Santa Barbara, Iloilo",[1] Operational,,,,,[A] Operational,B,06-030-43-000,Santa Barbara,Iloilo,Region VI (Western Visayas),Municipality,2nd,R6,I
[2024-04] 06-030-43-000,2024-04,2024,[04] April,"Santa Barbara, Iloilo",[1] Operational,,,,,[A] Operational,B,06-030-43-000,Santa Barbara,Iloilo,Region VI (Western Visayas),Municipality,2nd,R6,I
[2024-05] 06-030-43-000,2024-05,2024,[05] May,"Santa Barbara, Iloilo",[1] Operational,,,,,[A] Operational,B,06-030-43-000,Santa Barbara,Iloilo,Region VI (Western Visayas),Municipality,2nd,R6,I
[2024-06] 06-030-43-000,2024-06,2024,[06] June,"Santa Barbara, Iloilo",[1] Operational,,,,,[A] Operational,B,06-030-43-000,Santa Barbara,Iloilo,Region VI (Western Visayas),Municipality,2nd,R6,I
[2024-07] 06-030-43-000,2024-07,2024,[07] July,"Santa Barbara, Iloilo",[1] Operational,,,,,[A] Operational,B,06-030-43-000,Santa Barbara,Iloilo,Region VI (Western Visayas),Municipality,2nd,R6,I
[2023-12] 01-055-38-000,2023-12,2023,[12] December,"Santa Barbara, Pangasinan",[2] Ongoing Testing and Data Build-up,50%,,,,[B] Developmental,A,01-055-38-000,Santa Barbara,Pangasinan,Region I (Ilocos Region),Municipality,1st,R1,C
[2024-01] 01-055-38-000,2024-01,2024,[01] January,"Santa Barbara, Pangasinan",[1] Operational,,,,,[A] Operational,A,01-055-38-000,Santa Barbara,Pangasinan,Region I (Ilocos Region),Municipality,1st,R1,C
[2024-02] 01-055-38-000,2024-02,2024,[02] February,"Santa Barbara, Pangasinan",[1] Operational,,,,,[A] Operational,A,01-055-38-000,Santa Barbara,Pangasinan,Region I (Ilocos Region),Municipality,1st,R1,C
[2024-03] 01-055-38-000,2024-03,2024,[03] March,"Santa Barbara, Pangasinan",[1] Operational,,,,,[A] Operational,A,01-055-38-000,Santa Barbara,Pangasinan,Region I (Ilocos Region),Municipality,1st,R1,C
[2024-04] 01-055-38-000,2024-04,2024,[04] April,"Santa Barbara, Pangasinan",[1] Operational,,,,,[A] Operational,A,01-055-38-000,Santa Barbara,Pangasinan,Region I (Ilocos Region),Municipality,1st,R1,C
[2024-05] 01-055-38-000,2024-05,2024,[05] May,"Santa Barbara, Pangasinan",[1] Operational,,,,,[A] Operational,A,01-055-38-000,Santa Barbara,Pangasinan,Region I (Ilocos Region),Municipality,1st,R1,C
[2024-06] 01-055-38-000,2024-06,2024,[06] June,"Santa Barbara, Pangasinan",[1] Operational,,,,,[A] Operational,A,01-055-38-000,Santa Barbara,Pangasinan,Region I (Ilocos Region),Municipality,1st,R1,C
[2024-07] 01-055-38-000,2024-07,2024,[07] July,"Santa Barbara, Pangasinan",[1] Operational,,,,,[A] Operational,A,01-055-38-000,Santa Barbara,Pangasinan,Region I (Ilocos Region),Municipality,1st,R1,C
[2023-12] 17-040-05-000,2023-12,2023,[12] December,"Santa Cruz, Marinduque",[1] Operational,,,,,[A] Operational,B,17-040-05-000,Santa Cruz,Marinduque,MIMAROPA Region,Municipality,1st,R4B,G
[2024-01] 17-040-05-000,2024-01,2024,[01] January,"Santa Cruz, Marinduque",[1] Operational,,,,,[A] Operational,B,17-040-05-000,Santa Cruz,Marinduque,MIMAROPA Region,Municipality,1st,R4B,G
[2024-02] 17-040-05-000,2024-02,2024,[02] February,"Santa Cruz, Marinduque",[1] Operational,,,,,[A] Operational,B,17-040-05-000,Santa Cruz,Marinduque,MIMAROPA Region,Municipality,1st,R4B,G
[2024-03] 17-040-05-000,2024-03,2024,[03] March,"Santa Cruz, Marinduque",[1] Operational,,,,,[A] Operational,B,17-040-05-000,Santa Cruz,Marinduque,MIMAROPA Region,Municipality,1st,R4B,G
[2024-04] 17-040-05-000,2024-04,2024,[04] April,"Santa Cruz, Marinduque",[1] Operational,,,,,[A] Operational,B,17-040-05-000,Santa Cruz,Marinduque,MIMAROPA Region,Municipality,1st,R4B,G
[2024-05] 17-040-05-000,2024-05,2024,[05] May,"Santa Cruz, Marinduque",[1] Operational,,,,,[A] Operational,B,17-040-05-000,Santa Cruz,Marinduque,MIMAROPA Region,Municipality,1st,R4B,G
[2024-06] 17-040-05-000,2024-06,2024,[06] June,"Santa Cruz, Marinduque",[1] Operational,,,,,[A] Operational,B,17-040-05-000,Santa Cruz,Marinduque,MIMAROPA Region,Municipality,1st,R4B,G
[2024-07] 17-040-05-000,2024-07,2024,[07] July,"Santa Cruz, Marinduque",[1] Operational,,,,,[A] Operational,B,17-040-05-000,Santa Cruz,Marinduque,MIMAROPA Region,Municipality,1st,R4B,G
[2024-05] 03-069-15-000,2024-05,2024,[05] May,"Santa Ignacia, Tarlac",[2] Ongoing Testing and Data Build-up,55%,,,,[B] Developmental,B,03-069-15-000,Santa Ignacia,Tarlac,Region III (Central Luzon),Municipality,2nd,R3,E
[2024-06] 03-069-15-000,2024-06,2024,[06] June,"Santa Ignacia, Tarlac",[2] Ongoing Testing and Data Build-up,60%,,,,[B] Developmental,B,03-069-15-000,Santa Ignacia,Tarlac,Region III (Central Luzon),Municipality,2nd,R3,E
[2024-07] 03-069-15-000,2024-07,2024,[07] July,"Santa Ignacia, Tarlac",[2] Ongoing Testing and Data Build-up,70%,,,,[B] Developmental,B,03-069-15-000,Santa Ignacia,Tarlac,Region III (Central Luzon),Municipality,2nd,R3,E
[2024-01] 16-003-10-000,2024-01,2024,[01] January,"Santa Josefa, Agusan del Sur",[1] Operational,,,,,[A] Operational,A,16-003-10-000,Santa Josefa,Agusan del Sur,Region XIII (Caraga),Municipality,3rd,R13,O
[2024-02] 16-003-10-000,2024-02,2024,[02] February,"Santa Josefa, Agusan del Sur",[1] Operational,,,,,[A] Operational,A,16-003-10-000,Santa Josefa,Agusan del Sur,Region XIII (Caraga),Municipality,3rd,R13,O
[2024-03] 16-003-10-000,2024-03,2024,[03] March,"Santa Josefa, Agusan del Sur",[1] Operational,,,,,[A] Operational,A,16-003-10-000,Santa Josefa,Agusan del Sur,Region XIII (Caraga),Municipality,3rd,R13,O
[2024-04] 16-003-10-000,2024-04,2024,[04] April,"Santa Josefa, Agusan del Sur",[1] Operational,,,,,[A] Operational,A,16-003-10-000,Santa Josefa,Agusan del Sur,Region XIII (Caraga),Municipality,3rd,R13,O
[2024-05] 16-003-10-000,2024-05,2024,[05] May,"Santa Josefa, Agusan del Sur",[1] Operational,,,,,[A] Operational,A,16-003-10-000,Santa Josefa,Agusan del Sur,Region XIII (Caraga),Municipality,3rd,R13,O
[2024-06] 16-003-10-000,2024-06,2024,[06] June,"Santa Josefa, Agusan del Sur",[1] Operational,,,,,[A] Operational,A,16-003-10-000,Santa Josefa,Agusan del Sur,Region XIII (Caraga),Municipality,3rd,R13,O
[2024-07] 16-003-10-000,2024-07,2024,[07] July,"Santa Josefa, Agusan del Sur",[1] Operational,,,,,[A] Operational,A,16-003-10-000,Santa Josefa,Agusan del Sur,Region XIII (Caraga),Municipality,3rd,R13,O
[2023-12] 08-060-16-000,2023-12,2023,[12] December,"Santa Margarita, Samar",[1] Operational,,,,,[A] Operational,B,08-060-16-000,Santa Margarita,Samar,Region VIII (Eastern Visayas),Municipality,4th,R8,K
[2024-01] 08-060-16-000,2024-01,2024,[01] January,"Santa Margarita, Samar",[1] Operational,,,,,[A] Operational,B,08-060-16-000,Santa Margarita,Samar,Region VIII (Eastern Visayas),Municipality,4th,R8,K
[2024-02] 08-060-16-000,2024-02,2024,[02] February,"Santa Margarita, Samar",[1] Operational,,,,,[A] Operational,B,08-060-16-000,Santa Margarita,Samar,Region VIII (Eastern Visayas),Municipality,4th,R8,K
[2024-03] 08-060-16-000,2024-03,2024,[03] March,"Santa Margarita, Samar",[1] Operational,,,,,[A] Operational,B,08-060-16-000,Santa Margarita,Samar,Region VIII (Eastern Visayas),Municipality,4th,R8,K
[2024-04] 08-060-16-000,2024-04,2024,[04] April,"Santa Margarita, Samar",[1] Operational,,,,,[A] Operational,B,08-060-16-000,Santa Margarita,Samar,Region VIII (Eastern Visayas),Municipality,4th,R8,K
[2024-05] 08-060-16-000,2024-05,2024,[05] May,"Santa Margarita, Samar",[1] Operational,,,,,[A] Operational,B,08-060-16-000,Santa Margarita,Samar,Region VIII (Eastern Visayas),Municipality,4th,R8,K
[2024-06] 08-060-16-000,2024-06,2024,[06] June,"Santa Margarita, Samar",[1] Operational,,,,,[A] Operational,B,08-060-16-000,Santa Margarita,Samar,Region VIII (Eastern Visayas),Municipality,4th,R8,K
[2024-07] 08-060-16-000,2024-07,2024,[07] July,"Santa Margarita, Samar",[1] Operational,,,,,[A] Operational,B,08-060-16-000,Santa Margarita,Samar,Region VIII (Eastern Visayas),Municipality,4th,R8,K
[2023-12] 04-010-27-000,2023-12,2023,[12] December,"Santa Teresita, Batangas",[1] Operational,,,,,[A] Operational,B,04-010-27-000,Santa Teresita,Batangas,Region IV-A (CALABARZON),Municipality,5th,R4A,F
[2024-01] 04-010-27-000,2024-01,2024,[01] January,"Santa Teresita, Batangas",[1] Operational,,,,,[A] Operational,B,04-010-27-000,Santa Teresita,Batangas,Region IV-A (CALABARZON),Municipality,5th,R4A,F
[2024-02] 04-010-27-000,2024-02,2024,[02] February,"Santa Teresita, Batangas",[1] Operational,,,,,[A] Operational,B,04-010-27-000,Santa Teresita,Batangas,Region IV-A (CALABARZON),Municipality,5th,R4A,F
[2024-03] 04-010-27-000,2024-03,2024,[03] March,"Santa Teresita, Batangas",[1] Operational,,,,,[A] Operational,B,04-010-27-000,Santa Teresita,Batangas,Region IV-A (CALABARZON),Municipality,5th,R4A,F
[2024-04] 04-010-27-000,2024-04,2024,[04] April,"Santa Teresita, Batangas",[1] Operational,,,,,[A] Operational,B,04-010-27-000,Santa Teresita,Batangas,Region IV-A (CALABARZON),Municipality,5th,R4A,F
[2024-05] 04-010-27-000,2024-05,2024,[05] May,"Santa Teresita, Batangas",[1] Operational,,,,,[A] Operational,B,04-010-27-000,Santa Teresita,Batangas,Region IV-A (CALABARZON),Municipality,5th,R4A,F
[2024-06] 04-010-27-000,2024-06,2024,[06] June,"Santa Teresita, Batangas",[1] Operational,,,,,[A] Operational,B,04-010-27-000,Santa Teresita,Batangas,Region IV-A (CALABARZON),Municipality,5th,R4A,F
[2024-07] 04-010-27-000,2024-07,2024,[07] July,"Santa Teresita, Batangas",[1] Operational,,,,,[A] Operational,B,04-010-27-000,Santa Teresita,Batangas,Region IV-A (CALABARZON),Municipality,5th,R4A,F
[2023-12] 02-015-25-000,2023-12,2023,[12] December,"Santa Teresita, Cagayan",[1] Operational,,,,,[A] Operational,B,02-015-25-000,Santa Teresita,Cagayan,Region II (Cagayan Valley),Municipality,4th,R2,D
[2024-01] 02-015-25-000,2024-01,2024,[01] January,"Santa Teresita, Cagayan",[1] Operational,,,,,[A] Operational,B,02-015-25-000,Santa Teresita,Cagayan,Region II (Cagayan Valley),Municipality,4th,R2,D
[2024-02] 02-015-25-000,2024-02,2024,[02] February,"Santa Teresita, Cagayan",[1] Operational,,,,,[A] Operational,B,02-015-25-000,Santa Teresita,Cagayan,Region II (Cagayan Valley),Municipality,4th,R2,D
[2024-03] 02-015-25-000,2024-03,2024,[03] March,"Santa Teresita, Cagayan",[1] Operational,,,,,[A] Operational,B,02-015-25-000,Santa Teresita,Cagayan,Region II (Cagayan Valley),Municipality,4th,R2,D
[2024-04] 02-015-25-000,2024-04,2024,[04] April,"Santa Teresita, Cagayan",[1] Operational,,,,,[A] Operational,B,02-015-25-000,Santa Teresita,Cagayan,Region II (Cagayan Valley),Municipality,4th,R2,D
[2024-05] 02-015-25-000,2024-05,2024,[05] May,"Santa Teresita, Cagayan",[1] Operational,,,,,[A] Operational,B,02-015-25-000,Santa Teresita,Cagayan,Region II (Cagayan Valley),Municipality,4th,R2,D
[2024-06] 02-015-25-000,2024-06,2024,[06] June,"Santa Teresita, Cagayan",[1] Operational,,,,,[A] Operational,B,02-015-25-000,Santa Teresita,Cagayan,Region II (Cagayan Valley),Municipality,4th,R2,D
[2024-07] 02-015-25-000,2024-07,2024,[07] July,"Santa Teresita, Cagayan",[1] Operational,,,,,[A] Operational,B,02-015-25-000,Santa Teresita,Cagayan,Region II (Cagayan Valley),Municipality,4th,R2,D
[2024-02] 16-002-10-000,2024-02,2024,[02] February,"Santiago, Agusan del Norte",[1] Operational,,,,,[A] Operational,A,16-002-10-000,Santiago,Agusan del Norte,Region XIII (Caraga),Municipality,4th,R13,O
[2024-03] 16-002-10-000,2024-03,2024,[03] March,"Santiago, Agusan del Norte",[1] Operational,,,,,[A] Operational,A,16-002-10-000,Santiago,Agusan del Norte,Region XIII (Caraga),Municipality,4th,R13,O
[2024-04] 16-002-10-000,2024-04,2024,[04] April,"Santiago, Agusan del Norte",[1] Operational,,,,,[A] Operational,A,16-002-10-000,Santiago,Agusan del Norte,Region XIII (Caraga),Municipality,4th,R13,O
[2024-05] 16-002-10-000,2024-05,2024,[05] May,"Santiago, Agusan del Norte",[1] Operational,,,,,[A] Operational,A,16-002-10-000,Santiago,Agusan del Norte,Region XIII (Caraga),Municipality,4th,R13,O
[2024-06] 16-002-10-000,2024-06,2024,[06] June,"Santiago, Agusan del Norte",[1] Operational,,,,,[A] Operational,A,16-002-10-000,Santiago,Agusan del Norte,Region XIII (Caraga),Municipality,4th,R13,O
[2024-07] 16-002-10-000,2024-07,2024,[07] July,"Santiago, Agusan del Norte",[1] Operational,,,,,[A] Operational,A,16-002-10-000,Santiago,Agusan del Norte,Region XIII (Caraga),Municipality,4th,R13,O
[2023-12] 01-029-28-000,2023-12,2023,[12] December,"Santo Domingo, Ilocos Sur",[1] Operational,,,,,[A] Operational,B,01-029-28-000,Santo Domingo,Ilocos Sur,Region I (Ilocos Region),Municipality,3rd,R1,C
[2024-01] 01-029-28-000,2024-01,2024,[01] January,"Santo Domingo, Ilocos Sur",[1] Operational,,,,,[A] Operational,B,01-029-28-000,Santo Domingo,Ilocos Sur,Region I (Ilocos Region),Municipality,3rd,R1,C
[2024-02] 01-029-28-000,2024-02,2024,[02] February,"Santo Domingo, Ilocos Sur",[1] Operational,,,,,[A] Operational,B,01-029-28-000,Santo Domingo,Ilocos Sur,Region I (Ilocos Region),Municipality,3rd,R1,C
[2024-03] 01-029-28-000,2024-03,2024,[03] March,"Santo Domingo, Ilocos Sur",[1] Operational,,,,,[A] Operational,B,01-029-28-000,Santo Domingo,Ilocos Sur,Region I (Ilocos Region),Municipality,3rd,R1,C
[2024-04] 01-029-28-000,2024-04,2024,[04] April,"Santo Domingo, Ilocos Sur",[1] Operational,,,,,[A] Operational,B,01-029-28-000,Santo Domingo,Ilocos Sur,Region I (Ilocos Region),Municipality,3rd,R1,C
[2024-05] 01-029-28-000,2024-05,2024,[05] May,"Santo Domingo, Ilocos Sur",[1] Operational,,,,,[A] Operational,B,01-029-28-000,Santo Domingo,Ilocos Sur,Region I (Ilocos Region),Municipality,3rd,R1,C
[2024-06] 01-029-28-000,2024-06,2024,[06] June,"Santo Domingo, Ilocos Sur",[1] Operational,,,,,[A] Operational,B,01-029-28-000,Santo Domingo,Ilocos Sur,Region I (Ilocos Region),Municipality,3rd,R1,C
[2024-07] 01-029-28-000,2024-07,2024,[07] July,"Santo Domingo, Ilocos Sur",[1] Operational,,,,,[A] Operational,B,01-029-28-000,Santo Domingo,Ilocos Sur,Region I (Ilocos Region),Municipality,3rd,R1,C
[2023-12] 01-033-17-000,2023-12,2023,[12] December,"Santo Tomas, La Union",[1] Operational,,,,,[A] Operational,A,01-033-17-000,Santo Tomas,La Union,Region I (Ilocos Region),Municipality,4th,R1,C
[2024-01] 01-033-17-000,2024-01,2024,[01] January,"Santo Tomas, La Union",[1] Operational,,,,,[A] Operational,A,01-033-17-000,Santo Tomas,La Union,Region I (Ilocos Region),Municipality,4th,R1,C
[2024-02] 01-033-17-000,2024-02,2024,[02] February,"Santo Tomas, La Union",[1] Operational,,,,,[A] Operational,A,01-033-17-000,Santo Tomas,La Union,Region I (Ilocos Region),Municipality,4th,R1,C
[2024-03] 01-033-17-000,2024-03,2024,[03] March,"Santo Tomas, La Union",[1] Operational,,,,,[A] Operational,A,01-033-17-000,Santo Tomas,La Union,Region I (Ilocos Region),Municipality,4th,R1,C
[2024-04] 01-033-17-000,2024-04,2024,[04] April,"Santo Tomas, La Union",[1] Operational,,,,,[A] Operational,A,01-033-17-000,Santo Tomas,La Union,Region I (Ilocos Region),Municipality,4th,R1,C
[2024-05] 01-033-17-000,2024-05,2024,[05] May,"Santo Tomas, La Union",[1] Operational,,,,,[A] Operational,A,01-033-17-000,Santo Tomas,La Union,Region I (Ilocos Region),Municipality,4th,R1,C
[2024-06] 01-033-17-000,2024-06,2024,[06] June,"Santo Tomas, La Union",[1] Operational,,,,,[A] Operational,A,01-033-17-000,Santo Tomas,La Union,Region I (Ilocos Region),Municipality,4th,R1,C
[2024-07] 01-033-17-000,2024-07,2024,[07] July,"Santo Tomas, La Union",[1] Operational,,,,,[A] Operational,A,01-033-17-000,Santo Tomas,La Union,Region I (Ilocos Region),Municipality,4th,R1,C
[2023-12] 01-055-40-000,2023-12,2023,[12] December,"Santo Tomas, Pangasinan",[2] Ongoing Testing and Data Build-up,50%,,,,[B] Developmental,A,01-055-40-000,Santo Tomas,Pangasinan,Region I (Ilocos Region),Municipality,5th,R1,C
[2024-01] 01-055-40-000,2024-01,2024,[01] January,"Santo Tomas, Pangasinan",[2] Ongoing Testing and Data Build-up,50%,,,,[B] Developmental,A,01-055-40-000,Santo Tomas,Pangasinan,Region I (Ilocos Region),Municipality,5th,R1,C
[2024-02] 01-055-40-000,2024-02,2024,[02] February,"Santo Tomas, Pangasinan",[2] Ongoing Testing and Data Build-up,50%,,,,[B] Developmental,A,01-055-40-000,Santo Tomas,Pangasinan,Region I (Ilocos Region),Municipality,5th,R1,C
[2024-03] 01-055-40-000,2024-03,2024,[03] March,"Santo Tomas, Pangasinan",[2] Ongoing Testing and Data Build-up,50%,,,,[B] Developmental,A,01-055-40-000,Santo Tomas,Pangasinan,Region I (Ilocos Region),Municipality,5th,R1,C
[2024-04] 01-055-40-000,2024-04,2024,[04] April,"Santo Tomas, Pangasinan",[2] Ongoing Testing and Data Build-up,50%,,,,[B] Developmental,A,01-055-40-000,Santo Tomas,Pangasinan,Region I (Ilocos Region),Municipality,5th,R1,C
[2024-05] 01-055-40-000,2024-05,2024,[05] May,"Santo Tomas, Pangasinan",[2] Ongoing Testing and Data Build-up,50%,,,,[B] Developmental,A,01-055-40-000,Santo Tomas,Pangasinan,Region I (Ilocos Region),Municipality,5th,R1,C
[2024-06] 01-055-40-000,2024-06,2024,[06] June,"Santo Tomas, Pangasinan",[2] Ongoing Testing and Data Build-up,50%,,,,[B] Developmental,A,01-055-40-000,Santo Tomas,Pangasinan,Region I (Ilocos Region),Municipality,5th,R1,C
[2024-07] 01-055-40-000,2024-07,2024,[07] July,"Santo Tomas, Pangasinan",[2] Ongoing Testing and Data Build-up,50%,,,,[B] Developmental,A,01-055-40-000,Santo Tomas,Pangasinan,Region I (Ilocos Region),Municipality,5th,R1,C
[2023-12] 06-030-44-000,2023-12,2023,[12] December,"Sara, Iloilo",[1] Operational,,,,,[A] Operational,B,06-030-44-000,Sara,Iloilo,Region VI (Western Visayas),Municipality,2nd,R6,I
[2024-01] 06-030-44-000,2024-01,2024,[01] January,"Sara, Iloilo",[1] Operational,,,,,[A] Operational,B,06-030-44-000,Sara,Iloilo,Region VI (Western Visayas),Municipality,2nd,R6,I
[2024-02] 06-030-44-000,2024-02,2024,[02] February,"Sara, Iloilo",[1] Operational,,,,,[A] Operational,B,06-030-44-000,Sara,Iloilo,Region VI (Western Visayas),Municipality,2nd,R6,I
[2024-03] 06-030-44-000,2024-03,2024,[03] March,"Sara, Iloilo",[1] Operational,,,,,[A] Operational,B,06-030-44-000,Sara,Iloilo,Region VI (Western Visayas),Municipality,2nd,R6,I
[2024-04] 06-030-44-000,2024-04,2024,[04] April,"Sara, Iloilo",[1] Operational,,,,,[A] Operational,B,06-030-44-000,Sara,Iloilo,Region VI (Western Visayas),Municipality,2nd,R6,I
[2024-05] 06-030-44-000,2024-05,2024,[05] May,"Sara, Iloilo",[1] Operational,,,,,[A] Operational,B,06-030-44-000,Sara,Iloilo,Region VI (Western Visayas),Municipality,2nd,R6,I
[2024-06] 06-030-44-000,2024-06,2024,[06] June,"Sara, Iloilo",[1] Operational,,,,,[A] Operational,B,06-030-44-000,Sara,Iloilo,Region VI (Western Visayas),Municipality,2nd,R6,I
[2024-07] 06-030-44-000,2024-07,2024,[07] July,"Sara, Iloilo",[1] Operational,,,,,[A] Operational,B,06-030-44-000,Sara,Iloilo,Region VI (Western Visayas),Municipality,2nd,R6,I
[2023-12] 01-028-21-000,2023-12,2023,[12] December,"Sarrat, Ilocos Norte",[1] Operational,,,,,[A] Operational,A,01-028-21-000,Sarrat,Ilocos Norte,Region I (Ilocos Region),Municipality,4th,R1,C
[2024-01] 01-028-21-000,2024-01,2024,[01] January,"Sarrat, Ilocos Norte",[1] Operational,,,,,[A] Operational,A,01-028-21-000,Sarrat,Ilocos Norte,Region I (Ilocos Region),Municipality,4th,R1,C
[2024-02] 01-028-21-000,2024-02,2024,[02] February,"Sarrat, Ilocos Norte",[1] Operational,,,,,[A] Operational,A,01-028-21-000,Sarrat,Ilocos Norte,Region I (Ilocos Region),Municipality,4th,R1,C
[2024-03] 01-028-21-000,2024-03,2024,[03] March,"Sarrat, Ilocos Norte",[1] Operational,,,,,[A] Operational,A,01-028-21-000,Sarrat,Ilocos Norte,Region I (Ilocos Region),Municipality,4th,R1,C
[2024-04] 01-028-21-000,2024-04,2024,[04] April,"Sarrat, Ilocos Norte",[1] Operational,,,,,[A] Operational,A,01-028-21-000,Sarrat,Ilocos Norte,Region I (Ilocos Region),Municipality,4th,R1,C
[2024-05] 01-028-21-000,2024-05,2024,[05] May,"Sarrat, Ilocos Norte",[1] Operational,,,,,[A] Operational,A,01-028-21-000,Sarrat,Ilocos Norte,Region I (Ilocos Region),Municipality,4th,R1,C
[2024-06] 01-028-21-000,2024-06,2024,[06] June,"Sarrat, Ilocos Norte",[1] Operational,,,,,[A] Operational,A,01-028-21-000,Sarrat,Ilocos Norte,Region I (Ilocos Region),Municipality,4th,R1,C
[2024-07] 01-028-21-000,2024-07,2024,[07] July,"Sarrat, Ilocos Norte",[1] Operational,,,,,[A] Operational,A,01-028-21-000,Sarrat,Ilocos Norte,Region I (Ilocos Region),Municipality,4th,R1,C
[2024-01] 06-006-15-000,2024-01,2024,[01] January,"Sebaste, Antique",[1] Operational,,,,,[A] Operational,A,06-006-15-000,Sebaste,Antique,Region VI (Western Visayas),Municipality,4th,R6,I
[2024-02] 06-006-15-000,2024-02,2024,[02] February,"Sebaste, Antique",[1] Operational,,,,,[A] Operational,A,06-006-15-000,Sebaste,Antique,Region VI (Western Visayas),Municipality,4th,R6,I
[2024-03] 06-006-15-000,2024-03,2024,[03] March,"Sebaste, Antique",[1] Operational,,,,,[A] Operational,A,06-006-15-000,Sebaste,Antique,Region VI (Western Visayas),Municipality,4th,R6,I
[2024-04] 06-006-15-000,2024-04,2024,[04] April,"Sebaste, Antique",[1] Operational,,,,,[A] Operational,A,06-006-15-000,Sebaste,Antique,Region VI (Western Visayas),Municipality,4th,R6,I
[2024-05] 06-006-15-000,2024-05,2024,[05] May,"Sebaste, Antique",[1] Operational,,,,,[A] Operational,A,06-006-15-000,Sebaste,Antique,Region VI (Western Visayas),Municipality,4th,R6,I
[2024-06] 06-006-15-000,2024-06,2024,[06] June,"Sebaste, Antique",[1] Operational,,,,,[A] Operational,A,06-006-15-000,Sebaste,Antique,Region VI (Western Visayas),Municipality,4th,R6,I
[2024-07] 06-006-15-000,2024-07,2024,[07] July,"Sebaste, Antique",[1] Operational,,,,,[A] Operational,A,06-006-15-000,Sebaste,Antique,Region VI (Western Visayas),Municipality,4th,R6,I
[2023-12] 12-065-12-000,2023-12,2023,[12] December,"Sen. Ninoy Aquino, Sultan Kudarat",[1] Operational,,,,,[A] Operational,B,12-065-12-000,Sen. Ninoy Aquino,Sultan Kudarat,Region XII (SOCCSKSARGEN),Municipality,3rd,R12,Q
[2024-01] 12-065-12-000,2024-01,2024,[01] January,"Sen. Ninoy Aquino, Sultan Kudarat",[1] Operational,,,,,[A] Operational,B,12-065-12-000,Sen. Ninoy Aquino,Sultan Kudarat,Region XII (SOCCSKSARGEN),Municipality,3rd,R12,Q
[2024-02] 12-065-12-000,2024-02,2024,[02] February,"Sen. Ninoy Aquino, Sultan Kudarat",[1] Operational,,,,,[A] Operational,B,12-065-12-000,Sen. Ninoy Aquino,Sultan Kudarat,Region XII (SOCCSKSARGEN),Municipality,3rd,R12,Q
[2024-03] 12-065-12-000,2024-03,2024,[03] March,"Sen. Ninoy Aquino, Sultan Kudarat",[1] Operational,,,,,[A] Operational,B,12-065-12-000,Sen. Ninoy Aquino,Sultan Kudarat,Region XII (SOCCSKSARGEN),Municipality,3rd,R12,Q
[2024-04] 12-065-12-000,2024-04,2024,[04] April,"Sen. Ninoy Aquino, Sultan Kudarat",[1] Operational,,,,,[A] Operational,B,12-065-12-000,Sen. Ninoy Aquino,Sultan Kudarat,Region XII (SOCCSKSARGEN),Municipality,3rd,R12,Q
[2024-05] 12-065-12-000,2024-05,2024,[05] May,"Sen. Ninoy Aquino, Sultan Kudarat",[1] Operational,,,,,[A] Operational,B,12-065-12-000,Sen. Ninoy Aquino,Sultan Kudarat,Region XII (SOCCSKSARGEN),Municipality,3rd,R12,Q
[2024-06] 12-065-12-000,2024-06,2024,[06] June,"Sen. Ninoy Aquino, Sultan Kudarat",[1] Operational,,,,,[A] Operational,B,12-065-12-000,Sen. Ninoy Aquino,Sultan Kudarat,Region XII (SOCCSKSARGEN),Municipality,3rd,R12,Q
[2024-07] 12-065-12-000,2024-07,2024,[07] July,"Sen. Ninoy Aquino, Sultan Kudarat",[1] Operational,,,,,[A] Operational,B,12-065-12-000,Sen. Ninoy Aquino,Sultan Kudarat,Region XII (SOCCSKSARGEN),Municipality,3rd,R12,Q
[2024-06] 19-088-20-000,2024-06,2024,[06] June,"Shariff Aguak, Maguindanao del Sur",[1] Operational,,,"Operational last June 26, 20245",10 Barangay to Integrate,[A] Operational,B,19-088-20-000,Shariff Aguak,Maguindanao del Sur,Bangsamoro Autonomous Region In Muslim Mindanao (BARMM),Municipality,2nd,BARMM II,R
[2024-07] 19-088-20-000,2024-07,2024,[07] July,"Shariff Aguak, Maguindanao del Sur",[1] Operational,,,"Operational last June 26, 20245",10 Barangay to Integrate,[A] Operational,B,19-088-20-000,Shariff Aguak,Maguindanao del Sur,Bangsamoro Autonomous Region In Muslim Mindanao (BARMM),Municipality,2nd,BARMM II,R
[2024-01] 09-072-15-000,2024-01,2024,[01] January,"Siayan, Zamboanga del Norte",[1] Operational,,,,,[A] Operational,B,09-072-15-000,Siayan,Zamboanga del Norte,Region IX (Zamboanga Peninsula),Municipality,2nd,R9,L
[2024-02] 09-072-15-000,2024-02,2024,[02] February,"Siayan, Zamboanga del Norte",[1] Operational,,,,,[A] Operational,B,09-072-15-000,Siayan,Zamboanga del Norte,Region IX (Zamboanga Peninsula),Municipality,2nd,R9,L
[2024-03] 09-072-15-000,2024-03,2024,[03] March,"Siayan, Zamboanga del Norte",[1] Operational,,,,,[A] Operational,B,09-072-15-000,Siayan,Zamboanga del Norte,Region IX (Zamboanga Peninsula),Municipality,2nd,R9,L
[2024-04] 09-072-15-000,2024-04,2024,[04] April,"Siayan, Zamboanga del Norte",[1] Operational,,,,,[A] Operational,B,09-072-15-000,Siayan,Zamboanga del Norte,Region IX (Zamboanga Peninsula),Municipality,2nd,R9,L
[2024-05] 09-072-15-000,2024-05,2024,[05] May,"Siayan, Zamboanga del Norte",[1] Operational,,,,,[A] Operational,B,09-072-15-000,Siayan,Zamboanga del Norte,Region IX (Zamboanga Peninsula),Municipality,2nd,R9,L
[2024-06] 09-072-15-000,2024-06,2024,[06] June,"Siayan, Zamboanga del Norte",[1] Operational,,,,,[A] Operational,B,09-072-15-000,Siayan,Zamboanga del Norte,Region IX (Zamboanga Peninsula),Municipality,2nd,R9,L
[2024-07] 09-072-15-000,2024-07,2024,[07] July,"Siayan, Zamboanga del Norte",[1] Operational,,,,,[A] Operational,B,09-072-15-000,Siayan,Zamboanga del Norte,Region IX (Zamboanga Peninsula),Municipality,2nd,R9,L
[2023-12] 08-064-16-000,2023-12,2023,[12] December,"Silago, Southern Leyte",[1] Operational,,,,,[A] Operational,B,08-064-16-000,Silago,Southern Leyte,Region VIII (Eastern Visayas),Municipality,4th,R8,K
[2024-01] 08-064-16-000,2024-01,2024,[01] January,"Silago, Southern Leyte",[1] Operational,,,,,[A] Operational,B,08-064-16-000,Silago,Southern Leyte,Region VIII (Eastern Visayas),Municipality,4th,R8,K
[2024-02] 08-064-16-000,2024-02,2024,[02] February,"Silago, Southern Leyte",[1] Operational,,,,,[A] Operational,B,08-064-16-000,Silago,Southern Leyte,Region VIII (Eastern Visayas),Municipality,4th,R8,K
[2024-03] 08-064-16-000,2024-03,2024,[03] March,"Silago, Southern Leyte",[1] Operational,,,,,[A] Operational,B,08-064-16-000,Silago,Southern Leyte,Region VIII (Eastern Visayas),Municipality,4th,R8,K
[2024-04] 08-064-16-000,2024-04,2024,[04] April,"Silago, Southern Leyte",[1] Operational,,,,,[A] Operational,B,08-064-16-000,Silago,Southern Leyte,Region VIII (Eastern Visayas),Municipality,4th,R8,K
[2024-05] 08-064-16-000,2024-05,2024,[05] May,"Silago, Southern Leyte",[1] Operational,,,,,[A] Operational,B,08-064-16-000,Silago,Southern Leyte,Region VIII (Eastern Visayas),Municipality,4th,R8,K
[2024-06] 08-064-16-000,2024-06,2024,[06] June,"Silago, Southern Leyte",[1] Operational,,,,,[A] Operational,B,08-064-16-000,Silago,Southern Leyte,Region VIII (Eastern Visayas),Municipality,4th,R8,K
[2024-07] 08-064-16-000,2024-07,2024,[07] July,"Silago, Southern Leyte",[1] Operational,,,,,[A] Operational,B,08-064-16-000,Silago,Southern Leyte,Region VIII (Eastern Visayas),Municipality,4th,R8,K
[2024-07] 10-042-14-000,2024-07,2024,[07] July,"Sinacaban, Misamis Occidental",[1] Operational,,,,,[A] Operational,B,10-042-14-000,Sinacaban,Misamis Occidental,Region X (Northern Mindanao),Municipality,5th,R10,N
[2023-12] 01-029-30-000,2023-12,2023,[12] December,"Sinait, Ilocos Sur",[1] Operational,,,,,[A] Operational,A,01-029-30-000,Sinait,Ilocos Sur,Region I (Ilocos Region),Municipality,3rd,R1,C
[2024-01] 01-029-30-000,2024-01,2024,[01] January,"Sinait, Ilocos Sur",[1] Operational,,,,,[A] Operational,A,01-029-30-000,Sinait,Ilocos Sur,Region I (Ilocos Region),Municipality,3rd,R1,C
[2024-02] 01-029-30-000,2024-02,2024,[02] February,"Sinait, Ilocos Sur",[1] Operational,,,,,[A] Operational,A,01-029-30-000,Sinait,Ilocos Sur,Region I (Ilocos Region),Municipality,3rd,R1,C
[2024-03] 01-029-30-000,2024-03,2024,[03] March,"Sinait, Ilocos Sur",[1] Operational,,,,,[A] Operational,A,01-029-30-000,Sinait,Ilocos Sur,Region I (Ilocos Region),Municipality,3rd,R1,C
[2024-04] 01-029-30-000,2024-04,2024,[04] April,"Sinait, Ilocos Sur",[1] Operational,,,,,[A] Operational,A,01-029-30-000,Sinait,Ilocos Sur,Region I (Ilocos Region),Municipality,3rd,R1,C
[2024-05] 01-029-30-000,2024-05,2024,[05] May,"Sinait, Ilocos Sur",[1] Operational,,,,,[A] Operational,A,01-029-30-000,Sinait,Ilocos Sur,Region I (Ilocos Region),Municipality,3rd,R1,C
[2024-06] 01-029-30-000,2024-06,2024,[06] June,"Sinait, Ilocos Sur",[1] Operational,,,,,[A] Operational,A,01-029-30-000,Sinait,Ilocos Sur,Region I (Ilocos Region),Municipality,3rd,R1,C
[2024-07] 01-029-30-000,2024-07,2024,[07] July,"Sinait, Ilocos Sur",[1] Operational,,,,,[A] Operational,A,01-029-30-000,Sinait,Ilocos Sur,Region I (Ilocos Region),Municipality,3rd,R1,C
[2023-12] 09-072-18-000,2023-12,2023,[12] December,"Sindangan, Zamboanga del Norte",[1] Operational,,,,,[A] Operational,A,09-072-18-000,Sindangan,Zamboanga del Norte,Region IX (Zamboanga Peninsula),Municipality,1st,R9,L
[2024-01] 09-072-18-000,2024-01,2024,[01] January,"Sindangan, Zamboanga del Norte",[1] Operational,,,,,[A] Operational,A,09-072-18-000,Sindangan,Zamboanga del Norte,Region IX (Zamboanga Peninsula),Municipality,1st,R9,L
[2024-02] 09-072-18-000,2024-02,2024,[02] February,"Sindangan, Zamboanga del Norte",[1] Operational,,,,,[A] Operational,A,09-072-18-000,Sindangan,Zamboanga del Norte,Region IX (Zamboanga Peninsula),Municipality,1st,R9,L
[2024-03] 09-072-18-000,2024-03,2024,[03] March,"Sindangan, Zamboanga del Norte",[1] Operational,,,,,[A] Operational,A,09-072-18-000,Sindangan,Zamboanga del Norte,Region IX (Zamboanga Peninsula),Municipality,1st,R9,L
[2024-04] 09-072-18-000,2024-04,2024,[04] April,"Sindangan, Zamboanga del Norte",[1] Operational,,,,,[A] Operational,A,09-072-18-000,Sindangan,Zamboanga del Norte,Region IX (Zamboanga Peninsula),Municipality,1st,R9,L
[2024-05] 09-072-18-000,2024-05,2024,[05] May,"Sindangan, Zamboanga del Norte",[1] Operational,,,,,[A] Operational,A,09-072-18-000,Sindangan,Zamboanga del Norte,Region IX (Zamboanga Peninsula),Municipality,1st,R9,L
[2024-06] 09-072-18-000,2024-06,2024,[06] June,"Sindangan, Zamboanga del Norte",[1] Operational,,,,,[A] Operational,A,09-072-18-000,Sindangan,Zamboanga del Norte,Region IX (Zamboanga Peninsula),Municipality,1st,R9,L
[2024-07] 09-072-18-000,2024-07,2024,[07] July,"Sindangan, Zamboanga del Norte",[1] Operational,,,,,[A] Operational,A,09-072-18-000,Sindangan,Zamboanga del Norte,Region IX (Zamboanga Peninsula),Municipality,1st,R9,L
[2023-12] 04-034-29-000,2023-12,2023,[12] December,"Siniloan, Laguna",[1] Operational,,,,,[A] Operational,A,04-034-29-000,Siniloan,Laguna,Region IV-A (CALABARZON),Municipality,2nd,R4A,F
[2024-01] 04-034-29-000,2024-01,2024,[01] January,"Siniloan, Laguna",[1] Operational,,,,,[A] Operational,A,04-034-29-000,Siniloan,Laguna,Region IV-A (CALABARZON),Municipality,2nd,R4A,F
[2024-02] 04-034-29-000,2024-02,2024,[02] February,"Siniloan, Laguna",[1] Operational,,,,,[A] Operational,A,04-034-29-000,Siniloan,Laguna,Region IV-A (CALABARZON),Municipality,2nd,R4A,F
[2024-03] 04-034-29-000,2024-03,2024,[03] March,"Siniloan, Laguna",[1] Operational,,,,,[A] Operational,A,04-034-29-000,Siniloan,Laguna,Region IV-A (CALABARZON),Municipality,2nd,R4A,F
[2024-04] 04-034-29-000,2024-04,2024,[04] April,"Siniloan, Laguna",[1] Operational,,,,,[A] Operational,A,04-034-29-000,Siniloan,Laguna,Region IV-A (CALABARZON),Municipality,2nd,R4A,F
[2024-05] 04-034-29-000,2024-05,2024,[05] May,"Siniloan, Laguna",[1] Operational,,,,,[A] Operational,A,04-034-29-000,Siniloan,Laguna,Region IV-A (CALABARZON),Municipality,2nd,R4A,F
[2024-06] 04-034-29-000,2024-06,2024,[06] June,"Siniloan, Laguna",[1] Operational,,,,,[A] Operational,A,04-034-29-000,Siniloan,Laguna,Region IV-A (CALABARZON),Municipality,2nd,R4A,F
[2024-07] 04-034-29-000,2024-07,2024,[07] July,"Siniloan, Laguna",[1] Operational,,,,,[A] Operational,A,04-034-29-000,Siniloan,Laguna,Region IV-A (CALABARZON),Municipality,2nd,R4A,F
[2023-12] 01-055-41-000,2023-12,2023,[12] December,"Sison, Pangasinan",[2] Ongoing Testing and Data Build-up,50%,,,,[B] Developmental,A,01-055-41-000,Sison,Pangasinan,Region I (Ilocos Region),Municipality,3rd,R1,C
[2024-01] 01-055-41-000,2024-01,2024,[01] January,"Sison, Pangasinan",[2] Ongoing Testing and Data Build-up,50%,,,,[B] Developmental,A,01-055-41-000,Sison,Pangasinan,Region I (Ilocos Region),Municipality,3rd,R1,C
[2024-02] 01-055-41-000,2024-02,2024,[02] February,"Sison, Pangasinan",[2] Ongoing Testing and Data Build-up,50%,,,,[B] Developmental,A,01-055-41-000,Sison,Pangasinan,Region I (Ilocos Region),Municipality,3rd,R1,C
[2024-03] 01-055-41-000,2024-03,2024,[03] March,"Sison, Pangasinan",[2] Ongoing Testing and Data Build-up,50%,,,,[B] Developmental,A,01-055-41-000,Sison,Pangasinan,Region I (Ilocos Region),Municipality,3rd,R1,C
[2024-04] 01-055-41-000,2024-04,2024,[04] April,"Sison, Pangasinan",[2] Ongoing Testing and Data Build-up,50%,,,,[B] Developmental,A,01-055-41-000,Sison,Pangasinan,Region I (Ilocos Region),Municipality,3rd,R1,C
[2024-05] 01-055-41-000,2024-05,2024,[05] May,"Sison, Pangasinan",[2] Ongoing Testing and Data Build-up,50%,,,,[B] Developmental,A,01-055-41-000,Sison,Pangasinan,Region I (Ilocos Region),Municipality,3rd,R1,C
[2024-06] 01-055-41-000,2024-06,2024,[06] June,"Sison, Pangasinan",[2] Ongoing Testing and Data Build-up,50%,,,,[B] Developmental,A,01-055-41-000,Sison,Pangasinan,Region I (Ilocos Region),Municipality,3rd,R1,C
[2024-07] 01-055-41-000,2024-07,2024,[07] July,"Sison, Pangasinan",[2] Ongoing Testing and Data Build-up,50%,,,,[B] Developmental,A,01-055-41-000,Sison,Pangasinan,Region I (Ilocos Region),Municipality,3rd,R1,C
[2024-02] 16-067-22-000,2024-02,2024,[02] February,"Sison, Surigao del Norte",[1] Operational,,,,,[A] Operational,B,16-067-22-000,Sison,Surigao del Norte,Region XIII (Caraga),Municipality,5th,R13,O
[2024-03] 16-067-22-000,2024-03,2024,[03] March,"Sison, Surigao del Norte",[1] Operational,,,,,[A] Operational,B,16-067-22-000,Sison,Surigao del Norte,Region XIII (Caraga),Municipality,5th,R13,O
[2024-04] 16-067-22-000,2024-04,2024,[04] April,"Sison, Surigao del Norte",[1] Operational,,,,,[A] Operational,B,16-067-22-000,Sison,Surigao del Norte,Region XIII (Caraga),Municipality,5th,R13,O
[2024-05] 16-067-22-000,2024-05,2024,[05] May,"Sison, Surigao del Norte",[1] Operational,,,,,[A] Operational,B,16-067-22-000,Sison,Surigao del Norte,Region XIII (Caraga),Municipality,5th,R13,O
[2024-06] 16-067-22-000,2024-06,2024,[06] June,"Sison, Surigao del Norte",[1] Operational,,,,,[A] Operational,B,16-067-22-000,Sison,Surigao del Norte,Region XIII (Caraga),Municipality,5th,R13,O
[2024-07] 16-067-22-000,2024-07,2024,[07] July,"Sison, Surigao del Norte",[1] Operational,,,,,[A] Operational,B,16-067-22-000,Sison,Surigao del Norte,Region XIII (Caraga),Municipality,5th,R13,O
[2023-12] 07-022-47-000,2023-12,2023,[12] December,"Sogod, Cebu",[1] Operational,,,,,[A] Operational,A,07-022-47-000,Sogod,Cebu,Region VII (Central Visayas),Municipality,4th*,R7,J
[2024-01] 07-022-47-000,2024-01,2024,[01] January,"Sogod, Cebu",[1] Operational,,,,,[A] Operational,A,07-022-47-000,Sogod,Cebu,Region VII (Central Visayas),Municipality,4th*,R7,J
[2024-02] 07-022-47-000,2024-02,2024,[02] February,"Sogod, Cebu",[1] Operational,,,,,[A] Operational,A,07-022-47-000,Sogod,Cebu,Region VII (Central Visayas),Municipality,4th*,R7,J
[2024-03] 07-022-47-000,2024-03,2024,[03] March,"Sogod, Cebu",[1] Operational,,,,,[A] Operational,A,07-022-47-000,Sogod,Cebu,Region VII (Central Visayas),Municipality,4th*,R7,J
[2024-04] 07-022-47-000,2024-04,2024,[04] April,"Sogod, Cebu",[1] Operational,,,,,[A] Operational,A,07-022-47-000,Sogod,Cebu,Region VII (Central Visayas),Municipality,4th*,R7,J
[2024-05] 07-022-47-000,2024-05,2024,[05] May,"Sogod, Cebu",[1] Operational,,,,,[A] Operational,A,07-022-47-000,Sogod,Cebu,Region VII (Central Visayas),Municipality,4th*,R7,J
[2024-06] 07-022-47-000,2024-06,2024,[06] June,"Sogod, Cebu",[1] Operational,,,,,[A] Operational,A,07-022-47-000,Sogod,Cebu,Region VII (Central Visayas),Municipality,4th*,R7,J
[2024-07] 07-022-47-000,2024-07,2024,[07] July,"Sogod, Cebu",[1] Operational,,,,,[A] Operational,A,07-022-47-000,Sogod,Cebu,Region VII (Central Visayas),Municipality,4th*,R7,J
[2023-12] 08-064-17-000,2023-12,2023,[12] December,"Sogod, Southern Leyte",[1] Operational,,,,,[A] Operational,B,08-064-17-000,Sogod,Southern Leyte,Region VIII (Eastern Visayas),Municipality,2nd,R8,K
[2024-01] 08-064-17-000,2024-01,2024,[01] January,"Sogod, Southern Leyte",[1] Operational,,,,,[A] Operational,B,08-064-17-000,Sogod,Southern Leyte,Region VIII (Eastern Visayas),Municipality,2nd,R8,K
[2024-02] 08-064-17-000,2024-02,2024,[02] February,"Sogod, Southern Leyte",[1] Operational,,,,,[A] Operational,B,08-064-17-000,Sogod,Southern Leyte,Region VIII (Eastern Visayas),Municipality,2nd,R8,K
[2024-03] 08-064-17-000,2024-03,2024,[03] March,"Sogod, Southern Leyte",[1] Operational,,,,,[A] Operational,B,08-064-17-000,Sogod,Southern Leyte,Region VIII (Eastern Visayas),Municipality,2nd,R8,K
[2024-04] 08-064-17-000,2024-04,2024,[04] April,"Sogod, Southern Leyte",[1] Operational,,,,,[A] Operational,B,08-064-17-000,Sogod,Southern Leyte,Region VIII (Eastern Visayas),Municipality,2nd,R8,K
[2024-05] 08-064-17-000,2024-05,2024,[05] May,"Sogod, Southern Leyte",[1] Operational,,,,,[A] Operational,B,08-064-17-000,Sogod,Southern Leyte,Region VIII (Eastern Visayas),Municipality,2nd,R8,K
[2024-06] 08-064-17-000,2024-06,2024,[06] June,"Sogod, Southern Leyte",[1] Operational,,,,,[A] Operational,B,08-064-17-000,Sogod,Southern Leyte,Region VIII (Eastern Visayas),Municipality,2nd,R8,K
[2024-07] 08-064-17-000,2024-07,2024,[07] July,"Sogod, Southern Leyte",[1] Operational,,,,,[A] Operational,B,08-064-17-000,Sogod,Southern Leyte,Region VIII (Eastern Visayas),Municipality,2nd,R8,K
[2023-12] 01-028-22-000,2023-12,2023,[12] December,"Solsona, Ilocos Norte",[1] Operational,,,,,[A] Operational,A,01-028-22-000,Solsona,Ilocos Norte,Region I (Ilocos Region),Municipality,3rd,R1,C
[2024-01] 01-028-22-000,2024-01,2024,[01] January,"Solsona, Ilocos Norte",[1] Operational,,,,,[A] Operational,A,01-028-22-000,Solsona,Ilocos Norte,Region I (Ilocos Region),Municipality,3rd,R1,C
[2024-02] 01-028-22-000,2024-02,2024,[02] February,"Solsona, Ilocos Norte",[1] Operational,,,,,[A] Operational,A,01-028-22-000,Solsona,Ilocos Norte,Region I (Ilocos Region),Municipality,3rd,R1,C
[2024-03] 01-028-22-000,2024-03,2024,[03] March,"Solsona, Ilocos Norte",[1] Operational,,,,,[A] Operational,A,01-028-22-000,Solsona,Ilocos Norte,Region I (Ilocos Region),Municipality,3rd,R1,C
[2024-04] 01-028-22-000,2024-04,2024,[04] April,"Solsona, Ilocos Norte",[1] Operational,,,,,[A] Operational,A,01-028-22-000,Solsona,Ilocos Norte,Region I (Ilocos Region),Municipality,3rd,R1,C
[2024-05] 01-028-22-000,2024-05,2024,[05] May,"Solsona, Ilocos Norte",[1] Operational,,,,,[A] Operational,A,01-028-22-000,Solsona,Ilocos Norte,Region I (Ilocos Region),Municipality,3rd,R1,C
[2024-06] 01-028-22-000,2024-06,2024,[06] June,"Solsona, Ilocos Norte",[1] Operational,,,,,[A] Operational,A,01-028-22-000,Solsona,Ilocos Norte,Region I (Ilocos Region),Municipality,3rd,R1,C
[2024-07] 01-028-22-000,2024-07,2024,[07] July,"Solsona, Ilocos Norte",[1] Operational,,,,,[A] Operational,A,01-028-22-000,Solsona,Ilocos Norte,Region I (Ilocos Region),Municipality,3rd,R1,C
[2023-12] 08-026-22-000,2023-12,2023,[12] December,"Sulat, Eastern Samar",[1] Operational,,,,,[A] Operational,B,08-026-22-000,Sulat,Eastern Samar,Region VIII (Eastern Visayas),Municipality,4th,R8,K
[2024-01] 08-026-22-000,2024-01,2024,[01] January,"Sulat, Eastern Samar",[1] Operational,,,,,[A] Operational,B,08-026-22-000,Sulat,Eastern Samar,Region VIII (Eastern Visayas),Municipality,4th,R8,K
[2024-02] 08-026-22-000,2024-02,2024,[02] February,"Sulat, Eastern Samar",[1] Operational,,,,,[A] Operational,B,08-026-22-000,Sulat,Eastern Samar,Region VIII (Eastern Visayas),Municipality,4th,R8,K
[2024-03] 08-026-22-000,2024-03,2024,[03] March,"Sulat, Eastern Samar",[1] Operational,,,,,[A] Operational,B,08-026-22-000,Sulat,Eastern Samar,Region VIII (Eastern Visayas),Municipality,4th,R8,K
[2024-04] 08-026-22-000,2024-04,2024,[04] April,"Sulat, Eastern Samar",[1] Operational,,,,,[A] Operational,B,08-026-22-000,Sulat,Eastern Samar,Region VIII (Eastern Visayas),Municipality,4th,R8,K
[2024-05] 08-026-22-000,2024-05,2024,[05] May,"Sulat, Eastern Samar",[1] Operational,,,,,[A] Operational,B,08-026-22-000,Sulat,Eastern Samar,Region VIII (Eastern Visayas),Municipality,4th,R8,K
[2024-06] 08-026-22-000,2024-06,2024,[06] June,"Sulat, Eastern Samar",[1] Operational,,,,,[A] Operational,B,08-026-22-000,Sulat,Eastern Samar,Region VIII (Eastern Visayas),Municipality,4th,R8,K
[2024-07] 08-026-22-000,2024-07,2024,[07] July,"Sulat, Eastern Samar",[1] Operational,,,,,[A] Operational,B,08-026-22-000,Sulat,Eastern Samar,Region VIII (Eastern Visayas),Municipality,4th,R8,K
[2023-12] 11-024-14-000,2023-12,2023,[12] December,"Sulop, Davao del Sur",[1] Operational,,,,,[A] Operational,B,11-024-14-000,Sulop,Davao del Sur,Region XI (Davao Region),Municipality,3rd,R11,P
[2024-01] 11-024-14-000,2024-01,2024,[01] January,"Sulop, Davao del Sur",[1] Operational,,,,,[A] Operational,B,11-024-14-000,Sulop,Davao del Sur,Region XI (Davao Region),Municipality,3rd,R11,P
[2024-02] 11-024-14-000,2024-02,2024,[02] February,"Sulop, Davao del Sur",[1] Operational,,,,,[A] Operational,B,11-024-14-000,Sulop,Davao del Sur,Region XI (Davao Region),Municipality,3rd,R11,P
[2024-03] 11-024-14-000,2024-03,2024,[03] March,"Sulop, Davao del Sur",[1] Operational,,,,,[A] Operational,B,11-024-14-000,Sulop,Davao del Sur,Region XI (Davao Region),Municipality,3rd,R11,P
[2024-04] 11-024-14-000,2024-04,2024,[04] April,"Sulop, Davao del Sur",[1] Operational,,,,,[A] Operational,B,11-024-14-000,Sulop,Davao del Sur,Region XI (Davao Region),Municipality,3rd,R11,P
[2024-05] 11-024-14-000,2024-05,2024,[05] May,"Sulop, Davao del Sur",[1] Operational,,,,,[A] Operational,B,11-024-14-000,Sulop,Davao del Sur,Region XI (Davao Region),Municipality,3rd,R11,P
[2024-06] 11-024-14-000,2024-06,2024,[06] June,"Sulop, Davao del Sur",[1] Operational,,,,,[A] Operational,B,11-024-14-000,Sulop,Davao del Sur,Region XI (Davao Region),Municipality,3rd,R11,P
[2024-07] 11-024-14-000,2024-07,2024,[07] July,"Sulop, Davao del Sur",[1] Operational,,,,,[A] Operational,B,11-024-14-000,Sulop,Davao del Sur,Region XI (Davao Region),Municipality,3rd,R11,P
[2024-06] 19-087-10-000,2024-06,2024,[06] June,"Sultan Kudarat, Maguindanao del Norte",[1] Operational,,,"Operational last June 13, 2024",1 Barangay to Integrate,[A] Operational,B,19-087-10-000,Sultan Kudarat,Maguindanao del Norte,Bangsamoro Autonomous Region In Muslim Mindanao (BARMM),Municipality,1st,BARMM II,R
[2024-07] 19-087-10-000,2024-07,2024,[07] July,"Sultan Kudarat, Maguindanao del Norte",[1] Operational,,,"Operational last June 13, 2024",1 Barangay to Integrate,[A] Operational,B,19-087-10-000,Sultan Kudarat,Maguindanao del Norte,Bangsamoro Autonomous Region In Muslim Mindanao (BARMM),Municipality,1st,BARMM II,R
[2023-12] 01-029-32-000,2023-12,2023,[12] December,"Suyo, Ilocos Sur",[1] Operational,,,,,[A] Operational,A,01-029-32-000,Suyo,Ilocos Sur,Region I (Ilocos Region),Municipality,4th,R1,C
[2024-01] 01-029-32-000,2024-01,2024,[01] January,"Suyo, Ilocos Sur",[1] Operational,,,,,[A] Operational,A,01-029-32-000,Suyo,Ilocos Sur,Region I (Ilocos Region),Municipality,4th,R1,C
[2024-02] 01-029-32-000,2024-02,2024,[02] February,"Suyo, Ilocos Sur",[1] Operational,,,,,[A] Operational,A,01-029-32-000,Suyo,Ilocos Sur,Region I (Ilocos Region),Municipality,4th,R1,C
[2024-03] 01-029-32-000,2024-03,2024,[03] March,"Suyo, Ilocos Sur",[1] Operational,,,,,[A] Operational,A,01-029-32-000,Suyo,Ilocos Sur,Region I (Ilocos Region),Municipality,4th,R1,C
[2024-04] 01-029-32-000,2024-04,2024,[04] April,"Suyo, Ilocos Sur",[1] Operational,,,,,[A] Operational,A,01-029-32-000,Suyo,Ilocos Sur,Region I (Ilocos Region),Municipality,4th,R1,C
[2024-05] 01-029-32-000,2024-05,2024,[05] May,"Suyo, Ilocos Sur",[1] Operational,,,,,[A] Operational,A,01-029-32-000,Suyo,Ilocos Sur,Region I (Ilocos Region),Municipality,4th,R1,C
[2024-06] 01-029-32-000,2024-06,2024,[06] June,"Suyo, Ilocos Sur",[1] Operational,,,,,[A] Operational,A,01-029-32-000,Suyo,Ilocos Sur,Region I (Ilocos Region),Municipality,4th,R1,C
[2024-07] 01-029-32-000,2024-07,2024,[07] July,"Suyo, Ilocos Sur",[1] Operational,,,,,[A] Operational,A,01-029-32-000,Suyo,Ilocos Sur,Region I (Ilocos Region),Municipality,4th,R1,C
[2023-12] 08-037-46-000,2023-12,2023,[12] December,"Tabontabon, Leyte",[1] Operational,,,,,[A] Operational,B,08-037-46-000,Tabontabon,Leyte,Region VIII (Eastern Visayas),Municipality,5th,R8,K
[2024-01] 08-037-46-000,2024-01,2024,[01] January,"Tabontabon, Leyte",[1] Operational,,,,,[A] Operational,B,08-037-46-000,Tabontabon,Leyte,Region VIII (Eastern Visayas),Municipality,5th,R8,K
[2024-02] 08-037-46-000,2024-02,2024,[02] February,"Tabontabon, Leyte",[1] Operational,,,,,[A] Operational,B,08-037-46-000,Tabontabon,Leyte,Region VIII (Eastern Visayas),Municipality,5th,R8,K
[2024-03] 08-037-46-000,2024-03,2024,[03] March,"Tabontabon, Leyte",[1] Operational,,,,,[A] Operational,B,08-037-46-000,Tabontabon,Leyte,Region VIII (Eastern Visayas),Municipality,5th,R8,K
[2024-04] 08-037-46-000,2024-04,2024,[04] April,"Tabontabon, Leyte",[1] Operational,,,,,[A] Operational,B,08-037-46-000,Tabontabon,Leyte,Region VIII (Eastern Visayas),Municipality,5th,R8,K
[2024-05] 08-037-46-000,2024-05,2024,[05] May,"Tabontabon, Leyte",[1] Operational,,,,,[A] Operational,B,08-037-46-000,Tabontabon,Leyte,Region VIII (Eastern Visayas),Municipality,5th,R8,K
[2024-06] 08-037-46-000,2024-06,2024,[06] June,"Tabontabon, Leyte",[1] Operational,,,,,[A] Operational,B,08-037-46-000,Tabontabon,Leyte,Region VIII (Eastern Visayas),Municipality,5th,R8,K
[2024-07] 08-037-46-000,2024-07,2024,[07] July,"Tabontabon, Leyte",[1] Operational,,,,,[A] Operational,B,08-037-46-000,Tabontabon,Leyte,Region VIII (Eastern Visayas),Municipality,5th,R8,K
[2023-12] 16-067-25-000,2023-12,2023,[12] December,"Tagana-An, Surigao del Norte",[1] Operational,,,,,[A] Operational,B,16-067-25-000,Tagana-An,Surigao del Norte,Region XIII (Caraga),Municipality,5th*,R13,O
[2024-01] 16-067-25-000,2024-01,2024,[01] January,"Tagana-An, Surigao del Norte",[1] Operational,,,,,[A] Operational,B,16-067-25-000,Tagana-An,Surigao del Norte,Region XIII (Caraga),Municipality,5th*,R13,O
[2024-02] 16-067-25-000,2024-02,2024,[02] February,"Tagana-An, Surigao del Norte",[1] Operational,,,,,[A] Operational,B,16-067-25-000,Tagana-An,Surigao del Norte,Region XIII (Caraga),Municipality,5th*,R13,O
[2024-03] 16-067-25-000,2024-03,2024,[03] March,"Tagana-An, Surigao del Norte",[1] Operational,,,,,[A] Operational,B,16-067-25-000,Tagana-An,Surigao del Norte,Region XIII (Caraga),Municipality,5th*,R13,O
[2024-04] 16-067-25-000,2024-04,2024,[04] April,"Tagana-An, Surigao del Norte",[1] Operational,,,,,[A] Operational,B,16-067-25-000,Tagana-An,Surigao del Norte,Region XIII (Caraga),Municipality,5th*,R13,O
[2024-05] 16-067-25-000,2024-05,2024,[05] May,"Tagana-An, Surigao del Norte",[1] Operational,,,,,[A] Operational,B,16-067-25-000,Tagana-An,Surigao del Norte,Region XIII (Caraga),Municipality,5th*,R13,O
[2024-06] 16-067-25-000,2024-06,2024,[06] June,"Tagana-An, Surigao del Norte",[1] Operational,,,,,[A] Operational,B,16-067-25-000,Tagana-An,Surigao del Norte,Region XIII (Caraga),Municipality,5th*,R13,O
[2024-07] 16-067-25-000,2024-07,2024,[07] July,"Tagana-An, Surigao del Norte",[1] Operational,,,,,[A] Operational,B,16-067-25-000,Tagana-An,Surigao del Norte,Region XIII (Caraga),Municipality,5th*,R13,O
[2023-12] 16-068-18-000,2023-12,2023,[12] December,"Tago, Surigao del Sur",[1] Operational,,,,,[A] Operational,A,16-068-18-000,Tago,Surigao del Sur,Region XIII (Caraga),Municipality,2nd,R13,O
[2024-01] 16-068-18-000,2024-01,2024,[01] January,"Tago, Surigao del Sur",[1] Operational,,,,,[A] Operational,A,16-068-18-000,Tago,Surigao del Sur,Region XIII (Caraga),Municipality,2nd,R13,O
[2024-02] 16-068-18-000,2024-02,2024,[02] February,"Tago, Surigao del Sur",[1] Operational,,,,,[A] Operational,A,16-068-18-000,Tago,Surigao del Sur,Region XIII (Caraga),Municipality,2nd,R13,O
[2024-03] 16-068-18-000,2024-03,2024,[03] March,"Tago, Surigao del Sur",[1] Operational,,,,,[A] Operational,A,16-068-18-000,Tago,Surigao del Sur,Region XIII (Caraga),Municipality,2nd,R13,O
[2024-04] 16-068-18-000,2024-04,2024,[04] April,"Tago, Surigao del Sur",[1] Operational,,,,,[A] Operational,A,16-068-18-000,Tago,Surigao del Sur,Region XIII (Caraga),Municipality,2nd,R13,O
[2024-05] 16-068-18-000,2024-05,2024,[05] May,"Tago, Surigao del Sur",[1] Operational,,,,,[A] Operational,A,16-068-18-000,Tago,Surigao del Sur,Region XIII (Caraga),Municipality,2nd,R13,O
[2024-06] 16-068-18-000,2024-06,2024,[06] June,"Tago, Surigao del Sur",[1] Operational,,,,,[A] Operational,A,16-068-18-000,Tago,Surigao del Sur,Region XIII (Caraga),Municipality,2nd,R13,O
[2024-07] 16-068-18-000,2024-07,2024,[07] July,"Tago, Surigao del Sur",[1] Operational,,,,,[A] Operational,A,16-068-18-000,Tago,Surigao del Sur,Region XIII (Caraga),Municipality,2nd,R13,O
[2023-12] 10-043-24-000,2023-12,2023,[12] December,"Tagoloan, Misamis Oriental",[1] Operational,,,,,[A] Operational,A,10-043-24-000,Tagoloan,Misamis Oriental,Region X (Northern Mindanao),Municipality,1st,R10,N
[2024-01] 10-043-24-000,2024-01,2024,[01] January,"Tagoloan, Misamis Oriental",[1] Operational,,,,,[A] Operational,A,10-043-24-000,Tagoloan,Misamis Oriental,Region X (Northern Mindanao),Municipality,1st,R10,N
[2024-02] 10-043-24-000,2024-02,2024,[02] February,"Tagoloan, Misamis Oriental",[1] Operational,,,,,[A] Operational,A,10-043-24-000,Tagoloan,Misamis Oriental,Region X (Northern Mindanao),Municipality,1st,R10,N
[2024-03] 10-043-24-000,2024-03,2024,[03] March,"Tagoloan, Misamis Oriental",[1] Operational,,,,,[A] Operational,A,10-043-24-000,Tagoloan,Misamis Oriental,Region X (Northern Mindanao),Municipality,1st,R10,N
[2024-04] 10-043-24-000,2024-04,2024,[04] April,"Tagoloan, Misamis Oriental",[1] Operational,,,,,[A] Operational,A,10-043-24-000,Tagoloan,Misamis Oriental,Region X (Northern Mindanao),Municipality,1st,R10,N
[2024-05] 10-043-24-000,2024-05,2024,[05] May,"Tagoloan, Misamis Oriental",[1] Operational,,,,,[A] Operational,A,10-043-24-000,Tagoloan,Misamis Oriental,Region X (Northern Mindanao),Municipality,1st,R10,N
[2024-06] 10-043-24-000,2024-06,2024,[06] June,"Tagoloan, Misamis Oriental",[1] Operational,,,,,[A] Operational,A,10-043-24-000,Tagoloan,Misamis Oriental,Region X (Northern Mindanao),Municipality,1st,R10,N
[2024-07] 10-043-24-000,2024-07,2024,[07] July,"Tagoloan, Misamis Oriental",[1] Operational,,,,,[A] Operational,A,10-043-24-000,Tagoloan,Misamis Oriental,Region X (Northern Mindanao),Municipality,1st,R10,N
[2023-12] 01-029-33-000,2023-12,2023,[12] December,"Tagudin, Ilocos Sur",[1] Operational,,,,,[A] Operational,A,01-029-33-000,Tagudin,Ilocos Sur,Region I (Ilocos Region),Municipality,2nd,R1,C
[2024-01] 01-029-33-000,2024-01,2024,[01] January,"Tagudin, Ilocos Sur",[1] Operational,,,,,[A] Operational,A,01-029-33-000,Tagudin,Ilocos Sur,Region I (Ilocos Region),Municipality,2nd,R1,C
[2024-02] 01-029-33-000,2024-02,2024,[02] February,"Tagudin, Ilocos Sur",[1] Operational,,,,,[A] Operational,A,01-029-33-000,Tagudin,Ilocos Sur,Region I (Ilocos Region),Municipality,2nd,R1,C
[2024-03] 01-029-33-000,2024-03,2024,[03] March,"Tagudin, Ilocos Sur",[1] Operational,,,,,[A] Operational,A,01-029-33-000,Tagudin,Ilocos Sur,Region I (Ilocos Region),Municipality,2nd,R1,C
[2024-04] 01-029-33-000,2024-04,2024,[04] April,"Tagudin, Ilocos Sur",[1] Operational,,,,,[A] Operational,A,01-029-33-000,Tagudin,Ilocos Sur,Region I (Ilocos Region),Municipality,2nd,R1,C
[2024-05] 01-029-33-000,2024-05,2024,[05] May,"Tagudin, Ilocos Sur",[1] Operational,,,,,[A] Operational,A,01-029-33-000,Tagudin,Ilocos Sur,Region I (Ilocos Region),Municipality,2nd,R1,C
[2024-06] 01-029-33-000,2024-06,2024,[06] June,"Tagudin, Ilocos Sur",[1] Operational,,,,,[A] Operational,A,01-029-33-000,Tagudin,Ilocos Sur,Region I (Ilocos Region),Municipality,2nd,R1,C
[2024-07] 01-029-33-000,2024-07,2024,[07] July,"Tagudin, Ilocos Sur",[1] Operational,,,,,[A] Operational,A,01-029-33-000,Tagudin,Ilocos Sur,Region I (Ilocos Region),Municipality,2nd,R1,C
[2023-12] 19-066-13-000,2023-12,2023,[12] December,"Talipao, Sulu",[1] Operational,,,,,[A] Operational,A,19-066-13-000,Talipao,Sulu,Bangsamoro Autonomous Region In Muslim Mindanao (BARMM),Municipality,1st,BARMM I,M
[2024-01] 19-066-13-000,2024-01,2024,[01] January,"Talipao, Sulu",[1] Operational,,,,,[A] Operational,A,19-066-13-000,Talipao,Sulu,Bangsamoro Autonomous Region In Muslim Mindanao (BARMM),Municipality,1st,BARMM I,M
[2024-02] 19-066-13-000,2024-02,2024,[02] February,"Talipao, Sulu",[1] Operational,,,,,[A] Operational,A,19-066-13-000,Talipao,Sulu,Bangsamoro Autonomous Region In Muslim Mindanao (BARMM),Municipality,1st,BARMM I,M
[2024-03] 19-066-13-000,2024-03,2024,[03] March,"Talipao, Sulu",[1] Operational,,,,,[A] Operational,A,19-066-13-000,Talipao,Sulu,Bangsamoro Autonomous Region In Muslim Mindanao (BARMM),Municipality,1st,BARMM I,M
[2024-04] 19-066-13-000,2024-04,2024,[04] April,"Talipao, Sulu",[1] Operational,,,,,[A] Operational,A,19-066-13-000,Talipao,Sulu,Bangsamoro Autonomous Region In Muslim Mindanao (BARMM),Municipality,1st,BARMM I,M
[2024-05] 19-066-13-000,2024-05,2024,[05] May,"Talipao, Sulu",[1] Operational,,,,,[A] Operational,A,19-066-13-000,Talipao,Sulu,Bangsamoro Autonomous Region In Muslim Mindanao (BARMM),Municipality,1st,BARMM I,M
[2024-06] 19-066-13-000,2024-06,2024,[06] June,"Talipao, Sulu",[1] Operational,,,,,[A] Operational,A,19-066-13-000,Talipao,Sulu,Bangsamoro Autonomous Region In Muslim Mindanao (BARMM),Municipality,1st,BARMM I,M
[2024-07] 19-066-13-000,2024-07,2024,[07] July,"Talipao, Sulu",[1] Operational,,,,,[A] Operational,A,19-066-13-000,Talipao,Sulu,Bangsamoro Autonomous Region In Muslim Mindanao (BARMM),Municipality,1st,BARMM I,M
[2023-12] 03-049-31-000,2023-12,2023,[12] December,"Talugtug, Nueva Ecija",[1] Operational,,,,,[A] Operational,A,03-049-31-000,Talugtug,Nueva Ecija,Region III (Central Luzon),Municipality,4th,R3,E
[2024-01] 03-049-31-000,2024-01,2024,[01] January,"Talugtug, Nueva Ecija",[1] Operational,,,,,[A] Operational,A,03-049-31-000,Talugtug,Nueva Ecija,Region III (Central Luzon),Municipality,4th,R3,E
[2024-02] 03-049-31-000,2024-02,2024,[02] February,"Talugtug, Nueva Ecija",[1] Operational,,,,,[A] Operational,A,03-049-31-000,Talugtug,Nueva Ecija,Region III (Central Luzon),Municipality,4th,R3,E
[2024-03] 03-049-31-000,2024-03,2024,[03] March,"Talugtug, Nueva Ecija",[1] Operational,,,,,[A] Operational,A,03-049-31-000,Talugtug,Nueva Ecija,Region III (Central Luzon),Municipality,4th,R3,E
[2024-04] 03-049-31-000,2024-04,2024,[04] April,"Talugtug, Nueva Ecija",[1] Operational,,,,,[A] Operational,A,03-049-31-000,Talugtug,Nueva Ecija,Region III (Central Luzon),Municipality,4th,R3,E
[2024-05] 03-049-31-000,2024-05,2024,[05] May,"Talugtug, Nueva Ecija",[1] Operational,,,,,[A] Operational,A,03-049-31-000,Talugtug,Nueva Ecija,Region III (Central Luzon),Municipality,4th,R3,E
[2024-06] 03-049-31-000,2024-06,2024,[06] June,"Talugtug, Nueva Ecija",[1] Operational,,,,,[A] Operational,A,03-049-31-000,Talugtug,Nueva Ecija,Region III (Central Luzon),Municipality,4th,R3,E
[2024-07] 03-049-31-000,2024-07,2024,[07] July,"Talugtug, Nueva Ecija",[1] Operational,,,,,[A] Operational,A,03-049-31-000,Talugtug,Nueva Ecija,Region III (Central Luzon),Municipality,4th,R3,E
[2023-12] 09-073-28-000,2023-12,2023,[12] December,"Tambulig, Zamboanga del Sur",[1] Operational,,,,,[A] Operational,B,09-073-28-000,Tambulig,Zamboanga del Sur,Region IX (Zamboanga Peninsula),Municipality,4th*,R9,L
[2024-01] 09-073-28-000,2024-01,2024,[01] January,"Tambulig, Zamboanga del Sur",[1] Operational,,,,,[A] Operational,B,09-073-28-000,Tambulig,Zamboanga del Sur,Region IX (Zamboanga Peninsula),Municipality,4th*,R9,L
[2024-02] 09-073-28-000,2024-02,2024,[02] February,"Tambulig, Zamboanga del Sur",[1] Operational,,,,,[A] Operational,B,09-073-28-000,Tambulig,Zamboanga del Sur,Region IX (Zamboanga Peninsula),Municipality,4th*,R9,L
[2024-03] 09-073-28-000,2024-03,2024,[03] March,"Tambulig, Zamboanga del Sur",[1] Operational,,,,,[A] Operational,B,09-073-28-000,Tambulig,Zamboanga del Sur,Region IX (Zamboanga Peninsula),Municipality,4th*,R9,L
[2024-04] 09-073-28-000,2024-04,2024,[04] April,"Tambulig, Zamboanga del Sur",[1] Operational,,,,,[A] Operational,B,09-073-28-000,Tambulig,Zamboanga del Sur,Region IX (Zamboanga Peninsula),Municipality,4th*,R9,L
[2024-05] 09-073-28-000,2024-05,2024,[05] May,"Tambulig, Zamboanga del Sur",[1] Operational,,,,,[A] Operational,B,09-073-28-000,Tambulig,Zamboanga del Sur,Region IX (Zamboanga Peninsula),Municipality,4th*,R9,L
[2024-06] 09-073-28-000,2024-06,2024,[06] June,"Tambulig, Zamboanga del Sur",[1] Operational,,,,,[A] Operational,B,09-073-28-000,Tambulig,Zamboanga del Sur,Region IX (Zamboanga Peninsula),Municipality,4th*,R9,L
[2024-07] 09-073-28-000,2024-07,2024,[07] July,"Tambulig, Zamboanga del Sur",[1] Operational,,,,,[A] Operational,B,09-073-28-000,Tambulig,Zamboanga del Sur,Region IX (Zamboanga Peninsula),Municipality,4th*,R9,L
[2023-12] 09-072-21-000,2023-12,2023,[12] December,"Tampilisan, Zamboanga del Norte",[1] Operational,,,,,[A] Operational,A,09-072-21-000,Tampilisan,Zamboanga del Norte,Region IX (Zamboanga Peninsula),Municipality,4th,R9,L
[2024-01] 09-072-21-000,2024-01,2024,[01] January,"Tampilisan, Zamboanga del Norte",[1] Operational,,,,,[A] Operational,A,09-072-21-000,Tampilisan,Zamboanga del Norte,Region IX (Zamboanga Peninsula),Municipality,4th,R9,L
[2024-02] 09-072-21-000,2024-02,2024,[02] February,"Tampilisan, Zamboanga del Norte",[1] Operational,,,,,[A] Operational,A,09-072-21-000,Tampilisan,Zamboanga del Norte,Region IX (Zamboanga Peninsula),Municipality,4th,R9,L
[2024-03] 09-072-21-000,2024-03,2024,[03] March,"Tampilisan, Zamboanga del Norte",[1] Operational,,,,,[A] Operational,A,09-072-21-000,Tampilisan,Zamboanga del Norte,Region IX (Zamboanga Peninsula),Municipality,4th,R9,L
[2024-04] 09-072-21-000,2024-04,2024,[04] April,"Tampilisan, Zamboanga del Norte",[1] Operational,,,,,[A] Operational,A,09-072-21-000,Tampilisan,Zamboanga del Norte,Region IX (Zamboanga Peninsula),Municipality,4th,R9,L
[2024-05] 09-072-21-000,2024-05,2024,[05] May,"Tampilisan, Zamboanga del Norte",[1] Operational,,,,,[A] Operational,A,09-072-21-000,Tampilisan,Zamboanga del Norte,Region IX (Zamboanga Peninsula),Municipality,4th,R9,L
[2024-06] 09-072-21-000,2024-06,2024,[06] June,"Tampilisan, Zamboanga del Norte",[1] Operational,,,,,[A] Operational,A,09-072-21-000,Tampilisan,Zamboanga del Norte,Region IX (Zamboanga Peninsula),Municipality,4th,R9,L
[2024-07] 09-072-21-000,2024-07,2024,[07] July,"Tampilisan, Zamboanga del Norte",[1] Operational,,,,,[A] Operational,A,09-072-21-000,Tampilisan,Zamboanga del Norte,Region IX (Zamboanga Peninsula),Municipality,4th,R9,L
[2023-12] 06-004-17-000,2023-12,2023,[12] December,"Tangalan, Aklan",[1] Operational,,,,,[A] Operational,B,06-004-17-000,Tangalan,Aklan,Region VI (Western Visayas),Municipality,5th,R6,I
[2024-01] 06-004-17-000,2024-01,2024,[01] January,"Tangalan, Aklan",[1] Operational,,,,,[A] Operational,B,06-004-17-000,Tangalan,Aklan,Region VI (Western Visayas),Municipality,5th,R6,I
[2024-02] 06-004-17-000,2024-02,2024,[02] February,"Tangalan, Aklan",[1] Operational,,,,,[A] Operational,B,06-004-17-000,Tangalan,Aklan,Region VI (Western Visayas),Municipality,5th,R6,I
[2024-03] 06-004-17-000,2024-03,2024,[03] March,"Tangalan, Aklan",[1] Operational,,,,,[A] Operational,B,06-004-17-000,Tangalan,Aklan,Region VI (Western Visayas),Municipality,5th,R6,I
[2024-04] 06-004-17-000,2024-04,2024,[04] April,"Tangalan, Aklan",[1] Operational,,,,,[A] Operational,B,06-004-17-000,Tangalan,Aklan,Region VI (Western Visayas),Municipality,5th,R6,I
[2024-05] 06-004-17-000,2024-05,2024,[05] May,"Tangalan, Aklan",[1] Operational,,,,,[A] Operational,B,06-004-17-000,Tangalan,Aklan,Region VI (Western Visayas),Municipality,5th,R6,I
[2024-06] 06-004-17-000,2024-06,2024,[06] June,"Tangalan, Aklan",[1] Operational,,,,,[A] Operational,B,06-004-17-000,Tangalan,Aklan,Region VI (Western Visayas),Municipality,5th,R6,I
[2024-07] 06-004-17-000,2024-07,2024,[07] July,"Tangalan, Aklan",[1] Operational,,,,,[A] Operational,B,06-004-17-000,Tangalan,Aklan,Region VI (Western Visayas),Municipality,5th,R6,I
[2023-12] 04-021-20-000,2023-12,2023,[12] December,"Tanza, Cavite",[1] Operational,,,,,[A] Operational,A,04-021-20-000,Tanza,Cavite,Region IV-A (CALABARZON),Municipality,1st,R4A,F
[2024-01] 04-021-20-000,2024-01,2024,[01] January,"Tanza, Cavite",[1] Operational,,,,,[A] Operational,A,04-021-20-000,Tanza,Cavite,Region IV-A (CALABARZON),Municipality,1st,R4A,F
[2024-02] 04-021-20-000,2024-02,2024,[02] February,"Tanza, Cavite",[1] Operational,,,,,[A] Operational,A,04-021-20-000,Tanza,Cavite,Region IV-A (CALABARZON),Municipality,1st,R4A,F
[2024-03] 04-021-20-000,2024-03,2024,[03] March,"Tanza, Cavite",[1] Operational,,,,,[A] Operational,A,04-021-20-000,Tanza,Cavite,Region IV-A (CALABARZON),Municipality,1st,R4A,F
[2024-04] 04-021-20-000,2024-04,2024,[04] April,"Tanza, Cavite",[1] Operational,,,,,[A] Operational,A,04-021-20-000,Tanza,Cavite,Region IV-A (CALABARZON),Municipality,1st,R4A,F
[2024-05] 04-021-20-000,2024-05,2024,[05] May,"Tanza, Cavite",[1] Operational,,,,,[A] Operational,A,04-021-20-000,Tanza,Cavite,Region IV-A (CALABARZON),Municipality,1st,R4A,F
[2024-06] 04-021-20-000,2024-06,2024,[06] June,"Tanza, Cavite",[1] Operational,,,,,[A] Operational,A,04-021-20-000,Tanza,Cavite,Region IV-A (CALABARZON),Municipality,1st,R4A,F
[2024-07] 04-021-20-000,2024-07,2024,[07] July,"Tanza, Cavite",[1] Operational,,,,,[A] Operational,A,04-021-20-000,Tanza,Cavite,Region IV-A (CALABARZON),Municipality,1st,R4A,F
[2023-12] 09-073-44-000,2023-12,2023,[12] December,"Tigbao, Zamboanga del Sur",[1] Operational,,,,,[A] Operational,B,09-073-44-000,Tigbao,Zamboanga del Sur,Region IX (Zamboanga Peninsula),Municipality,5th*,R9,L
[2024-01] 09-073-44-000,2024-01,2024,[01] January,"Tigbao, Zamboanga del Sur",[1] Operational,,,,,[A] Operational,B,09-073-44-000,Tigbao,Zamboanga del Sur,Region IX (Zamboanga Peninsula),Municipality,5th*,R9,L
[2024-02] 09-073-44-000,2024-02,2024,[02] February,"Tigbao, Zamboanga del Sur",[1] Operational,,,,,[A] Operational,B,09-073-44-000,Tigbao,Zamboanga del Sur,Region IX (Zamboanga Peninsula),Municipality,5th*,R9,L
[2024-03] 09-073-44-000,2024-03,2024,[03] March,"Tigbao, Zamboanga del Sur",[1] Operational,,,,,[A] Operational,B,09-073-44-000,Tigbao,Zamboanga del Sur,Region IX (Zamboanga Peninsula),Municipality,5th*,R9,L
[2024-04] 09-073-44-000,2024-04,2024,[04] April,"Tigbao, Zamboanga del Sur",[1] Operational,,,,,[A] Operational,B,09-073-44-000,Tigbao,Zamboanga del Sur,Region IX (Zamboanga Peninsula),Municipality,5th*,R9,L
[2024-05] 09-073-44-000,2024-05,2024,[05] May,"Tigbao, Zamboanga del Sur",[1] Operational,,,,,[A] Operational,B,09-073-44-000,Tigbao,Zamboanga del Sur,Region IX (Zamboanga Peninsula),Municipality,5th*,R9,L
[2024-06] 09-073-44-000,2024-06,2024,[06] June,"Tigbao, Zamboanga del Sur",[1] Operational,,,,,[A] Operational,B,09-073-44-000,Tigbao,Zamboanga del Sur,Region IX (Zamboanga Peninsula),Municipality,5th*,R9,L
[2024-07] 09-073-44-000,2024-07,2024,[07] July,"Tigbao, Zamboanga del Sur",[1] Operational,,,,,[A] Operational,B,09-073-44-000,Tigbao,Zamboanga del Sur,Region IX (Zamboanga Peninsula),Municipality,5th*,R9,L
[2023-12] 08-064-18-000,2023-12,2023,[12] December,"Tomas Oppus, Southern Leyte",[1] Operational,,,,,[A] Operational,B,08-064-18-000,Tomas Oppus,Southern Leyte,Region VIII (Eastern Visayas),Municipality,5th,R8,K
[2024-01] 08-064-18-000,2024-01,2024,[01] January,"Tomas Oppus, Southern Leyte",[1] Operational,,,,,[A] Operational,B,08-064-18-000,Tomas Oppus,Southern Leyte,Region VIII (Eastern Visayas),Municipality,5th,R8,K
[2024-02] 08-064-18-000,2024-02,2024,[02] February,"Tomas Oppus, Southern Leyte",[1] Operational,,,,,[A] Operational,B,08-064-18-000,Tomas Oppus,Southern Leyte,Region VIII (Eastern Visayas),Municipality,5th,R8,K
[2024-03] 08-064-18-000,2024-03,2024,[03] March,"Tomas Oppus, Southern Leyte",[1] Operational,,,,,[A] Operational,B,08-064-18-000,Tomas Oppus,Southern Leyte,Region VIII (Eastern Visayas),Municipality,5th,R8,K
[2024-04] 08-064-18-000,2024-04,2024,[04] April,"Tomas Oppus, Southern Leyte",[1] Operational,,,,,[A] Operational,B,08-064-18-000,Tomas Oppus,Southern Leyte,Region VIII (Eastern Visayas),Municipality,5th,R8,K
[2024-05] 08-064-18-000,2024-05,2024,[05] May,"Tomas Oppus, Southern Leyte",[1] Operational,,,,,[A] Operational,B,08-064-18-000,Tomas Oppus,Southern Leyte,Region VIII (Eastern Visayas),Municipality,5th,R8,K
[2024-06] 08-064-18-000,2024-06,2024,[06] June,"Tomas Oppus, Southern Leyte",[1] Operational,,,,,[A] Operational,B,08-064-18-000,Tomas Oppus,Southern Leyte,Region VIII (Eastern Visayas),Municipality,5th,R8,K
[2024-07] 08-064-18-000,2024-07,2024,[07] July,"Tomas Oppus, Southern Leyte",[1] Operational,,,,,[A] Operational,B,08-064-18-000,Tomas Oppus,Southern Leyte,Region VIII (Eastern Visayas),Municipality,5th,R8,K
[2024-02] 16-003-12-000,2024-02,2024,[02] February,"Trento, Agusan del Sur",[1] Operational,,,,,[A] Operational,A,16-003-12-000,Trento,Agusan del Sur,Region XIII (Caraga),Municipality,1st,R13,O
[2024-03] 16-003-12-000,2024-03,2024,[03] March,"Trento, Agusan del Sur",[1] Operational,,,,,[A] Operational,A,16-003-12-000,Trento,Agusan del Sur,Region XIII (Caraga),Municipality,1st,R13,O
[2024-04] 16-003-12-000,2024-04,2024,[04] April,"Trento, Agusan del Sur",[1] Operational,,,,,[A] Operational,A,16-003-12-000,Trento,Agusan del Sur,Region XIII (Caraga),Municipality,1st,R13,O
[2024-05] 16-003-12-000,2024-05,2024,[05] May,"Trento, Agusan del Sur",[1] Operational,,,,,[A] Operational,A,16-003-12-000,Trento,Agusan del Sur,Region XIII (Caraga),Municipality,1st,R13,O
[2024-06] 16-003-12-000,2024-06,2024,[06] June,"Trento, Agusan del Sur",[1] Operational,,,,,[A] Operational,A,16-003-12-000,Trento,Agusan del Sur,Region XIII (Caraga),Municipality,1st,R13,O
[2024-07] 16-003-12-000,2024-07,2024,[07] July,"Trento, Agusan del Sur",[1] Operational,,,,,[A] Operational,A,16-003-12-000,Trento,Agusan del Sur,Region XIII (Caraga),Municipality,1st,R13,O
[2023-12] 14-011-13-000,2023-12,2023,[12] December,"Tuba, Benguet",[1] Operational,,,,,[A] Operational,A,14-011-13-000,Tuba,Benguet,Cordillera Administrative Region (CAR),Municipality,1st,CAR,B
[2024-01] 14-011-13-000,2024-01,2024,[01] January,"Tuba, Benguet",[1] Operational,,,,,[A] Operational,A,14-011-13-000,Tuba,Benguet,Cordillera Administrative Region (CAR),Municipality,1st,CAR,B
[2024-02] 14-011-13-000,2024-02,2024,[02] February,"Tuba, Benguet",[1] Operational,,,,,[A] Operational,A,14-011-13-000,Tuba,Benguet,Cordillera Administrative Region (CAR),Municipality,1st,CAR,B
[2024-03] 14-011-13-000,2024-03,2024,[03] March,"Tuba, Benguet",[1] Operational,,,,,[A] Operational,A,14-011-13-000,Tuba,Benguet,Cordillera Administrative Region (CAR),Municipality,1st,CAR,B
[2024-04] 14-011-13-000,2024-04,2024,[04] April,"Tuba, Benguet",[1] Operational,,,,,[A] Operational,A,14-011-13-000,Tuba,Benguet,Cordillera Administrative Region (CAR),Municipality,1st,CAR,B
[2024-05] 14-011-13-000,2024-05,2024,[05] May,"Tuba, Benguet",[1] Operational,,,,,[A] Operational,A,14-011-13-000,Tuba,Benguet,Cordillera Administrative Region (CAR),Municipality,1st,CAR,B
[2024-06] 14-011-13-000,2024-06,2024,[06] June,"Tuba, Benguet",[1] Operational,,,,,[A] Operational,A,14-011-13-000,Tuba,Benguet,Cordillera Administrative Region (CAR),Municipality,1st,CAR,B
[2024-07] 14-011-13-000,2024-07,2024,[07] July,"Tuba, Benguet",[1] Operational,,,,,[A] Operational,A,14-011-13-000,Tuba,Benguet,Cordillera Administrative Region (CAR),Municipality,1st,CAR,B
[2023-12] 01-033-20-000,2023-12,2023,[12] December,"Tubao, La Union",[1] Operational,,,,,[A] Operational,A,01-033-20-000,Tubao,La Union,Region I (Ilocos Region),Municipality,4th,R1,C
[2024-01] 01-033-20-000,2024-01,2024,[01] January,"Tubao, La Union",[1] Operational,,,,,[A] Operational,A,01-033-20-000,Tubao,La Union,Region I (Ilocos Region),Municipality,4th,R1,C
[2024-02] 01-033-20-000,2024-02,2024,[02] February,"Tubao, La Union",[1] Operational,,,,,[A] Operational,A,01-033-20-000,Tubao,La Union,Region I (Ilocos Region),Municipality,4th,R1,C
[2024-03] 01-033-20-000,2024-03,2024,[03] March,"Tubao, La Union",[1] Operational,,,,,[A] Operational,A,01-033-20-000,Tubao,La Union,Region I (Ilocos Region),Municipality,4th,R1,C
[2024-04] 01-033-20-000,2024-04,2024,[04] April,"Tubao, La Union",[1] Operational,,,,,[A] Operational,A,01-033-20-000,Tubao,La Union,Region I (Ilocos Region),Municipality,4th,R1,C
[2024-05] 01-033-20-000,2024-05,2024,[05] May,"Tubao, La Union",[1] Operational,,,,,[A] Operational,A,01-033-20-000,Tubao,La Union,Region I (Ilocos Region),Municipality,4th,R1,C
[2024-06] 01-033-20-000,2024-06,2024,[06] June,"Tubao, La Union",[1] Operational,,,,,[A] Operational,A,01-033-20-000,Tubao,La Union,Region I (Ilocos Region),Municipality,4th,R1,C
[2024-07] 01-033-20-000,2024-07,2024,[07] July,"Tubao, La Union",[1] Operational,,,,,[A] Operational,A,01-033-20-000,Tubao,La Union,Region I (Ilocos Region),Municipality,4th,R1,C
[2023-12] 14-011-14-000,2023-12,2023,[12] December,"Tublay, Benguet",[1] Operational,,,,,[A] Operational,B,14-011-14-000,Tublay,Benguet,Cordillera Administrative Region (CAR),Municipality,5th,CAR,B
[2024-01] 14-011-14-000,2024-01,2024,[01] January,"Tublay, Benguet",[1] Operational,,,,,[A] Operational,B,14-011-14-000,Tublay,Benguet,Cordillera Administrative Region (CAR),Municipality,5th,CAR,B
[2024-02] 14-011-14-000,2024-02,2024,[02] February,"Tublay, Benguet",[1] Operational,,,,,[A] Operational,B,14-011-14-000,Tublay,Benguet,Cordillera Administrative Region (CAR),Municipality,5th,CAR,B
[2024-03] 14-011-14-000,2024-03,2024,[03] March,"Tublay, Benguet",[1] Operational,,,,,[A] Operational,B,14-011-14-000,Tublay,Benguet,Cordillera Administrative Region (CAR),Municipality,5th,CAR,B
[2024-04] 14-011-14-000,2024-04,2024,[04] April,"Tublay, Benguet",[1] Operational,,,,,[A] Operational,B,14-011-14-000,Tublay,Benguet,Cordillera Administrative Region (CAR),Municipality,5th,CAR,B
[2024-05] 14-011-14-000,2024-05,2024,[05] May,"Tublay, Benguet",[1] Operational,,,,,[A] Operational,B,14-011-14-000,Tublay,Benguet,Cordillera Administrative Region (CAR),Municipality,5th,CAR,B
[2024-06] 14-011-14-000,2024-06,2024,[06] June,"Tublay, Benguet",[1] Operational,,,,,[A] Operational,B,14-011-14-000,Tublay,Benguet,Cordillera Administrative Region (CAR),Municipality,5th,CAR,B
[2024-07] 14-011-14-000,2024-07,2024,[07] July,"Tublay, Benguet",[1] Operational,,,,,[A] Operational,B,14-011-14-000,Tublay,Benguet,Cordillera Administrative Region (CAR),Municipality,5th,CAR,B
[2023-12] 07-022-52-000,2023-12,2023,[12] December,"Tuburan, Cebu",[1] Operational,,,,,[A] Operational,B,07-022-52-000,Tuburan,Cebu,Region VII (Central Visayas),Municipality,2nd,R7,J
[2024-01] 07-022-52-000,2024-01,2024,[01] January,"Tuburan, Cebu",[1] Operational,,,,,[A] Operational,B,07-022-52-000,Tuburan,Cebu,Region VII (Central Visayas),Municipality,2nd,R7,J
[2024-02] 07-022-52-000,2024-02,2024,[02] February,"Tuburan, Cebu",[1] Operational,,,,,[A] Operational,B,07-022-52-000,Tuburan,Cebu,Region VII (Central Visayas),Municipality,2nd,R7,J
[2024-03] 07-022-52-000,2024-03,2024,[03] March,"Tuburan, Cebu",[1] Operational,,,,,[A] Operational,B,07-022-52-000,Tuburan,Cebu,Region VII (Central Visayas),Municipality,2nd,R7,J
[2024-04] 07-022-52-000,2024-04,2024,[04] April,"Tuburan, Cebu",[1] Operational,,,,,[A] Operational,B,07-022-52-000,Tuburan,Cebu,Region VII (Central Visayas),Municipality,2nd,R7,J
[2024-05] 07-022-52-000,2024-05,2024,[05] May,"Tuburan, Cebu",[1] Operational,,,,,[A] Operational,B,07-022-52-000,Tuburan,Cebu,Region VII (Central Visayas),Municipality,2nd,R7,J
[2024-06] 07-022-52-000,2024-06,2024,[06] June,"Tuburan, Cebu",[1] Operational,,,,,[A] Operational,B,07-022-52-000,Tuburan,Cebu,Region VII (Central Visayas),Municipality,2nd,R7,J
[2024-07] 07-022-52-000,2024-07,2024,[07] July,"Tuburan, Cebu",[1] Operational,,,,,[A] Operational,B,07-022-52-000,Tuburan,Cebu,Region VII (Central Visayas),Municipality,2nd,R7,J
[2023-12] 19-087-13-000,2023-12,2023,[12] December,"Upi, Maguindanao del Norte",[1] Operational,,,,6 Integrated Barangay,[A] Operational,A,19-087-13-000,Upi,Maguindanao del Norte,Bangsamoro Autonomous Region In Muslim Mindanao (BARMM),Municipality,1st,BARMM II,R
[2024-01] 19-087-13-000,2024-01,2024,[01] January,"Upi, Maguindanao del Norte",[1] Operational,,,,6 Integrated Barangay,[A] Operational,A,19-087-13-000,Upi,Maguindanao del Norte,Bangsamoro Autonomous Region In Muslim Mindanao (BARMM),Municipality,1st,BARMM II,R
[2024-02] 19-087-13-000,2024-02,2024,[02] February,"Upi, Maguindanao del Norte",[1] Operational,,,,6 Integrated Barangay,[A] Operational,A,19-087-13-000,Upi,Maguindanao del Norte,Bangsamoro Autonomous Region In Muslim Mindanao (BARMM),Municipality,1st,BARMM II,R
[2024-03] 19-087-13-000,2024-03,2024,[03] March,"Upi, Maguindanao del Norte",[1] Operational,,,,,[A] Operational,A,19-087-13-000,Upi,Maguindanao del Norte,Bangsamoro Autonomous Region In Muslim Mindanao (BARMM),Municipality,1st,BARMM II,R
[2024-04] 19-087-13-000,2024-04,2024,[04] April,"Upi, Maguindanao del Norte",[1] Operational,,,,,[A] Operational,A,19-087-13-000,Upi,Maguindanao del Norte,Bangsamoro Autonomous Region In Muslim Mindanao (BARMM),Municipality,1st,BARMM II,R
[2024-05] 19-087-13-000,2024-05,2024,[05] May,"Upi, Maguindanao del Norte",[1] Operational,,,,6 Integrated Barangay,[A] Operational,A,19-087-13-000,Upi,Maguindanao del Norte,Bangsamoro Autonomous Region In Muslim Mindanao (BARMM),Municipality,1st,BARMM II,R
[2024-06] 19-087-13-000,2024-06,2024,[06] June,"Upi, Maguindanao del Norte",[1] Operational,,,,6 Integrated Barangay,[A] Operational,A,19-087-13-000,Upi,Maguindanao del Norte,Bangsamoro Autonomous Region In Muslim Mindanao (BARMM),Municipality,1st,BARMM II,R
[2024-07] 19-087-13-000,2024-07,2024,[07] July,"Upi, Maguindanao del Norte",[1] Operational,,,,6 Integrated Barangay,[A] Operational,A,19-087-13-000,Upi,Maguindanao del Norte,Bangsamoro Autonomous Region In Muslim Mindanao (BARMM),Municipality,1st,BARMM II,R
[2024-07] 06-006-18-000,2024-07,2024,[07] July,"Valderrama, Antique",[1] Operational,,,,,[A] Operational,B,06-006-18-000,Valderrama,Antique,Region VI (Western Visayas),Municipality,4th,R6,I
[2023-12] 08-048-23-000,2023-12,2023,[12] December,"Victoria, Northern Samar",[1] Operational,,,,,[A] Operational,B,08-048-23-000,Victoria,Northern Samar,Region VIII (Eastern Visayas),Municipality,5th,R8,K
[2024-01] 08-048-23-000,2024-01,2024,[01] January,"Victoria, Northern Samar",[1] Operational,,,,,[A] Operational,B,08-048-23-000,Victoria,Northern Samar,Region VIII (Eastern Visayas),Municipality,5th,R8,K
[2024-02] 08-048-23-000,2024-02,2024,[02] February,"Victoria, Northern Samar",[1] Operational,,,,,[A] Operational,B,08-048-23-000,Victoria,Northern Samar,Region VIII (Eastern Visayas),Municipality,5th,R8,K
[2024-03] 08-048-23-000,2024-03,2024,[03] March,"Victoria, Northern Samar",[1] Operational,,,,,[A] Operational,B,08-048-23-000,Victoria,Northern Samar,Region VIII (Eastern Visayas),Municipality,5th,R8,K
[2024-04] 08-048-23-000,2024-04,2024,[04] April,"Victoria, Northern Samar",[1] Operational,,,,,[A] Operational,B,08-048-23-000,Victoria,Northern Samar,Region VIII (Eastern Visayas),Municipality,5th,R8,K
[2024-05] 08-048-23-000,2024-05,2024,[05] May,"Victoria, Northern Samar",[1] Operational,,,,,[A] Operational,B,08-048-23-000,Victoria,Northern Samar,Region VIII (Eastern Visayas),Municipality,5th,R8,K
[2024-06] 08-048-23-000,2024-06,2024,[06] June,"Victoria, Northern Samar",[1] Operational,,,,,[A] Operational,B,08-048-23-000,Victoria,Northern Samar,Region VIII (Eastern Visayas),Municipality,5th,R8,K
[2024-07] 08-048-23-000,2024-07,2024,[07] July,"Victoria, Northern Samar",[1] Operational,,,,,[A] Operational,B,08-048-23-000,Victoria,Northern Samar,Region VIII (Eastern Visayas),Municipality,5th,R8,K
[2023-12] 08-060-21-000,2023-12,2023,[12] December,"Villareal, Samar",[1] Operational,,,,,[A] Operational,B,08-060-21-000,Villareal,Samar,Region VIII (Eastern Visayas),Municipality,4th*,R8,K
[2024-01] 08-060-21-000,2024-01,2024,[01] January,"Villareal, Samar",[1] Operational,,,,,[A] Operational,B,08-060-21-000,Villareal,Samar,Region VIII (Eastern Visayas),Municipality,4th*,R8,K
[2024-02] 08-060-21-000,2024-02,2024,[02] February,"Villareal, Samar",[1] Operational,,,,,[A] Operational,B,08-060-21-000,Villareal,Samar,Region VIII (Eastern Visayas),Municipality,4th*,R8,K
[2024-03] 08-060-21-000,2024-03,2024,[03] March,"Villareal, Samar",[1] Operational,,,,,[A] Operational,B,08-060-21-000,Villareal,Samar,Region VIII (Eastern Visayas),Municipality,4th*,R8,K
[2024-04] 08-060-21-000,2024-04,2024,[04] April,"Villareal, Samar",[1] Operational,,,,,[A] Operational,B,08-060-21-000,Villareal,Samar,Region VIII (Eastern Visayas),Municipality,4th*,R8,K
[2024-05] 08-060-21-000,2024-05,2024,[05] May,"Villareal, Samar",[1] Operational,,,,,[A] Operational,B,08-060-21-000,Villareal,Samar,Region VIII (Eastern Visayas),Municipality,4th*,R8,K
[2024-06] 08-060-21-000,2024-06,2024,[06] June,"Villareal, Samar",[1] Operational,,,,,[A] Operational,B,08-060-21-000,Villareal,Samar,Region VIII (Eastern Visayas),Municipality,4th*,R8,K
[2024-07] 08-060-21-000,2024-07,2024,[07] July,"Villareal, Samar",[1] Operational,,,,,[A] Operational,B,08-060-21-000,Villareal,Samar,Region VIII (Eastern Visayas),Municipality,4th*,R8,K
[2023-12] 08-060-23-000,2023-12,2023,[12] December,"Zumarraga, Samar",[1] Operational,,,,,[A] Operational,B,08-060-23-000,Zumarraga,Samar,Region VIII (Eastern Visayas),Municipality,5th*,R8,K
[2024-01] 08-060-23-000,2024-01,2024,[01] January,"Zumarraga, Samar",[1] Operational,,,,,[A] Operational,B,08-060-23-000,Zumarraga,Samar,Region VIII (Eastern Visayas),Municipality,5th*,R8,K
[2024-02] 08-060-23-000,2024-02,2024,[02] February,"Zumarraga, Samar",[1] Operational,,,,,[A] Operational,B,08-060-23-000,Zumarraga,Samar,Region VIII (Eastern Visayas),Municipality,5th*,R8,K
[2024-03] 08-060-23-000,2024-03,2024,[03] March,"Zumarraga, Samar",[1] Operational,,,,,[A] Operational,B,08-060-23-000,Zumarraga,Samar,Region VIII (Eastern Visayas),Municipality,5th*,R8,K
[2024-04] 08-060-23-000,2024-04,2024,[04] April,"Zumarraga, Samar",[1] Operational,,,,,[A] Operational,B,08-060-23-000,Zumarraga,Samar,Region VIII (Eastern Visayas),Municipality,5th*,R8,K
[2024-05] 08-060-23-000,2024-05,2024,[05] May,"Zumarraga, Samar",[1] Operational,,,,,[A] Operational,B,08-060-23-000,Zumarraga,Samar,Region VIII (Eastern Visayas),Municipality,5th*,R8,K
[2024-06] 08-060-23-000,2024-06,2024,[06] June,"Zumarraga, Samar",[1] Operational,,,,,[A] Operational,B,08-060-23-000,Zumarraga,Samar,Region VIII (Eastern Visayas),Municipality,5th*,R8,K
[2024-07] 08-060-23-000,2024-07,2024,[07] July,"Zumarraga, Samar",[1] Operational,,,,,[A] Operational,B,08-060-23-000,Zumarraga,Samar,Region VIII (Eastern Visayas),Municipality,5th*,R8,K
[2024-08] 07-022-01-000,2024-08,2024,[08] August,"Alcantara, Cebu",[1] Operational,,,,,[A] Operational,B,07-022-01-000,Alcantara,Cebu,Region VII (Central Visayas),Municipality,5th,R7,J
[2024-08] 07-022-03-000,2024-08,2024,[08] August,"Alegria, Cebu",[1] Operational,,,,,[A] Operational,B,07-022-03-000,Alegria,Cebu,Region VII (Central Visayas),Municipality,4th,R7,J
[2024-08] 07-022-04-000,2024-08,2024,[08] August,"Aloguinsan, Cebu",[1] Operational,,,,,[A] Operational,B,07-022-04-000,Aloguinsan,Cebu,Region VII (Central Visayas),Municipality,4th,R7,J
[2024-08] 07-022-05-000,2024-08,2024,[08] August,"Argao, Cebu",[1] Operational,,,,,[A] Operational,A,07-022-05-000,Argao,Cebu,Region VII (Central Visayas),Municipality,1st,R7,J
[2024-08] 07-022-08-000,2024-08,2024,[08] August,"Balamban, Cebu",[1] Operational,,,,,[A] Operational,B,07-022-08-000,Balamban,Cebu,Region VII (Central Visayas),Municipality,1st,R7,J
[2024-08] 07-022-25-000,2024-08,2024,[08] August,"Ginatilan, Cebu",[1] Operational,,,,,[A] Operational,A,07-022-25-000,Ginatilan,Cebu,Region VII (Central Visayas),Municipality,5th,R7,J
[2024-08] 07-022-37-000,2024-08,2024,[08] August,"Pinamungajan, Cebu",[1] Operational,,,,,[A] Operational,B,07-022-37-000,Pinamungajan,Cebu,Region VII (Central Visayas),Municipality,2nd,R7,J
[2024-08] 07-022-43-000,2024-08,2024,[08] August,"San Remigio, Cebu",[1] Operational,,,,,[A] Operational,B,07-022-43-000,San Remigio,Cebu,Region VII (Central Visayas),Municipality,3rd,R7,J
[2024-08] 07-022-47-000,2024-08,2024,[08] August,"Sogod, Cebu",[1] Operational,,,,,[A] Operational,A,07-022-47-000,Sogod,Cebu,Region VII (Central Visayas),Municipality,4th*,R7,J
[2024-08] 07-022-52-000,2024-08,2024,[08] August,"Tuburan, Cebu",[1] Operational,,,,,[A] Operational,B,07-022-52-000,Tuburan,Cebu,Region VII (Central Visayas),Municipality,2nd,R7,J
[2024-08] 08-037-03-000,2024-08,2024,[08] August,"Albuera, Leyte",[1] Operational,,,,,[A] Operational,B,08-037-03-000,Albuera,Leyte,Region VIII (Eastern Visayas),Municipality,3rd*,R8,K
[2024-08] 08-064-01-000,2024-08,2024,[08] August,"Anahawan, Southern Leyte",[1] Operational,,,,,[A] Operational,B,08-064-01-000,Anahawan,Southern Leyte,Region VIII (Eastern Visayas),Municipality,5th,R8,K
[2024-08] 08-026-03-000,2024-08,2024,[08] August,"Balangkayan, Eastern Samar",[1] Operational,,,,,[A] Operational,B,08-026-03-000,Balangkayan,Eastern Samar,Region VIII (Eastern Visayas),Municipality,5th,R8,K
[2024-08] 08-037-06-000,2024-08,2024,[08] August,"Barugo, Leyte",[4] Withdraw,,,,,[D] Withdraw,A,08-037-06-000,Barugo,Leyte,Region VIII (Eastern Visayas),Municipality,4th,R8,K
[2024-08] 08-078-02-000,2024-08,2024,[08] August,"Biliran, Biliran",[1] Operational,,,,,[A] Operational,B,08-078-02-000,Biliran,Biliran,Region VIII (Eastern Visayas),Municipality,5th,R8,K
[2024-08] 08-048-03-000,2024-08,2024,[08] August,"Bobon, Northern Samar",[1] Operational,,,,,[A] Operational,A,08-048-03-000,Bobon,Northern Samar,Region VIII (Eastern Visayas),Municipality,4th,R8,K
[2024-08] 08-037-13-000,2024-08,2024,[08] August,"Calubian, Leyte",[1] Operational,,,,,[A] Operational,A,08-037-13-000,Calubian,Leyte,Region VIII (Eastern Visayas),Municipality,4th,R8,K
[2024-08] 08-026-05-000,2024-08,2024,[08] August,"Can-Avid, Eastern Samar",[1] Operational,,,,,[A] Operational,A,08-026-05-000,Can-Avid,Eastern Samar,Region VIII (Eastern Visayas),Municipality,4th,R8,K
[2024-08] 08-026-04-000,2024-08,2024,[08] August,"City of Borongan, Eastern Samar",[1] Operational,,,,,[A] Operational,B,08-026-04-000,City of Borongan,Eastern Samar,Region VIII (Eastern Visayas),City,1st (as Mun),R8,K
[2024-08] 08-060-05-000,2024-08,2024,[08] August,"City of Catbalogan, Samar",[1] Operational,,,,,[A] Operational,B,08-060-05-000,City of Catbalogan,Samar,Region VIII (Eastern Visayas),City,5th,R8,K
[2024-08] 08-064-07-000,2024-08,2024,[08] August,"City of Maasin, Southern Leyte",[1] Operational,,,,,[A] Operational,B,08-064-07-000,City of Maasin,Southern Leyte,Region VIII (Eastern Visayas),City,4th,R8,K
[2024-08] 08-060-06-000,2024-08,2024,[08] August,"Daram, Samar",[1] Operational,,,,,[A] Operational,A,08-060-06-000,Daram,Samar,Region VIII (Eastern Visayas),Municipality,3rd,R8,K
[2024-08] 08-026-06-000,2024-08,2024,[08] August,"Dolores, Eastern Samar",[3] With Concerns,,,,,[A] Operational,A,08-026-06-000,Dolores,Eastern Samar,Region VIII (Eastern Visayas),Municipality,3rd*,R8,K
[2024-08] 08-048-07-000,2024-08,2024,[08] August,"Gamay, Northern Samar",[1] Operational,,,,,[A] Operational,B,08-048-07-000,Gamay,Northern Samar,Region VIII (Eastern Visayas),Municipality,4th,R8,K
[2024-08] 08-060-07-000,2024-08,2024,[08] August,"Gandara, Samar",[1] Operational,,,,,[A] Operational,A,08-060-07-000,Gandara,Samar,Region VIII (Eastern Visayas),Municipality,2nd,R8,K
[2024-08] 08-064-03-000,2024-08,2024,[08] August,"Hinunangan, Southern Leyte",[1] Operational,,,,,[A] Operational,A,08-064-03-000,Hinunangan,Southern Leyte,Region VIII (Eastern Visayas),Municipality,3rd,R8,K
[2024-08] 08-064-04-000,2024-08,2024,[08] August,"Hinundayan, Southern Leyte",[1] Operational,,,,,[A] Operational,A,08-064-04-000,Hinundayan,Southern Leyte,Region VIII (Eastern Visayas),Municipality,5th,R8,K
[2024-08] 08-037-21-000,2024-08,2024,[08] August,"Inopacan, Leyte",[1] Operational,,,,,[A] Operational,A,08-037-21-000,Inopacan,Leyte,Region VIII (Eastern Visayas),Municipality,4th,R8,K
[2024-08] 08-037-26-000,2024-08,2024,[08] August,"Kananga, Leyte",[1] Operational,,,,,[A] Operational,B,08-037-26-000,Kananga,Leyte,Region VIII (Eastern Visayas),Municipality,1st,R8,K
[2024-08] 08-078-06-000,2024-08,2024,[08] August,"Kawayan, Biliran",[1] Operational,,,,,[A] Operational,B,08-078-06-000,Kawayan,Biliran,Region VIII (Eastern Visayas),Municipality,5th*,R8,K
[2024-08] 08-048-09-000,2024-08,2024,[08] August,"Lapinig, Northern Samar",[1] Operational,,,,,[A] Operational,B,08-048-09-000,Lapinig,Northern Samar,Region VIII (Eastern Visayas),Municipality,5th,R8,K
[2024-08] 08-026-12-000,2024-08,2024,[08] August,"Lawaan, Eastern Samar",[1] Operational,,,,,[A] Operational,B,08-026-12-000,Lawaan,Eastern Samar,Region VIII (Eastern Visayas),Municipality,5th*,R8,K
[2024-08] 08-037-29-000,2024-08,2024,[08] August,"Leyte, Leyte",[1] Operational,,,,,[A] Operational,B,08-037-29-000,Leyte,Leyte,Region VIII (Eastern Visayas),Municipality,4th*,R8,K
[2024-08] 08-064-05-000,2024-08,2024,[08] August,"Libagon, Southern Leyte",[1] Operational,,,,,[A] Operational,B,08-064-05-000,Libagon,Southern Leyte,Region VIII (Eastern Visayas),Municipality,5th,R8,K
[2024-08] 08-064-06-000,2024-08,2024,[08] August,"Liloan, Southern Leyte",[1] Operational,,,,,[A] Operational,A,08-064-06-000,Liloan,Southern Leyte,Region VIII (Eastern Visayas),Municipality,4th*,R8,K
[2024-08] 08-048-24-000,2024-08,2024,[08] August,"Lope De Vega, Northern Samar",[1] Operational,,,,,[A] Operational,A,08-048-24-000,Lope De Vega,Northern Samar,Region VIII (Eastern Visayas),Municipality,4th,R8,K
[2024-08] 08-064-08-000,2024-08,2024,[08] August,"Macrohon, Southern Leyte",[1] Operational,,,,,[A] Operational,A,08-064-08-000,Macrohon,Southern Leyte,Region VIII (Eastern Visayas),Municipality,4th,R8,K
[2024-08] 08-064-09-000,2024-08,2024,[08] August,"Malitbog, Southern Leyte",[1] Operational,,,,,[A] Operational,A,08-064-09-000,Malitbog,Southern Leyte,Region VIII (Eastern Visayas),Municipality,4th*,R8,K
[2024-08] 08-037-33-000,2024-08,2024,[08] August,"Matag-Ob, Leyte",[1] Operational,,,,,[A] Operational,A,08-037-33-000,Matag-Ob,Leyte,Region VIII (Eastern Visayas),Municipality,4th,R8,K
[2024-08] 08-026-15-000,2024-08,2024,[08] August,"Maydolong, Eastern Samar",[1] Operational,,,,,[A] Operational,B,08-026-15-000,Maydolong,Eastern Samar,Region VIII (Eastern Visayas),Municipality,4th*,R8,K
[2024-08] 08-037-36-000,2024-08,2024,[08] August,"Merida, Leyte",[1] Operational,,,,,[A] Operational,B,08-037-36-000,Merida,Leyte,Region VIII (Eastern Visayas),Municipality,5th,R8,K
[2024-08] 08-060-12-000,2024-08,2024,[08] August,"Motiong, Samar",[1] Operational,,,,,[A] Operational,B,08-060-12-000,Motiong,Samar,Region VIII (Eastern Visayas),Municipality,4th,R8,K
[2024-08] 08-078-08-000,2024-08,2024,[08] August,"Naval, Biliran",[1] Operational,,,,,[A] Operational,B,08-078-08-000,Naval,Biliran,Region VIII (Eastern Visayas),Municipality,2nd,R8,K
[2024-08] 08-026-17-000,2024-08,2024,[08] August,"Oras, Eastern Samar",[1] Operational,,,,,[A] Operational,B,08-026-17-000,Oras,Eastern Samar,Region VIII (Eastern Visayas),Municipality,3rd,R8,K
[2024-08] 08-064-10-000,2024-08,2024,[08] August,"Padre Burgos, Southern Leyte",[1] Operational,,,,,[A] Operational,A,08-064-10-000,Padre Burgos,Southern Leyte,Region VIII (Eastern Visayas),Municipality,5th*,R8,K
[2024-08] 08-060-22-000,2024-08,2024,[08] August,"Paranas, Samar",[1] Operational,,,,,[A] Operational,A,08-060-22-000,Paranas,Samar,Region VIII (Eastern Visayas),Municipality,2nd,R8,K
[2024-08] 08-037-41-000,2024-08,2024,[08] August,"Pastrana, Leyte",[1] Operational,,,,,[A] Operational,A,08-037-41-000,Pastrana,Leyte,Region VIII (Eastern Visayas),Municipality,5th*,R8,K
[2024-08] 08-064-11-000,2024-08,2024,[08] August,"Pintuyan, Southern Leyte",[1] Operational,,,,,[A] Operational,B,08-064-11-000,Pintuyan,Southern Leyte,Region VIII (Eastern Visayas),Municipality,5th*,R8,K
[2024-08] 08-026-18-000,2024-08,2024,[08] August,"Quinapondan, Eastern Samar",[1] Operational,,,,,[A] Operational,B,08-026-18-000,Quinapondan,Eastern Samar,Region VIII (Eastern Visayas),Municipality,5th,R8,K
[2024-08] 08-026-19-000,2024-08,2024,[08] August,"Salcedo, Eastern Samar",[1] Operational,,,,,[A] Operational,A,08-026-19-000,Salcedo,Eastern Samar,Region VIII (Eastern Visayas),Municipality,5th*,R8,K
[2024-08] 08-064-13-000,2024-08,2024,[08] August,"San Francisco, Southern Leyte",[1] Operational,,,,,[A] Operational,A,08-064-13-000,San Francisco,Southern Leyte,Region VIII (Eastern Visayas),Municipality,5th,R8,K
[2024-08] 08-064-14-000,2024-08,2024,[08] August,"San Juan, Southern Leyte",[1] Operational,,,,,[A] Operational,A,08-064-14-000,San Juan,Southern Leyte,Region VIII (Eastern Visayas),Municipality,5th,R8,K
[2024-08] 08-026-20-000,2024-08,2024,[08] August,"San Julian, Eastern Samar",[1] Operational,,,,,[A] Operational,B,08-026-20-000,San Julian,Eastern Samar,Region VIII (Eastern Visayas),Municipality,5th,R8,K
[2024-08] 08-037-43-000,2024-08,2024,[08] August,"San Miguel, Leyte",[1] Operational,,,,,[A] Operational,B,08-037-43-000,San Miguel,Leyte,Region VIII (Eastern Visayas),Municipality,4th,R8,K
[2024-08] 08-064-15-000,2024-08,2024,[08] August,"San Ricardo, Southern Leyte",[1] Operational,,,,,[A] Operational,A,08-064-15-000,San Ricardo,Southern Leyte,Region VIII (Eastern Visayas),Municipality,5th,R8,K
[2024-08] 08-048-20-000,2024-08,2024,[08] August,"San Roque, Northern Samar",[1] Operational,,,,,[A] Operational,B,08-048-20-000,San Roque,Northern Samar,Region VIII (Eastern Visayas),Municipality,4th,R8,K
[2024-08] 08-060-16-000,2024-08,2024,[08] August,"Santa Margarita, Samar",[1] Operational,,,,,[A] Operational,B,08-060-16-000,Santa Margarita,Samar,Region VIII (Eastern Visayas),Municipality,4th,R8,K
[2024-08] 08-064-16-000,2024-08,2024,[08] August,"Silago, Southern Leyte",[1] Operational,,,,,[A] Operational,B,08-064-16-000,Silago,Southern Leyte,Region VIII (Eastern Visayas),Municipality,4th,R8,K
[2024-08] 08-064-17-000,2024-08,2024,[08] August,"Sogod, Southern Leyte",[1] Operational,,,,,[A] Operational,B,08-064-17-000,Sogod,Southern Leyte,Region VIII (Eastern Visayas),Municipality,2nd,R8,K
[2024-08] 08-026-22-000,2024-08,2024,[08] August,"Sulat, Eastern Samar",[1] Operational,,,,,[A] Operational,B,08-026-22-000,Sulat,Eastern Samar,Region VIII (Eastern Visayas),Municipality,4th,R8,K
[2024-08] 08-037-46-000,2024-08,2024,[08] August,"Tabontabon, Leyte",[1] Operational,,,,,[A] Operational,B,08-037-46-000,Tabontabon,Leyte,Region VIII (Eastern Visayas),Municipality,5th,R8,K
[2024-08] 08-064-18-000,2024-08,2024,[08] August,"Tomas Oppus, Southern Leyte",[1] Operational,,,,,[A] Operational,B,08-064-18-000,Tomas Oppus,Southern Leyte,Region VIII (Eastern Visayas),Municipality,5th,R8,K
[2024-08] 08-048-23-000,2024-08,2024,[08] August,"Victoria, Northern Samar",[1] Operational,,,,,[A] Operational,B,08-048-23-000,Victoria,Northern Samar,Region VIII (Eastern Visayas),Municipality,5th,R8,K
[2024-08] 08-060-21-000,2024-08,2024,[08] August,"Villareal, Samar",[1] Operational,,,,,[A] Operational,B,08-060-21-000,Villareal,Samar,Region VIII (Eastern Visayas),Municipality,4th*,R8,K
[2024-08] 08-060-23-000,2024-08,2024,[08] August,"Zumarraga, Samar",[1] Operational,,,,,[A] Operational,B,08-060-23-000,Zumarraga,Samar,Region VIII (Eastern Visayas),Municipality,5th*,R8,K
[2024-08] 08-060-09-000,2024-08,2024,[08] August,"Jiabong, Samar",[1] Operational,,,,,[A] Operational,B,08-060-09-000,Jiabong,Samar,Region VIII (Eastern Visayas),Municipality,5th,R8,K
[2024-08] 19-087-13-000,2024-08,2024,[08] August,"Upi, Maguindanao del Norte",[1] Operational,,,,6 Integrated Barangay,[A] Operational,A,19-087-13-000,Upi,Maguindanao del Norte,Bangsamoro Autonomous Region In Muslim Mindanao (BARMM),Municipality,1st,BARMM II,R
[2024-08] 19-087-09-000,2024-08,2024,[08] August,"Parang, Maguindanao del Norte",[1] Operational,,,"Operational last June 27, 2024",25 Barangay to Integrate,[A] Operational,A,19-087-09-000,Parang,Maguindanao del Norte,Bangsamoro Autonomous Region In Muslim Mindanao (BARMM),Municipality,1st*,BARMM II,R
[2024-08] 19-088-06-000,2024-08,2024,[08] August,"Datu Paglas, Maguindanao del Sur",[1] Operational,,,,1 Barangay to Integrate,[A] Operational,A,19-088-06-000,Datu Paglas,Maguindanao del Sur,Bangsamoro Autonomous Region In Muslim Mindanao (BARMM),Municipality,4th,BARMM II,R
[2024-08] 19-088-20-000,2024-08,2024,[08] August,"Shariff Aguak, Maguindanao del Sur",[1] Operational,,,"Operational last June 26, 20245",10 Barangay to Integrate,[A] Operational,B,19-088-20-000,Shariff Aguak,Maguindanao del Sur,Bangsamoro Autonomous Region In Muslim Mindanao (BARMM),Municipality,2nd,BARMM II,R
[2024-08] 19-087-10-000,2024-08,2024,[08] August,"Sultan Kudarat, Maguindanao del Norte",[1] Operational,,,"Operational last June 13, 2024",1 Barangay to Integrate,[A] Operational,B,19-087-10-000,Sultan Kudarat,Maguindanao del Norte,Bangsamoro Autonomous Region In Muslim Mindanao (BARMM),Municipality,1st,BARMM II,R
[2024-08] 19-088-01-000,2024-08,2024,[08] August,"Ampatuan, Maguindanao del Sur",[1] Operational,,,,1 Barangay to Integrate,[A] Operational,B,19-088-01-000,Ampatuan,Maguindanao del Sur,Bangsamoro Autonomous Region In Muslim Mindanao (BARMM),Municipality,4th,BARMM II,R
[2024-08] 19-088-03-000,2024-08,2024,[08] August,"Datu Abdullah Sangki, Maguindanao del Sur",[2] Ongoing Testing and Data Build-up,60%,,,10 Barangay to Integrate,[B] Developmental,B,19-088-03-000,Datu Abdullah Sangki,Maguindanao del Sur,Bangsamoro Autonomous Region In Muslim Mindanao (BARMM),Municipality,-,BARMM II,R
[2024-08] 19-070-02-000,2024-08,2024,[08] August,"Bongao, Tawi-Tawi",[1] Operational,,,,,[A] Operational,A,19-070-02-000,Bongao,Tawi-Tawi,Bangsamoro Autonomous Region In Muslim Mindanao (BARMM),Municipality,2nd,BARMM I,M
[2024-08] 09-901-01-000,2024-08,2024,[08] August,"City of Isabela, Basilan",[1] Operational,,,,,[A] Operational,B,09-901-01-000,City of Isabela,Basilan,Region IX (Zamboanga Peninsula),City,4th,R9,L
[2024-08] 19-007-02-000,2024-08,2024,[08] August,"City of Lamitan, Basilan",[1] Operational,,,,,[A] Operational,A,19-007-02-000,City of Lamitan,Basilan,Bangsamoro Autonomous Region In Muslim Mindanao (BARMM),City,6th,BARMM I,M
[2024-08] 09-073-05-000,2024-08,2024,[08] August,"Dimataling, Zamboanga del Sur",[1] Operational,,,,,[A] Operational,A,09-073-05-000,Dimataling,Zamboanga del Sur,Region IX (Zamboanga Peninsula),Municipality,4th,R9,L
[2024-08] 09-083-03-000,2024-08,2024,[08] August,"Diplahan, Zamboanga Sibugay",[1] Operational,,,,,[A] Operational,A,09-083-03-000,Diplahan,Zamboanga Sibugay,Region IX (Zamboanga Peninsula),Municipality,3rd,R9,L
[2024-08] 09-073-07-000,2024-08,2024,[08] August,"Dumalinao, Zamboanga del Sur",[1] Operational,,,,,[A] Operational,A,09-073-07-000,Dumalinao,Zamboanga del Sur,Region IX (Zamboanga Peninsula),Municipality,4th,R9,L
[2024-08] 09-073-43-000,2024-08,2024,[08] August,"Guipos, Zamboanga del Sur",[1] Operational,,,,,[A] Operational,B,09-073-43-000,Guipos,Zamboanga del Sur,Region IX (Zamboanga Peninsula),Municipality,4th,R9,L
[2024-08] 09-072-23-000,2024-08,2024,[08] August,"Gutalac, Zamboanga del Norte",[1] Operational,,,,,[A] Operational,A,09-072-23-000,Gutalac,Zamboanga del Norte,Region IX (Zamboanga Peninsula),Municipality,2nd,R9,L
[2024-08] 09-073-37-000,2024-08,2024,[08] August,"Josefina, Zamboanga del Sur",[1] Operational,,,,,[A] Operational,B,09-073-37-000,Josefina,Zamboanga del Sur,Region IX (Zamboanga Peninsula),Municipality,5th*,R9,L
[2024-08] 09-083-06-000,2024-08,2024,[08] August,"Kabasalan, Zamboanga Sibugay",[1] Operational,,,,,[A] Operational,A,09-083-06-000,Kabasalan,Zamboanga Sibugay,Region IX (Zamboanga Peninsula),Municipality,2nd,R9,L
[2024-08] 09-072-05-000,2024-08,2024,[08] August,"Labason, Zamboanga del Norte",[1] Operational,,,,,[A] Operational,B,09-072-05-000,Labason,Zamboanga del Norte,Region IX (Zamboanga Peninsula),Municipality,3rd,R9,L
[2024-08] 09-072-26-000,2024-08,2024,[08] August,"Leon B. Postigo (Bacungan), Zamboanga del Norte",[1] Operational,,,,,[A] Operational,B,09-072-26-000,Leon B. Postigo (Bacungan),Zamboanga del Norte,Region IX (Zamboanga Peninsula),Municipality,4th,R9,L
[2024-08] 09-073-15-000,2024-08,2024,[08] August,"Mahayag, Zamboanga del Sur",[1] Operational,,,,,[A] Operational,B,09-073-15-000,Mahayag,Zamboanga del Sur,Region IX (Zamboanga Peninsula),Municipality,3rd*,R9,L
[2024-08] 09-073-19-000,2024-08,2024,[08] August,"Molave, Zamboanga del Sur",[1] Operational,,,,,[A] Operational,A,09-073-19-000,Molave,Zamboanga del Sur,Region IX (Zamboanga Peninsula),Municipality,1st,R9,L
[2024-08] 09-072-10-000,2024-08,2024,[08] August,"Polanco, Zamboanga del Norte",[1] Operational,,,,,[A] Operational,A,09-072-10-000,Polanco,Zamboanga del Norte,Region IX (Zamboanga Peninsula),Municipality,3rd,R9,L
[2024-08] 09-073-23-000,2024-08,2024,[08] August,"Ramon Magsaysay, Zamboanga del Sur",[1] Operational,,,,,[A] Operational,A,09-073-23-000,Ramon Magsaysay,Zamboanga del Sur,Region IX (Zamboanga Peninsula),Municipality,4th*,R9,L
[2024-08] 09-072-13-000,2024-08,2024,[08] August,"Salug, Zamboanga del Norte",[1] Operational,,,,,[A] Operational,A,09-072-13-000,Salug,Zamboanga del Norte,Region IX (Zamboanga Peninsula),Municipality,3rd,R9,L
[2024-08] 09-073-25-000,2024-08,2024,[08] August,"San Pablo, Zamboanga del Sur",[1] Operational,,,,,[A] Operational,A,09-073-25-000,San Pablo,Zamboanga del Sur,Region IX (Zamboanga Peninsula),Municipality,4th*,R9,L
[2024-08] 09-072-15-000,2024-08,2024,[08] August,"Siayan, Zamboanga del Norte",[1] Operational,,,,,[A] Operational,B,09-072-15-000,Siayan,Zamboanga del Norte,Region IX (Zamboanga Peninsula),Municipality,2nd,R9,L
[2024-08] 09-072-18-000,2024-08,2024,[08] August,"Sindangan, Zamboanga del Norte",[1] Operational,,,,,[A] Operational,A,09-072-18-000,Sindangan,Zamboanga del Norte,Region IX (Zamboanga Peninsula),Municipality,1st,R9,L
[2024-08] 19-066-13-000,2024-08,2024,[08] August,"Talipao, Sulu",[1] Operational,,,,,[A] Operational,A,19-066-13-000,Talipao,Sulu,Bangsamoro Autonomous Region In Muslim Mindanao (BARMM),Municipality,1st,BARMM I,M
[2024-08] 09-073-28-000,2024-08,2024,[08] August,"Tambulig, Zamboanga del Sur",[1] Operational,,,,,[A] Operational,B,09-073-28-000,Tambulig,Zamboanga del Sur,Region IX (Zamboanga Peninsula),Municipality,4th*,R9,L
[2024-08] 09-072-21-000,2024-08,2024,[08] August,"Tampilisan, Zamboanga del Norte",[1] Operational,,,,,[A] Operational,A,09-072-21-000,Tampilisan,Zamboanga del Norte,Region IX (Zamboanga Peninsula),Municipality,4th,R9,L
[2024-08] 09-073-44-000,2024-08,2024,[08] August,"Tigbao, Zamboanga del Sur",[1] Operational,,,,,[A] Operational,B,09-073-44-000,Tigbao,Zamboanga del Sur,Region IX (Zamboanga Peninsula),Municipality,5th*,R9,L
[2024-08] 10-042-01-000,2024-08,2024,[08] August,"Aloran, Misamis Occidental",[1] Operational,,,,,[A] Operational,A,10-042-01-000,Aloran,Misamis Occidental,Region X (Northern Mindanao),Municipality,4th,R10,N
[2024-08] 10-035-01-000,2024-08,2024,[08] August,"Bacolod, Lanao del Norte",[1] Operational,,,,,[A] Operational,A,10-035-01-000,Bacolod,Lanao del Norte,Region X (Northern Mindanao),Municipality,4th,R10,N
[2024-08] 10-042-04-000,2024-08,2024,[08] August,"Calamba, Misamis Occidental",[1] Operational,,,,,[A] Operational,A,10-042-04-000,Calamba,Misamis Occidental,Region X (Northern Mindanao),Municipality,4th,R10,N
[2024-08] 10-018-01-000,2024-08,2024,[08] August,"Catarman, Camiguin",[1] Operational,,,,,[A] Operational,B,10-018-01-000,Catarman,Camiguin,Region X (Northern Mindanao),Municipality,5th,R10,N
[2024-08] 10-043-07-000,2024-08,2024,[08] August,"City of El Salvador, Misamis Oriental",[1] Operational,,,,,[A] Operational,A,10-043-07-000,City of El Salvador,Misamis Oriental,Region X (Northern Mindanao),City,6th,R10,N
[2024-08] 10-042-05-000,2024-08,2024,[08] August,"Clarin, Misamis Occidental",[1] Operational,,,,,[A] Operational,A,10-042-05-000,Clarin,Misamis Occidental,Region X (Northern Mindanao),Municipality,4th,R10,N
[2024-08] 10-013-04-000,2024-08,2024,[08] August,"Don Carlos, Bukidnon",[1] Operational,,,,,[A] Operational,B,10-013-04-000,Don Carlos,Bukidnon,Region X (Northern Mindanao),Municipality,1st,R10,N
[2024-08] 10-018-02-000,2024-08,2024,[08] August,"Guinsiliban, Camiguin",[1] Operational,,,,,[A] Operational,A,10-018-02-000,Guinsiliban,Camiguin,Region X (Northern Mindanao),Municipality,6th,R10,N
[2024-08] 10-043-11-000,2024-08,2024,[08] August,"Jasaan, Misamis Oriental",[1] Operational,,,,,[A] Operational,A,10-043-11-000,Jasaan,Misamis Oriental,Region X (Northern Mindanao),Municipality,2nd,R10,N
[2024-08] 10-013-08-000,2024-08,2024,[08] August,"Kibawe, Bukidnon",[1] Operational,,,,,[A] Operational,A,10-013-08-000,Kibawe,Bukidnon,Region X (Northern Mindanao),Municipality,2nd,R10,N
[2024-08] 10-043-15-000,2024-08,2024,[08] August,"Libertad, Misamis Oriental",[1] Operational,,,,,[A] Operational,A,10-043-15-000,Libertad,Misamis Oriental,Region X (Northern Mindanao),Municipality,5th,R10,N
[2024-08] 10-018-04-000,2024-08,2024,[08] August,"Mambajao, Camiguin",[1] Operational,,,,,[A] Operational,A,10-018-04-000,Mambajao,Camiguin,Region X (Northern Mindanao),Municipality,3rd,R10,N
[2024-08] 10-043-20-000,2024-08,2024,[08] August,"Naawan, Misamis Oriental",[1] Operational,,,,,[A] Operational,A,10-043-20-000,Naawan,Misamis Oriental,Region X (Northern Mindanao),Municipality,4th,R10,N
[2024-08] 10-042-12-000,2024-08,2024,[08] August,"Plaridel, Misamis Occidental",[1] Operational,,,,,[A] Operational,A,10-042-12-000,Plaridel,Misamis Occidental,Region X (Northern Mindanao),Municipality,3rd,R10,N
[2024-08] 10-043-22-000,2024-08,2024,[08] August,"Salay, Misamis Oriental",[1] Operational,,,,,[A] Operational,A,10-043-22-000,Salay,Misamis Oriental,Region X (Northern Mindanao),Municipality,4th,R10,N
[2024-08] 10-043-24-000,2024-08,2024,[08] August,"Tagoloan, Misamis Oriental",[1] Operational,,,,,[A] Operational,A,10-043-24-000,Tagoloan,Misamis Oriental,Region X (Northern Mindanao),Municipality,1st,R10,N
[2024-08] 10-035-15-000,2024-08,2024,[08] August,"Nunungan, Lanao del Norte",[1] Operational,,,,,[A] Operational,B,10-035-15-000,Nunungan,Lanao del Norte,Region X (Northern Mindanao),Municipality,3rd,R10,N
[2024-08] 10-035-05-000,2024-08,2024,[08] August,"Kapatagan, Lanao del Norte",[1] Operational,,,,,[A] Operational,B,10-035-05-000,Kapatagan,Lanao del Norte,Region X (Northern Mindanao),Municipality,2nd,R10,N
[2024-08] 10-043-18-000,2024-08,2024,[08] August,"Manticao, Misamis Oriental",[1] Operational,,,,,[A] Operational,B,10-043-18-000,Manticao,Misamis Oriental,Region X (Northern Mindanao),Municipality,4th,R10,N
[2024-08] 10-043-01-000,2024-08,2024,[08] August,"Alubijid, Misamis Oriental",[1] Operational,,,,,[A] Operational,B,10-043-01-000,Alubijid,Misamis Oriental,Region X (Northern Mindanao),Municipality,4th,R10,N
[2024-08] 10-043-14-000,2024-08,2024,[08] August,"Laguindingan, Misamis Oriental",[1] Operational,,,,,[A] Operational,B,10-043-14-000,Laguindingan,Misamis Oriental,Region X (Northern Mindanao),Municipality,4th,R10,N
[2024-08] 10-043-03-000,2024-08,2024,[08] August,"Balingoan, Misamis Oriental",[1] Operational,,,,,[A] Operational,B,10-043-03-000,Balingoan,Misamis Oriental,Region X (Northern Mindanao),Municipality,5th,R10,N
[2024-08] 10-042-15-000,2024-08,2024,[08] August,"City of Tangub, Misamis Occidental",[1] Operational,,,,,[A] Operational,B,10-042-15-000,City of Tangub,Misamis Occidental,Region X (Northern Mindanao),City,4th,R10,N
[2024-08] 10-035-10-000,2024-08,2024,[08] August,"Linamon, Lanao del Norte",[1] Operational,,,,,[A] Operational,B,10-035-10-000,Linamon,Lanao del Norte,Region X (Northern Mindanao),Municipality,5th,R10,N
[2024-08] 10-018-03-000,2024-08,2024,[08] August,"Mahinog, Camiguin",[1] Operational,,,,,[A] Operational,B,10-018-03-000,Mahinog,Camiguin,Region X (Northern Mindanao),Municipality,5th,R10,N
[2024-08] 10-018-05-000,2024-08,2024,[08] August,"Sagay, Camiguin",[1] Operational,,,,,[A] Operational,B,10-018-05-000,Sagay,Camiguin,Region X (Northern Mindanao),Municipality,5th,R10,N
[2024-08] 10-043-06-000,2024-08,2024,[08] August,"Claveria, Misamis Oriental",[1] Operational,,,,,[A] Operational,B,10-043-06-000,Claveria,Misamis Oriental,Region X (Northern Mindanao),Municipality,1st,R10,N
[2024-08] 10-042-14-000,2024-08,2024,[08] August,"Sinacaban, Misamis Occidental",[1] Operational,,,,,[A] Operational,B,10-042-14-000,Sinacaban,Misamis Occidental,Region X (Northern Mindanao),Municipality,5th,R10,N
[2024-08] 10-042-03-000,2024-08,2024,[08] August,"Bonifacio, Misamis Occidental",[1] Operational,,,,,[A] Operational,B,10-042-03-000,Bonifacio,Misamis Occidental,Region X (Northern Mindanao),Municipality,4th,R10,N
[2024-08] 10-043-08-000,2024-08,2024,[08] August,"City of Gingoog, Misamis Oriental",[1] Operational,,,,,[A] Operational,B,10-043-08-000,City of Gingoog,Misamis Oriental,Region X (Northern Mindanao),City,2nd,R10,N
[2024-08] 10-042-13-000,2024-08,2024,[08] August,"Sapang Dalaga, Misamis Occidental",[1] Operational,,,,,[A] Operational,B,10-042-13-000,Sapang Dalaga,Misamis Occidental,Region X (Northern Mindanao),Municipality,5th*,R10,N
[2024-08] 14-027-08-000,2024-08,2024,[08] August,"Aguinaldo, Ifugao",[1] Operational,,,,,[A] Operational,A,14-027-08-000,Aguinaldo,Ifugao,Cordillera Administrative Region (CAR),Municipality,2nd,CAR,B
[2024-08] 14-027-11-000,2024-08,2024,[08] August,"Asipulo, Ifugao",[1] Operational,,,,,[A] Operational,A,14-027-11-000,Asipulo,Ifugao,Cordillera Administrative Region (CAR),Municipality,5th,CAR,B
[2024-08] 14-044-04-000,2024-08,2024,[08] August,"Bontoc, Mountain Province",[1] Operational,,,,,[A] Operational,B,14-044-04-000,Bontoc,Mountain Province,Cordillera Administrative Region (CAR),Municipality,2nd,CAR,B
[2024-08] 14-032-13-000,2024-08,2024,[08] August,"City of Tabuk, Kalinga",[1] Operational,,,,,[A] Operational,A,14-032-13-000,City of Tabuk,Kalinga,Cordillera Administrative Region (CAR),City,5th,CAR,B
[2024-08] 14-001-07-000,2024-08,2024,[08] August,"Dolores, Abra",[2] Ongoing Testing and Data Build-up,25%,,,,[B] Developmental,B,14-001-07-000,Dolores,Abra,Cordillera Administrative Region (CAR),Municipality,5th,CAR,B
[2024-08] 14-027-02-000,2024-08,2024,[08] August,"Hungduan, Ifugao",[1] Operational,,,,,[A] Operational,B,14-027-02-000,Hungduan,Ifugao,Cordillera Administrative Region (CAR),Municipality,4th,CAR,B
[2024-08] 14-027-05-000,2024-08,2024,[08] August,"Lamut, Ifugao",[1] Operational,,,,,[A] Operational,B,14-027-05-000,Lamut,Ifugao,Cordillera Administrative Region (CAR),Municipality,4th,CAR,B
[2024-08] 14-081-05-000,2024-08,2024,[08] August,"Luna, Apayao",[1] Operational,,,,,[A] Operational,B,14-081-05-000,Luna,Apayao,Cordillera Administrative Region (CAR),Municipality,2nd,CAR,B
[2024-08] 14-044-06-000,2024-08,2024,[08] August,"Paracelis, Mountain Province",[1] Operational,,,,,[A] Operational,B,14-044-06-000,Paracelis,Mountain Province,Cordillera Administrative Region (CAR),Municipality,2nd,CAR,B
[2024-08] 14-001-17-000,2024-08,2024,[08] August,"Peñarrubia, Abra",[1] Operational,,,,,[A] Operational,B,14-001-17-000,Peñarrubia,Abra,Cordillera Administrative Region (CAR),Municipality,6th,CAR,B
[2024-08] 14-081-06-000,2024-08,2024,[08] August,"Pudtol, Apayao",[2] Ongoing Testing and Data Build-up,25%,,,,[B] Developmental,B,14-081-06-000,Pudtol,Apayao,Cordillera Administrative Region (CAR),Municipality,4th,CAR,B
[2024-08] 14-011-12-000,2024-08,2024,[08] August,"Sablan, Benguet",[2] Ongoing Testing and Data Build-up,25%,,,,[B] Developmental,A,14-011-12-000,Sablan,Benguet,Cordillera Administrative Region (CAR),Municipality,5th,CAR,B
[2024-08] 14-011-13-000,2024-08,2024,[08] August,"Tuba, Benguet",[1] Operational,,,,,[A] Operational,A,14-011-13-000,Tuba,Benguet,Cordillera Administrative Region (CAR),Municipality,1st,CAR,B
[2024-08] 14-011-14-000,2024-08,2024,[08] August,"Tublay, Benguet",[1] Operational,,,,,[A] Operational,B,14-011-14-000,Tublay,Benguet,Cordillera Administrative Region (CAR),Municipality,5th,CAR,B
[2024-08] 01-028-01-000,2024-08,2024,[08] August,"Adams, Ilocos Norte",[1] Operational,,,,,[A] Operational,A,01-028-01-000,Adams,Ilocos Norte,Region I (Ilocos Region),Municipality,5th,R1,C
[2024-08] 01-033-01-000,2024-08,2024,[08] August,"Agoo, La Union",[1] Operational,,,,,[A] Operational,A,01-033-01-000,Agoo,La Union,Region I (Ilocos Region),Municipality,1st,R1,C
[2024-08] 01-055-02-000,2024-08,2024,[08] August,"Aguilar, Pangasinan",[1] Operational,,,,,[A] Operational,B,01-055-02-000,Aguilar,Pangasinan,Region I (Ilocos Region),Municipality,3rd,R1,C
[2024-08] 01-033-02-000,2024-08,2024,[08] August,"Aringay, La Union",[1] Operational,,,,,[A] Operational,B,01-033-02-000,Aringay,La Union,Region I (Ilocos Region),Municipality,2nd,R1,C
[2024-08] 01-028-03-000,2024-08,2024,[08] August,"Badoc, Ilocos Norte",[1] Operational,,,,,[A] Operational,B,01-028-03-000,Badoc,Ilocos Norte,Region I (Ilocos Region),Municipality,3rd,R1,C
[2024-08] 01-033-05-000,2024-08,2024,[08] August,"Balaoan, La Union",[1] Operational,,,,,[A] Operational,B,01-033-05-000,Balaoan,La Union,Region I (Ilocos Region),Municipality,1st,R1,C
[2024-08] 01-055-07-000,2024-08,2024,[08] August,"Balungao, Pangasinan",[1] Operational,,,,,[A] Operational,B,01-055-07-000,Balungao,Pangasinan,Region I (Ilocos Region),Municipality,4th,R1,C
[2024-08] 01-029-02-000,2024-08,2024,[08] August,"Banayoyo, Ilocos Sur",[1] Operational,,,,,[A] Operational,B,01-029-02-000,Banayoyo,Ilocos Sur,Region I (Ilocos Region),Municipality,4th,R1,C
[2024-08] 01-028-04-000,2024-08,2024,[08] August,"Bangui, Ilocos Norte",[1] Operational,,,,,[A] Operational,A,01-028-04-000,Bangui,Ilocos Norte,Region I (Ilocos Region),Municipality,4th,R1,C
[2024-08] 01-029-03-000,2024-08,2024,[08] August,"Bantay, Ilocos Sur",[2] Ongoing Testing and Data Build-up,75%,,,,[B] Developmental,B,01-029-03-000,Bantay,Ilocos Sur,Region I (Ilocos Region),Municipality,3rd,R1,C
[2024-08] 01-055-10-000,2024-08,2024,[08] August,"Bautista, Pangasinan",[1] Operational,,,,,[A] Operational,A,01-055-10-000,Bautista,Pangasinan,Region I (Ilocos Region),Municipality,4th,R1,C
[2024-08] 01-055-11-000,2024-08,2024,[08] August,"Bayambang, Pangasinan",[1] Operational,,,,,[A] Operational,A,01-055-11-000,Bayambang,Pangasinan,Region I (Ilocos Region),Municipality,1st,R1,C
[2024-08] 01-033-08-000,2024-08,2024,[08] August,"Burgos, La Union",[1] Operational,,,,,[A] Operational,A,01-033-08-000,Burgos,La Union,Region I (Ilocos Region),Municipality,5th,R1,C
[2024-08] 01-033-09-000,2024-08,2024,[08] August,"Caba, La Union",[1] Operational,,,,,[A] Operational,A,01-033-09-000,Caba,La Union,Region I (Ilocos Region),Municipality,4th,R1,C
[2024-08] 01-029-07-000,2024-08,2024,[08] August,"Caoayan, Ilocos Sur",[1] Operational,,,,,[A] Operational,A,01-029-07-000,Caoayan,Ilocos Sur,Region I (Ilocos Region),Municipality,4th,R1,C
[2024-08] 01-028-05-000,2024-08,2024,[08] August,"City of Batac, Ilocos Norte",[1] Operational,,,,,[A] Operational,A,01-028-05-000,City of Batac,Ilocos Norte,Region I (Ilocos Region),City,5th,R1,C
[2024-08] 01-029-06-000,2024-08,2024,[08] August,"City of Candon, Ilocos Sur",[2] Ongoing Testing and Data Build-up,50%,,,,[B] Developmental,A,01-029-06-000,City of Candon,Ilocos Sur,Region I (Ilocos Region),City,4th,R1,C
[2024-08] 01-028-12-000,2024-08,2024,[08] August,"City of Laoag, Ilocos Norte",[1] Operational,,,,,[A] Operational,B,01-028-12-000,City of Laoag,Ilocos Norte,Region I (Ilocos Region),City,3rd,R1,C
[2024-08] 01-028-09-000,2024-08,2024,[08] August,"Dingras, Ilocos Norte",[1] Operational,100%,,,,[A] Operational,A,01-028-09-000,Dingras,Ilocos Norte,Region I (Ilocos Region),Municipality,2nd,R1,C
[2024-08] 01-028-10-000,2024-08,2024,[08] August,"Dumalneg, Ilocos Norte",[1] Operational,,,,,[A] Operational,A,01-028-10-000,Dumalneg,Ilocos Norte,Region I (Ilocos Region),Municipality,5th,R1,C
[2024-08] 01-029-11-000,2024-08,2024,[08] August,"Lidlidda, Ilocos Sur",[1] Operational,,,,,[A] Operational,B,01-029-11-000,Lidlidda,Ilocos Sur,Region I (Ilocos Region),Municipality,5th,R1,C
[2024-08] 01-055-26-000,2024-08,2024,[08] August,"Mangaldan, Pangasinan",[1] Operational,,,,,[A] Operational,A,01-055-26-000,Mangaldan,Pangasinan,Region I (Ilocos Region),Municipality,1st,R1,C
[2024-08] 01-055-28-000,2024-08,2024,[08] August,"Mapandan, Pangasinan",[1] Operational,,,,,[A] Operational,A,01-055-28-000,Mapandan,Pangasinan,Region I (Ilocos Region),Municipality,3rd,R1,C
[2024-08] 01-033-11-000,2024-08,2024,[08] August,"Naguilian, La Union",[2] Ongoing Testing and Data Build-up,80%,,,,[B] Developmental,B,01-033-11-000,Naguilian,La Union,Region I (Ilocos Region),Municipality,1st,R1,C
[2024-08] 01-028-14-000,2024-08,2024,[08] August,"Nueva Era, Ilocos Norte",[1] Operational,,,,,[A] Operational,A,01-028-14-000,Nueva Era,Ilocos Norte,Region I (Ilocos Region),Municipality,3rd,R1,C
[2024-08] 01-028-17-000,2024-08,2024,[08] August,"Pasuquin, Ilocos Norte",[1] Operational,,,,,[A] Operational,A,01-028-17-000,Pasuquin,Ilocos Norte,Region I (Ilocos Region),Municipality,3rd,R1,C
[2024-08] 01-028-18-000,2024-08,2024,[08] August,"Piddig, Ilocos Norte",[1] Operational,,,,,[A] Operational,A,01-028-18-000,Piddig,Ilocos Norte,Region I (Ilocos Region),Municipality,3rd,R1,C
[2024-08] 01-055-30-000,2024-08,2024,[08] August,"Pozorrubio, Pangasinan",[1] Operational,,,,,[A] Operational,A,01-055-30-000,Pozorrubio,Pangasinan,Region I (Ilocos Region),Municipality,1st,R1,C
[2024-08] 01-033-13-000,2024-08,2024,[08] August,"Rosario, La Union",[1] Operational,,,,,[A] Operational,B,01-033-13-000,Rosario,La Union,Region I (Ilocos Region),Municipality,1st,R1,C
[2024-08] 01-029-18-000,2024-08,2024,[08] August,"San Esteban, Ilocos Sur",[1] Operational,,,,,[A] Operational,B,01-029-18-000,San Esteban,Ilocos Sur,Region I (Ilocos Region),Municipality,5th,R1,C
[2024-08] 01-055-33-000,2024-08,2024,[08] August,"San Fabian, Pangasinan",[2] Ongoing Testing and Data Build-up,50%,,,,[B] Developmental,A,01-055-33-000,San Fabian,Pangasinan,Region I (Ilocos Region),Municipality,1st,R1,C
[2024-08] 01-029-20-000,2024-08,2024,[08] August,"San Juan, Ilocos Sur",[1] Operational,,,,,[A] Operational,A,01-029-20-000,San Juan,Ilocos Sur,Region I (Ilocos Region),Municipality,3rd,R1,C
[2024-08] 01-055-35-000,2024-08,2024,[08] August,"San Manuel, Pangasinan",[1] Operational,,,,,[A] Operational,A,01-055-35-000,San Manuel,Pangasinan,Region I (Ilocos Region),Municipality,1st,R1,C
[2024-08] 01-028-20-000,2024-08,2024,[08] August,"San Nicolas, Ilocos Norte",[1] Operational,,,,,[A] Operational,A,01-028-20-000,San Nicolas,Ilocos Norte,Region I (Ilocos Region),Municipality,2nd,R1,C
[2024-08] 01-055-36-000,2024-08,2024,[08] August,"San Nicolas, Pangasinan",[1] Operational,,,,,[A] Operational,A,01-055-36-000,San Nicolas,Pangasinan,Region I (Ilocos Region),Municipality,1st,R1,C
[2024-08] 01-055-38-000,2024-08,2024,[08] August,"Santa Barbara, Pangasinan",[1] Operational,,,,,[A] Operational,A,01-055-38-000,Santa Barbara,Pangasinan,Region I (Ilocos Region),Municipality,1st,R1,C
[2024-08] 01-029-28-000,2024-08,2024,[08] August,"Santo Domingo, Ilocos Sur",[1] Operational,,,,,[A] Operational,B,01-029-28-000,Santo Domingo,Ilocos Sur,Region I (Ilocos Region),Municipality,3rd,R1,C
[2024-08] 01-033-17-000,2024-08,2024,[08] August,"Santo Tomas, La Union",[1] Operational,,,,,[A] Operational,A,01-033-17-000,Santo Tomas,La Union,Region I (Ilocos Region),Municipality,4th,R1,C
[2024-08] 01-055-40-000,2024-08,2024,[08] August,"Santo Tomas, Pangasinan",[2] Ongoing Testing and Data Build-up,50%,,,,[B] Developmental,A,01-055-40-000,Santo Tomas,Pangasinan,Region I (Ilocos Region),Municipality,5th,R1,C
[2024-08] 01-028-21-000,2024-08,2024,[08] August,"Sarrat, Ilocos Norte",[1] Operational,,,,,[A] Operational,A,01-028-21-000,Sarrat,Ilocos Norte,Region I (Ilocos Region),Municipality,4th,R1,C
[2024-08] 01-029-30-000,2024-08,2024,[08] August,"Sinait, Ilocos Sur",[1] Operational,,,,,[A] Operational,A,01-029-30-000,Sinait,Ilocos Sur,Region I (Ilocos Region),Municipality,3rd,R1,C
[2024-08] 01-055-41-000,2024-08,2024,[08] August,"Sison, Pangasinan",[2] Ongoing Testing and Data Build-up,50%,,,,[B] Developmental,A,01-055-41-000,Sison,Pangasinan,Region I (Ilocos Region),Municipality,3rd,R1,C
[2024-08] 01-028-22-000,2024-08,2024,[08] August,"Solsona, Ilocos Norte",[1] Operational,,,,,[A] Operational,A,01-028-22-000,Solsona,Ilocos Norte,Region I (Ilocos Region),Municipality,3rd,R1,C
[2024-08] 01-029-32-000,2024-08,2024,[08] August,"Suyo, Ilocos Sur",[1] Operational,,,,,[A] Operational,A,01-029-32-000,Suyo,Ilocos Sur,Region I (Ilocos Region),Municipality,4th,R1,C
[2024-08] 01-029-33-000,2024-08,2024,[08] August,"Tagudin, Ilocos Sur",[1] Operational,,,,,[A] Operational,A,01-029-33-000,Tagudin,Ilocos Sur,Region I (Ilocos Region),Municipality,2nd,R1,C
[2024-08] 01-033-20-000,2024-08,2024,[08] August,"Tubao, La Union",[1] Operational,,,,,[A] Operational,A,01-033-20-000,Tubao,La Union,Region I (Ilocos Region),Municipality,4th,R1,C
[2024-08] 02-031-03-000,2024-08,2024,[08] August,"Aurora, Isabela",[1] Operational,,,,,[A] Operational,A,02-031-03-000,Aurora,Isabela,Region II (Cagayan Valley),Municipality,3rd,R2,D
[2024-08] 02-015-06-000,2024-08,2024,[08] August,"Baggao, Cagayan",[1] Operational,,,,,[A] Operational,B,02-015-06-000,Baggao,Cagayan,Region II (Cagayan Valley),Municipality,1st,R2,D
[2024-08] 02-050-04-000,2024-08,2024,[08] August,"Bambang, Nueva Vizcaya",[1] Operational,,,,,[A] Operational,A,02-050-04-000,Bambang,Nueva Vizcaya,Region II (Cagayan Valley),Municipality,1st,R2,D
[2024-08] 02-031-06-000,2024-08,2024,[08] August,"Cabagan, Isabela",[1] Operational,,,,,[A] Operational,B,02-031-06-000,Cabagan,Isabela,Region II (Cagayan Valley),Municipality,1st,R2,D
[2024-08] 02-015-10-000,2024-08,2024,[08] August,"Camalaniugan, Cagayan",[1] Operational,,,,,[A] Operational,A,02-015-10-000,Camalaniugan,Cagayan,Region II (Cagayan Valley),Municipality,4th,R2,D
[2024-08] 02-031-14-000,2024-08,2024,[08] August,"City of Ilagan, Isabela",[1] Operational,,,,,[A] Operational,A,02-031-14-000,City of Ilagan,Isabela,Region II (Cagayan Valley),City,1st (as Mun),R2,D
[2024-08] 02-057-03-000,2024-08,2024,[08] August,"Diffun, Quirino",[1] Operational,,,,,[A] Operational,B,02-057-03-000,Diffun,Quirino,Region II (Cagayan Valley),Municipality,2nd,R2,D
[2024-08] 02-031-13-000,2024-08,2024,[08] August,"Gamu, Isabela",[1] Operational,,,,,[A] Operational,A,02-031-13-000,Gamu,Isabela,Region II (Cagayan Valley),Municipality,4th,R2,D
[2024-08] 02-015-13-000,2024-08,2024,[08] August,"Gattaran, Cagayan",[1] Operational,,,,,[A] Operational,B,02-015-13-000,Gattaran,Cagayan,Region II (Cagayan Valley),Municipality,1st,R2,D
[2024-08] 02-031-15-000,2024-08,2024,[08] August,"Jones, Isabela",[1] Operational,,,,,[A] Operational,A,02-031-15-000,Jones,Isabela,Region II (Cagayan Valley),Municipality,1st,R2,D
[2024-08] 02-057-04-000,2024-08,2024,[08] August,"Maddela, Quirino",[1] Operational,,,,,[A] Operational,A,02-057-04-000,Maddela,Quirino,Region II (Cagayan Valley),Municipality,1st,R2,D
[2024-08] 02-031-19-000,2024-08,2024,[08] August,"Mallig, Isabela",[1] Operational,,,,,[A] Operational,A,02-031-19-000,Mallig,Isabela,Region II (Cagayan Valley),Municipality,4th,R2,D
[2024-08] 02-031-21-000,2024-08,2024,[08] August,"Palanan, Isabela",[1] Operational,,,,,[A] Operational,A,02-031-21-000,Palanan,Isabela,Region II (Cagayan Valley),Municipality,1st,R2,D
[2024-08] 02-031-24-000,2024-08,2024,[08] August,"Ramon, Isabela",[1] Operational,,,,,[A] Operational,A,02-031-24-000,Ramon,Isabela,Region II (Cagayan Valley),Municipality,2nd,R2,D
[2024-08] 02-031-31-000,2024-08,2024,[08] August,"San Mariano, Isabela",[1] Operational,,,,,[A] Operational,A,02-031-31-000,San Mariano,Isabela,Region II (Cagayan Valley),Municipality,1st,R2,D
[2024-08] 02-031-32-000,2024-08,2024,[08] August,"San Mateo, Isabela",[1] Operational,,,,,[A] Operational,B,02-031-32-000,San Mateo,Isabela,Region II (Cagayan Valley),Municipality,1st,R2,D
[2024-08] 02-015-23-000,2024-08,2024,[08] August,"Santa Ana, Cagayan",[1] Operational,,,,,[A] Operational,B,02-015-23-000,Santa Ana,Cagayan,Region II (Cagayan Valley),Municipality,2nd,R2,D
[2024-08] 02-015-25-000,2024-08,2024,[08] August,"Santa Teresita, Cagayan",[1] Operational,,,,,[A] Operational,B,02-015-25-000,Santa Teresita,Cagayan,Region II (Cagayan Valley),Municipality,4th,R2,D
[2024-08] 03-054-02-000,2024-08,2024,[08] August,"Apalit, Pampanga",[1] Operational,,,,,[A] Operational,B,03-054-02-000,Apalit,Pampanga,Region III (Central Luzon),Municipality,1st,R3,E
[2024-08] 03-054-03-000,2024-08,2024,[08] August,"Arayat, Pampanga",[1] Operational,,,,,[A] Operational,A,03-054-03-000,Arayat,Pampanga,Region III (Central Luzon),Municipality,1st,R3,E
[2024-08] 03-054-04-000,2024-08,2024,[08] August,"Bacolor, Pampanga",[1] Operational,,,,,[A] Operational,A,03-054-04-000,Bacolor,Pampanga,Region III (Central Luzon),Municipality,3rd,R3,E
[2024-08] 03-077-01-000,2024-08,2024,[08] August,"Baler, Aurora",[1] Operational,,,,,[A] Operational,B,03-077-01-000,Baler,Aurora,Region III (Central Luzon),Municipality,3rd,R3,E
[2024-08] 03-049-02-000,2024-08,2024,[08] August,"Bongabon, Nueva Ecija",[1] Operational,,,,,[A] Operational,A,03-049-02-000,Bongabon,Nueva Ecija,Region III (Central Luzon),Municipality,2nd,R3,E
[2024-08] 03-071-01-000,2024-08,2024,[08] August,"Botolan, Zambales",[1] Operational,,,,,[A] Operational,A,03-071-01-000,Botolan,Zambales,Region III (Central Luzon),Municipality,1st,R3,E
[2024-08] 03-077-02-000,2024-08,2024,[08] August,"Casiguran, Aurora",[1] Operational,,,,,[A] Operational,A,03-077-02-000,Casiguran,Aurora,Region III (Central Luzon),Municipality,2nd,R3,E
[2024-08] 03-071-04-000,2024-08,2024,[08] August,"Castillejos, Zambales",[1] Operational,,,,,[A] Operational,A,03-071-04-000,Castillejos,Zambales,Region III (Central Luzon),Municipality,3rd,R3,E
[2024-08] 03-049-19-000,2024-08,2024,[08] August,"City of Palayan, Nueva Ecija",[2] Ongoing Testing and Data Build-up,55%,,,,[B] Developmental,B,03-049-19-000,City of Palayan,Nueva Ecija,Region III (Central Luzon),City,5th,R3,E
[2024-08] 03-049-06-000,2024-08,2024,[08] August,"Cuyapo, Nueva Ecija",[1] Operational,,,,,[A] Operational,B,03-049-06-000,Cuyapo,Nueva Ecija,Region III (Central Luzon),Municipality,1st,R3,E
[2024-08] 03-077-05-000,2024-08,2024,[08] August,"Dingalan, Aurora",[1] Operational,,,,,[A] Operational,A,03-077-05-000,Dingalan,Aurora,Region III (Central Luzon),Municipality,3rd,R3,E
[2024-08] 03-077-06-000,2024-08,2024,[08] August,"Dipaculao, Aurora",[1] Operational,,,,,[A] Operational,B,03-077-06-000,Dipaculao,Aurora,Region III (Central Luzon),Municipality,3rd,R3,E
[2024-08] 03-049-07-000,2024-08,2024,[08] August,"Gabaldon, Nueva Ecija",[1] Operational,,,,,[A] Operational,A,03-049-07-000,Gabaldon,Nueva Ecija,Region III (Central Luzon),Municipality,4th,R3,E
[2024-08] 03-049-10-000,2024-08,2024,[08] August,"General Tinio, Nueva Ecija",[1] Operational,,,,,[A] Operational,B,03-049-10-000,General Tinio,Nueva Ecija,Region III (Central Luzon),Municipality,1st,R3,E
[2024-08] 03-049-14-000,2024-08,2024,[08] August,"Licab, Nueva Ecija",[1] Operational,,,,,[A] Operational,A,03-049-14-000,Licab,Nueva Ecija,Region III (Central Luzon),Municipality,4th,R3,E
[2024-08] 03-008-06-000,2024-08,2024,[08] August,"Limay, Bataan",[1] Operational,,,,,[A] Operational,A,03-008-06-000,Limay,Bataan,Region III (Central Luzon),Municipality,1st,R3,E
[2024-08] 03-054-09-000,2024-08,2024,[08] August,"Mabalacat City, Pampanga",[1] Operational,,,,,[A] Operational,A,03-054-09-000,Mabalacat City,Pampanga,Region III (Central Luzon),City,3rd,R3,E
[2024-08] 03-054-11-000,2024-08,2024,[08] August,"Magalang, Pampanga",[1] Operational,,,,,[A] Operational,A,03-054-11-000,Magalang,Pampanga,Region III (Central Luzon),Municipality,1st,R3,E
[2024-08] 03-077-07-000,2024-08,2024,[08] August,"Maria Aurora, Aurora",[1] Operational,,,,,[A] Operational,B,03-077-07-000,Maria Aurora,Aurora,Region III (Central Luzon),Municipality,2nd,R3,E
[2024-08] 03-069-08-000,2024-08,2024,[08] August,"Mayantoc, Tarlac",[2] Ongoing Testing and Data Build-up,47%,,,,[B] Developmental,B,03-069-08-000,Mayantoc,Tarlac,Region III (Central Luzon),Municipality,3rd,R3,E
[2024-08] 03-054-14-000,2024-08,2024,[08] August,"Minalin, Pampanga",[1] Operational,,,,,[A] Operational,A,03-054-14-000,Minalin,Pampanga,Region III (Central Luzon),Municipality,4th,R3,E
[2024-08] 03-008-08-000,2024-08,2024,[08] August,"Morong, Bataan",[2] Ongoing Testing and Data Build-up,88%,For transioning to eLGU System/v2,,,[B] Developmental,A,03-008-08-000,Morong,Bataan,Region III (Central Luzon),Municipality,3rd,R3,E
[2024-08] 03-014-14-000,2024-08,2024,[08] August,"Obando, Bulacan",[2] Ongoing Testing and Data Build-up,99%,,,,[B] Developmental,A,03-014-14-000,Obando,Bulacan,Region III (Central Luzon),Municipality,2nd,R3,E
[2024-08] 03-008-09-000,2024-08,2024,[08] August,"Orani, Bataan",[1] Operational,,,,,[A] Operational,B,03-008-09-000,Orani,Bataan,Region III (Central Luzon),Municipality,3rd,R3,E
[2024-08] 03-014-15-000,2024-08,2024,[08] August,"Pandi, Bulacan",[2] Ongoing Testing and Data Build-up,100%,finalizing set up for barangay clearance,,,[B] Developmental,B,03-014-15-000,Pandi,Bulacan,Region III (Central Luzon),Municipality,2nd,R3,E
[2024-08] 03-049-22-000,2024-08,2024,[08] August,"Quezon, Nueva Ecija",[1] Operational,,,,,[A] Operational,B,03-049-22-000,Quezon,Nueva Ecija,Region III (Central Luzon),Municipality,4th,R3,E
[2024-08] 03-049-23-000,2024-08,2024,[08] August,"Rizal, Nueva Ecija",[1] Operational,,,,,[A] Operational,B,03-049-23-000,Rizal,Nueva Ecija,Region III (Central Luzon),Municipality,2nd,R3,E
[2024-08] 03-008-12-000,2024-08,2024,[08] August,"Samal, Bataan",[1] Operational,,,,,[A] Operational,A,03-008-12-000,Samal,Bataan,Region III (Central Luzon),Municipality,4th,R3,E
[2024-08] 03-071-10-000,2024-08,2024,[08] August,"San Felipe, Zambales",[1] Operational,,,,,[A] Operational,B,03-071-10-000,San Felipe,Zambales,Region III (Central Luzon),Municipality,4th,R3,E
[2024-08] 03-014-19-000,2024-08,2024,[08] August,"San Ildefonso, Bulacan",[1] Operational,,,,,[A] Operational,A,03-014-19-000,San Ildefonso,Bulacan,Region III (Central Luzon),Municipality,1st,R3,E
[2024-08] 03-069-18-000,2024-08,2024,[08] August,"San Jose, Tarlac",[2] Ongoing Testing and Data Build-up,70%,,,,[B] Developmental,B,03-069-18-000,San Jose,Tarlac,Region III (Central Luzon),Municipality,3rd,R3,E
[2024-08] 03-077-08-000,2024-08,2024,[08] August,"San Luis, Aurora",[1] Operational,,,,,[A] Operational,A,03-077-08-000,San Luis,Aurora,Region III (Central Luzon),Municipality,2nd,R3,E
[2024-08] 03-054-17-000,2024-08,2024,[08] August,"San Luis, Pampanga",[1] Operational,,,,,[A] Operational,B,03-054-17-000,San Luis,Pampanga,Region III (Central Luzon),Municipality,3rd,R3,E
[2024-08] 03-069-14-000,2024-08,2024,[08] August,"San Manuel, Tarlac",[2] Ongoing Testing and Data Build-up,50%,,,,[B] Developmental,B,03-069-14-000,San Manuel,Tarlac,Region III (Central Luzon),Municipality,4th,R3,E
[2024-08] 03-071-11-000,2024-08,2024,[08] August,"San Marcelino, Zambales",[1] Operational,,,,,[A] Operational,A,03-071-11-000,San Marcelino,Zambales,Region III (Central Luzon),Municipality,1st,R3,E
[2024-08] 03-071-12-000,2024-08,2024,[08] August,"San Narciso, Zambales",[1] Operational,,,,,[A] Operational,A,03-071-12-000,San Narciso,Zambales,Region III (Central Luzon),Municipality,4th,R3,E
[2024-08] 03-069-15-000,2024-08,2024,[08] August,"Santa Ignacia, Tarlac",[2] Ongoing Testing and Data Build-up,72%,,,,[B] Developmental,B,03-069-15-000,Santa Ignacia,Tarlac,Region III (Central Luzon),Municipality,2nd,R3,E
[2024-08] 03-049-31-000,2024-08,2024,[08] August,"Talugtug, Nueva Ecija",[1] Operational,,,,,[A] Operational,A,03-049-31-000,Talugtug,Nueva Ecija,Region III (Central Luzon),Municipality,4th,R3,E
[2024-08] 04-010-01-000,2024-08,2024,[08] August,"Agoncillo, Batangas",[1] Operational,,,,,[A] Operational,A,04-010-01-000,Agoncillo,Batangas,Region IV-A (CALABARZON),Municipality,4th,R4A,F
[2024-08] 04-056-02-000,2024-08,2024,[08] August,"Alabat, Quezon",[1] Operational,,,,,[A] Operational,B,04-056-02-000,Alabat,Quezon,Region IV-A (CALABARZON),Municipality,5th,R4A,F
[2024-08] 04-021-01-000,2024-08,2024,[08] August,"Alfonso, Cavite",[1] Operational,,,,,[A] Operational,A,04-021-01-000,Alfonso,Cavite,Region IV-A (CALABARZON),Municipality,1st,R4A,F
[2024-08] 04-010-02-000,2024-08,2024,[08] August,"Alitagtag, Batangas",[1] Operational,,,,,[A] Operational,A,04-010-02-000,Alitagtag,Batangas,Region IV-A (CALABARZON),Municipality,4th,R4A,F
[2024-08] 04-056-07-000,2024-08,2024,[08] August,"Calauag, Quezon",[1] Operational,,,,,[A] Operational,A,04-056-07-000,Calauag,Quezon,Region IV-A (CALABARZON),Municipality,1st,R4A,F
[2024-08] 04-058-06-000,2024-08,2024,[08] August,"Cardona, Rizal",[1] Operational,,,,,[A] Operational,B,04-058-06-000,Cardona,Rizal,Region IV-A (CALABARZON),Municipality,3rd,R4A,F
[2024-08] 04-056-19-000,2024-08,2024,[08] August,"Gumaca, Quezon",[1] Operational,,,,,[A] Operational,B,04-056-19-000,Gumaca,Quezon,Region IV-A (CALABARZON),Municipality,1st,R4A,F
[2024-08] 04-056-20-000,2024-08,2024,[08] August,"Infanta, Quezon",[1] Operational,,,,,[A] Operational,B,04-056-20-000,Infanta,Quezon,Region IV-A (CALABARZON),Municipality,1st,R4A,F
[2024-08] 04-010-15-000,2024-08,2024,[08] August,"Lobo, Batangas",[1] Operational,,,,,[A] Operational,B,04-010-15-000,Lobo,Batangas,Region IV-A (CALABARZON),Municipality,3rd,R4A,F
[2024-08] 04-056-22-000,2024-08,2024,[08] August,"Lopez, Quezon",[1] Operational,,,,,[A] Operational,A,04-056-22-000,Lopez,Quezon,Region IV-A (CALABARZON),Municipality,1st,R4A,F
[2024-08] 04-034-13-000,2024-08,2024,[08] August,"Lumban, Laguna",[1] Operational,,,,,[A] Operational,B,04-034-13-000,Lumban,Laguna,Region IV-A (CALABARZON),Municipality,3rd,R4A,F
[2024-08] 04-021-12-000,2024-08,2024,[08] August,"Magallanes, Cavite",[1] Operational,,,,,[A] Operational,B,04-021-12-000,Magallanes,Cavite,Region IV-A (CALABARZON),Municipality,4th,R4A,F
[2024-08] 04-010-18-000,2024-08,2024,[08] August,"Mataasnakahoy, Batangas",[2] Ongoing Testing and Data Build-up,100%,For Launching,,,[B] Developmental,B,04-010-18-000,Mataasnakahoy,Batangas,Region IV-A (CALABARZON),Municipality,4th,R4A,F
[2024-08] 04-021-15-000,2024-08,2024,[08] August,"Naic, Cavite",[1] Operational,,,,,[A] Operational,B,04-021-15-000,Naic,Cavite,Region IV-A (CALABARZON),Municipality,1st,R4A,F
[2024-08] 04-021-16-000,2024-08,2024,[08] August,"Noveleta, Cavite",[1] Operational,,,,,[A] Operational,B,04-021-16-000,Noveleta,Cavite,Region IV-A (CALABARZON),Municipality,3rd,R4A,F
[2024-08] 04-034-18-000,2024-08,2024,[08] August,"Paete, Laguna",[1] Operational,,,,,[A] Operational,A,04-034-18-000,Paete,Laguna,Region IV-A (CALABARZON),Municipality,4th,R4A,F
[2024-08] 04-034-23-000,2024-08,2024,[08] August,"Rizal, Laguna",[1] Operational,,,,,[A] Operational,A,04-034-23-000,Rizal,Laguna,Region IV-A (CALABARZON),Municipality,5th,R4A,F
[2024-08] 04-056-39-000,2024-08,2024,[08] August,"Sampaloc, Quezon",[1] Operational,,,,,[A] Operational,B,04-056-39-000,Sampaloc,Quezon,Region IV-A (CALABARZON),Municipality,5th,R4A,F
[2024-08] 04-010-25-000,2024-08,2024,[08] August,"San Nicolas, Batangas",[1] Operational,,,,,[A] Operational,A,04-010-25-000,San Nicolas,Batangas,Region IV-A (CALABARZON),Municipality,5th,R4A,F
[2024-08] 04-010-26-000,2024-08,2024,[08] August,"San Pascual, Batangas",[1] Operational,,,,,[A] Operational,B,04-010-26-000,San Pascual,Batangas,Region IV-A (CALABARZON),Municipality,1st,R4A,F
[2024-08] 04-010-27-000,2024-08,2024,[08] August,"Santa Teresita, Batangas",[1] Operational,,,,,[A] Operational,B,04-010-27-000,Santa Teresita,Batangas,Region IV-A (CALABARZON),Municipality,5th,R4A,F
[2024-08] 04-034-29-000,2024-08,2024,[08] August,"Siniloan, Laguna",[1] Operational,,,,,[A] Operational,A,04-034-29-000,Siniloan,Laguna,Region IV-A (CALABARZON),Municipality,2nd,R4A,F
[2024-08] 04-021-20-000,2024-08,2024,[08] August,"Tanza, Cavite",[1] Operational,,,,,[A] Operational,A,04-021-20-000,Tanza,Cavite,Region IV-A (CALABARZON),Municipality,1st,R4A,F
[2024-08] 17-051-01-000,2024-08,2024,[08] August,"Abra De Ilog, Occidental Mindoro",[1] Operational,,,,,[A] Operational,B,17-051-01-000,Abra De Ilog,Occidental Mindoro,MIMAROPA Region,Municipality,2nd,R4B,G
[2024-08] 17-059-01-000,2024-08,2024,[08] August,"Alcantara, Romblon",[1] Operational,,,,"Brgy Clearance Integration last July 31, 2024",[A] Operational,B,17-059-01-000,Alcantara,Romblon,MIMAROPA Region,Municipality,5th,R4B,G
[2024-08] 17-052-01-000,2024-08,2024,[08] August,"Baco, Oriental Mindoro",[1] Operational,,,,,[A] Operational,B,17-052-01-000,Baco,Oriental Mindoro,MIMAROPA Region,Municipality,3rd,R4B,G
[2024-08] 17-052-04-000,2024-08,2024,[08] August,"Bulalacao, Oriental Mindoro",[1] Operational,,,,"Brgy Clearance Integration last Aug 14-15, 2024",[A] Operational,B,17-052-04-000,Bulalacao,Oriental Mindoro,MIMAROPA Region,Municipality,3rd,R4B,G
[2024-08] 17-053-07-000,2024-08,2024,[08] August,"Busuanga, Palawan",[1] Operational,,,,,[A] Operational,A,17-053-07-000,Busuanga,Palawan,MIMAROPA Region,Municipality,3rd,R4B,G
[2024-08] 17-051-02-000,2024-08,2024,[08] August,"Calintaan, Occidental Mindoro",[1] Operational,,,,,[A] Operational,A,17-051-02-000,Calintaan,Occidental Mindoro,MIMAROPA Region,Municipality,3rd,R4B,G
[2024-08] 17-053-09-000,2024-08,2024,[08] August,"Coron, Palawan",[1] Operational,,,,,[A] Operational,B,17-053-09-000,Coron,Palawan,MIMAROPA Region,Municipality,1st,R4B,G
[2024-08] 17-053-22-000,2024-08,2024,[08] August,"Culion, Palawan",[1] Operational,,,,,[A] Operational,A,17-053-22-000,Culion,Palawan,MIMAROPA Region,Municipality,3rd,R4B,G
[2024-08] 17-059-16-000,2024-08,2024,[08] August,"Ferrol, Romblon",[1] Operational,,,,,[A] Operational,A,17-059-16-000,Ferrol,Romblon,MIMAROPA Region,Municipality,6th,R4B,G
[2024-08] 17-052-06-000,2024-08,2024,[08] August,"Gloria, Oriental Mindoro",[2] Ongoing Testing and Data Build-up,60%,,,Still consolidating Brgy Ordinances,[B] Developmental,B,17-052-06-000,Gloria,Oriental Mindoro,MIMAROPA Region,Municipality,3rd,R4B,G
[2024-08] 17-059-07-000,2024-08,2024,[08] August,"Looc, Romblon",[1] Operational,,,,,[A] Operational,B,17-059-07-000,Looc,Romblon,MIMAROPA Region,Municipality,4th,R4B,G
[2024-08] 17-051-04-000,2024-08,2024,[08] August,"Lubang, Occidental Mindoro",[1] Operational,,,,,[A] Operational,B,17-051-04-000,Lubang,Occidental Mindoro,MIMAROPA Region,Municipality,4th,R4B,G
[2024-08] 17-052-09-000,2024-08,2024,[08] August,"Pinamalayan, Oriental Mindoro",[1] Operational,,,,,[A] Operational,B,17-052-09-000,Pinamalayan,Oriental Mindoro,MIMAROPA Region,Municipality,1st,R4B,G
[2024-08] 17-053-17-000,2024-08,2024,[08] August,"Quezon, Palawan",[1] Operational,,,,,[A] Operational,A,17-053-17-000,Quezon,Palawan,MIMAROPA Region,Municipality,1st,R4B,G
[2024-08] 17-051-08-000,2024-08,2024,[08] August,"Rizal, Occidental Mindoro",[2] Ongoing Testing and Data Build-up,55%,,,Still consolidating Brgy Ordinances,[B] Developmental,B,17-051-08-000,Rizal,Occidental Mindoro,MIMAROPA Region,Municipality,3rd,R4B,G
[2024-08] 17-053-23-000,2024-08,2024,[08] August,"Rizal, Palawan",[2] Ongoing Testing and Data Build-up,70%,,,Still consolidating Brgy Ordinances,[B] Developmental,B,17-053-23-000,Rizal,Palawan,MIMAROPA Region,Municipality,1st,R4B,G
[2024-08] 17-051-09-000,2024-08,2024,[08] August,"Sablayan, Occidental Mindoro",[1] Operational,,,,,[A] Operational,B,17-051-09-000,Sablayan,Occidental Mindoro,MIMAROPA Region,Municipality,1st,R4B,G
[2024-08] 17-051-10-000,2024-08,2024,[08] August,"San Jose, Occidental Mindoro",[1] Operational,,,,,[A] Operational,A,17-051-10-000,San Jose,Occidental Mindoro,MIMAROPA Region,Municipality,1st,R4B,G
[2024-08] 17-059-14-000,2024-08,2024,[08] August,"San Jose, Romblon",[1] Operational,,,,,[A] Operational,B,17-059-14-000,San Jose,Romblon,MIMAROPA Region,Municipality,5th,R4B,G
[2024-08] 17-040-05-000,2024-08,2024,[08] August,"Santa Cruz, Marinduque",[1] Operational,,,,,[A] Operational,B,17-040-05-000,Santa Cruz,Marinduque,MIMAROPA Region,Municipality,1st,R4B,G
[2024-08] 17-059-15-000,2024-08,2024,[08] August,"Santa Fe, Romblon",[1] Operational,,,,"Brgy Clearance Integration last Aug 19-20, 2024",[A] Operational,B,17-059-15-000,Santa Fe,Romblon,MIMAROPA Region,Municipality,5th,R4B,G
[2024-08] 06-030-02-000,2024-08,2024,[08] August,"Alimodian, Iloilo",[1] Operational,,,,,[A] Operational,B,06-030-02-000,Alimodian,Iloilo,Region VI (Western Visayas),Municipality,3rd,R6,I
[2024-08] 06-030-03-000,2024-08,2024,[08] August,"Anilao, Iloilo",[1] Operational,,,,,[A] Operational,A,06-030-03-000,Anilao,Iloilo,Region VI (Western Visayas),Municipality,4th,R6,I
[2024-08] 06-006-03-000,2024-08,2024,[08] August,"Belison, Antique",[1] Operational,,,,,[A] Operational,B,06-006-03-000,Belison,Antique,Region VI (Western Visayas),Municipality,5th,R6,I
[2024-08] 06-030-10-000,2024-08,2024,[08] August,"Bingawan, Iloilo",[1] Operational,,,,,[A] Operational,B,06-030-10-000,Bingawan,Iloilo,Region VI (Western Visayas),Municipality,5th,R6,I
[2024-08] 06-004-05-000,2024-08,2024,[08] August,"Buruanga, Aklan",[1] Operational,,,,,[A] Operational,B,06-004-05-000,Buruanga,Aklan,Region VI (Western Visayas),Municipality,5th,R6,I
[2024-08] 06-030-12-000,2024-08,2024,[08] August,"Cabatuan, Iloilo",[1] Operational,,,,,[A] Operational,B,06-030-12-000,Cabatuan,Iloilo,Region VI (Western Visayas),Municipality,2nd,R6,I
[2024-08] 06-045-09-000,2024-08,2024,[08] August,"City of Escalante, Negros Occidental",[1] Operational,,,,,[A] Operational,A,06-045-09-000,City of Escalante,Negros Occidental,Region VI (Western Visayas),City,4th,R6,I
[2024-08] 06-045-10-000,2024-08,2024,[08] August,"City of Himamaylan, Negros Occidental",[1] Operational,,,,,[A] Operational,B,06-045-10-000,City of Himamaylan,Negros Occidental,Region VI (Western Visayas),City,3rd,R6,I
[2024-08] 06-045-16-000,2024-08,2024,[08] August,"City of La Carlota, Negros Occidental",[1] Operational,,,,,[A] Operational,A,06-045-16-000,City of La Carlota,Negros Occidental,Region VI (Western Visayas),City,4th,R6,I
[2024-08] 06-045-23-000,2024-08,2024,[08] August,"City of Sagay, Negros Occidental",[1] Operational,,,,,[A] Operational,B,06-045-23-000,City of Sagay,Negros Occidental,Region VI (Western Visayas),City,3rd,R6,I
[2024-08] 06-045-27-000,2024-08,2024,[08] August,"City of Sipalay, Negros Occidental",[1] Operational,,,,,[A] Operational,A,06-045-27-000,City of Sipalay,Negros Occidental,Region VI (Western Visayas),City,4th,R6,I
[2024-08] 06-030-15-000,2024-08,2024,[08] August,"Concepcion, Iloilo",[1] Operational,,,,,[A] Operational,A,06-030-15-000,Concepcion,Iloilo,Region VI (Western Visayas),Municipality,3rd,R6,I
[2024-08] 06-019-01-000,2024-08,2024,[08] August,"Cuartero, Capiz",[1] Operational,,,,,[A] Operational,B,06-019-01-000,Cuartero,Capiz,Region VI (Western Visayas),Municipality,4th,R6,I
[2024-08] 06-019-04-000,2024-08,2024,[08] August,"Dumarao, Capiz",[1] Operational,,,,,[A] Operational,A,06-019-04-000,Dumarao,Capiz,Region VI (Western Visayas),Municipality,2nd,R6,I
[2024-08] 06-030-26-000,2024-08,2024,[08] August,"Leganes, Iloilo",[1] Operational,,,,,[A] Operational,B,06-030-26-000,Leganes,Iloilo,Region VI (Western Visayas),Municipality,4th,R6,I
[2024-08] 06-006-10-000,2024-08,2024,[08] August,"Libertad, Antique",[1] Operational,,,,,[A] Operational,B,06-006-10-000,Libertad,Antique,Region VI (Western Visayas),Municipality,5th,R6,I
[2024-08] 06-030-29-000,2024-08,2024,[08] August,"Maasin, Iloilo",[1] Operational,,,,,[A] Operational,B,06-030-29-000,Maasin,Iloilo,Region VI (Western Visayas),Municipality,3rd,R6,I
[2024-08] 06-030-31-000,2024-08,2024,[08] August,"Mina, Iloilo",[1] Operational,,,,,[A] Operational,B,06-030-31-000,Mina,Iloilo,Region VI (Western Visayas),Municipality,5th,R6,I
[2024-08] 06-030-32-000,2024-08,2024,[08] August,"New Lucena, Iloilo",[1] Operational,,,,,[A] Operational,B,06-030-32-000,New Lucena,Iloilo,Region VI (Western Visayas),Municipality,4th,R6,I
[2024-08] 06-030-34-000,2024-08,2024,[08] August,"Oton, Iloilo",[1] Operational,,,,,[A] Operational,B,06-030-34-000,Oton,Iloilo,Region VI (Western Visayas),Municipality,1st,R6,I
[2024-08] 06-006-11-000,2024-08,2024,[08] August,"Pandan, Antique",[1] Operational,,,,,[A] Operational,B,06-006-11-000,Pandan,Antique,Region VI (Western Visayas),Municipality,4th,R6,I
[2024-08] 06-030-37-000,2024-08,2024,[08] August,"Pototan, Iloilo",[1] Operational,,,,,[A] Operational,B,06-030-37-000,Pototan,Iloilo,Region VI (Western Visayas),Municipality,1st,R6,I
[2024-08] 06-030-41-000,2024-08,2024,[08] August,"San Miguel, Iloilo",[1] Operational,,,,,[A] Operational,B,06-030-41-000,San Miguel,Iloilo,Region VI (Western Visayas),Municipality,4th,R6,I
[2024-08] 06-030-43-000,2024-08,2024,[08] August,"Santa Barbara, Iloilo",[1] Operational,,,,,[A] Operational,B,06-030-43-000,Santa Barbara,Iloilo,Region VI (Western Visayas),Municipality,2nd,R6,I
[2024-08] 06-030-44-000,2024-08,2024,[08] August,"Sara, Iloilo",[1] Operational,,,,,[A] Operational,B,06-030-44-000,Sara,Iloilo,Region VI (Western Visayas),Municipality,2nd,R6,I
[2024-08] 06-006-15-000,2024-08,2024,[08] August,"Sebaste, Antique",[1] Operational,,,,,[A] Operational,A,06-006-15-000,Sebaste,Antique,Region VI (Western Visayas),Municipality,4th,R6,I
[2024-08] 06-004-17-000,2024-08,2024,[08] August,"Tangalan, Aklan",[1] Operational,,,,,[A] Operational,B,06-004-17-000,Tangalan,Aklan,Region VI (Western Visayas),Municipality,5th,R6,I
[2024-08] 06-006-18-000,2024-08,2024,[08] August,"Valderrama, Antique",[1] Operational,,,,,[A] Operational,B,06-006-18-000,Valderrama,Antique,Region VI (Western Visayas),Municipality,4th,R6,I
[2024-08] 11-024-01-000,2024-08,2024,[08] August,"Bansalan, Davao del Sur",[1] Operational,,,,,[A] Operational,B,11-024-01-000,Bansalan,Davao del Sur,Region XI (Davao Region),Municipality,1st,R11,P
[2024-08] 11-024-03-000,2024-08,2024,[08] August,"City of Digos, Davao del Sur",[1] Operational,,,,,[A] Operational,B,11-024-03-000,City of Digos,Davao del Sur,Region XI (Davao Region),City,2nd,R11,P
[2024-08] 11-025-07-000,2024-08,2024,[08] August,"Lupon, Davao Oriental",[1] Operational,,,,,[A] Operational,B,11-025-07-000,Lupon,Davao Oriental,Region XI (Davao Region),Municipality,1st,R11,P
[2024-08] 11-025-08-000,2024-08,2024,[08] August,"Manay, Davao Oriental",[1] Operational,,,,,[A] Operational,A,11-025-08-000,Manay,Davao Oriental,Region XI (Davao Region),Municipality,2nd,R11,P
[2024-08] 11-024-10-000,2024-08,2024,[08] August,"Matanao, Davao del Sur",[1] Operational,,,,,[A] Operational,B,11-024-10-000,Matanao,Davao del Sur,Region XI (Davao Region),Municipality,2nd,R11,P
[2024-08] 11-025-10-000,2024-08,2024,[08] August,"San Isidro, Davao Oriental",[1] Operational,,,,,[A] Operational,A,11-025-10-000,San Isidro,Davao Oriental,Region XI (Davao Region),Municipality,3rd,R11,P
[2024-08] 11-024-14-000,2024-08,2024,[08] August,"Sulop, Davao del Sur",[1] Operational,,,,,[A] Operational,B,11-024-14-000,Sulop,Davao del Sur,Region XI (Davao Region),Municipality,3rd,R11,P
[2024-08] 12-080-01-000,2024-08,2024,[08] August,"Alabel, Sarangani",[1] Operational,,,,,[A] Operational,B,12-080-01-000,Alabel,Sarangani,Region XII (SOCCSKSARGEN),Municipality,1st,R12,Q
[2024-08] 12-047-17-000,2024-08,2024,[08] August,"Aleosan, Cotabato",[1] Operational,,,,,[A] Operational,A,12-047-17-000,Aleosan,Cotabato,Region XII (SOCCSKSARGEN),Municipality,3rd,R12,Q
[2024-08] 12-065-01-000,2024-08,2024,[08] August,"Bagumbayan, Sultan Kudarat",[2] Ongoing Testing and Data Build-up,60%,,,,[B] Developmental,B,12-065-01-000,Bagumbayan,Sultan Kudarat,Region XII (SOCCSKSARGEN),Municipality,1st,R12,Q
[2024-08] 12-047-04-000,2024-08,2024,[08] August,"City of Kidapawan, Cotabato",[1] Operational,,,,,[A] Operational,B,12-047-04-000,City of Kidapawan,Cotabato,Region XII (SOCCSKSARGEN),City,3rd,R12,Q
[2024-08] 12-065-02-000,2024-08,2024,[08] August,"Columbio, Sultan Kudarat",[1] Operational,,,,,[A] Operational,A,12-065-02-000,Columbio,Sultan Kudarat,Region XII (SOCCSKSARGEN),Municipality,1st,R12,Q
[2024-08] 12-047-03-000,2024-08,2024,[08] August,"Kabacan, Cotabato",[1] Operational,,,,,[A] Operational,B,12-047-03-000,Kabacan,Cotabato,Region XII (SOCCSKSARGEN),Municipality,1st,R12,Q
[2024-08] 12-065-06-000,2024-08,2024,[08] August,"Lebak, Sultan Kudarat",[1] Operational,,,,,[A] Operational,B,12-065-06-000,Lebak,Sultan Kudarat,Region XII (SOCCSKSARGEN),Municipality,1st,R12,Q
[2024-08] 12-047-10-000,2024-08,2024,[08] August,"M'Lang, Cotabato",[1] Operational,,,,,[A] Operational,A,12-047-10-000,M'Lang,Cotabato,Region XII (SOCCSKSARGEN),Municipality,1st,R12,Q
[2024-08] 12-047-09-000,2024-08,2024,[08] August,"Midsayap, Cotabato",[2] Ongoing Testing and Data Build-up,100%,,,,[B] Developmental,A,12-047-09-000,Midsayap,Cotabato,Region XII (SOCCSKSARGEN),Municipality,1st,R12,Q
[2024-08] 12-047-11-000,2024-08,2024,[08] August,"Pigkawayan, Cotabato",[1] Operational,,,,,[A] Operational,A,12-047-11-000,Pigkawayan,Cotabato,Region XII (SOCCSKSARGEN),Municipality,1st,R12,Q
[2024-08] 12-047-12-000,2024-08,2024,[08] August,"Pikit, Cotabato",[1] Operational,,,,,[A] Operational,A,12-047-12-000,Pikit,Cotabato,Region XII (SOCCSKSARGEN),Municipality,1st,R12,Q
[2024-08] 12-047-13-000,2024-08,2024,[08] August,"President Roxas, Cotabato",[2] Ongoing Testing and Data Build-up,65%,,,,[B] Developmental,A,12-047-13-000,President Roxas,Cotabato,Region XII (SOCCSKSARGEN),Municipality,1st,R12,Q
[2024-08] 12-065-12-000,2024-08,2024,[08] August,"Sen. Ninoy Aquino, Sultan Kudarat",[1] Operational,,,,,[A] Operational,B,12-065-12-000,Sen. Ninoy Aquino,Sultan Kudarat,Region XII (SOCCSKSARGEN),Municipality,3rd,R12,Q
[2024-08] 16-067-01-000,2024-08,2024,[08] August,"Alegria, Surigao del Norte",[1] Operational,,,,,[A] Operational,B,16-067-01-000,Alegria,Surigao del Norte,Region XIII (Caraga),Municipality,5th,R13,O
[2024-08] 16-068-04-000,2024-08,2024,[08] August,"Cagwait, Surigao del Sur",[1] Operational,,,,,[A] Operational,B,16-068-04-000,Cagwait,Surigao del Sur,Region XIII (Caraga),Municipality,4th,R13,O
[2024-08] 16-002-03-000,2024-08,2024,[08] August,"City of Cabadbaran, Agusan del Norte",[1] Operational,,,,,[A] Operational,B,16-002-03-000,City of Cabadbaran,Agusan del Norte,Region XIII (Caraga),City,6th,R13,O
[2024-08] 16-068-19-000,2024-08,2024,[08] August,"City of Tandag, Surigao del Sur",[1] Operational,,,,,[A] Operational,A,16-068-19-000,City of Tandag,Surigao del Sur,Region XIII (Caraga),City,5th,R13,O
[2024-08] 16-085-03-000,2024-08,2024,[08] August,"Dinagat, Dinagat Islands",[1] Operational,,,,,[A] Operational,A,16-085-03-000,Dinagat,Dinagat Islands,Region XIII (Caraga),Municipality,5th,R13,O
[2024-08] 16-002-07-000,2024-08,2024,[08] August,"Las Nieves, Agusan del Norte",[1] Operational,,,,,[A] Operational,B,16-002-07-000,Las Nieves,Agusan del Norte,Region XIII (Caraga),Municipality,2nd,R13,O
[2024-08] 16-068-14-000,2024-08,2024,[08] August,"Marihatag, Surigao del Sur",[1] Operational,,,,,[A] Operational,A,16-068-14-000,Marihatag,Surigao del Sur,Region XIII (Caraga),Municipality,3rd,R13,O
[2024-08] 16-002-12-000,2024-08,2024,[08] August,"Remedios T. Romualdez, Agusan del Norte",[1] Operational,,,,,[A] Operational,B,16-002-12-000,Remedios T. Romualdez,Agusan del Norte,Region XIII (Caraga),Municipality,5th,R13,O
[2024-08] 16-068-15-000,2024-08,2024,[08] August,"San Agustin, Surigao del Sur",[1] Operational,,,,,[A] Operational,A,16-068-15-000,San Agustin,Surigao del Sur,Region XIII (Caraga),Municipality,4th,R13,O
[2024-08] 16-003-08-000,2024-08,2024,[08] August,"San Francisco, Agusan del Sur",[1] Operational,,,,,[A] Operational,A,16-003-08-000,San Francisco,Agusan del Sur,Region XIII (Caraga),Municipality,1st,R13,O
[2024-08] 16-085-06-000,2024-08,2024,[08] August,"San Jose, Dinagat Islands",[3] With Concerns,,,,,[A] Operational,B,16-085-06-000,San Jose,Dinagat Islands,Region XIII (Caraga),Municipality,4th*,R13,O
[2024-08] 16-003-10-000,2024-08,2024,[08] August,"Santa Josefa, Agusan del Sur",[1] Operational,,,,,[A] Operational,A,16-003-10-000,Santa Josefa,Agusan del Sur,Region XIII (Caraga),Municipality,3rd,R13,O
[2024-08] 16-002-10-000,2024-08,2024,[08] August,"Santiago, Agusan del Norte",[1] Operational,,,,,[A] Operational,A,16-002-10-000,Santiago,Agusan del Norte,Region XIII (Caraga),Municipality,4th,R13,O
[2024-08] 16-067-22-000,2024-08,2024,[08] August,"Sison, Surigao del Norte",[1] Operational,,,,,[A] Operational,B,16-067-22-000,Sison,Surigao del Norte,Region XIII (Caraga),Municipality,5th,R13,O
[2024-08] 16-067-23-000,2024-08,2024,[08] August,"Socorro, Surigao del Norte",[1] Operational,,,,,[A] Operational,B,16-067-23-000,Socorro,Surigao del Norte,Region XIII (Caraga),Municipality,4th,R13,O
[2024-08] 16-067-25-000,2024-08,2024,[08] August,"Tagana-An, Surigao del Norte",[1] Operational,,,,,[A] Operational,B,16-067-25-000,Tagana-An,Surigao del Norte,Region XIII (Caraga),Municipality,5th*,R13,O
[2024-08] 16-068-18-000,2024-08,2024,[08] August,"Tago, Surigao del Sur",[1] Operational,,,,,[A] Operational,A,16-068-18-000,Tago,Surigao del Sur,Region XIII (Caraga),Municipality,2nd,R13,O
[2024-08] 16-003-12-000,2024-08,2024,[08] August,"Trento, Agusan del Sur",[1] Operational,,,,,[A] Operational,A,16-003-12-000,Trento,Agusan del Sur,Region XIII (Caraga),Municipality,1st,R13,O
[2024-08] 16-067-27-000,2024-08,2024,[08] August,"Tubod, Surigao del Norte",[1] Operational,,,,,[A] Operational,B,16-067-27-000,Tubod,Surigao del Norte,Region XIII (Caraga),Municipality,5th,R13,O
[2024-09] 07-022-01-000,2024-09,2024,[09] September,"Alcantara, Cebu",[1] Operational,,,,,[A] Operational,B,07-022-01-000,Alcantara,Cebu,Region VII (Central Visayas),Municipality,5th,R7,J
[2024-09] 07-022-02-000,2024-09,2024,[09] September,"Alcoy, Cebu",[1] Operational,,,,,[A] Operational,B,07-022-02-000,Alcoy,Cebu,Region VII (Central Visayas),Municipality,5th,R7,J
[2024-09] 07-022-03-000,2024-09,2024,[09] September,"Alegria, Cebu",[1] Operational,,,,,[A] Operational,B,07-022-03-000,Alegria,Cebu,Region VII (Central Visayas),Municipality,4th,R7,J
[2024-09] 07-022-04-000,2024-09,2024,[09] September,"Aloguinsan, Cebu",[1] Operational,,,,,[A] Operational,B,07-022-04-000,Aloguinsan,Cebu,Region VII (Central Visayas),Municipality,4th,R7,J
[2024-09] 07-022-05-000,2024-09,2024,[09] September,"Argao, Cebu",[1] Operational,,,,,[A] Operational,A,07-022-05-000,Argao,Cebu,Region VII (Central Visayas),Municipality,1st,R7,J
[2024-09] 07-022-08-000,2024-09,2024,[09] September,"Balamban, Cebu",[1] Operational,,,,,[A] Operational,B,07-022-08-000,Balamban,Cebu,Region VII (Central Visayas),Municipality,1st,R7,J
[2024-09] 07-022-25-000,2024-09,2024,[09] September,"Ginatilan, Cebu",[1] Operational,,,,,[A] Operational,A,07-022-25-000,Ginatilan,Cebu,Region VII (Central Visayas),Municipality,5th,R7,J
[2024-09] 07-022-37-000,2024-09,2024,[09] September,"Pinamungajan, Cebu",[1] Operational,,,,,[A] Operational,B,07-022-37-000,Pinamungajan,Cebu,Region VII (Central Visayas),Municipality,2nd,R7,J
[2024-09] 07-022-43-000,2024-09,2024,[09] September,"San Remigio, Cebu",[1] Operational,,,,,[A] Operational,B,07-022-43-000,San Remigio,Cebu,Region VII (Central Visayas),Municipality,3rd,R7,J
[2024-09] 07-022-47-000,2024-09,2024,[09] September,"Sogod, Cebu",[1] Operational,,,,,[A] Operational,A,07-022-47-000,Sogod,Cebu,Region VII (Central Visayas),Municipality,4th*,R7,J
[2024-09] 07-022-52-000,2024-09,2024,[09] September,"Tuburan, Cebu",[1] Operational,,,,,[A] Operational,B,07-022-52-000,Tuburan,Cebu,Region VII (Central Visayas),Municipality,2nd,R7,J
[2024-09] 07-022-53-000,2024-09,2024,[09] September,"Tudela, Cebu",[1] Operational,,,,,[A] Operational,B,07-022-53-000,Tudela,Cebu,Region VII (Central Visayas),Municipality,5th,R7,J
[2024-09] 07-046-17-000,2024-09,2024,[09] September,"San Jose, Negros Oriental",[1] Operational,,,,,[A] Operational,B,07-046-17-000,San Jose,Negros Oriental,Region VII (Central Visayas),Municipality,5th,R7,J
[2024-09] 07-046-14-000,2024-09,2024,[09] September,"Mabinay, Negros Oriental",[1] Operational,,,,,[A] Operational,B,07-046-14-000,Mabinay,Negros Oriental,Region VII (Central Visayas),Municipality,1st,R7,J
[2024-09] 08-037-03-000,2024-09,2024,[09] September,"Albuera, Leyte",[1] Operational,,,,,[A] Operational,B,08-037-03-000,Albuera,Leyte,Region VIII (Eastern Visayas),Municipality,3rd*,R8,K
[2024-09] 08-064-01-000,2024-09,2024,[09] September,"Anahawan, Southern Leyte",[1] Operational,,,,,[A] Operational,B,08-064-01-000,Anahawan,Southern Leyte,Region VIII (Eastern Visayas),Municipality,5th,R8,K
[2024-09] 08-026-03-000,2024-09,2024,[09] September,"Balangkayan, Eastern Samar",[1] Operational,,,,,[A] Operational,B,08-026-03-000,Balangkayan,Eastern Samar,Region VIII (Eastern Visayas),Municipality,5th,R8,K
[2024-09] 08-037-06-000,2024-09,2024,[09] September,"Barugo, Leyte",[4] Withdraw,,,,,[D] Withdraw,A,08-037-06-000,Barugo,Leyte,Region VIII (Eastern Visayas),Municipality,4th,R8,K
[2024-09] 08-078-02-000,2024-09,2024,[09] September,"Biliran, Biliran",[1] Operational,,,,,[A] Operational,B,08-078-02-000,Biliran,Biliran,Region VIII (Eastern Visayas),Municipality,5th,R8,K
[2024-09] 08-048-03-000,2024-09,2024,[09] September,"Bobon, Northern Samar",[1] Operational,,,,,[A] Operational,A,08-048-03-000,Bobon,Northern Samar,Region VIII (Eastern Visayas),Municipality,4th,R8,K
[2024-09] 08-037-13-000,2024-09,2024,[09] September,"Calubian, Leyte",[1] Operational,,,,,[A] Operational,A,08-037-13-000,Calubian,Leyte,Region VIII (Eastern Visayas),Municipality,4th,R8,K
[2024-09] 08-026-05-000,2024-09,2024,[09] September,"Can-Avid, Eastern Samar",[1] Operational,,,,,[A] Operational,A,08-026-05-000,Can-Avid,Eastern Samar,Region VIII (Eastern Visayas),Municipality,4th,R8,K
[2024-09] 08-026-04-000,2024-09,2024,[09] September,"City of Borongan, Eastern Samar",[1] Operational,,,,,[A] Operational,B,08-026-04-000,City of Borongan,Eastern Samar,Region VIII (Eastern Visayas),City,1st (as Mun),R8,K
[2024-09] 08-060-05-000,2024-09,2024,[09] September,"City of Catbalogan, Samar",[1] Operational,,,,,[A] Operational,B,08-060-05-000,City of Catbalogan,Samar,Region VIII (Eastern Visayas),City,5th,R8,K
[2024-09] 08-064-07-000,2024-09,2024,[09] September,"City of Maasin, Southern Leyte",[1] Operational,,,,,[A] Operational,B,08-064-07-000,City of Maasin,Southern Leyte,Region VIII (Eastern Visayas),City,4th,R8,K
[2024-09] 08-060-06-000,2024-09,2024,[09] September,"Daram, Samar",[1] Operational,,,,,[A] Operational,A,08-060-06-000,Daram,Samar,Region VIII (Eastern Visayas),Municipality,3rd,R8,K
[2024-09] 08-026-06-000,2024-09,2024,[09] September,"Dolores, Eastern Samar",[3] With Concerns,,,,,[A] Operational,A,08-026-06-000,Dolores,Eastern Samar,Region VIII (Eastern Visayas),Municipality,3rd*,R8,K
[2024-09] 08-048-07-000,2024-09,2024,[09] September,"Gamay, Northern Samar",[1] Operational,,,,,[A] Operational,B,08-048-07-000,Gamay,Northern Samar,Region VIII (Eastern Visayas),Municipality,4th,R8,K
[2024-09] 08-060-07-000,2024-09,2024,[09] September,"Gandara, Samar",[1] Operational,,,,,[A] Operational,A,08-060-07-000,Gandara,Samar,Region VIII (Eastern Visayas),Municipality,2nd,R8,K
[2024-09] 08-064-03-000,2024-09,2024,[09] September,"Hinunangan, Southern Leyte",[1] Operational,,,,,[A] Operational,A,08-064-03-000,Hinunangan,Southern Leyte,Region VIII (Eastern Visayas),Municipality,3rd,R8,K
[2024-09] 08-064-04-000,2024-09,2024,[09] September,"Hinundayan, Southern Leyte",[1] Operational,,,,,[A] Operational,A,08-064-04-000,Hinundayan,Southern Leyte,Region VIII (Eastern Visayas),Municipality,5th,R8,K
[2024-09] 08-037-21-000,2024-09,2024,[09] September,"Inopacan, Leyte",[1] Operational,,,,,[A] Operational,A,08-037-21-000,Inopacan,Leyte,Region VIII (Eastern Visayas),Municipality,4th,R8,K
[2024-09] 08-037-26-000,2024-09,2024,[09] September,"Kananga, Leyte",[1] Operational,,,,,[A] Operational,B,08-037-26-000,Kananga,Leyte,Region VIII (Eastern Visayas),Municipality,1st,R8,K
[2024-09] 08-078-06-000,2024-09,2024,[09] September,"Kawayan, Biliran",[1] Operational,,,,,[A] Operational,B,08-078-06-000,Kawayan,Biliran,Region VIII (Eastern Visayas),Municipality,5th*,R8,K
[2024-09] 08-048-09-000,2024-09,2024,[09] September,"Lapinig, Northern Samar",[1] Operational,,,,,[A] Operational,B,08-048-09-000,Lapinig,Northern Samar,Region VIII (Eastern Visayas),Municipality,5th,R8,K
[2024-09] 08-026-12-000,2024-09,2024,[09] September,"Lawaan, Eastern Samar",[1] Operational,,,,,[A] Operational,B,08-026-12-000,Lawaan,Eastern Samar,Region VIII (Eastern Visayas),Municipality,5th*,R8,K
[2024-09] 08-037-29-000,2024-09,2024,[09] September,"Leyte, Leyte",[1] Operational,,,,,[A] Operational,B,08-037-29-000,Leyte,Leyte,Region VIII (Eastern Visayas),Municipality,4th*,R8,K
[2024-09] 08-064-05-000,2024-09,2024,[09] September,"Libagon, Southern Leyte",[1] Operational,,,,,[A] Operational,B,08-064-05-000,Libagon,Southern Leyte,Region VIII (Eastern Visayas),Municipality,5th,R8,K
[2024-09] 08-064-06-000,2024-09,2024,[09] September,"Liloan, Southern Leyte",[1] Operational,,,,,[A] Operational,A,08-064-06-000,Liloan,Southern Leyte,Region VIII (Eastern Visayas),Municipality,4th*,R8,K
[2024-09] 08-048-24-000,2024-09,2024,[09] September,"Lope De Vega, Northern Samar",[1] Operational,,,,,[A] Operational,A,08-048-24-000,Lope De Vega,Northern Samar,Region VIII (Eastern Visayas),Municipality,4th,R8,K
[2024-09] 08-064-08-000,2024-09,2024,[09] September,"Macrohon, Southern Leyte",[1] Operational,,,,,[A] Operational,A,08-064-08-000,Macrohon,Southern Leyte,Region VIII (Eastern Visayas),Municipality,4th,R8,K
[2024-09] 08-064-09-000,2024-09,2024,[09] September,"Malitbog, Southern Leyte",[1] Operational,,,,,[A] Operational,A,08-064-09-000,Malitbog,Southern Leyte,Region VIII (Eastern Visayas),Municipality,4th*,R8,K
[2024-09] 08-037-33-000,2024-09,2024,[09] September,"Matag-Ob, Leyte",[1] Operational,,,,,[A] Operational,A,08-037-33-000,Matag-Ob,Leyte,Region VIII (Eastern Visayas),Municipality,4th,R8,K
[2024-09] 08-026-15-000,2024-09,2024,[09] September,"Maydolong, Eastern Samar",[1] Operational,,,,,[A] Operational,B,08-026-15-000,Maydolong,Eastern Samar,Region VIII (Eastern Visayas),Municipality,4th*,R8,K
[2024-09] 08-037-36-000,2024-09,2024,[09] September,"Merida, Leyte",[1] Operational,,,,,[A] Operational,B,08-037-36-000,Merida,Leyte,Region VIII (Eastern Visayas),Municipality,5th,R8,K
[2024-09] 08-060-12-000,2024-09,2024,[09] September,"Motiong, Samar",[1] Operational,,,,,[A] Operational,B,08-060-12-000,Motiong,Samar,Region VIII (Eastern Visayas),Municipality,4th,R8,K
[2024-09] 08-078-08-000,2024-09,2024,[09] September,"Naval, Biliran",[1] Operational,,,,,[A] Operational,B,08-078-08-000,Naval,Biliran,Region VIII (Eastern Visayas),Municipality,2nd,R8,K
[2024-09] 08-026-17-000,2024-09,2024,[09] September,"Oras, Eastern Samar",[1] Operational,,,,,[A] Operational,B,08-026-17-000,Oras,Eastern Samar,Region VIII (Eastern Visayas),Municipality,3rd,R8,K
[2024-09] 08-064-10-000,2024-09,2024,[09] September,"Padre Burgos, Southern Leyte",[1] Operational,,,,,[A] Operational,A,08-064-10-000,Padre Burgos,Southern Leyte,Region VIII (Eastern Visayas),Municipality,5th*,R8,K
[2024-09] 08-060-22-000,2024-09,2024,[09] September,"Paranas, Samar",[1] Operational,,,,,[A] Operational,A,08-060-22-000,Paranas,Samar,Region VIII (Eastern Visayas),Municipality,2nd,R8,K
[2024-09] 08-037-41-000,2024-09,2024,[09] September,"Pastrana, Leyte",[1] Operational,,,,,[A] Operational,A,08-037-41-000,Pastrana,Leyte,Region VIII (Eastern Visayas),Municipality,5th*,R8,K
[2024-09] 08-064-11-000,2024-09,2024,[09] September,"Pintuyan, Southern Leyte",[1] Operational,,,,,[A] Operational,B,08-064-11-000,Pintuyan,Southern Leyte,Region VIII (Eastern Visayas),Municipality,5th*,R8,K
[2024-09] 08-026-18-000,2024-09,2024,[09] September,"Quinapondan, Eastern Samar",[1] Operational,,,,,[A] Operational,B,08-026-18-000,Quinapondan,Eastern Samar,Region VIII (Eastern Visayas),Municipality,5th,R8,K
[2024-09] 08-026-19-000,2024-09,2024,[09] September,"Salcedo, Eastern Samar",[1] Operational,,,,,[A] Operational,A,08-026-19-000,Salcedo,Eastern Samar,Region VIII (Eastern Visayas),Municipality,5th*,R8,K
[2024-09] 08-064-13-000,2024-09,2024,[09] September,"San Francisco, Southern Leyte",[1] Operational,,,,,[A] Operational,A,08-064-13-000,San Francisco,Southern Leyte,Region VIII (Eastern Visayas),Municipality,5th,R8,K
[2024-09] 08-064-14-000,2024-09,2024,[09] September,"San Juan, Southern Leyte",[1] Operational,,,,,[A] Operational,A,08-064-14-000,San Juan,Southern Leyte,Region VIII (Eastern Visayas),Municipality,5th,R8,K
[2024-09] 08-026-20-000,2024-09,2024,[09] September,"San Julian, Eastern Samar",[1] Operational,,,,,[A] Operational,B,08-026-20-000,San Julian,Eastern Samar,Region VIII (Eastern Visayas),Municipality,5th,R8,K
[2024-09] 08-037-43-000,2024-09,2024,[09] September,"San Miguel, Leyte",[1] Operational,,,,,[A] Operational,B,08-037-43-000,San Miguel,Leyte,Region VIII (Eastern Visayas),Municipality,4th,R8,K
[2024-09] 08-064-15-000,2024-09,2024,[09] September,"San Ricardo, Southern Leyte",[1] Operational,,,,,[A] Operational,A,08-064-15-000,San Ricardo,Southern Leyte,Region VIII (Eastern Visayas),Municipality,5th,R8,K
[2024-09] 08-048-20-000,2024-09,2024,[09] September,"San Roque, Northern Samar",[1] Operational,,,,,[A] Operational,B,08-048-20-000,San Roque,Northern Samar,Region VIII (Eastern Visayas),Municipality,4th,R8,K
[2024-09] 08-060-16-000,2024-09,2024,[09] September,"Santa Margarita, Samar",[1] Operational,,,,,[A] Operational,B,08-060-16-000,Santa Margarita,Samar,Region VIII (Eastern Visayas),Municipality,4th,R8,K
[2024-09] 08-064-16-000,2024-09,2024,[09] September,"Silago, Southern Leyte",[1] Operational,,,,,[A] Operational,B,08-064-16-000,Silago,Southern Leyte,Region VIII (Eastern Visayas),Municipality,4th,R8,K
[2024-09] 08-064-17-000,2024-09,2024,[09] September,"Sogod, Southern Leyte",[1] Operational,,,,,[A] Operational,B,08-064-17-000,Sogod,Southern Leyte,Region VIII (Eastern Visayas),Municipality,2nd,R8,K
[2024-09] 08-026-22-000,2024-09,2024,[09] September,"Sulat, Eastern Samar",[1] Operational,,,,,[A] Operational,B,08-026-22-000,Sulat,Eastern Samar,Region VIII (Eastern Visayas),Municipality,4th,R8,K
[2024-09] 08-037-46-000,2024-09,2024,[09] September,"Tabontabon, Leyte",[1] Operational,,,,,[A] Operational,B,08-037-46-000,Tabontabon,Leyte,Region VIII (Eastern Visayas),Municipality,5th,R8,K
[2024-09] 08-064-18-000,2024-09,2024,[09] September,"Tomas Oppus, Southern Leyte",[1] Operational,,,,,[A] Operational,B,08-064-18-000,Tomas Oppus,Southern Leyte,Region VIII (Eastern Visayas),Municipality,5th,R8,K
[2024-09] 08-048-23-000,2024-09,2024,[09] September,"Victoria, Northern Samar",[1] Operational,,,,,[A] Operational,B,08-048-23-000,Victoria,Northern Samar,Region VIII (Eastern Visayas),Municipality,5th,R8,K
[2024-09] 08-060-21-000,2024-09,2024,[09] September,"Villareal, Samar",[1] Operational,,,,,[A] Operational,B,08-060-21-000,Villareal,Samar,Region VIII (Eastern Visayas),Municipality,4th*,R8,K
[2024-09] 08-060-23-000,2024-09,2024,[09] September,"Zumarraga, Samar",[1] Operational,,,,,[A] Operational,B,08-060-23-000,Zumarraga,Samar,Region VIII (Eastern Visayas),Municipality,5th*,R8,K
[2024-09] 08-060-09-000,2024-09,2024,[09] September,"Jiabong, Samar",[1] Operational,,,,,[A] Operational,B,08-060-09-000,Jiabong,Samar,Region VIII (Eastern Visayas),Municipality,5th,R8,K
[2024-09] 08-026-09-000,2024-09,2024,[09] September,"Guiuan, Eastern Samar",[1] Operational,,,,,[A] Operational,B,08-026-09-000,Guiuan,Eastern Samar,Region VIII (Eastern Visayas),Municipality,2nd,R8,K
[2024-09] 19-070-02-000,2024-09,2024,[09] September,"Bongao, Tawi-Tawi",[1] Operational,,,,,[A] Operational,A,19-070-02-000,Bongao,Tawi-Tawi,Bangsamoro Autonomous Region In Muslim Mindanao (BARMM),Municipality,2nd,BARMM I,M
[2024-09] 09-901-01-000,2024-09,2024,[09] September,"City of Isabela, Basilan",[1] Operational,,,,,[A] Operational,B,09-901-01-000,City of Isabela,Basilan,Region IX (Zamboanga Peninsula),City,4th,R9,L
[2024-09] 19-007-02-000,2024-09,2024,[09] September,"City of Lamitan, Basilan",[1] Operational,,,,,[A] Operational,A,19-007-02-000,City of Lamitan,Basilan,Bangsamoro Autonomous Region In Muslim Mindanao (BARMM),City,6th,BARMM I,M
[2024-09] 09-073-05-000,2024-09,2024,[09] September,"Dimataling, Zamboanga del Sur",[1] Operational,,,,,[A] Operational,A,09-073-05-000,Dimataling,Zamboanga del Sur,Region IX (Zamboanga Peninsula),Municipality,4th,R9,L
[2024-09] 09-083-03-000,2024-09,2024,[09] September,"Diplahan, Zamboanga Sibugay",[1] Operational,,,,,[A] Operational,A,09-083-03-000,Diplahan,Zamboanga Sibugay,Region IX (Zamboanga Peninsula),Municipality,3rd,R9,L
[2024-09] 09-073-07-000,2024-09,2024,[09] September,"Dumalinao, Zamboanga del Sur",[1] Operational,,,,,[A] Operational,A,09-073-07-000,Dumalinao,Zamboanga del Sur,Region IX (Zamboanga Peninsula),Municipality,4th,R9,L
[2024-09] 09-073-43-000,2024-09,2024,[09] September,"Guipos, Zamboanga del Sur",[1] Operational,,,,,[A] Operational,B,09-073-43-000,Guipos,Zamboanga del Sur,Region IX (Zamboanga Peninsula),Municipality,4th,R9,L
[2024-09] 09-072-23-000,2024-09,2024,[09] September,"Gutalac, Zamboanga del Norte",[1] Operational,,,,,[A] Operational,A,09-072-23-000,Gutalac,Zamboanga del Norte,Region IX (Zamboanga Peninsula),Municipality,2nd,R9,L
[2024-09] 09-073-37-000,2024-09,2024,[09] September,"Josefina, Zamboanga del Sur",[1] Operational,,,,,[A] Operational,B,09-073-37-000,Josefina,Zamboanga del Sur,Region IX (Zamboanga Peninsula),Municipality,5th*,R9,L
[2024-09] 09-083-06-000,2024-09,2024,[09] September,"Kabasalan, Zamboanga Sibugay",[1] Operational,,,,,[A] Operational,A,09-083-06-000,Kabasalan,Zamboanga Sibugay,Region IX (Zamboanga Peninsula),Municipality,2nd,R9,L
[2024-09] 09-072-05-000,2024-09,2024,[09] September,"Labason, Zamboanga del Norte",[1] Operational,,,,,[A] Operational,B,09-072-05-000,Labason,Zamboanga del Norte,Region IX (Zamboanga Peninsula),Municipality,3rd,R9,L
[2024-09] 09-072-26-000,2024-09,2024,[09] September,"Leon B. Postigo (Bacungan), Zamboanga del Norte",[1] Operational,,,,,[A] Operational,B,09-072-26-000,Leon B. Postigo (Bacungan),Zamboanga del Norte,Region IX (Zamboanga Peninsula),Municipality,4th,R9,L
[2024-09] 09-073-15-000,2024-09,2024,[09] September,"Mahayag, Zamboanga del Sur",[1] Operational,,,,,[A] Operational,B,09-073-15-000,Mahayag,Zamboanga del Sur,Region IX (Zamboanga Peninsula),Municipality,3rd*,R9,L
[2024-09] 09-073-19-000,2024-09,2024,[09] September,"Molave, Zamboanga del Sur",[1] Operational,,,,,[A] Operational,A,09-073-19-000,Molave,Zamboanga del Sur,Region IX (Zamboanga Peninsula),Municipality,1st,R9,L
[2024-09] 09-072-10-000,2024-09,2024,[09] September,"Polanco, Zamboanga del Norte",[1] Operational,,,,,[A] Operational,A,09-072-10-000,Polanco,Zamboanga del Norte,Region IX (Zamboanga Peninsula),Municipality,3rd,R9,L
[2024-09] 09-073-23-000,2024-09,2024,[09] September,"Ramon Magsaysay, Zamboanga del Sur",[1] Operational,,,,,[A] Operational,A,09-073-23-000,Ramon Magsaysay,Zamboanga del Sur,Region IX (Zamboanga Peninsula),Municipality,4th*,R9,L
[2024-09] 09-072-13-000,2024-09,2024,[09] September,"Salug, Zamboanga del Norte",[1] Operational,,,,,[A] Operational,A,09-072-13-000,Salug,Zamboanga del Norte,Region IX (Zamboanga Peninsula),Municipality,3rd,R9,L
[2024-09] 09-073-25-000,2024-09,2024,[09] September,"San Pablo, Zamboanga del Sur",[1] Operational,,,,,[A] Operational,A,09-073-25-000,San Pablo,Zamboanga del Sur,Region IX (Zamboanga Peninsula),Municipality,4th*,R9,L
[2024-09] 09-072-15-000,2024-09,2024,[09] September,"Siayan, Zamboanga del Norte",[1] Operational,,,,,[A] Operational,B,09-072-15-000,Siayan,Zamboanga del Norte,Region IX (Zamboanga Peninsula),Municipality,2nd,R9,L
[2024-09] 09-072-18-000,2024-09,2024,[09] September,"Sindangan, Zamboanga del Norte",[1] Operational,,,,,[A] Operational,A,09-072-18-000,Sindangan,Zamboanga del Norte,Region IX (Zamboanga Peninsula),Municipality,1st,R9,L
[2024-09] 19-066-13-000,2024-09,2024,[09] September,"Talipao, Sulu",[1] Operational,,,,,[A] Operational,A,19-066-13-000,Talipao,Sulu,Bangsamoro Autonomous Region In Muslim Mindanao (BARMM),Municipality,1st,BARMM I,M
[2024-09] 09-073-28-000,2024-09,2024,[09] September,"Tambulig, Zamboanga del Sur",[1] Operational,,,,,[A] Operational,B,09-073-28-000,Tambulig,Zamboanga del Sur,Region IX (Zamboanga Peninsula),Municipality,4th*,R9,L
[2024-09] 09-072-21-000,2024-09,2024,[09] September,"Tampilisan, Zamboanga del Norte",[1] Operational,,,,,[A] Operational,A,09-072-21-000,Tampilisan,Zamboanga del Norte,Region IX (Zamboanga Peninsula),Municipality,4th,R9,L
[2024-09] 09-073-44-000,2024-09,2024,[09] September,"Tigbao, Zamboanga del Sur",[1] Operational,,,,,[A] Operational,B,09-073-44-000,Tigbao,Zamboanga del Sur,Region IX (Zamboanga Peninsula),Municipality,5th*,R9,L
[2024-09] 10-042-01-000,2024-09,2024,[09] September,"Aloran, Misamis Occidental",[1] Operational,,,,,[A] Operational,A,10-042-01-000,Aloran,Misamis Occidental,Region X (Northern Mindanao),Municipality,4th,R10,N
[2024-09] 10-035-01-000,2024-09,2024,[09] September,"Bacolod, Lanao del Norte",[1] Operational,,,,,[A] Operational,A,10-035-01-000,Bacolod,Lanao del Norte,Region X (Northern Mindanao),Municipality,4th,R10,N
[2024-09] 10-042-04-000,2024-09,2024,[09] September,"Calamba, Misamis Occidental",[1] Operational,,,,,[A] Operational,A,10-042-04-000,Calamba,Misamis Occidental,Region X (Northern Mindanao),Municipality,4th,R10,N
[2024-09] 10-018-01-000,2024-09,2024,[09] September,"Catarman, Camiguin",[1] Operational,,,,,[A] Operational,B,10-018-01-000,Catarman,Camiguin,Region X (Northern Mindanao),Municipality,5th,R10,N
[2024-09] 10-043-07-000,2024-09,2024,[09] September,"City of El Salvador, Misamis Oriental",[1] Operational,,,,,[A] Operational,A,10-043-07-000,City of El Salvador,Misamis Oriental,Region X (Northern Mindanao),City,6th,R10,N
[2024-09] 10-042-05-000,2024-09,2024,[09] September,"Clarin, Misamis Occidental",[1] Operational,,,,,[A] Operational,A,10-042-05-000,Clarin,Misamis Occidental,Region X (Northern Mindanao),Municipality,4th,R10,N
[2024-09] 10-013-04-000,2024-09,2024,[09] September,"Don Carlos, Bukidnon",[1] Operational,,,,,[A] Operational,B,10-013-04-000,Don Carlos,Bukidnon,Region X (Northern Mindanao),Municipality,1st,R10,N
[2024-09] 10-018-02-000,2024-09,2024,[09] September,"Guinsiliban, Camiguin",[1] Operational,,,,,[A] Operational,A,10-018-02-000,Guinsiliban,Camiguin,Region X (Northern Mindanao),Municipality,6th,R10,N
[2024-09] 10-043-11-000,2024-09,2024,[09] September,"Jasaan, Misamis Oriental",[1] Operational,,,,,[A] Operational,A,10-043-11-000,Jasaan,Misamis Oriental,Region X (Northern Mindanao),Municipality,2nd,R10,N
[2024-09] 10-013-08-000,2024-09,2024,[09] September,"Kibawe, Bukidnon",[1] Operational,,,,,[A] Operational,A,10-013-08-000,Kibawe,Bukidnon,Region X (Northern Mindanao),Municipality,2nd,R10,N
[2024-09] 10-043-15-000,2024-09,2024,[09] September,"Libertad, Misamis Oriental",[1] Operational,,,,,[A] Operational,A,10-043-15-000,Libertad,Misamis Oriental,Region X (Northern Mindanao),Municipality,5th,R10,N
[2024-09] 10-018-04-000,2024-09,2024,[09] September,"Mambajao, Camiguin",[1] Operational,,,,,[A] Operational,A,10-018-04-000,Mambajao,Camiguin,Region X (Northern Mindanao),Municipality,3rd,R10,N
[2024-09] 10-043-20-000,2024-09,2024,[09] September,"Naawan, Misamis Oriental",[1] Operational,,,,,[A] Operational,A,10-043-20-000,Naawan,Misamis Oriental,Region X (Northern Mindanao),Municipality,4th,R10,N
[2024-09] 10-042-12-000,2024-09,2024,[09] September,"Plaridel, Misamis Occidental",[1] Operational,,,,,[A] Operational,A,10-042-12-000,Plaridel,Misamis Occidental,Region X (Northern Mindanao),Municipality,3rd,R10,N
[2024-09] 10-043-22-000,2024-09,2024,[09] September,"Salay, Misamis Oriental",[1] Operational,,,,,[A] Operational,A,10-043-22-000,Salay,Misamis Oriental,Region X (Northern Mindanao),Municipality,4th,R10,N
[2024-09] 10-043-24-000,2024-09,2024,[09] September,"Tagoloan, Misamis Oriental",[1] Operational,,,,,[A] Operational,A,10-043-24-000,Tagoloan,Misamis Oriental,Region X (Northern Mindanao),Municipality,1st,R10,N
[2024-09] 10-035-15-000,2024-09,2024,[09] September,"Nunungan, Lanao del Norte",[1] Operational,,,,,[A] Operational,B,10-035-15-000,Nunungan,Lanao del Norte,Region X (Northern Mindanao),Municipality,3rd,R10,N
[2024-09] 10-035-05-000,2024-09,2024,[09] September,"Kapatagan, Lanao del Norte",[1] Operational,,,,,[A] Operational,B,10-035-05-000,Kapatagan,Lanao del Norte,Region X (Northern Mindanao),Municipality,2nd,R10,N
[2024-09] 10-043-18-000,2024-09,2024,[09] September,"Manticao, Misamis Oriental",[1] Operational,,,,,[A] Operational,B,10-043-18-000,Manticao,Misamis Oriental,Region X (Northern Mindanao),Municipality,4th,R10,N
[2024-09] 10-043-01-000,2024-09,2024,[09] September,"Alubijid, Misamis Oriental",[1] Operational,,,,,[A] Operational,B,10-043-01-000,Alubijid,Misamis Oriental,Region X (Northern Mindanao),Municipality,4th,R10,N
[2024-09] 10-043-14-000,2024-09,2024,[09] September,"Laguindingan, Misamis Oriental",[1] Operational,,,,,[A] Operational,B,10-043-14-000,Laguindingan,Misamis Oriental,Region X (Northern Mindanao),Municipality,4th,R10,N
[2024-09] 10-043-03-000,2024-09,2024,[09] September,"Balingoan, Misamis Oriental",[1] Operational,,,,,[A] Operational,B,10-043-03-000,Balingoan,Misamis Oriental,Region X (Northern Mindanao),Municipality,5th,R10,N
[2024-09] 10-042-15-000,2024-09,2024,[09] September,"City of Tangub, Misamis Occidental",[1] Operational,,,,,[A] Operational,B,10-042-15-000,City of Tangub,Misamis Occidental,Region X (Northern Mindanao),City,4th,R10,N
[2024-09] 10-035-10-000,2024-09,2024,[09] September,"Linamon, Lanao del Norte",[1] Operational,,,,,[A] Operational,B,10-035-10-000,Linamon,Lanao del Norte,Region X (Northern Mindanao),Municipality,5th,R10,N
[2024-09] 10-018-03-000,2024-09,2024,[09] September,"Mahinog, Camiguin",[1] Operational,,,,,[A] Operational,B,10-018-03-000,Mahinog,Camiguin,Region X (Northern Mindanao),Municipality,5th,R10,N
[2024-09] 10-018-05-000,2024-09,2024,[09] September,"Sagay, Camiguin",[1] Operational,,,,,[A] Operational,B,10-018-05-000,Sagay,Camiguin,Region X (Northern Mindanao),Municipality,5th,R10,N
[2024-09] 10-043-06-000,2024-09,2024,[09] September,"Claveria, Misamis Oriental",[1] Operational,,,,,[A] Operational,B,10-043-06-000,Claveria,Misamis Oriental,Region X (Northern Mindanao),Municipality,1st,R10,N
[2024-09] 10-042-14-000,2024-09,2024,[09] September,"Sinacaban, Misamis Occidental",[1] Operational,,,,,[A] Operational,B,10-042-14-000,Sinacaban,Misamis Occidental,Region X (Northern Mindanao),Municipality,5th,R10,N
[2024-09] 10-042-03-000,2024-09,2024,[09] September,"Bonifacio, Misamis Occidental",[1] Operational,,,,,[A] Operational,B,10-042-03-000,Bonifacio,Misamis Occidental,Region X (Northern Mindanao),Municipality,4th,R10,N
[2024-09] 10-043-08-000,2024-09,2024,[09] September,"City of Gingoog, Misamis Oriental",[1] Operational,,,,,[A] Operational,B,10-043-08-000,City of Gingoog,Misamis Oriental,Region X (Northern Mindanao),City,2nd,R10,N
[2024-09] 10-042-13-000,2024-09,2024,[09] September,"Sapang Dalaga, Misamis Occidental",[1] Operational,,,,,[A] Operational,B,10-042-13-000,Sapang Dalaga,Misamis Occidental,Region X (Northern Mindanao),Municipality,5th*,R10,N
[2024-09] 10-035-06-000,2024-09,2024,[09] September,"Sultan Naga Dimaporo, Lanao del Norte",[1] Operational,,,,,[A] Operational,B,10-035-06-000,Sultan Naga Dimaporo,Lanao del Norte,Region X (Northern Mindanao),Municipality,3rd,R10,N
[2024-09] 11-024-01-000,2024-09,2024,[09] September,"Bansalan, Davao del Sur",[1] Operational,,,,,[A] Operational,B,11-024-01-000,Bansalan,Davao del Sur,Region XI (Davao Region),Municipality,1st,R11,P
[2024-09] 11-024-03-000,2024-09,2024,[09] September,"City of Digos, Davao del Sur",[1] Operational,,,,,[A] Operational,B,11-024-03-000,City of Digos,Davao del Sur,Region XI (Davao Region),City,2nd,R11,P
[2024-09] 11-025-07-000,2024-09,2024,[09] September,"Lupon, Davao Oriental",[1] Operational,,,,,[A] Operational,B,11-025-07-000,Lupon,Davao Oriental,Region XI (Davao Region),Municipality,1st,R11,P
[2024-09] 11-025-08-000,2024-09,2024,[09] September,"Manay, Davao Oriental",[1] Operational,,,,,[A] Operational,A,11-025-08-000,Manay,Davao Oriental,Region XI (Davao Region),Municipality,2nd,R11,P
[2024-09] 11-024-10-000,2024-09,2024,[09] September,"Matanao, Davao del Sur",[1] Operational,,,,,[A] Operational,B,11-024-10-000,Matanao,Davao del Sur,Region XI (Davao Region),Municipality,2nd,R11,P
[2024-09] 11-025-10-000,2024-09,2024,[09] September,"San Isidro, Davao Oriental",[1] Operational,,,,,[A] Operational,A,11-025-10-000,San Isidro,Davao Oriental,Region XI (Davao Region),Municipality,3rd,R11,P
[2024-09] 11-024-14-000,2024-09,2024,[09] September,"Sulop, Davao del Sur",[1] Operational,,,,,[A] Operational,B,11-024-14-000,Sulop,Davao del Sur,Region XI (Davao Region),Municipality,3rd,R11,P
[2024-09] 16-067-01-000,2024-09,2024,[09] September,"Alegria, Surigao del Norte",[1] Operational,,,,,[A] Operational,B,16-067-01-000,Alegria,Surigao del Norte,Region XIII (Caraga),Municipality,5th,R13,O
[2024-09] 16-068-04-000,2024-09,2024,[09] September,"Cagwait, Surigao del Sur",[1] Operational,,,,,[A] Operational,B,16-068-04-000,Cagwait,Surigao del Sur,Region XIII (Caraga),Municipality,4th,R13,O
[2024-09] 16-002-03-000,2024-09,2024,[09] September,"City of Cabadbaran, Agusan del Norte",[1] Operational,,,,,[A] Operational,B,16-002-03-000,City of Cabadbaran,Agusan del Norte,Region XIII (Caraga),City,6th,R13,O
[2024-09] 16-068-19-000,2024-09,2024,[09] September,"City of Tandag, Surigao del Sur",[1] Operational,,,,,[A] Operational,A,16-068-19-000,City of Tandag,Surigao del Sur,Region XIII (Caraga),City,5th,R13,O
[2024-09] 16-085-03-000,2024-09,2024,[09] September,"Dinagat, Dinagat Islands",[1] Operational,,,,,[A] Operational,A,16-085-03-000,Dinagat,Dinagat Islands,Region XIII (Caraga),Municipality,5th,R13,O
[2024-09] 16-002-07-000,2024-09,2024,[09] September,"Las Nieves, Agusan del Norte",[1] Operational,,,,,[A] Operational,B,16-002-07-000,Las Nieves,Agusan del Norte,Region XIII (Caraga),Municipality,2nd,R13,O
[2024-09] 16-068-14-000,2024-09,2024,[09] September,"Marihatag, Surigao del Sur",[1] Operational,,,,,[A] Operational,A,16-068-14-000,Marihatag,Surigao del Sur,Region XIII (Caraga),Municipality,3rd,R13,O
[2024-09] 16-002-12-000,2024-09,2024,[09] September,"Remedios T. Romualdez, Agusan del Norte",[1] Operational,,,,,[A] Operational,B,16-002-12-000,Remedios T. Romualdez,Agusan del Norte,Region XIII (Caraga),Municipality,5th,R13,O
[2024-09] 16-068-15-000,2024-09,2024,[09] September,"San Agustin, Surigao del Sur",[1] Operational,,,,,[A] Operational,A,16-068-15-000,San Agustin,Surigao del Sur,Region XIII (Caraga),Municipality,4th,R13,O
[2024-09] 16-003-08-000,2024-09,2024,[09] September,"San Francisco, Agusan del Sur",[1] Operational,,,,,[A] Operational,A,16-003-08-000,San Francisco,Agusan del Sur,Region XIII (Caraga),Municipality,1st,R13,O
[2024-09] 16-085-06-000,2024-09,2024,[09] September,"San Jose, Dinagat Islands",[3] With Concerns,,,,,[A] Operational,B,16-085-06-000,San Jose,Dinagat Islands,Region XIII (Caraga),Municipality,4th*,R13,O
[2024-09] 16-003-10-000,2024-09,2024,[09] September,"Santa Josefa, Agusan del Sur",[1] Operational,,,,,[A] Operational,A,16-003-10-000,Santa Josefa,Agusan del Sur,Region XIII (Caraga),Municipality,3rd,R13,O
[2024-09] 16-002-10-000,2024-09,2024,[09] September,"Santiago, Agusan del Norte",[1] Operational,,,,,[A] Operational,A,16-002-10-000,Santiago,Agusan del Norte,Region XIII (Caraga),Municipality,4th,R13,O
[2024-09] 16-067-22-000,2024-09,2024,[09] September,"Sison, Surigao del Norte",[1] Operational,,,,,[A] Operational,B,16-067-22-000,Sison,Surigao del Norte,Region XIII (Caraga),Municipality,5th,R13,O
[2024-09] 16-067-23-000,2024-09,2024,[09] September,"Socorro, Surigao del Norte",[1] Operational,,,,,[A] Operational,B,16-067-23-000,Socorro,Surigao del Norte,Region XIII (Caraga),Municipality,4th,R13,O
[2024-09] 16-067-25-000,2024-09,2024,[09] September,"Tagana-An, Surigao del Norte",[1] Operational,,,,,[A] Operational,B,16-067-25-000,Tagana-An,Surigao del Norte,Region XIII (Caraga),Municipality,5th*,R13,O
[2024-09] 16-068-18-000,2024-09,2024,[09] September,"Tago, Surigao del Sur",[1] Operational,,,,,[A] Operational,A,16-068-18-000,Tago,Surigao del Sur,Region XIII (Caraga),Municipality,2nd,R13,O
[2024-09] 16-003-12-000,2024-09,2024,[09] September,"Trento, Agusan del Sur",[1] Operational,,,,,[A] Operational,A,16-003-12-000,Trento,Agusan del Sur,Region XIII (Caraga),Municipality,1st,R13,O
[2024-09] 16-067-27-000,2024-09,2024,[09] September,"Tubod, Surigao del Norte",[1] Operational,,,,,[A] Operational,B,16-067-27-000,Tubod,Surigao del Norte,Region XIII (Caraga),Municipality,5th,R13,O
[2024-09] 16-067-14-000,2024-09,2024,[09] September,"Mainit, Surigao del Norte",[1] Operational,,,,,[A] Operational,B,16-067-14-000,Mainit,Surigao del Norte,Region XIII (Caraga),Municipality,4th,R13,O
[2024-09] 16-085-02-000,2024-09,2024,[09] September,"Cagdianao, Dinagat Islands",[1] Operational,,,,,[A] Operational,B,16-085-02-000,Cagdianao,Dinagat Islands,Region XIII (Caraga),Municipality,3rd,R13,O
[2024-09] 01-028-01-000,2024-09,2024,[09] September,"Adams, Ilocos Norte",[1] Operational,,,,,[A] Operational,A,01-028-01-000,Adams,Ilocos Norte,Region I (Ilocos Region),Municipality,5th,R1,C
[2024-09] 01-033-01-000,2024-09,2024,[09] September,"Agoo, La Union",[1] Operational,,,,,[A] Operational,A,01-033-01-000,Agoo,La Union,Region I (Ilocos Region),Municipality,1st,R1,C
[2024-09] 01-055-02-000,2024-09,2024,[09] September,"Aguilar, Pangasinan",[1] Operational,,,,,[A] Operational,B,01-055-02-000,Aguilar,Pangasinan,Region I (Ilocos Region),Municipality,3rd,R1,C
[2024-09] 01-033-02-000,2024-09,2024,[09] September,"Aringay, La Union",[1] Operational,,,,,[A] Operational,B,01-033-02-000,Aringay,La Union,Region I (Ilocos Region),Municipality,2nd,R1,C
[2024-09] 01-028-03-000,2024-09,2024,[09] September,"Badoc, Ilocos Norte",[1] Operational,,,,,[A] Operational,B,01-028-03-000,Badoc,Ilocos Norte,Region I (Ilocos Region),Municipality,3rd,R1,C
[2024-09] 01-033-05-000,2024-09,2024,[09] September,"Balaoan, La Union",[1] Operational,,,,,[A] Operational,B,01-033-05-000,Balaoan,La Union,Region I (Ilocos Region),Municipality,1st,R1,C
[2024-09] 01-055-07-000,2024-09,2024,[09] September,"Balungao, Pangasinan",[1] Operational,,,,,[A] Operational,B,01-055-07-000,Balungao,Pangasinan,Region I (Ilocos Region),Municipality,4th,R1,C
[2024-09] 01-029-02-000,2024-09,2024,[09] September,"Banayoyo, Ilocos Sur",[1] Operational,,,,,[A] Operational,B,01-029-02-000,Banayoyo,Ilocos Sur,Region I (Ilocos Region),Municipality,4th,R1,C
[2024-09] 01-028-04-000,2024-09,2024,[09] September,"Bangui, Ilocos Norte",[1] Operational,,,,,[A] Operational,A,01-028-04-000,Bangui,Ilocos Norte,Region I (Ilocos Region),Municipality,4th,R1,C
[2024-09] 01-029-03-000,2024-09,2024,[09] September,"Bantay, Ilocos Sur",[2] Ongoing Testing and Data Build-up,75%,,,,[B] Developmental,B,01-029-03-000,Bantay,Ilocos Sur,Region I (Ilocos Region),Municipality,3rd,R1,C
[2024-09] 01-055-10-000,2024-09,2024,[09] September,"Bautista, Pangasinan",[1] Operational,,,,,[A] Operational,A,01-055-10-000,Bautista,Pangasinan,Region I (Ilocos Region),Municipality,4th,R1,C
[2024-09] 01-055-11-000,2024-09,2024,[09] September,"Bayambang, Pangasinan",[1] Operational,,,,,[A] Operational,A,01-055-11-000,Bayambang,Pangasinan,Region I (Ilocos Region),Municipality,1st,R1,C
[2024-09] 01-033-08-000,2024-09,2024,[09] September,"Burgos, La Union",[1] Operational,,,,,[A] Operational,A,01-033-08-000,Burgos,La Union,Region I (Ilocos Region),Municipality,5th,R1,C
[2024-09] 01-033-09-000,2024-09,2024,[09] September,"Caba, La Union",[1] Operational,,,,,[A] Operational,A,01-033-09-000,Caba,La Union,Region I (Ilocos Region),Municipality,4th,R1,C
[2024-09] 01-029-07-000,2024-09,2024,[09] September,"Caoayan, Ilocos Sur",[1] Operational,,,,,[A] Operational,A,01-029-07-000,Caoayan,Ilocos Sur,Region I (Ilocos Region),Municipality,4th,R1,C
[2024-09] 01-028-05-000,2024-09,2024,[09] September,"City of Batac, Ilocos Norte",[1] Operational,,,,,[A] Operational,A,01-028-05-000,City of Batac,Ilocos Norte,Region I (Ilocos Region),City,5th,R1,C
[2024-09] 01-029-06-000,2024-09,2024,[09] September,"City of Candon, Ilocos Sur",[2] Ongoing Testing and Data Build-up,50%,,,,[B] Developmental,A,01-029-06-000,City of Candon,Ilocos Sur,Region I (Ilocos Region),City,4th,R1,C
[2024-09] 01-028-12-000,2024-09,2024,[09] September,"City of Laoag, Ilocos Norte",[1] Operational,,,,,[A] Operational,B,01-028-12-000,City of Laoag,Ilocos Norte,Region I (Ilocos Region),City,3rd,R1,C
[2024-09] 01-028-09-000,2024-09,2024,[09] September,"Dingras, Ilocos Norte",[1] Operational,100%,,,,[A] Operational,A,01-028-09-000,Dingras,Ilocos Norte,Region I (Ilocos Region),Municipality,2nd,R1,C
[2024-09] 01-028-10-000,2024-09,2024,[09] September,"Dumalneg, Ilocos Norte",[1] Operational,,,,,[A] Operational,A,01-028-10-000,Dumalneg,Ilocos Norte,Region I (Ilocos Region),Municipality,5th,R1,C
[2024-09] 01-029-11-000,2024-09,2024,[09] September,"Lidlidda, Ilocos Sur",[1] Operational,,,,,[A] Operational,B,01-029-11-000,Lidlidda,Ilocos Sur,Region I (Ilocos Region),Municipality,5th,R1,C
[2024-09] 01-055-26-000,2024-09,2024,[09] September,"Mangaldan, Pangasinan",[1] Operational,,,,,[A] Operational,A,01-055-26-000,Mangaldan,Pangasinan,Region I (Ilocos Region),Municipality,1st,R1,C
[2024-09] 01-055-28-000,2024-09,2024,[09] September,"Mapandan, Pangasinan",[1] Operational,,,,,[A] Operational,A,01-055-28-000,Mapandan,Pangasinan,Region I (Ilocos Region),Municipality,3rd,R1,C
[2024-09] 01-033-11-000,2024-09,2024,[09] September,"Naguilian, La Union",[2] Ongoing Testing and Data Build-up,80%,,,,[B] Developmental,B,01-033-11-000,Naguilian,La Union,Region I (Ilocos Region),Municipality,1st,R1,C
[2024-09] 01-028-14-000,2024-09,2024,[09] September,"Nueva Era, Ilocos Norte",[1] Operational,,,,,[A] Operational,A,01-028-14-000,Nueva Era,Ilocos Norte,Region I (Ilocos Region),Municipality,3rd,R1,C
[2024-09] 01-028-17-000,2024-09,2024,[09] September,"Pasuquin, Ilocos Norte",[1] Operational,,,,,[A] Operational,A,01-028-17-000,Pasuquin,Ilocos Norte,Region I (Ilocos Region),Municipality,3rd,R1,C
[2024-09] 01-028-18-000,2024-09,2024,[09] September,"Piddig, Ilocos Norte",[1] Operational,,,,,[A] Operational,A,01-028-18-000,Piddig,Ilocos Norte,Region I (Ilocos Region),Municipality,3rd,R1,C
[2024-09] 01-055-30-000,2024-09,2024,[09] September,"Pozorrubio, Pangasinan",[1] Operational,,,,,[A] Operational,A,01-055-30-000,Pozorrubio,Pangasinan,Region I (Ilocos Region),Municipality,1st,R1,C
[2024-09] 01-033-13-000,2024-09,2024,[09] September,"Rosario, La Union",[1] Operational,,,,,[A] Operational,B,01-033-13-000,Rosario,La Union,Region I (Ilocos Region),Municipality,1st,R1,C
[2024-09] 01-029-18-000,2024-09,2024,[09] September,"San Esteban, Ilocos Sur",[1] Operational,,,,,[A] Operational,B,01-029-18-000,San Esteban,Ilocos Sur,Region I (Ilocos Region),Municipality,5th,R1,C
[2024-09] 01-055-33-000,2024-09,2024,[09] September,"San Fabian, Pangasinan",[2] Ongoing Testing and Data Build-up,50%,,,,[B] Developmental,A,01-055-33-000,San Fabian,Pangasinan,Region I (Ilocos Region),Municipality,1st,R1,C
[2024-09] 01-029-20-000,2024-09,2024,[09] September,"San Juan, Ilocos Sur",[1] Operational,,,,,[A] Operational,A,01-029-20-000,San Juan,Ilocos Sur,Region I (Ilocos Region),Municipality,3rd,R1,C
[2024-09] 01-055-35-000,2024-09,2024,[09] September,"San Manuel, Pangasinan",[1] Operational,,,,,[A] Operational,A,01-055-35-000,San Manuel,Pangasinan,Region I (Ilocos Region),Municipality,1st,R1,C
[2024-09] 01-028-20-000,2024-09,2024,[09] September,"San Nicolas, Ilocos Norte",[1] Operational,,,,,[A] Operational,A,01-028-20-000,San Nicolas,Ilocos Norte,Region I (Ilocos Region),Municipality,2nd,R1,C
[2024-09] 01-055-36-000,2024-09,2024,[09] September,"San Nicolas, Pangasinan",[1] Operational,,,,,[A] Operational,A,01-055-36-000,San Nicolas,Pangasinan,Region I (Ilocos Region),Municipality,1st,R1,C
[2024-09] 01-055-38-000,2024-09,2024,[09] September,"Santa Barbara, Pangasinan",[1] Operational,,,,,[A] Operational,A,01-055-38-000,Santa Barbara,Pangasinan,Region I (Ilocos Region),Municipality,1st,R1,C
[2024-09] 01-029-28-000,2024-09,2024,[09] September,"Santo Domingo, Ilocos Sur",[1] Operational,,,,,[A] Operational,B,01-029-28-000,Santo Domingo,Ilocos Sur,Region I (Ilocos Region),Municipality,3rd,R1,C
[2024-09] 01-033-17-000,2024-09,2024,[09] September,"Santo Tomas, La Union",[1] Operational,,,,,[A] Operational,A,01-033-17-000,Santo Tomas,La Union,Region I (Ilocos Region),Municipality,4th,R1,C
[2024-09] 01-055-40-000,2024-09,2024,[09] September,"Santo Tomas, Pangasinan",[2] Ongoing Testing and Data Build-up,50%,,,,[B] Developmental,A,01-055-40-000,Santo Tomas,Pangasinan,Region I (Ilocos Region),Municipality,5th,R1,C
[2024-09] 01-028-21-000,2024-09,2024,[09] September,"Sarrat, Ilocos Norte",[1] Operational,,,,,[A] Operational,A,01-028-21-000,Sarrat,Ilocos Norte,Region I (Ilocos Region),Municipality,4th,R1,C
[2024-09] 01-029-30-000,2024-09,2024,[09] September,"Sinait, Ilocos Sur",[1] Operational,,,,,[A] Operational,A,01-029-30-000,Sinait,Ilocos Sur,Region I (Ilocos Region),Municipality,3rd,R1,C
[2024-09] 01-055-41-000,2024-09,2024,[09] September,"Sison, Pangasinan",[2] Ongoing Testing and Data Build-up,50%,,,,[B] Developmental,A,01-055-41-000,Sison,Pangasinan,Region I (Ilocos Region),Municipality,3rd,R1,C
[2024-09] 01-028-22-000,2024-09,2024,[09] September,"Solsona, Ilocos Norte",[1] Operational,,,,,[A] Operational,A,01-028-22-000,Solsona,Ilocos Norte,Region I (Ilocos Region),Municipality,3rd,R1,C
[2024-09] 01-029-32-000,2024-09,2024,[09] September,"Suyo, Ilocos Sur",[1] Operational,,,,,[A] Operational,A,01-029-32-000,Suyo,Ilocos Sur,Region I (Ilocos Region),Municipality,4th,R1,C
[2024-09] 01-029-33-000,2024-09,2024,[09] September,"Tagudin, Ilocos Sur",[1] Operational,,,,,[A] Operational,A,01-029-33-000,Tagudin,Ilocos Sur,Region I (Ilocos Region),Municipality,2nd,R1,C
[2024-09] 01-033-20-000,2024-09,2024,[09] September,"Tubao, La Union",[1] Operational,,,,,[A] Operational,A,01-033-20-000,Tubao,La Union,Region I (Ilocos Region),Municipality,4th,R1,C
[2024-09] 14-027-08-000,2024-09,2024,[09] September,"Aguinaldo, Ifugao",[1] Operational,,,,,[A] Operational,A,14-027-08-000,Aguinaldo,Ifugao,Cordillera Administrative Region (CAR),Municipality,2nd,CAR,B
[2024-09] 14-027-11-000,2024-09,2024,[09] September,"Asipulo, Ifugao",[1] Operational,,,,,[A] Operational,A,14-027-11-000,Asipulo,Ifugao,Cordillera Administrative Region (CAR),Municipality,5th,CAR,B
[2024-09] 14-044-04-000,2024-09,2024,[09] September,"Bontoc, Mountain Province",[1] Operational,,,,,[A] Operational,B,14-044-04-000,Bontoc,Mountain Province,Cordillera Administrative Region (CAR),Municipality,2nd,CAR,B
[2024-09] 14-032-13-000,2024-09,2024,[09] September,"City of Tabuk, Kalinga",[1] Operational,,,,,[A] Operational,A,14-032-13-000,City of Tabuk,Kalinga,Cordillera Administrative Region (CAR),City,5th,CAR,B
[2024-09] 14-001-07-000,2024-09,2024,[09] September,"Dolores, Abra",[2] Ongoing Testing and Data Build-up,25%,,,,[B] Developmental,B,14-001-07-000,Dolores,Abra,Cordillera Administrative Region (CAR),Municipality,5th,CAR,B
[2024-09] 14-027-02-000,2024-09,2024,[09] September,"Hungduan, Ifugao",[1] Operational,,,,,[A] Operational,B,14-027-02-000,Hungduan,Ifugao,Cordillera Administrative Region (CAR),Municipality,4th,CAR,B
[2024-09] 14-027-05-000,2024-09,2024,[09] September,"Lamut, Ifugao",[1] Operational,,,,,[A] Operational,B,14-027-05-000,Lamut,Ifugao,Cordillera Administrative Region (CAR),Municipality,4th,CAR,B
[2024-09] 14-081-05-000,2024-09,2024,[09] September,"Luna, Apayao",[1] Operational,,,,,[A] Operational,B,14-081-05-000,Luna,Apayao,Cordillera Administrative Region (CAR),Municipality,2nd,CAR,B
[2024-09] 14-044-06-000,2024-09,2024,[09] September,"Paracelis, Mountain Province",[1] Operational,,,,,[A] Operational,B,14-044-06-000,Paracelis,Mountain Province,Cordillera Administrative Region (CAR),Municipality,2nd,CAR,B
[2024-09] 14-001-17-000,2024-09,2024,[09] September,"Peñarrubia, Abra",[1] Operational,,,,,[A] Operational,B,14-001-17-000,Peñarrubia,Abra,Cordillera Administrative Region (CAR),Municipality,6th,CAR,B
[2024-09] 14-081-06-000,2024-09,2024,[09] September,"Pudtol, Apayao",[1] Operational,,,,,[A] Operational,B,14-081-06-000,Pudtol,Apayao,Cordillera Administrative Region (CAR),Municipality,4th,CAR,B
[2024-09] 14-011-12-000,2024-09,2024,[09] September,"Sablan, Benguet",[1] Operational,,,,,[A] Operational,A,14-011-12-000,Sablan,Benguet,Cordillera Administrative Region (CAR),Municipality,5th,CAR,B
[2024-09] 14-011-13-000,2024-09,2024,[09] September,"Tuba, Benguet",[1] Operational,,,,,[A] Operational,A,14-011-13-000,Tuba,Benguet,Cordillera Administrative Region (CAR),Municipality,1st,CAR,B
[2024-09] 14-011-14-000,2024-09,2024,[09] September,"Tublay, Benguet",[1] Operational,,,,,[A] Operational,B,14-011-14-000,Tublay,Benguet,Cordillera Administrative Region (CAR),Municipality,5th,CAR,B
[2024-09] 02-031-03-000,2024-09,2024,[09] September,"Aurora, Isabela",[1] Operational,,,,,[A] Operational,A,02-031-03-000,Aurora,Isabela,Region II (Cagayan Valley),Municipality,3rd,R2,D
[2024-09] 02-015-06-000,2024-09,2024,[09] September,"Baggao, Cagayan",[1] Operational,,,,,[A] Operational,B,02-015-06-000,Baggao,Cagayan,Region II (Cagayan Valley),Municipality,1st,R2,D
[2024-09] 02-050-04-000,2024-09,2024,[09] September,"Bambang, Nueva Vizcaya",[1] Operational,,,,,[A] Operational,A,02-050-04-000,Bambang,Nueva Vizcaya,Region II (Cagayan Valley),Municipality,1st,R2,D
[2024-09] 02-031-06-000,2024-09,2024,[09] September,"Cabagan, Isabela",[1] Operational,,,,,[A] Operational,B,02-031-06-000,Cabagan,Isabela,Region II (Cagayan Valley),Municipality,1st,R2,D
[2024-09] 02-015-10-000,2024-09,2024,[09] September,"Camalaniugan, Cagayan",[1] Operational,,,,,[A] Operational,A,02-015-10-000,Camalaniugan,Cagayan,Region II (Cagayan Valley),Municipality,4th,R2,D
[2024-09] 02-031-14-000,2024-09,2024,[09] September,"City of Ilagan, Isabela",[1] Operational,,,,,[A] Operational,A,02-031-14-000,City of Ilagan,Isabela,Region II (Cagayan Valley),City,1st (as Mun),R2,D
[2024-09] 02-057-03-000,2024-09,2024,[09] September,"Diffun, Quirino",[1] Operational,,,,,[A] Operational,B,02-057-03-000,Diffun,Quirino,Region II (Cagayan Valley),Municipality,2nd,R2,D
[2024-09] 02-031-13-000,2024-09,2024,[09] September,"Gamu, Isabela",[1] Operational,,,,,[A] Operational,A,02-031-13-000,Gamu,Isabela,Region II (Cagayan Valley),Municipality,4th,R2,D
[2024-09] 02-015-13-000,2024-09,2024,[09] September,"Gattaran, Cagayan",[1] Operational,,,,,[A] Operational,B,02-015-13-000,Gattaran,Cagayan,Region II (Cagayan Valley),Municipality,1st,R2,D
[2024-09] 02-031-15-000,2024-09,2024,[09] September,"Jones, Isabela",[1] Operational,,,,,[A] Operational,A,02-031-15-000,Jones,Isabela,Region II (Cagayan Valley),Municipality,1st,R2,D
[2024-09] 02-057-04-000,2024-09,2024,[09] September,"Maddela, Quirino",[1] Operational,,,,,[A] Operational,A,02-057-04-000,Maddela,Quirino,Region II (Cagayan Valley),Municipality,1st,R2,D
[2024-09] 02-031-19-000,2024-09,2024,[09] September,"Mallig, Isabela",[1] Operational,,,,,[A] Operational,A,02-031-19-000,Mallig,Isabela,Region II (Cagayan Valley),Municipality,4th,R2,D
[2024-09] 02-031-21-000,2024-09,2024,[09] September,"Palanan, Isabela",[1] Operational,,,,,[A] Operational,A,02-031-21-000,Palanan,Isabela,Region II (Cagayan Valley),Municipality,1st,R2,D
[2024-09] 02-031-24-000,2024-09,2024,[09] September,"Ramon, Isabela",[1] Operational,,,,,[A] Operational,A,02-031-24-000,Ramon,Isabela,Region II (Cagayan Valley),Municipality,2nd,R2,D
[2024-09] 02-031-31-000,2024-09,2024,[09] September,"San Mariano, Isabela",[1] Operational,,,,,[A] Operational,A,02-031-31-000,San Mariano,Isabela,Region II (Cagayan Valley),Municipality,1st,R2,D
[2024-09] 02-031-32-000,2024-09,2024,[09] September,"San Mateo, Isabela",[1] Operational,,,,,[A] Operational,B,02-031-32-000,San Mateo,Isabela,Region II (Cagayan Valley),Municipality,1st,R2,D
[2024-09] 02-015-23-000,2024-09,2024,[09] September,"Santa Ana, Cagayan",[1] Operational,,,,,[A] Operational,B,02-015-23-000,Santa Ana,Cagayan,Region II (Cagayan Valley),Municipality,2nd,R2,D
[2024-09] 02-015-25-000,2024-09,2024,[09] September,"Santa Teresita, Cagayan",[1] Operational,,,,,[A] Operational,B,02-015-25-000,Santa Teresita,Cagayan,Region II (Cagayan Valley),Municipality,4th,R2,D
[2024-09] 03-054-02-000,2024-09,2024,[09] September,"Apalit, Pampanga",[1] Operational,,,,,[A] Operational,B,03-054-02-000,Apalit,Pampanga,Region III (Central Luzon),Municipality,1st,R3,E
[2024-09] 03-054-03-000,2024-09,2024,[09] September,"Arayat, Pampanga",[1] Operational,,,,,[A] Operational,A,03-054-03-000,Arayat,Pampanga,Region III (Central Luzon),Municipality,1st,R3,E
[2024-09] 03-054-04-000,2024-09,2024,[09] September,"Bacolor, Pampanga",[1] Operational,,,,,[A] Operational,A,03-054-04-000,Bacolor,Pampanga,Region III (Central Luzon),Municipality,3rd,R3,E
[2024-09] 03-077-01-000,2024-09,2024,[09] September,"Baler, Aurora",[1] Operational,,,,,[A] Operational,B,03-077-01-000,Baler,Aurora,Region III (Central Luzon),Municipality,3rd,R3,E
[2024-09] 03-049-02-000,2024-09,2024,[09] September,"Bongabon, Nueva Ecija",[1] Operational,,,,,[A] Operational,A,03-049-02-000,Bongabon,Nueva Ecija,Region III (Central Luzon),Municipality,2nd,R3,E
[2024-09] 03-071-01-000,2024-09,2024,[09] September,"Botolan, Zambales",[1] Operational,,,,,[A] Operational,A,03-071-01-000,Botolan,Zambales,Region III (Central Luzon),Municipality,1st,R3,E
[2024-09] 03-077-02-000,2024-09,2024,[09] September,"Casiguran, Aurora",[1] Operational,,,,,[A] Operational,A,03-077-02-000,Casiguran,Aurora,Region III (Central Luzon),Municipality,2nd,R3,E
[2024-09] 03-071-04-000,2024-09,2024,[09] September,"Castillejos, Zambales",[1] Operational,,,,,[A] Operational,A,03-071-04-000,Castillejos,Zambales,Region III (Central Luzon),Municipality,3rd,R3,E
[2024-09] 03-049-19-000,2024-09,2024,[09] September,"City of Palayan, Nueva Ecija",[2] Ongoing Testing and Data Build-up,55%,,,,[B] Developmental,B,03-049-19-000,City of Palayan,Nueva Ecija,Region III (Central Luzon),City,5th,R3,E
[2024-09] 03-049-06-000,2024-09,2024,[09] September,"Cuyapo, Nueva Ecija",[1] Operational,,,,,[A] Operational,B,03-049-06-000,Cuyapo,Nueva Ecija,Region III (Central Luzon),Municipality,1st,R3,E
[2024-09] 03-077-05-000,2024-09,2024,[09] September,"Dingalan, Aurora",[1] Operational,,,,,[A] Operational,A,03-077-05-000,Dingalan,Aurora,Region III (Central Luzon),Municipality,3rd,R3,E
[2024-09] 03-077-06-000,2024-09,2024,[09] September,"Dipaculao, Aurora",[1] Operational,,,,,[A] Operational,B,03-077-06-000,Dipaculao,Aurora,Region III (Central Luzon),Municipality,3rd,R3,E
[2024-09] 03-049-07-000,2024-09,2024,[09] September,"Gabaldon, Nueva Ecija",[1] Operational,,,,,[A] Operational,A,03-049-07-000,Gabaldon,Nueva Ecija,Region III (Central Luzon),Municipality,4th,R3,E
[2024-09] 03-049-10-000,2024-09,2024,[09] September,"General Tinio, Nueva Ecija",[1] Operational,,,,,[A] Operational,B,03-049-10-000,General Tinio,Nueva Ecija,Region III (Central Luzon),Municipality,1st,R3,E
[2024-09] 03-049-14-000,2024-09,2024,[09] September,"Licab, Nueva Ecija",[1] Operational,,,,,[A] Operational,A,03-049-14-000,Licab,Nueva Ecija,Region III (Central Luzon),Municipality,4th,R3,E
[2024-09] 03-008-06-000,2024-09,2024,[09] September,"Limay, Bataan",[1] Operational,,,,,[A] Operational,A,03-008-06-000,Limay,Bataan,Region III (Central Luzon),Municipality,1st,R3,E
[2024-09] 03-054-09-000,2024-09,2024,[09] September,"Mabalacat City, Pampanga",[1] Operational,,,,,[A] Operational,A,03-054-09-000,Mabalacat City,Pampanga,Region III (Central Luzon),City,3rd,R3,E
[2024-09] 03-054-11-000,2024-09,2024,[09] September,"Magalang, Pampanga",[1] Operational,,,,,[A] Operational,A,03-054-11-000,Magalang,Pampanga,Region III (Central Luzon),Municipality,1st,R3,E
[2024-09] 03-077-07-000,2024-09,2024,[09] September,"Maria Aurora, Aurora",[1] Operational,,,,,[A] Operational,B,03-077-07-000,Maria Aurora,Aurora,Region III (Central Luzon),Municipality,2nd,R3,E
[2024-09] 03-069-08-000,2024-09,2024,[09] September,"Mayantoc, Tarlac",[2] Ongoing Testing and Data Build-up,50%,,,,[B] Developmental,B,03-069-08-000,Mayantoc,Tarlac,Region III (Central Luzon),Municipality,3rd,R3,E
[2024-09] 03-054-14-000,2024-09,2024,[09] September,"Minalin, Pampanga",[1] Operational,,,,,[A] Operational,A,03-054-14-000,Minalin,Pampanga,Region III (Central Luzon),Municipality,4th,R3,E
[2024-09] 03-008-08-000,2024-09,2024,[09] September,"Morong, Bataan",[2] Ongoing Testing and Data Build-up,88%,For transioning to eLGU System/v2,,,[B] Developmental,A,03-008-08-000,Morong,Bataan,Region III (Central Luzon),Municipality,3rd,R3,E
[2024-09] 03-014-14-000,2024-09,2024,[09] September,"Obando, Bulacan",[2] Ongoing Testing and Data Build-up,99%,,,,[B] Developmental,A,03-014-14-000,Obando,Bulacan,Region III (Central Luzon),Municipality,2nd,R3,E
[2024-09] 03-008-09-000,2024-09,2024,[09] September,"Orani, Bataan",[1] Operational,,,,,[A] Operational,B,03-008-09-000,Orani,Bataan,Region III (Central Luzon),Municipality,3rd,R3,E
[2024-09] 03-014-15-000,2024-09,2024,[09] September,"Pandi, Bulacan",[2] Ongoing Testing and Data Build-up,100%,finalizing set up for barangay clearance,,,[B] Developmental,B,03-014-15-000,Pandi,Bulacan,Region III (Central Luzon),Municipality,2nd,R3,E
[2024-09] 03-049-22-000,2024-09,2024,[09] September,"Quezon, Nueva Ecija",[1] Operational,,,,,[A] Operational,B,03-049-22-000,Quezon,Nueva Ecija,Region III (Central Luzon),Municipality,4th,R3,E
[2024-09] 03-049-23-000,2024-09,2024,[09] September,"Rizal, Nueva Ecija",[1] Operational,,,,,[A] Operational,B,03-049-23-000,Rizal,Nueva Ecija,Region III (Central Luzon),Municipality,2nd,R3,E
[2024-09] 03-008-12-000,2024-09,2024,[09] September,"Samal, Bataan",[1] Operational,,,,,[A] Operational,A,03-008-12-000,Samal,Bataan,Region III (Central Luzon),Municipality,4th,R3,E
[2024-09] 03-071-10-000,2024-09,2024,[09] September,"San Felipe, Zambales",[1] Operational,,,,,[A] Operational,B,03-071-10-000,San Felipe,Zambales,Region III (Central Luzon),Municipality,4th,R3,E
[2024-09] 03-014-19-000,2024-09,2024,[09] September,"San Ildefonso, Bulacan",[1] Operational,,,,,[A] Operational,A,03-014-19-000,San Ildefonso,Bulacan,Region III (Central Luzon),Municipality,1st,R3,E
[2024-09] 03-069-18-000,2024-09,2024,[09] September,"San Jose, Tarlac",[2] Ongoing Testing and Data Build-up,75%,,,,[B] Developmental,B,03-069-18-000,San Jose,Tarlac,Region III (Central Luzon),Municipality,3rd,R3,E
[2024-09] 03-077-08-000,2024-09,2024,[09] September,"San Luis, Aurora",[1] Operational,,,,,[A] Operational,A,03-077-08-000,San Luis,Aurora,Region III (Central Luzon),Municipality,2nd,R3,E
[2024-09] 03-054-17-000,2024-09,2024,[09] September,"San Luis, Pampanga",[1] Operational,,,,,[A] Operational,B,03-054-17-000,San Luis,Pampanga,Region III (Central Luzon),Municipality,3rd,R3,E
[2024-09] 03-069-14-000,2024-09,2024,[09] September,"San Manuel, Tarlac",[2] Ongoing Testing and Data Build-up,52%,,,,[B] Developmental,B,03-069-14-000,San Manuel,Tarlac,Region III (Central Luzon),Municipality,4th,R3,E
[2024-09] 03-071-11-000,2024-09,2024,[09] September,"San Marcelino, Zambales",[1] Operational,,,,,[A] Operational,A,03-071-11-000,San Marcelino,Zambales,Region III (Central Luzon),Municipality,1st,R3,E
[2024-09] 03-071-12-000,2024-09,2024,[09] September,"San Narciso, Zambales",[1] Operational,,,,,[A] Operational,A,03-071-12-000,San Narciso,Zambales,Region III (Central Luzon),Municipality,4th,R3,E
[2024-09] 03-069-15-000,2024-09,2024,[09] September,"Santa Ignacia, Tarlac",[2] Ongoing Testing and Data Build-up,75%,,,,[B] Developmental,B,03-069-15-000,Santa Ignacia,Tarlac,Region III (Central Luzon),Municipality,2nd,R3,E
[2024-09] 03-049-31-000,2024-09,2024,[09] September,"Talugtug, Nueva Ecija",[1] Operational,,,,,[A] Operational,A,03-049-31-000,Talugtug,Nueva Ecija,Region III (Central Luzon),Municipality,4th,R3,E
[2024-09] 04-010-01-000,2024-09,2024,[09] September,"Agoncillo, Batangas",[1] Operational,,,,,[A] Operational,A,04-010-01-000,Agoncillo,Batangas,Region IV-A (CALABARZON),Municipality,4th,R4A,F
[2024-09] 04-056-02-000,2024-09,2024,[09] September,"Alabat, Quezon",[1] Operational,,,,,[A] Operational,B,04-056-02-000,Alabat,Quezon,Region IV-A (CALABARZON),Municipality,5th,R4A,F
[2024-09] 04-021-01-000,2024-09,2024,[09] September,"Alfonso, Cavite",[1] Operational,,,,,[A] Operational,A,04-021-01-000,Alfonso,Cavite,Region IV-A (CALABARZON),Municipality,1st,R4A,F
[2024-09] 04-010-02-000,2024-09,2024,[09] September,"Alitagtag, Batangas",[1] Operational,,,,,[A] Operational,A,04-010-02-000,Alitagtag,Batangas,Region IV-A (CALABARZON),Municipality,4th,R4A,F
[2024-09] 04-056-07-000,2024-09,2024,[09] September,"Calauag, Quezon",[1] Operational,,,,,[A] Operational,A,04-056-07-000,Calauag,Quezon,Region IV-A (CALABARZON),Municipality,1st,R4A,F
[2024-09] 04-058-06-000,2024-09,2024,[09] September,"Cardona, Rizal",[1] Operational,,,,,[A] Operational,B,04-058-06-000,Cardona,Rizal,Region IV-A (CALABARZON),Municipality,3rd,R4A,F
[2024-09] 04-056-19-000,2024-09,2024,[09] September,"Gumaca, Quezon",[1] Operational,,,,,[A] Operational,B,04-056-19-000,Gumaca,Quezon,Region IV-A (CALABARZON),Municipality,1st,R4A,F
[2024-09] 04-056-20-000,2024-09,2024,[09] September,"Infanta, Quezon",[1] Operational,,,,,[A] Operational,B,04-056-20-000,Infanta,Quezon,Region IV-A (CALABARZON),Municipality,1st,R4A,F
[2024-09] 04-010-15-000,2024-09,2024,[09] September,"Lobo, Batangas",[1] Operational,,,,,[A] Operational,B,04-010-15-000,Lobo,Batangas,Region IV-A (CALABARZON),Municipality,3rd,R4A,F
[2024-09] 04-056-22-000,2024-09,2024,[09] September,"Lopez, Quezon",[1] Operational,,,,,[A] Operational,A,04-056-22-000,Lopez,Quezon,Region IV-A (CALABARZON),Municipality,1st,R4A,F
[2024-09] 04-034-13-000,2024-09,2024,[09] September,"Lumban, Laguna",[1] Operational,,,,,[A] Operational,B,04-034-13-000,Lumban,Laguna,Region IV-A (CALABARZON),Municipality,3rd,R4A,F
[2024-09] 04-021-12-000,2024-09,2024,[09] September,"Magallanes, Cavite",[1] Operational,,,,,[A] Operational,B,04-021-12-000,Magallanes,Cavite,Region IV-A (CALABARZON),Municipality,4th,R4A,F
[2024-09] 04-010-18-000,2024-09,2024,[09] September,"Mataasnakahoy, Batangas",[1] Operational,,,,Launched on August 30,[A] Operational,B,04-010-18-000,Mataasnakahoy,Batangas,Region IV-A (CALABARZON),Municipality,4th,R4A,F
[2024-09] 04-021-15-000,2024-09,2024,[09] September,"Naic, Cavite",[1] Operational,,,,,[A] Operational,B,04-021-15-000,Naic,Cavite,Region IV-A (CALABARZON),Municipality,1st,R4A,F
[2024-09] 04-021-16-000,2024-09,2024,[09] September,"Noveleta, Cavite",[1] Operational,,,,,[A] Operational,B,04-021-16-000,Noveleta,Cavite,Region IV-A (CALABARZON),Municipality,3rd,R4A,F
[2024-09] 04-034-18-000,2024-09,2024,[09] September,"Paete, Laguna",[1] Operational,,,,,[A] Operational,A,04-034-18-000,Paete,Laguna,Region IV-A (CALABARZON),Municipality,4th,R4A,F
[2024-09] 04-034-23-000,2024-09,2024,[09] September,"Rizal, Laguna",[1] Operational,,,,,[A] Operational,A,04-034-23-000,Rizal,Laguna,Region IV-A (CALABARZON),Municipality,5th,R4A,F
[2024-09] 04-056-39-000,2024-09,2024,[09] September,"Sampaloc, Quezon",[1] Operational,,,,,[A] Operational,B,04-056-39-000,Sampaloc,Quezon,Region IV-A (CALABARZON),Municipality,5th,R4A,F
[2024-09] 04-010-25-000,2024-09,2024,[09] September,"San Nicolas, Batangas",[1] Operational,,,,,[A] Operational,A,04-010-25-000,San Nicolas,Batangas,Region IV-A (CALABARZON),Municipality,5th,R4A,F
[2024-09] 04-010-26-000,2024-09,2024,[09] September,"San Pascual, Batangas",[1] Operational,,,,,[A] Operational,B,04-010-26-000,San Pascual,Batangas,Region IV-A (CALABARZON),Municipality,1st,R4A,F
[2024-09] 04-010-27-000,2024-09,2024,[09] September,"Santa Teresita, Batangas",[1] Operational,,,,,[A] Operational,B,04-010-27-000,Santa Teresita,Batangas,Region IV-A (CALABARZON),Municipality,5th,R4A,F
[2024-09] 04-034-29-000,2024-09,2024,[09] September,"Siniloan, Laguna",[1] Operational,,,,,[A] Operational,A,04-034-29-000,Siniloan,Laguna,Region IV-A (CALABARZON),Municipality,2nd,R4A,F
[2024-09] 04-021-20-000,2024-09,2024,[09] September,"Tanza, Cavite",[1] Operational,,,,,[A] Operational,A,04-021-20-000,Tanza,Cavite,Region IV-A (CALABARZON),Municipality,1st,R4A,F
[2024-09] 17-051-01-000,2024-09,2024,[09] September,"Abra De Ilog, Occidental Mindoro",[1] Operational,,,,,[A] Operational,B,17-051-01-000,Abra De Ilog,Occidental Mindoro,MIMAROPA Region,Municipality,2nd,R4B,G
[2024-09] 17-059-01-000,2024-09,2024,[09] September,"Alcantara, Romblon",[1] Operational,,,,,[A] Operational,B,17-059-01-000,Alcantara,Romblon,MIMAROPA Region,Municipality,5th,R4B,G
[2024-09] 17-052-01-000,2024-09,2024,[09] September,"Baco, Oriental Mindoro",[1] Operational,,,,,[A] Operational,B,17-052-01-000,Baco,Oriental Mindoro,MIMAROPA Region,Municipality,3rd,R4B,G
[2024-09] 17-052-04-000,2024-09,2024,[09] September,"Bulalacao, Oriental Mindoro",[1] Operational,,,,,[A] Operational,B,17-052-04-000,Bulalacao,Oriental Mindoro,MIMAROPA Region,Municipality,3rd,R4B,G
[2024-09] 17-053-07-000,2024-09,2024,[09] September,"Busuanga, Palawan",[1] Operational,,,,,[A] Operational,A,17-053-07-000,Busuanga,Palawan,MIMAROPA Region,Municipality,3rd,R4B,G
[2024-09] 17-051-02-000,2024-09,2024,[09] September,"Calintaan, Occidental Mindoro",[1] Operational,,,,,[A] Operational,A,17-051-02-000,Calintaan,Occidental Mindoro,MIMAROPA Region,Municipality,3rd,R4B,G
[2024-09] 17-053-09-000,2024-09,2024,[09] September,"Coron, Palawan",[1] Operational,,,,,[A] Operational,B,17-053-09-000,Coron,Palawan,MIMAROPA Region,Municipality,1st,R4B,G
[2024-09] 17-053-22-000,2024-09,2024,[09] September,"Culion, Palawan",[1] Operational,,,,,[A] Operational,A,17-053-22-000,Culion,Palawan,MIMAROPA Region,Municipality,3rd,R4B,G
[2024-09] 17-059-16-000,2024-09,2024,[09] September,"Ferrol, Romblon",[1] Operational,,,,,[A] Operational,A,17-059-16-000,Ferrol,Romblon,MIMAROPA Region,Municipality,6th,R4B,G
[2024-09] 17-052-06-000,2024-09,2024,[09] September,"Gloria, Oriental Mindoro",[2] Ongoing Testing and Data Build-up,60%,,,Still consolidating Brgy Ordinances,[B] Developmental,B,17-052-06-000,Gloria,Oriental Mindoro,MIMAROPA Region,Municipality,3rd,R4B,G
[2024-09] 17-059-07-000,2024-09,2024,[09] September,"Looc, Romblon",[1] Operational,,,,,[A] Operational,B,17-059-07-000,Looc,Romblon,MIMAROPA Region,Municipality,4th,R4B,G
[2024-09] 17-051-04-000,2024-09,2024,[09] September,"Lubang, Occidental Mindoro",[1] Operational,,,,,[A] Operational,B,17-051-04-000,Lubang,Occidental Mindoro,MIMAROPA Region,Municipality,4th,R4B,G
[2024-09] 17-052-09-000,2024-09,2024,[09] September,"Pinamalayan, Oriental Mindoro",[1] Operational,,,,,[A] Operational,B,17-052-09-000,Pinamalayan,Oriental Mindoro,MIMAROPA Region,Municipality,1st,R4B,G
[2024-09] 17-053-17-000,2024-09,2024,[09] September,"Quezon, Palawan",[1] Operational,,,,,[A] Operational,A,17-053-17-000,Quezon,Palawan,MIMAROPA Region,Municipality,1st,R4B,G
[2024-09] 17-051-08-000,2024-09,2024,[09] September,"Rizal, Occidental Mindoro",[2] Ongoing Testing and Data Build-up,60%,,,Still consolidating Brgy Ordinances,[B] Developmental,B,17-051-08-000,Rizal,Occidental Mindoro,MIMAROPA Region,Municipality,3rd,R4B,G
[2024-09] 17-053-23-000,2024-09,2024,[09] September,"Rizal, Palawan",[2] Ongoing Testing and Data Build-up,70%,,,Still consolidating Brgy Ordinances,[B] Developmental,B,17-053-23-000,Rizal,Palawan,MIMAROPA Region,Municipality,1st,R4B,G
[2024-09] 17-051-09-000,2024-09,2024,[09] September,"Sablayan, Occidental Mindoro",[1] Operational,,,,,[A] Operational,B,17-051-09-000,Sablayan,Occidental Mindoro,MIMAROPA Region,Municipality,1st,R4B,G
[2024-09] 17-051-10-000,2024-09,2024,[09] September,"San Jose, Occidental Mindoro",[1] Operational,,,,,[A] Operational,A,17-051-10-000,San Jose,Occidental Mindoro,MIMAROPA Region,Municipality,1st,R4B,G
[2024-09] 17-059-14-000,2024-09,2024,[09] September,"San Jose, Romblon",[1] Operational,,,,,[A] Operational,B,17-059-14-000,San Jose,Romblon,MIMAROPA Region,Municipality,5th,R4B,G
[2024-09] 17-040-05-000,2024-09,2024,[09] September,"Santa Cruz, Marinduque",[1] Operational,,,,,[A] Operational,B,17-040-05-000,Santa Cruz,Marinduque,MIMAROPA Region,Municipality,1st,R4B,G
[2024-09] 17-059-15-000,2024-09,2024,[09] September,"Santa Fe, Romblon",[1] Operational,,,,,[A] Operational,B,17-059-15-000,Santa Fe,Romblon,MIMAROPA Region,Municipality,5th,R4B,G
[2024-09] 06-030-02-000,2024-09,2024,[09] September,"Alimodian, Iloilo",[1] Operational,,,,,[A] Operational,B,06-030-02-000,Alimodian,Iloilo,Region VI (Western Visayas),Municipality,3rd,R6,I
[2024-09] 06-030-03-000,2024-09,2024,[09] September,"Anilao, Iloilo",[1] Operational,,,,,[A] Operational,A,06-030-03-000,Anilao,Iloilo,Region VI (Western Visayas),Municipality,4th,R6,I
[2024-09] 06-006-03-000,2024-09,2024,[09] September,"Belison, Antique",[1] Operational,,,,,[A] Operational,B,06-006-03-000,Belison,Antique,Region VI (Western Visayas),Municipality,5th,R6,I
[2024-09] 06-030-10-000,2024-09,2024,[09] September,"Bingawan, Iloilo",[1] Operational,,,,,[A] Operational,B,06-030-10-000,Bingawan,Iloilo,Region VI (Western Visayas),Municipality,5th,R6,I
[2024-09] 06-004-05-000,2024-09,2024,[09] September,"Buruanga, Aklan",[1] Operational,,,,,[A] Operational,B,06-004-05-000,Buruanga,Aklan,Region VI (Western Visayas),Municipality,5th,R6,I
[2024-09] 06-030-12-000,2024-09,2024,[09] September,"Cabatuan, Iloilo",[1] Operational,,,,,[A] Operational,B,06-030-12-000,Cabatuan,Iloilo,Region VI (Western Visayas),Municipality,2nd,R6,I
[2024-09] 06-045-09-000,2024-09,2024,[09] September,"City of Escalante, Negros Occidental",[1] Operational,,,,,[A] Operational,A,06-045-09-000,City of Escalante,Negros Occidental,Region VI (Western Visayas),City,4th,R6,I
[2024-09] 06-045-10-000,2024-09,2024,[09] September,"City of Himamaylan, Negros Occidental",[1] Operational,,,,,[A] Operational,B,06-045-10-000,City of Himamaylan,Negros Occidental,Region VI (Western Visayas),City,3rd,R6,I
[2024-09] 06-310-00-000,2024-09,2024,[09] September,"City of Iloilo, Iloilo",[1] Operational,,,,,[A] Operational,B,06-310-00-000,City of Iloilo,Iloilo,Region VI (Western Visayas),City,1st,R6,I
[2024-09] 06-045-16-000,2024-09,2024,[09] September,"City of La Carlota, Negros Occidental",[1] Operational,,,,,[A] Operational,A,06-045-16-000,City of La Carlota,Negros Occidental,Region VI (Western Visayas),City,4th,R6,I
[2024-09] 06-045-23-000,2024-09,2024,[09] September,"City of Sagay, Negros Occidental",[1] Operational,,,,,[A] Operational,B,06-045-23-000,City of Sagay,Negros Occidental,Region VI (Western Visayas),City,3rd,R6,I
[2024-09] 06-045-27-000,2024-09,2024,[09] September,"City of Sipalay, Negros Occidental",[1] Operational,,,,,[A] Operational,A,06-045-27-000,City of Sipalay,Negros Occidental,Region VI (Western Visayas),City,4th,R6,I
[2024-09] 06-030-15-000,2024-09,2024,[09] September,"Concepcion, Iloilo",[1] Operational,,,,,[A] Operational,A,06-030-15-000,Concepcion,Iloilo,Region VI (Western Visayas),Municipality,3rd,R6,I
[2024-09] 06-019-01-000,2024-09,2024,[09] September,"Cuartero, Capiz",[1] Operational,,,,,[A] Operational,B,06-019-01-000,Cuartero,Capiz,Region VI (Western Visayas),Municipality,4th,R6,I
[2024-09] 06-019-04-000,2024-09,2024,[09] September,"Dumarao, Capiz",[1] Operational,,,,,[A] Operational,A,06-019-04-000,Dumarao,Capiz,Region VI (Western Visayas),Municipality,2nd,R6,I
[2024-09] 06-030-26-000,2024-09,2024,[09] September,"Leganes, Iloilo",[1] Operational,,,,,[A] Operational,B,06-030-26-000,Leganes,Iloilo,Region VI (Western Visayas),Municipality,4th,R6,I
[2024-09] 06-006-10-000,2024-09,2024,[09] September,"Libertad, Antique",[1] Operational,,,,,[A] Operational,B,06-006-10-000,Libertad,Antique,Region VI (Western Visayas),Municipality,5th,R6,I
[2024-09] 06-030-29-000,2024-09,2024,[09] September,"Maasin, Iloilo",[1] Operational,,,,,[A] Operational,B,06-030-29-000,Maasin,Iloilo,Region VI (Western Visayas),Municipality,3rd,R6,I
[2024-09] 06-030-31-000,2024-09,2024,[09] September,"Mina, Iloilo",[1] Operational,,,,,[A] Operational,B,06-030-31-000,Mina,Iloilo,Region VI (Western Visayas),Municipality,5th,R6,I
[2024-09] 06-030-32-000,2024-09,2024,[09] September,"New Lucena, Iloilo",[1] Operational,,,,,[A] Operational,B,06-030-32-000,New Lucena,Iloilo,Region VI (Western Visayas),Municipality,4th,R6,I
[2024-09] 06-030-34-000,2024-09,2024,[09] September,"Oton, Iloilo",[1] Operational,,,,,[A] Operational,B,06-030-34-000,Oton,Iloilo,Region VI (Western Visayas),Municipality,1st,R6,I
[2024-09] 06-006-11-000,2024-09,2024,[09] September,"Pandan, Antique",[1] Operational,,,,,[A] Operational,B,06-006-11-000,Pandan,Antique,Region VI (Western Visayas),Municipality,4th,R6,I
[2024-09] 06-030-37-000,2024-09,2024,[09] September,"Pototan, Iloilo",[1] Operational,,,,,[A] Operational,B,06-030-37-000,Pototan,Iloilo,Region VI (Western Visayas),Municipality,1st,R6,I
[2024-09] 06-030-41-000,2024-09,2024,[09] September,"San Miguel, Iloilo",[1] Operational,,,,,[A] Operational,B,06-030-41-000,San Miguel,Iloilo,Region VI (Western Visayas),Municipality,4th,R6,I
[2024-09] 06-006-14-000,2024-09,2024,[09] September,"San Remigio, Antique",[1] Operational,,,,,[A] Operational,B,06-006-14-000,San Remigio,Antique,Region VI (Western Visayas),Municipality,3rd,R6,I
[2024-09] 06-030-43-000,2024-09,2024,[09] September,"Santa Barbara, Iloilo",[1] Operational,,,,,[A] Operational,B,06-030-43-000,Santa Barbara,Iloilo,Region VI (Western Visayas),Municipality,2nd,R6,I
[2024-09] 06-030-44-000,2024-09,2024,[09] September,"Sara, Iloilo",[1] Operational,,,,,[A] Operational,B,06-030-44-000,Sara,Iloilo,Region VI (Western Visayas),Municipality,2nd,R6,I
[2024-09] 06-006-15-000,2024-09,2024,[09] September,"Sebaste, Antique",[1] Operational,,,,,[A] Operational,A,06-006-15-000,Sebaste,Antique,Region VI (Western Visayas),Municipality,4th,R6,I
[2024-09] 06-004-17-000,2024-09,2024,[09] September,"Tangalan, Aklan",[1] Operational,,,,,[A] Operational,B,06-004-17-000,Tangalan,Aklan,Region VI (Western Visayas),Municipality,5th,R6,I
[2024-09] 06-019-17-000,2024-09,2024,[09] September,"Tapaz, Capiz",[1] Operational,,,,,[A] Operational,B,06-019-17-000,Tapaz,Capiz,Region VI (Western Visayas),Municipality,1st,R6,I
[2024-09] 06-006-18-000,2024-09,2024,[09] September,"Valderrama, Antique",[1] Operational,,,,,[A] Operational,B,06-006-18-000,Valderrama,Antique,Region VI (Western Visayas),Municipality,4th,R6,I
[2024-09] 06-030-47-000,2024-09,2024,[09] September,"Zarraga, Iloilo",[1] Operational,,,,,[A] Operational,B,06-030-47-000,Zarraga,Iloilo,Region VI (Western Visayas),Municipality,4th,R6,I
[2024-09] 12-080-01-000,2024-09,2024,[09] September,"Alabel, Sarangani",[1] Operational,,,,,[A] Operational,B,12-080-01-000,Alabel,Sarangani,Region XII (SOCCSKSARGEN),Municipality,1st,R12,Q
[2024-09] 12-047-17-000,2024-09,2024,[09] September,"Aleosan, Cotabato",[1] Operational,,,,,[A] Operational,A,12-047-17-000,Aleosan,Cotabato,Region XII (SOCCSKSARGEN),Municipality,3rd,R12,Q
[2024-09] 12-065-01-000,2024-09,2024,[09] September,"Bagumbayan, Sultan Kudarat",[1] Operational,,,,,[A] Operational,B,12-065-01-000,Bagumbayan,Sultan Kudarat,Region XII (SOCCSKSARGEN),Municipality,1st,R12,Q
[2024-09] 12-047-04-000,2024-09,2024,[09] September,"City of Kidapawan, Cotabato",[1] Operational,,,,,[A] Operational,B,12-047-04-000,City of Kidapawan,Cotabato,Region XII (SOCCSKSARGEN),City,3rd,R12,Q
[2024-09] 12-065-02-000,2024-09,2024,[09] September,"Columbio, Sultan Kudarat",[1] Operational,,,,,[A] Operational,A,12-065-02-000,Columbio,Sultan Kudarat,Region XII (SOCCSKSARGEN),Municipality,1st,R12,Q
[2024-09] 12-047-03-000,2024-09,2024,[09] September,"Kabacan, Cotabato",[1] Operational,,,,,[A] Operational,B,12-047-03-000,Kabacan,Cotabato,Region XII (SOCCSKSARGEN),Municipality,1st,R12,Q
[2024-09] 12-065-06-000,2024-09,2024,[09] September,"Lebak, Sultan Kudarat",[1] Operational,,,,,[A] Operational,B,12-065-06-000,Lebak,Sultan Kudarat,Region XII (SOCCSKSARGEN),Municipality,1st,R12,Q
[2024-09] 12-047-10-000,2024-09,2024,[09] September,"M'Lang, Cotabato",[1] Operational,,,,,[A] Operational,A,12-047-10-000,M'Lang,Cotabato,Region XII (SOCCSKSARGEN),Municipality,1st,R12,Q
[2024-09] 12-047-09-000,2024-09,2024,[09] September,"Midsayap, Cotabato",[2] Ongoing Testing and Data Build-up,100%,,,,[B] Developmental,A,12-047-09-000,Midsayap,Cotabato,Region XII (SOCCSKSARGEN),Municipality,1st,R12,Q
[2024-09] 12-047-11-000,2024-09,2024,[09] September,"Pigkawayan, Cotabato",[1] Operational,,,,,[A] Operational,A,12-047-11-000,Pigkawayan,Cotabato,Region XII (SOCCSKSARGEN),Municipality,1st,R12,Q
[2024-09] 12-047-12-000,2024-09,2024,[09] September,"Pikit, Cotabato",[1] Operational,,,,,[A] Operational,A,12-047-12-000,Pikit,Cotabato,Region XII (SOCCSKSARGEN),Municipality,1st,R12,Q
[2024-09] 12-047-13-000,2024-09,2024,[09] September,"President Roxas, Cotabato",[2] Ongoing Testing and Data Build-up,65%,,,,[B] Developmental,A,12-047-13-000,President Roxas,Cotabato,Region XII (SOCCSKSARGEN),Municipality,1st,R12,Q
[2024-09] 12-065-12-000,2024-09,2024,[09] September,"Sen. Ninoy Aquino, Sultan Kudarat",[1] Operational,,,,,[A] Operational,B,12-065-12-000,Sen. Ninoy Aquino,Sultan Kudarat,Region XII (SOCCSKSARGEN),Municipality,3rd,R12,Q
[2024-09] 19-087-13-000,2024-09,2024,[09] September,"Upi, Maguindanao del Norte",[1] Operational,,,,,[A] Operational,A,19-087-13-000,Upi,Maguindanao del Norte,Bangsamoro Autonomous Region In Muslim Mindanao (BARMM),Municipality,1st,BARMM II,R
[2024-09] 19-087-09-000,2024-09,2024,[09] September,"Parang, Maguindanao del Norte",[1] Operational,,,"Operational last June 27, 2024",,[A] Operational,A,19-087-09-000,Parang,Maguindanao del Norte,Bangsamoro Autonomous Region In Muslim Mindanao (BARMM),Municipality,1st*,BARMM II,R
[2024-09] 19-088-06-000,2024-09,2024,[09] September,"Datu Paglas, Maguindanao del Sur",[1] Operational,,,,,[A] Operational,A,19-088-06-000,Datu Paglas,Maguindanao del Sur,Bangsamoro Autonomous Region In Muslim Mindanao (BARMM),Municipality,4th,BARMM II,R
[2024-09] 19-088-20-000,2024-09,2024,[09] September,"Shariff Aguak, Maguindanao del Sur",[1] Operational,,,"Operational last June 26, 20245",,[A] Operational,B,19-088-20-000,Shariff Aguak,Maguindanao del Sur,Bangsamoro Autonomous Region In Muslim Mindanao (BARMM),Municipality,2nd,BARMM II,R
[2024-09] 19-087-10-000,2024-09,2024,[09] September,"Sultan Kudarat, Maguindanao del Norte",[1] Operational,,,"Operational last June 13, 2024",,[A] Operational,B,19-087-10-000,Sultan Kudarat,Maguindanao del Norte,Bangsamoro Autonomous Region In Muslim Mindanao (BARMM),Municipality,1st,BARMM II,R
[2024-09] 19-088-01-000,2024-09,2024,[09] September,"Ampatuan, Maguindanao del Sur",[1] Operational,,,,,[A] Operational,B,19-088-01-000,Ampatuan,Maguindanao del Sur,Bangsamoro Autonomous Region In Muslim Mindanao (BARMM),Municipality,4th,BARMM II,R
[2024-09] 19-088-03-000,2024-09,2024,[09] September,"Datu Abdullah Sangki, Maguindanao del Sur",[2] Ongoing Testing and Data Build-up,65%,,,,[B] Developmental,B,19-088-03-000,Datu Abdullah Sangki,Maguindanao del Sur,Bangsamoro Autonomous Region In Muslim Mindanao (BARMM),Municipality,-,BARMM II,R
[2024-10] 07-022-01-000,2024-10,2024,[10] October,"Alcantara, Cebu",[1] Operational,,,,,[A] Operational,B,07-022-01-000,Alcantara,Cebu,Region VII (Central Visayas),Municipality,5th,R7,J
[2024-10] 07-022-02-000,2024-10,2024,[10] October,"Alcoy, Cebu",[1] Operational,,,,,[A] Operational,B,07-022-02-000,Alcoy,Cebu,Region VII (Central Visayas),Municipality,5th,R7,J
[2024-10] 07-022-03-000,2024-10,2024,[10] October,"Alegria, Cebu",[1] Operational,,,,,[A] Operational,B,07-022-03-000,Alegria,Cebu,Region VII (Central Visayas),Municipality,4th,R7,J
[2024-10] 07-022-04-000,2024-10,2024,[10] October,"Aloguinsan, Cebu",[1] Operational,,,,,[A] Operational,B,07-022-04-000,Aloguinsan,Cebu,Region VII (Central Visayas),Municipality,4th,R7,J
[2024-10] 07-022-05-000,2024-10,2024,[10] October,"Argao, Cebu",[1] Operational,,,,,[A] Operational,A,07-022-05-000,Argao,Cebu,Region VII (Central Visayas),Municipality,1st,R7,J
[2024-10] 07-022-08-000,2024-10,2024,[10] October,"Balamban, Cebu",[1] Operational,,,,,[A] Operational,B,07-022-08-000,Balamban,Cebu,Region VII (Central Visayas),Municipality,1st,R7,J
[2024-10] 07-046-05-000,2024-10,2024,[10] October,"Basay, Negros Oriental",[1] Operational,,,,,[A] Operational,B,07-046-05-000,Basay,Negros Oriental,Region VII (Central Visayas),Municipality,4th,R7,J
[2024-10] 07-022-25-000,2024-10,2024,[10] October,"Ginatilan, Cebu",[1] Operational,,,,,[A] Operational,A,07-022-25-000,Ginatilan,Cebu,Region VII (Central Visayas),Municipality,5th,R7,J
[2024-10] 07-046-14-000,2024-10,2024,[10] October,"Mabinay, Negros Oriental",[1] Operational,,,,,[A] Operational,B,07-046-14-000,Mabinay,Negros Oriental,Region VII (Central Visayas),Municipality,1st,R7,J
[2024-10] 07-022-37-000,2024-10,2024,[10] October,"Pinamungajan, Cebu",[1] Operational,,,,,[A] Operational,B,07-022-37-000,Pinamungajan,Cebu,Region VII (Central Visayas),Municipality,2nd,R7,J
[2024-10] 07-022-43-000,2024-10,2024,[10] October,"San Remigio, Cebu",[1] Operational,,,,,[A] Operational,B,07-022-43-000,San Remigio,Cebu,Region VII (Central Visayas),Municipality,3rd,R7,J
[2024-10] 07-022-47-000,2024-10,2024,[10] October,"Sogod, Cebu",[1] Operational,,,,,[A] Operational,A,07-022-47-000,Sogod,Cebu,Region VII (Central Visayas),Municipality,4th*,R7,J
[2024-10] 07-022-52-000,2024-10,2024,[10] October,"Tuburan, Cebu",[1] Operational,,,,,[A] Operational,B,07-022-52-000,Tuburan,Cebu,Region VII (Central Visayas),Municipality,2nd,R7,J
[2024-10] 07-022-53-000,2024-10,2024,[10] October,"Tudela, Cebu",[1] Operational,,,,,[A] Operational,B,07-022-53-000,Tudela,Cebu,Region VII (Central Visayas),Municipality,5th,R7,J
[2024-10] 07-046-17-000,2024-10,2024,[10] October,"San Jose, Negros Oriental",[1] Operational,,,,,[A] Operational,B,07-046-17-000,San Jose,Negros Oriental,Region VII (Central Visayas),Municipality,5th,R7,J
[2024-10] 08-037-03-000,2024-10,2024,[10] October,"Albuera, Leyte",[1] Operational,,,,,[A] Operational,B,08-037-03-000,Albuera,Leyte,Region VIII (Eastern Visayas),Municipality,3rd*,R8,K
[2024-10] 08-064-01-000,2024-10,2024,[10] October,"Anahawan, Southern Leyte",[1] Operational,,,,,[A] Operational,B,08-064-01-000,Anahawan,Southern Leyte,Region VIII (Eastern Visayas),Municipality,5th,R8,K
[2024-10] 08-026-03-000,2024-10,2024,[10] October,"Balangkayan, Eastern Samar",[1] Operational,,,,,[A] Operational,B,08-026-03-000,Balangkayan,Eastern Samar,Region VIII (Eastern Visayas),Municipality,5th,R8,K
[2024-10] 08-037-06-000,2024-10,2024,[10] October,"Barugo, Leyte",[4] Withdraw,,,,,[D] Withdraw,A,08-037-06-000,Barugo,Leyte,Region VIII (Eastern Visayas),Municipality,4th,R8,K
[2024-10] 08-078-02-000,2024-10,2024,[10] October,"Biliran, Biliran",[1] Operational,,,,,[A] Operational,B,08-078-02-000,Biliran,Biliran,Region VIII (Eastern Visayas),Municipality,5th,R8,K
[2024-10] 08-048-03-000,2024-10,2024,[10] October,"Bobon, Northern Samar",[1] Operational,,,,,[A] Operational,A,08-048-03-000,Bobon,Northern Samar,Region VIII (Eastern Visayas),Municipality,4th,R8,K
[2024-10] 08-037-13-000,2024-10,2024,[10] October,"Calubian, Leyte",[1] Operational,,,,,[A] Operational,A,08-037-13-000,Calubian,Leyte,Region VIII (Eastern Visayas),Municipality,4th,R8,K
[2024-10] 08-026-05-000,2024-10,2024,[10] October,"Can-Avid, Eastern Samar",[1] Operational,,,,,[A] Operational,A,08-026-05-000,Can-Avid,Eastern Samar,Region VIII (Eastern Visayas),Municipality,4th,R8,K
[2024-10] 08-026-04-000,2024-10,2024,[10] October,"City of Borongan, Eastern Samar",[1] Operational,,,,,[A] Operational,B,08-026-04-000,City of Borongan,Eastern Samar,Region VIII (Eastern Visayas),City,1st (as Mun),R8,K
[2024-10] 08-060-05-000,2024-10,2024,[10] October,"City of Catbalogan, Samar",[1] Operational,,,,,[A] Operational,B,08-060-05-000,City of Catbalogan,Samar,Region VIII (Eastern Visayas),City,5th,R8,K
[2024-10] 08-064-07-000,2024-10,2024,[10] October,"City of Maasin, Southern Leyte",[1] Operational,,,,,[A] Operational,B,08-064-07-000,City of Maasin,Southern Leyte,Region VIII (Eastern Visayas),City,4th,R8,K
[2024-10] 08-060-06-000,2024-10,2024,[10] October,"Daram, Samar",[1] Operational,,,,,[A] Operational,A,08-060-06-000,Daram,Samar,Region VIII (Eastern Visayas),Municipality,3rd,R8,K
[2024-10] 08-026-06-000,2024-10,2024,[10] October,"Dolores, Eastern Samar",[3] With Concerns,,,,,[A] Operational,A,08-026-06-000,Dolores,Eastern Samar,Region VIII (Eastern Visayas),Municipality,3rd*,R8,K
[2024-10] 08-048-07-000,2024-10,2024,[10] October,"Gamay, Northern Samar",[1] Operational,,,,,[A] Operational,B,08-048-07-000,Gamay,Northern Samar,Region VIII (Eastern Visayas),Municipality,4th,R8,K
[2024-10] 08-060-07-000,2024-10,2024,[10] October,"Gandara, Samar",[1] Operational,,,,,[A] Operational,A,08-060-07-000,Gandara,Samar,Region VIII (Eastern Visayas),Municipality,2nd,R8,K
[2024-10] 08-064-03-000,2024-10,2024,[10] October,"Hinunangan, Southern Leyte",[1] Operational,,,,,[A] Operational,A,08-064-03-000,Hinunangan,Southern Leyte,Region VIII (Eastern Visayas),Municipality,3rd,R8,K
[2024-10] 08-064-04-000,2024-10,2024,[10] October,"Hinundayan, Southern Leyte",[1] Operational,,,,,[A] Operational,A,08-064-04-000,Hinundayan,Southern Leyte,Region VIII (Eastern Visayas),Municipality,5th,R8,K
[2024-10] 08-037-21-000,2024-10,2024,[10] October,"Inopacan, Leyte",[1] Operational,,,,,[A] Operational,A,08-037-21-000,Inopacan,Leyte,Region VIII (Eastern Visayas),Municipality,4th,R8,K
[2024-10] 08-037-26-000,2024-10,2024,[10] October,"Kananga, Leyte",[1] Operational,,,,,[A] Operational,B,08-037-26-000,Kananga,Leyte,Region VIII (Eastern Visayas),Municipality,1st,R8,K
[2024-10] 08-078-06-000,2024-10,2024,[10] October,"Kawayan, Biliran",[1] Operational,,,,,[A] Operational,B,08-078-06-000,Kawayan,Biliran,Region VIII (Eastern Visayas),Municipality,5th*,R8,K
[2024-10] 08-048-09-000,2024-10,2024,[10] October,"Lapinig, Northern Samar",[1] Operational,,,,,[A] Operational,B,08-048-09-000,Lapinig,Northern Samar,Region VIII (Eastern Visayas),Municipality,5th,R8,K
[2024-10] 08-026-12-000,2024-10,2024,[10] October,"Lawaan, Eastern Samar",[1] Operational,,,,,[A] Operational,B,08-026-12-000,Lawaan,Eastern Samar,Region VIII (Eastern Visayas),Municipality,5th*,R8,K
[2024-10] 08-037-29-000,2024-10,2024,[10] October,"Leyte, Leyte",[1] Operational,,,,,[A] Operational,B,08-037-29-000,Leyte,Leyte,Region VIII (Eastern Visayas),Municipality,4th*,R8,K
[2024-10] 08-064-05-000,2024-10,2024,[10] October,"Libagon, Southern Leyte",[1] Operational,,,,,[A] Operational,B,08-064-05-000,Libagon,Southern Leyte,Region VIII (Eastern Visayas),Municipality,5th,R8,K
[2024-10] 08-064-06-000,2024-10,2024,[10] October,"Liloan, Southern Leyte",[1] Operational,,,,,[A] Operational,A,08-064-06-000,Liloan,Southern Leyte,Region VIII (Eastern Visayas),Municipality,4th*,R8,K
[2024-10] 08-048-24-000,2024-10,2024,[10] October,"Lope De Vega, Northern Samar",[1] Operational,,,,,[A] Operational,A,08-048-24-000,Lope De Vega,Northern Samar,Region VIII (Eastern Visayas),Municipality,4th,R8,K
[2024-10] 08-064-08-000,2024-10,2024,[10] October,"Macrohon, Southern Leyte",[1] Operational,,,,,[A] Operational,A,08-064-08-000,Macrohon,Southern Leyte,Region VIII (Eastern Visayas),Municipality,4th,R8,K
[2024-10] 08-064-09-000,2024-10,2024,[10] October,"Malitbog, Southern Leyte",[1] Operational,,,,,[A] Operational,A,08-064-09-000,Malitbog,Southern Leyte,Region VIII (Eastern Visayas),Municipality,4th*,R8,K
[2024-10] 08-037-33-000,2024-10,2024,[10] October,"Matag-Ob, Leyte",[1] Operational,,,,,[A] Operational,A,08-037-33-000,Matag-Ob,Leyte,Region VIII (Eastern Visayas),Municipality,4th,R8,K
[2024-10] 08-026-15-000,2024-10,2024,[10] October,"Maydolong, Eastern Samar",[1] Operational,,,,,[A] Operational,B,08-026-15-000,Maydolong,Eastern Samar,Region VIII (Eastern Visayas),Municipality,4th*,R8,K
[2024-10] 08-037-36-000,2024-10,2024,[10] October,"Merida, Leyte",[1] Operational,,,,,[A] Operational,B,08-037-36-000,Merida,Leyte,Region VIII (Eastern Visayas),Municipality,5th,R8,K
[2024-10] 08-060-12-000,2024-10,2024,[10] October,"Motiong, Samar",[1] Operational,,,,,[A] Operational,B,08-060-12-000,Motiong,Samar,Region VIII (Eastern Visayas),Municipality,4th,R8,K
[2024-10] 08-078-08-000,2024-10,2024,[10] October,"Naval, Biliran",[1] Operational,,,,,[A] Operational,B,08-078-08-000,Naval,Biliran,Region VIII (Eastern Visayas),Municipality,2nd,R8,K
[2024-10] 08-026-17-000,2024-10,2024,[10] October,"Oras, Eastern Samar",[1] Operational,,,,,[A] Operational,B,08-026-17-000,Oras,Eastern Samar,Region VIII (Eastern Visayas),Municipality,3rd,R8,K
[2024-10] 08-064-10-000,2024-10,2024,[10] October,"Padre Burgos, Southern Leyte",[1] Operational,,,,,[A] Operational,A,08-064-10-000,Padre Burgos,Southern Leyte,Region VIII (Eastern Visayas),Municipality,5th*,R8,K
[2024-10] 08-060-22-000,2024-10,2024,[10] October,"Paranas, Samar",[1] Operational,,,,,[A] Operational,A,08-060-22-000,Paranas,Samar,Region VIII (Eastern Visayas),Municipality,2nd,R8,K
[2024-10] 08-037-41-000,2024-10,2024,[10] October,"Pastrana, Leyte",[1] Operational,,,,,[A] Operational,A,08-037-41-000,Pastrana,Leyte,Region VIII (Eastern Visayas),Municipality,5th*,R8,K
[2024-10] 08-064-11-000,2024-10,2024,[10] October,"Pintuyan, Southern Leyte",[1] Operational,,,,,[A] Operational,B,08-064-11-000,Pintuyan,Southern Leyte,Region VIII (Eastern Visayas),Municipality,5th*,R8,K
[2024-10] 08-026-18-000,2024-10,2024,[10] October,"Quinapondan, Eastern Samar",[1] Operational,,,,,[A] Operational,B,08-026-18-000,Quinapondan,Eastern Samar,Region VIII (Eastern Visayas),Municipality,5th,R8,K
[2024-10] 08-026-19-000,2024-10,2024,[10] October,"Salcedo, Eastern Samar",[1] Operational,,,,,[A] Operational,A,08-026-19-000,Salcedo,Eastern Samar,Region VIII (Eastern Visayas),Municipality,5th*,R8,K
[2024-10] 08-064-13-000,2024-10,2024,[10] October,"San Francisco, Southern Leyte",[1] Operational,,,,,[A] Operational,A,08-064-13-000,San Francisco,Southern Leyte,Region VIII (Eastern Visayas),Municipality,5th,R8,K
[2024-10] 08-064-14-000,2024-10,2024,[10] October,"San Juan, Southern Leyte",[1] Operational,,,,,[A] Operational,A,08-064-14-000,San Juan,Southern Leyte,Region VIII (Eastern Visayas),Municipality,5th,R8,K
[2024-10] 08-026-20-000,2024-10,2024,[10] October,"San Julian, Eastern Samar",[1] Operational,,,,,[A] Operational,B,08-026-20-000,San Julian,Eastern Samar,Region VIII (Eastern Visayas),Municipality,5th,R8,K
[2024-10] 08-037-43-000,2024-10,2024,[10] October,"San Miguel, Leyte",[1] Operational,,,,,[A] Operational,B,08-037-43-000,San Miguel,Leyte,Region VIII (Eastern Visayas),Municipality,4th,R8,K
[2024-10] 08-064-15-000,2024-10,2024,[10] October,"San Ricardo, Southern Leyte",[1] Operational,,,,,[A] Operational,A,08-064-15-000,San Ricardo,Southern Leyte,Region VIII (Eastern Visayas),Municipality,5th,R8,K
[2024-10] 08-048-20-000,2024-10,2024,[10] October,"San Roque, Northern Samar",[1] Operational,,,,,[A] Operational,B,08-048-20-000,San Roque,Northern Samar,Region VIII (Eastern Visayas),Municipality,4th,R8,K
[2024-10] 08-060-16-000,2024-10,2024,[10] October,"Santa Margarita, Samar",[1] Operational,,,,,[A] Operational,B,08-060-16-000,Santa Margarita,Samar,Region VIII (Eastern Visayas),Municipality,4th,R8,K
[2024-10] 08-064-16-000,2024-10,2024,[10] October,"Silago, Southern Leyte",[1] Operational,,,,,[A] Operational,B,08-064-16-000,Silago,Southern Leyte,Region VIII (Eastern Visayas),Municipality,4th,R8,K
[2024-10] 08-064-17-000,2024-10,2024,[10] October,"Sogod, Southern Leyte",[1] Operational,,,,,[A] Operational,B,08-064-17-000,Sogod,Southern Leyte,Region VIII (Eastern Visayas),Municipality,2nd,R8,K
[2024-10] 08-026-22-000,2024-10,2024,[10] October,"Sulat, Eastern Samar",[1] Operational,,,,,[A] Operational,B,08-026-22-000,Sulat,Eastern Samar,Region VIII (Eastern Visayas),Municipality,4th,R8,K
[2024-10] 08-037-46-000,2024-10,2024,[10] October,"Tabontabon, Leyte",[1] Operational,,,,,[A] Operational,B,08-037-46-000,Tabontabon,Leyte,Region VIII (Eastern Visayas),Municipality,5th,R8,K
[2024-10] 08-064-18-000,2024-10,2024,[10] October,"Tomas Oppus, Southern Leyte",[1] Operational,,,,,[A] Operational,B,08-064-18-000,Tomas Oppus,Southern Leyte,Region VIII (Eastern Visayas),Municipality,5th,R8,K
[2024-10] 08-048-23-000,2024-10,2024,[10] October,"Victoria, Northern Samar",[1] Operational,,,,,[A] Operational,B,08-048-23-000,Victoria,Northern Samar,Region VIII (Eastern Visayas),Municipality,5th,R8,K
[2024-10] 08-060-21-000,2024-10,2024,[10] October,"Villareal, Samar",[1] Operational,,,,,[A] Operational,B,08-060-21-000,Villareal,Samar,Region VIII (Eastern Visayas),Municipality,4th*,R8,K
[2024-10] 08-060-23-000,2024-10,2024,[10] October,"Zumarraga, Samar",[1] Operational,,,,,[A] Operational,B,08-060-23-000,Zumarraga,Samar,Region VIII (Eastern Visayas),Municipality,5th*,R8,K
[2024-10] 08-060-09-000,2024-10,2024,[10] October,"Jiabong, Samar",[1] Operational,,,,,[A] Operational,B,08-060-09-000,Jiabong,Samar,Region VIII (Eastern Visayas),Municipality,5th,R8,K
[2024-10] 08-026-09-000,2024-10,2024,[10] October,"Guiuan, Eastern Samar",[1] Operational,,,,,[A] Operational,B,08-026-09-000,Guiuan,Eastern Samar,Region VIII (Eastern Visayas),Municipality,2nd,R8,K
[2024-10] 19-070-02-000,2024-10,2024,[10] October,"Bongao, Tawi-Tawi",[1] Operational,,,,,[A] Operational,A,19-070-02-000,Bongao,Tawi-Tawi,Bangsamoro Autonomous Region In Muslim Mindanao (BARMM),Municipality,2nd,BARMM I,M
[2024-10] 09-901-01-000,2024-10,2024,[10] October,"City of Isabela, Basilan",[1] Operational,,,,,[A] Operational,B,09-901-01-000,City of Isabela,Basilan,Region IX (Zamboanga Peninsula),City,4th,R9,L
[2024-10] 19-007-02-000,2024-10,2024,[10] October,"City of Lamitan, Basilan",[1] Operational,,,,,[A] Operational,A,19-007-02-000,City of Lamitan,Basilan,Bangsamoro Autonomous Region In Muslim Mindanao (BARMM),City,6th,BARMM I,M
[2024-10] 09-073-05-000,2024-10,2024,[10] October,"Dimataling, Zamboanga del Sur",[1] Operational,,,,,[A] Operational,A,09-073-05-000,Dimataling,Zamboanga del Sur,Region IX (Zamboanga Peninsula),Municipality,4th,R9,L
[2024-10] 09-083-03-000,2024-10,2024,[10] October,"Diplahan, Zamboanga Sibugay",[1] Operational,,,,,[A] Operational,A,09-083-03-000,Diplahan,Zamboanga Sibugay,Region IX (Zamboanga Peninsula),Municipality,3rd,R9,L
[2024-10] 09-073-07-000,2024-10,2024,[10] October,"Dumalinao, Zamboanga del Sur",[1] Operational,,,,,[A] Operational,A,09-073-07-000,Dumalinao,Zamboanga del Sur,Region IX (Zamboanga Peninsula),Municipality,4th,R9,L
[2024-10] 09-073-43-000,2024-10,2024,[10] October,"Guipos, Zamboanga del Sur",[1] Operational,,,,,[A] Operational,B,09-073-43-000,Guipos,Zamboanga del Sur,Region IX (Zamboanga Peninsula),Municipality,4th,R9,L
[2024-10] 09-072-23-000,2024-10,2024,[10] October,"Gutalac, Zamboanga del Norte",[1] Operational,,,,,[A] Operational,A,09-072-23-000,Gutalac,Zamboanga del Norte,Region IX (Zamboanga Peninsula),Municipality,2nd,R9,L
[2024-10] 09-073-37-000,2024-10,2024,[10] October,"Josefina, Zamboanga del Sur",[1] Operational,,,,,[A] Operational,B,09-073-37-000,Josefina,Zamboanga del Sur,Region IX (Zamboanga Peninsula),Municipality,5th*,R9,L
[2024-10] 09-083-06-000,2024-10,2024,[10] October,"Kabasalan, Zamboanga Sibugay",[1] Operational,,,,,[A] Operational,A,09-083-06-000,Kabasalan,Zamboanga Sibugay,Region IX (Zamboanga Peninsula),Municipality,2nd,R9,L
[2024-10] 09-072-05-000,2024-10,2024,[10] October,"Labason, Zamboanga del Norte",[1] Operational,,,,,[A] Operational,B,09-072-05-000,Labason,Zamboanga del Norte,Region IX (Zamboanga Peninsula),Municipality,3rd,R9,L
[2024-10] 09-072-26-000,2024-10,2024,[10] October,"Leon B. Postigo (Bacungan), Zamboanga del Norte",[1] Operational,,,,,[A] Operational,B,09-072-26-000,Leon B. Postigo (Bacungan),Zamboanga del Norte,Region IX (Zamboanga Peninsula),Municipality,4th,R9,L
[2024-10] 09-073-15-000,2024-10,2024,[10] October,"Mahayag, Zamboanga del Sur",[1] Operational,,,,,[A] Operational,B,09-073-15-000,Mahayag,Zamboanga del Sur,Region IX (Zamboanga Peninsula),Municipality,3rd*,R9,L
[2024-10] 09-073-19-000,2024-10,2024,[10] October,"Molave, Zamboanga del Sur",[1] Operational,,,,,[A] Operational,A,09-073-19-000,Molave,Zamboanga del Sur,Region IX (Zamboanga Peninsula),Municipality,1st,R9,L
[2024-10] 09-072-10-000,2024-10,2024,[10] October,"Polanco, Zamboanga del Norte",[1] Operational,,,,,[A] Operational,A,09-072-10-000,Polanco,Zamboanga del Norte,Region IX (Zamboanga Peninsula),Municipality,3rd,R9,L
[2024-10] 09-073-23-000,2024-10,2024,[10] October,"Ramon Magsaysay, Zamboanga del Sur",[1] Operational,,,,,[A] Operational,A,09-073-23-000,Ramon Magsaysay,Zamboanga del Sur,Region IX (Zamboanga Peninsula),Municipality,4th*,R9,L
[2024-10] 09-072-13-000,2024-10,2024,[10] October,"Salug, Zamboanga del Norte",[1] Operational,,,,,[A] Operational,A,09-072-13-000,Salug,Zamboanga del Norte,Region IX (Zamboanga Peninsula),Municipality,3rd,R9,L
[2024-10] 09-073-25-000,2024-10,2024,[10] October,"San Pablo, Zamboanga del Sur",[1] Operational,,,,,[A] Operational,A,09-073-25-000,San Pablo,Zamboanga del Sur,Region IX (Zamboanga Peninsula),Municipality,4th*,R9,L
[2024-10] 09-072-15-000,2024-10,2024,[10] October,"Siayan, Zamboanga del Norte",[1] Operational,,,,,[A] Operational,B,09-072-15-000,Siayan,Zamboanga del Norte,Region IX (Zamboanga Peninsula),Municipality,2nd,R9,L
[2024-10] 09-072-18-000,2024-10,2024,[10] October,"Sindangan, Zamboanga del Norte",[1] Operational,,,,,[A] Operational,A,09-072-18-000,Sindangan,Zamboanga del Norte,Region IX (Zamboanga Peninsula),Municipality,1st,R9,L
[2024-10] 19-066-13-000,2024-10,2024,[10] October,"Talipao, Sulu",[1] Operational,,,,,[A] Operational,A,19-066-13-000,Talipao,Sulu,Bangsamoro Autonomous Region In Muslim Mindanao (BARMM),Municipality,1st,BARMM I,M
[2024-10] 09-073-28-000,2024-10,2024,[10] October,"Tambulig, Zamboanga del Sur",[1] Operational,,,,,[A] Operational,B,09-073-28-000,Tambulig,Zamboanga del Sur,Region IX (Zamboanga Peninsula),Municipality,4th*,R9,L
[2024-10] 09-072-21-000,2024-10,2024,[10] October,"Tampilisan, Zamboanga del Norte",[1] Operational,,,,,[A] Operational,A,09-072-21-000,Tampilisan,Zamboanga del Norte,Region IX (Zamboanga Peninsula),Municipality,4th,R9,L
[2024-10] 09-073-44-000,2024-10,2024,[10] October,"Tigbao, Zamboanga del Sur",[1] Operational,,,,,[A] Operational,B,09-073-44-000,Tigbao,Zamboanga del Sur,Region IX (Zamboanga Peninsula),Municipality,5th*,R9,L
[2024-10] 11-024-01-000,2024-10,2024,[10] October,"Bansalan, Davao del Sur",[1] Operational,,,,,[A] Operational,B,11-024-01-000,Bansalan,Davao del Sur,Region XI (Davao Region),Municipality,1st,R11,P
[2024-10] 11-024-03-000,2024-10,2024,[10] October,"City of Digos, Davao del Sur",[1] Operational,,,,,[A] Operational,B,11-024-03-000,City of Digos,Davao del Sur,Region XI (Davao Region),City,2nd,R11,P
[2024-10] 11-025-07-000,2024-10,2024,[10] October,"Lupon, Davao Oriental",[1] Operational,,,,,[A] Operational,B,11-025-07-000,Lupon,Davao Oriental,Region XI (Davao Region),Municipality,1st,R11,P
[2024-10] 11-025-08-000,2024-10,2024,[10] October,"Manay, Davao Oriental",[1] Operational,,,,,[A] Operational,A,11-025-08-000,Manay,Davao Oriental,Region XI (Davao Region),Municipality,2nd,R11,P
[2024-10] 11-024-10-000,2024-10,2024,[10] October,"Matanao, Davao del Sur",[1] Operational,,,,,[A] Operational,B,11-024-10-000,Matanao,Davao del Sur,Region XI (Davao Region),Municipality,2nd,R11,P
[2024-10] 11-025-10-000,2024-10,2024,[10] October,"San Isidro, Davao Oriental",[1] Operational,,,,,[A] Operational,A,11-025-10-000,San Isidro,Davao Oriental,Region XI (Davao Region),Municipality,3rd,R11,P
[2024-10] 11-024-14-000,2024-10,2024,[10] October,"Sulop, Davao del Sur",[1] Operational,,,,,[A] Operational,B,11-024-14-000,Sulop,Davao del Sur,Region XI (Davao Region),Municipality,3rd,R11,P
[2024-10] 10-042-01-000,2024-10,2024,[10] October,"Aloran, Misamis Occidental",[1] Operational,,,,,[A] Operational,A,10-042-01-000,Aloran,Misamis Occidental,Region X (Northern Mindanao),Municipality,4th,R10,N
[2024-10] 10-035-01-000,2024-10,2024,[10] October,"Bacolod, Lanao del Norte",[1] Operational,,,,,[A] Operational,A,10-035-01-000,Bacolod,Lanao del Norte,Region X (Northern Mindanao),Municipality,4th,R10,N
[2024-10] 10-042-04-000,2024-10,2024,[10] October,"Calamba, Misamis Occidental",[1] Operational,,,,,[A] Operational,A,10-042-04-000,Calamba,Misamis Occidental,Region X (Northern Mindanao),Municipality,4th,R10,N
[2024-10] 10-018-01-000,2024-10,2024,[10] October,"Catarman, Camiguin",[1] Operational,,,,,[A] Operational,B,10-018-01-000,Catarman,Camiguin,Region X (Northern Mindanao),Municipality,5th,R10,N
[2024-10] 10-043-07-000,2024-10,2024,[10] October,"City of El Salvador, Misamis Oriental",[1] Operational,,,,,[A] Operational,A,10-043-07-000,City of El Salvador,Misamis Oriental,Region X (Northern Mindanao),City,6th,R10,N
[2024-10] 10-042-05-000,2024-10,2024,[10] October,"Clarin, Misamis Occidental",[1] Operational,,,,,[A] Operational,A,10-042-05-000,Clarin,Misamis Occidental,Region X (Northern Mindanao),Municipality,4th,R10,N
[2024-10] 10-013-04-000,2024-10,2024,[10] October,"Don Carlos, Bukidnon",[1] Operational,,,,,[A] Operational,B,10-013-04-000,Don Carlos,Bukidnon,Region X (Northern Mindanao),Municipality,1st,R10,N
[2024-10] 10-018-02-000,2024-10,2024,[10] October,"Guinsiliban, Camiguin",[1] Operational,,,,,[A] Operational,A,10-018-02-000,Guinsiliban,Camiguin,Region X (Northern Mindanao),Municipality,6th,R10,N
[2024-10] 10-043-11-000,2024-10,2024,[10] October,"Jasaan, Misamis Oriental",[1] Operational,,,,,[A] Operational,A,10-043-11-000,Jasaan,Misamis Oriental,Region X (Northern Mindanao),Municipality,2nd,R10,N
[2024-10] 10-013-08-000,2024-10,2024,[10] October,"Kibawe, Bukidnon",[1] Operational,,,,,[A] Operational,A,10-013-08-000,Kibawe,Bukidnon,Region X (Northern Mindanao),Municipality,2nd,R10,N
[2024-10] 10-043-15-000,2024-10,2024,[10] October,"Libertad, Misamis Oriental",[1] Operational,,,,,[A] Operational,A,10-043-15-000,Libertad,Misamis Oriental,Region X (Northern Mindanao),Municipality,5th,R10,N
[2024-10] 10-018-04-000,2024-10,2024,[10] October,"Mambajao, Camiguin",[1] Operational,,,,,[A] Operational,A,10-018-04-000,Mambajao,Camiguin,Region X (Northern Mindanao),Municipality,3rd,R10,N
[2024-10] 10-043-20-000,2024-10,2024,[10] October,"Naawan, Misamis Oriental",[1] Operational,,,,,[A] Operational,A,10-043-20-000,Naawan,Misamis Oriental,Region X (Northern Mindanao),Municipality,4th,R10,N
[2024-10] 10-042-12-000,2024-10,2024,[10] October,"Plaridel, Misamis Occidental",[1] Operational,,,,,[A] Operational,A,10-042-12-000,Plaridel,Misamis Occidental,Region X (Northern Mindanao),Municipality,3rd,R10,N
[2024-10] 10-043-22-000,2024-10,2024,[10] October,"Salay, Misamis Oriental",[1] Operational,,,,,[A] Operational,A,10-043-22-000,Salay,Misamis Oriental,Region X (Northern Mindanao),Municipality,4th,R10,N
[2024-10] 10-043-24-000,2024-10,2024,[10] October,"Tagoloan, Misamis Oriental",[1] Operational,,,,,[A] Operational,A,10-043-24-000,Tagoloan,Misamis Oriental,Region X (Northern Mindanao),Municipality,1st,R10,N
[2024-10] 10-035-15-000,2024-10,2024,[10] October,"Nunungan, Lanao del Norte",[1] Operational,,,,,[A] Operational,B,10-035-15-000,Nunungan,Lanao del Norte,Region X (Northern Mindanao),Municipality,3rd,R10,N
[2024-10] 10-035-05-000,2024-10,2024,[10] October,"Kapatagan, Lanao del Norte",[1] Operational,,,,,[A] Operational,B,10-035-05-000,Kapatagan,Lanao del Norte,Region X (Northern Mindanao),Municipality,2nd,R10,N
[2024-10] 10-043-18-000,2024-10,2024,[10] October,"Manticao, Misamis Oriental",[1] Operational,,,,,[A] Operational,B,10-043-18-000,Manticao,Misamis Oriental,Region X (Northern Mindanao),Municipality,4th,R10,N
[2024-10] 10-043-01-000,2024-10,2024,[10] October,"Alubijid, Misamis Oriental",[1] Operational,,,,,[A] Operational,B,10-043-01-000,Alubijid,Misamis Oriental,Region X (Northern Mindanao),Municipality,4th,R10,N
[2024-10] 10-043-14-000,2024-10,2024,[10] October,"Laguindingan, Misamis Oriental",[1] Operational,,,,,[A] Operational,B,10-043-14-000,Laguindingan,Misamis Oriental,Region X (Northern Mindanao),Municipality,4th,R10,N
[2024-10] 10-043-03-000,2024-10,2024,[10] October,"Balingoan, Misamis Oriental",[1] Operational,,,,,[A] Operational,B,10-043-03-000,Balingoan,Misamis Oriental,Region X (Northern Mindanao),Municipality,5th,R10,N
[2024-10] 10-042-15-000,2024-10,2024,[10] October,"City of Tangub, Misamis Occidental",[1] Operational,,,,,[A] Operational,B,10-042-15-000,City of Tangub,Misamis Occidental,Region X (Northern Mindanao),City,4th,R10,N
[2024-10] 10-035-10-000,2024-10,2024,[10] October,"Linamon, Lanao del Norte",[1] Operational,,,,,[A] Operational,B,10-035-10-000,Linamon,Lanao del Norte,Region X (Northern Mindanao),Municipality,5th,R10,N
[2024-10] 10-018-03-000,2024-10,2024,[10] October,"Mahinog, Camiguin",[1] Operational,,,,,[A] Operational,B,10-018-03-000,Mahinog,Camiguin,Region X (Northern Mindanao),Municipality,5th,R10,N
[2024-10] 10-018-05-000,2024-10,2024,[10] October,"Sagay, Camiguin",[1] Operational,,,,,[A] Operational,B,10-018-05-000,Sagay,Camiguin,Region X (Northern Mindanao),Municipality,5th,R10,N
[2024-10] 10-043-06-000,2024-10,2024,[10] October,"Claveria, Misamis Oriental",[1] Operational,,,,,[A] Operational,B,10-043-06-000,Claveria,Misamis Oriental,Region X (Northern Mindanao),Municipality,1st,R10,N
[2024-10] 10-042-14-000,2024-10,2024,[10] October,"Sinacaban, Misamis Occidental",[1] Operational,,,,,[A] Operational,B,10-042-14-000,Sinacaban,Misamis Occidental,Region X (Northern Mindanao),Municipality,5th,R10,N
[2024-10] 10-042-03-000,2024-10,2024,[10] October,"Bonifacio, Misamis Occidental",[1] Operational,,,,,[A] Operational,B,10-042-03-000,Bonifacio,Misamis Occidental,Region X (Northern Mindanao),Municipality,4th,R10,N
[2024-10] 10-043-08-000,2024-10,2024,[10] October,"City of Gingoog, Misamis Oriental",[1] Operational,,,,,[A] Operational,B,10-043-08-000,City of Gingoog,Misamis Oriental,Region X (Northern Mindanao),City,2nd,R10,N
[2024-10] 10-042-13-000,2024-10,2024,[10] October,"Sapang Dalaga, Misamis Occidental",[1] Operational,,,,,[A] Operational,B,10-042-13-000,Sapang Dalaga,Misamis Occidental,Region X (Northern Mindanao),Municipality,5th*,R10,N
[2024-10] 10-035-06-000,2024-10,2024,[10] October,"Sultan Naga Dimaporo, Lanao del Norte",[1] Operational,,,,,[A] Operational,B,10-035-06-000,Sultan Naga Dimaporo,Lanao del Norte,Region X (Northern Mindanao),Municipality,3rd,R10,N
[2024-10] 10-043-16-000,2024-10,2024,[10] October,"Lugait, Misamis Oriental",[1] Operational,,,,,[A] Operational,B,10-043-16-000,Lugait,Misamis Oriental,Region X (Northern Mindanao),Municipality,2nd,R10,N
[2024-10] 10-043-21-000,2024-10,2024,[10] October,"Opol, Misamis Oriental",[1] Operational,,,,,[A] Operational,B,10-043-21-000,Opol,Misamis Oriental,Region X (Northern Mindanao),Municipality,2nd,R10,N
[2024-10] 10-043-23-000,2024-10,2024,[10] October,"Sugbongcogon, Misamis Oriental",[1] Operational,,,,,[A] Operational,B,10-043-23-000,Sugbongcogon,Misamis Oriental,Region X (Northern Mindanao),Municipality,5th,R10,N
[2024-10] 10-043-26-000,2024-10,2024,[10] October,"Villanueva, Misamis Oriental",[1] Operational,,,,,[A] Operational,B,10-043-26-000,Villanueva,Misamis Oriental,Region X (Northern Mindanao),Municipality,2nd,R10,N
[2024-10] 10-043-17-000,2024-10,2024,[10] October,"Magsaysay, Misamis Oriental",[1] Operational,,,,,[A] Operational,B,10-043-17-000,Magsaysay,Misamis Oriental,Region X (Northern Mindanao),Municipality,4th,R10,N
[2024-10] 10-042-07-000,2024-10,2024,[10] October,"Jimenez, Misamis Occidental",[1] Operational,,,,,[A] Operational,B,10-042-07-000,Jimenez,Misamis Occidental,Region X (Northern Mindanao),Municipality,3rd,R10,N
[2024-10] 10-013-05-000,2024-10,2024,[10] October,"Impasug-ong, Bukidnon",[1] Operational,,,,,[A] Operational,B,10-013-05-000,Impasug-ong,Bukidnon,Region X (Northern Mindanao),Municipality,1st,R10,N
[2024-10] 10-043-25-000,2024-10,2024,[10] October,"Talisayan, Misamis Oriental",[1] Operational,,,,,[A] Operational,B,10-043-25-000,Talisayan,Misamis Oriental,Region X (Northern Mindanao),Municipality,4th,R10,N
[2024-10] 10-043-02-000,2024-10,2024,[10] October,"Balingasag, Misamis Oriental",[1] Operational,,,,,[A] Operational,B,10-043-02-000,Balingasag,Misamis Oriental,Region X (Northern Mindanao),Municipality,2nd,R10,N
[2024-10] 14-027-08-000,2024-10,2024,[10] October,"Aguinaldo, Ifugao",[1] Operational,,,,,[A] Operational,A,14-027-08-000,Aguinaldo,Ifugao,Cordillera Administrative Region (CAR),Municipality,2nd,CAR,B
[2024-10] 14-027-11-000,2024-10,2024,[10] October,"Asipulo, Ifugao",[1] Operational,,,,,[A] Operational,A,14-027-11-000,Asipulo,Ifugao,Cordillera Administrative Region (CAR),Municipality,5th,CAR,B
[2024-10] 14-044-04-000,2024-10,2024,[10] October,"Bontoc, Mountain Province",[1] Operational,,,,,[A] Operational,B,14-044-04-000,Bontoc,Mountain Province,Cordillera Administrative Region (CAR),Municipality,2nd,CAR,B
[2024-10] 14-032-13-000,2024-10,2024,[10] October,"City of Tabuk, Kalinga",[1] Operational,,,,,[A] Operational,A,14-032-13-000,City of Tabuk,Kalinga,Cordillera Administrative Region (CAR),City,5th,CAR,B
[2024-10] 14-001-07-000,2024-10,2024,[10] October,"Dolores, Abra",[2] Ongoing Testing and Data Build-up,25%,,,,[B] Developmental,B,14-001-07-000,Dolores,Abra,Cordillera Administrative Region (CAR),Municipality,5th,CAR,B
[2024-10] 14-027-02-000,2024-10,2024,[10] October,"Hungduan, Ifugao",[1] Operational,,,,,[A] Operational,B,14-027-02-000,Hungduan,Ifugao,Cordillera Administrative Region (CAR),Municipality,4th,CAR,B
[2024-10] 14-027-05-000,2024-10,2024,[10] October,"Lamut, Ifugao",[1] Operational,,,,,[A] Operational,B,14-027-05-000,Lamut,Ifugao,Cordillera Administrative Region (CAR),Municipality,4th,CAR,B
[2024-10] 14-081-05-000,2024-10,2024,[10] October,"Luna, Apayao",[1] Operational,,,,,[A] Operational,B,14-081-05-000,Luna,Apayao,Cordillera Administrative Region (CAR),Municipality,2nd,CAR,B
[2024-10] 14-044-06-000,2024-10,2024,[10] October,"Paracelis, Mountain Province",[1] Operational,,,,,[A] Operational,B,14-044-06-000,Paracelis,Mountain Province,Cordillera Administrative Region (CAR),Municipality,2nd,CAR,B
[2024-10] 14-001-17-000,2024-10,2024,[10] October,"Peñarrubia, Abra",[1] Operational,,,,,[A] Operational,B,14-001-17-000,Peñarrubia,Abra,Cordillera Administrative Region (CAR),Municipality,6th,CAR,B
[2024-10] 14-081-06-000,2024-10,2024,[10] October,"Pudtol, Apayao",[1] Operational,,,,,[A] Operational,B,14-081-06-000,Pudtol,Apayao,Cordillera Administrative Region (CAR),Municipality,4th,CAR,B
[2024-10] 14-011-12-000,2024-10,2024,[10] October,"Sablan, Benguet",[1] Operational,,,,,[A] Operational,A,14-011-12-000,Sablan,Benguet,Cordillera Administrative Region (CAR),Municipality,5th,CAR,B
[2024-10] 14-011-13-000,2024-10,2024,[10] October,"Tuba, Benguet",[1] Operational,,,,,[A] Operational,A,14-011-13-000,Tuba,Benguet,Cordillera Administrative Region (CAR),Municipality,1st,CAR,B
[2024-10] 14-011-14-000,2024-10,2024,[10] October,"Tublay, Benguet",[1] Operational,,,,,[A] Operational,B,14-011-14-000,Tublay,Benguet,Cordillera Administrative Region (CAR),Municipality,5th,CAR,B
[2024-10] 01-028-01-000,2024-10,2024,[10] October,"Adams, Ilocos Norte",[1] Operational,,,,,[A] Operational,A,01-028-01-000,Adams,Ilocos Norte,Region I (Ilocos Region),Municipality,5th,R1,C
[2024-10] 01-033-01-000,2024-10,2024,[10] October,"Agoo, La Union",[1] Operational,,,,,[A] Operational,A,01-033-01-000,Agoo,La Union,Region I (Ilocos Region),Municipality,1st,R1,C
[2024-10] 01-055-02-000,2024-10,2024,[10] October,"Aguilar, Pangasinan",[1] Operational,,,,,[A] Operational,B,01-055-02-000,Aguilar,Pangasinan,Region I (Ilocos Region),Municipality,3rd,R1,C
[2024-10] 01-033-02-000,2024-10,2024,[10] October,"Aringay, La Union",[1] Operational,,,,,[A] Operational,B,01-033-02-000,Aringay,La Union,Region I (Ilocos Region),Municipality,2nd,R1,C
[2024-10] 01-028-03-000,2024-10,2024,[10] October,"Badoc, Ilocos Norte",[1] Operational,,,,,[A] Operational,B,01-028-03-000,Badoc,Ilocos Norte,Region I (Ilocos Region),Municipality,3rd,R1,C
[2024-10] 01-033-05-000,2024-10,2024,[10] October,"Balaoan, La Union",[1] Operational,,,,,[A] Operational,B,01-033-05-000,Balaoan,La Union,Region I (Ilocos Region),Municipality,1st,R1,C
[2024-10] 01-055-07-000,2024-10,2024,[10] October,"Balungao, Pangasinan",[1] Operational,,,,,[A] Operational,B,01-055-07-000,Balungao,Pangasinan,Region I (Ilocos Region),Municipality,4th,R1,C
[2024-10] 01-029-02-000,2024-10,2024,[10] October,"Banayoyo, Ilocos Sur",[1] Operational,,,,,[A] Operational,B,01-029-02-000,Banayoyo,Ilocos Sur,Region I (Ilocos Region),Municipality,4th,R1,C
[2024-10] 01-028-04-000,2024-10,2024,[10] October,"Bangui, Ilocos Norte",[1] Operational,,,,,[A] Operational,A,01-028-04-000,Bangui,Ilocos Norte,Region I (Ilocos Region),Municipality,4th,R1,C
[2024-10] 01-029-03-000,2024-10,2024,[10] October,"Bantay, Ilocos Sur",[2] Ongoing Testing and Data Build-up,75%,,,,[B] Developmental,B,01-029-03-000,Bantay,Ilocos Sur,Region I (Ilocos Region),Municipality,3rd,R1,C
[2024-10] 01-055-10-000,2024-10,2024,[10] October,"Bautista, Pangasinan",[1] Operational,,,,,[A] Operational,A,01-055-10-000,Bautista,Pangasinan,Region I (Ilocos Region),Municipality,4th,R1,C
[2024-10] 01-055-11-000,2024-10,2024,[10] October,"Bayambang, Pangasinan",[1] Operational,,,,,[A] Operational,A,01-055-11-000,Bayambang,Pangasinan,Region I (Ilocos Region),Municipality,1st,R1,C
[2024-10] 01-033-08-000,2024-10,2024,[10] October,"Burgos, La Union",[1] Operational,,,,,[A] Operational,A,01-033-08-000,Burgos,La Union,Region I (Ilocos Region),Municipality,5th,R1,C
[2024-10] 01-033-09-000,2024-10,2024,[10] October,"Caba, La Union",[1] Operational,,,,,[A] Operational,A,01-033-09-000,Caba,La Union,Region I (Ilocos Region),Municipality,4th,R1,C
[2024-10] 01-029-07-000,2024-10,2024,[10] October,"Caoayan, Ilocos Sur",[1] Operational,,,,,[A] Operational,A,01-029-07-000,Caoayan,Ilocos Sur,Region I (Ilocos Region),Municipality,4th,R1,C
[2024-10] 01-028-05-000,2024-10,2024,[10] October,"City of Batac, Ilocos Norte",[1] Operational,,,,,[A] Operational,A,01-028-05-000,City of Batac,Ilocos Norte,Region I (Ilocos Region),City,5th,R1,C
[2024-10] 01-029-06-000,2024-10,2024,[10] October,"City of Candon, Ilocos Sur",[2] Ongoing Testing and Data Build-up,50%,,,,[B] Developmental,A,01-029-06-000,City of Candon,Ilocos Sur,Region I (Ilocos Region),City,4th,R1,C
[2024-10] 01-028-12-000,2024-10,2024,[10] October,"City of Laoag, Ilocos Norte",[1] Operational,,,,,[A] Operational,B,01-028-12-000,City of Laoag,Ilocos Norte,Region I (Ilocos Region),City,3rd,R1,C
[2024-10] 01-028-09-000,2024-10,2024,[10] October,"Dingras, Ilocos Norte",[1] Operational,100%,,,,[A] Operational,A,01-028-09-000,Dingras,Ilocos Norte,Region I (Ilocos Region),Municipality,2nd,R1,C
[2024-10] 01-028-10-000,2024-10,2024,[10] October,"Dumalneg, Ilocos Norte",[1] Operational,,,,,[A] Operational,A,01-028-10-000,Dumalneg,Ilocos Norte,Region I (Ilocos Region),Municipality,5th,R1,C
[2024-10] 01-029-11-000,2024-10,2024,[10] October,"Lidlidda, Ilocos Sur",[1] Operational,,,,,[A] Operational,B,01-029-11-000,Lidlidda,Ilocos Sur,Region I (Ilocos Region),Municipality,5th,R1,C
[2024-10] 01-055-26-000,2024-10,2024,[10] October,"Mangaldan, Pangasinan",[1] Operational,,,,,[A] Operational,A,01-055-26-000,Mangaldan,Pangasinan,Region I (Ilocos Region),Municipality,1st,R1,C
[2024-10] 01-055-28-000,2024-10,2024,[10] October,"Mapandan, Pangasinan",[1] Operational,,,,,[A] Operational,A,01-055-28-000,Mapandan,Pangasinan,Region I (Ilocos Region),Municipality,3rd,R1,C
[2024-10] 01-033-11-000,2024-10,2024,[10] October,"Naguilian, La Union",[2] Ongoing Testing and Data Build-up,80%,,,,[B] Developmental,B,01-033-11-000,Naguilian,La Union,Region I (Ilocos Region),Municipality,1st,R1,C
[2024-10] 01-028-14-000,2024-10,2024,[10] October,"Nueva Era, Ilocos Norte",[1] Operational,,,,,[A] Operational,A,01-028-14-000,Nueva Era,Ilocos Norte,Region I (Ilocos Region),Municipality,3rd,R1,C
[2024-10] 01-028-17-000,2024-10,2024,[10] October,"Pasuquin, Ilocos Norte",[1] Operational,,,,,[A] Operational,A,01-028-17-000,Pasuquin,Ilocos Norte,Region I (Ilocos Region),Municipality,3rd,R1,C
[2024-10] 01-028-18-000,2024-10,2024,[10] October,"Piddig, Ilocos Norte",[1] Operational,,,,,[A] Operational,A,01-028-18-000,Piddig,Ilocos Norte,Region I (Ilocos Region),Municipality,3rd,R1,C
[2024-10] 01-055-30-000,2024-10,2024,[10] October,"Pozorrubio, Pangasinan",[1] Operational,,,,,[A] Operational,A,01-055-30-000,Pozorrubio,Pangasinan,Region I (Ilocos Region),Municipality,1st,R1,C
[2024-10] 01-033-13-000,2024-10,2024,[10] October,"Rosario, La Union",[1] Operational,,,,,[A] Operational,B,01-033-13-000,Rosario,La Union,Region I (Ilocos Region),Municipality,1st,R1,C
[2024-10] 01-029-18-000,2024-10,2024,[10] October,"San Esteban, Ilocos Sur",[1] Operational,,,,,[A] Operational,B,01-029-18-000,San Esteban,Ilocos Sur,Region I (Ilocos Region),Municipality,5th,R1,C
[2024-10] 01-055-33-000,2024-10,2024,[10] October,"San Fabian, Pangasinan",[2] Ongoing Testing and Data Build-up,50%,,,,[B] Developmental,A,01-055-33-000,San Fabian,Pangasinan,Region I (Ilocos Region),Municipality,1st,R1,C
[2024-10] 01-029-20-000,2024-10,2024,[10] October,"San Juan, Ilocos Sur",[1] Operational,,,,,[A] Operational,A,01-029-20-000,San Juan,Ilocos Sur,Region I (Ilocos Region),Municipality,3rd,R1,C
[2024-10] 01-055-35-000,2024-10,2024,[10] October,"San Manuel, Pangasinan",[1] Operational,,,,,[A] Operational,A,01-055-35-000,San Manuel,Pangasinan,Region I (Ilocos Region),Municipality,1st,R1,C
[2024-10] 01-028-20-000,2024-10,2024,[10] October,"San Nicolas, Ilocos Norte",[1] Operational,,,,,[A] Operational,A,01-028-20-000,San Nicolas,Ilocos Norte,Region I (Ilocos Region),Municipality,2nd,R1,C
[2024-10] 01-055-36-000,2024-10,2024,[10] October,"San Nicolas, Pangasinan",[1] Operational,,,,,[A] Operational,A,01-055-36-000,San Nicolas,Pangasinan,Region I (Ilocos Region),Municipality,1st,R1,C
[2024-10] 01-055-38-000,2024-10,2024,[10] October,"Santa Barbara, Pangasinan",[1] Operational,,,,,[A] Operational,A,01-055-38-000,Santa Barbara,Pangasinan,Region I (Ilocos Region),Municipality,1st,R1,C
[2024-10] 01-029-28-000,2024-10,2024,[10] October,"Santo Domingo, Ilocos Sur",[1] Operational,,,,,[A] Operational,B,01-029-28-000,Santo Domingo,Ilocos Sur,Region I (Ilocos Region),Municipality,3rd,R1,C
[2024-10] 01-033-17-000,2024-10,2024,[10] October,"Santo Tomas, La Union",[1] Operational,,,,,[A] Operational,A,01-033-17-000,Santo Tomas,La Union,Region I (Ilocos Region),Municipality,4th,R1,C
[2024-10] 01-055-40-000,2024-10,2024,[10] October,"Santo Tomas, Pangasinan",[2] Ongoing Testing and Data Build-up,50%,,,,[B] Developmental,A,01-055-40-000,Santo Tomas,Pangasinan,Region I (Ilocos Region),Municipality,5th,R1,C
[2024-10] 01-028-21-000,2024-10,2024,[10] October,"Sarrat, Ilocos Norte",[1] Operational,,,,,[A] Operational,A,01-028-21-000,Sarrat,Ilocos Norte,Region I (Ilocos Region),Municipality,4th,R1,C
[2024-10] 01-029-30-000,2024-10,2024,[10] October,"Sinait, Ilocos Sur",[1] Operational,,,,,[A] Operational,A,01-029-30-000,Sinait,Ilocos Sur,Region I (Ilocos Region),Municipality,3rd,R1,C
[2024-10] 01-055-41-000,2024-10,2024,[10] October,"Sison, Pangasinan",[2] Ongoing Testing and Data Build-up,50%,,,,[B] Developmental,A,01-055-41-000,Sison,Pangasinan,Region I (Ilocos Region),Municipality,3rd,R1,C
[2024-10] 01-028-22-000,2024-10,2024,[10] October,"Solsona, Ilocos Norte",[1] Operational,,,,,[A] Operational,A,01-028-22-000,Solsona,Ilocos Norte,Region I (Ilocos Region),Municipality,3rd,R1,C
[2024-10] 01-029-32-000,2024-10,2024,[10] October,"Suyo, Ilocos Sur",[1] Operational,,,,,[A] Operational,A,01-029-32-000,Suyo,Ilocos Sur,Region I (Ilocos Region),Municipality,4th,R1,C
[2024-10] 01-029-33-000,2024-10,2024,[10] October,"Tagudin, Ilocos Sur",[1] Operational,,,,,[A] Operational,A,01-029-33-000,Tagudin,Ilocos Sur,Region I (Ilocos Region),Municipality,2nd,R1,C
[2024-10] 01-033-20-000,2024-10,2024,[10] October,"Tubao, La Union",[1] Operational,,,,,[A] Operational,A,01-033-20-000,Tubao,La Union,Region I (Ilocos Region),Municipality,4th,R1,C
[2024-10] 02-031-03-000,2024-10,2024,[10] October,"Aurora, Isabela",[1] Operational,,,,,[A] Operational,A,02-031-03-000,Aurora,Isabela,Region II (Cagayan Valley),Municipality,3rd,R2,D
[2024-10] 02-015-06-000,2024-10,2024,[10] October,"Baggao, Cagayan",[1] Operational,,,,,[A] Operational,B,02-015-06-000,Baggao,Cagayan,Region II (Cagayan Valley),Municipality,1st,R2,D
[2024-10] 02-050-04-000,2024-10,2024,[10] October,"Bambang, Nueva Vizcaya",[1] Operational,,,,,[A] Operational,A,02-050-04-000,Bambang,Nueva Vizcaya,Region II (Cagayan Valley),Municipality,1st,R2,D
[2024-10] 02-031-06-000,2024-10,2024,[10] October,"Cabagan, Isabela",[1] Operational,,,,,[A] Operational,B,02-031-06-000,Cabagan,Isabela,Region II (Cagayan Valley),Municipality,1st,R2,D
[2024-10] 02-015-10-000,2024-10,2024,[10] October,"Camalaniugan, Cagayan",[1] Operational,,,,,[A] Operational,A,02-015-10-000,Camalaniugan,Cagayan,Region II (Cagayan Valley),Municipality,4th,R2,D
[2024-10] 02-031-14-000,2024-10,2024,[10] October,"City of Ilagan, Isabela",[1] Operational,,,,,[A] Operational,A,02-031-14-000,City of Ilagan,Isabela,Region II (Cagayan Valley),City,1st (as Mun),R2,D
[2024-10] 02-057-03-000,2024-10,2024,[10] October,"Diffun, Quirino",[1] Operational,,,,,[A] Operational,B,02-057-03-000,Diffun,Quirino,Region II (Cagayan Valley),Municipality,2nd,R2,D
[2024-10] 02-031-13-000,2024-10,2024,[10] October,"Gamu, Isabela",[1] Operational,,,,,[A] Operational,A,02-031-13-000,Gamu,Isabela,Region II (Cagayan Valley),Municipality,4th,R2,D
[2024-10] 02-015-13-000,2024-10,2024,[10] October,"Gattaran, Cagayan",[1] Operational,,,,,[A] Operational,B,02-015-13-000,Gattaran,Cagayan,Region II (Cagayan Valley),Municipality,1st,R2,D
[2024-10] 02-031-15-000,2024-10,2024,[10] October,"Jones, Isabela",[1] Operational,,,,,[A] Operational,A,02-031-15-000,Jones,Isabela,Region II (Cagayan Valley),Municipality,1st,R2,D
[2024-10] 02-057-04-000,2024-10,2024,[10] October,"Maddela, Quirino",[1] Operational,,,,,[A] Operational,A,02-057-04-000,Maddela,Quirino,Region II (Cagayan Valley),Municipality,1st,R2,D
[2024-10] 02-031-19-000,2024-10,2024,[10] October,"Mallig, Isabela",[1] Operational,,,,,[A] Operational,A,02-031-19-000,Mallig,Isabela,Region II (Cagayan Valley),Municipality,4th,R2,D
[2024-10] 02-031-21-000,2024-10,2024,[10] October,"Palanan, Isabela",[1] Operational,,,,,[A] Operational,A,02-031-21-000,Palanan,Isabela,Region II (Cagayan Valley),Municipality,1st,R2,D
[2024-10] 02-031-24-000,2024-10,2024,[10] October,"Ramon, Isabela",[1] Operational,,,,,[A] Operational,A,02-031-24-000,Ramon,Isabela,Region II (Cagayan Valley),Municipality,2nd,R2,D
[2024-10] 02-031-31-000,2024-10,2024,[10] October,"San Mariano, Isabela",[1] Operational,,,,,[A] Operational,A,02-031-31-000,San Mariano,Isabela,Region II (Cagayan Valley),Municipality,1st,R2,D
[2024-10] 02-031-32-000,2024-10,2024,[10] October,"San Mateo, Isabela",[1] Operational,,,,,[A] Operational,B,02-031-32-000,San Mateo,Isabela,Region II (Cagayan Valley),Municipality,1st,R2,D
[2024-10] 02-015-23-000,2024-10,2024,[10] October,"Santa Ana, Cagayan",[1] Operational,,,,,[A] Operational,B,02-015-23-000,Santa Ana,Cagayan,Region II (Cagayan Valley),Municipality,2nd,R2,D
[2024-10] 02-015-25-000,2024-10,2024,[10] October,"Santa Teresita, Cagayan",[1] Operational,,,,,[A] Operational,B,02-015-25-000,Santa Teresita,Cagayan,Region II (Cagayan Valley),Municipality,4th,R2,D
[2024-10] 03-054-02-000,2024-10,2024,[10] October,"Apalit, Pampanga",[1] Operational,,,,,[A] Operational,B,03-054-02-000,Apalit,Pampanga,Region III (Central Luzon),Municipality,1st,R3,E
[2024-10] 03-054-03-000,2024-10,2024,[10] October,"Arayat, Pampanga",[1] Operational,,,,,[A] Operational,A,03-054-03-000,Arayat,Pampanga,Region III (Central Luzon),Municipality,1st,R3,E
[2024-10] 03-054-04-000,2024-10,2024,[10] October,"Bacolor, Pampanga",[1] Operational,,,,,[A] Operational,A,03-054-04-000,Bacolor,Pampanga,Region III (Central Luzon),Municipality,3rd,R3,E
[2024-10] 03-077-01-000,2024-10,2024,[10] October,"Baler, Aurora",[1] Operational,,,,,[A] Operational,B,03-077-01-000,Baler,Aurora,Region III (Central Luzon),Municipality,3rd,R3,E
[2024-10] 03-049-02-000,2024-10,2024,[10] October,"Bongabon, Nueva Ecija",[1] Operational,,,,,[A] Operational,A,03-049-02-000,Bongabon,Nueva Ecija,Region III (Central Luzon),Municipality,2nd,R3,E
[2024-10] 03-071-01-000,2024-10,2024,[10] October,"Botolan, Zambales",[1] Operational,,,,,[A] Operational,A,03-071-01-000,Botolan,Zambales,Region III (Central Luzon),Municipality,1st,R3,E
[2024-10] 03-077-02-000,2024-10,2024,[10] October,"Casiguran, Aurora",[1] Operational,,,,,[A] Operational,A,03-077-02-000,Casiguran,Aurora,Region III (Central Luzon),Municipality,2nd,R3,E
[2024-10] 03-071-04-000,2024-10,2024,[10] October,"Castillejos, Zambales",[1] Operational,,,,,[A] Operational,A,03-071-04-000,Castillejos,Zambales,Region III (Central Luzon),Municipality,3rd,R3,E
[2024-10] 03-049-19-000,2024-10,2024,[10] October,"City of Palayan, Nueva Ecija",[2] Ongoing Testing and Data Build-up,60%,,,,[B] Developmental,B,03-049-19-000,City of Palayan,Nueva Ecija,Region III (Central Luzon),City,5th,R3,E
[2024-10] 03-049-06-000,2024-10,2024,[10] October,"Cuyapo, Nueva Ecija",[1] Operational,,,,,[A] Operational,B,03-049-06-000,Cuyapo,Nueva Ecija,Region III (Central Luzon),Municipality,1st,R3,E
[2024-10] 03-077-05-000,2024-10,2024,[10] October,"Dingalan, Aurora",[1] Operational,,,,,[A] Operational,A,03-077-05-000,Dingalan,Aurora,Region III (Central Luzon),Municipality,3rd,R3,E
[2024-10] 03-077-06-000,2024-10,2024,[10] October,"Dipaculao, Aurora",[1] Operational,,,,,[A] Operational,B,03-077-06-000,Dipaculao,Aurora,Region III (Central Luzon),Municipality,3rd,R3,E
[2024-10] 03-049-07-000,2024-10,2024,[10] October,"Gabaldon, Nueva Ecija",[1] Operational,,,,,[A] Operational,A,03-049-07-000,Gabaldon,Nueva Ecija,Region III (Central Luzon),Municipality,4th,R3,E
[2024-10] 03-049-10-000,2024-10,2024,[10] October,"General Tinio, Nueva Ecija",[1] Operational,,,,,[A] Operational,B,03-049-10-000,General Tinio,Nueva Ecija,Region III (Central Luzon),Municipality,1st,R3,E
[2024-10] 03-049-14-000,2024-10,2024,[10] October,"Licab, Nueva Ecija",[1] Operational,,,,,[A] Operational,A,03-049-14-000,Licab,Nueva Ecija,Region III (Central Luzon),Municipality,4th,R3,E
[2024-10] 03-008-06-000,2024-10,2024,[10] October,"Limay, Bataan",[1] Operational,,,,,[A] Operational,A,03-008-06-000,Limay,Bataan,Region III (Central Luzon),Municipality,1st,R3,E
[2024-10] 03-054-09-000,2024-10,2024,[10] October,"Mabalacat City, Pampanga",[1] Operational,,,,,[A] Operational,A,03-054-09-000,Mabalacat City,Pampanga,Region III (Central Luzon),City,3rd,R3,E
[2024-10] 03-054-11-000,2024-10,2024,[10] October,"Magalang, Pampanga",[1] Operational,,,,,[A] Operational,A,03-054-11-000,Magalang,Pampanga,Region III (Central Luzon),Municipality,1st,R3,E
[2024-10] 03-077-07-000,2024-10,2024,[10] October,"Maria Aurora, Aurora",[1] Operational,,,,,[A] Operational,B,03-077-07-000,Maria Aurora,Aurora,Region III (Central Luzon),Municipality,2nd,R3,E
[2024-10] 03-069-08-000,2024-10,2024,[10] October,"Mayantoc, Tarlac",[2] Ongoing Testing and Data Build-up,55%,,,,[B] Developmental,B,03-069-08-000,Mayantoc,Tarlac,Region III (Central Luzon),Municipality,3rd,R3,E
[2024-10] 03-054-14-000,2024-10,2024,[10] October,"Minalin, Pampanga",[1] Operational,,,,,[A] Operational,A,03-054-14-000,Minalin,Pampanga,Region III (Central Luzon),Municipality,4th,R3,E
[2024-10] 03-008-08-000,2024-10,2024,[10] October,"Morong, Bataan",[2] Ongoing Testing and Data Build-up,88%,For transioning to eLGU System/v2,,,[B] Developmental,A,03-008-08-000,Morong,Bataan,Region III (Central Luzon),Municipality,3rd,R3,E
[2024-10] 03-014-14-000,2024-10,2024,[10] October,"Obando, Bulacan",[2] Ongoing Testing and Data Build-up,99%,,,,[B] Developmental,A,03-014-14-000,Obando,Bulacan,Region III (Central Luzon),Municipality,2nd,R3,E
[2024-10] 03-008-09-000,2024-10,2024,[10] October,"Orani, Bataan",[1] Operational,,,,,[A] Operational,B,03-008-09-000,Orani,Bataan,Region III (Central Luzon),Municipality,3rd,R3,E
[2024-10] 03-014-15-000,2024-10,2024,[10] October,"Pandi, Bulacan",[2] Ongoing Testing and Data Build-up,100%,finalizing set up for barangay clearance,,,[B] Developmental,B,03-014-15-000,Pandi,Bulacan,Region III (Central Luzon),Municipality,2nd,R3,E
[2024-10] 03-049-22-000,2024-10,2024,[10] October,"Quezon, Nueva Ecija",[1] Operational,,,,,[A] Operational,B,03-049-22-000,Quezon,Nueva Ecija,Region III (Central Luzon),Municipality,4th,R3,E
[2024-10] 03-049-23-000,2024-10,2024,[10] October,"Rizal, Nueva Ecija",[1] Operational,,,,,[A] Operational,B,03-049-23-000,Rizal,Nueva Ecija,Region III (Central Luzon),Municipality,2nd,R3,E
[2024-10] 03-008-12-000,2024-10,2024,[10] October,"Samal, Bataan",[1] Operational,,,,,[A] Operational,A,03-008-12-000,Samal,Bataan,Region III (Central Luzon),Municipality,4th,R3,E
[2024-10] 03-071-10-000,2024-10,2024,[10] October,"San Felipe, Zambales",[1] Operational,,,,,[A] Operational,B,03-071-10-000,San Felipe,Zambales,Region III (Central Luzon),Municipality,4th,R3,E
[2024-10] 03-014-19-000,2024-10,2024,[10] October,"San Ildefonso, Bulacan",[1] Operational,,,,,[A] Operational,A,03-014-19-000,San Ildefonso,Bulacan,Region III (Central Luzon),Municipality,1st,R3,E
[2024-10] 03-069-18-000,2024-10,2024,[10] October,"San Jose, Tarlac",[2] Ongoing Testing and Data Build-up,80%,,,,[B] Developmental,B,03-069-18-000,San Jose,Tarlac,Region III (Central Luzon),Municipality,3rd,R3,E
[2024-10] 03-077-08-000,2024-10,2024,[10] October,"San Luis, Aurora",[1] Operational,,,,,[A] Operational,A,03-077-08-000,San Luis,Aurora,Region III (Central Luzon),Municipality,2nd,R3,E
[2024-10] 03-054-17-000,2024-10,2024,[10] October,"San Luis, Pampanga",[1] Operational,,,,,[A] Operational,B,03-054-17-000,San Luis,Pampanga,Region III (Central Luzon),Municipality,3rd,R3,E
[2024-10] 03-069-14-000,2024-10,2024,[10] October,"San Manuel, Tarlac",[2] Ongoing Testing and Data Build-up,55%,,,,[B] Developmental,B,03-069-14-000,San Manuel,Tarlac,Region III (Central Luzon),Municipality,4th,R3,E
[2024-10] 03-071-11-000,2024-10,2024,[10] October,"San Marcelino, Zambales",[1] Operational,,,,,[A] Operational,A,03-071-11-000,San Marcelino,Zambales,Region III (Central Luzon),Municipality,1st,R3,E
[2024-10] 03-071-12-000,2024-10,2024,[10] October,"San Narciso, Zambales",[1] Operational,,,,,[A] Operational,A,03-071-12-000,San Narciso,Zambales,Region III (Central Luzon),Municipality,4th,R3,E
[2024-10] 03-069-15-000,2024-10,2024,[10] October,"Santa Ignacia, Tarlac",[2] Ongoing Testing and Data Build-up,85%,,,,[B] Developmental,B,03-069-15-000,Santa Ignacia,Tarlac,Region III (Central Luzon),Municipality,2nd,R3,E
[2024-10] 03-049-31-000,2024-10,2024,[10] October,"Talugtug, Nueva Ecija",[1] Operational,,,,,[A] Operational,A,03-049-31-000,Talugtug,Nueva Ecija,Region III (Central Luzon),Municipality,4th,R3,E
[2024-10] 04-010-01-000,2024-10,2024,[10] October,"Agoncillo, Batangas",[1] Operational,,,,,[A] Operational,A,04-010-01-000,Agoncillo,Batangas,Region IV-A (CALABARZON),Municipality,4th,R4A,F
[2024-10] 04-056-02-000,2024-10,2024,[10] October,"Alabat, Quezon",[1] Operational,,,,,[A] Operational,B,04-056-02-000,Alabat,Quezon,Region IV-A (CALABARZON),Municipality,5th,R4A,F
[2024-10] 04-021-01-000,2024-10,2024,[10] October,"Alfonso, Cavite",[1] Operational,,,,,[A] Operational,A,04-021-01-000,Alfonso,Cavite,Region IV-A (CALABARZON),Municipality,1st,R4A,F
[2024-10] 04-010-02-000,2024-10,2024,[10] October,"Alitagtag, Batangas",[1] Operational,,,,,[A] Operational,A,04-010-02-000,Alitagtag,Batangas,Region IV-A (CALABARZON),Municipality,4th,R4A,F
[2024-10] 04-056-07-000,2024-10,2024,[10] October,"Calauag, Quezon",[1] Operational,,,,,[A] Operational,A,04-056-07-000,Calauag,Quezon,Region IV-A (CALABARZON),Municipality,1st,R4A,F
[2024-10] 04-058-06-000,2024-10,2024,[10] October,"Cardona, Rizal",[1] Operational,,,,,[A] Operational,B,04-058-06-000,Cardona,Rizal,Region IV-A (CALABARZON),Municipality,3rd,R4A,F
[2024-10] 04-056-19-000,2024-10,2024,[10] October,"Gumaca, Quezon",[1] Operational,,,,,[A] Operational,B,04-056-19-000,Gumaca,Quezon,Region IV-A (CALABARZON),Municipality,1st,R4A,F
[2024-10] 04-056-20-000,2024-10,2024,[10] October,"Infanta, Quezon",[1] Operational,,,,,[A] Operational,B,04-056-20-000,Infanta,Quezon,Region IV-A (CALABARZON),Municipality,1st,R4A,F
[2024-10] 04-010-15-000,2024-10,2024,[10] October,"Lobo, Batangas",[1] Operational,,,,,[A] Operational,B,04-010-15-000,Lobo,Batangas,Region IV-A (CALABARZON),Municipality,3rd,R4A,F
[2024-10] 04-056-22-000,2024-10,2024,[10] October,"Lopez, Quezon",[1] Operational,,,,,[A] Operational,A,04-056-22-000,Lopez,Quezon,Region IV-A (CALABARZON),Municipality,1st,R4A,F
[2024-10] 04-034-13-000,2024-10,2024,[10] October,"Lumban, Laguna",[1] Operational,,,,,[A] Operational,B,04-034-13-000,Lumban,Laguna,Region IV-A (CALABARZON),Municipality,3rd,R4A,F
[2024-10] 04-021-12-000,2024-10,2024,[10] October,"Magallanes, Cavite",[1] Operational,,,,,[A] Operational,B,04-021-12-000,Magallanes,Cavite,Region IV-A (CALABARZON),Municipality,4th,R4A,F
[2024-10] 04-010-18-000,2024-10,2024,[10] October,"Mataasnakahoy, Batangas",[1] Operational,,,,Launched on August 30,[A] Operational,B,04-010-18-000,Mataasnakahoy,Batangas,Region IV-A (CALABARZON),Municipality,4th,R4A,F
[2024-10] 04-021-15-000,2024-10,2024,[10] October,"Naic, Cavite",[1] Operational,,,,,[A] Operational,B,04-021-15-000,Naic,Cavite,Region IV-A (CALABARZON),Municipality,1st,R4A,F
[2024-10] 04-021-16-000,2024-10,2024,[10] October,"Noveleta, Cavite",[1] Operational,,,,,[A] Operational,B,04-021-16-000,Noveleta,Cavite,Region IV-A (CALABARZON),Municipality,3rd,R4A,F
[2024-10] 04-034-18-000,2024-10,2024,[10] October,"Paete, Laguna",[1] Operational,,,,,[A] Operational,A,04-034-18-000,Paete,Laguna,Region IV-A (CALABARZON),Municipality,4th,R4A,F
[2024-10] 04-034-23-000,2024-10,2024,[10] October,"Rizal, Laguna",[1] Operational,,,,,[A] Operational,A,04-034-23-000,Rizal,Laguna,Region IV-A (CALABARZON),Municipality,5th,R4A,F
[2024-10] 04-056-39-000,2024-10,2024,[10] October,"Sampaloc, Quezon",[1] Operational,,,,,[A] Operational,B,04-056-39-000,Sampaloc,Quezon,Region IV-A (CALABARZON),Municipality,5th,R4A,F
[2024-10] 04-010-25-000,2024-10,2024,[10] October,"San Nicolas, Batangas",[1] Operational,,,,,[A] Operational,A,04-010-25-000,San Nicolas,Batangas,Region IV-A (CALABARZON),Municipality,5th,R4A,F
[2024-10] 04-010-26-000,2024-10,2024,[10] October,"San Pascual, Batangas",[1] Operational,,,,,[A] Operational,B,04-010-26-000,San Pascual,Batangas,Region IV-A (CALABARZON),Municipality,1st,R4A,F
[2024-10] 04-010-27-000,2024-10,2024,[10] October,"Santa Teresita, Batangas",[1] Operational,,,,,[A] Operational,B,04-010-27-000,Santa Teresita,Batangas,Region IV-A (CALABARZON),Municipality,5th,R4A,F
[2024-10] 04-034-29-000,2024-10,2024,[10] October,"Siniloan, Laguna",[1] Operational,,,,,[A] Operational,A,04-034-29-000,Siniloan,Laguna,Region IV-A (CALABARZON),Municipality,2nd,R4A,F
[2024-10] 04-021-20-000,2024-10,2024,[10] October,"Tanza, Cavite",[1] Operational,,,,,[A] Operational,A,04-021-20-000,Tanza,Cavite,Region IV-A (CALABARZON),Municipality,1st,R4A,F
[2024-10] 17-051-01-000,2024-10,2024,[10] October,"Abra De Ilog, Occidental Mindoro",[1] Operational,,,,,[A] Operational,B,17-051-01-000,Abra De Ilog,Occidental Mindoro,MIMAROPA Region,Municipality,2nd,R4B,G
[2024-10] 17-059-01-000,2024-10,2024,[10] October,"Alcantara, Romblon",[1] Operational,,,,,[A] Operational,B,17-059-01-000,Alcantara,Romblon,MIMAROPA Region,Municipality,5th,R4B,G
[2024-10] 17-052-01-000,2024-10,2024,[10] October,"Baco, Oriental Mindoro",[1] Operational,,,,,[A] Operational,B,17-052-01-000,Baco,Oriental Mindoro,MIMAROPA Region,Municipality,3rd,R4B,G
[2024-10] 17-052-04-000,2024-10,2024,[10] October,"Bulalacao, Oriental Mindoro",[1] Operational,,,,,[A] Operational,B,17-052-04-000,Bulalacao,Oriental Mindoro,MIMAROPA Region,Municipality,3rd,R4B,G
[2024-10] 17-053-07-000,2024-10,2024,[10] October,"Busuanga, Palawan",[1] Operational,,,,,[A] Operational,A,17-053-07-000,Busuanga,Palawan,MIMAROPA Region,Municipality,3rd,R4B,G
[2024-10] 17-051-02-000,2024-10,2024,[10] October,"Calintaan, Occidental Mindoro",[1] Operational,,,,,[A] Operational,A,17-051-02-000,Calintaan,Occidental Mindoro,MIMAROPA Region,Municipality,3rd,R4B,G
[2024-10] 17-053-09-000,2024-10,2024,[10] October,"Coron, Palawan",[1] Operational,,,,,[A] Operational,B,17-053-09-000,Coron,Palawan,MIMAROPA Region,Municipality,1st,R4B,G
[2024-10] 17-053-22-000,2024-10,2024,[10] October,"Culion, Palawan",[1] Operational,,,,,[A] Operational,A,17-053-22-000,Culion,Palawan,MIMAROPA Region,Municipality,3rd,R4B,G
[2024-10] 17-059-16-000,2024-10,2024,[10] October,"Ferrol, Romblon",[1] Operational,,,,,[A] Operational,A,17-059-16-000,Ferrol,Romblon,MIMAROPA Region,Municipality,6th,R4B,G
[2024-10] 17-052-06-000,2024-10,2024,[10] October,"Gloria, Oriental Mindoro",[2] Ongoing Testing and Data Build-up,60%,,,,[B] Developmental,B,17-052-06-000,Gloria,Oriental Mindoro,MIMAROPA Region,Municipality,3rd,R4B,G
[2024-10] 17-059-07-000,2024-10,2024,[10] October,"Looc, Romblon",[1] Operational,,,,,[A] Operational,B,17-059-07-000,Looc,Romblon,MIMAROPA Region,Municipality,4th,R4B,G
[2024-10] 17-051-04-000,2024-10,2024,[10] October,"Lubang, Occidental Mindoro",[1] Operational,,,,,[A] Operational,B,17-051-04-000,Lubang,Occidental Mindoro,MIMAROPA Region,Municipality,4th,R4B,G
[2024-10] 17-052-09-000,2024-10,2024,[10] October,"Pinamalayan, Oriental Mindoro",[1] Operational,,,,,[A] Operational,B,17-052-09-000,Pinamalayan,Oriental Mindoro,MIMAROPA Region,Municipality,1st,R4B,G
[2024-10] 17-053-17-000,2024-10,2024,[10] October,"Quezon, Palawan",[1] Operational,,,,,[A] Operational,A,17-053-17-000,Quezon,Palawan,MIMAROPA Region,Municipality,1st,R4B,G
[2024-10] 17-051-08-000,2024-10,2024,[10] October,"Rizal, Occidental Mindoro",[2] Ongoing Testing and Data Build-up,60%,,,,[B] Developmental,B,17-051-08-000,Rizal,Occidental Mindoro,MIMAROPA Region,Municipality,3rd,R4B,G
[2024-10] 17-053-23-000,2024-10,2024,[10] October,"Rizal, Palawan",[2] Ongoing Testing and Data Build-up,70%,,,,[B] Developmental,B,17-053-23-000,Rizal,Palawan,MIMAROPA Region,Municipality,1st,R4B,G
[2024-10] 17-051-09-000,2024-10,2024,[10] October,"Sablayan, Occidental Mindoro",[1] Operational,,,,,[A] Operational,B,17-051-09-000,Sablayan,Occidental Mindoro,MIMAROPA Region,Municipality,1st,R4B,G
[2024-10] 17-051-10-000,2024-10,2024,[10] October,"San Jose, Occidental Mindoro",[1] Operational,,,,,[A] Operational,A,17-051-10-000,San Jose,Occidental Mindoro,MIMAROPA Region,Municipality,1st,R4B,G
[2024-10] 17-059-14-000,2024-10,2024,[10] October,"San Jose, Romblon",[1] Operational,,,,,[A] Operational,B,17-059-14-000,San Jose,Romblon,MIMAROPA Region,Municipality,5th,R4B,G
[2024-10] 17-053-19-000,2024-10,2024,[10] October,"San Vicente, Palawan",[1] Operational,,,,"Brgy Clearance Integration done last Oct 2-4, 2024",[A] Operational,B,17-053-19-000,San Vicente,Palawan,MIMAROPA Region,Municipality,1st,R4B,G
[2024-10] 17-040-05-000,2024-10,2024,[10] October,"Santa Cruz, Marinduque",[1] Operational,,,,,[A] Operational,B,17-040-05-000,Santa Cruz,Marinduque,MIMAROPA Region,Municipality,1st,R4B,G
[2024-10] 17-059-15-000,2024-10,2024,[10] October,"Santa Fe, Romblon",[1] Operational,,,,,[A] Operational,B,17-059-15-000,Santa Fe,Romblon,MIMAROPA Region,Municipality,5th,R4B,G
[2024-10] 06-030-02-000,2024-10,2024,[10] October,"Alimodian, Iloilo",[1] Operational,,,,,[A] Operational,B,06-030-02-000,Alimodian,Iloilo,Region VI (Western Visayas),Municipality,3rd,R6,I
[2024-10] 06-030-03-000,2024-10,2024,[10] October,"Anilao, Iloilo",[1] Operational,,,,,[A] Operational,A,06-030-03-000,Anilao,Iloilo,Region VI (Western Visayas),Municipality,4th,R6,I
[2024-10] 06-006-03-000,2024-10,2024,[10] October,"Belison, Antique",[1] Operational,,,,,[A] Operational,B,06-006-03-000,Belison,Antique,Region VI (Western Visayas),Municipality,5th,R6,I
[2024-10] 06-030-10-000,2024-10,2024,[10] October,"Bingawan, Iloilo",[1] Operational,,,,,[A] Operational,B,06-030-10-000,Bingawan,Iloilo,Region VI (Western Visayas),Municipality,5th,R6,I
[2024-10] 06-004-05-000,2024-10,2024,[10] October,"Buruanga, Aklan",[1] Operational,,,,,[A] Operational,B,06-004-05-000,Buruanga,Aklan,Region VI (Western Visayas),Municipality,5th,R6,I
[2024-10] 06-030-12-000,2024-10,2024,[10] October,"Cabatuan, Iloilo",[1] Operational,,,,,[A] Operational,B,06-030-12-000,Cabatuan,Iloilo,Region VI (Western Visayas),Municipality,2nd,R6,I
[2024-10] 06-045-09-000,2024-10,2024,[10] October,"City of Escalante, Negros Occidental",[1] Operational,,,,,[A] Operational,A,06-045-09-000,City of Escalante,Negros Occidental,Region VI (Western Visayas),City,4th,R6,I
[2024-10] 06-045-10-000,2024-10,2024,[10] October,"City of Himamaylan, Negros Occidental",[1] Operational,,,,,[A] Operational,B,06-045-10-000,City of Himamaylan,Negros Occidental,Region VI (Western Visayas),City,3rd,R6,I
[2024-10] 06-310-00-000,2024-10,2024,[10] October,"City of Iloilo, Iloilo",[1] Operational,,,,,[A] Operational,B,06-310-00-000,City of Iloilo,Iloilo,Region VI (Western Visayas),City,1st,R6,I
[2024-10] 06-045-16-000,2024-10,2024,[10] October,"City of La Carlota, Negros Occidental",[1] Operational,,,,,[A] Operational,A,06-045-16-000,City of La Carlota,Negros Occidental,Region VI (Western Visayas),City,4th,R6,I
[2024-10] 06-045-23-000,2024-10,2024,[10] October,"City of Sagay, Negros Occidental",[1] Operational,,,,,[A] Operational,B,06-045-23-000,City of Sagay,Negros Occidental,Region VI (Western Visayas),City,3rd,R6,I
[2024-10] 06-045-27-000,2024-10,2024,[10] October,"City of Sipalay, Negros Occidental",[1] Operational,,,,,[A] Operational,A,06-045-27-000,City of Sipalay,Negros Occidental,Region VI (Western Visayas),City,4th,R6,I
[2024-10] 06-030-15-000,2024-10,2024,[10] October,"Concepcion, Iloilo",[1] Operational,,,,,[A] Operational,A,06-030-15-000,Concepcion,Iloilo,Region VI (Western Visayas),Municipality,3rd,R6,I
[2024-10] 06-019-01-000,2024-10,2024,[10] October,"Cuartero, Capiz",[1] Operational,,,,,[A] Operational,B,06-019-01-000,Cuartero,Capiz,Region VI (Western Visayas),Municipality,4th,R6,I
[2024-10] 06-019-04-000,2024-10,2024,[10] October,"Dumarao, Capiz",[1] Operational,,,,,[A] Operational,A,06-019-04-000,Dumarao,Capiz,Region VI (Western Visayas),Municipality,2nd,R6,I
[2024-10] 06-045-12-000,2024-10,2024,[10] October,"Hinoba-an, Negros Occidental",[1] Operational,,,,,[A] Operational,B,06-045-12-000,Hinoba-an,Negros Occidental,Region VI (Western Visayas),Municipality,1st,R6,I
[2024-10] 06-030-26-000,2024-10,2024,[10] October,"Leganes, Iloilo",[1] Operational,,,,,[A] Operational,B,06-030-26-000,Leganes,Iloilo,Region VI (Western Visayas),Municipality,4th,R6,I
[2024-10] 06-006-10-000,2024-10,2024,[10] October,"Libertad, Antique",[1] Operational,,,,,[A] Operational,B,06-006-10-000,Libertad,Antique,Region VI (Western Visayas),Municipality,5th,R6,I
[2024-10] 06-030-29-000,2024-10,2024,[10] October,"Maasin, Iloilo",[1] Operational,,,,,[A] Operational,B,06-030-29-000,Maasin,Iloilo,Region VI (Western Visayas),Municipality,3rd,R6,I
[2024-10] 06-030-31-000,2024-10,2024,[10] October,"Mina, Iloilo",[1] Operational,,,,,[A] Operational,B,06-030-31-000,Mina,Iloilo,Region VI (Western Visayas),Municipality,5th,R6,I
[2024-10] 06-030-32-000,2024-10,2024,[10] October,"New Lucena, Iloilo",[1] Operational,,,,,[A] Operational,B,06-030-32-000,New Lucena,Iloilo,Region VI (Western Visayas),Municipality,4th,R6,I
[2024-10] 06-030-34-000,2024-10,2024,[10] October,"Oton, Iloilo",[1] Operational,,,,,[A] Operational,B,06-030-34-000,Oton,Iloilo,Region VI (Western Visayas),Municipality,1st,R6,I
[2024-10] 06-006-11-000,2024-10,2024,[10] October,"Pandan, Antique",[1] Operational,,,,,[A] Operational,B,06-006-11-000,Pandan,Antique,Region VI (Western Visayas),Municipality,4th,R6,I
[2024-10] 06-030-37-000,2024-10,2024,[10] October,"Pototan, Iloilo",[1] Operational,,,,,[A] Operational,B,06-030-37-000,Pototan,Iloilo,Region VI (Western Visayas),Municipality,1st,R6,I
[2024-10] 06-030-41-000,2024-10,2024,[10] October,"San Miguel, Iloilo",[1] Operational,,,,,[A] Operational,B,06-030-41-000,San Miguel,Iloilo,Region VI (Western Visayas),Municipality,4th,R6,I
[2024-10] 06-006-14-000,2024-10,2024,[10] October,"San Remigio, Antique",[1] Operational,,,,,[A] Operational,B,06-006-14-000,San Remigio,Antique,Region VI (Western Visayas),Municipality,3rd,R6,I
[2024-10] 06-030-43-000,2024-10,2024,[10] October,"Santa Barbara, Iloilo",[1] Operational,,,,,[A] Operational,B,06-030-43-000,Santa Barbara,Iloilo,Region VI (Western Visayas),Municipality,2nd,R6,I
[2024-10] 06-030-44-000,2024-10,2024,[10] October,"Sara, Iloilo",[1] Operational,,,,,[A] Operational,B,06-030-44-000,Sara,Iloilo,Region VI (Western Visayas),Municipality,2nd,R6,I
[2024-10] 06-006-15-000,2024-10,2024,[10] October,"Sebaste, Antique",[1] Operational,,,,,[A] Operational,A,06-006-15-000,Sebaste,Antique,Region VI (Western Visayas),Municipality,4th,R6,I
[2024-10] 06-004-17-000,2024-10,2024,[10] October,"Tangalan, Aklan",[1] Operational,,,,,[A] Operational,B,06-004-17-000,Tangalan,Aklan,Region VI (Western Visayas),Municipality,5th,R6,I
[2024-10] 06-019-17-000,2024-10,2024,[10] October,"Tapaz, Capiz",[1] Operational,,,,,[A] Operational,B,06-019-17-000,Tapaz,Capiz,Region VI (Western Visayas),Municipality,1st,R6,I
[2024-10] 06-006-18-000,2024-10,2024,[10] October,"Valderrama, Antique",[1] Operational,,,,,[A] Operational,B,06-006-18-000,Valderrama,Antique,Region VI (Western Visayas),Municipality,4th,R6,I
[2024-10] 06-030-47-000,2024-10,2024,[10] October,"Zarraga, Iloilo",[1] Operational,,,,,[A] Operational,B,06-030-47-000,Zarraga,Iloilo,Region VI (Western Visayas),Municipality,4th,R6,I
[2024-10] 16-067-01-000,2024-10,2024,[10] October,"Alegria, Surigao del Norte",[1] Operational,,,,,[A] Operational,B,16-067-01-000,Alegria,Surigao del Norte,Region XIII (Caraga),Municipality,5th,R13,O
[2024-10] 16-068-04-000,2024-10,2024,[10] October,"Cagwait, Surigao del Sur",[1] Operational,,,,,[A] Operational,B,16-068-04-000,Cagwait,Surigao del Sur,Region XIII (Caraga),Municipality,4th,R13,O
[2024-10] 16-002-03-000,2024-10,2024,[10] October,"City of Cabadbaran, Agusan del Norte",[1] Operational,,,,,[A] Operational,B,16-002-03-000,City of Cabadbaran,Agusan del Norte,Region XIII (Caraga),City,6th,R13,O
[2024-10] 16-068-19-000,2024-10,2024,[10] October,"City of Tandag, Surigao del Sur",[1] Operational,,,,,[A] Operational,A,16-068-19-000,City of Tandag,Surigao del Sur,Region XIII (Caraga),City,5th,R13,O
[2024-10] 16-085-03-000,2024-10,2024,[10] October,"Dinagat, Dinagat Islands",[1] Operational,,,,,[A] Operational,A,16-085-03-000,Dinagat,Dinagat Islands,Region XIII (Caraga),Municipality,5th,R13,O
[2024-10] 16-002-07-000,2024-10,2024,[10] October,"Las Nieves, Agusan del Norte",[1] Operational,,,,,[A] Operational,B,16-002-07-000,Las Nieves,Agusan del Norte,Region XIII (Caraga),Municipality,2nd,R13,O
[2024-10] 16-068-14-000,2024-10,2024,[10] October,"Marihatag, Surigao del Sur",[1] Operational,,,,,[A] Operational,A,16-068-14-000,Marihatag,Surigao del Sur,Region XIII (Caraga),Municipality,3rd,R13,O
[2024-10] 16-002-12-000,2024-10,2024,[10] October,"Remedios T. Romualdez, Agusan del Norte",[1] Operational,,,,,[A] Operational,B,16-002-12-000,Remedios T. Romualdez,Agusan del Norte,Region XIII (Caraga),Municipality,5th,R13,O
[2024-10] 16-068-15-000,2024-10,2024,[10] October,"San Agustin, Surigao del Sur",[1] Operational,,,,,[A] Operational,A,16-068-15-000,San Agustin,Surigao del Sur,Region XIII (Caraga),Municipality,4th,R13,O
[2024-10] 16-003-08-000,2024-10,2024,[10] October,"San Francisco, Agusan del Sur",[1] Operational,,,,,[A] Operational,A,16-003-08-000,San Francisco,Agusan del Sur,Region XIII (Caraga),Municipality,1st,R13,O
[2024-10] 16-085-06-000,2024-10,2024,[10] October,"San Jose, Dinagat Islands",[3] With Concerns,,,,,[A] Operational,B,16-085-06-000,San Jose,Dinagat Islands,Region XIII (Caraga),Municipality,4th*,R13,O
[2024-10] 16-003-10-000,2024-10,2024,[10] October,"Santa Josefa, Agusan del Sur",[1] Operational,,,,,[A] Operational,A,16-003-10-000,Santa Josefa,Agusan del Sur,Region XIII (Caraga),Municipality,3rd,R13,O
[2024-10] 16-002-10-000,2024-10,2024,[10] October,"Santiago, Agusan del Norte",[1] Operational,,,,,[A] Operational,A,16-002-10-000,Santiago,Agusan del Norte,Region XIII (Caraga),Municipality,4th,R13,O
[2024-10] 16-067-22-000,2024-10,2024,[10] October,"Sison, Surigao del Norte",[1] Operational,,,,,[A] Operational,B,16-067-22-000,Sison,Surigao del Norte,Region XIII (Caraga),Municipality,5th,R13,O
[2024-10] 16-067-23-000,2024-10,2024,[10] October,"Socorro, Surigao del Norte",[1] Operational,,,,,[A] Operational,B,16-067-23-000,Socorro,Surigao del Norte,Region XIII (Caraga),Municipality,4th,R13,O
[2024-10] 16-067-25-000,2024-10,2024,[10] October,"Tagana-An, Surigao del Norte",[1] Operational,,,,,[A] Operational,B,16-067-25-000,Tagana-An,Surigao del Norte,Region XIII (Caraga),Municipality,5th*,R13,O
[2024-10] 16-068-18-000,2024-10,2024,[10] October,"Tago, Surigao del Sur",[1] Operational,,,,,[A] Operational,A,16-068-18-000,Tago,Surigao del Sur,Region XIII (Caraga),Municipality,2nd,R13,O
[2024-10] 16-003-12-000,2024-10,2024,[10] October,"Trento, Agusan del Sur",[1] Operational,,,,,[A] Operational,A,16-003-12-000,Trento,Agusan del Sur,Region XIII (Caraga),Municipality,1st,R13,O
[2024-10] 16-067-27-000,2024-10,2024,[10] October,"Tubod, Surigao del Norte",[1] Operational,,,,,[A] Operational,B,16-067-27-000,Tubod,Surigao del Norte,Region XIII (Caraga),Municipality,5th,R13,O
[2024-10] 16-067-14-000,2024-10,2024,[10] October,"Mainit, Surigao del Norte",[1] Operational,,,,,[A] Operational,B,16-067-14-000,Mainit,Surigao del Norte,Region XIII (Caraga),Municipality,4th,R13,O
[2024-10] 16-085-02-000,2024-10,2024,[10] October,"Cagdianao, Dinagat Islands",[1] Operational,,,,,[A] Operational,B,16-085-02-000,Cagdianao,Dinagat Islands,Region XIII (Caraga),Municipality,3rd,R13,O
[2024-10] 12-080-01-000,2024-10,2024,[10] October,"Alabel, Sarangani",[1] Operational,,,,,[A] Operational,B,12-080-01-000,Alabel,Sarangani,Region XII (SOCCSKSARGEN),Municipality,1st,R12,Q
[2024-10] 12-047-17-000,2024-10,2024,[10] October,"Aleosan, Cotabato",[1] Operational,,,,,[A] Operational,A,12-047-17-000,Aleosan,Cotabato,Region XII (SOCCSKSARGEN),Municipality,3rd,R12,Q
[2024-10] 12-065-01-000,2024-10,2024,[10] October,"Bagumbayan, Sultan Kudarat",[1] Operational,,,,,[A] Operational,B,12-065-01-000,Bagumbayan,Sultan Kudarat,Region XII (SOCCSKSARGEN),Municipality,1st,R12,Q
[2024-10] 12-047-04-000,2024-10,2024,[10] October,"City of Kidapawan, Cotabato",[1] Operational,,,,,[A] Operational,B,12-047-04-000,City of Kidapawan,Cotabato,Region XII (SOCCSKSARGEN),City,3rd,R12,Q
[2024-10] 12-065-02-000,2024-10,2024,[10] October,"Columbio, Sultan Kudarat",[1] Operational,,,,,[A] Operational,A,12-065-02-000,Columbio,Sultan Kudarat,Region XII (SOCCSKSARGEN),Municipality,1st,R12,Q
[2024-10] 12-047-03-000,2024-10,2024,[10] October,"Kabacan, Cotabato",[1] Operational,,,,,[A] Operational,B,12-047-03-000,Kabacan,Cotabato,Region XII (SOCCSKSARGEN),Municipality,1st,R12,Q
[2024-10] 12-065-06-000,2024-10,2024,[10] October,"Lebak, Sultan Kudarat",[1] Operational,,,,,[A] Operational,B,12-065-06-000,Lebak,Sultan Kudarat,Region XII (SOCCSKSARGEN),Municipality,1st,R12,Q
[2024-10] 12-047-10-000,2024-10,2024,[10] October,"M'Lang, Cotabato",[1] Operational,,,,,[A] Operational,A,12-047-10-000,M'Lang,Cotabato,Region XII (SOCCSKSARGEN),Municipality,1st,R12,Q
[2024-10] 12-047-09-000,2024-10,2024,[10] October,"Midsayap, Cotabato",[2] Ongoing Testing and Data Build-up,100%,,,,[B] Developmental,A,12-047-09-000,Midsayap,Cotabato,Region XII (SOCCSKSARGEN),Municipality,1st,R12,Q
[2024-10] 12-047-11-000,2024-10,2024,[10] October,"Pigkawayan, Cotabato",[1] Operational,,,,,[A] Operational,A,12-047-11-000,Pigkawayan,Cotabato,Region XII (SOCCSKSARGEN),Municipality,1st,R12,Q
[2024-10] 12-047-12-000,2024-10,2024,[10] October,"Pikit, Cotabato",[1] Operational,,,,,[A] Operational,A,12-047-12-000,Pikit,Cotabato,Region XII (SOCCSKSARGEN),Municipality,1st,R12,Q
[2024-10] 12-047-13-000,2024-10,2024,[10] October,"President Roxas, Cotabato",[2] Ongoing Testing and Data Build-up,65%,,,,[B] Developmental,A,12-047-13-000,President Roxas,Cotabato,Region XII (SOCCSKSARGEN),Municipality,1st,R12,Q
[2024-10] 12-065-12-000,2024-10,2024,[10] October,"Sen. Ninoy Aquino, Sultan Kudarat",[1] Operational,,,,,[A] Operational,B,12-065-12-000,Sen. Ninoy Aquino,Sultan Kudarat,Region XII (SOCCSKSARGEN),Municipality,3rd,R12,Q
[2024-10] 19-087-13-000,2024-10,2024,[10] October,"Upi, Maguindanao del Norte",[1] Operational,,,,6 Integrated Barangay,[A] Operational,A,19-087-13-000,Upi,Maguindanao del Norte,Bangsamoro Autonomous Region In Muslim Mindanao (BARMM),Municipality,1st,BARMM II,R
[2024-10] 19-087-09-000,2024-10,2024,[10] October,"Parang, Maguindanao del Norte",[1] Operational,,,,25 Barangay to Integrate,[A] Operational,A,19-087-09-000,Parang,Maguindanao del Norte,Bangsamoro Autonomous Region In Muslim Mindanao (BARMM),Municipality,1st*,BARMM II,R
[2024-10] 19-088-06-000,2024-10,2024,[10] October,"Datu Paglas, Maguindanao del Sur",[1] Operational,,,,1 Barangay to Integrate,[A] Operational,A,19-088-06-000,Datu Paglas,Maguindanao del Sur,Bangsamoro Autonomous Region In Muslim Mindanao (BARMM),Municipality,4th,BARMM II,R
[2024-10] 19-088-20-000,2024-10,2024,[10] October,"Shariff Aguak, Maguindanao del Sur",[1] Operational,,,,10 Barangay to Integrate,[A] Operational,B,19-088-20-000,Shariff Aguak,Maguindanao del Sur,Bangsamoro Autonomous Region In Muslim Mindanao (BARMM),Municipality,2nd,BARMM II,R
[2024-10] 19-087-10-000,2024-10,2024,[10] October,"Sultan Kudarat, Maguindanao del Norte",[1] Operational,,,,1 Barangay to Integrate,[A] Operational,B,19-087-10-000,Sultan Kudarat,Maguindanao del Norte,Bangsamoro Autonomous Region In Muslim Mindanao (BARMM),Municipality,1st,BARMM II,R
[2024-10] 19-088-01-000,2024-10,2024,[10] October,"Ampatuan, Maguindanao del Sur",[1] Operational,,,,1 Barangay to Integrate,[A] Operational,B,19-088-01-000,Ampatuan,Maguindanao del Sur,Bangsamoro Autonomous Region In Muslim Mindanao (BARMM),Municipality,4th,BARMM II,R
[2024-10] 19-088-03-000,2024-10,2024,[10] October,"Datu Abdullah Sangki, Maguindanao del Sur",[2] Ongoing Testing and Data Build-up,65%,,,10 Barangay to Integrate,[B] Developmental,B,19-088-03-000,Datu Abdullah Sangki,Maguindanao del Sur,Bangsamoro Autonomous Region In Muslim Mindanao (BARMM),Municipality,-,BARMM II,R
[2024-11] 07-022-01-000,2024-11,2024,[11] November,"Alcantara, Cebu",[1] Operational,,,,,[A] Operational,B,07-022-01-000,Alcantara,Cebu,Region VII (Central Visayas),Municipality,5th,R7,J
[2024-11] 07-022-02-000,2024-11,2024,[11] November,"Alcoy, Cebu",[1] Operational,,,,,[A] Operational,B,07-022-02-000,Alcoy,Cebu,Region VII (Central Visayas),Municipality,5th,R7,J
[2024-11] 07-022-03-000,2024-11,2024,[11] November,"Alegria, Cebu",[1] Operational,,,,,[A] Operational,B,07-022-03-000,Alegria,Cebu,Region VII (Central Visayas),Municipality,4th,R7,J
[2024-11] 07-022-04-000,2024-11,2024,[11] November,"Aloguinsan, Cebu",[1] Operational,,,,,[A] Operational,B,07-022-04-000,Aloguinsan,Cebu,Region VII (Central Visayas),Municipality,4th,R7,J
[2024-11] 07-022-05-000,2024-11,2024,[11] November,"Argao, Cebu",[1] Operational,,,,,[A] Operational,A,07-022-05-000,Argao,Cebu,Region VII (Central Visayas),Municipality,1st,R7,J
[2024-11] 07-022-08-000,2024-11,2024,[11] November,"Balamban, Cebu",[1] Operational,,,,,[A] Operational,B,07-022-08-000,Balamban,Cebu,Region VII (Central Visayas),Municipality,1st,R7,J
[2024-11] 07-046-05-000,2024-11,2024,[11] November,"Basay, Negros Oriental",[1] Operational,,,,,[A] Operational,B,07-046-05-000,Basay,Negros Oriental,Region VII (Central Visayas),Municipality,4th,R7,J
[2024-11] 07-022-25-000,2024-11,2024,[11] November,"Ginatilan, Cebu",[1] Operational,,,,,[A] Operational,A,07-022-25-000,Ginatilan,Cebu,Region VII (Central Visayas),Municipality,5th,R7,J
[2024-11] 07-046-14-000,2024-11,2024,[11] November,"Mabinay, Negros Oriental",[1] Operational,,,,,[A] Operational,B,07-046-14-000,Mabinay,Negros Oriental,Region VII (Central Visayas),Municipality,1st,R7,J
[2024-11] 07-022-37-000,2024-11,2024,[11] November,"Pinamungajan, Cebu",[1] Operational,,,,,[A] Operational,B,07-022-37-000,Pinamungajan,Cebu,Region VII (Central Visayas),Municipality,2nd,R7,J
[2024-11] 07-022-43-000,2024-11,2024,[11] November,"San Remigio, Cebu",[1] Operational,,,,,[A] Operational,B,07-022-43-000,San Remigio,Cebu,Region VII (Central Visayas),Municipality,3rd,R7,J
[2024-11] 07-022-47-000,2024-11,2024,[11] November,"Sogod, Cebu",[1] Operational,,,,,[A] Operational,A,07-022-47-000,Sogod,Cebu,Region VII (Central Visayas),Municipality,4th*,R7,J
[2024-11] 07-022-52-000,2024-11,2024,[11] November,"Tuburan, Cebu",[1] Operational,,,,,[A] Operational,B,07-022-52-000,Tuburan,Cebu,Region VII (Central Visayas),Municipality,2nd,R7,J
[2024-11] 07-022-53-000,2024-11,2024,[11] November,"Tudela, Cebu",[1] Operational,,,,,[A] Operational,B,07-022-53-000,Tudela,Cebu,Region VII (Central Visayas),Municipality,5th,R7,J
[2024-11] 07-046-17-000,2024-11,2024,[11] November,"San Jose, Negros Oriental",[1] Operational,,,,,[A] Operational,B,07-046-17-000,San Jose,Negros Oriental,Region VII (Central Visayas),Municipality,5th,R7,J
[2024-11] 08-037-03-000,2024-11,2024,[11] November,"Albuera, Leyte",[1] Operational,,,,,[A] Operational,B,08-037-03-000,Albuera,Leyte,Region VIII (Eastern Visayas),Municipality,3rd*,R8,K
[2024-11] 08-064-01-000,2024-11,2024,[11] November,"Anahawan, Southern Leyte",[1] Operational,,,,,[A] Operational,B,08-064-01-000,Anahawan,Southern Leyte,Region VIII (Eastern Visayas),Municipality,5th,R8,K
[2024-11] 08-026-03-000,2024-11,2024,[11] November,"Balangkayan, Eastern Samar",[1] Operational,,,,,[A] Operational,B,08-026-03-000,Balangkayan,Eastern Samar,Region VIII (Eastern Visayas),Municipality,5th,R8,K
[2024-11] 08-037-06-000,2024-11,2024,[11] November,"Barugo, Leyte",[4] Withdraw,,,,,[D] Withdraw,A,08-037-06-000,Barugo,Leyte,Region VIII (Eastern Visayas),Municipality,4th,R8,K
[2024-11] 08-078-02-000,2024-11,2024,[11] November,"Biliran, Biliran",[1] Operational,,,,,[A] Operational,B,08-078-02-000,Biliran,Biliran,Region VIII (Eastern Visayas),Municipality,5th,R8,K
[2024-11] 08-048-03-000,2024-11,2024,[11] November,"Bobon, Northern Samar",[1] Operational,,,,,[A] Operational,A,08-048-03-000,Bobon,Northern Samar,Region VIII (Eastern Visayas),Municipality,4th,R8,K
[2024-11] 08-037-13-000,2024-11,2024,[11] November,"Calubian, Leyte",[1] Operational,,,,,[A] Operational,A,08-037-13-000,Calubian,Leyte,Region VIII (Eastern Visayas),Municipality,4th,R8,K
[2024-11] 08-026-05-000,2024-11,2024,[11] November,"Can-Avid, Eastern Samar",[1] Operational,,,,,[A] Operational,A,08-026-05-000,Can-Avid,Eastern Samar,Region VIII (Eastern Visayas),Municipality,4th,R8,K
[2024-11] 08-026-04-000,2024-11,2024,[11] November,"City of Borongan, Eastern Samar",[1] Operational,,,,,[A] Operational,B,08-026-04-000,City of Borongan,Eastern Samar,Region VIII (Eastern Visayas),City,1st (as Mun),R8,K
[2024-11] 08-060-05-000,2024-11,2024,[11] November,"City of Catbalogan, Samar",[1] Operational,,,,,[A] Operational,B,08-060-05-000,City of Catbalogan,Samar,Region VIII (Eastern Visayas),City,5th,R8,K
[2024-11] 08-064-07-000,2024-11,2024,[11] November,"City of Maasin, Southern Leyte",[1] Operational,,,,,[A] Operational,B,08-064-07-000,City of Maasin,Southern Leyte,Region VIII (Eastern Visayas),City,4th,R8,K
[2024-11] 08-060-06-000,2024-11,2024,[11] November,"Daram, Samar",[1] Operational,,,,,[A] Operational,A,08-060-06-000,Daram,Samar,Region VIII (Eastern Visayas),Municipality,3rd,R8,K
[2024-11] 08-026-06-000,2024-11,2024,[11] November,"Dolores, Eastern Samar",[3] With Concerns,,,,,[A] Operational,A,08-026-06-000,Dolores,Eastern Samar,Region VIII (Eastern Visayas),Municipality,3rd*,R8,K
[2024-11] 08-048-07-000,2024-11,2024,[11] November,"Gamay, Northern Samar",[1] Operational,,,,,[A] Operational,B,08-048-07-000,Gamay,Northern Samar,Region VIII (Eastern Visayas),Municipality,4th,R8,K
[2024-11] 08-060-07-000,2024-11,2024,[11] November,"Gandara, Samar",[1] Operational,,,,,[A] Operational,A,08-060-07-000,Gandara,Samar,Region VIII (Eastern Visayas),Municipality,2nd,R8,K
[2024-11] 08-064-03-000,2024-11,2024,[11] November,"Hinunangan, Southern Leyte",[1] Operational,,,,,[A] Operational,A,08-064-03-000,Hinunangan,Southern Leyte,Region VIII (Eastern Visayas),Municipality,3rd,R8,K
[2024-11] 08-064-04-000,2024-11,2024,[11] November,"Hinundayan, Southern Leyte",[1] Operational,,,,,[A] Operational,A,08-064-04-000,Hinundayan,Southern Leyte,Region VIII (Eastern Visayas),Municipality,5th,R8,K
[2024-11] 08-037-21-000,2024-11,2024,[11] November,"Inopacan, Leyte",[1] Operational,,,,,[A] Operational,A,08-037-21-000,Inopacan,Leyte,Region VIII (Eastern Visayas),Municipality,4th,R8,K
[2024-11] 08-037-26-000,2024-11,2024,[11] November,"Kananga, Leyte",[1] Operational,,,,,[A] Operational,B,08-037-26-000,Kananga,Leyte,Region VIII (Eastern Visayas),Municipality,1st,R8,K
[2024-11] 08-078-06-000,2024-11,2024,[11] November,"Kawayan, Biliran",[1] Operational,,,,,[A] Operational,B,08-078-06-000,Kawayan,Biliran,Region VIII (Eastern Visayas),Municipality,5th*,R8,K
[2024-11] 08-048-09-000,2024-11,2024,[11] November,"Lapinig, Northern Samar",[1] Operational,,,,,[A] Operational,B,08-048-09-000,Lapinig,Northern Samar,Region VIII (Eastern Visayas),Municipality,5th,R8,K
[2024-11] 08-026-12-000,2024-11,2024,[11] November,"Lawaan, Eastern Samar",[1] Operational,,,,,[A] Operational,B,08-026-12-000,Lawaan,Eastern Samar,Region VIII (Eastern Visayas),Municipality,5th*,R8,K
[2024-11] 08-037-29-000,2024-11,2024,[11] November,"Leyte, Leyte",[1] Operational,,,,,[A] Operational,B,08-037-29-000,Leyte,Leyte,Region VIII (Eastern Visayas),Municipality,4th*,R8,K
[2024-11] 08-064-05-000,2024-11,2024,[11] November,"Libagon, Southern Leyte",[1] Operational,,,,,[A] Operational,B,08-064-05-000,Libagon,Southern Leyte,Region VIII (Eastern Visayas),Municipality,5th,R8,K
[2024-11] 08-064-06-000,2024-11,2024,[11] November,"Liloan, Southern Leyte",[1] Operational,,,,,[A] Operational,A,08-064-06-000,Liloan,Southern Leyte,Region VIII (Eastern Visayas),Municipality,4th*,R8,K
[2024-11] 08-048-24-000,2024-11,2024,[11] November,"Lope De Vega, Northern Samar",[1] Operational,,,,,[A] Operational,A,08-048-24-000,Lope De Vega,Northern Samar,Region VIII (Eastern Visayas),Municipality,4th,R8,K
[2024-11] 08-064-08-000,2024-11,2024,[11] November,"Macrohon, Southern Leyte",[1] Operational,,,,,[A] Operational,A,08-064-08-000,Macrohon,Southern Leyte,Region VIII (Eastern Visayas),Municipality,4th,R8,K
[2024-11] 08-064-09-000,2024-11,2024,[11] November,"Malitbog, Southern Leyte",[1] Operational,,,,,[A] Operational,A,08-064-09-000,Malitbog,Southern Leyte,Region VIII (Eastern Visayas),Municipality,4th*,R8,K
[2024-11] 08-037-33-000,2024-11,2024,[11] November,"Matag-Ob, Leyte",[1] Operational,,,,,[A] Operational,A,08-037-33-000,Matag-Ob,Leyte,Region VIII (Eastern Visayas),Municipality,4th,R8,K
[2024-11] 08-026-15-000,2024-11,2024,[11] November,"Maydolong, Eastern Samar",[1] Operational,,,,,[A] Operational,B,08-026-15-000,Maydolong,Eastern Samar,Region VIII (Eastern Visayas),Municipality,4th*,R8,K
[2024-11] 08-037-36-000,2024-11,2024,[11] November,"Merida, Leyte",[1] Operational,,,,,[A] Operational,B,08-037-36-000,Merida,Leyte,Region VIII (Eastern Visayas),Municipality,5th,R8,K
[2024-11] 08-060-12-000,2024-11,2024,[11] November,"Motiong, Samar",[1] Operational,,,,,[A] Operational,B,08-060-12-000,Motiong,Samar,Region VIII (Eastern Visayas),Municipality,4th,R8,K
[2024-11] 08-078-08-000,2024-11,2024,[11] November,"Naval, Biliran",[1] Operational,,,,,[A] Operational,B,08-078-08-000,Naval,Biliran,Region VIII (Eastern Visayas),Municipality,2nd,R8,K
[2024-11] 08-026-17-000,2024-11,2024,[11] November,"Oras, Eastern Samar",[1] Operational,,,,,[A] Operational,B,08-026-17-000,Oras,Eastern Samar,Region VIII (Eastern Visayas),Municipality,3rd,R8,K
[2024-11] 08-064-10-000,2024-11,2024,[11] November,"Padre Burgos, Southern Leyte",[1] Operational,,,,,[A] Operational,A,08-064-10-000,Padre Burgos,Southern Leyte,Region VIII (Eastern Visayas),Municipality,5th*,R8,K
[2024-11] 08-060-22-000,2024-11,2024,[11] November,"Paranas, Samar",[1] Operational,,,,,[A] Operational,A,08-060-22-000,Paranas,Samar,Region VIII (Eastern Visayas),Municipality,2nd,R8,K
[2024-11] 08-037-41-000,2024-11,2024,[11] November,"Pastrana, Leyte",[1] Operational,,,,,[A] Operational,A,08-037-41-000,Pastrana,Leyte,Region VIII (Eastern Visayas),Municipality,5th*,R8,K
[2024-11] 08-064-11-000,2024-11,2024,[11] November,"Pintuyan, Southern Leyte",[1] Operational,,,,,[A] Operational,B,08-064-11-000,Pintuyan,Southern Leyte,Region VIII (Eastern Visayas),Municipality,5th*,R8,K
[2024-11] 08-026-18-000,2024-11,2024,[11] November,"Quinapondan, Eastern Samar",[1] Operational,,,,,[A] Operational,B,08-026-18-000,Quinapondan,Eastern Samar,Region VIII (Eastern Visayas),Municipality,5th,R8,K
[2024-11] 08-026-19-000,2024-11,2024,[11] November,"Salcedo, Eastern Samar",[1] Operational,,,,,[A] Operational,A,08-026-19-000,Salcedo,Eastern Samar,Region VIII (Eastern Visayas),Municipality,5th*,R8,K
[2024-11] 08-064-13-000,2024-11,2024,[11] November,"San Francisco, Southern Leyte",[1] Operational,,,,,[A] Operational,A,08-064-13-000,San Francisco,Southern Leyte,Region VIII (Eastern Visayas),Municipality,5th,R8,K
[2024-11] 08-064-14-000,2024-11,2024,[11] November,"San Juan, Southern Leyte",[1] Operational,,,,,[A] Operational,A,08-064-14-000,San Juan,Southern Leyte,Region VIII (Eastern Visayas),Municipality,5th,R8,K
[2024-11] 08-026-20-000,2024-11,2024,[11] November,"San Julian, Eastern Samar",[1] Operational,,,,,[A] Operational,B,08-026-20-000,San Julian,Eastern Samar,Region VIII (Eastern Visayas),Municipality,5th,R8,K
[2024-11] 08-037-43-000,2024-11,2024,[11] November,"San Miguel, Leyte",[1] Operational,,,,,[A] Operational,B,08-037-43-000,San Miguel,Leyte,Region VIII (Eastern Visayas),Municipality,4th,R8,K
[2024-11] 08-064-15-000,2024-11,2024,[11] November,"San Ricardo, Southern Leyte",[1] Operational,,,,,[A] Operational,A,08-064-15-000,San Ricardo,Southern Leyte,Region VIII (Eastern Visayas),Municipality,5th,R8,K
[2024-11] 08-048-20-000,2024-11,2024,[11] November,"San Roque, Northern Samar",[1] Operational,,,,,[A] Operational,B,08-048-20-000,San Roque,Northern Samar,Region VIII (Eastern Visayas),Municipality,4th,R8,K
[2024-11] 08-060-16-000,2024-11,2024,[11] November,"Santa Margarita, Samar",[1] Operational,,,,,[A] Operational,B,08-060-16-000,Santa Margarita,Samar,Region VIII (Eastern Visayas),Municipality,4th,R8,K
[2024-11] 08-064-16-000,2024-11,2024,[11] November,"Silago, Southern Leyte",[1] Operational,,,,,[A] Operational,B,08-064-16-000,Silago,Southern Leyte,Region VIII (Eastern Visayas),Municipality,4th,R8,K
[2024-11] 08-064-17-000,2024-11,2024,[11] November,"Sogod, Southern Leyte",[1] Operational,,,,,[A] Operational,B,08-064-17-000,Sogod,Southern Leyte,Region VIII (Eastern Visayas),Municipality,2nd,R8,K
[2024-11] 08-026-22-000,2024-11,2024,[11] November,"Sulat, Eastern Samar",[1] Operational,,,,,[A] Operational,B,08-026-22-000,Sulat,Eastern Samar,Region VIII (Eastern Visayas),Municipality,4th,R8,K
[2024-11] 08-037-46-000,2024-11,2024,[11] November,"Tabontabon, Leyte",[1] Operational,,,,,[A] Operational,B,08-037-46-000,Tabontabon,Leyte,Region VIII (Eastern Visayas),Municipality,5th,R8,K
[2024-11] 08-064-18-000,2024-11,2024,[11] November,"Tomas Oppus, Southern Leyte",[1] Operational,,,,,[A] Operational,B,08-064-18-000,Tomas Oppus,Southern Leyte,Region VIII (Eastern Visayas),Municipality,5th,R8,K
[2024-11] 08-048-23-000,2024-11,2024,[11] November,"Victoria, Northern Samar",[1] Operational,,,,,[A] Operational,B,08-048-23-000,Victoria,Northern Samar,Region VIII (Eastern Visayas),Municipality,5th,R8,K
[2024-11] 08-060-21-000,2024-11,2024,[11] November,"Villareal, Samar",[1] Operational,,,,,[A] Operational,B,08-060-21-000,Villareal,Samar,Region VIII (Eastern Visayas),Municipality,4th*,R8,K
[2024-11] 08-060-23-000,2024-11,2024,[11] November,"Zumarraga, Samar",[1] Operational,,,,,[A] Operational,B,08-060-23-000,Zumarraga,Samar,Region VIII (Eastern Visayas),Municipality,5th*,R8,K
[2024-11] 08-060-09-000,2024-11,2024,[11] November,"Jiabong, Samar",[1] Operational,,,,,[A] Operational,B,08-060-09-000,Jiabong,Samar,Region VIII (Eastern Visayas),Municipality,5th,R8,K
[2024-11] 08-026-09-000,2024-11,2024,[11] November,"Guiuan, Eastern Samar",[1] Operational,,,,,[A] Operational,B,08-026-09-000,Guiuan,Eastern Samar,Region VIII (Eastern Visayas),Municipality,2nd,R8,K
[2024-11] 19-070-02-000,2024-11,2024,[11] November,"Bongao, Tawi-Tawi",[1] Operational,,,,,[A] Operational,A,19-070-02-000,Bongao,Tawi-Tawi,Bangsamoro Autonomous Region In Muslim Mindanao (BARMM),Municipality,2nd,BARMM I,M
[2024-11] 09-901-01-000,2024-11,2024,[11] November,"City of Isabela, Basilan",[1] Operational,,,,,[A] Operational,B,09-901-01-000,City of Isabela,Basilan,Region IX (Zamboanga Peninsula),City,4th,R9,L
[2024-11] 19-007-02-000,2024-11,2024,[11] November,"City of Lamitan, Basilan",[1] Operational,,,,,[A] Operational,A,19-007-02-000,City of Lamitan,Basilan,Bangsamoro Autonomous Region In Muslim Mindanao (BARMM),City,6th,BARMM I,M
[2024-11] 09-073-05-000,2024-11,2024,[11] November,"Dimataling, Zamboanga del Sur",[1] Operational,,,,,[A] Operational,A,09-073-05-000,Dimataling,Zamboanga del Sur,Region IX (Zamboanga Peninsula),Municipality,4th,R9,L
[2024-11] 09-083-03-000,2024-11,2024,[11] November,"Diplahan, Zamboanga Sibugay",[1] Operational,,,,,[A] Operational,A,09-083-03-000,Diplahan,Zamboanga Sibugay,Region IX (Zamboanga Peninsula),Municipality,3rd,R9,L
[2024-11] 09-073-07-000,2024-11,2024,[11] November,"Dumalinao, Zamboanga del Sur",[1] Operational,,,,,[A] Operational,A,09-073-07-000,Dumalinao,Zamboanga del Sur,Region IX (Zamboanga Peninsula),Municipality,4th,R9,L
[2024-11] 09-073-43-000,2024-11,2024,[11] November,"Guipos, Zamboanga del Sur",[1] Operational,,,,,[A] Operational,B,09-073-43-000,Guipos,Zamboanga del Sur,Region IX (Zamboanga Peninsula),Municipality,4th,R9,L
[2024-11] 09-072-23-000,2024-11,2024,[11] November,"Gutalac, Zamboanga del Norte",[1] Operational,,,,,[A] Operational,A,09-072-23-000,Gutalac,Zamboanga del Norte,Region IX (Zamboanga Peninsula),Municipality,2nd,R9,L
[2024-11] 09-073-37-000,2024-11,2024,[11] November,"Josefina, Zamboanga del Sur",[1] Operational,,,,,[A] Operational,B,09-073-37-000,Josefina,Zamboanga del Sur,Region IX (Zamboanga Peninsula),Municipality,5th*,R9,L
[2024-11] 09-083-06-000,2024-11,2024,[11] November,"Kabasalan, Zamboanga Sibugay",[1] Operational,,,,,[A] Operational,A,09-083-06-000,Kabasalan,Zamboanga Sibugay,Region IX (Zamboanga Peninsula),Municipality,2nd,R9,L
[2024-11] 09-072-05-000,2024-11,2024,[11] November,"Labason, Zamboanga del Norte",[1] Operational,,,,,[A] Operational,B,09-072-05-000,Labason,Zamboanga del Norte,Region IX (Zamboanga Peninsula),Municipality,3rd,R9,L
[2024-11] 09-072-26-000,2024-11,2024,[11] November,"Leon B. Postigo (Bacungan), Zamboanga del Norte",[1] Operational,,,,,[A] Operational,B,09-072-26-000,Leon B. Postigo (Bacungan),Zamboanga del Norte,Region IX (Zamboanga Peninsula),Municipality,4th,R9,L
[2024-11] 09-073-15-000,2024-11,2024,[11] November,"Mahayag, Zamboanga del Sur",[1] Operational,,,,,[A] Operational,B,09-073-15-000,Mahayag,Zamboanga del Sur,Region IX (Zamboanga Peninsula),Municipality,3rd*,R9,L
[2024-11] 09-073-19-000,2024-11,2024,[11] November,"Molave, Zamboanga del Sur",[1] Operational,,,,,[A] Operational,A,09-073-19-000,Molave,Zamboanga del Sur,Region IX (Zamboanga Peninsula),Municipality,1st,R9,L
[2024-11] 09-072-10-000,2024-11,2024,[11] November,"Polanco, Zamboanga del Norte",[1] Operational,,,,,[A] Operational,A,09-072-10-000,Polanco,Zamboanga del Norte,Region IX (Zamboanga Peninsula),Municipality,3rd,R9,L
[2024-11] 09-073-23-000,2024-11,2024,[11] November,"Ramon Magsaysay, Zamboanga del Sur",[1] Operational,,,,,[A] Operational,A,09-073-23-000,Ramon Magsaysay,Zamboanga del Sur,Region IX (Zamboanga Peninsula),Municipality,4th*,R9,L
[2024-11] 09-072-13-000,2024-11,2024,[11] November,"Salug, Zamboanga del Norte",[1] Operational,,,,,[A] Operational,A,09-072-13-000,Salug,Zamboanga del Norte,Region IX (Zamboanga Peninsula),Municipality,3rd,R9,L
[2024-11] 09-073-25-000,2024-11,2024,[11] November,"San Pablo, Zamboanga del Sur",[1] Operational,,,,,[A] Operational,A,09-073-25-000,San Pablo,Zamboanga del Sur,Region IX (Zamboanga Peninsula),Municipality,4th*,R9,L
[2024-11] 09-072-15-000,2024-11,2024,[11] November,"Siayan, Zamboanga del Norte",[1] Operational,,,,,[A] Operational,B,09-072-15-000,Siayan,Zamboanga del Norte,Region IX (Zamboanga Peninsula),Municipality,2nd,R9,L
[2024-11] 09-072-18-000,2024-11,2024,[11] November,"Sindangan, Zamboanga del Norte",[1] Operational,,,,,[A] Operational,A,09-072-18-000,Sindangan,Zamboanga del Norte,Region IX (Zamboanga Peninsula),Municipality,1st,R9,L
[2024-11] 19-066-13-000,2024-11,2024,[11] November,"Talipao, Sulu",[1] Operational,,,,,[A] Operational,A,19-066-13-000,Talipao,Sulu,Bangsamoro Autonomous Region In Muslim Mindanao (BARMM),Municipality,1st,BARMM I,M
[2024-11] 09-073-28-000,2024-11,2024,[11] November,"Tambulig, Zamboanga del Sur",[1] Operational,,,,,[A] Operational,B,09-073-28-000,Tambulig,Zamboanga del Sur,Region IX (Zamboanga Peninsula),Municipality,4th*,R9,L
[2024-11] 09-072-21-000,2024-11,2024,[11] November,"Tampilisan, Zamboanga del Norte",[1] Operational,,,,,[A] Operational,A,09-072-21-000,Tampilisan,Zamboanga del Norte,Region IX (Zamboanga Peninsula),Municipality,4th,R9,L
[2024-11] 09-073-44-000,2024-11,2024,[11] November,"Tigbao, Zamboanga del Sur",[1] Operational,,,,,[A] Operational,B,09-073-44-000,Tigbao,Zamboanga del Sur,Region IX (Zamboanga Peninsula),Municipality,5th*,R9,L
[2024-11] 11-024-01-000,2024-11,2024,[11] November,"Bansalan, Davao del Sur",[1] Operational,,,,,[A] Operational,B,11-024-01-000,Bansalan,Davao del Sur,Region XI (Davao Region),Municipality,1st,R11,P
[2024-11] 11-024-03-000,2024-11,2024,[11] November,"City of Digos, Davao del Sur",[1] Operational,,,,,[A] Operational,B,11-024-03-000,City of Digos,Davao del Sur,Region XI (Davao Region),City,2nd,R11,P
[2024-11] 11-025-07-000,2024-11,2024,[11] November,"Lupon, Davao Oriental",[1] Operational,,,,,[A] Operational,B,11-025-07-000,Lupon,Davao Oriental,Region XI (Davao Region),Municipality,1st,R11,P
[2024-11] 11-025-08-000,2024-11,2024,[11] November,"Manay, Davao Oriental",[1] Operational,,,,,[A] Operational,A,11-025-08-000,Manay,Davao Oriental,Region XI (Davao Region),Municipality,2nd,R11,P
[2024-11] 11-024-10-000,2024-11,2024,[11] November,"Matanao, Davao del Sur",[1] Operational,,,,,[A] Operational,B,11-024-10-000,Matanao,Davao del Sur,Region XI (Davao Region),Municipality,2nd,R11,P
[2024-11] 11-025-10-000,2024-11,2024,[11] November,"San Isidro, Davao Oriental",[1] Operational,,,,,[A] Operational,A,11-025-10-000,San Isidro,Davao Oriental,Region XI (Davao Region),Municipality,3rd,R11,P
[2024-11] 11-024-14-000,2024-11,2024,[11] November,"Sulop, Davao del Sur",[1] Operational,,,,,[A] Operational,B,11-024-14-000,Sulop,Davao del Sur,Region XI (Davao Region),Municipality,3rd,R11,P
[2024-11] 10-042-01-000,2024-11,2024,[11] November,"Aloran, Misamis Occidental",[1] Operational,,,,,[A] Operational,A,10-042-01-000,Aloran,Misamis Occidental,Region X (Northern Mindanao),Municipality,4th,R10,N
[2024-11] 10-035-01-000,2024-11,2024,[11] November,"Bacolod, Lanao del Norte",[1] Operational,,,,,[A] Operational,A,10-035-01-000,Bacolod,Lanao del Norte,Region X (Northern Mindanao),Municipality,4th,R10,N
[2024-11] 10-042-04-000,2024-11,2024,[11] November,"Calamba, Misamis Occidental",[1] Operational,,,,,[A] Operational,A,10-042-04-000,Calamba,Misamis Occidental,Region X (Northern Mindanao),Municipality,4th,R10,N
[2024-11] 10-018-01-000,2024-11,2024,[11] November,"Catarman, Camiguin",[1] Operational,,,,,[A] Operational,B,10-018-01-000,Catarman,Camiguin,Region X (Northern Mindanao),Municipality,5th,R10,N
[2024-11] 10-043-07-000,2024-11,2024,[11] November,"City of El Salvador, Misamis Oriental",[1] Operational,,,,,[A] Operational,A,10-043-07-000,City of El Salvador,Misamis Oriental,Region X (Northern Mindanao),City,6th,R10,N
[2024-11] 10-042-05-000,2024-11,2024,[11] November,"Clarin, Misamis Occidental",[1] Operational,,,,,[A] Operational,A,10-042-05-000,Clarin,Misamis Occidental,Region X (Northern Mindanao),Municipality,4th,R10,N
[2024-11] 10-013-04-000,2024-11,2024,[11] November,"Don Carlos, Bukidnon",[1] Operational,,,,,[A] Operational,B,10-013-04-000,Don Carlos,Bukidnon,Region X (Northern Mindanao),Municipality,1st,R10,N
[2024-11] 10-018-02-000,2024-11,2024,[11] November,"Guinsiliban, Camiguin",[1] Operational,,,,,[A] Operational,A,10-018-02-000,Guinsiliban,Camiguin,Region X (Northern Mindanao),Municipality,6th,R10,N
[2024-11] 10-043-11-000,2024-11,2024,[11] November,"Jasaan, Misamis Oriental",[1] Operational,,,,,[A] Operational,A,10-043-11-000,Jasaan,Misamis Oriental,Region X (Northern Mindanao),Municipality,2nd,R10,N
[2024-11] 10-013-08-000,2024-11,2024,[11] November,"Kibawe, Bukidnon",[1] Operational,,,,,[A] Operational,A,10-013-08-000,Kibawe,Bukidnon,Region X (Northern Mindanao),Municipality,2nd,R10,N
[2024-11] 10-043-15-000,2024-11,2024,[11] November,"Libertad, Misamis Oriental",[1] Operational,,,,,[A] Operational,A,10-043-15-000,Libertad,Misamis Oriental,Region X (Northern Mindanao),Municipality,5th,R10,N
[2024-11] 10-018-04-000,2024-11,2024,[11] November,"Mambajao, Camiguin",[1] Operational,,,,,[A] Operational,A,10-018-04-000,Mambajao,Camiguin,Region X (Northern Mindanao),Municipality,3rd,R10,N
[2024-11] 10-043-20-000,2024-11,2024,[11] November,"Naawan, Misamis Oriental",[1] Operational,,,,,[A] Operational,A,10-043-20-000,Naawan,Misamis Oriental,Region X (Northern Mindanao),Municipality,4th,R10,N
[2024-11] 10-042-12-000,2024-11,2024,[11] November,"Plaridel, Misamis Occidental",[1] Operational,,,,,[A] Operational,A,10-042-12-000,Plaridel,Misamis Occidental,Region X (Northern Mindanao),Municipality,3rd,R10,N
[2024-11] 10-043-22-000,2024-11,2024,[11] November,"Salay, Misamis Oriental",[1] Operational,,,,,[A] Operational,A,10-043-22-000,Salay,Misamis Oriental,Region X (Northern Mindanao),Municipality,4th,R10,N
[2024-11] 10-043-24-000,2024-11,2024,[11] November,"Tagoloan, Misamis Oriental",[1] Operational,,,,,[A] Operational,A,10-043-24-000,Tagoloan,Misamis Oriental,Region X (Northern Mindanao),Municipality,1st,R10,N
[2024-11] 10-035-15-000,2024-11,2024,[11] November,"Nunungan, Lanao del Norte",[1] Operational,,,,,[A] Operational,B,10-035-15-000,Nunungan,Lanao del Norte,Region X (Northern Mindanao),Municipality,3rd,R10,N
[2024-11] 10-035-05-000,2024-11,2024,[11] November,"Kapatagan, Lanao del Norte",[1] Operational,,,,,[A] Operational,B,10-035-05-000,Kapatagan,Lanao del Norte,Region X (Northern Mindanao),Municipality,2nd,R10,N
[2024-11] 10-043-18-000,2024-11,2024,[11] November,"Manticao, Misamis Oriental",[1] Operational,,,,,[A] Operational,B,10-043-18-000,Manticao,Misamis Oriental,Region X (Northern Mindanao),Municipality,4th,R10,N
[2024-11] 10-043-01-000,2024-11,2024,[11] November,"Alubijid, Misamis Oriental",[1] Operational,,,,,[A] Operational,B,10-043-01-000,Alubijid,Misamis Oriental,Region X (Northern Mindanao),Municipality,4th,R10,N
[2024-11] 10-043-14-000,2024-11,2024,[11] November,"Laguindingan, Misamis Oriental",[1] Operational,,,,,[A] Operational,B,10-043-14-000,Laguindingan,Misamis Oriental,Region X (Northern Mindanao),Municipality,4th,R10,N
[2024-11] 10-043-03-000,2024-11,2024,[11] November,"Balingoan, Misamis Oriental",[1] Operational,,,,,[A] Operational,B,10-043-03-000,Balingoan,Misamis Oriental,Region X (Northern Mindanao),Municipality,5th,R10,N
[2024-11] 10-042-15-000,2024-11,2024,[11] November,"City of Tangub, Misamis Occidental",[1] Operational,,,,,[A] Operational,B,10-042-15-000,City of Tangub,Misamis Occidental,Region X (Northern Mindanao),City,4th,R10,N
[2024-11] 10-035-10-000,2024-11,2024,[11] November,"Linamon, Lanao del Norte",[1] Operational,,,,,[A] Operational,B,10-035-10-000,Linamon,Lanao del Norte,Region X (Northern Mindanao),Municipality,5th,R10,N
[2024-11] 10-018-03-000,2024-11,2024,[11] November,"Mahinog, Camiguin",[1] Operational,,,,,[A] Operational,B,10-018-03-000,Mahinog,Camiguin,Region X (Northern Mindanao),Municipality,5th,R10,N
[2024-11] 10-018-05-000,2024-11,2024,[11] November,"Sagay, Camiguin",[1] Operational,,,,,[A] Operational,B,10-018-05-000,Sagay,Camiguin,Region X (Northern Mindanao),Municipality,5th,R10,N
[2024-11] 10-043-06-000,2024-11,2024,[11] November,"Claveria, Misamis Oriental",[1] Operational,,,,,[A] Operational,B,10-043-06-000,Claveria,Misamis Oriental,Region X (Northern Mindanao),Municipality,1st,R10,N
[2024-11] 10-042-14-000,2024-11,2024,[11] November,"Sinacaban, Misamis Occidental",[1] Operational,,,,,[A] Operational,B,10-042-14-000,Sinacaban,Misamis Occidental,Region X (Northern Mindanao),Municipality,5th,R10,N
[2024-11] 10-042-03-000,2024-11,2024,[11] November,"Bonifacio, Misamis Occidental",[1] Operational,,,,,[A] Operational,B,10-042-03-000,Bonifacio,Misamis Occidental,Region X (Northern Mindanao),Municipality,4th,R10,N
[2024-11] 10-043-08-000,2024-11,2024,[11] November,"City of Gingoog, Misamis Oriental",[1] Operational,,,,,[A] Operational,B,10-043-08-000,City of Gingoog,Misamis Oriental,Region X (Northern Mindanao),City,2nd,R10,N
[2024-11] 10-042-13-000,2024-11,2024,[11] November,"Sapang Dalaga, Misamis Occidental",[1] Operational,,,,,[A] Operational,B,10-042-13-000,Sapang Dalaga,Misamis Occidental,Region X (Northern Mindanao),Municipality,5th*,R10,N
[2024-11] 10-035-06-000,2024-11,2024,[11] November,"Sultan Naga Dimaporo, Lanao del Norte",[1] Operational,,,,,[A] Operational,B,10-035-06-000,Sultan Naga Dimaporo,Lanao del Norte,Region X (Northern Mindanao),Municipality,3rd,R10,N
[2024-11] 10-043-16-000,2024-11,2024,[11] November,"Lugait, Misamis Oriental",[1] Operational,,,,,[A] Operational,B,10-043-16-000,Lugait,Misamis Oriental,Region X (Northern Mindanao),Municipality,2nd,R10,N
[2024-11] 10-043-21-000,2024-11,2024,[11] November,"Opol, Misamis Oriental",[1] Operational,,,,,[A] Operational,B,10-043-21-000,Opol,Misamis Oriental,Region X (Northern Mindanao),Municipality,2nd,R10,N
[2024-11] 10-043-23-000,2024-11,2024,[11] November,"Sugbongcogon, Misamis Oriental",[1] Operational,,,,,[A] Operational,B,10-043-23-000,Sugbongcogon,Misamis Oriental,Region X (Northern Mindanao),Municipality,5th,R10,N
[2024-11] 10-043-26-000,2024-11,2024,[11] November,"Villanueva, Misamis Oriental",[1] Operational,,,,,[A] Operational,B,10-043-26-000,Villanueva,Misamis Oriental,Region X (Northern Mindanao),Municipality,2nd,R10,N
[2024-11] 10-043-17-000,2024-11,2024,[11] November,"Magsaysay, Misamis Oriental",[1] Operational,,,,,[A] Operational,B,10-043-17-000,Magsaysay,Misamis Oriental,Region X (Northern Mindanao),Municipality,4th,R10,N
[2024-11] 10-042-07-000,2024-11,2024,[11] November,"Jimenez, Misamis Occidental",[1] Operational,,,,,[A] Operational,B,10-042-07-000,Jimenez,Misamis Occidental,Region X (Northern Mindanao),Municipality,3rd,R10,N
[2024-11] 10-013-05-000,2024-11,2024,[11] November,"Impasug-ong, Bukidnon",[1] Operational,,,,,[A] Operational,B,10-013-05-000,Impasug-ong,Bukidnon,Region X (Northern Mindanao),Municipality,1st,R10,N
[2024-11] 10-043-25-000,2024-11,2024,[11] November,"Talisayan, Misamis Oriental",[1] Operational,,,,,[A] Operational,B,10-043-25-000,Talisayan,Misamis Oriental,Region X (Northern Mindanao),Municipality,4th,R10,N
[2024-11] 10-043-02-000,2024-11,2024,[11] November,"Balingasag, Misamis Oriental",[1] Operational,,,,,[A] Operational,B,10-043-02-000,Balingasag,Misamis Oriental,Region X (Northern Mindanao),Municipality,2nd,R10,N
[2024-11] 10-042-10-000,2024-11,2024,[11] November,"City of Ozamiz, Misamis Occidental",[2] Ongoing Testing and Data Build-up,20%,,,,[B] Developmental,#N/A,10-042-10-000,City of Ozamiz,Misamis Occidental,Region X (Northern Mindanao),City,3rd,R10,N
[2024-11] 10-035-03-000,2024-11,2024,[11] November,"Baroy, Lanao del Norte",[1] Operational,,,,,[A] Operational,#N/A,10-035-03-000,Baroy,Lanao del Norte,Region X (Northern Mindanao),Municipality,4th,R10,N
[2024-11] 12-080-01-000,2024-11,2024,[11] November,"Alabel, Sarangani",[1] Operational,,,,,[A] Operational,B,12-080-01-000,Alabel,Sarangani,Region XII (SOCCSKSARGEN),Municipality,1st,R12,Q
[2024-11] 12-047-17-000,2024-11,2024,[11] November,"Aleosan, Cotabato",[1] Operational,,,,,[A] Operational,A,12-047-17-000,Aleosan,Cotabato,Region XII (SOCCSKSARGEN),Municipality,3rd,R12,Q
[2024-11] 12-065-01-000,2024-11,2024,[11] November,"Bagumbayan, Sultan Kudarat",[1] Operational,,,,,[A] Operational,B,12-065-01-000,Bagumbayan,Sultan Kudarat,Region XII (SOCCSKSARGEN),Municipality,1st,R12,Q
[2024-11] 12-047-04-000,2024-11,2024,[11] November,"City of Kidapawan, Cotabato",[1] Operational,,,,,[A] Operational,B,12-047-04-000,City of Kidapawan,Cotabato,Region XII (SOCCSKSARGEN),City,3rd,R12,Q
[2024-11] 12-065-02-000,2024-11,2024,[11] November,"Columbio, Sultan Kudarat",[1] Operational,,,,,[A] Operational,A,12-065-02-000,Columbio,Sultan Kudarat,Region XII (SOCCSKSARGEN),Municipality,1st,R12,Q
[2024-11] 12-047-03-000,2024-11,2024,[11] November,"Kabacan, Cotabato",[1] Operational,,,,,[A] Operational,B,12-047-03-000,Kabacan,Cotabato,Region XII (SOCCSKSARGEN),Municipality,1st,R12,Q
[2024-11] 12-065-06-000,2024-11,2024,[11] November,"Lebak, Sultan Kudarat",[1] Operational,,,,,[A] Operational,B,12-065-06-000,Lebak,Sultan Kudarat,Region XII (SOCCSKSARGEN),Municipality,1st,R12,Q
[2024-11] 12-047-10-000,2024-11,2024,[11] November,"M'Lang, Cotabato",[1] Operational,,,,,[A] Operational,A,12-047-10-000,M'Lang,Cotabato,Region XII (SOCCSKSARGEN),Municipality,1st,R12,Q
[2024-11] 12-047-09-000,2024-11,2024,[11] November,"Midsayap, Cotabato",[2] Ongoing Testing and Data Build-up,100%,,,,[B] Developmental,A,12-047-09-000,Midsayap,Cotabato,Region XII (SOCCSKSARGEN),Municipality,1st,R12,Q
[2024-11] 12-047-11-000,2024-11,2024,[11] November,"Pigkawayan, Cotabato",[1] Operational,,,,,[A] Operational,A,12-047-11-000,Pigkawayan,Cotabato,Region XII (SOCCSKSARGEN),Municipality,1st,R12,Q
[2024-11] 12-047-12-000,2024-11,2024,[11] November,"Pikit, Cotabato",[1] Operational,,,,,[A] Operational,A,12-047-12-000,Pikit,Cotabato,Region XII (SOCCSKSARGEN),Municipality,1st,R12,Q
[2024-11] 12-047-13-000,2024-11,2024,[11] November,"President Roxas, Cotabato",[2] Ongoing Testing and Data Build-up,65%,,,,[B] Developmental,A,12-047-13-000,President Roxas,Cotabato,Region XII (SOCCSKSARGEN),Municipality,1st,R12,Q
[2024-11] 12-065-12-000,2024-11,2024,[11] November,"Sen. Ninoy Aquino, Sultan Kudarat",[1] Operational,,,,,[A] Operational,B,12-065-12-000,Sen. Ninoy Aquino,Sultan Kudarat,Region XII (SOCCSKSARGEN),Municipality,3rd,R12,Q
[2024-11] 12-063-15-000,2024-11,2024,[11] November,"Tantangan, South Cotabato",[1] Operational,,,,,[A] Operational,#N/A,12-063-15-000,Tantangan,South Cotabato,Region XII (SOCCSKSARGEN),Municipality,3rd,R12,Q
[2024-11] 12-065-05-000,2024-11,2024,[11] November,"Kalamansig, Sultan Kudarat",[2] Ongoing Testing and Data Build-up,5%,,,,[B] Developmental,#N/A,12-065-05-000,Kalamansig,Sultan Kudarat,Region XII (SOCCSKSARGEN),Municipality,1st,R12,Q
[2024-11] 16-067-01-000,2024-11,2024,[11] November,"Alegria, Surigao del Norte",[1] Operational,,,,,[A] Operational,B,16-067-01-000,Alegria,Surigao del Norte,Region XIII (Caraga),Municipality,5th,R13,O
[2024-11] 16-068-04-000,2024-11,2024,[11] November,"Cagwait, Surigao del Sur",[1] Operational,,,,,[A] Operational,B,16-068-04-000,Cagwait,Surigao del Sur,Region XIII (Caraga),Municipality,4th,R13,O
[2024-11] 16-002-03-000,2024-11,2024,[11] November,"City of Cabadbaran, Agusan del Norte",[1] Operational,,,,,[A] Operational,B,16-002-03-000,City of Cabadbaran,Agusan del Norte,Region XIII (Caraga),City,6th,R13,O
[2024-11] 16-068-19-000,2024-11,2024,[11] November,"City of Tandag, Surigao del Sur",[1] Operational,,,,,[A] Operational,A,16-068-19-000,City of Tandag,Surigao del Sur,Region XIII (Caraga),City,5th,R13,O
[2024-11] 16-085-03-000,2024-11,2024,[11] November,"Dinagat, Dinagat Islands",[1] Operational,,,,,[A] Operational,A,16-085-03-000,Dinagat,Dinagat Islands,Region XIII (Caraga),Municipality,5th,R13,O
[2024-11] 16-002-07-000,2024-11,2024,[11] November,"Las Nieves, Agusan del Norte",[1] Operational,,,,,[A] Operational,B,16-002-07-000,Las Nieves,Agusan del Norte,Region XIII (Caraga),Municipality,2nd,R13,O
[2024-11] 16-068-14-000,2024-11,2024,[11] November,"Marihatag, Surigao del Sur",[1] Operational,,,,,[A] Operational,A,16-068-14-000,Marihatag,Surigao del Sur,Region XIII (Caraga),Municipality,3rd,R13,O
[2024-11] 16-002-12-000,2024-11,2024,[11] November,"Remedios T. Romualdez, Agusan del Norte",[1] Operational,,,,,[A] Operational,B,16-002-12-000,Remedios T. Romualdez,Agusan del Norte,Region XIII (Caraga),Municipality,5th,R13,O
[2024-11] 16-068-15-000,2024-11,2024,[11] November,"San Agustin, Surigao del Sur",[1] Operational,,,,,[A] Operational,A,16-068-15-000,San Agustin,Surigao del Sur,Region XIII (Caraga),Municipality,4th,R13,O
[2024-11] 16-003-08-000,2024-11,2024,[11] November,"San Francisco, Agusan del Sur",[1] Operational,,,,,[A] Operational,A,16-003-08-000,San Francisco,Agusan del Sur,Region XIII (Caraga),Municipality,1st,R13,O
[2024-11] 16-085-06-000,2024-11,2024,[11] November,"San Jose, Dinagat Islands",[3] With Concerns,,,,,[A] Operational,B,16-085-06-000,San Jose,Dinagat Islands,Region XIII (Caraga),Municipality,4th*,R13,O
[2024-11] 16-003-10-000,2024-11,2024,[11] November,"Santa Josefa, Agusan del Sur",[1] Operational,,,,,[A] Operational,A,16-003-10-000,Santa Josefa,Agusan del Sur,Region XIII (Caraga),Municipality,3rd,R13,O
[2024-11] 16-002-10-000,2024-11,2024,[11] November,"Santiago, Agusan del Norte",[1] Operational,,,,,[A] Operational,A,16-002-10-000,Santiago,Agusan del Norte,Region XIII (Caraga),Municipality,4th,R13,O
[2024-11] 16-067-22-000,2024-11,2024,[11] November,"Sison, Surigao del Norte",[1] Operational,,,,,[A] Operational,B,16-067-22-000,Sison,Surigao del Norte,Region XIII (Caraga),Municipality,5th,R13,O
[2024-11] 16-067-23-000,2024-11,2024,[11] November,"Socorro, Surigao del Norte",[1] Operational,,,,,[A] Operational,B,16-067-23-000,Socorro,Surigao del Norte,Region XIII (Caraga),Municipality,4th,R13,O
[2024-11] 16-067-25-000,2024-11,2024,[11] November,"Tagana-An, Surigao del Norte",[1] Operational,,,,,[A] Operational,B,16-067-25-000,Tagana-An,Surigao del Norte,Region XIII (Caraga),Municipality,5th*,R13,O
[2024-11] 16-068-18-000,2024-11,2024,[11] November,"Tago, Surigao del Sur",[1] Operational,,,,,[A] Operational,A,16-068-18-000,Tago,Surigao del Sur,Region XIII (Caraga),Municipality,2nd,R13,O
[2024-11] 16-003-12-000,2024-11,2024,[11] November,"Trento, Agusan del Sur",[1] Operational,,,,,[A] Operational,A,16-003-12-000,Trento,Agusan del Sur,Region XIII (Caraga),Municipality,1st,R13,O
[2024-11] 16-067-27-000,2024-11,2024,[11] November,"Tubod, Surigao del Norte",[1] Operational,,,,,[A] Operational,B,16-067-27-000,Tubod,Surigao del Norte,Region XIII (Caraga),Municipality,5th,R13,O
[2024-11] 16-067-14-000,2024-11,2024,[11] November,"Mainit, Surigao del Norte",[1] Operational,,,,,[A] Operational,B,16-067-14-000,Mainit,Surigao del Norte,Region XIII (Caraga),Municipality,4th,R13,O
[2024-11] 16-085-02-000,2024-11,2024,[11] November,"Cagdianao, Dinagat Islands",[1] Operational,,,,,[A] Operational,B,16-085-02-000,Cagdianao,Dinagat Islands,Region XIII (Caraga),Municipality,3rd,R13,O
[2024-11] 16-067-04-000,2024-11,2024,[11] November,"Burgos, Surigao del Norte",[1] Operational,,,,,[A] Operational,#N/A,16-067-04-000,Burgos,Surigao del Norte,Region XIII (Caraga),Municipality,6th,R13,O
[2024-11] 19-087-13-000,2024-11,2024,[11] November,"Upi, Maguindanao del Norte",[1] Operational,,,,,[A] Operational,A,19-087-13-000,Upi,Maguindanao del Norte,Bangsamoro Autonomous Region In Muslim Mindanao (BARMM),Municipality,1st,BARMM II,R
[2024-11] 19-087-09-000,2024-11,2024,[11] November,"Parang, Maguindanao del Norte",[1] Operational,,,,,[A] Operational,A,19-087-09-000,Parang,Maguindanao del Norte,Bangsamoro Autonomous Region In Muslim Mindanao (BARMM),Municipality,1st*,BARMM II,R
[2024-11] 19-088-06-000,2024-11,2024,[11] November,"Datu Paglas, Maguindanao del Sur",[1] Operational,,,,,[A] Operational,A,19-088-06-000,Datu Paglas,Maguindanao del Sur,Bangsamoro Autonomous Region In Muslim Mindanao (BARMM),Municipality,4th,BARMM II,R
[2024-11] 19-088-20-000,2024-11,2024,[11] November,"Shariff Aguak, Maguindanao del Sur",[1] Operational,,,,,[A] Operational,B,19-088-20-000,Shariff Aguak,Maguindanao del Sur,Bangsamoro Autonomous Region In Muslim Mindanao (BARMM),Municipality,2nd,BARMM II,R
[2024-11] 19-087-10-000,2024-11,2024,[11] November,"Sultan Kudarat, Maguindanao del Norte",[1] Operational,,,,,[A] Operational,B,19-087-10-000,Sultan Kudarat,Maguindanao del Norte,Bangsamoro Autonomous Region In Muslim Mindanao (BARMM),Municipality,1st,BARMM II,R
[2024-11] 19-088-01-000,2024-11,2024,[11] November,"Ampatuan, Maguindanao del Sur",[1] Operational,,,,,[A] Operational,B,19-088-01-000,Ampatuan,Maguindanao del Sur,Bangsamoro Autonomous Region In Muslim Mindanao (BARMM),Municipality,4th,BARMM II,R
[2024-11] 19-088-03-000,2024-11,2024,[11] November,"Datu Abdullah Sangki, Maguindanao del Sur",[2] Ongoing Testing and Data Build-up,65%,,,,[B] Developmental,B,19-088-03-000,Datu Abdullah Sangki,Maguindanao del Sur,Bangsamoro Autonomous Region In Muslim Mindanao (BARMM),Municipality,-,BARMM II,R
[2024-11] 14-027-08-000,2024-11,2024,[11] November,"Aguinaldo, Ifugao",[1] Operational,,,,,[A] Operational,A,14-027-08-000,Aguinaldo,Ifugao,Cordillera Administrative Region (CAR),Municipality,2nd,CAR,B
[2024-11] 14-027-11-000,2024-11,2024,[11] November,"Asipulo, Ifugao",[1] Operational,,,,,[A] Operational,A,14-027-11-000,Asipulo,Ifugao,Cordillera Administrative Region (CAR),Municipality,5th,CAR,B
[2024-11] 14-044-04-000,2024-11,2024,[11] November,"Bontoc, Mountain Province",[1] Operational,,,,,[A] Operational,B,14-044-04-000,Bontoc,Mountain Province,Cordillera Administrative Region (CAR),Municipality,2nd,CAR,B
[2024-11] 14-032-13-000,2024-11,2024,[11] November,"City of Tabuk, Kalinga",[1] Operational,,,,,[A] Operational,A,14-032-13-000,City of Tabuk,Kalinga,Cordillera Administrative Region (CAR),City,5th,CAR,B
[2024-11] 14-001-07-000,2024-11,2024,[11] November,"Dolores, Abra",[1] Operational,,,,,[A] Operational,B,14-001-07-000,Dolores,Abra,Cordillera Administrative Region (CAR),Municipality,5th,CAR,B
[2024-11] 14-027-02-000,2024-11,2024,[11] November,"Hungduan, Ifugao",[1] Operational,,,,,[A] Operational,B,14-027-02-000,Hungduan,Ifugao,Cordillera Administrative Region (CAR),Municipality,4th,CAR,B
[2024-11] 14-027-05-000,2024-11,2024,[11] November,"Lamut, Ifugao",[1] Operational,,,,,[A] Operational,B,14-027-05-000,Lamut,Ifugao,Cordillera Administrative Region (CAR),Municipality,4th,CAR,B
[2024-11] 14-081-05-000,2024-11,2024,[11] November,"Luna, Apayao",[1] Operational,,,,,[A] Operational,B,14-081-05-000,Luna,Apayao,Cordillera Administrative Region (CAR),Municipality,2nd,CAR,B
[2024-11] 14-044-06-000,2024-11,2024,[11] November,"Paracelis, Mountain Province",[1] Operational,,,,,[A] Operational,B,14-044-06-000,Paracelis,Mountain Province,Cordillera Administrative Region (CAR),Municipality,2nd,CAR,B
[2024-11] 14-001-17-000,2024-11,2024,[11] November,"Peñarrubia, Abra",[1] Operational,,,,,[A] Operational,B,14-001-17-000,Peñarrubia,Abra,Cordillera Administrative Region (CAR),Municipality,6th,CAR,B
[2024-11] 14-081-06-000,2024-11,2024,[11] November,"Pudtol, Apayao",[1] Operational,,,,,[A] Operational,B,14-081-06-000,Pudtol,Apayao,Cordillera Administrative Region (CAR),Municipality,4th,CAR,B
[2024-11] 14-011-12-000,2024-11,2024,[11] November,"Sablan, Benguet",[1] Operational,,,,,[A] Operational,A,14-011-12-000,Sablan,Benguet,Cordillera Administrative Region (CAR),Municipality,5th,CAR,B
[2024-11] 14-011-13-000,2024-11,2024,[11] November,"Tuba, Benguet",[1] Operational,,,,,[A] Operational,A,14-011-13-000,Tuba,Benguet,Cordillera Administrative Region (CAR),Municipality,1st,CAR,B
[2024-11] 14-011-14-000,2024-11,2024,[11] November,"Tublay, Benguet",[1] Operational,,,,,[A] Operational,B,14-011-14-000,Tublay,Benguet,Cordillera Administrative Region (CAR),Municipality,5th,CAR,B
[2024-11] 14-001-06-000,2024-11,2024,[11] November,"Danglas, Abra",[1] Operational,,,,,[A] Operational,#N/A,14-001-06-000,Danglas,Abra,Cordillera Administrative Region (CAR),Municipality,5th,CAR,B
[2024-11] 01-028-01-000,2024-11,2024,[11] November,"Adams, Ilocos Norte",[1] Operational,,,,,[A] Operational,A,01-028-01-000,Adams,Ilocos Norte,Region I (Ilocos Region),Municipality,5th,R1,C
[2024-11] 01-033-01-000,2024-11,2024,[11] November,"Agoo, La Union",[1] Operational,,,,,[A] Operational,A,01-033-01-000,Agoo,La Union,Region I (Ilocos Region),Municipality,1st,R1,C
[2024-11] 01-055-02-000,2024-11,2024,[11] November,"Aguilar, Pangasinan",[1] Operational,,,,,[A] Operational,B,01-055-02-000,Aguilar,Pangasinan,Region I (Ilocos Region),Municipality,3rd,R1,C
[2024-11] 01-033-02-000,2024-11,2024,[11] November,"Aringay, La Union",[1] Operational,,,,,[A] Operational,B,01-033-02-000,Aringay,La Union,Region I (Ilocos Region),Municipality,2nd,R1,C
[2024-11] 01-028-03-000,2024-11,2024,[11] November,"Badoc, Ilocos Norte",[1] Operational,,,,,[A] Operational,B,01-028-03-000,Badoc,Ilocos Norte,Region I (Ilocos Region),Municipality,3rd,R1,C
[2024-11] 01-033-05-000,2024-11,2024,[11] November,"Balaoan, La Union",[1] Operational,,,,,[A] Operational,B,01-033-05-000,Balaoan,La Union,Region I (Ilocos Region),Municipality,1st,R1,C
[2024-11] 01-055-07-000,2024-11,2024,[11] November,"Balungao, Pangasinan",[1] Operational,,,,,[A] Operational,B,01-055-07-000,Balungao,Pangasinan,Region I (Ilocos Region),Municipality,4th,R1,C
[2024-11] 01-029-02-000,2024-11,2024,[11] November,"Banayoyo, Ilocos Sur",[1] Operational,,,,,[A] Operational,B,01-029-02-000,Banayoyo,Ilocos Sur,Region I (Ilocos Region),Municipality,4th,R1,C
[2024-11] 01-028-04-000,2024-11,2024,[11] November,"Bangui, Ilocos Norte",[1] Operational,,,,,[A] Operational,A,01-028-04-000,Bangui,Ilocos Norte,Region I (Ilocos Region),Municipality,4th,R1,C
[2024-11] 01-029-03-000,2024-11,2024,[11] November,"Bantay, Ilocos Sur",[2] Ongoing Testing and Data Build-up,75%,,,,[B] Developmental,B,01-029-03-000,Bantay,Ilocos Sur,Region I (Ilocos Region),Municipality,3rd,R1,C
[2024-11] 01-055-10-000,2024-11,2024,[11] November,"Bautista, Pangasinan",[1] Operational,,,,,[A] Operational,A,01-055-10-000,Bautista,Pangasinan,Region I (Ilocos Region),Municipality,4th,R1,C
[2024-11] 01-055-11-000,2024-11,2024,[11] November,"Bayambang, Pangasinan",[1] Operational,,,,,[A] Operational,A,01-055-11-000,Bayambang,Pangasinan,Region I (Ilocos Region),Municipality,1st,R1,C
[2024-11] 01-033-08-000,2024-11,2024,[11] November,"Burgos, La Union",[1] Operational,,,,,[A] Operational,A,01-033-08-000,Burgos,La Union,Region I (Ilocos Region),Municipality,5th,R1,C
[2024-11] 01-033-09-000,2024-11,2024,[11] November,"Caba, La Union",[1] Operational,,,,,[A] Operational,A,01-033-09-000,Caba,La Union,Region I (Ilocos Region),Municipality,4th,R1,C
[2024-11] 01-029-07-000,2024-11,2024,[11] November,"Caoayan, Ilocos Sur",[1] Operational,,,,,[A] Operational,A,01-029-07-000,Caoayan,Ilocos Sur,Region I (Ilocos Region),Municipality,4th,R1,C
[2024-11] 01-028-05-000,2024-11,2024,[11] November,"City of Batac, Ilocos Norte",[1] Operational,,,,,[A] Operational,A,01-028-05-000,City of Batac,Ilocos Norte,Region I (Ilocos Region),City,5th,R1,C
[2024-11] 01-029-06-000,2024-11,2024,[11] November,"City of Candon, Ilocos Sur",[2] Ongoing Testing and Data Build-up,50%,,,,[B] Developmental,A,01-029-06-000,City of Candon,Ilocos Sur,Region I (Ilocos Region),City,4th,R1,C
[2024-11] 01-028-12-000,2024-11,2024,[11] November,"City of Laoag, Ilocos Norte",[1] Operational,,,,,[A] Operational,B,01-028-12-000,City of Laoag,Ilocos Norte,Region I (Ilocos Region),City,3rd,R1,C
[2024-11] 01-028-09-000,2024-11,2024,[11] November,"Dingras, Ilocos Norte",[1] Operational,100%,,,,[A] Operational,A,01-028-09-000,Dingras,Ilocos Norte,Region I (Ilocos Region),Municipality,2nd,R1,C
[2024-11] 01-028-10-000,2024-11,2024,[11] November,"Dumalneg, Ilocos Norte",[1] Operational,,,,,[A] Operational,A,01-028-10-000,Dumalneg,Ilocos Norte,Region I (Ilocos Region),Municipality,5th,R1,C
[2024-11] 01-029-11-000,2024-11,2024,[11] November,"Lidlidda, Ilocos Sur",[1] Operational,,,,,[A] Operational,B,01-029-11-000,Lidlidda,Ilocos Sur,Region I (Ilocos Region),Municipality,5th,R1,C
[2024-11] 01-055-26-000,2024-11,2024,[11] November,"Mangaldan, Pangasinan",[1] Operational,,,,,[A] Operational,A,01-055-26-000,Mangaldan,Pangasinan,Region I (Ilocos Region),Municipality,1st,R1,C
[2024-11] 01-055-28-000,2024-11,2024,[11] November,"Mapandan, Pangasinan",[1] Operational,,,,,[A] Operational,A,01-055-28-000,Mapandan,Pangasinan,Region I (Ilocos Region),Municipality,3rd,R1,C
[2024-11] 01-033-11-000,2024-11,2024,[11] November,"Naguilian, La Union",[2] Ongoing Testing and Data Build-up,80%,,,,[B] Developmental,B,01-033-11-000,Naguilian,La Union,Region I (Ilocos Region),Municipality,1st,R1,C
[2024-11] 01-028-14-000,2024-11,2024,[11] November,"Nueva Era, Ilocos Norte",[1] Operational,,,,,[A] Operational,A,01-028-14-000,Nueva Era,Ilocos Norte,Region I (Ilocos Region),Municipality,3rd,R1,C
[2024-11] 01-028-17-000,2024-11,2024,[11] November,"Pasuquin, Ilocos Norte",[1] Operational,,,,,[A] Operational,A,01-028-17-000,Pasuquin,Ilocos Norte,Region I (Ilocos Region),Municipality,3rd,R1,C
[2024-11] 01-028-18-000,2024-11,2024,[11] November,"Piddig, Ilocos Norte",[1] Operational,,,,,[A] Operational,A,01-028-18-000,Piddig,Ilocos Norte,Region I (Ilocos Region),Municipality,3rd,R1,C
[2024-11] 01-055-30-000,2024-11,2024,[11] November,"Pozorrubio, Pangasinan",[1] Operational,,,,,[A] Operational,A,01-055-30-000,Pozorrubio,Pangasinan,Region I (Ilocos Region),Municipality,1st,R1,C
[2024-11] 01-033-13-000,2024-11,2024,[11] November,"Rosario, La Union",[1] Operational,,,,,[A] Operational,B,01-033-13-000,Rosario,La Union,Region I (Ilocos Region),Municipality,1st,R1,C
[2024-11] 01-029-18-000,2024-11,2024,[11] November,"San Esteban, Ilocos Sur",[1] Operational,,,,,[A] Operational,B,01-029-18-000,San Esteban,Ilocos Sur,Region I (Ilocos Region),Municipality,5th,R1,C
[2024-11] 01-055-33-000,2024-11,2024,[11] November,"San Fabian, Pangasinan",[2] Ongoing Testing and Data Build-up,50%,,,,[B] Developmental,A,01-055-33-000,San Fabian,Pangasinan,Region I (Ilocos Region),Municipality,1st,R1,C
[2024-11] 01-029-20-000,2024-11,2024,[11] November,"San Juan, Ilocos Sur",[1] Operational,,,,,[A] Operational,A,01-029-20-000,San Juan,Ilocos Sur,Region I (Ilocos Region),Municipality,3rd,R1,C
[2024-11] 01-055-35-000,2024-11,2024,[11] November,"San Manuel, Pangasinan",[1] Operational,,,,,[A] Operational,A,01-055-35-000,San Manuel,Pangasinan,Region I (Ilocos Region),Municipality,1st,R1,C
[2024-11] 01-028-20-000,2024-11,2024,[11] November,"San Nicolas, Ilocos Norte",[1] Operational,,,,,[A] Operational,A,01-028-20-000,San Nicolas,Ilocos Norte,Region I (Ilocos Region),Municipality,2nd,R1,C
[2024-11] 01-055-36-000,2024-11,2024,[11] November,"San Nicolas, Pangasinan",[1] Operational,,,,,[A] Operational,A,01-055-36-000,San Nicolas,Pangasinan,Region I (Ilocos Region),Municipality,1st,R1,C
[2024-11] 01-055-38-000,2024-11,2024,[11] November,"Santa Barbara, Pangasinan",[1] Operational,,,,,[A] Operational,A,01-055-38-000,Santa Barbara,Pangasinan,Region I (Ilocos Region),Municipality,1st,R1,C
[2024-11] 01-029-28-000,2024-11,2024,[11] November,"Santo Domingo, Ilocos Sur",[1] Operational,,,,,[A] Operational,B,01-029-28-000,Santo Domingo,Ilocos Sur,Region I (Ilocos Region),Municipality,3rd,R1,C
[2024-11] 01-033-17-000,2024-11,2024,[11] November,"Santo Tomas, La Union",[1] Operational,,,,,[A] Operational,A,01-033-17-000,Santo Tomas,La Union,Region I (Ilocos Region),Municipality,4th,R1,C
[2024-11] 01-055-40-000,2024-11,2024,[11] November,"Santo Tomas, Pangasinan",[2] Ongoing Testing and Data Build-up,50%,,,,[B] Developmental,A,01-055-40-000,Santo Tomas,Pangasinan,Region I (Ilocos Region),Municipality,5th,R1,C
[2024-11] 01-028-21-000,2024-11,2024,[11] November,"Sarrat, Ilocos Norte",[1] Operational,,,,,[A] Operational,A,01-028-21-000,Sarrat,Ilocos Norte,Region I (Ilocos Region),Municipality,4th,R1,C
[2024-11] 01-029-30-000,2024-11,2024,[11] November,"Sinait, Ilocos Sur",[1] Operational,,,,,[A] Operational,A,01-029-30-000,Sinait,Ilocos Sur,Region I (Ilocos Region),Municipality,3rd,R1,C
[2024-11] 01-055-41-000,2024-11,2024,[11] November,"Sison, Pangasinan",[2] Ongoing Testing and Data Build-up,50%,,,,[B] Developmental,A,01-055-41-000,Sison,Pangasinan,Region I (Ilocos Region),Municipality,3rd,R1,C
[2024-11] 01-028-22-000,2024-11,2024,[11] November,"Solsona, Ilocos Norte",[1] Operational,,,,,[A] Operational,A,01-028-22-000,Solsona,Ilocos Norte,Region I (Ilocos Region),Municipality,3rd,R1,C
[2024-11] 01-029-32-000,2024-11,2024,[11] November,"Suyo, Ilocos Sur",[1] Operational,,,,,[A] Operational,A,01-029-32-000,Suyo,Ilocos Sur,Region I (Ilocos Region),Municipality,4th,R1,C
[2024-11] 01-029-33-000,2024-11,2024,[11] November,"Tagudin, Ilocos Sur",[1] Operational,,,,,[A] Operational,A,01-029-33-000,Tagudin,Ilocos Sur,Region I (Ilocos Region),Municipality,2nd,R1,C
[2024-11] 01-033-20-000,2024-11,2024,[11] November,"Tubao, La Union",[1] Operational,,,,,[A] Operational,A,01-033-20-000,Tubao,La Union,Region I (Ilocos Region),Municipality,4th,R1,C
[2024-11] 02-031-01-000,2024-11,2024,[11] November,"Alicia, Isabela",[1] Operational,,,,,[A] Operational,#N/A,02-031-01-000,Alicia,Isabela,Region II (Cagayan Valley),Municipality,1st,R2,D
[2024-11] 02-015-04-000,2024-11,2024,[11] November,"Amulung, Cagayan",[1] Operational,,,,,[A] Operational,#N/A,02-015-04-000,Amulung,Cagayan,Region II (Cagayan Valley),Municipality,2nd,R2,D
[2024-11] 02-050-02-000,2024-11,2024,[11] November,"Aritao, Nueva Vizcaya",[1] Operational,,,,,[A] Operational,#N/A,02-050-02-000,Aritao,Nueva Vizcaya,Region II (Cagayan Valley),Municipality,2nd,R2,D
[2024-11] 02-031-03-000,2024-11,2024,[11] November,"Aurora, Isabela",[1] Operational,,,,,[A] Operational,A,02-031-03-000,Aurora,Isabela,Region II (Cagayan Valley),Municipality,3rd,R2,D
[2024-11] 02-015-06-000,2024-11,2024,[11] November,"Baggao, Cagayan",[1] Operational,,,,,[A] Operational,B,02-015-06-000,Baggao,Cagayan,Region II (Cagayan Valley),Municipality,1st,R2,D
[2024-11] 02-050-04-000,2024-11,2024,[11] November,"Bambang, Nueva Vizcaya",[1] Operational,,,,,[A] Operational,A,02-050-04-000,Bambang,Nueva Vizcaya,Region II (Cagayan Valley),Municipality,1st,R2,D
[2024-11] 02-031-05-000,2024-11,2024,[11] November,"Burgos, Isabela",[1] Operational,,,,,[A] Operational,#N/A,02-031-05-000,Burgos,Isabela,Region II (Cagayan Valley),Municipality,4th,R2,D
[2024-11] 02-031-06-000,2024-11,2024,[11] November,"Cabagan, Isabela",[1] Operational,,,,,[A] Operational,B,02-031-06-000,Cabagan,Isabela,Region II (Cagayan Valley),Municipality,1st,R2,D
[2024-11] 02-057-02-000,2024-11,2024,[11] November,"Cabarroguis, Quirino",[1] Operational,,,,,[A] Operational,#N/A,02-057-02-000,Cabarroguis,Quirino,Region II (Cagayan Valley),Municipality,3rd,R2,D
[2024-11] 02-015-10-000,2024-11,2024,[11] November,"Camalaniugan, Cagayan",[1] Operational,,,,,[A] Operational,A,02-015-10-000,Camalaniugan,Cagayan,Region II (Cagayan Valley),Municipality,4th,R2,D
[2024-11] 02-031-14-000,2024-11,2024,[11] November,"City of Ilagan, Isabela",[1] Operational,,,,,[A] Operational,A,02-031-14-000,City of Ilagan,Isabela,Region II (Cagayan Valley),City,1st (as Mun),R2,D
[2024-11] 02-057-03-000,2024-11,2024,[11] November,"Diffun, Quirino",[1] Operational,,,,,[A] Operational,B,02-057-03-000,Diffun,Quirino,Region II (Cagayan Valley),Municipality,2nd,R2,D
[2024-11] 02-031-10-000,2024-11,2024,[11] November,"Dinapigue, Isabela",[1] Operational,,,,,[A] Operational,#N/A,02-031-10-000,Dinapigue,Isabela,Region II (Cagayan Valley),Municipality,1st,R2,D
[2024-11] 02-031-11-000,2024-11,2024,[11] November,"Divilacan, Isabela",[1] Operational,,,,,[A] Operational,#N/A,02-031-11-000,Divilacan,Isabela,Region II (Cagayan Valley),Municipality,2nd,R2,D
[2024-11] 02-031-12-000,2024-11,2024,[11] November,"Echague, Isabela",[1] Operational,,,,,[A] Operational,#N/A,02-031-12-000,Echague,Isabela,Region II (Cagayan Valley),Municipality,1st,R2,D
[2024-11] 02-031-13-000,2024-11,2024,[11] November,"Gamu, Isabela",[1] Operational,,,,,[A] Operational,A,02-031-13-000,Gamu,Isabela,Region II (Cagayan Valley),Municipality,4th,R2,D
[2024-11] 02-015-13-000,2024-11,2024,[11] November,"Gattaran, Cagayan",[1] Operational,,,,,[A] Operational,B,02-015-13-000,Gattaran,Cagayan,Region II (Cagayan Valley),Municipality,1st,R2,D
[2024-11] 02-031-15-000,2024-11,2024,[11] November,"Jones, Isabela",[1] Operational,,,,,[A] Operational,A,02-031-15-000,Jones,Isabela,Region II (Cagayan Valley),Municipality,1st,R2,D
[2024-11] 02-050-10-000,2024-11,2024,[11] November,"Kayapa, Nueva Vizcaya",[1] Operational,,,,,[A] Operational,#N/A,02-050-10-000,Kayapa,Nueva Vizcaya,Region II (Cagayan Valley),Municipality,3rd,R2,D
[2024-11] 02-057-04-000,2024-11,2024,[11] November,"Maddela, Quirino",[1] Operational,,,,,[A] Operational,A,02-057-04-000,Maddela,Quirino,Region II (Cagayan Valley),Municipality,1st,R2,D
[2024-11] 02-031-19-000,2024-11,2024,[11] November,"Mallig, Isabela",[1] Operational,,,,,[A] Operational,A,02-031-19-000,Mallig,Isabela,Region II (Cagayan Valley),Municipality,4th,R2,D
[2024-11] 02-031-21-000,2024-11,2024,[11] November,"Palanan, Isabela",[1] Operational,,,,,[A] Operational,A,02-031-21-000,Palanan,Isabela,Region II (Cagayan Valley),Municipality,1st,R2,D
[2024-11] 02-015-18-000,2024-11,2024,[11] November,"Pamplona, Cagayan",[1] Operational,,,,,[A] Operational,#N/A,02-015-18-000,Pamplona,Cagayan,Region II (Cagayan Valley),Municipality,4th,R2,D
[2024-11] 02-015-19-000,2024-11,2024,[11] November,"Peñablanca, Cagayan",[1] Operational,,,,,[A] Operational,#N/A,02-015-19-000,Peñablanca,Cagayan,Region II (Cagayan Valley),Municipality,1st,R2,D
[2024-11] 02-031-24-000,2024-11,2024,[11] November,"Ramon, Isabela",[1] Operational,,,,,[A] Operational,A,02-031-24-000,Ramon,Isabela,Region II (Cagayan Valley),Municipality,2nd,R2,D
[2024-11] 02-031-31-000,2024-11,2024,[11] November,"San Mariano, Isabela",[1] Operational,,,,,[A] Operational,A,02-031-31-000,San Mariano,Isabela,Region II (Cagayan Valley),Municipality,1st,R2,D
[2024-11] 02-031-32-000,2024-11,2024,[11] November,"San Mateo, Isabela",[1] Operational,,,,,[A] Operational,B,02-031-32-000,San Mateo,Isabela,Region II (Cagayan Valley),Municipality,1st,R2,D
[2024-11] 02-015-22-000,2024-11,2024,[11] November,"Sanchez-Mira, Cagayan",[1] Operational,,,,,[A] Operational,#N/A,02-015-22-000,Sanchez-Mira,Cagayan,Region II (Cagayan Valley),Municipality,3rd,R2,D
[2024-11] 02-015-23-000,2024-11,2024,[11] November,"Santa Ana, Cagayan",[1] Operational,,,,,[A] Operational,B,02-015-23-000,Santa Ana,Cagayan,Region II (Cagayan Valley),Municipality,2nd,R2,D
[2024-11] 02-031-34-000,2024-11,2024,[11] November,"Santa Maria, Isabela",[1] Operational,,,,,[A] Operational,#N/A,02-031-34-000,Santa Maria,Isabela,Region II (Cagayan Valley),Municipality,4th,R2,D
[2024-11] 02-015-24-000,2024-11,2024,[11] November,"Santa Praxedes, Cagayan",[1] Operational,,,,,[A] Operational,#N/A,02-015-24-000,Santa Praxedes,Cagayan,Region II (Cagayan Valley),Municipality,5th,R2,D
[2024-11] 02-015-25-000,2024-11,2024,[11] November,"Santa Teresita, Cagayan",[1] Operational,,,,,[A] Operational,B,02-015-25-000,Santa Teresita,Cagayan,Region II (Cagayan Valley),Municipality,4th,R2,D
[2024-11] 02-015-27-000,2024-11,2024,[11] November,"Solana, Cagayan",[1] Operational,,,,,[A] Operational,#N/A,02-015-27-000,Solana,Cagayan,Region II (Cagayan Valley),Municipality,1st,R2,D
[2024-11] 03-054-02-000,2024-11,2024,[11] November,"Apalit, Pampanga",[1] Operational,,,,,[A] Operational,B,03-054-02-000,Apalit,Pampanga,Region III (Central Luzon),Municipality,1st,R3,E
[2024-11] 03-054-03-000,2024-11,2024,[11] November,"Arayat, Pampanga",[1] Operational,,,,,[A] Operational,A,03-054-03-000,Arayat,Pampanga,Region III (Central Luzon),Municipality,1st,R3,E
[2024-11] 03-054-04-000,2024-11,2024,[11] November,"Bacolor, Pampanga",[1] Operational,,,,,[A] Operational,A,03-054-04-000,Bacolor,Pampanga,Region III (Central Luzon),Municipality,3rd,R3,E
[2024-11] 03-077-01-000,2024-11,2024,[11] November,"Baler, Aurora",[1] Operational,,,,,[A] Operational,B,03-077-01-000,Baler,Aurora,Region III (Central Luzon),Municipality,3rd,R3,E
[2024-11] 03-049-02-000,2024-11,2024,[11] November,"Bongabon, Nueva Ecija",[1] Operational,,,,,[A] Operational,A,03-049-02-000,Bongabon,Nueva Ecija,Region III (Central Luzon),Municipality,2nd,R3,E
[2024-11] 03-071-01-000,2024-11,2024,[11] November,"Botolan, Zambales",[1] Operational,,,,,[A] Operational,A,03-071-01-000,Botolan,Zambales,Region III (Central Luzon),Municipality,1st,R3,E
[2024-11] 03-077-02-000,2024-11,2024,[11] November,"Casiguran, Aurora",[1] Operational,,,,,[A] Operational,A,03-077-02-000,Casiguran,Aurora,Region III (Central Luzon),Municipality,2nd,R3,E
[2024-11] 03-071-04-000,2024-11,2024,[11] November,"Castillejos, Zambales",[1] Operational,,,,,[A] Operational,A,03-071-04-000,Castillejos,Zambales,Region III (Central Luzon),Municipality,3rd,R3,E
[2024-11] 03-049-19-000,2024-11,2024,[11] November,"City of Palayan, Nueva Ecija",[2] Ongoing Testing and Data Build-up,65%,,,,[B] Developmental,B,03-049-19-000,City of Palayan,Nueva Ecija,Region III (Central Luzon),City,5th,R3,E
[2024-11] 03-049-06-000,2024-11,2024,[11] November,"Cuyapo, Nueva Ecija",[1] Operational,,,,,[A] Operational,B,03-049-06-000,Cuyapo,Nueva Ecija,Region III (Central Luzon),Municipality,1st,R3,E
[2024-11] 03-077-05-000,2024-11,2024,[11] November,"Dingalan, Aurora",[1] Operational,,,,,[A] Operational,A,03-077-05-000,Dingalan,Aurora,Region III (Central Luzon),Municipality,3rd,R3,E
[2024-11] 03-077-06-000,2024-11,2024,[11] November,"Dipaculao, Aurora",[1] Operational,,,,,[A] Operational,B,03-077-06-000,Dipaculao,Aurora,Region III (Central Luzon),Municipality,3rd,R3,E
[2024-11] 03-049-07-000,2024-11,2024,[11] November,"Gabaldon, Nueva Ecija",[1] Operational,,,,,[A] Operational,A,03-049-07-000,Gabaldon,Nueva Ecija,Region III (Central Luzon),Municipality,4th,R3,E
[2024-11] 03-049-10-000,2024-11,2024,[11] November,"General Tinio, Nueva Ecija",[1] Operational,,,,,[A] Operational,B,03-049-10-000,General Tinio,Nueva Ecija,Region III (Central Luzon),Municipality,1st,R3,E
[2024-11] 03-049-14-000,2024-11,2024,[11] November,"Licab, Nueva Ecija",[1] Operational,,,,,[A] Operational,A,03-049-14-000,Licab,Nueva Ecija,Region III (Central Luzon),Municipality,4th,R3,E
[2024-11] 03-008-06-000,2024-11,2024,[11] November,"Limay, Bataan",[1] Operational,,,,,[A] Operational,A,03-008-06-000,Limay,Bataan,Region III (Central Luzon),Municipality,1st,R3,E
[2024-11] 03-054-09-000,2024-11,2024,[11] November,"Mabalacat City, Pampanga",[1] Operational,,,,,[A] Operational,A,03-054-09-000,Mabalacat City,Pampanga,Region III (Central Luzon),City,3rd,R3,E
[2024-11] 03-054-11-000,2024-11,2024,[11] November,"Magalang, Pampanga",[1] Operational,,,,,[A] Operational,A,03-054-11-000,Magalang,Pampanga,Region III (Central Luzon),Municipality,1st,R3,E
[2024-11] 03-077-07-000,2024-11,2024,[11] November,"Maria Aurora, Aurora",[1] Operational,,,,,[A] Operational,B,03-077-07-000,Maria Aurora,Aurora,Region III (Central Luzon),Municipality,2nd,R3,E
[2024-11] 03-069-08-000,2024-11,2024,[11] November,"Mayantoc, Tarlac",[2] Ongoing Testing and Data Build-up,65%,,,,[B] Developmental,B,03-069-08-000,Mayantoc,Tarlac,Region III (Central Luzon),Municipality,3rd,R3,E
[2024-11] 03-054-14-000,2024-11,2024,[11] November,"Minalin, Pampanga",[1] Operational,,,,,[A] Operational,A,03-054-14-000,Minalin,Pampanga,Region III (Central Luzon),Municipality,4th,R3,E
[2024-11] 03-008-08-000,2024-11,2024,[11] November,"Morong, Bataan",[2] Ongoing Testing and Data Build-up,88%,For transioning to eLGU System/v2,,,[B] Developmental,A,03-008-08-000,Morong,Bataan,Region III (Central Luzon),Municipality,3rd,R3,E
[2024-11] 03-014-14-000,2024-11,2024,[11] November,"Obando, Bulacan",[2] Ongoing Testing and Data Build-up,100%,,,,[B] Developmental,A,03-014-14-000,Obando,Bulacan,Region III (Central Luzon),Municipality,2nd,R3,E
[2024-11] 03-008-09-000,2024-11,2024,[11] November,"Orani, Bataan",[1] Operational,,,,,[A] Operational,B,03-008-09-000,Orani,Bataan,Region III (Central Luzon),Municipality,3rd,R3,E
[2024-11] 03-014-15-000,2024-11,2024,[11] November,"Pandi, Bulacan",[2] Ongoing Testing and Data Build-up,100%,finalizing set up for barangay clearance,,,[B] Developmental,B,03-014-15-000,Pandi,Bulacan,Region III (Central Luzon),Municipality,2nd,R3,E
[2024-11] 03-049-22-000,2024-11,2024,[11] November,"Quezon, Nueva Ecija",[1] Operational,,,,,[A] Operational,B,03-049-22-000,Quezon,Nueva Ecija,Region III (Central Luzon),Municipality,4th,R3,E
[2024-11] 03-049-23-000,2024-11,2024,[11] November,"Rizal, Nueva Ecija",[1] Operational,,,,,[A] Operational,B,03-049-23-000,Rizal,Nueva Ecija,Region III (Central Luzon),Municipality,2nd,R3,E
[2024-11] 03-008-12-000,2024-11,2024,[11] November,"Samal, Bataan",[1] Operational,,,,,[A] Operational,A,03-008-12-000,Samal,Bataan,Region III (Central Luzon),Municipality,4th,R3,E
[2024-11] 03-071-10-000,2024-11,2024,[11] November,"San Felipe, Zambales",[1] Operational,,,,,[A] Operational,B,03-071-10-000,San Felipe,Zambales,Region III (Central Luzon),Municipality,4th,R3,E
[2024-11] 03-014-19-000,2024-11,2024,[11] November,"San Ildefonso, Bulacan",[1] Operational,,,,,[A] Operational,A,03-014-19-000,San Ildefonso,Bulacan,Region III (Central Luzon),Municipality,1st,R3,E
[2024-11] 03-069-18-000,2024-11,2024,[11] November,"San Jose, Tarlac",[2] Ongoing Testing and Data Build-up,82%,,,,[B] Developmental,B,03-069-18-000,San Jose,Tarlac,Region III (Central Luzon),Municipality,3rd,R3,E
[2024-11] 03-077-08-000,2024-11,2024,[11] November,"San Luis, Aurora",[1] Operational,,,,,[A] Operational,A,03-077-08-000,San Luis,Aurora,Region III (Central Luzon),Municipality,2nd,R3,E
[2024-11] 03-054-17-000,2024-11,2024,[11] November,"San Luis, Pampanga",[1] Operational,,,,,[A] Operational,B,03-054-17-000,San Luis,Pampanga,Region III (Central Luzon),Municipality,3rd,R3,E
[2024-11] 03-069-14-000,2024-11,2024,[11] November,"San Manuel, Tarlac",[2] Ongoing Testing and Data Build-up,60%,,,,[B] Developmental,B,03-069-14-000,San Manuel,Tarlac,Region III (Central Luzon),Municipality,4th,R3,E
[2024-11] 03-071-11-000,2024-11,2024,[11] November,"San Marcelino, Zambales",[1] Operational,,,,,[A] Operational,A,03-071-11-000,San Marcelino,Zambales,Region III (Central Luzon),Municipality,1st,R3,E
[2024-11] 03-071-12-000,2024-11,2024,[11] November,"San Narciso, Zambales",[1] Operational,,,,,[A] Operational,A,03-071-12-000,San Narciso,Zambales,Region III (Central Luzon),Municipality,4th,R3,E
[2024-11] 03-069-15-000,2024-11,2024,[11] November,"Santa Ignacia, Tarlac",[2] Ongoing Testing and Data Build-up,88%,,,,[B] Developmental,B,03-069-15-000,Santa Ignacia,Tarlac,Region III (Central Luzon),Municipality,2nd,R3,E
[2024-11] 03-049-31-000,2024-11,2024,[11] November,"Talugtug, Nueva Ecija",[1] Operational,,,,,[A] Operational,A,03-049-31-000,Talugtug,Nueva Ecija,Region III (Central Luzon),Municipality,4th,R3,E
[2024-11] 04-010-01-000,2024-11,2024,[11] November,"Agoncillo, Batangas",[1] Operational,,,,,[A] Operational,A,04-010-01-000,Agoncillo,Batangas,Region IV-A (CALABARZON),Municipality,4th,R4A,F
[2024-11] 04-056-02-000,2024-11,2024,[11] November,"Alabat, Quezon",[1] Operational,,,,,[A] Operational,B,04-056-02-000,Alabat,Quezon,Region IV-A (CALABARZON),Municipality,5th,R4A,F
[2024-11] 04-021-01-000,2024-11,2024,[11] November,"Alfonso, Cavite",[1] Operational,,,,,[A] Operational,A,04-021-01-000,Alfonso,Cavite,Region IV-A (CALABARZON),Municipality,1st,R4A,F
[2024-11] 04-010-02-000,2024-11,2024,[11] November,"Alitagtag, Batangas",[1] Operational,,,,,[A] Operational,A,04-010-02-000,Alitagtag,Batangas,Region IV-A (CALABARZON),Municipality,4th,R4A,F
[2024-11] 04-056-07-000,2024-11,2024,[11] November,"Calauag, Quezon",[1] Operational,,,,,[A] Operational,A,04-056-07-000,Calauag,Quezon,Region IV-A (CALABARZON),Municipality,1st,R4A,F
[2024-11] 04-058-06-000,2024-11,2024,[11] November,"Cardona, Rizal",[1] Operational,,,,,[A] Operational,B,04-058-06-000,Cardona,Rizal,Region IV-A (CALABARZON),Municipality,3rd,R4A,F
[2024-11] 04-056-19-000,2024-11,2024,[11] November,"Gumaca, Quezon",[1] Operational,,,,,[A] Operational,B,04-056-19-000,Gumaca,Quezon,Region IV-A (CALABARZON),Municipality,1st,R4A,F
[2024-11] 04-056-20-000,2024-11,2024,[11] November,"Infanta, Quezon",[1] Operational,,,,,[A] Operational,B,04-056-20-000,Infanta,Quezon,Region IV-A (CALABARZON),Municipality,1st,R4A,F
[2024-11] 04-010-15-000,2024-11,2024,[11] November,"Lobo, Batangas",[1] Operational,,,,,[A] Operational,B,04-010-15-000,Lobo,Batangas,Region IV-A (CALABARZON),Municipality,3rd,R4A,F
[2024-11] 04-056-22-000,2024-11,2024,[11] November,"Lopez, Quezon",[1] Operational,,,,,[A] Operational,A,04-056-22-000,Lopez,Quezon,Region IV-A (CALABARZON),Municipality,1st,R4A,F
[2024-11] 04-034-13-000,2024-11,2024,[11] November,"Lumban, Laguna",[1] Operational,,,,,[A] Operational,B,04-034-13-000,Lumban,Laguna,Region IV-A (CALABARZON),Municipality,3rd,R4A,F
[2024-11] 04-021-12-000,2024-11,2024,[11] November,"Magallanes, Cavite",[1] Operational,,,,,[A] Operational,B,04-021-12-000,Magallanes,Cavite,Region IV-A (CALABARZON),Municipality,4th,R4A,F
[2024-11] 04-010-18-000,2024-11,2024,[11] November,"Mataasnakahoy, Batangas",[1] Operational,,,,Launched on August 30,[A] Operational,B,04-010-18-000,Mataasnakahoy,Batangas,Region IV-A (CALABARZON),Municipality,4th,R4A,F
[2024-11] 04-021-15-000,2024-11,2024,[11] November,"Naic, Cavite",[1] Operational,,,,,[A] Operational,B,04-021-15-000,Naic,Cavite,Region IV-A (CALABARZON),Municipality,1st,R4A,F
[2024-11] 04-021-16-000,2024-11,2024,[11] November,"Noveleta, Cavite",[1] Operational,,,,,[A] Operational,B,04-021-16-000,Noveleta,Cavite,Region IV-A (CALABARZON),Municipality,3rd,R4A,F
[2024-11] 04-034-18-000,2024-11,2024,[11] November,"Paete, Laguna",[1] Operational,,,,,[A] Operational,A,04-034-18-000,Paete,Laguna,Region IV-A (CALABARZON),Municipality,4th,R4A,F
[2024-11] 04-034-23-000,2024-11,2024,[11] November,"Rizal, Laguna",[1] Operational,,,,,[A] Operational,A,04-034-23-000,Rizal,Laguna,Region IV-A (CALABARZON),Municipality,5th,R4A,F
[2024-11] 04-056-39-000,2024-11,2024,[11] November,"Sampaloc, Quezon",[1] Operational,,,,,[A] Operational,B,04-056-39-000,Sampaloc,Quezon,Region IV-A (CALABARZON),Municipality,5th,R4A,F
[2024-11] 04-010-25-000,2024-11,2024,[11] November,"San Nicolas, Batangas",[1] Operational,,,,,[A] Operational,A,04-010-25-000,San Nicolas,Batangas,Region IV-A (CALABARZON),Municipality,5th,R4A,F
[2024-11] 04-010-26-000,2024-11,2024,[11] November,"San Pascual, Batangas",[1] Operational,,,,,[A] Operational,B,04-010-26-000,San Pascual,Batangas,Region IV-A (CALABARZON),Municipality,1st,R4A,F
[2024-11] 04-010-27-000,2024-11,2024,[11] November,"Santa Teresita, Batangas",[1] Operational,,,,,[A] Operational,B,04-010-27-000,Santa Teresita,Batangas,Region IV-A (CALABARZON),Municipality,5th,R4A,F
[2024-11] 04-034-29-000,2024-11,2024,[11] November,"Siniloan, Laguna",[1] Operational,,,,,[A] Operational,A,04-034-29-000,Siniloan,Laguna,Region IV-A (CALABARZON),Municipality,2nd,R4A,F
[2024-11] 04-021-20-000,2024-11,2024,[11] November,"Tanza, Cavite",[1] Operational,,,,,[A] Operational,A,04-021-20-000,Tanza,Cavite,Region IV-A (CALABARZON),Municipality,1st,R4A,F
[2024-11] 17-051-01-000,2024-11,2024,[11] November,"Abra De Ilog, Occidental Mindoro",[1] Operational,,,,,[A] Operational,B,17-051-01-000,Abra De Ilog,Occidental Mindoro,MIMAROPA Region,Municipality,2nd,R4B,G
[2024-11] 17-059-01-000,2024-11,2024,[11] November,"Alcantara, Romblon",[1] Operational,,,,,[A] Operational,B,17-059-01-000,Alcantara,Romblon,MIMAROPA Region,Municipality,5th,R4B,G
[2024-11] 17-052-01-000,2024-11,2024,[11] November,"Baco, Oriental Mindoro",[1] Operational,,,,,[A] Operational,B,17-052-01-000,Baco,Oriental Mindoro,MIMAROPA Region,Municipality,3rd,R4B,G
[2024-11] 17-052-04-000,2024-11,2024,[11] November,"Bulalacao, Oriental Mindoro",[1] Operational,,,,,[A] Operational,B,17-052-04-000,Bulalacao,Oriental Mindoro,MIMAROPA Region,Municipality,3rd,R4B,G
[2024-11] 17-053-07-000,2024-11,2024,[11] November,"Busuanga, Palawan",[1] Operational,,,,,[A] Operational,A,17-053-07-000,Busuanga,Palawan,MIMAROPA Region,Municipality,3rd,R4B,G
[2024-11] 17-051-02-000,2024-11,2024,[11] November,"Calintaan, Occidental Mindoro",[1] Operational,,,,,[A] Operational,A,17-051-02-000,Calintaan,Occidental Mindoro,MIMAROPA Region,Municipality,3rd,R4B,G
[2024-11] 17-053-09-000,2024-11,2024,[11] November,"Coron, Palawan",[1] Operational,,,,,[A] Operational,B,17-053-09-000,Coron,Palawan,MIMAROPA Region,Municipality,1st,R4B,G
[2024-11] 17-053-22-000,2024-11,2024,[11] November,"Culion, Palawan",[1] Operational,,,,,[A] Operational,A,17-053-22-000,Culion,Palawan,MIMAROPA Region,Municipality,3rd,R4B,G
[2024-11] 17-059-16-000,2024-11,2024,[11] November,"Ferrol, Romblon",[1] Operational,,,,,[A] Operational,A,17-059-16-000,Ferrol,Romblon,MIMAROPA Region,Municipality,6th,R4B,G
[2024-11] 17-052-06-000,2024-11,2024,[11] November,"Gloria, Oriental Mindoro",[1] Operational,,,,,[A] Operational,B,17-052-06-000,Gloria,Oriental Mindoro,MIMAROPA Region,Municipality,3rd,R4B,G
[2024-11] 17-051-03-000,2024-11,2024,[11] November,"Looc, Occidental Mindoro",[1] Operational,,,,,[A] Operational,#N/A,17-051-03-000,Looc,Occidental Mindoro,MIMAROPA Region,Municipality,5th,R4B,G
[2024-11] 17-059-07-000,2024-11,2024,[11] November,"Looc, Romblon",[1] Operational,,,,,[A] Operational,B,17-059-07-000,Looc,Romblon,MIMAROPA Region,Municipality,4th,R4B,G
[2024-11] 17-051-04-000,2024-11,2024,[11] November,"Lubang, Occidental Mindoro",[1] Operational,,,,,[A] Operational,B,17-051-04-000,Lubang,Occidental Mindoro,MIMAROPA Region,Municipality,4th,R4B,G
[2024-11] 17-052-08-000,2024-11,2024,[11] November,"Naujan, Oriental Mindoro",[1] Operational,,,,,[A] Operational,#N/A,17-052-08-000,Naujan,Oriental Mindoro,MIMAROPA Region,Municipality,1st,R4B,G
[2024-11] 17-052-09-000,2024-11,2024,[11] November,"Pinamalayan, Oriental Mindoro",[1] Operational,,,,,[A] Operational,B,17-052-09-000,Pinamalayan,Oriental Mindoro,MIMAROPA Region,Municipality,1st,R4B,G
[2024-11] 17-053-17-000,2024-11,2024,[11] November,"Quezon, Palawan",[1] Operational,,,,,[A] Operational,A,17-053-17-000,Quezon,Palawan,MIMAROPA Region,Municipality,1st,R4B,G
[2024-11] 17-051-08-000,2024-11,2024,[11] November,"Rizal, Occidental Mindoro",[2] Ongoing Testing and Data Build-up,60%,,,,[B] Developmental,B,17-051-08-000,Rizal,Occidental Mindoro,MIMAROPA Region,Municipality,3rd,R4B,G
[2024-11] 17-053-23-000,2024-11,2024,[11] November,"Rizal, Palawan",[1] Operational,,,,,[A] Operational,B,17-053-23-000,Rizal,Palawan,MIMAROPA Region,Municipality,1st,R4B,G
[2024-11] 17-051-09-000,2024-11,2024,[11] November,"Sablayan, Occidental Mindoro",[1] Operational,,,,,[A] Operational,B,17-051-09-000,Sablayan,Occidental Mindoro,MIMAROPA Region,Municipality,1st,R4B,G
[2024-11] 17-051-10-000,2024-11,2024,[11] November,"San Jose, Occidental Mindoro",[1] Operational,,,,,[A] Operational,A,17-051-10-000,San Jose,Occidental Mindoro,MIMAROPA Region,Municipality,1st,R4B,G
[2024-11] 17-059-14-000,2024-11,2024,[11] November,"San Jose, Romblon",[1] Operational,,,,,[A] Operational,B,17-059-14-000,San Jose,Romblon,MIMAROPA Region,Municipality,5th,R4B,G
[2024-11] 17-053-19-000,2024-11,2024,[11] November,"San Vicente, Palawan",[1] Operational,,,,,[A] Operational,B,17-053-19-000,San Vicente,Palawan,MIMAROPA Region,Municipality,1st,R4B,G
[2024-11] 17-040-05-000,2024-11,2024,[11] November,"Santa Cruz, Marinduque",[1] Operational,,,,,[A] Operational,B,17-040-05-000,Santa Cruz,Marinduque,MIMAROPA Region,Municipality,1st,R4B,G
[2024-11] 17-059-15-000,2024-11,2024,[11] November,"Santa Fe, Romblon",[1] Operational,,,,,[A] Operational,B,17-059-15-000,Santa Fe,Romblon,MIMAROPA Region,Municipality,5th,R4B,G
[2024-11] 06-030-02-000,2024-11,2024,[11] November,"Alimodian, Iloilo",[1] Operational,,,,,[A] Operational,B,06-030-02-000,Alimodian,Iloilo,Region VI (Western Visayas),Municipality,3rd,R6,I
[2024-11] 06-030-03-000,2024-11,2024,[11] November,"Anilao, Iloilo",[1] Operational,,,,,[A] Operational,A,06-030-03-000,Anilao,Iloilo,Region VI (Western Visayas),Municipality,4th,R6,I
[2024-11] 06-030-06-000,2024-11,2024,[11] November,"Banate, Iloilo",[1] Operational,,,,,[A] Operational,#N/A,06-030-06-000,Banate,Iloilo,Region VI (Western Visayas),Municipality,4th,R6,I
[2024-11] 06-006-03-000,2024-11,2024,[11] November,"Belison, Antique",[1] Operational,,,,,[A] Operational,B,06-006-03-000,Belison,Antique,Region VI (Western Visayas),Municipality,5th,R6,I
[2024-11] 06-030-10-000,2024-11,2024,[11] November,"Bingawan, Iloilo",[1] Operational,,,,,[A] Operational,B,06-030-10-000,Bingawan,Iloilo,Region VI (Western Visayas),Municipality,5th,R6,I
[2024-11] 06-004-05-000,2024-11,2024,[11] November,"Buruanga, Aklan",[1] Operational,,,,,[A] Operational,B,06-004-05-000,Buruanga,Aklan,Region VI (Western Visayas),Municipality,5th,R6,I
[2024-11] 06-030-12-000,2024-11,2024,[11] November,"Cabatuan, Iloilo",[1] Operational,,,,,[A] Operational,B,06-030-12-000,Cabatuan,Iloilo,Region VI (Western Visayas),Municipality,2nd,R6,I
[2024-11] 06-030-13-000,2024-11,2024,[11] November,"Calinog, Iloilo",[1] Operational,,,,,[A] Operational,#N/A,06-030-13-000,Calinog,Iloilo,Region VI (Western Visayas),Municipality,1st,R6,I
[2024-11] 06-045-09-000,2024-11,2024,[11] November,"City of Escalante, Negros Occidental",[1] Operational,,,,,[A] Operational,A,06-045-09-000,City of Escalante,Negros Occidental,Region VI (Western Visayas),City,4th,R6,I
[2024-11] 06-045-10-000,2024-11,2024,[11] November,"City of Himamaylan, Negros Occidental",[1] Operational,,,,,[A] Operational,B,06-045-10-000,City of Himamaylan,Negros Occidental,Region VI (Western Visayas),City,3rd,R6,I
[2024-11] 06-310-00-000,2024-11,2024,[11] November,"City of Iloilo, Iloilo",[1] Operational,,,,,[A] Operational,B,06-310-00-000,City of Iloilo,Iloilo,Region VI (Western Visayas),City,1st,R6,I
[2024-11] 06-045-16-000,2024-11,2024,[11] November,"City of La Carlota, Negros Occidental",[1] Operational,,,,,[A] Operational,A,06-045-16-000,City of La Carlota,Negros Occidental,Region VI (Western Visayas),City,4th,R6,I
[2024-11] 06-045-23-000,2024-11,2024,[11] November,"City of Sagay, Negros Occidental",[1] Operational,,,,,[A] Operational,B,06-045-23-000,City of Sagay,Negros Occidental,Region VI (Western Visayas),City,3rd,R6,I
[2024-11] 06-045-27-000,2024-11,2024,[11] November,"City of Sipalay, Negros Occidental",[1] Operational,,,,,[A] Operational,A,06-045-27-000,City of Sipalay,Negros Occidental,Region VI (Western Visayas),City,4th,R6,I
[2024-11] 06-030-15-000,2024-11,2024,[11] November,"Concepcion, Iloilo",[1] Operational,,,,,[A] Operational,A,06-030-15-000,Concepcion,Iloilo,Region VI (Western Visayas),Municipality,3rd,R6,I
[2024-11] 06-019-01-000,2024-11,2024,[11] November,"Cuartero, Capiz",[1] Operational,,,,,[A] Operational,B,06-019-01-000,Cuartero,Capiz,Region VI (Western Visayas),Municipality,4th,R6,I
[2024-11] 06-019-04-000,2024-11,2024,[11] November,"Dumarao, Capiz",[1] Operational,,,,,[A] Operational,A,06-019-04-000,Dumarao,Capiz,Region VI (Western Visayas),Municipality,2nd,R6,I
[2024-11] 06-045-12-000,2024-11,2024,[11] November,"Hinoba-an, Negros Occidental",[1] Operational,,,,,[A] Operational,B,06-045-12-000,Hinoba-an,Negros Occidental,Region VI (Western Visayas),Municipality,1st,R6,I
[2024-11] 06-030-26-000,2024-11,2024,[11] November,"Leganes, Iloilo",[1] Operational,,,,,[A] Operational,B,06-030-26-000,Leganes,Iloilo,Region VI (Western Visayas),Municipality,4th,R6,I
[2024-11] 06-006-10-000,2024-11,2024,[11] November,"Libertad, Antique",[1] Operational,,,,,[A] Operational,B,06-006-10-000,Libertad,Antique,Region VI (Western Visayas),Municipality,5th,R6,I
[2024-11] 06-030-29-000,2024-11,2024,[11] November,"Maasin, Iloilo",[1] Operational,,,,,[A] Operational,B,06-030-29-000,Maasin,Iloilo,Region VI (Western Visayas),Municipality,3rd,R6,I
[2024-11] 06-030-31-000,2024-11,2024,[11] November,"Mina, Iloilo",[1] Operational,,,,,[A] Operational,B,06-030-31-000,Mina,Iloilo,Region VI (Western Visayas),Municipality,5th,R6,I
[2024-11] 06-030-32-000,2024-11,2024,[11] November,"New Lucena, Iloilo",[1] Operational,,,,,[A] Operational,B,06-030-32-000,New Lucena,Iloilo,Region VI (Western Visayas),Municipality,4th,R6,I
[2024-11] 06-030-34-000,2024-11,2024,[11] November,"Oton, Iloilo",[1] Operational,,,,,[A] Operational,B,06-030-34-000,Oton,Iloilo,Region VI (Western Visayas),Municipality,1st,R6,I
[2024-11] 06-006-11-000,2024-11,2024,[11] November,"Pandan, Antique",[1] Operational,,,,,[A] Operational,B,06-006-11-000,Pandan,Antique,Region VI (Western Visayas),Municipality,4th,R6,I
[2024-11] 06-030-37-000,2024-11,2024,[11] November,"Pototan, Iloilo",[1] Operational,,,,,[A] Operational,B,06-030-37-000,Pototan,Iloilo,Region VI (Western Visayas),Municipality,1st,R6,I
[2024-11] 06-030-41-000,2024-11,2024,[11] November,"San Miguel, Iloilo",[1] Operational,,,,,[A] Operational,B,06-030-41-000,San Miguel,Iloilo,Region VI (Western Visayas),Municipality,4th,R6,I
[2024-11] 06-006-14-000,2024-11,2024,[11] November,"San Remigio, Antique",[1] Operational,,,,,[A] Operational,B,06-006-14-000,San Remigio,Antique,Region VI (Western Visayas),Municipality,3rd,R6,I
[2024-11] 06-030-43-000,2024-11,2024,[11] November,"Santa Barbara, Iloilo",[1] Operational,,,,,[A] Operational,B,06-030-43-000,Santa Barbara,Iloilo,Region VI (Western Visayas),Municipality,2nd,R6,I
[2024-11] 06-030-44-000,2024-11,2024,[11] November,"Sara, Iloilo",[1] Operational,,,,,[A] Operational,B,06-030-44-000,Sara,Iloilo,Region VI (Western Visayas),Municipality,2nd,R6,I
[2024-11] 06-006-15-000,2024-11,2024,[11] November,"Sebaste, Antique",[1] Operational,,,,,[A] Operational,A,06-006-15-000,Sebaste,Antique,Region VI (Western Visayas),Municipality,4th,R6,I
[2024-11] 06-004-17-000,2024-11,2024,[11] November,"Tangalan, Aklan",[1] Operational,,,,,[A] Operational,B,06-004-17-000,Tangalan,Aklan,Region VI (Western Visayas),Municipality,5th,R6,I
[2024-11] 06-019-17-000,2024-11,2024,[11] November,"Tapaz, Capiz",[1] Operational,,,,,[A] Operational,B,06-019-17-000,Tapaz,Capiz,Region VI (Western Visayas),Municipality,1st,R6,I
[2024-11] 06-006-18-000,2024-11,2024,[11] November,"Valderrama, Antique",[1] Operational,,,,,[A] Operational,B,06-006-18-000,Valderrama,Antique,Region VI (Western Visayas),Municipality,4th,R6,I
[2024-11] 06-030-47-000,2024-11,2024,[11] November,"Zarraga, Iloilo",[1] Operational,,,,,[A] Operational,B,06-030-47-000,Zarraga,Iloilo,Region VI (Western Visayas),Municipality,4th,R6,I
[2024-12] 07-022-01-000,2024-12,2024,[12] December,"Alcantara, Cebu",[1] Operational,,,,,[A] Operational,B,07-022-01-000,Alcantara,Cebu,Region VII (Central Visayas),Municipality,5th,R7,J
[2024-12] 07-022-02-000,2024-12,2024,[12] December,"Alcoy, Cebu",[1] Operational,,,,,[A] Operational,B,07-022-02-000,Alcoy,Cebu,Region VII (Central Visayas),Municipality,5th,R7,J
[2024-12] 07-022-03-000,2024-12,2024,[12] December,"Alegria, Cebu",[1] Operational,,,,,[A] Operational,B,07-022-03-000,Alegria,Cebu,Region VII (Central Visayas),Municipality,4th,R7,J
[2024-12] 07-022-04-000,2024-12,2024,[12] December,"Aloguinsan, Cebu",[1] Operational,,,,,[A] Operational,B,07-022-04-000,Aloguinsan,Cebu,Region VII (Central Visayas),Municipality,4th,R7,J
[2024-12] 07-022-05-000,2024-12,2024,[12] December,"Argao, Cebu",[1] Operational,,,,,[A] Operational,A,07-022-05-000,Argao,Cebu,Region VII (Central Visayas),Municipality,1st,R7,J
[2024-12] 07-022-08-000,2024-12,2024,[12] December,"Balamban, Cebu",[1] Operational,,,,,[A] Operational,B,07-022-08-000,Balamban,Cebu,Region VII (Central Visayas),Municipality,1st,R7,J
[2024-12] 07-046-05-000,2024-12,2024,[12] December,"Basay, Negros Oriental",[1] Operational,,,,,[A] Operational,B,07-046-05-000,Basay,Negros Oriental,Region VII (Central Visayas),Municipality,4th,R7,J
[2024-12] 07-022-25-000,2024-12,2024,[12] December,"Ginatilan, Cebu",[1] Operational,,,,,[A] Operational,A,07-022-25-000,Ginatilan,Cebu,Region VII (Central Visayas),Municipality,5th,R7,J
[2024-12] 07-046-14-000,2024-12,2024,[12] December,"Mabinay, Negros Oriental",[1] Operational,,,,,[A] Operational,B,07-046-14-000,Mabinay,Negros Oriental,Region VII (Central Visayas),Municipality,1st,R7,J
[2024-12] 07-022-37-000,2024-12,2024,[12] December,"Pinamungajan, Cebu",[1] Operational,,,,,[A] Operational,B,07-022-37-000,Pinamungajan,Cebu,Region VII (Central Visayas),Municipality,2nd,R7,J
[2024-12] 07-022-43-000,2024-12,2024,[12] December,"San Remigio, Cebu",[1] Operational,,,,,[A] Operational,B,07-022-43-000,San Remigio,Cebu,Region VII (Central Visayas),Municipality,3rd,R7,J
[2024-12] 07-022-47-000,2024-12,2024,[12] December,"Sogod, Cebu",[1] Operational,,,,,[A] Operational,A,07-022-47-000,Sogod,Cebu,Region VII (Central Visayas),Municipality,4th*,R7,J
[2024-12] 07-022-52-000,2024-12,2024,[12] December,"Tuburan, Cebu",[1] Operational,,,,,[A] Operational,B,07-022-52-000,Tuburan,Cebu,Region VII (Central Visayas),Municipality,2nd,R7,J
[2024-12] 07-022-53-000,2024-12,2024,[12] December,"Tudela, Cebu",[1] Operational,,,,,[A] Operational,B,07-022-53-000,Tudela,Cebu,Region VII (Central Visayas),Municipality,5th,R7,J
[2024-12] 07-046-17-000,2024-12,2024,[12] December,"San Jose, Negros Oriental",[1] Operational,,,,,[A] Operational,B,07-046-17-000,San Jose,Negros Oriental,Region VII (Central Visayas),Municipality,5th,R7,J
[2024-12] 07-022-16-000,2024-12,2024,[12] December,"Catmon, Cebu",[1] Operational,,,,,[A] Operational,#N/A,07-022-16-000,Catmon,Cebu,Region VII (Central Visayas),Municipality,4th,R7,J
[2024-12] 07-012-15-000,2024-12,2024,[12] December,"Corella, Bohol",[1] Operational,,,,,[A] Operational,#N/A,07-012-15-000,Corella,Bohol,Region VII (Central Visayas),Municipality,5th,R7,J
[2024-12] 07-022-38-000,2024-12,2024,[12] December,"Poro, Cebu",[1] Operational,,,,,[A] Operational,#N/A,07-022-38-000,Poro,Cebu,Region VII (Central Visayas),Municipality,4th,R7,J
[2024-12] 07-022-29-000,2024-12,2024,[12] December,"Malabuyoc, Cebu",[1] Operational,,,,,[A] Operational,#N/A,07-022-29-000,Malabuyoc,Cebu,Region VII (Central Visayas),Municipality,5th,R7,J
[2024-12] 08-037-03-000,2024-12,2024,[12] December,"Albuera, Leyte",[1] Operational,,,,,[A] Operational,B,08-037-03-000,Albuera,Leyte,Region VIII (Eastern Visayas),Municipality,3rd*,R8,K
[2024-12] 08-064-01-000,2024-12,2024,[12] December,"Anahawan, Southern Leyte",[1] Operational,,,,,[A] Operational,B,08-064-01-000,Anahawan,Southern Leyte,Region VIII (Eastern Visayas),Municipality,5th,R8,K
[2024-12] 08-026-03-000,2024-12,2024,[12] December,"Balangkayan, Eastern Samar",[1] Operational,,,,,[A] Operational,B,08-026-03-000,Balangkayan,Eastern Samar,Region VIII (Eastern Visayas),Municipality,5th,R8,K
[2024-12] 08-037-06-000,2024-12,2024,[12] December,"Barugo, Leyte",[4] Withdraw,,,,,[D] Withdraw,A,08-037-06-000,Barugo,Leyte,Region VIII (Eastern Visayas),Municipality,4th,R8,K
[2024-12] 08-078-02-000,2024-12,2024,[12] December,"Biliran, Biliran",[1] Operational,,,,,[A] Operational,B,08-078-02-000,Biliran,Biliran,Region VIII (Eastern Visayas),Municipality,5th,R8,K
[2024-12] 08-048-03-000,2024-12,2024,[12] December,"Bobon, Northern Samar",[1] Operational,,,,,[A] Operational,A,08-048-03-000,Bobon,Northern Samar,Region VIII (Eastern Visayas),Municipality,4th,R8,K
[2024-12] 08-037-13-000,2024-12,2024,[12] December,"Calubian, Leyte",[1] Operational,,,,,[A] Operational,A,08-037-13-000,Calubian,Leyte,Region VIII (Eastern Visayas),Municipality,4th,R8,K
[2024-12] 08-026-05-000,2024-12,2024,[12] December,"Can-Avid, Eastern Samar",[1] Operational,,,,,[A] Operational,A,08-026-05-000,Can-Avid,Eastern Samar,Region VIII (Eastern Visayas),Municipality,4th,R8,K
[2024-12] 08-026-04-000,2024-12,2024,[12] December,"City of Borongan, Eastern Samar",[1] Operational,,,,,[A] Operational,B,08-026-04-000,City of Borongan,Eastern Samar,Region VIII (Eastern Visayas),City,1st (as Mun),R8,K
[2024-12] 08-060-05-000,2024-12,2024,[12] December,"City of Catbalogan, Samar",[1] Operational,,,,,[A] Operational,B,08-060-05-000,City of Catbalogan,Samar,Region VIII (Eastern Visayas),City,5th,R8,K
[2024-12] 08-064-07-000,2024-12,2024,[12] December,"City of Maasin, Southern Leyte",[1] Operational,,,,,[A] Operational,B,08-064-07-000,City of Maasin,Southern Leyte,Region VIII (Eastern Visayas),City,4th,R8,K
[2024-12] 08-060-06-000,2024-12,2024,[12] December,"Daram, Samar",[1] Operational,,,,,[A] Operational,A,08-060-06-000,Daram,Samar,Region VIII (Eastern Visayas),Municipality,3rd,R8,K
[2024-12] 08-026-06-000,2024-12,2024,[12] December,"Dolores, Eastern Samar",[3] With Concerns,,,,,[A] Operational,A,08-026-06-000,Dolores,Eastern Samar,Region VIII (Eastern Visayas),Municipality,3rd*,R8,K
[2024-12] 08-048-07-000,2024-12,2024,[12] December,"Gamay, Northern Samar",[1] Operational,,,,,[A] Operational,B,08-048-07-000,Gamay,Northern Samar,Region VIII (Eastern Visayas),Municipality,4th,R8,K
[2024-12] 08-060-07-000,2024-12,2024,[12] December,"Gandara, Samar",[1] Operational,,,,,[A] Operational,A,08-060-07-000,Gandara,Samar,Region VIII (Eastern Visayas),Municipality,2nd,R8,K
[2024-12] 08-064-03-000,2024-12,2024,[12] December,"Hinunangan, Southern Leyte",[1] Operational,,,,,[A] Operational,A,08-064-03-000,Hinunangan,Southern Leyte,Region VIII (Eastern Visayas),Municipality,3rd,R8,K
[2024-12] 08-064-04-000,2024-12,2024,[12] December,"Hinundayan, Southern Leyte",[1] Operational,,,,,[A] Operational,A,08-064-04-000,Hinundayan,Southern Leyte,Region VIII (Eastern Visayas),Municipality,5th,R8,K
[2024-12] 08-037-21-000,2024-12,2024,[12] December,"Inopacan, Leyte",[1] Operational,,,,,[A] Operational,A,08-037-21-000,Inopacan,Leyte,Region VIII (Eastern Visayas),Municipality,4th,R8,K
[2024-12] 08-037-26-000,2024-12,2024,[12] December,"Kananga, Leyte",[1] Operational,,,,,[A] Operational,B,08-037-26-000,Kananga,Leyte,Region VIII (Eastern Visayas),Municipality,1st,R8,K
[2024-12] 08-078-06-000,2024-12,2024,[12] December,"Kawayan, Biliran",[1] Operational,,,,,[A] Operational,B,08-078-06-000,Kawayan,Biliran,Region VIII (Eastern Visayas),Municipality,5th*,R8,K
[2024-12] 08-048-09-000,2024-12,2024,[12] December,"Lapinig, Northern Samar",[1] Operational,,,,,[A] Operational,B,08-048-09-000,Lapinig,Northern Samar,Region VIII (Eastern Visayas),Municipality,5th,R8,K
[2024-12] 08-026-12-000,2024-12,2024,[12] December,"Lawaan, Eastern Samar",[1] Operational,,,,,[A] Operational,B,08-026-12-000,Lawaan,Eastern Samar,Region VIII (Eastern Visayas),Municipality,5th*,R8,K
[2024-12] 08-037-29-000,2024-12,2024,[12] December,"Leyte, Leyte",[1] Operational,,,,,[A] Operational,B,08-037-29-000,Leyte,Leyte,Region VIII (Eastern Visayas),Municipality,4th*,R8,K
[2024-12] 08-064-05-000,2024-12,2024,[12] December,"Libagon, Southern Leyte",[1] Operational,,,,,[A] Operational,B,08-064-05-000,Libagon,Southern Leyte,Region VIII (Eastern Visayas),Municipality,5th,R8,K
[2024-12] 08-064-06-000,2024-12,2024,[12] December,"Liloan, Southern Leyte",[1] Operational,,,,,[A] Operational,A,08-064-06-000,Liloan,Southern Leyte,Region VIII (Eastern Visayas),Municipality,4th*,R8,K
[2024-12] 08-048-24-000,2024-12,2024,[12] December,"Lope De Vega, Northern Samar",[1] Operational,,,,,[A] Operational,A,08-048-24-000,Lope De Vega,Northern Samar,Region VIII (Eastern Visayas),Municipality,4th,R8,K
[2024-12] 08-064-08-000,2024-12,2024,[12] December,"Macrohon, Southern Leyte",[1] Operational,,,,,[A] Operational,A,08-064-08-000,Macrohon,Southern Leyte,Region VIII (Eastern Visayas),Municipality,4th,R8,K
[2024-12] 08-064-09-000,2024-12,2024,[12] December,"Malitbog, Southern Leyte",[1] Operational,,,,,[A] Operational,A,08-064-09-000,Malitbog,Southern Leyte,Region VIII (Eastern Visayas),Municipality,4th*,R8,K
[2024-12] 08-037-33-000,2024-12,2024,[12] December,"Matag-Ob, Leyte",[1] Operational,,,,,[A] Operational,A,08-037-33-000,Matag-Ob,Leyte,Region VIII (Eastern Visayas),Municipality,4th,R8,K
[2024-12] 08-026-15-000,2024-12,2024,[12] December,"Maydolong, Eastern Samar",[1] Operational,,,,,[A] Operational,B,08-026-15-000,Maydolong,Eastern Samar,Region VIII (Eastern Visayas),Municipality,4th*,R8,K
[2024-12] 08-037-36-000,2024-12,2024,[12] December,"Merida, Leyte",[1] Operational,,,,,[A] Operational,B,08-037-36-000,Merida,Leyte,Region VIII (Eastern Visayas),Municipality,5th,R8,K
[2024-12] 08-060-12-000,2024-12,2024,[12] December,"Motiong, Samar",[1] Operational,,,,,[A] Operational,B,08-060-12-000,Motiong,Samar,Region VIII (Eastern Visayas),Municipality,4th,R8,K
[2024-12] 08-078-08-000,2024-12,2024,[12] December,"Naval, Biliran",[1] Operational,,,,,[A] Operational,B,08-078-08-000,Naval,Biliran,Region VIII (Eastern Visayas),Municipality,2nd,R8,K
[2024-12] 08-026-17-000,2024-12,2024,[12] December,"Oras, Eastern Samar",[1] Operational,,,,,[A] Operational,B,08-026-17-000,Oras,Eastern Samar,Region VIII (Eastern Visayas),Municipality,3rd,R8,K
[2024-12] 08-064-10-000,2024-12,2024,[12] December,"Padre Burgos, Southern Leyte",[1] Operational,,,,,[A] Operational,A,08-064-10-000,Padre Burgos,Southern Leyte,Region VIII (Eastern Visayas),Municipality,5th*,R8,K
[2024-12] 08-060-22-000,2024-12,2024,[12] December,"Paranas, Samar",[1] Operational,,,,,[A] Operational,A,08-060-22-000,Paranas,Samar,Region VIII (Eastern Visayas),Municipality,2nd,R8,K
[2024-12] 08-037-41-000,2024-12,2024,[12] December,"Pastrana, Leyte",[1] Operational,,,,,[A] Operational,A,08-037-41-000,Pastrana,Leyte,Region VIII (Eastern Visayas),Municipality,5th*,R8,K
[2024-12] 08-064-11-000,2024-12,2024,[12] December,"Pintuyan, Southern Leyte",[1] Operational,,,,,[A] Operational,B,08-064-11-000,Pintuyan,Southern Leyte,Region VIII (Eastern Visayas),Municipality,5th*,R8,K
[2024-12] 08-026-18-000,2024-12,2024,[12] December,"Quinapondan, Eastern Samar",[1] Operational,,,,,[A] Operational,B,08-026-18-000,Quinapondan,Eastern Samar,Region VIII (Eastern Visayas),Municipality,5th,R8,K
[2024-12] 08-026-19-000,2024-12,2024,[12] December,"Salcedo, Eastern Samar",[1] Operational,,,,,[A] Operational,A,08-026-19-000,Salcedo,Eastern Samar,Region VIII (Eastern Visayas),Municipality,5th*,R8,K
[2024-12] 08-064-13-000,2024-12,2024,[12] December,"San Francisco, Southern Leyte",[1] Operational,,,,,[A] Operational,A,08-064-13-000,San Francisco,Southern Leyte,Region VIII (Eastern Visayas),Municipality,5th,R8,K
[2024-12] 08-064-14-000,2024-12,2024,[12] December,"San Juan, Southern Leyte",[1] Operational,,,,,[A] Operational,A,08-064-14-000,San Juan,Southern Leyte,Region VIII (Eastern Visayas),Municipality,5th,R8,K
[2024-12] 08-026-20-000,2024-12,2024,[12] December,"San Julian, Eastern Samar",[1] Operational,,,,,[A] Operational,B,08-026-20-000,San Julian,Eastern Samar,Region VIII (Eastern Visayas),Municipality,5th,R8,K
[2024-12] 08-037-43-000,2024-12,2024,[12] December,"San Miguel, Leyte",[1] Operational,,,,,[A] Operational,B,08-037-43-000,San Miguel,Leyte,Region VIII (Eastern Visayas),Municipality,4th,R8,K
[2024-12] 08-064-15-000,2024-12,2024,[12] December,"San Ricardo, Southern Leyte",[1] Operational,,,,,[A] Operational,A,08-064-15-000,San Ricardo,Southern Leyte,Region VIII (Eastern Visayas),Municipality,5th,R8,K
[2024-12] 08-048-20-000,2024-12,2024,[12] December,"San Roque, Northern Samar",[1] Operational,,,,,[A] Operational,B,08-048-20-000,San Roque,Northern Samar,Region VIII (Eastern Visayas),Municipality,4th,R8,K
[2024-12] 08-060-16-000,2024-12,2024,[12] December,"Santa Margarita, Samar",[1] Operational,,,,,[A] Operational,B,08-060-16-000,Santa Margarita,Samar,Region VIII (Eastern Visayas),Municipality,4th,R8,K
[2024-12] 08-064-16-000,2024-12,2024,[12] December,"Silago, Southern Leyte",[1] Operational,,,,,[A] Operational,B,08-064-16-000,Silago,Southern Leyte,Region VIII (Eastern Visayas),Municipality,4th,R8,K
[2024-12] 08-064-17-000,2024-12,2024,[12] December,"Sogod, Southern Leyte",[1] Operational,,,,,[A] Operational,B,08-064-17-000,Sogod,Southern Leyte,Region VIII (Eastern Visayas),Municipality,2nd,R8,K
[2024-12] 08-026-22-000,2024-12,2024,[12] December,"Sulat, Eastern Samar",[1] Operational,,,,,[A] Operational,B,08-026-22-000,Sulat,Eastern Samar,Region VIII (Eastern Visayas),Municipality,4th,R8,K
[2024-12] 08-037-46-000,2024-12,2024,[12] December,"Tabontabon, Leyte",[1] Operational,,,,,[A] Operational,B,08-037-46-000,Tabontabon,Leyte,Region VIII (Eastern Visayas),Municipality,5th,R8,K
[2024-12] 08-064-18-000,2024-12,2024,[12] December,"Tomas Oppus, Southern Leyte",[1] Operational,,,,,[A] Operational,B,08-064-18-000,Tomas Oppus,Southern Leyte,Region VIII (Eastern Visayas),Municipality,5th,R8,K
[2024-12] 08-048-23-000,2024-12,2024,[12] December,"Victoria, Northern Samar",[1] Operational,,,,,[A] Operational,B,08-048-23-000,Victoria,Northern Samar,Region VIII (Eastern Visayas),Municipality,5th,R8,K
[2024-12] 08-060-21-000,2024-12,2024,[12] December,"Villareal, Samar",[1] Operational,,,,,[A] Operational,B,08-060-21-000,Villareal,Samar,Region VIII (Eastern Visayas),Municipality,4th*,R8,K
[2024-12] 08-060-23-000,2024-12,2024,[12] December,"Zumarraga, Samar",[1] Operational,,,,,[A] Operational,B,08-060-23-000,Zumarraga,Samar,Region VIII (Eastern Visayas),Municipality,5th*,R8,K
[2024-12] 08-060-09-000,2024-12,2024,[12] December,"Jiabong, Samar",[1] Operational,,,,,[A] Operational,B,08-060-09-000,Jiabong,Samar,Region VIII (Eastern Visayas),Municipality,5th,R8,K
[2024-12] 08-026-09-000,2024-12,2024,[12] December,"Guiuan, Eastern Samar",[1] Operational,,,,,[A] Operational,B,08-026-09-000,Guiuan,Eastern Samar,Region VIII (Eastern Visayas),Municipality,2nd,R8,K
[2024-12] 19-070-02-000,2024-12,2024,[12] December,"Bongao, Tawi-Tawi",[1] Operational,,,,,[A] Operational,A,19-070-02-000,Bongao,Tawi-Tawi,Bangsamoro Autonomous Region In Muslim Mindanao (BARMM),Municipality,2nd,BARMM I,M
[2024-12] 09-901-01-000,2024-12,2024,[12] December,"City of Isabela, Basilan",[1] Operational,,,,,[A] Operational,B,09-901-01-000,City of Isabela,Basilan,Region IX (Zamboanga Peninsula),City,4th,R9,L
[2024-12] 19-007-02-000,2024-12,2024,[12] December,"City of Lamitan, Basilan",[1] Operational,,,,,[A] Operational,A,19-007-02-000,City of Lamitan,Basilan,Bangsamoro Autonomous Region In Muslim Mindanao (BARMM),City,6th,BARMM I,M
[2024-12] 09-073-05-000,2024-12,2024,[12] December,"Dimataling, Zamboanga del Sur",[1] Operational,,,,,[A] Operational,A,09-073-05-000,Dimataling,Zamboanga del Sur,Region IX (Zamboanga Peninsula),Municipality,4th,R9,L
[2024-12] 09-083-03-000,2024-12,2024,[12] December,"Diplahan, Zamboanga Sibugay",[1] Operational,,,,,[A] Operational,A,09-083-03-000,Diplahan,Zamboanga Sibugay,Region IX (Zamboanga Peninsula),Municipality,3rd,R9,L
[2024-12] 09-073-07-000,2024-12,2024,[12] December,"Dumalinao, Zamboanga del Sur",[1] Operational,,,,,[A] Operational,A,09-073-07-000,Dumalinao,Zamboanga del Sur,Region IX (Zamboanga Peninsula),Municipality,4th,R9,L
[2024-12] 09-073-43-000,2024-12,2024,[12] December,"Guipos, Zamboanga del Sur",[1] Operational,,,,,[A] Operational,B,09-073-43-000,Guipos,Zamboanga del Sur,Region IX (Zamboanga Peninsula),Municipality,4th,R9,L
[2024-12] 09-072-23-000,2024-12,2024,[12] December,"Gutalac, Zamboanga del Norte",[1] Operational,,,,,[A] Operational,A,09-072-23-000,Gutalac,Zamboanga del Norte,Region IX (Zamboanga Peninsula),Municipality,2nd,R9,L
[2024-12] 09-073-37-000,2024-12,2024,[12] December,"Josefina, Zamboanga del Sur",[1] Operational,,,,,[A] Operational,B,09-073-37-000,Josefina,Zamboanga del Sur,Region IX (Zamboanga Peninsula),Municipality,5th*,R9,L
[2024-12] 09-083-06-000,2024-12,2024,[12] December,"Kabasalan, Zamboanga Sibugay",[1] Operational,,,,,[A] Operational,A,09-083-06-000,Kabasalan,Zamboanga Sibugay,Region IX (Zamboanga Peninsula),Municipality,2nd,R9,L
[2024-12] 09-072-05-000,2024-12,2024,[12] December,"Labason, Zamboanga del Norte",[1] Operational,,,,,[A] Operational,B,09-072-05-000,Labason,Zamboanga del Norte,Region IX (Zamboanga Peninsula),Municipality,3rd,R9,L
[2024-12] 09-072-26-000,2024-12,2024,[12] December,"Leon B. Postigo (Bacungan), Zamboanga del Norte",[1] Operational,,,,,[A] Operational,B,09-072-26-000,Leon B. Postigo (Bacungan),Zamboanga del Norte,Region IX (Zamboanga Peninsula),Municipality,4th,R9,L
[2024-12] 09-073-15-000,2024-12,2024,[12] December,"Mahayag, Zamboanga del Sur",[1] Operational,,,,,[A] Operational,B,09-073-15-000,Mahayag,Zamboanga del Sur,Region IX (Zamboanga Peninsula),Municipality,3rd*,R9,L
[2024-12] 09-073-19-000,2024-12,2024,[12] December,"Molave, Zamboanga del Sur",[1] Operational,,,,,[A] Operational,A,09-073-19-000,Molave,Zamboanga del Sur,Region IX (Zamboanga Peninsula),Municipality,1st,R9,L
[2024-12] 09-072-10-000,2024-12,2024,[12] December,"Polanco, Zamboanga del Norte",[1] Operational,,,,,[A] Operational,A,09-072-10-000,Polanco,Zamboanga del Norte,Region IX (Zamboanga Peninsula),Municipality,3rd,R9,L
[2024-12] 09-073-23-000,2024-12,2024,[12] December,"Ramon Magsaysay, Zamboanga del Sur",[1] Operational,,,,,[A] Operational,A,09-073-23-000,Ramon Magsaysay,Zamboanga del Sur,Region IX (Zamboanga Peninsula),Municipality,4th*,R9,L
[2024-12] 09-072-13-000,2024-12,2024,[12] December,"Salug, Zamboanga del Norte",[1] Operational,,,,,[A] Operational,A,09-072-13-000,Salug,Zamboanga del Norte,Region IX (Zamboanga Peninsula),Municipality,3rd,R9,L
[2024-12] 09-073-25-000,2024-12,2024,[12] December,"San Pablo, Zamboanga del Sur",[1] Operational,,,,,[A] Operational,A,09-073-25-000,San Pablo,Zamboanga del Sur,Region IX (Zamboanga Peninsula),Municipality,4th*,R9,L
[2024-12] 09-072-15-000,2024-12,2024,[12] December,"Siayan, Zamboanga del Norte",[1] Operational,,,,,[A] Operational,B,09-072-15-000,Siayan,Zamboanga del Norte,Region IX (Zamboanga Peninsula),Municipality,2nd,R9,L
[2024-12] 09-072-18-000,2024-12,2024,[12] December,"Sindangan, Zamboanga del Norte",[1] Operational,,,,,[A] Operational,A,09-072-18-000,Sindangan,Zamboanga del Norte,Region IX (Zamboanga Peninsula),Municipality,1st,R9,L
[2024-12] 19-066-13-000,2024-12,2024,[12] December,"Talipao, Sulu",[1] Operational,,,,,[A] Operational,A,19-066-13-000,Talipao,Sulu,Bangsamoro Autonomous Region In Muslim Mindanao (BARMM),Municipality,1st,BARMM I,M
[2024-12] 09-073-28-000,2024-12,2024,[12] December,"Tambulig, Zamboanga del Sur",[1] Operational,,,,,[A] Operational,B,09-073-28-000,Tambulig,Zamboanga del Sur,Region IX (Zamboanga Peninsula),Municipality,4th*,R9,L
[2024-12] 09-072-21-000,2024-12,2024,[12] December,"Tampilisan, Zamboanga del Norte",[1] Operational,,,,,[A] Operational,A,09-072-21-000,Tampilisan,Zamboanga del Norte,Region IX (Zamboanga Peninsula),Municipality,4th,R9,L
[2024-12] 09-073-44-000,2024-12,2024,[12] December,"Tigbao, Zamboanga del Sur",[1] Operational,,,,,[A] Operational,B,09-073-44-000,Tigbao,Zamboanga del Sur,Region IX (Zamboanga Peninsula),Municipality,5th*,R9,L
[2024-12] 11-024-01-000,2024-12,2024,[12] December,"Bansalan, Davao del Sur",[1] Operational,,,,,[A] Operational,B,11-024-01-000,Bansalan,Davao del Sur,Region XI (Davao Region),Municipality,1st,R11,P
[2024-12] 11-024-03-000,2024-12,2024,[12] December,"City of Digos, Davao del Sur",[1] Operational,,,,,[A] Operational,B,11-024-03-000,City of Digos,Davao del Sur,Region XI (Davao Region),City,2nd,R11,P
[2024-12] 11-025-07-000,2024-12,2024,[12] December,"Lupon, Davao Oriental",[1] Operational,,,,,[A] Operational,B,11-025-07-000,Lupon,Davao Oriental,Region XI (Davao Region),Municipality,1st,R11,P
[2024-12] 11-025-08-000,2024-12,2024,[12] December,"Manay, Davao Oriental",[1] Operational,,,,,[A] Operational,A,11-025-08-000,Manay,Davao Oriental,Region XI (Davao Region),Municipality,2nd,R11,P
[2024-12] 11-024-10-000,2024-12,2024,[12] December,"Matanao, Davao del Sur",[1] Operational,,,,,[A] Operational,B,11-024-10-000,Matanao,Davao del Sur,Region XI (Davao Region),Municipality,2nd,R11,P
[2024-12] 11-025-10-000,2024-12,2024,[12] December,"San Isidro, Davao Oriental",[1] Operational,,,,,[A] Operational,A,11-025-10-000,San Isidro,Davao Oriental,Region XI (Davao Region),Municipality,3rd,R11,P
[2024-12] 11-024-14-000,2024-12,2024,[12] December,"Sulop, Davao del Sur",[1] Operational,,,,,[A] Operational,B,11-024-14-000,Sulop,Davao del Sur,Region XI (Davao Region),Municipality,3rd,R11,P
[2024-12] 16-067-01-000,2024-12,2024,[12] December,"Alegria, Surigao del Norte",[1] Operational,,,,,[A] Operational,B,16-067-01-000,Alegria,Surigao del Norte,Region XIII (Caraga),Municipality,5th,R13,O
[2024-12] 16-068-04-000,2024-12,2024,[12] December,"Cagwait, Surigao del Sur",[1] Operational,,,,,[A] Operational,B,16-068-04-000,Cagwait,Surigao del Sur,Region XIII (Caraga),Municipality,4th,R13,O
[2024-12] 16-002-03-000,2024-12,2024,[12] December,"City of Cabadbaran, Agusan del Norte",[1] Operational,,,,,[A] Operational,B,16-002-03-000,City of Cabadbaran,Agusan del Norte,Region XIII (Caraga),City,6th,R13,O
[2024-12] 16-068-19-000,2024-12,2024,[12] December,"City of Tandag, Surigao del Sur",[1] Operational,,,,,[A] Operational,A,16-068-19-000,City of Tandag,Surigao del Sur,Region XIII (Caraga),City,5th,R13,O
[2024-12] 16-085-03-000,2024-12,2024,[12] December,"Dinagat, Dinagat Islands",[1] Operational,,,,,[A] Operational,A,16-085-03-000,Dinagat,Dinagat Islands,Region XIII (Caraga),Municipality,5th,R13,O
[2024-12] 16-002-07-000,2024-12,2024,[12] December,"Las Nieves, Agusan del Norte",[1] Operational,,,,,[A] Operational,B,16-002-07-000,Las Nieves,Agusan del Norte,Region XIII (Caraga),Municipality,2nd,R13,O
[2024-12] 16-068-14-000,2024-12,2024,[12] December,"Marihatag, Surigao del Sur",[1] Operational,,,,,[A] Operational,A,16-068-14-000,Marihatag,Surigao del Sur,Region XIII (Caraga),Municipality,3rd,R13,O
[2024-12] 16-002-12-000,2024-12,2024,[12] December,"Remedios T. Romualdez, Agusan del Norte",[1] Operational,,,,,[A] Operational,B,16-002-12-000,Remedios T. Romualdez,Agusan del Norte,Region XIII (Caraga),Municipality,5th,R13,O
[2024-12] 16-068-15-000,2024-12,2024,[12] December,"San Agustin, Surigao del Sur",[1] Operational,,,,,[A] Operational,A,16-068-15-000,San Agustin,Surigao del Sur,Region XIII (Caraga),Municipality,4th,R13,O
[2024-12] 16-003-08-000,2024-12,2024,[12] December,"San Francisco, Agusan del Sur",[1] Operational,,,,,[A] Operational,A,16-003-08-000,San Francisco,Agusan del Sur,Region XIII (Caraga),Municipality,1st,R13,O
[2024-12] 16-085-06-000,2024-12,2024,[12] December,"San Jose, Dinagat Islands",[3] With Concerns,,,,,[A] Operational,B,16-085-06-000,San Jose,Dinagat Islands,Region XIII (Caraga),Municipality,4th*,R13,O
[2024-12] 16-003-10-000,2024-12,2024,[12] December,"Santa Josefa, Agusan del Sur",[1] Operational,,,,,[A] Operational,A,16-003-10-000,Santa Josefa,Agusan del Sur,Region XIII (Caraga),Municipality,3rd,R13,O
[2024-12] 16-002-10-000,2024-12,2024,[12] December,"Santiago, Agusan del Norte",[1] Operational,,,,,[A] Operational,A,16-002-10-000,Santiago,Agusan del Norte,Region XIII (Caraga),Municipality,4th,R13,O
[2024-12] 16-067-22-000,2024-12,2024,[12] December,"Sison, Surigao del Norte",[1] Operational,,,,,[A] Operational,B,16-067-22-000,Sison,Surigao del Norte,Region XIII (Caraga),Municipality,5th,R13,O
[2024-12] 16-067-23-000,2024-12,2024,[12] December,"Socorro, Surigao del Norte",[1] Operational,,,,,[A] Operational,B,16-067-23-000,Socorro,Surigao del Norte,Region XIII (Caraga),Municipality,4th,R13,O
[2024-12] 16-067-25-000,2024-12,2024,[12] December,"Tagana-An, Surigao del Norte",[1] Operational,,,,,[A] Operational,B,16-067-25-000,Tagana-An,Surigao del Norte,Region XIII (Caraga),Municipality,5th*,R13,O
[2024-12] 16-068-18-000,2024-12,2024,[12] December,"Tago, Surigao del Sur",[1] Operational,,,,,[A] Operational,A,16-068-18-000,Tago,Surigao del Sur,Region XIII (Caraga),Municipality,2nd,R13,O
[2024-12] 16-003-12-000,2024-12,2024,[12] December,"Trento, Agusan del Sur",[1] Operational,,,,,[A] Operational,A,16-003-12-000,Trento,Agusan del Sur,Region XIII (Caraga),Municipality,1st,R13,O
[2024-12] 16-067-27-000,2024-12,2024,[12] December,"Tubod, Surigao del Norte",[1] Operational,,,,,[A] Operational,B,16-067-27-000,Tubod,Surigao del Norte,Region XIII (Caraga),Municipality,5th,R13,O
[2024-12] 16-067-14-000,2024-12,2024,[12] December,"Mainit, Surigao del Norte",[1] Operational,,,,,[A] Operational,B,16-067-14-000,Mainit,Surigao del Norte,Region XIII (Caraga),Municipality,4th,R13,O
[2024-12] 16-085-02-000,2024-12,2024,[12] December,"Cagdianao, Dinagat Islands",[1] Operational,,,,,[A] Operational,B,16-085-02-000,Cagdianao,Dinagat Islands,Region XIII (Caraga),Municipality,3rd,R13,O
[2024-12] 16-067-04-000,2024-12,2024,[12] December,"Burgos, Surigao del Norte",[1] Operational,,,,,[A] Operational,#N/A,16-067-04-000,Burgos,Surigao del Norte,Region XIII (Caraga),Municipality,6th,R13,O
[2024-12] 14-027-08-000,2024-12,2024,[12] December,"Aguinaldo, Ifugao",[1] Operational,,,,,[A] Operational,A,14-027-08-000,Aguinaldo,Ifugao,Cordillera Administrative Region (CAR),Municipality,2nd,CAR,B
[2024-12] 14-027-11-000,2024-12,2024,[12] December,"Asipulo, Ifugao",[1] Operational,,,,,[A] Operational,A,14-027-11-000,Asipulo,Ifugao,Cordillera Administrative Region (CAR),Municipality,5th,CAR,B
[2024-12] 14-044-04-000,2024-12,2024,[12] December,"Bontoc, Mountain Province",[1] Operational,,,,,[A] Operational,B,14-044-04-000,Bontoc,Mountain Province,Cordillera Administrative Region (CAR),Municipality,2nd,CAR,B
[2024-12] 14-032-13-000,2024-12,2024,[12] December,"City of Tabuk, Kalinga",[1] Operational,,,,,[A] Operational,A,14-032-13-000,City of Tabuk,Kalinga,Cordillera Administrative Region (CAR),City,5th,CAR,B
[2024-12] 14-001-06-000,2024-12,2024,[12] December,"Danglas, Abra",[1] Operational,,,,,[A] Operational,#N/A,14-001-06-000,Danglas,Abra,Cordillera Administrative Region (CAR),Municipality,5th,CAR,B
[2024-12] 14-001-07-000,2024-12,2024,[12] December,"Dolores, Abra",[1] Operational,,,,,[A] Operational,B,14-001-07-000,Dolores,Abra,Cordillera Administrative Region (CAR),Municipality,5th,CAR,B
[2024-12] 14-027-02-000,2024-12,2024,[12] December,"Hungduan, Ifugao",[1] Operational,,,,,[A] Operational,B,14-027-02-000,Hungduan,Ifugao,Cordillera Administrative Region (CAR),Municipality,4th,CAR,B
[2024-12] 14-027-05-000,2024-12,2024,[12] December,"Lamut, Ifugao",[1] Operational,,,,,[A] Operational,B,14-027-05-000,Lamut,Ifugao,Cordillera Administrative Region (CAR),Municipality,4th,CAR,B
[2024-12] 14-081-05-000,2024-12,2024,[12] December,"Luna, Apayao",[1] Operational,,,,,[A] Operational,B,14-081-05-000,Luna,Apayao,Cordillera Administrative Region (CAR),Municipality,2nd,CAR,B
[2024-12] 14-044-06-000,2024-12,2024,[12] December,"Paracelis, Mountain Province",[1] Operational,,,,,[A] Operational,B,14-044-06-000,Paracelis,Mountain Province,Cordillera Administrative Region (CAR),Municipality,2nd,CAR,B
[2024-12] 14-001-17-000,2024-12,2024,[12] December,"Peñarrubia, Abra",[1] Operational,,,,,[A] Operational,B,14-001-17-000,Peñarrubia,Abra,Cordillera Administrative Region (CAR),Municipality,6th,CAR,B
[2024-12] 14-081-06-000,2024-12,2024,[12] December,"Pudtol, Apayao",[1] Operational,,,,,[A] Operational,B,14-081-06-000,Pudtol,Apayao,Cordillera Administrative Region (CAR),Municipality,4th,CAR,B
[2024-12] 14-011-12-000,2024-12,2024,[12] December,"Sablan, Benguet",[1] Operational,,,,,[A] Operational,A,14-011-12-000,Sablan,Benguet,Cordillera Administrative Region (CAR),Municipality,5th,CAR,B
[2024-12] 14-011-13-000,2024-12,2024,[12] December,"Tuba, Benguet",[1] Operational,,,,,[A] Operational,A,14-011-13-000,Tuba,Benguet,Cordillera Administrative Region (CAR),Municipality,1st,CAR,B
[2024-12] 14-011-14-000,2024-12,2024,[12] December,"Tublay, Benguet",[1] Operational,,,,,[A] Operational,B,14-011-14-000,Tublay,Benguet,Cordillera Administrative Region (CAR),Municipality,5th,CAR,B
[2024-12] 02-050-15-000,2024-12,2024,[12] December,"Alfonso Castaneda, Nueva Vizcaya",[1] Operational,,,,,[A] Operational,#N/A,02-050-15-000,Alfonso Castaneda,Nueva Vizcaya,Region II (Cagayan Valley),Municipality,1st,R2,D
[2024-12] 02-031-01-000,2024-12,2024,[12] December,"Alicia, Isabela",[1] Operational,,,,,[A] Operational,#N/A,02-031-01-000,Alicia,Isabela,Region II (Cagayan Valley),Municipality,1st,R2,D
[2024-12] 02-015-04-000,2024-12,2024,[12] December,"Amulung, Cagayan",[1] Operational,,,,,[A] Operational,#N/A,02-015-04-000,Amulung,Cagayan,Region II (Cagayan Valley),Municipality,2nd,R2,D
[2024-12] 02-050-02-000,2024-12,2024,[12] December,"Aritao, Nueva Vizcaya",[1] Operational,,,,,[A] Operational,#N/A,02-050-02-000,Aritao,Nueva Vizcaya,Region II (Cagayan Valley),Municipality,2nd,R2,D
[2024-12] 02-031-03-000,2024-12,2024,[12] December,"Aurora, Isabela",[1] Operational,,,,,[A] Operational,A,02-031-03-000,Aurora,Isabela,Region II (Cagayan Valley),Municipality,3rd,R2,D
[2024-12] 02-015-06-000,2024-12,2024,[12] December,"Baggao, Cagayan",[1] Operational,,,,,[A] Operational,B,02-015-06-000,Baggao,Cagayan,Region II (Cagayan Valley),Municipality,1st,R2,D
[2024-12] 02-050-04-000,2024-12,2024,[12] December,"Bambang, Nueva Vizcaya",[1] Operational,,,,,[A] Operational,A,02-050-04-000,Bambang,Nueva Vizcaya,Region II (Cagayan Valley),Municipality,1st,R2,D
[2024-12] 02-031-05-000,2024-12,2024,[12] December,"Burgos, Isabela",[1] Operational,,,,,[A] Operational,#N/A,02-031-05-000,Burgos,Isabela,Region II (Cagayan Valley),Municipality,4th,R2,D
[2024-12] 02-031-06-000,2024-12,2024,[12] December,"Cabagan, Isabela",[1] Operational,,,,,[A] Operational,B,02-031-06-000,Cabagan,Isabela,Region II (Cagayan Valley),Municipality,1st,R2,D
[2024-12] 02-057-02-000,2024-12,2024,[12] December,"Cabarroguis, Quirino",[1] Operational,,,,,[A] Operational,#N/A,02-057-02-000,Cabarroguis,Quirino,Region II (Cagayan Valley),Municipality,3rd,R2,D
[2024-12] 02-015-10-000,2024-12,2024,[12] December,"Camalaniugan, Cagayan",[1] Operational,,,,,[A] Operational,A,02-015-10-000,Camalaniugan,Cagayan,Region II (Cagayan Valley),Municipality,4th,R2,D
[2024-12] 02-031-14-000,2024-12,2024,[12] December,"City of Ilagan, Isabela",[1] Operational,,,,,[A] Operational,A,02-031-14-000,City of Ilagan,Isabela,Region II (Cagayan Valley),City,1st (as Mun),R2,D
[2024-12] 02-057-03-000,2024-12,2024,[12] December,"Diffun, Quirino",[1] Operational,,,,,[A] Operational,B,02-057-03-000,Diffun,Quirino,Region II (Cagayan Valley),Municipality,2nd,R2,D
[2024-12] 02-031-10-000,2024-12,2024,[12] December,"Dinapigue, Isabela",[1] Operational,,,,,[A] Operational,#N/A,02-031-10-000,Dinapigue,Isabela,Region II (Cagayan Valley),Municipality,1st,R2,D
[2024-12] 02-031-11-000,2024-12,2024,[12] December,"Divilacan, Isabela",[1] Operational,,,,,[A] Operational,#N/A,02-031-11-000,Divilacan,Isabela,Region II (Cagayan Valley),Municipality,2nd,R2,D
[2024-12] 02-031-12-000,2024-12,2024,[12] December,"Echague, Isabela",[1] Operational,,,,,[A] Operational,#N/A,02-031-12-000,Echague,Isabela,Region II (Cagayan Valley),Municipality,1st,R2,D
[2024-12] 02-031-13-000,2024-12,2024,[12] December,"Gamu, Isabela",[1] Operational,,,,,[A] Operational,A,02-031-13-000,Gamu,Isabela,Region II (Cagayan Valley),Municipality,4th,R2,D
[2024-12] 02-015-13-000,2024-12,2024,[12] December,"Gattaran, Cagayan",[1] Operational,,,,,[A] Operational,B,02-015-13-000,Gattaran,Cagayan,Region II (Cagayan Valley),Municipality,1st,R2,D
[2024-12] 02-031-15-000,2024-12,2024,[12] December,"Jones, Isabela",[1] Operational,,,,,[A] Operational,A,02-031-15-000,Jones,Isabela,Region II (Cagayan Valley),Municipality,1st,R2,D
[2024-12] 02-050-10-000,2024-12,2024,[12] December,"Kayapa, Nueva Vizcaya",[1] Operational,,,,,[A] Operational,#N/A,02-050-10-000,Kayapa,Nueva Vizcaya,Region II (Cagayan Valley),Municipality,3rd,R2,D
[2024-12] 02-057-04-000,2024-12,2024,[12] December,"Maddela, Quirino",[1] Operational,,,,,[A] Operational,A,02-057-04-000,Maddela,Quirino,Region II (Cagayan Valley),Municipality,1st,R2,D
[2024-12] 02-031-19-000,2024-12,2024,[12] December,"Mallig, Isabela",[1] Operational,,,,,[A] Operational,A,02-031-19-000,Mallig,Isabela,Region II (Cagayan Valley),Municipality,4th,R2,D
[2024-12] 02-057-06-000,2024-12,2024,[12] December,"Nagtipunan, Quirino",[1] Operational,,,,,[A] Operational,#N/A,02-057-06-000,Nagtipunan,Quirino,Region II (Cagayan Valley),Municipality,1st,R2,D
[2024-12] 02-031-21-000,2024-12,2024,[12] December,"Palanan, Isabela",[1] Operational,,,,,[A] Operational,A,02-031-21-000,Palanan,Isabela,Region II (Cagayan Valley),Municipality,1st,R2,D
[2024-12] 02-015-18-000,2024-12,2024,[12] December,"Pamplona, Cagayan",[1] Operational,,,,,[A] Operational,#N/A,02-015-18-000,Pamplona,Cagayan,Region II (Cagayan Valley),Municipality,4th,R2,D
[2024-12] 02-015-19-000,2024-12,2024,[12] December,"Peñablanca, Cagayan",[1] Operational,,,,,[A] Operational,#N/A,02-015-19-000,Peñablanca,Cagayan,Region II (Cagayan Valley),Municipality,1st,R2,D
[2024-12] 02-031-24-000,2024-12,2024,[12] December,"Ramon, Isabela",[1] Operational,,,,,[A] Operational,A,02-031-24-000,Ramon,Isabela,Region II (Cagayan Valley),Municipality,2nd,R2,D
[2024-12] 02-031-31-000,2024-12,2024,[12] December,"San Mariano, Isabela",[1] Operational,,,,,[A] Operational,A,02-031-31-000,San Mariano,Isabela,Region II (Cagayan Valley),Municipality,1st,R2,D
[2024-12] 02-031-32-000,2024-12,2024,[12] December,"San Mateo, Isabela",[1] Operational,,,,,[A] Operational,B,02-031-32-000,San Mateo,Isabela,Region II (Cagayan Valley),Municipality,1st,R2,D
[2024-12] 02-015-22-000,2024-12,2024,[12] December,"Sanchez-Mira, Cagayan",[1] Operational,,,,,[A] Operational,#N/A,02-015-22-000,Sanchez-Mira,Cagayan,Region II (Cagayan Valley),Municipality,3rd,R2,D
[2024-12] 02-015-23-000,2024-12,2024,[12] December,"Santa Ana, Cagayan",[1] Operational,,,,,[A] Operational,B,02-015-23-000,Santa Ana,Cagayan,Region II (Cagayan Valley),Municipality,2nd,R2,D
[2024-12] 02-031-34-000,2024-12,2024,[12] December,"Santa Maria, Isabela",[1] Operational,,,,,[A] Operational,#N/A,02-031-34-000,Santa Maria,Isabela,Region II (Cagayan Valley),Municipality,4th,R2,D
[2024-12] 02-015-24-000,2024-12,2024,[12] December,"Santa Praxedes, Cagayan",[1] Operational,,,,,[A] Operational,#N/A,02-015-24-000,Santa Praxedes,Cagayan,Region II (Cagayan Valley),Municipality,5th,R2,D
[2024-12] 02-015-25-000,2024-12,2024,[12] December,"Santa Teresita, Cagayan",[1] Operational,,,,,[A] Operational,B,02-015-25-000,Santa Teresita,Cagayan,Region II (Cagayan Valley),Municipality,4th,R2,D
[2024-12] 02-015-27-000,2024-12,2024,[12] December,"Solana, Cagayan",[1] Operational,,,,,[A] Operational,#N/A,02-015-27-000,Solana,Cagayan,Region II (Cagayan Valley),Municipality,1st,R2,D
[2024-12] 04-010-01-000,2024-12,2024,[12] December,"Agoncillo, Batangas",[1] Operational,,,,,[A] Operational,A,04-010-01-000,Agoncillo,Batangas,Region IV-A (CALABARZON),Municipality,4th,R4A,F
[2024-12] 04-056-02-000,2024-12,2024,[12] December,"Alabat, Quezon",[1] Operational,,,,,[A] Operational,B,04-056-02-000,Alabat,Quezon,Region IV-A (CALABARZON),Municipality,5th,R4A,F
[2024-12] 04-021-01-000,2024-12,2024,[12] December,"Alfonso, Cavite",[1] Operational,,,,,[A] Operational,A,04-021-01-000,Alfonso,Cavite,Region IV-A (CALABARZON),Municipality,1st,R4A,F
[2024-12] 04-010-02-000,2024-12,2024,[12] December,"Alitagtag, Batangas",[1] Operational,,,,,[A] Operational,A,04-010-02-000,Alitagtag,Batangas,Region IV-A (CALABARZON),Municipality,4th,R4A,F
[2024-12] 04-056-07-000,2024-12,2024,[12] December,"Calauag, Quezon",[1] Operational,,,,,[A] Operational,A,04-056-07-000,Calauag,Quezon,Region IV-A (CALABARZON),Municipality,1st,R4A,F
[2024-12] 04-058-06-000,2024-12,2024,[12] December,"Cardona, Rizal",[1] Operational,,,,,[A] Operational,B,04-058-06-000,Cardona,Rizal,Region IV-A (CALABARZON),Municipality,3rd,R4A,F
[2024-12] 04-056-19-000,2024-12,2024,[12] December,"Gumaca, Quezon",[1] Operational,,,,,[A] Operational,B,04-056-19-000,Gumaca,Quezon,Region IV-A (CALABARZON),Municipality,1st,R4A,F
[2024-12] 04-056-20-000,2024-12,2024,[12] December,"Infanta, Quezon",[1] Operational,,,,,[A] Operational,B,04-056-20-000,Infanta,Quezon,Region IV-A (CALABARZON),Municipality,1st,R4A,F
[2024-12] 04-010-15-000,2024-12,2024,[12] December,"Lobo, Batangas",[1] Operational,,,,,[A] Operational,B,04-010-15-000,Lobo,Batangas,Region IV-A (CALABARZON),Municipality,3rd,R4A,F
[2024-12] 04-056-22-000,2024-12,2024,[12] December,"Lopez, Quezon",[1] Operational,,,,,[A] Operational,A,04-056-22-000,Lopez,Quezon,Region IV-A (CALABARZON),Municipality,1st,R4A,F
[2024-12] 04-034-13-000,2024-12,2024,[12] December,"Lumban, Laguna",[1] Operational,,,,,[A] Operational,B,04-034-13-000,Lumban,Laguna,Region IV-A (CALABARZON),Municipality,3rd,R4A,F
[2024-12] 04-021-12-000,2024-12,2024,[12] December,"Magallanes, Cavite",[1] Operational,,,,,[A] Operational,B,04-021-12-000,Magallanes,Cavite,Region IV-A (CALABARZON),Municipality,4th,R4A,F
[2024-12] 04-010-18-000,2024-12,2024,[12] December,"Mataasnakahoy, Batangas",[1] Operational,,,,Launched on August 30,[A] Operational,B,04-010-18-000,Mataasnakahoy,Batangas,Region IV-A (CALABARZON),Municipality,4th,R4A,F
[2024-12] 04-021-15-000,2024-12,2024,[12] December,"Naic, Cavite",[1] Operational,,,,,[A] Operational,B,04-021-15-000,Naic,Cavite,Region IV-A (CALABARZON),Municipality,1st,R4A,F
[2024-12] 04-021-16-000,2024-12,2024,[12] December,"Noveleta, Cavite",[1] Operational,,,,,[A] Operational,B,04-021-16-000,Noveleta,Cavite,Region IV-A (CALABARZON),Municipality,3rd,R4A,F
[2024-12] 04-034-18-000,2024-12,2024,[12] December,"Paete, Laguna",[1] Operational,,,,,[A] Operational,A,04-034-18-000,Paete,Laguna,Region IV-A (CALABARZON),Municipality,4th,R4A,F
[2024-12] 04-034-23-000,2024-12,2024,[12] December,"Rizal, Laguna",[1] Operational,,,,,[A] Operational,A,04-034-23-000,Rizal,Laguna,Region IV-A (CALABARZON),Municipality,5th,R4A,F
[2024-12] 04-056-39-000,2024-12,2024,[12] December,"Sampaloc, Quezon",[1] Operational,,,,,[A] Operational,B,04-056-39-000,Sampaloc,Quezon,Region IV-A (CALABARZON),Municipality,5th,R4A,F
[2024-12] 04-010-25-000,2024-12,2024,[12] December,"San Nicolas, Batangas",[1] Operational,,,,,[A] Operational,A,04-010-25-000,San Nicolas,Batangas,Region IV-A (CALABARZON),Municipality,5th,R4A,F
[2024-12] 04-010-26-000,2024-12,2024,[12] December,"San Pascual, Batangas",[1] Operational,,,,,[A] Operational,B,04-010-26-000,San Pascual,Batangas,Region IV-A (CALABARZON),Municipality,1st,R4A,F
[2024-12] 04-010-27-000,2024-12,2024,[12] December,"Santa Teresita, Batangas",[1] Operational,,,,,[A] Operational,B,04-010-27-000,Santa Teresita,Batangas,Region IV-A (CALABARZON),Municipality,5th,R4A,F
[2024-12] 04-034-29-000,2024-12,2024,[12] December,"Siniloan, Laguna",[1] Operational,,,,,[A] Operational,A,04-034-29-000,Siniloan,Laguna,Region IV-A (CALABARZON),Municipality,2nd,R4A,F
[2024-12] 04-021-20-000,2024-12,2024,[12] December,"Tanza, Cavite",[1] Operational,,,,,[A] Operational,A,04-021-20-000,Tanza,Cavite,Region IV-A (CALABARZON),Municipality,1st,R4A,F
[2024-12] 17-051-01-000,2024-12,2024,[12] December,"Abra De Ilog, Occidental Mindoro",[1] Operational,,,,,[A] Operational,B,17-051-01-000,Abra De Ilog,Occidental Mindoro,MIMAROPA Region,Municipality,2nd,R4B,G
[2024-12] 17-059-01-000,2024-12,2024,[12] December,"Alcantara, Romblon",[1] Operational,,,,,[A] Operational,B,17-059-01-000,Alcantara,Romblon,MIMAROPA Region,Municipality,5th,R4B,G
[2024-12] 17-052-01-000,2024-12,2024,[12] December,"Baco, Oriental Mindoro",[1] Operational,,,,,[A] Operational,B,17-052-01-000,Baco,Oriental Mindoro,MIMAROPA Region,Municipality,3rd,R4B,G
[2024-12] 17-052-04-000,2024-12,2024,[12] December,"Bulalacao, Oriental Mindoro",[1] Operational,,,,,[A] Operational,B,17-052-04-000,Bulalacao,Oriental Mindoro,MIMAROPA Region,Municipality,3rd,R4B,G
[2024-12] 17-053-07-000,2024-12,2024,[12] December,"Busuanga, Palawan",[1] Operational,,,,,[A] Operational,A,17-053-07-000,Busuanga,Palawan,MIMAROPA Region,Municipality,3rd,R4B,G
[2024-12] 17-059-04-000,2024-12,2024,[12] December,"Calatrava, Romblon",[1] Operational,,,,,[A] Operational,#N/A,17-059-04-000,Calatrava,Romblon,MIMAROPA Region,Municipality,5th,R4B,G
[2024-12] 17-051-02-000,2024-12,2024,[12] December,"Calintaan, Occidental Mindoro",[1] Operational,,,,,[A] Operational,A,17-051-02-000,Calintaan,Occidental Mindoro,MIMAROPA Region,Municipality,3rd,R4B,G
[2024-12] 17-053-09-000,2024-12,2024,[12] December,"Coron, Palawan",[1] Operational,,,,,[A] Operational,B,17-053-09-000,Coron,Palawan,MIMAROPA Region,Municipality,1st,R4B,G
[2024-12] 17-053-22-000,2024-12,2024,[12] December,"Culion, Palawan",[1] Operational,,,,,[A] Operational,A,17-053-22-000,Culion,Palawan,MIMAROPA Region,Municipality,3rd,R4B,G
[2024-12] 17-059-16-000,2024-12,2024,[12] December,"Ferrol, Romblon",[1] Operational,,,,,[A] Operational,A,17-059-16-000,Ferrol,Romblon,MIMAROPA Region,Municipality,6th,R4B,G
[2024-12] 17-052-06-000,2024-12,2024,[12] December,"Gloria, Oriental Mindoro",[1] Operational,,,,,[A] Operational,B,17-052-06-000,Gloria,Oriental Mindoro,MIMAROPA Region,Municipality,3rd,R4B,G
[2024-12] 17-051-03-000,2024-12,2024,[12] December,"Looc, Occidental Mindoro",[1] Operational,,,,,[A] Operational,#N/A,17-051-03-000,Looc,Occidental Mindoro,MIMAROPA Region,Municipality,5th,R4B,G
[2024-12] 17-059-07-000,2024-12,2024,[12] December,"Looc, Romblon",[1] Operational,,,,,[A] Operational,B,17-059-07-000,Looc,Romblon,MIMAROPA Region,Municipality,4th,R4B,G
[2024-12] 17-051-04-000,2024-12,2024,[12] December,"Lubang, Occidental Mindoro",[1] Operational,,,,,[A] Operational,B,17-051-04-000,Lubang,Occidental Mindoro,MIMAROPA Region,Municipality,4th,R4B,G
[2024-12] 17-053-15-000,2024-12,2024,[12] December,"Narra, Palawan",[1] Operational,,,,,[A] Operational,#N/A,17-053-15-000,Narra,Palawan,MIMAROPA Region,Municipality,1st,R4B,G
[2024-12] 17-052-08-000,2024-12,2024,[12] December,"Naujan, Oriental Mindoro",[1] Operational,,,,,[A] Operational,#N/A,17-052-08-000,Naujan,Oriental Mindoro,MIMAROPA Region,Municipality,1st,R4B,G
[2024-12] 17-052-09-000,2024-12,2024,[12] December,"Pinamalayan, Oriental Mindoro",[1] Operational,,,,,[A] Operational,B,17-052-09-000,Pinamalayan,Oriental Mindoro,MIMAROPA Region,Municipality,1st,R4B,G
[2024-12] 17-053-17-000,2024-12,2024,[12] December,"Quezon, Palawan",[1] Operational,,,,,[A] Operational,A,17-053-17-000,Quezon,Palawan,MIMAROPA Region,Municipality,1st,R4B,G
[2024-12] 17-051-08-000,2024-12,2024,[12] December,"Rizal, Occidental Mindoro",[2] Ongoing Testing and Data Build-up,60%,,,,[B] Developmental,B,17-051-08-000,Rizal,Occidental Mindoro,MIMAROPA Region,Municipality,3rd,R4B,G
[2024-12] 17-053-23-000,2024-12,2024,[12] December,"Rizal, Palawan",[1] Operational,,,,,[A] Operational,B,17-053-23-000,Rizal,Palawan,MIMAROPA Region,Municipality,1st,R4B,G
[2024-12] 17-051-09-000,2024-12,2024,[12] December,"Sablayan, Occidental Mindoro",[1] Operational,,,,,[A] Operational,B,17-051-09-000,Sablayan,Occidental Mindoro,MIMAROPA Region,Municipality,1st,R4B,G
[2024-12] 17-051-10-000,2024-12,2024,[12] December,"San Jose, Occidental Mindoro",[1] Operational,,,,,[A] Operational,A,17-051-10-000,San Jose,Occidental Mindoro,MIMAROPA Region,Municipality,1st,R4B,G
[2024-12] 17-059-14-000,2024-12,2024,[12] December,"San Jose, Romblon",[1] Operational,,,,,[A] Operational,B,17-059-14-000,San Jose,Romblon,MIMAROPA Region,Municipality,5th,R4B,G
[2024-12] 17-053-19-000,2024-12,2024,[12] December,"San Vicente, Palawan",[1] Operational,,,,,[A] Operational,B,17-053-19-000,San Vicente,Palawan,MIMAROPA Region,Municipality,1st,R4B,G
[2024-12] 17-040-05-000,2024-12,2024,[12] December,"Santa Cruz, Marinduque",[1] Operational,,,,,[A] Operational,B,17-040-05-000,Santa Cruz,Marinduque,MIMAROPA Region,Municipality,1st,R4B,G
[2024-12] 17-059-15-000,2024-12,2024,[12] December,"Santa Fe, Romblon",[1] Operational,,,,,[A] Operational,B,17-059-15-000,Santa Fe,Romblon,MIMAROPA Region,Municipality,5th,R4B,G
[2024-12] 17-059-02-000,2024-12,2024,[12] December,"Banton, Romblon",[1] Operational,,,,,[A] Operational,#N/A,17-059-02-000,Banton,Romblon,MIMAROPA Region,Municipality,5th,R4B,G
[2024-12] 06-030-02-000,2024-12,2024,[12] December,"Alimodian, Iloilo",[1] Operational,,,,,[A] Operational,B,06-030-02-000,Alimodian,Iloilo,Region VI (Western Visayas),Municipality,3rd,R6,I
[2024-12] 06-030-03-000,2024-12,2024,[12] December,"Anilao, Iloilo",[1] Operational,,,,,[A] Operational,A,06-030-03-000,Anilao,Iloilo,Region VI (Western Visayas),Municipality,4th,R6,I
[2024-12] 06-030-06-000,2024-12,2024,[12] December,"Banate, Iloilo",[1] Operational,,,,,[A] Operational,#N/A,06-030-06-000,Banate,Iloilo,Region VI (Western Visayas),Municipality,4th,R6,I
[2024-12] 06-030-07-000,2024-12,2024,[12] December,"Barotac Nuevo, Iloilo",[2] Ongoing Testing and Data Build-up,25%,,,,[B] Developmental,#N/A,06-030-07-000,Barotac Nuevo,Iloilo,Region VI (Western Visayas),Municipality,2nd,R6,I
[2024-12] 06-006-03-000,2024-12,2024,[12] December,"Belison, Antique",[1] Operational,,,,,[A] Operational,B,06-006-03-000,Belison,Antique,Region VI (Western Visayas),Municipality,5th,R6,I
[2024-12] 06-030-10-000,2024-12,2024,[12] December,"Bingawan, Iloilo",[1] Operational,,,,,[A] Operational,B,06-030-10-000,Bingawan,Iloilo,Region VI (Western Visayas),Municipality,5th,R6,I
[2024-12] 06-004-05-000,2024-12,2024,[12] December,"Buruanga, Aklan",[1] Operational,,,,,[A] Operational,B,06-004-05-000,Buruanga,Aklan,Region VI (Western Visayas),Municipality,5th,R6,I
[2024-12] 06-030-12-000,2024-12,2024,[12] December,"Cabatuan, Iloilo",[1] Operational,,,,,[A] Operational,B,06-030-12-000,Cabatuan,Iloilo,Region VI (Western Visayas),Municipality,2nd,R6,I
[2024-12] 06-030-13-000,2024-12,2024,[12] December,"Calinog, Iloilo",[1] Operational,,,,,[A] Operational,#N/A,06-030-13-000,Calinog,Iloilo,Region VI (Western Visayas),Municipality,1st,R6,I
[2024-12] 06-045-09-000,2024-12,2024,[12] December,"City of Escalante, Negros Occidental",[1] Operational,,,,,[A] Operational,A,06-045-09-000,City of Escalante,Negros Occidental,Region VI (Western Visayas),City,4th,R6,I
[2024-12] 06-045-10-000,2024-12,2024,[12] December,"City of Himamaylan, Negros Occidental",[1] Operational,,,,,[A] Operational,B,06-045-10-000,City of Himamaylan,Negros Occidental,Region VI (Western Visayas),City,3rd,R6,I
[2024-12] 06-310-00-000,2024-12,2024,[12] December,"City of Iloilo, Iloilo",[1] Operational,,,,,[A] Operational,B,06-310-00-000,City of Iloilo,Iloilo,Region VI (Western Visayas),City,1st,R6,I
[2024-12] 06-045-16-000,2024-12,2024,[12] December,"City of La Carlota, Negros Occidental",[1] Operational,,,,,[A] Operational,A,06-045-16-000,City of La Carlota,Negros Occidental,Region VI (Western Visayas),City,4th,R6,I
[2024-12] 06-045-23-000,2024-12,2024,[12] December,"City of Sagay, Negros Occidental",[1] Operational,,,,,[A] Operational,B,06-045-23-000,City of Sagay,Negros Occidental,Region VI (Western Visayas),City,3rd,R6,I
[2024-12] 06-045-27-000,2024-12,2024,[12] December,"City of Sipalay, Negros Occidental",[1] Operational,,,,,[A] Operational,A,06-045-27-000,City of Sipalay,Negros Occidental,Region VI (Western Visayas),City,4th,R6,I
[2024-12] 06-030-15-000,2024-12,2024,[12] December,"Concepcion, Iloilo",[1] Operational,,,,,[A] Operational,A,06-030-15-000,Concepcion,Iloilo,Region VI (Western Visayas),Municipality,3rd,R6,I
[2024-12] 06-019-01-000,2024-12,2024,[12] December,"Cuartero, Capiz",[1] Operational,,,,,[A] Operational,B,06-019-01-000,Cuartero,Capiz,Region VI (Western Visayas),Municipality,4th,R6,I
[2024-12] 06-019-04-000,2024-12,2024,[12] December,"Dumarao, Capiz",[1] Operational,,,,,[A] Operational,A,06-019-04-000,Dumarao,Capiz,Region VI (Western Visayas),Municipality,2nd,R6,I
[2024-12] 06-045-12-000,2024-12,2024,[12] December,"Hinoba-an, Negros Occidental",[1] Operational,,,,,[A] Operational,B,06-045-12-000,Hinoba-an,Negros Occidental,Region VI (Western Visayas),Municipality,1st,R6,I
[2024-12] 06-030-26-000,2024-12,2024,[12] December,"Leganes, Iloilo",[1] Operational,,,,,[A] Operational,B,06-030-26-000,Leganes,Iloilo,Region VI (Western Visayas),Municipality,4th,R6,I
[2024-12] 06-006-10-000,2024-12,2024,[12] December,"Libertad, Antique",[1] Operational,,,,,[A] Operational,B,06-006-10-000,Libertad,Antique,Region VI (Western Visayas),Municipality,5th,R6,I
[2024-12] 06-019-07-000,2024-12,2024,[12] December,"Ma-Ayon, Capiz",[2] Ongoing Testing and Data Build-up,25%,,,,[B] Developmental,#N/A,06-019-07-000,Ma-Ayon,Capiz,Region VI (Western Visayas),Municipality,3rd,R6,I
[2024-12] 06-030-29-000,2024-12,2024,[12] December,"Maasin, Iloilo",[1] Operational,,,,,[A] Operational,B,06-030-29-000,Maasin,Iloilo,Region VI (Western Visayas),Municipality,3rd,R6,I
[2024-12] 06-030-31-000,2024-12,2024,[12] December,"Mina, Iloilo",[1] Operational,,,,,[A] Operational,B,06-030-31-000,Mina,Iloilo,Region VI (Western Visayas),Municipality,5th,R6,I
[2024-12] 06-030-32-000,2024-12,2024,[12] December,"New Lucena, Iloilo",[1] Operational,,,,,[A] Operational,B,06-030-32-000,New Lucena,Iloilo,Region VI (Western Visayas),Municipality,4th,R6,I
[2024-12] 06-030-34-000,2024-12,2024,[12] December,"Oton, Iloilo",[1] Operational,,,,,[A] Operational,B,06-030-34-000,Oton,Iloilo,Region VI (Western Visayas),Municipality,1st,R6,I
[2024-12] 06-006-11-000,2024-12,2024,[12] December,"Pandan, Antique",[1] Operational,,,,,[A] Operational,B,06-006-11-000,Pandan,Antique,Region VI (Western Visayas),Municipality,4th,R6,I
[2024-12] 06-030-37-000,2024-12,2024,[12] December,"Pototan, Iloilo",[1] Operational,,,,,[A] Operational,B,06-030-37-000,Pototan,Iloilo,Region VI (Western Visayas),Municipality,1st,R6,I
[2024-12] 06-030-41-000,2024-12,2024,[12] December,"San Miguel, Iloilo",[1] Operational,,,,,[A] Operational,B,06-030-41-000,San Miguel,Iloilo,Region VI (Western Visayas),Municipality,4th,R6,I
[2024-12] 06-006-14-000,2024-12,2024,[12] December,"San Remigio, Antique",[1] Operational,,,,,[A] Operational,B,06-006-14-000,San Remigio,Antique,Region VI (Western Visayas),Municipality,3rd,R6,I
[2024-12] 06-030-43-000,2024-12,2024,[12] December,"Santa Barbara, Iloilo",[1] Operational,,,,,[A] Operational,B,06-030-43-000,Santa Barbara,Iloilo,Region VI (Western Visayas),Municipality,2nd,R6,I
[2024-12] 06-030-44-000,2024-12,2024,[12] December,"Sara, Iloilo",[1] Operational,,,,,[A] Operational,B,06-030-44-000,Sara,Iloilo,Region VI (Western Visayas),Municipality,2nd,R6,I
[2024-12] 06-006-15-000,2024-12,2024,[12] December,"Sebaste, Antique",[1] Operational,,,,,[A] Operational,A,06-006-15-000,Sebaste,Antique,Region VI (Western Visayas),Municipality,4th,R6,I
[2024-12] 06-004-17-000,2024-12,2024,[12] December,"Tangalan, Aklan",[1] Operational,,,,,[A] Operational,B,06-004-17-000,Tangalan,Aklan,Region VI (Western Visayas),Municipality,5th,R6,I
[2024-12] 06-019-17-000,2024-12,2024,[12] December,"Tapaz, Capiz",[1] Operational,,,,,[A] Operational,B,06-019-17-000,Tapaz,Capiz,Region VI (Western Visayas),Municipality,1st,R6,I
[2024-12] 06-006-18-000,2024-12,2024,[12] December,"Valderrama, Antique",[1] Operational,,,,,[A] Operational,B,06-006-18-000,Valderrama,Antique,Region VI (Western Visayas),Municipality,4th,R6,I
[2024-12] 06-030-47-000,2024-12,2024,[12] December,"Zarraga, Iloilo",[1] Operational,,,,,[A] Operational,B,06-030-47-000,Zarraga,Iloilo,Region VI (Western Visayas),Municipality,4th,R6,I
[2024-12] 01-028-01-000,2024-12,2024,[12] December,"Adams, Ilocos Norte",[1] Operational,,,,,[A] Operational,A,01-028-01-000,Adams,Ilocos Norte,Region I (Ilocos Region),Municipality,5th,R1,C
[2024-12] 01-033-01-000,2024-12,2024,[12] December,"Agoo, La Union",[1] Operational,,,,,[A] Operational,A,01-033-01-000,Agoo,La Union,Region I (Ilocos Region),Municipality,1st,R1,C
[2024-12] 01-055-02-000,2024-12,2024,[12] December,"Aguilar, Pangasinan",[1] Operational,,,,,[A] Operational,B,01-055-02-000,Aguilar,Pangasinan,Region I (Ilocos Region),Municipality,3rd,R1,C
[2024-12] 01-033-02-000,2024-12,2024,[12] December,"Aringay, La Union",[1] Operational,,,,,[A] Operational,B,01-033-02-000,Aringay,La Union,Region I (Ilocos Region),Municipality,2nd,R1,C
[2024-12] 01-028-03-000,2024-12,2024,[12] December,"Badoc, Ilocos Norte",[1] Operational,,,,,[A] Operational,B,01-028-03-000,Badoc,Ilocos Norte,Region I (Ilocos Region),Municipality,3rd,R1,C
[2024-12] 01-033-05-000,2024-12,2024,[12] December,"Balaoan, La Union",[1] Operational,,,,,[A] Operational,B,01-033-05-000,Balaoan,La Union,Region I (Ilocos Region),Municipality,1st,R1,C
[2024-12] 01-055-07-000,2024-12,2024,[12] December,"Balungao, Pangasinan",[1] Operational,,,,,[A] Operational,B,01-055-07-000,Balungao,Pangasinan,Region I (Ilocos Region),Municipality,4th,R1,C
[2024-12] 01-029-02-000,2024-12,2024,[12] December,"Banayoyo, Ilocos Sur",[1] Operational,,,,,[A] Operational,B,01-029-02-000,Banayoyo,Ilocos Sur,Region I (Ilocos Region),Municipality,4th,R1,C
[2024-12] 01-028-04-000,2024-12,2024,[12] December,"Bangui, Ilocos Norte",[1] Operational,,,,,[A] Operational,A,01-028-04-000,Bangui,Ilocos Norte,Region I (Ilocos Region),Municipality,4th,R1,C
[2024-12] 01-029-03-000,2024-12,2024,[12] December,"Bantay, Ilocos Sur",[2] Ongoing Testing and Data Build-up,75%,,,,[B] Developmental,B,01-029-03-000,Bantay,Ilocos Sur,Region I (Ilocos Region),Municipality,3rd,R1,C
[2024-12] 01-055-10-000,2024-12,2024,[12] December,"Bautista, Pangasinan",[1] Operational,,,,,[A] Operational,A,01-055-10-000,Bautista,Pangasinan,Region I (Ilocos Region),Municipality,4th,R1,C
[2024-12] 01-055-11-000,2024-12,2024,[12] December,"Bayambang, Pangasinan",[1] Operational,,,,,[A] Operational,A,01-055-11-000,Bayambang,Pangasinan,Region I (Ilocos Region),Municipality,1st,R1,C
[2024-12] 01-033-08-000,2024-12,2024,[12] December,"Burgos, La Union",[1] Operational,,,,,[A] Operational,A,01-033-08-000,Burgos,La Union,Region I (Ilocos Region),Municipality,5th,R1,C
[2024-12] 01-033-09-000,2024-12,2024,[12] December,"Caba, La Union",[1] Operational,,,,,[A] Operational,A,01-033-09-000,Caba,La Union,Region I (Ilocos Region),Municipality,4th,R1,C
[2024-12] 01-029-07-000,2024-12,2024,[12] December,"Caoayan, Ilocos Sur",[1] Operational,,,,,[A] Operational,A,01-029-07-000,Caoayan,Ilocos Sur,Region I (Ilocos Region),Municipality,4th,R1,C
[2024-12] 01-028-05-000,2024-12,2024,[12] December,"City of Batac, Ilocos Norte",[1] Operational,,,,,[A] Operational,A,01-028-05-000,City of Batac,Ilocos Norte,Region I (Ilocos Region),City,5th,R1,C
[2024-12] 01-029-06-000,2024-12,2024,[12] December,"City of Candon, Ilocos Sur",[2] Ongoing Testing and Data Build-up,50%,,,,[B] Developmental,A,01-029-06-000,City of Candon,Ilocos Sur,Region I (Ilocos Region),City,4th,R1,C
[2024-12] 01-028-12-000,2024-12,2024,[12] December,"City of Laoag, Ilocos Norte",[1] Operational,,,,,[A] Operational,B,01-028-12-000,City of Laoag,Ilocos Norte,Region I (Ilocos Region),City,3rd,R1,C
[2024-12] 01-028-09-000,2024-12,2024,[12] December,"Dingras, Ilocos Norte",[1] Operational,100%,,,,[A] Operational,A,01-028-09-000,Dingras,Ilocos Norte,Region I (Ilocos Region),Municipality,2nd,R1,C
[2024-12] 01-028-10-000,2024-12,2024,[12] December,"Dumalneg, Ilocos Norte",[1] Operational,,,,,[A] Operational,A,01-028-10-000,Dumalneg,Ilocos Norte,Region I (Ilocos Region),Municipality,5th,R1,C
[2024-12] 01-029-11-000,2024-12,2024,[12] December,"Lidlidda, Ilocos Sur",[1] Operational,,,,,[A] Operational,B,01-029-11-000,Lidlidda,Ilocos Sur,Region I (Ilocos Region),Municipality,5th,R1,C
[2024-12] 01-055-26-000,2024-12,2024,[12] December,"Mangaldan, Pangasinan",[1] Operational,,,,,[A] Operational,A,01-055-26-000,Mangaldan,Pangasinan,Region I (Ilocos Region),Municipality,1st,R1,C
[2024-12] 01-055-28-000,2024-12,2024,[12] December,"Mapandan, Pangasinan",[1] Operational,,,,,[A] Operational,A,01-055-28-000,Mapandan,Pangasinan,Region I (Ilocos Region),Municipality,3rd,R1,C
[2024-12] 01-033-11-000,2024-12,2024,[12] December,"Naguilian, La Union",[2] Ongoing Testing and Data Build-up,80%,,,,[B] Developmental,B,01-033-11-000,Naguilian,La Union,Region I (Ilocos Region),Municipality,1st,R1,C
[2024-12] 01-028-14-000,2024-12,2024,[12] December,"Nueva Era, Ilocos Norte",[1] Operational,,,,,[A] Operational,A,01-028-14-000,Nueva Era,Ilocos Norte,Region I (Ilocos Region),Municipality,3rd,R1,C
[2024-12] 01-028-17-000,2024-12,2024,[12] December,"Pasuquin, Ilocos Norte",[1] Operational,,,,,[A] Operational,A,01-028-17-000,Pasuquin,Ilocos Norte,Region I (Ilocos Region),Municipality,3rd,R1,C
[2024-12] 01-028-18-000,2024-12,2024,[12] December,"Piddig, Ilocos Norte",[1] Operational,,,,,[A] Operational,A,01-028-18-000,Piddig,Ilocos Norte,Region I (Ilocos Region),Municipality,3rd,R1,C
[2024-12] 01-055-30-000,2024-12,2024,[12] December,"Pozorrubio, Pangasinan",[1] Operational,,,,,[A] Operational,A,01-055-30-000,Pozorrubio,Pangasinan,Region I (Ilocos Region),Municipality,1st,R1,C
[2024-12] 01-033-13-000,2024-12,2024,[12] December,"Rosario, La Union",[1] Operational,,,,,[A] Operational,B,01-033-13-000,Rosario,La Union,Region I (Ilocos Region),Municipality,1st,R1,C
[2024-12] 01-029-18-000,2024-12,2024,[12] December,"San Esteban, Ilocos Sur",[1] Operational,,,,,[A] Operational,B,01-029-18-000,San Esteban,Ilocos Sur,Region I (Ilocos Region),Municipality,5th,R1,C
[2024-12] 01-055-33-000,2024-12,2024,[12] December,"San Fabian, Pangasinan",[2] Ongoing Testing and Data Build-up,50%,,,,[B] Developmental,A,01-055-33-000,San Fabian,Pangasinan,Region I (Ilocos Region),Municipality,1st,R1,C
[2024-12] 01-029-20-000,2024-12,2024,[12] December,"San Juan, Ilocos Sur",[1] Operational,,,,,[A] Operational,A,01-029-20-000,San Juan,Ilocos Sur,Region I (Ilocos Region),Municipality,3rd,R1,C
[2024-12] 01-055-35-000,2024-12,2024,[12] December,"San Manuel, Pangasinan",[1] Operational,,,,,[A] Operational,A,01-055-35-000,San Manuel,Pangasinan,Region I (Ilocos Region),Municipality,1st,R1,C
[2024-12] 01-028-20-000,2024-12,2024,[12] December,"San Nicolas, Ilocos Norte",[1] Operational,,,,,[A] Operational,A,01-028-20-000,San Nicolas,Ilocos Norte,Region I (Ilocos Region),Municipality,2nd,R1,C
[2024-12] 01-055-36-000,2024-12,2024,[12] December,"San Nicolas, Pangasinan",[1] Operational,,,,,[A] Operational,A,01-055-36-000,San Nicolas,Pangasinan,Region I (Ilocos Region),Municipality,1st,R1,C
[2024-12] 01-055-38-000,2024-12,2024,[12] December,"Santa Barbara, Pangasinan",[1] Operational,,,,,[A] Operational,A,01-055-38-000,Santa Barbara,Pangasinan,Region I (Ilocos Region),Municipality,1st,R1,C
[2024-12] 01-029-28-000,2024-12,2024,[12] December,"Santo Domingo, Ilocos Sur",[1] Operational,,,,,[A] Operational,B,01-029-28-000,Santo Domingo,Ilocos Sur,Region I (Ilocos Region),Municipality,3rd,R1,C
[2024-12] 01-033-17-000,2024-12,2024,[12] December,"Santo Tomas, La Union",[1] Operational,,,,,[A] Operational,A,01-033-17-000,Santo Tomas,La Union,Region I (Ilocos Region),Municipality,4th,R1,C
[2024-12] 01-055-40-000,2024-12,2024,[12] December,"Santo Tomas, Pangasinan",[2] Ongoing Testing and Data Build-up,50%,,,,[B] Developmental,A,01-055-40-000,Santo Tomas,Pangasinan,Region I (Ilocos Region),Municipality,5th,R1,C
[2024-12] 01-028-21-000,2024-12,2024,[12] December,"Sarrat, Ilocos Norte",[1] Operational,,,,,[A] Operational,A,01-028-21-000,Sarrat,Ilocos Norte,Region I (Ilocos Region),Municipality,4th,R1,C
[2024-12] 01-029-30-000,2024-12,2024,[12] December,"Sinait, Ilocos Sur",[1] Operational,,,,,[A] Operational,A,01-029-30-000,Sinait,Ilocos Sur,Region I (Ilocos Region),Municipality,3rd,R1,C
[2024-12] 01-055-41-000,2024-12,2024,[12] December,"Sison, Pangasinan",[2] Ongoing Testing and Data Build-up,50%,,,,[B] Developmental,A,01-055-41-000,Sison,Pangasinan,Region I (Ilocos Region),Municipality,3rd,R1,C
[2024-12] 01-028-22-000,2024-12,2024,[12] December,"Solsona, Ilocos Norte",[1] Operational,,,,,[A] Operational,A,01-028-22-000,Solsona,Ilocos Norte,Region I (Ilocos Region),Municipality,3rd,R1,C
[2024-12] 01-029-32-000,2024-12,2024,[12] December,"Suyo, Ilocos Sur",[1] Operational,,,,,[A] Operational,A,01-029-32-000,Suyo,Ilocos Sur,Region I (Ilocos Region),Municipality,4th,R1,C
[2024-12] 01-029-33-000,2024-12,2024,[12] December,"Tagudin, Ilocos Sur",[1] Operational,,,,,[A] Operational,A,01-029-33-000,Tagudin,Ilocos Sur,Region I (Ilocos Region),Municipality,2nd,R1,C
[2024-12] 01-033-20-000,2024-12,2024,[12] December,"Tubao, La Union",[1] Operational,,,,,[A] Operational,A,01-033-20-000,Tubao,La Union,Region I (Ilocos Region),Municipality,4th,R1,C
[2024-12] 03-054-02-000,2024-12,2024,[12] December,"Apalit, Pampanga",[1] Operational,,,,,[A] Operational,B,03-054-02-000,Apalit,Pampanga,Region III (Central Luzon),Municipality,1st,R3,E
[2024-12] 03-054-03-000,2024-12,2024,[12] December,"Arayat, Pampanga",[1] Operational,,,,,[A] Operational,A,03-054-03-000,Arayat,Pampanga,Region III (Central Luzon),Municipality,1st,R3,E
[2024-12] 03-054-04-000,2024-12,2024,[12] December,"Bacolor, Pampanga",[1] Operational,,,,,[A] Operational,A,03-054-04-000,Bacolor,Pampanga,Region III (Central Luzon),Municipality,3rd,R3,E
[2024-12] 03-077-01-000,2024-12,2024,[12] December,"Baler, Aurora",[1] Operational,,,,,[A] Operational,B,03-077-01-000,Baler,Aurora,Region III (Central Luzon),Municipality,3rd,R3,E
[2024-12] 03-049-02-000,2024-12,2024,[12] December,"Bongabon, Nueva Ecija",[1] Operational,,,,,[A] Operational,A,03-049-02-000,Bongabon,Nueva Ecija,Region III (Central Luzon),Municipality,2nd,R3,E
[2024-12] 03-071-01-000,2024-12,2024,[12] December,"Botolan, Zambales",[1] Operational,,,,,[A] Operational,A,03-071-01-000,Botolan,Zambales,Region III (Central Luzon),Municipality,1st,R3,E
[2024-12] 03-077-02-000,2024-12,2024,[12] December,"Casiguran, Aurora",[1] Operational,,,,,[A] Operational,A,03-077-02-000,Casiguran,Aurora,Region III (Central Luzon),Municipality,2nd,R3,E
[2024-12] 03-071-04-000,2024-12,2024,[12] December,"Castillejos, Zambales",[1] Operational,,,,,[A] Operational,A,03-071-04-000,Castillejos,Zambales,Region III (Central Luzon),Municipality,3rd,R3,E
[2024-12] 03-049-19-000,2024-12,2024,[12] December,"City of Palayan, Nueva Ecija",[2] Ongoing Testing and Data Build-up,65%,,,,[B] Developmental,B,03-049-19-000,City of Palayan,Nueva Ecija,Region III (Central Luzon),City,5th,R3,E
[2024-12] 03-049-06-000,2024-12,2024,[12] December,"Cuyapo, Nueva Ecija",[1] Operational,,,,,[A] Operational,B,03-049-06-000,Cuyapo,Nueva Ecija,Region III (Central Luzon),Municipality,1st,R3,E
[2024-12] 03-077-05-000,2024-12,2024,[12] December,"Dingalan, Aurora",[1] Operational,,,,,[A] Operational,A,03-077-05-000,Dingalan,Aurora,Region III (Central Luzon),Municipality,3rd,R3,E
[2024-12] 03-077-06-000,2024-12,2024,[12] December,"Dipaculao, Aurora",[1] Operational,,,,,[A] Operational,B,03-077-06-000,Dipaculao,Aurora,Region III (Central Luzon),Municipality,3rd,R3,E
[2024-12] 03-049-07-000,2024-12,2024,[12] December,"Gabaldon, Nueva Ecija",[1] Operational,,,,,[A] Operational,A,03-049-07-000,Gabaldon,Nueva Ecija,Region III (Central Luzon),Municipality,4th,R3,E
[2024-12] 03-049-10-000,2024-12,2024,[12] December,"General Tinio, Nueva Ecija",[1] Operational,,,,,[A] Operational,B,03-049-10-000,General Tinio,Nueva Ecija,Region III (Central Luzon),Municipality,1st,R3,E
[2024-12] 03-049-14-000,2024-12,2024,[12] December,"Licab, Nueva Ecija",[1] Operational,,,,,[A] Operational,A,03-049-14-000,Licab,Nueva Ecija,Region III (Central Luzon),Municipality,4th,R3,E
[2024-12] 03-008-06-000,2024-12,2024,[12] December,"Limay, Bataan",[1] Operational,,,,,[A] Operational,A,03-008-06-000,Limay,Bataan,Region III (Central Luzon),Municipality,1st,R3,E
[2024-12] 03-054-09-000,2024-12,2024,[12] December,"Mabalacat City, Pampanga",[1] Operational,,,,,[A] Operational,A,03-054-09-000,Mabalacat City,Pampanga,Region III (Central Luzon),City,3rd,R3,E
[2024-12] 03-054-11-000,2024-12,2024,[12] December,"Magalang, Pampanga",[1] Operational,,,,,[A] Operational,A,03-054-11-000,Magalang,Pampanga,Region III (Central Luzon),Municipality,1st,R3,E
[2024-12] 03-077-07-000,2024-12,2024,[12] December,"Maria Aurora, Aurora",[1] Operational,,,,,[A] Operational,B,03-077-07-000,Maria Aurora,Aurora,Region III (Central Luzon),Municipality,2nd,R3,E
[2024-12] 03-069-08-000,2024-12,2024,[12] December,"Mayantoc, Tarlac",[2] Ongoing Testing and Data Build-up,65%,,,,[B] Developmental,B,03-069-08-000,Mayantoc,Tarlac,Region III (Central Luzon),Municipality,3rd,R3,E
[2024-12] 03-054-14-000,2024-12,2024,[12] December,"Minalin, Pampanga",[1] Operational,,,,,[A] Operational,A,03-054-14-000,Minalin,Pampanga,Region III (Central Luzon),Municipality,4th,R3,E
[2024-12] 03-008-08-000,2024-12,2024,[12] December,"Morong, Bataan",[2] Ongoing Testing and Data Build-up,88%,For transioning to eLGU System/v2,,,[B] Developmental,A,03-008-08-000,Morong,Bataan,Region III (Central Luzon),Municipality,3rd,R3,E
[2024-12] 03-014-14-000,2024-12,2024,[12] December,"Obando, Bulacan",[2] Ongoing Testing and Data Build-up,100%,,,,[B] Developmental,A,03-014-14-000,Obando,Bulacan,Region III (Central Luzon),Municipality,2nd,R3,E
[2024-12] 03-008-09-000,2024-12,2024,[12] December,"Orani, Bataan",[1] Operational,,,,,[A] Operational,B,03-008-09-000,Orani,Bataan,Region III (Central Luzon),Municipality,3rd,R3,E
[2024-12] 03-014-15-000,2024-12,2024,[12] December,"Pandi, Bulacan",[2] Ongoing Testing and Data Build-up,100%,finalizing set up for barangay clearance,,,[B] Developmental,B,03-014-15-000,Pandi,Bulacan,Region III (Central Luzon),Municipality,2nd,R3,E
[2024-12] 03-049-22-000,2024-12,2024,[12] December,"Quezon, Nueva Ecija",[1] Operational,,,,,[A] Operational,B,03-049-22-000,Quezon,Nueva Ecija,Region III (Central Luzon),Municipality,4th,R3,E
[2024-12] 03-049-23-000,2024-12,2024,[12] December,"Rizal, Nueva Ecija",[1] Operational,,,,,[A] Operational,B,03-049-23-000,Rizal,Nueva Ecija,Region III (Central Luzon),Municipality,2nd,R3,E
[2024-12] 03-008-12-000,2024-12,2024,[12] December,"Samal, Bataan",[1] Operational,,,,,[A] Operational,A,03-008-12-000,Samal,Bataan,Region III (Central Luzon),Municipality,4th,R3,E
[2024-12] 03-071-10-000,2024-12,2024,[12] December,"San Felipe, Zambales",[1] Operational,,,,,[A] Operational,B,03-071-10-000,San Felipe,Zambales,Region III (Central Luzon),Municipality,4th,R3,E
[2024-12] 03-014-19-000,2024-12,2024,[12] December,"San Ildefonso, Bulacan",[1] Operational,,,,,[A] Operational,A,03-014-19-000,San Ildefonso,Bulacan,Region III (Central Luzon),Municipality,1st,R3,E
[2024-12] 03-069-18-000,2024-12,2024,[12] December,"San Jose, Tarlac",[2] Ongoing Testing and Data Build-up,82%,,,,[B] Developmental,B,03-069-18-000,San Jose,Tarlac,Region III (Central Luzon),Municipality,3rd,R3,E
[2024-12] 03-077-08-000,2024-12,2024,[12] December,"San Luis, Aurora",[1] Operational,,,,,[A] Operational,A,03-077-08-000,San Luis,Aurora,Region III (Central Luzon),Municipality,2nd,R3,E
[2024-12] 03-054-17-000,2024-12,2024,[12] December,"San Luis, Pampanga",[1] Operational,,,,,[A] Operational,B,03-054-17-000,San Luis,Pampanga,Region III (Central Luzon),Municipality,3rd,R3,E
[2024-12] 03-069-14-000,2024-12,2024,[12] December,"San Manuel, Tarlac",[2] Ongoing Testing and Data Build-up,60%,,,,[B] Developmental,B,03-069-14-000,San Manuel,Tarlac,Region III (Central Luzon),Municipality,4th,R3,E
[2024-12] 03-071-11-000,2024-12,2024,[12] December,"San Marcelino, Zambales",[1] Operational,,,,,[A] Operational,A,03-071-11-000,San Marcelino,Zambales,Region III (Central Luzon),Municipality,1st,R3,E
[2024-12] 03-071-12-000,2024-12,2024,[12] December,"San Narciso, Zambales",[1] Operational,,,,,[A] Operational,A,03-071-12-000,San Narciso,Zambales,Region III (Central Luzon),Municipality,4th,R3,E
[2024-12] 03-069-15-000,2024-12,2024,[12] December,"Santa Ignacia, Tarlac",[2] Ongoing Testing and Data Build-up,88%,,,,[B] Developmental,B,03-069-15-000,Santa Ignacia,Tarlac,Region III (Central Luzon),Municipality,2nd,R3,E
[2024-12] 03-049-31-000,2024-12,2024,[12] December,"Talugtug, Nueva Ecija",[1] Operational,,,,,[A] Operational,A,03-049-31-000,Talugtug,Nueva Ecija,Region III (Central Luzon),Municipality,4th,R3,E
[2024-12] 10-042-01-000,2024-12,2024,[12] December,"Aloran, Misamis Occidental",[1] Operational,,,,,[A] Operational,A,10-042-01-000,Aloran,Misamis Occidental,Region X (Northern Mindanao),Municipality,4th,R10,N
[2024-12] 10-035-01-000,2024-12,2024,[12] December,"Bacolod, Lanao del Norte",[1] Operational,,,,,[A] Operational,A,10-035-01-000,Bacolod,Lanao del Norte,Region X (Northern Mindanao),Municipality,4th,R10,N
[2024-12] 10-042-04-000,2024-12,2024,[12] December,"Calamba, Misamis Occidental",[1] Operational,,,,,[A] Operational,A,10-042-04-000,Calamba,Misamis Occidental,Region X (Northern Mindanao),Municipality,4th,R10,N
[2024-12] 10-018-01-000,2024-12,2024,[12] December,"Catarman, Camiguin",[1] Operational,,,,,[A] Operational,B,10-018-01-000,Catarman,Camiguin,Region X (Northern Mindanao),Municipality,5th,R10,N
[2024-12] 10-043-07-000,2024-12,2024,[12] December,"City of El Salvador, Misamis Oriental",[1] Operational,,,,,[A] Operational,A,10-043-07-000,City of El Salvador,Misamis Oriental,Region X (Northern Mindanao),City,6th,R10,N
[2024-12] 10-042-05-000,2024-12,2024,[12] December,"Clarin, Misamis Occidental",[1] Operational,,,,,[A] Operational,A,10-042-05-000,Clarin,Misamis Occidental,Region X (Northern Mindanao),Municipality,4th,R10,N
[2024-12] 10-013-04-000,2024-12,2024,[12] December,"Don Carlos, Bukidnon",[1] Operational,,,,,[A] Operational,B,10-013-04-000,Don Carlos,Bukidnon,Region X (Northern Mindanao),Municipality,1st,R10,N
[2024-12] 10-018-02-000,2024-12,2024,[12] December,"Guinsiliban, Camiguin",[1] Operational,,,,,[A] Operational,A,10-018-02-000,Guinsiliban,Camiguin,Region X (Northern Mindanao),Municipality,6th,R10,N
[2024-12] 10-043-11-000,2024-12,2024,[12] December,"Jasaan, Misamis Oriental",[1] Operational,,,,,[A] Operational,A,10-043-11-000,Jasaan,Misamis Oriental,Region X (Northern Mindanao),Municipality,2nd,R10,N
[2024-12] 10-013-08-000,2024-12,2024,[12] December,"Kibawe, Bukidnon",[1] Operational,,,,,[A] Operational,A,10-013-08-000,Kibawe,Bukidnon,Region X (Northern Mindanao),Municipality,2nd,R10,N
[2024-12] 10-043-15-000,2024-12,2024,[12] December,"Libertad, Misamis Oriental",[1] Operational,,,,,[A] Operational,A,10-043-15-000,Libertad,Misamis Oriental,Region X (Northern Mindanao),Municipality,5th,R10,N
[2024-12] 10-018-04-000,2024-12,2024,[12] December,"Mambajao, Camiguin",[1] Operational,,,,,[A] Operational,A,10-018-04-000,Mambajao,Camiguin,Region X (Northern Mindanao),Municipality,3rd,R10,N
[2024-12] 10-043-20-000,2024-12,2024,[12] December,"Naawan, Misamis Oriental",[1] Operational,,,,,[A] Operational,A,10-043-20-000,Naawan,Misamis Oriental,Region X (Northern Mindanao),Municipality,4th,R10,N
[2024-12] 10-042-12-000,2024-12,2024,[12] December,"Plaridel, Misamis Occidental",[1] Operational,,,,,[A] Operational,A,10-042-12-000,Plaridel,Misamis Occidental,Region X (Northern Mindanao),Municipality,3rd,R10,N
[2024-12] 10-043-22-000,2024-12,2024,[12] December,"Salay, Misamis Oriental",[1] Operational,,,,,[A] Operational,A,10-043-22-000,Salay,Misamis Oriental,Region X (Northern Mindanao),Municipality,4th,R10,N
[2024-12] 10-043-24-000,2024-12,2024,[12] December,"Tagoloan, Misamis Oriental",[1] Operational,,,,,[A] Operational,A,10-043-24-000,Tagoloan,Misamis Oriental,Region X (Northern Mindanao),Municipality,1st,R10,N
[2024-12] 10-035-15-000,2024-12,2024,[12] December,"Nunungan, Lanao del Norte",[1] Operational,,,,,[A] Operational,B,10-035-15-000,Nunungan,Lanao del Norte,Region X (Northern Mindanao),Municipality,3rd,R10,N
[2024-12] 10-035-05-000,2024-12,2024,[12] December,"Kapatagan, Lanao del Norte",[1] Operational,,,,,[A] Operational,B,10-035-05-000,Kapatagan,Lanao del Norte,Region X (Northern Mindanao),Municipality,2nd,R10,N
[2024-12] 10-043-18-000,2024-12,2024,[12] December,"Manticao, Misamis Oriental",[1] Operational,,,,,[A] Operational,B,10-043-18-000,Manticao,Misamis Oriental,Region X (Northern Mindanao),Municipality,4th,R10,N
[2024-12] 10-043-01-000,2024-12,2024,[12] December,"Alubijid, Misamis Oriental",[1] Operational,,,,,[A] Operational,B,10-043-01-000,Alubijid,Misamis Oriental,Region X (Northern Mindanao),Municipality,4th,R10,N
[2024-12] 10-043-14-000,2024-12,2024,[12] December,"Laguindingan, Misamis Oriental",[1] Operational,,,,,[A] Operational,B,10-043-14-000,Laguindingan,Misamis Oriental,Region X (Northern Mindanao),Municipality,4th,R10,N
[2024-12] 10-043-03-000,2024-12,2024,[12] December,"Balingoan, Misamis Oriental",[1] Operational,,,,,[A] Operational,B,10-043-03-000,Balingoan,Misamis Oriental,Region X (Northern Mindanao),Municipality,5th,R10,N
[2024-12] 10-042-15-000,2024-12,2024,[12] December,"City of Tangub, Misamis Occidental",[1] Operational,,,,,[A] Operational,B,10-042-15-000,City of Tangub,Misamis Occidental,Region X (Northern Mindanao),City,4th,R10,N
[2024-12] 10-035-10-000,2024-12,2024,[12] December,"Linamon, Lanao del Norte",[1] Operational,,,,,[A] Operational,B,10-035-10-000,Linamon,Lanao del Norte,Region X (Northern Mindanao),Municipality,5th,R10,N
[2024-12] 10-018-03-000,2024-12,2024,[12] December,"Mahinog, Camiguin",[1] Operational,,,,,[A] Operational,B,10-018-03-000,Mahinog,Camiguin,Region X (Northern Mindanao),Municipality,5th,R10,N
[2024-12] 10-018-05-000,2024-12,2024,[12] December,"Sagay, Camiguin",[1] Operational,,,,,[A] Operational,B,10-018-05-000,Sagay,Camiguin,Region X (Northern Mindanao),Municipality,5th,R10,N
[2024-12] 10-043-06-000,2024-12,2024,[12] December,"Claveria, Misamis Oriental",[1] Operational,,,,,[A] Operational,B,10-043-06-000,Claveria,Misamis Oriental,Region X (Northern Mindanao),Municipality,1st,R10,N
[2024-12] 10-042-14-000,2024-12,2024,[12] December,"Sinacaban, Misamis Occidental",[1] Operational,,,,,[A] Operational,B,10-042-14-000,Sinacaban,Misamis Occidental,Region X (Northern Mindanao),Municipality,5th,R10,N
[2024-12] 10-042-03-000,2024-12,2024,[12] December,"Bonifacio, Misamis Occidental",[1] Operational,,,,,[A] Operational,B,10-042-03-000,Bonifacio,Misamis Occidental,Region X (Northern Mindanao),Municipality,4th,R10,N
[2024-12] 10-043-08-000,2024-12,2024,[12] December,"City of Gingoog, Misamis Oriental",[1] Operational,,,,,[A] Operational,B,10-043-08-000,City of Gingoog,Misamis Oriental,Region X (Northern Mindanao),City,2nd,R10,N
[2024-12] 10-042-13-000,2024-12,2024,[12] December,"Sapang Dalaga, Misamis Occidental",[1] Operational,,,,,[A] Operational,B,10-042-13-000,Sapang Dalaga,Misamis Occidental,Region X (Northern Mindanao),Municipality,5th*,R10,N
[2024-12] 10-035-06-000,2024-12,2024,[12] December,"Sultan Naga Dimaporo, Lanao del Norte",[1] Operational,,,,,[A] Operational,B,10-035-06-000,Sultan Naga Dimaporo,Lanao del Norte,Region X (Northern Mindanao),Municipality,3rd,R10,N
[2024-12] 10-043-16-000,2024-12,2024,[12] December,"Lugait, Misamis Oriental",[1] Operational,,,,,[A] Operational,B,10-043-16-000,Lugait,Misamis Oriental,Region X (Northern Mindanao),Municipality,2nd,R10,N
[2024-12] 10-043-21-000,2024-12,2024,[12] December,"Opol, Misamis Oriental",[1] Operational,,,,,[A] Operational,B,10-043-21-000,Opol,Misamis Oriental,Region X (Northern Mindanao),Municipality,2nd,R10,N
[2024-12] 10-043-23-000,2024-12,2024,[12] December,"Sugbongcogon, Misamis Oriental",[1] Operational,,,,,[A] Operational,B,10-043-23-000,Sugbongcogon,Misamis Oriental,Region X (Northern Mindanao),Municipality,5th,R10,N
[2024-12] 10-043-26-000,2024-12,2024,[12] December,"Villanueva, Misamis Oriental",[1] Operational,,,,,[A] Operational,B,10-043-26-000,Villanueva,Misamis Oriental,Region X (Northern Mindanao),Municipality,2nd,R10,N
[2024-12] 10-043-17-000,2024-12,2024,[12] December,"Magsaysay, Misamis Oriental",[1] Operational,,,,,[A] Operational,B,10-043-17-000,Magsaysay,Misamis Oriental,Region X (Northern Mindanao),Municipality,4th,R10,N
[2024-12] 10-042-07-000,2024-12,2024,[12] December,"Jimenez, Misamis Occidental",[1] Operational,,,,,[A] Operational,B,10-042-07-000,Jimenez,Misamis Occidental,Region X (Northern Mindanao),Municipality,3rd,R10,N
[2024-12] 10-013-05-000,2024-12,2024,[12] December,"Impasug-ong, Bukidnon",[1] Operational,,,,,[A] Operational,B,10-013-05-000,Impasug-ong,Bukidnon,Region X (Northern Mindanao),Municipality,1st,R10,N
[2024-12] 10-043-25-000,2024-12,2024,[12] December,"Talisayan, Misamis Oriental",[1] Operational,,,,,[A] Operational,B,10-043-25-000,Talisayan,Misamis Oriental,Region X (Northern Mindanao),Municipality,4th,R10,N
[2024-12] 10-043-02-000,2024-12,2024,[12] December,"Balingasag, Misamis Oriental",[1] Operational,,,,,[A] Operational,B,10-043-02-000,Balingasag,Misamis Oriental,Region X (Northern Mindanao),Municipality,2nd,R10,N
[2024-12] 10-042-10-000,2024-12,2024,[12] December,"City of Ozamiz, Misamis Occidental",[2] Ongoing Testing and Data Build-up,60%,,,,[B] Developmental,#N/A,10-042-10-000,City of Ozamiz,Misamis Occidental,Region X (Northern Mindanao),City,3rd,R10,N
[2024-12] 10-035-03-000,2024-12,2024,[12] December,"Baroy, Lanao del Norte",[2] Ongoing Testing and Data Build-up,40%,,,,[B] Developmental,#N/A,10-035-03-000,Baroy,Lanao del Norte,Region X (Northern Mindanao),Municipality,4th,R10,N
[2024-12] 10-043-13-000,2024-12,2024,[12] December,"Lagonglong, Misamis Oriental",[1] Operational,,,,,[A] Operational,#N/A,10-043-13-000,Lagonglong,Misamis Oriental,Region X (Northern Mindanao),Municipality,5th,R10,N
[2024-12] 10-035-07-000,2024-12,2024,[12] December,"Kauswagan, Lanao del Norte",[2] Ongoing Testing and Data Build-up,50%,,,,[B] Developmental,#N/A,10-035-07-000,Kauswagan,Lanao del Norte,Region X (Northern Mindanao),Municipality,5th,R10,N
[2024-12] 10-013-06-000,2024-12,2024,[12] December,"Kadingilan, Bukidnon",[2] Ongoing Testing and Data Build-up,60%,,,,[B] Developmental,#N/A,10-013-06-000,Kadingilan,Bukidnon,Region X (Northern Mindanao),Municipality,3rd,R10,N
[2024-12] 12-080-01-000,2024-12,2024,[12] December,"Alabel, Sarangani",[1] Operational,,,,,[A] Operational,B,12-080-01-000,Alabel,Sarangani,Region XII (SOCCSKSARGEN),Municipality,1st,R12,Q
[2024-12] 12-047-17-000,2024-12,2024,[12] December,"Aleosan, Cotabato",[1] Operational,,,,,[A] Operational,A,12-047-17-000,Aleosan,Cotabato,Region XII (SOCCSKSARGEN),Municipality,3rd,R12,Q
[2024-12] 12-065-01-000,2024-12,2024,[12] December,"Bagumbayan, Sultan Kudarat",[1] Operational,,,,,[A] Operational,B,12-065-01-000,Bagumbayan,Sultan Kudarat,Region XII (SOCCSKSARGEN),Municipality,1st,R12,Q
[2024-12] 12-047-04-000,2024-12,2024,[12] December,"City of Kidapawan, Cotabato",[1] Operational,,,,,[A] Operational,B,12-047-04-000,City of Kidapawan,Cotabato,Region XII (SOCCSKSARGEN),City,3rd,R12,Q
[2024-12] 12-065-02-000,2024-12,2024,[12] December,"Columbio, Sultan Kudarat",[1] Operational,,,,,[A] Operational,A,12-065-02-000,Columbio,Sultan Kudarat,Region XII (SOCCSKSARGEN),Municipality,1st,R12,Q
[2024-12] 12-047-03-000,2024-12,2024,[12] December,"Kabacan, Cotabato",[1] Operational,,,,,[A] Operational,B,12-047-03-000,Kabacan,Cotabato,Region XII (SOCCSKSARGEN),Municipality,1st,R12,Q
[2024-12] 12-065-06-000,2024-12,2024,[12] December,"Lebak, Sultan Kudarat",[1] Operational,,,,,[A] Operational,B,12-065-06-000,Lebak,Sultan Kudarat,Region XII (SOCCSKSARGEN),Municipality,1st,R12,Q
[2024-12] 12-047-10-000,2024-12,2024,[12] December,"M'Lang, Cotabato",[1] Operational,,,,,[A] Operational,A,12-047-10-000,M'Lang,Cotabato,Region XII (SOCCSKSARGEN),Municipality,1st,R12,Q
[2024-12] 12-047-09-000,2024-12,2024,[12] December,"Midsayap, Cotabato",[2] Ongoing Testing and Data Build-up,100%,,,,[B] Developmental,A,12-047-09-000,Midsayap,Cotabato,Region XII (SOCCSKSARGEN),Municipality,1st,R12,Q
[2024-12] 12-047-11-000,2024-12,2024,[12] December,"Pigkawayan, Cotabato",[1] Operational,,,,,[A] Operational,A,12-047-11-000,Pigkawayan,Cotabato,Region XII (SOCCSKSARGEN),Municipality,1st,R12,Q
[2024-12] 12-047-12-000,2024-12,2024,[12] December,"Pikit, Cotabato",[1] Operational,,,,,[A] Operational,A,12-047-12-000,Pikit,Cotabato,Region XII (SOCCSKSARGEN),Municipality,1st,R12,Q
[2024-12] 12-047-13-000,2024-12,2024,[12] December,"President Roxas, Cotabato",[2] Ongoing Testing and Data Build-up,65%,,,,[B] Developmental,A,12-047-13-000,President Roxas,Cotabato,Region XII (SOCCSKSARGEN),Municipality,1st,R12,Q
[2024-12] 12-065-12-000,2024-12,2024,[12] December,"Sen. Ninoy Aquino, Sultan Kudarat",[1] Operational,,,,,[A] Operational,B,12-065-12-000,Sen. Ninoy Aquino,Sultan Kudarat,Region XII (SOCCSKSARGEN),Municipality,3rd,R12,Q
[2024-12] 12-063-15-000,2024-12,2024,[12] December,"Tantangan, South Cotabato",[1] Operational,,,,,[A] Operational,#N/A,12-063-15-000,Tantangan,South Cotabato,Region XII (SOCCSKSARGEN),Municipality,3rd,R12,Q
[2024-12] 12-065-05-000,2024-12,2024,[12] December,"Kalamansig, Sultan Kudarat",[2] Ongoing Testing and Data Build-up,5%,,,,[B] Developmental,#N/A,12-065-05-000,Kalamansig,Sultan Kudarat,Region XII (SOCCSKSARGEN),Municipality,1st,R12,Q
[2024-12] 19-087-13-000,2024-12,2024,[12] December,"Upi, Maguindanao del Norte",[1] Operational,,,,,[A] Operational,A,19-087-13-000,Upi,Maguindanao del Norte,Bangsamoro Autonomous Region In Muslim Mindanao (BARMM),Municipality,1st,BARMM II,R
[2024-12] 19-087-09-000,2024-12,2024,[12] December,"Parang, Maguindanao del Norte",[1] Operational,,,,,[A] Operational,A,19-087-09-000,Parang,Maguindanao del Norte,Bangsamoro Autonomous Region In Muslim Mindanao (BARMM),Municipality,1st*,BARMM II,R
[2024-12] 19-088-06-000,2024-12,2024,[12] December,"Datu Paglas, Maguindanao del Sur",[1] Operational,,,,,[A] Operational,A,19-088-06-000,Datu Paglas,Maguindanao del Sur,Bangsamoro Autonomous Region In Muslim Mindanao (BARMM),Municipality,4th,BARMM II,R
[2024-12] 19-088-20-000,2024-12,2024,[12] December,"Shariff Aguak, Maguindanao del Sur",[1] Operational,,,,,[A] Operational,B,19-088-20-000,Shariff Aguak,Maguindanao del Sur,Bangsamoro Autonomous Region In Muslim Mindanao (BARMM),Municipality,2nd,BARMM II,R
[2024-12] 19-087-10-000,2024-12,2024,[12] December,"Sultan Kudarat, Maguindanao del Norte",[1] Operational,,,,,[A] Operational,B,19-087-10-000,Sultan Kudarat,Maguindanao del Norte,Bangsamoro Autonomous Region In Muslim Mindanao (BARMM),Municipality,1st,BARMM II,R
[2024-12] 19-088-01-000,2024-12,2024,[12] December,"Ampatuan, Maguindanao del Sur",[1] Operational,,,,,[A] Operational,B,19-088-01-000,Ampatuan,Maguindanao del Sur,Bangsamoro Autonomous Region In Muslim Mindanao (BARMM),Municipality,4th,BARMM II,R
[2024-12] 19-088-03-000,2024-12,2024,[12] December,"Datu Abdullah Sangki, Maguindanao del Sur",[2] Ongoing Testing and Data Build-up,65%,,,,[B] Developmental,B,19-088-03-000,Datu Abdullah Sangki,Maguindanao del Sur,Bangsamoro Autonomous Region In Muslim Mindanao (BARMM),Municipality,-,BARMM II,R