ID,,REPORTING PERIOD,,MONTHLY UTILIZATION STATUS,,,,,,,,LGU PROFILE,,,,,,,
REPORT,PERIOD,YEAR,MONTH,LGU FULL NAME,MONTHLY STATUS,PROGRESS RATE,CONCERNS,ACTION ITEMS,OTHER REMARKS,UNIVERSAL STATUS,MPAR,GEOCODE,C/M,PROVINCE,REGION,LEVEL,INCOME CLASS,DICT RO,SORT
REPORT ID,PERIOD ID,YEAR,MONTH,LGU NAME,STATUS,PROGRESS RATE,CONCERNS,ACTION ITEMS,OTHER REMARKS,USTATUS,MPAR,NEW GEOCODE,NAME,PROVINCE,REGION,LEVEL,INCOME CLASS,DICT RO,SORT
[2024-01] 17-053-01-000,2024-01,2024,[01] January,"Aborlan, Palawan",[1] Operational,,,,,[A] Operational,B,17-053-01-000,Aborlan,Palawan,MIMAROPA Region,Municipality,1st,R4B,G
[2024-01] 04-056-02-000,2024-01,2024,[01] January,"Alabat, Quezon",[1] Operational,,,,,[A] Operational,A,04-056-02-000,Alabat,Quezon,Region IV-A (CALABARZON),Municipality,5th,R4A,F
[2024-01] 07-022-02-000,2024-01,2024,[01] January,"Alcoy, Cebu",[2] Ongoing Testing and Data Build-up,55%,,,,[B] Developmental,B,07-022-02-000,Alcoy,Cebu,Region VII (Central Visayas),Municipality,5th,R7,J
[2024-01] 12-047-15-000,2024-01,2024,[01] January,"Antipas, Cotabato",[1] Operational,,,,,[A] Operational,B,12-047-15-000,Antipas,Cotabato,Region XII (SOCCSKSARGEN),Municipality,2nd,R12,Q
[2024-01] 03-054-03-000,2024-01,2024,[01] January,"Arayat, Pampanga",[1] Operational,,,,,[A] Operational,A,03-054-03-000,Arayat,Pampanga,Region III (Central Luzon),Municipality,1st,R3,E
[2024-01] 12-065-01-000,2024-01,2024,[01] January,"Bagumbayan, Sultan Kudarat",[1] Operational,,,,,[A] Operational,B,12-065-01-000,Bagumbayan,Sultan Kudarat,Region XII (SOCCSKSARGEN),Municipality,1st,R12,Q
[2024-01] 04-010-03-000,2024-01,2024,[01] January,"Balayan, Batangas",[1] Operational,,,,,[A] Operational,B,04-010-03-000,Balayan,Batangas,Region IV-A (CALABARZON),Municipality,1st,R4A,F
[2024-01] 03-077-01-000,2024-01,2024,[01] January,"Baler, Aurora",[1] Operational,,,,,[A] Operational,A,03-077-01-000,Baler,Aurora,Region III (Central Luzon),Municipality,3rd,R3,E
[2024-01] 17-052-02-000,2024-01,2024,[01] January,"Bansud, Oriental Mindoro",[1] Operational,,,,,[A] Operational,B,17-052-02-000,Bansud,Oriental Mindoro,MIMAROPA Region,Municipality,2nd,R4B,G
[2024-01] 06-006-02-000,2024-01,2024,[01] January,"Barbaza, Antique",[2] Ongoing Testing and Data Build-up,60%,,,,[B] Developmental,B,06-006-02-000,Barbaza,Antique,Region VI (Western Visayas),Municipality,4th,R6,I
[2024-01] 07-046-05-000,2024-01,2024,[01] January,"Basay, Negros Oriental",[1] Operational,,,,,[A] Operational,B,07-046-05-000,Basay,Negros Oriental,Region VII (Central Visayas),Municipality,4th,R7,J
[2024-01] 14-044-02-000,2024-01,2024,[01] January,"Bauko, Mountain Province",[1] Operational,,,,,[A] Operational,B,14-044-02-000,Bauko,Mountain Province,Cordillera Administrative Region (CAR),Municipality,4th,CAR,B
[2024-01] 14-044-04-000,2024-01,2024,[01] January,"Bontoc, Mountain Province",[1] Operational,,,,,[A] Operational,A,14-044-04-000,Bontoc,Mountain Province,Cordillera Administrative Region (CAR),Municipality,2nd,CAR,B
[2024-01] 02-031-06-000,2024-01,2024,[01] January,"Cabagan, Isabela",[1] Operational,,,,,[A] Operational,B,02-031-06-000,Cabagan,Isabela,Region II (Cagayan Valley),Municipality,1st,R2,D
[2024-01] 03-077-02-000,2024-01,2024,[01] January,"Casiguran, Aurora",[2] Ongoing Testing and Data Build-up,60%,,,,[B] Developmental,B,03-077-02-000,Casiguran,Aurora,Region III (Central Luzon),Municipality,2nd,R3,E
[2024-01] 08-026-04-000,2024-01,2024,[01] January,"City of Borongan, Eastern Samar",[1] Operational,,,,,[A] Operational,A,08-026-04-000,City of Borongan,Eastern Samar,Region VIII (Eastern Visayas),City,1st (as Mun),R8,K
[2024-01] 06-045-10-000,2024-01,2024,[01] January,"City of Himamaylan, Negros Occidental",[2] Ongoing Testing and Data Build-up,40%,,,,[B] Developmental,B,06-045-10-000,City of Himamaylan,Negros Occidental,Region VI (Western Visayas),City,3rd,R6,I
[2024-01] 02-031-14-000,2024-01,2024,[01] January,"City of Ilagan, Isabela",[1] Operational,,,,,[A] Operational,A,02-031-14-000,City of Ilagan,Isabela,Region II (Cagayan Valley),City,1st (as Mun),R2,D
[2024-01] 01-028-12-000,2024-01,2024,[01] January,"City of Laoag, Ilocos Norte",[1] Operational,,,,,[A] Operational,B,01-028-12-000,City of Laoag,Ilocos Norte,Region I (Ilocos Region),City,3rd,R1,C
[2024-01] 03-314-00-000,2024-01,2024,[01] January,"City of Olongapo, Zambales",[2] Ongoing Testing and Data Build-up,55%,,,,[B] Developmental,B,03-314-00-000,City of Olongapo,Zambales,Region III (Central Luzon),City,1st,R3,E
[2024-01] 03-014-20-000,2024-01,2024,[01] January,"City of San Jose Del Monte, Bulacan",[2] Ongoing Testing and Data Build-up,53%,,,,[B] Developmental,B,03-014-20-000,City of San Jose Del Monte,Bulacan,Region III (Central Luzon),City,1st,R3,E
[2024-01] 14-032-13-000,2024-01,2024,[01] January,"City of Tabuk, Kalinga",[1] Operational,,,,,[A] Operational,A,14-032-13-000,City of Tabuk,Kalinga,Cordillera Administrative Region (CAR),City,5th,CAR,B
[2024-01] 10-043-06-000,2024-01,2024,[01] January,"Claveria, Misamis Oriental",[1] Operational,,,,,[A] Operational,A,10-043-06-000,Claveria,Misamis Oriental,Region X (Northern Mindanao),Municipality,1st,R10,N
[2024-01] 12-065-02-000,2024-01,2024,[01] January,"Columbio, Sultan Kudarat",[1] Operational,,,,,[A] Operational,B,12-065-02-000,Columbio,Sultan Kudarat,Region XII (SOCCSKSARGEN),Municipality,1st,R12,Q
[2024-01] 17-053-09-000,2024-01,2024,[01] January,"Coron, Palawan",[1] Operational,,,,,[A] Operational,A,17-053-09-000,Coron,Palawan,MIMAROPA Region,Municipality,1st,R4B,G
[2024-01] 17-053-22-000,2024-01,2024,[01] January,"Culion, Palawan",[1] Operational,,,,,[A] Operational,B,17-053-22-000,Culion,Palawan,MIMAROPA Region,Municipality,3rd,R4B,G
[2024-01] 07-046-09-000,2024-01,2024,[01] January,"Dauin, Negros Oriental",[2] Ongoing Testing and Data Build-up,100%,,,,[B] Developmental,B,07-046-09-000,Dauin,Negros Oriental,Region VII (Central Visayas),Municipality,4th,R7,J
[2024-01] 17-053-12-000,2024-01,2024,[01] January,"El Nido, Palawan",[1] Operational,,,,,[A] Operational,A,17-053-12-000,El Nido,Palawan,MIMAROPA Region,Municipality,1st,R4B,G
[2024-01] 07-061-01-000,2024-01,2024,[01] January,"Enrique Villanueva, Siquijor",[1] Operational,,,,,[A] Operational,B,07-061-01-000,Enrique Villanueva,Siquijor,Region VII (Central Visayas),Municipality,5th,R7,J
[2024-01] 12-065-03-000,2024-01,2024,[01] January,"Esperanza, Sultan Kudarat",[2] Ongoing Testing and Data Build-up,50%,,,,[B] Developmental,B,12-065-03-000,Esperanza,Sultan Kudarat,Region XII (SOCCSKSARGEN),Municipality,1st,R12,Q
[2024-01] 04-034-08-000,2024-01,2024,[01] January,"Famy, Laguna",[2] Ongoing Testing and Data Build-up,85%,,,,[B] Developmental,B,04-034-08-000,Famy,Laguna,Region IV-A (CALABARZON),Municipality,5th,R4A,F
[2024-01] 17-059-16-000,2024-01,2024,[01] January,"Ferrol, Romblon",[1] Operational,,,,,[A] Operational,B,17-059-16-000,Ferrol,Romblon,MIMAROPA Region,Municipality,6th,R4B,G
[2024-01] 04-021-07-000,2024-01,2024,[01] January,"General Emilio Aguinaldo, Cavite",[2] Ongoing Testing and Data Build-up,65%,,,,[B] Developmental,B,04-021-07-000,General Emilio Aguinaldo,Cavite,Region IV-A (CALABARZON),Municipality,5th,R4A,F
[2024-01] 04-056-16-000,2024-01,2024,[01] January,"General Luna, Quezon",[1] Operational,,,,,[A] Operational,A,04-056-16-000,General Luna,Quezon,Region IV-A (CALABARZON),Municipality,4th,R4A,F
[2024-01] 04-056-17-000,2024-01,2024,[01] January,"General Nakar, Quezon",[1] Operational,,,,,[A] Operational,B,04-056-17-000,General Nakar,Quezon,Region IV-A (CALABARZON),Municipality,1st,R4A,F
[2024-01] 17-052-06-000,2024-01,2024,[01] January,"Gloria, Oriental Mindoro",[2] Ongoing Testing and Data Build-up,50%,,,Waiting for the approval of Revised Ordinance for the issuance of Working Permit,[B] Developmental,B,17-052-06-000,Gloria,Oriental Mindoro,MIMAROPA Region,Municipality,3rd,R4B,G
[2024-01] 04-056-19-000,2024-01,2024,[01] January,"Gumaca, Quezon",[2] Ongoing Testing and Data Build-up,65%,,,,[B] Developmental,B,04-056-19-000,Gumaca,Quezon,Region IV-A (CALABARZON),Municipality,1st,R4A,F
[2024-01] 14-027-02-000,2024-01,2024,[01] January,"Hungduan, Ifugao",[1] Operational,,,,,[A] Operational,B,14-027-02-000,Hungduan,Ifugao,Cordillera Administrative Region (CAR),Municipality,4th,CAR,B
[2024-01] 04-056-20-000,2024-01,2024,[01] January,"Infanta, Quezon",[1] Operational,,,,,[A] Operational,B,04-056-20-000,Infanta,Quezon,Region IV-A (CALABARZON),Municipality,1st,R4A,F
[2024-01] 12-065-04-000,2024-01,2024,[01] January,"Isulan, Sultan Kudarat",[1] Operational,,,,,[A] Operational,B,12-065-04-000,Isulan,Sultan Kudarat,Region XII (SOCCSKSARGEN),Municipality,1st,R12,Q
[2024-01] 10-043-11-000,2024-01,2024,[01] January,"Jasaan, Misamis Oriental",[2] Ongoing Testing and Data Build-up,10%,,Schedule for training,For training on 2024,[B] Developmental,B,10-043-11-000,Jasaan,Misamis Oriental,Region X (Northern Mindanao),Municipality,2nd,R10,N
[2024-01] 12-047-03-000,2024-01,2024,[01] January,"Kabacan, Cotabato",[1] Operational,,,,,[A] Operational,A,12-047-03-000,Kabacan,Cotabato,Region XII (SOCCSKSARGEN),Municipality,1st,R12,Q
[2024-01] 11-082-02-000,2024-01,2024,[01] January,"Laak, Davao de Oro",[1] Operational,,,,,[A] Operational,B,11-082-02-000,Laak,Davao de Oro,Region XI (Davao Region),Municipality,1st,R11,P
[2024-01] 12-065-08-000,2024-01,2024,[01] January,"Lambayong, Sultan Kudarat",[1] Operational,,,,,[A] Operational,B,12-065-08-000,Lambayong,Sultan Kudarat,Region XII (SOCCSKSARGEN),Municipality,2nd,R12,Q
[2024-01] 16-002-07-000,2024-01,2024,[01] January,"Las Nieves, Agusan del Norte",[1] Operational,,,,,[A] Operational,B,16-002-07-000,Las Nieves,Agusan del Norte,Region XIII (Caraga),Municipality,2nd,R13,O
[2024-01] 06-006-09-000,2024-01,2024,[01] January,"Laua-An, Antique",[2] Ongoing Testing and Data Build-up,70%,,,,[B] Developmental,B,06-006-09-000,Laua-An,Antique,Region VI (Western Visayas),Municipality,4th,R6,I
[2024-01] 12-047-05-000,2024-01,2024,[01] January,"Libungan, Cotabato",[1] Operational,,,,,[A] Operational,B,12-047-05-000,Libungan,Cotabato,Region XII (SOCCSKSARGEN),Municipality,2nd,R12,Q
[2024-01] 17-051-03-000,2024-01,2024,[01] January,"Looc, Occidental Mindoro",[1] Operational,,,,,[A] Operational,B,17-051-03-000,Looc,Occidental Mindoro,MIMAROPA Region,Municipality,5th,R4B,G
[2024-01] 17-059-07-000,2024-01,2024,[01] January,"Looc, Romblon",[1] Operational,,,,,[A] Operational,B,17-059-07-000,Looc,Romblon,MIMAROPA Region,Municipality,4th,R4B,G
[2024-01] 11-025-07-000,2024-01,2024,[01] January,"Lupon, Davao Oriental",[1] Operational,,,,,[A] Operational,A,11-025-07-000,Lupon,Davao Oriental,Region XI (Davao Region),Municipality,1st,R11,P
[2024-01] 07-046-14-000,2024-01,2024,[01] January,"Mabinay, Negros Oriental",[1] Operational,,,,,[A] Operational,B,07-046-14-000,Mabinay,Negros Oriental,Region VII (Central Visayas),Municipality,1st,R7,J
[2024-01] 03-054-10-000,2024-01,2024,[01] January,"Macabebe, Pampanga",[2] Ongoing Testing and Data Build-up,90%,,,,[B] Developmental,A,03-054-10-000,Macabebe,Pampanga,Region III (Central Luzon),Municipality,1st,R3,E
[2024-01] 07-022-28-000,2024-01,2024,[01] January,"Madridejos, Cebu",[2] Ongoing Testing and Data Build-up,25%,Will implement their WP next year since their priority this year is to increased their Business Tax; worry that some clients will complain because of the fees if WP ordinance will be push through this year,,,[B] Developmental,B,07-022-28-000,Madridejos,Cebu,Region VII (Central Visayas),Municipality,4th,R7,J
[2024-01] 03-054-11-000,2024-01,2024,[01] January,"Magalang, Pampanga",[2] Ongoing Testing and Data Build-up,55%,,,,[B] Developmental,B,03-054-11-000,Magalang,Pampanga,Region III (Central Luzon),Municipality,1st,R3,E
[2024-01] 04-021-12-000,2024-01,2024,[01] January,"Magallanes, Cavite",[2] Ongoing Testing and Data Build-up,65%,,,,[B] Developmental,B,04-021-12-000,Magallanes,Cavite,Region IV-A (CALABARZON),Municipality,4th,R4A,F
[2024-01] 11-025-08-000,2024-01,2024,[01] January,"Manay, Davao Oriental",[1] Operational,,,,,[A] Operational,A,11-025-08-000,Manay,Davao Oriental,Region XI (Davao Region),Municipality,2nd,R11,P
[2024-01] 12-047-08-000,2024-01,2024,[01] January,"Matalam, Cotabato",[1] Operational,,,,,[A] Operational,B,12-047-08-000,Matalam,Cotabato,Region XII (SOCCSKSARGEN),Municipality,1st,R12,Q
[2024-01] 11-082-06-000,2024-01,2024,[01] January,"Mawab, Davao de Oro",[1] Operational,,,,,[A] Operational,B,11-082-06-000,Mawab,Davao de Oro,Region XI (Davao Region),Municipality,3rd,R11,P
[2024-01] 10-043-19-000,2024-01,2024,[01] January,"Medina, Misamis Oriental",[2] Ongoing Testing and Data Build-up,10%,,Schedule for training,For training on 2024,[B] Developmental,B,10-043-19-000,Medina,Misamis Oriental,Region X (Northern Mindanao),Municipality,4th,R10,N
[2024-01] 17-052-08-000,2024-01,2024,[01] January,"Naujan, Oriental Mindoro",[1] Operational,,,,,[A] Operational,B,17-052-08-000,Naujan,Oriental Mindoro,MIMAROPA Region,Municipality,1st,R4B,G
[2024-01] 04-034-18-000,2024-01,2024,[01] January,"Paete, Laguna",[1] Operational,,,,,[A] Operational,A,04-034-18-000,Paete,Laguna,Region IV-A (CALABARZON),Municipality,4th,R4A,F
[2024-01] 08-037-41-000,2024-01,2024,[01] January,"Pastrana, Leyte",[1] Operational,,,,,[A] Operational,B,08-037-41-000,Pastrana,Leyte,Region VIII (Eastern Visayas),Municipality,5th*,R8,K
[2024-01] 12-047-11-000,2024-01,2024,[01] January,"Pigkawayan, Cotabato",[1] Operational,,,,,[A] Operational,B,12-047-11-000,Pigkawayan,Cotabato,Region XII (SOCCSKSARGEN),Municipality,1st,R12,Q
[2024-01] 12-047-12-000,2024-01,2024,[01] January,"Pikit, Cotabato",[1] Operational,,,,,[A] Operational,B,12-047-12-000,Pikit,Cotabato,Region XII (SOCCSKSARGEN),Municipality,1st,R12,Q
[2024-01] 17-052-09-000,2024-01,2024,[01] January,"Pinamalayan, Oriental Mindoro",[1] Operational,,,,,[A] Operational,A,17-052-09-000,Pinamalayan,Oriental Mindoro,MIMAROPA Region,Municipality,1st,R4B,G
[2024-01] 07-022-37-000,2024-01,2024,[01] January,"Pinamungajan, Cebu",[1] Operational,,,,,[A] Operational,B,07-022-37-000,Pinamungajan,Cebu,Region VII (Central Visayas),Municipality,2nd,R7,J
[2024-01] 04-056-34-000,2024-01,2024,[01] January,"Pitogo, Quezon",[2] Ongoing Testing and Data Build-up,65%,,,,[B] Developmental,B,04-056-34-000,Pitogo,Quezon,Region IV-A (CALABARZON),Municipality,4th,R4A,F
[2024-01] 04-056-36-000,2024-01,2024,[01] January,"Polillo, Quezon",[1] Operational,,,,,[A] Operational,B,04-056-36-000,Polillo,Quezon,Region IV-A (CALABARZON),Municipality,3rd,R4A,F
[2024-01] 04-056-37-000,2024-01,2024,[01] January,"Quezon, Quezon",[2] Ongoing Testing and Data Build-up,55%,,,,[B] Developmental,B,04-056-37-000,Quezon,Quezon,Region IV-A (CALABARZON),Municipality,5th,R4A,F
[2024-01] 03-049-23-000,2024-01,2024,[01] January,"Rizal, Nueva Ecija",[1] Operational,,,,,[A] Operational,A,03-049-23-000,Rizal,Nueva Ecija,Region III (Central Luzon),Municipality,2nd,R3,E
[2024-01] 14-011-12-000,2024-01,2024,[01] January,"Sablan, Benguet",[1] Operational,,,,,[A] Operational,A,14-011-12-000,Sablan,Benguet,Cordillera Administrative Region (CAR),Municipality,5th,CAR,B
[2024-01] 04-056-39-000,2024-01,2024,[01] January,"Sampaloc, Quezon",[1] Operational,,,,,[A] Operational,B,04-056-39-000,Sampaloc,Quezon,Region IV-A (CALABARZON),Municipality,5th,R4A,F
[2024-01] 16-003-08-000,2024-01,2024,[01] January,"San Francisco, Agusan del Sur",[1] Operational,,,,,[A] Operational,A,16-003-08-000,San Francisco,Agusan del Sur,Region XIII (Caraga),Municipality,1st,R13,O
[2024-01] 07-022-42-000,2024-01,2024,[01] January,"San Francisco, Cebu",[2] Ongoing Testing and Data Build-up,25%,,,LGU is working out an ordinance for the Working Permit/Occupational Permit,[B] Developmental,B,07-022-42-000,San Francisco,Cebu,Region VII (Central Visayas),Municipality,3rd,R7,J
[2024-01] 11-025-10-000,2024-01,2024,[01] January,"San Isidro, Davao Oriental",[1] Operational,,,,,[A] Operational,B,11-025-10-000,San Isidro,Davao Oriental,Region XI (Davao Region),Municipality,3rd,R11,P
[2024-01] 06-030-40-000,2024-01,2024,[01] January,"San Joaquin, Iloilo",[2] Ongoing Testing and Data Build-up,50%,,,,[B] Developmental,B,06-030-40-000,San Joaquin,Iloilo,Region VI (Western Visayas),Municipality,2nd,R6,I
[2024-01] 17-051-10-000,2024-01,2024,[01] January,"San Jose, Occidental Mindoro",[1] Operational,,,,,[A] Operational,B,17-051-10-000,San Jose,Occidental Mindoro,MIMAROPA Region,Municipality,1st,R4B,G
[2024-01] 04-010-24-000,2024-01,2024,[01] January,"San Luis, Batangas",[1] Operational,,,,,[A] Operational,B,04-010-24-000,San Luis,Batangas,Region IV-A (CALABARZON),Municipality,4th,R4A,F
[2024-01] 03-054-17-000,2024-01,2024,[01] January,"San Luis, Pampanga",[1] Operational,,,,,[A] Operational,A,03-054-17-000,San Luis,Pampanga,Region III (Central Luzon),Municipality,3rd,R3,E
[2024-01] 06-030-41-000,2024-01,2024,[01] January,"San Miguel, Iloilo",[2] Ongoing Testing and Data Build-up,40%,,,,[B] Developmental,B,06-030-41-000,San Miguel,Iloilo,Region VI (Western Visayas),Municipality,4th,R6,I
[2024-01] 04-010-25-000,2024-01,2024,[01] January,"San Nicolas, Batangas",[1] Operational,,,,,[A] Operational,B,04-010-25-000,San Nicolas,Batangas,Region IV-A (CALABARZON),Municipality,5th,R4A,F
[2024-01] 17-052-13-000,2024-01,2024,[01] January,"San Teodoro, Oriental Mindoro",[1] Operational,,,,,[A] Operational,A,17-052-13-000,San Teodoro,Oriental Mindoro,MIMAROPA Region,Municipality,4th,R4B,G
[2024-01] 17-053-19-000,2024-01,2024,[01] January,"San Vicente, Palawan",[2] Ongoing Testing and Data Build-up,50%,,,Waiting for Revision of Ordinance of Fees for Working Permit,[B] Developmental,B,17-053-19-000,San Vicente,Palawan,MIMAROPA Region,Municipality,1st,R4B,G
[2024-01] 03-049-29-000,2024-01,2024,[01] January,"Santo Domingo, Nueva Ecija",[1] Operational,,,,,[A] Operational,A,03-049-29-000,Santo Domingo,Nueva Ecija,Region III (Central Luzon),Municipality,3rd,R3,E
[2024-01] 06-006-16-000,2024-01,2024,[01] January,"Sibalom, Antique",[2] Ongoing Testing and Data Build-up,40%,,,,[B] Developmental,B,06-006-16-000,Sibalom,Antique,Region VI (Western Visayas),Municipality,2nd,R6,I
[2024-01] 07-046-20-000,2024-01,2024,[01] January,"Sibulan, Negros Oriental",[1] Operational,,,,,[A] Operational,B,07-046-20-000,Sibulan,Negros Oriental,Region VII (Central Visayas),Municipality,2nd,R7,J
[2024-01] 04-034-29-000,2024-01,2024,[01] January,"Siniloan, Laguna",[1] Operational,,,,,[A] Operational,B,04-034-29-000,Siniloan,Laguna,Region IV-A (CALABARZON),Municipality,2nd,R4A,F
[2024-01] 11-024-14-000,2024-01,2024,[01] January,"Sulop, Davao del Sur",[2] Ongoing Testing and Data Build-up,100%,,,Still waiting for LGUs advice on when to implement,[B] Developmental,B,11-024-14-000,Sulop,Davao del Sur,Region XI (Davao Region),Municipality,3rd,R11,P
[2024-01] 03-049-31-000,2024-01,2024,[01] January,"Talugtug, Nueva Ecija",[2] Ongoing Testing and Data Build-up,85%,,,,[B] Developmental,A,03-049-31-000,Talugtug,Nueva Ecija,Region III (Central Luzon),Municipality,4th,R3,E
[2024-01] 04-058-12-000,2024-01,2024,[01] January,"Tanay, Rizal",[2] Ongoing Testing and Data Build-up,65%,,,,[B] Developmental,B,04-058-12-000,Tanay,Rizal,Region IV-A (CALABARZON),Municipality,1st,R4A,F
[2024-01] 06-004-17-000,2024-01,2024,[01] January,"Tangalan, Aklan",[1] Operational,,,,,[A] Operational,A,06-004-17-000,Tangalan,Aklan,Region VI (Western Visayas),Municipality,5th,R6,I
[2024-01] 14-011-13-000,2024-01,2024,[01] January,"Tuba, Benguet",[1] Operational,,,,,[A] Operational,B,14-011-13-000,Tuba,Benguet,Cordillera Administrative Region (CAR),Municipality,1st,CAR,B
[2024-01] 14-011-14-000,2024-01,2024,[01] January,"Tublay, Benguet",[1] Operational,,,,,[A] Operational,B,14-011-14-000,Tublay,Benguet,Cordillera Administrative Region (CAR),Municipality,5th,CAR,B
[2024-01] 07-022-52-000,2024-01,2024,[01] January,"Tuburan, Cebu",[2] Ongoing Testing and Data Build-up,25%,,,On hold data build-up; WP still not in the LGU's ordinance yet. Still deciding if they will continue the WP,[B] Developmental,B,07-022-52-000,Tuburan,Cebu,Region VII (Central Visayas),Municipality,2nd,R7,J
[2024-01] 04-010-34-000,2024-01,2024,[01] January,"Tuy, Batangas",[1] Operational,,,,,[A] Operational,B,04-010-34-000,Tuy,Batangas,Region IV-A (CALABARZON),Municipality,3rd,R4A,F
[2024-02] 17-053-01-000,2024-02,2024,[02] February,"Aborlan, Palawan",[1] Operational,,,,,[A] Operational,B,17-053-01-000,Aborlan,Palawan,MIMAROPA Region,Municipality,1st,R4B,G
[2024-02] 04-056-02-000,2024-02,2024,[02] February,"Alabat, Quezon",[1] Operational,,,,,[A] Operational,A,04-056-02-000,Alabat,Quezon,Region IV-A (CALABARZON),Municipality,5th,R4A,F
[2024-02] 07-022-02-000,2024-02,2024,[02] February,"Alcoy, Cebu",[2] Ongoing Testing and Data Build-up,,,,,[B] Developmental,B,07-022-02-000,Alcoy,Cebu,Region VII (Central Visayas),Municipality,5th,R7,J
[2024-02] 04-021-02-000,2024-02,2024,[02] February,"Amadeo, Cavite",[1] Operational,,,,,[A] Operational,B,04-021-02-000,Amadeo,Cavite,Region IV-A (CALABARZON),Municipality,4th,R4A,F
[2024-02] 12-047-15-000,2024-02,2024,[02] February,"Antipas, Cotabato",[1] Operational,,,,,[A] Operational,B,12-047-15-000,Antipas,Cotabato,Region XII (SOCCSKSARGEN),Municipality,2nd,R12,Q
[2024-02] 03-054-03-000,2024-02,2024,[02] February,"Arayat, Pampanga",[1] Operational,,,,,[A] Operational,A,03-054-03-000,Arayat,Pampanga,Region III (Central Luzon),Municipality,1st,R3,E
[2024-02] 12-065-01-000,2024-02,2024,[02] February,"Bagumbayan, Sultan Kudarat",[1] Operational,,,,,[A] Operational,B,12-065-01-000,Bagumbayan,Sultan Kudarat,Region XII (SOCCSKSARGEN),Municipality,1st,R12,Q
[2024-02] 04-010-03-000,2024-02,2024,[02] February,"Balayan, Batangas",[1] Operational,,,,,[A] Operational,B,04-010-03-000,Balayan,Batangas,Region IV-A (CALABARZON),Municipality,1st,R4A,F
[2024-02] 03-077-01-000,2024-02,2024,[02] February,"Baler, Aurora",[1] Operational,,,,,[A] Operational,A,03-077-01-000,Baler,Aurora,Region III (Central Luzon),Municipality,3rd,R3,E
[2024-02] 11-024-01-000,2024-02,2024,[02] February,"Bansalan, Davao del Sur",[1] Operational,,,,,[A] Operational,B,11-024-01-000,Bansalan,Davao del Sur,Region XI (Davao Region),Municipality,1st,R11,P
[2024-02] 17-052-02-000,2024-02,2024,[02] February,"Bansud, Oriental Mindoro",[1] Operational,,,,,[A] Operational,B,17-052-02-000,Bansud,Oriental Mindoro,MIMAROPA Region,Municipality,2nd,R4B,G
[2024-02] 06-006-02-000,2024-02,2024,[02] February,"Barbaza, Antique",[1] Operational,,,,,[A] Operational,B,06-006-02-000,Barbaza,Antique,Region VI (Western Visayas),Municipality,4th,R6,I
[2024-02] 07-046-05-000,2024-02,2024,[02] February,"Basay, Negros Oriental",[1] Operational,,,,,[A] Operational,B,07-046-05-000,Basay,Negros Oriental,Region VII (Central Visayas),Municipality,4th,R7,J
[2024-02] 14-044-02-000,2024-02,2024,[02] February,"Bauko, Mountain Province",[1] Operational,,,,,[A] Operational,B,14-044-02-000,Bauko,Mountain Province,Cordillera Administrative Region (CAR),Municipality,4th,CAR,B
[2024-02] 14-044-04-000,2024-02,2024,[02] February,"Bontoc, Mountain Province",[1] Operational,,,,,[A] Operational,A,14-044-04-000,Bontoc,Mountain Province,Cordillera Administrative Region (CAR),Municipality,2nd,CAR,B
[2024-02] 02-031-06-000,2024-02,2024,[02] February,"Cabagan, Isabela",[1] Operational,,,,,[A] Operational,B,02-031-06-000,Cabagan,Isabela,Region II (Cagayan Valley),Municipality,1st,R2,D
[2024-02] 01-029-07-000,2024-02,2024,[02] February,"Caoayan, Ilocos Sur",[2] Ongoing Testing and Data Build-up,35%,,,,[B] Developmental,B,01-029-07-000,Caoayan,Ilocos Sur,Region I (Ilocos Region),Municipality,4th,R1,C
[2024-02] 03-077-02-000,2024-02,2024,[02] February,"Casiguran, Aurora",[2] Ongoing Testing and Data Build-up,62%,,,,[B] Developmental,B,03-077-02-000,Casiguran,Aurora,Region III (Central Luzon),Municipality,2nd,R3,E
[2024-02] 11-025-05-000,2024-02,2024,[02] February,"Cateel, Davao Oriental",[2] Ongoing Testing and Data Build-up,25%,,,On going testing lang,[B] Developmental,B,11-025-05-000,Cateel,Davao Oriental,Region XI (Davao Region),Municipality,2nd,R11,P
[2024-02] 08-026-04-000,2024-02,2024,[02] February,"City of Borongan, Eastern Samar",[1] Operational,,,,,[A] Operational,A,08-026-04-000,City of Borongan,Eastern Samar,Region VIII (Eastern Visayas),City,1st (as Mun),R8,K
[2024-02] 06-045-10-000,2024-02,2024,[02] February,"City of Himamaylan, Negros Occidental",[1] Operational,,,,,[A] Operational,B,06-045-10-000,City of Himamaylan,Negros Occidental,Region VI (Western Visayas),City,3rd,R6,I
[2024-02] 02-031-14-000,2024-02,2024,[02] February,"City of Ilagan, Isabela",[1] Operational,,,,,[A] Operational,A,02-031-14-000,City of Ilagan,Isabela,Region II (Cagayan Valley),City,1st (as Mun),R2,D
[2024-02] 01-028-12-000,2024-02,2024,[02] February,"City of Laoag, Ilocos Norte",[1] Operational,,,,,[A] Operational,B,01-028-12-000,City of Laoag,Ilocos Norte,Region I (Ilocos Region),City,3rd,R1,C
[2024-02] 03-314-00-000,2024-02,2024,[02] February,"City of Olongapo, Zambales",[2] Ongoing Testing and Data Build-up,57%,,,,[B] Developmental,B,03-314-00-000,City of Olongapo,Zambales,Region III (Central Luzon),City,1st,R3,E
[2024-02] 03-014-20-000,2024-02,2024,[02] February,"City of San Jose Del Monte, Bulacan",[2] Ongoing Testing and Data Build-up,55%,,,,[B] Developmental,B,03-014-20-000,City of San Jose Del Monte,Bulacan,Region III (Central Luzon),City,1st,R3,E
[2024-02] 14-032-13-000,2024-02,2024,[02] February,"City of Tabuk, Kalinga",[1] Operational,,,,,[A] Operational,A,14-032-13-000,City of Tabuk,Kalinga,Cordillera Administrative Region (CAR),City,5th,CAR,B
[2024-02] 10-043-06-000,2024-02,2024,[02] February,"Claveria, Misamis Oriental",[1] Operational,,,,,[A] Operational,A,10-043-06-000,Claveria,Misamis Oriental,Region X (Northern Mindanao),Municipality,1st,R10,N
[2024-02] 12-065-02-000,2024-02,2024,[02] February,"Columbio, Sultan Kudarat",[1] Operational,,,,,[A] Operational,B,12-065-02-000,Columbio,Sultan Kudarat,Region XII (SOCCSKSARGEN),Municipality,1st,R12,Q
[2024-02] 17-053-09-000,2024-02,2024,[02] February,"Coron, Palawan",[1] Operational,,,,,[A] Operational,A,17-053-09-000,Coron,Palawan,MIMAROPA Region,Municipality,1st,R4B,G
[2024-02] 17-053-22-000,2024-02,2024,[02] February,"Culion, Palawan",[1] Operational,,,,,[A] Operational,B,17-053-22-000,Culion,Palawan,MIMAROPA Region,Municipality,3rd,R4B,G
[2024-02] 07-046-09-000,2024-02,2024,[02] February,"Dauin, Negros Oriental",[2] Ongoing Testing and Data Build-up,,,,,[B] Developmental,B,07-046-09-000,Dauin,Negros Oriental,Region VII (Central Visayas),Municipality,4th,R7,J
[2024-02] 17-053-12-000,2024-02,2024,[02] February,"El Nido, Palawan",[1] Operational,,,,,[A] Operational,A,17-053-12-000,El Nido,Palawan,MIMAROPA Region,Municipality,1st,R4B,G
[2024-02] 07-061-01-000,2024-02,2024,[02] February,"Enrique Villanueva, Siquijor",[1] Operational,,,,,[A] Operational,B,07-061-01-000,Enrique Villanueva,Siquijor,Region VII (Central Visayas),Municipality,5th,R7,J
[2024-02] 12-065-03-000,2024-02,2024,[02] February,"Esperanza, Sultan Kudarat",[2] Ongoing Testing and Data Build-up,50%,,,,[B] Developmental,B,12-065-03-000,Esperanza,Sultan Kudarat,Region XII (SOCCSKSARGEN),Municipality,1st,R12,Q
[2024-02] 04-034-08-000,2024-02,2024,[02] February,"Famy, Laguna",[1] Operational,,,,Operational but not utilized,[A] Operational,B,04-034-08-000,Famy,Laguna,Region IV-A (CALABARZON),Municipality,5th,R4A,F
[2024-02] 17-059-16-000,2024-02,2024,[02] February,"Ferrol, Romblon",[1] Operational,,,,,[A] Operational,B,17-059-16-000,Ferrol,Romblon,MIMAROPA Region,Municipality,6th,R4B,G
[2024-02] 04-021-07-000,2024-02,2024,[02] February,"General Emilio Aguinaldo, Cavite",[2] Ongoing Testing and Data Build-up,70%,,,,[B] Developmental,B,04-021-07-000,General Emilio Aguinaldo,Cavite,Region IV-A (CALABARZON),Municipality,5th,R4A,F
[2024-02] 04-056-16-000,2024-02,2024,[02] February,"General Luna, Quezon",[1] Operational,,,,,[A] Operational,A,04-056-16-000,General Luna,Quezon,Region IV-A (CALABARZON),Municipality,4th,R4A,F
[2024-02] 04-056-17-000,2024-02,2024,[02] February,"General Nakar, Quezon",[1] Operational,,,,,[A] Operational,B,04-056-17-000,General Nakar,Quezon,Region IV-A (CALABARZON),Municipality,1st,R4A,F
[2024-02] 17-052-06-000,2024-02,2024,[02] February,"Gloria, Oriental Mindoro",[2] Ongoing Testing and Data Build-up,50%,,,Waiting for the approval of Revised Ordinance for the issuance of Working Permit,[B] Developmental,B,17-052-06-000,Gloria,Oriental Mindoro,MIMAROPA Region,Municipality,3rd,R4B,G
[2024-02] 04-056-19-000,2024-02,2024,[02] February,"Gumaca, Quezon",[1] Operational,,,,Operational but not utilized,[A] Operational,B,04-056-19-000,Gumaca,Quezon,Region IV-A (CALABARZON),Municipality,1st,R4A,F
[2024-02] 14-027-02-000,2024-02,2024,[02] February,"Hungduan, Ifugao",[1] Operational,,,,,[A] Operational,B,14-027-02-000,Hungduan,Ifugao,Cordillera Administrative Region (CAR),Municipality,4th,CAR,B
[2024-02] 04-056-20-000,2024-02,2024,[02] February,"Infanta, Quezon",[1] Operational,,,,,[A] Operational,B,04-056-20-000,Infanta,Quezon,Region IV-A (CALABARZON),Municipality,1st,R4A,F
[2024-02] 12-065-04-000,2024-02,2024,[02] February,"Isulan, Sultan Kudarat",[1] Operational,,,,,[A] Operational,B,12-065-04-000,Isulan,Sultan Kudarat,Region XII (SOCCSKSARGEN),Municipality,1st,R12,Q
[2024-02] 10-043-11-000,2024-02,2024,[02] February,"Jasaan, Misamis Oriental",[2] Ongoing Testing and Data Build-up,10%,,Schedule for training,For training on 2024,[B] Developmental,B,10-043-11-000,Jasaan,Misamis Oriental,Region X (Northern Mindanao),Municipality,2nd,R10,N
[2024-02] 12-047-03-000,2024-02,2024,[02] February,"Kabacan, Cotabato",[1] Operational,,,,,[A] Operational,A,12-047-03-000,Kabacan,Cotabato,Region XII (SOCCSKSARGEN),Municipality,1st,R12,Q
[2024-02] 11-082-02-000,2024-02,2024,[02] February,"Laak, Davao de Oro",[1] Operational,,,,,[A] Operational,B,11-082-02-000,Laak,Davao de Oro,Region XI (Davao Region),Municipality,1st,R11,P
[2024-02] 12-065-08-000,2024-02,2024,[02] February,"Lambayong, Sultan Kudarat",[1] Operational,,,,,[A] Operational,B,12-065-08-000,Lambayong,Sultan Kudarat,Region XII (SOCCSKSARGEN),Municipality,2nd,R12,Q
[2024-02] 14-027-05-000,2024-02,2024,[02] February,"Lamut, Ifugao",[1] Operational,,,,,[A] Operational,B,14-027-05-000,Lamut,Ifugao,Cordillera Administrative Region (CAR),Municipality,4th,CAR,B
[2024-02] 16-002-07-000,2024-02,2024,[02] February,"Las Nieves, Agusan del Norte",[1] Operational,,,,,[A] Operational,B,16-002-07-000,Las Nieves,Agusan del Norte,Region XIII (Caraga),Municipality,2nd,R13,O
[2024-02] 06-006-09-000,2024-02,2024,[02] February,"Laua-An, Antique",[1] Operational,,,,,[A] Operational,B,06-006-09-000,Laua-An,Antique,Region VI (Western Visayas),Municipality,4th,R6,I
[2024-02] 12-047-05-000,2024-02,2024,[02] February,"Libungan, Cotabato",[1] Operational,,,,,[A] Operational,B,12-047-05-000,Libungan,Cotabato,Region XII (SOCCSKSARGEN),Municipality,2nd,R12,Q
[2024-02] 17-051-03-000,2024-02,2024,[02] February,"Looc, Occidental Mindoro",[1] Operational,,,,,[A] Operational,B,17-051-03-000,Looc,Occidental Mindoro,MIMAROPA Region,Municipality,5th,R4B,G
[2024-02] 17-059-07-000,2024-02,2024,[02] February,"Looc, Romblon",[1] Operational,,,,,[A] Operational,B,17-059-07-000,Looc,Romblon,MIMAROPA Region,Municipality,4th,R4B,G
[2024-02] 11-025-07-000,2024-02,2024,[02] February,"Lupon, Davao Oriental",[1] Operational,,,,,[A] Operational,A,11-025-07-000,Lupon,Davao Oriental,Region XI (Davao Region),Municipality,1st,R11,P
[2024-02] 07-046-14-000,2024-02,2024,[02] February,"Mabinay, Negros Oriental",[1] Operational,,,,,[A] Operational,B,07-046-14-000,Mabinay,Negros Oriental,Region VII (Central Visayas),Municipality,1st,R7,J
[2024-02] 03-054-10-000,2024-02,2024,[02] February,"Macabebe, Pampanga",[2] Ongoing Testing and Data Build-up,92%,,,,[B] Developmental,A,03-054-10-000,Macabebe,Pampanga,Region III (Central Luzon),Municipality,1st,R3,E
[2024-02] 07-022-28-000,2024-02,2024,[02] February,"Madridejos, Cebu",[2] Ongoing Testing and Data Build-up,25%,Will implement their WP within the year since their priority this year is to increased their Business Tax; worry that some clients will complain because of the fees if WP ordinance will be push through this year,,Monitor LGU with their business tax update,[B] Developmental,B,07-022-28-000,Madridejos,Cebu,Region VII (Central Visayas),Municipality,4th,R7,J
[2024-02] 03-054-11-000,2024-02,2024,[02] February,"Magalang, Pampanga",[2] Ongoing Testing and Data Build-up,57%,,,,[B] Developmental,B,03-054-11-000,Magalang,Pampanga,Region III (Central Luzon),Municipality,1st,R3,E
[2024-02] 04-021-12-000,2024-02,2024,[02] February,"Magallanes, Cavite",[2] Ongoing Testing and Data Build-up,70%,,,,[B] Developmental,B,04-021-12-000,Magallanes,Cavite,Region IV-A (CALABARZON),Municipality,4th,R4A,F
[2024-02] 11-025-08-000,2024-02,2024,[02] February,"Manay, Davao Oriental",[1] Operational,,,,,[A] Operational,A,11-025-08-000,Manay,Davao Oriental,Region XI (Davao Region),Municipality,2nd,R11,P
[2024-02] 12-047-08-000,2024-02,2024,[02] February,"Matalam, Cotabato",[1] Operational,,,,,[A] Operational,B,12-047-08-000,Matalam,Cotabato,Region XII (SOCCSKSARGEN),Municipality,1st,R12,Q
[2024-02] 11-082-06-000,2024-02,2024,[02] February,"Mawab, Davao de Oro",[1] Operational,,,,,[A] Operational,B,11-082-06-000,Mawab,Davao de Oro,Region XI (Davao Region),Municipality,3rd,R11,P
[2024-02] 10-043-19-000,2024-02,2024,[02] February,"Medina, Misamis Oriental",[2] Ongoing Testing and Data Build-up,10%,,Schedule for training,For training on 2024,[B] Developmental,B,10-043-19-000,Medina,Misamis Oriental,Region X (Northern Mindanao),Municipality,4th,R10,N
[2024-02] 17-052-08-000,2024-02,2024,[02] February,"Naujan, Oriental Mindoro",[1] Operational,,,,,[A] Operational,B,17-052-08-000,Naujan,Oriental Mindoro,MIMAROPA Region,Municipality,1st,R4B,G
[2024-02] 11-082-10-000,2024-02,2024,[02] February,"New Bataan, Davao de Oro",[2] Ongoing Testing and Data Build-up,25%,,,On going testing lang,[B] Developmental,B,11-082-10-000,New Bataan,Davao de Oro,Region XI (Davao Region),Municipality,1st,R11,P
[2024-02] 04-034-18-000,2024-02,2024,[02] February,"Paete, Laguna",[1] Operational,,,,,[A] Operational,A,04-034-18-000,Paete,Laguna,Region IV-A (CALABARZON),Municipality,4th,R4A,F
[2024-02] 08-037-41-000,2024-02,2024,[02] February,"Pastrana, Leyte",[1] Operational,,,,,[A] Operational,B,08-037-41-000,Pastrana,Leyte,Region VIII (Eastern Visayas),Municipality,5th*,R8,K
[2024-02] 12-047-11-000,2024-02,2024,[02] February,"Pigkawayan, Cotabato",[1] Operational,,,,,[A] Operational,B,12-047-11-000,Pigkawayan,Cotabato,Region XII (SOCCSKSARGEN),Municipality,1st,R12,Q
[2024-02] 12-047-12-000,2024-02,2024,[02] February,"Pikit, Cotabato",[1] Operational,,,,,[A] Operational,B,12-047-12-000,Pikit,Cotabato,Region XII (SOCCSKSARGEN),Municipality,1st,R12,Q
[2024-02] 17-052-09-000,2024-02,2024,[02] February,"Pinamalayan, Oriental Mindoro",[1] Operational,,,,,[A] Operational,A,17-052-09-000,Pinamalayan,Oriental Mindoro,MIMAROPA Region,Municipality,1st,R4B,G
[2024-02] 07-022-37-000,2024-02,2024,[02] February,"Pinamungajan, Cebu",[1] Operational,,,,,[A] Operational,B,07-022-37-000,Pinamungajan,Cebu,Region VII (Central Visayas),Municipality,2nd,R7,J
[2024-02] 04-056-34-000,2024-02,2024,[02] February,"Pitogo, Quezon",[2] Ongoing Testing and Data Build-up,70%,,,,[B] Developmental,B,04-056-34-000,Pitogo,Quezon,Region IV-A (CALABARZON),Municipality,4th,R4A,F
[2024-02] 04-056-36-000,2024-02,2024,[02] February,"Polillo, Quezon",[1] Operational,,,,,[A] Operational,B,04-056-36-000,Polillo,Quezon,Region IV-A (CALABARZON),Municipality,3rd,R4A,F
[2024-02] 04-056-37-000,2024-02,2024,[02] February,"Quezon, Quezon",[2] Ongoing Testing and Data Build-up,60%,,,,[B] Developmental,B,04-056-37-000,Quezon,Quezon,Region IV-A (CALABARZON),Municipality,5th,R4A,F
[2024-02] 03-049-23-000,2024-02,2024,[02] February,"Rizal, Nueva Ecija",[1] Operational,,,,,[A] Operational,A,03-049-23-000,Rizal,Nueva Ecija,Region III (Central Luzon),Municipality,2nd,R3,E
[2024-02] 14-011-12-000,2024-02,2024,[02] February,"Sablan, Benguet",[1] Operational,,,,,[A] Operational,A,14-011-12-000,Sablan,Benguet,Cordillera Administrative Region (CAR),Municipality,5th,CAR,B
[2024-02] 04-056-39-000,2024-02,2024,[02] February,"Sampaloc, Quezon",[1] Operational,,,,,[A] Operational,B,04-056-39-000,Sampaloc,Quezon,Region IV-A (CALABARZON),Municipality,5th,R4A,F
[2024-02] 16-003-08-000,2024-02,2024,[02] February,"San Francisco, Agusan del Sur",[1] Operational,,,,,[A] Operational,A,16-003-08-000,San Francisco,Agusan del Sur,Region XIII (Caraga),Municipality,1st,R13,O
[2024-02] 07-022-42-000,2024-02,2024,[02] February,"San Francisco, Cebu",[2] Ongoing Testing and Data Build-up,25%,,,LGU is working out an ordinance for the Working Permit/Occupational Permit,[B] Developmental,B,07-022-42-000,San Francisco,Cebu,Region VII (Central Visayas),Municipality,3rd,R7,J
[2024-02] 11-025-10-000,2024-02,2024,[02] February,"San Isidro, Davao Oriental",[1] Operational,,,,,[A] Operational,B,11-025-10-000,San Isidro,Davao Oriental,Region XI (Davao Region),Municipality,3rd,R11,P
[2024-02] 06-030-40-000,2024-02,2024,[02] February,"San Joaquin, Iloilo",[1] Operational,,,,,[A] Operational,B,06-030-40-000,San Joaquin,Iloilo,Region VI (Western Visayas),Municipality,2nd,R6,I
[2024-02] 17-051-10-000,2024-02,2024,[02] February,"San Jose, Occidental Mindoro",[1] Operational,,,,,[A] Operational,B,17-051-10-000,San Jose,Occidental Mindoro,MIMAROPA Region,Municipality,1st,R4B,G
[2024-02] 04-010-24-000,2024-02,2024,[02] February,"San Luis, Batangas",[1] Operational,,,,,[A] Operational,B,04-010-24-000,San Luis,Batangas,Region IV-A (CALABARZON),Municipality,4th,R4A,F
[2024-02] 03-054-17-000,2024-02,2024,[02] February,"San Luis, Pampanga",[1] Operational,,,,,[A] Operational,A,03-054-17-000,San Luis,Pampanga,Region III (Central Luzon),Municipality,3rd,R3,E
[2024-02] 06-030-41-000,2024-02,2024,[02] February,"San Miguel, Iloilo",[1] Operational,,,,,[A] Operational,B,06-030-41-000,San Miguel,Iloilo,Region VI (Western Visayas),Municipality,4th,R6,I
[2024-02] 04-010-25-000,2024-02,2024,[02] February,"San Nicolas, Batangas",[1] Operational,,,,,[A] Operational,B,04-010-25-000,San Nicolas,Batangas,Region IV-A (CALABARZON),Municipality,5th,R4A,F
[2024-02] 17-052-13-000,2024-02,2024,[02] February,"San Teodoro, Oriental Mindoro",[1] Operational,,,,,[A] Operational,A,17-052-13-000,San Teodoro,Oriental Mindoro,MIMAROPA Region,Municipality,4th,R4B,G
[2024-02] 17-053-19-000,2024-02,2024,[02] February,"San Vicente, Palawan",[2] Ongoing Testing and Data Build-up,50%,,,Waiting for Revision of Ordinance of Fees for Working Permit,[B] Developmental,B,17-053-19-000,San Vicente,Palawan,MIMAROPA Region,Municipality,1st,R4B,G
[2024-02] 03-049-29-000,2024-02,2024,[02] February,"Santo Domingo, Nueva Ecija",[1] Operational,,,,,[A] Operational,A,03-049-29-000,Santo Domingo,Nueva Ecija,Region III (Central Luzon),Municipality,3rd,R3,E
[2024-02] 06-006-16-000,2024-02,2024,[02] February,"Sibalom, Antique",[1] Operational,,,,,[A] Operational,B,06-006-16-000,Sibalom,Antique,Region VI (Western Visayas),Municipality,2nd,R6,I
[2024-02] 07-046-20-000,2024-02,2024,[02] February,"Sibulan, Negros Oriental",[1] Operational,,,,,[A] Operational,B,07-046-20-000,Sibulan,Negros Oriental,Region VII (Central Visayas),Municipality,2nd,R7,J
[2024-02] 04-034-29-000,2024-02,2024,[02] February,"Siniloan, Laguna",[1] Operational,,,,,[A] Operational,B,04-034-29-000,Siniloan,Laguna,Region IV-A (CALABARZON),Municipality,2nd,R4A,F
[2024-02] 11-024-14-000,2024-02,2024,[02] February,"Sulop, Davao del Sur",[2] Ongoing Testing and Data Build-up,100%,,,,[B] Developmental,B,11-024-14-000,Sulop,Davao del Sur,Region XI (Davao Region),Municipality,3rd,R11,P
[2024-02] 03-049-31-000,2024-02,2024,[02] February,"Talugtug, Nueva Ecija",[2] Ongoing Testing and Data Build-up,88%,,,,[B] Developmental,A,03-049-31-000,Talugtug,Nueva Ecija,Region III (Central Luzon),Municipality,4th,R3,E
[2024-02] 04-058-12-000,2024-02,2024,[02] February,"Tanay, Rizal",[2] Ongoing Testing and Data Build-up,70%,,,,[B] Developmental,B,04-058-12-000,Tanay,Rizal,Region IV-A (CALABARZON),Municipality,1st,R4A,F
[2024-02] 06-004-17-000,2024-02,2024,[02] February,"Tangalan, Aklan",[1] Operational,,,,,[A] Operational,A,06-004-17-000,Tangalan,Aklan,Region VI (Western Visayas),Municipality,5th,R6,I
[2024-02] 14-011-13-000,2024-02,2024,[02] February,"Tuba, Benguet",[1] Operational,,,,,[A] Operational,B,14-011-13-000,Tuba,Benguet,Cordillera Administrative Region (CAR),Municipality,1st,CAR,B
[2024-02] 14-011-14-000,2024-02,2024,[02] February,"Tublay, Benguet",[1] Operational,,,,,[A] Operational,B,14-011-14-000,Tublay,Benguet,Cordillera Administrative Region (CAR),Municipality,5th,CAR,B
[2024-02] 07-022-52-000,2024-02,2024,[02] February,"Tuburan, Cebu",[2] Ongoing Testing and Data Build-up,25%,,,On hold data build-up; WP still not in the LGU's ordinance yet. Still deciding if they will continue the WP,[B] Developmental,B,07-022-52-000,Tuburan,Cebu,Region VII (Central Visayas),Municipality,2nd,R7,J
[2024-02] 04-010-34-000,2024-02,2024,[02] February,"Tuy, Batangas",[1] Operational,,,,,[A] Operational,B,04-010-34-000,Tuy,Batangas,Region IV-A (CALABARZON),Municipality,3rd,R4A,F
[2024-03] 17-053-01-000,2024-03,2024,[03] March,"Aborlan, Palawan",[1] Operational,,,,,[A] Operational,B,17-053-01-000,Aborlan,Palawan,MIMAROPA Region,Municipality,1st,R4B,G
[2024-03] 04-056-02-000,2024-03,2024,[03] March,"Alabat, Quezon",[1] Operational,,,,,[A] Operational,A,04-056-02-000,Alabat,Quezon,Region IV-A (CALABARZON),Municipality,5th,R4A,F
[2024-03] 07-022-02-000,2024-03,2024,[03] March,"Alcoy, Cebu",[2] Ongoing Testing and Data Build-up,,,,,[B] Developmental,B,07-022-02-000,Alcoy,Cebu,Region VII (Central Visayas),Municipality,5th,R7,J
[2024-03] 04-021-02-000,2024-03,2024,[03] March,"Amadeo, Cavite",[1] Operational,,,,,[A] Operational,B,04-021-02-000,Amadeo,Cavite,Region IV-A (CALABARZON),Municipality,4th,R4A,F
[2024-03] 12-047-15-000,2024-03,2024,[03] March,"Antipas, Cotabato",[1] Operational,,,,,[A] Operational,B,12-047-15-000,Antipas,Cotabato,Region XII (SOCCSKSARGEN),Municipality,2nd,R12,Q
[2024-03] 03-054-03-000,2024-03,2024,[03] March,"Arayat, Pampanga",[1] Operational,,,,,[A] Operational,A,03-054-03-000,Arayat,Pampanga,Region III (Central Luzon),Municipality,1st,R3,E
[2024-03] 12-065-01-000,2024-03,2024,[03] March,"Bagumbayan, Sultan Kudarat",[1] Operational,,,,,[A] Operational,B,12-065-01-000,Bagumbayan,Sultan Kudarat,Region XII (SOCCSKSARGEN),Municipality,1st,R12,Q
[2024-03] 04-010-03-000,2024-03,2024,[03] March,"Balayan, Batangas",[1] Operational,,,,,[A] Operational,B,04-010-03-000,Balayan,Batangas,Region IV-A (CALABARZON),Municipality,1st,R4A,F
[2024-03] 03-077-01-000,2024-03,2024,[03] March,"Baler, Aurora",[1] Operational,,,,,[A] Operational,A,03-077-01-000,Baler,Aurora,Region III (Central Luzon),Municipality,3rd,R3,E
[2024-03] 11-024-01-000,2024-03,2024,[03] March,"Bansalan, Davao del Sur",[1] Operational,,,,,[A] Operational,B,11-024-01-000,Bansalan,Davao del Sur,Region XI (Davao Region),Municipality,1st,R11,P
[2024-03] 17-052-02-000,2024-03,2024,[03] March,"Bansud, Oriental Mindoro",[1] Operational,,,,,[A] Operational,B,17-052-02-000,Bansud,Oriental Mindoro,MIMAROPA Region,Municipality,2nd,R4B,G
[2024-03] 06-006-02-000,2024-03,2024,[03] March,"Barbaza, Antique",[1] Operational,,,,,[A] Operational,B,06-006-02-000,Barbaza,Antique,Region VI (Western Visayas),Municipality,4th,R6,I
[2024-03] 07-046-05-000,2024-03,2024,[03] March,"Basay, Negros Oriental",[1] Operational,,,,,[A] Operational,B,07-046-05-000,Basay,Negros Oriental,Region VII (Central Visayas),Municipality,4th,R7,J
[2024-03] 14-044-02-000,2024-03,2024,[03] March,"Bauko, Mountain Province",[1] Operational,,,,,[A] Operational,B,14-044-02-000,Bauko,Mountain Province,Cordillera Administrative Region (CAR),Municipality,4th,CAR,B
[2024-03] 14-044-04-000,2024-03,2024,[03] March,"Bontoc, Mountain Province",[1] Operational,,,,,[A] Operational,A,14-044-04-000,Bontoc,Mountain Province,Cordillera Administrative Region (CAR),Municipality,2nd,CAR,B
[2024-03] 02-031-06-000,2024-03,2024,[03] March,"Cabagan, Isabela",[1] Operational,,,,,[A] Operational,B,02-031-06-000,Cabagan,Isabela,Region II (Cagayan Valley),Municipality,1st,R2,D
[2024-03] 01-029-07-000,2024-03,2024,[03] March,"Caoayan, Ilocos Sur",[2] Ongoing Testing and Data Build-up,35%,,,,[B] Developmental,B,01-029-07-000,Caoayan,Ilocos Sur,Region I (Ilocos Region),Municipality,4th,R1,C
[2024-03] 04-058-06-000,2024-03,2024,[03] March,"Cardona, Rizal",[1] Operational,,,,,[A] Operational,B,04-058-06-000,Cardona,Rizal,Region IV-A (CALABARZON),Municipality,3rd,R4A,F
[2024-03] 03-077-02-000,2024-03,2024,[03] March,"Casiguran, Aurora",[2] Ongoing Testing and Data Build-up,65%,,,,[B] Developmental,B,03-077-02-000,Casiguran,Aurora,Region III (Central Luzon),Municipality,2nd,R3,E
[2024-03] 11-025-05-000,2024-03,2024,[03] March,"Cateel, Davao Oriental",[2] Ongoing Testing and Data Build-up,50%,,,on going testing/no applicant,[B] Developmental,B,11-025-05-000,Cateel,Davao Oriental,Region XI (Davao Region),Municipality,2nd,R11,P
[2024-03] 08-026-04-000,2024-03,2024,[03] March,"City of Borongan, Eastern Samar",[1] Operational,,,,,[A] Operational,A,08-026-04-000,City of Borongan,Eastern Samar,Region VIII (Eastern Visayas),City,1st (as Mun),R8,K
[2024-03] 06-045-10-000,2024-03,2024,[03] March,"City of Himamaylan, Negros Occidental",[1] Operational,,,,,[A] Operational,B,06-045-10-000,City of Himamaylan,Negros Occidental,Region VI (Western Visayas),City,3rd,R6,I
[2024-03] 02-031-14-000,2024-03,2024,[03] March,"City of Ilagan, Isabela",[1] Operational,,,,,[A] Operational,A,02-031-14-000,City of Ilagan,Isabela,Region II (Cagayan Valley),City,1st (as Mun),R2,D
[2024-03] 01-028-12-000,2024-03,2024,[03] March,"City of Laoag, Ilocos Norte",[1] Operational,,,,,[A] Operational,B,01-028-12-000,City of Laoag,Ilocos Norte,Region I (Ilocos Region),City,3rd,R1,C
[2024-03] 03-314-00-000,2024-03,2024,[03] March,"City of Olongapo, Zambales",[2] Ongoing Testing and Data Build-up,60%,,,,[B] Developmental,B,03-314-00-000,City of Olongapo,Zambales,Region III (Central Luzon),City,1st,R3,E
[2024-03] 03-014-20-000,2024-03,2024,[03] March,"City of San Jose Del Monte, Bulacan",[2] Ongoing Testing and Data Build-up,60%,,,,[B] Developmental,B,03-014-20-000,City of San Jose Del Monte,Bulacan,Region III (Central Luzon),City,1st,R3,E
[2024-03] 14-032-13-000,2024-03,2024,[03] March,"City of Tabuk, Kalinga",[1] Operational,,,,,[A] Operational,A,14-032-13-000,City of Tabuk,Kalinga,Cordillera Administrative Region (CAR),City,5th,CAR,B
[2024-03] 10-043-06-000,2024-03,2024,[03] March,"Claveria, Misamis Oriental",[1] Operational,,,,,[A] Operational,A,10-043-06-000,Claveria,Misamis Oriental,Region X (Northern Mindanao),Municipality,1st,R10,N
[2024-03] 12-065-02-000,2024-03,2024,[03] March,"Columbio, Sultan Kudarat",[1] Operational,,,,,[A] Operational,B,12-065-02-000,Columbio,Sultan Kudarat,Region XII (SOCCSKSARGEN),Municipality,1st,R12,Q
[2024-03] 17-053-09-000,2024-03,2024,[03] March,"Coron, Palawan",[1] Operational,,,,,[A] Operational,A,17-053-09-000,Coron,Palawan,MIMAROPA Region,Municipality,1st,R4B,G
[2024-03] 17-053-22-000,2024-03,2024,[03] March,"Culion, Palawan",[1] Operational,,,,,[A] Operational,B,17-053-22-000,Culion,Palawan,MIMAROPA Region,Municipality,3rd,R4B,G
[2024-03] 07-046-09-000,2024-03,2024,[03] March,"Dauin, Negros Oriental",[2] Ongoing Testing and Data Build-up,,,,,[B] Developmental,B,07-046-09-000,Dauin,Negros Oriental,Region VII (Central Visayas),Municipality,4th,R7,J
[2024-03] 17-053-12-000,2024-03,2024,[03] March,"El Nido, Palawan",[1] Operational,,,,,[A] Operational,A,17-053-12-000,El Nido,Palawan,MIMAROPA Region,Municipality,1st,R4B,G
[2024-03] 07-061-01-000,2024-03,2024,[03] March,"Enrique Villanueva, Siquijor",[1] Operational,,,,,[A] Operational,B,07-061-01-000,Enrique Villanueva,Siquijor,Region VII (Central Visayas),Municipality,5th,R7,J
[2024-03] 12-065-03-000,2024-03,2024,[03] March,"Esperanza, Sultan Kudarat",[2] Ongoing Testing and Data Build-up,50%,,,,[B] Developmental,B,12-065-03-000,Esperanza,Sultan Kudarat,Region XII (SOCCSKSARGEN),Municipality,1st,R12,Q
[2024-03] 04-034-08-000,2024-03,2024,[03] March,"Famy, Laguna",[1] Operational,,,,Operational but not utilized,[A] Operational,B,04-034-08-000,Famy,Laguna,Region IV-A (CALABARZON),Municipality,5th,R4A,F
[2024-03] 17-059-16-000,2024-03,2024,[03] March,"Ferrol, Romblon",[1] Operational,,,,,[A] Operational,B,17-059-16-000,Ferrol,Romblon,MIMAROPA Region,Municipality,6th,R4B,G
[2024-03] 04-021-07-000,2024-03,2024,[03] March,"General Emilio Aguinaldo, Cavite",[2] Ongoing Testing and Data Build-up,75%,,,,[B] Developmental,B,04-021-07-000,General Emilio Aguinaldo,Cavite,Region IV-A (CALABARZON),Municipality,5th,R4A,F
[2024-03] 04-056-16-000,2024-03,2024,[03] March,"General Luna, Quezon",[1] Operational,,,,,[A] Operational,A,04-056-16-000,General Luna,Quezon,Region IV-A (CALABARZON),Municipality,4th,R4A,F
[2024-03] 04-056-17-000,2024-03,2024,[03] March,"General Nakar, Quezon",[1] Operational,,,,,[A] Operational,B,04-056-17-000,General Nakar,Quezon,Region IV-A (CALABARZON),Municipality,1st,R4A,F
[2024-03] 17-052-06-000,2024-03,2024,[03] March,"Gloria, Oriental Mindoro",[2] Ongoing Testing and Data Build-up,50%,,,Waiting for the approval of Revised Ordinance for the issuance of Working Permit,[B] Developmental,B,17-052-06-000,Gloria,Oriental Mindoro,MIMAROPA Region,Municipality,3rd,R4B,G
[2024-03] 04-056-19-000,2024-03,2024,[03] March,"Gumaca, Quezon",[1] Operational,,,,Operational but not utilized,[A] Operational,B,04-056-19-000,Gumaca,Quezon,Region IV-A (CALABARZON),Municipality,1st,R4A,F
[2024-03] 14-027-02-000,2024-03,2024,[03] March,"Hungduan, Ifugao",[1] Operational,,,,,[A] Operational,B,14-027-02-000,Hungduan,Ifugao,Cordillera Administrative Region (CAR),Municipality,4th,CAR,B
[2024-03] 04-056-20-000,2024-03,2024,[03] March,"Infanta, Quezon",[1] Operational,,,,,[A] Operational,B,04-056-20-000,Infanta,Quezon,Region IV-A (CALABARZON),Municipality,1st,R4A,F
[2024-03] 12-065-04-000,2024-03,2024,[03] March,"Isulan, Sultan Kudarat",[1] Operational,,,,,[A] Operational,B,12-065-04-000,Isulan,Sultan Kudarat,Region XII (SOCCSKSARGEN),Municipality,1st,R12,Q
[2024-03] 10-043-11-000,2024-03,2024,[03] March,"Jasaan, Misamis Oriental",[2] Ongoing Testing and Data Build-up,10%,,Schedule for training,For training on 2024,[B] Developmental,B,10-043-11-000,Jasaan,Misamis Oriental,Region X (Northern Mindanao),Municipality,2nd,R10,N
[2024-03] 12-047-03-000,2024-03,2024,[03] March,"Kabacan, Cotabato",[1] Operational,,,,,[A] Operational,A,12-047-03-000,Kabacan,Cotabato,Region XII (SOCCSKSARGEN),Municipality,1st,R12,Q
[2024-03] 11-082-02-000,2024-03,2024,[03] March,"Laak, Davao de Oro",[1] Operational,,,,,[A] Operational,B,11-082-02-000,Laak,Davao de Oro,Region XI (Davao Region),Municipality,1st,R11,P
[2024-03] 12-065-08-000,2024-03,2024,[03] March,"Lambayong, Sultan Kudarat",[1] Operational,,,,,[A] Operational,B,12-065-08-000,Lambayong,Sultan Kudarat,Region XII (SOCCSKSARGEN),Municipality,2nd,R12,Q
[2024-03] 14-027-05-000,2024-03,2024,[03] March,"Lamut, Ifugao",[1] Operational,,,,,[A] Operational,B,14-027-05-000,Lamut,Ifugao,Cordillera Administrative Region (CAR),Municipality,4th,CAR,B
[2024-03] 16-002-07-000,2024-03,2024,[03] March,"Las Nieves, Agusan del Norte",[1] Operational,,,,,[A] Operational,B,16-002-07-000,Las Nieves,Agusan del Norte,Region XIII (Caraga),Municipality,2nd,R13,O
[2024-03] 06-006-09-000,2024-03,2024,[03] March,"Laua-An, Antique",[1] Operational,,,,,[A] Operational,B,06-006-09-000,Laua-An,Antique,Region VI (Western Visayas),Municipality,4th,R6,I
[2024-03] 12-047-05-000,2024-03,2024,[03] March,"Libungan, Cotabato",[1] Operational,,,,,[A] Operational,B,12-047-05-000,Libungan,Cotabato,Region XII (SOCCSKSARGEN),Municipality,2nd,R12,Q
[2024-03] 04-010-15-000,2024-03,2024,[03] March,"Lobo, Batangas",[1] Operational,,,,,[A] Operational,B,04-010-15-000,Lobo,Batangas,Region IV-A (CALABARZON),Municipality,3rd,R4A,F
[2024-03] 17-051-03-000,2024-03,2024,[03] March,"Looc, Occidental Mindoro",[1] Operational,,,,,[A] Operational,B,17-051-03-000,Looc,Occidental Mindoro,MIMAROPA Region,Municipality,5th,R4B,G
[2024-03] 17-059-07-000,2024-03,2024,[03] March,"Looc, Romblon",[1] Operational,,,,,[A] Operational,B,17-059-07-000,Looc,Romblon,MIMAROPA Region,Municipality,4th,R4B,G
[2024-03] 11-025-07-000,2024-03,2024,[03] March,"Lupon, Davao Oriental",[1] Operational,,,,,[A] Operational,A,11-025-07-000,Lupon,Davao Oriental,Region XI (Davao Region),Municipality,1st,R11,P
[2024-03] 07-046-14-000,2024-03,2024,[03] March,"Mabinay, Negros Oriental",[1] Operational,,,,,[A] Operational,B,07-046-14-000,Mabinay,Negros Oriental,Region VII (Central Visayas),Municipality,1st,R7,J
[2024-03] 03-054-10-000,2024-03,2024,[03] March,"Macabebe, Pampanga",[2] Ongoing Testing and Data Build-up,95%,,,,[B] Developmental,A,03-054-10-000,Macabebe,Pampanga,Region III (Central Luzon),Municipality,1st,R3,E
[2024-03] 07-022-28-000,2024-03,2024,[03] March,"Madridejos, Cebu",[2] Ongoing Testing and Data Build-up,25%,Will implement their WP within the year since their priority this year is to increased their Business Tax; worry that some clients will complain because of the fees if WP ordinance will be push through this year,,Monitor LGU with their business tax update,[B] Developmental,B,07-022-28-000,Madridejos,Cebu,Region VII (Central Visayas),Municipality,4th,R7,J
[2024-03] 03-054-11-000,2024-03,2024,[03] March,"Magalang, Pampanga",[2] Ongoing Testing and Data Build-up,60%,,,,[B] Developmental,B,03-054-11-000,Magalang,Pampanga,Region III (Central Luzon),Municipality,1st,R3,E
[2024-03] 04-021-12-000,2024-03,2024,[03] March,"Magallanes, Cavite",[2] Ongoing Testing and Data Build-up,75%,,,,[B] Developmental,B,04-021-12-000,Magallanes,Cavite,Region IV-A (CALABARZON),Municipality,4th,R4A,F
[2024-03] 11-025-08-000,2024-03,2024,[03] March,"Manay, Davao Oriental",[1] Operational,,,,,[A] Operational,A,11-025-08-000,Manay,Davao Oriental,Region XI (Davao Region),Municipality,2nd,R11,P
[2024-03] 12-047-08-000,2024-03,2024,[03] March,"Matalam, Cotabato",[1] Operational,,,,,[A] Operational,B,12-047-08-000,Matalam,Cotabato,Region XII (SOCCSKSARGEN),Municipality,1st,R12,Q
[2024-03] 11-082-06-000,2024-03,2024,[03] March,"Mawab, Davao de Oro",[1] Operational,,,,,[A] Operational,B,11-082-06-000,Mawab,Davao de Oro,Region XI (Davao Region),Municipality,3rd,R11,P
[2024-03] 10-043-19-000,2024-03,2024,[03] March,"Medina, Misamis Oriental",[2] Ongoing Testing and Data Build-up,10%,,Schedule for training,For training on 2024,[B] Developmental,B,10-043-19-000,Medina,Misamis Oriental,Region X (Northern Mindanao),Municipality,4th,R10,N
[2024-03] 17-052-08-000,2024-03,2024,[03] March,"Naujan, Oriental Mindoro",[1] Operational,,,,,[A] Operational,B,17-052-08-000,Naujan,Oriental Mindoro,MIMAROPA Region,Municipality,1st,R4B,G
[2024-03] 11-082-10-000,2024-03,2024,[03] March,"New Bataan, Davao de Oro",[2] Ongoing Testing and Data Build-up,50%,,,On going testing/no applicant,[B] Developmental,B,11-082-10-000,New Bataan,Davao de Oro,Region XI (Davao Region),Municipality,1st,R11,P
[2024-03] 04-034-18-000,2024-03,2024,[03] March,"Paete, Laguna",[1] Operational,,,,,[A] Operational,A,04-034-18-000,Paete,Laguna,Region IV-A (CALABARZON),Municipality,4th,R4A,F
[2024-03] 08-037-41-000,2024-03,2024,[03] March,"Pastrana, Leyte",[1] Operational,,,,,[A] Operational,B,08-037-41-000,Pastrana,Leyte,Region VIII (Eastern Visayas),Municipality,5th*,R8,K
[2024-03] 12-047-11-000,2024-03,2024,[03] March,"Pigkawayan, Cotabato",[1] Operational,,,,,[A] Operational,B,12-047-11-000,Pigkawayan,Cotabato,Region XII (SOCCSKSARGEN),Municipality,1st,R12,Q
[2024-03] 12-047-12-000,2024-03,2024,[03] March,"Pikit, Cotabato",[1] Operational,,,,,[A] Operational,B,12-047-12-000,Pikit,Cotabato,Region XII (SOCCSKSARGEN),Municipality,1st,R12,Q
[2024-03] 17-052-09-000,2024-03,2024,[03] March,"Pinamalayan, Oriental Mindoro",[1] Operational,,,,,[A] Operational,A,17-052-09-000,Pinamalayan,Oriental Mindoro,MIMAROPA Region,Municipality,1st,R4B,G
[2024-03] 07-022-37-000,2024-03,2024,[03] March,"Pinamungajan, Cebu",[1] Operational,,,,,[A] Operational,B,07-022-37-000,Pinamungajan,Cebu,Region VII (Central Visayas),Municipality,2nd,R7,J
[2024-03] 04-056-34-000,2024-03,2024,[03] March,"Pitogo, Quezon",[2] Ongoing Testing and Data Build-up,75%,,,,[B] Developmental,B,04-056-34-000,Pitogo,Quezon,Region IV-A (CALABARZON),Municipality,4th,R4A,F
[2024-03] 04-056-36-000,2024-03,2024,[03] March,"Polillo, Quezon",[1] Operational,,,,,[A] Operational,B,04-056-36-000,Polillo,Quezon,Region IV-A (CALABARZON),Municipality,3rd,R4A,F
[2024-03] 14-081-06-000,2024-03,2024,[03] March,"Pudtol, Apayao",[1] Operational,,,,,[A] Operational,B,14-081-06-000,Pudtol,Apayao,Cordillera Administrative Region (CAR),Municipality,4th,CAR,B
[2024-03] 04-056-37-000,2024-03,2024,[03] March,"Quezon, Quezon",[2] Ongoing Testing and Data Build-up,75%,,,,[B] Developmental,B,04-056-37-000,Quezon,Quezon,Region IV-A (CALABARZON),Municipality,5th,R4A,F
[2024-03] 03-049-23-000,2024-03,2024,[03] March,"Rizal, Nueva Ecija",[1] Operational,,,,,[A] Operational,A,03-049-23-000,Rizal,Nueva Ecija,Region III (Central Luzon),Municipality,2nd,R3,E
[2024-03] 14-011-12-000,2024-03,2024,[03] March,"Sablan, Benguet",[1] Operational,,,,,[A] Operational,A,14-011-12-000,Sablan,Benguet,Cordillera Administrative Region (CAR),Municipality,5th,CAR,B
[2024-03] 04-056-39-000,2024-03,2024,[03] March,"Sampaloc, Quezon",[1] Operational,,,,,[A] Operational,B,04-056-39-000,Sampaloc,Quezon,Region IV-A (CALABARZON),Municipality,5th,R4A,F
[2024-03] 16-003-08-000,2024-03,2024,[03] March,"San Francisco, Agusan del Sur",[1] Operational,,,,,[A] Operational,A,16-003-08-000,San Francisco,Agusan del Sur,Region XIII (Caraga),Municipality,1st,R13,O
[2024-03] 07-022-42-000,2024-03,2024,[03] March,"San Francisco, Cebu",[2] Ongoing Testing and Data Build-up,25%,,,LGU is working out an ordinance for the Working Permit/Occupational Permit,[B] Developmental,B,07-022-42-000,San Francisco,Cebu,Region VII (Central Visayas),Municipality,3rd,R7,J
[2024-03] 11-025-10-000,2024-03,2024,[03] March,"San Isidro, Davao Oriental",[1] Operational,,,,,[A] Operational,B,11-025-10-000,San Isidro,Davao Oriental,Region XI (Davao Region),Municipality,3rd,R11,P
[2024-03] 06-030-40-000,2024-03,2024,[03] March,"San Joaquin, Iloilo",[1] Operational,,,,,[A] Operational,B,06-030-40-000,San Joaquin,Iloilo,Region VI (Western Visayas),Municipality,2nd,R6,I
[2024-03] 17-051-10-000,2024-03,2024,[03] March,"San Jose, Occidental Mindoro",[1] Operational,,,,,[A] Operational,B,17-051-10-000,San Jose,Occidental Mindoro,MIMAROPA Region,Municipality,1st,R4B,G
[2024-03] 04-010-24-000,2024-03,2024,[03] March,"San Luis, Batangas",[1] Operational,,,,,[A] Operational,B,04-010-24-000,San Luis,Batangas,Region IV-A (CALABARZON),Municipality,4th,R4A,F
[2024-03] 03-054-17-000,2024-03,2024,[03] March,"San Luis, Pampanga",[1] Operational,,,,,[A] Operational,A,03-054-17-000,San Luis,Pampanga,Region III (Central Luzon),Municipality,3rd,R3,E
[2024-03] 06-030-41-000,2024-03,2024,[03] March,"San Miguel, Iloilo",[1] Operational,,,,,[A] Operational,B,06-030-41-000,San Miguel,Iloilo,Region VI (Western Visayas),Municipality,4th,R6,I
[2024-03] 04-010-25-000,2024-03,2024,[03] March,"San Nicolas, Batangas",[1] Operational,,,,,[A] Operational,B,04-010-25-000,San Nicolas,Batangas,Region IV-A (CALABARZON),Municipality,5th,R4A,F
[2024-03] 17-052-13-000,2024-03,2024,[03] March,"San Teodoro, Oriental Mindoro",[1] Operational,,,,,[A] Operational,A,17-052-13-000,San Teodoro,Oriental Mindoro,MIMAROPA Region,Municipality,4th,R4B,G
[2024-03] 17-053-19-000,2024-03,2024,[03] March,"San Vicente, Palawan",[2] Ongoing Testing and Data Build-up,50%,,,Waiting for Revision of Ordinance of Fees for Working Permit,[B] Developmental,B,17-053-19-000,San Vicente,Palawan,MIMAROPA Region,Municipality,1st,R4B,G
[2024-03] 03-049-29-000,2024-03,2024,[03] March,"Santo Domingo, Nueva Ecija",[1] Operational,,,,,[A] Operational,A,03-049-29-000,Santo Domingo,Nueva Ecija,Region III (Central Luzon),Municipality,3rd,R3,E
[2024-03] 06-006-16-000,2024-03,2024,[03] March,"Sibalom, Antique",[1] Operational,,,,,[A] Operational,B,06-006-16-000,Sibalom,Antique,Region VI (Western Visayas),Municipality,2nd,R6,I
[2024-03] 07-046-20-000,2024-03,2024,[03] March,"Sibulan, Negros Oriental",[1] Operational,,,,,[A] Operational,B,07-046-20-000,Sibulan,Negros Oriental,Region VII (Central Visayas),Municipality,2nd,R7,J
[2024-03] 04-034-29-000,2024-03,2024,[03] March,"Siniloan, Laguna",[1] Operational,,,,,[A] Operational,B,04-034-29-000,Siniloan,Laguna,Region IV-A (CALABARZON),Municipality,2nd,R4A,F
[2024-03] 11-024-14-000,2024-03,2024,[03] March,"Sulop, Davao del Sur",[2] Ongoing Testing and Data Build-up,100%,,,Still waiting for the LGUs advice on when to implement,[B] Developmental,B,11-024-14-000,Sulop,Davao del Sur,Region XI (Davao Region),Municipality,3rd,R11,P
[2024-03] 03-049-31-000,2024-03,2024,[03] March,"Talugtug, Nueva Ecija",[2] Ongoing Testing and Data Build-up,90%,,,,[B] Developmental,A,03-049-31-000,Talugtug,Nueva Ecija,Region III (Central Luzon),Municipality,4th,R3,E
[2024-03] 04-058-12-000,2024-03,2024,[03] March,"Tanay, Rizal",[2] Ongoing Testing and Data Build-up,80%,,,,[B] Developmental,B,04-058-12-000,Tanay,Rizal,Region IV-A (CALABARZON),Municipality,1st,R4A,F
[2024-03] 06-004-17-000,2024-03,2024,[03] March,"Tangalan, Aklan",[1] Operational,,,,,[A] Operational,A,06-004-17-000,Tangalan,Aklan,Region VI (Western Visayas),Municipality,5th,R6,I
[2024-03] 14-011-13-000,2024-03,2024,[03] March,"Tuba, Benguet",[1] Operational,,,,,[A] Operational,B,14-011-13-000,Tuba,Benguet,Cordillera Administrative Region (CAR),Municipality,1st,CAR,B
[2024-03] 14-011-14-000,2024-03,2024,[03] March,"Tublay, Benguet",[1] Operational,,,,,[A] Operational,B,14-011-14-000,Tublay,Benguet,Cordillera Administrative Region (CAR),Municipality,5th,CAR,B
[2024-03] 07-022-52-000,2024-03,2024,[03] March,"Tuburan, Cebu",[2] Ongoing Testing and Data Build-up,25%,,,On hold data build-up; WP still not in the LGU's ordinance yet. Still deciding if they will continue the WP,[B] Developmental,B,07-022-52-000,Tuburan,Cebu,Region VII (Central Visayas),Municipality,2nd,R7,J
[2024-03] 04-010-34-000,2024-03,2024,[03] March,"Tuy, Batangas",[1] Operational,,,,,[A] Operational,B,04-010-34-000,Tuy,Batangas,Region IV-A (CALABARZON),Municipality,3rd,R4A,F
[2024-04] 17-053-01-000,2024-04,2024,[04] April,"Aborlan, Palawan",[1] Operational,,,,,[A] Operational,B,17-053-01-000,Aborlan,Palawan,MIMAROPA Region,Municipality,1st,R4B,G
[2024-04] 04-056-02-000,2024-04,2024,[04] April,"Alabat, Quezon",[1] Operational,,,,,[A] Operational,A,04-056-02-000,Alabat,Quezon,Region IV-A (CALABARZON),Municipality,5th,R4A,F
[2024-04] 07-022-02-000,2024-04,2024,[04] April,"Alcoy, Cebu",[2] Ongoing Testing and Data Build-up,,,,,[B] Developmental,B,07-022-02-000,Alcoy,Cebu,Region VII (Central Visayas),Municipality,5th,R7,J
[2024-04] 04-021-02-000,2024-04,2024,[04] April,"Amadeo, Cavite",[1] Operational,,,,,[A] Operational,B,04-021-02-000,Amadeo,Cavite,Region IV-A (CALABARZON),Municipality,4th,R4A,F
[2024-04] 12-047-15-000,2024-04,2024,[04] April,"Antipas, Cotabato",[1] Operational,,,,,[A] Operational,B,12-047-15-000,Antipas,Cotabato,Region XII (SOCCSKSARGEN),Municipality,2nd,R12,Q
[2024-04] 03-054-03-000,2024-04,2024,[04] April,"Arayat, Pampanga",[1] Operational,,,,,[A] Operational,A,03-054-03-000,Arayat,Pampanga,Region III (Central Luzon),Municipality,1st,R3,E
[2024-04] 12-065-01-000,2024-04,2024,[04] April,"Bagumbayan, Sultan Kudarat",[1] Operational,,,,,[A] Operational,B,12-065-01-000,Bagumbayan,Sultan Kudarat,Region XII (SOCCSKSARGEN),Municipality,1st,R12,Q
[2024-04] 04-010-03-000,2024-04,2024,[04] April,"Balayan, Batangas",[1] Operational,,,,,[A] Operational,B,04-010-03-000,Balayan,Batangas,Region IV-A (CALABARZON),Municipality,1st,R4A,F
[2024-04] 03-077-01-000,2024-04,2024,[04] April,"Baler, Aurora",[1] Operational,,,,,[A] Operational,A,03-077-01-000,Baler,Aurora,Region III (Central Luzon),Municipality,3rd,R3,E
[2024-04] 11-024-01-000,2024-04,2024,[04] April,"Bansalan, Davao del Sur",[1] Operational,,,,,[A] Operational,B,11-024-01-000,Bansalan,Davao del Sur,Region XI (Davao Region),Municipality,1st,R11,P
[2024-04] 17-052-02-000,2024-04,2024,[04] April,"Bansud, Oriental Mindoro",[1] Operational,,,,,[A] Operational,B,17-052-02-000,Bansud,Oriental Mindoro,MIMAROPA Region,Municipality,2nd,R4B,G
[2024-04] 06-006-02-000,2024-04,2024,[04] April,"Barbaza, Antique",[1] Operational,,,,,[A] Operational,B,06-006-02-000,Barbaza,Antique,Region VI (Western Visayas),Municipality,4th,R6,I
[2024-04] 07-046-05-000,2024-04,2024,[04] April,"Basay, Negros Oriental",[1] Operational,,,,,[A] Operational,B,07-046-05-000,Basay,Negros Oriental,Region VII (Central Visayas),Municipality,4th,R7,J
[2024-04] 14-044-02-000,2024-04,2024,[04] April,"Bauko, Mountain Province",[1] Operational,,,,,[A] Operational,B,14-044-02-000,Bauko,Mountain Province,Cordillera Administrative Region (CAR),Municipality,4th,CAR,B
[2024-04] 14-044-04-000,2024-04,2024,[04] April,"Bontoc, Mountain Province",[1] Operational,,,,,[A] Operational,A,14-044-04-000,Bontoc,Mountain Province,Cordillera Administrative Region (CAR),Municipality,2nd,CAR,B
[2024-04] 02-031-06-000,2024-04,2024,[04] April,"Cabagan, Isabela",[1] Operational,,,,,[A] Operational,B,02-031-06-000,Cabagan,Isabela,Region II (Cagayan Valley),Municipality,1st,R2,D
[2024-04] 01-029-07-000,2024-04,2024,[04] April,"Caoayan, Ilocos Sur",[2] Ongoing Testing and Data Build-up,45%,,,,[B] Developmental,B,01-029-07-000,Caoayan,Ilocos Sur,Region I (Ilocos Region),Municipality,4th,R1,C
[2024-04] 04-058-06-000,2024-04,2024,[04] April,"Cardona, Rizal",[1] Operational,,,,,[A] Operational,B,04-058-06-000,Cardona,Rizal,Region IV-A (CALABARZON),Municipality,3rd,R4A,F
[2024-04] 03-077-02-000,2024-04,2024,[04] April,"Casiguran, Aurora",[2] Ongoing Testing and Data Build-up,65%,,,,[B] Developmental,B,03-077-02-000,Casiguran,Aurora,Region III (Central Luzon),Municipality,2nd,R3,E
[2024-04] 11-025-05-000,2024-04,2024,[04] April,"Cateel, Davao Oriental",[2] Ongoing Testing and Data Build-up,50%,,,LGU asking for training,[B] Developmental,B,11-025-05-000,Cateel,Davao Oriental,Region XI (Davao Region),Municipality,2nd,R11,P
[2024-04] 08-026-04-000,2024-04,2024,[04] April,"City of Borongan, Eastern Samar",[1] Operational,,,,,[A] Operational,A,08-026-04-000,City of Borongan,Eastern Samar,Region VIII (Eastern Visayas),City,1st (as Mun),R8,K
[2024-04] 06-045-10-000,2024-04,2024,[04] April,"City of Himamaylan, Negros Occidental",[1] Operational,,,,,[A] Operational,B,06-045-10-000,City of Himamaylan,Negros Occidental,Region VI (Western Visayas),City,3rd,R6,I
[2024-04] 02-031-14-000,2024-04,2024,[04] April,"City of Ilagan, Isabela",[1] Operational,,,,,[A] Operational,A,02-031-14-000,City of Ilagan,Isabela,Region II (Cagayan Valley),City,1st (as Mun),R2,D
[2024-04] 01-028-12-000,2024-04,2024,[04] April,"City of Laoag, Ilocos Norte",[1] Operational,,,,,[A] Operational,B,01-028-12-000,City of Laoag,Ilocos Norte,Region I (Ilocos Region),City,3rd,R1,C
[2024-04] 03-314-00-000,2024-04,2024,[04] April,"City of Olongapo, Zambales",[2] Ongoing Testing and Data Build-up,65%,,,,[B] Developmental,B,03-314-00-000,City of Olongapo,Zambales,Region III (Central Luzon),City,1st,R3,E
[2024-04] 03-014-20-000,2024-04,2024,[04] April,"City of San Jose Del Monte, Bulacan",[2] Ongoing Testing and Data Build-up,60%,,,,[B] Developmental,B,03-014-20-000,City of San Jose Del Monte,Bulacan,Region III (Central Luzon),City,1st,R3,E
[2024-04] 14-032-13-000,2024-04,2024,[04] April,"City of Tabuk, Kalinga",[1] Operational,,,,,[A] Operational,A,14-032-13-000,City of Tabuk,Kalinga,Cordillera Administrative Region (CAR),City,5th,CAR,B
[2024-04] 10-043-06-000,2024-04,2024,[04] April,"Claveria, Misamis Oriental",[1] Operational,,,,,[A] Operational,A,10-043-06-000,Claveria,Misamis Oriental,Region X (Northern Mindanao),Municipality,1st,R10,N
[2024-04] 12-065-02-000,2024-04,2024,[04] April,"Columbio, Sultan Kudarat",[1] Operational,,,,,[A] Operational,B,12-065-02-000,Columbio,Sultan Kudarat,Region XII (SOCCSKSARGEN),Municipality,1st,R12,Q
[2024-04] 17-053-09-000,2024-04,2024,[04] April,"Coron, Palawan",[1] Operational,,,,,[A] Operational,A,17-053-09-000,Coron,Palawan,MIMAROPA Region,Municipality,1st,R4B,G
[2024-04] 17-053-22-000,2024-04,2024,[04] April,"Culion, Palawan",[1] Operational,,,,,[A] Operational,B,17-053-22-000,Culion,Palawan,MIMAROPA Region,Municipality,3rd,R4B,G
[2024-04] 07-046-09-000,2024-04,2024,[04] April,"Dauin, Negros Oriental",[2] Ongoing Testing and Data Build-up,,,,,[B] Developmental,B,07-046-09-000,Dauin,Negros Oriental,Region VII (Central Visayas),Municipality,4th,R7,J
[2024-04] 17-053-12-000,2024-04,2024,[04] April,"El Nido, Palawan",[1] Operational,,,,,[A] Operational,A,17-053-12-000,El Nido,Palawan,MIMAROPA Region,Municipality,1st,R4B,G
[2024-04] 07-061-01-000,2024-04,2024,[04] April,"Enrique Villanueva, Siquijor",[1] Operational,,,,,[A] Operational,B,07-061-01-000,Enrique Villanueva,Siquijor,Region VII (Central Visayas),Municipality,5th,R7,J
[2024-04] 12-065-03-000,2024-04,2024,[04] April,"Esperanza, Sultan Kudarat",[2] Ongoing Testing and Data Build-up,50%,,,,[B] Developmental,B,12-065-03-000,Esperanza,Sultan Kudarat,Region XII (SOCCSKSARGEN),Municipality,1st,R12,Q
[2024-04] 04-034-08-000,2024-04,2024,[04] April,"Famy, Laguna",[1] Operational,,,,Operational but not utilized,[A] Operational,B,04-034-08-000,Famy,Laguna,Region IV-A (CALABARZON),Municipality,5th,R4A,F
[2024-04] 17-059-16-000,2024-04,2024,[04] April,"Ferrol, Romblon",[1] Operational,,,,,[A] Operational,B,17-059-16-000,Ferrol,Romblon,MIMAROPA Region,Municipality,6th,R4B,G
[2024-04] 04-021-07-000,2024-04,2024,[04] April,"General Emilio Aguinaldo, Cavite",[2] Ongoing Testing and Data Build-up,77%,,,,[B] Developmental,B,04-021-07-000,General Emilio Aguinaldo,Cavite,Region IV-A (CALABARZON),Municipality,5th,R4A,F
[2024-04] 04-056-16-000,2024-04,2024,[04] April,"General Luna, Quezon",[1] Operational,,,,,[A] Operational,A,04-056-16-000,General Luna,Quezon,Region IV-A (CALABARZON),Municipality,4th,R4A,F
[2024-04] 04-056-17-000,2024-04,2024,[04] April,"General Nakar, Quezon",[1] Operational,,,,,[A] Operational,B,04-056-17-000,General Nakar,Quezon,Region IV-A (CALABARZON),Municipality,1st,R4A,F
[2024-04] 17-052-06-000,2024-04,2024,[04] April,"Gloria, Oriental Mindoro",[2] Ongoing Testing and Data Build-up,50%,,,,[B] Developmental,B,17-052-06-000,Gloria,Oriental Mindoro,MIMAROPA Region,Municipality,3rd,R4B,G
[2024-04] 04-056-19-000,2024-04,2024,[04] April,"Gumaca, Quezon",[1] Operational,,,,Operational but not utilized,[A] Operational,B,04-056-19-000,Gumaca,Quezon,Region IV-A (CALABARZON),Municipality,1st,R4A,F
[2024-04] 14-027-02-000,2024-04,2024,[04] April,"Hungduan, Ifugao",[1] Operational,,,,,[A] Operational,B,14-027-02-000,Hungduan,Ifugao,Cordillera Administrative Region (CAR),Municipality,4th,CAR,B
[2024-04] 04-056-20-000,2024-04,2024,[04] April,"Infanta, Quezon",[1] Operational,,,,,[A] Operational,B,04-056-20-000,Infanta,Quezon,Region IV-A (CALABARZON),Municipality,1st,R4A,F
[2024-04] 12-065-04-000,2024-04,2024,[04] April,"Isulan, Sultan Kudarat",[1] Operational,,,,,[A] Operational,B,12-065-04-000,Isulan,Sultan Kudarat,Region XII (SOCCSKSARGEN),Municipality,1st,R12,Q
[2024-04] 10-043-11-000,2024-04,2024,[04] April,"Jasaan, Misamis Oriental",[2] Ongoing Testing and Data Build-up,10%,,Schedule for training,For training on 2024,[B] Developmental,B,10-043-11-000,Jasaan,Misamis Oriental,Region X (Northern Mindanao),Municipality,2nd,R10,N
[2024-04] 12-047-03-000,2024-04,2024,[04] April,"Kabacan, Cotabato",[1] Operational,,,,,[A] Operational,A,12-047-03-000,Kabacan,Cotabato,Region XII (SOCCSKSARGEN),Municipality,1st,R12,Q
[2024-04] 11-082-02-000,2024-04,2024,[04] April,"Laak, Davao de Oro",[1] Operational,,,,,[A] Operational,B,11-082-02-000,Laak,Davao de Oro,Region XI (Davao Region),Municipality,1st,R11,P
[2024-04] 12-065-08-000,2024-04,2024,[04] April,"Lambayong, Sultan Kudarat",[1] Operational,,,,,[A] Operational,B,12-065-08-000,Lambayong,Sultan Kudarat,Region XII (SOCCSKSARGEN),Municipality,2nd,R12,Q
[2024-04] 14-027-05-000,2024-04,2024,[04] April,"Lamut, Ifugao",[1] Operational,,,,,[A] Operational,B,14-027-05-000,Lamut,Ifugao,Cordillera Administrative Region (CAR),Municipality,4th,CAR,B
[2024-04] 16-002-07-000,2024-04,2024,[04] April,"Las Nieves, Agusan del Norte",[1] Operational,,,,,[A] Operational,B,16-002-07-000,Las Nieves,Agusan del Norte,Region XIII (Caraga),Municipality,2nd,R13,O
[2024-04] 06-006-09-000,2024-04,2024,[04] April,"Laua-An, Antique",[1] Operational,,,,,[A] Operational,B,06-006-09-000,Laua-An,Antique,Region VI (Western Visayas),Municipality,4th,R6,I
[2024-04] 12-047-05-000,2024-04,2024,[04] April,"Libungan, Cotabato",[1] Operational,,,,,[A] Operational,B,12-047-05-000,Libungan,Cotabato,Region XII (SOCCSKSARGEN),Municipality,2nd,R12,Q
[2024-04] 04-010-15-000,2024-04,2024,[04] April,"Lobo, Batangas",[1] Operational,,,,,[A] Operational,B,04-010-15-000,Lobo,Batangas,Region IV-A (CALABARZON),Municipality,3rd,R4A,F
[2024-04] 17-051-03-000,2024-04,2024,[04] April,"Looc, Occidental Mindoro",[1] Operational,,,,,[A] Operational,B,17-051-03-000,Looc,Occidental Mindoro,MIMAROPA Region,Municipality,5th,R4B,G
[2024-04] 17-059-07-000,2024-04,2024,[04] April,"Looc, Romblon",[1] Operational,,,,,[A] Operational,B,17-059-07-000,Looc,Romblon,MIMAROPA Region,Municipality,4th,R4B,G
[2024-04] 11-025-07-000,2024-04,2024,[04] April,"Lupon, Davao Oriental",[1] Operational,,,,,[A] Operational,A,11-025-07-000,Lupon,Davao Oriental,Region XI (Davao Region),Municipality,1st,R11,P
[2024-04] 07-046-14-000,2024-04,2024,[04] April,"Mabinay, Negros Oriental",[1] Operational,,,,,[A] Operational,B,07-046-14-000,Mabinay,Negros Oriental,Region VII (Central Visayas),Municipality,1st,R7,J
[2024-04] 03-054-10-000,2024-04,2024,[04] April,"Macabebe, Pampanga",[2] Ongoing Testing and Data Build-up,95%,,,,[B] Developmental,A,03-054-10-000,Macabebe,Pampanga,Region III (Central Luzon),Municipality,1st,R3,E
[2024-04] 07-022-28-000,2024-04,2024,[04] April,"Madridejos, Cebu",[2] Ongoing Testing and Data Build-up,25%,Will implement their WP within the year since their priority this year is to increased their Business Tax; worry that some clients will complain because of the fees if WP ordinance will be push through this year,,Monitor LGU with their business tax update,[B] Developmental,B,07-022-28-000,Madridejos,Cebu,Region VII (Central Visayas),Municipality,4th,R7,J
[2024-04] 03-054-11-000,2024-04,2024,[04] April,"Magalang, Pampanga",[2] Ongoing Testing and Data Build-up,60%,,,,[B] Developmental,B,03-054-11-000,Magalang,Pampanga,Region III (Central Luzon),Municipality,1st,R3,E
[2024-04] 04-021-12-000,2024-04,2024,[04] April,"Magallanes, Cavite",[2] Ongoing Testing and Data Build-up,77%,,,,[B] Developmental,B,04-021-12-000,Magallanes,Cavite,Region IV-A (CALABARZON),Municipality,4th,R4A,F
[2024-04] 06-004-12-000,2024-04,2024,[04] April,"Malay, Aklan",[1] Operational,,,,,[A] Operational,B,06-004-12-000,Malay,Aklan,Region VI (Western Visayas),Municipality,1st,R6,I
[2024-04] 11-025-08-000,2024-04,2024,[04] April,"Manay, Davao Oriental",[1] Operational,,,,,[A] Operational,A,11-025-08-000,Manay,Davao Oriental,Region XI (Davao Region),Municipality,2nd,R11,P
[2024-04] 12-047-08-000,2024-04,2024,[04] April,"Matalam, Cotabato",[1] Operational,,,,,[A] Operational,B,12-047-08-000,Matalam,Cotabato,Region XII (SOCCSKSARGEN),Municipality,1st,R12,Q
[2024-04] 11-082-06-000,2024-04,2024,[04] April,"Mawab, Davao de Oro",[1] Operational,,,,,[A] Operational,B,11-082-06-000,Mawab,Davao de Oro,Region XI (Davao Region),Municipality,3rd,R11,P
[2024-04] 10-043-19-000,2024-04,2024,[04] April,"Medina, Misamis Oriental",[2] Ongoing Testing and Data Build-up,10%,,Schedule for training,For training on 2024,[B] Developmental,B,10-043-19-000,Medina,Misamis Oriental,Region X (Northern Mindanao),Municipality,4th,R10,N
[2024-04] 17-052-08-000,2024-04,2024,[04] April,"Naujan, Oriental Mindoro",[1] Operational,,,,,[A] Operational,B,17-052-08-000,Naujan,Oriental Mindoro,MIMAROPA Region,Municipality,1st,R4B,G
[2024-04] 11-082-10-000,2024-04,2024,[04] April,"New Bataan, Davao de Oro",[2] Ongoing Testing and Data Build-up,75%,,,On going testing/no applicant,[B] Developmental,B,11-082-10-000,New Bataan,Davao de Oro,Region XI (Davao Region),Municipality,1st,R11,P
[2024-04] 04-034-18-000,2024-04,2024,[04] April,"Paete, Laguna",[1] Operational,,,,,[A] Operational,A,04-034-18-000,Paete,Laguna,Region IV-A (CALABARZON),Municipality,4th,R4A,F
[2024-04] 08-037-41-000,2024-04,2024,[04] April,"Pastrana, Leyte",[1] Operational,,,,,[A] Operational,B,08-037-41-000,Pastrana,Leyte,Region VIII (Eastern Visayas),Municipality,5th*,R8,K
[2024-04] 12-047-11-000,2024-04,2024,[04] April,"Pigkawayan, Cotabato",[1] Operational,,,,,[A] Operational,B,12-047-11-000,Pigkawayan,Cotabato,Region XII (SOCCSKSARGEN),Municipality,1st,R12,Q
[2024-04] 12-047-12-000,2024-04,2024,[04] April,"Pikit, Cotabato",[1] Operational,,,,,[A] Operational,B,12-047-12-000,Pikit,Cotabato,Region XII (SOCCSKSARGEN),Municipality,1st,R12,Q
[2024-04] 17-052-09-000,2024-04,2024,[04] April,"Pinamalayan, Oriental Mindoro",[1] Operational,,,,,[A] Operational,A,17-052-09-000,Pinamalayan,Oriental Mindoro,MIMAROPA Region,Municipality,1st,R4B,G
[2024-04] 07-022-37-000,2024-04,2024,[04] April,"Pinamungajan, Cebu",[1] Operational,,,,,[A] Operational,B,07-022-37-000,Pinamungajan,Cebu,Region VII (Central Visayas),Municipality,2nd,R7,J
[2024-04] 04-056-34-000,2024-04,2024,[04] April,"Pitogo, Quezon",[2] Ongoing Testing and Data Build-up,77%,,,,[B] Developmental,B,04-056-34-000,Pitogo,Quezon,Region IV-A (CALABARZON),Municipality,4th,R4A,F
[2024-04] 04-056-36-000,2024-04,2024,[04] April,"Polillo, Quezon",[1] Operational,,,,,[A] Operational,B,04-056-36-000,Polillo,Quezon,Region IV-A (CALABARZON),Municipality,3rd,R4A,F
[2024-04] 14-081-06-000,2024-04,2024,[04] April,"Pudtol, Apayao",[1] Operational,,,,,[A] Operational,B,14-081-06-000,Pudtol,Apayao,Cordillera Administrative Region (CAR),Municipality,4th,CAR,B
[2024-04] 04-056-37-000,2024-04,2024,[04] April,"Quezon, Quezon",[2] Ongoing Testing and Data Build-up,77%,,,,[B] Developmental,B,04-056-37-000,Quezon,Quezon,Region IV-A (CALABARZON),Municipality,5th,R4A,F
[2024-04] 03-049-23-000,2024-04,2024,[04] April,"Rizal, Nueva Ecija",[1] Operational,,,,,[A] Operational,A,03-049-23-000,Rizal,Nueva Ecija,Region III (Central Luzon),Municipality,2nd,R3,E
[2024-04] 14-011-12-000,2024-04,2024,[04] April,"Sablan, Benguet",[1] Operational,,,,,[A] Operational,A,14-011-12-000,Sablan,Benguet,Cordillera Administrative Region (CAR),Municipality,5th,CAR,B
[2024-04] 04-056-39-000,2024-04,2024,[04] April,"Sampaloc, Quezon",[1] Operational,,,,,[A] Operational,B,04-056-39-000,Sampaloc,Quezon,Region IV-A (CALABARZON),Municipality,5th,R4A,F
[2024-04] 16-003-08-000,2024-04,2024,[04] April,"San Francisco, Agusan del Sur",[1] Operational,,,,,[A] Operational,A,16-003-08-000,San Francisco,Agusan del Sur,Region XIII (Caraga),Municipality,1st,R13,O
[2024-04] 07-022-42-000,2024-04,2024,[04] April,"San Francisco, Cebu",[2] Ongoing Testing and Data Build-up,25%,,,LGU is working out an ordinance for the Working Permit/Occupational Permit,[B] Developmental,B,07-022-42-000,San Francisco,Cebu,Region VII (Central Visayas),Municipality,3rd,R7,J
[2024-04] 11-025-10-000,2024-04,2024,[04] April,"San Isidro, Davao Oriental",[1] Operational,,,,,[A] Operational,B,11-025-10-000,San Isidro,Davao Oriental,Region XI (Davao Region),Municipality,3rd,R11,P
[2024-04] 06-030-40-000,2024-04,2024,[04] April,"San Joaquin, Iloilo",[1] Operational,,,,,[A] Operational,B,06-030-40-000,San Joaquin,Iloilo,Region VI (Western Visayas),Municipality,2nd,R6,I
[2024-04] 17-051-10-000,2024-04,2024,[04] April,"San Jose, Occidental Mindoro",[1] Operational,,,,,[A] Operational,B,17-051-10-000,San Jose,Occidental Mindoro,MIMAROPA Region,Municipality,1st,R4B,G
[2024-04] 04-010-24-000,2024-04,2024,[04] April,"San Luis, Batangas",[1] Operational,,,,,[A] Operational,B,04-010-24-000,San Luis,Batangas,Region IV-A (CALABARZON),Municipality,4th,R4A,F
[2024-04] 03-054-17-000,2024-04,2024,[04] April,"San Luis, Pampanga",[1] Operational,,,,,[A] Operational,A,03-054-17-000,San Luis,Pampanga,Region III (Central Luzon),Municipality,3rd,R3,E
[2024-04] 06-030-41-000,2024-04,2024,[04] April,"San Miguel, Iloilo",[1] Operational,,,,,[A] Operational,B,06-030-41-000,San Miguel,Iloilo,Region VI (Western Visayas),Municipality,4th,R6,I
[2024-04] 04-010-25-000,2024-04,2024,[04] April,"San Nicolas, Batangas",[1] Operational,,,,,[A] Operational,B,04-010-25-000,San Nicolas,Batangas,Region IV-A (CALABARZON),Municipality,5th,R4A,F
[2024-04] 17-052-13-000,2024-04,2024,[04] April,"San Teodoro, Oriental Mindoro",[1] Operational,,,,,[A] Operational,A,17-052-13-000,San Teodoro,Oriental Mindoro,MIMAROPA Region,Municipality,4th,R4B,G
[2024-04] 17-053-19-000,2024-04,2024,[04] April,"San Vicente, Palawan",[2] Ongoing Testing and Data Build-up,50%,,,,[B] Developmental,B,17-053-19-000,San Vicente,Palawan,MIMAROPA Region,Municipality,1st,R4B,G
[2024-04] 03-049-29-000,2024-04,2024,[04] April,"Santo Domingo, Nueva Ecija",[1] Operational,,,,,[A] Operational,A,03-049-29-000,Santo Domingo,Nueva Ecija,Region III (Central Luzon),Municipality,3rd,R3,E
[2024-04] 06-006-16-000,2024-04,2024,[04] April,"Sibalom, Antique",[1] Operational,,,,,[A] Operational,B,06-006-16-000,Sibalom,Antique,Region VI (Western Visayas),Municipality,2nd,R6,I
[2024-04] 07-046-20-000,2024-04,2024,[04] April,"Sibulan, Negros Oriental",[1] Operational,,,,,[A] Operational,B,07-046-20-000,Sibulan,Negros Oriental,Region VII (Central Visayas),Municipality,2nd,R7,J
[2024-04] 04-034-29-000,2024-04,2024,[04] April,"Siniloan, Laguna",[1] Operational,,,,,[A] Operational,B,04-034-29-000,Siniloan,Laguna,Region IV-A (CALABARZON),Municipality,2nd,R4A,F
[2024-04] 11-024-14-000,2024-04,2024,[04] April,"Sulop, Davao del Sur",[2] Ongoing Testing and Data Build-up,100%,,,Still waiting for the LGUs advice on when to implement,[B] Developmental,B,11-024-14-000,Sulop,Davao del Sur,Region XI (Davao Region),Municipality,3rd,R11,P
[2024-04] 03-049-31-000,2024-04,2024,[04] April,"Talugtug, Nueva Ecija",[2] Ongoing Testing and Data Build-up,93%,,,,[B] Developmental,A,03-049-31-000,Talugtug,Nueva Ecija,Region III (Central Luzon),Municipality,4th,R3,E
[2024-04] 04-058-12-000,2024-04,2024,[04] April,"Tanay, Rizal",[2] Ongoing Testing and Data Build-up,82%,,,,[B] Developmental,B,04-058-12-000,Tanay,Rizal,Region IV-A (CALABARZON),Municipality,1st,R4A,F
[2024-04] 06-004-17-000,2024-04,2024,[04] April,"Tangalan, Aklan",[1] Operational,,,,,[A] Operational,A,06-004-17-000,Tangalan,Aklan,Region VI (Western Visayas),Municipality,5th,R6,I
[2024-04] 14-011-13-000,2024-04,2024,[04] April,"Tuba, Benguet",[1] Operational,,,,,[A] Operational,B,14-011-13-000,Tuba,Benguet,Cordillera Administrative Region (CAR),Municipality,1st,CAR,B
[2024-04] 14-011-14-000,2024-04,2024,[04] April,"Tublay, Benguet",[1] Operational,,,,,[A] Operational,B,14-011-14-000,Tublay,Benguet,Cordillera Administrative Region (CAR),Municipality,5th,CAR,B
[2024-04] 07-022-52-000,2024-04,2024,[04] April,"Tuburan, Cebu",[2] Ongoing Testing and Data Build-up,25%,,,On hold data build-up; WP still not in the LGU's ordinance yet. Still deciding if they will continue the WP,[B] Developmental,B,07-022-52-000,Tuburan,Cebu,Region VII (Central Visayas),Municipality,2nd,R7,J
[2024-04] 04-010-34-000,2024-04,2024,[04] April,"Tuy, Batangas",[1] Operational,,,,,[A] Operational,B,04-010-34-000,Tuy,Batangas,Region IV-A (CALABARZON),Municipality,3rd,R4A,F
[2024-04] 19-087-13-000,2024-04,2024,[04] April,"Upi, Maguindanao del Norte",[1] Operational,,,,Integrated last April 2024,[A] Operational,B,19-087-13-000,Upi,Maguindanao del Norte,Bangsamoro Autonomous Region In Muslim Mindanao (BARMM),Municipality,1st,BARMM II,R
[2024-05] 17-053-01-000,2024-05,2024,[05] May,"Aborlan, Palawan",[3] With Concerns,,"WP integrated on the system, waiting to complete the LRC to fully adpot and Integrate the system",,"WP integrated on the system, waiting to complete the LRC to fully adpot and Integrate the system",[A] Operational,B,17-053-01-000,Aborlan,Palawan,MIMAROPA Region,Municipality,1st,R4B,G
[2024-05] 04-056-02-000,2024-05,2024,[05] May,"Alabat, Quezon",[1] Operational,,,,,[A] Operational,A,04-056-02-000,Alabat,Quezon,Region IV-A (CALABARZON),Municipality,5th,R4A,F
[2024-05] 07-022-02-000,2024-05,2024,[05] May,"Alcoy, Cebu",[2] Ongoing Testing and Data Build-up,,,,,[B] Developmental,B,07-022-02-000,Alcoy,Cebu,Region VII (Central Visayas),Municipality,5th,R7,J
[2024-05] 04-021-02-000,2024-05,2024,[05] May,"Amadeo, Cavite",[1] Operational,,,,,[A] Operational,B,04-021-02-000,Amadeo,Cavite,Region IV-A (CALABARZON),Municipality,4th,R4A,F
[2024-05] 12-047-15-000,2024-05,2024,[05] May,"Antipas, Cotabato",[1] Operational,,,,,[A] Operational,B,12-047-15-000,Antipas,Cotabato,Region XII (SOCCSKSARGEN),Municipality,2nd,R12,Q
[2024-05] 03-054-03-000,2024-05,2024,[05] May,"Arayat, Pampanga",[1] Operational,,,,,[A] Operational,A,03-054-03-000,Arayat,Pampanga,Region III (Central Luzon),Municipality,1st,R3,E
[2024-05] 17-052-01-000,2024-05,2024,[05] May,"Baco, Oriental Mindoro",[1] Operational,,,,,[A] Operational,B,17-052-01-000,Baco,Oriental Mindoro,MIMAROPA Region,Municipality,3rd,R4B,G
[2024-05] 12-065-01-000,2024-05,2024,[05] May,"Bagumbayan, Sultan Kudarat",[1] Operational,,,,,[A] Operational,B,12-065-01-000,Bagumbayan,Sultan Kudarat,Region XII (SOCCSKSARGEN),Municipality,1st,R12,Q
[2024-05] 04-010-03-000,2024-05,2024,[05] May,"Balayan, Batangas",[1] Operational,,,,,[A] Operational,B,04-010-03-000,Balayan,Batangas,Region IV-A (CALABARZON),Municipality,1st,R4A,F
[2024-05] 03-077-01-000,2024-05,2024,[05] May,"Baler, Aurora",[1] Operational,,,,,[A] Operational,A,03-077-01-000,Baler,Aurora,Region III (Central Luzon),Municipality,3rd,R3,E
[2024-05] 11-024-01-000,2024-05,2024,[05] May,"Bansalan, Davao del Sur",[1] Operational,,,,,[A] Operational,B,11-024-01-000,Bansalan,Davao del Sur,Region XI (Davao Region),Municipality,1st,R11,P
[2024-05] 17-052-02-000,2024-05,2024,[05] May,"Bansud, Oriental Mindoro",[1] Operational,,,,,[A] Operational,B,17-052-02-000,Bansud,Oriental Mindoro,MIMAROPA Region,Municipality,2nd,R4B,G
[2024-05] 06-006-02-000,2024-05,2024,[05] May,"Barbaza, Antique",[1] Operational,,,,,[A] Operational,B,06-006-02-000,Barbaza,Antique,Region VI (Western Visayas),Municipality,4th,R6,I
[2024-05] 07-046-05-000,2024-05,2024,[05] May,"Basay, Negros Oriental",[1] Operational,,,,,[A] Operational,B,07-046-05-000,Basay,Negros Oriental,Region VII (Central Visayas),Municipality,4th,R7,J
[2024-05] 14-044-02-000,2024-05,2024,[05] May,"Bauko, Mountain Province",[1] Operational,,,,,[A] Operational,B,14-044-02-000,Bauko,Mountain Province,Cordillera Administrative Region (CAR),Municipality,4th,CAR,B
[2024-05] 17-052-03-000,2024-05,2024,[05] May,"Bongabong, Oriental Mindoro",[2] Ongoing Testing and Data Build-up,50%,,,,[B] Developmental,B,17-052-03-000,Bongabong,Oriental Mindoro,MIMAROPA Region,Municipality,1st,R4B,G
[2024-05] 14-044-04-000,2024-05,2024,[05] May,"Bontoc, Mountain Province",[1] Operational,,,,,[A] Operational,A,14-044-04-000,Bontoc,Mountain Province,Cordillera Administrative Region (CAR),Municipality,2nd,CAR,B
[2024-05] 02-031-06-000,2024-05,2024,[05] May,"Cabagan, Isabela",[1] Operational,,,,,[A] Operational,B,02-031-06-000,Cabagan,Isabela,Region II (Cagayan Valley),Municipality,1st,R2,D
[2024-05] 01-029-07-000,2024-05,2024,[05] May,"Caoayan, Ilocos Sur",[2] Ongoing Testing and Data Build-up,55%,,,,[B] Developmental,B,01-029-07-000,Caoayan,Ilocos Sur,Region I (Ilocos Region),Municipality,4th,R1,C
[2024-05] 04-058-06-000,2024-05,2024,[05] May,"Cardona, Rizal",[1] Operational,,,,,[A] Operational,B,04-058-06-000,Cardona,Rizal,Region IV-A (CALABARZON),Municipality,3rd,R4A,F
[2024-05] 03-077-02-000,2024-05,2024,[05] May,"Casiguran, Aurora",[2] Ongoing Testing and Data Build-up,70%,,,,[B] Developmental,B,03-077-02-000,Casiguran,Aurora,Region III (Central Luzon),Municipality,2nd,R3,E
[2024-05] 11-025-05-000,2024-05,2024,[05] May,"Cateel, Davao Oriental",[2] Ongoing Testing and Data Build-up,75%,,,,[B] Developmental,B,11-025-05-000,Cateel,Davao Oriental,Region XI (Davao Region),Municipality,2nd,R11,P
[2024-05] 08-026-04-000,2024-05,2024,[05] May,"City of Borongan, Eastern Samar",[1] Operational,,,,,[A] Operational,A,08-026-04-000,City of Borongan,Eastern Samar,Region VIII (Eastern Visayas),City,1st (as Mun),R8,K
[2024-05] 11-024-03-000,2024-05,2024,[05] May,"City of Digos, Davao del Sur",[1] Operational,,,,,[A] Operational,B,11-024-03-000,City of Digos,Davao del Sur,Region XI (Davao Region),City,2nd,R11,P
[2024-05] 06-045-10-000,2024-05,2024,[05] May,"City of Himamaylan, Negros Occidental",[1] Operational,,,,,[A] Operational,B,06-045-10-000,City of Himamaylan,Negros Occidental,Region VI (Western Visayas),City,3rd,R6,I
[2024-05] 02-031-14-000,2024-05,2024,[05] May,"City of Ilagan, Isabela",[1] Operational,,,,,[A] Operational,A,02-031-14-000,City of Ilagan,Isabela,Region II (Cagayan Valley),City,1st (as Mun),R2,D
[2024-05] 01-028-12-000,2024-05,2024,[05] May,"City of Laoag, Ilocos Norte",[1] Operational,,,,,[A] Operational,B,01-028-12-000,City of Laoag,Ilocos Norte,Region I (Ilocos Region),City,3rd,R1,C
[2024-05] 03-314-00-000,2024-05,2024,[05] May,"City of Olongapo, Zambales",[2] Ongoing Testing and Data Build-up,70%,,,,[B] Developmental,B,03-314-00-000,City of Olongapo,Zambales,Region III (Central Luzon),City,1st,R3,E
[2024-05] 03-014-20-000,2024-05,2024,[05] May,"City of San Jose Del Monte, Bulacan",[2] Ongoing Testing and Data Build-up,60%,,,,[B] Developmental,B,03-014-20-000,City of San Jose Del Monte,Bulacan,Region III (Central Luzon),City,1st,R3,E
[2024-05] 14-032-13-000,2024-05,2024,[05] May,"City of Tabuk, Kalinga",[1] Operational,,,,,[A] Operational,A,14-032-13-000,City of Tabuk,Kalinga,Cordillera Administrative Region (CAR),City,5th,CAR,B
[2024-05] 10-043-06-000,2024-05,2024,[05] May,"Claveria, Misamis Oriental",[1] Operational,,,,,[A] Operational,A,10-043-06-000,Claveria,Misamis Oriental,Region X (Northern Mindanao),Municipality,1st,R10,N
[2024-05] 12-065-02-000,2024-05,2024,[05] May,"Columbio, Sultan Kudarat",[1] Operational,,,,,[A] Operational,B,12-065-02-000,Columbio,Sultan Kudarat,Region XII (SOCCSKSARGEN),Municipality,1st,R12,Q
[2024-05] 17-053-09-000,2024-05,2024,[05] May,"Coron, Palawan",[1] Operational,,,,,[A] Operational,A,17-053-09-000,Coron,Palawan,MIMAROPA Region,Municipality,1st,R4B,G
[2024-05] 17-053-22-000,2024-05,2024,[05] May,"Culion, Palawan",[3] With Concerns,,"WP integrated on the system, waiting to complete the updated LRC to fully adpot and Integrate the system",,,[A] Operational,B,17-053-22-000,Culion,Palawan,MIMAROPA Region,Municipality,3rd,R4B,G
[2024-05] 07-046-09-000,2024-05,2024,[05] May,"Dauin, Negros Oriental",[2] Ongoing Testing and Data Build-up,,,,,[B] Developmental,B,07-046-09-000,Dauin,Negros Oriental,Region VII (Central Visayas),Municipality,4th,R7,J
[2024-05] 17-053-12-000,2024-05,2024,[05] May,"El Nido, Palawan",[1] Operational,,,,,[A] Operational,A,17-053-12-000,El Nido,Palawan,MIMAROPA Region,Municipality,1st,R4B,G
[2024-05] 07-061-01-000,2024-05,2024,[05] May,"Enrique Villanueva, Siquijor",[1] Operational,,,,,[A] Operational,B,07-061-01-000,Enrique Villanueva,Siquijor,Region VII (Central Visayas),Municipality,5th,R7,J
[2024-05] 12-065-03-000,2024-05,2024,[05] May,"Esperanza, Sultan Kudarat",[2] Ongoing Testing and Data Build-up,60%,,,,[B] Developmental,B,12-065-03-000,Esperanza,Sultan Kudarat,Region XII (SOCCSKSARGEN),Municipality,1st,R12,Q
[2024-05] 04-034-08-000,2024-05,2024,[05] May,"Famy, Laguna",[1] Operational,,,,Operational but not utilized,[A] Operational,B,04-034-08-000,Famy,Laguna,Region IV-A (CALABARZON),Municipality,5th,R4A,F
[2024-05] 17-059-16-000,2024-05,2024,[05] May,"Ferrol, Romblon",[1] Operational,,,,,[A] Operational,B,17-059-16-000,Ferrol,Romblon,MIMAROPA Region,Municipality,6th,R4B,G
[2024-05] 04-021-07-000,2024-05,2024,[05] May,"General Emilio Aguinaldo, Cavite",[2] Ongoing Testing and Data Build-up,80%,,,,[B] Developmental,B,04-021-07-000,General Emilio Aguinaldo,Cavite,Region IV-A (CALABARZON),Municipality,5th,R4A,F
[2024-05] 04-056-16-000,2024-05,2024,[05] May,"General Luna, Quezon",[1] Operational,,,,,[A] Operational,A,04-056-16-000,General Luna,Quezon,Region IV-A (CALABARZON),Municipality,4th,R4A,F
[2024-05] 04-056-17-000,2024-05,2024,[05] May,"General Nakar, Quezon",[1] Operational,,,,,[A] Operational,B,04-056-17-000,General Nakar,Quezon,Region IV-A (CALABARZON),Municipality,1st,R4A,F
[2024-05] 17-052-06-000,2024-05,2024,[05] May,"Gloria, Oriental Mindoro",[2] Ongoing Testing and Data Build-up,50%,,,,[B] Developmental,B,17-052-06-000,Gloria,Oriental Mindoro,MIMAROPA Region,Municipality,3rd,R4B,G
[2024-05] 04-056-19-000,2024-05,2024,[05] May,"Gumaca, Quezon",[1] Operational,,,,Operational but not utilized,[A] Operational,B,04-056-19-000,Gumaca,Quezon,Region IV-A (CALABARZON),Municipality,1st,R4A,F
[2024-05] 14-027-02-000,2024-05,2024,[05] May,"Hungduan, Ifugao",[1] Operational,,,,,[A] Operational,B,14-027-02-000,Hungduan,Ifugao,Cordillera Administrative Region (CAR),Municipality,4th,CAR,B
[2024-05] 04-056-20-000,2024-05,2024,[05] May,"Infanta, Quezon",[1] Operational,,,,,[A] Operational,B,04-056-20-000,Infanta,Quezon,Region IV-A (CALABARZON),Municipality,1st,R4A,F
[2024-05] 12-065-04-000,2024-05,2024,[05] May,"Isulan, Sultan Kudarat",[1] Operational,,,,,[A] Operational,B,12-065-04-000,Isulan,Sultan Kudarat,Region XII (SOCCSKSARGEN),Municipality,1st,R12,Q
[2024-05] 10-043-11-000,2024-05,2024,[05] May,"Jasaan, Misamis Oriental",[2] Ongoing Testing and Data Build-up,10%,,Schedule for training,For training on 2024,[B] Developmental,B,10-043-11-000,Jasaan,Misamis Oriental,Region X (Northern Mindanao),Municipality,2nd,R10,N
[2024-05] 12-047-03-000,2024-05,2024,[05] May,"Kabacan, Cotabato",[1] Operational,,,,,[A] Operational,A,12-047-03-000,Kabacan,Cotabato,Region XII (SOCCSKSARGEN),Municipality,1st,R12,Q
[2024-05] 11-082-02-000,2024-05,2024,[05] May,"Laak, Davao de Oro",[1] Operational,,,,,[A] Operational,B,11-082-02-000,Laak,Davao de Oro,Region XI (Davao Region),Municipality,1st,R11,P
[2024-05] 12-065-08-000,2024-05,2024,[05] May,"Lambayong, Sultan Kudarat",[1] Operational,,,,,[A] Operational,B,12-065-08-000,Lambayong,Sultan Kudarat,Region XII (SOCCSKSARGEN),Municipality,2nd,R12,Q
[2024-05] 14-027-05-000,2024-05,2024,[05] May,"Lamut, Ifugao",[1] Operational,,,,,[A] Operational,B,14-027-05-000,Lamut,Ifugao,Cordillera Administrative Region (CAR),Municipality,4th,CAR,B
[2024-05] 16-002-07-000,2024-05,2024,[05] May,"Las Nieves, Agusan del Norte",[1] Operational,,,,,[A] Operational,B,16-002-07-000,Las Nieves,Agusan del Norte,Region XIII (Caraga),Municipality,2nd,R13,O
[2024-05] 06-006-09-000,2024-05,2024,[05] May,"Laua-An, Antique",[1] Operational,,,,,[A] Operational,B,06-006-09-000,Laua-An,Antique,Region VI (Western Visayas),Municipality,4th,R6,I
[2024-05] 12-047-05-000,2024-05,2024,[05] May,"Libungan, Cotabato",[1] Operational,,,,,[A] Operational,B,12-047-05-000,Libungan,Cotabato,Region XII (SOCCSKSARGEN),Municipality,2nd,R12,Q
[2024-05] 04-010-15-000,2024-05,2024,[05] May,"Lobo, Batangas",[1] Operational,,,,,[A] Operational,B,04-010-15-000,Lobo,Batangas,Region IV-A (CALABARZON),Municipality,3rd,R4A,F
[2024-05] 17-051-03-000,2024-05,2024,[05] May,"Looc, Occidental Mindoro",[1] Operational,,,,,[A] Operational,B,17-051-03-000,Looc,Occidental Mindoro,MIMAROPA Region,Municipality,5th,R4B,G
[2024-05] 17-059-07-000,2024-05,2024,[05] May,"Looc, Romblon",[1] Operational,,,,,[A] Operational,B,17-059-07-000,Looc,Romblon,MIMAROPA Region,Municipality,4th,R4B,G
[2024-05] 11-025-07-000,2024-05,2024,[05] May,"Lupon, Davao Oriental",[1] Operational,,,,,[A] Operational,A,11-025-07-000,Lupon,Davao Oriental,Region XI (Davao Region),Municipality,1st,R11,P
[2024-05] 07-046-14-000,2024-05,2024,[05] May,"Mabinay, Negros Oriental",[1] Operational,,,,,[A] Operational,B,07-046-14-000,Mabinay,Negros Oriental,Region VII (Central Visayas),Municipality,1st,R7,J
[2024-05] 03-054-10-000,2024-05,2024,[05] May,"Macabebe, Pampanga",[2] Ongoing Testing and Data Build-up,95%,,,,[B] Developmental,A,03-054-10-000,Macabebe,Pampanga,Region III (Central Luzon),Municipality,1st,R3,E
[2024-05] 07-022-28-000,2024-05,2024,[05] May,"Madridejos, Cebu",[2] Ongoing Testing and Data Build-up,25%,Will implement their WP within the year since their priority this year is to increased their Business Tax; worry that some clients will complain because of the fees if WP ordinance will be push through this year,,Monitor LGU with their business tax update,[B] Developmental,B,07-022-28-000,Madridejos,Cebu,Region VII (Central Visayas),Municipality,4th,R7,J
[2024-05] 03-054-11-000,2024-05,2024,[05] May,"Magalang, Pampanga",[2] Ongoing Testing and Data Build-up,60%,,,,[B] Developmental,B,03-054-11-000,Magalang,Pampanga,Region III (Central Luzon),Municipality,1st,R3,E
[2024-05] 04-021-12-000,2024-05,2024,[05] May,"Magallanes, Cavite",[2] Ongoing Testing and Data Build-up,80%,,,,[B] Developmental,B,04-021-12-000,Magallanes,Cavite,Region IV-A (CALABARZON),Municipality,4th,R4A,F
[2024-05] 06-004-12-000,2024-05,2024,[05] May,"Malay, Aklan",[1] Operational,,,,,[A] Operational,B,06-004-12-000,Malay,Aklan,Region VI (Western Visayas),Municipality,1st,R6,I
[2024-05] 11-025-08-000,2024-05,2024,[05] May,"Manay, Davao Oriental",[1] Operational,,,,,[A] Operational,A,11-025-08-000,Manay,Davao Oriental,Region XI (Davao Region),Municipality,2nd,R11,P
[2024-05] 12-047-08-000,2024-05,2024,[05] May,"Matalam, Cotabato",[1] Operational,,,,,[A] Operational,B,12-047-08-000,Matalam,Cotabato,Region XII (SOCCSKSARGEN),Municipality,1st,R12,Q
[2024-05] 11-082-06-000,2024-05,2024,[05] May,"Mawab, Davao de Oro",[1] Operational,,,,,[A] Operational,B,11-082-06-000,Mawab,Davao de Oro,Region XI (Davao Region),Municipality,3rd,R11,P
[2024-05] 10-043-19-000,2024-05,2024,[05] May,"Medina, Misamis Oriental",[2] Ongoing Testing and Data Build-up,10%,,Schedule for training,For training on 2024,[B] Developmental,B,10-043-19-000,Medina,Misamis Oriental,Region X (Northern Mindanao),Municipality,4th,R10,N
[2024-05] 17-052-08-000,2024-05,2024,[05] May,"Naujan, Oriental Mindoro",[1] Operational,,,,,[A] Operational,B,17-052-08-000,Naujan,Oriental Mindoro,MIMAROPA Region,Municipality,1st,R4B,G
[2024-05] 11-082-10-000,2024-05,2024,[05] May,"New Bataan, Davao de Oro",[1] Operational,,,,,[A] Operational,B,11-082-10-000,New Bataan,Davao de Oro,Region XI (Davao Region),Municipality,1st,R11,P
[2024-05] 04-034-18-000,2024-05,2024,[05] May,"Paete, Laguna",[1] Operational,,,,,[A] Operational,A,04-034-18-000,Paete,Laguna,Region IV-A (CALABARZON),Municipality,4th,R4A,F
[2024-05] 08-037-41-000,2024-05,2024,[05] May,"Pastrana, Leyte",[1] Operational,,,,,[A] Operational,B,08-037-41-000,Pastrana,Leyte,Region VIII (Eastern Visayas),Municipality,5th*,R8,K
[2024-05] 12-047-11-000,2024-05,2024,[05] May,"Pigkawayan, Cotabato",[1] Operational,,,,,[A] Operational,B,12-047-11-000,Pigkawayan,Cotabato,Region XII (SOCCSKSARGEN),Municipality,1st,R12,Q
[2024-05] 12-047-12-000,2024-05,2024,[05] May,"Pikit, Cotabato",[1] Operational,,,,,[A] Operational,B,12-047-12-000,Pikit,Cotabato,Region XII (SOCCSKSARGEN),Municipality,1st,R12,Q
[2024-05] 17-052-09-000,2024-05,2024,[05] May,"Pinamalayan, Oriental Mindoro",[1] Operational,,,,,[A] Operational,A,17-052-09-000,Pinamalayan,Oriental Mindoro,MIMAROPA Region,Municipality,1st,R4B,G
[2024-05] 07-022-37-000,2024-05,2024,[05] May,"Pinamungajan, Cebu",[1] Operational,,,,,[A] Operational,B,07-022-37-000,Pinamungajan,Cebu,Region VII (Central Visayas),Municipality,2nd,R7,J
[2024-05] 04-056-34-000,2024-05,2024,[05] May,"Pitogo, Quezon",[2] Ongoing Testing and Data Build-up,80%,,,,[B] Developmental,B,04-056-34-000,Pitogo,Quezon,Region IV-A (CALABARZON),Municipality,4th,R4A,F
[2024-05] 04-056-36-000,2024-05,2024,[05] May,"Polillo, Quezon",[1] Operational,,,,,[A] Operational,B,04-056-36-000,Polillo,Quezon,Region IV-A (CALABARZON),Municipality,3rd,R4A,F
[2024-05] 14-081-06-000,2024-05,2024,[05] May,"Pudtol, Apayao",[1] Operational,,,,,[A] Operational,B,14-081-06-000,Pudtol,Apayao,Cordillera Administrative Region (CAR),Municipality,4th,CAR,B
[2024-05] 04-056-37-000,2024-05,2024,[05] May,"Quezon, Quezon",[2] Ongoing Testing and Data Build-up,80%,,,,[B] Developmental,B,04-056-37-000,Quezon,Quezon,Region IV-A (CALABARZON),Municipality,5th,R4A,F
[2024-05] 03-049-23-000,2024-05,2024,[05] May,"Rizal, Nueva Ecija",[1] Operational,,,,,[A] Operational,A,03-049-23-000,Rizal,Nueva Ecija,Region III (Central Luzon),Municipality,2nd,R3,E
[2024-05] 14-011-12-000,2024-05,2024,[05] May,"Sablan, Benguet",[1] Operational,,,,,[A] Operational,A,14-011-12-000,Sablan,Benguet,Cordillera Administrative Region (CAR),Municipality,5th,CAR,B
[2024-05] 04-056-39-000,2024-05,2024,[05] May,"Sampaloc, Quezon",[1] Operational,,,,,[A] Operational,B,04-056-39-000,Sampaloc,Quezon,Region IV-A (CALABARZON),Municipality,5th,R4A,F
[2024-05] 16-003-08-000,2024-05,2024,[05] May,"San Francisco, Agusan del Sur",[1] Operational,,,,,[A] Operational,A,16-003-08-000,San Francisco,Agusan del Sur,Region XIII (Caraga),Municipality,1st,R13,O
[2024-05] 07-022-42-000,2024-05,2024,[05] May,"San Francisco, Cebu",[2] Ongoing Testing and Data Build-up,25%,,,LGU is working out an ordinance for the Working Permit/Occupational Permit,[B] Developmental,B,07-022-42-000,San Francisco,Cebu,Region VII (Central Visayas),Municipality,3rd,R7,J
[2024-05] 11-025-10-000,2024-05,2024,[05] May,"San Isidro, Davao Oriental",[1] Operational,,,,,[A] Operational,B,11-025-10-000,San Isidro,Davao Oriental,Region XI (Davao Region),Municipality,3rd,R11,P
[2024-05] 06-030-40-000,2024-05,2024,[05] May,"San Joaquin, Iloilo",[1] Operational,,,,,[A] Operational,B,06-030-40-000,San Joaquin,Iloilo,Region VI (Western Visayas),Municipality,2nd,R6,I
[2024-05] 17-051-10-000,2024-05,2024,[05] May,"San Jose, Occidental Mindoro",[1] Operational,,,,,[A] Operational,B,17-051-10-000,San Jose,Occidental Mindoro,MIMAROPA Region,Municipality,1st,R4B,G
[2024-05] 04-010-24-000,2024-05,2024,[05] May,"San Luis, Batangas",[1] Operational,,,,,[A] Operational,B,04-010-24-000,San Luis,Batangas,Region IV-A (CALABARZON),Municipality,4th,R4A,F
[2024-05] 03-054-17-000,2024-05,2024,[05] May,"San Luis, Pampanga",[1] Operational,,,,,[A] Operational,A,03-054-17-000,San Luis,Pampanga,Region III (Central Luzon),Municipality,3rd,R3,E
[2024-05] 06-030-41-000,2024-05,2024,[05] May,"San Miguel, Iloilo",[1] Operational,,,,,[A] Operational,B,06-030-41-000,San Miguel,Iloilo,Region VI (Western Visayas),Municipality,4th,R6,I
[2024-05] 04-010-25-000,2024-05,2024,[05] May,"San Nicolas, Batangas",[1] Operational,,,,,[A] Operational,B,04-010-25-000,San Nicolas,Batangas,Region IV-A (CALABARZON),Municipality,5th,R4A,F
[2024-05] 17-052-13-000,2024-05,2024,[05] May,"San Teodoro, Oriental Mindoro",[1] Operational,,,,,[A] Operational,A,17-052-13-000,San Teodoro,Oriental Mindoro,MIMAROPA Region,Municipality,4th,R4B,G
[2024-05] 17-053-19-000,2024-05,2024,[05] May,"San Vicente, Palawan",[2] Ongoing Testing and Data Build-up,50%,,,"WP integrated on the system, waiting to complete the updated LRC to fully adpot and Integrate the system",[B] Developmental,B,17-053-19-000,San Vicente,Palawan,MIMAROPA Region,Municipality,1st,R4B,G
[2024-05] 03-049-29-000,2024-05,2024,[05] May,"Santo Domingo, Nueva Ecija",[1] Operational,,,,,[A] Operational,A,03-049-29-000,Santo Domingo,Nueva Ecija,Region III (Central Luzon),Municipality,3rd,R3,E
[2024-05] 06-006-16-000,2024-05,2024,[05] May,"Sibalom, Antique",[1] Operational,,,,,[A] Operational,B,06-006-16-000,Sibalom,Antique,Region VI (Western Visayas),Municipality,2nd,R6,I
[2024-05] 07-046-20-000,2024-05,2024,[05] May,"Sibulan, Negros Oriental",[1] Operational,,,,,[A] Operational,B,07-046-20-000,Sibulan,Negros Oriental,Region VII (Central Visayas),Municipality,2nd,R7,J
[2024-05] 04-034-29-000,2024-05,2024,[05] May,"Siniloan, Laguna",[1] Operational,,,,,[A] Operational,B,04-034-29-000,Siniloan,Laguna,Region IV-A (CALABARZON),Municipality,2nd,R4A,F
[2024-05] 11-024-14-000,2024-05,2024,[05] May,"Sulop, Davao del Sur",[2] Ongoing Testing and Data Build-up,100%,,,Still waiting for the LGUs advice on when to implement,[B] Developmental,B,11-024-14-000,Sulop,Davao del Sur,Region XI (Davao Region),Municipality,3rd,R11,P
[2024-05] 03-049-31-000,2024-05,2024,[05] May,"Talugtug, Nueva Ecija",[2] Ongoing Testing and Data Build-up,95%,,,,[B] Developmental,A,03-049-31-000,Talugtug,Nueva Ecija,Region III (Central Luzon),Municipality,4th,R3,E
[2024-05] 04-058-12-000,2024-05,2024,[05] May,"Tanay, Rizal",[2] Ongoing Testing and Data Build-up,85%,,,,[B] Developmental,B,04-058-12-000,Tanay,Rizal,Region IV-A (CALABARZON),Municipality,1st,R4A,F
[2024-05] 06-004-17-000,2024-05,2024,[05] May,"Tangalan, Aklan",[1] Operational,,,,,[A] Operational,A,06-004-17-000,Tangalan,Aklan,Region VI (Western Visayas),Municipality,5th,R6,I
[2024-05] 14-011-13-000,2024-05,2024,[05] May,"Tuba, Benguet",[1] Operational,,,,,[A] Operational,B,14-011-13-000,Tuba,Benguet,Cordillera Administrative Region (CAR),Municipality,1st,CAR,B
[2024-05] 14-011-14-000,2024-05,2024,[05] May,"Tublay, Benguet",[1] Operational,,,,,[A] Operational,B,14-011-14-000,Tublay,Benguet,Cordillera Administrative Region (CAR),Municipality,5th,CAR,B
[2024-05] 07-022-52-000,2024-05,2024,[05] May,"Tuburan, Cebu",[2] Ongoing Testing and Data Build-up,25%,,,On hold data build-up; WP still not in the LGU's ordinance yet. Still deciding if they will continue the WP,[B] Developmental,B,07-022-52-000,Tuburan,Cebu,Region VII (Central Visayas),Municipality,2nd,R7,J
[2024-05] 04-010-34-000,2024-05,2024,[05] May,"Tuy, Batangas",[1] Operational,,,,,[A] Operational,B,04-010-34-000,Tuy,Batangas,Region IV-A (CALABARZON),Municipality,3rd,R4A,F
[2024-05] 19-087-13-000,2024-05,2024,[05] May,"Upi, Maguindanao del Norte",[1] Operational,,,,Integrated last April 2024,[A] Operational,B,19-087-13-000,Upi,Maguindanao del Norte,Bangsamoro Autonomous Region In Muslim Mindanao (BARMM),Municipality,1st,BARMM II,R
[2024-06] 17-053-01-000,2024-06,2024,[06] June,"Aborlan, Palawan",[3] With Concerns,,"WP integrated on the system, waiting to complete the LRC to fully adpot and Integrate the system",,"WP integrated on the system, waiting to complete the LRC to fully adpot and Integrate the system",[A] Operational,B,17-053-01-000,Aborlan,Palawan,MIMAROPA Region,Municipality,1st,R4B,G
[2024-06] 04-056-02-000,2024-06,2024,[06] June,"Alabat, Quezon",[1] Operational,,,,,[A] Operational,A,04-056-02-000,Alabat,Quezon,Region IV-A (CALABARZON),Municipality,5th,R4A,F
[2024-06] 07-022-02-000,2024-06,2024,[06] June,"Alcoy, Cebu",[2] Ongoing Testing and Data Build-up,,,,,[B] Developmental,B,07-022-02-000,Alcoy,Cebu,Region VII (Central Visayas),Municipality,5th,R7,J
[2024-06] 04-021-02-000,2024-06,2024,[06] June,"Amadeo, Cavite",[1] Operational,,,,,[A] Operational,B,04-021-02-000,Amadeo,Cavite,Region IV-A (CALABARZON),Municipality,4th,R4A,F
[2024-06] 12-047-15-000,2024-06,2024,[06] June,"Antipas, Cotabato",[1] Operational,,,,,[A] Operational,B,12-047-15-000,Antipas,Cotabato,Region XII (SOCCSKSARGEN),Municipality,2nd,R12,Q
[2024-06] 03-054-03-000,2024-06,2024,[06] June,"Arayat, Pampanga",[1] Operational,,,,,[A] Operational,A,03-054-03-000,Arayat,Pampanga,Region III (Central Luzon),Municipality,1st,R3,E
[2024-06] 17-052-01-000,2024-06,2024,[06] June,"Baco, Oriental Mindoro",[1] Operational,,,,,[A] Operational,B,17-052-01-000,Baco,Oriental Mindoro,MIMAROPA Region,Municipality,3rd,R4B,G
[2024-06] 12-065-01-000,2024-06,2024,[06] June,"Bagumbayan, Sultan Kudarat",[1] Operational,,,,,[A] Operational,B,12-065-01-000,Bagumbayan,Sultan Kudarat,Region XII (SOCCSKSARGEN),Municipality,1st,R12,Q
[2024-06] 04-010-03-000,2024-06,2024,[06] June,"Balayan, Batangas",[1] Operational,,,,,[A] Operational,B,04-010-03-000,Balayan,Batangas,Region IV-A (CALABARZON),Municipality,1st,R4A,F
[2024-06] 03-077-01-000,2024-06,2024,[06] June,"Baler, Aurora",[1] Operational,,,,,[A] Operational,A,03-077-01-000,Baler,Aurora,Region III (Central Luzon),Municipality,3rd,R3,E
[2024-06] 11-024-01-000,2024-06,2024,[06] June,"Bansalan, Davao del Sur",[1] Operational,,,,,[A] Operational,B,11-024-01-000,Bansalan,Davao del Sur,Region XI (Davao Region),Municipality,1st,R11,P
[2024-06] 17-052-02-000,2024-06,2024,[06] June,"Bansud, Oriental Mindoro",[1] Operational,,,,,[A] Operational,B,17-052-02-000,Bansud,Oriental Mindoro,MIMAROPA Region,Municipality,2nd,R4B,G
[2024-06] 06-006-02-000,2024-06,2024,[06] June,"Barbaza, Antique",[1] Operational,,,,,[A] Operational,B,06-006-02-000,Barbaza,Antique,Region VI (Western Visayas),Municipality,4th,R6,I
[2024-06] 07-046-05-000,2024-06,2024,[06] June,"Basay, Negros Oriental",[1] Operational,,,,,[A] Operational,B,07-046-05-000,Basay,Negros Oriental,Region VII (Central Visayas),Municipality,4th,R7,J
[2024-06] 14-044-02-000,2024-06,2024,[06] June,"Bauko, Mountain Province",[1] Operational,,,,,[A] Operational,B,14-044-02-000,Bauko,Mountain Province,Cordillera Administrative Region (CAR),Municipality,4th,CAR,B
[2024-06] 17-052-03-000,2024-06,2024,[06] June,"Bongabong, Oriental Mindoro",[2] Ongoing Testing and Data Build-up,50%,,,,[B] Developmental,B,17-052-03-000,Bongabong,Oriental Mindoro,MIMAROPA Region,Municipality,1st,R4B,G
[2024-06] 14-044-04-000,2024-06,2024,[06] June,"Bontoc, Mountain Province",[1] Operational,,,,,[A] Operational,A,14-044-04-000,Bontoc,Mountain Province,Cordillera Administrative Region (CAR),Municipality,2nd,CAR,B
[2024-06] 02-031-06-000,2024-06,2024,[06] June,"Cabagan, Isabela",[1] Operational,,,,,[A] Operational,B,02-031-06-000,Cabagan,Isabela,Region II (Cagayan Valley),Municipality,1st,R2,D
[2024-06] 01-029-07-000,2024-06,2024,[06] June,"Caoayan, Ilocos Sur",[2] Ongoing Testing and Data Build-up,55%,,,,[B] Developmental,B,01-029-07-000,Caoayan,Ilocos Sur,Region I (Ilocos Region),Municipality,4th,R1,C
[2024-06] 04-058-06-000,2024-06,2024,[06] June,"Cardona, Rizal",[1] Operational,,,,,[A] Operational,B,04-058-06-000,Cardona,Rizal,Region IV-A (CALABARZON),Municipality,3rd,R4A,F
[2024-06] 03-077-02-000,2024-06,2024,[06] June,"Casiguran, Aurora",[2] Ongoing Testing and Data Build-up,70%,,,,[B] Developmental,B,03-077-02-000,Casiguran,Aurora,Region III (Central Luzon),Municipality,2nd,R3,E
[2024-06] 11-025-05-000,2024-06,2024,[06] June,"Cateel, Davao Oriental",[2] Ongoing Testing and Data Build-up,100%,,,Waiting for the actual transaction,[B] Developmental,B,11-025-05-000,Cateel,Davao Oriental,Region XI (Davao Region),Municipality,2nd,R11,P
[2024-06] 08-026-04-000,2024-06,2024,[06] June,"City of Borongan, Eastern Samar",[1] Operational,,,,,[A] Operational,A,08-026-04-000,City of Borongan,Eastern Samar,Region VIII (Eastern Visayas),City,1st (as Mun),R8,K
[2024-06] 11-024-03-000,2024-06,2024,[06] June,"City of Digos, Davao del Sur",[1] Operational,,,,,[A] Operational,B,11-024-03-000,City of Digos,Davao del Sur,Region XI (Davao Region),City,2nd,R11,P
[2024-06] 06-045-10-000,2024-06,2024,[06] June,"City of Himamaylan, Negros Occidental",[1] Operational,,,,,[A] Operational,B,06-045-10-000,City of Himamaylan,Negros Occidental,Region VI (Western Visayas),City,3rd,R6,I
[2024-06] 02-031-14-000,2024-06,2024,[06] June,"City of Ilagan, Isabela",[1] Operational,,,,,[A] Operational,A,02-031-14-000,City of Ilagan,Isabela,Region II (Cagayan Valley),City,1st (as Mun),R2,D
[2024-06] 01-028-12-000,2024-06,2024,[06] June,"City of Laoag, Ilocos Norte",[1] Operational,,,,,[A] Operational,B,01-028-12-000,City of Laoag,Ilocos Norte,Region I (Ilocos Region),City,3rd,R1,C
[2024-06] 03-314-00-000,2024-06,2024,[06] June,"City of Olongapo, Zambales",[2] Ongoing Testing and Data Build-up,70%,,,,[B] Developmental,B,03-314-00-000,City of Olongapo,Zambales,Region III (Central Luzon),City,1st,R3,E
[2024-06] 03-014-20-000,2024-06,2024,[06] June,"City of San Jose Del Monte, Bulacan",[2] Ongoing Testing and Data Build-up,60%,,,,[B] Developmental,B,03-014-20-000,City of San Jose Del Monte,Bulacan,Region III (Central Luzon),City,1st,R3,E
[2024-06] 14-032-13-000,2024-06,2024,[06] June,"City of Tabuk, Kalinga",[1] Operational,,,,,[A] Operational,A,14-032-13-000,City of Tabuk,Kalinga,Cordillera Administrative Region (CAR),City,5th,CAR,B
[2024-06] 10-043-06-000,2024-06,2024,[06] June,"Claveria, Misamis Oriental",[1] Operational,,,,,[A] Operational,A,10-043-06-000,Claveria,Misamis Oriental,Region X (Northern Mindanao),Municipality,1st,R10,N
[2024-06] 12-065-02-000,2024-06,2024,[06] June,"Columbio, Sultan Kudarat",[1] Operational,,,,,[A] Operational,B,12-065-02-000,Columbio,Sultan Kudarat,Region XII (SOCCSKSARGEN),Municipality,1st,R12,Q
[2024-06] 17-053-09-000,2024-06,2024,[06] June,"Coron, Palawan",[1] Operational,,,,,[A] Operational,A,17-053-09-000,Coron,Palawan,MIMAROPA Region,Municipality,1st,R4B,G
[2024-06] 17-053-22-000,2024-06,2024,[06] June,"Culion, Palawan",[3] With Concerns,,"WP integrated on the system, waiting to complete the updated LRC to fully adpot and Integrate the system",,"WP integrated on the system, waiting to complete the updated LRC to fully adpot and Integrate the system",[A] Operational,B,17-053-22-000,Culion,Palawan,MIMAROPA Region,Municipality,3rd,R4B,G
[2024-06] 07-046-09-000,2024-06,2024,[06] June,"Dauin, Negros Oriental",[2] Ongoing Testing and Data Build-up,,,,,[B] Developmental,B,07-046-09-000,Dauin,Negros Oriental,Region VII (Central Visayas),Municipality,4th,R7,J
[2024-06] 17-053-12-000,2024-06,2024,[06] June,"El Nido, Palawan",[1] Operational,,,,,[A] Operational,A,17-053-12-000,El Nido,Palawan,MIMAROPA Region,Municipality,1st,R4B,G
[2024-06] 07-061-01-000,2024-06,2024,[06] June,"Enrique Villanueva, Siquijor",[1] Operational,,,,,[A] Operational,B,07-061-01-000,Enrique Villanueva,Siquijor,Region VII (Central Visayas),Municipality,5th,R7,J
[2024-06] 12-065-03-000,2024-06,2024,[06] June,"Esperanza, Sultan Kudarat",[2] Ongoing Testing and Data Build-up,65%,,,,[B] Developmental,B,12-065-03-000,Esperanza,Sultan Kudarat,Region XII (SOCCSKSARGEN),Municipality,1st,R12,Q
[2024-06] 04-034-08-000,2024-06,2024,[06] June,"Famy, Laguna",[1] Operational,,,,Operational but not utilized,[A] Operational,B,04-034-08-000,Famy,Laguna,Region IV-A (CALABARZON),Municipality,5th,R4A,F
[2024-06] 17-059-16-000,2024-06,2024,[06] June,"Ferrol, Romblon",[1] Operational,,,,,[A] Operational,B,17-059-16-000,Ferrol,Romblon,MIMAROPA Region,Municipality,6th,R4B,G
[2024-06] 04-021-07-000,2024-06,2024,[06] June,"General Emilio Aguinaldo, Cavite",[2] Ongoing Testing and Data Build-up,85%,,,,[B] Developmental,B,04-021-07-000,General Emilio Aguinaldo,Cavite,Region IV-A (CALABARZON),Municipality,5th,R4A,F
[2024-06] 04-056-16-000,2024-06,2024,[06] June,"General Luna, Quezon",[1] Operational,,,,,[A] Operational,A,04-056-16-000,General Luna,Quezon,Region IV-A (CALABARZON),Municipality,4th,R4A,F
[2024-06] 04-056-17-000,2024-06,2024,[06] June,"General Nakar, Quezon",[1] Operational,,,,,[A] Operational,B,04-056-17-000,General Nakar,Quezon,Region IV-A (CALABARZON),Municipality,1st,R4A,F
[2024-06] 17-052-06-000,2024-06,2024,[06] June,"Gloria, Oriental Mindoro",[2] Ongoing Testing and Data Build-up,50%,,,,[B] Developmental,B,17-052-06-000,Gloria,Oriental Mindoro,MIMAROPA Region,Municipality,3rd,R4B,G
[2024-06] 04-056-19-000,2024-06,2024,[06] June,"Gumaca, Quezon",[1] Operational,,,,Operational but not utilized,[A] Operational,B,04-056-19-000,Gumaca,Quezon,Region IV-A (CALABARZON),Municipality,1st,R4A,F
[2024-06] 14-027-02-000,2024-06,2024,[06] June,"Hungduan, Ifugao",[1] Operational,,,,,[A] Operational,B,14-027-02-000,Hungduan,Ifugao,Cordillera Administrative Region (CAR),Municipality,4th,CAR,B
[2024-06] 04-056-20-000,2024-06,2024,[06] June,"Infanta, Quezon",[1] Operational,,,,,[A] Operational,B,04-056-20-000,Infanta,Quezon,Region IV-A (CALABARZON),Municipality,1st,R4A,F
[2024-06] 12-065-04-000,2024-06,2024,[06] June,"Isulan, Sultan Kudarat",[1] Operational,,,,,[A] Operational,B,12-065-04-000,Isulan,Sultan Kudarat,Region XII (SOCCSKSARGEN),Municipality,1st,R12,Q
[2024-06] 10-043-11-000,2024-06,2024,[06] June,"Jasaan, Misamis Oriental",[2] Ongoing Testing and Data Build-up,10%,,Schedule for training,For training on 2024,[B] Developmental,B,10-043-11-000,Jasaan,Misamis Oriental,Region X (Northern Mindanao),Municipality,2nd,R10,N
[2024-06] 12-047-03-000,2024-06,2024,[06] June,"Kabacan, Cotabato",[1] Operational,,,,,[A] Operational,A,12-047-03-000,Kabacan,Cotabato,Region XII (SOCCSKSARGEN),Municipality,1st,R12,Q
[2024-06] 11-082-02-000,2024-06,2024,[06] June,"Laak, Davao de Oro",[1] Operational,,,,,[A] Operational,B,11-082-02-000,Laak,Davao de Oro,Region XI (Davao Region),Municipality,1st,R11,P
[2024-06] 12-065-08-000,2024-06,2024,[06] June,"Lambayong, Sultan Kudarat",[1] Operational,,,,,[A] Operational,B,12-065-08-000,Lambayong,Sultan Kudarat,Region XII (SOCCSKSARGEN),Municipality,2nd,R12,Q
[2024-06] 14-027-05-000,2024-06,2024,[06] June,"Lamut, Ifugao",[1] Operational,,,,,[A] Operational,B,14-027-05-000,Lamut,Ifugao,Cordillera Administrative Region (CAR),Municipality,4th,CAR,B
[2024-06] 16-002-07-000,2024-06,2024,[06] June,"Las Nieves, Agusan del Norte",[1] Operational,,,,,[A] Operational,B,16-002-07-000,Las Nieves,Agusan del Norte,Region XIII (Caraga),Municipality,2nd,R13,O
[2024-06] 06-006-09-000,2024-06,2024,[06] June,"Laua-An, Antique",[1] Operational,,,,,[A] Operational,B,06-006-09-000,Laua-An,Antique,Region VI (Western Visayas),Municipality,4th,R6,I
[2024-06] 12-047-05-000,2024-06,2024,[06] June,"Libungan, Cotabato",[1] Operational,,,,,[A] Operational,B,12-047-05-000,Libungan,Cotabato,Region XII (SOCCSKSARGEN),Municipality,2nd,R12,Q
[2024-06] 04-010-15-000,2024-06,2024,[06] June,"Lobo, Batangas",[1] Operational,,,,,[A] Operational,B,04-010-15-000,Lobo,Batangas,Region IV-A (CALABARZON),Municipality,3rd,R4A,F
[2024-06] 17-051-03-000,2024-06,2024,[06] June,"Looc, Occidental Mindoro",[1] Operational,,,,,[A] Operational,B,17-051-03-000,Looc,Occidental Mindoro,MIMAROPA Region,Municipality,5th,R4B,G
[2024-06] 17-059-07-000,2024-06,2024,[06] June,"Looc, Romblon",[1] Operational,,,,,[A] Operational,B,17-059-07-000,Looc,Romblon,MIMAROPA Region,Municipality,4th,R4B,G
[2024-06] 11-025-07-000,2024-06,2024,[06] June,"Lupon, Davao Oriental",[1] Operational,,,,,[A] Operational,A,11-025-07-000,Lupon,Davao Oriental,Region XI (Davao Region),Municipality,1st,R11,P
[2024-06] 07-046-14-000,2024-06,2024,[06] June,"Mabinay, Negros Oriental",[1] Operational,,,,,[A] Operational,B,07-046-14-000,Mabinay,Negros Oriental,Region VII (Central Visayas),Municipality,1st,R7,J
[2024-06] 03-054-10-000,2024-06,2024,[06] June,"Macabebe, Pampanga",[2] Ongoing Testing and Data Build-up,95%,,,,[B] Developmental,A,03-054-10-000,Macabebe,Pampanga,Region III (Central Luzon),Municipality,1st,R3,E
[2024-06] 07-022-28-000,2024-06,2024,[06] June,"Madridejos, Cebu",[2] Ongoing Testing and Data Build-up,,,,,[B] Developmental,B,07-022-28-000,Madridejos,Cebu,Region VII (Central Visayas),Municipality,4th,R7,J
[2024-06] 03-054-11-000,2024-06,2024,[06] June,"Magalang, Pampanga",[2] Ongoing Testing and Data Build-up,60%,,,,[B] Developmental,B,03-054-11-000,Magalang,Pampanga,Region III (Central Luzon),Municipality,1st,R3,E
[2024-06] 04-021-12-000,2024-06,2024,[06] June,"Magallanes, Cavite",[2] Ongoing Testing and Data Build-up,85%,,,,[B] Developmental,B,04-021-12-000,Magallanes,Cavite,Region IV-A (CALABARZON),Municipality,4th,R4A,F
[2024-06] 06-004-12-000,2024-06,2024,[06] June,"Malay, Aklan",[1] Operational,,,,,[A] Operational,B,06-004-12-000,Malay,Aklan,Region VI (Western Visayas),Municipality,1st,R6,I
[2024-06] 11-025-08-000,2024-06,2024,[06] June,"Manay, Davao Oriental",[1] Operational,,,,,[A] Operational,A,11-025-08-000,Manay,Davao Oriental,Region XI (Davao Region),Municipality,2nd,R11,P
[2024-06] 12-047-08-000,2024-06,2024,[06] June,"Matalam, Cotabato",[1] Operational,,,,,[A] Operational,B,12-047-08-000,Matalam,Cotabato,Region XII (SOCCSKSARGEN),Municipality,1st,R12,Q
[2024-06] 11-082-06-000,2024-06,2024,[06] June,"Mawab, Davao de Oro",[1] Operational,,,,,[A] Operational,B,11-082-06-000,Mawab,Davao de Oro,Region XI (Davao Region),Municipality,3rd,R11,P
[2024-06] 10-043-19-000,2024-06,2024,[06] June,"Medina, Misamis Oriental",[2] Ongoing Testing and Data Build-up,10%,,Schedule for training,For training on 2024,[B] Developmental,B,10-043-19-000,Medina,Misamis Oriental,Region X (Northern Mindanao),Municipality,4th,R10,N
[2024-06] 17-052-08-000,2024-06,2024,[06] June,"Naujan, Oriental Mindoro",[1] Operational,,,,,[A] Operational,B,17-052-08-000,Naujan,Oriental Mindoro,MIMAROPA Region,Municipality,1st,R4B,G
[2024-06] 11-082-10-000,2024-06,2024,[06] June,"New Bataan, Davao de Oro",[1] Operational,,,,,[A] Operational,B,11-082-10-000,New Bataan,Davao de Oro,Region XI (Davao Region),Municipality,1st,R11,P
[2024-06] 04-034-18-000,2024-06,2024,[06] June,"Paete, Laguna",[1] Operational,,,,,[A] Operational,A,04-034-18-000,Paete,Laguna,Region IV-A (CALABARZON),Municipality,4th,R4A,F
[2024-06] 08-037-41-000,2024-06,2024,[06] June,"Pastrana, Leyte",[1] Operational,,,,,[A] Operational,B,08-037-41-000,Pastrana,Leyte,Region VIII (Eastern Visayas),Municipality,5th*,R8,K
[2024-06] 12-047-11-000,2024-06,2024,[06] June,"Pigkawayan, Cotabato",[1] Operational,,,,,[A] Operational,B,12-047-11-000,Pigkawayan,Cotabato,Region XII (SOCCSKSARGEN),Municipality,1st,R12,Q
[2024-06] 12-047-12-000,2024-06,2024,[06] June,"Pikit, Cotabato",[1] Operational,,,,,[A] Operational,B,12-047-12-000,Pikit,Cotabato,Region XII (SOCCSKSARGEN),Municipality,1st,R12,Q
[2024-06] 17-052-09-000,2024-06,2024,[06] June,"Pinamalayan, Oriental Mindoro",[1] Operational,,,,,[A] Operational,A,17-052-09-000,Pinamalayan,Oriental Mindoro,MIMAROPA Region,Municipality,1st,R4B,G
[2024-06] 07-022-37-000,2024-06,2024,[06] June,"Pinamungajan, Cebu",[1] Operational,,,,,[A] Operational,B,07-022-37-000,Pinamungajan,Cebu,Region VII (Central Visayas),Municipality,2nd,R7,J
[2024-06] 04-056-34-000,2024-06,2024,[06] June,"Pitogo, Quezon",[2] Ongoing Testing and Data Build-up,85%,,,,[B] Developmental,B,04-056-34-000,Pitogo,Quezon,Region IV-A (CALABARZON),Municipality,4th,R4A,F
[2024-06] 04-056-36-000,2024-06,2024,[06] June,"Polillo, Quezon",[1] Operational,,,,,[A] Operational,B,04-056-36-000,Polillo,Quezon,Region IV-A (CALABARZON),Municipality,3rd,R4A,F
[2024-06] 14-081-06-000,2024-06,2024,[06] June,"Pudtol, Apayao",[1] Operational,,,,,[A] Operational,B,14-081-06-000,Pudtol,Apayao,Cordillera Administrative Region (CAR),Municipality,4th,CAR,B
[2024-06] 04-056-37-000,2024-06,2024,[06] June,"Quezon, Quezon",[2] Ongoing Testing and Data Build-up,85%,,,,[B] Developmental,B,04-056-37-000,Quezon,Quezon,Region IV-A (CALABARZON),Municipality,5th,R4A,F
[2024-06] 03-049-23-000,2024-06,2024,[06] June,"Rizal, Nueva Ecija",[1] Operational,,,,,[A] Operational,A,03-049-23-000,Rizal,Nueva Ecija,Region III (Central Luzon),Municipality,2nd,R3,E
[2024-06] 14-011-12-000,2024-06,2024,[06] June,"Sablan, Benguet",[1] Operational,,,,,[A] Operational,A,14-011-12-000,Sablan,Benguet,Cordillera Administrative Region (CAR),Municipality,5th,CAR,B
[2024-06] 04-056-39-000,2024-06,2024,[06] June,"Sampaloc, Quezon",[1] Operational,,,,,[A] Operational,B,04-056-39-000,Sampaloc,Quezon,Region IV-A (CALABARZON),Municipality,5th,R4A,F
[2024-06] 16-003-08-000,2024-06,2024,[06] June,"San Francisco, Agusan del Sur",[1] Operational,,,,,[A] Operational,A,16-003-08-000,San Francisco,Agusan del Sur,Region XIII (Caraga),Municipality,1st,R13,O
[2024-06] 07-022-42-000,2024-06,2024,[06] June,"San Francisco, Cebu",[2] Ongoing Testing and Data Build-up,,,,,[B] Developmental,B,07-022-42-000,San Francisco,Cebu,Region VII (Central Visayas),Municipality,3rd,R7,J
[2024-06] 11-025-10-000,2024-06,2024,[06] June,"San Isidro, Davao Oriental",[1] Operational,,,,,[A] Operational,B,11-025-10-000,San Isidro,Davao Oriental,Region XI (Davao Region),Municipality,3rd,R11,P
[2024-06] 06-030-40-000,2024-06,2024,[06] June,"San Joaquin, Iloilo",[1] Operational,,,,,[A] Operational,B,06-030-40-000,San Joaquin,Iloilo,Region VI (Western Visayas),Municipality,2nd,R6,I
[2024-06] 17-051-10-000,2024-06,2024,[06] June,"San Jose, Occidental Mindoro",[1] Operational,,,,,[A] Operational,B,17-051-10-000,San Jose,Occidental Mindoro,MIMAROPA Region,Municipality,1st,R4B,G
[2024-06] 04-010-24-000,2024-06,2024,[06] June,"San Luis, Batangas",[1] Operational,,,,,[A] Operational,B,04-010-24-000,San Luis,Batangas,Region IV-A (CALABARZON),Municipality,4th,R4A,F
[2024-06] 03-054-17-000,2024-06,2024,[06] June,"San Luis, Pampanga",[1] Operational,,,,,[A] Operational,A,03-054-17-000,San Luis,Pampanga,Region III (Central Luzon),Municipality,3rd,R3,E
[2024-06] 06-030-41-000,2024-06,2024,[06] June,"San Miguel, Iloilo",[1] Operational,,,,,[A] Operational,B,06-030-41-000,San Miguel,Iloilo,Region VI (Western Visayas),Municipality,4th,R6,I
[2024-06] 04-010-25-000,2024-06,2024,[06] June,"San Nicolas, Batangas",[1] Operational,,,,,[A] Operational,B,04-010-25-000,San Nicolas,Batangas,Region IV-A (CALABARZON),Municipality,5th,R4A,F
[2024-06] 17-052-13-000,2024-06,2024,[06] June,"San Teodoro, Oriental Mindoro",[1] Operational,,,,,[A] Operational,A,17-052-13-000,San Teodoro,Oriental Mindoro,MIMAROPA Region,Municipality,4th,R4B,G
[2024-06] 17-053-19-000,2024-06,2024,[06] June,"San Vicente, Palawan",[2] Ongoing Testing and Data Build-up,50%,,,"WP integrated on the system, waiting to complete the updated LRC to fully adpot and Integrate the system",[B] Developmental,B,17-053-19-000,San Vicente,Palawan,MIMAROPA Region,Municipality,1st,R4B,G
[2024-06] 03-049-29-000,2024-06,2024,[06] June,"Santo Domingo, Nueva Ecija",[1] Operational,,,,,[A] Operational,A,03-049-29-000,Santo Domingo,Nueva Ecija,Region III (Central Luzon),Municipality,3rd,R3,E
[2024-06] 06-006-16-000,2024-06,2024,[06] June,"Sibalom, Antique",[1] Operational,,,,,[A] Operational,B,06-006-16-000,Sibalom,Antique,Region VI (Western Visayas),Municipality,2nd,R6,I
[2024-06] 07-046-20-000,2024-06,2024,[06] June,"Sibulan, Negros Oriental",[1] Operational,,,,,[A] Operational,B,07-046-20-000,Sibulan,Negros Oriental,Region VII (Central Visayas),Municipality,2nd,R7,J
[2024-06] 04-034-29-000,2024-06,2024,[06] June,"Siniloan, Laguna",[1] Operational,,,,,[A] Operational,B,04-034-29-000,Siniloan,Laguna,Region IV-A (CALABARZON),Municipality,2nd,R4A,F
[2024-06] 11-024-14-000,2024-06,2024,[06] June,"Sulop, Davao del Sur",[2] Ongoing Testing and Data Build-up,100%,,,Waiting for the actual transaction,[B] Developmental,B,11-024-14-000,Sulop,Davao del Sur,Region XI (Davao Region),Municipality,3rd,R11,P
[2024-06] 03-049-31-000,2024-06,2024,[06] June,"Talugtug, Nueva Ecija",[2] Ongoing Testing and Data Build-up,95%,,,,[B] Developmental,A,03-049-31-000,Talugtug,Nueva Ecija,Region III (Central Luzon),Municipality,4th,R3,E
[2024-06] 04-058-12-000,2024-06,2024,[06] June,"Tanay, Rizal",[2] Ongoing Testing and Data Build-up,85%,,,,[B] Developmental,B,04-058-12-000,Tanay,Rizal,Region IV-A (CALABARZON),Municipality,1st,R4A,F
[2024-06] 06-004-17-000,2024-06,2024,[06] June,"Tangalan, Aklan",[1] Operational,,,,,[A] Operational,A,06-004-17-000,Tangalan,Aklan,Region VI (Western Visayas),Municipality,5th,R6,I
[2024-06] 14-011-13-000,2024-06,2024,[06] June,"Tuba, Benguet",[1] Operational,,,,,[A] Operational,B,14-011-13-000,Tuba,Benguet,Cordillera Administrative Region (CAR),Municipality,1st,CAR,B
[2024-06] 14-011-14-000,2024-06,2024,[06] June,"Tublay, Benguet",[1] Operational,,,,,[A] Operational,B,14-011-14-000,Tublay,Benguet,Cordillera Administrative Region (CAR),Municipality,5th,CAR,B
[2024-06] 07-022-52-000,2024-06,2024,[06] June,"Tuburan, Cebu",[2] Ongoing Testing and Data Build-up,,,,,[B] Developmental,B,07-022-52-000,Tuburan,Cebu,Region VII (Central Visayas),Municipality,2nd,R7,J
[2024-06] 04-010-34-000,2024-06,2024,[06] June,"Tuy, Batangas",[1] Operational,,,,,[A] Operational,B,04-010-34-000,Tuy,Batangas,Region IV-A (CALABARZON),Municipality,3rd,R4A,F
[2024-06] 19-087-13-000,2024-06,2024,[06] June,"Upi, Maguindanao del Norte",[1] Operational,,,,,[A] Operational,B,19-087-13-000,Upi,Maguindanao del Norte,Bangsamoro Autonomous Region In Muslim Mindanao (BARMM),Municipality,1st,BARMM II,R
[2024-07] 17-053-01-000,2024-07,2024,[07] July,"Aborlan, Palawan",[3] With Concerns,,"WP integrated on the system, waiting to complete the LRC to fully adpot and Integrate the system",,"WP integrated on the system, waiting to complete the LRC to fully adpot and Integrate the system",[A] Operational,B,17-053-01-000,Aborlan,Palawan,MIMAROPA Region,Municipality,1st,R4B,G
[2024-07] 04-056-02-000,2024-07,2024,[07] July,"Alabat, Quezon",[1] Operational,,,,,[A] Operational,A,04-056-02-000,Alabat,Quezon,Region IV-A (CALABARZON),Municipality,5th,R4A,F
[2024-07] 07-022-02-000,2024-07,2024,[07] July,"Alcoy, Cebu",[2] Ongoing Testing and Data Build-up,,,,,[B] Developmental,B,07-022-02-000,Alcoy,Cebu,Region VII (Central Visayas),Municipality,5th,R7,J
[2024-07] 04-021-02-000,2024-07,2024,[07] July,"Amadeo, Cavite",[1] Operational,,,,,[A] Operational,B,04-021-02-000,Amadeo,Cavite,Region IV-A (CALABARZON),Municipality,4th,R4A,F
[2024-07] 12-047-15-000,2024-07,2024,[07] July,"Antipas, Cotabato",[1] Operational,,,,,[A] Operational,B,12-047-15-000,Antipas,Cotabato,Region XII (SOCCSKSARGEN),Municipality,2nd,R12,Q
[2024-07] 03-054-03-000,2024-07,2024,[07] July,"Arayat, Pampanga",[1] Operational,,,,,[A] Operational,A,03-054-03-000,Arayat,Pampanga,Region III (Central Luzon),Municipality,1st,R3,E
[2024-07] 17-052-01-000,2024-07,2024,[07] July,"Baco, Oriental Mindoro",[1] Operational,,,,,[A] Operational,B,17-052-01-000,Baco,Oriental Mindoro,MIMAROPA Region,Municipality,3rd,R4B,G
[2024-07] 12-065-01-000,2024-07,2024,[07] July,"Bagumbayan, Sultan Kudarat",[1] Operational,,,,,[A] Operational,B,12-065-01-000,Bagumbayan,Sultan Kudarat,Region XII (SOCCSKSARGEN),Municipality,1st,R12,Q
[2024-07] 04-010-03-000,2024-07,2024,[07] July,"Balayan, Batangas",[1] Operational,,,,,[A] Operational,B,04-010-03-000,Balayan,Batangas,Region IV-A (CALABARZON),Municipality,1st,R4A,F
[2024-07] 03-077-01-000,2024-07,2024,[07] July,"Baler, Aurora",[1] Operational,,,,,[A] Operational,A,03-077-01-000,Baler,Aurora,Region III (Central Luzon),Municipality,3rd,R3,E
[2024-07] 11-024-01-000,2024-07,2024,[07] July,"Bansalan, Davao del Sur",[1] Operational,,,,,[A] Operational,B,11-024-01-000,Bansalan,Davao del Sur,Region XI (Davao Region),Municipality,1st,R11,P
[2024-07] 17-052-02-000,2024-07,2024,[07] July,"Bansud, Oriental Mindoro",[1] Operational,,,,,[A] Operational,B,17-052-02-000,Bansud,Oriental Mindoro,MIMAROPA Region,Municipality,2nd,R4B,G
[2024-07] 06-006-02-000,2024-07,2024,[07] July,"Barbaza, Antique",[1] Operational,,,,,[A] Operational,B,06-006-02-000,Barbaza,Antique,Region VI (Western Visayas),Municipality,4th,R6,I
[2024-07] 07-046-05-000,2024-07,2024,[07] July,"Basay, Negros Oriental",[1] Operational,,,,,[A] Operational,B,07-046-05-000,Basay,Negros Oriental,Region VII (Central Visayas),Municipality,4th,R7,J
[2024-07] 14-044-02-000,2024-07,2024,[07] July,"Bauko, Mountain Province",[1] Operational,,,,,[A] Operational,B,14-044-02-000,Bauko,Mountain Province,Cordillera Administrative Region (CAR),Municipality,4th,CAR,B
[2024-07] 17-052-03-000,2024-07,2024,[07] July,"Bongabong, Oriental Mindoro",[2] Ongoing Testing and Data Build-up,50%,,,,[B] Developmental,B,17-052-03-000,Bongabong,Oriental Mindoro,MIMAROPA Region,Municipality,1st,R4B,G
[2024-07] 14-044-04-000,2024-07,2024,[07] July,"Bontoc, Mountain Province",[1] Operational,,,,,[A] Operational,A,14-044-04-000,Bontoc,Mountain Province,Cordillera Administrative Region (CAR),Municipality,2nd,CAR,B
[2024-07] 02-031-06-000,2024-07,2024,[07] July,"Cabagan, Isabela",[1] Operational,,,,,[A] Operational,B,02-031-06-000,Cabagan,Isabela,Region II (Cagayan Valley),Municipality,1st,R2,D
[2024-07] 01-029-07-000,2024-07,2024,[07] July,"Caoayan, Ilocos Sur",[2] Ongoing Testing and Data Build-up,60%,,,,[B] Developmental,B,01-029-07-000,Caoayan,Ilocos Sur,Region I (Ilocos Region),Municipality,4th,R1,C
[2024-07] 04-058-06-000,2024-07,2024,[07] July,"Cardona, Rizal",[1] Operational,,,,,[A] Operational,B,04-058-06-000,Cardona,Rizal,Region IV-A (CALABARZON),Municipality,3rd,R4A,F
[2024-07] 03-077-02-000,2024-07,2024,[07] July,"Casiguran, Aurora",[2] Ongoing Testing and Data Build-up,75%,,,,[B] Developmental,B,03-077-02-000,Casiguran,Aurora,Region III (Central Luzon),Municipality,2nd,R3,E
[2024-07] 11-025-05-000,2024-07,2024,[07] July,"Cateel, Davao Oriental",[2] Ongoing Testing and Data Build-up,100%,,,Waiting for the actual transaction,[B] Developmental,B,11-025-05-000,Cateel,Davao Oriental,Region XI (Davao Region),Municipality,2nd,R11,P
[2024-07] 08-026-04-000,2024-07,2024,[07] July,"City of Borongan, Eastern Samar",[1] Operational,,,,,[A] Operational,A,08-026-04-000,City of Borongan,Eastern Samar,Region VIII (Eastern Visayas),City,1st (as Mun),R8,K
[2024-07] 11-024-03-000,2024-07,2024,[07] July,"City of Digos, Davao del Sur",[1] Operational,,,,,[A] Operational,B,11-024-03-000,City of Digos,Davao del Sur,Region XI (Davao Region),City,2nd,R11,P
[2024-07] 06-045-10-000,2024-07,2024,[07] July,"City of Himamaylan, Negros Occidental",[1] Operational,,,,,[A] Operational,B,06-045-10-000,City of Himamaylan,Negros Occidental,Region VI (Western Visayas),City,3rd,R6,I
[2024-07] 02-031-14-000,2024-07,2024,[07] July,"City of Ilagan, Isabela",[1] Operational,,,,,[A] Operational,A,02-031-14-000,City of Ilagan,Isabela,Region II (Cagayan Valley),City,1st (as Mun),R2,D
[2024-07] 01-028-12-000,2024-07,2024,[07] July,"City of Laoag, Ilocos Norte",[1] Operational,,,,,[A] Operational,B,01-028-12-000,City of Laoag,Ilocos Norte,Region I (Ilocos Region),City,3rd,R1,C
[2024-07] 03-314-00-000,2024-07,2024,[07] July,"City of Olongapo, Zambales",[2] Ongoing Testing and Data Build-up,72%,,,,[B] Developmental,B,03-314-00-000,City of Olongapo,Zambales,Region III (Central Luzon),City,1st,R3,E
[2024-07] 03-014-20-000,2024-07,2024,[07] July,"City of San Jose Del Monte, Bulacan",[2] Ongoing Testing and Data Build-up,60%,,intended to withdraw,,[B] Developmental,B,03-014-20-000,City of San Jose Del Monte,Bulacan,Region III (Central Luzon),City,1st,R3,E
[2024-07] 14-032-13-000,2024-07,2024,[07] July,"City of Tabuk, Kalinga",[1] Operational,,,,,[A] Operational,A,14-032-13-000,City of Tabuk,Kalinga,Cordillera Administrative Region (CAR),City,5th,CAR,B
[2024-07] 10-043-06-000,2024-07,2024,[07] July,"Claveria, Misamis Oriental",[1] Operational,,,,,[A] Operational,A,10-043-06-000,Claveria,Misamis Oriental,Region X (Northern Mindanao),Municipality,1st,R10,N
[2024-07] 12-065-02-000,2024-07,2024,[07] July,"Columbio, Sultan Kudarat",[1] Operational,,,,,[A] Operational,B,12-065-02-000,Columbio,Sultan Kudarat,Region XII (SOCCSKSARGEN),Municipality,1st,R12,Q
[2024-07] 17-053-09-000,2024-07,2024,[07] July,"Coron, Palawan",[1] Operational,,,,,[A] Operational,A,17-053-09-000,Coron,Palawan,MIMAROPA Region,Municipality,1st,R4B,G
[2024-07] 17-053-22-000,2024-07,2024,[07] July,"Culion, Palawan",[3] With Concerns,,"WP integrated on the system, waiting to complete the updated LRC to fully adpot and Integrate the system",,"WP integrated on the system, waiting to complete the updated LRC to fully adpot and Integrate the system",[A] Operational,B,17-053-22-000,Culion,Palawan,MIMAROPA Region,Municipality,3rd,R4B,G
[2024-07] 07-046-09-000,2024-07,2024,[07] July,"Dauin, Negros Oriental",[2] Ongoing Testing and Data Build-up,,,,,[B] Developmental,B,07-046-09-000,Dauin,Negros Oriental,Region VII (Central Visayas),Municipality,4th,R7,J
[2024-07] 17-053-12-000,2024-07,2024,[07] July,"El Nido, Palawan",[1] Operational,,,,,[A] Operational,A,17-053-12-000,El Nido,Palawan,MIMAROPA Region,Municipality,1st,R4B,G
[2024-07] 07-061-01-000,2024-07,2024,[07] July,"Enrique Villanueva, Siquijor",[1] Operational,,,,,[A] Operational,B,07-061-01-000,Enrique Villanueva,Siquijor,Region VII (Central Visayas),Municipality,5th,R7,J
[2024-07] 12-065-03-000,2024-07,2024,[07] July,"Esperanza, Sultan Kudarat",[2] Ongoing Testing and Data Build-up,70%,,,,[B] Developmental,B,12-065-03-000,Esperanza,Sultan Kudarat,Region XII (SOCCSKSARGEN),Municipality,1st,R12,Q
[2024-07] 04-034-08-000,2024-07,2024,[07] July,"Famy, Laguna",[1] Operational,,,,Operational but not utilized,[A] Operational,B,04-034-08-000,Famy,Laguna,Region IV-A (CALABARZON),Municipality,5th,R4A,F
[2024-07] 17-059-16-000,2024-07,2024,[07] July,"Ferrol, Romblon",[1] Operational,,,,,[A] Operational,B,17-059-16-000,Ferrol,Romblon,MIMAROPA Region,Municipality,6th,R4B,G
[2024-07] 04-021-07-000,2024-07,2024,[07] July,"General Emilio Aguinaldo, Cavite",[2] Ongoing Testing and Data Build-up,88%,,,,[B] Developmental,B,04-021-07-000,General Emilio Aguinaldo,Cavite,Region IV-A (CALABARZON),Municipality,5th,R4A,F
[2024-07] 04-056-16-000,2024-07,2024,[07] July,"General Luna, Quezon",[1] Operational,,,,,[A] Operational,A,04-056-16-000,General Luna,Quezon,Region IV-A (CALABARZON),Municipality,4th,R4A,F
[2024-07] 04-056-17-000,2024-07,2024,[07] July,"General Nakar, Quezon",[1] Operational,,,,,[A] Operational,B,04-056-17-000,General Nakar,Quezon,Region IV-A (CALABARZON),Municipality,1st,R4A,F
[2024-07] 17-052-06-000,2024-07,2024,[07] July,"Gloria, Oriental Mindoro",[2] Ongoing Testing and Data Build-up,50%,,,,[B] Developmental,B,17-052-06-000,Gloria,Oriental Mindoro,MIMAROPA Region,Municipality,3rd,R4B,G
[2024-07] 04-056-19-000,2024-07,2024,[07] July,"Gumaca, Quezon",[1] Operational,,,,Operational but not utilized,[A] Operational,B,04-056-19-000,Gumaca,Quezon,Region IV-A (CALABARZON),Municipality,1st,R4A,F
[2024-07] 14-027-02-000,2024-07,2024,[07] July,"Hungduan, Ifugao",[1] Operational,,,,,[A] Operational,B,14-027-02-000,Hungduan,Ifugao,Cordillera Administrative Region (CAR),Municipality,4th,CAR,B
[2024-07] 04-056-20-000,2024-07,2024,[07] July,"Infanta, Quezon",[1] Operational,,,,,[A] Operational,B,04-056-20-000,Infanta,Quezon,Region IV-A (CALABARZON),Municipality,1st,R4A,F
[2024-07] 12-065-04-000,2024-07,2024,[07] July,"Isulan, Sultan Kudarat",[1] Operational,,,,,[A] Operational,B,12-065-04-000,Isulan,Sultan Kudarat,Region XII (SOCCSKSARGEN),Municipality,1st,R12,Q
[2024-07] 10-043-11-000,2024-07,2024,[07] July,"Jasaan, Misamis Oriental",[2] Ongoing Testing and Data Build-up,10%,,Schedule for training,For training on 2024,[B] Developmental,B,10-043-11-000,Jasaan,Misamis Oriental,Region X (Northern Mindanao),Municipality,2nd,R10,N
[2024-07] 12-047-03-000,2024-07,2024,[07] July,"Kabacan, Cotabato",[1] Operational,,,,,[A] Operational,A,12-047-03-000,Kabacan,Cotabato,Region XII (SOCCSKSARGEN),Municipality,1st,R12,Q
[2024-07] 11-082-02-000,2024-07,2024,[07] July,"Laak, Davao de Oro",[1] Operational,,,,,[A] Operational,B,11-082-02-000,Laak,Davao de Oro,Region XI (Davao Region),Municipality,1st,R11,P
[2024-07] 12-065-08-000,2024-07,2024,[07] July,"Lambayong, Sultan Kudarat",[1] Operational,,,,,[A] Operational,B,12-065-08-000,Lambayong,Sultan Kudarat,Region XII (SOCCSKSARGEN),Municipality,2nd,R12,Q
[2024-07] 14-027-05-000,2024-07,2024,[07] July,"Lamut, Ifugao",[1] Operational,,,,,[A] Operational,B,14-027-05-000,Lamut,Ifugao,Cordillera Administrative Region (CAR),Municipality,4th,CAR,B
[2024-07] 16-002-07-000,2024-07,2024,[07] July,"Las Nieves, Agusan del Norte",[1] Operational,,,,,[A] Operational,B,16-002-07-000,Las Nieves,Agusan del Norte,Region XIII (Caraga),Municipality,2nd,R13,O
[2024-07] 06-006-09-000,2024-07,2024,[07] July,"Laua-An, Antique",[1] Operational,,,,,[A] Operational,B,06-006-09-000,Laua-An,Antique,Region VI (Western Visayas),Municipality,4th,R6,I
[2024-07] 12-047-05-000,2024-07,2024,[07] July,"Libungan, Cotabato",[1] Operational,,,,,[A] Operational,B,12-047-05-000,Libungan,Cotabato,Region XII (SOCCSKSARGEN),Municipality,2nd,R12,Q
[2024-07] 04-010-15-000,2024-07,2024,[07] July,"Lobo, Batangas",[1] Operational,,,,,[A] Operational,B,04-010-15-000,Lobo,Batangas,Region IV-A (CALABARZON),Municipality,3rd,R4A,F
[2024-07] 17-051-03-000,2024-07,2024,[07] July,"Looc, Occidental Mindoro",[1] Operational,,,,,[A] Operational,B,17-051-03-000,Looc,Occidental Mindoro,MIMAROPA Region,Municipality,5th,R4B,G
[2024-07] 17-059-07-000,2024-07,2024,[07] July,"Looc, Romblon",[1] Operational,,,,,[A] Operational,B,17-059-07-000,Looc,Romblon,MIMAROPA Region,Municipality,4th,R4B,G
[2024-07] 11-025-07-000,2024-07,2024,[07] July,"Lupon, Davao Oriental",[1] Operational,,,,,[A] Operational,A,11-025-07-000,Lupon,Davao Oriental,Region XI (Davao Region),Municipality,1st,R11,P
[2024-07] 07-046-14-000,2024-07,2024,[07] July,"Mabinay, Negros Oriental",[1] Operational,,,,,[A] Operational,B,07-046-14-000,Mabinay,Negros Oriental,Region VII (Central Visayas),Municipality,1st,R7,J
[2024-07] 03-054-10-000,2024-07,2024,[07] July,"Macabebe, Pampanga",[2] Ongoing Testing and Data Build-up,96%,,,,[B] Developmental,A,03-054-10-000,Macabebe,Pampanga,Region III (Central Luzon),Municipality,1st,R3,E
[2024-07] 07-022-28-000,2024-07,2024,[07] July,"Madridejos, Cebu",[2] Ongoing Testing and Data Build-up,,,,,[B] Developmental,B,07-022-28-000,Madridejos,Cebu,Region VII (Central Visayas),Municipality,4th,R7,J
[2024-07] 03-054-11-000,2024-07,2024,[07] July,"Magalang, Pampanga",[2] Ongoing Testing and Data Build-up,65%,,,,[B] Developmental,B,03-054-11-000,Magalang,Pampanga,Region III (Central Luzon),Municipality,1st,R3,E
[2024-07] 04-021-12-000,2024-07,2024,[07] July,"Magallanes, Cavite",[2] Ongoing Testing and Data Build-up,88%,,,,[B] Developmental,B,04-021-12-000,Magallanes,Cavite,Region IV-A (CALABARZON),Municipality,4th,R4A,F
[2024-07] 06-004-12-000,2024-07,2024,[07] July,"Malay, Aklan",[1] Operational,,,,,[A] Operational,B,06-004-12-000,Malay,Aklan,Region VI (Western Visayas),Municipality,1st,R6,I
[2024-07] 11-025-08-000,2024-07,2024,[07] July,"Manay, Davao Oriental",[1] Operational,,,,,[A] Operational,A,11-025-08-000,Manay,Davao Oriental,Region XI (Davao Region),Municipality,2nd,R11,P
[2024-07] 12-047-08-000,2024-07,2024,[07] July,"Matalam, Cotabato",[1] Operational,,,,,[A] Operational,B,12-047-08-000,Matalam,Cotabato,Region XII (SOCCSKSARGEN),Municipality,1st,R12,Q
[2024-07] 11-082-06-000,2024-07,2024,[07] July,"Mawab, Davao de Oro",[1] Operational,,,,,[A] Operational,B,11-082-06-000,Mawab,Davao de Oro,Region XI (Davao Region),Municipality,3rd,R11,P
[2024-07] 10-043-19-000,2024-07,2024,[07] July,"Medina, Misamis Oriental",[2] Ongoing Testing and Data Build-up,10%,,Schedule for training,For training on 2024,[B] Developmental,B,10-043-19-000,Medina,Misamis Oriental,Region X (Northern Mindanao),Municipality,4th,R10,N
[2024-07] 17-052-08-000,2024-07,2024,[07] July,"Naujan, Oriental Mindoro",[1] Operational,,,,,[A] Operational,B,17-052-08-000,Naujan,Oriental Mindoro,MIMAROPA Region,Municipality,1st,R4B,G
[2024-07] 11-082-10-000,2024-07,2024,[07] July,"New Bataan, Davao de Oro",[1] Operational,,,,,[A] Operational,B,11-082-10-000,New Bataan,Davao de Oro,Region XI (Davao Region),Municipality,1st,R11,P
[2024-07] 04-034-18-000,2024-07,2024,[07] July,"Paete, Laguna",[1] Operational,,,,,[A] Operational,A,04-034-18-000,Paete,Laguna,Region IV-A (CALABARZON),Municipality,4th,R4A,F
[2024-07] 19-087-09-000,2024-07,2024,[07] July,"Parang, Maguindanao del Norte",[1] Operational,,,,,[A] Operational,B,19-087-09-000,Parang,Maguindanao del Norte,Bangsamoro Autonomous Region In Muslim Mindanao (BARMM),Municipality,1st*,BARMM II,R
[2024-07] 08-037-41-000,2024-07,2024,[07] July,"Pastrana, Leyte",[1] Operational,,,,,[A] Operational,B,08-037-41-000,Pastrana,Leyte,Region VIII (Eastern Visayas),Municipality,5th*,R8,K
[2024-07] 12-047-11-000,2024-07,2024,[07] July,"Pigkawayan, Cotabato",[1] Operational,,,,,[A] Operational,B,12-047-11-000,Pigkawayan,Cotabato,Region XII (SOCCSKSARGEN),Municipality,1st,R12,Q
[2024-07] 12-047-12-000,2024-07,2024,[07] July,"Pikit, Cotabato",[1] Operational,,,,,[A] Operational,B,12-047-12-000,Pikit,Cotabato,Region XII (SOCCSKSARGEN),Municipality,1st,R12,Q
[2024-07] 17-052-09-000,2024-07,2024,[07] July,"Pinamalayan, Oriental Mindoro",[1] Operational,,,,,[A] Operational,A,17-052-09-000,Pinamalayan,Oriental Mindoro,MIMAROPA Region,Municipality,1st,R4B,G
[2024-07] 07-022-37-000,2024-07,2024,[07] July,"Pinamungajan, Cebu",[1] Operational,,,,,[A] Operational,B,07-022-37-000,Pinamungajan,Cebu,Region VII (Central Visayas),Municipality,2nd,R7,J
[2024-07] 04-056-34-000,2024-07,2024,[07] July,"Pitogo, Quezon",[2] Ongoing Testing and Data Build-up,88%,,,,[B] Developmental,B,04-056-34-000,Pitogo,Quezon,Region IV-A (CALABARZON),Municipality,4th,R4A,F
[2024-07] 04-056-36-000,2024-07,2024,[07] July,"Polillo, Quezon",[1] Operational,,,,,[A] Operational,B,04-056-36-000,Polillo,Quezon,Region IV-A (CALABARZON),Municipality,3rd,R4A,F
[2024-07] 14-081-06-000,2024-07,2024,[07] July,"Pudtol, Apayao",[1] Operational,,,,,[A] Operational,B,14-081-06-000,Pudtol,Apayao,Cordillera Administrative Region (CAR),Municipality,4th,CAR,B
[2024-07] 04-056-37-000,2024-07,2024,[07] July,"Quezon, Quezon",[2] Ongoing Testing and Data Build-up,88%,,,,[B] Developmental,B,04-056-37-000,Quezon,Quezon,Region IV-A (CALABARZON),Municipality,5th,R4A,F
[2024-07] 03-049-23-000,2024-07,2024,[07] July,"Rizal, Nueva Ecija",[1] Operational,,,,,[A] Operational,A,03-049-23-000,Rizal,Nueva Ecija,Region III (Central Luzon),Municipality,2nd,R3,E
[2024-07] 14-011-12-000,2024-07,2024,[07] July,"Sablan, Benguet",[1] Operational,,,,,[A] Operational,A,14-011-12-000,Sablan,Benguet,Cordillera Administrative Region (CAR),Municipality,5th,CAR,B
[2024-07] 04-056-39-000,2024-07,2024,[07] July,"Sampaloc, Quezon",[1] Operational,,,,,[A] Operational,B,04-056-39-000,Sampaloc,Quezon,Region IV-A (CALABARZON),Municipality,5th,R4A,F
[2024-07] 16-003-08-000,2024-07,2024,[07] July,"San Francisco, Agusan del Sur",[1] Operational,,,,,[A] Operational,A,16-003-08-000,San Francisco,Agusan del Sur,Region XIII (Caraga),Municipality,1st,R13,O
[2024-07] 07-022-42-000,2024-07,2024,[07] July,"San Francisco, Cebu",[2] Ongoing Testing and Data Build-up,,,,,[B] Developmental,B,07-022-42-000,San Francisco,Cebu,Region VII (Central Visayas),Municipality,3rd,R7,J
[2024-07] 11-025-10-000,2024-07,2024,[07] July,"San Isidro, Davao Oriental",[1] Operational,,,,,[A] Operational,B,11-025-10-000,San Isidro,Davao Oriental,Region XI (Davao Region),Municipality,3rd,R11,P
[2024-07] 06-030-40-000,2024-07,2024,[07] July,"San Joaquin, Iloilo",[1] Operational,,,,,[A] Operational,B,06-030-40-000,San Joaquin,Iloilo,Region VI (Western Visayas),Municipality,2nd,R6,I
[2024-07] 17-051-10-000,2024-07,2024,[07] July,"San Jose, Occidental Mindoro",[1] Operational,,,,,[A] Operational,B,17-051-10-000,San Jose,Occidental Mindoro,MIMAROPA Region,Municipality,1st,R4B,G
[2024-07] 04-010-24-000,2024-07,2024,[07] July,"San Luis, Batangas",[1] Operational,,,,,[A] Operational,B,04-010-24-000,San Luis,Batangas,Region IV-A (CALABARZON),Municipality,4th,R4A,F
[2024-07] 03-054-17-000,2024-07,2024,[07] July,"San Luis, Pampanga",[1] Operational,,,,,[A] Operational,A,03-054-17-000,San Luis,Pampanga,Region III (Central Luzon),Municipality,3rd,R3,E
[2024-07] 06-030-41-000,2024-07,2024,[07] July,"San Miguel, Iloilo",[1] Operational,,,,,[A] Operational,B,06-030-41-000,San Miguel,Iloilo,Region VI (Western Visayas),Municipality,4th,R6,I
[2024-07] 04-010-25-000,2024-07,2024,[07] July,"San Nicolas, Batangas",[1] Operational,,,,,[A] Operational,B,04-010-25-000,San Nicolas,Batangas,Region IV-A (CALABARZON),Municipality,5th,R4A,F
[2024-07] 17-052-13-000,2024-07,2024,[07] July,"San Teodoro, Oriental Mindoro",[1] Operational,,,,,[A] Operational,A,17-052-13-000,San Teodoro,Oriental Mindoro,MIMAROPA Region,Municipality,4th,R4B,G
[2024-07] 17-053-19-000,2024-07,2024,[07] July,"San Vicente, Palawan",[2] Ongoing Testing and Data Build-up,50%,,,"WP integrated on the system, waiting to complete the updated LRC to fully adpot and Integrate the system",[B] Developmental,B,17-053-19-000,San Vicente,Palawan,MIMAROPA Region,Municipality,1st,R4B,G
[2024-07] 03-049-29-000,2024-07,2024,[07] July,"Santo Domingo, Nueva Ecija",[1] Operational,,,,,[A] Operational,A,03-049-29-000,Santo Domingo,Nueva Ecija,Region III (Central Luzon),Municipality,3rd,R3,E
[2024-07] 06-006-16-000,2024-07,2024,[07] July,"Sibalom, Antique",[1] Operational,,,,,[A] Operational,B,06-006-16-000,Sibalom,Antique,Region VI (Western Visayas),Municipality,2nd,R6,I
[2024-07] 07-046-20-000,2024-07,2024,[07] July,"Sibulan, Negros Oriental",[1] Operational,,,,,[A] Operational,B,07-046-20-000,Sibulan,Negros Oriental,Region VII (Central Visayas),Municipality,2nd,R7,J
[2024-07] 04-034-29-000,2024-07,2024,[07] July,"Siniloan, Laguna",[1] Operational,,,,,[A] Operational,B,04-034-29-000,Siniloan,Laguna,Region IV-A (CALABARZON),Municipality,2nd,R4A,F
[2024-07] 11-024-14-000,2024-07,2024,[07] July,"Sulop, Davao del Sur",[1] Operational,,,,,[A] Operational,B,11-024-14-000,Sulop,Davao del Sur,Region XI (Davao Region),Municipality,3rd,R11,P
[2024-07] 03-049-31-000,2024-07,2024,[07] July,"Talugtug, Nueva Ecija",[2] Ongoing Testing and Data Build-up,97%,,,,[B] Developmental,A,03-049-31-000,Talugtug,Nueva Ecija,Region III (Central Luzon),Municipality,4th,R3,E
[2024-07] 04-058-12-000,2024-07,2024,[07] July,"Tanay, Rizal",[2] Ongoing Testing and Data Build-up,88%,,,,[B] Developmental,B,04-058-12-000,Tanay,Rizal,Region IV-A (CALABARZON),Municipality,1st,R4A,F
[2024-07] 06-004-17-000,2024-07,2024,[07] July,"Tangalan, Aklan",[1] Operational,,,,,[A] Operational,A,06-004-17-000,Tangalan,Aklan,Region VI (Western Visayas),Municipality,5th,R6,I
[2024-07] 14-011-13-000,2024-07,2024,[07] July,"Tuba, Benguet",[1] Operational,,,,,[A] Operational,B,14-011-13-000,Tuba,Benguet,Cordillera Administrative Region (CAR),Municipality,1st,CAR,B
[2024-07] 14-011-14-000,2024-07,2024,[07] July,"Tublay, Benguet",[1] Operational,,,,,[A] Operational,B,14-011-14-000,Tublay,Benguet,Cordillera Administrative Region (CAR),Municipality,5th,CAR,B
[2024-07] 07-022-52-000,2024-07,2024,[07] July,"Tuburan, Cebu",[2] Ongoing Testing and Data Build-up,,,,,[B] Developmental,B,07-022-52-000,Tuburan,Cebu,Region VII (Central Visayas),Municipality,2nd,R7,J
[2024-07] 04-010-34-000,2024-07,2024,[07] July,"Tuy, Batangas",[1] Operational,,,,,[A] Operational,B,04-010-34-000,Tuy,Batangas,Region IV-A (CALABARZON),Municipality,3rd,R4A,F
[2024-07] 19-087-13-000,2024-07,2024,[07] July,"Upi, Maguindanao del Norte",[1] Operational,,,,,[A] Operational,B,19-087-13-000,Upi,Maguindanao del Norte,Bangsamoro Autonomous Region In Muslim Mindanao (BARMM),Municipality,1st,BARMM II,R
[2023-12] 17-053-01-000,2023-12,2023,[12] December,"Aborlan, Palawan",[1] Operational,,,,,[A] Operational,B,17-053-01-000,Aborlan,Palawan,MIMAROPA Region,Municipality,1st,R4B,G
[2023-12] 04-056-02-000,2023-12,2023,[12] December,"Alabat, Quezon",[1] Operational,,,,,[A] Operational,A,04-056-02-000,Alabat,Quezon,Region IV-A (CALABARZON),Municipality,5th,R4A,F
[2023-12] 07-022-02-000,2023-12,2023,[12] December,"Alcoy, Cebu",[2] Ongoing Testing and Data Build-up,55%,,,,[B] Developmental,B,07-022-02-000,Alcoy,Cebu,Region VII (Central Visayas),Municipality,5th,R7,J
[2023-12] 12-047-15-000,2023-12,2023,[12] December,"Antipas, Cotabato",[1] Operational,,,,,[A] Operational,B,12-047-15-000,Antipas,Cotabato,Region XII (SOCCSKSARGEN),Municipality,2nd,R12,Q
[2023-12] 03-054-03-000,2023-12,2023,[12] December,"Arayat, Pampanga",[1] Operational,,,,,[A] Operational,A,03-054-03-000,Arayat,Pampanga,Region III (Central Luzon),Municipality,1st,R3,E
[2023-12] 12-065-01-000,2023-12,2023,[12] December,"Bagumbayan, Sultan Kudarat",[1] Operational,,,,,[A] Operational,B,12-065-01-000,Bagumbayan,Sultan Kudarat,Region XII (SOCCSKSARGEN),Municipality,1st,R12,Q
[2023-12] 04-010-03-000,2023-12,2023,[12] December,"Balayan, Batangas",[2] Ongoing Testing and Data Build-up,95%,,,,[B] Developmental,B,04-010-03-000,Balayan,Batangas,Region IV-A (CALABARZON),Municipality,1st,R4A,F
[2023-12] 03-077-01-000,2023-12,2023,[12] December,"Baler, Aurora",[1] Operational,,,,,[A] Operational,A,03-077-01-000,Baler,Aurora,Region III (Central Luzon),Municipality,3rd,R3,E
[2023-12] 17-052-02-000,2023-12,2023,[12] December,"Bansud, Oriental Mindoro",[1] Operational,,,,,[A] Operational,B,17-052-02-000,Bansud,Oriental Mindoro,MIMAROPA Region,Municipality,2nd,R4B,G
[2023-12] 06-006-02-000,2023-12,2023,[12] December,"Barbaza, Antique",[2] Ongoing Testing and Data Build-up,50%,,,,[B] Developmental,B,06-006-02-000,Barbaza,Antique,Region VI (Western Visayas),Municipality,4th,R6,I
[2023-12] 07-046-05-000,2023-12,2023,[12] December,"Basay, Negros Oriental",[1] Operational,,,,,[A] Operational,B,07-046-05-000,Basay,Negros Oriental,Region VII (Central Visayas),Municipality,4th,R7,J
[2023-12] 14-044-02-000,2023-12,2023,[12] December,"Bauko, Mountain Province",[1] Operational,,,,,[A] Operational,B,14-044-02-000,Bauko,Mountain Province,Cordillera Administrative Region (CAR),Municipality,4th,CAR,B
[2023-12] 14-044-04-000,2023-12,2023,[12] December,"Bontoc, Mountain Province",[1] Operational,,,,,[A] Operational,A,14-044-04-000,Bontoc,Mountain Province,Cordillera Administrative Region (CAR),Municipality,2nd,CAR,B
[2023-12] 02-031-06-000,2023-12,2023,[12] December,"Cabagan, Isabela",[1] Operational,,,,,[A] Operational,B,02-031-06-000,Cabagan,Isabela,Region II (Cagayan Valley),Municipality,1st,R2,D
[2023-12] 03-077-02-000,2023-12,2023,[12] December,"Casiguran, Aurora",[2] Ongoing Testing and Data Build-up,60%,,,,[B] Developmental,B,03-077-02-000,Casiguran,Aurora,Region III (Central Luzon),Municipality,2nd,R3,E
[2023-12] 08-026-04-000,2023-12,2023,[12] December,"City of Borongan, Eastern Samar",[1] Operational,,,,,[A] Operational,A,08-026-04-000,City of Borongan,Eastern Samar,Region VIII (Eastern Visayas),City,1st (as Mun),R8,K
[2023-12] 06-045-10-000,2023-12,2023,[12] December,"City of Himamaylan, Negros Occidental",[2] Ongoing Testing and Data Build-up,30%,,,,[B] Developmental,B,06-045-10-000,City of Himamaylan,Negros Occidental,Region VI (Western Visayas),City,3rd,R6,I
[2023-12] 02-031-14-000,2023-12,2023,[12] December,"City of Ilagan, Isabela",[1] Operational,,,,,[A] Operational,A,02-031-14-000,City of Ilagan,Isabela,Region II (Cagayan Valley),City,1st (as Mun),R2,D
[2023-12] 01-028-12-000,2023-12,2023,[12] December,"City of Laoag, Ilocos Norte",[1] Operational,,,,,[A] Operational,B,01-028-12-000,City of Laoag,Ilocos Norte,Region I (Ilocos Region),City,3rd,R1,C
[2023-12] 03-314-00-000,2023-12,2023,[12] December,"City of Olongapo, Zambales",[2] Ongoing Testing and Data Build-up,55%,,,,[B] Developmental,B,03-314-00-000,City of Olongapo,Zambales,Region III (Central Luzon),City,1st,R3,E
[2023-12] 03-014-20-000,2023-12,2023,[12] December,"City of San Jose Del Monte, Bulacan",[2] Ongoing Testing and Data Build-up,53%,,,,[B] Developmental,B,03-014-20-000,City of San Jose Del Monte,Bulacan,Region III (Central Luzon),City,1st,R3,E
[2023-12] 14-032-13-000,2023-12,2023,[12] December,"City of Tabuk, Kalinga",[1] Operational,,,,,[A] Operational,A,14-032-13-000,City of Tabuk,Kalinga,Cordillera Administrative Region (CAR),City,5th,CAR,B
[2023-12] 10-043-06-000,2023-12,2023,[12] December,"Claveria, Misamis Oriental",[1] Operational,,,,,[A] Operational,A,10-043-06-000,Claveria,Misamis Oriental,Region X (Northern Mindanao),Municipality,1st,R10,N
[2023-12] 12-065-02-000,2023-12,2023,[12] December,"Columbio, Sultan Kudarat",[1] Operational,,,,,[A] Operational,B,12-065-02-000,Columbio,Sultan Kudarat,Region XII (SOCCSKSARGEN),Municipality,1st,R12,Q
[2023-12] 17-053-09-000,2023-12,2023,[12] December,"Coron, Palawan",[1] Operational,,,,,[A] Operational,A,17-053-09-000,Coron,Palawan,MIMAROPA Region,Municipality,1st,R4B,G
[2023-12] 17-053-22-000,2023-12,2023,[12] December,"Culion, Palawan",[1] Operational,,,,,[A] Operational,B,17-053-22-000,Culion,Palawan,MIMAROPA Region,Municipality,3rd,R4B,G
[2023-12] 07-046-09-000,2023-12,2023,[12] December,"Dauin, Negros Oriental",[2] Ongoing Testing and Data Build-up,100%,,,,[B] Developmental,B,07-046-09-000,Dauin,Negros Oriental,Region VII (Central Visayas),Municipality,4th,R7,J
[2023-12] 17-053-12-000,2023-12,2023,[12] December,"El Nido, Palawan",[1] Operational,,,,,[A] Operational,A,17-053-12-000,El Nido,Palawan,MIMAROPA Region,Municipality,1st,R4B,G
[2023-12] 07-061-01-000,2023-12,2023,[12] December,"Enrique Villanueva, Siquijor",[1] Operational,,,,,[A] Operational,B,07-061-01-000,Enrique Villanueva,Siquijor,Region VII (Central Visayas),Municipality,5th,R7,J
[2023-12] 12-065-03-000,2023-12,2023,[12] December,"Esperanza, Sultan Kudarat",[2] Ongoing Testing and Data Build-up,45%,,,,[B] Developmental,B,12-065-03-000,Esperanza,Sultan Kudarat,Region XII (SOCCSKSARGEN),Municipality,1st,R12,Q
[2023-12] 04-034-08-000,2023-12,2023,[12] December,"Famy, Laguna",[2] Ongoing Testing and Data Build-up,85%,,,,[B] Developmental,B,04-034-08-000,Famy,Laguna,Region IV-A (CALABARZON),Municipality,5th,R4A,F
[2023-12] 17-059-16-000,2023-12,2023,[12] December,"Ferrol, Romblon",[1] Operational,,,,,[A] Operational,B,17-059-16-000,Ferrol,Romblon,MIMAROPA Region,Municipality,6th,R4B,G
[2023-12] 04-021-07-000,2023-12,2023,[12] December,"General Emilio Aguinaldo, Cavite",[2] Ongoing Testing and Data Build-up,55%,,,,[B] Developmental,B,04-021-07-000,General Emilio Aguinaldo,Cavite,Region IV-A (CALABARZON),Municipality,5th,R4A,F
[2023-12] 04-056-16-000,2023-12,2023,[12] December,"General Luna, Quezon",[1] Operational,,,,,[A] Operational,A,04-056-16-000,General Luna,Quezon,Region IV-A (CALABARZON),Municipality,4th,R4A,F
[2023-12] 17-052-06-000,2023-12,2023,[12] December,"Gloria, Oriental Mindoro",[2] Ongoing Testing and Data Build-up,50%,,,,[B] Developmental,B,17-052-06-000,Gloria,Oriental Mindoro,MIMAROPA Region,Municipality,3rd,R4B,G
[2023-12] 04-056-19-000,2023-12,2023,[12] December,"Gumaca, Quezon",[2] Ongoing Testing and Data Build-up,55%,,,,[B] Developmental,B,04-056-19-000,Gumaca,Quezon,Region IV-A (CALABARZON),Municipality,1st,R4A,F
[2023-12] 04-056-20-000,2023-12,2023,[12] December,"Infanta, Quezon",[2] Ongoing Testing and Data Build-up,55%,,,,[B] Developmental,B,04-056-20-000,Infanta,Quezon,Region IV-A (CALABARZON),Municipality,1st,R4A,F
[2023-12] 12-065-04-000,2023-12,2023,[12] December,"Isulan, Sultan Kudarat",[1] Operational,,,,,[A] Operational,B,12-065-04-000,Isulan,Sultan Kudarat,Region XII (SOCCSKSARGEN),Municipality,1st,R12,Q
[2023-12] 10-043-11-000,2023-12,2023,[12] December,"Jasaan, Misamis Oriental",[2] Ongoing Testing and Data Build-up,10%,,Schedule for training,For training on 2024,[B] Developmental,B,10-043-11-000,Jasaan,Misamis Oriental,Region X (Northern Mindanao),Municipality,2nd,R10,N
[2023-12] 12-047-03-000,2023-12,2023,[12] December,"Kabacan, Cotabato",[1] Operational,,,,,[A] Operational,A,12-047-03-000,Kabacan,Cotabato,Region XII (SOCCSKSARGEN),Municipality,1st,R12,Q
[2023-12] 11-082-02-000,2023-12,2023,[12] December,"Laak, Davao de Oro",[1] Operational,,,,,[A] Operational,B,11-082-02-000,Laak,Davao de Oro,Region XI (Davao Region),Municipality,1st,R11,P
[2023-12] 12-065-08-000,2023-12,2023,[12] December,"Lambayong, Sultan Kudarat",[1] Operational,,,,,[A] Operational,B,12-065-08-000,Lambayong,Sultan Kudarat,Region XII (SOCCSKSARGEN),Municipality,2nd,R12,Q
[2023-12] 16-002-07-000,2023-12,2023,[12] December,"Las Nieves, Agusan del Norte",[1] Operational,,,,,[A] Operational,B,16-002-07-000,Las Nieves,Agusan del Norte,Region XIII (Caraga),Municipality,2nd,R13,O
[2023-12] 06-006-09-000,2023-12,2023,[12] December,"Laua-An, Antique",[2] Ongoing Testing and Data Build-up,60%,,,,[B] Developmental,B,06-006-09-000,Laua-An,Antique,Region VI (Western Visayas),Municipality,4th,R6,I
[2023-12] 12-047-05-000,2023-12,2023,[12] December,"Libungan, Cotabato",[1] Operational,,,,,[A] Operational,B,12-047-05-000,Libungan,Cotabato,Region XII (SOCCSKSARGEN),Municipality,2nd,R12,Q
[2023-12] 17-051-03-000,2023-12,2023,[12] December,"Looc, Occidental Mindoro",[1] Operational,,,,,[A] Operational,B,17-051-03-000,Looc,Occidental Mindoro,MIMAROPA Region,Municipality,5th,R4B,G
[2023-12] 17-059-07-000,2023-12,2023,[12] December,"Looc, Romblon",[1] Operational,,,,,[A] Operational,B,17-059-07-000,Looc,Romblon,MIMAROPA Region,Municipality,4th,R4B,G
[2023-12] 11-025-07-000,2023-12,2023,[12] December,"Lupon, Davao Oriental",[1] Operational,,,,,[A] Operational,A,11-025-07-000,Lupon,Davao Oriental,Region XI (Davao Region),Municipality,1st,R11,P
[2023-12] 07-046-14-000,2023-12,2023,[12] December,"Mabinay, Negros Oriental",[1] Operational,,,,,[A] Operational,B,07-046-14-000,Mabinay,Negros Oriental,Region VII (Central Visayas),Municipality,1st,R7,J
[2023-12] 03-054-10-000,2023-12,2023,[12] December,"Macabebe, Pampanga",[2] Ongoing Testing and Data Build-up,90%,,,,[B] Developmental,A,03-054-10-000,Macabebe,Pampanga,Region III (Central Luzon),Municipality,1st,R3,E
[2023-12] 07-022-28-000,2023-12,2023,[12] December,"Madridejos, Cebu",[2] Ongoing Testing and Data Build-up,25%,Will implement their WP next year since their priority this year is to increased their Business Tax; worry that some clients will complain because of the fees if WP ordinance will be push through this year,,,[B] Developmental,B,07-022-28-000,Madridejos,Cebu,Region VII (Central Visayas),Municipality,4th,R7,J
[2023-12] 03-054-11-000,2023-12,2023,[12] December,"Magalang, Pampanga",[2] Ongoing Testing and Data Build-up,55%,,,,[B] Developmental,B,03-054-11-000,Magalang,Pampanga,Region III (Central Luzon),Municipality,1st,R3,E
[2023-12] 04-021-12-000,2023-12,2023,[12] December,"Magallanes, Cavite",[2] Ongoing Testing and Data Build-up,55%,,,,[B] Developmental,B,04-021-12-000,Magallanes,Cavite,Region IV-A (CALABARZON),Municipality,4th,R4A,F
[2023-12] 11-025-08-000,2023-12,2023,[12] December,"Manay, Davao Oriental",[1] Operational,,,,,[A] Operational,A,11-025-08-000,Manay,Davao Oriental,Region XI (Davao Region),Municipality,2nd,R11,P
[2023-12] 12-047-08-000,2023-12,2023,[12] December,"Matalam, Cotabato",[1] Operational,,,,,[A] Operational,B,12-047-08-000,Matalam,Cotabato,Region XII (SOCCSKSARGEN),Municipality,1st,R12,Q
[2023-12] 11-082-06-000,2023-12,2023,[12] December,"Mawab, Davao de Oro",[1] Operational,,,,,[A] Operational,B,11-082-06-000,Mawab,Davao de Oro,Region XI (Davao Region),Municipality,3rd,R11,P
[2023-12] 10-043-19-000,2023-12,2023,[12] December,"Medina, Misamis Oriental",[2] Ongoing Testing and Data Build-up,10%,,Schedule for training,For training on 2024,[B] Developmental,B,10-043-19-000,Medina,Misamis Oriental,Region X (Northern Mindanao),Municipality,4th,R10,N
[2023-12] 17-052-08-000,2023-12,2023,[12] December,"Naujan, Oriental Mindoro",[1] Operational,,,,,[A] Operational,B,17-052-08-000,Naujan,Oriental Mindoro,MIMAROPA Region,Municipality,1st,R4B,G
[2023-12] 04-034-18-000,2023-12,2023,[12] December,"Paete, Laguna",[1] Operational,,,,,[A] Operational,A,04-034-18-000,Paete,Laguna,Region IV-A (CALABARZON),Municipality,4th,R4A,F
[2023-12] 12-047-11-000,2023-12,2023,[12] December,"Pigkawayan, Cotabato",[1] Operational,,,,,[A] Operational,B,12-047-11-000,Pigkawayan,Cotabato,Region XII (SOCCSKSARGEN),Municipality,1st,R12,Q
[2023-12] 12-047-12-000,2023-12,2023,[12] December,"Pikit, Cotabato",[1] Operational,,,,,[A] Operational,B,12-047-12-000,Pikit,Cotabato,Region XII (SOCCSKSARGEN),Municipality,1st,R12,Q
[2023-12] 17-052-09-000,2023-12,2023,[12] December,"Pinamalayan, Oriental Mindoro",[1] Operational,,,,,[A] Operational,A,17-052-09-000,Pinamalayan,Oriental Mindoro,MIMAROPA Region,Municipality,1st,R4B,G
[2023-12] 07-022-37-000,2023-12,2023,[12] December,"Pinamungajan, Cebu",[1] Operational,,,,,[A] Operational,B,07-022-37-000,Pinamungajan,Cebu,Region VII (Central Visayas),Municipality,2nd,R7,J
[2023-12] 04-056-34-000,2023-12,2023,[12] December,"Pitogo, Quezon",[2] Ongoing Testing and Data Build-up,55%,,,,[B] Developmental,B,04-056-34-000,Pitogo,Quezon,Region IV-A (CALABARZON),Municipality,4th,R4A,F
[2023-12] 04-056-36-000,2023-12,2023,[12] December,"Polillo, Quezon",[2] Ongoing Testing and Data Build-up,55%,,,,[B] Developmental,B,04-056-36-000,Polillo,Quezon,Region IV-A (CALABARZON),Municipality,3rd,R4A,F
[2023-12] 04-056-37-000,2023-12,2023,[12] December,"Quezon, Quezon",[2] Ongoing Testing and Data Build-up,55%,,,,[B] Developmental,B,04-056-37-000,Quezon,Quezon,Region IV-A (CALABARZON),Municipality,5th,R4A,F
[2023-12] 03-049-23-000,2023-12,2023,[12] December,"Rizal, Nueva Ecija",[1] Operational,,,,,[A] Operational,A,03-049-23-000,Rizal,Nueva Ecija,Region III (Central Luzon),Municipality,2nd,R3,E
[2023-12] 14-011-12-000,2023-12,2023,[12] December,"Sablan, Benguet",[1] Operational,,,,,[A] Operational,A,14-011-12-000,Sablan,Benguet,Cordillera Administrative Region (CAR),Municipality,5th,CAR,B
[2023-12] 04-056-39-000,2023-12,2023,[12] December,"Sampaloc, Quezon",[1] Operational,,,,,[A] Operational,B,04-056-39-000,Sampaloc,Quezon,Region IV-A (CALABARZON),Municipality,5th,R4A,F
[2023-12] 16-003-08-000,2023-12,2023,[12] December,"San Francisco, Agusan del Sur",[1] Operational,,,,,[A] Operational,A,16-003-08-000,San Francisco,Agusan del Sur,Region XIII (Caraga),Municipality,1st,R13,O
[2023-12] 07-022-42-000,2023-12,2023,[12] December,"San Francisco, Cebu",[2] Ongoing Testing and Data Build-up,25%,,,LGU is working out an ordinance for the Working Permit/Occupational Permit; will priortiize implementing the WP next year,[B] Developmental,B,07-022-42-000,San Francisco,Cebu,Region VII (Central Visayas),Municipality,3rd,R7,J
[2023-12] 11-025-10-000,2023-12,2023,[12] December,"San Isidro, Davao Oriental",[2] Ongoing Testing and Data Build-up,100%,,,,[B] Developmental,B,11-025-10-000,San Isidro,Davao Oriental,Region XI (Davao Region),Municipality,3rd,R11,P
[2023-12] 17-051-10-000,2023-12,2023,[12] December,"San Jose, Occidental Mindoro",[1] Operational,,,,,[A] Operational,B,17-051-10-000,San Jose,Occidental Mindoro,MIMAROPA Region,Municipality,1st,R4B,G
[2023-12] 04-010-24-000,2023-12,2023,[12] December,"San Luis, Batangas",[2] Ongoing Testing and Data Build-up,55%,,,,[B] Developmental,B,04-010-24-000,San Luis,Batangas,Region IV-A (CALABARZON),Municipality,4th,R4A,F
[2023-12] 03-054-17-000,2023-12,2023,[12] December,"San Luis, Pampanga",[1] Operational,,,,,[A] Operational,A,03-054-17-000,San Luis,Pampanga,Region III (Central Luzon),Municipality,3rd,R3,E
[2023-12] 06-030-41-000,2023-12,2023,[12] December,"San Miguel, Iloilo",[2] Ongoing Testing and Data Build-up,30%,,,,[B] Developmental,B,06-030-41-000,San Miguel,Iloilo,Region VI (Western Visayas),Municipality,4th,R6,I
[2023-12] 04-010-25-000,2023-12,2023,[12] December,"San Nicolas, Batangas",[2] Ongoing Testing and Data Build-up,55%,,,,[B] Developmental,B,04-010-25-000,San Nicolas,Batangas,Region IV-A (CALABARZON),Municipality,5th,R4A,F
[2023-12] 17-052-13-000,2023-12,2023,[12] December,"San Teodoro, Oriental Mindoro",[1] Operational,,,,,[A] Operational,A,17-052-13-000,San Teodoro,Oriental Mindoro,MIMAROPA Region,Municipality,4th,R4B,G
[2023-12] 17-053-19-000,2023-12,2023,[12] December,"San Vicente, Palawan",[2] Ongoing Testing and Data Build-up,50%,,,,[B] Developmental,B,17-053-19-000,San Vicente,Palawan,MIMAROPA Region,Municipality,1st,R4B,G
[2023-12] 03-049-29-000,2023-12,2023,[12] December,"Santo Domingo, Nueva Ecija",[1] Operational,,,,,[A] Operational,A,03-049-29-000,Santo Domingo,Nueva Ecija,Region III (Central Luzon),Municipality,3rd,R3,E
[2023-12] 06-006-16-000,2023-12,2023,[12] December,"Sibalom, Antique",[2] Ongoing Testing and Data Build-up,30%,,,,[B] Developmental,B,06-006-16-000,Sibalom,Antique,Region VI (Western Visayas),Municipality,2nd,R6,I
[2023-12] 07-046-20-000,2023-12,2023,[12] December,"Sibulan, Negros Oriental",[1] Operational,,,,,[A] Operational,B,07-046-20-000,Sibulan,Negros Oriental,Region VII (Central Visayas),Municipality,2nd,R7,J
[2023-12] 04-034-29-000,2023-12,2023,[12] December,"Siniloan, Laguna",[1] Operational,,,,,[A] Operational,B,04-034-29-000,Siniloan,Laguna,Region IV-A (CALABARZON),Municipality,2nd,R4A,F
[2023-12] 11-024-14-000,2023-12,2023,[12] December,"Sulop, Davao del Sur",[2] Ongoing Testing and Data Build-up,100%,,,,[B] Developmental,B,11-024-14-000,Sulop,Davao del Sur,Region XI (Davao Region),Municipality,3rd,R11,P
[2023-12] 03-049-31-000,2023-12,2023,[12] December,"Talugtug, Nueva Ecija",[2] Ongoing Testing and Data Build-up,85%,,,,[B] Developmental,A,03-049-31-000,Talugtug,Nueva Ecija,Region III (Central Luzon),Municipality,4th,R3,E
[2023-12] 04-058-12-000,2023-12,2023,[12] December,"Tanay, Rizal",[2] Ongoing Testing and Data Build-up,55%,,,,[B] Developmental,B,04-058-12-000,Tanay,Rizal,Region IV-A (CALABARZON),Municipality,1st,R4A,F
[2023-12] 06-004-17-000,2023-12,2023,[12] December,"Tangalan, Aklan",[1] Operational,,,,,[A] Operational,A,06-004-17-000,Tangalan,Aklan,Region VI (Western Visayas),Municipality,5th,R6,I
[2023-12] 14-011-13-000,2023-12,2023,[12] December,"Tuba, Benguet",[1] Operational,,,,,[A] Operational,B,14-011-13-000,Tuba,Benguet,Cordillera Administrative Region (CAR),Municipality,1st,CAR,B
[2023-12] 14-011-14-000,2023-12,2023,[12] December,"Tublay, Benguet",[1] Operational,,,,,[A] Operational,B,14-011-14-000,Tublay,Benguet,Cordillera Administrative Region (CAR),Municipality,5th,CAR,B
[2023-12] 07-022-52-000,2023-12,2023,[12] December,"Tuburan, Cebu",[2] Ongoing Testing and Data Build-up,25%,,,On hold data build-up; WP still not in the LGU's ordinance yet. Still deciding if they will continue the WP,[B] Developmental,B,07-022-52-000,Tuburan,Cebu,Region VII (Central Visayas),Municipality,2nd,R7,J
[2023-12] 04-010-34-000,2023-12,2023,[12] December,"Tuy, Batangas",[2] Ongoing Testing and Data Build-up,55%,,,,[B] Developmental,B,04-010-34-000,Tuy,Batangas,Region IV-A (CALABARZON),Municipality,3rd,R4A,F
[2024-08] 17-053-01-000,2024-08,2024,[08] August,"Aborlan, Palawan",[3] With Concerns,,"WP integrated on the system, waiting to complete the LRC to fully adpot and Integrate the system",,"WP integrated on the system, waiting to complete the LRC to fully adpot and Integrate the system",[A] Operational,B,17-053-01-000,Aborlan,Palawan,MIMAROPA Region,Municipality,1st,R4B,G
[2024-09] 17-053-01-000,2024-09,2024,[09] September,"Aborlan, Palawan",[3] With Concerns,,"WP integrated on the system, waiting to complete the LRC to fully adpot and Integrate the system",,"WP integrated on the system, waiting to complete the LRC to fully adpot and Integrate the system",[A] Operational,B,17-053-01-000,Aborlan,Palawan,MIMAROPA Region,Municipality,1st,R4B,G
[2024-08] 04-056-02-000,2024-08,2024,[08] August,"Alabat, Quezon",[1] Operational,,,,,[A] Operational,A,04-056-02-000,Alabat,Quezon,Region IV-A (CALABARZON),Municipality,5th,R4A,F
[2024-09] 04-056-02-000,2024-09,2024,[09] September,"Alabat, Quezon",[1] Operational,,,,,[A] Operational,A,04-056-02-000,Alabat,Quezon,Region IV-A (CALABARZON),Municipality,5th,R4A,F
[2024-08] 07-022-02-000,2024-08,2024,[08] August,"Alcoy, Cebu",[2] Ongoing Testing and Data Build-up,,,2024 - 2025,,[B] Developmental,B,07-022-02-000,Alcoy,Cebu,Region VII (Central Visayas),Municipality,5th,R7,J
[2024-09] 07-022-02-000,2024-09,2024,[09] September,"Alcoy, Cebu",[2] Ongoing Testing and Data Build-up,,,,,[B] Developmental,B,07-022-02-000,Alcoy,Cebu,Region VII (Central Visayas),Municipality,5th,R7,J
[2024-08] 04-021-02-000,2024-08,2024,[08] August,"Amadeo, Cavite",[1] Operational,,,,,[A] Operational,B,04-021-02-000,Amadeo,Cavite,Region IV-A (CALABARZON),Municipality,4th,R4A,F
[2024-09] 04-021-02-000,2024-09,2024,[09] September,"Amadeo, Cavite",[1] Operational,,,,,[A] Operational,B,04-021-02-000,Amadeo,Cavite,Region IV-A (CALABARZON),Municipality,4th,R4A,F
[2024-08] 12-047-15-000,2024-08,2024,[08] August,"Antipas, Cotabato",[1] Operational,,,,,[A] Operational,B,12-047-15-000,Antipas,Cotabato,Region XII (SOCCSKSARGEN),Municipality,2nd,R12,Q
[2024-08] 03-054-03-000,2024-08,2024,[08] August,"Arayat, Pampanga",[1] Operational,,,,,[A] Operational,A,03-054-03-000,Arayat,Pampanga,Region III (Central Luzon),Municipality,1st,R3,E
[2024-09] 03-054-03-000,2024-09,2024,[09] September,"Arayat, Pampanga",[1] Operational,,,,,[A] Operational,A,03-054-03-000,Arayat,Pampanga,Region III (Central Luzon),Municipality,1st,R3,E
[2024-08] 17-052-01-000,2024-08,2024,[08] August,"Baco, Oriental Mindoro",[1] Operational,,,,,[A] Operational,B,17-052-01-000,Baco,Oriental Mindoro,MIMAROPA Region,Municipality,3rd,R4B,G
[2024-09] 17-052-01-000,2024-09,2024,[09] September,"Baco, Oriental Mindoro",[1] Operational,,,,,[A] Operational,B,17-052-01-000,Baco,Oriental Mindoro,MIMAROPA Region,Municipality,3rd,R4B,G
[2024-08] 12-065-01-000,2024-08,2024,[08] August,"Bagumbayan, Sultan Kudarat",[1] Operational,,,,,[A] Operational,B,12-065-01-000,Bagumbayan,Sultan Kudarat,Region XII (SOCCSKSARGEN),Municipality,1st,R12,Q
[2024-09] 12-065-01-000,2024-09,2024,[09] September,"Bagumbayan, Sultan Kudarat",[1] Operational,,,,,[A] Operational,B,12-065-01-000,Bagumbayan,Sultan Kudarat,Region XII (SOCCSKSARGEN),Municipality,1st,R12,Q
[2024-08] 04-010-03-000,2024-08,2024,[08] August,"Balayan, Batangas",[1] Operational,,,,,[A] Operational,B,04-010-03-000,Balayan,Batangas,Region IV-A (CALABARZON),Municipality,1st,R4A,F
[2024-09] 04-010-03-000,2024-09,2024,[09] September,"Balayan, Batangas",[1] Operational,,,,,[A] Operational,B,04-010-03-000,Balayan,Batangas,Region IV-A (CALABARZON),Municipality,1st,R4A,F
[2024-08] 03-077-01-000,2024-08,2024,[08] August,"Baler, Aurora",[1] Operational,,,,,[A] Operational,A,03-077-01-000,Baler,Aurora,Region III (Central Luzon),Municipality,3rd,R3,E
[2024-09] 03-077-01-000,2024-09,2024,[09] September,"Baler, Aurora",[1] Operational,,,,,[A] Operational,A,03-077-01-000,Baler,Aurora,Region III (Central Luzon),Municipality,3rd,R3,E
[2024-08] 11-024-01-000,2024-08,2024,[08] August,"Bansalan, Davao del Sur",[1] Operational,,,,,[A] Operational,B,11-024-01-000,Bansalan,Davao del Sur,Region XI (Davao Region),Municipality,1st,R11,P
[2024-09] 11-024-01-000,2024-09,2024,[09] September,"Bansalan, Davao del Sur",[1] Operational,,,,,[A] Operational,B,11-024-01-000,Bansalan,Davao del Sur,Region XI (Davao Region),Municipality,1st,R11,P
[2024-08] 17-052-02-000,2024-08,2024,[08] August,"Bansud, Oriental Mindoro",[1] Operational,,,,,[A] Operational,B,17-052-02-000,Bansud,Oriental Mindoro,MIMAROPA Region,Municipality,2nd,R4B,G
[2024-09] 17-052-02-000,2024-09,2024,[09] September,"Bansud, Oriental Mindoro",[1] Operational,,,,,[A] Operational,B,17-052-02-000,Bansud,Oriental Mindoro,MIMAROPA Region,Municipality,2nd,R4B,G
[2024-08] 06-006-02-000,2024-08,2024,[08] August,"Barbaza, Antique",[1] Operational,,,,,[A] Operational,B,06-006-02-000,Barbaza,Antique,Region VI (Western Visayas),Municipality,4th,R6,I
[2024-09] 06-006-02-000,2024-09,2024,[09] September,"Barbaza, Antique",[1] Operational,,,,,[A] Operational,B,06-006-02-000,Barbaza,Antique,Region VI (Western Visayas),Municipality,4th,R6,I
[2024-08] 07-046-05-000,2024-08,2024,[08] August,"Basay, Negros Oriental",[1] Operational,,,,,[A] Operational,B,07-046-05-000,Basay,Negros Oriental,Region VII (Central Visayas),Municipality,4th,R7,J
[2024-09] 07-046-05-000,2024-09,2024,[09] September,"Basay, Negros Oriental",[1] Operational,,,,,[A] Operational,B,07-046-05-000,Basay,Negros Oriental,Region VII (Central Visayas),Municipality,4th,R7,J
[2024-08] 14-044-02-000,2024-08,2024,[08] August,"Bauko, Mountain Province",[1] Operational,,,,,[A] Operational,B,14-044-02-000,Bauko,Mountain Province,Cordillera Administrative Region (CAR),Municipality,4th,CAR,B
[2024-09] 14-044-02-000,2024-09,2024,[09] September,"Bauko, Mountain Province",[1] Operational,,,,,[A] Operational,B,14-044-02-000,Bauko,Mountain Province,Cordillera Administrative Region (CAR),Municipality,4th,CAR,B
[2024-08] 17-052-03-000,2024-08,2024,[08] August,"Bongabong, Oriental Mindoro",[2] Ongoing Testing and Data Build-up,50%,,,,[B] Developmental,B,17-052-03-000,Bongabong,Oriental Mindoro,MIMAROPA Region,Municipality,1st,R4B,G
[2024-09] 17-052-03-000,2024-09,2024,[09] September,"Bongabong, Oriental Mindoro",[2] Ongoing Testing and Data Build-up,50%,,,,[B] Developmental,B,17-052-03-000,Bongabong,Oriental Mindoro,MIMAROPA Region,Municipality,1st,R4B,G
[2024-08] 14-044-04-000,2024-08,2024,[08] August,"Bontoc, Mountain Province",[1] Operational,,,,,[A] Operational,A,14-044-04-000,Bontoc,Mountain Province,Cordillera Administrative Region (CAR),Municipality,2nd,CAR,B
[2024-09] 14-044-04-000,2024-09,2024,[09] September,"Bontoc, Mountain Province",[1] Operational,,,,,[A] Operational,A,14-044-04-000,Bontoc,Mountain Province,Cordillera Administrative Region (CAR),Municipality,2nd,CAR,B
[2024-08] 17-052-04-000,2024-08,2024,[08] August,"Bulalacao, Oriental Mindoro",[1] Operational,,,,"Working Permit Integration done last Aug 15, 2024",[A] Operational,B,17-052-04-000,Bulalacao,Oriental Mindoro,MIMAROPA Region,Municipality,3rd,R4B,G
[2024-09] 17-052-04-000,2024-09,2024,[09] September,"Bulalacao, Oriental Mindoro",[1] Operational,,,,"Working Permit Integration done last Aug 15, 2024",[A] Operational,B,17-052-04-000,Bulalacao,Oriental Mindoro,MIMAROPA Region,Municipality,3rd,R4B,G
[2024-08] 02-031-06-000,2024-08,2024,[08] August,"Cabagan, Isabela",[1] Operational,,,,,[A] Operational,B,02-031-06-000,Cabagan,Isabela,Region II (Cagayan Valley),Municipality,1st,R2,D
[2024-09] 02-031-06-000,2024-09,2024,[09] September,"Cabagan, Isabela",[1] Operational,,,,,[A] Operational,B,02-031-06-000,Cabagan,Isabela,Region II (Cagayan Valley),Municipality,1st,R2,D
[2024-08] 06-030-12-000,2024-08,2024,[08] August,"Cabatuan, Iloilo",[1] Operational,,,,,[A] Operational,B,06-030-12-000,Cabatuan,Iloilo,Region VI (Western Visayas),Municipality,2nd,R6,I
[2024-09] 06-030-12-000,2024-09,2024,[09] September,"Cabatuan, Iloilo",[1] Operational,,,,,[A] Operational,B,06-030-12-000,Cabatuan,Iloilo,Region VI (Western Visayas),Municipality,2nd,R6,I
[2024-08] 01-029-07-000,2024-08,2024,[08] August,"Caoayan, Ilocos Sur",[2] Ongoing Testing and Data Build-up,70%,,,,[B] Developmental,B,01-029-07-000,Caoayan,Ilocos Sur,Region I (Ilocos Region),Municipality,4th,R1,C
[2024-09] 01-029-07-000,2024-09,2024,[09] September,"Caoayan, Ilocos Sur",[2] Ongoing Testing and Data Build-up,70%,,,,[B] Developmental,B,01-029-07-000,Caoayan,Ilocos Sur,Region I (Ilocos Region),Municipality,4th,R1,C
[2024-08] 04-058-06-000,2024-08,2024,[08] August,"Cardona, Rizal",[1] Operational,,,,,[A] Operational,B,04-058-06-000,Cardona,Rizal,Region IV-A (CALABARZON),Municipality,3rd,R4A,F
[2024-09] 04-058-06-000,2024-09,2024,[09] September,"Cardona, Rizal",[1] Operational,,,,,[A] Operational,B,04-058-06-000,Cardona,Rizal,Region IV-A (CALABARZON),Municipality,3rd,R4A,F
[2024-08] 03-077-02-000,2024-08,2024,[08] August,"Casiguran, Aurora",[2] Ongoing Testing and Data Build-up,77%,,,,[B] Developmental,B,03-077-02-000,Casiguran,Aurora,Region III (Central Luzon),Municipality,2nd,R3,E
[2024-09] 03-077-02-000,2024-09,2024,[09] September,"Casiguran, Aurora",[2] Ongoing Testing and Data Build-up,78%,,,,[B] Developmental,B,03-077-02-000,Casiguran,Aurora,Region III (Central Luzon),Municipality,2nd,R3,E
[2024-08] 11-025-05-000,2024-08,2024,[08] August,"Cateel, Davao Oriental",[2] Ongoing Testing and Data Build-up,100%,,,Waiting for the actual transaction,[B] Developmental,B,11-025-05-000,Cateel,Davao Oriental,Region XI (Davao Region),Municipality,2nd,R11,P
[2024-09] 11-025-05-000,2024-09,2024,[09] September,"Cateel, Davao Oriental",[1] Operational,,,,,[A] Operational,B,11-025-05-000,Cateel,Davao Oriental,Region XI (Davao Region),Municipality,2nd,R11,P
[2024-08] 08-026-04-000,2024-08,2024,[08] August,"City of Borongan, Eastern Samar",[1] Operational,,,,,[A] Operational,A,08-026-04-000,City of Borongan,Eastern Samar,Region VIII (Eastern Visayas),City,1st (as Mun),R8,K
[2024-09] 08-026-04-000,2024-09,2024,[09] September,"City of Borongan, Eastern Samar",[1] Operational,,,,,[A] Operational,A,08-026-04-000,City of Borongan,Eastern Samar,Region VIII (Eastern Visayas),City,1st (as Mun),R8,K
[2024-08] 11-024-03-000,2024-08,2024,[08] August,"City of Digos, Davao del Sur",[1] Operational,,,,,[A] Operational,B,11-024-03-000,City of Digos,Davao del Sur,Region XI (Davao Region),City,2nd,R11,P
[2024-09] 11-024-03-000,2024-09,2024,[09] September,"City of Digos, Davao del Sur",[1] Operational,,,,,[A] Operational,B,11-024-03-000,City of Digos,Davao del Sur,Region XI (Davao Region),City,2nd,R11,P
[2024-08] 06-045-10-000,2024-08,2024,[08] August,"City of Himamaylan, Negros Occidental",[1] Operational,,,,,[A] Operational,B,06-045-10-000,City of Himamaylan,Negros Occidental,Region VI (Western Visayas),City,3rd,R6,I
[2024-09] 06-045-10-000,2024-09,2024,[09] September,"City of Himamaylan, Negros Occidental",[1] Operational,,,,,[A] Operational,B,06-045-10-000,City of Himamaylan,Negros Occidental,Region VI (Western Visayas),City,3rd,R6,I
[2024-08] 02-031-14-000,2024-08,2024,[08] August,"City of Ilagan, Isabela",[1] Operational,,,,,[A] Operational,A,02-031-14-000,City of Ilagan,Isabela,Region II (Cagayan Valley),City,1st (as Mun),R2,D
[2024-09] 02-031-14-000,2024-09,2024,[09] September,"City of Ilagan, Isabela",[1] Operational,,,,,[A] Operational,A,02-031-14-000,City of Ilagan,Isabela,Region II (Cagayan Valley),City,1st (as Mun),R2,D
[2024-08] 01-028-12-000,2024-08,2024,[08] August,"City of Laoag, Ilocos Norte",[1] Operational,,,,,[A] Operational,B,01-028-12-000,City of Laoag,Ilocos Norte,Region I (Ilocos Region),City,3rd,R1,C
[2024-09] 01-028-12-000,2024-09,2024,[09] September,"City of Laoag, Ilocos Norte",[1] Operational,,,,,[A] Operational,B,01-028-12-000,City of Laoag,Ilocos Norte,Region I (Ilocos Region),City,3rd,R1,C
[2024-08] 03-314-00-000,2024-08,2024,[08] August,"City of Olongapo, Zambales",[2] Ongoing Testing and Data Build-up,72%,,,,[B] Developmental,B,03-314-00-000,City of Olongapo,Zambales,Region III (Central Luzon),City,1st,R3,E
[2024-09] 03-314-00-000,2024-09,2024,[09] September,"City of Olongapo, Zambales",[2] Ongoing Testing and Data Build-up,72%,,,,[B] Developmental,B,03-314-00-000,City of Olongapo,Zambales,Region III (Central Luzon),City,1st,R3,E
[2024-08] 03-014-20-000,2024-08,2024,[08] August,"City of San Jose Del Monte, Bulacan",[2] Ongoing Testing and Data Build-up,60%,,intended to withdraw,,[B] Developmental,B,03-014-20-000,City of San Jose Del Monte,Bulacan,Region III (Central Luzon),City,1st,R3,E
[2024-09] 03-014-20-000,2024-09,2024,[09] September,"City of San Jose Del Monte, Bulacan",[2] Ongoing Testing and Data Build-up,60%,,intended to withdraw,,[B] Developmental,B,03-014-20-000,City of San Jose Del Monte,Bulacan,Region III (Central Luzon),City,1st,R3,E
[2024-08] 14-032-13-000,2024-08,2024,[08] August,"City of Tabuk, Kalinga",[1] Operational,,,,,[A] Operational,A,14-032-13-000,City of Tabuk,Kalinga,Cordillera Administrative Region (CAR),City,5th,CAR,B
[2024-09] 14-032-13-000,2024-09,2024,[09] September,"City of Tabuk, Kalinga",[1] Operational,,,,,[A] Operational,A,14-032-13-000,City of Tabuk,Kalinga,Cordillera Administrative Region (CAR),City,5th,CAR,B
[2024-08] 10-043-06-000,2024-08,2024,[08] August,"Claveria, Misamis Oriental",[1] Operational,,,,,[A] Operational,A,10-043-06-000,Claveria,Misamis Oriental,Region X (Northern Mindanao),Municipality,1st,R10,N
[2024-09] 10-043-06-000,2024-09,2024,[09] September,"Claveria, Misamis Oriental",[1] Operational,,,,,[A] Operational,A,10-043-06-000,Claveria,Misamis Oriental,Region X (Northern Mindanao),Municipality,1st,R10,N
[2024-08] 12-065-02-000,2024-08,2024,[08] August,"Columbio, Sultan Kudarat",[1] Operational,,,,,[A] Operational,B,12-065-02-000,Columbio,Sultan Kudarat,Region XII (SOCCSKSARGEN),Municipality,1st,R12,Q
[2024-09] 12-065-02-000,2024-09,2024,[09] September,"Columbio, Sultan Kudarat",[1] Operational,,,,,[A] Operational,B,12-065-02-000,Columbio,Sultan Kudarat,Region XII (SOCCSKSARGEN),Municipality,1st,R12,Q
[2024-08] 17-053-09-000,2024-08,2024,[08] August,"Coron, Palawan",[1] Operational,,,,,[A] Operational,A,17-053-09-000,Coron,Palawan,MIMAROPA Region,Municipality,1st,R4B,G
[2024-09] 17-053-09-000,2024-09,2024,[09] September,"Coron, Palawan",[1] Operational,,,,,[A] Operational,A,17-053-09-000,Coron,Palawan,MIMAROPA Region,Municipality,1st,R4B,G
[2024-08] 17-053-22-000,2024-08,2024,[08] August,"Culion, Palawan",[3] With Concerns,,"WP integrated on the system, waiting to complete the updated LRC to fully adpot and Integrate the system",,"WP integrated on the system, waiting to complete the updated LRC to fully adpot and Integrate the system",[A] Operational,B,17-053-22-000,Culion,Palawan,MIMAROPA Region,Municipality,3rd,R4B,G
[2024-09] 17-053-22-000,2024-09,2024,[09] September,"Culion, Palawan",[3] With Concerns,,"WP integrated on the system, waiting to complete the updated LRC to fully adpot and Integrate the system",,"WP integrated on the system, waiting to complete the updated LRC to fully adpot and Integrate the system",[A] Operational,B,17-053-22-000,Culion,Palawan,MIMAROPA Region,Municipality,3rd,R4B,G
[2024-08] 07-046-09-000,2024-08,2024,[08] August,"Dauin, Negros Oriental",[2] Ongoing Testing and Data Build-up,,,,,[B] Developmental,B,07-046-09-000,Dauin,Negros Oriental,Region VII (Central Visayas),Municipality,4th,R7,J
[2024-09] 07-046-09-000,2024-09,2024,[09] September,"Dauin, Negros Oriental",[2] Ongoing Testing and Data Build-up,,,,,[B] Developmental,B,07-046-09-000,Dauin,Negros Oriental,Region VII (Central Visayas),Municipality,4th,R7,J
[2024-08] 17-053-12-000,2024-08,2024,[08] August,"El Nido, Palawan",[1] Operational,,,,,[A] Operational,A,17-053-12-000,El Nido,Palawan,MIMAROPA Region,Municipality,1st,R4B,G
[2024-09] 17-053-12-000,2024-09,2024,[09] September,"El Nido, Palawan",[1] Operational,,,,,[A] Operational,A,17-053-12-000,El Nido,Palawan,MIMAROPA Region,Municipality,1st,R4B,G
[2024-08] 07-061-01-000,2024-08,2024,[08] August,"Enrique Villanueva, Siquijor",[1] Operational,,,,,[A] Operational,B,07-061-01-000,Enrique Villanueva,Siquijor,Region VII (Central Visayas),Municipality,5th,R7,J
[2024-09] 07-061-01-000,2024-09,2024,[09] September,"Enrique Villanueva, Siquijor",[1] Operational,,,,,[A] Operational,B,07-061-01-000,Enrique Villanueva,Siquijor,Region VII (Central Visayas),Municipality,5th,R7,J
[2024-08] 12-065-03-000,2024-08,2024,[08] August,"Esperanza, Sultan Kudarat",[1] Operational,,,,,[A] Operational,B,12-065-03-000,Esperanza,Sultan Kudarat,Region XII (SOCCSKSARGEN),Municipality,1st,R12,Q
[2024-09] 12-065-03-000,2024-09,2024,[09] September,"Esperanza, Sultan Kudarat",[1] Operational,,,,,[A] Operational,B,12-065-03-000,Esperanza,Sultan Kudarat,Region XII (SOCCSKSARGEN),Municipality,1st,R12,Q
[2024-08] 04-034-08-000,2024-08,2024,[08] August,"Famy, Laguna",[1] Operational,,,,Operational but not utilized,[A] Operational,B,04-034-08-000,Famy,Laguna,Region IV-A (CALABARZON),Municipality,5th,R4A,F
[2024-09] 04-034-08-000,2024-09,2024,[09] September,"Famy, Laguna",[1] Operational,,,,Operational but not utilized,[A] Operational,B,04-034-08-000,Famy,Laguna,Region IV-A (CALABARZON),Municipality,5th,R4A,F
[2024-08] 17-059-16-000,2024-08,2024,[08] August,"Ferrol, Romblon",[1] Operational,,,,,[A] Operational,B,17-059-16-000,Ferrol,Romblon,MIMAROPA Region,Municipality,6th,R4B,G
[2024-09] 17-059-16-000,2024-09,2024,[09] September,"Ferrol, Romblon",[1] Operational,,,,,[A] Operational,B,17-059-16-000,Ferrol,Romblon,MIMAROPA Region,Municipality,6th,R4B,G
[2024-08] 04-021-07-000,2024-08,2024,[08] August,"General Emilio Aguinaldo, Cavite",[2] Ongoing Testing and Data Build-up,88%,,,,[B] Developmental,B,04-021-07-000,General Emilio Aguinaldo,Cavite,Region IV-A (CALABARZON),Municipality,5th,R4A,F
[2024-09] 04-021-07-000,2024-09,2024,[09] September,"General Emilio Aguinaldo, Cavite",[2] Ongoing Testing and Data Build-up,89%,,,,[B] Developmental,B,04-021-07-000,General Emilio Aguinaldo,Cavite,Region IV-A (CALABARZON),Municipality,5th,R4A,F
[2024-08] 04-056-16-000,2024-08,2024,[08] August,"General Luna, Quezon",[1] Operational,,,,,[A] Operational,A,04-056-16-000,General Luna,Quezon,Region IV-A (CALABARZON),Municipality,4th,R4A,F
[2024-09] 04-056-16-000,2024-09,2024,[09] September,"General Luna, Quezon",[1] Operational,,,,,[A] Operational,A,04-056-16-000,General Luna,Quezon,Region IV-A (CALABARZON),Municipality,4th,R4A,F
[2024-08] 04-056-17-000,2024-08,2024,[08] August,"General Nakar, Quezon",[1] Operational,,,,,[A] Operational,B,04-056-17-000,General Nakar,Quezon,Region IV-A (CALABARZON),Municipality,1st,R4A,F
[2024-09] 04-056-17-000,2024-09,2024,[09] September,"General Nakar, Quezon",[1] Operational,,,,,[A] Operational,B,04-056-17-000,General Nakar,Quezon,Region IV-A (CALABARZON),Municipality,1st,R4A,F
[2024-08] 17-052-06-000,2024-08,2024,[08] August,"Gloria, Oriental Mindoro",[2] Ongoing Testing and Data Build-up,50%,,,,[B] Developmental,B,17-052-06-000,Gloria,Oriental Mindoro,MIMAROPA Region,Municipality,3rd,R4B,G
[2024-09] 17-052-06-000,2024-09,2024,[09] September,"Gloria, Oriental Mindoro",[2] Ongoing Testing and Data Build-up,50%,,,,[B] Developmental,B,17-052-06-000,Gloria,Oriental Mindoro,MIMAROPA Region,Municipality,3rd,R4B,G
[2024-08] 04-056-19-000,2024-08,2024,[08] August,"Gumaca, Quezon",[1] Operational,,,,Operational but not utilized,[A] Operational,B,04-056-19-000,Gumaca,Quezon,Region IV-A (CALABARZON),Municipality,1st,R4A,F
[2024-09] 04-056-19-000,2024-09,2024,[09] September,"Gumaca, Quezon",[1] Operational,,,,Operational but not utilized,[A] Operational,B,04-056-19-000,Gumaca,Quezon,Region IV-A (CALABARZON),Municipality,1st,R4A,F
[2024-08] 14-027-02-000,2024-08,2024,[08] August,"Hungduan, Ifugao",[1] Operational,,,,,[A] Operational,B,14-027-02-000,Hungduan,Ifugao,Cordillera Administrative Region (CAR),Municipality,4th,CAR,B
[2024-09] 14-027-02-000,2024-09,2024,[09] September,"Hungduan, Ifugao",[1] Operational,,,,,[A] Operational,B,14-027-02-000,Hungduan,Ifugao,Cordillera Administrative Region (CAR),Municipality,4th,CAR,B
[2024-08] 04-056-20-000,2024-08,2024,[08] August,"Infanta, Quezon",[1] Operational,,,,,[A] Operational,B,04-056-20-000,Infanta,Quezon,Region IV-A (CALABARZON),Municipality,1st,R4A,F
[2024-09] 04-056-20-000,2024-09,2024,[09] September,"Infanta, Quezon",[1] Operational,,,,,[A] Operational,B,04-056-20-000,Infanta,Quezon,Region IV-A (CALABARZON),Municipality,1st,R4A,F
[2024-08] 12-065-04-000,2024-08,2024,[08] August,"Isulan, Sultan Kudarat",[1] Operational,,,,,[A] Operational,B,12-065-04-000,Isulan,Sultan Kudarat,Region XII (SOCCSKSARGEN),Municipality,1st,R12,Q
[2024-09] 12-065-04-000,2024-09,2024,[09] September,"Isulan, Sultan Kudarat",[1] Operational,,,,,[A] Operational,B,12-065-04-000,Isulan,Sultan Kudarat,Region XII (SOCCSKSARGEN),Municipality,1st,R12,Q
[2024-08] 10-043-11-000,2024-08,2024,[08] August,"Jasaan, Misamis Oriental",[2] Ongoing Testing and Data Build-up,10%,,Schedule for training,For training on 2024,[B] Developmental,B,10-043-11-000,Jasaan,Misamis Oriental,Region X (Northern Mindanao),Municipality,2nd,R10,N
[2024-09] 10-043-11-000,2024-09,2024,[09] September,"Jasaan, Misamis Oriental",[2] Ongoing Testing and Data Build-up,10%,,Schedule for training,For training on 2024,[B] Developmental,B,10-043-11-000,Jasaan,Misamis Oriental,Region X (Northern Mindanao),Municipality,2nd,R10,N
[2024-08] 12-047-03-000,2024-08,2024,[08] August,"Kabacan, Cotabato",[1] Operational,,,,,[A] Operational,A,12-047-03-000,Kabacan,Cotabato,Region XII (SOCCSKSARGEN),Municipality,1st,R12,Q
[2024-09] 12-047-03-000,2024-09,2024,[09] September,"Kabacan, Cotabato",[1] Operational,,,,,[A] Operational,A,12-047-03-000,Kabacan,Cotabato,Region XII (SOCCSKSARGEN),Municipality,1st,R12,Q
[2024-08] 11-082-02-000,2024-08,2024,[08] August,"Laak, Davao de Oro",[1] Operational,,,,,[A] Operational,B,11-082-02-000,Laak,Davao de Oro,Region XI (Davao Region),Municipality,1st,R11,P
[2024-09] 11-082-02-000,2024-09,2024,[09] September,"Laak, Davao de Oro",[1] Operational,,,,,[A] Operational,B,11-082-02-000,Laak,Davao de Oro,Region XI (Davao Region),Municipality,1st,R11,P
[2024-08] 12-065-08-000,2024-08,2024,[08] August,"Lambayong, Sultan Kudarat",[1] Operational,,,,,[A] Operational,B,12-065-08-000,Lambayong,Sultan Kudarat,Region XII (SOCCSKSARGEN),Municipality,2nd,R12,Q
[2024-09] 12-065-08-000,2024-09,2024,[09] September,"Lambayong, Sultan Kudarat",[1] Operational,,,,,[A] Operational,B,12-065-08-000,Lambayong,Sultan Kudarat,Region XII (SOCCSKSARGEN),Municipality,2nd,R12,Q
[2024-08] 14-027-05-000,2024-08,2024,[08] August,"Lamut, Ifugao",[1] Operational,,,,,[A] Operational,B,14-027-05-000,Lamut,Ifugao,Cordillera Administrative Region (CAR),Municipality,4th,CAR,B
[2024-09] 14-027-05-000,2024-09,2024,[09] September,"Lamut, Ifugao",[1] Operational,,,,,[A] Operational,B,14-027-05-000,Lamut,Ifugao,Cordillera Administrative Region (CAR),Municipality,4th,CAR,B
[2024-08] 16-002-07-000,2024-08,2024,[08] August,"Las Nieves, Agusan del Norte",[1] Operational,,,,,[A] Operational,B,16-002-07-000,Las Nieves,Agusan del Norte,Region XIII (Caraga),Municipality,2nd,R13,O
[2024-09] 16-002-07-000,2024-09,2024,[09] September,"Las Nieves, Agusan del Norte",[1] Operational,,,,,[A] Operational,B,16-002-07-000,Las Nieves,Agusan del Norte,Region XIII (Caraga),Municipality,2nd,R13,O
[2024-08] 06-006-09-000,2024-08,2024,[08] August,"Laua-An, Antique",[1] Operational,,,,,[A] Operational,B,06-006-09-000,Laua-An,Antique,Region VI (Western Visayas),Municipality,4th,R6,I
[2024-09] 06-006-09-000,2024-09,2024,[09] September,"Laua-An, Antique",[1] Operational,,,,,[A] Operational,B,06-006-09-000,Laua-An,Antique,Region VI (Western Visayas),Municipality,4th,R6,I
[2024-08] 12-047-05-000,2024-08,2024,[08] August,"Libungan, Cotabato",[1] Operational,,,,,[A] Operational,B,12-047-05-000,Libungan,Cotabato,Region XII (SOCCSKSARGEN),Municipality,2nd,R12,Q
[2024-09] 12-047-05-000,2024-09,2024,[09] September,"Libungan, Cotabato",[1] Operational,,,,,[A] Operational,B,12-047-05-000,Libungan,Cotabato,Region XII (SOCCSKSARGEN),Municipality,2nd,R12,Q
[2024-08] 04-010-15-000,2024-08,2024,[08] August,"Lobo, Batangas",[1] Operational,,,,,[A] Operational,B,04-010-15-000,Lobo,Batangas,Region IV-A (CALABARZON),Municipality,3rd,R4A,F
[2024-09] 04-010-15-000,2024-09,2024,[09] September,"Lobo, Batangas",[1] Operational,,,,,[A] Operational,B,04-010-15-000,Lobo,Batangas,Region IV-A (CALABARZON),Municipality,3rd,R4A,F
[2024-08] 17-051-03-000,2024-08,2024,[08] August,"Looc, Occidental Mindoro",[1] Operational,,,,,[A] Operational,B,17-051-03-000,Looc,Occidental Mindoro,MIMAROPA Region,Municipality,5th,R4B,G
[2024-09] 17-051-03-000,2024-09,2024,[09] September,"Looc, Occidental Mindoro",[1] Operational,,,,,[A] Operational,B,17-051-03-000,Looc,Occidental Mindoro,MIMAROPA Region,Municipality,5th,R4B,G
[2024-08] 17-059-07-000,2024-08,2024,[08] August,"Looc, Romblon",[1] Operational,,,,,[A] Operational,B,17-059-07-000,Looc,Romblon,MIMAROPA Region,Municipality,4th,R4B,G
[2024-09] 17-059-07-000,2024-09,2024,[09] September,"Looc, Romblon",[1] Operational,,,,,[A] Operational,B,17-059-07-000,Looc,Romblon,MIMAROPA Region,Municipality,4th,R4B,G
[2024-08] 11-025-07-000,2024-08,2024,[08] August,"Lupon, Davao Oriental",[1] Operational,,,,,[A] Operational,A,11-025-07-000,Lupon,Davao Oriental,Region XI (Davao Region),Municipality,1st,R11,P
[2024-09] 11-025-07-000,2024-09,2024,[09] September,"Lupon, Davao Oriental",[1] Operational,,,,,[A] Operational,A,11-025-07-000,Lupon,Davao Oriental,Region XI (Davao Region),Municipality,1st,R11,P
[2024-08] 07-046-14-000,2024-08,2024,[08] August,"Mabinay, Negros Oriental",[1] Operational,,,,,[A] Operational,B,07-046-14-000,Mabinay,Negros Oriental,Region VII (Central Visayas),Municipality,1st,R7,J
[2024-09] 07-046-14-000,2024-09,2024,[09] September,"Mabinay, Negros Oriental",[1] Operational,,,,,[A] Operational,B,07-046-14-000,Mabinay,Negros Oriental,Region VII (Central Visayas),Municipality,1st,R7,J
[2024-08] 03-054-10-000,2024-08,2024,[08] August,"Macabebe, Pampanga",[2] Ongoing Testing and Data Build-up,97%,,,,[B] Developmental,A,03-054-10-000,Macabebe,Pampanga,Region III (Central Luzon),Municipality,1st,R3,E
[2024-09] 03-054-10-000,2024-09,2024,[09] September,"Macabebe, Pampanga",[2] Ongoing Testing and Data Build-up,98%,,,,[B] Developmental,A,03-054-10-000,Macabebe,Pampanga,Region III (Central Luzon),Municipality,1st,R3,E
[2024-08] 07-022-28-000,2024-08,2024,[08] August,"Madridejos, Cebu",[2] Ongoing Testing and Data Build-up,,,,,[B] Developmental,B,07-022-28-000,Madridejos,Cebu,Region VII (Central Visayas),Municipality,4th,R7,J
[2024-09] 07-022-28-000,2024-09,2024,[09] September,"Madridejos, Cebu",[2] Ongoing Testing and Data Build-up,,,,,[B] Developmental,B,07-022-28-000,Madridejos,Cebu,Region VII (Central Visayas),Municipality,4th,R7,J
[2024-08] 03-054-11-000,2024-08,2024,[08] August,"Magalang, Pampanga",[2] Ongoing Testing and Data Build-up,70%,,,,[B] Developmental,B,03-054-11-000,Magalang,Pampanga,Region III (Central Luzon),Municipality,1st,R3,E
[2024-09] 03-054-11-000,2024-09,2024,[09] September,"Magalang, Pampanga",[2] Ongoing Testing and Data Build-up,75%,,,,[B] Developmental,B,03-054-11-000,Magalang,Pampanga,Region III (Central Luzon),Municipality,1st,R3,E
[2024-08] 04-021-12-000,2024-08,2024,[08] August,"Magallanes, Cavite",[2] Ongoing Testing and Data Build-up,89%,,,,[B] Developmental,B,04-021-12-000,Magallanes,Cavite,Region IV-A (CALABARZON),Municipality,4th,R4A,F
[2024-09] 04-021-12-000,2024-09,2024,[09] September,"Magallanes, Cavite",[2] Ongoing Testing and Data Build-up,90%,,,,[B] Developmental,B,04-021-12-000,Magallanes,Cavite,Region IV-A (CALABARZON),Municipality,4th,R4A,F
[2024-08] 06-004-12-000,2024-08,2024,[08] August,"Malay, Aklan",[1] Operational,,,,,[A] Operational,B,06-004-12-000,Malay,Aklan,Region VI (Western Visayas),Municipality,1st,R6,I
[2024-09] 06-004-12-000,2024-09,2024,[09] September,"Malay, Aklan",[1] Operational,,,,,[A] Operational,B,06-004-12-000,Malay,Aklan,Region VI (Western Visayas),Municipality,1st,R6,I
[2024-08] 11-025-08-000,2024-08,2024,[08] August,"Manay, Davao Oriental",[1] Operational,,,,,[A] Operational,A,11-025-08-000,Manay,Davao Oriental,Region XI (Davao Region),Municipality,2nd,R11,P
[2024-09] 11-025-08-000,2024-09,2024,[09] September,"Manay, Davao Oriental",[1] Operational,,,,,[A] Operational,A,11-025-08-000,Manay,Davao Oriental,Region XI (Davao Region),Municipality,2nd,R11,P
[2024-08] 12-047-08-000,2024-08,2024,[08] August,"Matalam, Cotabato",[1] Operational,,,,,[A] Operational,B,12-047-08-000,Matalam,Cotabato,Region XII (SOCCSKSARGEN),Municipality,1st,R12,Q
[2024-09] 12-047-08-000,2024-09,2024,[09] September,"Matalam, Cotabato",[1] Operational,,,,,[A] Operational,B,12-047-08-000,Matalam,Cotabato,Region XII (SOCCSKSARGEN),Municipality,1st,R12,Q
[2024-08] 11-082-06-000,2024-08,2024,[08] August,"Mawab, Davao de Oro",[1] Operational,,,,,[A] Operational,B,11-082-06-000,Mawab,Davao de Oro,Region XI (Davao Region),Municipality,3rd,R11,P
[2024-09] 11-082-06-000,2024-09,2024,[09] September,"Mawab, Davao de Oro",[1] Operational,,,,,[A] Operational,B,11-082-06-000,Mawab,Davao de Oro,Region XI (Davao Region),Municipality,3rd,R11,P
[2024-08] 10-043-19-000,2024-08,2024,[08] August,"Medina, Misamis Oriental",[2] Ongoing Testing and Data Build-up,10%,,Schedule for training,For training on 2024,[B] Developmental,B,10-043-19-000,Medina,Misamis Oriental,Region X (Northern Mindanao),Municipality,4th,R10,N
[2024-09] 10-043-19-000,2024-09,2024,[09] September,"Medina, Misamis Oriental",[2] Ongoing Testing and Data Build-up,10%,,Schedule for training,For training on 2024,[B] Developmental,B,10-043-19-000,Medina,Misamis Oriental,Region X (Northern Mindanao),Municipality,4th,R10,N
[2024-08] 17-052-08-000,2024-08,2024,[08] August,"Naujan, Oriental Mindoro",[1] Operational,,,,,[A] Operational,B,17-052-08-000,Naujan,Oriental Mindoro,MIMAROPA Region,Municipality,1st,R4B,G
[2024-09] 17-052-08-000,2024-09,2024,[09] September,"Naujan, Oriental Mindoro",[1] Operational,,,,,[A] Operational,B,17-052-08-000,Naujan,Oriental Mindoro,MIMAROPA Region,Municipality,1st,R4B,G
[2024-08] 11-082-10-000,2024-08,2024,[08] August,"New Bataan, Davao de Oro",[1] Operational,,,,,[A] Operational,B,11-082-10-000,New Bataan,Davao de Oro,Region XI (Davao Region),Municipality,1st,R11,P
[2024-09] 11-082-10-000,2024-09,2024,[09] September,"New Bataan, Davao de Oro",[1] Operational,,,,,[A] Operational,B,11-082-10-000,New Bataan,Davao de Oro,Region XI (Davao Region),Municipality,1st,R11,P
[2024-08] 04-034-18-000,2024-08,2024,[08] August,"Paete, Laguna",[1] Operational,,,,,[A] Operational,A,04-034-18-000,Paete,Laguna,Region IV-A (CALABARZON),Municipality,4th,R4A,F
[2024-09] 04-034-18-000,2024-09,2024,[09] September,"Paete, Laguna",[1] Operational,,,,,[A] Operational,A,04-034-18-000,Paete,Laguna,Region IV-A (CALABARZON),Municipality,4th,R4A,F
[2024-08] 19-087-09-000,2024-08,2024,[08] August,"Parang, Maguindanao del Norte",[1] Operational,,,,,[A] Operational,B,19-087-09-000,Parang,Maguindanao del Norte,Bangsamoro Autonomous Region In Muslim Mindanao (BARMM),Municipality,1st*,BARMM II,R
[2024-09] 19-087-09-000,2024-09,2024,[09] September,"Parang, Maguindanao del Norte",[1] Operational,,,,,[A] Operational,B,19-087-09-000,Parang,Maguindanao del Norte,Bangsamoro Autonomous Region In Muslim Mindanao (BARMM),Municipality,1st*,BARMM II,R
[2024-08] 08-037-41-000,2024-08,2024,[08] August,"Pastrana, Leyte",[1] Operational,,,,,[A] Operational,B,08-037-41-000,Pastrana,Leyte,Region VIII (Eastern Visayas),Municipality,5th*,R8,K
[2024-09] 08-037-41-000,2024-09,2024,[09] September,"Pastrana, Leyte",[1] Operational,,,,,[A] Operational,B,08-037-41-000,Pastrana,Leyte,Region VIII (Eastern Visayas),Municipality,5th*,R8,K
[2024-08] 12-047-11-000,2024-08,2024,[08] August,"Pigkawayan, Cotabato",[1] Operational,,,,,[A] Operational,B,12-047-11-000,Pigkawayan,Cotabato,Region XII (SOCCSKSARGEN),Municipality,1st,R12,Q
[2024-09] 12-047-11-000,2024-09,2024,[09] September,"Pigkawayan, Cotabato",[1] Operational,,,,,[A] Operational,B,12-047-11-000,Pigkawayan,Cotabato,Region XII (SOCCSKSARGEN),Municipality,1st,R12,Q
[2024-08] 12-047-12-000,2024-08,2024,[08] August,"Pikit, Cotabato",[1] Operational,,,,,[A] Operational,B,12-047-12-000,Pikit,Cotabato,Region XII (SOCCSKSARGEN),Municipality,1st,R12,Q
[2024-09] 12-047-12-000,2024-09,2024,[09] September,"Pikit, Cotabato",[1] Operational,,,,,[A] Operational,B,12-047-12-000,Pikit,Cotabato,Region XII (SOCCSKSARGEN),Municipality,1st,R12,Q
[2024-08] 17-052-09-000,2024-08,2024,[08] August,"Pinamalayan, Oriental Mindoro",[1] Operational,,,,,[A] Operational,A,17-052-09-000,Pinamalayan,Oriental Mindoro,MIMAROPA Region,Municipality,1st,R4B,G
[2024-09] 17-052-09-000,2024-09,2024,[09] September,"Pinamalayan, Oriental Mindoro",[1] Operational,,,,,[A] Operational,A,17-052-09-000,Pinamalayan,Oriental Mindoro,MIMAROPA Region,Municipality,1st,R4B,G
[2024-08] 07-022-37-000,2024-08,2024,[08] August,"Pinamungajan, Cebu",[1] Operational,,,,,[A] Operational,B,07-022-37-000,Pinamungajan,Cebu,Region VII (Central Visayas),Municipality,2nd,R7,J
[2024-09] 07-022-37-000,2024-09,2024,[09] September,"Pinamungajan, Cebu",[1] Operational,,,,,[A] Operational,B,07-022-37-000,Pinamungajan,Cebu,Region VII (Central Visayas),Municipality,2nd,R7,J
[2024-08] 04-056-34-000,2024-08,2024,[08] August,"Pitogo, Quezon",[2] Ongoing Testing and Data Build-up,89%,,,,[B] Developmental,B,04-056-34-000,Pitogo,Quezon,Region IV-A (CALABARZON),Municipality,4th,R4A,F
[2024-09] 04-056-34-000,2024-09,2024,[09] September,"Pitogo, Quezon",[2] Ongoing Testing and Data Build-up,90%,,,,[B] Developmental,B,04-056-34-000,Pitogo,Quezon,Region IV-A (CALABARZON),Municipality,4th,R4A,F
[2024-08] 04-056-36-000,2024-08,2024,[08] August,"Polillo, Quezon",[1] Operational,,,,,[A] Operational,B,04-056-36-000,Polillo,Quezon,Region IV-A (CALABARZON),Municipality,3rd,R4A,F
[2024-09] 04-056-36-000,2024-09,2024,[09] September,"Polillo, Quezon",[1] Operational,,,,,[A] Operational,B,04-056-36-000,Polillo,Quezon,Region IV-A (CALABARZON),Municipality,3rd,R4A,F
[2024-08] 14-081-06-000,2024-08,2024,[08] August,"Pudtol, Apayao",[1] Operational,,,,,[A] Operational,B,14-081-06-000,Pudtol,Apayao,Cordillera Administrative Region (CAR),Municipality,4th,CAR,B
[2024-09] 14-081-06-000,2024-09,2024,[09] September,"Pudtol, Apayao",[1] Operational,,,,,[A] Operational,B,14-081-06-000,Pudtol,Apayao,Cordillera Administrative Region (CAR),Municipality,4th,CAR,B
[2024-08] 04-056-37-000,2024-08,2024,[08] August,"Quezon, Quezon",[2] Ongoing Testing and Data Build-up,89%,,,,[B] Developmental,B,04-056-37-000,Quezon,Quezon,Region IV-A (CALABARZON),Municipality,5th,R4A,F
[2024-09] 04-056-37-000,2024-09,2024,[09] September,"Quezon, Quezon",[2] Ongoing Testing and Data Build-up,90%,,,,[B] Developmental,B,04-056-37-000,Quezon,Quezon,Region IV-A (CALABARZON),Municipality,5th,R4A,F
[2024-08] 03-049-23-000,2024-08,2024,[08] August,"Rizal, Nueva Ecija",[1] Operational,,,,,[A] Operational,A,03-049-23-000,Rizal,Nueva Ecija,Region III (Central Luzon),Municipality,2nd,R3,E
[2024-09] 03-049-23-000,2024-09,2024,[09] September,"Rizal, Nueva Ecija",[1] Operational,,,,,[A] Operational,A,03-049-23-000,Rizal,Nueva Ecija,Region III (Central Luzon),Municipality,2nd,R3,E
[2024-08] 14-011-12-000,2024-08,2024,[08] August,"Sablan, Benguet",[1] Operational,,,,,[A] Operational,A,14-011-12-000,Sablan,Benguet,Cordillera Administrative Region (CAR),Municipality,5th,CAR,B
[2024-09] 14-011-12-000,2024-09,2024,[09] September,"Sablan, Benguet",[1] Operational,,,,,[A] Operational,A,14-011-12-000,Sablan,Benguet,Cordillera Administrative Region (CAR),Municipality,5th,CAR,B
[2024-08] 04-056-39-000,2024-08,2024,[08] August,"Sampaloc, Quezon",[1] Operational,,,,,[A] Operational,B,04-056-39-000,Sampaloc,Quezon,Region IV-A (CALABARZON),Municipality,5th,R4A,F
[2024-09] 04-056-39-000,2024-09,2024,[09] September,"Sampaloc, Quezon",[1] Operational,,,,,[A] Operational,B,04-056-39-000,Sampaloc,Quezon,Region IV-A (CALABARZON),Municipality,5th,R4A,F
[2024-08] 16-003-08-000,2024-08,2024,[08] August,"San Francisco, Agusan del Sur",[1] Operational,,,,,[A] Operational,A,16-003-08-000,San Francisco,Agusan del Sur,Region XIII (Caraga),Municipality,1st,R13,O
[2024-09] 16-003-08-000,2024-09,2024,[09] September,"San Francisco, Agusan del Sur",[1] Operational,,,,,[A] Operational,A,16-003-08-000,San Francisco,Agusan del Sur,Region XIII (Caraga),Municipality,1st,R13,O
[2024-08] 07-022-42-000,2024-08,2024,[08] August,"San Francisco, Cebu",[2] Ongoing Testing and Data Build-up,,,,,[B] Developmental,B,07-022-42-000,San Francisco,Cebu,Region VII (Central Visayas),Municipality,3rd,R7,J
[2024-09] 07-022-42-000,2024-09,2024,[09] September,"San Francisco, Cebu",[2] Ongoing Testing and Data Build-up,,,,,[B] Developmental,B,07-022-42-000,San Francisco,Cebu,Region VII (Central Visayas),Municipality,3rd,R7,J
[2024-08] 11-025-10-000,2024-08,2024,[08] August,"San Isidro, Davao Oriental",[1] Operational,,,,,[A] Operational,B,11-025-10-000,San Isidro,Davao Oriental,Region XI (Davao Region),Municipality,3rd,R11,P
[2024-09] 11-025-10-000,2024-09,2024,[09] September,"San Isidro, Davao Oriental",[1] Operational,,,,,[A] Operational,B,11-025-10-000,San Isidro,Davao Oriental,Region XI (Davao Region),Municipality,3rd,R11,P
[2024-08] 06-030-40-000,2024-08,2024,[08] August,"San Joaquin, Iloilo",[1] Operational,,,,,[A] Operational,B,06-030-40-000,San Joaquin,Iloilo,Region VI (Western Visayas),Municipality,2nd,R6,I
[2024-09] 06-030-40-000,2024-09,2024,[09] September,"San Joaquin, Iloilo",[1] Operational,,,,,[A] Operational,B,06-030-40-000,San Joaquin,Iloilo,Region VI (Western Visayas),Municipality,2nd,R6,I
[2024-08] 17-051-10-000,2024-08,2024,[08] August,"San Jose, Occidental Mindoro",[1] Operational,,,,,[A] Operational,B,17-051-10-000,San Jose,Occidental Mindoro,MIMAROPA Region,Municipality,1st,R4B,G
[2024-09] 17-051-10-000,2024-09,2024,[09] September,"San Jose, Occidental Mindoro",[1] Operational,,,,,[A] Operational,B,17-051-10-000,San Jose,Occidental Mindoro,MIMAROPA Region,Municipality,1st,R4B,G
[2024-08] 04-010-24-000,2024-08,2024,[08] August,"San Luis, Batangas",[1] Operational,,,,,[A] Operational,B,04-010-24-000,San Luis,Batangas,Region IV-A (CALABARZON),Municipality,4th,R4A,F
[2024-09] 04-010-24-000,2024-09,2024,[09] September,"San Luis, Batangas",[1] Operational,,,,,[A] Operational,B,04-010-24-000,San Luis,Batangas,Region IV-A (CALABARZON),Municipality,4th,R4A,F
[2024-08] 03-054-17-000,2024-08,2024,[08] August,"San Luis, Pampanga",[1] Operational,,,,,[A] Operational,A,03-054-17-000,San Luis,Pampanga,Region III (Central Luzon),Municipality,3rd,R3,E
[2024-09] 03-054-17-000,2024-09,2024,[09] September,"San Luis, Pampanga",[1] Operational,,,,,[A] Operational,A,03-054-17-000,San Luis,Pampanga,Region III (Central Luzon),Municipality,3rd,R3,E
[2024-08] 06-030-41-000,2024-08,2024,[08] August,"San Miguel, Iloilo",[1] Operational,,,,,[A] Operational,B,06-030-41-000,San Miguel,Iloilo,Region VI (Western Visayas),Municipality,4th,R6,I
[2024-09] 06-030-41-000,2024-09,2024,[09] September,"San Miguel, Iloilo",[1] Operational,,,,,[A] Operational,B,06-030-41-000,San Miguel,Iloilo,Region VI (Western Visayas),Municipality,4th,R6,I
[2024-08] 04-010-25-000,2024-08,2024,[08] August,"San Nicolas, Batangas",[1] Operational,,,,,[A] Operational,B,04-010-25-000,San Nicolas,Batangas,Region IV-A (CALABARZON),Municipality,5th,R4A,F
[2024-09] 04-010-25-000,2024-09,2024,[09] September,"San Nicolas, Batangas",[1] Operational,,,,,[A] Operational,B,04-010-25-000,San Nicolas,Batangas,Region IV-A (CALABARZON),Municipality,5th,R4A,F
[2024-08] 17-052-13-000,2024-08,2024,[08] August,"San Teodoro, Oriental Mindoro",[1] Operational,,,,,[A] Operational,A,17-052-13-000,San Teodoro,Oriental Mindoro,MIMAROPA Region,Municipality,4th,R4B,G
[2024-09] 17-052-13-000,2024-09,2024,[09] September,"San Teodoro, Oriental Mindoro",[1] Operational,,,,,[A] Operational,A,17-052-13-000,San Teodoro,Oriental Mindoro,MIMAROPA Region,Municipality,4th,R4B,G
[2024-08] 17-053-19-000,2024-08,2024,[08] August,"San Vicente, Palawan",[2] Ongoing Testing and Data Build-up,50%,,,"WP integrated on the system, waiting to complete the updated LRC to fully adpot and Integrate the system",[B] Developmental,B,17-053-19-000,San Vicente,Palawan,MIMAROPA Region,Municipality,1st,R4B,G
[2024-09] 17-053-19-000,2024-09,2024,[09] September,"San Vicente, Palawan",[2] Ongoing Testing and Data Build-up,50%,,,"WP integrated on the system, waiting to complete the updated LRC to fully adpot and Integrate the system",[B] Developmental,B,17-053-19-000,San Vicente,Palawan,MIMAROPA Region,Municipality,1st,R4B,G
[2024-08] 03-049-29-000,2024-08,2024,[08] August,"Santo Domingo, Nueva Ecija",[1] Operational,,,,,[A] Operational,A,03-049-29-000,Santo Domingo,Nueva Ecija,Region III (Central Luzon),Municipality,3rd,R3,E
[2024-09] 03-049-29-000,2024-09,2024,[09] September,"Santo Domingo, Nueva Ecija",[1] Operational,,,,,[A] Operational,A,03-049-29-000,Santo Domingo,Nueva Ecija,Region III (Central Luzon),Municipality,3rd,R3,E
[2024-08] 06-006-16-000,2024-08,2024,[08] August,"Sibalom, Antique",[1] Operational,,,,,[A] Operational,B,06-006-16-000,Sibalom,Antique,Region VI (Western Visayas),Municipality,2nd,R6,I
[2024-09] 06-006-16-000,2024-09,2024,[09] September,"Sibalom, Antique",[1] Operational,,,,,[A] Operational,B,06-006-16-000,Sibalom,Antique,Region VI (Western Visayas),Municipality,2nd,R6,I
[2024-08] 07-046-20-000,2024-08,2024,[08] August,"Sibulan, Negros Oriental",[1] Operational,,,,,[A] Operational,B,07-046-20-000,Sibulan,Negros Oriental,Region VII (Central Visayas),Municipality,2nd,R7,J
[2024-09] 07-046-20-000,2024-09,2024,[09] September,"Sibulan, Negros Oriental",[1] Operational,,,,,[A] Operational,B,07-046-20-000,Sibulan,Negros Oriental,Region VII (Central Visayas),Municipality,2nd,R7,J
[2024-08] 04-034-29-000,2024-08,2024,[08] August,"Siniloan, Laguna",[1] Operational,,,,,[A] Operational,B,04-034-29-000,Siniloan,Laguna,Region IV-A (CALABARZON),Municipality,2nd,R4A,F
[2024-09] 04-034-29-000,2024-09,2024,[09] September,"Siniloan, Laguna",[1] Operational,,,,,[A] Operational,B,04-034-29-000,Siniloan,Laguna,Region IV-A (CALABARZON),Municipality,2nd,R4A,F
[2024-08] 01-055-41-000,2024-08,2024,[08] August,"Sison, Pangasinan",[1] Operational,,,,,[A] Operational,B,01-055-41-000,Sison,Pangasinan,Region I (Ilocos Region),Municipality,3rd,R1,C
[2024-09] 01-055-41-000,2024-09,2024,[09] September,"Sison, Pangasinan",[1] Operational,,,,,[A] Operational,B,01-055-41-000,Sison,Pangasinan,Region I (Ilocos Region),Municipality,3rd,R1,C
[2024-08] 11-024-14-000,2024-08,2024,[08] August,"Sulop, Davao del Sur",[1] Operational,,,,,[A] Operational,B,11-024-14-000,Sulop,Davao del Sur,Region XI (Davao Region),Municipality,3rd,R11,P
[2024-09] 11-024-14-000,2024-09,2024,[09] September,"Sulop, Davao del Sur",[1] Operational,,,,,[A] Operational,B,11-024-14-000,Sulop,Davao del Sur,Region XI (Davao Region),Municipality,3rd,R11,P
[2024-08] 03-049-31-000,2024-08,2024,[08] August,"Talugtug, Nueva Ecija",[2] Ongoing Testing and Data Build-up,98%,,,,[B] Developmental,A,03-049-31-000,Talugtug,Nueva Ecija,Region III (Central Luzon),Municipality,4th,R3,E
[2024-09] 03-049-31-000,2024-09,2024,[09] September,"Talugtug, Nueva Ecija",[2] Ongoing Testing and Data Build-up,100%,,,,[B] Developmental,A,03-049-31-000,Talugtug,Nueva Ecija,Region III (Central Luzon),Municipality,4th,R3,E
[2024-08] 04-058-12-000,2024-08,2024,[08] August,"Tanay, Rizal",[1] Operational,,,,,[A] Operational,B,04-058-12-000,Tanay,Rizal,Region IV-A (CALABARZON),Municipality,1st,R4A,F
[2024-09] 04-058-12-000,2024-09,2024,[09] September,"Tanay, Rizal",[1] Operational,,,,,[A] Operational,B,04-058-12-000,Tanay,Rizal,Region IV-A (CALABARZON),Municipality,1st,R4A,F
[2024-08] 06-004-17-000,2024-08,2024,[08] August,"Tangalan, Aklan",[1] Operational,,,,,[A] Operational,A,06-004-17-000,Tangalan,Aklan,Region VI (Western Visayas),Municipality,5th,R6,I
[2024-09] 06-004-17-000,2024-09,2024,[09] September,"Tangalan, Aklan",[1] Operational,,,,,[A] Operational,A,06-004-17-000,Tangalan,Aklan,Region VI (Western Visayas),Municipality,5th,R6,I
[2024-08] 14-011-13-000,2024-08,2024,[08] August,"Tuba, Benguet",[1] Operational,,,,,[A] Operational,B,14-011-13-000,Tuba,Benguet,Cordillera Administrative Region (CAR),Municipality,1st,CAR,B
[2024-09] 14-011-13-000,2024-09,2024,[09] September,"Tuba, Benguet",[1] Operational,,,,,[A] Operational,B,14-011-13-000,Tuba,Benguet,Cordillera Administrative Region (CAR),Municipality,1st,CAR,B
[2024-08] 14-011-14-000,2024-08,2024,[08] August,"Tublay, Benguet",[1] Operational,,,,,[A] Operational,B,14-011-14-000,Tublay,Benguet,Cordillera Administrative Region (CAR),Municipality,5th,CAR,B
[2024-09] 14-011-14-000,2024-09,2024,[09] September,"Tublay, Benguet",[1] Operational,,,,,[A] Operational,B,14-011-14-000,Tublay,Benguet,Cordillera Administrative Region (CAR),Municipality,5th,CAR,B
[2024-08] 07-022-52-000,2024-08,2024,[08] August,"Tuburan, Cebu",[2] Ongoing Testing and Data Build-up,,,,,[B] Developmental,B,07-022-52-000,Tuburan,Cebu,Region VII (Central Visayas),Municipality,2nd,R7,J
[2024-09] 07-022-52-000,2024-09,2024,[09] September,"Tuburan, Cebu",[2] Ongoing Testing and Data Build-up,,,,,[B] Developmental,B,07-022-52-000,Tuburan,Cebu,Region VII (Central Visayas),Municipality,2nd,R7,J
[2024-08] 04-010-34-000,2024-08,2024,[08] August,"Tuy, Batangas",[1] Operational,,,,,[A] Operational,B,04-010-34-000,Tuy,Batangas,Region IV-A (CALABARZON),Municipality,3rd,R4A,F
[2024-09] 04-010-34-000,2024-09,2024,[09] September,"Tuy, Batangas",[1] Operational,,,,,[A] Operational,B,04-010-34-000,Tuy,Batangas,Region IV-A (CALABARZON),Municipality,3rd,R4A,F
[2024-08] 19-087-13-000,2024-08,2024,[08] August,"Upi, Maguindanao del Norte",[1] Operational,,,,,[A] Operational,B,19-087-13-000,Upi,Maguindanao del Norte,Bangsamoro Autonomous Region In Muslim Mindanao (BARMM),Municipality,1st,BARMM II,R
[2024-09] 19-087-13-000,2024-09,2024,[09] September,"Upi, Maguindanao del Norte",[1] Operational,,,,,[A] Operational,B,19-087-13-000,Upi,Maguindanao del Norte,Bangsamoro Autonomous Region In Muslim Mindanao (BARMM),Municipality,1st,BARMM II,R
[2024-09] 12-047-15-000,2024-09,2024,[09] September,"Antipas, Cotabato",[1] Operational,,,,,[A] Operational,B,12-047-15-000,Antipas,Cotabato,Region XII (SOCCSKSARGEN),Municipality,2nd,R12,Q
[2024-10] 07-022-02-000,2024-10,2024,[10] October,"Alcoy, Cebu",[2] Ongoing Testing and Data Build-up,,,,LGU is working out an ordinance for the Working Permit/Occupational Permit; will priortiize implementing the WP next year,[B] Developmental,B,07-022-02-000,Alcoy,Cebu,Region VII (Central Visayas),Municipality,5th,R7,J
[2024-10] 07-046-05-000,2024-10,2024,[10] October,"Basay, Negros Oriental",[1] Operational,,,,,[A] Operational,B,07-046-05-000,Basay,Negros Oriental,Region VII (Central Visayas),Municipality,4th,R7,J
[2024-10] 07-046-09-000,2024-10,2024,[10] October,"Dauin, Negros Oriental",[2] Ongoing Testing and Data Build-up,,,,On hold data build-up; WP still not in the LGU's ordinance yet. Still deciding if they will continue the WP,[B] Developmental,B,07-046-09-000,Dauin,Negros Oriental,Region VII (Central Visayas),Municipality,4th,R7,J
[2024-10] 07-061-01-000,2024-10,2024,[10] October,"Enrique Villanueva, Siquijor",[1] Operational,,,,LGU is working out an ordinance for the Working Permit/Occupational Permit; will priortiize implementing the WP next year,[A] Operational,B,07-061-01-000,Enrique Villanueva,Siquijor,Region VII (Central Visayas),Municipality,5th,R7,J
[2024-10] 07-046-14-000,2024-10,2024,[10] October,"Mabinay, Negros Oriental",[1] Operational,,,,,[A] Operational,B,07-046-14-000,Mabinay,Negros Oriental,Region VII (Central Visayas),Municipality,1st,R7,J
[2024-10] 07-022-28-000,2024-10,2024,[10] October,"Madridejos, Cebu",[2] Ongoing Testing and Data Build-up,,,,On hold data build-up; WP still not in the LGU's ordinance yet. Still deciding if they will continue the WP,[B] Developmental,B,07-022-28-000,Madridejos,Cebu,Region VII (Central Visayas),Municipality,4th,R7,J
[2024-10] 07-022-37-000,2024-10,2024,[10] October,"Pinamungajan, Cebu",[1] Operational,,,,LGU is working out an ordinance for the Working Permit/Occupational Permit; will priortiize implementing the WP next year,[A] Operational,B,07-022-37-000,Pinamungajan,Cebu,Region VII (Central Visayas),Municipality,2nd,R7,J
[2024-10] 07-022-42-000,2024-10,2024,[10] October,"San Francisco, Cebu",[2] Ongoing Testing and Data Build-up,,,,,[B] Developmental,B,07-022-42-000,San Francisco,Cebu,Region VII (Central Visayas),Municipality,3rd,R7,J
[2024-10] 07-046-20-000,2024-10,2024,[10] October,"Sibulan, Negros Oriental",[1] Operational,,,,On hold data build-up; WP still not in the LGU's ordinance yet. Still deciding if they will continue the WP,[A] Operational,B,07-046-20-000,Sibulan,Negros Oriental,Region VII (Central Visayas),Municipality,2nd,R7,J
[2024-10] 07-022-52-000,2024-10,2024,[10] October,"Tuburan, Cebu",[2] Ongoing Testing and Data Build-up,,,,LGU is working out an ordinance for the Working Permit/Occupational Permit; will priortiize implementing the WP next year,[B] Developmental,B,07-022-52-000,Tuburan,Cebu,Region VII (Central Visayas),Municipality,2nd,R7,J
[2024-10] 08-026-04-000,2024-10,2024,[10] October,"City of Borongan, Eastern Samar",[1] Operational,,,,,[A] Operational,A,08-026-04-000,City of Borongan,Eastern Samar,Region VIII (Eastern Visayas),City,1st (as Mun),R8,K
[2024-10] 08-037-41-000,2024-10,2024,[10] October,"Pastrana, Leyte",[1] Operational,,,,,[A] Operational,B,08-037-41-000,Pastrana,Leyte,Region VIII (Eastern Visayas),Municipality,5th*,R8,K
[2024-10] 11-024-01-000,2024-10,2024,[10] October,"Bansalan, Davao del Sur",[1] Operational,,,,,[A] Operational,B,11-024-01-000,Bansalan,Davao del Sur,Region XI (Davao Region),Municipality,1st,R11,P
[2024-10] 11-025-05-000,2024-10,2024,[10] October,"Cateel, Davao Oriental",[1] Operational,,,,,[A] Operational,B,11-025-05-000,Cateel,Davao Oriental,Region XI (Davao Region),Municipality,2nd,R11,P
[2024-10] 11-024-03-000,2024-10,2024,[10] October,"City of Digos, Davao del Sur",[1] Operational,,,,,[A] Operational,B,11-024-03-000,City of Digos,Davao del Sur,Region XI (Davao Region),City,2nd,R11,P
[2024-10] 11-082-02-000,2024-10,2024,[10] October,"Laak, Davao de Oro",[1] Operational,,,,,[A] Operational,B,11-082-02-000,Laak,Davao de Oro,Region XI (Davao Region),Municipality,1st,R11,P
[2024-10] 11-025-07-000,2024-10,2024,[10] October,"Lupon, Davao Oriental",[1] Operational,,,,,[A] Operational,A,11-025-07-000,Lupon,Davao Oriental,Region XI (Davao Region),Municipality,1st,R11,P
[2024-10] 11-025-08-000,2024-10,2024,[10] October,"Manay, Davao Oriental",[1] Operational,,,,,[A] Operational,A,11-025-08-000,Manay,Davao Oriental,Region XI (Davao Region),Municipality,2nd,R11,P
[2024-10] 11-082-06-000,2024-10,2024,[10] October,"Mawab, Davao de Oro",[1] Operational,,,,,[A] Operational,B,11-082-06-000,Mawab,Davao de Oro,Region XI (Davao Region),Municipality,3rd,R11,P
[2024-10] 11-082-10-000,2024-10,2024,[10] October,"New Bataan, Davao de Oro",[1] Operational,,,,,[A] Operational,B,11-082-10-000,New Bataan,Davao de Oro,Region XI (Davao Region),Municipality,1st,R11,P
[2024-10] 11-025-10-000,2024-10,2024,[10] October,"San Isidro, Davao Oriental",[1] Operational,,,,,[A] Operational,B,11-025-10-000,San Isidro,Davao Oriental,Region XI (Davao Region),Municipality,3rd,R11,P
[2024-10] 11-024-14-000,2024-10,2024,[10] October,"Sulop, Davao del Sur",[1] Operational,,,,,[A] Operational,B,11-024-14-000,Sulop,Davao del Sur,Region XI (Davao Region),Municipality,3rd,R11,P
[2024-10] 10-043-06-000,2024-10,2024,[10] October,"Claveria, Misamis Oriental",[1] Operational,,,,,[A] Operational,A,10-043-06-000,Claveria,Misamis Oriental,Region X (Northern Mindanao),Municipality,1st,R10,N
[2024-10] 10-043-11-000,2024-10,2024,[10] October,"Jasaan, Misamis Oriental",[2] Ongoing Testing and Data Build-up,10%,,Schedule for training,For training on 2024,[B] Developmental,B,10-043-11-000,Jasaan,Misamis Oriental,Region X (Northern Mindanao),Municipality,2nd,R10,N
[2024-10] 10-043-19-000,2024-10,2024,[10] October,"Medina, Misamis Oriental",[2] Ongoing Testing and Data Build-up,10%,,Schedule for training,For training on 2024,[B] Developmental,B,10-043-19-000,Medina,Misamis Oriental,Region X (Northern Mindanao),Municipality,4th,R10,N
[2024-10] 14-044-02-000,2024-10,2024,[10] October,"Bauko, Mountain Province",[1] Operational,,,,,[A] Operational,B,14-044-02-000,Bauko,Mountain Province,Cordillera Administrative Region (CAR),Municipality,4th,CAR,B
[2024-10] 14-044-04-000,2024-10,2024,[10] October,"Bontoc, Mountain Province",[1] Operational,,,,,[A] Operational,A,14-044-04-000,Bontoc,Mountain Province,Cordillera Administrative Region (CAR),Municipality,2nd,CAR,B
[2024-10] 14-032-13-000,2024-10,2024,[10] October,"City of Tabuk, Kalinga",[1] Operational,,,,,[A] Operational,A,14-032-13-000,City of Tabuk,Kalinga,Cordillera Administrative Region (CAR),City,5th,CAR,B
[2024-10] 14-027-02-000,2024-10,2024,[10] October,"Hungduan, Ifugao",[1] Operational,,,,,[A] Operational,B,14-027-02-000,Hungduan,Ifugao,Cordillera Administrative Region (CAR),Municipality,4th,CAR,B
[2024-10] 14-027-05-000,2024-10,2024,[10] October,"Lamut, Ifugao",[1] Operational,,,,,[A] Operational,B,14-027-05-000,Lamut,Ifugao,Cordillera Administrative Region (CAR),Municipality,4th,CAR,B
[2024-10] 14-081-06-000,2024-10,2024,[10] October,"Pudtol, Apayao",[1] Operational,,,,,[A] Operational,B,14-081-06-000,Pudtol,Apayao,Cordillera Administrative Region (CAR),Municipality,4th,CAR,B
[2024-10] 14-011-12-000,2024-10,2024,[10] October,"Sablan, Benguet",[1] Operational,,,,,[A] Operational,A,14-011-12-000,Sablan,Benguet,Cordillera Administrative Region (CAR),Municipality,5th,CAR,B
[2024-10] 14-011-13-000,2024-10,2024,[10] October,"Tuba, Benguet",[1] Operational,,,,,[A] Operational,B,14-011-13-000,Tuba,Benguet,Cordillera Administrative Region (CAR),Municipality,1st,CAR,B
[2024-10] 14-011-14-000,2024-10,2024,[10] October,"Tublay, Benguet",[1] Operational,,,,,[A] Operational,B,14-011-14-000,Tublay,Benguet,Cordillera Administrative Region (CAR),Municipality,5th,CAR,B
[2024-10] 01-029-07-000,2024-10,2024,[10] October,"Caoayan, Ilocos Sur",[2] Ongoing Testing and Data Build-up,75%,,,,[B] Developmental,B,01-029-07-000,Caoayan,Ilocos Sur,Region I (Ilocos Region),Municipality,4th,R1,C
[2024-10] 01-028-12-000,2024-10,2024,[10] October,"City of Laoag, Ilocos Norte",[1] Operational,,,,,[A] Operational,B,01-028-12-000,City of Laoag,Ilocos Norte,Region I (Ilocos Region),City,3rd,R1,C
[2024-10] 01-055-41-000,2024-10,2024,[10] October,"Sison, Pangasinan",[1] Operational,,,,,[A] Operational,B,01-055-41-000,Sison,Pangasinan,Region I (Ilocos Region),Municipality,3rd,R1,C
[2024-10] 02-031-06-000,2024-10,2024,[10] October,"Cabagan, Isabela",[1] Operational,,,,,[A] Operational,B,02-031-06-000,Cabagan,Isabela,Region II (Cagayan Valley),Municipality,1st,R2,D
[2024-10] 02-031-14-000,2024-10,2024,[10] October,"City of Ilagan, Isabela",[1] Operational,,,,,[A] Operational,A,02-031-14-000,City of Ilagan,Isabela,Region II (Cagayan Valley),City,1st (as Mun),R2,D
[2024-10] 02-015-22-000,2024-10,2024,[10] October,"Sanchez-Mira, Cagayan",[1] Operational,,,,,[A] Operational,B,02-015-22-000,Sanchez-Mira,Cagayan,Region II (Cagayan Valley),Municipality,3rd,R2,D
[2024-10] 03-054-03-000,2024-10,2024,[10] October,"Arayat, Pampanga",[1] Operational,,,,,[A] Operational,A,03-054-03-000,Arayat,Pampanga,Region III (Central Luzon),Municipality,1st,R3,E
[2024-10] 03-077-01-000,2024-10,2024,[10] October,"Baler, Aurora",[1] Operational,,,,,[A] Operational,A,03-077-01-000,Baler,Aurora,Region III (Central Luzon),Municipality,3rd,R3,E
[2024-10] 03-077-02-000,2024-10,2024,[10] October,"Casiguran, Aurora",[2] Ongoing Testing and Data Build-up,80%,,,,[B] Developmental,B,03-077-02-000,Casiguran,Aurora,Region III (Central Luzon),Municipality,2nd,R3,E
[2024-10] 03-314-00-000,2024-10,2024,[10] October,"City of Olongapo, Zambales",[2] Ongoing Testing and Data Build-up,75%,,,,[B] Developmental,B,03-314-00-000,City of Olongapo,Zambales,Region III (Central Luzon),City,1st,R3,E
[2024-10] 03-014-20-000,2024-10,2024,[10] October,"City of San Jose Del Monte, Bulacan",[2] Ongoing Testing and Data Build-up,70%,,intended to withdraw,,[B] Developmental,B,03-014-20-000,City of San Jose Del Monte,Bulacan,Region III (Central Luzon),City,1st,R3,E
[2024-10] 03-054-10-000,2024-10,2024,[10] October,"Macabebe, Pampanga",[2] Ongoing Testing and Data Build-up,99%,,,,[B] Developmental,A,03-054-10-000,Macabebe,Pampanga,Region III (Central Luzon),Municipality,1st,R3,E
[2024-10] 03-054-11-000,2024-10,2024,[10] October,"Magalang, Pampanga",[2] Ongoing Testing and Data Build-up,80%,,,,[B] Developmental,B,03-054-11-000,Magalang,Pampanga,Region III (Central Luzon),Municipality,1st,R3,E
[2024-10] 03-049-23-000,2024-10,2024,[10] October,"Rizal, Nueva Ecija",[1] Operational,,,,,[A] Operational,A,03-049-23-000,Rizal,Nueva Ecija,Region III (Central Luzon),Municipality,2nd,R3,E
[2024-10] 03-054-17-000,2024-10,2024,[10] October,"San Luis, Pampanga",[1] Operational,,,,,[A] Operational,A,03-054-17-000,San Luis,Pampanga,Region III (Central Luzon),Municipality,3rd,R3,E
[2024-10] 03-049-29-000,2024-10,2024,[10] October,"Santo Domingo, Nueva Ecija",[1] Operational,,,,,[A] Operational,A,03-049-29-000,Santo Domingo,Nueva Ecija,Region III (Central Luzon),Municipality,3rd,R3,E
[2024-10] 03-049-31-000,2024-10,2024,[10] October,"Talugtug, Nueva Ecija",[2] Ongoing Testing and Data Build-up,100%,,,,[B] Developmental,A,03-049-31-000,Talugtug,Nueva Ecija,Region III (Central Luzon),Municipality,4th,R3,E
[2024-10] 04-056-02-000,2024-10,2024,[10] October,"Alabat, Quezon",[1] Operational,,,,,[A] Operational,A,04-056-02-000,Alabat,Quezon,Region IV-A (CALABARZON),Municipality,5th,R4A,F
[2024-10] 04-021-02-000,2024-10,2024,[10] October,"Amadeo, Cavite",[1] Operational,,,,,[A] Operational,B,04-021-02-000,Amadeo,Cavite,Region IV-A (CALABARZON),Municipality,4th,R4A,F
[2024-10] 04-010-03-000,2024-10,2024,[10] October,"Balayan, Batangas",[1] Operational,,,,,[A] Operational,B,04-010-03-000,Balayan,Batangas,Region IV-A (CALABARZON),Municipality,1st,R4A,F
[2024-10] 04-058-06-000,2024-10,2024,[10] October,"Cardona, Rizal",[1] Operational,,,,,[A] Operational,B,04-058-06-000,Cardona,Rizal,Region IV-A (CALABARZON),Municipality,3rd,R4A,F
[2024-10] 04-034-08-000,2024-10,2024,[10] October,"Famy, Laguna",[1] Operational,,,,Operational but not utilized,[A] Operational,B,04-034-08-000,Famy,Laguna,Region IV-A (CALABARZON),Municipality,5th,R4A,F
[2024-10] 04-021-07-000,2024-10,2024,[10] October,"General Emilio Aguinaldo, Cavite",[2] Ongoing Testing and Data Build-up,90%,,,,[B] Developmental,B,04-021-07-000,General Emilio Aguinaldo,Cavite,Region IV-A (CALABARZON),Municipality,5th,R4A,F
[2024-10] 04-056-16-000,2024-10,2024,[10] October,"General Luna, Quezon",[1] Operational,,,,,[A] Operational,A,04-056-16-000,General Luna,Quezon,Region IV-A (CALABARZON),Municipality,4th,R4A,F
[2024-10] 04-056-17-000,2024-10,2024,[10] October,"General Nakar, Quezon",[1] Operational,,,,,[A] Operational,B,04-056-17-000,General Nakar,Quezon,Region IV-A (CALABARZON),Municipality,1st,R4A,F
[2024-10] 04-056-19-000,2024-10,2024,[10] October,"Gumaca, Quezon",[1] Operational,,,,Operational but not utilized,[A] Operational,B,04-056-19-000,Gumaca,Quezon,Region IV-A (CALABARZON),Municipality,1st,R4A,F
[2024-10] 04-056-20-000,2024-10,2024,[10] October,"Infanta, Quezon",[1] Operational,,,,,[A] Operational,B,04-056-20-000,Infanta,Quezon,Region IV-A (CALABARZON),Municipality,1st,R4A,F
[2024-10] 04-010-15-000,2024-10,2024,[10] October,"Lobo, Batangas",[1] Operational,,,,,[A] Operational,B,04-010-15-000,Lobo,Batangas,Region IV-A (CALABARZON),Municipality,3rd,R4A,F
[2024-10] 04-021-12-000,2024-10,2024,[10] October,"Magallanes, Cavite",[2] Ongoing Testing and Data Build-up,91%,,,,[B] Developmental,B,04-021-12-000,Magallanes,Cavite,Region IV-A (CALABARZON),Municipality,4th,R4A,F
[2024-10] 04-034-18-000,2024-10,2024,[10] October,"Paete, Laguna",[1] Operational,,,,,[A] Operational,A,04-034-18-000,Paete,Laguna,Region IV-A (CALABARZON),Municipality,4th,R4A,F
[2024-10] 04-056-34-000,2024-10,2024,[10] October,"Pitogo, Quezon",[2] Ongoing Testing and Data Build-up,91%,,,,[B] Developmental,B,04-056-34-000,Pitogo,Quezon,Region IV-A (CALABARZON),Municipality,4th,R4A,F
[2024-10] 04-056-36-000,2024-10,2024,[10] October,"Polillo, Quezon",[1] Operational,,,,,[A] Operational,B,04-056-36-000,Polillo,Quezon,Region IV-A (CALABARZON),Municipality,3rd,R4A,F
[2024-10] 04-056-37-000,2024-10,2024,[10] October,"Quezon, Quezon",[2] Ongoing Testing and Data Build-up,91%,,,,[B] Developmental,B,04-056-37-000,Quezon,Quezon,Region IV-A (CALABARZON),Municipality,5th,R4A,F
[2024-10] 04-056-39-000,2024-10,2024,[10] October,"Sampaloc, Quezon",[1] Operational,,,,,[A] Operational,B,04-056-39-000,Sampaloc,Quezon,Region IV-A (CALABARZON),Municipality,5th,R4A,F
[2024-10] 04-010-24-000,2024-10,2024,[10] October,"San Luis, Batangas",[1] Operational,,,,,[A] Operational,B,04-010-24-000,San Luis,Batangas,Region IV-A (CALABARZON),Municipality,4th,R4A,F
[2024-10] 04-010-25-000,2024-10,2024,[10] October,"San Nicolas, Batangas",[1] Operational,,,,,[A] Operational,B,04-010-25-000,San Nicolas,Batangas,Region IV-A (CALABARZON),Municipality,5th,R4A,F
[2024-10] 04-034-29-000,2024-10,2024,[10] October,"Siniloan, Laguna",[1] Operational,,,,,[A] Operational,B,04-034-29-000,Siniloan,Laguna,Region IV-A (CALABARZON),Municipality,2nd,R4A,F
[2024-10] 04-058-12-000,2024-10,2024,[10] October,"Tanay, Rizal",[1] Operational,,,,,[A] Operational,B,04-058-12-000,Tanay,Rizal,Region IV-A (CALABARZON),Municipality,1st,R4A,F
[2024-10] 04-010-34-000,2024-10,2024,[10] October,"Tuy, Batangas",[1] Operational,,,,,[A] Operational,B,04-010-34-000,Tuy,Batangas,Region IV-A (CALABARZON),Municipality,3rd,R4A,F
[2024-10] 04-021-17-000,2024-10,2024,[10] October,"Rosario, Cavite",[1] Operational,,,,,[A] Operational,B,04-021-17-000,Rosario,Cavite,Region IV-A (CALABARZON),Municipality,1st,R4A,F
[2024-10] 17-053-01-000,2024-10,2024,[10] October,"Aborlan, Palawan",[3] With Concerns,,"WP integrated on the system, waiting to complete the LRC to fully adpot and Integrate the system",,"WP integrated on the system, waiting to complete the LRC to fully adpot and Integrate the system",[A] Operational,B,17-053-01-000,Aborlan,Palawan,MIMAROPA Region,Municipality,1st,R4B,G
[2024-10] 17-052-01-000,2024-10,2024,[10] October,"Baco, Oriental Mindoro",[1] Operational,,,,,[A] Operational,B,17-052-01-000,Baco,Oriental Mindoro,MIMAROPA Region,Municipality,3rd,R4B,G
[2024-10] 17-052-02-000,2024-10,2024,[10] October,"Bansud, Oriental Mindoro",[1] Operational,,,,,[A] Operational,B,17-052-02-000,Bansud,Oriental Mindoro,MIMAROPA Region,Municipality,2nd,R4B,G
[2024-10] 17-052-03-000,2024-10,2024,[10] October,"Bongabong, Oriental Mindoro",[2] Ongoing Testing and Data Build-up,50%,,,,[B] Developmental,B,17-052-03-000,Bongabong,Oriental Mindoro,MIMAROPA Region,Municipality,1st,R4B,G
[2024-10] 17-052-04-000,2024-10,2024,[10] October,"Bulalacao, Oriental Mindoro",[1] Operational,,,,"Working Permit Integration done last Aug 15, 2024",[A] Operational,B,17-052-04-000,Bulalacao,Oriental Mindoro,MIMAROPA Region,Municipality,3rd,R4B,G
[2024-10] 17-053-09-000,2024-10,2024,[10] October,"Coron, Palawan",[1] Operational,,,,,[A] Operational,A,17-053-09-000,Coron,Palawan,MIMAROPA Region,Municipality,1st,R4B,G
[2024-10] 17-053-22-000,2024-10,2024,[10] October,"Culion, Palawan",[3] With Concerns,,"WP integrated on the system, waiting to complete the updated LRC to fully adpot and Integrate the system",,"WP integrated on the system, waiting to complete the updated LRC to fully adpot and Integrate the system",[A] Operational,B,17-053-22-000,Culion,Palawan,MIMAROPA Region,Municipality,3rd,R4B,G
[2024-10] 17-053-12-000,2024-10,2024,[10] October,"El Nido, Palawan",[1] Operational,,,,,[A] Operational,A,17-053-12-000,El Nido,Palawan,MIMAROPA Region,Municipality,1st,R4B,G
[2024-10] 17-059-16-000,2024-10,2024,[10] October,"Ferrol, Romblon",[1] Operational,,,,,[A] Operational,B,17-059-16-000,Ferrol,Romblon,MIMAROPA Region,Municipality,6th,R4B,G
[2024-10] 17-052-06-000,2024-10,2024,[10] October,"Gloria, Oriental Mindoro",[2] Ongoing Testing and Data Build-up,50%,,,,[B] Developmental,B,17-052-06-000,Gloria,Oriental Mindoro,MIMAROPA Region,Municipality,3rd,R4B,G
[2024-10] 17-051-03-000,2024-10,2024,[10] October,"Looc, Occidental Mindoro",[1] Operational,,,,,[A] Operational,B,17-051-03-000,Looc,Occidental Mindoro,MIMAROPA Region,Municipality,5th,R4B,G
[2024-10] 17-059-07-000,2024-10,2024,[10] October,"Looc, Romblon",[1] Operational,,,,,[A] Operational,B,17-059-07-000,Looc,Romblon,MIMAROPA Region,Municipality,4th,R4B,G
[2024-10] 17-052-08-000,2024-10,2024,[10] October,"Naujan, Oriental Mindoro",[1] Operational,,,,,[A] Operational,B,17-052-08-000,Naujan,Oriental Mindoro,MIMAROPA Region,Municipality,1st,R4B,G
[2024-10] 17-052-09-000,2024-10,2024,[10] October,"Pinamalayan, Oriental Mindoro",[1] Operational,,,,,[A] Operational,A,17-052-09-000,Pinamalayan,Oriental Mindoro,MIMAROPA Region,Municipality,1st,R4B,G
[2024-10] 17-051-10-000,2024-10,2024,[10] October,"San Jose, Occidental Mindoro",[1] Operational,,,,,[A] Operational,B,17-051-10-000,San Jose,Occidental Mindoro,MIMAROPA Region,Municipality,1st,R4B,G
[2024-10] 17-052-13-000,2024-10,2024,[10] October,"San Teodoro, Oriental Mindoro",[1] Operational,,,,,[A] Operational,A,17-052-13-000,San Teodoro,Oriental Mindoro,MIMAROPA Region,Municipality,4th,R4B,G
[2024-10] 17-053-19-000,2024-10,2024,[10] October,"San Vicente, Palawan",[2] Ongoing Testing and Data Build-up,50%,,,"WP integrated on the system, waiting to complete the updated LRC to fully adpot and Integrate the system",[B] Developmental,B,17-053-19-000,San Vicente,Palawan,MIMAROPA Region,Municipality,1st,R4B,G
[2024-10] 06-006-02-000,2024-10,2024,[10] October,"Barbaza, Antique",[1] Operational,,,,,[A] Operational,B,06-006-02-000,Barbaza,Antique,Region VI (Western Visayas),Municipality,4th,R6,I
[2024-10] 06-030-12-000,2024-10,2024,[10] October,"Cabatuan, Iloilo",[1] Operational,,,,,[A] Operational,B,06-030-12-000,Cabatuan,Iloilo,Region VI (Western Visayas),Municipality,2nd,R6,I
[2024-10] 06-045-10-000,2024-10,2024,[10] October,"City of Himamaylan, Negros Occidental",[1] Operational,,,,,[A] Operational,B,06-045-10-000,City of Himamaylan,Negros Occidental,Region VI (Western Visayas),City,3rd,R6,I
[2024-10] 06-006-09-000,2024-10,2024,[10] October,"Laua-An, Antique",[1] Operational,,,,,[A] Operational,B,06-006-09-000,Laua-An,Antique,Region VI (Western Visayas),Municipality,4th,R6,I
[2024-10] 06-004-12-000,2024-10,2024,[10] October,"Malay, Aklan",[1] Operational,,,,,[A] Operational,B,06-004-12-000,Malay,Aklan,Region VI (Western Visayas),Municipality,1st,R6,I
[2024-10] 06-030-40-000,2024-10,2024,[10] October,"San Joaquin, Iloilo",[1] Operational,,,,,[A] Operational,B,06-030-40-000,San Joaquin,Iloilo,Region VI (Western Visayas),Municipality,2nd,R6,I
[2024-10] 06-030-41-000,2024-10,2024,[10] October,"San Miguel, Iloilo",[1] Operational,,,,,[A] Operational,B,06-030-41-000,San Miguel,Iloilo,Region VI (Western Visayas),Municipality,4th,R6,I
[2024-10] 06-006-16-000,2024-10,2024,[10] October,"Sibalom, Antique",[1] Operational,,,,,[A] Operational,B,06-006-16-000,Sibalom,Antique,Region VI (Western Visayas),Municipality,2nd,R6,I
[2024-10] 06-004-17-000,2024-10,2024,[10] October,"Tangalan, Aklan",[1] Operational,,,,,[A] Operational,A,06-004-17-000,Tangalan,Aklan,Region VI (Western Visayas),Municipality,5th,R6,I
[2024-10] 16-002-07-000,2024-10,2024,[10] October,"Las Nieves, Agusan del Norte",[1] Operational,,,,,[A] Operational,B,16-002-07-000,Las Nieves,Agusan del Norte,Region XIII (Caraga),Municipality,2nd,R13,O
[2024-10] 16-003-08-000,2024-10,2024,[10] October,"San Francisco, Agusan del Sur",[1] Operational,,,,,[A] Operational,A,16-003-08-000,San Francisco,Agusan del Sur,Region XIII (Caraga),Municipality,1st,R13,O
[2024-10] 12-047-15-000,2024-10,2024,[10] October,"Antipas, Cotabato",[1] Operational,,,,,[A] Operational,B,12-047-15-000,Antipas,Cotabato,Region XII (SOCCSKSARGEN),Municipality,2nd,R12,Q
[2024-10] 12-047-03-000,2024-10,2024,[10] October,"Kabacan, Cotabato",[1] Operational,,,,,[A] Operational,A,12-047-03-000,Kabacan,Cotabato,Region XII (SOCCSKSARGEN),Municipality,1st,R12,Q
[2024-10] 12-047-08-000,2024-10,2024,[10] October,"Matalam, Cotabato",[1] Operational,,,,,[A] Operational,B,12-047-08-000,Matalam,Cotabato,Region XII (SOCCSKSARGEN),Municipality,1st,R12,Q
[2024-10] 12-047-05-000,2024-10,2024,[10] October,"Libungan, Cotabato",[1] Operational,,,,,[A] Operational,B,12-047-05-000,Libungan,Cotabato,Region XII (SOCCSKSARGEN),Municipality,2nd,R12,Q
[2024-10] 12-047-11-000,2024-10,2024,[10] October,"Pigkawayan, Cotabato",[1] Operational,,,,,[A] Operational,B,12-047-11-000,Pigkawayan,Cotabato,Region XII (SOCCSKSARGEN),Municipality,1st,R12,Q
[2024-10] 12-047-12-000,2024-10,2024,[10] October,"Pikit, Cotabato",[1] Operational,,,,,[A] Operational,B,12-047-12-000,Pikit,Cotabato,Region XII (SOCCSKSARGEN),Municipality,1st,R12,Q
[2024-10] 12-065-01-000,2024-10,2024,[10] October,"Bagumbayan, Sultan Kudarat",[1] Operational,,,,,[A] Operational,B,12-065-01-000,Bagumbayan,Sultan Kudarat,Region XII (SOCCSKSARGEN),Municipality,1st,R12,Q
[2024-10] 12-065-02-000,2024-10,2024,[10] October,"Columbio, Sultan Kudarat",[1] Operational,,,,,[A] Operational,B,12-065-02-000,Columbio,Sultan Kudarat,Region XII (SOCCSKSARGEN),Municipality,1st,R12,Q
[2024-10] 12-065-03-000,2024-10,2024,[10] October,"Esperanza, Sultan Kudarat",[1] Operational,,,,,[A] Operational,B,12-065-03-000,Esperanza,Sultan Kudarat,Region XII (SOCCSKSARGEN),Municipality,1st,R12,Q
[2024-10] 12-065-04-000,2024-10,2024,[10] October,"Isulan, Sultan Kudarat",[1] Operational,,,,,[A] Operational,B,12-065-04-000,Isulan,Sultan Kudarat,Region XII (SOCCSKSARGEN),Municipality,1st,R12,Q
[2024-10] 12-065-08-000,2024-10,2024,[10] October,"Lambayong, Sultan Kudarat",[1] Operational,,,,,[A] Operational,B,12-065-08-000,Lambayong,Sultan Kudarat,Region XII (SOCCSKSARGEN),Municipality,2nd,R12,Q
[2024-10] 19-087-13-000,2024-10,2024,[10] October,"Upi, Maguindanao del Norte",[1] Operational,,,,,[A] Operational,B,19-087-13-000,Upi,Maguindanao del Norte,Bangsamoro Autonomous Region In Muslim Mindanao (BARMM),Municipality,1st,BARMM II,R
[2024-10] 19-087-09-000,2024-10,2024,[10] October,"Parang, Maguindanao del Norte",[1] Operational,,,,,[A] Operational,B,19-087-09-000,Parang,Maguindanao del Norte,Bangsamoro Autonomous Region In Muslim Mindanao (BARMM),Municipality,1st*,BARMM II,R
[2024-11] 07-022-02-000,2024-11,2024,[11] November,"Alcoy, Cebu",[2] Ongoing Testing and Data Build-up,,,,LGU is working out an ordinance for the Working Permit/Occupational Permit; will priortiize implementing the WP next year,[B] Developmental,B,07-022-02-000,Alcoy,Cebu,Region VII (Central Visayas),Municipality,5th,R7,J
[2024-11] 07-046-05-000,2024-11,2024,[11] November,"Basay, Negros Oriental",[1] Operational,,,,,[A] Operational,B,07-046-05-000,Basay,Negros Oriental,Region VII (Central Visayas),Municipality,4th,R7,J
[2024-11] 07-046-09-000,2024-11,2024,[11] November,"Dauin, Negros Oriental",[2] Ongoing Testing and Data Build-up,,,,On hold data build-up; WP still not in the LGU's ordinance yet. Still deciding if they will continue the WP,[B] Developmental,B,07-046-09-000,Dauin,Negros Oriental,Region VII (Central Visayas),Municipality,4th,R7,J
[2024-11] 07-061-01-000,2024-11,2024,[11] November,"Enrique Villanueva, Siquijor",[1] Operational,,,,LGU is working out an ordinance for the Working Permit/Occupational Permit; will priortiize implementing the WP next year,[A] Operational,B,07-061-01-000,Enrique Villanueva,Siquijor,Region VII (Central Visayas),Municipality,5th,R7,J
[2024-11] 07-046-14-000,2024-11,2024,[11] November,"Mabinay, Negros Oriental",[1] Operational,,,,,[A] Operational,B,07-046-14-000,Mabinay,Negros Oriental,Region VII (Central Visayas),Municipality,1st,R7,J
[2024-11] 07-022-28-000,2024-11,2024,[11] November,"Madridejos, Cebu",[2] Ongoing Testing and Data Build-up,,,,On hold data build-up; WP still not in the LGU's ordinance yet. Still deciding if they will continue the WP,[B] Developmental,B,07-022-28-000,Madridejos,Cebu,Region VII (Central Visayas),Municipality,4th,R7,J
[2024-11] 07-022-37-000,2024-11,2024,[11] November,"Pinamungajan, Cebu",[1] Operational,,,,LGU is working out an ordinance for the Working Permit/Occupational Permit; will priortiize implementing the WP next year,[A] Operational,B,07-022-37-000,Pinamungajan,Cebu,Region VII (Central Visayas),Municipality,2nd,R7,J
[2024-11] 07-022-42-000,2024-11,2024,[11] November,"San Francisco, Cebu",[2] Ongoing Testing and Data Build-up,,,,,[B] Developmental,B,07-022-42-000,San Francisco,Cebu,Region VII (Central Visayas),Municipality,3rd,R7,J
[2024-11] 07-046-20-000,2024-11,2024,[11] November,"Sibulan, Negros Oriental",[1] Operational,,,,On hold data build-up; WP still not in the LGU's ordinance yet. Still deciding if they will continue the WP,[A] Operational,B,07-046-20-000,Sibulan,Negros Oriental,Region VII (Central Visayas),Municipality,2nd,R7,J
[2024-11] 07-022-52-000,2024-11,2024,[11] November,"Tuburan, Cebu",[2] Ongoing Testing and Data Build-up,,,,LGU is working out an ordinance for the Working Permit/Occupational Permit; will priortiize implementing the WP next year,[B] Developmental,B,07-022-52-000,Tuburan,Cebu,Region VII (Central Visayas),Municipality,2nd,R7,J
[2024-11] 08-026-04-000,2024-11,2024,[11] November,"City of Borongan, Eastern Samar",[1] Operational,,,,,[A] Operational,A,08-026-04-000,City of Borongan,Eastern Samar,Region VIII (Eastern Visayas),City,1st (as Mun),R8,K
[2024-11] 08-037-41-000,2024-11,2024,[11] November,"Pastrana, Leyte",[1] Operational,,,,,[A] Operational,B,08-037-41-000,Pastrana,Leyte,Region VIII (Eastern Visayas),Municipality,5th*,R8,K
[2024-11] 11-024-01-000,2024-11,2024,[11] November,"Bansalan, Davao del Sur",[1] Operational,,,,,[A] Operational,B,11-024-01-000,Bansalan,Davao del Sur,Region XI (Davao Region),Municipality,1st,R11,P
[2024-11] 11-025-05-000,2024-11,2024,[11] November,"Cateel, Davao Oriental",[1] Operational,,,,,[A] Operational,B,11-025-05-000,Cateel,Davao Oriental,Region XI (Davao Region),Municipality,2nd,R11,P
[2024-11] 11-024-03-000,2024-11,2024,[11] November,"City of Digos, Davao del Sur",[1] Operational,,,,,[A] Operational,B,11-024-03-000,City of Digos,Davao del Sur,Region XI (Davao Region),City,2nd,R11,P
[2024-11] 11-082-02-000,2024-11,2024,[11] November,"Laak, Davao de Oro",[1] Operational,,,,,[A] Operational,B,11-082-02-000,Laak,Davao de Oro,Region XI (Davao Region),Municipality,1st,R11,P
[2024-11] 11-025-07-000,2024-11,2024,[11] November,"Lupon, Davao Oriental",[1] Operational,,,,,[A] Operational,A,11-025-07-000,Lupon,Davao Oriental,Region XI (Davao Region),Municipality,1st,R11,P
[2024-11] 11-025-08-000,2024-11,2024,[11] November,"Manay, Davao Oriental",[1] Operational,,,,,[A] Operational,A,11-025-08-000,Manay,Davao Oriental,Region XI (Davao Region),Municipality,2nd,R11,P
[2024-11] 11-082-06-000,2024-11,2024,[11] November,"Mawab, Davao de Oro",[1] Operational,,,,,[A] Operational,B,11-082-06-000,Mawab,Davao de Oro,Region XI (Davao Region),Municipality,3rd,R11,P
[2024-11] 11-082-10-000,2024-11,2024,[11] November,"New Bataan, Davao de Oro",[1] Operational,,,,,[A] Operational,B,11-082-10-000,New Bataan,Davao de Oro,Region XI (Davao Region),Municipality,1st,R11,P
[2024-11] 11-025-10-000,2024-11,2024,[11] November,"San Isidro, Davao Oriental",[1] Operational,,,,,[A] Operational,B,11-025-10-000,San Isidro,Davao Oriental,Region XI (Davao Region),Municipality,3rd,R11,P
[2024-11] 11-024-14-000,2024-11,2024,[11] November,"Sulop, Davao del Sur",[1] Operational,,,,,[A] Operational,B,11-024-14-000,Sulop,Davao del Sur,Region XI (Davao Region),Municipality,3rd,R11,P
[2024-11] 10-043-06-000,2024-11,2024,[11] November,"Claveria, Misamis Oriental",[1] Operational,,,,,[A] Operational,A,10-043-06-000,Claveria,Misamis Oriental,Region X (Northern Mindanao),Municipality,1st,R10,N
[2024-11] 10-043-11-000,2024-11,2024,[11] November,"Jasaan, Misamis Oriental",[2] Ongoing Testing and Data Build-up,10%,,Schedule for training,For training on 2024,[B] Developmental,B,10-043-11-000,Jasaan,Misamis Oriental,Region X (Northern Mindanao),Municipality,2nd,R10,N
[2024-11] 10-043-19-000,2024-11,2024,[11] November,"Medina, Misamis Oriental",[2] Ongoing Testing and Data Build-up,10%,,Schedule for training,For training on 2024,[B] Developmental,B,10-043-19-000,Medina,Misamis Oriental,Region X (Northern Mindanao),Municipality,4th,R10,N
[2024-11] 12-047-15-000,2024-11,2024,[11] November,"Antipas, Cotabato",[1] Operational,,,,,[A] Operational,B,12-047-15-000,Antipas,Cotabato,Region XII (SOCCSKSARGEN),Municipality,2nd,R12,Q
[2024-11] 12-047-03-000,2024-11,2024,[11] November,"Kabacan, Cotabato",[1] Operational,,,,,[A] Operational,A,12-047-03-000,Kabacan,Cotabato,Region XII (SOCCSKSARGEN),Municipality,1st,R12,Q
[2024-11] 12-047-08-000,2024-11,2024,[11] November,"Matalam, Cotabato",[1] Operational,,,,,[A] Operational,B,12-047-08-000,Matalam,Cotabato,Region XII (SOCCSKSARGEN),Municipality,1st,R12,Q
[2024-11] 12-047-05-000,2024-11,2024,[11] November,"Libungan, Cotabato",[1] Operational,,,,,[A] Operational,B,12-047-05-000,Libungan,Cotabato,Region XII (SOCCSKSARGEN),Municipality,2nd,R12,Q
[2024-11] 12-047-11-000,2024-11,2024,[11] November,"Pigkawayan, Cotabato",[1] Operational,,,,,[A] Operational,B,12-047-11-000,Pigkawayan,Cotabato,Region XII (SOCCSKSARGEN),Municipality,1st,R12,Q
[2024-11] 12-047-12-000,2024-11,2024,[11] November,"Pikit, Cotabato",[1] Operational,,,,,[A] Operational,B,12-047-12-000,Pikit,Cotabato,Region XII (SOCCSKSARGEN),Municipality,1st,R12,Q
[2024-11] 12-065-01-000,2024-11,2024,[11] November,"Bagumbayan, Sultan Kudarat",[1] Operational,,,,,[A] Operational,B,12-065-01-000,Bagumbayan,Sultan Kudarat,Region XII (SOCCSKSARGEN),Municipality,1st,R12,Q
[2024-11] 12-065-02-000,2024-11,2024,[11] November,"Columbio, Sultan Kudarat",[1] Operational,,,,,[A] Operational,B,12-065-02-000,Columbio,Sultan Kudarat,Region XII (SOCCSKSARGEN),Municipality,1st,R12,Q
[2024-11] 12-065-03-000,2024-11,2024,[11] November,"Esperanza, Sultan Kudarat",[1] Operational,,,,,[A] Operational,B,12-065-03-000,Esperanza,Sultan Kudarat,Region XII (SOCCSKSARGEN),Municipality,1st,R12,Q
[2024-11] 12-065-04-000,2024-11,2024,[11] November,"Isulan, Sultan Kudarat",[1] Operational,,,,,[A] Operational,B,12-065-04-000,Isulan,Sultan Kudarat,Region XII (SOCCSKSARGEN),Municipality,1st,R12,Q
[2024-11] 12-065-08-000,2024-11,2024,[11] November,"Lambayong, Sultan Kudarat",[1] Operational,,,,,[A] Operational,B,12-065-08-000,Lambayong,Sultan Kudarat,Region XII (SOCCSKSARGEN),Municipality,2nd,R12,Q
[2024-11] 16-002-07-000,2024-11,2024,[11] November,"Las Nieves, Agusan del Norte",[1] Operational,,,,,[A] Operational,B,16-002-07-000,Las Nieves,Agusan del Norte,Region XIII (Caraga),Municipality,2nd,R13,O
[2024-11] 16-003-08-000,2024-11,2024,[11] November,"San Francisco, Agusan del Sur",[1] Operational,,,,,[A] Operational,A,16-003-08-000,San Francisco,Agusan del Sur,Region XIII (Caraga),Municipality,1st,R13,O
[2024-11] 19-087-13-000,2024-11,2024,[11] November,"Upi, Maguindanao del Norte",[1] Operational,,,,,[A] Operational,B,19-087-13-000,Upi,Maguindanao del Norte,Bangsamoro Autonomous Region In Muslim Mindanao (BARMM),Municipality,1st,BARMM II,R
[2024-11] 19-087-09-000,2024-11,2024,[11] November,"Parang, Maguindanao del Norte",[1] Operational,,,,,[A] Operational,B,19-087-09-000,Parang,Maguindanao del Norte,Bangsamoro Autonomous Region In Muslim Mindanao (BARMM),Municipality,1st*,BARMM II,R
[2024-11] 14-044-02-000,2024-11,2024,[11] November,"Bauko, Mountain Province",[1] Operational,,,,,[A] Operational,B,14-044-02-000,Bauko,Mountain Province,Cordillera Administrative Region (CAR),Municipality,4th,CAR,B
[2024-11] 14-044-04-000,2024-11,2024,[11] November,"Bontoc, Mountain Province",[1] Operational,,,,,[A] Operational,A,14-044-04-000,Bontoc,Mountain Province,Cordillera Administrative Region (CAR),Municipality,2nd,CAR,B
[2024-11] 14-032-13-000,2024-11,2024,[11] November,"City of Tabuk, Kalinga",[1] Operational,,,,,[A] Operational,A,14-032-13-000,City of Tabuk,Kalinga,Cordillera Administrative Region (CAR),City,5th,CAR,B
[2024-11] 14-027-02-000,2024-11,2024,[11] November,"Hungduan, Ifugao",[1] Operational,,,,,[A] Operational,B,14-027-02-000,Hungduan,Ifugao,Cordillera Administrative Region (CAR),Municipality,4th,CAR,B
[2024-11] 14-027-05-000,2024-11,2024,[11] November,"Lamut, Ifugao",[1] Operational,,,,,[A] Operational,B,14-027-05-000,Lamut,Ifugao,Cordillera Administrative Region (CAR),Municipality,4th,CAR,B
[2024-11] 14-081-06-000,2024-11,2024,[11] November,"Pudtol, Apayao",[1] Operational,,,,,[A] Operational,B,14-081-06-000,Pudtol,Apayao,Cordillera Administrative Region (CAR),Municipality,4th,CAR,B
[2024-11] 14-011-12-000,2024-11,2024,[11] November,"Sablan, Benguet",[1] Operational,,,,,[A] Operational,A,14-011-12-000,Sablan,Benguet,Cordillera Administrative Region (CAR),Municipality,5th,CAR,B
[2024-11] 14-011-13-000,2024-11,2024,[11] November,"Tuba, Benguet",[1] Operational,,,,,[A] Operational,B,14-011-13-000,Tuba,Benguet,Cordillera Administrative Region (CAR),Municipality,1st,CAR,B
[2024-11] 14-011-14-000,2024-11,2024,[11] November,"Tublay, Benguet",[1] Operational,,,,,[A] Operational,B,14-011-14-000,Tublay,Benguet,Cordillera Administrative Region (CAR),Municipality,5th,CAR,B
[2024-11] 01-029-07-000,2024-11,2024,[11] November,"Caoayan, Ilocos Sur",[2] Ongoing Testing and Data Build-up,80%,,,,[B] Developmental,B,01-029-07-000,Caoayan,Ilocos Sur,Region I (Ilocos Region),Municipality,4th,R1,C
[2024-11] 01-028-12-000,2024-11,2024,[11] November,"City of Laoag, Ilocos Norte",[1] Operational,,,,,[A] Operational,B,01-028-12-000,City of Laoag,Ilocos Norte,Region I (Ilocos Region),City,3rd,R1,C
[2024-11] 01-055-41-000,2024-11,2024,[11] November,"Sison, Pangasinan",[1] Operational,,,,,[A] Operational,B,01-055-41-000,Sison,Pangasinan,Region I (Ilocos Region),Municipality,3rd,R1,C
[2024-11] 02-031-06-000,2024-11,2024,[11] November,"Cabagan, Isabela",[1] Operational,,,,,[A] Operational,B,02-031-06-000,Cabagan,Isabela,Region II (Cagayan Valley),Municipality,1st,R2,D
[2024-11] 02-031-14-000,2024-11,2024,[11] November,"City of Ilagan, Isabela",[1] Operational,,,,,[A] Operational,A,02-031-14-000,City of Ilagan,Isabela,Region II (Cagayan Valley),City,1st (as Mun),R2,D
[2024-11] 02-015-22-000,2024-11,2024,[11] November,"Sanchez-Mira, Cagayan",[1] Operational,,,,,[A] Operational,B,02-015-22-000,Sanchez-Mira,Cagayan,Region II (Cagayan Valley),Municipality,3rd,R2,D
[2024-11] 03-054-03-000,2024-11,2024,[11] November,"Arayat, Pampanga",[1] Operational,,,,,[A] Operational,A,03-054-03-000,Arayat,Pampanga,Region III (Central Luzon),Municipality,1st,R3,E
[2024-11] 03-077-01-000,2024-11,2024,[11] November,"Baler, Aurora",[1] Operational,,,,,[A] Operational,A,03-077-01-000,Baler,Aurora,Region III (Central Luzon),Municipality,3rd,R3,E
[2024-11] 03-077-02-000,2024-11,2024,[11] November,"Casiguran, Aurora",[2] Ongoing Testing and Data Build-up,82%,,,,[B] Developmental,B,03-077-02-000,Casiguran,Aurora,Region III (Central Luzon),Municipality,2nd,R3,E
[2024-11] 03-314-00-000,2024-11,2024,[11] November,"City of Olongapo, Zambales",[2] Ongoing Testing and Data Build-up,75%,,intended to withdraw,,[B] Developmental,B,03-314-00-000,City of Olongapo,Zambales,Region III (Central Luzon),City,1st,R3,E
[2024-11] 03-014-20-000,2024-11,2024,[11] November,"City of San Jose Del Monte, Bulacan",[2] Ongoing Testing and Data Build-up,76%,,,,[B] Developmental,B,03-014-20-000,City of San Jose Del Monte,Bulacan,Region III (Central Luzon),City,1st,R3,E
[2024-11] 03-054-10-000,2024-11,2024,[11] November,"Macabebe, Pampanga",[2] Ongoing Testing and Data Build-up,99%,,,,[B] Developmental,A,03-054-10-000,Macabebe,Pampanga,Region III (Central Luzon),Municipality,1st,R3,E
[2024-11] 03-054-11-000,2024-11,2024,[11] November,"Magalang, Pampanga",[2] Ongoing Testing and Data Build-up,82%,,,,[B] Developmental,B,03-054-11-000,Magalang,Pampanga,Region III (Central Luzon),Municipality,1st,R3,E
[2024-11] 03-049-23-000,2024-11,2024,[11] November,"Rizal, Nueva Ecija",[1] Operational,,,,,[A] Operational,A,03-049-23-000,Rizal,Nueva Ecija,Region III (Central Luzon),Municipality,2nd,R3,E
[2024-11] 03-054-17-000,2024-11,2024,[11] November,"San Luis, Pampanga",[1] Operational,,,,,[A] Operational,A,03-054-17-000,San Luis,Pampanga,Region III (Central Luzon),Municipality,3rd,R3,E
[2024-11] 03-049-29-000,2024-11,2024,[11] November,"Santo Domingo, Nueva Ecija",[1] Operational,,,,,[A] Operational,A,03-049-29-000,Santo Domingo,Nueva Ecija,Region III (Central Luzon),Municipality,3rd,R3,E
[2024-11] 03-049-31-000,2024-11,2024,[11] November,"Talugtug, Nueva Ecija",[2] Ongoing Testing and Data Build-up,100%,,,,[B] Developmental,A,03-049-31-000,Talugtug,Nueva Ecija,Region III (Central Luzon),Municipality,4th,R3,E
[2024-11] 04-056-02-000,2024-11,2024,[11] November,"Alabat, Quezon",[1] Operational,,,,,[A] Operational,A,04-056-02-000,Alabat,Quezon,Region IV-A (CALABARZON),Municipality,5th,R4A,F
[2024-11] 04-021-02-000,2024-11,2024,[11] November,"Amadeo, Cavite",[1] Operational,,,,,[A] Operational,B,04-021-02-000,Amadeo,Cavite,Region IV-A (CALABARZON),Municipality,4th,R4A,F
[2024-11] 04-010-03-000,2024-11,2024,[11] November,"Balayan, Batangas",[1] Operational,,,,,[A] Operational,B,04-010-03-000,Balayan,Batangas,Region IV-A (CALABARZON),Municipality,1st,R4A,F
[2024-11] 04-058-06-000,2024-11,2024,[11] November,"Cardona, Rizal",[1] Operational,,,,,[A] Operational,B,04-058-06-000,Cardona,Rizal,Region IV-A (CALABARZON),Municipality,3rd,R4A,F
[2024-11] 04-034-08-000,2024-11,2024,[11] November,"Famy, Laguna",[1] Operational,,,,Operational but not utilized,[A] Operational,B,04-034-08-000,Famy,Laguna,Region IV-A (CALABARZON),Municipality,5th,R4A,F
[2024-11] 04-021-07-000,2024-11,2024,[11] November,"General Emilio Aguinaldo, Cavite",[2] Ongoing Testing and Data Build-up,91%,,,,[B] Developmental,B,04-021-07-000,General Emilio Aguinaldo,Cavite,Region IV-A (CALABARZON),Municipality,5th,R4A,F
[2024-11] 04-056-16-000,2024-11,2024,[11] November,"General Luna, Quezon",[1] Operational,,,,,[A] Operational,A,04-056-16-000,General Luna,Quezon,Region IV-A (CALABARZON),Municipality,4th,R4A,F
[2024-11] 04-056-17-000,2024-11,2024,[11] November,"General Nakar, Quezon",[1] Operational,,,,,[A] Operational,B,04-056-17-000,General Nakar,Quezon,Region IV-A (CALABARZON),Municipality,1st,R4A,F
[2024-11] 04-056-19-000,2024-11,2024,[11] November,"Gumaca, Quezon",[1] Operational,,,,Operational but not utilized,[A] Operational,B,04-056-19-000,Gumaca,Quezon,Region IV-A (CALABARZON),Municipality,1st,R4A,F
[2024-11] 04-056-20-000,2024-11,2024,[11] November,"Infanta, Quezon",[1] Operational,,,,,[A] Operational,B,04-056-20-000,Infanta,Quezon,Region IV-A (CALABARZON),Municipality,1st,R4A,F
[2024-11] 04-010-15-000,2024-11,2024,[11] November,"Lobo, Batangas",[1] Operational,,,,,[A] Operational,B,04-010-15-000,Lobo,Batangas,Region IV-A (CALABARZON),Municipality,3rd,R4A,F
[2024-11] 04-021-12-000,2024-11,2024,[11] November,"Magallanes, Cavite",[2] Ongoing Testing and Data Build-up,92%,,,,[B] Developmental,B,04-021-12-000,Magallanes,Cavite,Region IV-A (CALABARZON),Municipality,4th,R4A,F
[2024-11] 04-034-18-000,2024-11,2024,[11] November,"Paete, Laguna",[1] Operational,,,,,[A] Operational,A,04-034-18-000,Paete,Laguna,Region IV-A (CALABARZON),Municipality,4th,R4A,F
[2024-11] 04-056-34-000,2024-11,2024,[11] November,"Pitogo, Quezon",[2] Ongoing Testing and Data Build-up,92%,,,,[B] Developmental,B,04-056-34-000,Pitogo,Quezon,Region IV-A (CALABARZON),Municipality,4th,R4A,F
[2024-11] 04-056-36-000,2024-11,2024,[11] November,"Polillo, Quezon",[1] Operational,,,,,[A] Operational,B,04-056-36-000,Polillo,Quezon,Region IV-A (CALABARZON),Municipality,3rd,R4A,F
[2024-11] 04-056-37-000,2024-11,2024,[11] November,"Quezon, Quezon",[2] Ongoing Testing and Data Build-up,92%,,,,[B] Developmental,B,04-056-37-000,Quezon,Quezon,Region IV-A (CALABARZON),Municipality,5th,R4A,F
[2024-11] 04-021-17-000,2024-11,2024,[11] November,"Rosario, Cavite",[1] Operational,,,,,[A] Operational,B,04-021-17-000,Rosario,Cavite,Region IV-A (CALABARZON),Municipality,1st,R4A,F
[2024-11] 04-056-39-000,2024-11,2024,[11] November,"Sampaloc, Quezon",[1] Operational,,,,,[A] Operational,B,04-056-39-000,Sampaloc,Quezon,Region IV-A (CALABARZON),Municipality,5th,R4A,F
[2024-11] 04-010-24-000,2024-11,2024,[11] November,"San Luis, Batangas",[1] Operational,,,,,[A] Operational,B,04-010-24-000,San Luis,Batangas,Region IV-A (CALABARZON),Municipality,4th,R4A,F
[2024-11] 04-010-25-000,2024-11,2024,[11] November,"San Nicolas, Batangas",[1] Operational,,,,,[A] Operational,B,04-010-25-000,San Nicolas,Batangas,Region IV-A (CALABARZON),Municipality,5th,R4A,F
[2024-11] 04-034-29-000,2024-11,2024,[11] November,"Siniloan, Laguna",[1] Operational,,,,,[A] Operational,B,04-034-29-000,Siniloan,Laguna,Region IV-A (CALABARZON),Municipality,2nd,R4A,F
[2024-11] 04-058-12-000,2024-11,2024,[11] November,"Tanay, Rizal",[1] Operational,,,,,[A] Operational,B,04-058-12-000,Tanay,Rizal,Region IV-A (CALABARZON),Municipality,1st,R4A,F
[2024-11] 04-010-34-000,2024-11,2024,[11] November,"Tuy, Batangas",[1] Operational,,,,,[A] Operational,B,04-010-34-000,Tuy,Batangas,Region IV-A (CALABARZON),Municipality,3rd,R4A,F
[2024-11] 17-053-01-000,2024-11,2024,[11] November,"Aborlan, Palawan",[3] With Concerns,,"WP integrated on the system, waiting to complete the LRC to fully adpot and Integrate the system",,"WP integrated on the system, waiting to complete the LRC to fully adpot and Integrate the system",[A] Operational,B,17-053-01-000,Aborlan,Palawan,MIMAROPA Region,Municipality,1st,R4B,G
[2024-11] 17-052-01-000,2024-11,2024,[11] November,"Baco, Oriental Mindoro",[1] Operational,,,,,[A] Operational,B,17-052-01-000,Baco,Oriental Mindoro,MIMAROPA Region,Municipality,3rd,R4B,G
[2024-11] 17-052-02-000,2024-11,2024,[11] November,"Bansud, Oriental Mindoro",[1] Operational,,,,,[A] Operational,B,17-052-02-000,Bansud,Oriental Mindoro,MIMAROPA Region,Municipality,2nd,R4B,G
[2024-11] 17-052-03-000,2024-11,2024,[11] November,"Bongabong, Oriental Mindoro",[3] With Concerns,,"WP integrated on the system, waiting to complete the LRC to fully adpot and Integrate the system",,"WP integrated on the system, waiting to complete the LRC to fully adpot and Integrate the system",[A] Operational,B,17-052-03-000,Bongabong,Oriental Mindoro,MIMAROPA Region,Municipality,1st,R4B,G
[2024-11] 17-052-04-000,2024-11,2024,[11] November,"Bulalacao, Oriental Mindoro",[1] Operational,,,,,[A] Operational,B,17-052-04-000,Bulalacao,Oriental Mindoro,MIMAROPA Region,Municipality,3rd,R4B,G
[2024-11] 17-053-09-000,2024-11,2024,[11] November,"Coron, Palawan",[1] Operational,,,,,[A] Operational,A,17-053-09-000,Coron,Palawan,MIMAROPA Region,Municipality,1st,R4B,G
[2024-11] 17-053-22-000,2024-11,2024,[11] November,"Culion, Palawan",[3] With Concerns,,"WP integrated on the system, waiting to complete the updated LRC to fully adpot and Integrate the system",,"WP integrated on the system, waiting to complete the updated LRC to fully adpot and Integrate the system",[A] Operational,B,17-053-22-000,Culion,Palawan,MIMAROPA Region,Municipality,3rd,R4B,G
[2024-11] 17-053-12-000,2024-11,2024,[11] November,"El Nido, Palawan",[1] Operational,,,,,[A] Operational,A,17-053-12-000,El Nido,Palawan,MIMAROPA Region,Municipality,1st,R4B,G
[2024-11] 17-059-16-000,2024-11,2024,[11] November,"Ferrol, Romblon",[1] Operational,,,,,[A] Operational,B,17-059-16-000,Ferrol,Romblon,MIMAROPA Region,Municipality,6th,R4B,G
[2024-11] 17-052-06-000,2024-11,2024,[11] November,"Gloria, Oriental Mindoro",[1] Operational,,,,,[A] Operational,B,17-052-06-000,Gloria,Oriental Mindoro,MIMAROPA Region,Municipality,3rd,R4B,G
[2024-11] 17-051-03-000,2024-11,2024,[11] November,"Looc, Occidental Mindoro",[1] Operational,,,,,[A] Operational,B,17-051-03-000,Looc,Occidental Mindoro,MIMAROPA Region,Municipality,5th,R4B,G
[2024-11] 17-059-07-000,2024-11,2024,[11] November,"Looc, Romblon",[1] Operational,,,,,[A] Operational,B,17-059-07-000,Looc,Romblon,MIMAROPA Region,Municipality,4th,R4B,G
[2024-11] 17-052-08-000,2024-11,2024,[11] November,"Naujan, Oriental Mindoro",[1] Operational,,,,,[A] Operational,B,17-052-08-000,Naujan,Oriental Mindoro,MIMAROPA Region,Municipality,1st,R4B,G
[2024-11] 17-052-09-000,2024-11,2024,[11] November,"Pinamalayan, Oriental Mindoro",[1] Operational,,,,,[A] Operational,A,17-052-09-000,Pinamalayan,Oriental Mindoro,MIMAROPA Region,Municipality,1st,R4B,G
[2024-11] 17-051-10-000,2024-11,2024,[11] November,"San Jose, Occidental Mindoro",[1] Operational,,,,,[A] Operational,B,17-051-10-000,San Jose,Occidental Mindoro,MIMAROPA Region,Municipality,1st,R4B,G
[2024-11] 17-052-13-000,2024-11,2024,[11] November,"San Teodoro, Oriental Mindoro",[1] Operational,,,,,[A] Operational,A,17-052-13-000,San Teodoro,Oriental Mindoro,MIMAROPA Region,Municipality,4th,R4B,G
[2024-11] 17-053-19-000,2024-11,2024,[11] November,"San Vicente, Palawan",[2] Ongoing Testing and Data Build-up,50%,,,"WP integrated on the system, waiting to complete the updated LRC to fully adpot and Integrate the system",[B] Developmental,B,17-053-19-000,San Vicente,Palawan,MIMAROPA Region,Municipality,1st,R4B,G
[2024-11] 06-006-02-000,2024-11,2024,[11] November,"Barbaza, Antique",[1] Operational,,,,,[A] Operational,B,06-006-02-000,Barbaza,Antique,Region VI (Western Visayas),Municipality,4th,R6,I
[2024-11] 06-030-12-000,2024-11,2024,[11] November,"Cabatuan, Iloilo",[1] Operational,,,,,[A] Operational,B,06-030-12-000,Cabatuan,Iloilo,Region VI (Western Visayas),Municipality,2nd,R6,I
[2024-11] 06-045-10-000,2024-11,2024,[11] November,"City of Himamaylan, Negros Occidental",[1] Operational,,,,,[A] Operational,B,06-045-10-000,City of Himamaylan,Negros Occidental,Region VI (Western Visayas),City,3rd,R6,I
[2024-11] 06-006-09-000,2024-11,2024,[11] November,"Laua-An, Antique",[1] Operational,,,,,[A] Operational,B,06-006-09-000,Laua-An,Antique,Region VI (Western Visayas),Municipality,4th,R6,I
[2024-11] 06-004-12-000,2024-11,2024,[11] November,"Malay, Aklan",[1] Operational,,,,,[A] Operational,B,06-004-12-000,Malay,Aklan,Region VI (Western Visayas),Municipality,1st,R6,I
[2024-11] 06-030-40-000,2024-11,2024,[11] November,"San Joaquin, Iloilo",[1] Operational,,,,,[A] Operational,B,06-030-40-000,San Joaquin,Iloilo,Region VI (Western Visayas),Municipality,2nd,R6,I
[2024-11] 06-030-41-000,2024-11,2024,[11] November,"San Miguel, Iloilo",[1] Operational,,,,,[A] Operational,B,06-030-41-000,San Miguel,Iloilo,Region VI (Western Visayas),Municipality,4th,R6,I
[2024-11] 06-006-16-000,2024-11,2024,[11] November,"Sibalom, Antique",[1] Operational,,,,,[A] Operational,B,06-006-16-000,Sibalom,Antique,Region VI (Western Visayas),Municipality,2nd,R6,I
[2024-11] 06-004-17-000,2024-11,2024,[11] November,"Tangalan, Aklan",[1] Operational,,,,,[A] Operational,A,06-004-17-000,Tangalan,Aklan,Region VI (Western Visayas),Municipality,5th,R6,I
[2024-12] 07-022-02-000,2024-12,2024,[12] December,"Alcoy, Cebu",[2] Ongoing Testing and Data Build-up,,,,LGU is working out an ordinance for the Working Permit/Occupational Permit; will priortiize implementing the WP next year,[B] Developmental,B,07-022-02-000,Alcoy,Cebu,Region VII (Central Visayas),Municipality,5th,R7,J
[2024-12] 07-046-05-000,2024-12,2024,[12] December,"Basay, Negros Oriental",[1] Operational,,,,,[A] Operational,B,07-046-05-000,Basay,Negros Oriental,Region VII (Central Visayas),Municipality,4th,R7,J
[2024-12] 07-046-09-000,2024-12,2024,[12] December,"Dauin, Negros Oriental",[2] Ongoing Testing and Data Build-up,,,,On hold data build-up; WP still not in the LGU's ordinance yet. Still deciding if they will continue the WP,[B] Developmental,B,07-046-09-000,Dauin,Negros Oriental,Region VII (Central Visayas),Municipality,4th,R7,J
[2024-12] 07-061-01-000,2024-12,2024,[12] December,"Enrique Villanueva, Siquijor",[1] Operational,,,,LGU is working out an ordinance for the Working Permit/Occupational Permit; will priortiize implementing the WP next year,[A] Operational,B,07-061-01-000,Enrique Villanueva,Siquijor,Region VII (Central Visayas),Municipality,5th,R7,J
[2024-12] 07-046-14-000,2024-12,2024,[12] December,"Mabinay, Negros Oriental",[1] Operational,,,,,[A] Operational,B,07-046-14-000,Mabinay,Negros Oriental,Region VII (Central Visayas),Municipality,1st,R7,J
[2024-12] 07-022-28-000,2024-12,2024,[12] December,"Madridejos, Cebu",[2] Ongoing Testing and Data Build-up,,,,On hold data build-up; WP still not in the LGU's ordinance yet. Still deciding if they will continue the WP,[B] Developmental,B,07-022-28-000,Madridejos,Cebu,Region VII (Central Visayas),Municipality,4th,R7,J
[2024-12] 07-022-37-000,2024-12,2024,[12] December,"Pinamungajan, Cebu",[1] Operational,,,,LGU is working out an ordinance for the Working Permit/Occupational Permit; will priortiize implementing the WP next year,[A] Operational,B,07-022-37-000,Pinamungajan,Cebu,Region VII (Central Visayas),Municipality,2nd,R7,J
[2024-12] 07-022-42-000,2024-12,2024,[12] December,"San Francisco, Cebu",[2] Ongoing Testing and Data Build-up,,,,,[B] Developmental,B,07-022-42-000,San Francisco,Cebu,Region VII (Central Visayas),Municipality,3rd,R7,J
[2024-12] 07-046-20-000,2024-12,2024,[12] December,"Sibulan, Negros Oriental",[1] Operational,,,,On hold data build-up; WP still not in the LGU's ordinance yet. Still deciding if they will continue the WP,[A] Operational,B,07-046-20-000,Sibulan,Negros Oriental,Region VII (Central Visayas),Municipality,2nd,R7,J
[2024-12] 07-022-52-000,2024-12,2024,[12] December,"Tuburan, Cebu",[2] Ongoing Testing and Data Build-up,,,,LGU is working out an ordinance for the Working Permit/Occupational Permit; will priortiize implementing the WP next year,[B] Developmental,B,07-022-52-000,Tuburan,Cebu,Region VII (Central Visayas),Municipality,2nd,R7,J
[2024-12] 08-026-04-000,2024-12,2024,[12] December,"City of Borongan, Eastern Samar",[1] Operational,,,,,[A] Operational,A,08-026-04-000,City of Borongan,Eastern Samar,Region VIII (Eastern Visayas),City,1st (as Mun),R8,K
[2024-12] 08-037-41-000,2024-12,2024,[12] December,"Pastrana, Leyte",[1] Operational,,,,,[A] Operational,B,08-037-41-000,Pastrana,Leyte,Region VIII (Eastern Visayas),Municipality,5th*,R8,K
[2024-12] 11-024-01-000,2024-12,2024,[12] December,"Bansalan, Davao del Sur",[1] Operational,,,,,[A] Operational,B,11-024-01-000,Bansalan,Davao del Sur,Region XI (Davao Region),Municipality,1st,R11,P
[2024-12] 11-025-05-000,2024-12,2024,[12] December,"Cateel, Davao Oriental",[1] Operational,,,,,[A] Operational,B,11-025-05-000,Cateel,Davao Oriental,Region XI (Davao Region),Municipality,2nd,R11,P
[2024-12] 11-024-03-000,2024-12,2024,[12] December,"City of Digos, Davao del Sur",[1] Operational,,,,,[A] Operational,B,11-024-03-000,City of Digos,Davao del Sur,Region XI (Davao Region),City,2nd,R11,P
[2024-12] 11-082-02-000,2024-12,2024,[12] December,"Laak, Davao de Oro",[1] Operational,,,,,[A] Operational,B,11-082-02-000,Laak,Davao de Oro,Region XI (Davao Region),Municipality,1st,R11,P
[2024-12] 11-025-07-000,2024-12,2024,[12] December,"Lupon, Davao Oriental",[1] Operational,,,,,[A] Operational,A,11-025-07-000,Lupon,Davao Oriental,Region XI (Davao Region),Municipality,1st,R11,P
[2024-12] 11-025-08-000,2024-12,2024,[12] December,"Manay, Davao Oriental",[1] Operational,,,,,[A] Operational,A,11-025-08-000,Manay,Davao Oriental,Region XI (Davao Region),Municipality,2nd,R11,P
[2024-12] 11-082-06-000,2024-12,2024,[12] December,"Mawab, Davao de Oro",[1] Operational,,,,,[A] Operational,B,11-082-06-000,Mawab,Davao de Oro,Region XI (Davao Region),Municipality,3rd,R11,P
[2024-12] 11-082-10-000,2024-12,2024,[12] December,"New Bataan, Davao de Oro",[1] Operational,,,,,[A] Operational,B,11-082-10-000,New Bataan,Davao de Oro,Region XI (Davao Region),Municipality,1st,R11,P
[2024-12] 11-025-10-000,2024-12,2024,[12] December,"San Isidro, Davao Oriental",[1] Operational,,,,,[A] Operational,B,11-025-10-000,San Isidro,Davao Oriental,Region XI (Davao Region),Municipality,3rd,R11,P
[2024-12] 11-024-14-000,2024-12,2024,[12] December,"Sulop, Davao del Sur",[1] Operational,,,,,[A] Operational,B,11-024-14-000,Sulop,Davao del Sur,Region XI (Davao Region),Municipality,3rd,R11,P
[2024-12] 16-002-07-000,2024-12,2024,[12] December,"Las Nieves, Agusan del Norte",[1] Operational,,,,,[A] Operational,B,16-002-07-000,Las Nieves,Agusan del Norte,Region XIII (Caraga),Municipality,2nd,R13,O
[2024-12] 16-003-08-000,2024-12,2024,[12] December,"San Francisco, Agusan del Sur",[1] Operational,,,,,[A] Operational,A,16-003-08-000,San Francisco,Agusan del Sur,Region XIII (Caraga),Municipality,1st,R13,O
[2024-12] 14-044-02-000,2024-12,2024,[12] December,"Bauko, Mountain Province",[1] Operational,,,,,[A] Operational,B,14-044-02-000,Bauko,Mountain Province,Cordillera Administrative Region (CAR),Municipality,4th,CAR,B
[2024-12] 14-044-04-000,2024-12,2024,[12] December,"Bontoc, Mountain Province",[1] Operational,,,,,[A] Operational,A,14-044-04-000,Bontoc,Mountain Province,Cordillera Administrative Region (CAR),Municipality,2nd,CAR,B
[2024-12] 14-032-13-000,2024-12,2024,[12] December,"City of Tabuk, Kalinga",[1] Operational,,,,,[A] Operational,A,14-032-13-000,City of Tabuk,Kalinga,Cordillera Administrative Region (CAR),City,5th,CAR,B
[2024-12] 14-027-02-000,2024-12,2024,[12] December,"Hungduan, Ifugao",[1] Operational,,,,,[A] Operational,B,14-027-02-000,Hungduan,Ifugao,Cordillera Administrative Region (CAR),Municipality,4th,CAR,B
[2024-12] 14-027-05-000,2024-12,2024,[12] December,"Lamut, Ifugao",[1] Operational,,,,,[A] Operational,B,14-027-05-000,Lamut,Ifugao,Cordillera Administrative Region (CAR),Municipality,4th,CAR,B
[2024-12] 14-081-06-000,2024-12,2024,[12] December,"Pudtol, Apayao",[1] Operational,,,,,[A] Operational,B,14-081-06-000,Pudtol,Apayao,Cordillera Administrative Region (CAR),Municipality,4th,CAR,B
[2024-12] 14-011-12-000,2024-12,2024,[12] December,"Sablan, Benguet",[1] Operational,,,,,[A] Operational,A,14-011-12-000,Sablan,Benguet,Cordillera Administrative Region (CAR),Municipality,5th,CAR,B
[2024-12] 14-011-13-000,2024-12,2024,[12] December,"Tuba, Benguet",[1] Operational,,,,,[A] Operational,B,14-011-13-000,Tuba,Benguet,Cordillera Administrative Region (CAR),Municipality,1st,CAR,B
[2024-12] 14-011-14-000,2024-12,2024,[12] December,"Tublay, Benguet",[1] Operational,,,,,[A] Operational,B,14-011-14-000,Tublay,Benguet,Cordillera Administrative Region (CAR),Municipality,5th,CAR,B
[2024-12] 02-031-06-000,2024-12,2024,[12] December,"Cabagan, Isabela",[1] Operational,,,,,[A] Operational,B,02-031-06-000,Cabagan,Isabela,Region II (Cagayan Valley),Municipality,1st,R2,D
[2024-12] 02-031-14-000,2024-12,2024,[12] December,"City of Ilagan, Isabela",[1] Operational,,,,,[A] Operational,A,02-031-14-000,City of Ilagan,Isabela,Region II (Cagayan Valley),City,1st (as Mun),R2,D
[2024-12] 02-015-22-000,2024-12,2024,[12] December,"Sanchez-Mira, Cagayan",[1] Operational,,,,,[A] Operational,B,02-015-22-000,Sanchez-Mira,Cagayan,Region II (Cagayan Valley),Municipality,3rd,R2,D
[2024-12] 04-056-02-000,2024-12,2024,[12] December,"Alabat, Quezon",[1] Operational,,,,,[A] Operational,A,04-056-02-000,Alabat,Quezon,Region IV-A (CALABARZON),Municipality,5th,R4A,F
[2024-12] 04-021-02-000,2024-12,2024,[12] December,"Amadeo, Cavite",[1] Operational,,,,,[A] Operational,B,04-021-02-000,Amadeo,Cavite,Region IV-A (CALABARZON),Municipality,4th,R4A,F
[2024-12] 04-010-03-000,2024-12,2024,[12] December,"Balayan, Batangas",[1] Operational,,,,,[A] Operational,B,04-010-03-000,Balayan,Batangas,Region IV-A (CALABARZON),Municipality,1st,R4A,F
[2024-12] 04-058-06-000,2024-12,2024,[12] December,"Cardona, Rizal",[1] Operational,,,,,[A] Operational,B,04-058-06-000,Cardona,Rizal,Region IV-A (CALABARZON),Municipality,3rd,R4A,F
[2024-12] 04-034-08-000,2024-12,2024,[12] December,"Famy, Laguna",[1] Operational,,,,Operational but not utilized,[A] Operational,B,04-034-08-000,Famy,Laguna,Region IV-A (CALABARZON),Municipality,5th,R4A,F
[2024-12] 04-021-07-000,2024-12,2024,[12] December,"General Emilio Aguinaldo, Cavite",[2] Ongoing Testing and Data Build-up,92%,,,,[B] Developmental,B,04-021-07-000,General Emilio Aguinaldo,Cavite,Region IV-A (CALABARZON),Municipality,5th,R4A,F
[2024-12] 04-056-16-000,2024-12,2024,[12] December,"General Luna, Quezon",[1] Operational,,,,,[A] Operational,A,04-056-16-000,General Luna,Quezon,Region IV-A (CALABARZON),Municipality,4th,R4A,F
[2024-12] 04-056-17-000,2024-12,2024,[12] December,"General Nakar, Quezon",[1] Operational,,,,,[A] Operational,B,04-056-17-000,General Nakar,Quezon,Region IV-A (CALABARZON),Municipality,1st,R4A,F
[2024-12] 04-056-19-000,2024-12,2024,[12] December,"Gumaca, Quezon",[1] Operational,,,,Operational but not utilized,[A] Operational,B,04-056-19-000,Gumaca,Quezon,Region IV-A (CALABARZON),Municipality,1st,R4A,F
[2024-12] 04-056-20-000,2024-12,2024,[12] December,"Infanta, Quezon",[1] Operational,,,,,[A] Operational,B,04-056-20-000,Infanta,Quezon,Region IV-A (CALABARZON),Municipality,1st,R4A,F
[2024-12] 04-010-15-000,2024-12,2024,[12] December,"Lobo, Batangas",[1] Operational,,,,,[A] Operational,B,04-010-15-000,Lobo,Batangas,Region IV-A (CALABARZON),Municipality,3rd,R4A,F
[2024-12] 04-021-12-000,2024-12,2024,[12] December,"Magallanes, Cavite",[2] Ongoing Testing and Data Build-up,93%,,,,[B] Developmental,B,04-021-12-000,Magallanes,Cavite,Region IV-A (CALABARZON),Municipality,4th,R4A,F
[2024-12] 04-034-18-000,2024-12,2024,[12] December,"Paete, Laguna",[1] Operational,,,,,[A] Operational,A,04-034-18-000,Paete,Laguna,Region IV-A (CALABARZON),Municipality,4th,R4A,F
[2024-12] 04-056-34-000,2024-12,2024,[12] December,"Pitogo, Quezon",[2] Ongoing Testing and Data Build-up,93%,,,,[B] Developmental,B,04-056-34-000,Pitogo,Quezon,Region IV-A (CALABARZON),Municipality,4th,R4A,F
[2024-12] 04-056-36-000,2024-12,2024,[12] December,"Polillo, Quezon",[1] Operational,,,,,[A] Operational,B,04-056-36-000,Polillo,Quezon,Region IV-A (CALABARZON),Municipality,3rd,R4A,F
[2024-12] 04-056-37-000,2024-12,2024,[12] December,"Quezon, Quezon",[2] Ongoing Testing and Data Build-up,93%,,,,[B] Developmental,B,04-056-37-000,Quezon,Quezon,Region IV-A (CALABARZON),Municipality,5th,R4A,F
[2024-12] 04-021-17-000,2024-12,2024,[12] December,"Rosario, Cavite",[1] Operational,,,,,[A] Operational,B,04-021-17-000,Rosario,Cavite,Region IV-A (CALABARZON),Municipality,1st,R4A,F
[2024-12] 04-056-39-000,2024-12,2024,[12] December,"Sampaloc, Quezon",[1] Operational,,,,,[A] Operational,B,04-056-39-000,Sampaloc,Quezon,Region IV-A (CALABARZON),Municipality,5th,R4A,F
[2024-12] 04-010-24-000,2024-12,2024,[12] December,"San Luis, Batangas",[1] Operational,,,,,[A] Operational,B,04-010-24-000,San Luis,Batangas,Region IV-A (CALABARZON),Municipality,4th,R4A,F
[2024-12] 04-010-25-000,2024-12,2024,[12] December,"San Nicolas, Batangas",[1] Operational,,,,,[A] Operational,B,04-010-25-000,San Nicolas,Batangas,Region IV-A (CALABARZON),Municipality,5th,R4A,F
[2024-12] 04-034-29-000,2024-12,2024,[12] December,"Siniloan, Laguna",[1] Operational,,,,,[A] Operational,B,04-034-29-000,Siniloan,Laguna,Region IV-A (CALABARZON),Municipality,2nd,R4A,F
[2024-12] 04-058-12-000,2024-12,2024,[12] December,"Tanay, Rizal",[1] Operational,,,,,[A] Operational,B,04-058-12-000,Tanay,Rizal,Region IV-A (CALABARZON),Municipality,1st,R4A,F
[2024-12] 04-010-34-000,2024-12,2024,[12] December,"Tuy, Batangas",[1] Operational,,,,,[A] Operational,B,04-010-34-000,Tuy,Batangas,Region IV-A (CALABARZON),Municipality,3rd,R4A,F
[2024-12] 17-053-01-000,2024-12,2024,[12] December,"Aborlan, Palawan",[3] With Concerns,,"WP integrated on the system, waiting to complete the LRC to fully adpot and Integrate the system",,"WP integrated on the system, waiting to complete the LRC to fully adpot and Integrate the system",[A] Operational,B,17-053-01-000,Aborlan,Palawan,MIMAROPA Region,Municipality,1st,R4B,G
[2024-12] 17-052-01-000,2024-12,2024,[12] December,"Baco, Oriental Mindoro",[1] Operational,,,,,[A] Operational,B,17-052-01-000,Baco,Oriental Mindoro,MIMAROPA Region,Municipality,3rd,R4B,G
[2024-12] 17-052-02-000,2024-12,2024,[12] December,"Bansud, Oriental Mindoro",[1] Operational,,,,,[A] Operational,B,17-052-02-000,Bansud,Oriental Mindoro,MIMAROPA Region,Municipality,2nd,R4B,G
[2024-12] 17-052-03-000,2024-12,2024,[12] December,"Bongabong, Oriental Mindoro",[3] With Concerns,,"WP integrated on the system, waiting to complete the LRC to fully adpot and Integrate the system",,"WP integrated on the system, waiting to complete the LRC to fully adpot and Integrate the system",[A] Operational,B,17-052-03-000,Bongabong,Oriental Mindoro,MIMAROPA Region,Municipality,1st,R4B,G
[2024-12] 17-052-04-000,2024-12,2024,[12] December,"Bulalacao, Oriental Mindoro",[1] Operational,,,,,[A] Operational,B,17-052-04-000,Bulalacao,Oriental Mindoro,MIMAROPA Region,Municipality,3rd,R4B,G
[2024-12] 17-053-09-000,2024-12,2024,[12] December,"Coron, Palawan",[1] Operational,,,,,[A] Operational,A,17-053-09-000,Coron,Palawan,MIMAROPA Region,Municipality,1st,R4B,G
[2024-12] 17-053-22-000,2024-12,2024,[12] December,"Culion, Palawan",[3] With Concerns,,"WP integrated on the system, waiting to complete the updated LRC to fully adpot and Integrate the system",,"WP integrated on the system, waiting to complete the updated LRC to fully adpot and Integrate the system",[A] Operational,B,17-053-22-000,Culion,Palawan,MIMAROPA Region,Municipality,3rd,R4B,G
[2024-12] 17-053-12-000,2024-12,2024,[12] December,"El Nido, Palawan",[1] Operational,,,,,[A] Operational,A,17-053-12-000,El Nido,Palawan,MIMAROPA Region,Municipality,1st,R4B,G
[2024-12] 17-059-16-000,2024-12,2024,[12] December,"Ferrol, Romblon",[1] Operational,,,,,[A] Operational,B,17-059-16-000,Ferrol,Romblon,MIMAROPA Region,Municipality,6th,R4B,G
[2024-12] 17-052-06-000,2024-12,2024,[12] December,"Gloria, Oriental Mindoro",[1] Operational,,,,,[A] Operational,B,17-052-06-000,Gloria,Oriental Mindoro,MIMAROPA Region,Municipality,3rd,R4B,G
[2024-12] 17-051-03-000,2024-12,2024,[12] December,"Looc, Occidental Mindoro",[1] Operational,,,,,[A] Operational,B,17-051-03-000,Looc,Occidental Mindoro,MIMAROPA Region,Municipality,5th,R4B,G
[2024-12] 17-059-07-000,2024-12,2024,[12] December,"Looc, Romblon",[1] Operational,,,,,[A] Operational,B,17-059-07-000,Looc,Romblon,MIMAROPA Region,Municipality,4th,R4B,G
[2024-12] 17-052-08-000,2024-12,2024,[12] December,"Naujan, Oriental Mindoro",[1] Operational,,,,,[A] Operational,B,17-052-08-000,Naujan,Oriental Mindoro,MIMAROPA Region,Municipality,1st,R4B,G
[2024-12] 17-052-09-000,2024-12,2024,[12] December,"Pinamalayan, Oriental Mindoro",[1] Operational,,,,,[A] Operational,A,17-052-09-000,Pinamalayan,Oriental Mindoro,MIMAROPA Region,Municipality,1st,R4B,G
[2024-12] 17-051-10-000,2024-12,2024,[12] December,"San Jose, Occidental Mindoro",[1] Operational,,,,,[A] Operational,B,17-051-10-000,San Jose,Occidental Mindoro,MIMAROPA Region,Municipality,1st,R4B,G
[2024-12] 17-052-13-000,2024-12,2024,[12] December,"San Teodoro, Oriental Mindoro",[1] Operational,,,,,[A] Operational,A,17-052-13-000,San Teodoro,Oriental Mindoro,MIMAROPA Region,Municipality,4th,R4B,G
[2024-12] 17-053-19-000,2024-12,2024,[12] December,"San Vicente, Palawan",[2] Ongoing Testing and Data Build-up,50%,,,"WP integrated on the system, waiting to complete the updated LRC to fully adpot and Integrate the system",[B] Developmental,B,17-053-19-000,San Vicente,Palawan,MIMAROPA Region,Municipality,1st,R4B,G
[2024-12] 06-006-02-000,2024-12,2024,[12] December,"Barbaza, Antique",[1] Operational,,,,,[A] Operational,B,06-006-02-000,Barbaza,Antique,Region VI (Western Visayas),Municipality,4th,R6,I
[2024-12] 06-030-12-000,2024-12,2024,[12] December,"Cabatuan, Iloilo",[1] Operational,,,,,[A] Operational,B,06-030-12-000,Cabatuan,Iloilo,Region VI (Western Visayas),Municipality,2nd,R6,I
[2024-12] 06-045-10-000,2024-12,2024,[12] December,"City of Himamaylan, Negros Occidental",[1] Operational,,,,,[A] Operational,B,06-045-10-000,City of Himamaylan,Negros Occidental,Region VI (Western Visayas),City,3rd,R6,I
[2024-12] 06-006-09-000,2024-12,2024,[12] December,"Laua-An, Antique",[1] Operational,,,,,[A] Operational,B,06-006-09-000,Laua-An,Antique,Region VI (Western Visayas),Municipality,4th,R6,I
[2024-12] 06-004-12-000,2024-12,2024,[12] December,"Malay, Aklan",[1] Operational,,,,,[A] Operational,B,06-004-12-000,Malay,Aklan,Region VI (Western Visayas),Municipality,1st,R6,I
[2024-12] 06-030-40-000,2024-12,2024,[12] December,"San Joaquin, Iloilo",[1] Operational,,,,,[A] Operational,B,06-030-40-000,San Joaquin,Iloilo,Region VI (Western Visayas),Municipality,2nd,R6,I
[2024-12] 06-030-41-000,2024-12,2024,[12] December,"San Miguel, Iloilo",[1] Operational,,,,,[A] Operational,B,06-030-41-000,San Miguel,Iloilo,Region VI (Western Visayas),Municipality,4th,R6,I
[2024-12] 06-006-16-000,2024-12,2024,[12] December,"Sibalom, Antique",[1] Operational,,,,,[A] Operational,B,06-006-16-000,Sibalom,Antique,Region VI (Western Visayas),Municipality,2nd,R6,I
[2024-12] 06-004-17-000,2024-12,2024,[12] December,"Tangalan, Aklan",[1] Operational,,,,,[A] Operational,A,06-004-17-000,Tangalan,Aklan,Region VI (Western Visayas),Municipality,5th,R6,I
[2024-12] 01-029-07-000,2024-12,2024,[12] December,"Caoayan, Ilocos Sur",[2] Ongoing Testing and Data Build-up,80%,,,,[B] Developmental,B,01-029-07-000,Caoayan,Ilocos Sur,Region I (Ilocos Region),Municipality,4th,R1,C
[2024-12] 01-028-12-000,2024-12,2024,[12] December,"City of Laoag, Ilocos Norte",[1] Operational,,,,,[A] Operational,B,01-028-12-000,City of Laoag,Ilocos Norte,Region I (Ilocos Region),City,3rd,R1,C
[2024-12] 01-055-41-000,2024-12,2024,[12] December,"Sison, Pangasinan",[1] Operational,,,,,[A] Operational,B,01-055-41-000,Sison,Pangasinan,Region I (Ilocos Region),Municipality,3rd,R1,C
[2024-12] 03-054-03-000,2024-12,2024,[12] December,"Arayat, Pampanga",[1] Operational,,,,,[A] Operational,A,03-054-03-000,Arayat,Pampanga,Region III (Central Luzon),Municipality,1st,R3,E
[2024-12] 03-077-01-000,2024-12,2024,[12] December,"Baler, Aurora",[1] Operational,,,,,[A] Operational,A,03-077-01-000,Baler,Aurora,Region III (Central Luzon),Municipality,3rd,R3,E
[2024-12] 03-077-02-000,2024-12,2024,[12] December,"Casiguran, Aurora",[2] Ongoing Testing and Data Build-up,82%,,,,[B] Developmental,B,03-077-02-000,Casiguran,Aurora,Region III (Central Luzon),Municipality,2nd,R3,E
[2024-12] 03-314-00-000,2024-12,2024,[12] December,"City of Olongapo, Zambales",[2] Ongoing Testing and Data Build-up,75%,,intended to withdraw,,[B] Developmental,B,03-314-00-000,City of Olongapo,Zambales,Region III (Central Luzon),City,1st,R3,E
[2024-12] 03-014-20-000,2024-12,2024,[12] December,"City of San Jose Del Monte, Bulacan",[2] Ongoing Testing and Data Build-up,76%,,,,[B] Developmental,B,03-014-20-000,City of San Jose Del Monte,Bulacan,Region III (Central Luzon),City,1st,R3,E
[2024-12] 03-054-10-000,2024-12,2024,[12] December,"Macabebe, Pampanga",[2] Ongoing Testing and Data Build-up,99%,,,,[B] Developmental,A,03-054-10-000,Macabebe,Pampanga,Region III (Central Luzon),Municipality,1st,R3,E
[2024-12] 03-054-11-000,2024-12,2024,[12] December,"Magalang, Pampanga",[2] Ongoing Testing and Data Build-up,82%,,,,[B] Developmental,B,03-054-11-000,Magalang,Pampanga,Region III (Central Luzon),Municipality,1st,R3,E
[2024-12] 03-049-23-000,2024-12,2024,[12] December,"Rizal, Nueva Ecija",[1] Operational,,,,,[A] Operational,A,03-049-23-000,Rizal,Nueva Ecija,Region III (Central Luzon),Municipality,2nd,R3,E
[2024-12] 03-054-17-000,2024-12,2024,[12] December,"San Luis, Pampanga",[1] Operational,,,,,[A] Operational,A,03-054-17-000,San Luis,Pampanga,Region III (Central Luzon),Municipality,3rd,R3,E
[2024-12] 03-049-29-000,2024-12,2024,[12] December,"Santo Domingo, Nueva Ecija",[1] Operational,,,,,[A] Operational,A,03-049-29-000,Santo Domingo,Nueva Ecija,Region III (Central Luzon),Municipality,3rd,R3,E
[2024-12] 03-049-31-000,2024-12,2024,[12] December,"Talugtug, Nueva Ecija",[2] Ongoing Testing and Data Build-up,100%,,,,[B] Developmental,A,03-049-31-000,Talugtug,Nueva Ecija,Region III (Central Luzon),Municipality,4th,R3,E
[2024-12] 10-043-06-000,2024-12,2024,[12] December,"Claveria, Misamis Oriental",[1] Operational,,,,,[A] Operational,A,10-043-06-000,Claveria,Misamis Oriental,Region X (Northern Mindanao),Municipality,1st,R10,N
[2024-12] 10-043-11-000,2024-12,2024,[12] December,"Jasaan, Misamis Oriental",[2] Ongoing Testing and Data Build-up,10%,,Schedule for training,For training on 2024,[B] Developmental,B,10-043-11-000,Jasaan,Misamis Oriental,Region X (Northern Mindanao),Municipality,2nd,R10,N
[2024-12] 10-043-19-000,2024-12,2024,[12] December,"Medina, Misamis Oriental",[2] Ongoing Testing and Data Build-up,10%,,Schedule for training,For training on 2024,[B] Developmental,B,10-043-19-000,Medina,Misamis Oriental,Region X (Northern Mindanao),Municipality,4th,R10,N
[2024-12] 12-047-15-000,2024-12,2024,[12] December,"Antipas, Cotabato",[1] Operational,,,,,[A] Operational,B,12-047-15-000,Antipas,Cotabato,Region XII (SOCCSKSARGEN),Municipality,2nd,R12,Q
[2024-12] 12-047-03-000,2024-12,2024,[12] December,"Kabacan, Cotabato",[1] Operational,,,,,[A] Operational,A,12-047-03-000,Kabacan,Cotabato,Region XII (SOCCSKSARGEN),Municipality,1st,R12,Q
[2024-12] 12-047-08-000,2024-12,2024,[12] December,"Matalam, Cotabato",[1] Operational,,,,,[A] Operational,B,12-047-08-000,Matalam,Cotabato,Region XII (SOCCSKSARGEN),Municipality,1st,R12,Q
[2024-12] 12-047-05-000,2024-12,2024,[12] December,"Libungan, Cotabato",[1] Operational,,,,,[A] Operational,B,12-047-05-000,Libungan,Cotabato,Region XII (SOCCSKSARGEN),Municipality,2nd,R12,Q
[2024-12] 12-047-11-000,2024-12,2024,[12] December,"Pigkawayan, Cotabato",[1] Operational,,,,,[A] Operational,B,12-047-11-000,Pigkawayan,Cotabato,Region XII (SOCCSKSARGEN),Municipality,1st,R12,Q
[2024-12] 12-047-12-000,2024-12,2024,[12] December,"Pikit, Cotabato",[1] Operational,,,,,[A] Operational,B,12-047-12-000,Pikit,Cotabato,Region XII (SOCCSKSARGEN),Municipality,1st,R12,Q
[2024-12] 12-065-01-000,2024-12,2024,[12] December,"Bagumbayan, Sultan Kudarat",[1] Operational,,,,,[A] Operational,B,12-065-01-000,Bagumbayan,Sultan Kudarat,Region XII (SOCCSKSARGEN),Municipality,1st,R12,Q
[2024-12] 12-065-02-000,2024-12,2024,[12] December,"Columbio, Sultan Kudarat",[1] Operational,,,,,[A] Operational,B,12-065-02-000,Columbio,Sultan Kudarat,Region XII (SOCCSKSARGEN),Municipality,1st,R12,Q
[2024-12] 12-065-03-000,2024-12,2024,[12] December,"Esperanza, Sultan Kudarat",[1] Operational,,,,,[A] Operational,B,12-065-03-000,Esperanza,Sultan Kudarat,Region XII (SOCCSKSARGEN),Municipality,1st,R12,Q
[2024-12] 12-065-04-000,2024-12,2024,[12] December,"Isulan, Sultan Kudarat",[1] Operational,,,,,[A] Operational,B,12-065-04-000,Isulan,Sultan Kudarat,Region XII (SOCCSKSARGEN),Municipality,1st,R12,Q
[2024-12] 12-065-08-000,2024-12,2024,[12] December,"Lambayong, Sultan Kudarat",[1] Operational,,,,,[A] Operational,B,12-065-08-000,Lambayong,Sultan Kudarat,Region XII (SOCCSKSARGEN),Municipality,2nd,R12,Q
[2024-12] 19-087-13-000,2024-12,2024,[12] December,"Upi, Maguindanao del Norte",[1] Operational,,,,,[A] Operational,B,19-087-13-000,Upi,Maguindanao del Norte,Bangsamoro Autonomous Region In Muslim Mindanao (BARMM),Municipality,1st,BARMM II,R
[2024-12] 19-087-09-000,2024-12,2024,[12] December,"Parang, Maguindanao del Norte",[1] Operational,,,,,[A] Operational,B,19-087-09-000,Parang,Maguindanao del Norte,Bangsamoro Autonomous Region In Muslim Mindanao (BARMM),Municipality,1st*,BARMM II,R