,ENGAGEMENT STATUS,,,,LGU PROFILE,,,,,,,,,,DECEMBER 2024,,JANUARY 2025,,FEBRUARY 2025,,,MARCH 2025,,,APRIL 2025,,,MAY 2025,,,JUNE 2025,,,JULY 2025,,,AUGUST 2025,,,SEPTEMBER 2025,,,OCTOBER 2025,,,NOVEMBER 2025,,,DECEMBER 2025,,
LGU FULL NAME.,YEAR,ACCOMP PERIOD,ENGAGEMENT DATES,,GEOCODE,,NAME,PROVINCE,REGION,LEVEL,INCOME CLASS,DICT RO,MPAR,SORT,STATUS,USTATUS,STATUS,USTATUS,STATUS,USTATUS,REMARKS,STATUS,USTATUS,REMARKS,STATUS,USTATUS,REMARKS,STATUS,USTATUS,REMARKS,STATUS,USTATUS,REMARKS,STATUS,USTATUS,REMARKS,STATUS,USTATUS,REMARKS,STATUS,USTATUS,REMARKS,STATUS,USTATUS,REMARKS,STATUS,USTATUS,REMARKS,STATUS,USTATUS,REMARKS
,,,"(RECEIVE REQTS)
mm/dd/yyyy","(REQUEST PROVIDED)
mm/dd/yyyy",NEW,OLD,,,,,,,,,2024-12,2024-12,2025-01,2025-01,2025-02,2025-02,2025-02,2025-03,2025-03,2025-03,2025-04,2025-04,2025-04,2025-05,2025-05,2025-05,2025-06,2025-06,2025-06,2025-07,2025-07,2025-07,2025-08,2025-08,2025-08,2025-09,2025-09,2025-09,2025-10,2025-10,2025-10,2025-11,2025-11,2025-11,2025-12,2025-12,2025-12
LGU FULL NAME,YEAR,ACCOMP PERIOD,REQUEST DATE,COMPLETION DATE,GCODE,OLD GEOCODE,NAME,PROVINCE,REGION,LEVEL,INCOME CLASS,DICT RO,MPAR,SORT,2024-12,2024-12,2025-01,2025-01,2025-02,2025-02,2025-02,2025-03,2025-03,2025-03,2025-04,2025-04,2025-04,2025-05,2025-05,2025-05,2025-06,2025-06,2025-06,2025-07,2025-07,2025-07,2025-08,2025-08,2025-08,2025-09,2025-09,2025-09,2025-10,2025-10,2025-10,2025-11,2025-11,2025-11,2025-12,2025-12,2025-12
"Manay, Davao Oriental",2022,2022-12,,,11-025-08-000,11-25-08-000,Manay,Davao Oriental,Region XI (Davao Region),Municipality,2nd,R11,A,P,#N/A,#N/A,[1] Operational,[A] Operational,[1] Operational,[A] Operational,,[1] Operational,[A] Operational,,[1] Operational,[A] Operational,,[1] Operational,[A] Operational,,[1] Operational,[A] Operational,,[1] Operational,[A] Operational,,#N/A,#N/A,#N/A,#N/A,#N/A,#N/A,#N/A,#N/A,#N/A,#N/A,#N/A,#N/A,#N/A,#N/A,#N/A
"Lupon, Davao Oriental",2023,2023-01,,,11-025-07-000,11-25-07-000,Lupon,Davao Oriental,Region XI (Davao Region),Municipality,1st,R11,B,P,#N/A,#N/A,[1] Operational,[A] Operational,[1] Operational,[A] Operational,,[1] Operational,[A] Operational,,[1] Operational,[A] Operational,,[1] Operational,[A] Operational,,[1] Operational,[A] Operational,,[1] Operational,[A] Operational,,#N/A,#N/A,#N/A,#N/A,#N/A,#N/A,#N/A,#N/A,#N/A,#N/A,#N/A,#N/A,#N/A,#N/A,#N/A
"San Isidro, Davao Oriental",2022,2022-12,,,11-025-10-000,11-25-10-000,San Isidro,Davao Oriental,Region XI (Davao Region),Municipality,3rd,R11,A,P,#N/A,#N/A,[1] Operational,[A] Operational,[1] Operational,[A] Operational,,[1] Operational,[A] Operational,,[1] Operational,[A] Operational,,[1] Operational,[A] Operational,,[1] Operational,[A] Operational,,[1] Operational,[A] Operational,,#N/A,#N/A,#N/A,#N/A,#N/A,#N/A,#N/A,#N/A,#N/A,#N/A,#N/A,#N/A,#N/A,#N/A,#N/A
"Sulop, Davao del Sur",2023,2023-02,,,11-024-14-000,11-24-14-000,Sulop,Davao del Sur,Region XI (Davao Region),Municipality,3rd,R11,B,P,#N/A,#N/A,[1] Operational,[A] Operational,[1] Operational,[A] Operational,,[1] Operational,[A] Operational,,[1] Operational,[A] Operational,,[1] Operational,[A] Operational,,[1] Operational,[A] Operational,,[1] Operational,[A] Operational,,#N/A,#N/A,#N/A,#N/A,#N/A,#N/A,#N/A,#N/A,#N/A,#N/A,#N/A,#N/A,#N/A,#N/A,#N/A
"City of Digos, Davao del Sur",2023,2023-01,01/09/2023,01/09/2023,11-024-03-000,11-24-03-000,City of Digos,Davao del Sur,Region XI (Davao Region),City,2nd,R11,B,P,#N/A,#N/A,[1] Operational,[A] Operational,[1] Operational,[A] Operational,,[1] Operational,[A] Operational,,[1] Operational,[A] Operational,,[1] Operational,[A] Operational,,[1] Operational,[A] Operational,,[1] Operational,[A] Operational,,#N/A,#N/A,#N/A,#N/A,#N/A,#N/A,#N/A,#N/A,#N/A,#N/A,#N/A,#N/A,#N/A,#N/A,#N/A
"Labason, Zamboanga del Norte",2023,2023-02,,,09-072-05-000,09-72-05-000,Labason,Zamboanga del Norte,Region IX (Zamboanga Peninsula),Municipality,3rd,R9,B,L,#N/A,#N/A,[1] Operational,[A] Operational,[1] Operational,[A] Operational,,[1] Operational,[A] Operational,,[1] Operational,[A] Operational,,[1] Operational,[A] Operational,,[1] Operational,[A] Operational,,[1] Operational,[A] Operational,,#N/A,#N/A,#N/A,#N/A,#N/A,#N/A,#N/A,#N/A,#N/A,#N/A,#N/A,#N/A,#N/A,#N/A,#N/A
"Polanco, Zamboanga del Norte",2022,2022-12,,,09-072-10-000,09-72-10-000,Polanco,Zamboanga del Norte,Region IX (Zamboanga Peninsula),Municipality,3rd,R9,A,L,#N/A,#N/A,[1] Operational,[A] Operational,[1] Operational,[A] Operational,,[1] Operational,[A] Operational,,[1] Operational,[A] Operational,,[1] Operational,[A] Operational,,[1] Operational,[A] Operational,,[1] Operational,[A] Operational,,#N/A,#N/A,#N/A,#N/A,#N/A,#N/A,#N/A,#N/A,#N/A,#N/A,#N/A,#N/A,#N/A,#N/A,#N/A
"Sindangan, Zamboanga del Norte",2021,2022-12,,,09-072-18-000,09-72-18-000,Sindangan,Zamboanga del Norte,Region IX (Zamboanga Peninsula),Municipality,1st,R9,A,L,#N/A,#N/A,[1] Operational,[A] Operational,[1] Operational,[A] Operational,,[1] Operational,[A] Operational,,[1] Operational,[A] Operational,,[1] Operational,[A] Operational,,[1] Operational,[A] Operational,,[1] Operational,[A] Operational,,#N/A,#N/A,#N/A,#N/A,#N/A,#N/A,#N/A,#N/A,#N/A,#N/A,#N/A,#N/A,#N/A,#N/A,#N/A
"Tampilisan, Zamboanga del Norte",2021,2022-12,07/12/2021,07/12/2021,09-072-21-000,09-72-21-000,Tampilisan,Zamboanga del Norte,Region IX (Zamboanga Peninsula),Municipality,4th,R9,A,L,#N/A,#N/A,[1] Operational,[A] Operational,[1] Operational,[A] Operational,,[1] Operational,[A] Operational,,[1] Operational,[A] Operational,,[1] Operational,[A] Operational,,[1] Operational,[A] Operational,,[1] Operational,[A] Operational,,#N/A,#N/A,#N/A,#N/A,#N/A,#N/A,#N/A,#N/A,#N/A,#N/A,#N/A,#N/A,#N/A,#N/A,#N/A
"Gutalac, Zamboanga del Norte",2021,2022-12,04/26/2021,04/26/2021,09-072-23-000,09-72-23-000,Gutalac,Zamboanga del Norte,Region IX (Zamboanga Peninsula),Municipality,2nd,R9,A,L,#N/A,#N/A,[1] Operational,[A] Operational,[1] Operational,[A] Operational,,[1] Operational,[A] Operational,,[1] Operational,[A] Operational,,[1] Operational,[A] Operational,,[1] Operational,[A] Operational,,[1] Operational,[A] Operational,,#N/A,#N/A,#N/A,#N/A,#N/A,#N/A,#N/A,#N/A,#N/A,#N/A,#N/A,#N/A,#N/A,#N/A,#N/A
"Dumalinao, Zamboanga del Sur",2022,2022-12,,,09-073-07-000,09-73-07-000,Dumalinao,Zamboanga del Sur,Region IX (Zamboanga Peninsula),Municipality,4th,R9,A,L,#N/A,#N/A,[1] Operational,[A] Operational,[1] Operational,[A] Operational,,[1] Operational,[A] Operational,,[1] Operational,[A] Operational,,[1] Operational,[A] Operational,,[1] Operational,[A] Operational,,[1] Operational,[A] Operational,,#N/A,#N/A,#N/A,#N/A,#N/A,#N/A,#N/A,#N/A,#N/A,#N/A,#N/A,#N/A,#N/A,#N/A,#N/A
"Mahayag, Zamboanga del Sur",2023,2023-01,,,09-073-15-000,09-73-15-000,Mahayag,Zamboanga del Sur,Region IX (Zamboanga Peninsula),Municipality,3rd*,R9,B,L,#N/A,#N/A,[1] Operational,[A] Operational,[1] Operational,[A] Operational,,[1] Operational,[A] Operational,,[1] Operational,[A] Operational,,[1] Operational,[A] Operational,,[1] Operational,[A] Operational,,[1] Operational,[A] Operational,,#N/A,#N/A,#N/A,#N/A,#N/A,#N/A,#N/A,#N/A,#N/A,#N/A,#N/A,#N/A,#N/A,#N/A,#N/A
"Molave, Zamboanga del Sur",2021,2022-12,,,09-073-19-000,09-73-19-000,Molave,Zamboanga del Sur,Region IX (Zamboanga Peninsula),Municipality,1st,R9,A,L,#N/A,#N/A,[1] Operational,[A] Operational,[1] Operational,[A] Operational,,[1] Operational,[A] Operational,,[1] Operational,[A] Operational,,[1] Operational,[A] Operational,,[1] Operational,[A] Operational,,[1] Operational,[A] Operational,,#N/A,#N/A,#N/A,#N/A,#N/A,#N/A,#N/A,#N/A,#N/A,#N/A,#N/A,#N/A,#N/A,#N/A,#N/A
"Ramon Magsaysay, Zamboanga del Sur",2021,2022-12,05/04/2021,05/04/2021,09-073-23-000,09-73-23-000,Ramon Magsaysay,Zamboanga del Sur,Region IX (Zamboanga Peninsula),Municipality,4th*,R9,A,L,#N/A,#N/A,[1] Operational,[A] Operational,[1] Operational,[A] Operational,,[1] Operational,[A] Operational,,[1] Operational,[A] Operational,,[1] Operational,[A] Operational,,[1] Operational,[A] Operational,,[1] Operational,[A] Operational,,#N/A,#N/A,#N/A,#N/A,#N/A,#N/A,#N/A,#N/A,#N/A,#N/A,#N/A,#N/A,#N/A,#N/A,#N/A
"Tambulig, Zamboanga del Sur",2023,2023-01,,,09-073-28-000,09-73-28-000,Tambulig,Zamboanga del Sur,Region IX (Zamboanga Peninsula),Municipality,4th*,R9,B,L,#N/A,#N/A,[1] Operational,[A] Operational,[1] Operational,[A] Operational,,[1] Operational,[A] Operational,,[1] Operational,[A] Operational,,[1] Operational,[A] Operational,,[1] Operational,[A] Operational,,[1] Operational,[A] Operational,,#N/A,#N/A,#N/A,#N/A,#N/A,#N/A,#N/A,#N/A,#N/A,#N/A,#N/A,#N/A,#N/A,#N/A,#N/A
"Guipos, Zamboanga del Sur",,,,,09-073-43-000,09-73-43-000,Guipos,Zamboanga del Sur,Region IX (Zamboanga Peninsula),Municipality,4th,R9,B,L,#N/A,#N/A,[1] Operational,[A] Operational,[1] Operational,[A] Operational,,[1] Operational,[A] Operational,,[1] Operational,[A] Operational,,[1] Operational,[A] Operational,,[1] Operational,[A] Operational,,[1] Operational,[A] Operational,,#N/A,#N/A,#N/A,#N/A,#N/A,#N/A,#N/A,#N/A,#N/A,#N/A,#N/A,#N/A,#N/A,#N/A,#N/A
"Tigbao, Zamboanga del Sur",,,,,09-073-44-000,09-73-44-000,Tigbao,Zamboanga del Sur,Region IX (Zamboanga Peninsula),Municipality,5th*,R9,B,L,#N/A,#N/A,[1] Operational,[A] Operational,[1] Operational,[A] Operational,,[1] Operational,[A] Operational,,[1] Operational,[A] Operational,,[1] Operational,[A] Operational,,[1] Operational,[A] Operational,,[1] Operational,[A] Operational,,#N/A,#N/A,#N/A,#N/A,#N/A,#N/A,#N/A,#N/A,#N/A,#N/A,#N/A,#N/A,#N/A,#N/A,#N/A
"Diplahan, Zamboanga Sibugay",2021,2022-12,,,09-083-03-000,09-83-03-000,Diplahan,Zamboanga Sibugay,Region IX (Zamboanga Peninsula),Municipality,3rd,R9,A,L,#N/A,#N/A,[1] Operational,[A] Operational,[1] Operational,[A] Operational,,[1] Operational,[A] Operational,,[1] Operational,[A] Operational,,[1] Operational,[A] Operational,,[1] Operational,[A] Operational,,[1] Operational,[A] Operational,,#N/A,#N/A,#N/A,#N/A,#N/A,#N/A,#N/A,#N/A,#N/A,#N/A,#N/A,#N/A,#N/A,#N/A,#N/A
"Kabasalan, Zamboanga Sibugay",2022,2022-12,,,09-083-06-000,09-83-06-000,Kabasalan,Zamboanga Sibugay,Region IX (Zamboanga Peninsula),Municipality,2nd,R9,A,L,#N/A,#N/A,[1] Operational,[A] Operational,[1] Operational,[A] Operational,,[1] Operational,[A] Operational,,[1] Operational,[A] Operational,,[1] Operational,[A] Operational,,[1] Operational,[A] Operational,,[1] Operational,[A] Operational,,#N/A,#N/A,#N/A,#N/A,#N/A,#N/A,#N/A,#N/A,#N/A,#N/A,#N/A,#N/A,#N/A,#N/A,#N/A
"Talipao, Sulu",2021,2022-12,07/26/2021,07/26/2021,19-066-13-000,15-66-13-000,Talipao,Sulu,Bangsamoro Autonomous Region In Muslim Mindanao (BARMM),Municipality,1st,BARMM I,A,M,#N/A,#N/A,[1] Operational,[A] Operational,[1] Operational,[A] Operational,,[1] Operational,[A] Operational,,[1] Operational,[A] Operational,,[1] Operational,[A] Operational,,[1] Operational,[A] Operational,,[1] Operational,[A] Operational,,#N/A,#N/A,#N/A,#N/A,#N/A,#N/A,#N/A,#N/A,#N/A,#N/A,#N/A,#N/A,#N/A,#N/A,#N/A
"Bongao, Tawi-Tawi",2021,2022-12,,,19-070-02-000,15-70-02-000,Bongao,Tawi-Tawi,Bangsamoro Autonomous Region In Muslim Mindanao (BARMM),Municipality,2nd,BARMM I,A,M,#N/A,#N/A,[1] Operational,[A] Operational,[1] Operational,[A] Operational,,[1] Operational,[A] Operational,,[1] Operational,[A] Operational,,[1] Operational,[A] Operational,,[1] Operational,[A] Operational,,[1] Operational,[A] Operational,,#N/A,#N/A,#N/A,#N/A,#N/A,#N/A,#N/A,#N/A,#N/A,#N/A,#N/A,#N/A,#N/A,#N/A,#N/A
"City of Isabela, Basilan",,,,,09-901-01-000,09-97-01-000,City of Isabela,Basilan,Region IX (Zamboanga Peninsula),City,4th,R9,B,L,#N/A,#N/A,[1] Operational,[A] Operational,[1] Operational,[A] Operational,,[1] Operational,[A] Operational,,[1] Operational,[A] Operational,,[1] Operational,[A] Operational,,[1] Operational,[A] Operational,,[1] Operational,[A] Operational,,#N/A,#N/A,#N/A,#N/A,#N/A,#N/A,#N/A,#N/A,#N/A,#N/A,#N/A,#N/A,#N/A,#N/A,#N/A
"City of Lamitan, Basilan",2022,2022-12,,,19-007-02-000,15-07-02-000,City of Lamitan,Basilan,Bangsamoro Autonomous Region In Muslim Mindanao (BARMM),City,6th,BARMM I,A,M,#N/A,#N/A,[1] Operational,[A] Operational,[1] Operational,[A] Operational,,[1] Operational,[A] Operational,,[1] Operational,[A] Operational,,[1] Operational,[A] Operational,,[1] Operational,[A] Operational,,[1] Operational,[A] Operational,,#N/A,#N/A,#N/A,#N/A,#N/A,#N/A,#N/A,#N/A,#N/A,#N/A,#N/A,#N/A,#N/A,#N/A,#N/A
"Josefina, Zamboanga del Sur",2023,2023-01,,,09-073-37-000,09-73-37-000,Josefina,Zamboanga del Sur,Region IX (Zamboanga Peninsula),Municipality,5th*,R9,B,L,#N/A,#N/A,[1] Operational,[A] Operational,[1] Operational,[A] Operational,,[1] Operational,[A] Operational,,[1] Operational,[A] Operational,,[1] Operational,[A] Operational,,[1] Operational,[A] Operational,,[1] Operational,[A] Operational,,#N/A,#N/A,#N/A,#N/A,#N/A,#N/A,#N/A,#N/A,#N/A,#N/A,#N/A,#N/A,#N/A,#N/A,#N/A
"Leon B. Postigo (Bacungan), Zamboanga del Norte",2023,2023-04,,,09-072-26-000,09-72-26-000,Leon B. Postigo (Bacungan),Zamboanga del Norte,Region IX (Zamboanga Peninsula),Municipality,4th,R9,B,L,#N/A,#N/A,[1] Operational,[A] Operational,[1] Operational,[A] Operational,,[1] Operational,[A] Operational,,[1] Operational,[A] Operational,,[1] Operational,[A] Operational,,[1] Operational,[A] Operational,,[1] Operational,[A] Operational,,#N/A,#N/A,#N/A,#N/A,#N/A,#N/A,#N/A,#N/A,#N/A,#N/A,#N/A,#N/A,#N/A,#N/A,#N/A
"Salug, Zamboanga del Norte",2022,2022-12,,,09-072-13-000,09-72-13-000,Salug,Zamboanga del Norte,Region IX (Zamboanga Peninsula),Municipality,3rd,R9,A,L,#N/A,#N/A,[1] Operational,[A] Operational,[1] Operational,[A] Operational,,[1] Operational,[A] Operational,,[1] Operational,[A] Operational,,[1] Operational,[A] Operational,,[1] Operational,[A] Operational,,[1] Operational,[A] Operational,,#N/A,#N/A,#N/A,#N/A,#N/A,#N/A,#N/A,#N/A,#N/A,#N/A,#N/A,#N/A,#N/A,#N/A,#N/A
"Siayan, Zamboanga del Norte",2023,2023-01,,,09-072-15-000,09-72-15-000,Siayan,Zamboanga del Norte,Region IX (Zamboanga Peninsula),Municipality,2nd,R9,B,L,#N/A,#N/A,[1] Operational,[A] Operational,[1] Operational,[A] Operational,,[1] Operational,[A] Operational,,[1] Operational,[A] Operational,,[1] Operational,[A] Operational,,[1] Operational,[A] Operational,,[1] Operational,[A] Operational,,#N/A,#N/A,#N/A,#N/A,#N/A,#N/A,#N/A,#N/A,#N/A,#N/A,#N/A,#N/A,#N/A,#N/A,#N/A
"Dimataling, Zamboanga del Sur",2022,2022-12,06/21/2021,06/21/2021,09-073-05-000,09-73-05-000,Dimataling,Zamboanga del Sur,Region IX (Zamboanga Peninsula),Municipality,4th,R9,A,L,#N/A,#N/A,[1] Operational,[A] Operational,[1] Operational,[A] Operational,,[1] Operational,[A] Operational,,[1] Operational,[A] Operational,,[1] Operational,[A] Operational,,[1] Operational,[A] Operational,,[1] Operational,[A] Operational,,#N/A,#N/A,#N/A,#N/A,#N/A,#N/A,#N/A,#N/A,#N/A,#N/A,#N/A,#N/A,#N/A,#N/A,#N/A
"San Pablo, Zamboanga del Sur",2021,2022-12,,,09-073-25-000,09-73-25-000,San Pablo,Zamboanga del Sur,Region IX (Zamboanga Peninsula),Municipality,4th*,R9,A,L,#N/A,#N/A,[1] Operational,[A] Operational,[1] Operational,[A] Operational,,[1] Operational,[A] Operational,,[1] Operational,[A] Operational,,[1] Operational,[A] Operational,,[1] Operational,[A] Operational,,[1] Operational,[A] Operational,,#N/A,#N/A,#N/A,#N/A,#N/A,#N/A,#N/A,#N/A,#N/A,#N/A,#N/A,#N/A,#N/A,#N/A,#N/A
"Upi, Maguindanao del Norte",2022,2022-12,,,19-087-13-000,15-38-15-000,Upi,Maguindanao del Norte,Bangsamoro Autonomous Region In Muslim Mindanao (BARMM),Municipality,1st,BARMM II,A,R,#N/A,#N/A,[1] Operational,[A] Operational,[1] Operational,[A] Operational,,[1] Operational,[A] Operational,18 Barangay to Integrate,[1] Operational,[A] Operational,6 Barangays Clearance has been Integrated in the system out of 23 barangays,[1] Operational,[A] Operational,6 Barangays Clearance has been Integrated in the system out of 23 barangays,[1] Operational,[A] Operational,6 Barangays Clearance has been Integrated in the system out of 23 barangays,[1] Operational,[A] Operational,6 Barangays Clearance has been Integrated in the system out of 23 barangays,#N/A,#N/A,#N/A,#N/A,#N/A,#N/A,#N/A,#N/A,#N/A,#N/A,#N/A,#N/A,#N/A,#N/A,#N/A
"Parang, Maguindanao del Norte",2021,2022-12,,,19-087-09-000,15-38-11-000,Parang,Maguindanao del Norte,Bangsamoro Autonomous Region In Muslim Mindanao (BARMM),Municipality,1st*,BARMM II,A,R,#N/A,#N/A,[1] Operational,[A] Operational,[1] Operational,[A] Operational,,[1] Operational,[A] Operational,19 Barangay to Integrate,[1] Operational,[A] Operational,20 Barangay Clearance has been integrated in the system out of 25 barangays,[1] Operational,[A] Operational,20 Barangay Clearance has been integrated in the system out of 25 barangays,[1] Operational,[A] Operational,20 Barangay Clearance has been integrated in the system out of 25 barangays,[1] Operational,[A] Operational,20 Barangay Clearance has been integrated in the system out of 25 barangays,#N/A,#N/A,#N/A,#N/A,#N/A,#N/A,#N/A,#N/A,#N/A,#N/A,#N/A,#N/A,#N/A,#N/A,#N/A
"Datu Paglas, Maguindanao del Sur",2022,2022-12,,,19-088-06-000,15-38-05-000,Datu Paglas,Maguindanao del Sur,Bangsamoro Autonomous Region In Muslim Mindanao (BARMM),Municipality,4th,BARMM II,A,R,#N/A,#N/A,[1] Operational,[A] Operational,[1] Operational,[A] Operational,,[1] Operational,[A] Operational,20 Barangay to Integrate,[1] Operational,[A] Operational,14 Barangays Clearance has been integrated in the system out of 23 barangays,[1] Operational,[A] Operational,14 Barangays Clearance has been integrated in the system out of 23 barangays,[1] Operational,[A] Operational,14 Barangays Clearance has been integrated in the system out of 23 barangays,[1] Operational,[A] Operational,14 Barangays Clearance has been integrated in the system out of 23 barangays,#N/A,#N/A,#N/A,#N/A,#N/A,#N/A,#N/A,#N/A,#N/A,#N/A,#N/A,#N/A,#N/A,#N/A,#N/A
"City of Cabadbaran, Agusan del Norte",2023,2023-06,,,16-002-03-000,16-02-03-000,City of Cabadbaran,Agusan del Norte,Region XIII (Caraga),City,6th,R13,B,O,#N/A,#N/A,[1] Operational,[A] Operational,[1] Operational,[A] Operational,,[1] Operational,[A] Operational,,[1] Operational,[A] Operational,,[1] Operational,[A] Operational,,[1] Operational,[A] Operational,,[1] Operational,[A] Operational,,#N/A,#N/A,#N/A,#N/A,#N/A,#N/A,#N/A,#N/A,#N/A,#N/A,#N/A,#N/A,#N/A,#N/A,#N/A
"Las Nieves, Agusan del Norte",2023,2023-01,,,16-002-07-000,16-02-07-000,Las Nieves,Agusan del Norte,Region XIII (Caraga),Municipality,2nd,R13,B,O,#N/A,#N/A,[1] Operational,[A] Operational,[1] Operational,[A] Operational,,[1] Operational,[A] Operational,,[1] Operational,[A] Operational,,[1] Operational,[A] Operational,,[1] Operational,[A] Operational,,[1] Operational,[A] Operational,,#N/A,#N/A,#N/A,#N/A,#N/A,#N/A,#N/A,#N/A,#N/A,#N/A,#N/A,#N/A,#N/A,#N/A,#N/A
"San Agustin, Surigao del Sur",2022,2022-12,,,16-068-15-000,16-68-15-000,San Agustin,Surigao del Sur,Region XIII (Caraga),Municipality,4th,R13,A,O,#N/A,#N/A,[1] Operational,[A] Operational,[1] Operational,[A] Operational,,[1] Operational,[A] Operational,,[1] Operational,[A] Operational,,[1] Operational,[A] Operational,,[1] Operational,[A] Operational,,[1] Operational,[A] Operational,,#N/A,#N/A,#N/A,#N/A,#N/A,#N/A,#N/A,#N/A,#N/A,#N/A,#N/A,#N/A,#N/A,#N/A,#N/A
"San Jose, Dinagat Islands",2023,2023-01,,,16-085-06-000,16-85-06-000,San Jose,Dinagat Islands,Region XIII (Caraga),Municipality,4th*,R13,B,O,#N/A,#N/A,[3] With Concerns,[A] Operational,[3] With Concerns,[A] Operational,,[3] With Concerns,[A] Operational,,[3] With Concerns,[A] Operational,,[3] With Concerns,[A] Operational,,[3] With Concerns,[A] Operational,,[3] With Concerns,[A] Operational,,#N/A,#N/A,#N/A,#N/A,#N/A,#N/A,#N/A,#N/A,#N/A,#N/A,#N/A,#N/A,#N/A,#N/A,#N/A
"Tagana-An, Surigao del Norte",,,,,16-067-25-000,16-67-25-000,Tagana-An,Surigao del Norte,Region XIII (Caraga),Municipality,5th*,R13,B,O,#N/A,#N/A,[1] Operational,[A] Operational,[1] Operational,[A] Operational,,[1] Operational,[A] Operational,,[1] Operational,[A] Operational,,[1] Operational,[A] Operational,,[1] Operational,[A] Operational,,[1] Operational,[A] Operational,,#N/A,#N/A,#N/A,#N/A,#N/A,#N/A,#N/A,#N/A,#N/A,#N/A,#N/A,#N/A,#N/A,#N/A,#N/A
"Tago, Surigao del Sur",2022,2022-12,,,16-068-18-000,16-68-18-000,Tago,Surigao del Sur,Region XIII (Caraga),Municipality,2nd,R13,A,O,#N/A,#N/A,[1] Operational,[A] Operational,[1] Operational,[A] Operational,,[1] Operational,[A] Operational,,[1] Operational,[A] Operational,,[1] Operational,[A] Operational,,[1] Operational,[A] Operational,,[1] Operational,[A] Operational,,#N/A,#N/A,#N/A,#N/A,#N/A,#N/A,#N/A,#N/A,#N/A,#N/A,#N/A,#N/A,#N/A,#N/A,#N/A
"City of Tandag, Surigao del Sur",2021,2022-12,,,16-068-19-000,16-68-19-000,City of Tandag,Surigao del Sur,Region XIII (Caraga),City,5th,R13,A,O,#N/A,#N/A,[1] Operational,[A] Operational,[1] Operational,[A] Operational,,[1] Operational,[A] Operational,,[1] Operational,[A] Operational,,[1] Operational,[A] Operational,,[1] Operational,[A] Operational,,[1] Operational,[A] Operational,,#N/A,#N/A,#N/A,#N/A,#N/A,#N/A,#N/A,#N/A,#N/A,#N/A,#N/A,#N/A,#N/A,#N/A,#N/A
"Santa Josefa, Agusan del Sur",2021,2022-12,,,16-003-10-000,16-03-10-000,Santa Josefa,Agusan del Sur,Region XIII (Caraga),Municipality,3rd,R13,A,O,#N/A,#N/A,[1] Operational,[A] Operational,[1] Operational,[A] Operational,,[1] Operational,[A] Operational,,[1] Operational,[A] Operational,,[1] Operational,[A] Operational,,[1] Operational,[A] Operational,,[1] Operational,[A] Operational,,#N/A,#N/A,#N/A,#N/A,#N/A,#N/A,#N/A,#N/A,#N/A,#N/A,#N/A,#N/A,#N/A,#N/A,#N/A
"Trento, Agusan del Sur",2022,2022-12,,,16-003-12-000,16-03-12-000,Trento,Agusan del Sur,Region XIII (Caraga),Municipality,1st,R13,A,O,#N/A,#N/A,[1] Operational,[A] Operational,[1] Operational,[A] Operational,,[1] Operational,[A] Operational,,[1] Operational,[A] Operational,,[1] Operational,[A] Operational,,[1] Operational,[A] Operational,,[1] Operational,[A] Operational,,#N/A,#N/A,#N/A,#N/A,#N/A,#N/A,#N/A,#N/A,#N/A,#N/A,#N/A,#N/A,#N/A,#N/A,#N/A
"Alegria, Surigao del Norte",2023,2023-01,,,16-067-01-000,16-67-01-000,Alegria,Surigao del Norte,Region XIII (Caraga),Municipality,5th,R13,B,O,#N/A,#N/A,[1] Operational,[A] Operational,[1] Operational,[A] Operational,,[1] Operational,[A] Operational,,[1] Operational,[A] Operational,,[1] Operational,[A] Operational,,[1] Operational,[A] Operational,,[1] Operational,[A] Operational,,#N/A,#N/A,#N/A,#N/A,#N/A,#N/A,#N/A,#N/A,#N/A,#N/A,#N/A,#N/A,#N/A,#N/A,#N/A
"Dinagat, Dinagat Islands",2022,2022-12,,,16-085-03-000,16-85-03-000,Dinagat,Dinagat Islands,Region XIII (Caraga),Municipality,5th,R13,A,O,#N/A,#N/A,[1] Operational,[A] Operational,[1] Operational,[A] Operational,,[1] Operational,[A] Operational,,[1] Operational,[A] Operational,,[1] Operational,[A] Operational,,[1] Operational,[A] Operational,,[1] Operational,[A] Operational,,#N/A,#N/A,#N/A,#N/A,#N/A,#N/A,#N/A,#N/A,#N/A,#N/A,#N/A,#N/A,#N/A,#N/A,#N/A
"Remedios T. Romualdez, Agusan del Norte",2023,2023-01,,,16-002-12-000,16-02-12-000,Remedios T. Romualdez,Agusan del Norte,Region XIII (Caraga),Municipality,5th,R13,B,O,#N/A,#N/A,[1] Operational,[A] Operational,[1] Operational,[A] Operational,,[1] Operational,[A] Operational,,[1] Operational,[A] Operational,,[1] Operational,[A] Operational,,[1] Operational,[A] Operational,,[1] Operational,[A] Operational,,#N/A,#N/A,#N/A,#N/A,#N/A,#N/A,#N/A,#N/A,#N/A,#N/A,#N/A,#N/A,#N/A,#N/A,#N/A
"San Francisco, Agusan del Sur",2022,2022-12,,,16-003-08-000,16-03-08-000,San Francisco,Agusan del Sur,Region XIII (Caraga),Municipality,1st,R13,A,O,#N/A,#N/A,[1] Operational,[A] Operational,[1] Operational,[A] Operational,,[1] Operational,[A] Operational,,[1] Operational,[A] Operational,,[1] Operational,[A] Operational,,[1] Operational,[A] Operational,,[1] Operational,[A] Operational,,#N/A,#N/A,#N/A,#N/A,#N/A,#N/A,#N/A,#N/A,#N/A,#N/A,#N/A,#N/A,#N/A,#N/A,#N/A
"Santiago, Agusan del Norte",2022,2022-12,,,16-002-10-000,16-02-10-000,Santiago,Agusan del Norte,Region XIII (Caraga),Municipality,4th,R13,A,O,#N/A,#N/A,[1] Operational,[A] Operational,[1] Operational,[A] Operational,,[1] Operational,[A] Operational,,[1] Operational,[A] Operational,,[1] Operational,[A] Operational,,[1] Operational,[A] Operational,,[1] Operational,[A] Operational,,#N/A,#N/A,#N/A,#N/A,#N/A,#N/A,#N/A,#N/A,#N/A,#N/A,#N/A,#N/A,#N/A,#N/A,#N/A
"Sison, Surigao del Norte",2023,2023-01,,,16-067-22-000,16-67-22-000,Sison,Surigao del Norte,Region XIII (Caraga),Municipality,5th,R13,B,O,#N/A,#N/A,[1] Operational,[A] Operational,[1] Operational,[A] Operational,,[1] Operational,[A] Operational,,[1] Operational,[A] Operational,,[1] Operational,[A] Operational,,[1] Operational,[A] Operational,,[1] Operational,[A] Operational,,#N/A,#N/A,#N/A,#N/A,#N/A,#N/A,#N/A,#N/A,#N/A,#N/A,#N/A,#N/A,#N/A,#N/A,#N/A
"Marihatag, Surigao del Sur",2022,2022-12,,,16-068-14-000,16-68-14-000,Marihatag,Surigao del Sur,Region XIII (Caraga),Municipality,3rd,R13,A,O,#N/A,#N/A,[1] Operational,[A] Operational,#N/A,#N/A,#N/A,[1] Operational,[A] Operational,,[1] Operational,[A] Operational,,[1] Operational,[A] Operational,,[1] Operational,[A] Operational,,[1] Operational,[A] Operational,,#N/A,#N/A,#N/A,#N/A,#N/A,#N/A,#N/A,#N/A,#N/A,#N/A,#N/A,#N/A,#N/A,#N/A,#N/A
"Aleosan, Cotabato",2022,2022-12,,,12-047-17-000,12-47-17-000,Aleosan,Cotabato,Region XII (SOCCSKSARGEN),Municipality,3rd,R12,A,Q,#N/A,#N/A,[1] Operational,[A] Operational,[1] Operational,[A] Operational,,[1] Operational,[A] Operational,,[1] Operational,[A] Operational,,[1] Operational,[A] Operational,,[1] Operational,[A] Operational,,[1] Operational,[A] Operational,,#N/A,#N/A,#N/A,#N/A,#N/A,#N/A,#N/A,#N/A,#N/A,#N/A,#N/A,#N/A,#N/A,#N/A,#N/A
"Kabacan, Cotabato",,,,,12-047-03-000,12-47-03-000,Kabacan,Cotabato,Region XII (SOCCSKSARGEN),Municipality,1st,R12,B,Q,#N/A,#N/A,[1] Operational,[A] Operational,[1] Operational,[A] Operational,,[1] Operational,[A] Operational,,[1] Operational,[A] Operational,,[1] Operational,[A] Operational,,[1] Operational,[A] Operational,,[1] Operational,[A] Operational,,#N/A,#N/A,#N/A,#N/A,#N/A,#N/A,#N/A,#N/A,#N/A,#N/A,#N/A,#N/A,#N/A,#N/A,#N/A
"City of Kidapawan, Cotabato",2023,2023-06,,,12-047-04-000,12-47-04-000,City of Kidapawan,Cotabato,Region XII (SOCCSKSARGEN),City,3rd,R12,B,Q,#N/A,#N/A,[1] Operational,[A] Operational,[1] Operational,[A] Operational,,[1] Operational,[A] Operational,,[1] Operational,[A] Operational,,[1] Operational,[A] Operational,,[1] Operational,[A] Operational,,[1] Operational,[A] Operational,,#N/A,#N/A,#N/A,#N/A,#N/A,#N/A,#N/A,#N/A,#N/A,#N/A,#N/A,#N/A,#N/A,#N/A,#N/A
"M'Lang, Cotabato",2021,2022-12,,,12-047-10-000,12-47-10-000,M'Lang,Cotabato,Region XII (SOCCSKSARGEN),Municipality,1st,R12,A,Q,#N/A,#N/A,[1] Operational,[A] Operational,[1] Operational,[A] Operational,,[1] Operational,[A] Operational,,[1] Operational,[A] Operational,,[1] Operational,[A] Operational,,[1] Operational,[A] Operational,,[1] Operational,[A] Operational,,#N/A,#N/A,#N/A,#N/A,#N/A,#N/A,#N/A,#N/A,#N/A,#N/A,#N/A,#N/A,#N/A,#N/A,#N/A
"Midsayap, Cotabato",2022,2022-12,,,12-047-09-000,12-47-09-000,Midsayap,Cotabato,Region XII (SOCCSKSARGEN),Municipality,1st,R12,A,Q,#N/A,#N/A,[2] Ongoing Testing and Data Build-up,[B] Developmental,[2] Ongoing Testing and Data Build-up,[B] Developmental,,[2] Ongoing Testing and Data Build-up,[B] Developmental,,[2] Ongoing Testing and Data Build-up,[B] Developmental,,[2] Ongoing Testing and Data Build-up,[B] Developmental,,[2] Ongoing Testing and Data Build-up,[B] Developmental,,[2] Ongoing Testing and Data Build-up,[B] Developmental,,#N/A,#N/A,#N/A,#N/A,#N/A,#N/A,#N/A,#N/A,#N/A,#N/A,#N/A,#N/A,#N/A,#N/A,#N/A
"Pigkawayan, Cotabato",2021,2022-12,,,12-047-11-000,12-47-11-000,Pigkawayan,Cotabato,Region XII (SOCCSKSARGEN),Municipality,1st,R12,A,Q,#N/A,#N/A,[1] Operational,[A] Operational,[1] Operational,[A] Operational,,[1] Operational,[A] Operational,,[1] Operational,[A] Operational,,[1] Operational,[A] Operational,,[1] Operational,[A] Operational,,[1] Operational,[A] Operational,,#N/A,#N/A,#N/A,#N/A,#N/A,#N/A,#N/A,#N/A,#N/A,#N/A,#N/A,#N/A,#N/A,#N/A,#N/A
"President Roxas, Cotabato",2022,2022-12,,,12-047-13-000,12-47-13-000,President Roxas,Cotabato,Region XII (SOCCSKSARGEN),Municipality,1st,R12,A,Q,#N/A,#N/A,[1] Operational,[A] Operational,[1] Operational,[A] Operational,,[1] Operational,[A] Operational,,[1] Operational,[A] Operational,,[1] Operational,[A] Operational,,[1] Operational,[A] Operational,,[1] Operational,[A] Operational,,#N/A,#N/A,#N/A,#N/A,#N/A,#N/A,#N/A,#N/A,#N/A,#N/A,#N/A,#N/A,#N/A,#N/A,#N/A
"Bagumbayan, Sultan Kudarat",,,,,12-065-01-000,12-65-01-000,Bagumbayan,Sultan Kudarat,Region XII (SOCCSKSARGEN),Municipality,1st,R12,B,Q,#N/A,#N/A,[1] Operational,[A] Operational,[1] Operational,[A] Operational,,[1] Operational,[A] Operational,,[1] Operational,[A] Operational,,[1] Operational,[A] Operational,,[1] Operational,[A] Operational,,[1] Operational,[A] Operational,,#N/A,#N/A,#N/A,#N/A,#N/A,#N/A,#N/A,#N/A,#N/A,#N/A,#N/A,#N/A,#N/A,#N/A,#N/A
"Columbio, Sultan Kudarat",2021,2022-12,,,12-065-02-000,12-65-02-000,Columbio,Sultan Kudarat,Region XII (SOCCSKSARGEN),Municipality,1st,R12,A,Q,#N/A,#N/A,[1] Operational,[A] Operational,[1] Operational,[A] Operational,,[1] Operational,[A] Operational,,[1] Operational,[A] Operational,,[1] Operational,[A] Operational,,[1] Operational,[A] Operational,,[1] Operational,[A] Operational,,#N/A,#N/A,#N/A,#N/A,#N/A,#N/A,#N/A,#N/A,#N/A,#N/A,#N/A,#N/A,#N/A,#N/A,#N/A
"Lebak, Sultan Kudarat",2023,2023-04,,,12-065-06-000,12-65-06-000,Lebak,Sultan Kudarat,Region XII (SOCCSKSARGEN),Municipality,1st,R12,B,Q,#N/A,#N/A,[1] Operational,[A] Operational,[1] Operational,[A] Operational,,[1] Operational,[A] Operational,,[1] Operational,[A] Operational,,[1] Operational,[A] Operational,,[1] Operational,[A] Operational,,[1] Operational,[A] Operational,,#N/A,#N/A,#N/A,#N/A,#N/A,#N/A,#N/A,#N/A,#N/A,#N/A,#N/A,#N/A,#N/A,#N/A,#N/A
"Sen. Ninoy Aquino, Sultan Kudarat",2023,2023-06,,,12-065-12-000,12-65-12-000,Sen. Ninoy Aquino,Sultan Kudarat,Region XII (SOCCSKSARGEN),Municipality,3rd,R12,B,Q,#N/A,#N/A,[1] Operational,[A] Operational,[1] Operational,[A] Operational,,[1] Operational,[A] Operational,,[1] Operational,[A] Operational,,[1] Operational,[A] Operational,,[1] Operational,[A] Operational,,[1] Operational,[A] Operational,,#N/A,#N/A,#N/A,#N/A,#N/A,#N/A,#N/A,#N/A,#N/A,#N/A,#N/A,#N/A,#N/A,#N/A,#N/A
"Alabel, Sarangani",2023,2023-01,,,12-080-01-000,12-80-01-000,Alabel,Sarangani,Region XII (SOCCSKSARGEN),Municipality,1st,R12,B,Q,#N/A,#N/A,[1] Operational,[A] Operational,[1] Operational,[A] Operational,,[1] Operational,[A] Operational,,[1] Operational,[A] Operational,,[1] Operational,[A] Operational,,[1] Operational,[A] Operational,,[1] Operational,[A] Operational,,#N/A,#N/A,#N/A,#N/A,#N/A,#N/A,#N/A,#N/A,#N/A,#N/A,#N/A,#N/A,#N/A,#N/A,#N/A
"Pikit, Cotabato",2021,2022-12,,,12-047-12-000,12-47-12-000,Pikit,Cotabato,Region XII (SOCCSKSARGEN),Municipality,1st,R12,A,Q,#N/A,#N/A,[1] Operational,[A] Operational,[1] Operational,[A] Operational,,[1] Operational,[A] Operational,,[1] Operational,[A] Operational,,[1] Operational,[A] Operational,,[1] Operational,[A] Operational,,[1] Operational,[A] Operational,,#N/A,#N/A,#N/A,#N/A,#N/A,#N/A,#N/A,#N/A,#N/A,#N/A,#N/A,#N/A,#N/A,#N/A,#N/A
"Aguinaldo, Ifugao",2022,2022-12,10/24/2022,10/24/2022,14-027-08-000,14-27-08-000,Aguinaldo,Ifugao,Cordillera Administrative Region (CAR),Municipality,2nd,CAR,A,B,#N/A,#N/A,[1] Operational,[A] Operational,[1] Operational,[A] Operational,,[1] Operational,[A] Operational,,[1] Operational,[A] Operational,,[1] Operational,[A] Operational,,[1] Operational,[A] Operational,,[1] Operational,[A] Operational,,#N/A,#N/A,#N/A,#N/A,#N/A,#N/A,#N/A,#N/A,#N/A,#N/A,#N/A,#N/A,#N/A,#N/A,#N/A
"Asipulo, Ifugao",2022,2022-12,,,14-027-11-000,14-27-11-000,Asipulo,Ifugao,Cordillera Administrative Region (CAR),Municipality,5th,CAR,A,B,#N/A,#N/A,[1] Operational,[A] Operational,[1] Operational,[A] Operational,,[1] Operational,[A] Operational,,[1] Operational,[A] Operational,,[1] Operational,[A] Operational,,[1] Operational,[A] Operational,,[1] Operational,[A] Operational,,#N/A,#N/A,#N/A,#N/A,#N/A,#N/A,#N/A,#N/A,#N/A,#N/A,#N/A,#N/A,#N/A,#N/A,#N/A
"Bontoc, Mountain Province",,,,,14-044-04-000,14-44-04-000,Bontoc,Mountain Province,Cordillera Administrative Region (CAR),Municipality,2nd,CAR,B,B,#N/A,#N/A,[1] Operational,[A] Operational,[1] Operational,[A] Operational,,[1] Operational,[A] Operational,,[1] Operational,[A] Operational,,[1] Operational,[A] Operational,,[1] Operational,[A] Operational,,[1] Operational,[A] Operational,,#N/A,#N/A,#N/A,#N/A,#N/A,#N/A,#N/A,#N/A,#N/A,#N/A,#N/A,#N/A,#N/A,#N/A,#N/A
"City of Tabuk, Kalinga",2022,2022-12,,,14-032-13-000,14-32-13-000,City of Tabuk,Kalinga,Cordillera Administrative Region (CAR),City,5th,CAR,A,B,#N/A,#N/A,[1] Operational,[A] Operational,[1] Operational,[A] Operational,,[1] Operational,[A] Operational,,[1] Operational,[A] Operational,,[1] Operational,[A] Operational,,[1] Operational,[A] Operational,,[1] Operational,[A] Operational,,#N/A,#N/A,#N/A,#N/A,#N/A,#N/A,#N/A,#N/A,#N/A,#N/A,#N/A,#N/A,#N/A,#N/A,#N/A
"Luna, Apayao",,,,,14-081-05-000,14-81-05-000,Luna,Apayao,Cordillera Administrative Region (CAR),Municipality,2nd,CAR,B,B,#N/A,#N/A,[1] Operational,[A] Operational,[1] Operational,[A] Operational,,[1] Operational,[A] Operational,,[1] Operational,[A] Operational,,[1] Operational,[A] Operational,,[1] Operational,[A] Operational,,[1] Operational,[A] Operational,,#N/A,#N/A,#N/A,#N/A,#N/A,#N/A,#N/A,#N/A,#N/A,#N/A,#N/A,#N/A,#N/A,#N/A,#N/A
"Paracelis, Mountain Province",,,,,14-044-06-000,14-44-06-000,Paracelis,Mountain Province,Cordillera Administrative Region (CAR),Municipality,2nd,CAR,B,B,#N/A,#N/A,[1] Operational,[A] Operational,[1] Operational,[A] Operational,,[1] Operational,[A] Operational,,[1] Operational,[A] Operational,,[1] Operational,[A] Operational,,[1] Operational,[A] Operational,,[1] Operational,[A] Operational,,#N/A,#N/A,#N/A,#N/A,#N/A,#N/A,#N/A,#N/A,#N/A,#N/A,#N/A,#N/A,#N/A,#N/A,#N/A
"Sablan, Benguet",2021,2022-12,,,14-011-12-000,14-11-12-000,Sablan,Benguet,Cordillera Administrative Region (CAR),Municipality,5th,CAR,A,B,#N/A,#N/A,[1] Operational,[A] Operational,[1] Operational,[A] Operational,,[1] Operational,[A] Operational,,[1] Operational,[A] Operational,,[1] Operational,[A] Operational,,[1] Operational,[A] Operational,,[1] Operational,[A] Operational,,#N/A,#N/A,#N/A,#N/A,#N/A,#N/A,#N/A,#N/A,#N/A,#N/A,#N/A,#N/A,#N/A,#N/A,#N/A
"Tuba, Benguet",2022,2022-12,,,14-011-13-000,14-11-13-000,Tuba,Benguet,Cordillera Administrative Region (CAR),Municipality,1st,CAR,A,B,#N/A,#N/A,[1] Operational,[A] Operational,[1] Operational,[A] Operational,,[1] Operational,[A] Operational,,[1] Operational,[A] Operational,,[1] Operational,[A] Operational,,[1] Operational,[A] Operational,,[1] Operational,[A] Operational,,#N/A,#N/A,#N/A,#N/A,#N/A,#N/A,#N/A,#N/A,#N/A,#N/A,#N/A,#N/A,#N/A,#N/A,#N/A
"Tublay, Benguet",,,,,14-011-14-000,14-11-14-000,Tublay,Benguet,Cordillera Administrative Region (CAR),Municipality,5th,CAR,B,B,#N/A,#N/A,[1] Operational,[A] Operational,[1] Operational,[A] Operational,,[1] Operational,[A] Operational,,[1] Operational,[A] Operational,,[1] Operational,[A] Operational,,[1] Operational,[A] Operational,,[1] Operational,[A] Operational,,#N/A,#N/A,#N/A,#N/A,#N/A,#N/A,#N/A,#N/A,#N/A,#N/A,#N/A,#N/A,#N/A,#N/A,#N/A
"Adams, Ilocos Norte",2021,2022-12,,,01-028-01-000,01-28-01-000,Adams,Ilocos Norte,Region I (Ilocos Region),Municipality,5th,R1,A,C,#N/A,#N/A,[1] Operational,[A] Operational,[1] Operational,[A] Operational,,[1] Operational,[A] Operational,,[1] Operational,[A] Operational,,[1] Operational,[A] Operational,,[1] Operational,[A] Operational,,[1] Operational,[A] Operational,,#N/A,#N/A,#N/A,#N/A,#N/A,#N/A,#N/A,#N/A,#N/A,#N/A,#N/A,#N/A,#N/A,#N/A,#N/A
"Agoo, La Union",2021,2022-12,,,01-033-01-000,01-33-01-000,Agoo,La Union,Region I (Ilocos Region),Municipality,1st,R1,A,C,#N/A,#N/A,[1] Operational,[A] Operational,[1] Operational,[A] Operational,,[1] Operational,[A] Operational,,[1] Operational,[A] Operational,,[1] Operational,[A] Operational,,[1] Operational,[A] Operational,,[1] Operational,[A] Operational,,#N/A,#N/A,#N/A,#N/A,#N/A,#N/A,#N/A,#N/A,#N/A,#N/A,#N/A,#N/A,#N/A,#N/A,#N/A
"Aguilar, Pangasinan",,,,,01-055-02-000,01-55-02-000,Aguilar,Pangasinan,Region I (Ilocos Region),Municipality,3rd,R1,B,C,#N/A,#N/A,[1] Operational,[A] Operational,[1] Operational,[A] Operational,,[1] Operational,[A] Operational,,[1] Operational,[A] Operational,,[1] Operational,[A] Operational,,[1] Operational,[A] Operational,,[1] Operational,[A] Operational,,#N/A,#N/A,#N/A,#N/A,#N/A,#N/A,#N/A,#N/A,#N/A,#N/A,#N/A,#N/A,#N/A,#N/A,#N/A
"Aringay, La Union",2023,2023-01,,,01-033-02-000,01-33-02-000,Aringay,La Union,Region I (Ilocos Region),Municipality,2nd,R1,B,C,#N/A,#N/A,[1] Operational,[A] Operational,[1] Operational,[A] Operational,,[1] Operational,[A] Operational,,[1] Operational,[A] Operational,,[1] Operational,[A] Operational,,[1] Operational,[A] Operational,,[1] Operational,[A] Operational,,#N/A,#N/A,#N/A,#N/A,#N/A,#N/A,#N/A,#N/A,#N/A,#N/A,#N/A,#N/A,#N/A,#N/A,#N/A
"Badoc, Ilocos Norte",,,,,01-028-03-000,01-28-03-000,Badoc,Ilocos Norte,Region I (Ilocos Region),Municipality,3rd,R1,B,C,#N/A,#N/A,[1] Operational,[A] Operational,[1] Operational,[A] Operational,,[1] Operational,[A] Operational,,[1] Operational,[A] Operational,,[1] Operational,[A] Operational,,[1] Operational,[A] Operational,,[1] Operational,[A] Operational,,#N/A,#N/A,#N/A,#N/A,#N/A,#N/A,#N/A,#N/A,#N/A,#N/A,#N/A,#N/A,#N/A,#N/A,#N/A
"Balaoan, La Union",2023,2023-01,,,01-033-05-000,01-33-05-000,Balaoan,La Union,Region I (Ilocos Region),Municipality,1st,R1,B,C,#N/A,#N/A,[1] Operational,[A] Operational,[1] Operational,[A] Operational,,[1] Operational,[A] Operational,,[1] Operational,[A] Operational,,[1] Operational,[A] Operational,,[1] Operational,[A] Operational,,[1] Operational,[A] Operational,,#N/A,#N/A,#N/A,#N/A,#N/A,#N/A,#N/A,#N/A,#N/A,#N/A,#N/A,#N/A,#N/A,#N/A,#N/A
"Balungao, Pangasinan",,,,,01-055-07-000,01-55-07-000,Balungao,Pangasinan,Region I (Ilocos Region),Municipality,4th,R1,B,C,#N/A,#N/A,[1] Operational,[A] Operational,[1] Operational,[A] Operational,,[1] Operational,[A] Operational,,[1] Operational,[A] Operational,,[1] Operational,[A] Operational,,[1] Operational,[A] Operational,,[1] Operational,[A] Operational,,#N/A,#N/A,#N/A,#N/A,#N/A,#N/A,#N/A,#N/A,#N/A,#N/A,#N/A,#N/A,#N/A,#N/A,#N/A
"Banayoyo, Ilocos Sur",,,,,01-029-02-000,01-29-02-000,Banayoyo,Ilocos Sur,Region I (Ilocos Region),Municipality,4th,R1,B,C,#N/A,#N/A,[1] Operational,[A] Operational,[1] Operational,[A] Operational,,[1] Operational,[A] Operational,,[1] Operational,[A] Operational,,[1] Operational,[A] Operational,,[1] Operational,[A] Operational,,[1] Operational,[A] Operational,,#N/A,#N/A,#N/A,#N/A,#N/A,#N/A,#N/A,#N/A,#N/A,#N/A,#N/A,#N/A,#N/A,#N/A,#N/A
"Bangui, Ilocos Norte",2021,2022-12,,,01-028-04-000,01-28-04-000,Bangui,Ilocos Norte,Region I (Ilocos Region),Municipality,4th,R1,A,C,#N/A,#N/A,[1] Operational,[A] Operational,[1] Operational,[A] Operational,,[1] Operational,[A] Operational,,[1] Operational,[A] Operational,,[1] Operational,[A] Operational,,[1] Operational,[A] Operational,,[1] Operational,[A] Operational,,#N/A,#N/A,#N/A,#N/A,#N/A,#N/A,#N/A,#N/A,#N/A,#N/A,#N/A,#N/A,#N/A,#N/A,#N/A
"Bantay, Ilocos Sur",,,,,01-029-03-000,01-29-03-000,Bantay,Ilocos Sur,Region I (Ilocos Region),Municipality,3rd,R1,B,C,#N/A,#N/A,[2] Ongoing Testing and Data Build-up,[B] Developmental,[2] Ongoing Testing and Data Build-up,[B] Developmental,,[2] Ongoing Testing and Data Build-up,[B] Developmental,,[1] Operational,[A] Operational,,[1] Operational,[A] Operational,,[1] Operational,[A] Operational,,[1] Operational,[A] Operational,,#N/A,#N/A,#N/A,#N/A,#N/A,#N/A,#N/A,#N/A,#N/A,#N/A,#N/A,#N/A,#N/A,#N/A,#N/A
"Bautista, Pangasinan",2022,2022-12,,,01-055-10-000,01-55-10-000,Bautista,Pangasinan,Region I (Ilocos Region),Municipality,4th,R1,A,C,#N/A,#N/A,[1] Operational,[A] Operational,[1] Operational,[A] Operational,,[1] Operational,[A] Operational,,[1] Operational,[A] Operational,,[1] Operational,[A] Operational,,[1] Operational,[A] Operational,,[1] Operational,[A] Operational,,#N/A,#N/A,#N/A,#N/A,#N/A,#N/A,#N/A,#N/A,#N/A,#N/A,#N/A,#N/A,#N/A,#N/A,#N/A
"Bayambang, Pangasinan",2022,2022-12,,,01-055-11-000,01-55-11-000,Bayambang,Pangasinan,Region I (Ilocos Region),Municipality,1st,R1,A,C,#N/A,#N/A,[1] Operational,[A] Operational,[1] Operational,[A] Operational,,[1] Operational,[A] Operational,,[1] Operational,[A] Operational,,[1] Operational,[A] Operational,,[1] Operational,[A] Operational,,[1] Operational,[A] Operational,,#N/A,#N/A,#N/A,#N/A,#N/A,#N/A,#N/A,#N/A,#N/A,#N/A,#N/A,#N/A,#N/A,#N/A,#N/A
"Burgos, La Union",2022,2022-12,,,01-033-08-000,01-33-08-000,Burgos,La Union,Region I (Ilocos Region),Municipality,5th,R1,A,C,#N/A,#N/A,[1] Operational,[A] Operational,[1] Operational,[A] Operational,,[1] Operational,[A] Operational,,[1] Operational,[A] Operational,,[1] Operational,[A] Operational,,[1] Operational,[A] Operational,,[1] Operational,[A] Operational,,#N/A,#N/A,#N/A,#N/A,#N/A,#N/A,#N/A,#N/A,#N/A,#N/A,#N/A,#N/A,#N/A,#N/A,#N/A
"Caba, La Union",2022,2022-12,,,01-033-09-000,01-33-09-000,Caba,La Union,Region I (Ilocos Region),Municipality,4th,R1,A,C,#N/A,#N/A,[1] Operational,[A] Operational,[1] Operational,[A] Operational,,[1] Operational,[A] Operational,,[1] Operational,[A] Operational,,[1] Operational,[A] Operational,,[1] Operational,[A] Operational,,[1] Operational,[A] Operational,,#N/A,#N/A,#N/A,#N/A,#N/A,#N/A,#N/A,#N/A,#N/A,#N/A,#N/A,#N/A,#N/A,#N/A,#N/A
"Caoayan, Ilocos Sur",2021,2022-12,,,01-029-07-000,01-29-07-000,Caoayan,Ilocos Sur,Region I (Ilocos Region),Municipality,4th,R1,A,C,#N/A,#N/A,[1] Operational,[A] Operational,[1] Operational,[A] Operational,,[1] Operational,[A] Operational,,[1] Operational,[A] Operational,,[1] Operational,[A] Operational,,[1] Operational,[A] Operational,,[1] Operational,[A] Operational,,#N/A,#N/A,#N/A,#N/A,#N/A,#N/A,#N/A,#N/A,#N/A,#N/A,#N/A,#N/A,#N/A,#N/A,#N/A
"City of Batac, Ilocos Norte",2021,2022-12,,,01-028-05-000,01-28-05-000,City of Batac,Ilocos Norte,Region I (Ilocos Region),City,5th,R1,A,C,#N/A,#N/A,[1] Operational,[A] Operational,[1] Operational,[A] Operational,,[1] Operational,[A] Operational,,[1] Operational,[A] Operational,,[1] Operational,[A] Operational,,[1] Operational,[A] Operational,,[1] Operational,[A] Operational,,#N/A,#N/A,#N/A,#N/A,#N/A,#N/A,#N/A,#N/A,#N/A,#N/A,#N/A,#N/A,#N/A,#N/A,#N/A
"City of Candon, Ilocos Sur",2022,2022-12,,,01-029-06-000,01-29-06-000,City of Candon,Ilocos Sur,Region I (Ilocos Region),City,4th,R1,A,C,#N/A,#N/A,[2] Ongoing Testing and Data Build-up,[B] Developmental,[2] Ongoing Testing and Data Build-up,[B] Developmental,,[2] Ongoing Testing and Data Build-up,[B] Developmental,,[1] Operational,[A] Operational,,[1] Operational,[A] Operational,,[1] Operational,[A] Operational,,[1] Operational,[A] Operational,,#N/A,#N/A,#N/A,#N/A,#N/A,#N/A,#N/A,#N/A,#N/A,#N/A,#N/A,#N/A,#N/A,#N/A,#N/A
"City of Laoag, Ilocos Norte",2023,2023-01,,,01-028-12-000,01-28-12-000,City of Laoag,Ilocos Norte,Region I (Ilocos Region),City,3rd,R1,B,C,#N/A,#N/A,[1] Operational,[A] Operational,[1] Operational,[A] Operational,,[1] Operational,[A] Operational,,[1] Operational,[A] Operational,,[1] Operational,[A] Operational,,[1] Operational,[A] Operational,,[1] Operational,[A] Operational,,#N/A,#N/A,#N/A,#N/A,#N/A,#N/A,#N/A,#N/A,#N/A,#N/A,#N/A,#N/A,#N/A,#N/A,#N/A
"Dingras, Ilocos Norte",2022,2022-12,,,01-028-09-000,01-28-09-000,Dingras,Ilocos Norte,Region I (Ilocos Region),Municipality,2nd,R1,A,C,#N/A,#N/A,[1] Operational,[A] Operational,[1] Operational,[A] Operational,,[1] Operational,[A] Operational,,[1] Operational,[A] Operational,,[1] Operational,[A] Operational,,[1] Operational,[A] Operational,,[1] Operational,[A] Operational,,#N/A,#N/A,#N/A,#N/A,#N/A,#N/A,#N/A,#N/A,#N/A,#N/A,#N/A,#N/A,#N/A,#N/A,#N/A
"Dumalneg, Ilocos Norte",2022,2022-12,,,01-028-10-000,01-28-10-000,Dumalneg,Ilocos Norte,Region I (Ilocos Region),Municipality,5th,R1,A,C,#N/A,#N/A,[1] Operational,[A] Operational,[1] Operational,[A] Operational,,[1] Operational,[A] Operational,,[1] Operational,[A] Operational,,[1] Operational,[A] Operational,,[1] Operational,[A] Operational,,[1] Operational,[A] Operational,,#N/A,#N/A,#N/A,#N/A,#N/A,#N/A,#N/A,#N/A,#N/A,#N/A,#N/A,#N/A,#N/A,#N/A,#N/A
"Lidlidda, Ilocos Sur",,,,,01-029-11-000,01-29-11-000,Lidlidda,Ilocos Sur,Region I (Ilocos Region),Municipality,5th,R1,B,C,#N/A,#N/A,[1] Operational,[A] Operational,[1] Operational,[A] Operational,,[1] Operational,[A] Operational,,[1] Operational,[A] Operational,,[1] Operational,[A] Operational,,[1] Operational,[A] Operational,,[1] Operational,[A] Operational,,#N/A,#N/A,#N/A,#N/A,#N/A,#N/A,#N/A,#N/A,#N/A,#N/A,#N/A,#N/A,#N/A,#N/A,#N/A
"Mangaldan, Pangasinan",2022,2022-12,,,01-055-26-000,01-55-26-000,Mangaldan,Pangasinan,Region I (Ilocos Region),Municipality,1st,R1,A,C,#N/A,#N/A,[1] Operational,[A] Operational,[1] Operational,[A] Operational,,[1] Operational,[A] Operational,,[1] Operational,[A] Operational,,[1] Operational,[A] Operational,,[1] Operational,[A] Operational,,[1] Operational,[A] Operational,,#N/A,#N/A,#N/A,#N/A,#N/A,#N/A,#N/A,#N/A,#N/A,#N/A,#N/A,#N/A,#N/A,#N/A,#N/A
"Mapandan, Pangasinan",2021,2022-12,,,01-055-28-000,01-55-28-000,Mapandan,Pangasinan,Region I (Ilocos Region),Municipality,3rd,R1,A,C,#N/A,#N/A,[1] Operational,[A] Operational,[1] Operational,[A] Operational,,[1] Operational,[A] Operational,,[1] Operational,[A] Operational,,[1] Operational,[A] Operational,,[1] Operational,[A] Operational,,[1] Operational,[A] Operational,,#N/A,#N/A,#N/A,#N/A,#N/A,#N/A,#N/A,#N/A,#N/A,#N/A,#N/A,#N/A,#N/A,#N/A,#N/A
"Naguilian, La Union",,,,,01-033-11-000,01-33-11-000,Naguilian,La Union,Region I (Ilocos Region),Municipality,1st,R1,B,C,#N/A,#N/A,[2] Ongoing Testing and Data Build-up,[B] Developmental,[2] Ongoing Testing and Data Build-up,[B] Developmental,,[2] Ongoing Testing and Data Build-up,[B] Developmental,,[2] Ongoing Testing and Data Build-up,[B] Developmental,,[2] Ongoing Testing and Data Build-up,[B] Developmental,,[2] Ongoing Testing and Data Build-up,[B] Developmental,,[2] Ongoing Testing and Data Build-up,[B] Developmental,,#N/A,#N/A,#N/A,#N/A,#N/A,#N/A,#N/A,#N/A,#N/A,#N/A,#N/A,#N/A,#N/A,#N/A,#N/A
"Nueva Era, Ilocos Norte",2022,2022-12,,,01-028-14-000,01-28-14-000,Nueva Era,Ilocos Norte,Region I (Ilocos Region),Municipality,3rd,R1,A,C,#N/A,#N/A,[1] Operational,[A] Operational,[1] Operational,[A] Operational,,[1] Operational,[A] Operational,,[1] Operational,[A] Operational,,[1] Operational,[A] Operational,,[1] Operational,[A] Operational,,[1] Operational,[A] Operational,,#N/A,#N/A,#N/A,#N/A,#N/A,#N/A,#N/A,#N/A,#N/A,#N/A,#N/A,#N/A,#N/A,#N/A,#N/A
"Pasuquin, Ilocos Norte",2021,2022-12,,,01-028-17-000,01-28-17-000,Pasuquin,Ilocos Norte,Region I (Ilocos Region),Municipality,3rd,R1,A,C,#N/A,#N/A,[1] Operational,[A] Operational,[1] Operational,[A] Operational,,[1] Operational,[A] Operational,,[1] Operational,[A] Operational,,[1] Operational,[A] Operational,,[1] Operational,[A] Operational,,[1] Operational,[A] Operational,,#N/A,#N/A,#N/A,#N/A,#N/A,#N/A,#N/A,#N/A,#N/A,#N/A,#N/A,#N/A,#N/A,#N/A,#N/A
"Piddig, Ilocos Norte",2021,2022-12,,,01-028-18-000,01-28-18-000,Piddig,Ilocos Norte,Region I (Ilocos Region),Municipality,3rd,R1,A,C,#N/A,#N/A,[1] Operational,[A] Operational,[1] Operational,[A] Operational,,[1] Operational,[A] Operational,,[1] Operational,[A] Operational,,[1] Operational,[A] Operational,,[1] Operational,[A] Operational,,[1] Operational,[A] Operational,,#N/A,#N/A,#N/A,#N/A,#N/A,#N/A,#N/A,#N/A,#N/A,#N/A,#N/A,#N/A,#N/A,#N/A,#N/A
"Pozorrubio, Pangasinan",2022,2022-12,,,01-055-30-000,01-55-30-000,Pozorrubio,Pangasinan,Region I (Ilocos Region),Municipality,1st,R1,A,C,#N/A,#N/A,[1] Operational,[A] Operational,[1] Operational,[A] Operational,,[1] Operational,[A] Operational,,[1] Operational,[A] Operational,,[1] Operational,[A] Operational,,[1] Operational,[A] Operational,,[1] Operational,[A] Operational,,#N/A,#N/A,#N/A,#N/A,#N/A,#N/A,#N/A,#N/A,#N/A,#N/A,#N/A,#N/A,#N/A,#N/A,#N/A
"Rosario, La Union",2023,2023-01,,,01-033-13-000,01-33-13-000,Rosario,La Union,Region I (Ilocos Region),Municipality,1st,R1,B,C,#N/A,#N/A,[1] Operational,[A] Operational,[1] Operational,[A] Operational,,[1] Operational,[A] Operational,,[1] Operational,[A] Operational,,[1] Operational,[A] Operational,,[1] Operational,[A] Operational,,[1] Operational,[A] Operational,,#N/A,#N/A,#N/A,#N/A,#N/A,#N/A,#N/A,#N/A,#N/A,#N/A,#N/A,#N/A,#N/A,#N/A,#N/A
"San Esteban, Ilocos Sur",2022,2023-02,,02/01/2023,01-029-18-000,01-29-18-000,San Esteban,Ilocos Sur,Region I (Ilocos Region),Municipality,5th,R1,B,C,#N/A,#N/A,[1] Operational,[A] Operational,[1] Operational,[A] Operational,,[1] Operational,[A] Operational,,[1] Operational,[A] Operational,,[1] Operational,[A] Operational,,[1] Operational,[A] Operational,,[1] Operational,[A] Operational,,#N/A,#N/A,#N/A,#N/A,#N/A,#N/A,#N/A,#N/A,#N/A,#N/A,#N/A,#N/A,#N/A,#N/A,#N/A
"San Fabian, Pangasinan",2022,2022-12,,,01-055-33-000,01-55-33-000,San Fabian,Pangasinan,Region I (Ilocos Region),Municipality,1st,R1,A,C,#N/A,#N/A,[2] Ongoing Testing and Data Build-up,[B] Developmental,[2] Ongoing Testing and Data Build-up,[B] Developmental,,[2] Ongoing Testing and Data Build-up,[B] Developmental,,[2] Ongoing Testing and Data Build-up,[B] Developmental,,[2] Ongoing Testing and Data Build-up,[B] Developmental,,[2] Ongoing Testing and Data Build-up,[B] Developmental,,[2] Ongoing Testing and Data Build-up,[B] Developmental,,#N/A,#N/A,#N/A,#N/A,#N/A,#N/A,#N/A,#N/A,#N/A,#N/A,#N/A,#N/A,#N/A,#N/A,#N/A
"San Juan, Ilocos Sur",2021,2022-12,,,01-029-20-000,01-29-20-000,San Juan,Ilocos Sur,Region I (Ilocos Region),Municipality,3rd,R1,A,C,#N/A,#N/A,[1] Operational,[A] Operational,[1] Operational,[A] Operational,,[1] Operational,[A] Operational,,[1] Operational,[A] Operational,,[1] Operational,[A] Operational,,[1] Operational,[A] Operational,,[1] Operational,[A] Operational,,#N/A,#N/A,#N/A,#N/A,#N/A,#N/A,#N/A,#N/A,#N/A,#N/A,#N/A,#N/A,#N/A,#N/A,#N/A
"San Manuel, Pangasinan",2022,2022-12,,,01-055-35-000,01-55-35-000,San Manuel,Pangasinan,Region I (Ilocos Region),Municipality,1st,R1,A,C,#N/A,#N/A,[1] Operational,[A] Operational,[1] Operational,[A] Operational,,[1] Operational,[A] Operational,,[1] Operational,[A] Operational,,[1] Operational,[A] Operational,,[1] Operational,[A] Operational,,[1] Operational,[A] Operational,,#N/A,#N/A,#N/A,#N/A,#N/A,#N/A,#N/A,#N/A,#N/A,#N/A,#N/A,#N/A,#N/A,#N/A,#N/A
"San Nicolas, Ilocos Norte",2022,2022-12,,,01-028-20-000,01-28-20-000,San Nicolas,Ilocos Norte,Region I (Ilocos Region),Municipality,2nd,R1,A,C,#N/A,#N/A,[1] Operational,[A] Operational,[1] Operational,[A] Operational,,[1] Operational,[A] Operational,,[1] Operational,[A] Operational,,[1] Operational,[A] Operational,,[1] Operational,[A] Operational,,[1] Operational,[A] Operational,,#N/A,#N/A,#N/A,#N/A,#N/A,#N/A,#N/A,#N/A,#N/A,#N/A,#N/A,#N/A,#N/A,#N/A,#N/A
"San Nicolas, Pangasinan",2021,2022-12,,,01-055-36-000,01-55-36-000,San Nicolas,Pangasinan,Region I (Ilocos Region),Municipality,1st,R1,A,C,#N/A,#N/A,[1] Operational,[A] Operational,[1] Operational,[A] Operational,,[1] Operational,[A] Operational,,[1] Operational,[A] Operational,,[1] Operational,[A] Operational,,[1] Operational,[A] Operational,,[1] Operational,[A] Operational,,#N/A,#N/A,#N/A,#N/A,#N/A,#N/A,#N/A,#N/A,#N/A,#N/A,#N/A,#N/A,#N/A,#N/A,#N/A
"Santa Barbara, Pangasinan",2022,2022-12,,,01-055-38-000,01-55-38-000,Santa Barbara,Pangasinan,Region I (Ilocos Region),Municipality,1st,R1,A,C,#N/A,#N/A,[1] Operational,[A] Operational,[1] Operational,[A] Operational,,[1] Operational,[A] Operational,,[1] Operational,[A] Operational,,[1] Operational,[A] Operational,,[1] Operational,[A] Operational,,[1] Operational,[A] Operational,,#N/A,#N/A,#N/A,#N/A,#N/A,#N/A,#N/A,#N/A,#N/A,#N/A,#N/A,#N/A,#N/A,#N/A,#N/A
"Santo Domingo, Ilocos Sur",2023,2023-02,,,01-029-28-000,01-29-28-000,Santo Domingo,Ilocos Sur,Region I (Ilocos Region),Municipality,3rd,R1,B,C,#N/A,#N/A,[1] Operational,[A] Operational,[1] Operational,[A] Operational,,[1] Operational,[A] Operational,,[1] Operational,[A] Operational,,[1] Operational,[A] Operational,,[1] Operational,[A] Operational,,[1] Operational,[A] Operational,,#N/A,#N/A,#N/A,#N/A,#N/A,#N/A,#N/A,#N/A,#N/A,#N/A,#N/A,#N/A,#N/A,#N/A,#N/A
"Santo Tomas, La Union",2022,2022-12,,,01-033-17-000,01-33-17-000,Santo Tomas,La Union,Region I (Ilocos Region),Municipality,4th,R1,A,C,#N/A,#N/A,[1] Operational,[A] Operational,[1] Operational,[A] Operational,,[1] Operational,[A] Operational,,[1] Operational,[A] Operational,,[1] Operational,[A] Operational,,[1] Operational,[A] Operational,,[1] Operational,[A] Operational,,#N/A,#N/A,#N/A,#N/A,#N/A,#N/A,#N/A,#N/A,#N/A,#N/A,#N/A,#N/A,#N/A,#N/A,#N/A
"Santo Tomas, Pangasinan",2022,2022-12,,,01-055-40-000,01-55-40-000,Santo Tomas,Pangasinan,Region I (Ilocos Region),Municipality,5th,R1,A,C,#N/A,#N/A,[2] Ongoing Testing and Data Build-up,[B] Developmental,[2] Ongoing Testing and Data Build-up,[B] Developmental,,[2] Ongoing Testing and Data Build-up,[B] Developmental,,[2] Ongoing Testing and Data Build-up,[B] Developmental,,[2] Ongoing Testing and Data Build-up,[B] Developmental,,[2] Ongoing Testing and Data Build-up,[B] Developmental,,[2] Ongoing Testing and Data Build-up,[B] Developmental,,#N/A,#N/A,#N/A,#N/A,#N/A,#N/A,#N/A,#N/A,#N/A,#N/A,#N/A,#N/A,#N/A,#N/A,#N/A
"Sarrat, Ilocos Norte",2022,2022-12,,,01-028-21-000,01-28-21-000,Sarrat,Ilocos Norte,Region I (Ilocos Region),Municipality,4th,R1,A,C,#N/A,#N/A,[1] Operational,[A] Operational,[1] Operational,[A] Operational,,[1] Operational,[A] Operational,,[1] Operational,[A] Operational,,[1] Operational,[A] Operational,,[1] Operational,[A] Operational,,[1] Operational,[A] Operational,,#N/A,#N/A,#N/A,#N/A,#N/A,#N/A,#N/A,#N/A,#N/A,#N/A,#N/A,#N/A,#N/A,#N/A,#N/A
"Sinait, Ilocos Sur",2022,2022-12,,,01-029-30-000,01-29-30-000,Sinait,Ilocos Sur,Region I (Ilocos Region),Municipality,3rd,R1,A,C,#N/A,#N/A,[1] Operational,[A] Operational,[1] Operational,[A] Operational,,[1] Operational,[A] Operational,,[1] Operational,[A] Operational,,[1] Operational,[A] Operational,,[1] Operational,[A] Operational,,[1] Operational,[A] Operational,,#N/A,#N/A,#N/A,#N/A,#N/A,#N/A,#N/A,#N/A,#N/A,#N/A,#N/A,#N/A,#N/A,#N/A,#N/A
"Sison, Pangasinan",2022,2022-12,,,01-055-41-000,01-55-41-000,Sison,Pangasinan,Region I (Ilocos Region),Municipality,3rd,R1,A,C,#N/A,#N/A,[2] Ongoing Testing and Data Build-up,[B] Developmental,[2] Ongoing Testing and Data Build-up,[B] Developmental,,[2] Ongoing Testing and Data Build-up,[B] Developmental,,[2] Ongoing Testing and Data Build-up,[B] Developmental,,[2] Ongoing Testing and Data Build-up,[B] Developmental,,[2] Ongoing Testing and Data Build-up,[B] Developmental,,[2] Ongoing Testing and Data Build-up,[B] Developmental,,#N/A,#N/A,#N/A,#N/A,#N/A,#N/A,#N/A,#N/A,#N/A,#N/A,#N/A,#N/A,#N/A,#N/A,#N/A
"Solsona, Ilocos Norte",2022,2022-12,,,01-028-22-000,01-28-22-000,Solsona,Ilocos Norte,Region I (Ilocos Region),Municipality,3rd,R1,A,C,#N/A,#N/A,[1] Operational,[A] Operational,[1] Operational,[A] Operational,,[1] Operational,[A] Operational,,[1] Operational,[A] Operational,,[1] Operational,[A] Operational,,[1] Operational,[A] Operational,,[1] Operational,[A] Operational,,#N/A,#N/A,#N/A,#N/A,#N/A,#N/A,#N/A,#N/A,#N/A,#N/A,#N/A,#N/A,#N/A,#N/A,#N/A
"Suyo, Ilocos Sur",2021,2022-12,,,01-029-32-000,01-29-32-000,Suyo,Ilocos Sur,Region I (Ilocos Region),Municipality,4th,R1,A,C,#N/A,#N/A,[1] Operational,[A] Operational,[1] Operational,[A] Operational,,[1] Operational,[A] Operational,,[1] Operational,[A] Operational,,[1] Operational,[A] Operational,,[1] Operational,[A] Operational,,[1] Operational,[A] Operational,,#N/A,#N/A,#N/A,#N/A,#N/A,#N/A,#N/A,#N/A,#N/A,#N/A,#N/A,#N/A,#N/A,#N/A,#N/A
"Tagudin, Ilocos Sur",2022,2022-12,,,01-029-33-000,01-29-33-000,Tagudin,Ilocos Sur,Region I (Ilocos Region),Municipality,2nd,R1,A,C,#N/A,#N/A,[1] Operational,[A] Operational,[1] Operational,[A] Operational,,[1] Operational,[A] Operational,,[1] Operational,[A] Operational,,[1] Operational,[A] Operational,,[1] Operational,[A] Operational,,[1] Operational,[A] Operational,,#N/A,#N/A,#N/A,#N/A,#N/A,#N/A,#N/A,#N/A,#N/A,#N/A,#N/A,#N/A,#N/A,#N/A,#N/A
"Tubao, La Union",2022,2022-12,,,01-033-20-000,01-33-20-000,Tubao,La Union,Region I (Ilocos Region),Municipality,4th,R1,A,C,#N/A,#N/A,[1] Operational,[A] Operational,[1] Operational,[A] Operational,,[1] Operational,[A] Operational,,[1] Operational,[A] Operational,,[1] Operational,[A] Operational,,[1] Operational,[A] Operational,,[1] Operational,[A] Operational,,#N/A,#N/A,#N/A,#N/A,#N/A,#N/A,#N/A,#N/A,#N/A,#N/A,#N/A,#N/A,#N/A,#N/A,#N/A
"Aurora, Isabela",2021,2022-12,,,02-031-03-000,02-31-03-000,Aurora,Isabela,Region II (Cagayan Valley),Municipality,3rd,R2,A,D,#N/A,#N/A,[1] Operational,[A] Operational,[1] Operational,[A] Operational,,[1] Operational,[A] Operational,,[1] Operational,[A] Operational,,[1] Operational,[A] Operational,,[1] Operational,[A] Operational,,[1] Operational,[A] Operational,,#N/A,#N/A,#N/A,#N/A,#N/A,#N/A,#N/A,#N/A,#N/A,#N/A,#N/A,#N/A,#N/A,#N/A,#N/A
"Baggao, Cagayan",2023,2023-06,,,02-015-06-000,02-15-06-000,Baggao,Cagayan,Region II (Cagayan Valley),Municipality,1st,R2,B,D,#N/A,#N/A,[1] Operational,[A] Operational,[1] Operational,[A] Operational,,[1] Operational,[A] Operational,,[1] Operational,[A] Operational,,[1] Operational,[A] Operational,,[1] Operational,[A] Operational,,[1] Operational,[A] Operational,,#N/A,#N/A,#N/A,#N/A,#N/A,#N/A,#N/A,#N/A,#N/A,#N/A,#N/A,#N/A,#N/A,#N/A,#N/A
"Bambang, Nueva Vizcaya",2022,2022-12,,,02-050-04-000,02-50-04-000,Bambang,Nueva Vizcaya,Region II (Cagayan Valley),Municipality,1st,R2,A,D,#N/A,#N/A,[1] Operational,[A] Operational,[1] Operational,[A] Operational,,[1] Operational,[A] Operational,,[1] Operational,[A] Operational,,[1] Operational,[A] Operational,,[1] Operational,[A] Operational,,[1] Operational,[A] Operational,,#N/A,#N/A,#N/A,#N/A,#N/A,#N/A,#N/A,#N/A,#N/A,#N/A,#N/A,#N/A,#N/A,#N/A,#N/A
"Cabagan, Isabela",,,,,02-031-06-000,02-31-06-000,Cabagan,Isabela,Region II (Cagayan Valley),Municipality,1st,R2,B,D,#N/A,#N/A,[1] Operational,[A] Operational,[1] Operational,[A] Operational,,[1] Operational,[A] Operational,,[1] Operational,[A] Operational,,[1] Operational,[A] Operational,,[1] Operational,[A] Operational,,[1] Operational,[A] Operational,,#N/A,#N/A,#N/A,#N/A,#N/A,#N/A,#N/A,#N/A,#N/A,#N/A,#N/A,#N/A,#N/A,#N/A,#N/A
"Camalaniugan, Cagayan",2021,2022-12,,,02-015-10-000,02-15-10-000,Camalaniugan,Cagayan,Region II (Cagayan Valley),Municipality,4th,R2,A,D,#N/A,#N/A,[1] Operational,[A] Operational,[1] Operational,[A] Operational,,[1] Operational,[A] Operational,,[1] Operational,[A] Operational,,[1] Operational,[A] Operational,,[1] Operational,[A] Operational,,[1] Operational,[A] Operational,,#N/A,#N/A,#N/A,#N/A,#N/A,#N/A,#N/A,#N/A,#N/A,#N/A,#N/A,#N/A,#N/A,#N/A,#N/A
"City of Ilagan, Isabela",2021,2022-12,,,02-031-14-000,02-31-14-000,City of Ilagan,Isabela,Region II (Cagayan Valley),City,1st (as Mun),R2,A,D,#N/A,#N/A,[1] Operational,[A] Operational,[1] Operational,[A] Operational,,[1] Operational,[A] Operational,,[1] Operational,[A] Operational,,[1] Operational,[A] Operational,,[1] Operational,[A] Operational,,[1] Operational,[A] Operational,,#N/A,#N/A,#N/A,#N/A,#N/A,#N/A,#N/A,#N/A,#N/A,#N/A,#N/A,#N/A,#N/A,#N/A,#N/A
"Diffun, Quirino",2023,2023-01,,,02-057-03-000,02-57-03-000,Diffun,Quirino,Region II (Cagayan Valley),Municipality,2nd,R2,B,D,#N/A,#N/A,[1] Operational,[A] Operational,[1] Operational,[A] Operational,,[1] Operational,[A] Operational,,[1] Operational,[A] Operational,,[1] Operational,[A] Operational,,[1] Operational,[A] Operational,,[1] Operational,[A] Operational,,#N/A,#N/A,#N/A,#N/A,#N/A,#N/A,#N/A,#N/A,#N/A,#N/A,#N/A,#N/A,#N/A,#N/A,#N/A
"Gamu, Isabela",2022,2022-12,,,02-031-13-000,02-31-13-000,Gamu,Isabela,Region II (Cagayan Valley),Municipality,4th,R2,A,D,#N/A,#N/A,[1] Operational,[A] Operational,[1] Operational,[A] Operational,,[1] Operational,[A] Operational,,[1] Operational,[A] Operational,,[1] Operational,[A] Operational,,[1] Operational,[A] Operational,,[1] Operational,[A] Operational,,#N/A,#N/A,#N/A,#N/A,#N/A,#N/A,#N/A,#N/A,#N/A,#N/A,#N/A,#N/A,#N/A,#N/A,#N/A
"Gattaran, Cagayan",2023,2023-03,,,02-015-13-000,02-15-13-000,Gattaran,Cagayan,Region II (Cagayan Valley),Municipality,1st,R2,B,D,#N/A,#N/A,[1] Operational,[A] Operational,[1] Operational,[A] Operational,,[1] Operational,[A] Operational,,[1] Operational,[A] Operational,,[1] Operational,[A] Operational,,[1] Operational,[A] Operational,,[1] Operational,[A] Operational,,#N/A,#N/A,#N/A,#N/A,#N/A,#N/A,#N/A,#N/A,#N/A,#N/A,#N/A,#N/A,#N/A,#N/A,#N/A
"Jones, Isabela",2021,2022-12,,,02-031-15-000,02-31-15-000,Jones,Isabela,Region II (Cagayan Valley),Municipality,1st,R2,A,D,#N/A,#N/A,[1] Operational,[A] Operational,[1] Operational,[A] Operational,,[1] Operational,[A] Operational,,[1] Operational,[A] Operational,,[1] Operational,[A] Operational,,[1] Operational,[A] Operational,,[1] Operational,[A] Operational,,#N/A,#N/A,#N/A,#N/A,#N/A,#N/A,#N/A,#N/A,#N/A,#N/A,#N/A,#N/A,#N/A,#N/A,#N/A
"Maddela, Quirino",2021,2022-12,,,02-057-04-000,02-57-04-000,Maddela,Quirino,Region II (Cagayan Valley),Municipality,1st,R2,A,D,#N/A,#N/A,[1] Operational,[A] Operational,[1] Operational,[A] Operational,,[1] Operational,[A] Operational,,[1] Operational,[A] Operational,,[1] Operational,[A] Operational,,[1] Operational,[A] Operational,,[1] Operational,[A] Operational,,#N/A,#N/A,#N/A,#N/A,#N/A,#N/A,#N/A,#N/A,#N/A,#N/A,#N/A,#N/A,#N/A,#N/A,#N/A
"Mallig, Isabela",2022,2022-12,,,02-031-19-000,02-31-19-000,Mallig,Isabela,Region II (Cagayan Valley),Municipality,4th,R2,A,D,#N/A,#N/A,[1] Operational,[A] Operational,[1] Operational,[A] Operational,,[1] Operational,[A] Operational,,[1] Operational,[A] Operational,,[1] Operational,[A] Operational,,[1] Operational,[A] Operational,,[1] Operational,[A] Operational,,#N/A,#N/A,#N/A,#N/A,#N/A,#N/A,#N/A,#N/A,#N/A,#N/A,#N/A,#N/A,#N/A,#N/A,#N/A
"Palanan, Isabela",2022,2022-12,,,02-031-21-000,02-31-21-000,Palanan,Isabela,Region II (Cagayan Valley),Municipality,1st,R2,A,D,#N/A,#N/A,[1] Operational,[A] Operational,[1] Operational,[A] Operational,,[1] Operational,[A] Operational,,[1] Operational,[A] Operational,,[1] Operational,[A] Operational,,[1] Operational,[A] Operational,,[1] Operational,[A] Operational,,#N/A,#N/A,#N/A,#N/A,#N/A,#N/A,#N/A,#N/A,#N/A,#N/A,#N/A,#N/A,#N/A,#N/A,#N/A
"Ramon, Isabela",2022,2022-12,,,02-031-24-000,02-31-24-000,Ramon,Isabela,Region II (Cagayan Valley),Municipality,2nd,R2,A,D,#N/A,#N/A,[1] Operational,[A] Operational,[1] Operational,[A] Operational,,[1] Operational,[A] Operational,,[1] Operational,[A] Operational,,[1] Operational,[A] Operational,,[1] Operational,[A] Operational,,[1] Operational,[A] Operational,,#N/A,#N/A,#N/A,#N/A,#N/A,#N/A,#N/A,#N/A,#N/A,#N/A,#N/A,#N/A,#N/A,#N/A,#N/A
"San Mariano, Isabela",2022,2022-12,,,02-031-31-000,02-31-31-000,San Mariano,Isabela,Region II (Cagayan Valley),Municipality,1st,R2,A,D,#N/A,#N/A,[1] Operational,[A] Operational,[1] Operational,[A] Operational,,[1] Operational,[A] Operational,,[1] Operational,[A] Operational,,[1] Operational,[A] Operational,,[1] Operational,[A] Operational,,[1] Operational,[A] Operational,,#N/A,#N/A,#N/A,#N/A,#N/A,#N/A,#N/A,#N/A,#N/A,#N/A,#N/A,#N/A,#N/A,#N/A,#N/A
"San Mateo, Isabela",2023,2023-01,,,02-031-32-000,02-31-32-000,San Mateo,Isabela,Region II (Cagayan Valley),Municipality,1st,R2,B,D,#N/A,#N/A,[1] Operational,[A] Operational,[1] Operational,[A] Operational,,[1] Operational,[A] Operational,,[1] Operational,[A] Operational,,[1] Operational,[A] Operational,,[1] Operational,[A] Operational,,[1] Operational,[A] Operational,,#N/A,#N/A,#N/A,#N/A,#N/A,#N/A,#N/A,#N/A,#N/A,#N/A,#N/A,#N/A,#N/A,#N/A,#N/A
"Santa Ana, Cagayan",2023,2023-06,,,02-015-23-000,02-15-23-000,Santa Ana,Cagayan,Region II (Cagayan Valley),Municipality,2nd,R2,B,D,#N/A,#N/A,[1] Operational,[A] Operational,[1] Operational,[A] Operational,,[1] Operational,[A] Operational,,[1] Operational,[A] Operational,,[1] Operational,[A] Operational,,[1] Operational,[A] Operational,,[1] Operational,[A] Operational,,#N/A,#N/A,#N/A,#N/A,#N/A,#N/A,#N/A,#N/A,#N/A,#N/A,#N/A,#N/A,#N/A,#N/A,#N/A
"Santa Teresita, Cagayan",,,,,02-015-25-000,02-15-25-000,Santa Teresita,Cagayan,Region II (Cagayan Valley),Municipality,4th,R2,B,D,#N/A,#N/A,[1] Operational,[A] Operational,[1] Operational,[A] Operational,,[1] Operational,[A] Operational,,[1] Operational,[A] Operational,,[1] Operational,[A] Operational,,[1] Operational,[A] Operational,,[1] Operational,[A] Operational,,#N/A,#N/A,#N/A,#N/A,#N/A,#N/A,#N/A,#N/A,#N/A,#N/A,#N/A,#N/A,#N/A,#N/A,#N/A
"Aloran, Misamis Occidental",2021,2022-12,,,10-042-01-000,10-42-01-000,Aloran,Misamis Occidental,Region X (Northern Mindanao),Municipality,4th,R10,A,N,#N/A,#N/A,[1] Operational,[A] Operational,[1] Operational,[A] Operational,,[1] Operational,[A] Operational,,[1] Operational,[A] Operational,,[1] Operational,[A] Operational,,[1] Operational,[A] Operational,,[1] Operational,[A] Operational,,#N/A,#N/A,#N/A,#N/A,#N/A,#N/A,#N/A,#N/A,#N/A,#N/A,#N/A,#N/A,#N/A,#N/A,#N/A
"Bacolod, Lanao del Norte",2021,2022-12,,,10-035-01-000,10-35-01-000,Bacolod,Lanao del Norte,Region X (Northern Mindanao),Municipality,4th,R10,A,N,#N/A,#N/A,[1] Operational,[A] Operational,[1] Operational,[A] Operational,,[1] Operational,[A] Operational,,[1] Operational,[A] Operational,,[1] Operational,[A] Operational,,[1] Operational,[A] Operational,,[1] Operational,[A] Operational,,#N/A,#N/A,#N/A,#N/A,#N/A,#N/A,#N/A,#N/A,#N/A,#N/A,#N/A,#N/A,#N/A,#N/A,#N/A
"Calamba, Misamis Occidental",2022,2022-12,,,10-042-04-000,10-42-04-000,Calamba,Misamis Occidental,Region X (Northern Mindanao),Municipality,4th,R10,A,N,#N/A,#N/A,[1] Operational,[A] Operational,[1] Operational,[A] Operational,,[1] Operational,[A] Operational,,[1] Operational,[A] Operational,,[1] Operational,[A] Operational,,[1] Operational,[A] Operational,,[1] Operational,[A] Operational,,#N/A,#N/A,#N/A,#N/A,#N/A,#N/A,#N/A,#N/A,#N/A,#N/A,#N/A,#N/A,#N/A,#N/A,#N/A
"Catarman, Camiguin",2023,2023-01,,,10-018-01-000,10-18-01-000,Catarman,Camiguin,Region X (Northern Mindanao),Municipality,5th,R10,B,N,#N/A,#N/A,[1] Operational,[A] Operational,[1] Operational,[A] Operational,,[1] Operational,[A] Operational,,[1] Operational,[A] Operational,,[1] Operational,[A] Operational,,[1] Operational,[A] Operational,,[1] Operational,[A] Operational,,#N/A,#N/A,#N/A,#N/A,#N/A,#N/A,#N/A,#N/A,#N/A,#N/A,#N/A,#N/A,#N/A,#N/A,#N/A
"City of El Salvador, Misamis Oriental",2021,2022-12,,,10-043-07-000,10-43-07-000,City of El Salvador,Misamis Oriental,Region X (Northern Mindanao),City,6th,R10,A,N,#N/A,#N/A,[1] Operational,[A] Operational,[1] Operational,[A] Operational,,[1] Operational,[A] Operational,,[1] Operational,[A] Operational,,[1] Operational,[A] Operational,,[1] Operational,[A] Operational,,[1] Operational,[A] Operational,,#N/A,#N/A,#N/A,#N/A,#N/A,#N/A,#N/A,#N/A,#N/A,#N/A,#N/A,#N/A,#N/A,#N/A,#N/A
"Clarin, Misamis Occidental",2022,2022-12,,,10-042-05-000,10-42-05-000,Clarin,Misamis Occidental,Region X (Northern Mindanao),Municipality,4th,R10,A,N,#N/A,#N/A,[1] Operational,[A] Operational,[1] Operational,[A] Operational,,[1] Operational,[A] Operational,,[1] Operational,[A] Operational,,[1] Operational,[A] Operational,,[1] Operational,[A] Operational,,[1] Operational,[A] Operational,,#N/A,#N/A,#N/A,#N/A,#N/A,#N/A,#N/A,#N/A,#N/A,#N/A,#N/A,#N/A,#N/A,#N/A,#N/A
"Don Carlos, Bukidnon",,,,,10-013-04-000,10-13-04-000,Don Carlos,Bukidnon,Region X (Northern Mindanao),Municipality,1st,R10,B,N,#N/A,#N/A,[1] Operational,[A] Operational,[1] Operational,[A] Operational,,[1] Operational,[A] Operational,,[1] Operational,[A] Operational,,[1] Operational,[A] Operational,,[1] Operational,[A] Operational,,[1] Operational,[A] Operational,,#N/A,#N/A,#N/A,#N/A,#N/A,#N/A,#N/A,#N/A,#N/A,#N/A,#N/A,#N/A,#N/A,#N/A,#N/A
"Guinsiliban, Camiguin",2022,2022-12,,,10-018-02-000,10-18-02-000,Guinsiliban,Camiguin,Region X (Northern Mindanao),Municipality,6th,R10,A,N,#N/A,#N/A,[1] Operational,[A] Operational,[1] Operational,[A] Operational,,[1] Operational,[A] Operational,,[1] Operational,[A] Operational,,[1] Operational,[A] Operational,,[1] Operational,[A] Operational,,[1] Operational,[A] Operational,,#N/A,#N/A,#N/A,#N/A,#N/A,#N/A,#N/A,#N/A,#N/A,#N/A,#N/A,#N/A,#N/A,#N/A,#N/A
"Jasaan, Misamis Oriental",2022,2022-12,,,10-043-11-000,10-43-11-000,Jasaan,Misamis Oriental,Region X (Northern Mindanao),Municipality,2nd,R10,A,N,#N/A,#N/A,[1] Operational,[A] Operational,[1] Operational,[A] Operational,,[1] Operational,[A] Operational,,[1] Operational,[A] Operational,,[1] Operational,[A] Operational,,[1] Operational,[A] Operational,,[1] Operational,[A] Operational,,#N/A,#N/A,#N/A,#N/A,#N/A,#N/A,#N/A,#N/A,#N/A,#N/A,#N/A,#N/A,#N/A,#N/A,#N/A
"Kibawe, Bukidnon",2021,2022-12,01/22/2019,01/22/2019,10-013-08-000,10-13-08-000,Kibawe,Bukidnon,Region X (Northern Mindanao),Municipality,2nd,R10,A,N,#N/A,#N/A,[1] Operational,[A] Operational,[1] Operational,[A] Operational,,[1] Operational,[A] Operational,,[1] Operational,[A] Operational,,[1] Operational,[A] Operational,,[1] Operational,[A] Operational,,[1] Operational,[A] Operational,,#N/A,#N/A,#N/A,#N/A,#N/A,#N/A,#N/A,#N/A,#N/A,#N/A,#N/A,#N/A,#N/A,#N/A,#N/A
"Libertad, Misamis Oriental",2021,2022-12,,,10-043-15-000,10-43-15-000,Libertad,Misamis Oriental,Region X (Northern Mindanao),Municipality,5th,R10,A,N,#N/A,#N/A,[1] Operational,[A] Operational,[1] Operational,[A] Operational,,[1] Operational,[A] Operational,,[1] Operational,[A] Operational,,[1] Operational,[A] Operational,,[1] Operational,[A] Operational,,[1] Operational,[A] Operational,,#N/A,#N/A,#N/A,#N/A,#N/A,#N/A,#N/A,#N/A,#N/A,#N/A,#N/A,#N/A,#N/A,#N/A,#N/A
"Mambajao, Camiguin",2022,2022-12,,,10-018-04-000,10-18-04-000,Mambajao,Camiguin,Region X (Northern Mindanao),Municipality,3rd,R10,A,N,#N/A,#N/A,[1] Operational,[A] Operational,[1] Operational,[A] Operational,,[1] Operational,[A] Operational,,[1] Operational,[A] Operational,,[1] Operational,[A] Operational,,[1] Operational,[A] Operational,,[1] Operational,[A] Operational,,#N/A,#N/A,#N/A,#N/A,#N/A,#N/A,#N/A,#N/A,#N/A,#N/A,#N/A,#N/A,#N/A,#N/A,#N/A
"Naawan, Misamis Oriental",2022,2022-12,,,10-043-20-000,10-43-20-000,Naawan,Misamis Oriental,Region X (Northern Mindanao),Municipality,4th,R10,A,N,#N/A,#N/A,[1] Operational,[A] Operational,[1] Operational,[A] Operational,,[1] Operational,[A] Operational,,[1] Operational,[A] Operational,,[1] Operational,[A] Operational,,[1] Operational,[A] Operational,,[1] Operational,[A] Operational,,#N/A,#N/A,#N/A,#N/A,#N/A,#N/A,#N/A,#N/A,#N/A,#N/A,#N/A,#N/A,#N/A,#N/A,#N/A
"Plaridel, Misamis Occidental",2022,2022-12,,,10-042-12-000,10-42-12-000,Plaridel,Misamis Occidental,Region X (Northern Mindanao),Municipality,3rd,R10,A,N,#N/A,#N/A,[1] Operational,[A] Operational,[1] Operational,[A] Operational,,[1] Operational,[A] Operational,,[1] Operational,[A] Operational,,[1] Operational,[A] Operational,,[1] Operational,[A] Operational,,[1] Operational,[A] Operational,,#N/A,#N/A,#N/A,#N/A,#N/A,#N/A,#N/A,#N/A,#N/A,#N/A,#N/A,#N/A,#N/A,#N/A,#N/A
"Salay, Misamis Oriental",2021,2022-12,,,10-043-22-000,10-43-22-000,Salay,Misamis Oriental,Region X (Northern Mindanao),Municipality,4th,R10,A,N,#N/A,#N/A,[1] Operational,[A] Operational,[1] Operational,[A] Operational,,[1] Operational,[A] Operational,,[1] Operational,[A] Operational,,[1] Operational,[A] Operational,,[1] Operational,[A] Operational,,[1] Operational,[A] Operational,,#N/A,#N/A,#N/A,#N/A,#N/A,#N/A,#N/A,#N/A,#N/A,#N/A,#N/A,#N/A,#N/A,#N/A,#N/A
"Tagoloan, Misamis Oriental",2021,2022-12,,,10-043-24-000,10-43-24-000,Tagoloan,Misamis Oriental,Region X (Northern Mindanao),Municipality,1st,R10,A,N,#N/A,#N/A,[1] Operational,[A] Operational,[1] Operational,[A] Operational,,[1] Operational,[A] Operational,,[1] Operational,[A] Operational,,[1] Operational,[A] Operational,,[1] Operational,[A] Operational,,[1] Operational,[A] Operational,,#N/A,#N/A,#N/A,#N/A,#N/A,#N/A,#N/A,#N/A,#N/A,#N/A,#N/A,#N/A,#N/A,#N/A,#N/A
"Apalit, Pampanga",2023,2023-01,,,03-054-02-000,03-54-02-000,Apalit,Pampanga,Region III (Central Luzon),Municipality,1st,R3,B,E,#N/A,#N/A,[1] Operational,[A] Operational,[1] Operational,[A] Operational,,[1] Operational,[A] Operational,,[1] Operational,[A] Operational,,[1] Operational,[A] Operational,,[1] Operational,[A] Operational,,[1] Operational,[A] Operational,,#N/A,#N/A,#N/A,#N/A,#N/A,#N/A,#N/A,#N/A,#N/A,#N/A,#N/A,#N/A,#N/A,#N/A,#N/A
"Arayat, Pampanga",2022,2022-12,,,03-054-03-000,03-54-03-000,Arayat,Pampanga,Region III (Central Luzon),Municipality,1st,R3,A,E,#N/A,#N/A,[1] Operational,[A] Operational,[1] Operational,[A] Operational,,[1] Operational,[A] Operational,,[1] Operational,[A] Operational,,[1] Operational,[A] Operational,,[1] Operational,[A] Operational,,[1] Operational,[A] Operational,,#N/A,#N/A,#N/A,#N/A,#N/A,#N/A,#N/A,#N/A,#N/A,#N/A,#N/A,#N/A,#N/A,#N/A,#N/A
"Bacolor, Pampanga",2022,2022-12,,,03-054-04-000,03-54-04-000,Bacolor,Pampanga,Region III (Central Luzon),Municipality,3rd,R3,A,E,#N/A,#N/A,[1] Operational,[A] Operational,[1] Operational,[A] Operational,,[1] Operational,[A] Operational,,[1] Operational,[A] Operational,,[1] Operational,[A] Operational,,[1] Operational,[A] Operational,,[1] Operational,[A] Operational,,#N/A,#N/A,#N/A,#N/A,#N/A,#N/A,#N/A,#N/A,#N/A,#N/A,#N/A,#N/A,#N/A,#N/A,#N/A
"Baler, Aurora",2023,2023-01,,,03-077-01-000,03-77-01-000,Baler,Aurora,Region III (Central Luzon),Municipality,3rd,R3,B,E,#N/A,#N/A,[1] Operational,[A] Operational,[1] Operational,[A] Operational,,[1] Operational,[A] Operational,,[1] Operational,[A] Operational,,[1] Operational,[A] Operational,,[1] Operational,[A] Operational,,[1] Operational,[A] Operational,,#N/A,#N/A,#N/A,#N/A,#N/A,#N/A,#N/A,#N/A,#N/A,#N/A,#N/A,#N/A,#N/A,#N/A,#N/A
"Bongabon, Nueva Ecija",2021,2022-12,,,03-049-02-000,03-49-02-000,Bongabon,Nueva Ecija,Region III (Central Luzon),Municipality,2nd,R3,A,E,#N/A,#N/A,[1] Operational,[A] Operational,[1] Operational,[A] Operational,,[1] Operational,[A] Operational,,[1] Operational,[A] Operational,,[1] Operational,[A] Operational,,[1] Operational,[A] Operational,,[1] Operational,[A] Operational,,#N/A,#N/A,#N/A,#N/A,#N/A,#N/A,#N/A,#N/A,#N/A,#N/A,#N/A,#N/A,#N/A,#N/A,#N/A
"Botolan, Zambales",2021,2022-12,,,03-071-01-000,03-71-01-000,Botolan,Zambales,Region III (Central Luzon),Municipality,1st,R3,A,E,#N/A,#N/A,[1] Operational,[A] Operational,[1] Operational,[A] Operational,,[1] Operational,[A] Operational,,[1] Operational,[A] Operational,,[1] Operational,[A] Operational,,[1] Operational,[A] Operational,,[1] Operational,[A] Operational,,#N/A,#N/A,#N/A,#N/A,#N/A,#N/A,#N/A,#N/A,#N/A,#N/A,#N/A,#N/A,#N/A,#N/A,#N/A
"Casiguran, Aurora",2022,2022-12,,,03-077-02-000,03-77-02-000,Casiguran,Aurora,Region III (Central Luzon),Municipality,2nd,R3,A,E,#N/A,#N/A,[1] Operational,[A] Operational,[1] Operational,[A] Operational,,[1] Operational,[A] Operational,,[1] Operational,[A] Operational,,[1] Operational,[A] Operational,,[1] Operational,[A] Operational,,[1] Operational,[A] Operational,,#N/A,#N/A,#N/A,#N/A,#N/A,#N/A,#N/A,#N/A,#N/A,#N/A,#N/A,#N/A,#N/A,#N/A,#N/A
"Castillejos, Zambales",2022,2022-12,,,03-071-04-000,03-71-04-000,Castillejos,Zambales,Region III (Central Luzon),Municipality,3rd,R3,A,E,#N/A,#N/A,[1] Operational,[A] Operational,[1] Operational,[A] Operational,,[1] Operational,[A] Operational,,[1] Operational,[A] Operational,,[1] Operational,[A] Operational,,[1] Operational,[A] Operational,,[1] Operational,[A] Operational,,#N/A,#N/A,#N/A,#N/A,#N/A,#N/A,#N/A,#N/A,#N/A,#N/A,#N/A,#N/A,#N/A,#N/A,#N/A
"Cuyapo, Nueva Ecija",2023,2023-01,,,03-049-06-000,03-49-06-000,Cuyapo,Nueva Ecija,Region III (Central Luzon),Municipality,1st,R3,B,E,#N/A,#N/A,[1] Operational,[A] Operational,[1] Operational,[A] Operational,,[1] Operational,[A] Operational,,[1] Operational,[A] Operational,,[1] Operational,[A] Operational,,[1] Operational,[A] Operational,,[1] Operational,[A] Operational,,#N/A,#N/A,#N/A,#N/A,#N/A,#N/A,#N/A,#N/A,#N/A,#N/A,#N/A,#N/A,#N/A,#N/A,#N/A
"Dingalan, Aurora",2021,2022-12,,,03-077-05-000,03-77-05-000,Dingalan,Aurora,Region III (Central Luzon),Municipality,3rd,R3,A,E,#N/A,#N/A,[1] Operational,[A] Operational,[1] Operational,[A] Operational,,[1] Operational,[A] Operational,,[1] Operational,[A] Operational,,[1] Operational,[A] Operational,,[1] Operational,[A] Operational,,[1] Operational,[A] Operational,,#N/A,#N/A,#N/A,#N/A,#N/A,#N/A,#N/A,#N/A,#N/A,#N/A,#N/A,#N/A,#N/A,#N/A,#N/A
"Dipaculao, Aurora",,,,,03-077-06-000,03-77-06-000,Dipaculao,Aurora,Region III (Central Luzon),Municipality,3rd,R3,B,E,#N/A,#N/A,[1] Operational,[A] Operational,[1] Operational,[A] Operational,,[1] Operational,[A] Operational,,[1] Operational,[A] Operational,,[1] Operational,[A] Operational,,[1] Operational,[A] Operational,,[1] Operational,[A] Operational,,#N/A,#N/A,#N/A,#N/A,#N/A,#N/A,#N/A,#N/A,#N/A,#N/A,#N/A,#N/A,#N/A,#N/A,#N/A
"Gabaldon, Nueva Ecija",2022,2022-12,11/14/2022,11/14/2022,03-049-07-000,03-49-07-000,Gabaldon,Nueva Ecija,Region III (Central Luzon),Municipality,4th,R3,A,E,#N/A,#N/A,[1] Operational,[A] Operational,[1] Operational,[A] Operational,,[1] Operational,[A] Operational,,[1] Operational,[A] Operational,,[1] Operational,[A] Operational,,[1] Operational,[A] Operational,,[1] Operational,[A] Operational,,#N/A,#N/A,#N/A,#N/A,#N/A,#N/A,#N/A,#N/A,#N/A,#N/A,#N/A,#N/A,#N/A,#N/A,#N/A
"General Tinio, Nueva Ecija",,,,,03-049-10-000,03-49-10-000,General Tinio,Nueva Ecija,Region III (Central Luzon),Municipality,1st,R3,B,E,#N/A,#N/A,[1] Operational,[A] Operational,[1] Operational,[A] Operational,,[1] Operational,[A] Operational,,[1] Operational,[A] Operational,,[1] Operational,[A] Operational,,[1] Operational,[A] Operational,,[1] Operational,[A] Operational,,#N/A,#N/A,#N/A,#N/A,#N/A,#N/A,#N/A,#N/A,#N/A,#N/A,#N/A,#N/A,#N/A,#N/A,#N/A
"Licab, Nueva Ecija",2022,2022-12,,,03-049-14-000,03-49-14-000,Licab,Nueva Ecija,Region III (Central Luzon),Municipality,4th,R3,A,E,#N/A,#N/A,[1] Operational,[A] Operational,[1] Operational,[A] Operational,,[1] Operational,[A] Operational,,[1] Operational,[A] Operational,,[1] Operational,[A] Operational,,[1] Operational,[A] Operational,,[1] Operational,[A] Operational,,#N/A,#N/A,#N/A,#N/A,#N/A,#N/A,#N/A,#N/A,#N/A,#N/A,#N/A,#N/A,#N/A,#N/A,#N/A
"Limay, Bataan",2021,2022-12,,,03-008-06-000,03-08-06-000,Limay,Bataan,Region III (Central Luzon),Municipality,1st,R3,A,E,#N/A,#N/A,[1] Operational,[A] Operational,[1] Operational,[A] Operational,,[1] Operational,[A] Operational,,[1] Operational,[A] Operational,,[1] Operational,[A] Operational,,[1] Operational,[A] Operational,,[1] Operational,[A] Operational,,#N/A,#N/A,#N/A,#N/A,#N/A,#N/A,#N/A,#N/A,#N/A,#N/A,#N/A,#N/A,#N/A,#N/A,#N/A
"Mabalacat City, Pampanga",2022,2022-12,,,03-054-09-000,03-54-09-000,Mabalacat City,Pampanga,Region III (Central Luzon),City,3rd,R3,A,E,#N/A,#N/A,[1] Operational,[A] Operational,[1] Operational,[A] Operational,,[1] Operational,[A] Operational,,[1] Operational,[A] Operational,,[1] Operational,[A] Operational,,[1] Operational,[A] Operational,,[1] Operational,[A] Operational,,#N/A,#N/A,#N/A,#N/A,#N/A,#N/A,#N/A,#N/A,#N/A,#N/A,#N/A,#N/A,#N/A,#N/A,#N/A
"Magalang, Pampanga",2022,2022-12,08/05/2022,08/05/2022,03-054-11-000,03-54-11-000,Magalang,Pampanga,Region III (Central Luzon),Municipality,1st,R3,A,E,#N/A,#N/A,[1] Operational,[A] Operational,[1] Operational,[A] Operational,,[1] Operational,[A] Operational,,[1] Operational,[A] Operational,,[1] Operational,[A] Operational,,[1] Operational,[A] Operational,,[1] Operational,[A] Operational,,#N/A,#N/A,#N/A,#N/A,#N/A,#N/A,#N/A,#N/A,#N/A,#N/A,#N/A,#N/A,#N/A,#N/A,#N/A
"Maria Aurora, Aurora",,,,,03-077-07-000,03-77-07-000,Maria Aurora,Aurora,Region III (Central Luzon),Municipality,2nd,R3,B,E,#N/A,#N/A,[1] Operational,[A] Operational,[1] Operational,[A] Operational,,[1] Operational,[A] Operational,,[1] Operational,[A] Operational,,[1] Operational,[A] Operational,,[1] Operational,[A] Operational,,[1] Operational,[A] Operational,,#N/A,#N/A,#N/A,#N/A,#N/A,#N/A,#N/A,#N/A,#N/A,#N/A,#N/A,#N/A,#N/A,#N/A,#N/A
"Minalin, Pampanga",2022,2022-12,,,03-054-14-000,03-54-14-000,Minalin,Pampanga,Region III (Central Luzon),Municipality,4th,R3,A,E,#N/A,#N/A,[1] Operational,[A] Operational,[1] Operational,[A] Operational,,[1] Operational,[A] Operational,,[1] Operational,[A] Operational,,[1] Operational,[A] Operational,,[1] Operational,[A] Operational,,[1] Operational,[A] Operational,,#N/A,#N/A,#N/A,#N/A,#N/A,#N/A,#N/A,#N/A,#N/A,#N/A,#N/A,#N/A,#N/A,#N/A,#N/A
"Morong, Bataan",2022,2022-12,,,03-008-08-000,03-08-08-000,Morong,Bataan,Region III (Central Luzon),Municipality,3rd,R3,A,E,#N/A,#N/A,[2] Ongoing Testing and Data Build-up,[B] Developmental,[2] Ongoing Testing and Data Build-up,[B] Developmental,,[2] Ongoing Testing and Data Build-up,[B] Developmental,,[2] Ongoing Testing and Data Build-up,[B] Developmental,,[2] Ongoing Testing and Data Build-up,[B] Developmental,,[2] Ongoing Testing and Data Build-up,[B] Developmental,,[2] Ongoing Testing and Data Build-up,[B] Developmental,,#N/A,#N/A,#N/A,#N/A,#N/A,#N/A,#N/A,#N/A,#N/A,#N/A,#N/A,#N/A,#N/A,#N/A,#N/A
"Obando, Bulacan",2022,2022-12,,,03-014-14-000,03-14-14-000,Obando,Bulacan,Region III (Central Luzon),Municipality,2nd,R3,A,E,#N/A,#N/A,[2] Ongoing Testing and Data Build-up,[B] Developmental,[1] Operational,[A] Operational,,[1] Operational,[A] Operational,,[1] Operational,[A] Operational,,[1] Operational,[A] Operational,,[1] Operational,[A] Operational,,[1] Operational,[A] Operational,,#N/A,#N/A,#N/A,#N/A,#N/A,#N/A,#N/A,#N/A,#N/A,#N/A,#N/A,#N/A,#N/A,#N/A,#N/A
"Orani, Bataan",2023,2023-01,,,03-008-09-000,03-08-09-000,Orani,Bataan,Region III (Central Luzon),Municipality,3rd,R3,B,E,#N/A,#N/A,[1] Operational,[A] Operational,[1] Operational,[A] Operational,,[1] Operational,[A] Operational,,[1] Operational,[A] Operational,,[1] Operational,[A] Operational,,[1] Operational,[A] Operational,,[1] Operational,[A] Operational,,#N/A,#N/A,#N/A,#N/A,#N/A,#N/A,#N/A,#N/A,#N/A,#N/A,#N/A,#N/A,#N/A,#N/A,#N/A
"Pandi, Bulacan",,,,,03-014-15-000,03-14-15-000,Pandi,Bulacan,Region III (Central Luzon),Municipality,2nd,R3,B,E,#N/A,#N/A,[2] Ongoing Testing and Data Build-up,[B] Developmental,[2] Ongoing Testing and Data Build-up,[B] Developmental,,[2] Ongoing Testing and Data Build-up,[B] Developmental,,[1] Operational,[A] Operational,,[1] Operational,[A] Operational,,[1] Operational,[A] Operational,,[1] Operational,[A] Operational,,#N/A,#N/A,#N/A,#N/A,#N/A,#N/A,#N/A,#N/A,#N/A,#N/A,#N/A,#N/A,#N/A,#N/A,#N/A
"Rizal, Nueva Ecija",2023,2023-03,,,03-049-23-000,03-49-23-000,Rizal,Nueva Ecija,Region III (Central Luzon),Municipality,2nd,R3,B,E,#N/A,#N/A,[1] Operational,[A] Operational,[1] Operational,[A] Operational,,[1] Operational,[A] Operational,,[1] Operational,[A] Operational,,[1] Operational,[A] Operational,,[1] Operational,[A] Operational,,[1] Operational,[A] Operational,,#N/A,#N/A,#N/A,#N/A,#N/A,#N/A,#N/A,#N/A,#N/A,#N/A,#N/A,#N/A,#N/A,#N/A,#N/A
"Samal, Bataan",2021,2022-12,10/18/2020,10/18/2020,03-008-12-000,03-08-12-000,Samal,Bataan,Region III (Central Luzon),Municipality,4th,R3,A,E,#N/A,#N/A,[1] Operational,[A] Operational,[1] Operational,[A] Operational,,[1] Operational,[A] Operational,,[1] Operational,[A] Operational,,[1] Operational,[A] Operational,,[1] Operational,[A] Operational,,[1] Operational,[A] Operational,,#N/A,#N/A,#N/A,#N/A,#N/A,#N/A,#N/A,#N/A,#N/A,#N/A,#N/A,#N/A,#N/A,#N/A,#N/A
"San Felipe, Zambales",,,,,03-071-10-000,03-71-10-000,San Felipe,Zambales,Region III (Central Luzon),Municipality,4th,R3,B,E,#N/A,#N/A,[1] Operational,[A] Operational,[1] Operational,[A] Operational,,[1] Operational,[A] Operational,,[1] Operational,[A] Operational,,[1] Operational,[A] Operational,,[1] Operational,[A] Operational,,[1] Operational,[A] Operational,,#N/A,#N/A,#N/A,#N/A,#N/A,#N/A,#N/A,#N/A,#N/A,#N/A,#N/A,#N/A,#N/A,#N/A,#N/A
"San Ildefonso, Bulacan",2022,2022-12,,,03-014-19-000,03-14-19-000,San Ildefonso,Bulacan,Region III (Central Luzon),Municipality,1st,R3,A,E,#N/A,#N/A,[1] Operational,[A] Operational,[1] Operational,[A] Operational,,[1] Operational,[A] Operational,,[1] Operational,[A] Operational,,[1] Operational,[A] Operational,,[1] Operational,[A] Operational,,[1] Operational,[A] Operational,,#N/A,#N/A,#N/A,#N/A,#N/A,#N/A,#N/A,#N/A,#N/A,#N/A,#N/A,#N/A,#N/A,#N/A,#N/A
"San Luis, Aurora",2022,2022-12,,,03-077-08-000,03-77-08-000,San Luis,Aurora,Region III (Central Luzon),Municipality,2nd,R3,A,E,#N/A,#N/A,[1] Operational,[A] Operational,[1] Operational,[A] Operational,,[1] Operational,[A] Operational,,[1] Operational,[A] Operational,,[1] Operational,[A] Operational,,[1] Operational,[A] Operational,,[1] Operational,[A] Operational,,#N/A,#N/A,#N/A,#N/A,#N/A,#N/A,#N/A,#N/A,#N/A,#N/A,#N/A,#N/A,#N/A,#N/A,#N/A
"San Luis, Pampanga",2023,2023-01,,,03-054-17-000,03-54-17-000,San Luis,Pampanga,Region III (Central Luzon),Municipality,3rd,R3,B,E,#N/A,#N/A,[1] Operational,[A] Operational,[1] Operational,[A] Operational,,[1] Operational,[A] Operational,,[1] Operational,[A] Operational,,[1] Operational,[A] Operational,,[1] Operational,[A] Operational,,[1] Operational,[A] Operational,,#N/A,#N/A,#N/A,#N/A,#N/A,#N/A,#N/A,#N/A,#N/A,#N/A,#N/A,#N/A,#N/A,#N/A,#N/A
"San Marcelino, Zambales",2022,2022-12,,,03-071-11-000,03-71-11-000,San Marcelino,Zambales,Region III (Central Luzon),Municipality,1st,R3,A,E,#N/A,#N/A,[1] Operational,[A] Operational,[1] Operational,[A] Operational,,[1] Operational,[A] Operational,,[1] Operational,[A] Operational,,[1] Operational,[A] Operational,,[1] Operational,[A] Operational,,[1] Operational,[A] Operational,,#N/A,#N/A,#N/A,#N/A,#N/A,#N/A,#N/A,#N/A,#N/A,#N/A,#N/A,#N/A,#N/A,#N/A,#N/A
"San Narciso, Zambales",2022,2022-12,,,03-071-12-000,03-71-12-000,San Narciso,Zambales,Region III (Central Luzon),Municipality,4th,R3,A,E,#N/A,#N/A,[1] Operational,[A] Operational,[1] Operational,[A] Operational,,[1] Operational,[A] Operational,,[1] Operational,[A] Operational,,[1] Operational,[A] Operational,,[1] Operational,[A] Operational,,[1] Operational,[A] Operational,,#N/A,#N/A,#N/A,#N/A,#N/A,#N/A,#N/A,#N/A,#N/A,#N/A,#N/A,#N/A,#N/A,#N/A,#N/A
"Talugtug, Nueva Ecija",2022,2022-12,,,03-049-31-000,03-49-31-000,Talugtug,Nueva Ecija,Region III (Central Luzon),Municipality,4th,R3,A,E,#N/A,#N/A,[1] Operational,[A] Operational,[1] Operational,[A] Operational,,[1] Operational,[A] Operational,,[1] Operational,[A] Operational,,[1] Operational,[A] Operational,,[1] Operational,[A] Operational,,[1] Operational,[A] Operational,,#N/A,#N/A,#N/A,#N/A,#N/A,#N/A,#N/A,#N/A,#N/A,#N/A,#N/A,#N/A,#N/A,#N/A,#N/A
"Alcantara, Cebu",,,,,07-022-01-000,07-22-01-000,Alcantara,Cebu,Region VII (Central Visayas),Municipality,5th,R7,B,J,#N/A,#N/A,[1] Operational,[A] Operational,[1] Operational,[A] Operational,,[1] Operational,[A] Operational,,[1] Operational,[A] Operational,,[1] Operational,[A] Operational,,[1] Operational,[A] Operational,,[1] Operational,[A] Operational,,#N/A,#N/A,#N/A,#N/A,#N/A,#N/A,#N/A,#N/A,#N/A,#N/A,#N/A,#N/A,#N/A,#N/A,#N/A
"Alegria, Cebu",2023,2023-01,,,07-022-03-000,07-22-03-000,Alegria,Cebu,Region VII (Central Visayas),Municipality,4th,R7,B,J,#N/A,#N/A,[1] Operational,[A] Operational,[1] Operational,[A] Operational,,[1] Operational,[A] Operational,,[1] Operational,[A] Operational,,[1] Operational,[A] Operational,,[1] Operational,[A] Operational,,[1] Operational,[A] Operational,,#N/A,#N/A,#N/A,#N/A,#N/A,#N/A,#N/A,#N/A,#N/A,#N/A,#N/A,#N/A,#N/A,#N/A,#N/A
"Aloguinsan, Cebu",2023,2023-01,,,07-022-04-000,07-22-04-000,Aloguinsan,Cebu,Region VII (Central Visayas),Municipality,4th,R7,B,J,#N/A,#N/A,[1] Operational,[A] Operational,[1] Operational,[A] Operational,,[1] Operational,[A] Operational,,[1] Operational,[A] Operational,,[1] Operational,[A] Operational,,[1] Operational,[A] Operational,,[1] Operational,[A] Operational,,#N/A,#N/A,#N/A,#N/A,#N/A,#N/A,#N/A,#N/A,#N/A,#N/A,#N/A,#N/A,#N/A,#N/A,#N/A
"Argao, Cebu",2022,2022-12,,,07-022-05-000,07-22-05-000,Argao,Cebu,Region VII (Central Visayas),Municipality,1st,R7,A,J,#N/A,#N/A,[1] Operational,[A] Operational,[1] Operational,[A] Operational,,[1] Operational,[A] Operational,,[1] Operational,[A] Operational,,[1] Operational,[A] Operational,,[1] Operational,[A] Operational,,[1] Operational,[A] Operational,,#N/A,#N/A,#N/A,#N/A,#N/A,#N/A,#N/A,#N/A,#N/A,#N/A,#N/A,#N/A,#N/A,#N/A,#N/A
"Balamban, Cebu",2023,2023-01,,,07-022-08-000,07-22-08-000,Balamban,Cebu,Region VII (Central Visayas),Municipality,1st,R7,B,J,#N/A,#N/A,[1] Operational,[A] Operational,[1] Operational,[A] Operational,,[1] Operational,[A] Operational,,[1] Operational,[A] Operational,,[1] Operational,[A] Operational,,[1] Operational,[A] Operational,,[1] Operational,[A] Operational,,#N/A,#N/A,#N/A,#N/A,#N/A,#N/A,#N/A,#N/A,#N/A,#N/A,#N/A,#N/A,#N/A,#N/A,#N/A
"Ginatilan, Cebu",2022,2022-12,,,07-022-25-000,07-22-25-000,Ginatilan,Cebu,Region VII (Central Visayas),Municipality,5th,R7,A,J,#N/A,#N/A,[1] Operational,[A] Operational,[1] Operational,[A] Operational,,[1] Operational,[A] Operational,,[1] Operational,[A] Operational,,[1] Operational,[A] Operational,,[1] Operational,[A] Operational,,[1] Operational,[A] Operational,,#N/A,#N/A,#N/A,#N/A,#N/A,#N/A,#N/A,#N/A,#N/A,#N/A,#N/A,#N/A,#N/A,#N/A,#N/A
"Pinamungajan, Cebu",2023,2023-01,,,07-022-37-000,07-22-37-000,Pinamungajan,Cebu,Region VII (Central Visayas),Municipality,2nd,R7,B,J,#N/A,#N/A,[1] Operational,[A] Operational,[1] Operational,[A] Operational,,[1] Operational,[A] Operational,,[1] Operational,[A] Operational,,[1] Operational,[A] Operational,,[1] Operational,[A] Operational,,[1] Operational,[A] Operational,,#N/A,#N/A,#N/A,#N/A,#N/A,#N/A,#N/A,#N/A,#N/A,#N/A,#N/A,#N/A,#N/A,#N/A,#N/A
"San Remigio, Cebu",2023,2023-01,,,07-022-43-000,07-22-43-000,San Remigio,Cebu,Region VII (Central Visayas),Municipality,3rd,R7,B,J,#N/A,#N/A,[1] Operational,[A] Operational,[1] Operational,[A] Operational,,[1] Operational,[A] Operational,,[1] Operational,[A] Operational,,[1] Operational,[A] Operational,,[1] Operational,[A] Operational,,[1] Operational,[A] Operational,,#N/A,#N/A,#N/A,#N/A,#N/A,#N/A,#N/A,#N/A,#N/A,#N/A,#N/A,#N/A,#N/A,#N/A,#N/A
"Sogod, Cebu",2021,2022-12,,,07-022-47-000,07-22-47-000,Sogod,Cebu,Region VII (Central Visayas),Municipality,4th*,R7,A,J,#N/A,#N/A,[1] Operational,[A] Operational,[1] Operational,[A] Operational,,[1] Operational,[A] Operational,,[1] Operational,[A] Operational,,[1] Operational,[A] Operational,,[1] Operational,[A] Operational,,[1] Operational,[A] Operational,,#N/A,#N/A,#N/A,#N/A,#N/A,#N/A,#N/A,#N/A,#N/A,#N/A,#N/A,#N/A,#N/A,#N/A,#N/A
"Tuburan, Cebu",2023,2023-01,,,07-022-52-000,07-22-52-000,Tuburan,Cebu,Region VII (Central Visayas),Municipality,2nd,R7,B,J,#N/A,#N/A,[1] Operational,[A] Operational,[1] Operational,[A] Operational,,[1] Operational,[A] Operational,,[1] Operational,[A] Operational,,[1] Operational,[A] Operational,,[1] Operational,[A] Operational,,[1] Operational,[A] Operational,,#N/A,#N/A,#N/A,#N/A,#N/A,#N/A,#N/A,#N/A,#N/A,#N/A,#N/A,#N/A,#N/A,#N/A,#N/A
"Agoncillo, Batangas",2022,2022-12,,,04-010-01-000,04-10-01-000,Agoncillo,Batangas,Region IV-A (CALABARZON),Municipality,4th,R4A,A,F,#N/A,#N/A,[1] Operational,[A] Operational,[1] Operational,[A] Operational,,[1] Operational,[A] Operational,,[1] Operational,[A] Operational,,[1] Operational,[A] Operational,,[1] Operational,[A] Operational,,[1] Operational,[A] Operational,,#N/A,#N/A,#N/A,#N/A,#N/A,#N/A,#N/A,#N/A,#N/A,#N/A,#N/A,#N/A,#N/A,#N/A,#N/A
"Alabat, Quezon",2023,2023-02,,,04-056-02-000,04-56-02-000,Alabat,Quezon,Region IV-A (CALABARZON),Municipality,5th,R4A,B,F,#N/A,#N/A,[1] Operational,[A] Operational,[1] Operational,[A] Operational,,[1] Operational,[A] Operational,,[1] Operational,[A] Operational,,[1] Operational,[A] Operational,,[1] Operational,[A] Operational,,[1] Operational,[A] Operational,,#N/A,#N/A,#N/A,#N/A,#N/A,#N/A,#N/A,#N/A,#N/A,#N/A,#N/A,#N/A,#N/A,#N/A,#N/A
"Alfonso, Cavite",2022,2022-12,12/02/2022,12/02/2022,04-021-01-000,04-21-01-000,Alfonso,Cavite,Region IV-A (CALABARZON),Municipality,1st,R4A,A,F,#N/A,#N/A,[1] Operational,[A] Operational,[1] Operational,[A] Operational,,[1] Operational,[A] Operational,,[1] Operational,[A] Operational,,[1] Operational,[A] Operational,,[1] Operational,[A] Operational,,[1] Operational,[A] Operational,,#N/A,#N/A,#N/A,#N/A,#N/A,#N/A,#N/A,#N/A,#N/A,#N/A,#N/A,#N/A,#N/A,#N/A,#N/A
"Alitagtag, Batangas",2022,2022-12,,,04-010-02-000,04-10-02-000,Alitagtag,Batangas,Region IV-A (CALABARZON),Municipality,4th,R4A,A,F,#N/A,#N/A,[1] Operational,[A] Operational,[1] Operational,[A] Operational,,[1] Operational,[A] Operational,,[1] Operational,[A] Operational,,[1] Operational,[A] Operational,,[1] Operational,[A] Operational,,[1] Operational,[A] Operational,,#N/A,#N/A,#N/A,#N/A,#N/A,#N/A,#N/A,#N/A,#N/A,#N/A,#N/A,#N/A,#N/A,#N/A,#N/A
"Calauag, Quezon",2021,2022-12,,,04-056-07-000,04-56-07-000,Calauag,Quezon,Region IV-A (CALABARZON),Municipality,1st,R4A,A,F,#N/A,#N/A,[1] Operational,[A] Operational,[1] Operational,[A] Operational,,[1] Operational,[A] Operational,,[1] Operational,[A] Operational,,[1] Operational,[A] Operational,,[1] Operational,[A] Operational,,[1] Operational,[A] Operational,,#N/A,#N/A,#N/A,#N/A,#N/A,#N/A,#N/A,#N/A,#N/A,#N/A,#N/A,#N/A,#N/A,#N/A,#N/A
"Cardona, Rizal",2023,2023-01,,,04-058-06-000,04-58-06-000,Cardona,Rizal,Region IV-A (CALABARZON),Municipality,3rd,R4A,B,F,#N/A,#N/A,[1] Operational,[A] Operational,[1] Operational,[A] Operational,,[1] Operational,[A] Operational,,[1] Operational,[A] Operational,,[1] Operational,[A] Operational,,[1] Operational,[A] Operational,,[1] Operational,[A] Operational,,#N/A,#N/A,#N/A,#N/A,#N/A,#N/A,#N/A,#N/A,#N/A,#N/A,#N/A,#N/A,#N/A,#N/A,#N/A
"Infanta, Quezon",2023,2023-01,,,04-056-20-000,04-56-20-000,Infanta,Quezon,Region IV-A (CALABARZON),Municipality,1st,R4A,B,F,#N/A,#N/A,[1] Operational,[A] Operational,[1] Operational,[A] Operational,,[1] Operational,[A] Operational,,[1] Operational,[A] Operational,,[1] Operational,[A] Operational,,[1] Operational,[A] Operational,,[1] Operational,[A] Operational,,#N/A,#N/A,#N/A,#N/A,#N/A,#N/A,#N/A,#N/A,#N/A,#N/A,#N/A,#N/A,#N/A,#N/A,#N/A
"Lobo, Batangas",,,,,04-010-15-000,04-10-15-000,Lobo,Batangas,Region IV-A (CALABARZON),Municipality,3rd,R4A,B,F,#N/A,#N/A,[1] Operational,[A] Operational,[1] Operational,[A] Operational,,[1] Operational,[A] Operational,,[1] Operational,[A] Operational,,[1] Operational,[A] Operational,,[1] Operational,[A] Operational,,[1] Operational,[A] Operational,,#N/A,#N/A,#N/A,#N/A,#N/A,#N/A,#N/A,#N/A,#N/A,#N/A,#N/A,#N/A,#N/A,#N/A,#N/A
"Lopez, Quezon",2022,2022-12,,,04-056-22-000,04-56-22-000,Lopez,Quezon,Region IV-A (CALABARZON),Municipality,1st,R4A,A,F,#N/A,#N/A,[1] Operational,[A] Operational,[1] Operational,[A] Operational,,[1] Operational,[A] Operational,,[1] Operational,[A] Operational,,[1] Operational,[A] Operational,,[1] Operational,[A] Operational,,[1] Operational,[A] Operational,,#N/A,#N/A,#N/A,#N/A,#N/A,#N/A,#N/A,#N/A,#N/A,#N/A,#N/A,#N/A,#N/A,#N/A,#N/A
"Lumban, Laguna",2023,2023-01,,,04-034-13-000,04-34-13-000,Lumban,Laguna,Region IV-A (CALABARZON),Municipality,3rd,R4A,B,F,#N/A,#N/A,[1] Operational,[A] Operational,[1] Operational,[A] Operational,,[1] Operational,[A] Operational,,[1] Operational,[A] Operational,,[1] Operational,[A] Operational,,[1] Operational,[A] Operational,,[1] Operational,[A] Operational,,#N/A,#N/A,#N/A,#N/A,#N/A,#N/A,#N/A,#N/A,#N/A,#N/A,#N/A,#N/A,#N/A,#N/A,#N/A
"Magallanes, Cavite",2023,2023-01,,,04-021-12-000,04-21-12-000,Magallanes,Cavite,Region IV-A (CALABARZON),Municipality,4th,R4A,B,F,#N/A,#N/A,[1] Operational,[A] Operational,[1] Operational,[A] Operational,,[1] Operational,[A] Operational,,[1] Operational,[A] Operational,,[1] Operational,[A] Operational,,[1] Operational,[A] Operational,,[1] Operational,[A] Operational,,#N/A,#N/A,#N/A,#N/A,#N/A,#N/A,#N/A,#N/A,#N/A,#N/A,#N/A,#N/A,#N/A,#N/A,#N/A
"Naic, Cavite",2023,2023-06,,,04-021-15-000,04-21-15-000,Naic,Cavite,Region IV-A (CALABARZON),Municipality,1st,R4A,B,F,#N/A,#N/A,[1] Operational,[A] Operational,[1] Operational,[A] Operational,,[1] Operational,[A] Operational,,[1] Operational,[A] Operational,,[1] Operational,[A] Operational,,[1] Operational,[A] Operational,,[1] Operational,[A] Operational,,#N/A,#N/A,#N/A,#N/A,#N/A,#N/A,#N/A,#N/A,#N/A,#N/A,#N/A,#N/A,#N/A,#N/A,#N/A
"Noveleta, Cavite",2023,2023-06,,,04-021-16-000,04-21-16-000,Noveleta,Cavite,Region IV-A (CALABARZON),Municipality,3rd,R4A,B,F,#N/A,#N/A,[1] Operational,[A] Operational,[1] Operational,[A] Operational,,[1] Operational,[A] Operational,,[1] Operational,[A] Operational,,[1] Operational,[A] Operational,,[1] Operational,[A] Operational,,[1] Operational,[A] Operational,,#N/A,#N/A,#N/A,#N/A,#N/A,#N/A,#N/A,#N/A,#N/A,#N/A,#N/A,#N/A,#N/A,#N/A,#N/A
"Paete, Laguna",2022,2022-12,,,04-034-18-000,04-34-18-000,Paete,Laguna,Region IV-A (CALABARZON),Municipality,4th,R4A,A,F,#N/A,#N/A,[1] Operational,[A] Operational,[1] Operational,[A] Operational,,[1] Operational,[A] Operational,,[1] Operational,[A] Operational,,[1] Operational,[A] Operational,,[1] Operational,[A] Operational,,[1] Operational,[A] Operational,,#N/A,#N/A,#N/A,#N/A,#N/A,#N/A,#N/A,#N/A,#N/A,#N/A,#N/A,#N/A,#N/A,#N/A,#N/A
"Rizal, Laguna",2022,2022-12,,,04-034-23-000,04-34-23-000,Rizal,Laguna,Region IV-A (CALABARZON),Municipality,5th,R4A,A,F,#N/A,#N/A,[1] Operational,[A] Operational,[1] Operational,[A] Operational,,[1] Operational,[A] Operational,,[1] Operational,[A] Operational,,[1] Operational,[A] Operational,,[1] Operational,[A] Operational,,[1] Operational,[A] Operational,,#N/A,#N/A,#N/A,#N/A,#N/A,#N/A,#N/A,#N/A,#N/A,#N/A,#N/A,#N/A,#N/A,#N/A,#N/A
"Sampaloc, Quezon",2023,2023-01,,,04-056-39-000,04-56-39-000,Sampaloc,Quezon,Region IV-A (CALABARZON),Municipality,5th,R4A,B,F,#N/A,#N/A,[1] Operational,[A] Operational,[1] Operational,[A] Operational,,[1] Operational,[A] Operational,,[1] Operational,[A] Operational,,[1] Operational,[A] Operational,,[1] Operational,[A] Operational,,[1] Operational,[A] Operational,,#N/A,#N/A,#N/A,#N/A,#N/A,#N/A,#N/A,#N/A,#N/A,#N/A,#N/A,#N/A,#N/A,#N/A,#N/A
"San Nicolas, Batangas",2021,2022-12,,,04-010-25-000,04-10-25-000,San Nicolas,Batangas,Region IV-A (CALABARZON),Municipality,5th,R4A,A,F,#N/A,#N/A,[1] Operational,[A] Operational,[1] Operational,[A] Operational,,[1] Operational,[A] Operational,,[1] Operational,[A] Operational,,[1] Operational,[A] Operational,,[1] Operational,[A] Operational,,[1] Operational,[A] Operational,,#N/A,#N/A,#N/A,#N/A,#N/A,#N/A,#N/A,#N/A,#N/A,#N/A,#N/A,#N/A,#N/A,#N/A,#N/A
"San Pascual, Batangas",2023,2023-02,,,04-010-26-000,04-10-26-000,San Pascual,Batangas,Region IV-A (CALABARZON),Municipality,1st,R4A,B,F,#N/A,#N/A,[1] Operational,[A] Operational,[1] Operational,[A] Operational,,[1] Operational,[A] Operational,,[1] Operational,[A] Operational,,[1] Operational,[A] Operational,,[1] Operational,[A] Operational,,[1] Operational,[A] Operational,,#N/A,#N/A,#N/A,#N/A,#N/A,#N/A,#N/A,#N/A,#N/A,#N/A,#N/A,#N/A,#N/A,#N/A,#N/A
"Santa Teresita, Batangas",2023,2023-02,,,04-010-27-000,04-10-27-000,Santa Teresita,Batangas,Region IV-A (CALABARZON),Municipality,5th,R4A,B,F,#N/A,#N/A,[1] Operational,[A] Operational,[1] Operational,[A] Operational,,[1] Operational,[A] Operational,,[1] Operational,[A] Operational,,[1] Operational,[A] Operational,,[1] Operational,[A] Operational,,[1] Operational,[A] Operational,,#N/A,#N/A,#N/A,#N/A,#N/A,#N/A,#N/A,#N/A,#N/A,#N/A,#N/A,#N/A,#N/A,#N/A,#N/A
"Siniloan, Laguna",2022,2022-12,,,04-034-29-000,04-34-29-000,Siniloan,Laguna,Region IV-A (CALABARZON),Municipality,2nd,R4A,A,F,#N/A,#N/A,[1] Operational,[A] Operational,[1] Operational,[A] Operational,,[1] Operational,[A] Operational,,[1] Operational,[A] Operational,,[1] Operational,[A] Operational,,[1] Operational,[A] Operational,,[1] Operational,[A] Operational,,#N/A,#N/A,#N/A,#N/A,#N/A,#N/A,#N/A,#N/A,#N/A,#N/A,#N/A,#N/A,#N/A,#N/A,#N/A
"Tanza, Cavite",2021,2022-12,,,04-021-20-000,04-21-20-000,Tanza,Cavite,Region IV-A (CALABARZON),Municipality,1st,R4A,A,F,#N/A,#N/A,[1] Operational,[A] Operational,[1] Operational,[A] Operational,,[1] Operational,[A] Operational,,[1] Operational,[A] Operational,,[1] Operational,[A] Operational,,[1] Operational,[A] Operational,,[1] Operational,[A] Operational,,#N/A,#N/A,#N/A,#N/A,#N/A,#N/A,#N/A,#N/A,#N/A,#N/A,#N/A,#N/A,#N/A,#N/A,#N/A
"Busuanga, Palawan",2022,2022-12,,,17-053-07-000,17-53-07-000,Busuanga,Palawan,MIMAROPA Region,Municipality,3rd,R4B,A,G,#N/A,#N/A,[1] Operational,[A] Operational,[1] Operational,[A] Operational,,[1] Operational,[A] Operational,,[1] Operational,[A] Operational,,[1] Operational,[A] Operational,,[1] Operational,[A] Operational,,[1] Operational,[A] Operational,,#N/A,#N/A,#N/A,#N/A,#N/A,#N/A,#N/A,#N/A,#N/A,#N/A,#N/A,#N/A,#N/A,#N/A,#N/A
"Calintaan, Occidental Mindoro",2022,2022-12,,,17-051-02-000,17-51-02-000,Calintaan,Occidental Mindoro,MIMAROPA Region,Municipality,3rd,R4B,A,G,#N/A,#N/A,[1] Operational,[A] Operational,[1] Operational,[A] Operational,,[1] Operational,[A] Operational,,[1] Operational,[A] Operational,,[1] Operational,[A] Operational,,[1] Operational,[A] Operational,,[1] Operational,[A] Operational,,#N/A,#N/A,#N/A,#N/A,#N/A,#N/A,#N/A,#N/A,#N/A,#N/A,#N/A,#N/A,#N/A,#N/A,#N/A
"Coron, Palawan",2023,2023-01,,,17-053-09-000,17-53-09-000,Coron,Palawan,MIMAROPA Region,Municipality,1st,R4B,B,G,#N/A,#N/A,[1] Operational,[A] Operational,[1] Operational,[A] Operational,,[1] Operational,[A] Operational,,[1] Operational,[A] Operational,,[1] Operational,[A] Operational,,[1] Operational,[A] Operational,,[1] Operational,[A] Operational,,#N/A,#N/A,#N/A,#N/A,#N/A,#N/A,#N/A,#N/A,#N/A,#N/A,#N/A,#N/A,#N/A,#N/A,#N/A
"Culion, Palawan",2022,2022-12,,,17-053-22-000,17-53-22-000,Culion,Palawan,MIMAROPA Region,Municipality,3rd,R4B,A,G,#N/A,#N/A,[1] Operational,[A] Operational,[1] Operational,[A] Operational,,[1] Operational,[A] Operational,,[1] Operational,[A] Operational,,[1] Operational,[A] Operational,,[1] Operational,[A] Operational,,[1] Operational,[A] Operational,,#N/A,#N/A,#N/A,#N/A,#N/A,#N/A,#N/A,#N/A,#N/A,#N/A,#N/A,#N/A,#N/A,#N/A,#N/A
"Ferrol, Romblon",2022,2022-12,,,17-059-16-000,17-59-16-000,Ferrol,Romblon,MIMAROPA Region,Municipality,6th,R4B,A,G,#N/A,#N/A,[1] Operational,[A] Operational,[1] Operational,[A] Operational,,[1] Operational,[A] Operational,,[1] Operational,[A] Operational,,[1] Operational,[A] Operational,,[1] Operational,[A] Operational,,[1] Operational,[A] Operational,,#N/A,#N/A,#N/A,#N/A,#N/A,#N/A,#N/A,#N/A,#N/A,#N/A,#N/A,#N/A,#N/A,#N/A,#N/A
"Looc, Romblon",2023,2023-02,,,17-059-07-000,17-59-07-000,Looc,Romblon,MIMAROPA Region,Municipality,4th,R4B,B,G,#N/A,#N/A,[1] Operational,[A] Operational,[1] Operational,[A] Operational,,[1] Operational,[A] Operational,,[1] Operational,[A] Operational,,[1] Operational,[A] Operational,,[1] Operational,[A] Operational,,[1] Operational,[A] Operational,,#N/A,#N/A,#N/A,#N/A,#N/A,#N/A,#N/A,#N/A,#N/A,#N/A,#N/A,#N/A,#N/A,#N/A,#N/A
"Pinamalayan, Oriental Mindoro",,,,,17-052-09-000,17-52-09-000,Pinamalayan,Oriental Mindoro,MIMAROPA Region,Municipality,1st,R4B,B,G,#N/A,#N/A,[1] Operational,[A] Operational,[1] Operational,[A] Operational,,[1] Operational,[A] Operational,,[1] Operational,[A] Operational,,[1] Operational,[A] Operational,,[1] Operational,[A] Operational,,[1] Operational,[A] Operational,,#N/A,#N/A,#N/A,#N/A,#N/A,#N/A,#N/A,#N/A,#N/A,#N/A,#N/A,#N/A,#N/A,#N/A,#N/A
"Quezon, Palawan",2021,2022-12,,,17-053-17-000,17-53-17-000,Quezon,Palawan,MIMAROPA Region,Municipality,1st,R4B,A,G,#N/A,#N/A,[1] Operational,[A] Operational,[1] Operational,[A] Operational,,[1] Operational,[A] Operational,,[1] Operational,[A] Operational,,[1] Operational,[A] Operational,,[1] Operational,[A] Operational,,[1] Operational,[A] Operational,,#N/A,#N/A,#N/A,#N/A,#N/A,#N/A,#N/A,#N/A,#N/A,#N/A,#N/A,#N/A,#N/A,#N/A,#N/A
"Rizal, Occidental Mindoro",2023,2023-03,,,17-051-08-000,17-51-08-000,Rizal,Occidental Mindoro,MIMAROPA Region,Municipality,3rd,R4B,B,G,#N/A,#N/A,[2] Ongoing Testing and Data Build-up,[B] Developmental,[2] Ongoing Testing and Data Build-up,[B] Developmental,,[2] Ongoing Testing and Data Build-up,[B] Developmental,,[2] Ongoing Testing and Data Build-up,[B] Developmental,,[2] Ongoing Testing and Data Build-up,[B] Developmental,,[2] Ongoing Testing and Data Build-up,[B] Developmental,,[2] Ongoing Testing and Data Build-up,[B] Developmental,,#N/A,#N/A,#N/A,#N/A,#N/A,#N/A,#N/A,#N/A,#N/A,#N/A,#N/A,#N/A,#N/A,#N/A,#N/A
"Rizal, Palawan",,,,,17-053-23-000,17-53-23-000,Rizal,Palawan,MIMAROPA Region,Municipality,1st,R4B,B,G,#N/A,#N/A,[1] Operational,[A] Operational,[1] Operational,[A] Operational,,[1] Operational,[A] Operational,,[1] Operational,[A] Operational,,[1] Operational,[A] Operational,,[1] Operational,[A] Operational,,[1] Operational,[A] Operational,,#N/A,#N/A,#N/A,#N/A,#N/A,#N/A,#N/A,#N/A,#N/A,#N/A,#N/A,#N/A,#N/A,#N/A,#N/A
"San Jose, Occidental Mindoro",2021,2022-12,,,17-051-10-000,17-51-10-000,San Jose,Occidental Mindoro,MIMAROPA Region,Municipality,1st,R4B,A,G,#N/A,#N/A,[1] Operational,[A] Operational,[1] Operational,[A] Operational,,[1] Operational,[A] Operational,,[1] Operational,[A] Operational,,[1] Operational,[A] Operational,,[1] Operational,[A] Operational,,[1] Operational,[A] Operational,,#N/A,#N/A,#N/A,#N/A,#N/A,#N/A,#N/A,#N/A,#N/A,#N/A,#N/A,#N/A,#N/A,#N/A,#N/A
"San Jose, Romblon",2023,2023-04,,,17-059-14-000,17-59-14-000,San Jose,Romblon,MIMAROPA Region,Municipality,5th,R4B,B,G,#N/A,#N/A,[1] Operational,[A] Operational,[1] Operational,[A] Operational,,[1] Operational,[A] Operational,,[1] Operational,[A] Operational,,[1] Operational,[A] Operational,,[1] Operational,[A] Operational,,[1] Operational,[A] Operational,,#N/A,#N/A,#N/A,#N/A,#N/A,#N/A,#N/A,#N/A,#N/A,#N/A,#N/A,#N/A,#N/A,#N/A,#N/A
"Santa Cruz, Marinduque",2023,2023-04,,,17-040-05-000,17-40-05-000,Santa Cruz,Marinduque,MIMAROPA Region,Municipality,1st,R4B,B,G,#N/A,#N/A,[1] Operational,[A] Operational,[1] Operational,[A] Operational,,[1] Operational,[A] Operational,,[1] Operational,[A] Operational,,[1] Operational,[A] Operational,,[1] Operational,[A] Operational,,[1] Operational,[A] Operational,,#N/A,#N/A,#N/A,#N/A,#N/A,#N/A,#N/A,#N/A,#N/A,#N/A,#N/A,#N/A,#N/A,#N/A,#N/A
"Anilao, Iloilo",2022,2022-12,,,06-030-03-000,06-30-03-000,Anilao,Iloilo,Region VI (Western Visayas),Municipality,4th,R6,A,I,#N/A,#N/A,[1] Operational,[A] Operational,[1] Operational,[A] Operational,,[1] Operational,[A] Operational,,[1] Operational,[A] Operational,,[1] Operational,[A] Operational,,[1] Operational,[A] Operational,,[1] Operational,[A] Operational,,#N/A,#N/A,#N/A,#N/A,#N/A,#N/A,#N/A,#N/A,#N/A,#N/A,#N/A,#N/A,#N/A,#N/A,#N/A
"Cabatuan, Iloilo",2023,2023-02,,,06-030-12-000,06-30-12-000,Cabatuan,Iloilo,Region VI (Western Visayas),Municipality,2nd,R6,B,I,#N/A,#N/A,[1] Operational,[A] Operational,[1] Operational,[A] Operational,,[1] Operational,[A] Operational,,[1] Operational,[A] Operational,,[1] Operational,[A] Operational,,[1] Operational,[A] Operational,,[1] Operational,[A] Operational,,#N/A,#N/A,#N/A,#N/A,#N/A,#N/A,#N/A,#N/A,#N/A,#N/A,#N/A,#N/A,#N/A,#N/A,#N/A
"City of Escalante, Negros Occidental",2022,2022-12,,,06-045-09-000,06-45-09-000,City of Escalante,Negros Occidental,Region VI (Western Visayas),City,4th,R6,A,I,#N/A,#N/A,[1] Operational,[A] Operational,[1] Operational,[A] Operational,,[1] Operational,[A] Operational,,[1] Operational,[A] Operational,,[1] Operational,[A] Operational,,[1] Operational,[A] Operational,,[1] Operational,[A] Operational,,#N/A,#N/A,#N/A,#N/A,#N/A,#N/A,#N/A,#N/A,#N/A,#N/A,#N/A,#N/A,#N/A,#N/A,#N/A
"City of Himamaylan, Negros Occidental",,,,,06-045-10-000,06-45-10-000,City of Himamaylan,Negros Occidental,Region VI (Western Visayas),City,3rd,R6,B,I,#N/A,#N/A,[1] Operational,[A] Operational,[1] Operational,[A] Operational,,[1] Operational,[A] Operational,,[1] Operational,[A] Operational,,[1] Operational,[A] Operational,,[1] Operational,[A] Operational,,[1] Operational,[A] Operational,,#N/A,#N/A,#N/A,#N/A,#N/A,#N/A,#N/A,#N/A,#N/A,#N/A,#N/A,#N/A,#N/A,#N/A,#N/A
"City of La Carlota, Negros Occidental",2021,2022-12,,,06-045-16-000,06-45-16-000,City of La Carlota,Negros Occidental,Region VI (Western Visayas),City,4th,R6,A,I,#N/A,#N/A,[1] Operational,[A] Operational,[1] Operational,[A] Operational,,[1] Operational,[A] Operational,,[1] Operational,[A] Operational,,[1] Operational,[A] Operational,,[1] Operational,[A] Operational,,[1] Operational,[A] Operational,,#N/A,#N/A,#N/A,#N/A,#N/A,#N/A,#N/A,#N/A,#N/A,#N/A,#N/A,#N/A,#N/A,#N/A,#N/A
"City of Sipalay, Negros Occidental",2022,2022-12,,,06-045-27-000,06-45-27-000,City of Sipalay,Negros Occidental,Region VI (Western Visayas),City,4th,R6,A,I,#N/A,#N/A,[1] Operational,[A] Operational,[1] Operational,[A] Operational,,[1] Operational,[A] Operational,,[1] Operational,[A] Operational,,[1] Operational,[A] Operational,,[1] Operational,[A] Operational,,[1] Operational,[A] Operational,,#N/A,#N/A,#N/A,#N/A,#N/A,#N/A,#N/A,#N/A,#N/A,#N/A,#N/A,#N/A,#N/A,#N/A,#N/A
"Concepcion, Iloilo",2022,2022-12,,,06-030-15-000,06-30-15-000,Concepcion,Iloilo,Region VI (Western Visayas),Municipality,3rd,R6,A,I,#N/A,#N/A,[1] Operational,[A] Operational,[1] Operational,[A] Operational,,[1] Operational,[A] Operational,,[1] Operational,[A] Operational,,[1] Operational,[A] Operational,,[1] Operational,[A] Operational,,[1] Operational,[A] Operational,,#N/A,#N/A,#N/A,#N/A,#N/A,#N/A,#N/A,#N/A,#N/A,#N/A,#N/A,#N/A,#N/A,#N/A,#N/A
"Cuartero, Capiz",2023,2023-01,,,06-019-01-000,06-19-01-000,Cuartero,Capiz,Region VI (Western Visayas),Municipality,4th,R6,B,I,#N/A,#N/A,[1] Operational,[A] Operational,[1] Operational,[A] Operational,,[1] Operational,[A] Operational,,[1] Operational,[A] Operational,,[1] Operational,[A] Operational,,[1] Operational,[A] Operational,,[1] Operational,[A] Operational,,#N/A,#N/A,#N/A,#N/A,#N/A,#N/A,#N/A,#N/A,#N/A,#N/A,#N/A,#N/A,#N/A,#N/A,#N/A
"Dumarao, Capiz",2021,2022-12,,,06-019-04-000,06-19-04-000,Dumarao,Capiz,Region VI (Western Visayas),Municipality,2nd,R6,A,I,#N/A,#N/A,[1] Operational,[A] Operational,[1] Operational,[A] Operational,,[1] Operational,[A] Operational,,[1] Operational,[A] Operational,,[1] Operational,[A] Operational,,[1] Operational,[A] Operational,,[1] Operational,[A] Operational,,#N/A,#N/A,#N/A,#N/A,#N/A,#N/A,#N/A,#N/A,#N/A,#N/A,#N/A,#N/A,#N/A,#N/A,#N/A
"New Lucena, Iloilo",,,,,06-030-32-000,06-30-32-000,New Lucena,Iloilo,Region VI (Western Visayas),Municipality,4th,R6,B,I,#N/A,#N/A,[1] Operational,[A] Operational,[1] Operational,[A] Operational,,[1] Operational,[A] Operational,,[1] Operational,[A] Operational,,[1] Operational,[A] Operational,,[1] Operational,[A] Operational,,[1] Operational,[A] Operational,,#N/A,#N/A,#N/A,#N/A,#N/A,#N/A,#N/A,#N/A,#N/A,#N/A,#N/A,#N/A,#N/A,#N/A,#N/A
"Oton, Iloilo",,,,,06-030-34-000,06-30-34-000,Oton,Iloilo,Region VI (Western Visayas),Municipality,1st,R6,B,I,#N/A,#N/A,[1] Operational,[A] Operational,[1] Operational,[A] Operational,,[1] Operational,[A] Operational,,[1] Operational,[A] Operational,,[1] Operational,[A] Operational,,[1] Operational,[A] Operational,,[1] Operational,[A] Operational,,#N/A,#N/A,#N/A,#N/A,#N/A,#N/A,#N/A,#N/A,#N/A,#N/A,#N/A,#N/A,#N/A,#N/A,#N/A
"Pandan, Antique",,,,,06-006-11-000,06-06-11-000,Pandan,Antique,Region VI (Western Visayas),Municipality,4th,R6,B,I,#N/A,#N/A,[1] Operational,[A] Operational,[1] Operational,[A] Operational,,[1] Operational,[A] Operational,,[1] Operational,[A] Operational,,[1] Operational,[A] Operational,,[1] Operational,[A] Operational,,[1] Operational,[A] Operational,,#N/A,#N/A,#N/A,#N/A,#N/A,#N/A,#N/A,#N/A,#N/A,#N/A,#N/A,#N/A,#N/A,#N/A,#N/A
"San Miguel, Iloilo",,,,,06-030-41-000,06-30-41-000,San Miguel,Iloilo,Region VI (Western Visayas),Municipality,4th,R6,B,I,#N/A,#N/A,[1] Operational,[A] Operational,[1] Operational,[A] Operational,,[1] Operational,[A] Operational,,[1] Operational,[A] Operational,,[1] Operational,[A] Operational,,[1] Operational,[A] Operational,,[1] Operational,[A] Operational,,#N/A,#N/A,#N/A,#N/A,#N/A,#N/A,#N/A,#N/A,#N/A,#N/A,#N/A,#N/A,#N/A,#N/A,#N/A
"Santa Barbara, Iloilo",2023,2023-02,,,06-030-43-000,06-30-43-000,Santa Barbara,Iloilo,Region VI (Western Visayas),Municipality,2nd,R6,B,I,#N/A,#N/A,[1] Operational,[A] Operational,[1] Operational,[A] Operational,,[1] Operational,[A] Operational,,[1] Operational,[A] Operational,,[1] Operational,[A] Operational,,[1] Operational,[A] Operational,,[1] Operational,[A] Operational,,#N/A,#N/A,#N/A,#N/A,#N/A,#N/A,#N/A,#N/A,#N/A,#N/A,#N/A,#N/A,#N/A,#N/A,#N/A
"Sara, Iloilo",,,,,06-030-44-000,06-30-44-000,Sara,Iloilo,Region VI (Western Visayas),Municipality,2nd,R6,B,I,#N/A,#N/A,[1] Operational,[A] Operational,[1] Operational,[A] Operational,,[1] Operational,[A] Operational,,[1] Operational,[A] Operational,,[1] Operational,[A] Operational,,[1] Operational,[A] Operational,,[1] Operational,[A] Operational,,#N/A,#N/A,#N/A,#N/A,#N/A,#N/A,#N/A,#N/A,#N/A,#N/A,#N/A,#N/A,#N/A,#N/A,#N/A
"Sebaste, Antique",2022,2022-12,,,06-006-15-000,06-06-15-000,Sebaste,Antique,Region VI (Western Visayas),Municipality,4th,R6,A,I,#N/A,#N/A,[1] Operational,[A] Operational,[1] Operational,[A] Operational,,[1] Operational,[A] Operational,,[1] Operational,[A] Operational,,[1] Operational,[A] Operational,,[1] Operational,[A] Operational,,[1] Operational,[A] Operational,,#N/A,#N/A,#N/A,#N/A,#N/A,#N/A,#N/A,#N/A,#N/A,#N/A,#N/A,#N/A,#N/A,#N/A,#N/A
"Tangalan, Aklan",,,,,06-004-17-000,06-04-17-000,Tangalan,Aklan,Region VI (Western Visayas),Municipality,5th,R6,B,I,#N/A,#N/A,[1] Operational,[A] Operational,[1] Operational,[A] Operational,,[1] Operational,[A] Operational,,[1] Operational,[A] Operational,,[1] Operational,[A] Operational,,[1] Operational,[A] Operational,,[1] Operational,[A] Operational,,#N/A,#N/A,#N/A,#N/A,#N/A,#N/A,#N/A,#N/A,#N/A,#N/A,#N/A,#N/A,#N/A,#N/A,#N/A
"Albuera, Leyte",,,,,08-037-03-000,08-37-03-000,Albuera,Leyte,Region VIII (Eastern Visayas),Municipality,3rd*,R8,B,K,#N/A,#N/A,[1] Operational,[A] Operational,[1] Operational,[A] Operational,,[1] Operational,[A] Operational,,[1] Operational,[A] Operational,,[1] Operational,[A] Operational,,[1] Operational,[A] Operational,,[1] Operational,[A] Operational,,#N/A,#N/A,#N/A,#N/A,#N/A,#N/A,#N/A,#N/A,#N/A,#N/A,#N/A,#N/A,#N/A,#N/A,#N/A
"Anahawan, Southern Leyte",,,,,08-064-01-000,08-64-01-000,Anahawan,Southern Leyte,Region VIII (Eastern Visayas),Municipality,5th,R8,B,K,#N/A,#N/A,[1] Operational,[A] Operational,[1] Operational,[A] Operational,,[1] Operational,[A] Operational,,[1] Operational,[A] Operational,,[1] Operational,[A] Operational,,[1] Operational,[A] Operational,,[1] Operational,[A] Operational,,#N/A,#N/A,#N/A,#N/A,#N/A,#N/A,#N/A,#N/A,#N/A,#N/A,#N/A,#N/A,#N/A,#N/A,#N/A
"Balangkayan, Eastern Samar",,,,,08-026-03-000,08-26-03-000,Balangkayan,Eastern Samar,Region VIII (Eastern Visayas),Municipality,5th,R8,B,K,#N/A,#N/A,[1] Operational,[A] Operational,[1] Operational,[A] Operational,,[1] Operational,[A] Operational,,[1] Operational,[A] Operational,,[1] Operational,[A] Operational,,[1] Operational,[A] Operational,,[1] Operational,[A] Operational,,#N/A,#N/A,#N/A,#N/A,#N/A,#N/A,#N/A,#N/A,#N/A,#N/A,#N/A,#N/A,#N/A,#N/A,#N/A
"Barugo, Leyte",2022,2022-12,,,08-037-06-000,08-37-06-000,Barugo,Leyte,Region VIII (Eastern Visayas),Municipality,4th,R8,A,K,#N/A,#N/A,[4] Withdraw,[D] Withdraw,[4] Withdraw,[D] Withdraw,,[4] Withdraw,[D] Withdraw,,[4] Withdraw,[D] Withdraw,,[4] Withdraw,[D] Withdraw,,[4] Withdraw,[D] Withdraw,,[4] Withdraw,[D] Withdraw,,#N/A,#N/A,#N/A,#N/A,#N/A,#N/A,#N/A,#N/A,#N/A,#N/A,#N/A,#N/A,#N/A,#N/A,#N/A
"Biliran, Biliran",,,,,08-078-02-000,08-78-02-000,Biliran,Biliran,Region VIII (Eastern Visayas),Municipality,5th,R8,B,K,#N/A,#N/A,[1] Operational,[A] Operational,[1] Operational,[A] Operational,,[1] Operational,[A] Operational,,[1] Operational,[A] Operational,,[1] Operational,[A] Operational,,[1] Operational,[A] Operational,,[1] Operational,[A] Operational,,#N/A,#N/A,#N/A,#N/A,#N/A,#N/A,#N/A,#N/A,#N/A,#N/A,#N/A,#N/A,#N/A,#N/A,#N/A
"Bobon, Northern Samar",2022,2022-12,,,08-048-03-000,08-48-03-000,Bobon,Northern Samar,Region VIII (Eastern Visayas),Municipality,4th,R8,A,K,#N/A,#N/A,[1] Operational,[A] Operational,[1] Operational,[A] Operational,,[1] Operational,[A] Operational,,[1] Operational,[A] Operational,,[1] Operational,[A] Operational,,[1] Operational,[A] Operational,,[1] Operational,[A] Operational,,#N/A,#N/A,#N/A,#N/A,#N/A,#N/A,#N/A,#N/A,#N/A,#N/A,#N/A,#N/A,#N/A,#N/A,#N/A
"Calubian, Leyte",2022,2022-12,,,08-037-13-000,08-37-13-000,Calubian,Leyte,Region VIII (Eastern Visayas),Municipality,4th,R8,A,K,#N/A,#N/A,[1] Operational,[A] Operational,[1] Operational,[A] Operational,,[1] Operational,[A] Operational,,[1] Operational,[A] Operational,,[1] Operational,[A] Operational,,[1] Operational,[A] Operational,,[1] Operational,[A] Operational,,#N/A,#N/A,#N/A,#N/A,#N/A,#N/A,#N/A,#N/A,#N/A,#N/A,#N/A,#N/A,#N/A,#N/A,#N/A
"Can-Avid, Eastern Samar",2022,2022-12,,,08-026-05-000,08-26-05-000,Can-Avid,Eastern Samar,Region VIII (Eastern Visayas),Municipality,4th,R8,A,K,#N/A,#N/A,[1] Operational,[A] Operational,[1] Operational,[A] Operational,,[1] Operational,[A] Operational,,[1] Operational,[A] Operational,,[1] Operational,[A] Operational,,[1] Operational,[A] Operational,,[1] Operational,[A] Operational,,#N/A,#N/A,#N/A,#N/A,#N/A,#N/A,#N/A,#N/A,#N/A,#N/A,#N/A,#N/A,#N/A,#N/A,#N/A
"City of Borongan, Eastern Samar",,,,,08-026-04-000,08-26-04-000,City of Borongan,Eastern Samar,Region VIII (Eastern Visayas),City,1st (as Mun),R8,B,K,#N/A,#N/A,[1] Operational,[A] Operational,[1] Operational,[A] Operational,,[1] Operational,[A] Operational,,[1] Operational,[A] Operational,,[1] Operational,[A] Operational,,[1] Operational,[A] Operational,,[1] Operational,[A] Operational,,#N/A,#N/A,#N/A,#N/A,#N/A,#N/A,#N/A,#N/A,#N/A,#N/A,#N/A,#N/A,#N/A,#N/A,#N/A
"City of Catbalogan, Samar",,,,,08-060-05-000,08-60-05-000,City of Catbalogan,Samar,Region VIII (Eastern Visayas),City,5th,R8,B,K,#N/A,#N/A,[1] Operational,[A] Operational,[1] Operational,[A] Operational,,[1] Operational,[A] Operational,,[1] Operational,[A] Operational,,[1] Operational,[A] Operational,,[1] Operational,[A] Operational,,[1] Operational,[A] Operational,,#N/A,#N/A,#N/A,#N/A,#N/A,#N/A,#N/A,#N/A,#N/A,#N/A,#N/A,#N/A,#N/A,#N/A,#N/A
"City of Maasin, Southern Leyte",,,,,08-064-07-000,08-64-07-000,City of Maasin,Southern Leyte,Region VIII (Eastern Visayas),City,4th,R8,B,K,#N/A,#N/A,[1] Operational,[A] Operational,[1] Operational,[A] Operational,,[1] Operational,[A] Operational,,[1] Operational,[A] Operational,,[1] Operational,[A] Operational,,[1] Operational,[A] Operational,,[1] Operational,[A] Operational,,#N/A,#N/A,#N/A,#N/A,#N/A,#N/A,#N/A,#N/A,#N/A,#N/A,#N/A,#N/A,#N/A,#N/A,#N/A
"Daram, Samar",2022,2022-12,,,08-060-06-000,08-60-06-000,Daram,Samar,Region VIII (Eastern Visayas),Municipality,3rd,R8,A,K,#N/A,#N/A,[1] Operational,[A] Operational,[1] Operational,[A] Operational,,[1] Operational,[A] Operational,,[1] Operational,[A] Operational,,[1] Operational,[A] Operational,,[1] Operational,[A] Operational,,[1] Operational,[A] Operational,,#N/A,#N/A,#N/A,#N/A,#N/A,#N/A,#N/A,#N/A,#N/A,#N/A,#N/A,#N/A,#N/A,#N/A,#N/A
"Dolores, Eastern Samar",2022,2022-12,,,08-026-06-000,08-26-06-000,Dolores,Eastern Samar,Region VIII (Eastern Visayas),Municipality,3rd*,R8,A,K,#N/A,#N/A,[1] Operational,[A] Operational,[1] Operational,[A] Operational,,[1] Operational,[A] Operational,,[1] Operational,[A] Operational,,[1] Operational,[A] Operational,,[1] Operational,[A] Operational,,[1] Operational,[A] Operational,,#N/A,#N/A,#N/A,#N/A,#N/A,#N/A,#N/A,#N/A,#N/A,#N/A,#N/A,#N/A,#N/A,#N/A,#N/A
"Gamay, Northern Samar",2023,2023-05,,,08-048-07-000,08-48-07-000,Gamay,Northern Samar,Region VIII (Eastern Visayas),Municipality,4th,R8,B,K,#N/A,#N/A,[1] Operational,[A] Operational,[1] Operational,[A] Operational,,[1] Operational,[A] Operational,,[1] Operational,[A] Operational,,[1] Operational,[A] Operational,,[1] Operational,[A] Operational,,[1] Operational,[A] Operational,,#N/A,#N/A,#N/A,#N/A,#N/A,#N/A,#N/A,#N/A,#N/A,#N/A,#N/A,#N/A,#N/A,#N/A,#N/A
"Gandara, Samar",2021,2022-12,12/29/2020,12/29/2020,08-060-07-000,08-60-07-000,Gandara,Samar,Region VIII (Eastern Visayas),Municipality,2nd,R8,A,K,#N/A,#N/A,[1] Operational,[A] Operational,[1] Operational,[A] Operational,,[1] Operational,[A] Operational,,[1] Operational,[A] Operational,,[1] Operational,[A] Operational,,[1] Operational,[A] Operational,,[1] Operational,[A] Operational,,#N/A,#N/A,#N/A,#N/A,#N/A,#N/A,#N/A,#N/A,#N/A,#N/A,#N/A,#N/A,#N/A,#N/A,#N/A
"Hinunangan, Southern Leyte",2022,2022-12,,,08-064-03-000,08-64-03-000,Hinunangan,Southern Leyte,Region VIII (Eastern Visayas),Municipality,3rd,R8,A,K,#N/A,#N/A,[1] Operational,[A] Operational,[1] Operational,[A] Operational,,[1] Operational,[A] Operational,,[1] Operational,[A] Operational,,[1] Operational,[A] Operational,,[1] Operational,[A] Operational,,[1] Operational,[A] Operational,,#N/A,#N/A,#N/A,#N/A,#N/A,#N/A,#N/A,#N/A,#N/A,#N/A,#N/A,#N/A,#N/A,#N/A,#N/A
"Hinundayan, Southern Leyte",2022,2022-12,,,08-064-04-000,08-64-04-000,Hinundayan,Southern Leyte,Region VIII (Eastern Visayas),Municipality,5th,R8,A,K,#N/A,#N/A,[1] Operational,[A] Operational,[1] Operational,[A] Operational,,[1] Operational,[A] Operational,,[1] Operational,[A] Operational,,[1] Operational,[A] Operational,,[1] Operational,[A] Operational,,[1] Operational,[A] Operational,,#N/A,#N/A,#N/A,#N/A,#N/A,#N/A,#N/A,#N/A,#N/A,#N/A,#N/A,#N/A,#N/A,#N/A,#N/A
"Inopacan, Leyte",2021,2022-12,,,08-037-21-000,08-37-21-000,Inopacan,Leyte,Region VIII (Eastern Visayas),Municipality,4th,R8,A,K,#N/A,#N/A,[1] Operational,[A] Operational,[1] Operational,[A] Operational,,[1] Operational,[A] Operational,,[1] Operational,[A] Operational,,[1] Operational,[A] Operational,,[1] Operational,[A] Operational,,[1] Operational,[A] Operational,,#N/A,#N/A,#N/A,#N/A,#N/A,#N/A,#N/A,#N/A,#N/A,#N/A,#N/A,#N/A,#N/A,#N/A,#N/A
"Kananga, Leyte",,,,,08-037-26-000,08-37-26-000,Kananga,Leyte,Region VIII (Eastern Visayas),Municipality,1st,R8,B,K,#N/A,#N/A,[1] Operational,[A] Operational,[1] Operational,[A] Operational,,[1] Operational,[A] Operational,,[1] Operational,[A] Operational,,[1] Operational,[A] Operational,,[1] Operational,[A] Operational,,[1] Operational,[A] Operational,,#N/A,#N/A,#N/A,#N/A,#N/A,#N/A,#N/A,#N/A,#N/A,#N/A,#N/A,#N/A,#N/A,#N/A,#N/A
"Kawayan, Biliran",2023,2023-06,,,08-078-06-000,08-78-06-000,Kawayan,Biliran,Region VIII (Eastern Visayas),Municipality,5th*,R8,B,K,#N/A,#N/A,[1] Operational,[A] Operational,[1] Operational,[A] Operational,,[1] Operational,[A] Operational,,[1] Operational,[A] Operational,,[1] Operational,[A] Operational,,[1] Operational,[A] Operational,,[1] Operational,[A] Operational,,#N/A,#N/A,#N/A,#N/A,#N/A,#N/A,#N/A,#N/A,#N/A,#N/A,#N/A,#N/A,#N/A,#N/A,#N/A
"Lapinig, Northern Samar",,,,,08-048-09-000,08-48-09-000,Lapinig,Northern Samar,Region VIII (Eastern Visayas),Municipality,5th,R8,B,K,#N/A,#N/A,[1] Operational,[A] Operational,[1] Operational,[A] Operational,,[1] Operational,[A] Operational,,[1] Operational,[A] Operational,,[1] Operational,[A] Operational,,[1] Operational,[A] Operational,,[1] Operational,[A] Operational,,#N/A,#N/A,#N/A,#N/A,#N/A,#N/A,#N/A,#N/A,#N/A,#N/A,#N/A,#N/A,#N/A,#N/A,#N/A
"Lawaan, Eastern Samar",,,,,08-026-12-000,08-26-12-000,Lawaan,Eastern Samar,Region VIII (Eastern Visayas),Municipality,5th*,R8,B,K,#N/A,#N/A,[1] Operational,[A] Operational,[1] Operational,[A] Operational,,[1] Operational,[A] Operational,,[1] Operational,[A] Operational,,[1] Operational,[A] Operational,,[1] Operational,[A] Operational,,[1] Operational,[A] Operational,,#N/A,#N/A,#N/A,#N/A,#N/A,#N/A,#N/A,#N/A,#N/A,#N/A,#N/A,#N/A,#N/A,#N/A,#N/A
"Leyte, Leyte",,,,,08-037-29-000,08-37-29-000,Leyte,Leyte,Region VIII (Eastern Visayas),Municipality,4th*,R8,B,K,#N/A,#N/A,[1] Operational,[A] Operational,[1] Operational,[A] Operational,,[1] Operational,[A] Operational,,[1] Operational,[A] Operational,,[1] Operational,[A] Operational,,[1] Operational,[A] Operational,,[1] Operational,[A] Operational,,#N/A,#N/A,#N/A,#N/A,#N/A,#N/A,#N/A,#N/A,#N/A,#N/A,#N/A,#N/A,#N/A,#N/A,#N/A
"Libagon, Southern Leyte",2023,2023-01,,,08-064-05-000,08-64-05-000,Libagon,Southern Leyte,Region VIII (Eastern Visayas),Municipality,5th,R8,B,K,#N/A,#N/A,[1] Operational,[A] Operational,[1] Operational,[A] Operational,,[1] Operational,[A] Operational,,[1] Operational,[A] Operational,,[1] Operational,[A] Operational,,[1] Operational,[A] Operational,,[1] Operational,[A] Operational,,#N/A,#N/A,#N/A,#N/A,#N/A,#N/A,#N/A,#N/A,#N/A,#N/A,#N/A,#N/A,#N/A,#N/A,#N/A
"Liloan, Southern Leyte",2022,2022-12,,,08-064-06-000,08-64-06-000,Liloan,Southern Leyte,Region VIII (Eastern Visayas),Municipality,4th*,R8,A,K,#N/A,#N/A,[1] Operational,[A] Operational,[1] Operational,[A] Operational,,[1] Operational,[A] Operational,,[1] Operational,[A] Operational,,[1] Operational,[A] Operational,,[1] Operational,[A] Operational,,[1] Operational,[A] Operational,,#N/A,#N/A,#N/A,#N/A,#N/A,#N/A,#N/A,#N/A,#N/A,#N/A,#N/A,#N/A,#N/A,#N/A,#N/A
"Lope De Vega, Northern Samar",2022,2022-12,,,08-048-24-000,08-48-24-000,Lope De Vega,Northern Samar,Region VIII (Eastern Visayas),Municipality,4th,R8,A,K,#N/A,#N/A,[1] Operational,[A] Operational,[1] Operational,[A] Operational,,[1] Operational,[A] Operational,,[1] Operational,[A] Operational,,[1] Operational,[A] Operational,,[1] Operational,[A] Operational,,[1] Operational,[A] Operational,,#N/A,#N/A,#N/A,#N/A,#N/A,#N/A,#N/A,#N/A,#N/A,#N/A,#N/A,#N/A,#N/A,#N/A,#N/A
"Macrohon, Southern Leyte",2022,2022-12,,,08-064-08-000,08-64-08-000,Macrohon,Southern Leyte,Region VIII (Eastern Visayas),Municipality,4th,R8,A,K,#N/A,#N/A,[1] Operational,[A] Operational,[1] Operational,[A] Operational,,[1] Operational,[A] Operational,,[1] Operational,[A] Operational,,[1] Operational,[A] Operational,,[1] Operational,[A] Operational,,[1] Operational,[A] Operational,,#N/A,#N/A,#N/A,#N/A,#N/A,#N/A,#N/A,#N/A,#N/A,#N/A,#N/A,#N/A,#N/A,#N/A,#N/A
"Malitbog, Southern Leyte",2022,2022-12,,,08-064-09-000,08-64-09-000,Malitbog,Southern Leyte,Region VIII (Eastern Visayas),Municipality,4th*,R8,A,K,#N/A,#N/A,[1] Operational,[A] Operational,[1] Operational,[A] Operational,,[1] Operational,[A] Operational,,[1] Operational,[A] Operational,,[1] Operational,[A] Operational,,[1] Operational,[A] Operational,,[1] Operational,[A] Operational,,#N/A,#N/A,#N/A,#N/A,#N/A,#N/A,#N/A,#N/A,#N/A,#N/A,#N/A,#N/A,#N/A,#N/A,#N/A
"Matag-Ob, Leyte",2022,2022-12,,,08-037-33-000,08-37-33-000,Matag-Ob,Leyte,Region VIII (Eastern Visayas),Municipality,4th,R8,A,K,#N/A,#N/A,[1] Operational,[A] Operational,[1] Operational,[A] Operational,,[1] Operational,[A] Operational,,[1] Operational,[A] Operational,,[1] Operational,[A] Operational,,[1] Operational,[A] Operational,,[1] Operational,[A] Operational,,#N/A,#N/A,#N/A,#N/A,#N/A,#N/A,#N/A,#N/A,#N/A,#N/A,#N/A,#N/A,#N/A,#N/A,#N/A
"Maydolong, Eastern Samar",,,,,08-026-15-000,08-26-15-000,Maydolong,Eastern Samar,Region VIII (Eastern Visayas),Municipality,4th*,R8,B,K,#N/A,#N/A,[1] Operational,[A] Operational,[1] Operational,[A] Operational,,[1] Operational,[A] Operational,,[1] Operational,[A] Operational,,[1] Operational,[A] Operational,,[1] Operational,[A] Operational,,[1] Operational,[A] Operational,,#N/A,#N/A,#N/A,#N/A,#N/A,#N/A,#N/A,#N/A,#N/A,#N/A,#N/A,#N/A,#N/A,#N/A,#N/A
"Merida, Leyte",,,,,08-037-36-000,08-37-36-000,Merida,Leyte,Region VIII (Eastern Visayas),Municipality,5th,R8,B,K,#N/A,#N/A,[1] Operational,[A] Operational,[1] Operational,[A] Operational,,[1] Operational,[A] Operational,,[1] Operational,[A] Operational,,[1] Operational,[A] Operational,,[1] Operational,[A] Operational,,[1] Operational,[A] Operational,,#N/A,#N/A,#N/A,#N/A,#N/A,#N/A,#N/A,#N/A,#N/A,#N/A,#N/A,#N/A,#N/A,#N/A,#N/A
"Motiong, Samar",,,,,08-060-12-000,08-60-12-000,Motiong,Samar,Region VIII (Eastern Visayas),Municipality,4th,R8,B,K,#N/A,#N/A,[1] Operational,[A] Operational,[1] Operational,[A] Operational,,[1] Operational,[A] Operational,,[1] Operational,[A] Operational,,[1] Operational,[A] Operational,,[1] Operational,[A] Operational,,[1] Operational,[A] Operational,,#N/A,#N/A,#N/A,#N/A,#N/A,#N/A,#N/A,#N/A,#N/A,#N/A,#N/A,#N/A,#N/A,#N/A,#N/A
"Naval, Biliran",2023,2023-01,12/06/2022,12/06/2022,08-078-08-000,08-78-08-000,Naval,Biliran,Region VIII (Eastern Visayas),Municipality,2nd,R8,B,K,#N/A,#N/A,[1] Operational,[A] Operational,[1] Operational,[A] Operational,,[1] Operational,[A] Operational,,[1] Operational,[A] Operational,,[1] Operational,[A] Operational,,[1] Operational,[A] Operational,,[1] Operational,[A] Operational,,#N/A,#N/A,#N/A,#N/A,#N/A,#N/A,#N/A,#N/A,#N/A,#N/A,#N/A,#N/A,#N/A,#N/A,#N/A
"Oras, Eastern Samar",,,,,08-026-17-000,08-26-17-000,Oras,Eastern Samar,Region VIII (Eastern Visayas),Municipality,3rd,R8,B,K,#N/A,#N/A,[1] Operational,[A] Operational,[1] Operational,[A] Operational,,[1] Operational,[A] Operational,,[1] Operational,[A] Operational,,[1] Operational,[A] Operational,,[1] Operational,[A] Operational,,[1] Operational,[A] Operational,,#N/A,#N/A,#N/A,#N/A,#N/A,#N/A,#N/A,#N/A,#N/A,#N/A,#N/A,#N/A,#N/A,#N/A,#N/A
"Padre Burgos, Southern Leyte",2021,2022-12,,,08-064-10-000,08-64-10-000,Padre Burgos,Southern Leyte,Region VIII (Eastern Visayas),Municipality,5th*,R8,A,K,#N/A,#N/A,[1] Operational,[A] Operational,[1] Operational,[A] Operational,,[1] Operational,[A] Operational,,[1] Operational,[A] Operational,,[1] Operational,[A] Operational,,[1] Operational,[A] Operational,,[1] Operational,[A] Operational,,#N/A,#N/A,#N/A,#N/A,#N/A,#N/A,#N/A,#N/A,#N/A,#N/A,#N/A,#N/A,#N/A,#N/A,#N/A
"Paranas, Samar",2022,2022-12,,,08-060-22-000,08-60-22-000,Paranas,Samar,Region VIII (Eastern Visayas),Municipality,2nd,R8,A,K,#N/A,#N/A,[1] Operational,[A] Operational,[1] Operational,[A] Operational,,[1] Operational,[A] Operational,,[1] Operational,[A] Operational,,[1] Operational,[A] Operational,,[1] Operational,[A] Operational,,[1] Operational,[A] Operational,,#N/A,#N/A,#N/A,#N/A,#N/A,#N/A,#N/A,#N/A,#N/A,#N/A,#N/A,#N/A,#N/A,#N/A,#N/A
"Pastrana, Leyte",2021,2022-12,,,08-037-41-000,08-37-41-000,Pastrana,Leyte,Region VIII (Eastern Visayas),Municipality,5th*,R8,A,K,#N/A,#N/A,[1] Operational,[A] Operational,[1] Operational,[A] Operational,,[1] Operational,[A] Operational,,[1] Operational,[A] Operational,,[1] Operational,[A] Operational,,[1] Operational,[A] Operational,,[1] Operational,[A] Operational,,#N/A,#N/A,#N/A,#N/A,#N/A,#N/A,#N/A,#N/A,#N/A,#N/A,#N/A,#N/A,#N/A,#N/A,#N/A
"Pintuyan, Southern Leyte",2023,2023-02,,,08-064-11-000,08-64-11-000,Pintuyan,Southern Leyte,Region VIII (Eastern Visayas),Municipality,5th*,R8,B,K,#N/A,#N/A,[1] Operational,[A] Operational,[1] Operational,[A] Operational,,[1] Operational,[A] Operational,,[1] Operational,[A] Operational,,[1] Operational,[A] Operational,,[1] Operational,[A] Operational,,[1] Operational,[A] Operational,,#N/A,#N/A,#N/A,#N/A,#N/A,#N/A,#N/A,#N/A,#N/A,#N/A,#N/A,#N/A,#N/A,#N/A,#N/A
"Quinapondan, Eastern Samar",2023,2023-01,,,08-026-18-000,08-26-18-000,Quinapondan,Eastern Samar,Region VIII (Eastern Visayas),Municipality,5th,R8,B,K,#N/A,#N/A,[1] Operational,[A] Operational,[1] Operational,[A] Operational,,[1] Operational,[A] Operational,,[1] Operational,[A] Operational,,[1] Operational,[A] Operational,,[1] Operational,[A] Operational,,[1] Operational,[A] Operational,,#N/A,#N/A,#N/A,#N/A,#N/A,#N/A,#N/A,#N/A,#N/A,#N/A,#N/A,#N/A,#N/A,#N/A,#N/A
"Salcedo, Eastern Samar",2022,2022-12,,,08-026-19-000,08-26-19-000,Salcedo,Eastern Samar,Region VIII (Eastern Visayas),Municipality,5th*,R8,A,K,#N/A,#N/A,[1] Operational,[A] Operational,[1] Operational,[A] Operational,,[1] Operational,[A] Operational,,[1] Operational,[A] Operational,,[1] Operational,[A] Operational,,[1] Operational,[A] Operational,,[1] Operational,[A] Operational,,#N/A,#N/A,#N/A,#N/A,#N/A,#N/A,#N/A,#N/A,#N/A,#N/A,#N/A,#N/A,#N/A,#N/A,#N/A
"San Francisco, Southern Leyte",2022,2022-12,11/22/2021,11/22/2021,08-064-13-000,08-64-13-000,San Francisco,Southern Leyte,Region VIII (Eastern Visayas),Municipality,5th,R8,A,K,#N/A,#N/A,[1] Operational,[A] Operational,[1] Operational,[A] Operational,,[1] Operational,[A] Operational,,[1] Operational,[A] Operational,,[1] Operational,[A] Operational,,[1] Operational,[A] Operational,,[1] Operational,[A] Operational,,#N/A,#N/A,#N/A,#N/A,#N/A,#N/A,#N/A,#N/A,#N/A,#N/A,#N/A,#N/A,#N/A,#N/A,#N/A
"San Juan, Southern Leyte",2022,2022-12,,,08-064-14-000,08-64-14-000,San Juan,Southern Leyte,Region VIII (Eastern Visayas),Municipality,5th,R8,A,K,#N/A,#N/A,[1] Operational,[A] Operational,[1] Operational,[A] Operational,,[1] Operational,[A] Operational,,[1] Operational,[A] Operational,,[1] Operational,[A] Operational,,[1] Operational,[A] Operational,,[1] Operational,[A] Operational,,#N/A,#N/A,#N/A,#N/A,#N/A,#N/A,#N/A,#N/A,#N/A,#N/A,#N/A,#N/A,#N/A,#N/A,#N/A
"San Julian, Eastern Samar",,,,,08-026-20-000,08-26-20-000,San Julian,Eastern Samar,Region VIII (Eastern Visayas),Municipality,5th,R8,B,K,#N/A,#N/A,[1] Operational,[A] Operational,[1] Operational,[A] Operational,,[1] Operational,[A] Operational,,[1] Operational,[A] Operational,,[1] Operational,[A] Operational,,[1] Operational,[A] Operational,,[1] Operational,[A] Operational,,#N/A,#N/A,#N/A,#N/A,#N/A,#N/A,#N/A,#N/A,#N/A,#N/A,#N/A,#N/A,#N/A,#N/A,#N/A
"San Miguel, Leyte",,,,,08-037-43-000,08-37-43-000,San Miguel,Leyte,Region VIII (Eastern Visayas),Municipality,4th,R8,B,K,#N/A,#N/A,[1] Operational,[A] Operational,[3] With Concerns,[A] Operational,,[3] With Concerns,[A] Operational,,[4] Withdraw,[D] Withdraw,,[4] Withdraw,[D] Withdraw,,[4] Withdraw,[D] Withdraw,,[4] Withdraw,[D] Withdraw,,#N/A,#N/A,#N/A,#N/A,#N/A,#N/A,#N/A,#N/A,#N/A,#N/A,#N/A,#N/A,#N/A,#N/A,#N/A
"San Ricardo, Southern Leyte",2022,2022-12,,,08-064-15-000,08-64-15-000,San Ricardo,Southern Leyte,Region VIII (Eastern Visayas),Municipality,5th,R8,A,K,#N/A,#N/A,[1] Operational,[A] Operational,[1] Operational,[A] Operational,,[1] Operational,[A] Operational,,[1] Operational,[A] Operational,,[1] Operational,[A] Operational,,[1] Operational,[A] Operational,,[1] Operational,[A] Operational,,#N/A,#N/A,#N/A,#N/A,#N/A,#N/A,#N/A,#N/A,#N/A,#N/A,#N/A,#N/A,#N/A,#N/A,#N/A
"San Roque, Northern Samar",,,,,08-048-20-000,08-48-20-000,San Roque,Northern Samar,Region VIII (Eastern Visayas),Municipality,4th,R8,B,K,#N/A,#N/A,[1] Operational,[A] Operational,[1] Operational,[A] Operational,,[1] Operational,[A] Operational,,[1] Operational,[A] Operational,,[1] Operational,[A] Operational,,[1] Operational,[A] Operational,,[1] Operational,[A] Operational,,#N/A,#N/A,#N/A,#N/A,#N/A,#N/A,#N/A,#N/A,#N/A,#N/A,#N/A,#N/A,#N/A,#N/A,#N/A
"Santa Margarita, Samar",,,,,08-060-16-000,08-60-16-000,Santa Margarita,Samar,Region VIII (Eastern Visayas),Municipality,4th,R8,B,K,#N/A,#N/A,[1] Operational,[A] Operational,[1] Operational,[A] Operational,,[1] Operational,[A] Operational,,[1] Operational,[A] Operational,,[1] Operational,[A] Operational,,[1] Operational,[A] Operational,,[1] Operational,[A] Operational,,#N/A,#N/A,#N/A,#N/A,#N/A,#N/A,#N/A,#N/A,#N/A,#N/A,#N/A,#N/A,#N/A,#N/A,#N/A
"Silago, Southern Leyte",,,,,08-064-16-000,08-64-16-000,Silago,Southern Leyte,Region VIII (Eastern Visayas),Municipality,4th,R8,B,K,#N/A,#N/A,[1] Operational,[A] Operational,[1] Operational,[A] Operational,,[1] Operational,[A] Operational,,[1] Operational,[A] Operational,,[1] Operational,[A] Operational,,[1] Operational,[A] Operational,,[1] Operational,[A] Operational,,#N/A,#N/A,#N/A,#N/A,#N/A,#N/A,#N/A,#N/A,#N/A,#N/A,#N/A,#N/A,#N/A,#N/A,#N/A
"Sogod, Southern Leyte",,,,,08-064-17-000,08-64-17-000,Sogod,Southern Leyte,Region VIII (Eastern Visayas),Municipality,2nd,R8,B,K,#N/A,#N/A,[1] Operational,[A] Operational,[1] Operational,[A] Operational,,[1] Operational,[A] Operational,,[1] Operational,[A] Operational,,[1] Operational,[A] Operational,,[1] Operational,[A] Operational,,[1] Operational,[A] Operational,,#N/A,#N/A,#N/A,#N/A,#N/A,#N/A,#N/A,#N/A,#N/A,#N/A,#N/A,#N/A,#N/A,#N/A,#N/A
"Sulat, Eastern Samar",,,,,08-026-22-000,08-26-22-000,Sulat,Eastern Samar,Region VIII (Eastern Visayas),Municipality,4th,R8,B,K,#N/A,#N/A,[1] Operational,[A] Operational,[1] Operational,[A] Operational,,[1] Operational,[A] Operational,,[1] Operational,[A] Operational,,[1] Operational,[A] Operational,,[1] Operational,[A] Operational,,[1] Operational,[A] Operational,,#N/A,#N/A,#N/A,#N/A,#N/A,#N/A,#N/A,#N/A,#N/A,#N/A,#N/A,#N/A,#N/A,#N/A,#N/A
"Tabontabon, Leyte",,,,,08-037-46-000,08-37-46-000,Tabontabon,Leyte,Region VIII (Eastern Visayas),Municipality,5th,R8,B,K,#N/A,#N/A,[1] Operational,[A] Operational,[1] Operational,[A] Operational,,[1] Operational,[A] Operational,,[1] Operational,[A] Operational,,[1] Operational,[A] Operational,,[1] Operational,[A] Operational,,[1] Operational,[A] Operational,,#N/A,#N/A,#N/A,#N/A,#N/A,#N/A,#N/A,#N/A,#N/A,#N/A,#N/A,#N/A,#N/A,#N/A,#N/A
"Tomas Oppus, Southern Leyte",,,,,08-064-18-000,08-64-18-000,Tomas Oppus,Southern Leyte,Region VIII (Eastern Visayas),Municipality,5th,R8,B,K,#N/A,#N/A,[1] Operational,[A] Operational,[1] Operational,[A] Operational,,[1] Operational,[A] Operational,,[1] Operational,[A] Operational,,[1] Operational,[A] Operational,,[1] Operational,[A] Operational,,[1] Operational,[A] Operational,,#N/A,#N/A,#N/A,#N/A,#N/A,#N/A,#N/A,#N/A,#N/A,#N/A,#N/A,#N/A,#N/A,#N/A,#N/A
"Victoria, Northern Samar",,,,,08-048-23-000,08-48-23-000,Victoria,Northern Samar,Region VIII (Eastern Visayas),Municipality,5th,R8,B,K,#N/A,#N/A,[1] Operational,[A] Operational,[1] Operational,[A] Operational,,[1] Operational,[A] Operational,,[1] Operational,[A] Operational,,[1] Operational,[A] Operational,,[1] Operational,[A] Operational,,[1] Operational,[A] Operational,,#N/A,#N/A,#N/A,#N/A,#N/A,#N/A,#N/A,#N/A,#N/A,#N/A,#N/A,#N/A,#N/A,#N/A,#N/A
"Villareal, Samar",,,,,08-060-21-000,08-60-21-000,Villareal,Samar,Region VIII (Eastern Visayas),Municipality,4th*,R8,B,K,#N/A,#N/A,[1] Operational,[A] Operational,[1] Operational,[A] Operational,,[1] Operational,[A] Operational,,[1] Operational,[A] Operational,,[1] Operational,[A] Operational,,[1] Operational,[A] Operational,,[1] Operational,[A] Operational,,#N/A,#N/A,#N/A,#N/A,#N/A,#N/A,#N/A,#N/A,#N/A,#N/A,#N/A,#N/A,#N/A,#N/A,#N/A
"Zumarraga, Samar",,,,,08-060-23-000,08-60-23-000,Zumarraga,Samar,Region VIII (Eastern Visayas),Municipality,5th*,R8,B,K,#N/A,#N/A,[1] Operational,[A] Operational,[1] Operational,[A] Operational,,[1] Operational,[A] Operational,,[1] Operational,[A] Operational,,[1] Operational,[A] Operational,,[1] Operational,[A] Operational,,[1] Operational,[A] Operational,,#N/A,#N/A,#N/A,#N/A,#N/A,#N/A,#N/A,#N/A,#N/A,#N/A,#N/A,#N/A,#N/A,#N/A,#N/A
"Nunungan, Lanao del Norte",,,,,10-035-15-000,10-35-15-000,Nunungan,Lanao del Norte,Region X (Northern Mindanao),Municipality,3rd,R10,B,N,#N/A,#N/A,[1] Operational,[A] Operational,[1] Operational,[A] Operational,,[1] Operational,[A] Operational,,[1] Operational,[A] Operational,,[1] Operational,[A] Operational,,[1] Operational,[A] Operational,,[1] Operational,[A] Operational,,#N/A,#N/A,#N/A,#N/A,#N/A,#N/A,#N/A,#N/A,#N/A,#N/A,#N/A,#N/A,#N/A,#N/A,#N/A
"Kapatagan, Lanao del Norte",,,,,10-035-05-000,10-35-05-000,Kapatagan,Lanao del Norte,Region X (Northern Mindanao),Municipality,2nd,R10,B,N,#N/A,#N/A,[1] Operational,[A] Operational,[1] Operational,[A] Operational,,[1] Operational,[A] Operational,,[1] Operational,[A] Operational,,[1] Operational,[A] Operational,,[1] Operational,[A] Operational,,[1] Operational,[A] Operational,,#N/A,#N/A,#N/A,#N/A,#N/A,#N/A,#N/A,#N/A,#N/A,#N/A,#N/A,#N/A,#N/A,#N/A,#N/A
"Manticao, Misamis Oriental",,,,,10-043-18-000,10-43-18-000,Manticao,Misamis Oriental,Region X (Northern Mindanao),Municipality,4th,R10,B,N,#N/A,#N/A,[1] Operational,[A] Operational,[1] Operational,[A] Operational,,[1] Operational,[A] Operational,,[1] Operational,[A] Operational,,[1] Operational,[A] Operational,,[1] Operational,[A] Operational,,[1] Operational,[A] Operational,,#N/A,#N/A,#N/A,#N/A,#N/A,#N/A,#N/A,#N/A,#N/A,#N/A,#N/A,#N/A,#N/A,#N/A,#N/A
"Alubijid, Misamis Oriental",,,,,10-043-01-000,10-43-01-000,Alubijid,Misamis Oriental,Region X (Northern Mindanao),Municipality,4th,R10,B,N,#N/A,#N/A,[1] Operational,[A] Operational,[1] Operational,[A] Operational,,[1] Operational,[A] Operational,,[1] Operational,[A] Operational,,[1] Operational,[A] Operational,,[1] Operational,[A] Operational,,[1] Operational,[A] Operational,,#N/A,#N/A,#N/A,#N/A,#N/A,#N/A,#N/A,#N/A,#N/A,#N/A,#N/A,#N/A,#N/A,#N/A,#N/A
"Laguindingan, Misamis Oriental",,,,,10-043-14-000,10-43-14-000,Laguindingan,Misamis Oriental,Region X (Northern Mindanao),Municipality,4th,R10,B,N,#N/A,#N/A,[1] Operational,[A] Operational,[1] Operational,[A] Operational,,[1] Operational,[A] Operational,,[1] Operational,[A] Operational,,[1] Operational,[A] Operational,,[1] Operational,[A] Operational,,[1] Operational,[A] Operational,,#N/A,#N/A,#N/A,#N/A,#N/A,#N/A,#N/A,#N/A,#N/A,#N/A,#N/A,#N/A,#N/A,#N/A,#N/A
"Balingoan, Misamis Oriental",,,,,10-043-03-000,10-43-03-000,Balingoan,Misamis Oriental,Region X (Northern Mindanao),Municipality,5th,R10,B,N,#N/A,#N/A,[1] Operational,[A] Operational,[1] Operational,[A] Operational,,[1] Operational,[A] Operational,,[1] Operational,[A] Operational,,[1] Operational,[A] Operational,,[1] Operational,[A] Operational,,[1] Operational,[A] Operational,,#N/A,#N/A,#N/A,#N/A,#N/A,#N/A,#N/A,#N/A,#N/A,#N/A,#N/A,#N/A,#N/A,#N/A,#N/A
"Matanao, Davao del Sur",,,,,11-024-10-000,11-24-10-000,Matanao,Davao del Sur,Region XI (Davao Region),Municipality,2nd,R11,B,P,#N/A,#N/A,[1] Operational,[A] Operational,[1] Operational,[A] Operational,,[1] Operational,[A] Operational,,[1] Operational,[A] Operational,,[1] Operational,[A] Operational,,[1] Operational,[A] Operational,,[1] Operational,[A] Operational,,#N/A,#N/A,#N/A,#N/A,#N/A,#N/A,#N/A,#N/A,#N/A,#N/A,#N/A,#N/A,#N/A,#N/A,#N/A
"Bansalan, Davao del Sur",,,,,11-024-01-000,11-24-01-000,Bansalan,Davao del Sur,Region XI (Davao Region),Municipality,1st,R11,B,P,#N/A,#N/A,[1] Operational,[A] Operational,[1] Operational,[A] Operational,,[1] Operational,[A] Operational,,[1] Operational,[A] Operational,,[1] Operational,[A] Operational,,[1] Operational,[A] Operational,,[1] Operational,[A] Operational,,#N/A,#N/A,#N/A,#N/A,#N/A,#N/A,#N/A,#N/A,#N/A,#N/A,#N/A,#N/A,#N/A,#N/A,#N/A
"Lamut, Ifugao",,,,,14-027-05-000,14-27-05-000,Lamut,Ifugao,Cordillera Administrative Region (CAR),Municipality,4th,CAR,B,B,#N/A,#N/A,[1] Operational,[A] Operational,[1] Operational,[A] Operational,,[1] Operational,[A] Operational,,[1] Operational,[A] Operational,,[1] Operational,[A] Operational,,[1] Operational,[A] Operational,,[1] Operational,[A] Operational,,#N/A,#N/A,#N/A,#N/A,#N/A,#N/A,#N/A,#N/A,#N/A,#N/A,#N/A,#N/A,#N/A,#N/A,#N/A
"Peñarrubia, Abra",,,,,14-001-17-000,14-01-17-000,Peñarrubia,Abra,Cordillera Administrative Region (CAR),Municipality,6th,CAR,B,B,#N/A,#N/A,[1] Operational,[A] Operational,[1] Operational,[A] Operational,,[1] Operational,[A] Operational,,[1] Operational,[A] Operational,,[1] Operational,[A] Operational,,[1] Operational,[A] Operational,,[1] Operational,[A] Operational,,#N/A,#N/A,#N/A,#N/A,#N/A,#N/A,#N/A,#N/A,#N/A,#N/A,#N/A,#N/A,#N/A,#N/A,#N/A
"Mayantoc, Tarlac",,,,,03-069-08-000,03-69-08-000,Mayantoc,Tarlac,Region III (Central Luzon),Municipality,3rd,R3,B,E,#N/A,#N/A,[2] Ongoing Testing and Data Build-up,[B] Developmental,[2] Ongoing Testing and Data Build-up,[B] Developmental,,[2] Ongoing Testing and Data Build-up,[B] Developmental,,[2] Ongoing Testing and Data Build-up,[B] Developmental,,[2] Ongoing Testing and Data Build-up,[B] Developmental,,[2] Ongoing Testing and Data Build-up,[B] Developmental,,[2] Ongoing Testing and Data Build-up,[B] Developmental,,#N/A,#N/A,#N/A,#N/A,#N/A,#N/A,#N/A,#N/A,#N/A,#N/A,#N/A,#N/A,#N/A,#N/A,#N/A
"Quezon, Nueva Ecija",,,,,03-049-22-000,03-49-22-000,Quezon,Nueva Ecija,Region III (Central Luzon),Municipality,4th,R3,B,E,#N/A,#N/A,[1] Operational,[A] Operational,[1] Operational,[A] Operational,,[1] Operational,[A] Operational,,[1] Operational,[A] Operational,,[1] Operational,[A] Operational,,[1] Operational,[A] Operational,,[1] Operational,[A] Operational,,#N/A,#N/A,#N/A,#N/A,#N/A,#N/A,#N/A,#N/A,#N/A,#N/A,#N/A,#N/A,#N/A,#N/A,#N/A
"San Manuel, Tarlac",,,,,03-069-14-000,03-69-14-000,San Manuel,Tarlac,Region III (Central Luzon),Municipality,4th,R3,B,E,#N/A,#N/A,[2] Ongoing Testing and Data Build-up,[B] Developmental,[2] Ongoing Testing and Data Build-up,[B] Developmental,,[1] Operational,[A] Operational,,[1] Operational,[A] Operational,,[1] Operational,[A] Operational,,[1] Operational,[A] Operational,,[1] Operational,[A] Operational,,#N/A,#N/A,#N/A,#N/A,#N/A,#N/A,#N/A,#N/A,#N/A,#N/A,#N/A,#N/A,#N/A,#N/A,#N/A
"Santa Ignacia, Tarlac",,,,,03-069-15-000,03-69-15-000,Santa Ignacia,Tarlac,Region III (Central Luzon),Municipality,2nd,R3,B,E,#N/A,#N/A,[2] Ongoing Testing and Data Build-up,[B] Developmental,[2] Ongoing Testing and Data Build-up,[B] Developmental,,[2] Ongoing Testing and Data Build-up,[B] Developmental,,[1] Operational,[A] Operational,,[1] Operational,[A] Operational,,[1] Operational,[A] Operational,,[1] Operational,[A] Operational,,#N/A,#N/A,#N/A,#N/A,#N/A,#N/A,#N/A,#N/A,#N/A,#N/A,#N/A,#N/A,#N/A,#N/A,#N/A
"Gumaca, Quezon",,,,,04-056-19-000,04-56-19-000,Gumaca,Quezon,Region IV-A (CALABARZON),Municipality,1st,R4A,B,F,#N/A,#N/A,[1] Operational,[A] Operational,[1] Operational,[A] Operational,,[1] Operational,[A] Operational,,[1] Operational,[A] Operational,,[1] Operational,[A] Operational,,[1] Operational,[A] Operational,,[1] Operational,[A] Operational,,#N/A,#N/A,#N/A,#N/A,#N/A,#N/A,#N/A,#N/A,#N/A,#N/A,#N/A,#N/A,#N/A,#N/A,#N/A
"Mataasnakahoy, Batangas",,,,,04-010-18-000,04-10-18-000,Mataasnakahoy,Batangas,Region IV-A (CALABARZON),Municipality,4th,R4A,B,F,#N/A,#N/A,[1] Operational,[A] Operational,[1] Operational,[A] Operational,Launched on August 30,[1] Operational,[A] Operational,Launched on August 30,[1] Operational,[A] Operational,Launched on August 30,[1] Operational,[A] Operational,Launched on August 30,[1] Operational,[A] Operational,Launched on August 30,[1] Operational,[A] Operational,Launched on August 30,#N/A,#N/A,#N/A,#N/A,#N/A,#N/A,#N/A,#N/A,#N/A,#N/A,#N/A,#N/A,#N/A,#N/A,#N/A
"Baco, Oriental Mindoro",,,,,17-052-01-000,17-52-01-000,Baco,Oriental Mindoro,MIMAROPA Region,Municipality,3rd,R4B,B,G,#N/A,#N/A,[1] Operational,[A] Operational,[1] Operational,[A] Operational,,[1] Operational,[A] Operational,,[1] Operational,[A] Operational,,[1] Operational,[A] Operational,,[1] Operational,[A] Operational,,[1] Operational,[A] Operational,,#N/A,#N/A,#N/A,#N/A,#N/A,#N/A,#N/A,#N/A,#N/A,#N/A,#N/A,#N/A,#N/A,#N/A,#N/A
"Gloria, Oriental Mindoro",,,,,17-052-06-000,17-52-06-000,Gloria,Oriental Mindoro,MIMAROPA Region,Municipality,3rd,R4B,B,G,#N/A,#N/A,[1] Operational,[A] Operational,[1] Operational,[A] Operational,,[1] Operational,[A] Operational,,[1] Operational,[A] Operational,,[1] Operational,[A] Operational,,[1] Operational,[A] Operational,,[1] Operational,[A] Operational,,#N/A,#N/A,#N/A,#N/A,#N/A,#N/A,#N/A,#N/A,#N/A,#N/A,#N/A,#N/A,#N/A,#N/A,#N/A
"Cagwait, Surigao del Sur",,,,,16-068-04-000,16-68-04-000,Cagwait,Surigao del Sur,Region XIII (Caraga),Municipality,4th,R13,B,O,#N/A,#N/A,[1] Operational,[A] Operational,[1] Operational,[A] Operational,,[1] Operational,[A] Operational,,[1] Operational,[A] Operational,,[1] Operational,[A] Operational,,[1] Operational,[A] Operational,,[1] Operational,[A] Operational,,#N/A,#N/A,#N/A,#N/A,#N/A,#N/A,#N/A,#N/A,#N/A,#N/A,#N/A,#N/A,#N/A,#N/A,#N/A
"Shariff Aguak, Maguindanao del Sur",,,,,19-088-20-000,15-38-08-000,Shariff Aguak,Maguindanao del Sur,Bangsamoro Autonomous Region In Muslim Mindanao (BARMM),Municipality,2nd,BARMM II,B,R,#N/A,#N/A,[1] Operational,[A] Operational,[1] Operational,[A] Operational,,[1] Operational,[A] Operational,21 Barangay to Integrate,[1] Operational,[A] Operational,13 Barangays Clearance has been integrated in the system,[1] Operational,[A] Operational,13 Barangays Clearance has been integrated in the system,[1] Operational,[A] Operational,13 Barangays Clearance has been integrated in the system,[1] Operational,[A] Operational,13 Barangays Clearance has been integrated in the system,#N/A,#N/A,#N/A,#N/A,#N/A,#N/A,#N/A,#N/A,#N/A,#N/A,#N/A,#N/A,#N/A,#N/A,#N/A
"Sultan Kudarat, Maguindanao del Norte",,,,,19-087-10-000,15-38-12-000,Sultan Kudarat,Maguindanao del Norte,Bangsamoro Autonomous Region In Muslim Mindanao (BARMM),Municipality,1st,BARMM II,B,R,#N/A,#N/A,[1] Operational,[A] Operational,[1] Operational,[A] Operational,,[1] Operational,[A] Operational,22 Barangay to Integrate,[1] Operational,[A] Operational,39 Barangay to Integrate,[1] Operational,[A] Operational,39 Barangay to Integrate,[1] Operational,[A] Operational,39 Barangay to Integrate,[1] Operational,[A] Operational,39 Barangay to Integrate,#N/A,#N/A,#N/A,#N/A,#N/A,#N/A,#N/A,#N/A,#N/A,#N/A,#N/A,#N/A,#N/A,#N/A,#N/A
"Ampatuan, Maguindanao del Sur",,,,,19-088-01-000,15-38-01-000,Ampatuan,Maguindanao del Sur,Bangsamoro Autonomous Region In Muslim Mindanao (BARMM),Municipality,4th,BARMM II,B,R,#N/A,#N/A,[1] Operational,[A] Operational,[1] Operational,[A] Operational,,[1] Operational,[A] Operational,23 Barangay to Integrate,[1] Operational,[A] Operational,10 Barangay to Integrate,[1] Operational,[A] Operational,10 Barangay to Integrate,[1] Operational,[A] Operational,10 Barangay to Integrate,[1] Operational,[A] Operational,10 Barangay to Integrate,#N/A,#N/A,#N/A,#N/A,#N/A,#N/A,#N/A,#N/A,#N/A,#N/A,#N/A,#N/A,#N/A,#N/A,#N/A
"Datu Abdullah Sangki, Maguindanao del Sur",,,,,19-088-03-000,15-38-28-000,Datu Abdullah Sangki,Maguindanao del Sur,Bangsamoro Autonomous Region In Muslim Mindanao (BARMM),Municipality,-,BARMM II,B,R,#N/A,#N/A,[2] Ongoing Testing and Data Build-up,[B] Developmental,[2] Ongoing Testing and Data Build-up,[B] Developmental,,[2] Ongoing Testing and Data Build-up,[B] Developmental,24 Barangay to Integrate,[1] Operational,[A] Operational,10 Barangay Clearance has been integrated in the system,[1] Operational,[A] Operational,10 Barangay Clearance has been integrated in the system,[1] Operational,[A] Operational,10 Barangay Clearance has been integrated in the system,[1] Operational,[A] Operational,10 Barangay Clearance has been integrated in the system,#N/A,#N/A,#N/A,#N/A,#N/A,#N/A,#N/A,#N/A,#N/A,#N/A,#N/A,#N/A,#N/A,#N/A,#N/A
"Dolores, Abra",,,,,14-001-07-000,14-01-07-000,Dolores,Abra,Cordillera Administrative Region (CAR),Municipality,5th,CAR,B,B,#N/A,#N/A,[1] Operational,[A] Operational,[1] Operational,[A] Operational,,[1] Operational,[A] Operational,,[1] Operational,[A] Operational,,[1] Operational,[A] Operational,,[1] Operational,[A] Operational,,[1] Operational,[A] Operational,,#N/A,#N/A,#N/A,#N/A,#N/A,#N/A,#N/A,#N/A,#N/A,#N/A,#N/A,#N/A,#N/A,#N/A,#N/A
"Hungduan, Ifugao",,,,,14-027-02-000,14-27-02-000,Hungduan,Ifugao,Cordillera Administrative Region (CAR),Municipality,4th,CAR,B,B,#N/A,#N/A,[1] Operational,[A] Operational,[1] Operational,[A] Operational,,[1] Operational,[A] Operational,,[1] Operational,[A] Operational,,[1] Operational,[A] Operational,,[1] Operational,[A] Operational,,[1] Operational,[A] Operational,,#N/A,#N/A,#N/A,#N/A,#N/A,#N/A,#N/A,#N/A,#N/A,#N/A,#N/A,#N/A,#N/A,#N/A,#N/A
"Pudtol, Apayao",,,,,14-081-06-000,14-81-06-000,Pudtol,Apayao,Cordillera Administrative Region (CAR),Municipality,4th,CAR,B,B,#N/A,#N/A,[1] Operational,[A] Operational,[1] Operational,[A] Operational,,[1] Operational,[A] Operational,,[1] Operational,[A] Operational,,[1] Operational,[A] Operational,,[1] Operational,[A] Operational,,[1] Operational,[A] Operational,,#N/A,#N/A,#N/A,#N/A,#N/A,#N/A,#N/A,#N/A,#N/A,#N/A,#N/A,#N/A,#N/A,#N/A,#N/A
"City of Palayan, Nueva Ecija",,,,,03-049-19-000,03-49-19-000,City of Palayan,Nueva Ecija,Region III (Central Luzon),City,5th,R3,B,E,#N/A,#N/A,[2] Ongoing Testing and Data Build-up,[B] Developmental,[2] Ongoing Testing and Data Build-up,[B] Developmental,,[2] Ongoing Testing and Data Build-up,[B] Developmental,,[2] Ongoing Testing and Data Build-up,[B] Developmental,,[2] Ongoing Testing and Data Build-up,[B] Developmental,,[2] Ongoing Testing and Data Build-up,[B] Developmental,,[2] Ongoing Testing and Data Build-up,[B] Developmental,,#N/A,#N/A,#N/A,#N/A,#N/A,#N/A,#N/A,#N/A,#N/A,#N/A,#N/A,#N/A,#N/A,#N/A,#N/A
"San Jose, Tarlac",,,,,03-069-18-000,03-69-18-000,San Jose,Tarlac,Region III (Central Luzon),Municipality,3rd,R3,B,E,#N/A,#N/A,[2] Ongoing Testing and Data Build-up,[B] Developmental,[2] Ongoing Testing and Data Build-up,[B] Developmental,,[1] Operational,[A] Operational,,[1] Operational,[A] Operational,,[1] Operational,[A] Operational,,[1] Operational,[A] Operational,,[1] Operational,[A] Operational,,#N/A,#N/A,#N/A,#N/A,#N/A,#N/A,#N/A,#N/A,#N/A,#N/A,#N/A,#N/A,#N/A,#N/A,#N/A
"Abra De Ilog, Occidental Mindoro",,,,,17-051-01-000,17-51-01-000,Abra De Ilog,Occidental Mindoro,MIMAROPA Region,Municipality,2nd,R4B,B,G,#N/A,#N/A,[1] Operational,[A] Operational,[1] Operational,[A] Operational,,[1] Operational,[A] Operational,,[1] Operational,[A] Operational,,[1] Operational,[A] Operational,,[1] Operational,[A] Operational,,[1] Operational,[A] Operational,,#N/A,#N/A,#N/A,#N/A,#N/A,#N/A,#N/A,#N/A,#N/A,#N/A,#N/A,#N/A,#N/A,#N/A,#N/A
"Lubang, Occidental Mindoro",,,,,17-051-04-000,17-51-04-000,Lubang,Occidental Mindoro,MIMAROPA Region,Municipality,4th,R4B,B,G,#N/A,#N/A,[1] Operational,[A] Operational,[1] Operational,[A] Operational,,[1] Operational,[A] Operational,,[1] Operational,[A] Operational,,[1] Operational,[A] Operational,,[1] Operational,[A] Operational,,[1] Operational,[A] Operational,,#N/A,#N/A,#N/A,#N/A,#N/A,#N/A,#N/A,#N/A,#N/A,#N/A,#N/A,#N/A,#N/A,#N/A,#N/A
"Alimodian, Iloilo",,,,,06-030-02-000,06-30-02-000,Alimodian,Iloilo,Region VI (Western Visayas),Municipality,3rd,R6,B,I,#N/A,#N/A,[1] Operational,[A] Operational,[1] Operational,[A] Operational,,[1] Operational,[A] Operational,,[1] Operational,[A] Operational,,[1] Operational,[A] Operational,,[1] Operational,[A] Operational,,[1] Operational,[A] Operational,,#N/A,#N/A,#N/A,#N/A,#N/A,#N/A,#N/A,#N/A,#N/A,#N/A,#N/A,#N/A,#N/A,#N/A,#N/A
"Belison, Antique",,,,,06-006-03-000,06-06-03-000,Belison,Antique,Region VI (Western Visayas),Municipality,5th,R6,B,I,#N/A,#N/A,[1] Operational,[A] Operational,[1] Operational,[A] Operational,,[1] Operational,[A] Operational,,[1] Operational,[A] Operational,,[1] Operational,[A] Operational,,[1] Operational,[A] Operational,,[1] Operational,[A] Operational,,#N/A,#N/A,#N/A,#N/A,#N/A,#N/A,#N/A,#N/A,#N/A,#N/A,#N/A,#N/A,#N/A,#N/A,#N/A
"Bingawan, Iloilo",,,,,06-030-10-000,06-30-10-000,Bingawan,Iloilo,Region VI (Western Visayas),Municipality,5th,R6,B,I,#N/A,#N/A,[1] Operational,[A] Operational,[1] Operational,[A] Operational,,[1] Operational,[A] Operational,,[1] Operational,[A] Operational,,[1] Operational,[A] Operational,,[1] Operational,[A] Operational,,[1] Operational,[A] Operational,,#N/A,#N/A,#N/A,#N/A,#N/A,#N/A,#N/A,#N/A,#N/A,#N/A,#N/A,#N/A,#N/A,#N/A,#N/A
"Buruanga, Aklan",,,,,06-004-05-000,06-04-05-000,Buruanga,Aklan,Region VI (Western Visayas),Municipality,5th,R6,B,I,#N/A,#N/A,[1] Operational,[A] Operational,[1] Operational,[A] Operational,,[1] Operational,[A] Operational,,[1] Operational,[A] Operational,,[1] Operational,[A] Operational,,[1] Operational,[A] Operational,,[1] Operational,[A] Operational,,#N/A,#N/A,#N/A,#N/A,#N/A,#N/A,#N/A,#N/A,#N/A,#N/A,#N/A,#N/A,#N/A,#N/A,#N/A
"City of Sagay, Negros Occidental",,,,,06-045-23-000,06-45-23-000,City of Sagay,Negros Occidental,Region VI (Western Visayas),City,3rd,R6,B,I,#N/A,#N/A,[1] Operational,[A] Operational,[1] Operational,[A] Operational,,[1] Operational,[A] Operational,,[1] Operational,[A] Operational,,[1] Operational,[A] Operational,,[1] Operational,[A] Operational,,[1] Operational,[A] Operational,,#N/A,#N/A,#N/A,#N/A,#N/A,#N/A,#N/A,#N/A,#N/A,#N/A,#N/A,#N/A,#N/A,#N/A,#N/A
"Leganes, Iloilo",,,,,06-030-26-000,06-30-26-000,Leganes,Iloilo,Region VI (Western Visayas),Municipality,4th,R6,B,I,#N/A,#N/A,[1] Operational,[A] Operational,[1] Operational,[A] Operational,,[1] Operational,[A] Operational,,[1] Operational,[A] Operational,,[1] Operational,[A] Operational,,[1] Operational,[A] Operational,,[1] Operational,[A] Operational,,#N/A,#N/A,#N/A,#N/A,#N/A,#N/A,#N/A,#N/A,#N/A,#N/A,#N/A,#N/A,#N/A,#N/A,#N/A
"Libertad, Antique",,,,,06-006-10-000,06-06-10-000,Libertad,Antique,Region VI (Western Visayas),Municipality,5th,R6,B,I,#N/A,#N/A,[1] Operational,[A] Operational,[1] Operational,[A] Operational,,[1] Operational,[A] Operational,,[1] Operational,[A] Operational,,[1] Operational,[A] Operational,,[1] Operational,[A] Operational,,[1] Operational,[A] Operational,,#N/A,#N/A,#N/A,#N/A,#N/A,#N/A,#N/A,#N/A,#N/A,#N/A,#N/A,#N/A,#N/A,#N/A,#N/A
"Valderrama, Antique",,,,,06-006-18-000,06-06-18-000,Valderrama,Antique,Region VI (Western Visayas),Municipality,4th,R6,B,I,#N/A,#N/A,[1] Operational,[A] Operational,[1] Operational,[A] Operational,,[1] Operational,[A] Operational,,[1] Operational,[A] Operational,,[1] Operational,[A] Operational,,[1] Operational,[A] Operational,,[1] Operational,[A] Operational,,#N/A,#N/A,#N/A,#N/A,#N/A,#N/A,#N/A,#N/A,#N/A,#N/A,#N/A,#N/A,#N/A,#N/A,#N/A
"City of Tangub, Misamis Occidental",,,,,10-042-15-000,10-42-15-000,City of Tangub,Misamis Occidental,Region X (Northern Mindanao),City,4th,R10,B,N,#N/A,#N/A,[1] Operational,[A] Operational,[1] Operational,[A] Operational,,[1] Operational,[A] Operational,,[1] Operational,[A] Operational,,[1] Operational,[A] Operational,,[1] Operational,[A] Operational,,[1] Operational,[A] Operational,,#N/A,#N/A,#N/A,#N/A,#N/A,#N/A,#N/A,#N/A,#N/A,#N/A,#N/A,#N/A,#N/A,#N/A,#N/A
"Linamon, Lanao del Norte",,,,,10-035-10-000,10-35-10-000,Linamon,Lanao del Norte,Region X (Northern Mindanao),Municipality,5th,R10,B,N,#N/A,#N/A,[1] Operational,[A] Operational,[1] Operational,[A] Operational,,[1] Operational,[A] Operational,,[1] Operational,[A] Operational,,[1] Operational,[A] Operational,,[1] Operational,[A] Operational,,[1] Operational,[A] Operational,,#N/A,#N/A,#N/A,#N/A,#N/A,#N/A,#N/A,#N/A,#N/A,#N/A,#N/A,#N/A,#N/A,#N/A,#N/A
"Mahinog, Camiguin",,,,,10-018-03-000,10-18-03-000,Mahinog,Camiguin,Region X (Northern Mindanao),Municipality,5th,R10,B,N,#N/A,#N/A,[1] Operational,[A] Operational,[1] Operational,[A] Operational,,[1] Operational,[A] Operational,,[1] Operational,[A] Operational,,[1] Operational,[A] Operational,,[1] Operational,[A] Operational,,[1] Operational,[A] Operational,,#N/A,#N/A,#N/A,#N/A,#N/A,#N/A,#N/A,#N/A,#N/A,#N/A,#N/A,#N/A,#N/A,#N/A,#N/A
"Sagay, Camiguin",,,,,10-018-05-000,10-18-05-000,Sagay,Camiguin,Region X (Northern Mindanao),Municipality,5th,R10,B,N,#N/A,#N/A,[1] Operational,[A] Operational,[1] Operational,[A] Operational,,[1] Operational,[A] Operational,,[1] Operational,[A] Operational,,[1] Operational,[A] Operational,,[1] Operational,[A] Operational,,[1] Operational,[A] Operational,,#N/A,#N/A,#N/A,#N/A,#N/A,#N/A,#N/A,#N/A,#N/A,#N/A,#N/A,#N/A,#N/A,#N/A,#N/A
"Claveria, Misamis Oriental",,,,,10-043-06-000,10-43-06-000,Claveria,Misamis Oriental,Region X (Northern Mindanao),Municipality,1st,R10,B,N,#N/A,#N/A,[1] Operational,[A] Operational,[1] Operational,[A] Operational,,[1] Operational,[A] Operational,,[1] Operational,[A] Operational,,[1] Operational,[A] Operational,,[1] Operational,[A] Operational,,[1] Operational,[A] Operational,,#N/A,#N/A,#N/A,#N/A,#N/A,#N/A,#N/A,#N/A,#N/A,#N/A,#N/A,#N/A,#N/A,#N/A,#N/A
"Sinacaban, Misamis Occidental",,,,,10-042-14-000,10-42-14-000,Sinacaban,Misamis Occidental,Region X (Northern Mindanao),Municipality,5th,R10,B,N,#N/A,#N/A,[1] Operational,[A] Operational,[1] Operational,[A] Operational,,[1] Operational,[A] Operational,,[1] Operational,[A] Operational,,[1] Operational,[A] Operational,,[1] Operational,[A] Operational,,[1] Operational,[A] Operational,,#N/A,#N/A,#N/A,#N/A,#N/A,#N/A,#N/A,#N/A,#N/A,#N/A,#N/A,#N/A,#N/A,#N/A,#N/A
"Bonifacio, Misamis Occidental",,,,,10-042-03-000,10-42-03-000,Bonifacio,Misamis Occidental,Region X (Northern Mindanao),Municipality,4th,R10,B,N,#N/A,#N/A,[1] Operational,[A] Operational,[1] Operational,[A] Operational,,[1] Operational,[A] Operational,,[1] Operational,[A] Operational,,[1] Operational,[A] Operational,,[1] Operational,[A] Operational,,[1] Operational,[A] Operational,,#N/A,#N/A,#N/A,#N/A,#N/A,#N/A,#N/A,#N/A,#N/A,#N/A,#N/A,#N/A,#N/A,#N/A,#N/A
"City of Gingoog, Misamis Oriental",,,,,10-043-08-000,10-43-08-000,City of Gingoog,Misamis Oriental,Region X (Northern Mindanao),City,2nd,R10,B,N,#N/A,#N/A,[1] Operational,[A] Operational,[1] Operational,[A] Operational,,[1] Operational,[A] Operational,,[1] Operational,[A] Operational,,[1] Operational,[A] Operational,,[1] Operational,[A] Operational,,[1] Operational,[A] Operational,,#N/A,#N/A,#N/A,#N/A,#N/A,#N/A,#N/A,#N/A,#N/A,#N/A,#N/A,#N/A,#N/A,#N/A,#N/A
"Sablayan, Occidental Mindoro",,,,,17-051-09-000,17-51-09-000,Sablayan,Occidental Mindoro,MIMAROPA Region,Municipality,1st,R4B,B,G,#N/A,#N/A,[1] Operational,[A] Operational,[1] Operational,[A] Operational,,[1] Operational,[A] Operational,,[1] Operational,[A] Operational,,[1] Operational,[A] Operational,,[1] Operational,[A] Operational,,[1] Operational,[A] Operational,,#N/A,#N/A,#N/A,#N/A,#N/A,#N/A,#N/A,#N/A,#N/A,#N/A,#N/A,#N/A,#N/A,#N/A,#N/A
"Jiabong, Samar",,,,,08-060-09-000,08-60-09-000,Jiabong,Samar,Region VIII (Eastern Visayas),Municipality,5th,R8,B,K,#N/A,#N/A,[1] Operational,[A] Operational,[1] Operational,[A] Operational,,[1] Operational,[A] Operational,,[1] Operational,[A] Operational,,[1] Operational,[A] Operational,,[1] Operational,[A] Operational,,[1] Operational,[A] Operational,,#N/A,#N/A,#N/A,#N/A,#N/A,#N/A,#N/A,#N/A,#N/A,#N/A,#N/A,#N/A,#N/A,#N/A,#N/A
"Sapang Dalaga, Misamis Occidental",,,,,10-042-13-000,10-42-13-000,Sapang Dalaga,Misamis Occidental,Region X (Northern Mindanao),Municipality,5th*,R10,B,N,#N/A,#N/A,[1] Operational,[A] Operational,[1] Operational,[A] Operational,,[1] Operational,[A] Operational,,[1] Operational,[A] Operational,,[1] Operational,[A] Operational,,[1] Operational,[A] Operational,,[1] Operational,[A] Operational,,#N/A,#N/A,#N/A,#N/A,#N/A,#N/A,#N/A,#N/A,#N/A,#N/A,#N/A,#N/A,#N/A,#N/A,#N/A
"Alcantara, Romblon",,,,,17-059-01-000,17-59-01-000,Alcantara,Romblon,MIMAROPA Region,Municipality,5th,R4B,B,G,#N/A,#N/A,[1] Operational,[A] Operational,[1] Operational,[A] Operational,,[1] Operational,[A] Operational,,[1] Operational,[A] Operational,,[1] Operational,[A] Operational,,[1] Operational,[A] Operational,,[1] Operational,[A] Operational,,#N/A,#N/A,#N/A,#N/A,#N/A,#N/A,#N/A,#N/A,#N/A,#N/A,#N/A,#N/A,#N/A,#N/A,#N/A
"Bulalacao, Oriental Mindoro",,,,,17-052-04-000,17-52-04-000,Bulalacao,Oriental Mindoro,MIMAROPA Region,Municipality,3rd,R4B,B,G,#N/A,#N/A,[1] Operational,[A] Operational,[1] Operational,[A] Operational,,[1] Operational,[A] Operational,,[1] Operational,[A] Operational,,[1] Operational,[A] Operational,,[1] Operational,[A] Operational,,[1] Operational,[A] Operational,,#N/A,#N/A,#N/A,#N/A,#N/A,#N/A,#N/A,#N/A,#N/A,#N/A,#N/A,#N/A,#N/A,#N/A,#N/A
"Santa Fe, Romblon",,,,,17-059-15-000,17-59-15-000,Santa Fe,Romblon,MIMAROPA Region,Municipality,5th,R4B,B,G,#N/A,#N/A,[1] Operational,[A] Operational,[1] Operational,[A] Operational,,[1] Operational,[A] Operational,,[1] Operational,[A] Operational,,[1] Operational,[A] Operational,,[1] Operational,[A] Operational,,[1] Operational,[A] Operational,,#N/A,#N/A,#N/A,#N/A,#N/A,#N/A,#N/A,#N/A,#N/A,#N/A,#N/A,#N/A,#N/A,#N/A,#N/A
"Maasin, Iloilo",,,,,06-030-29-000,06-30-29-000,Maasin,Iloilo,Region VI (Western Visayas),Municipality,3rd,R6,B,I,#N/A,#N/A,[1] Operational,[A] Operational,[1] Operational,[A] Operational,,[1] Operational,[A] Operational,,[1] Operational,[A] Operational,,[1] Operational,[A] Operational,,[1] Operational,[A] Operational,,[1] Operational,[A] Operational,,#N/A,#N/A,#N/A,#N/A,#N/A,#N/A,#N/A,#N/A,#N/A,#N/A,#N/A,#N/A,#N/A,#N/A,#N/A
"Mina, Iloilo",,,,,06-030-31-000,06-30-31-000,Mina,Iloilo,Region VI (Western Visayas),Municipality,5th,R6,B,I,#N/A,#N/A,[1] Operational,[A] Operational,[1] Operational,[A] Operational,,[1] Operational,[A] Operational,,[1] Operational,[A] Operational,,[1] Operational,[A] Operational,,[1] Operational,[A] Operational,,[1] Operational,[A] Operational,,#N/A,#N/A,#N/A,#N/A,#N/A,#N/A,#N/A,#N/A,#N/A,#N/A,#N/A,#N/A,#N/A,#N/A,#N/A
"Pototan, Iloilo",,,,,06-030-37-000,06-30-37-000,Pototan,Iloilo,Region VI (Western Visayas),Municipality,1st,R6,B,I,#N/A,#N/A,[1] Operational,[A] Operational,[1] Operational,[A] Operational,,[1] Operational,[A] Operational,,[1] Operational,[A] Operational,,[1] Operational,[A] Operational,,[1] Operational,[A] Operational,,[1] Operational,[A] Operational,,#N/A,#N/A,#N/A,#N/A,#N/A,#N/A,#N/A,#N/A,#N/A,#N/A,#N/A,#N/A,#N/A,#N/A,#N/A
"Socorro, Surigao del Norte",,,,,16-067-23-000,16-67-23-000,Socorro,Surigao del Norte,Region XIII (Caraga),Municipality,4th,R13,B,O,#N/A,#N/A,[1] Operational,[A] Operational,[1] Operational,[A] Operational,,[1] Operational,[A] Operational,,[1] Operational,[A] Operational,,[1] Operational,[A] Operational,,[1] Operational,[A] Operational,,[1] Operational,[A] Operational,,#N/A,#N/A,#N/A,#N/A,#N/A,#N/A,#N/A,#N/A,#N/A,#N/A,#N/A,#N/A,#N/A,#N/A,#N/A
"Tubod, Surigao del Norte",,,,,16-067-27-000,16-67-27-000,Tubod,Surigao del Norte,Region XIII (Caraga),Municipality,5th,R13,B,O,#N/A,#N/A,[1] Operational,[A] Operational,[1] Operational,[A] Operational,,[1] Operational,[A] Operational,,[1] Operational,[A] Operational,,[1] Operational,[A] Operational,,[1] Operational,[A] Operational,,[1] Operational,[A] Operational,,#N/A,#N/A,#N/A,#N/A,#N/A,#N/A,#N/A,#N/A,#N/A,#N/A,#N/A,#N/A,#N/A,#N/A,#N/A
"Guiuan, Eastern Samar",,,,,08-026-09-000,08-26-09-000,Guiuan,Eastern Samar,Region VIII (Eastern Visayas),Municipality,2nd,R8,B,K,#N/A,#N/A,[1] Operational,[A] Operational,[1] Operational,[A] Operational,,[1] Operational,[A] Operational,,[1] Operational,[A] Operational,,[1] Operational,[A] Operational,,[1] Operational,[A] Operational,,[1] Operational,[A] Operational,,#N/A,#N/A,#N/A,#N/A,#N/A,#N/A,#N/A,#N/A,#N/A,#N/A,#N/A,#N/A,#N/A,#N/A,#N/A
"Alcoy, Cebu",,,,,07-022-02-000,07-22-02-000,Alcoy,Cebu,Region VII (Central Visayas),Municipality,5th,R7,B,J,#N/A,#N/A,[1] Operational,[A] Operational,[1] Operational,[A] Operational,,[1] Operational,[A] Operational,,[1] Operational,[A] Operational,,[1] Operational,[A] Operational,,[1] Operational,[A] Operational,,[1] Operational,[A] Operational,,#N/A,#N/A,#N/A,#N/A,#N/A,#N/A,#N/A,#N/A,#N/A,#N/A,#N/A,#N/A,#N/A,#N/A,#N/A
"Tudela, Cebu",,,,,07-022-53-000,07-22-53-000,Tudela,Cebu,Region VII (Central Visayas),Municipality,5th,R7,B,J,#N/A,#N/A,[1] Operational,[A] Operational,[1] Operational,[A] Operational,,[1] Operational,[A] Operational,,[1] Operational,[A] Operational,,[1] Operational,[A] Operational,,[1] Operational,[A] Operational,,[1] Operational,[A] Operational,,#N/A,#N/A,#N/A,#N/A,#N/A,#N/A,#N/A,#N/A,#N/A,#N/A,#N/A,#N/A,#N/A,#N/A,#N/A
"San Jose, Negros Oriental",,,,,07-046-17-000,07-46-17-000,San Jose,Negros Oriental,Region VII (Central Visayas),Municipality,5th,R7,B,J,#N/A,#N/A,[1] Operational,[A] Operational,[1] Operational,[A] Operational,,[1] Operational,[A] Operational,,[1] Operational,[A] Operational,,[1] Operational,[A] Operational,,[1] Operational,[A] Operational,,[1] Operational,[A] Operational,,#N/A,#N/A,#N/A,#N/A,#N/A,#N/A,#N/A,#N/A,#N/A,#N/A,#N/A,#N/A,#N/A,#N/A,#N/A
"Mabinay, Negros Oriental",,,,,07-046-14-000,07-46-14-000,Mabinay,Negros Oriental,Region VII (Central Visayas),Municipality,1st,R7,B,J,#N/A,#N/A,[1] Operational,[A] Operational,[1] Operational,[A] Operational,,[1] Operational,[A] Operational,,[1] Operational,[A] Operational,,[1] Operational,[A] Operational,,[1] Operational,[A] Operational,,[1] Operational,[A] Operational,,#N/A,#N/A,#N/A,#N/A,#N/A,#N/A,#N/A,#N/A,#N/A,#N/A,#N/A,#N/A,#N/A,#N/A,#N/A
"Sultan Naga Dimaporo, Lanao del Norte",,,,,10-035-06-000,10-35-06-000,Sultan Naga Dimaporo,Lanao del Norte,Region X (Northern Mindanao),Municipality,3rd,R10,B,N,#N/A,#N/A,[1] Operational,[A] Operational,[1] Operational,[A] Operational,,[1] Operational,[A] Operational,,[1] Operational,[A] Operational,,[1] Operational,[A] Operational,,[1] Operational,[A] Operational,,[1] Operational,[A] Operational,,#N/A,#N/A,#N/A,#N/A,#N/A,#N/A,#N/A,#N/A,#N/A,#N/A,#N/A,#N/A,#N/A,#N/A,#N/A
"Mainit, Surigao del Norte",,,,,16-067-14-000,16-67-14-000,Mainit,Surigao del Norte,Region XIII (Caraga),Municipality,4th,R13,B,O,#N/A,#N/A,[1] Operational,[A] Operational,[1] Operational,[A] Operational,,[1] Operational,[A] Operational,,[1] Operational,[A] Operational,,[1] Operational,[A] Operational,,[1] Operational,[A] Operational,,[1] Operational,[A] Operational,,#N/A,#N/A,#N/A,#N/A,#N/A,#N/A,#N/A,#N/A,#N/A,#N/A,#N/A,#N/A,#N/A,#N/A,#N/A
"Cagdianao, Dinagat Islands",,,,,16-085-02-000,16-85-02-000,Cagdianao,Dinagat Islands,Region XIII (Caraga),Municipality,3rd,R13,B,O,#N/A,#N/A,[1] Operational,[A] Operational,[1] Operational,[A] Operational,,[1] Operational,[A] Operational,,[1] Operational,[A] Operational,,[1] Operational,[A] Operational,,[1] Operational,[A] Operational,,[1] Operational,[A] Operational,,#N/A,#N/A,#N/A,#N/A,#N/A,#N/A,#N/A,#N/A,#N/A,#N/A,#N/A,#N/A,#N/A,#N/A,#N/A
"City of Iloilo, Iloilo",,,,,06-310-00-000,06-30-22-000,City of Iloilo,Iloilo,Region VI (Western Visayas),City,1st,R6,B,I,#N/A,#N/A,[1] Operational,[A] Operational,[1] Operational,[A] Operational,,[1] Operational,[A] Operational,,[1] Operational,[A] Operational,,[1] Operational,[A] Operational,,[1] Operational,[A] Operational,,[1] Operational,[A] Operational,,#N/A,#N/A,#N/A,#N/A,#N/A,#N/A,#N/A,#N/A,#N/A,#N/A,#N/A,#N/A,#N/A,#N/A,#N/A
"San Remigio, Antique",,,,,06-006-14-000,06-06-14-000,San Remigio,Antique,Region VI (Western Visayas),Municipality,3rd,R6,B,I,#N/A,#N/A,[1] Operational,[A] Operational,[1] Operational,[A] Operational,,[1] Operational,[A] Operational,,[1] Operational,[A] Operational,,[1] Operational,[A] Operational,,[1] Operational,[A] Operational,,[1] Operational,[A] Operational,,#N/A,#N/A,#N/A,#N/A,#N/A,#N/A,#N/A,#N/A,#N/A,#N/A,#N/A,#N/A,#N/A,#N/A,#N/A
"Tapaz, Capiz",,,,,06-019-17-000,06-19-17-000,Tapaz,Capiz,Region VI (Western Visayas),Municipality,1st,R6,B,I,#N/A,#N/A,[1] Operational,[A] Operational,[1] Operational,[A] Operational,,[1] Operational,[A] Operational,,[1] Operational,[A] Operational,,[1] Operational,[A] Operational,,[1] Operational,[A] Operational,,[1] Operational,[A] Operational,,#N/A,#N/A,#N/A,#N/A,#N/A,#N/A,#N/A,#N/A,#N/A,#N/A,#N/A,#N/A,#N/A,#N/A,#N/A
"Zarraga, Iloilo",,,,,06-030-47-000,06-30-47-000,Zarraga,Iloilo,Region VI (Western Visayas),Municipality,4th,R6,B,I,#N/A,#N/A,[1] Operational,[A] Operational,[1] Operational,[A] Operational,,[1] Operational,[A] Operational,,[1] Operational,[A] Operational,,[1] Operational,[A] Operational,,[1] Operational,[A] Operational,,[1] Operational,[A] Operational,,#N/A,#N/A,#N/A,#N/A,#N/A,#N/A,#N/A,#N/A,#N/A,#N/A,#N/A,#N/A,#N/A,#N/A,#N/A
"Basay, Negros Oriental",,,,,07-046-05-000,07-46-05-000,Basay,Negros Oriental,Region VII (Central Visayas),Municipality,4th,R7,B,J,#N/A,#N/A,[1] Operational,[A] Operational,[1] Operational,[A] Operational,,[1] Operational,[A] Operational,,[1] Operational,[A] Operational,,[1] Operational,[A] Operational,,[1] Operational,[A] Operational,,[1] Operational,[A] Operational,,#N/A,#N/A,#N/A,#N/A,#N/A,#N/A,#N/A,#N/A,#N/A,#N/A,#N/A,#N/A,#N/A,#N/A,#N/A
"San Vicente, Palawan",,,,,17-053-19-000,17-53-19-000,San Vicente,Palawan,MIMAROPA Region,Municipality,1st,R4B,B,G,#N/A,#N/A,[1] Operational,[A] Operational,[1] Operational,[A] Operational,,[1] Operational,[A] Operational,,[1] Operational,[A] Operational,,[1] Operational,[A] Operational,,[1] Operational,[A] Operational,,[1] Operational,[A] Operational,,#N/A,#N/A,#N/A,#N/A,#N/A,#N/A,#N/A,#N/A,#N/A,#N/A,#N/A,#N/A,#N/A,#N/A,#N/A
"Hinoba-an, Negros Occidental",,,,,06-045-12-000,06-45-12-000,Hinoba-an,Negros Occidental,Region VI (Western Visayas),Municipality,1st,R6,B,I,#N/A,#N/A,[1] Operational,[A] Operational,[1] Operational,[A] Operational,,[1] Operational,[A] Operational,,[1] Operational,[A] Operational,,[1] Operational,[A] Operational,,[1] Operational,[A] Operational,,[1] Operational,[A] Operational,,#N/A,#N/A,#N/A,#N/A,#N/A,#N/A,#N/A,#N/A,#N/A,#N/A,#N/A,#N/A,#N/A,#N/A,#N/A
"Lugait, Misamis Oriental",,,,,10-043-16-000,10-43-16-000,Lugait,Misamis Oriental,Region X (Northern Mindanao),Municipality,2nd,R10,B,N,#N/A,#N/A,[1] Operational,[A] Operational,[1] Operational,[A] Operational,,[1] Operational,[A] Operational,,[1] Operational,[A] Operational,,[1] Operational,[A] Operational,,[1] Operational,[A] Operational,,[1] Operational,[A] Operational,,#N/A,#N/A,#N/A,#N/A,#N/A,#N/A,#N/A,#N/A,#N/A,#N/A,#N/A,#N/A,#N/A,#N/A,#N/A
"Opol, Misamis Oriental",,,,,10-043-21-000,10-43-21-000,Opol,Misamis Oriental,Region X (Northern Mindanao),Municipality,2nd,R10,B,N,#N/A,#N/A,[1] Operational,[A] Operational,[1] Operational,[A] Operational,,[1] Operational,[A] Operational,,[1] Operational,[A] Operational,,[1] Operational,[A] Operational,,[1] Operational,[A] Operational,,[1] Operational,[A] Operational,,#N/A,#N/A,#N/A,#N/A,#N/A,#N/A,#N/A,#N/A,#N/A,#N/A,#N/A,#N/A,#N/A,#N/A,#N/A
"Sugbongcogon, Misamis Oriental",,,,,10-043-23-000,10-43-23-000,Sugbongcogon,Misamis Oriental,Region X (Northern Mindanao),Municipality,5th,R10,B,N,#N/A,#N/A,[1] Operational,[A] Operational,[1] Operational,[A] Operational,,[1] Operational,[A] Operational,,[1] Operational,[A] Operational,,[1] Operational,[A] Operational,,[1] Operational,[A] Operational,,[1] Operational,[A] Operational,,#N/A,#N/A,#N/A,#N/A,#N/A,#N/A,#N/A,#N/A,#N/A,#N/A,#N/A,#N/A,#N/A,#N/A,#N/A
"Villanueva, Misamis Oriental",,,,,10-043-26-000,10-43-26-000,Villanueva,Misamis Oriental,Region X (Northern Mindanao),Municipality,2nd,R10,B,N,#N/A,#N/A,[1] Operational,[A] Operational,[1] Operational,[A] Operational,,[1] Operational,[A] Operational,,[1] Operational,[A] Operational,,[1] Operational,[A] Operational,,[1] Operational,[A] Operational,,[1] Operational,[A] Operational,,#N/A,#N/A,#N/A,#N/A,#N/A,#N/A,#N/A,#N/A,#N/A,#N/A,#N/A,#N/A,#N/A,#N/A,#N/A
"Magsaysay, Misamis Oriental",,,,,10-043-17-000,10-43-17-000,Magsaysay,Misamis Oriental,Region X (Northern Mindanao),Municipality,4th,R10,B,N,#N/A,#N/A,[1] Operational,[A] Operational,[1] Operational,[A] Operational,,[1] Operational,[A] Operational,,[1] Operational,[A] Operational,,[1] Operational,[A] Operational,,[1] Operational,[A] Operational,,[1] Operational,[A] Operational,,#N/A,#N/A,#N/A,#N/A,#N/A,#N/A,#N/A,#N/A,#N/A,#N/A,#N/A,#N/A,#N/A,#N/A,#N/A
"Jimenez, Misamis Occidental",,,,,10-042-07-000,10-42-07-000,Jimenez,Misamis Occidental,Region X (Northern Mindanao),Municipality,3rd,R10,B,N,#N/A,#N/A,[1] Operational,[A] Operational,[1] Operational,[A] Operational,,[1] Operational,[A] Operational,,[1] Operational,[A] Operational,,[1] Operational,[A] Operational,,[1] Operational,[A] Operational,,[1] Operational,[A] Operational,,#N/A,#N/A,#N/A,#N/A,#N/A,#N/A,#N/A,#N/A,#N/A,#N/A,#N/A,#N/A,#N/A,#N/A,#N/A
"Impasug-ong, Bukidnon",,,,,10-013-05-000,10-13-05-000,Impasug-ong,Bukidnon,Region X (Northern Mindanao),Municipality,1st,R10,B,N,#N/A,#N/A,[1] Operational,[A] Operational,[1] Operational,[A] Operational,,[1] Operational,[A] Operational,,[1] Operational,[A] Operational,,[1] Operational,[A] Operational,,[1] Operational,[A] Operational,,[1] Operational,[A] Operational,,#N/A,#N/A,#N/A,#N/A,#N/A,#N/A,#N/A,#N/A,#N/A,#N/A,#N/A,#N/A,#N/A,#N/A,#N/A
"Talisayan, Misamis Oriental",,,,,10-043-25-000,10-43-25-000,Talisayan,Misamis Oriental,Region X (Northern Mindanao),Municipality,4th,R10,B,N,#N/A,#N/A,[1] Operational,[A] Operational,[1] Operational,[A] Operational,,[1] Operational,[A] Operational,,[1] Operational,[A] Operational,,[1] Operational,[A] Operational,,[1] Operational,[A] Operational,,[1] Operational,[A] Operational,,#N/A,#N/A,#N/A,#N/A,#N/A,#N/A,#N/A,#N/A,#N/A,#N/A,#N/A,#N/A,#N/A,#N/A,#N/A
"Balingasag, Misamis Oriental",,,,,10-043-02-000,10-43-02-000,Balingasag,Misamis Oriental,Region X (Northern Mindanao),Municipality,2nd,R10,B,N,#N/A,#N/A,[1] Operational,[A] Operational,[1] Operational,[A] Operational,,[1] Operational,[A] Operational,,[1] Operational,[A] Operational,,[1] Operational,[A] Operational,,[1] Operational,[A] Operational,,[1] Operational,[A] Operational,,#N/A,#N/A,#N/A,#N/A,#N/A,#N/A,#N/A,#N/A,#N/A,#N/A,#N/A,#N/A,#N/A,#N/A,#N/A
"Bauko, Mountain Province",,,,,14-044-02-000,14-44-02-000,Bauko,Mountain Province,Cordillera Administrative Region (CAR),Municipality,4th,CAR,B,B,#N/A,#N/A,[1] Operational,[A] Operational,[1] Operational,[A] Operational,,[1] Operational,[A] Operational,,[1] Operational,[A] Operational,,[1] Operational,[A] Operational,,[1] Operational,[A] Operational,,[1] Operational,[A] Operational,,#N/A,#N/A,#N/A,#N/A,#N/A,#N/A,#N/A,#N/A,#N/A,#N/A,#N/A,#N/A,#N/A,#N/A,#N/A
"Mankayan, Benguet",,,,,14-011-11-000,14-11-11-000,Mankayan,Benguet,Cordillera Administrative Region (CAR),Municipality,1st,CAR,B,B,#N/A,#N/A,[1] Operational,[A] Operational,[1] Operational,[A] Operational,,[1] Operational,[A] Operational,,[1] Operational,[A] Operational,,[1] Operational,[A] Operational,,[1] Operational,[A] Operational,,[1] Operational,[A] Operational,,#N/A,#N/A,#N/A,#N/A,#N/A,#N/A,#N/A,#N/A,#N/A,#N/A,#N/A,#N/A,#N/A,#N/A,#N/A
"Santa Marcela, Apayao",,,,,14-081-07-000,14-81-07-000,Santa Marcela,Apayao,Cordillera Administrative Region (CAR),Municipality,4th,CAR,B,B,#N/A,#N/A,[1] Operational,[A] Operational,[1] Operational,[A] Operational,,[1] Operational,[A] Operational,,[1] Operational,[A] Operational,,[1] Operational,[A] Operational,,[1] Operational,[A] Operational,,[1] Operational,[A] Operational,,#N/A,#N/A,#N/A,#N/A,#N/A,#N/A,#N/A,#N/A,#N/A,#N/A,#N/A,#N/A,#N/A,#N/A,#N/A
"Tayum, Abra",,,,,14-001-24-000,14-01-24-000,Tayum,Abra,Cordillera Administrative Region (CAR),Municipality,5th,CAR,B,B,#N/A,#N/A,[1] Operational,[A] Operational,[1] Operational,[A] Operational,,[1] Operational,[A] Operational,,[1] Operational,[A] Operational,,[1] Operational,[A] Operational,,[1] Operational,[A] Operational,,[1] Operational,[A] Operational,,#N/A,#N/A,#N/A,#N/A,#N/A,#N/A,#N/A,#N/A,#N/A,#N/A,#N/A,#N/A,#N/A,#N/A,#N/A
"Aglipay, Quirino",,,,,02-057-01-000,02-57-01-000,Aglipay,Quirino,Region II (Cagayan Valley),Municipality,3rd,R2,B,D,#N/A,#N/A,[1] Operational,[A] Operational,[1] Operational,[A] Operational,,[1] Operational,[A] Operational,,[1] Operational,[A] Operational,,[1] Operational,[A] Operational,,[1] Operational,[A] Operational,,[1] Operational,[A] Operational,,#N/A,#N/A,#N/A,#N/A,#N/A,#N/A,#N/A,#N/A,#N/A,#N/A,#N/A,#N/A,#N/A,#N/A,#N/A
"Alfonso Castaneda, Nueva Vizcaya",,,,,02-050-15-000,02-50-15-000,Alfonso Castaneda,Nueva Vizcaya,Region II (Cagayan Valley),Municipality,1st,R2,B,D,#N/A,#N/A,[1] Operational,[A] Operational,[1] Operational,[A] Operational,,[1] Operational,[A] Operational,,[1] Operational,[A] Operational,,[1] Operational,[A] Operational,,[1] Operational,[A] Operational,,[1] Operational,[A] Operational,,#N/A,#N/A,#N/A,#N/A,#N/A,#N/A,#N/A,#N/A,#N/A,#N/A,#N/A,#N/A,#N/A,#N/A,#N/A
"Alicia, Isabela",,,,,02-031-01-000,02-31-01-000,Alicia,Isabela,Region II (Cagayan Valley),Municipality,1st,R2,B,D,#N/A,#N/A,[1] Operational,[A] Operational,[1] Operational,[A] Operational,,[1] Operational,[A] Operational,,[1] Operational,[A] Operational,,[1] Operational,[A] Operational,,[1] Operational,[A] Operational,,[1] Operational,[A] Operational,,#N/A,#N/A,#N/A,#N/A,#N/A,#N/A,#N/A,#N/A,#N/A,#N/A,#N/A,#N/A,#N/A,#N/A,#N/A
"Ambaguio, Nueva Vizcaya",,,,,02-050-01-000,02-50-01-000,Ambaguio,Nueva Vizcaya,Region II (Cagayan Valley),Municipality,5th,R2,B,D,#N/A,#N/A,#N/A,#N/A,#N/A,#N/A,#N/A,[1] Operational,[A] Operational,,[1] Operational,[A] Operational,,[1] Operational,[A] Operational,,[1] Operational,[A] Operational,,[1] Operational,[A] Operational,,#N/A,#N/A,#N/A,#N/A,#N/A,#N/A,#N/A,#N/A,#N/A,#N/A,#N/A,#N/A,#N/A,#N/A,#N/A
"Amulung, Cagayan",,,,,02-015-04-000,02-15-04-000,Amulung,Cagayan,Region II (Cagayan Valley),Municipality,2nd,R2,B,D,#N/A,#N/A,[1] Operational,[A] Operational,[1] Operational,[A] Operational,,[1] Operational,[A] Operational,,[1] Operational,[A] Operational,,[1] Operational,[A] Operational,,[1] Operational,[A] Operational,,[1] Operational,[A] Operational,,#N/A,#N/A,#N/A,#N/A,#N/A,#N/A,#N/A,#N/A,#N/A,#N/A,#N/A,#N/A,#N/A,#N/A,#N/A
"Aritao, Nueva Vizcaya",,,,,02-050-02-000,02-50-02-000,Aritao,Nueva Vizcaya,Region II (Cagayan Valley),Municipality,2nd,R2,B,D,#N/A,#N/A,[1] Operational,[A] Operational,[1] Operational,[A] Operational,,[1] Operational,[A] Operational,,[1] Operational,[A] Operational,,[1] Operational,[A] Operational,,[1] Operational,[A] Operational,,[1] Operational,[A] Operational,,#N/A,#N/A,#N/A,#N/A,#N/A,#N/A,#N/A,#N/A,#N/A,#N/A,#N/A,#N/A,#N/A,#N/A,#N/A
"Burgos, Isabela",,,,,02-031-05-000,02-31-05-000,Burgos,Isabela,Region II (Cagayan Valley),Municipality,4th,R2,B,D,#N/A,#N/A,[1] Operational,[A] Operational,[1] Operational,[A] Operational,,[1] Operational,[A] Operational,,[1] Operational,[A] Operational,,[1] Operational,[A] Operational,,[1] Operational,[A] Operational,,[1] Operational,[A] Operational,,#N/A,#N/A,#N/A,#N/A,#N/A,#N/A,#N/A,#N/A,#N/A,#N/A,#N/A,#N/A,#N/A,#N/A,#N/A
"Cabarroguis, Quirino",,,,,02-057-02-000,02-57-02-000,Cabarroguis,Quirino,Region II (Cagayan Valley),Municipality,3rd,R2,B,D,#N/A,#N/A,[1] Operational,[A] Operational,[1] Operational,[A] Operational,,[1] Operational,[A] Operational,,[1] Operational,[A] Operational,,[1] Operational,[A] Operational,,[1] Operational,[A] Operational,,[1] Operational,[A] Operational,,#N/A,#N/A,#N/A,#N/A,#N/A,#N/A,#N/A,#N/A,#N/A,#N/A,#N/A,#N/A,#N/A,#N/A,#N/A
"Dinapigue, Isabela",,,,,02-031-10-000,02-31-10-000,Dinapigue,Isabela,Region II (Cagayan Valley),Municipality,1st,R2,B,D,#N/A,#N/A,[1] Operational,[A] Operational,[1] Operational,[A] Operational,,[1] Operational,[A] Operational,,[1] Operational,[A] Operational,,[1] Operational,[A] Operational,,[1] Operational,[A] Operational,,[1] Operational,[A] Operational,,#N/A,#N/A,#N/A,#N/A,#N/A,#N/A,#N/A,#N/A,#N/A,#N/A,#N/A,#N/A,#N/A,#N/A,#N/A
"Divilacan, Isabela",,,,,02-031-11-000,02-31-11-000,Divilacan,Isabela,Region II (Cagayan Valley),Municipality,2nd,R2,B,D,#N/A,#N/A,[1] Operational,[A] Operational,[1] Operational,[A] Operational,,[1] Operational,[A] Operational,,[1] Operational,[A] Operational,,[1] Operational,[A] Operational,,[1] Operational,[A] Operational,,[1] Operational,[A] Operational,,#N/A,#N/A,#N/A,#N/A,#N/A,#N/A,#N/A,#N/A,#N/A,#N/A,#N/A,#N/A,#N/A,#N/A,#N/A
"Dupax del Norte, Nueva Vizcaya",,,,,02-050-07-000,02-50-07-000,Dupax del Norte,Nueva Vizcaya,Region II (Cagayan Valley),Municipality,3rd,R2,B,D,#N/A,#N/A,[1] Operational,[A] Operational,[1] Operational,[A] Operational,,[1] Operational,[A] Operational,,[1] Operational,[A] Operational,,[1] Operational,[A] Operational,,[1] Operational,[A] Operational,,[1] Operational,[A] Operational,,#N/A,#N/A,#N/A,#N/A,#N/A,#N/A,#N/A,#N/A,#N/A,#N/A,#N/A,#N/A,#N/A,#N/A,#N/A
"Echague, Isabela",,,,,02-031-12-000,02-31-12-000,Echague,Isabela,Region II (Cagayan Valley),Municipality,1st,R2,B,D,#N/A,#N/A,[1] Operational,[A] Operational,[1] Operational,[A] Operational,,[1] Operational,[A] Operational,,[1] Operational,[A] Operational,,[1] Operational,[A] Operational,,[1] Operational,[A] Operational,,[1] Operational,[A] Operational,,#N/A,#N/A,#N/A,#N/A,#N/A,#N/A,#N/A,#N/A,#N/A,#N/A,#N/A,#N/A,#N/A,#N/A,#N/A
"Enrile, Cagayan",,,,,02-015-12-000,02-15-12-000,Enrile,Cagayan,Region II (Cagayan Valley),Municipality,3rd,R2,B,D,#N/A,#N/A,[1] Operational,[A] Operational,[1] Operational,[A] Operational,,[1] Operational,[A] Operational,,[1] Operational,[A] Operational,,[1] Operational,[A] Operational,,[1] Operational,[A] Operational,,[1] Operational,[A] Operational,,#N/A,#N/A,#N/A,#N/A,#N/A,#N/A,#N/A,#N/A,#N/A,#N/A,#N/A,#N/A,#N/A,#N/A,#N/A
"Kasibu, Nueva Vizcaya",,,,,02-050-09-000,02-50-09-000,Kasibu,Nueva Vizcaya,Region II (Cagayan Valley),Municipality,3rd,R2,B,D,#N/A,#N/A,#N/A,#N/A,#N/A,#N/A,#N/A,[1] Operational,[A] Operational,,[1] Operational,[A] Operational,,[1] Operational,[A] Operational,,[1] Operational,[A] Operational,,[1] Operational,[A] Operational,,#N/A,#N/A,#N/A,#N/A,#N/A,#N/A,#N/A,#N/A,#N/A,#N/A,#N/A,#N/A,#N/A,#N/A,#N/A
"Kayapa, Nueva Vizcaya",,,,,02-050-10-000,02-50-10-000,Kayapa,Nueva Vizcaya,Region II (Cagayan Valley),Municipality,3rd,R2,B,D,#N/A,#N/A,[1] Operational,[A] Operational,[1] Operational,[A] Operational,,[1] Operational,[A] Operational,,[1] Operational,[A] Operational,,[1] Operational,[A] Operational,,[1] Operational,[A] Operational,,[1] Operational,[A] Operational,,#N/A,#N/A,#N/A,#N/A,#N/A,#N/A,#N/A,#N/A,#N/A,#N/A,#N/A,#N/A,#N/A,#N/A,#N/A
"Nagtipunan, Quirino",,,,,02-057-06-000,02-57-06-000,Nagtipunan,Quirino,Region II (Cagayan Valley),Municipality,1st,R2,B,D,#N/A,#N/A,[1] Operational,[A] Operational,[1] Operational,[A] Operational,,[1] Operational,[A] Operational,,[1] Operational,[A] Operational,,[1] Operational,[A] Operational,,[1] Operational,[A] Operational,,[1] Operational,[A] Operational,,#N/A,#N/A,#N/A,#N/A,#N/A,#N/A,#N/A,#N/A,#N/A,#N/A,#N/A,#N/A,#N/A,#N/A,#N/A
"Pamplona, Cagayan",,,,,02-015-18-000,02-15-18-000,Pamplona,Cagayan,Region II (Cagayan Valley),Municipality,4th,R2,B,D,#N/A,#N/A,[1] Operational,[A] Operational,[1] Operational,[A] Operational,,[1] Operational,[A] Operational,,[1] Operational,[A] Operational,,[1] Operational,[A] Operational,,[1] Operational,[A] Operational,,[1] Operational,[A] Operational,,#N/A,#N/A,#N/A,#N/A,#N/A,#N/A,#N/A,#N/A,#N/A,#N/A,#N/A,#N/A,#N/A,#N/A,#N/A
"Peñablanca, Cagayan",,,,,02-015-19-000,02-15-19-000,Peñablanca,Cagayan,Region II (Cagayan Valley),Municipality,1st,R2,B,D,#N/A,#N/A,[1] Operational,[A] Operational,[1] Operational,[A] Operational,,[1] Operational,[A] Operational,,[1] Operational,[A] Operational,,[1] Operational,[A] Operational,,[1] Operational,[A] Operational,,[1] Operational,[A] Operational,,#N/A,#N/A,#N/A,#N/A,#N/A,#N/A,#N/A,#N/A,#N/A,#N/A,#N/A,#N/A,#N/A,#N/A,#N/A
"Sanchez-Mira, Cagayan",,,,,02-015-22-000,02-15-22-000,Sanchez-Mira,Cagayan,Region II (Cagayan Valley),Municipality,3rd,R2,B,D,#N/A,#N/A,[1] Operational,[A] Operational,[1] Operational,[A] Operational,,[1] Operational,[A] Operational,,[1] Operational,[A] Operational,,[1] Operational,[A] Operational,,[1] Operational,[A] Operational,,[1] Operational,[A] Operational,,#N/A,#N/A,#N/A,#N/A,#N/A,#N/A,#N/A,#N/A,#N/A,#N/A,#N/A,#N/A,#N/A,#N/A,#N/A
"Santa Maria, Isabela",,,,,02-031-34-000,02-31-34-000,Santa Maria,Isabela,Region II (Cagayan Valley),Municipality,4th,R2,B,D,#N/A,#N/A,[1] Operational,[A] Operational,[1] Operational,[A] Operational,,[1] Operational,[A] Operational,,[1] Operational,[A] Operational,,[1] Operational,[A] Operational,,[1] Operational,[A] Operational,,[1] Operational,[A] Operational,,#N/A,#N/A,#N/A,#N/A,#N/A,#N/A,#N/A,#N/A,#N/A,#N/A,#N/A,#N/A,#N/A,#N/A,#N/A
"Santa Praxedes, Cagayan",,,,,02-015-24-000,02-15-24-000,Santa Praxedes,Cagayan,Region II (Cagayan Valley),Municipality,5th,R2,B,D,#N/A,#N/A,[1] Operational,[A] Operational,[1] Operational,[A] Operational,,[1] Operational,[A] Operational,,[1] Operational,[A] Operational,,[1] Operational,[A] Operational,,[1] Operational,[A] Operational,,[1] Operational,[A] Operational,,#N/A,#N/A,#N/A,#N/A,#N/A,#N/A,#N/A,#N/A,#N/A,#N/A,#N/A,#N/A,#N/A,#N/A,#N/A
"Solana, Cagayan",,,,,02-015-27-000,02-15-27-000,Solana,Cagayan,Region II (Cagayan Valley),Municipality,1st,R2,B,D,#N/A,#N/A,[1] Operational,[A] Operational,[1] Operational,[A] Operational,,[1] Operational,[A] Operational,,[1] Operational,[A] Operational,,[1] Operational,[A] Operational,,[1] Operational,[A] Operational,,[1] Operational,[A] Operational,,#N/A,#N/A,#N/A,#N/A,#N/A,#N/A,#N/A,#N/A,#N/A,#N/A,#N/A,#N/A,#N/A,#N/A,#N/A
"Tuao, Cagayan",,,,,02-015-28-000,02-15-28-000,Tuao,Cagayan,Region II (Cagayan Valley),Municipality,1st,R2,B,D,#N/A,#N/A,#N/A,#N/A,[1] Operational,[A] Operational,,[1] Operational,[A] Operational,,[1] Operational,[A] Operational,,[1] Operational,[A] Operational,,[1] Operational,[A] Operational,,[1] Operational,[A] Operational,,#N/A,#N/A,#N/A,#N/A,#N/A,#N/A,#N/A,#N/A,#N/A,#N/A,#N/A,#N/A,#N/A,#N/A,#N/A
"Bustos, Bulacan",,,,,03-014-06-000,03-14-06-000,Bustos,Bulacan,Region III (Central Luzon),Municipality,2nd,R3,B,E,#N/A,#N/A,[1] Operational,[A] Operational,[1] Operational,[A] Operational,,[1] Operational,[A] Operational,,[1] Operational,[A] Operational,,[1] Operational,[A] Operational,,[1] Operational,[A] Operational,,[1] Operational,[A] Operational,,#N/A,#N/A,#N/A,#N/A,#N/A,#N/A,#N/A,#N/A,#N/A,#N/A,#N/A,#N/A,#N/A,#N/A,#N/A
"City of San Jose Del Monte, Bulacan",,,,,03-014-20-000,03-14-20-000,City of San Jose Del Monte,Bulacan,Region III (Central Luzon),City,1st,R3,B,E,#N/A,#N/A,[1] Operational,[A] Operational,[1] Operational,[A] Operational,,[1] Operational,[A] Operational,,[1] Operational,[A] Operational,,[1] Operational,[A] Operational,,[1] Operational,[A] Operational,,[1] Operational,[A] Operational,,#N/A,#N/A,#N/A,#N/A,#N/A,#N/A,#N/A,#N/A,#N/A,#N/A,#N/A,#N/A,#N/A,#N/A,#N/A
"Banton, Romblon",,,,,17-059-02-000,17-59-02-000,Banton,Romblon,MIMAROPA Region,Municipality,5th,R4B,B,G,#N/A,#N/A,[1] Operational,[A] Operational,[1] Operational,[A] Operational,,[1] Operational,[A] Operational,,[1] Operational,[A] Operational,,[1] Operational,[A] Operational,,[1] Operational,[A] Operational,,[1] Operational,[A] Operational,,#N/A,#N/A,#N/A,#N/A,#N/A,#N/A,#N/A,#N/A,#N/A,#N/A,#N/A,#N/A,#N/A,#N/A,#N/A
"Calatrava, Romblon",,,,,17-059-04-000,17-59-04-000,Calatrava,Romblon,MIMAROPA Region,Municipality,5th,R4B,B,G,#N/A,#N/A,[1] Operational,[A] Operational,[1] Operational,[A] Operational,,[1] Operational,[A] Operational,,[1] Operational,[A] Operational,,[1] Operational,[A] Operational,,[1] Operational,[A] Operational,,[1] Operational,[A] Operational,,#N/A,#N/A,#N/A,#N/A,#N/A,#N/A,#N/A,#N/A,#N/A,#N/A,#N/A,#N/A,#N/A,#N/A,#N/A
"Looc, Occidental Mindoro",,,,,17-051-03-000,17-51-03-000,Looc,Occidental Mindoro,MIMAROPA Region,Municipality,5th,R4B,B,G,#N/A,#N/A,[1] Operational,[A] Operational,[1] Operational,[A] Operational,,[1] Operational,[A] Operational,,[1] Operational,[A] Operational,,[1] Operational,[A] Operational,,[1] Operational,[A] Operational,,[1] Operational,[A] Operational,,#N/A,#N/A,#N/A,#N/A,#N/A,#N/A,#N/A,#N/A,#N/A,#N/A,#N/A,#N/A,#N/A,#N/A,#N/A
"Magsaysay, Occidental Mindoro",,,,,17-051-05-000,17-51-05-000,Magsaysay,Occidental Mindoro,MIMAROPA Region,Municipality,3rd,R4B,B,G,#N/A,#N/A,#N/A,#N/A,#N/A,#N/A,#N/A,[2] Ongoing Testing and Data Build-up,[B] Developmental,,[2] Ongoing Testing and Data Build-up,[B] Developmental,,[2] Ongoing Testing and Data Build-up,[B] Developmental,,[2] Ongoing Testing and Data Build-up,[B] Developmental,,[2] Ongoing Testing and Data Build-up,[B] Developmental,,#N/A,#N/A,#N/A,#N/A,#N/A,#N/A,#N/A,#N/A,#N/A,#N/A,#N/A,#N/A,#N/A,#N/A,#N/A
"Narra, Palawan",,,,,17-053-15-000,17-53-15-000,Narra,Palawan,MIMAROPA Region,Municipality,1st,R4B,B,G,#N/A,#N/A,[1] Operational,[A] Operational,[1] Operational,[A] Operational,,[1] Operational,[A] Operational,,[1] Operational,[A] Operational,,[1] Operational,[A] Operational,,[1] Operational,[A] Operational,,[1] Operational,[A] Operational,,#N/A,#N/A,#N/A,#N/A,#N/A,#N/A,#N/A,#N/A,#N/A,#N/A,#N/A,#N/A,#N/A,#N/A,#N/A
"Naujan, Oriental Mindoro",,,,,17-052-08-000,17-52-08-000,Naujan,Oriental Mindoro,MIMAROPA Region,Municipality,1st,R4B,B,G,#N/A,#N/A,[1] Operational,[A] Operational,[1] Operational,[A] Operational,,[1] Operational,[A] Operational,,[1] Operational,[A] Operational,,[1] Operational,[A] Operational,,[1] Operational,[A] Operational,,[1] Operational,[A] Operational,,#N/A,#N/A,#N/A,#N/A,#N/A,#N/A,#N/A,#N/A,#N/A,#N/A,#N/A,#N/A,#N/A,#N/A,#N/A
"San Fernando, Romblon",,,,,17-059-13-000,17-59-13-000,San Fernando,Romblon,MIMAROPA Region,Municipality,4th,R4B,B,G,#N/A,#N/A,[1] Operational,[A] Operational,[1] Operational,[A] Operational,,[1] Operational,[A] Operational,,[1] Operational,[A] Operational,,[1] Operational,[A] Operational,,[1] Operational,[A] Operational,,[1] Operational,[A] Operational,,#N/A,#N/A,#N/A,#N/A,#N/A,#N/A,#N/A,#N/A,#N/A,#N/A,#N/A,#N/A,#N/A,#N/A,#N/A
"San Teodoro, Oriental Mindoro",,,,,17-052-13-000,17-52-13-000,San Teodoro,Oriental Mindoro,MIMAROPA Region,Municipality,4th,R4B,B,G,#N/A,#N/A,#N/A,#N/A,[1] Operational,[A] Operational,,[1] Operational,[A] Operational,,[1] Operational,[A] Operational,,[1] Operational,[A] Operational,,[1] Operational,[A] Operational,,[1] Operational,[A] Operational,,#N/A,#N/A,#N/A,#N/A,#N/A,#N/A,#N/A,#N/A,#N/A,#N/A,#N/A,#N/A,#N/A,#N/A,#N/A
"Banate, Iloilo",,,,,06-030-06-000,06-30-06-000,Banate,Iloilo,Region VI (Western Visayas),Municipality,4th,R6,B,I,#N/A,#N/A,[1] Operational,[A] Operational,[1] Operational,[A] Operational,,[1] Operational,[A] Operational,,[1] Operational,[A] Operational,,[1] Operational,[A] Operational,,[1] Operational,[A] Operational,,[1] Operational,[A] Operational,,#N/A,#N/A,#N/A,#N/A,#N/A,#N/A,#N/A,#N/A,#N/A,#N/A,#N/A,#N/A,#N/A,#N/A,#N/A
"Barotac Nuevo, Iloilo",,,,,06-030-07-000,06-30-07-000,Barotac Nuevo,Iloilo,Region VI (Western Visayas),Municipality,2nd,R6,B,I,#N/A,#N/A,[1] Operational,[A] Operational,[1] Operational,[A] Operational,,[1] Operational,[A] Operational,,[1] Operational,[A] Operational,,[1] Operational,[A] Operational,,[1] Operational,[A] Operational,,[1] Operational,[A] Operational,,#N/A,#N/A,#N/A,#N/A,#N/A,#N/A,#N/A,#N/A,#N/A,#N/A,#N/A,#N/A,#N/A,#N/A,#N/A
"Santa Cruz, Occidental Mindoro",,,,,17-051-11-000,17-51-11-000,Santa Cruz,Occidental Mindoro,MIMAROPA Region,Municipality,1st,R4B,B,G,#N/A,#N/A,#N/A,#N/A,#N/A,#N/A,#N/A,[2] Ongoing Testing and Data Build-up,[B] Developmental,,[2] Ongoing Testing and Data Build-up,[B] Developmental,,[2] Ongoing Testing and Data Build-up,[B] Developmental,,[2] Ongoing Testing and Data Build-up,[B] Developmental,,[2] Ongoing Testing and Data Build-up,[B] Developmental,,#N/A,#N/A,#N/A,#N/A,#N/A,#N/A,#N/A,#N/A,#N/A,#N/A,#N/A,#N/A,#N/A,#N/A,#N/A
"Calinog, Iloilo",,,,,06-030-13-000,06-30-13-000,Calinog,Iloilo,Region VI (Western Visayas),Municipality,1st,R6,B,I,#N/A,#N/A,[1] Operational,[A] Operational,[1] Operational,[A] Operational,,#N/A,#N/A,#N/A,[1] Operational,[A] Operational,,[1] Operational,[A] Operational,,[1] Operational,[A] Operational,,[1] Operational,[A] Operational,,#N/A,#N/A,#N/A,#N/A,#N/A,#N/A,#N/A,#N/A,#N/A,#N/A,#N/A,#N/A,#N/A,#N/A,#N/A
"Ma-Ayon, Capiz",,,,,06-019-07-000,06-19-07-000,Ma-Ayon,Capiz,Region VI (Western Visayas),Municipality,3rd,R6,B,I,#N/A,#N/A,[2] Ongoing Testing and Data Build-up,[B] Developmental,[2] Ongoing Testing and Data Build-up,[B] Developmental,,[2] Ongoing Testing and Data Build-up,[B] Developmental,,[1] Operational,[A] Operational,,[1] Operational,[A] Operational,,[1] Operational,[A] Operational,,[1] Operational,[A] Operational,,#N/A,#N/A,#N/A,#N/A,#N/A,#N/A,#N/A,#N/A,#N/A,#N/A,#N/A,#N/A,#N/A,#N/A,#N/A
"Ayungon, Negros Oriental",,,,,07-046-02-000,07-46-02-000,Ayungon,Negros Oriental,Region VII (Central Visayas),Municipality,2nd,R7,B,J,#N/A,#N/A,#N/A,#N/A,[1] Operational,[A] Operational,,[1] Operational,[A] Operational,,[1] Operational,[A] Operational,,[1] Operational,[A] Operational,,[1] Operational,[A] Operational,,[1] Operational,[A] Operational,,#N/A,#N/A,#N/A,#N/A,#N/A,#N/A,#N/A,#N/A,#N/A,#N/A,#N/A,#N/A,#N/A,#N/A,#N/A
"Catmon, Cebu",,,,,07-022-16-000,07-22-16-000,Catmon,Cebu,Region VII (Central Visayas),Municipality,4th,R7,B,J,#N/A,#N/A,[1] Operational,[A] Operational,[1] Operational,[A] Operational,,[1] Operational,[A] Operational,,[1] Operational,[A] Operational,,[1] Operational,[A] Operational,,[1] Operational,[A] Operational,,[1] Operational,[A] Operational,,#N/A,#N/A,#N/A,#N/A,#N/A,#N/A,#N/A,#N/A,#N/A,#N/A,#N/A,#N/A,#N/A,#N/A,#N/A
"Corella, Bohol",,,,,07-012-15-000,07-12-15-000,Corella,Bohol,Region VII (Central Visayas),Municipality,5th,R7,B,J,#N/A,#N/A,[1] Operational,[A] Operational,[1] Operational,[A] Operational,,[1] Operational,[A] Operational,,[1] Operational,[A] Operational,,[1] Operational,[A] Operational,,[1] Operational,[A] Operational,,[1] Operational,[A] Operational,,#N/A,#N/A,#N/A,#N/A,#N/A,#N/A,#N/A,#N/A,#N/A,#N/A,#N/A,#N/A,#N/A,#N/A,#N/A
"Malabuyoc, Cebu",,,,,07-022-29-000,07-22-29-000,Malabuyoc,Cebu,Region VII (Central Visayas),Municipality,5th,R7,B,J,#N/A,#N/A,[1] Operational,[A] Operational,[1] Operational,[A] Operational,,[1] Operational,[A] Operational,,[1] Operational,[A] Operational,,[1] Operational,[A] Operational,,[1] Operational,[A] Operational,,[1] Operational,[A] Operational,,#N/A,#N/A,#N/A,#N/A,#N/A,#N/A,#N/A,#N/A,#N/A,#N/A,#N/A,#N/A,#N/A,#N/A,#N/A
"Poro, Cebu",,,,,07-022-38-000,07-22-38-000,Poro,Cebu,Region VII (Central Visayas),Municipality,4th,R7,B,J,#N/A,#N/A,[1] Operational,[A] Operational,[1] Operational,[A] Operational,,[1] Operational,[A] Operational,,[1] Operational,[A] Operational,,[1] Operational,[A] Operational,,[1] Operational,[A] Operational,,[1] Operational,[A] Operational,,#N/A,#N/A,#N/A,#N/A,#N/A,#N/A,#N/A,#N/A,#N/A,#N/A,#N/A,#N/A,#N/A,#N/A,#N/A
"Sevilla, Bohol",,,,,07-012-39-000,07-12-39-000,Sevilla,Bohol,Region VII (Central Visayas),Municipality,5th,R7,B,J,#N/A,#N/A,[1] Operational,[A] Operational,[1] Operational,[A] Operational,,[1] Operational,[A] Operational,,[1] Operational,[A] Operational,,[1] Operational,[A] Operational,,[1] Operational,[A] Operational,,[1] Operational,[A] Operational,,#N/A,#N/A,#N/A,#N/A,#N/A,#N/A,#N/A,#N/A,#N/A,#N/A,#N/A,#N/A,#N/A,#N/A,#N/A
"Catubig, Northern Samar",,,,,08-048-06-000,08-48-06-000,Catubig,Northern Samar,Region VIII (Eastern Visayas),Municipality,3rd,R8,B,K,#N/A,#N/A,[1] Operational,[A] Operational,[1] Operational,[A] Operational,,[1] Operational,[A] Operational,,[1] Operational,[A] Operational,,[1] Operational,[A] Operational,,[1] Operational,[A] Operational,,[1] Operational,[A] Operational,,#N/A,#N/A,#N/A,#N/A,#N/A,#N/A,#N/A,#N/A,#N/A,#N/A,#N/A,#N/A,#N/A,#N/A,#N/A
"San Antonio, Northern Samar",,,,,08-048-17-000,08-48-17-000,San Antonio,Northern Samar,Region VIII (Eastern Visayas),Municipality,5th,R8,B,K,#N/A,#N/A,[1] Operational,[A] Operational,[1] Operational,[A] Operational,,[1] Operational,[A] Operational,,[1] Operational,[A] Operational,,[1] Operational,[A] Operational,,[1] Operational,[A] Operational,,[1] Operational,[A] Operational,,#N/A,#N/A,#N/A,#N/A,#N/A,#N/A,#N/A,#N/A,#N/A,#N/A,#N/A,#N/A,#N/A,#N/A,#N/A
"Santa Fe, Leyte",,,,,08-037-44-000,08-37-44-000,Santa Fe,Leyte,Region VIII (Eastern Visayas),Municipality,5th*,R8,B,K,#N/A,#N/A,[1] Operational,[A] Operational,[1] Operational,[A] Operational,,[1] Operational,[A] Operational,,[1] Operational,[A] Operational,,[1] Operational,[A] Operational,,[1] Operational,[A] Operational,,[1] Operational,[A] Operational,,#N/A,#N/A,#N/A,#N/A,#N/A,#N/A,#N/A,#N/A,#N/A,#N/A,#N/A,#N/A,#N/A,#N/A,#N/A
"Tarangnan, Samar",,,,,08-060-20-000,08-60-20-000,Tarangnan,Samar,Region VIII (Eastern Visayas),Municipality,4th,R8,B,K,#N/A,#N/A,[1] Operational,[A] Operational,[1] Operational,[A] Operational,,[1] Operational,[A] Operational,,[1] Operational,[A] Operational,,[1] Operational,[A] Operational,,[1] Operational,[A] Operational,,[1] Operational,[A] Operational,,#N/A,#N/A,#N/A,#N/A,#N/A,#N/A,#N/A,#N/A,#N/A,#N/A,#N/A,#N/A,#N/A,#N/A,#N/A
"Baroy, Lanao del Norte",,,,,10-035-03-000,10-35-03-000,Baroy,Lanao del Norte,Region X (Northern Mindanao),Municipality,4th,R10,B,N,#N/A,#N/A,[2] Ongoing Testing and Data Build-up,[B] Developmental,[2] Ongoing Testing and Data Build-up,[B] Developmental,,[2] Ongoing Testing and Data Build-up,[B] Developmental,,[2] Ongoing Testing and Data Build-up,[B] Developmental,,[2] Ongoing Testing and Data Build-up,[B] Developmental,,[2] Ongoing Testing and Data Build-up,[B] Developmental,,[2] Ongoing Testing and Data Build-up,[B] Developmental,,#N/A,#N/A,#N/A,#N/A,#N/A,#N/A,#N/A,#N/A,#N/A,#N/A,#N/A,#N/A,#N/A,#N/A,#N/A
"City of Ozamiz, Misamis Occidental",,,,,10-042-10-000,10-42-10-000,City of Ozamiz,Misamis Occidental,Region X (Northern Mindanao),City,3rd,R10,B,N,#N/A,#N/A,[1] Operational,[A] Operational,[1] Operational,[A] Operational,,[1] Operational,[A] Operational,,[1] Operational,[A] Operational,,[1] Operational,[A] Operational,,[1] Operational,[A] Operational,,[1] Operational,[A] Operational,,#N/A,#N/A,#N/A,#N/A,#N/A,#N/A,#N/A,#N/A,#N/A,#N/A,#N/A,#N/A,#N/A,#N/A,#N/A
"Kadingilan, Bukidnon",,,,,10-013-06-000,10-13-06-000,Kadingilan,Bukidnon,Region X (Northern Mindanao),Municipality,3rd,R10,B,N,#N/A,#N/A,[2] Ongoing Testing and Data Build-up,[B] Developmental,[2] Ongoing Testing and Data Build-up,[B] Developmental,,[2] Ongoing Testing and Data Build-up,[B] Developmental,,[2] Ongoing Testing and Data Build-up,[B] Developmental,,[1] Operational,[A] Operational,,[1] Operational,[A] Operational,,[1] Operational,[A] Operational,,#N/A,#N/A,#N/A,#N/A,#N/A,#N/A,#N/A,#N/A,#N/A,#N/A,#N/A,#N/A,#N/A,#N/A,#N/A
"Kauswagan, Lanao del Norte",,,,,10-035-07-000,10-35-07-000,Kauswagan,Lanao del Norte,Region X (Northern Mindanao),Municipality,5th,R10,B,N,#N/A,#N/A,[2] Ongoing Testing and Data Build-up,[B] Developmental,[2] Ongoing Testing and Data Build-up,[B] Developmental,,[1] Operational,[A] Operational,,[1] Operational,[A] Operational,,[1] Operational,[A] Operational,,[1] Operational,[A] Operational,,[1] Operational,[A] Operational,,#N/A,#N/A,#N/A,#N/A,#N/A,#N/A,#N/A,#N/A,#N/A,#N/A,#N/A,#N/A,#N/A,#N/A,#N/A
"Lagonglong, Misamis Oriental",,,,,10-043-13-000,10-43-13-000,Lagonglong,Misamis Oriental,Region X (Northern Mindanao),Municipality,5th,R10,B,N,#N/A,#N/A,[1] Operational,[A] Operational,[1] Operational,[A] Operational,,[1] Operational,[A] Operational,,[1] Operational,[A] Operational,,[1] Operational,[A] Operational,,[1] Operational,[A] Operational,,[1] Operational,[A] Operational,,#N/A,#N/A,#N/A,#N/A,#N/A,#N/A,#N/A,#N/A,#N/A,#N/A,#N/A,#N/A,#N/A,#N/A,#N/A
"Magsaysay, Lanao del Norte",,,,,10-035-11-000,10-35-11-000,Magsaysay,Lanao del Norte,Region X (Northern Mindanao),Municipality,5th,R10,B,N,#N/A,#N/A,#N/A,#N/A,#N/A,#N/A,#N/A,[2] Ongoing Testing and Data Build-up,[B] Developmental,,[2] Ongoing Testing and Data Build-up,[B] Developmental,,[2] Ongoing Testing and Data Build-up,[B] Developmental,,[2] Ongoing Testing and Data Build-up,[B] Developmental,,[2] Ongoing Testing and Data Build-up,[B] Developmental,,#N/A,#N/A,#N/A,#N/A,#N/A,#N/A,#N/A,#N/A,#N/A,#N/A,#N/A,#N/A,#N/A,#N/A,#N/A
"San Fernando, Bukidnon",,,,,10-013-18-000,10-13-18-000,San Fernando,Bukidnon,Region X (Northern Mindanao),Municipality,1st,R10,B,N,#N/A,#N/A,[1] Operational,[A] Operational,[1] Operational,[A] Operational,,[1] Operational,[A] Operational,,[1] Operational,[A] Operational,,[1] Operational,[A] Operational,,[1] Operational,[A] Operational,,[1] Operational,[A] Operational,,#N/A,#N/A,#N/A,#N/A,#N/A,#N/A,#N/A,#N/A,#N/A,#N/A,#N/A,#N/A,#N/A,#N/A,#N/A
"Tantangan, South Cotabato",,,,,12-063-15-000,12-63-15-000,Tantangan,South Cotabato,Region XII (SOCCSKSARGEN),Municipality,3rd,R12,B,Q,#N/A,#N/A,[1] Operational,[A] Operational,[1] Operational,[A] Operational,,[1] Operational,[A] Operational,,[1] Operational,[A] Operational,,[1] Operational,[A] Operational,,[1] Operational,[A] Operational,,[1] Operational,[A] Operational,,#N/A,#N/A,#N/A,#N/A,#N/A,#N/A,#N/A,#N/A,#N/A,#N/A,#N/A,#N/A,#N/A,#N/A,#N/A
"Buenavista, Agusan del Norte",,,,,16-002-01-000,16-02-01-000,Buenavista,Agusan del Norte,Region XIII (Caraga),Municipality,1st,R13,B,O,#N/A,#N/A,[1] Operational,[A] Operational,[1] Operational,[A] Operational,,[1] Operational,[A] Operational,,[1] Operational,[A] Operational,,[1] Operational,[A] Operational,,[1] Operational,[A] Operational,,[1] Operational,[A] Operational,,#N/A,#N/A,#N/A,#N/A,#N/A,#N/A,#N/A,#N/A,#N/A,#N/A,#N/A,#N/A,#N/A,#N/A,#N/A
"Burgos, Surigao del Norte",,,,,16-067-04-000,16-67-04-000,Burgos,Surigao del Norte,Region XIII (Caraga),Municipality,6th,R13,B,O,#N/A,#N/A,[1] Operational,[A] Operational,[1] Operational,[A] Operational,,[1] Operational,[A] Operational,,[1] Operational,[A] Operational,,[1] Operational,[A] Operational,,[1] Operational,[A] Operational,,[1] Operational,[A] Operational,,#N/A,#N/A,#N/A,#N/A,#N/A,#N/A,#N/A,#N/A,#N/A,#N/A,#N/A,#N/A,#N/A,#N/A,#N/A
"Carmen, Surigao del Sur",,,,,16-068-06-000,16-68-06-000,Carmen,Surigao del Sur,Region XIII (Caraga),Municipality,5th,R13,B,O,#N/A,#N/A,[1] Operational,[A] Operational,[1] Operational,[A] Operational,,[1] Operational,[A] Operational,,[1] Operational,[A] Operational,,[1] Operational,[A] Operational,,[1] Operational,[A] Operational,,[1] Operational,[A] Operational,,#N/A,#N/A,#N/A,#N/A,#N/A,#N/A,#N/A,#N/A,#N/A,#N/A,#N/A,#N/A,#N/A,#N/A,#N/A
"General Luna, Surigao del Norte",,,,,16-067-10-000,16-67-10-000,General Luna,Surigao del Norte,Region XIII (Caraga),Municipality,5th,R13,B,O,#N/A,#N/A,[1] Operational,[A] Operational,[1] Operational,[A] Operational,,[1] Operational,[A] Operational,,[1] Operational,[A] Operational,,[1] Operational,[A] Operational,,[1] Operational,[A] Operational,,[1] Operational,[A] Operational,,#N/A,#N/A,#N/A,#N/A,#N/A,#N/A,#N/A,#N/A,#N/A,#N/A,#N/A,#N/A,#N/A,#N/A,#N/A
"Gigaquit, Surigao del Norte",,,,,16-067-11-000,16-67-11-000,Gigaquit,Surigao del Norte,Region XIII (Caraga),Municipality,4th,R13,B,O,#N/A,#N/A,[1] Operational,[A] Operational,[1] Operational,[A] Operational,,[1] Operational,[A] Operational,,[1] Operational,[A] Operational,,[1] Operational,[A] Operational,,[1] Operational,[A] Operational,,[1] Operational,[A] Operational,,#N/A,#N/A,#N/A,#N/A,#N/A,#N/A,#N/A,#N/A,#N/A,#N/A,#N/A,#N/A,#N/A,#N/A,#N/A
"Hinatuan, Surigao del Sur",,,,,16-068-09-000,16-68-09-000,Hinatuan,Surigao del Sur,Region XIII (Caraga),Municipality,2nd,R13,B,O,#N/A,#N/A,[1] Operational,[A] Operational,[1] Operational,[A] Operational,,[1] Operational,[A] Operational,,[1] Operational,[A] Operational,,[1] Operational,[A] Operational,,[1] Operational,[A] Operational,,[1] Operational,[A] Operational,,#N/A,#N/A,#N/A,#N/A,#N/A,#N/A,#N/A,#N/A,#N/A,#N/A,#N/A,#N/A,#N/A,#N/A,#N/A
"Kitcharao, Agusan del Norte",,,,,16-002-06-000,16-02-06-000,Kitcharao,Agusan del Norte,Region XIII (Caraga),Municipality,4th,R13,B,O,#N/A,#N/A,[1] Operational,[A] Operational,[1] Operational,[A] Operational,,[1] Operational,[A] Operational,,[1] Operational,[A] Operational,,[1] Operational,[A] Operational,,[1] Operational,[A] Operational,,[1] Operational,[A] Operational,,#N/A,#N/A,#N/A,#N/A,#N/A,#N/A,#N/A,#N/A,#N/A,#N/A,#N/A,#N/A,#N/A,#N/A,#N/A
"San Isidro, Surigao del Norte",,,,,16-067-20-000,16-67-20-000,San Isidro,Surigao del Norte,Region XIII (Caraga),Municipality,5th,R13,B,O,#N/A,#N/A,[1] Operational,[A] Operational,[1] Operational,[A] Operational,,[1] Operational,[A] Operational,,[1] Operational,[A] Operational,,[1] Operational,[A] Operational,,[1] Operational,[A] Operational,,[1] Operational,[A] Operational,,#N/A,#N/A,#N/A,#N/A,#N/A,#N/A,#N/A,#N/A,#N/A,#N/A,#N/A,#N/A,#N/A,#N/A,#N/A
"San Miguel, Surigao del Sur",,,,,16-068-16-000,16-68-16-000,San Miguel,Surigao del Sur,Region XIII (Caraga),Municipality,1st,R13,B,O,#N/A,#N/A,[1] Operational,[A] Operational,[1] Operational,[A] Operational,,[1] Operational,[A] Operational,,[1] Operational,[A] Operational,,[1] Operational,[A] Operational,,[1] Operational,[A] Operational,,[1] Operational,[A] Operational,,#N/A,#N/A,#N/A,#N/A,#N/A,#N/A,#N/A,#N/A,#N/A,#N/A,#N/A,#N/A,#N/A,#N/A,#N/A
"Tagbina, Surigao del Sur",,,,,16-068-17-000,16-68-17-000,Tagbina,Surigao del Sur,Region XIII (Caraga),Municipality,2nd,R13,B,O,#N/A,#N/A,[1] Operational,[A] Operational,[1] Operational,[A] Operational,,[1] Operational,[A] Operational,,[1] Operational,[A] Operational,,[1] Operational,[A] Operational,,[1] Operational,[A] Operational,,[1] Operational,[A] Operational,,#N/A,#N/A,#N/A,#N/A,#N/A,#N/A,#N/A,#N/A,#N/A,#N/A,#N/A,#N/A,#N/A,#N/A,#N/A
"Kalamansig, Sultan Kudarat",,,,,12-065-05-000,12-65-05-000,Kalamansig,Sultan Kudarat,Region XII (SOCCSKSARGEN),Municipality,1st,R12,B,Q,#N/A,#N/A,[2] Ongoing Testing and Data Build-up,[B] Developmental,[2] Ongoing Testing and Data Build-up,[B] Developmental,,[2] Ongoing Testing and Data Build-up,[B] Developmental,,[2] Ongoing Testing and Data Build-up,[B] Developmental,,[2] Ongoing Testing and Data Build-up,[B] Developmental,,[2] Ongoing Testing and Data Build-up,[B] Developmental,,[2] Ongoing Testing and Data Build-up,[B] Developmental,,#N/A,#N/A,#N/A,#N/A,#N/A,#N/A,#N/A,#N/A,#N/A,#N/A,#N/A,#N/A,#N/A,#N/A,#N/A
"Danglas, Abra",,,,,14-001-06-000,14-01-06-000,Danglas,Abra,Cordillera Administrative Region (CAR),Municipality,5th,CAR,B,B,#N/A,#N/A,[1] Operational,[A] Operational,[1] Operational,[A] Operational,,[1] Operational,[A] Operational,,[1] Operational,[A] Operational,,[1] Operational,[A] Operational,,[1] Operational,[A] Operational,,[1] Operational,[A] Operational,,#N/A,#N/A,#N/A,#N/A,#N/A,#N/A,#N/A,#N/A,#N/A,#N/A,#N/A,#N/A,#N/A,#N/A,#N/A
"Pagalungan, Maguindanao del Sur",,,,,19-088-16-000,15-38-10-000,Pagalungan,Maguindanao del Sur,Bangsamoro Autonomous Region In Muslim Mindanao (BARMM),Municipality,1st,BARMM II,B,R,#N/A,#N/A,#N/A,#N/A,#N/A,#N/A,#N/A,#N/A,#N/A,#N/A,[2] Ongoing Testing and Data Build-up,[B] Developmental,12 barangay to integrate,[2] Ongoing Testing and Data Build-up,[B] Developmental,12 barangay to integrate,[2] Ongoing Testing and Data Build-up,[B] Developmental,12 barangay to integrate,[2] Ongoing Testing and Data Build-up,[B] Developmental,12 barangay to integrate,#N/A,#N/A,#N/A,#N/A,#N/A,#N/A,#N/A,#N/A,#N/A,#N/A,#N/A,#N/A,#N/A,#N/A,#N/A
"Talayan, Maguindanao del Sur",,,,,19-088-24-000,15-38-16-000,Talayan,Maguindanao del Sur,Bangsamoro Autonomous Region In Muslim Mindanao (BARMM),Municipality,4th*,BARMM II,B,R,#N/A,#N/A,#N/A,#N/A,#N/A,#N/A,#N/A,#N/A,#N/A,#N/A,[1] Operational,[A] Operational,14 barangay clearance has been integrated in the system out of 15 barangays,[1] Operational,[A] Operational,14 barangay clearance has been integrated in the system out of 15 barangays,[1] Operational,[A] Operational,14 barangay clearance has been integrated in the system out of 15 barangays,[1] Operational,[A] Operational,14 barangay clearance has been integrated in the system out of 15 barangays,#N/A,#N/A,#N/A,#N/A,#N/A,#N/A,#N/A,#N/A,#N/A,#N/A,#N/A,#N/A,#N/A,#N/A,#N/A
"Datu Anggal Midtimbang, Maguindanao del Sur",,,,,19-088-04-000,15-38-31-000,Datu Anggal Midtimbang,Maguindanao del Sur,Bangsamoro Autonomous Region In Muslim Mindanao (BARMM),Municipality,-,BARMM II,B,R,#N/A,#N/A,#N/A,#N/A,#N/A,#N/A,#N/A,#N/A,#N/A,#N/A,[2] Ongoing Testing and Data Build-up,[B] Developmental,7 barangay to integrate,[2] Ongoing Testing and Data Build-up,[B] Developmental,7 barangay to integrate,[2] Ongoing Testing and Data Build-up,[B] Developmental,7 barangay to integrate,[2] Ongoing Testing and Data Build-up,[B] Developmental,7 barangay to integrate,#N/A,#N/A,#N/A,#N/A,#N/A,#N/A,#N/A,#N/A,#N/A,#N/A,#N/A,#N/A,#N/A,#N/A,#N/A
,,,,,,,,,,,,,B,,,,,,,,,,,,,,,,,,,,,,,,,,,,,,,,,,,,,,
,,,,,,,,,,,,,B,,,,,,,,,,,,,,,,,,,,,,,,,,,,,,,,,,,,,,
,,,,,,,,,,,,,B,,,,,,,,,,,,,,,,,,,,,,,,,,,,,,,,,,,,,,
,,,,,,,,,,,,,B,,,,,,,,,,,,,,,,,,,,,,,,,,,,,,,,,,,,,,
,,,,,,,,,,,,,B,,,,,,,,,,,,,,,,,,,,,,,,,,,,,,,,,,,,,,
,,,,,,,,,,,,,B,,,,,,,,,,,,,,,,,,,,,,,,,,,,,,,,,,,,,,
,,,,,,,,,,,,,B,,,,,,,,,,,,,,,,,,,,,,,,,,,,,,,,,,,,,,
,,,,,,,,,,,,,B,,,,,,,,,,,,,,,,,,,,,,,,,,,,,,,,,,,,,,
,,,,,,,,,,,,,B,,,,,,,,,,,,,,,,,,,,,,,,,,,,,,,,,,,,,,
,,,,,,,,,,,,,B,,,,,,,,,,,,,,,,,,,,,,,,,,,,,,,,,,,,,,
,,,,,,,,,,,,,B,,,,,,,,,,,,,,,,,,,,,,,,,,,,,,,,,,,,,,
,,,,,,,,,,,,,B,,,,,,,,,,,,,,,,,,,,,,,,,,,,,,,,,,,,,,
,,,,,,,,,,,,,B,,,,,,,,,,,,,,,,,,,,,,,,,,,,,,,,,,,,,,
,,,,,,,,,,,,,B,,,,,,,,,,,,,,,,,,,,,,,,,,,,,,,,,,,,,,
,,,,,,,,,,,,,B,,,,,,,,,,,,,,,,,,,,,,,,,,,,,,,,,,,,,,
,,,,,,,,,,,,,B,,,,,,,,,,,,,,,,,,,,,,,,,,,,,,,,,,,,,,
,,,,,,,,,,,,,B,,,,,,,,,,,,,,,,,,,,,,,,,,,,,,,,,,,,,,
,,,,,,,,,,,,,B,,,,,,,,,,,,,,,,,,,,,,,,,,,,,,,,,,,,,,
,,,,,,,,,,,,,B,,,,,,,,,,,,,,,,,,,,,,,,,,,,,,,,,,,,,,
,,,,,,,,,,,,,B,,,,,,,,,,,,,,,,,,,,,,,,,,,,,,,,,,,,,,
,,,,,,,,,,,,,B,,,,,,,,,,,,,,,,,,,,,,,,,,,,,,,,,,,,,,
,,,,,,,,,,,,,B,,,,,,,,,,,,,,,,,,,,,,,,,,,,,,,,,,,,,,
,,,,,,,,,,,,,B,,,,,,,,,,,,,,,,,,,,,,,,,,,,,,,,,,,,,,
,,,,,,,,,,,,,B,,,,,,,,,,,,,,,,,,,,,,,,,,,,,,,,,,,,,,
,,,,,,,,,,,,,B,,,,,,,,,,,,,,,,,,,,,,,,,,,,,,,,,,,,,,
,,,,,,,,,,,,,B,,,,,,,,,,,,,,,,,,,,,,,,,,,,,,,,,,,,,,
,,,,,,,,,,,,,B,,,,,,,,,,,,,,,,,,,,,,,,,,,,,,,,,,,,,,
,,,,,,,,,,,,,B,,,,,,,,,,,,,,,,,,,,,,,,,,,,,,,,,,,,,,
,,,,,,,,,,,,,B,,,,,,,,,,,,,,,,,,,,,,,,,,,,,,,,,,,,,,
,,,,,,,,,,,,,B,,,,,,,,,,,,,,,,,,,,,,,,,,,,,,,,,,,,,,
,,,,,,,,,,,,,B,,,,,,,,,,,,,,,,,,,,,,,,,,,,,,,,,,,,,,
,,,,,,,,,,,,,B,,,,,,,,,,,,,,,,,,,,,,,,,,,,,,,,,,,,,,
,,,,,,,,,,,,,B,,,,,,,,,,,,,,,,,,,,,,,,,,,,,,,,,,,,,,
,,,,,,,,,,,,,B,,,,,,,,,,,,,,,,,,,,,,,,,,,,,,,,,,,,,,
,,,,,,,,,,,,,B,,,,,,,,,,,,,,,,,,,,,,,,,,,,,,,,,,,,,,
,,,,,,,,,,,,,B,,,,,,,,,,,,,,,,,,,,,,,,,,,,,,,,,,,,,,
,,,,,,,,,,,,,B,,,,,,,,,,,,,,,,,,,,,,,,,,,,,,,,,,,,,,
,,,,,,,,,,,,,B,,,,,,,,,,,,,,,,,,,,,,,,,,,,,,,,,,,,,,
,,,,,,,,,,,,,B,,,,,,,,,,,,,,,,,,,,,,,,,,,,,,,,,,,,,,
,,,,,,,,,,,,,B,,,,,,,,,,,,,,,,,,,,,,,,,,,,,,,,,,,,,,
,,,,,,,,,,,,,B,,,,,,,,,,,,,,,,,,,,,,,,,,,,,,,,,,,,,,
,,,,,,,,,,,,,B,,,,,,,,,,,,,,,,,,,,,,,,,,,,,,,,,,,,,,
,,,,,,,,,,,,,B,,,,,,,,,,,,,,,,,,,,,,,,,,,,,,,,,,,,,,
,,,,,,,,,,,,,B,,,,,,,,,,,,,,,,,,,,,,,,,,,,,,,,,,,,,,