,,,,,,LGU PROFILE,,,LGU PROFILE,,,,,,,,,,,,DECEMBER 2024,,,JANUARY 2025,,,FEBRUARY 2025,,,MARCH 2025,,,APRIL 2025,,,MAY 2025,,,JUNE 2025,,,JULY 2025,,,AUGUST 2025,,,SEPTEMBER 2025,,,OCTOBER 2025,,,NOVEMBER 2025,,,DECEMBER 2025,,
LGU FULL NAME,ONBOARDING PERIOD,ACCOMP PERIOD,ENGAGEMENT DATES,,,GEOCODE,,LGU FULL NAME,NAME,PROVINCE,REGION,LEVEL,INCOME CLASS,DICT RO,MPAR,SORT,YEAR,PRODUCTION INSTANCE,,ACCOMP PERIOD,STATUS,USTATUS,REMARKS,STATUS,USTATUS,REMARKS,STATUS,USTATUS,REMARKS,STATUS,USTATUS,REMARKS,STATUS,USTATUS,REMARKS,STATUS,USTATUS,REMARKS,STATUS,USTATUS,REMARKS,STATUS,USTATUS,REMARKS,STATUS,USTATUS,REMARKS,STATUS,USTATUS,REMARKS,STATUS,USTATUS,REMARKS,STATUS,USTATUS,REMARKS,STATUS,USTATUS,REMARKS
,,,"(RECEIVE REQTS)
mm/dd/yyyy","(INSTANCE REQUEST DATE)
mm/dd/yyyy","(REQUEST PROVIDED)
mm/dd/yyyy",NEW,OLD,,,,,,,,,,,BP,CO,,2024-12,2024-12,2024-12,2025-01,2025-01,2025-01,2025-02,2025-02,2025-02,2025-03,2025-03,2025-03,2025-04,2025-04,2025-04,2025-05,2025-05,2025-05,2025-06,2025-06,2025-06,2025-07,2025-07,2025-07,2025-08,2025-08,2025-08,2025-09,2025-09,2025-09,2025-10,2025-10,2025-10,2025-11,2025-11,2025-11,2025-12,2025-12,2025-12
LGU FULL NAME,,,LOI DATE,REQUEST DATE,COMPLETION DATE,GCODE,OLD GEOCODE,LGU FULL NAME,NAME,PROVINCE,REGION,LEVEL,INCOME CLASS,DICT RO,MPAR,SORT,YEAR,BPI,COI,ACCOMP PERIOD,2024-12,2024-12,2024-12,2025-01,2025-01,2025-01,2025-02,2025-02,2025-02,2025-03,2025-03,2025-03,2025-04,2025-04,2025-04,2025-05,2025-05,2025-05,2025-06,2025-06,2025-06,2025-07,2025-07,2025-07,2025-08,2025-08,2025-08,2025-09,2025-09,2025-09,2025-10,2025-10,2025-10,2025-11,2025-11,2025-11,2025-12,2025-12,2025-12
"Talipao, Sulu",,,,,,19-066-13-000,15-66-13-000,"Talipao, Sulu",Talipao,Sulu,Bangsamoro Autonomous Region In Muslim Mindanao (BARMM),Municipality,1st,BARMM I,B,M,2022,https://bldg.ibpls.com/talipaosulu/,https://co.ibpls.com/talipaosulu/,,#N/A,#N/A,#N/A,[3] Ongoing Data Build-up,[B] Developmental,,[3] Ongoing Data Build-up,[B] Developmental,,[3] Ongoing Data Build-up,[B] Developmental,,[3] Ongoing Data Build-up,[B] Developmental,,[1] Operational,[A] Operational,,[3] Ongoing Data Build-up,[B] Developmental,,[1] Operational,[A] Operational,,#N/A,#N/A,#N/A,#N/A,#N/A,#N/A,#N/A,#N/A,#N/A,#N/A,#N/A,#N/A,#N/A,#N/A,#N/A
"Upi, Maguindanao del Norte",,,,,,19-087-13-000,15-38-15-000,"Upi, Maguindanao del Norte",Upi,Maguindanao del Norte,Bangsamoro Autonomous Region In Muslim Mindanao (BARMM),Municipality,1st,BARMM II,A,R,2021,https://bldg.ibpls.com/upimaguindanao/,https://co.ibpls.com/upimaguindanao/,2022-12,#N/A,#N/A,#N/A,[1] Operational,[A] Operational,,[1] Operational,[A] Operational,,[1] Operational,[A] Operational,No Transaction for the Month of September,[1] Operational,[A] Operational,,[1] Operational,[A] Operational,,[1] Operational,[A] Operational,,[1] Operational,[A] Operational,,#N/A,#N/A,#N/A,#N/A,#N/A,#N/A,#N/A,#N/A,#N/A,#N/A,#N/A,#N/A,#N/A,#N/A,#N/A
"City of Tabuk, Kalinga",,,,,,14-032-13-000,14-32-13-000,"City of Tabuk, Kalinga",City of Tabuk,Kalinga,Cordillera Administrative Region (CAR),City,5th,CAR,B,B,2022,https://bldg.ibpls.com/tabukkalinga/,https://co.ibpls.com/tabukkalinga/,,#N/A,#N/A,#N/A,[1] Operational,[A] Operational,,[1] Operational,[A] Operational,,[1] Operational,[A] Operational,,[1] Operational,[A] Operational,,[1] Operational,[A] Operational,,[1] Operational,[A] Operational,,[1] Operational,[A] Operational,,#N/A,#N/A,#N/A,#N/A,#N/A,#N/A,#N/A,#N/A,#N/A,#N/A,#N/A,#N/A,#N/A,#N/A,#N/A
"City of Laoag, Ilocos Norte",,,,,,01-028-12-000,01-28-12-000,"City of Laoag, Ilocos Norte",City of Laoag,Ilocos Norte,Region I (Ilocos Region),City,3rd,R1,B,C,2021,NO INSTANCE,NO INSTANCE,,#N/A,#N/A,#N/A,[5] For Training,[C] For Training/Others,,[5] For Training,[C] For Training/Others,,[5] For Training,[C] For Training/Others,,[5] For Training,[C] For Training/Others,,[5] For Training,[C] For Training/Others,,[5] For Training,[C] For Training/Others,,[5] For Training,[C] For Training/Others,,#N/A,#N/A,#N/A,#N/A,#N/A,#N/A,#N/A,#N/A,#N/A,#N/A,#N/A,#N/A,#N/A,#N/A,#N/A
"San Esteban, Ilocos Sur",,,,,,01-029-18-000,01-29-18-000,"San Esteban, Ilocos Sur",San Esteban,Ilocos Sur,Region I (Ilocos Region),Municipality,5th,R1,B,C,2021,NO INSTANCE,NO INSTANCE,,#N/A,#N/A,#N/A,[5] For Training,[C] For Training/Others,,[5] For Training,[C] For Training/Others,,[5] For Training,[C] For Training/Others,,[5] For Training,[C] For Training/Others,,[5] For Training,[C] For Training/Others,,[5] For Training,[C] For Training/Others,,[5] For Training,[C] For Training/Others,,#N/A,#N/A,#N/A,#N/A,#N/A,#N/A,#N/A,#N/A,#N/A,#N/A,#N/A,#N/A,#N/A,#N/A,#N/A
"Dasol, Pangasinan",,,,,,01-055-19-000,01-55-19-000,"Dasol, Pangasinan",Dasol,Pangasinan,Region I (Ilocos Region),Municipality,3rd,R1,B,C,2020,https://bldg.ibpls.com/dasolpangasinan,https://co.ibpls.com/dasolpangasinan/,,#N/A,#N/A,#N/A,[7] To Follow-up,[C] For Training/Others,,[7] To Follow-up,[C] For Training/Others,,[7] To Follow-up,[C] For Training/Others,,[7] To Follow-up,[C] For Training/Others,,[7] To Follow-up,[C] For Training/Others,,[7] To Follow-up,[C] For Training/Others,,[7] To Follow-up,[C] For Training/Others,,#N/A,#N/A,#N/A,#N/A,#N/A,#N/A,#N/A,#N/A,#N/A,#N/A,#N/A,#N/A,#N/A,#N/A,#N/A
"Pozorrubio, Pangasinan",,,,,,01-055-30-000,01-55-30-000,"Pozorrubio, Pangasinan",Pozorrubio,Pangasinan,Region I (Ilocos Region),Municipality,1st,R1,B,C,2021,NO INSTANCE,NO INSTANCE,,#N/A,#N/A,#N/A,[5] For Training,[C] For Training/Others,,[5] For Training,[C] For Training/Others,,[5] For Training,[C] For Training/Others,,[5] For Training,[C] For Training/Others,,[5] For Training,[C] For Training/Others,,[5] For Training,[C] For Training/Others,,[5] For Training,[C] For Training/Others,,#N/A,#N/A,#N/A,#N/A,#N/A,#N/A,#N/A,#N/A,#N/A,#N/A,#N/A,#N/A,#N/A,#N/A,#N/A
"Laoac, Pangasinan",,,,,,01-055-48-000,01-55-48-000,"Laoac, Pangasinan",Laoac,Pangasinan,Region I (Ilocos Region),Municipality,4th,R1,B,C,2020,https://bldg.ibpls.com/laoacpangasinan/,https://co.ibpls.com/laoacpangasinan/,,#N/A,#N/A,#N/A,[7] To Follow-up,[C] For Training/Others,,[7] To Follow-up,[C] For Training/Others,,[7] To Follow-up,[C] For Training/Others,,[7] To Follow-up,[C] For Training/Others,,[7] To Follow-up,[C] For Training/Others,,[7] To Follow-up,[C] For Training/Others,,[7] To Follow-up,[C] For Training/Others,,#N/A,#N/A,#N/A,#N/A,#N/A,#N/A,#N/A,#N/A,#N/A,#N/A,#N/A,#N/A,#N/A,#N/A,#N/A
"City of Batac, Ilocos Norte",,,,,,01-028-05-000,01-28-05-000,"City of Batac, Ilocos Norte",City of Batac,Ilocos Norte,Region I (Ilocos Region),City,5th,R1,B,C,2023,https://bldg.ibpls.com/batacilocosnorte/,https://co.ibpls.com/batacilocosnorte/,,#N/A,#N/A,#N/A,[1] Operational,[A] Operational,,[1] Operational,[A] Operational,,[1] Operational,[A] Operational,,[1] Operational,[A] Operational,,[1] Operational,[A] Operational,,[1] Operational,[A] Operational,,[1] Operational,[A] Operational,,#N/A,#N/A,#N/A,#N/A,#N/A,#N/A,#N/A,#N/A,#N/A,#N/A,#N/A,#N/A,#N/A,#N/A,#N/A
"Catarman, Camiguin",,,,,,10-018-01-000,10-18-01-000,"Catarman, Camiguin",Catarman,Camiguin,Region X (Northern Mindanao),Municipality,5th,R10,B,N,2022,https://bldg.ibpls.com/catarmancamiguin,https://co.ibpls.com/catarmancamiguin,,#N/A,#N/A,#N/A,[2] Pilot Testing,[B] Developmental,,[2] Pilot Testing,[B] Developmental,,[2] Pilot Testing,[B] Developmental,,[2] Pilot Testing,[B] Developmental,Waitng for clients to resubmit complete docs,[2] Pilot Testing,[B] Developmental,Still waitng for actual client(s) to resubmit complete docs,[2] Pilot Testing,[B] Developmental,,[2] Pilot Testing,[B] Developmental,,#N/A,#N/A,#N/A,#N/A,#N/A,#N/A,#N/A,#N/A,#N/A,#N/A,#N/A,#N/A,#N/A,#N/A,#N/A
"Bacolod, Lanao del Norte",,,,,,10-035-01-000,10-35-01-000,"Bacolod, Lanao del Norte",Bacolod,Lanao del Norte,Region X (Northern Mindanao),Municipality,4th,R10,B,N,2021,https://bldg.ibpls.com/bacolodlanaodelnorte/,https://co.ibpls.com/bacolodlanaodelnorte/,2023-01,#N/A,#N/A,#N/A,[1] Operational,[A] Operational,,[1] Operational,[A] Operational,,[1] Operational,[A] Operational,,[1] Operational,[A] Operational,,[1] Operational,[A] Operational,,[1] Operational,[A] Operational,,[1] Operational,[A] Operational,,#N/A,#N/A,#N/A,#N/A,#N/A,#N/A,#N/A,#N/A,#N/A,#N/A,#N/A,#N/A,#N/A,#N/A,#N/A
"Kapatagan, Lanao del Norte",,,,,,10-035-05-000,10-35-05-000,"Kapatagan, Lanao del Norte",Kapatagan,Lanao del Norte,Region X (Northern Mindanao),Municipality,2nd,R10,A,N,2020,https://bldg.ibpls.com/kapataganlanaodelnorte/,https://co.ibpls.com/kapataganlanaodelnorte/,2022-12,#N/A,#N/A,#N/A,[1] Operational,[A] Operational,,[1] Operational,[A] Operational,,[1] Operational,[A] Operational,,[1] Operational,[A] Operational,,[1] Operational,[A] Operational,,[1] Operational,[A] Operational,,[1] Operational,[A] Operational,,#N/A,#N/A,#N/A,#N/A,#N/A,#N/A,#N/A,#N/A,#N/A,#N/A,#N/A,#N/A,#N/A,#N/A,#N/A
"Maigo, Lanao del Norte",,,,,,10-035-12-000,10-35-12-000,"Maigo, Lanao del Norte",Maigo,Lanao del Norte,Region X (Northern Mindanao),Municipality,4th,R10,A,N,2022,https://bldg.ibpls.com/maigolanaodelnorte/,https://co.ibpls.com/maigolanaodelnorte/,2022-12,#N/A,#N/A,#N/A,[1] Operational,[A] Operational,,[1] Operational,[A] Operational,,[1] Operational,[A] Operational,,[1] Operational,[A] Operational,,[1] Operational,[A] Operational,,[1] Operational,[A] Operational,,[1] Operational,[A] Operational,,#N/A,#N/A,#N/A,#N/A,#N/A,#N/A,#N/A,#N/A,#N/A,#N/A,#N/A,#N/A,#N/A,#N/A,#N/A
"Tubod, Lanao del Norte",,,,,,10-035-22-000,10-35-22-000,"Tubod, Lanao del Norte",Tubod,Lanao del Norte,Region X (Northern Mindanao),Municipality,2nd,R10,B,N,2021,https://bldg.ibpls.com/tubodlanaodelnorte,https://co.ibpls.com/tubodlanaodelnorte,,#N/A,#N/A,#N/A,[7] To Follow-up,[C] For Training/Others,,[7] To Follow-up,[C] For Training/Others,,[3] Ongoing Data Build-up,[B] Developmental,,[3] Ongoing Data Build-up,[B] Developmental,,[3] Ongoing Data Build-up,[B] Developmental,,[2] Pilot Testing,[B] Developmental,,[7] To Follow-up,[C] For Training/Others,,#N/A,#N/A,#N/A,#N/A,#N/A,#N/A,#N/A,#N/A,#N/A,#N/A,#N/A,#N/A,#N/A,#N/A,#N/A
"Bonifacio, Misamis Occidental",,,,,,10-042-03-000,10-42-03-000,"Bonifacio, Misamis Occidental",Bonifacio,Misamis Occidental,Region X (Northern Mindanao),Municipality,4th,R10,B,N,2021,https://bldg.ibpls.com/bonifaciomisamisoccidental,https://co.ibpls.com/bonifaciomisamisoccidental,,#N/A,#N/A,#N/A,[3] Ongoing Data Build-up,[B] Developmental,,[3] Ongoing Data Build-up,[B] Developmental,,[3] Ongoing Data Build-up,[B] Developmental,,[3] Ongoing Data Build-up,[B] Developmental,,[2] Pilot Testing,[B] Developmental,Conducted Refresher's Training on May 15-16,[2] Pilot Testing,[B] Developmental,,[2] Pilot Testing,[B] Developmental,,#N/A,#N/A,#N/A,#N/A,#N/A,#N/A,#N/A,#N/A,#N/A,#N/A,#N/A,#N/A,#N/A,#N/A,#N/A
"Calamba, Misamis Occidental",,,,,,10-042-04-000,10-42-04-000,"Calamba, Misamis Occidental",Calamba,Misamis Occidental,Region X (Northern Mindanao),Municipality,4th,R10,A,N,2020,https://bldg.ibpls.com/calambamisamisoccidental/,https://co.ibpls.com/calambamisamisoccidental/,2022-12,#N/A,#N/A,#N/A,[1] Operational,[A] Operational,,[1] Operational,[A] Operational,,[1] Operational,[A] Operational,,[1] Operational,[A] Operational,,[1] Operational,[A] Operational,,[1] Operational,[A] Operational,,[1] Operational,[A] Operational,,#N/A,#N/A,#N/A,#N/A,#N/A,#N/A,#N/A,#N/A,#N/A,#N/A,#N/A,#N/A,#N/A,#N/A,#N/A
"Plaridel, Misamis Occidental",,,,,,10-042-12-000,10-42-12-000,"Plaridel, Misamis Occidental",Plaridel,Misamis Occidental,Region X (Northern Mindanao),Municipality,3rd,R10,A,N,2020,https://bldg.ibpls.com/plaridelmisamisoccidental/,https://co.ibpls.com/plaridelmisamisoccidental/,2022-12,#N/A,#N/A,#N/A,[1] Operational,[A] Operational,,[1] Operational,[A] Operational,,[1] Operational,[A] Operational,,[1] Operational,[A] Operational,,[1] Operational,[A] Operational,,[1] Operational,[A] Operational,,[1] Operational,[A] Operational,,#N/A,#N/A,#N/A,#N/A,#N/A,#N/A,#N/A,#N/A,#N/A,#N/A,#N/A,#N/A,#N/A,#N/A,#N/A
"Sinacaban, Misamis Occidental",,,,,,10-042-14-000,10-42-14-000,"Sinacaban, Misamis Occidental",Sinacaban,Misamis Occidental,Region X (Northern Mindanao),Municipality,5th,R10,A,N,2022,https://bldg.ibpls.com/sinacabanmisamisoccidental/,https://co.ibpls.com/sinacabanmisamisoccidental/,2022-12,#N/A,#N/A,#N/A,[1] Operational,[A] Operational,,[1] Operational,[A] Operational,,[1] Operational,[A] Operational,,[1] Operational,[A] Operational,,[1] Operational,[A] Operational,,[1] Operational,[A] Operational,,[1] Operational,[A] Operational,,#N/A,#N/A,#N/A,#N/A,#N/A,#N/A,#N/A,#N/A,#N/A,#N/A,#N/A,#N/A,#N/A,#N/A,#N/A
"Claveria, Misamis Oriental",,,,,,10-043-06-000,10-43-06-000,"Claveria, Misamis Oriental",Claveria,Misamis Oriental,Region X (Northern Mindanao),Municipality,1st,R10,A,N,2022,https://bldg.ibpls.com/claveriamisamisoriental/,https://co.ibpls.com/claveriamisamisoriental/,2022-12,#N/A,#N/A,#N/A,[1] Operational,[A] Operational,,[1] Operational,[A] Operational,,[1] Operational,[A] Operational,,[1] Operational,[A] Operational,,[1] Operational,[A] Operational,,[1] Operational,[A] Operational,,[1] Operational,[A] Operational,,#N/A,#N/A,#N/A,#N/A,#N/A,#N/A,#N/A,#N/A,#N/A,#N/A,#N/A,#N/A,#N/A,#N/A,#N/A
"City of Gingoog, Misamis Oriental",,,,,,10-043-08-000,10-43-08-000,"City of Gingoog, Misamis Oriental",City of Gingoog,Misamis Oriental,Region X (Northern Mindanao),City,2nd,R10,A,N,2022,https://bldg.ibpls.com/gingoogmisamisoriental/,https://co.ibpls.com/gingoogmisamisoriental/,2022-12,#N/A,#N/A,#N/A,[1] Operational,[A] Operational,,[1] Operational,[A] Operational,,[1] Operational,[A] Operational,,[1] Operational,[A] Operational,,[1] Operational,[A] Operational,,[1] Operational,[A] Operational,,[1] Operational,[A] Operational,,#N/A,#N/A,#N/A,#N/A,#N/A,#N/A,#N/A,#N/A,#N/A,#N/A,#N/A,#N/A,#N/A,#N/A,#N/A
"Jasaan, Misamis Oriental",,,,,,10-043-11-000,10-43-11-000,"Jasaan, Misamis Oriental",Jasaan,Misamis Oriental,Region X (Northern Mindanao),Municipality,2nd,R10,B,N,2021,https://bldg.ibpls.com/jasaanmisamisoriental,https://co.ibpls.com/jasaanmisamisoriental,,#N/A,#N/A,#N/A,[1] Operational,[A] Operational,,[1] Operational,[A] Operational,,[1] Operational,[A] Operational,,[1] Operational,[A] Operational,,[1] Operational,[A] Operational,,[1] Operational,[A] Operational,,[1] Operational,[A] Operational,,#N/A,#N/A,#N/A,#N/A,#N/A,#N/A,#N/A,#N/A,#N/A,#N/A,#N/A,#N/A,#N/A,#N/A,#N/A
"Lagonglong, Misamis Oriental",,,,,,10-043-13-000,10-43-13-000,"Lagonglong, Misamis Oriental",Lagonglong,Misamis Oriental,Region X (Northern Mindanao),Municipality,5th,R10,A,N,2022,https://bldg.ibpls.com/lagonglongmisamisoriental/,https://co.ibpls.com/lagonglongmisamisoriental/,2022-12,#N/A,#N/A,#N/A,[1] Operational,[A] Operational,,[1] Operational,[A] Operational,,[1] Operational,[A] Operational,,[1] Operational,[A] Operational,,[1] Operational,[A] Operational,,[1] Operational,[A] Operational,,[1] Operational,[A] Operational,,#N/A,#N/A,#N/A,#N/A,#N/A,#N/A,#N/A,#N/A,#N/A,#N/A,#N/A,#N/A,#N/A,#N/A,#N/A
"Libertad, Misamis Oriental",,,,,,10-043-15-000,10-43-15-000,"Libertad, Misamis Oriental",Libertad,Misamis Oriental,Region X (Northern Mindanao),Municipality,5th,R10,B,N,2021,https://bldg.ibpls.com/libertadmisamisoriental,https://co.ibpls.com/libertadmisamisoriental,,#N/A,#N/A,#N/A,[1] Operational,[A] Operational,,[1] Operational,[A] Operational,,[1] Operational,[A] Operational,,[1] Operational,[A] Operational,,[1] Operational,[A] Operational,,[1] Operational,[A] Operational,,[1] Operational,[A] Operational,,#N/A,#N/A,#N/A,#N/A,#N/A,#N/A,#N/A,#N/A,#N/A,#N/A,#N/A,#N/A,#N/A,#N/A,#N/A
"Manticao, Misamis Oriental",,,,,,10-043-18-000,10-43-18-000,"Manticao, Misamis Oriental",Manticao,Misamis Oriental,Region X (Northern Mindanao),Municipality,4th,R10,B,N,2021,https://bldg.ibpls.com/manticaomisamisoriental/,https://co.ibpls.com/manticaomisamisoriental/,,#N/A,#N/A,#N/A,[1] Operational,[A] Operational,,[1] Operational,[A] Operational,,[1] Operational,[A] Operational,,[1] Operational,[A] Operational,,[1] Operational,[A] Operational,,[1] Operational,[A] Operational,,[1] Operational,[A] Operational,,#N/A,#N/A,#N/A,#N/A,#N/A,#N/A,#N/A,#N/A,#N/A,#N/A,#N/A,#N/A,#N/A,#N/A,#N/A
"Salay, Misamis Oriental",,,,,,10-043-22-000,10-43-22-000,"Salay, Misamis Oriental",Salay,Misamis Oriental,Region X (Northern Mindanao),Municipality,4th,R10,A,N,2020,https://bldg.ibpls.com/salaymisamisoriental/,https://co.ibpls.com/salaymisamisoriental/,2022-12,#N/A,#N/A,#N/A,[1] Operational,[A] Operational,,[1] Operational,[A] Operational,,[1] Operational,[A] Operational,,[1] Operational,[A] Operational,,[1] Operational,[A] Operational,,[1] Operational,[A] Operational,,[1] Operational,[A] Operational,,#N/A,#N/A,#N/A,#N/A,#N/A,#N/A,#N/A,#N/A,#N/A,#N/A,#N/A,#N/A,#N/A,#N/A,#N/A
"Tagoloan, Misamis Oriental",,,,,,10-043-24-000,10-43-24-000,"Tagoloan, Misamis Oriental",Tagoloan,Misamis Oriental,Region X (Northern Mindanao),Municipality,1st,R10,B,N,2021,https://bldg.ibpls.com/tagoloanmisamisoriental,https://co.ibpls.com/tagoloanmisamisoriental,,#N/A,#N/A,#N/A,[8] Withdraw,[D] Withdraw,,[8] Withdraw,[D] Withdraw,,[8] Withdraw,[D] Withdraw,,[8] Withdraw,[D] Withdraw,,[8] Withdraw,[D] Withdraw,,[8] Withdraw,[D] Withdraw,,[8] Withdraw,[D] Withdraw,,#N/A,#N/A,#N/A,#N/A,#N/A,#N/A,#N/A,#N/A,#N/A,#N/A,#N/A,#N/A,#N/A,#N/A,#N/A
"Talisayan, Misamis Oriental",,,,,,10-043-25-000,10-43-25-000,"Talisayan, Misamis Oriental",Talisayan,Misamis Oriental,Region X (Northern Mindanao),Municipality,4th,R10,B,N,2022,https://bldg.ibpls.com/talisayanmisamisoriental,https://co.ibpls.com/talisayanmisamisoriental,,#N/A,#N/A,#N/A,[1] Operational,[A] Operational,,[1] Operational,[A] Operational,,[1] Operational,[A] Operational,,[1] Operational,[A] Operational,,[1] Operational,[A] Operational,,[1] Operational,[A] Operational,,[1] Operational,[A] Operational,,#N/A,#N/A,#N/A,#N/A,#N/A,#N/A,#N/A,#N/A,#N/A,#N/A,#N/A,#N/A,#N/A,#N/A,#N/A
"Clarin, Misamis Occidental",,,,,,10-042-05-000,10-42-05-000,"Clarin, Misamis Occidental",Clarin,Misamis Occidental,Region X (Northern Mindanao),Municipality,4th,R10,B,N,2023,NO INSTANCE,NO INSTANCE,,#N/A,#N/A,#N/A,[5] For Training,[C] For Training/Others,,[5] For Training,[C] For Training/Others,,[5] For Training,[C] For Training/Others,,[5] For Training,[C] For Training/Others,,[5] For Training,[C] For Training/Others,Scheduled in June,[5] For Training,[C] For Training/Others,,[5] For Training,[C] For Training/Others,"Scheduled in July, waiting for Opex SARO",#N/A,#N/A,#N/A,#N/A,#N/A,#N/A,#N/A,#N/A,#N/A,#N/A,#N/A,#N/A,#N/A,#N/A,#N/A
"City of Tangub, Misamis Occidental",,,,,,10-042-15-000,10-42-15-000,"City of Tangub, Misamis Occidental",City of Tangub,Misamis Occidental,Region X (Northern Mindanao),City,4th,R10,B,N,2023,NO INSTANCE,NO INSTANCE,,#N/A,#N/A,#N/A,[5] For Training,[C] For Training/Others,,[5] For Training,[C] For Training/Others,,[5] For Training,[C] For Training/Others,,[5] For Training,[C] For Training/Others,,[5] For Training,[C] For Training/Others,,[5] For Training,[C] For Training/Others,,[5] For Training,[C] For Training/Others,,#N/A,#N/A,#N/A,#N/A,#N/A,#N/A,#N/A,#N/A,#N/A,#N/A,#N/A,#N/A,#N/A,#N/A,#N/A
"Malalag, Davao del Sur",,,,,,11-024-08-000,11-24-08-000,"Malalag, Davao del Sur",Malalag,Davao del Sur,Region XI (Davao Region),Municipality,2nd,R11,A,P,2022,https://bldg.ibpls.com/malalagdavaodelsur/,https://co.ibpls.com/malalagdavaodelsur/,2022-12,#N/A,#N/A,#N/A,[1] Operational,[A] Operational,,[1] Operational,[A] Operational,,[1] Operational,[A] Operational,,[1] Operational,[A] Operational,,[1] Operational,[A] Operational,,[1] Operational,[A] Operational,,[1] Operational,[A] Operational,,#N/A,#N/A,#N/A,#N/A,#N/A,#N/A,#N/A,#N/A,#N/A,#N/A,#N/A,#N/A,#N/A,#N/A,#N/A
"Sulop, Davao del Sur",,,,,,11-024-14-000,11-24-14-000,"Sulop, Davao del Sur",Sulop,Davao del Sur,Region XI (Davao Region),Municipality,3rd,R11,A,P,2021,https://bldg.ibpls.com/sulopdavaodelsur/,https://co.ibpls.com/sulopdavaodelsur/,2022-12,#N/A,#N/A,#N/A,[1] Operational,[A] Operational,,[1] Operational,[A] Operational,,[1] Operational,[A] Operational,,[1] Operational,[A] Operational,,[1] Operational,[A] Operational,,[1] Operational,[A] Operational,,[1] Operational,[A] Operational,,#N/A,#N/A,#N/A,#N/A,#N/A,#N/A,#N/A,#N/A,#N/A,#N/A,#N/A,#N/A,#N/A,#N/A,#N/A
"Boston, Davao Oriental",,,,,,11-025-03-000,11-25-03-000,"Boston, Davao Oriental",Boston,Davao Oriental,Region XI (Davao Region),Municipality,3rd,R11,A,P,2022,https://bldg.ibpls.com/bostondavaooriental/,https://co.ibpls.com/bostondavaooriental/,2022-12,#N/A,#N/A,#N/A,[1] Operational,[A] Operational,,[1] Operational,[A] Operational,,[1] Operational,[A] Operational,,[1] Operational,[A] Operational,,[1] Operational,[A] Operational,,[1] Operational,[A] Operational,,[1] Operational,[A] Operational,,#N/A,#N/A,#N/A,#N/A,#N/A,#N/A,#N/A,#N/A,#N/A,#N/A,#N/A,#N/A,#N/A,#N/A,#N/A
"Cateel, Davao Oriental",,,,,,11-025-05-000,11-25-05-000,"Cateel, Davao Oriental",Cateel,Davao Oriental,Region XI (Davao Region),Municipality,2nd,R11,A,P,2022,https://bldg.ibpls.com/cateeldavaooriental/,https://co.ibpls.com/cateeldavaooriental/,2022-12,#N/A,#N/A,#N/A,[1] Operational,[A] Operational,,[1] Operational,[A] Operational,,[1] Operational,[A] Operational,,[1] Operational,[A] Operational,,[1] Operational,[A] Operational,,[1] Operational,[A] Operational,,[1] Operational,[A] Operational,,#N/A,#N/A,#N/A,#N/A,#N/A,#N/A,#N/A,#N/A,#N/A,#N/A,#N/A,#N/A,#N/A,#N/A,#N/A
"Lupon, Davao Oriental",,,,,,11-025-07-000,11-25-07-000,"Lupon, Davao Oriental",Lupon,Davao Oriental,Region XI (Davao Region),Municipality,1st,R11,B,P,2022,https://bldg.ibpls.com/lupondavaooriental/,https://co.ibpls.com/lupondavaooriental/,2023-01,#N/A,#N/A,#N/A,[1] Operational,[A] Operational,,[1] Operational,[A] Operational,,[1] Operational,[A] Operational,,[1] Operational,[A] Operational,,[1] Operational,[A] Operational,,[1] Operational,[A] Operational,,[1] Operational,[A] Operational,,#N/A,#N/A,#N/A,#N/A,#N/A,#N/A,#N/A,#N/A,#N/A,#N/A,#N/A,#N/A,#N/A,#N/A,#N/A
"Manay, Davao Oriental",,,,,,11-025-08-000,11-25-08-000,"Manay, Davao Oriental",Manay,Davao Oriental,Region XI (Davao Region),Municipality,2nd,R11,A,P,2021,https://bldg.ibpls.com/manaydavaooriental/,https://co.ibpls.com/manaydavaooriental/,2022-12,#N/A,#N/A,#N/A,[1] Operational,[A] Operational,,[1] Operational,[A] Operational,,[1] Operational,[A] Operational,,[1] Operational,[A] Operational,,[1] Operational,[A] Operational,,[1] Operational,[A] Operational,,[1] Operational,[A] Operational,,#N/A,#N/A,#N/A,#N/A,#N/A,#N/A,#N/A,#N/A,#N/A,#N/A,#N/A,#N/A,#N/A,#N/A,#N/A
"City of Mati, Davao Oriental",,,,,,11-025-09-000,11-25-09-000,"City of Mati, Davao Oriental",City of Mati,Davao Oriental,Region XI (Davao Region),City,5th,R11,A,P,2022,https://bldg.ibpls.com/matidavaooriental/,https://co.ibpls.com/matidavaooriental/,2022-12,#N/A,#N/A,#N/A,[1] Operational,[A] Operational,,[1] Operational,[A] Operational,,[1] Operational,[A] Operational,,[1] Operational,[A] Operational,,[1] Operational,[A] Operational,,[1] Operational,[A] Operational,,[1] Operational,[A] Operational,,#N/A,#N/A,#N/A,#N/A,#N/A,#N/A,#N/A,#N/A,#N/A,#N/A,#N/A,#N/A,#N/A,#N/A,#N/A
"Tarragona, Davao Oriental",,,,,,11-025-11-000,11-25-11-000,"Tarragona, Davao Oriental",Tarragona,Davao Oriental,Region XI (Davao Region),Municipality,3rd,R11,B,P,2022,https://bldg.ibpls.com/tarragonadavaooriental/,https://co.ibpls.com/tarragonadavaooriental/,2023-01,#N/A,#N/A,#N/A,[1] Operational,[A] Operational,,[1] Operational,[A] Operational,,[1] Operational,[A] Operational,,[1] Operational,[A] Operational,,[1] Operational,[A] Operational,,[1] Operational,[A] Operational,,[1] Operational,[A] Operational,,#N/A,#N/A,#N/A,#N/A,#N/A,#N/A,#N/A,#N/A,#N/A,#N/A,#N/A,#N/A,#N/A,#N/A,#N/A
"City of Digos, Davao del Sur",,,,,,11-024-03-000,11-24-03-000,"City of Digos, Davao del Sur",City of Digos,Davao del Sur,Region XI (Davao Region),City,2nd,R11,B,P,2023,https://bldg.ibpls.com/digosdavaodelsur/,https://co.ibpls.com/digosdavaodelsur/,,#N/A,#N/A,#N/A,[1] Operational,[A] Operational,,[1] Operational,[A] Operational,,[1] Operational,[A] Operational,,[1] Operational,[A] Operational,,[1] Operational,[A] Operational,,[1] Operational,[A] Operational,,[1] Operational,[A] Operational,,#N/A,#N/A,#N/A,#N/A,#N/A,#N/A,#N/A,#N/A,#N/A,#N/A,#N/A,#N/A,#N/A,#N/A,#N/A
"Maragusan, Davao de Oro",,,,,,11-082-05-000,11-82-05-000,"Maragusan, Davao de Oro",Maragusan,Davao de Oro,Region XI (Davao Region),Municipality,1st,R11,B,P,2023,https://bldg.ibpls.com/maragusandavaodeoro/,https://co.ibpls.com/maragusandavaodeoro/,,#N/A,#N/A,#N/A,[1] Operational,[A] Operational,,[1] Operational,[A] Operational,,[1] Operational,[A] Operational,,[1] Operational,[A] Operational,,[1] Operational,[A] Operational,,[1] Operational,[A] Operational,,[1] Operational,[A] Operational,,#N/A,#N/A,#N/A,#N/A,#N/A,#N/A,#N/A,#N/A,#N/A,#N/A,#N/A,#N/A,#N/A,#N/A,#N/A
"Padada, Davao del Sur",,,,,,11-024-11-000,11-24-11-000,"Padada, Davao del Sur",Padada,Davao del Sur,Region XI (Davao Region),Municipality,3rd,R11,B,P,2023,https://bldg.ibpls.com/padadadavaodelsur/,https://co.ibpls.com/padadadavaodelsur/,,#N/A,#N/A,#N/A,[1] Operational,[A] Operational,,[1] Operational,[A] Operational,,[1] Operational,[A] Operational,,[1] Operational,[A] Operational,,[1] Operational,[A] Operational,,[1] Operational,[A] Operational,,[1] Operational,[A] Operational,,#N/A,#N/A,#N/A,#N/A,#N/A,#N/A,#N/A,#N/A,#N/A,#N/A,#N/A,#N/A,#N/A,#N/A,#N/A
"Kabacan, Cotabato",,,,,,12-047-03-000,12-47-03-000,"Kabacan, Cotabato",Kabacan,Cotabato,Region XII (SOCCSKSARGEN),Municipality,1st,R12,A,Q,2020,https://bldg.ibpls.com/kabacannorthcotabato/,https://co.ibpls.com/kabacannorthcotabato/,2022-12,#N/A,#N/A,#N/A,[1] Operational,[A] Operational,,[1] Operational,[A] Operational,,[1] Operational,[A] Operational,,[1] Operational,[A] Operational,,[1] Operational,[A] Operational,,[1] Operational,[A] Operational,,[1] Operational,[A] Operational,,#N/A,#N/A,#N/A,#N/A,#N/A,#N/A,#N/A,#N/A,#N/A,#N/A,#N/A,#N/A,#N/A,#N/A,#N/A
"City of Kidapawan, Cotabato",,,,,,12-047-04-000,12-47-04-000,"City of Kidapawan, Cotabato",City of Kidapawan,Cotabato,Region XII (SOCCSKSARGEN),City,3rd,R12,A,Q,2021,https://bldg.ibpls.com/kidapawannorthcotabato/,https://co.ibpls.com/kidapawannorthcotabato/,2022-12,#N/A,#N/A,#N/A,[1] Operational,[A] Operational,,[1] Operational,[A] Operational,,[1] Operational,[A] Operational,,[1] Operational,[A] Operational,,[1] Operational,[A] Operational,,[1] Operational,[A] Operational,,[1] Operational,[A] Operational,,#N/A,#N/A,#N/A,#N/A,#N/A,#N/A,#N/A,#N/A,#N/A,#N/A,#N/A,#N/A,#N/A,#N/A,#N/A
"Midsayap, Cotabato",,,,,,12-047-09-000,12-47-09-000,"Midsayap, Cotabato",Midsayap,Cotabato,Region XII (SOCCSKSARGEN),Municipality,1st,R12,B,Q,2021,https://bldg.ibpls.com/midsayapnorthcotabato/,https://co.ibpls.com/midsayapnorthcotabato/,,#N/A,#N/A,#N/A,[1] Operational,[A] Operational,,[1] Operational,[A] Operational,,[1] Operational,[A] Operational,,[1] Operational,[A] Operational,,[1] Operational,[A] Operational,,[1] Operational,[A] Operational,,[1] Operational,[A] Operational,,#N/A,#N/A,#N/A,#N/A,#N/A,#N/A,#N/A,#N/A,#N/A,#N/A,#N/A,#N/A,#N/A,#N/A,#N/A
"Pikit, Cotabato",,,,,,12-047-12-000,12-47-12-000,"Pikit, Cotabato",Pikit,Cotabato,Region XII (SOCCSKSARGEN),Municipality,1st,R12,B,Q,2021,https://bldg.ibpls.com/pikitnorthcotabato,https://co.ibpls.com/pikitnorthcotabato,,#N/A,#N/A,#N/A,[1] Operational,[A] Operational,,[1] Operational,[A] Operational,,[1] Operational,[A] Operational,,[1] Operational,[A] Operational,,[1] Operational,[A] Operational,,[1] Operational,[A] Operational,,[1] Operational,[A] Operational,,#N/A,#N/A,#N/A,#N/A,#N/A,#N/A,#N/A,#N/A,#N/A,#N/A,#N/A,#N/A,#N/A,#N/A,#N/A
"Bagumbayan, Sultan Kudarat",,,,,,12-065-01-000,12-65-01-000,"Bagumbayan, Sultan Kudarat",Bagumbayan,Sultan Kudarat,Region XII (SOCCSKSARGEN),Municipality,1st,R12,B,Q,2021,https://bldg.ibpls.com/bagumbayansultankudarat,https://co.ibpls.com/bagumbayansultankudarat,,#N/A,#N/A,#N/A,[3] Ongoing Data Build-up,[B] Developmental,,[3] Ongoing Data Build-up,[B] Developmental,,[3] Ongoing Data Build-up,[B] Developmental,,[3] Ongoing Data Build-up,[B] Developmental,,[3] Ongoing Data Build-up,[B] Developmental,,[3] Ongoing Data Build-up,[B] Developmental,,[3] Ongoing Data Build-up,[B] Developmental,,#N/A,#N/A,#N/A,#N/A,#N/A,#N/A,#N/A,#N/A,#N/A,#N/A,#N/A,#N/A,#N/A,#N/A,#N/A
"Lebak, Sultan Kudarat",,,,,,12-065-06-000,12-65-06-000,"Lebak, Sultan Kudarat",Lebak,Sultan Kudarat,Region XII (SOCCSKSARGEN),Municipality,1st,R12,B,Q,2021,https://bldg.ibpls.com/lebaksultankudarat,https://co.ibpls.com/lebaksultankudarat,,#N/A,#N/A,#N/A,[7] To Follow-up,[C] For Training/Others,,[7] To Follow-up,[C] For Training/Others,,[7] To Follow-up,[C] For Training/Others,,[7] To Follow-up,[C] For Training/Others,,[7] To Follow-up,[C] For Training/Others,,[7] To Follow-up,[C] For Training/Others,,[7] To Follow-up,[C] For Training/Others,,#N/A,#N/A,#N/A,#N/A,#N/A,#N/A,#N/A,#N/A,#N/A,#N/A,#N/A,#N/A,#N/A,#N/A,#N/A
"Las Nieves, Agusan del Norte",,,,,,16-002-07-000,16-02-07-000,"Las Nieves, Agusan del Norte",Las Nieves,Agusan del Norte,Region XIII (Caraga),Municipality,2nd,R13,A,O,2021,https://bldg.ibpls.com/lasnievesagusandelnorte/,https://co.ibpls.com/lasnievesagusandelnorte/,2022-12,#N/A,#N/A,#N/A,[1] Operational,[A] Operational,,[1] Operational,[A] Operational,,[1] Operational,[A] Operational,,[1] Operational,[A] Operational,,[1] Operational,[A] Operational,,[1] Operational,[A] Operational,,[1] Operational,[A] Operational,,#N/A,#N/A,#N/A,#N/A,#N/A,#N/A,#N/A,#N/A,#N/A,#N/A,#N/A,#N/A,#N/A,#N/A,#N/A
"Trento, Agusan del Sur",,,,,,16-003-12-000,16-03-12-000,"Trento, Agusan del Sur",Trento,Agusan del Sur,Region XIII (Caraga),Municipality,1st,R13,B,O,2021,https://bldg.ibpls.com/trentoagusandelsur,https://co.ibpls.com/trentoagusandelsur,,#N/A,#N/A,#N/A,[2] Pilot Testing,[B] Developmental,,[2] Pilot Testing,[B] Developmental,,[2] Pilot Testing,[B] Developmental,,[2] Pilot Testing,[B] Developmental,,[2] Pilot Testing,[B] Developmental,,[2] Pilot Testing,[B] Developmental,,[2] Pilot Testing,[B] Developmental,,#N/A,#N/A,#N/A,#N/A,#N/A,#N/A,#N/A,#N/A,#N/A,#N/A,#N/A,#N/A,#N/A,#N/A,#N/A
"Socorro, Surigao del Norte",,,,,,16-067-23-000,16-67-23-000,"Socorro, Surigao del Norte",Socorro,Surigao del Norte,Region XIII (Caraga),Municipality,4th,R13,B,O,2021,https://bldg.ibpls.com/socorrosurigaodelnorte,https://co.ibpls.com/socorrosurigaodelnorte,,#N/A,#N/A,#N/A,[1] Operational,[A] Operational,,[1] Operational,[A] Operational,,[1] Operational,[A] Operational,,[1] Operational,[A] Operational,,[1] Operational,[A] Operational,,[1] Operational,[A] Operational,,[1] Operational,[A] Operational,,#N/A,#N/A,#N/A,#N/A,#N/A,#N/A,#N/A,#N/A,#N/A,#N/A,#N/A,#N/A,#N/A,#N/A,#N/A
"Tagana-An, Surigao del Norte",,,,,,16-067-25-000,16-67-25-000,"Tagana-An, Surigao del Norte",Tagana-An,Surigao del Norte,Region XIII (Caraga),Municipality,5th*,R13,A,O,2022,https://bldg.ibpls.com/taganaansurigaodelnorte/,https://co.ibpls.com/taganaansurigaodelnorte/,2022-12,#N/A,#N/A,#N/A,[1] Operational,[A] Operational,,[1] Operational,[A] Operational,,[1] Operational,[A] Operational,,[1] Operational,[A] Operational,,[1] Operational,[A] Operational,,[1] Operational,[A] Operational,,[1] Operational,[A] Operational,,#N/A,#N/A,#N/A,#N/A,#N/A,#N/A,#N/A,#N/A,#N/A,#N/A,#N/A,#N/A,#N/A,#N/A,#N/A
"Tubod, Surigao del Norte",,,,,,16-067-27-000,16-67-27-000,"Tubod, Surigao del Norte",Tubod,Surigao del Norte,Region XIII (Caraga),Municipality,5th,R13,A,O,2022,https://bldg.ibpls.com/tubodsurigaodelnorte/,https://co.ibpls.com/tubodsurigaodelnorte/,2022-12,#N/A,#N/A,#N/A,[1] Operational,[A] Operational,,[1] Operational,[A] Operational,,[1] Operational,[A] Operational,,[1] Operational,[A] Operational,,[1] Operational,[A] Operational,,[1] Operational,[A] Operational,,[1] Operational,[A] Operational,,#N/A,#N/A,#N/A,#N/A,#N/A,#N/A,#N/A,#N/A,#N/A,#N/A,#N/A,#N/A,#N/A,#N/A,#N/A
"Bayabas, Surigao del Sur",,,,,,16-068-02-000,16-68-02-000,"Bayabas, Surigao del Sur",Bayabas,Surigao del Sur,Region XIII (Caraga),Municipality,5th,R13,A,O,2022,https://bldg.ibpls.com/bayabassurigaodelsur/,https://co.ibpls.com/bayabassurigaodelsur/,2022-12,#N/A,#N/A,#N/A,[1] Operational,[A] Operational,,[1] Operational,[A] Operational,,[1] Operational,[A] Operational,,[1] Operational,[A] Operational,,[1] Operational,[A] Operational,,[1] Operational,[A] Operational,,[1] Operational,[A] Operational,,#N/A,#N/A,#N/A,#N/A,#N/A,#N/A,#N/A,#N/A,#N/A,#N/A,#N/A,#N/A,#N/A,#N/A,#N/A
"Carmen, Surigao del Sur",,,,,,16-068-06-000,16-68-06-000,"Carmen, Surigao del Sur",Carmen,Surigao del Sur,Region XIII (Caraga),Municipality,5th,R13,A,O,2022,https://bldg.ibpls.com/carmensurigaodelsur/,https://co.ibpls.com/carmensurigaodelsur/,2022-12,#N/A,#N/A,#N/A,[1] Operational,[A] Operational,,[1] Operational,[A] Operational,,[1] Operational,[A] Operational,,[1] Operational,[A] Operational,,[1] Operational,[A] Operational,,[1] Operational,[A] Operational,,[1] Operational,[A] Operational,,#N/A,#N/A,#N/A,#N/A,#N/A,#N/A,#N/A,#N/A,#N/A,#N/A,#N/A,#N/A,#N/A,#N/A,#N/A
"Lingig, Surigao del Sur",,,,,,16-068-12-000,16-68-12-000,"Lingig, Surigao del Sur",Lingig,Surigao del Sur,Region XIII (Caraga),Municipality,2nd,R13,B,O,2022,https://bldg.ibpls.com/lingigsurigaodelsur,https://co.ibpls.com/lingigsurigaodelsur,,#N/A,#N/A,#N/A,[7] To Follow-up,[C] For Training/Others,,[7] To Follow-up,[C] For Training/Others,,[7] To Follow-up,[C] For Training/Others,,[7] To Follow-up,[C] For Training/Others,,[7] To Follow-up,[C] For Training/Others,,[7] To Follow-up,[C] For Training/Others,,[7] To Follow-up,[C] For Training/Others,,#N/A,#N/A,#N/A,#N/A,#N/A,#N/A,#N/A,#N/A,#N/A,#N/A,#N/A,#N/A,#N/A,#N/A,#N/A
"San Agustin, Surigao del Sur",,,,,,16-068-15-000,16-68-15-000,"San Agustin, Surigao del Sur",San Agustin,Surigao del Sur,Region XIII (Caraga),Municipality,4th,R13,A,O,2021,https://bldg.ibpls.com/sanagustinsurigaodelsur,https://co.ibpls.com/sanagustinsurigaodelsur,2022-12,#N/A,#N/A,#N/A,[2] Pilot Testing,[B] Developmental,,[2] Pilot Testing,[B] Developmental,,[2] Pilot Testing,[B] Developmental,,[2] Pilot Testing,[B] Developmental,,[2] Pilot Testing,[B] Developmental,,[2] Pilot Testing,[B] Developmental,,[2] Pilot Testing,[B] Developmental,,#N/A,#N/A,#N/A,#N/A,#N/A,#N/A,#N/A,#N/A,#N/A,#N/A,#N/A,#N/A,#N/A,#N/A,#N/A
"San Miguel, Surigao del Sur",,,,,,16-068-16-000,16-68-16-000,"San Miguel, Surigao del Sur",San Miguel,Surigao del Sur,Region XIII (Caraga),Municipality,1st,R13,B,O,2021,https://bldg.ibpls.com/sanmiguelsurigaodelsur,https://co.ibpls.com/sanmiguelsurigaodelsur,,#N/A,#N/A,#N/A,[2] Pilot Testing,[B] Developmental,,[2] Pilot Testing,[B] Developmental,,[2] Pilot Testing,[B] Developmental,,[2] Pilot Testing,[B] Developmental,,[2] Pilot Testing,[B] Developmental,,[2] Pilot Testing,[B] Developmental,,[2] Pilot Testing,[B] Developmental,,#N/A,#N/A,#N/A,#N/A,#N/A,#N/A,#N/A,#N/A,#N/A,#N/A,#N/A,#N/A,#N/A,#N/A,#N/A
"Tagbina, Surigao del Sur",,,,,,16-068-17-000,16-68-17-000,"Tagbina, Surigao del Sur",Tagbina,Surigao del Sur,Region XIII (Caraga),Municipality,2nd,R13,A,O,2021,https://bldg.ibpls.com/tagbinasurigaodelsur/,https://co.ibpls.com/tagbinasurigaodelsur/,2022-12,#N/A,#N/A,#N/A,[1] Operational,[A] Operational,,[1] Operational,[A] Operational,,[1] Operational,[A] Operational,,[1] Operational,[A] Operational,,[1] Operational,[A] Operational,,[1] Operational,[A] Operational,,[1] Operational,[A] Operational,,#N/A,#N/A,#N/A,#N/A,#N/A,#N/A,#N/A,#N/A,#N/A,#N/A,#N/A,#N/A,#N/A,#N/A,#N/A
"Tago, Surigao del Sur",,,,,,16-068-18-000,16-68-18-000,"Tago, Surigao del Sur",Tago,Surigao del Sur,Region XIII (Caraga),Municipality,2nd,R13,B,O,2021,https://bldg.ibpls.com/tagosurigaodelsur,https://co.ibpls.com/tagosurigaodelsur,,#N/A,#N/A,#N/A,[1] Operational,[A] Operational,,[1] Operational,[A] Operational,,[1] Operational,[A] Operational,,[1] Operational,[A] Operational,,[1] Operational,[A] Operational,,[1] Operational,[A] Operational,,[1] Operational,[A] Operational,,#N/A,#N/A,#N/A,#N/A,#N/A,#N/A,#N/A,#N/A,#N/A,#N/A,#N/A,#N/A,#N/A,#N/A,#N/A
"City of Ilagan, Isabela",,,,,,02-031-14-000,02-31-14-000,"City of Ilagan, Isabela",City of Ilagan,Isabela,Region II (Cagayan Valley),City,1st (as Mun),R2,A,D,2020,https://bldg.ibpls.com/ilaganisabela/,https://co.ibpls.com/ilaganisabela/,2022-12,#N/A,#N/A,#N/A,[1] Operational,[A] Operational,,[1] Operational,[A] Operational,,[1] Operational,[A] Operational,,[1] Operational,[A] Operational,,[1] Operational,[A] Operational,,[1] Operational,[A] Operational,,[1] Operational,[A] Operational,,#N/A,#N/A,#N/A,#N/A,#N/A,#N/A,#N/A,#N/A,#N/A,#N/A,#N/A,#N/A,#N/A,#N/A,#N/A
"Aurora, Isabela",,,,,,02-031-03-000,02-31-03-000,"Aurora, Isabela",Aurora,Isabela,Region II (Cagayan Valley),Municipality,3rd,R2,B,D,2023,https://bldg.ibpls.com/auroraisabela/,https://co.ibpls.com/auroraisabela/,,#N/A,#N/A,#N/A,[1] Operational,[A] Operational,,[1] Operational,[A] Operational,,[1] Operational,[A] Operational,,[1] Operational,[A] Operational,,[1] Operational,[A] Operational,,[1] Operational,[A] Operational,,[1] Operational,[A] Operational,,#N/A,#N/A,#N/A,#N/A,#N/A,#N/A,#N/A,#N/A,#N/A,#N/A,#N/A,#N/A,#N/A,#N/A,#N/A
"Limay, Bataan",,,,,,03-008-06-000,03-08-06-000,"Limay, Bataan",Limay,Bataan,Region III (Central Luzon),Municipality,1st,R3,B,E,2021,https://bldg.ibpls.com/limaybataan,https://co.ibpls.com/limaybataan,,#N/A,#N/A,#N/A,[6] With Concerns,[C] For Training/Others,,[6] With Concerns,[C] For Training/Others,,[6] With Concerns,[C] For Training/Others,,[6] With Concerns,[C] For Training/Others,,[6] With Concerns,[C] For Training/Others,,[6] With Concerns,[C] For Training/Others,,[6] With Concerns,[C] For Training/Others,,#N/A,#N/A,#N/A,#N/A,#N/A,#N/A,#N/A,#N/A,#N/A,#N/A,#N/A,#N/A,#N/A,#N/A,#N/A
"City of Meycauayan, Bulacan",,,,,,03-014-12-000,03-14-12-000,"City of Meycauayan, Bulacan",City of Meycauayan,Bulacan,Region III (Central Luzon),City,3rd,R3,B,E,2022,https://bldg.ibpls.com/meycauayanbulacan,https://co.ibpls.com/meycauayanbulacan/,,#N/A,#N/A,#N/A,[8] Withdraw,[D] Withdraw,,[8] Withdraw,[D] Withdraw,,[8] Withdraw,[D] Withdraw,,[8] Withdraw,[D] Withdraw,,[8] Withdraw,[D] Withdraw,,[8] Withdraw,[D] Withdraw,,[8] Withdraw,[D] Withdraw,,#N/A,#N/A,#N/A,#N/A,#N/A,#N/A,#N/A,#N/A,#N/A,#N/A,#N/A,#N/A,#N/A,#N/A,#N/A
"Norzagaray, Bulacan",,,,,,03-014-13-000,03-14-13-000,"Norzagaray, Bulacan",Norzagaray,Bulacan,Region III (Central Luzon),Municipality,1st,R3,A,E,2021,https://bldg.ibpls.com/norzagaraybulacan/,https://co.ibpls.com/norzagaraybulacan/,2022-12,#N/A,#N/A,#N/A,[1] Operational,[A] Operational,,[1] Operational,[A] Operational,,[1] Operational,[A] Operational,,[1] Operational,[A] Operational,,[1] Operational,[A] Operational,,[1] Operational,[A] Operational,,[1] Operational,[A] Operational,,#N/A,#N/A,#N/A,#N/A,#N/A,#N/A,#N/A,#N/A,#N/A,#N/A,#N/A,#N/A,#N/A,#N/A,#N/A
"Gabaldon, Nueva Ecija",,,,,,03-049-07-000,03-49-07-000,"Gabaldon, Nueva Ecija",Gabaldon,Nueva Ecija,Region III (Central Luzon),Municipality,4th,R3,B,E,2021,https://bldg.ibpls.com/gabaldonnuevaecija,https://co.ibpls.com/gabaldonnuevaecija,,#N/A,#N/A,#N/A,[2] Pilot Testing,[B] Developmental,,[2] Pilot Testing,[B] Developmental,,[2] Pilot Testing,[B] Developmental,,[2] Pilot Testing,[B] Developmental,,[2] Pilot Testing,[B] Developmental,,[2] Pilot Testing,[B] Developmental,,[2] Pilot Testing,[B] Developmental,,#N/A,#N/A,#N/A,#N/A,#N/A,#N/A,#N/A,#N/A,#N/A,#N/A,#N/A,#N/A,#N/A,#N/A,#N/A
"City of Palayan, Nueva Ecija",,,,,,03-049-19-000,03-49-19-000,"City of Palayan, Nueva Ecija",City of Palayan,Nueva Ecija,Region III (Central Luzon),City,5th,R3,B,E,2022,https://bldg.ibpls.com/palayannuevaecija,https://co.ibpls.com/palayannuevaecija,,#N/A,#N/A,#N/A,[2] Pilot Testing,[B] Developmental,,[2] Pilot Testing,[B] Developmental,,[2] Pilot Testing,[B] Developmental,,[2] Pilot Testing,[B] Developmental,,[2] Pilot Testing,[B] Developmental,,[2] Pilot Testing,[B] Developmental,,[2] Pilot Testing,[B] Developmental,,#N/A,#N/A,#N/A,#N/A,#N/A,#N/A,#N/A,#N/A,#N/A,#N/A,#N/A,#N/A,#N/A,#N/A,#N/A
"Zaragoza, Nueva Ecija",,,,,,03-049-32-000,03-49-32-000,"Zaragoza, Nueva Ecija",Zaragoza,Nueva Ecija,Region III (Central Luzon),Municipality,3rd,R3,B,E,2021,https://bldg.ibpls.com/zaragozanuevaecija,https://co.ibpls.com/zaragozanuevaecija,,#N/A,#N/A,#N/A,[2] Pilot Testing,[B] Developmental,,[2] Pilot Testing,[B] Developmental,,[2] Pilot Testing,[B] Developmental,,[2] Pilot Testing,[B] Developmental,,[2] Pilot Testing,[B] Developmental,,[2] Pilot Testing,[B] Developmental,,[2] Pilot Testing,[B] Developmental,,#N/A,#N/A,#N/A,#N/A,#N/A,#N/A,#N/A,#N/A,#N/A,#N/A,#N/A,#N/A,#N/A,#N/A,#N/A
"Arayat, Pampanga",,,,,,03-054-03-000,03-54-03-000,"Arayat, Pampanga",Arayat,Pampanga,Region III (Central Luzon),Municipality,1st,R3,A,E,2021,https://bldg.ibpls.com/arayatpampanga/,https://co.ibpls.com/arayatpampanga/,2022-12,#N/A,#N/A,#N/A,[1] Operational,[A] Operational,,[1] Operational,[A] Operational,,[1] Operational,[A] Operational,,[1] Operational,[A] Operational,,[1] Operational,[A] Operational,,[1] Operational,[A] Operational,,[1] Operational,[A] Operational,,#N/A,#N/A,#N/A,#N/A,#N/A,#N/A,#N/A,#N/A,#N/A,#N/A,#N/A,#N/A,#N/A,#N/A,#N/A
"Macabebe, Pampanga",,,,,,03-054-10-000,03-54-10-000,"Macabebe, Pampanga",Macabebe,Pampanga,Region III (Central Luzon),Municipality,1st,R3,B,E,2021,https://bldg.ibpls.com/macabebepampanga,https://co.ibpls.com/macabebepampanga,,#N/A,#N/A,#N/A,[6] With Concerns,[C] For Training/Others,,[6] With Concerns,[C] For Training/Others,,[6] With Concerns,[C] For Training/Others,,[6] With Concerns,[C] For Training/Others,,[6] With Concerns,[C] For Training/Others,,[6] With Concerns,[C] For Training/Others,,[6] With Concerns,[C] For Training/Others,,#N/A,#N/A,#N/A,#N/A,#N/A,#N/A,#N/A,#N/A,#N/A,#N/A,#N/A,#N/A,#N/A,#N/A,#N/A
"San Luis, Pampanga",,,,,,03-054-17-000,03-54-17-000,"San Luis, Pampanga",San Luis,Pampanga,Region III (Central Luzon),Municipality,3rd,R3,B,E,2021,https://bldg.ibpls.com/sanluispampanga,https://co.ibpls.com/sanluispampanga,,#N/A,#N/A,#N/A,[6] With Concerns,[C] For Training/Others,,[6] With Concerns,[C] For Training/Others,,[6] With Concerns,[C] For Training/Others,,[6] With Concerns,[C] For Training/Others,,[6] With Concerns,[C] For Training/Others,,[6] With Concerns,[C] For Training/Others,,[6] With Concerns,[C] For Training/Others,,#N/A,#N/A,#N/A,#N/A,#N/A,#N/A,#N/A,#N/A,#N/A,#N/A,#N/A,#N/A,#N/A,#N/A,#N/A
"Gerona, Tarlac",,,,,,03-069-06-000,03-69-06-000,"Gerona, Tarlac",Gerona,Tarlac,Region III (Central Luzon),Municipality,1st,R3,B,E,2021,https://bldg.ibpls.com/geronatarlac/,https://co.ibpls.com/geronatarlac/,,#N/A,#N/A,#N/A,[1] Operational,[A] Operational,,[1] Operational,[A] Operational,,[1] Operational,[A] Operational,,[1] Operational,[A] Operational,,[1] Operational,[A] Operational,,[1] Operational,[A] Operational,,[1] Operational,[A] Operational,,#N/A,#N/A,#N/A,#N/A,#N/A,#N/A,#N/A,#N/A,#N/A,#N/A,#N/A,#N/A,#N/A,#N/A,#N/A
"Santa Ignacia, Tarlac",,,,,,03-069-15-000,03-69-15-000,"Santa Ignacia, Tarlac",Santa Ignacia,Tarlac,Region III (Central Luzon),Municipality,2nd,R3,A,E,2021,https://bldg.ibpls.com/santaignaciatarlac/,https://co.ibpls.com/santaignaciatarlac/,2022-12,#N/A,#N/A,#N/A,[1] Operational,[A] Operational,,[1] Operational,[A] Operational,,[1] Operational,[A] Operational,,[1] Operational,[A] Operational,,[1] Operational,[A] Operational,,[1] Operational,[A] Operational,,[1] Operational,[A] Operational,,#N/A,#N/A,#N/A,#N/A,#N/A,#N/A,#N/A,#N/A,#N/A,#N/A,#N/A,#N/A,#N/A,#N/A,#N/A
"Iba, Zambales",,,,,,03-071-05-000,03-71-05-000,"Iba, Zambales",Iba,Zambales,Region III (Central Luzon),Municipality,2nd,R3,B,E,2022,https://bldg.ibpls.com/ibazambales,https://co.ibpls.com/ibazambales,,#N/A,#N/A,#N/A,[2] Pilot Testing,[B] Developmental,,[2] Pilot Testing,[B] Developmental,,[2] Pilot Testing,[B] Developmental,,[2] Pilot Testing,[B] Developmental,,[2] Pilot Testing,[B] Developmental,,[2] Pilot Testing,[B] Developmental,,[2] Pilot Testing,[B] Developmental,,#N/A,#N/A,#N/A,#N/A,#N/A,#N/A,#N/A,#N/A,#N/A,#N/A,#N/A,#N/A,#N/A,#N/A,#N/A
"San Antonio, Zambales",,,,,,03-071-09-000,03-71-09-000,"San Antonio, Zambales",San Antonio,Zambales,Region III (Central Luzon),Municipality,2nd,R3,B,E,2022,https://bldg.ibpls.com/sanantoniozambales,https://co.ibpls.com/sanantoniozambales,,#N/A,#N/A,#N/A,[2] Pilot Testing,[B] Developmental,,[2] Pilot Testing,[B] Developmental,,[2] Pilot Testing,[B] Developmental,,[2] Pilot Testing,[B] Developmental,,[2] Pilot Testing,[B] Developmental,,[2] Pilot Testing,[B] Developmental,,[2] Pilot Testing,[B] Developmental,,#N/A,#N/A,#N/A,#N/A,#N/A,#N/A,#N/A,#N/A,#N/A,#N/A,#N/A,#N/A,#N/A,#N/A,#N/A
"San Narciso, Zambales",,,,,,03-071-12-000,03-71-12-000,"San Narciso, Zambales",San Narciso,Zambales,Region III (Central Luzon),Municipality,4th,R3,A,E,2021,https://bldg.ibpls.com/sannarcisozambales/,https://co.ibpls.com/sannarcisozambales/,2022-12,#N/A,#N/A,#N/A,[1] Operational,[A] Operational,,[1] Operational,[A] Operational,,[1] Operational,[A] Operational,,[1] Operational,[A] Operational,,[1] Operational,[A] Operational,,[1] Operational,[A] Operational,,[1] Operational,[A] Operational,,#N/A,#N/A,#N/A,#N/A,#N/A,#N/A,#N/A,#N/A,#N/A,#N/A,#N/A,#N/A,#N/A,#N/A,#N/A
"Baler, Aurora",,,,,,03-077-01-000,03-77-01-000,"Baler, Aurora",Baler,Aurora,Region III (Central Luzon),Municipality,3rd,R3,A,E,2020,https://bldg.ibpls.com/baleraurora/,https://co.ibpls.com/baleraurora/,2022-12,#N/A,#N/A,#N/A,[1] Operational,[A] Operational,,[1] Operational,[A] Operational,,[1] Operational,[A] Operational,,[1] Operational,[A] Operational,,[1] Operational,[A] Operational,,[1] Operational,[A] Operational,,[1] Operational,[A] Operational,,#N/A,#N/A,#N/A,#N/A,#N/A,#N/A,#N/A,#N/A,#N/A,#N/A,#N/A,#N/A,#N/A,#N/A,#N/A
"Casiguran, Aurora",,,,,,03-077-02-000,03-77-02-000,"Casiguran, Aurora",Casiguran,Aurora,Region III (Central Luzon),Municipality,2nd,R3,A,E,2021,https://bldg.ibpls.com/casiguranaurora/,https://co.ibpls.com/casiguranaurora/,2022-12,#N/A,#N/A,#N/A,[1] Operational,[A] Operational,,[1] Operational,[A] Operational,,[1] Operational,[A] Operational,,[1] Operational,[A] Operational,,[1] Operational,[A] Operational,,[1] Operational,[A] Operational,,[1] Operational,[A] Operational,,#N/A,#N/A,#N/A,#N/A,#N/A,#N/A,#N/A,#N/A,#N/A,#N/A,#N/A,#N/A,#N/A,#N/A,#N/A
"Dingalan, Aurora",,,,,,03-077-05-000,03-77-05-000,"Dingalan, Aurora",Dingalan,Aurora,Region III (Central Luzon),Municipality,3rd,R3,B,E,2021,https://bldg.ibpls.com/dingalanaurora,https://co.ibpls.com/dingalanaurora,,#N/A,#N/A,#N/A,[2] Pilot Testing,[B] Developmental,,[2] Pilot Testing,[B] Developmental,,[2] Pilot Testing,[B] Developmental,,[2] Pilot Testing,[B] Developmental,,[2] Pilot Testing,[B] Developmental,,[2] Pilot Testing,[B] Developmental,,[2] Pilot Testing,[B] Developmental,,#N/A,#N/A,#N/A,#N/A,#N/A,#N/A,#N/A,#N/A,#N/A,#N/A,#N/A,#N/A,#N/A,#N/A,#N/A
"Dipaculao, Aurora",,,,,,03-077-06-000,03-77-06-000,"Dipaculao, Aurora",Dipaculao,Aurora,Region III (Central Luzon),Municipality,3rd,R3,B,E,2021,https://bldg.ibpls.com/dipaculaoaurora/,https://co.ibpls.com/dipaculaoaurora/,,#N/A,#N/A,#N/A,[1] Operational,[A] Operational,,[1] Operational,[A] Operational,,[1] Operational,[A] Operational,,[1] Operational,[A] Operational,,[1] Operational,[A] Operational,,[1] Operational,[A] Operational,,[1] Operational,[A] Operational,,#N/A,#N/A,#N/A,#N/A,#N/A,#N/A,#N/A,#N/A,#N/A,#N/A,#N/A,#N/A,#N/A,#N/A,#N/A
"Maria Aurora, Aurora",,,,,,03-077-07-000,03-77-07-000,"Maria Aurora, Aurora",Maria Aurora,Aurora,Region III (Central Luzon),Municipality,2nd,R3,A,E,2021,https://bldg.ibpls.com/mariaauroraaurora/,https://co.ibpls.com/mariaauroraaurora/,2022-12,#N/A,#N/A,#N/A,[1] Operational,[A] Operational,,[1] Operational,[A] Operational,,[1] Operational,[A] Operational,,[1] Operational,[A] Operational,,[1] Operational,[A] Operational,,[1] Operational,[A] Operational,,[1] Operational,[A] Operational,,#N/A,#N/A,#N/A,#N/A,#N/A,#N/A,#N/A,#N/A,#N/A,#N/A,#N/A,#N/A,#N/A,#N/A,#N/A
"City of Olongapo, Zambales",,,,,,03-314-00-000,03-71-07-000,"City of Olongapo, Zambales",City of Olongapo,Zambales,Region III (Central Luzon),City,1st,R3,B,E,2022,https://bldg.ibpls.com/olongapozambales,https://co.ibpls.com/olongapozambales,,#N/A,#N/A,#N/A,[3] Ongoing Data Build-up,[B] Developmental,,[3] Ongoing Data Build-up,[B] Developmental,,[3] Ongoing Data Build-up,[B] Developmental,,[3] Ongoing Data Build-up,[B] Developmental,,[3] Ongoing Data Build-up,[B] Developmental,,[3] Ongoing Data Build-up,[B] Developmental,,[3] Ongoing Data Build-up,[B] Developmental,,#N/A,#N/A,#N/A,#N/A,#N/A,#N/A,#N/A,#N/A,#N/A,#N/A,#N/A,#N/A,#N/A,#N/A,#N/A
"Aliaga, Nueva Ecija",,,,,,03-049-01-000,03-49-01-000,"Aliaga, Nueva Ecija",Aliaga,Nueva Ecija,Region III (Central Luzon),Municipality,2nd,R3,B,E,2023,NO INSTANCE,NO INSTANCE,,#N/A,#N/A,#N/A,[8] Withdraw,[D] Withdraw,,[8] Withdraw,[D] Withdraw,,[8] Withdraw,[D] Withdraw,,[8] Withdraw,[D] Withdraw,,[8] Withdraw,[D] Withdraw,,[8] Withdraw,[D] Withdraw,,[8] Withdraw,[D] Withdraw,,#N/A,#N/A,#N/A,#N/A,#N/A,#N/A,#N/A,#N/A,#N/A,#N/A,#N/A,#N/A,#N/A,#N/A,#N/A
"Cabiao, Nueva Ecija",,,,,,03-049-04-000,03-49-04-000,"Cabiao, Nueva Ecija",Cabiao,Nueva Ecija,Region III (Central Luzon),Municipality,1st,R3,B,E,2023,https://bldg.ibpls.com/cabiaonuevaecija,https://co.ibpls.com/cabiaonuevaecija,,#N/A,#N/A,#N/A,[3] Ongoing Data Build-up,[B] Developmental,,[3] Ongoing Data Build-up,[B] Developmental,,[3] Ongoing Data Build-up,[B] Developmental,,[3] Ongoing Data Build-up,[B] Developmental,,[3] Ongoing Data Build-up,[B] Developmental,,[3] Ongoing Data Build-up,[B] Developmental,,[3] Ongoing Data Build-up,[B] Developmental,,#N/A,#N/A,#N/A,#N/A,#N/A,#N/A,#N/A,#N/A,#N/A,#N/A,#N/A,#N/A,#N/A,#N/A,#N/A
"Balayan, Batangas",,,,,,04-010-03-000,04-10-03-000,"Balayan, Batangas",Balayan,Batangas,Region IV-A (CALABARZON),Municipality,1st,R4A,A,F,2021,https://bldg.ibpls.com/balayanbatangas/,https://co.ibpls.com/balayanbatangas/,2022-12,#N/A,#N/A,#N/A,[1] Operational,[A] Operational,,[1] Operational,[A] Operational,,[1] Operational,[A] Operational,,[1] Operational,[A] Operational,,[1] Operational,[A] Operational,,[1] Operational,[A] Operational,,[1] Operational,[A] Operational,,#N/A,#N/A,#N/A,#N/A,#N/A,#N/A,#N/A,#N/A,#N/A,#N/A,#N/A,#N/A,#N/A,#N/A,#N/A
"Lemery, Batangas",,,,,,04-010-12-000,04-10-12-000,"Lemery, Batangas",Lemery,Batangas,Region IV-A (CALABARZON),Municipality,1st,R4A,B,F,2021,https://bldg.ibpls.com/lemerybatangas,https://co.ibpls.com/lemerybatangas,,#N/A,#N/A,#N/A,[8] Withdraw,[D] Withdraw,,[8] Withdraw,[D] Withdraw,,[8] Withdraw,[D] Withdraw,,[8] Withdraw,[D] Withdraw,,[8] Withdraw,[D] Withdraw,,[8] Withdraw,[D] Withdraw,,[8] Withdraw,[D] Withdraw,,#N/A,#N/A,#N/A,#N/A,#N/A,#N/A,#N/A,#N/A,#N/A,#N/A,#N/A,#N/A,#N/A,#N/A,#N/A
"Lian, Batangas",,,,,,04-010-13-000,04-10-13-000,"Lian, Batangas",Lian,Batangas,Region IV-A (CALABARZON),Municipality,3rd,R4A,A,F,2021,https://bldg.ibpls.com/lianbatangas/,https://co.ibpls.com/lianbatangas/,2022-12,#N/A,#N/A,#N/A,[1] Operational,[A] Operational,,[1] Operational,[A] Operational,,[1] Operational,[A] Operational,,[1] Operational,[A] Operational,,[1] Operational,[A] Operational,,[1] Operational,[A] Operational,,[1] Operational,[A] Operational,,#N/A,#N/A,#N/A,#N/A,#N/A,#N/A,#N/A,#N/A,#N/A,#N/A,#N/A,#N/A,#N/A,#N/A,#N/A
"Mabini, Batangas",,,,,,04-010-16-000,04-10-16-000,"Mabini, Batangas",Mabini,Batangas,Region IV-A (CALABARZON),Municipality,1st,R4A,A,F,2021,https://bldg.ibpls.com/mabinibatangas/,https://co.ibpls.com/mabinibatangas/,2022-12,#N/A,#N/A,#N/A,[1] Operational,[A] Operational,,[1] Operational,[A] Operational,,[1] Operational,[A] Operational,,[1] Operational,[A] Operational,,[1] Operational,[A] Operational,,[1] Operational,[A] Operational,,[1] Operational,[A] Operational,,#N/A,#N/A,#N/A,#N/A,#N/A,#N/A,#N/A,#N/A,#N/A,#N/A,#N/A,#N/A,#N/A,#N/A,#N/A
"San Luis, Batangas",,,,,,04-010-24-000,04-10-24-000,"San Luis, Batangas",San Luis,Batangas,Region IV-A (CALABARZON),Municipality,4th,R4A,B,F,2021,https://bldg.ibpls.com/sanluisbatangas/,https://co.ibpls.com/sanluisbatangas/,2023-01,#N/A,#N/A,#N/A,[1] Operational,[A] Operational,,[1] Operational,[A] Operational,,[1] Operational,[A] Operational,,[1] Operational,[A] Operational,,[1] Operational,[A] Operational,,[1] Operational,[A] Operational,,[1] Operational,[A] Operational,,#N/A,#N/A,#N/A,#N/A,#N/A,#N/A,#N/A,#N/A,#N/A,#N/A,#N/A,#N/A,#N/A,#N/A,#N/A
"Santa Teresita, Batangas",,,,,,04-010-27-000,04-10-27-000,"Santa Teresita, Batangas",Santa Teresita,Batangas,Region IV-A (CALABARZON),Municipality,5th,R4A,A,F,2021,https://bldg.ibpls.com/santateresitabatangas/,https://co.ibpls.com/santateresitabatangas/,2022-12,#N/A,#N/A,#N/A,[1] Operational,[A] Operational,,[1] Operational,[A] Operational,,[1] Operational,[A] Operational,,[1] Operational,[A] Operational,,[1] Operational,[A] Operational,,[1] Operational,[A] Operational,,[1] Operational,[A] Operational,,#N/A,#N/A,#N/A,#N/A,#N/A,#N/A,#N/A,#N/A,#N/A,#N/A,#N/A,#N/A,#N/A,#N/A,#N/A
"Taal, Batangas",,,,,,04-010-29-000,04-10-29-000,"Taal, Batangas",Taal,Batangas,Region IV-A (CALABARZON),Municipality,3rd,R4A,A,F,2021,https://bldg.ibpls.com/taalbatangas/,https://co.ibpls.com/taalbatangas/,2022-12,#N/A,#N/A,#N/A,[1] Operational,[A] Operational,,[1] Operational,[A] Operational,,[1] Operational,[A] Operational,,[1] Operational,[A] Operational,,[1] Operational,[A] Operational,,[1] Operational,[A] Operational,,[1] Operational,[A] Operational,,#N/A,#N/A,#N/A,#N/A,#N/A,#N/A,#N/A,#N/A,#N/A,#N/A,#N/A,#N/A,#N/A,#N/A,#N/A
"Amadeo, Cavite",,,,,,04-021-02-000,04-21-02-000,"Amadeo, Cavite",Amadeo,Cavite,Region IV-A (CALABARZON),Municipality,4th,R4A,B,F,2021,https://bldg.ibpls.com/amadeocavite,https://co.ibpls.com/amadeocavite,,#N/A,#N/A,#N/A,[2] Pilot Testing,[B] Developmental,Waiting for decision of LGU if they will use the system,[2] Pilot Testing,[B] Developmental,Waiting for decision of LGU if they will use the system,[2] Pilot Testing,[B] Developmental,Waiting for decision of LGU if they will use the system,[2] Pilot Testing,[B] Developmental,Waiting for decision of LGU if they will use the system,[2] Pilot Testing,[B] Developmental,Waiting for decision of LGU if they will use the system,[2] Pilot Testing,[B] Developmental,Waiting for decision of LGU if they will use the system,[2] Pilot Testing,[B] Developmental,Waiting for decision of LGU if they will use the system,#N/A,#N/A,#N/A,#N/A,#N/A,#N/A,#N/A,#N/A,#N/A,#N/A,#N/A,#N/A,#N/A,#N/A,#N/A
"Magallanes, Cavite",,,,,,04-021-12-000,04-21-12-000,"Magallanes, Cavite",Magallanes,Cavite,Region IV-A (CALABARZON),Municipality,4th,R4A,B,F,2021,https://bldg.ibpls.com/magallanescavite/,https://co.ibpls.com/magallanescavite/,,#N/A,#N/A,#N/A,[1] Operational,[A] Operational,,[1] Operational,[A] Operational,,[1] Operational,[A] Operational,,[1] Operational,[A] Operational,,[1] Operational,[A] Operational,,[1] Operational,[A] Operational,,[1] Operational,[A] Operational,,#N/A,#N/A,#N/A,#N/A,#N/A,#N/A,#N/A,#N/A,#N/A,#N/A,#N/A,#N/A,#N/A,#N/A,#N/A
"Naic, Cavite",,,,,,04-021-15-000,04-21-15-000,"Naic, Cavite",Naic,Cavite,Region IV-A (CALABARZON),Municipality,1st,R4A,A,F,2021,https://bldg.ibpls.com/naiccavite/,https://co.ibpls.com/naiccavite/,2022-12,#N/A,#N/A,#N/A,[1] Operational,[A] Operational,,[1] Operational,[A] Operational,,[1] Operational,[A] Operational,,[1] Operational,[A] Operational,,[1] Operational,[A] Operational,,[1] Operational,[A] Operational,,[1] Operational,[A] Operational,,#N/A,#N/A,#N/A,#N/A,#N/A,#N/A,#N/A,#N/A,#N/A,#N/A,#N/A,#N/A,#N/A,#N/A,#N/A
"Cavinti, Laguna",,,,,,04-034-07-000,04-34-07-000,"Cavinti, Laguna",Cavinti,Laguna,Region IV-A (CALABARZON),Municipality,3rd,R4A,B,F,2022,https://bldg.ibpls.com/cavintilaguna,https://co.ibpls.com/cavintilaguna,,#N/A,#N/A,#N/A,[2] Pilot Testing,[B] Developmental,Waiting for LGU Schedule,[2] Pilot Testing,[B] Developmental,Waiting for LGU Schedule,[2] Pilot Testing,[B] Developmental,Waiting for LGU Schedule,[2] Pilot Testing,[B] Developmental,Waiting for LGU Schedule,[2] Pilot Testing,[B] Developmental,Waiting for LGU Schedule,[2] Pilot Testing,[B] Developmental,Waiting for LGU Schedule,[2] Pilot Testing,[B] Developmental,Waiting for LGU Schedule,#N/A,#N/A,#N/A,#N/A,#N/A,#N/A,#N/A,#N/A,#N/A,#N/A,#N/A,#N/A,#N/A,#N/A,#N/A
"Paete, Laguna",,,,,,04-034-18-000,04-34-18-000,"Paete, Laguna",Paete,Laguna,Region IV-A (CALABARZON),Municipality,4th,R4A,B,F,2020,https://bldg.ibpls.com/paetelaguna/,https://co.ibpls.com/paetelaguna/,2023-01,#N/A,#N/A,#N/A,[1] Operational,[A] Operational,,[1] Operational,[A] Operational,,[1] Operational,[A] Operational,,[1] Operational,[A] Operational,,[1] Operational,[A] Operational,,[1] Operational,[A] Operational,,[1] Operational,[A] Operational,,#N/A,#N/A,#N/A,#N/A,#N/A,#N/A,#N/A,#N/A,#N/A,#N/A,#N/A,#N/A,#N/A,#N/A,#N/A
"Alabat, Quezon",,,,,,04-056-02-000,04-56-02-000,"Alabat, Quezon",Alabat,Quezon,Region IV-A (CALABARZON),Municipality,5th,R4A,B,F,2021,https://bldg.ibpls.com/alabatquezon/,https://co.ibpls.com/alabatquezon/,2023-01,#N/A,#N/A,#N/A,[1] Operational,[A] Operational,,[1] Operational,[A] Operational,,[1] Operational,[A] Operational,,[1] Operational,[A] Operational,,[1] Operational,[A] Operational,,[1] Operational,[A] Operational,,[1] Operational,[A] Operational,,#N/A,#N/A,#N/A,#N/A,#N/A,#N/A,#N/A,#N/A,#N/A,#N/A,#N/A,#N/A,#N/A,#N/A,#N/A
"Candelaria, Quezon",,,,,,04-056-08-000,04-56-08-000,"Candelaria, Quezon",Candelaria,Quezon,Region IV-A (CALABARZON),Municipality,1st,R4A,A,F,2021,https://bldg.ibpls.com/candelariaquezon/,https://co.ibpls.com/candelariaquezon/,2022-12,#N/A,#N/A,#N/A,[1] Operational,[A] Operational,,[1] Operational,[A] Operational,,[1] Operational,[A] Operational,,[1] Operational,[A] Operational,,[1] Operational,[A] Operational,,[1] Operational,[A] Operational,,[1] Operational,[A] Operational,,#N/A,#N/A,#N/A,#N/A,#N/A,#N/A,#N/A,#N/A,#N/A,#N/A,#N/A,#N/A,#N/A,#N/A,#N/A
"General Luna, Quezon",,,,,,04-056-16-000,04-56-16-000,"General Luna, Quezon",General Luna,Quezon,Region IV-A (CALABARZON),Municipality,4th,R4A,B,F,2022,https://bldg.ibpls.com/generallunaquezon/,https://co.ibpls.com/generallunaquezon/,,#N/A,#N/A,#N/A,[1] Operational,[A] Operational,,[1] Operational,[A] Operational,,[1] Operational,[A] Operational,,[1] Operational,[A] Operational,,[1] Operational,[A] Operational,,[1] Operational,[A] Operational,,[1] Operational,[A] Operational,,#N/A,#N/A,#N/A,#N/A,#N/A,#N/A,#N/A,#N/A,#N/A,#N/A,#N/A,#N/A,#N/A,#N/A,#N/A
"General Nakar, Quezon",,,,,,04-056-17-000,04-56-17-000,"General Nakar, Quezon",General Nakar,Quezon,Region IV-A (CALABARZON),Municipality,1st,R4A,B,F,2021,https://bldg.ibpls.com/generalnakarquezon/,https://co.ibpls.com/generalnakarquezon/,,#N/A,#N/A,#N/A,[1] Operational,[A] Operational,,[1] Operational,[A] Operational,,[1] Operational,[A] Operational,,[1] Operational,[A] Operational,,[1] Operational,[A] Operational,,[1] Operational,[A] Operational,,[1] Operational,[A] Operational,,#N/A,#N/A,#N/A,#N/A,#N/A,#N/A,#N/A,#N/A,#N/A,#N/A,#N/A,#N/A,#N/A,#N/A,#N/A
"Gumaca, Quezon",,,,,,04-056-19-000,04-56-19-000,"Gumaca, Quezon",Gumaca,Quezon,Region IV-A (CALABARZON),Municipality,1st,R4A,B,F,2021,https://bldg.ibpls.com/gumacaquezon,https://co.ibpls.com/gumacaquezon,,#N/A,#N/A,#N/A,[7] To Follow-up,[C] For Training/Others,,[7] To Follow-up,[C] For Training/Others,,[7] To Follow-up,[C] For Training/Others,,[7] To Follow-up,[C] For Training/Others,,[7] To Follow-up,[C] For Training/Others,,[7] To Follow-up,[C] For Training/Others,,[7] To Follow-up,[C] For Training/Others,,#N/A,#N/A,#N/A,#N/A,#N/A,#N/A,#N/A,#N/A,#N/A,#N/A,#N/A,#N/A,#N/A,#N/A,#N/A
"Infanta, Quezon",,,,,,04-056-20-000,04-56-20-000,"Infanta, Quezon",Infanta,Quezon,Region IV-A (CALABARZON),Municipality,1st,R4A,A,F,2021,https://bldg.ibpls.com/infantaquezon/,https://co.ibpls.com/infantaquezon/,2022-12,#N/A,#N/A,#N/A,[1] Operational,[A] Operational,,[1] Operational,[A] Operational,,[1] Operational,[A] Operational,,[1] Operational,[A] Operational,,[1] Operational,[A] Operational,,[1] Operational,[A] Operational,,[1] Operational,[A] Operational,,#N/A,#N/A,#N/A,#N/A,#N/A,#N/A,#N/A,#N/A,#N/A,#N/A,#N/A,#N/A,#N/A,#N/A,#N/A
"Mauban, Quezon",,,,,,04-056-27-000,04-56-27-000,"Mauban, Quezon",Mauban,Quezon,Region IV-A (CALABARZON),Municipality,1st,R4A,A,F,2021,https://bldg.ibpls.com/maubanquezon/,https://co.ibpls.com/maubanquezon/,2022-12,#N/A,#N/A,#N/A,[1] Operational,[A] Operational,,[1] Operational,[A] Operational,,[1] Operational,[A] Operational,,[1] Operational,[A] Operational,,[1] Operational,[A] Operational,,[1] Operational,[A] Operational,,[1] Operational,[A] Operational,,#N/A,#N/A,#N/A,#N/A,#N/A,#N/A,#N/A,#N/A,#N/A,#N/A,#N/A,#N/A,#N/A,#N/A,#N/A
"Pitogo, Quezon",,,,,,04-056-34-000,04-56-34-000,"Pitogo, Quezon",Pitogo,Quezon,Region IV-A (CALABARZON),Municipality,4th,R4A,B,F,2022,https://bldg.ibpls.com/pitogoquezon,https://co.ibpls.com/pitogoquezon,,#N/A,#N/A,#N/A,[2] Pilot Testing,[B] Developmental,,[2] Pilot Testing,[B] Developmental,,[2] Pilot Testing,[B] Developmental,,[2] Pilot Testing,[B] Developmental,,[2] Pilot Testing,[B] Developmental,,[2] Pilot Testing,[B] Developmental,,[2] Pilot Testing,[B] Developmental,,#N/A,#N/A,#N/A,#N/A,#N/A,#N/A,#N/A,#N/A,#N/A,#N/A,#N/A,#N/A,#N/A,#N/A,#N/A
"Sampaloc, Quezon",,,,,,04-056-39-000,04-56-39-000,"Sampaloc, Quezon",Sampaloc,Quezon,Region IV-A (CALABARZON),Municipality,5th,R4A,B,F,2022,https://bldg.ibpls.com/sampalocquezon/,https://co.ibpls.com/sampalocquezon/,2023-01,#N/A,#N/A,#N/A,[1] Operational,[A] Operational,,[1] Operational,[A] Operational,,[1] Operational,[A] Operational,,[1] Operational,[A] Operational,,[1] Operational,[A] Operational,,[1] Operational,[A] Operational,,[1] Operational,[A] Operational,,#N/A,#N/A,#N/A,#N/A,#N/A,#N/A,#N/A,#N/A,#N/A,#N/A,#N/A,#N/A,#N/A,#N/A,#N/A
"Alfonso, Cavite",,,,,,04-021-01-000,04-21-01-000,"Alfonso, Cavite",Alfonso,Cavite,Region IV-A (CALABARZON),Municipality,1st,R4A,B,F,2023,https://bldg.ibpls.com/alfonsocavite,https://co.ibpls.com/alfonsocavite,,#N/A,#N/A,#N/A,[3] Ongoing Data Build-up,[B] Developmental,Waiting for LGU Schedule,[3] Ongoing Data Build-up,[B] Developmental,Waiting for LGU Schedule,[3] Ongoing Data Build-up,[B] Developmental,Waiting for LGU Schedule,[3] Ongoing Data Build-up,[B] Developmental,Waiting for LGU Schedule,[3] Ongoing Data Build-up,[B] Developmental,Waiting for LGU Schedule,[3] Ongoing Data Build-up,[B] Developmental,Waiting for LGU Schedule,[3] Ongoing Data Build-up,[B] Developmental,Waiting for LGU Schedule,#N/A,#N/A,#N/A,#N/A,#N/A,#N/A,#N/A,#N/A,#N/A,#N/A,#N/A,#N/A,#N/A,#N/A,#N/A
"San Nicolas, Batangas",,,,,,04-010-25-000,04-10-25-000,"San Nicolas, Batangas",San Nicolas,Batangas,Region IV-A (CALABARZON),Municipality,5th,R4A,B,F,2023,https://bldg.ibpls.com/sannicolasbatangas,https://co.ibpls.com/sannicolasbatangas,,#N/A,#N/A,#N/A,[1] Operational,[A] Operational,"Launched on August 30, 2024",[1] Operational,[A] Operational,"Launched on August 30, 2024",[1] Operational,[A] Operational,"Launched on August 30, 2024",[1] Operational,[A] Operational,"Launched on August 30, 2024",[1] Operational,[A] Operational,"Launched on August 30, 2024",[1] Operational,[A] Operational,"Launched on August 30, 2024",[1] Operational,[A] Operational,"Launched on August 30, 2024",#N/A,#N/A,#N/A,#N/A,#N/A,#N/A,#N/A,#N/A,#N/A,#N/A,#N/A,#N/A,#N/A,#N/A,#N/A
"San Jose, Occidental Mindoro",,,,,,17-051-10-000,17-51-10-000,"San Jose, Occidental Mindoro",San Jose,Occidental Mindoro,MIMAROPA Region,Municipality,1st,R4B,A,G,2021,https://bldg.ibpls.com/sanjoseoccidentalmindoro/,https://co.ibpls.com/sanjoseoccidentalmindoro/,2022-12,#N/A,#N/A,#N/A,[1] Operational,[A] Operational,,[1] Operational,[A] Operational,,[1] Operational,[A] Operational,,[1] Operational,[A] Operational,,[1] Operational,[A] Operational,,[1] Operational,[A] Operational,,[1] Operational,[A] Operational,,#N/A,#N/A,#N/A,#N/A,#N/A,#N/A,#N/A,#N/A,#N/A,#N/A,#N/A,#N/A,#N/A,#N/A,#N/A
"Baco, Oriental Mindoro",,,,,,17-052-01-000,17-52-01-000,"Baco, Oriental Mindoro",Baco,Oriental Mindoro,MIMAROPA Region,Municipality,3rd,R4B,B,G,2022,https://bldg.ibpls.com/bacoorientalmindoro/,https://co.ibpls.com/bacoorientalmindoro/,2023-01,#N/A,#N/A,#N/A,[1] Operational,[A] Operational,,[1] Operational,[A] Operational,,[1] Operational,[A] Operational,,[1] Operational,[A] Operational,,[1] Operational,[A] Operational,,[1] Operational,[A] Operational,,[1] Operational,[A] Operational,,#N/A,#N/A,#N/A,#N/A,#N/A,#N/A,#N/A,#N/A,#N/A,#N/A,#N/A,#N/A,#N/A,#N/A,#N/A
"Gloria, Oriental Mindoro",,,,,,17-052-06-000,17-52-06-000,"Gloria, Oriental Mindoro",Gloria,Oriental Mindoro,MIMAROPA Region,Municipality,3rd,R4B,B,G,2021,https://bldg.ibpls.com/gloriaorientalmindoro/,https://co.ibpls.com/gloriaorientalmindoro/,2023-01,#N/A,#N/A,#N/A,[1] Operational,[A] Operational,,[1] Operational,[A] Operational,,[1] Operational,[A] Operational,,[1] Operational,[A] Operational,,[1] Operational,[A] Operational,,[1] Operational,[A] Operational,,[1] Operational,[A] Operational,,#N/A,#N/A,#N/A,#N/A,#N/A,#N/A,#N/A,#N/A,#N/A,#N/A,#N/A,#N/A,#N/A,#N/A,#N/A
"Pinamalayan, Oriental Mindoro",,,,,,17-052-09-000,17-52-09-000,"Pinamalayan, Oriental Mindoro",Pinamalayan,Oriental Mindoro,MIMAROPA Region,Municipality,1st,R4B,B,G,2021,https://bldg.ibpls.com/pinamalayanorientalmindoro/,https://co.ibpls.com/pinamalayanorientalmindoro/,2023-01,#N/A,#N/A,#N/A,[1] Operational,[A] Operational,,[1] Operational,[A] Operational,,[1] Operational,[A] Operational,,[1] Operational,[A] Operational,,[1] Operational,[A] Operational,,[1] Operational,[A] Operational,,[1] Operational,[A] Operational,,#N/A,#N/A,#N/A,#N/A,#N/A,#N/A,#N/A,#N/A,#N/A,#N/A,#N/A,#N/A,#N/A,#N/A,#N/A
"San Teodoro, Oriental Mindoro",,,,,,17-052-13-000,17-52-13-000,"San Teodoro, Oriental Mindoro",San Teodoro,Oriental Mindoro,MIMAROPA Region,Municipality,4th,R4B,B,G,2020,https://bldg.ibpls.com/santeodoroorientalmindoro/,https://co.ibpls.com/santeodoroorientalmindoro/,2023-01,#N/A,#N/A,#N/A,[1] Operational,[A] Operational,,[1] Operational,[A] Operational,,[1] Operational,[A] Operational,,[1] Operational,[A] Operational,,[1] Operational,[A] Operational,,[1] Operational,[A] Operational,,[1] Operational,[A] Operational,,#N/A,#N/A,#N/A,#N/A,#N/A,#N/A,#N/A,#N/A,#N/A,#N/A,#N/A,#N/A,#N/A,#N/A,#N/A
"Busuanga, Palawan",,,,,,17-053-07-000,17-53-07-000,"Busuanga, Palawan",Busuanga,Palawan,MIMAROPA Region,Municipality,3rd,R4B,A,G,2021,https://bldg.ibpls.com/busuangapalawan/,https://co.ibpls.com/busuangapalawan/,2022-12,#N/A,#N/A,#N/A,[1] Operational,[A] Operational,,[1] Operational,[A] Operational,,[1] Operational,[A] Operational,,[1] Operational,[A] Operational,,[1] Operational,[A] Operational,,[1] Operational,[A] Operational,,[1] Operational,[A] Operational,,#N/A,#N/A,#N/A,#N/A,#N/A,#N/A,#N/A,#N/A,#N/A,#N/A,#N/A,#N/A,#N/A,#N/A,#N/A
"Coron, Palawan",,,,,,17-053-09-000,17-53-09-000,"Coron, Palawan",Coron,Palawan,MIMAROPA Region,Municipality,1st,R4B,B,G,2022,https://bldg.ibpls.com/coronpalawan/,https://co.ibpls.com/coronpalawan/,2023-01,#N/A,#N/A,#N/A,[1] Operational,[A] Operational,,[1] Operational,[A] Operational,,[1] Operational,[A] Operational,,[1] Operational,[A] Operational,,[1] Operational,[A] Operational,,[1] Operational,[A] Operational,,[1] Operational,[A] Operational,,#N/A,#N/A,#N/A,#N/A,#N/A,#N/A,#N/A,#N/A,#N/A,#N/A,#N/A,#N/A,#N/A,#N/A,#N/A
"El Nido, Palawan",,,,,,17-053-12-000,17-53-12-000,"El Nido, Palawan",El Nido,Palawan,MIMAROPA Region,Municipality,1st,R4B,A,G,2021,https://bldg.ibpls.com/elnidopalawan/,https://co.ibpls.com/elnidopalawan/,2022-12,#N/A,#N/A,#N/A,[1] Operational,[A] Operational,,[1] Operational,[A] Operational,,[1] Operational,[A] Operational,,[1] Operational,[A] Operational,,[1] Operational,[A] Operational,,[1] Operational,[A] Operational,,[1] Operational,[A] Operational,,#N/A,#N/A,#N/A,#N/A,#N/A,#N/A,#N/A,#N/A,#N/A,#N/A,#N/A,#N/A,#N/A,#N/A,#N/A
"San Vicente, Palawan",,,,,,17-053-19-000,17-53-19-000,"San Vicente, Palawan",San Vicente,Palawan,MIMAROPA Region,Municipality,1st,R4B,A,G,2021,https://bldg.ibpls.com/sanvicentepalawan/,https://co.ibpls.com/sanvicentepalawan/,2022-12,#N/A,#N/A,#N/A,[1] Operational,[A] Operational,,[1] Operational,[A] Operational,,[1] Operational,[A] Operational,,[1] Operational,[A] Operational,,[1] Operational,[A] Operational,,[1] Operational,[A] Operational,,[1] Operational,[A] Operational,,#N/A,#N/A,#N/A,#N/A,#N/A,#N/A,#N/A,#N/A,#N/A,#N/A,#N/A,#N/A,#N/A,#N/A,#N/A
"Banton, Romblon",,,,,,17-059-02-000,17-59-02-000,"Banton, Romblon",Banton,Romblon,MIMAROPA Region,Municipality,5th,R4B,B,G,2021,https://bldg.ibpls.com/bantonromblon/,https://co.ibpls.com/bantonromblon/,2023-01,#N/A,#N/A,#N/A,[1] Operational,[A] Operational,,[1] Operational,[A] Operational,,[1] Operational,[A] Operational,,[1] Operational,[A] Operational,,[1] Operational,[A] Operational,,[1] Operational,[A] Operational,,[1] Operational,[A] Operational,,#N/A,#N/A,#N/A,#N/A,#N/A,#N/A,#N/A,#N/A,#N/A,#N/A,#N/A,#N/A,#N/A,#N/A,#N/A
"Looc, Romblon",,,,,,17-059-07-000,17-59-07-000,"Looc, Romblon",Looc,Romblon,MIMAROPA Region,Municipality,4th,R4B,A,G,2022,https://bldg.ibpls.com/loocromblon/,https://co.ibpls.com/loocromblon/,2022-12,#N/A,#N/A,#N/A,[1] Operational,[A] Operational,,[1] Operational,[A] Operational,,[1] Operational,[A] Operational,,[1] Operational,[A] Operational,,[1] Operational,[A] Operational,,[1] Operational,[A] Operational,,[1] Operational,[A] Operational,,#N/A,#N/A,#N/A,#N/A,#N/A,#N/A,#N/A,#N/A,#N/A,#N/A,#N/A,#N/A,#N/A,#N/A,#N/A
"Ferrol, Romblon",,,,,,17-059-16-000,17-59-16-000,"Ferrol, Romblon",Ferrol,Romblon,MIMAROPA Region,Municipality,6th,R4B,A,G,2022,https://bldg.ibpls.com/ferrolromblon/,https://co.ibpls.com/ferrolromblon/,2022-12,#N/A,#N/A,#N/A,[1] Operational,[A] Operational,,[1] Operational,[A] Operational,,[1] Operational,[A] Operational,,[1] Operational,[A] Operational,,[1] Operational,[A] Operational,,[1] Operational,[A] Operational,,[1] Operational,[A] Operational,,#N/A,#N/A,#N/A,#N/A,#N/A,#N/A,#N/A,#N/A,#N/A,#N/A,#N/A,#N/A,#N/A,#N/A,#N/A
"Rizal, Occidental Mindoro",,,,,,17-051-08-000,17-51-08-000,"Rizal, Occidental Mindoro",Rizal,Occidental Mindoro,MIMAROPA Region,Municipality,3rd,R4B,B,G,2023,https://bldg.ibpls.com/rizaloccidentalmindoro/,https://co.ibpls.com/rizaloccidentalmindoro/,,#N/A,#N/A,#N/A,[1] Operational,[A] Operational,,[1] Operational,[A] Operational,,[1] Operational,[A] Operational,,[1] Operational,[A] Operational,,[1] Operational,[A] Operational,,[1] Operational,[A] Operational,,[1] Operational,[A] Operational,,#N/A,#N/A,#N/A,#N/A,#N/A,#N/A,#N/A,#N/A,#N/A,#N/A,#N/A,#N/A,#N/A,#N/A,#N/A
"Tiwi, Albay",,,,,,05-005-18-000,05-05-18-000,"Tiwi, Albay",Tiwi,Albay,Region V (Bicol Region),Municipality,1st,R5,B,H,2021,https://bldg.ibpls.com/tiwialbay,https://co.ibpls.com/tiwialbay,,#N/A,#N/A,#N/A,[8] Withdraw,[D] Withdraw,,[8] Withdraw,[D] Withdraw,,[8] Withdraw,[D] Withdraw,,[8] Withdraw,[D] Withdraw,,[8] Withdraw,[D] Withdraw,,[8] Withdraw,[D] Withdraw,,[8] Withdraw,[D] Withdraw,,#N/A,#N/A,#N/A,#N/A,#N/A,#N/A,#N/A,#N/A,#N/A,#N/A,#N/A,#N/A,#N/A,#N/A,#N/A
"Capalonga, Camarines Norte",,,,,,05-016-02-000,05-16-02-000,"Capalonga, Camarines Norte",Capalonga,Camarines Norte,Region V (Bicol Region),Municipality,3rd,R5,B,H,2021,https://bldg.ibpls.com/capalongacamarinesnorte,https://co.ibpls.com/capalongacamarinesnorte,,#N/A,#N/A,#N/A,[3] Ongoing Data Build-up,[B] Developmental,,[3] Ongoing Data Build-up,[B] Developmental,,[3] Ongoing Data Build-up,[B] Developmental,,[3] Ongoing Data Build-up,[B] Developmental,,[3] Ongoing Data Build-up,[B] Developmental,,[3] Ongoing Data Build-up,[B] Developmental,,[3] Ongoing Data Build-up,[B] Developmental,,#N/A,#N/A,#N/A,#N/A,#N/A,#N/A,#N/A,#N/A,#N/A,#N/A,#N/A,#N/A,#N/A,#N/A,#N/A
"Jose Panganiban, Camarines Norte",,,,,,05-016-05-000,05-16-05-000,"Jose Panganiban, Camarines Norte",Jose Panganiban,Camarines Norte,Region V (Bicol Region),Municipality,2nd,R5,B,H,2022,https://bldg.ibpls.com/josepanganibancamarinesnorte/,https://co.ibpls.com/josepanganibancamarinesnorte/,,#N/A,#N/A,#N/A,[3] Ongoing Data Build-up,[B] Developmental,,[3] Ongoing Data Build-up,[B] Developmental,,[3] Ongoing Data Build-up,[B] Developmental,,[3] Ongoing Data Build-up,[B] Developmental,,[3] Ongoing Data Build-up,[B] Developmental,,[3] Ongoing Data Build-up,[B] Developmental,,[3] Ongoing Data Build-up,[B] Developmental,,#N/A,#N/A,#N/A,#N/A,#N/A,#N/A,#N/A,#N/A,#N/A,#N/A,#N/A,#N/A,#N/A,#N/A,#N/A
"Labo, Camarines Norte",,,,,,05-016-06-000,05-16-06-000,"Labo, Camarines Norte",Labo,Camarines Norte,Region V (Bicol Region),Municipality,1st,R5,B,H,2021,https://bldg.ibpls.com/labocamarinesnorte,https://co.ibpls.com/labocamarinesnorte,,#N/A,#N/A,#N/A,[6] With Concerns,[C] For Training/Others,,[6] With Concerns,[C] For Training/Others,,[6] With Concerns,[C] For Training/Others,,[6] With Concerns,[C] For Training/Others,,[6] With Concerns,[C] For Training/Others,,[6] With Concerns,[C] For Training/Others,,[6] With Concerns,[C] For Training/Others,,#N/A,#N/A,#N/A,#N/A,#N/A,#N/A,#N/A,#N/A,#N/A,#N/A,#N/A,#N/A,#N/A,#N/A,#N/A
"Mercedes, Camarines Norte",,,,,,05-016-07-000,05-16-07-000,"Mercedes, Camarines Norte",Mercedes,Camarines Norte,Region V (Bicol Region),Municipality,2nd,R5,B,H,2021,https://bldg.ibpls.com/mercedescamarinesnorte,https://co.ibpls.com/mercedescamarinesnorte,,#N/A,#N/A,#N/A,[3] Ongoing Data Build-up,[B] Developmental,,[3] Ongoing Data Build-up,[B] Developmental,,[3] Ongoing Data Build-up,[B] Developmental,,[3] Ongoing Data Build-up,[B] Developmental,,[3] Ongoing Data Build-up,[B] Developmental,,[3] Ongoing Data Build-up,[B] Developmental,,[3] Ongoing Data Build-up,[B] Developmental,,#N/A,#N/A,#N/A,#N/A,#N/A,#N/A,#N/A,#N/A,#N/A,#N/A,#N/A,#N/A,#N/A,#N/A,#N/A
"Talisay, Camarines Norte",,,,,,05-016-11-000,05-16-11-000,"Talisay, Camarines Norte",Talisay,Camarines Norte,Region V (Bicol Region),Municipality,4th,R5,A,H,2021,https://bldg.ibpls.com/talisaycamarinesnorte/,https://co.ibpls.com/talisaycamarinesnorte/,2022-12,#N/A,#N/A,#N/A,[1] Operational,[A] Operational,,[1] Operational,[A] Operational,,[1] Operational,[A] Operational,,[1] Operational,[A] Operational,,[1] Operational,[A] Operational,,[1] Operational,[A] Operational,,[1] Operational,[A] Operational,,#N/A,#N/A,#N/A,#N/A,#N/A,#N/A,#N/A,#N/A,#N/A,#N/A,#N/A,#N/A,#N/A,#N/A,#N/A
"Vinzons, Camarines Norte",,,,,,05-016-12-000,05-16-12-000,"Vinzons, Camarines Norte",Vinzons,Camarines Norte,Region V (Bicol Region),Municipality,3rd,R5,B,H,2021,https://bldg.ibpls.com/vinzonscamarinesnorte,https://co.ibpls.com/vinzonscamarinesnorte,,#N/A,#N/A,#N/A,[3] Ongoing Data Build-up,[B] Developmental,,[3] Ongoing Data Build-up,[B] Developmental,,[3] Ongoing Data Build-up,[B] Developmental,,[3] Ongoing Data Build-up,[B] Developmental,,[3] Ongoing Data Build-up,[B] Developmental,,[3] Ongoing Data Build-up,[B] Developmental,,[3] Ongoing Data Build-up,[B] Developmental,,#N/A,#N/A,#N/A,#N/A,#N/A,#N/A,#N/A,#N/A,#N/A,#N/A,#N/A,#N/A,#N/A,#N/A,#N/A
"Virac, Catanduanes",,,,,,05-020-11-000,05-20-11-000,"Virac, Catanduanes",Virac,Catanduanes,Region V (Bicol Region),Municipality,1st,R5,B,H,2021,https://bldg.ibpls.com/viraccatanduanes,https://co.ibpls.com/viraccatanduanes,,#N/A,#N/A,#N/A,[6] With Concerns,[C] For Training/Others,,[6] With Concerns,[C] For Training/Others,,[6] With Concerns,[C] For Training/Others,,[6] With Concerns,[C] For Training/Others,,[6] With Concerns,[C] For Training/Others,,[6] With Concerns,[C] For Training/Others,,[6] With Concerns,[C] For Training/Others,,#N/A,#N/A,#N/A,#N/A,#N/A,#N/A,#N/A,#N/A,#N/A,#N/A,#N/A,#N/A,#N/A,#N/A,#N/A
"Barcelona, Sorsogon",,,,,,05-062-02-000,05-62-02-000,"Barcelona, Sorsogon",Barcelona,Sorsogon,Region V (Bicol Region),Municipality,5th,R5,B,H,2021,https://bldg.ibpls.com/barcelonasorsogon,https://co.ibpls.com/barcelonasorsogon,,#N/A,#N/A,#N/A,[3] Ongoing Data Build-up,[B] Developmental,,[3] Ongoing Data Build-up,[B] Developmental,,[3] Ongoing Data Build-up,[B] Developmental,,[3] Ongoing Data Build-up,[B] Developmental,,[3] Ongoing Data Build-up,[B] Developmental,,[3] Ongoing Data Build-up,[B] Developmental,,[3] Ongoing Data Build-up,[B] Developmental,,#N/A,#N/A,#N/A,#N/A,#N/A,#N/A,#N/A,#N/A,#N/A,#N/A,#N/A,#N/A,#N/A,#N/A,#N/A
"Alimodian, Iloilo",,,,,,06-030-02-000,06-30-02-000,"Alimodian, Iloilo",Alimodian,Iloilo,Region VI (Western Visayas),Municipality,3rd,R6,B,I,2022,https://bldg.ibpls.com/alimodianiloilo/,https://co.ibpls.com/alimodianiloilo/,2023-01,#N/A,#N/A,#N/A,[1] Operational,[A] Operational,,[1] Operational,[A] Operational,,[1] Operational,[A] Operational,,[1] Operational,[A] Operational,,[1] Operational,[A] Operational,,[1] Operational,[A] Operational,,[1] Operational,[A] Operational,,#N/A,#N/A,#N/A,#N/A,#N/A,#N/A,#N/A,#N/A,#N/A,#N/A,#N/A,#N/A,#N/A,#N/A,#N/A
"Anilao, Iloilo",,,,,,06-030-03-000,06-30-03-000,"Anilao, Iloilo",Anilao,Iloilo,Region VI (Western Visayas),Municipality,4th,R6,B,I,2022,https://bldg.ibpls.com/anilaoiloilo/login,https://co.ibpls.com/anilaoiloilo/,2023-01,#N/A,#N/A,#N/A,[1] Operational,[A] Operational,,[1] Operational,[A] Operational,,[1] Operational,[A] Operational,,[1] Operational,[A] Operational,,[1] Operational,[A] Operational,,[1] Operational,[A] Operational,,[1] Operational,[A] Operational,,#N/A,#N/A,#N/A,#N/A,#N/A,#N/A,#N/A,#N/A,#N/A,#N/A,#N/A,#N/A,#N/A,#N/A,#N/A
"Balasan, Iloilo",,,,,,06-030-05-000,06-30-05-000,"Balasan, Iloilo",Balasan,Iloilo,Region VI (Western Visayas),Municipality,4th,R6,B,I,2023,https://bldg.ibpls.com/balasaniloilo/,https://co.ibpls.com/balasaniloilo/,,#N/A,#N/A,#N/A,[1] Operational,[A] Operational,,[1] Operational,[A] Operational,,[1] Operational,[A] Operational,,[1] Operational,[A] Operational,,[1] Operational,[A] Operational,,[1] Operational,[A] Operational,,[1] Operational,[A] Operational,,#N/A,#N/A,#N/A,#N/A,#N/A,#N/A,#N/A,#N/A,#N/A,#N/A,#N/A,#N/A,#N/A,#N/A,#N/A
"Barbaza, Antique",,,,,,06-006-02-000,06-06-02-000,"Barbaza, Antique",Barbaza,Antique,Region VI (Western Visayas),Municipality,4th,R6,B,I,2021,https://bldg.ibpls.com/barbazaantique/,https://co.ibpls.com/barbazaantique/,,#N/A,#N/A,#N/A,[1] Operational,[A] Operational,,[1] Operational,[A] Operational,,[1] Operational,[A] Operational,,[1] Operational,[A] Operational,,[1] Operational,[A] Operational,,[1] Operational,[A] Operational,,[1] Operational,[A] Operational,,#N/A,#N/A,#N/A,#N/A,#N/A,#N/A,#N/A,#N/A,#N/A,#N/A,#N/A,#N/A,#N/A,#N/A,#N/A
"Barotac Nuevo, Iloilo",,,,,,06-030-07-000,06-30-07-000,"Barotac Nuevo, Iloilo",Barotac Nuevo,Iloilo,Region VI (Western Visayas),Municipality,2nd,R6,B,I,2022,https://bldg.ibpls.com/barotacnuevoiloilo/,https://co.ibpls.com/barotacnuevoiloilo/,2023-01,#N/A,#N/A,#N/A,[1] Operational,[A] Operational,,[1] Operational,[A] Operational,,[1] Operational,[A] Operational,,[1] Operational,[A] Operational,,[1] Operational,[A] Operational,,[1] Operational,[A] Operational,,[1] Operational,[A] Operational,,#N/A,#N/A,#N/A,#N/A,#N/A,#N/A,#N/A,#N/A,#N/A,#N/A,#N/A,#N/A,#N/A,#N/A,#N/A
"Barotac Viejo, Iloilo",,,,,,06-030-08-000,06-30-08-000,"Barotac Viejo, Iloilo",Barotac Viejo,Iloilo,Region VI (Western Visayas),Municipality,3rd,R6,B,I,2023,NO INSTANCE,NO INSTANCE,,#N/A,#N/A,#N/A,[5] For Training,[C] For Training/Others,,[5] For Training,[C] For Training/Others,,[5] For Training,[C] For Training/Others,,[5] For Training,[C] For Training/Others,,[5] For Training,[C] For Training/Others,,[5] For Training,[C] For Training/Others,,[5] For Training,[C] For Training/Others,,#N/A,#N/A,#N/A,#N/A,#N/A,#N/A,#N/A,#N/A,#N/A,#N/A,#N/A,#N/A,#N/A,#N/A,#N/A
"Bingawan, Iloilo",,,,,,06-030-10-000,06-30-10-000,"Bingawan, Iloilo",Bingawan,Iloilo,Region VI (Western Visayas),Municipality,5th,R6,B,I,2022,https://bldg.ibpls.com/bingawaniloilo/,https://co.ibpls.com/bingawaniloilo/,2023-01,#N/A,#N/A,#N/A,[1] Operational,[A] Operational,,[1] Operational,[A] Operational,,[1] Operational,[A] Operational,,[1] Operational,[A] Operational,,[1] Operational,[A] Operational,,[1] Operational,[A] Operational,,[1] Operational,[A] Operational,,#N/A,#N/A,#N/A,#N/A,#N/A,#N/A,#N/A,#N/A,#N/A,#N/A,#N/A,#N/A,#N/A,#N/A,#N/A
"Buenavista, Guimaras",,,,,,06-079-01-000,06-79-01-000,"Buenavista, Guimaras",Buenavista,Guimaras,Region VI (Western Visayas),Municipality,2nd,R6,B,I,2022,https://bldg.ibpls.com/buenavistaguimaras/,https://co.ibpls.com/buenavistaguimaras/,2023-01,#N/A,#N/A,#N/A,[1] Operational,[A] Operational,,[1] Operational,[A] Operational,,[1] Operational,[A] Operational,,[1] Operational,[A] Operational,,[1] Operational,[A] Operational,,[1] Operational,[A] Operational,,[1] Operational,[A] Operational,,#N/A,#N/A,#N/A,#N/A,#N/A,#N/A,#N/A,#N/A,#N/A,#N/A,#N/A,#N/A,#N/A,#N/A,#N/A
"Bugasong, Antique",,,,,,06-006-04-000,06-06-04-000,"Bugasong, Antique",Bugasong,Antique,Region VI (Western Visayas),Municipality,3rd,R6,A,I,2021,https://bldg.ibpls.com/bugasongantique/,https://co.ibpls.com/bugasongantique/,2022-12,#N/A,#N/A,#N/A,[1] Operational,[A] Operational,,[1] Operational,[A] Operational,,[1] Operational,[A] Operational,,[1] Operational,[A] Operational,,[1] Operational,[A] Operational,,[1] Operational,[A] Operational,,[1] Operational,[A] Operational,,#N/A,#N/A,#N/A,#N/A,#N/A,#N/A,#N/A,#N/A,#N/A,#N/A,#N/A,#N/A,#N/A,#N/A,#N/A
"Cabatuan, Iloilo",,,,,,06-030-12-000,06-30-12-000,"Cabatuan, Iloilo",Cabatuan,Iloilo,Region VI (Western Visayas),Municipality,2nd,R6,B,I,2022,https://bldg.ibpls.com/cabatuaniloilo/,https://co.ibpls.com/cabatuaniloilo/,2023-01,#N/A,#N/A,#N/A,[1] Operational,[A] Operational,,[1] Operational,[A] Operational,,[1] Operational,[A] Operational,,[1] Operational,[A] Operational,,[1] Operational,[A] Operational,,[1] Operational,[A] Operational,,[1] Operational,[A] Operational,,#N/A,#N/A,#N/A,#N/A,#N/A,#N/A,#N/A,#N/A,#N/A,#N/A,#N/A,#N/A,#N/A,#N/A,#N/A
"Calinog, Iloilo",,,,,,06-030-13-000,06-30-13-000,"Calinog, Iloilo",Calinog,Iloilo,Region VI (Western Visayas),Municipality,1st,R6,A,I,2022,https://bldg.ibpls.com/calinogiloilo/,https://co.ibpls.com/calinogiloilo/,2022-12,#N/A,#N/A,#N/A,[1] Operational,[A] Operational,,[1] Operational,[A] Operational,,[1] Operational,[A] Operational,,[1] Operational,[A] Operational,,[1] Operational,[A] Operational,,[1] Operational,[A] Operational,,[1] Operational,[A] Operational,,#N/A,#N/A,#N/A,#N/A,#N/A,#N/A,#N/A,#N/A,#N/A,#N/A,#N/A,#N/A,#N/A,#N/A,#N/A
"City of Bacolod, Negros Occidental",,,,,,06-302-00-000,06-45-01-000,"City of Bacolod, Negros Occidental",City of Bacolod,Negros Occidental,Region VI (Western Visayas),City,1st,R6,A,I,2022,https://bldg.ibpls.com/bacolodnegrosoccidental/,https://co.ibpls.com/bacolodnegrosoccidental/,2022-12,#N/A,#N/A,#N/A,[1] Operational,[A] Operational,,[1] Operational,[A] Operational,,[1] Operational,[A] Operational,,[1] Operational,[A] Operational,,[1] Operational,[A] Operational,,[1] Operational,[A] Operational,,[1] Operational,[A] Operational,,#N/A,#N/A,#N/A,#N/A,#N/A,#N/A,#N/A,#N/A,#N/A,#N/A,#N/A,#N/A,#N/A,#N/A,#N/A
"City of Kabankalan, Negros Occidental",,,,,,06-045-15-000,06-45-15-000,"City of Kabankalan, Negros Occidental",City of Kabankalan,Negros Occidental,Region VI (Western Visayas),City,1st,R6,B,I,2023,https://bldg.ibpls.com/kabankalannegrosoccidental/,https://co.ibpls.com/kabankalannegrosoccidental/,,#N/A,#N/A,#N/A,[1] Operational,[A] Operational,,[1] Operational,[A] Operational,,[1] Operational,[A] Operational,,[1] Operational,[A] Operational,,[1] Operational,[A] Operational,,[1] Operational,[A] Operational,,[1] Operational,[A] Operational,,#N/A,#N/A,#N/A,#N/A,#N/A,#N/A,#N/A,#N/A,#N/A,#N/A,#N/A,#N/A,#N/A,#N/A,#N/A
"Concepcion, Iloilo",,,,,,06-030-15-000,06-30-15-000,"Concepcion, Iloilo",Concepcion,Iloilo,Region VI (Western Visayas),Municipality,3rd,R6,B,I,2023,https://bldg.ibpls.com/concepcioniloilo,https://co.ibpls.com/concepcioniloilo,,#N/A,#N/A,#N/A,[1] Operational,[A] Operational,,[1] Operational,[A] Operational,,[1] Operational,[A] Operational,,[1] Operational,[A] Operational,,[1] Operational,[A] Operational,,[1] Operational,[A] Operational,,[1] Operational,[A] Operational,,#N/A,#N/A,#N/A,#N/A,#N/A,#N/A,#N/A,#N/A,#N/A,#N/A,#N/A,#N/A,#N/A,#N/A,#N/A
"Dingle, Iloilo",,,,,,06-030-16-000,06-30-16-000,"Dingle, Iloilo",Dingle,Iloilo,Region VI (Western Visayas),Municipality,3rd,R6,A,I,2021,https://bldg.ibpls.com/dingleiloilo/,https://co.ibpls.com/dingleiloilo/,2022-12,#N/A,#N/A,#N/A,[1] Operational,[A] Operational,,[1] Operational,[A] Operational,,[1] Operational,[A] Operational,,[1] Operational,[A] Operational,,[1] Operational,[A] Operational,,[1] Operational,[A] Operational,,[1] Operational,[A] Operational,,#N/A,#N/A,#N/A,#N/A,#N/A,#N/A,#N/A,#N/A,#N/A,#N/A,#N/A,#N/A,#N/A,#N/A,#N/A
"Hinigaran, Negros Occidental",,,,,,06-045-11-000,06-45-11-000,"Hinigaran, Negros Occidental",Hinigaran,Negros Occidental,Region VI (Western Visayas),Municipality,1st,R6,B,I,2022,https://bldg.ibpls.com/hinigarannegrosoccidental/,https://co.ibpls.com/hinigarannegrosoccidental/,2023-01,#N/A,#N/A,#N/A,[1] Operational,[A] Operational,,[1] Operational,[A] Operational,,[1] Operational,[A] Operational,,[1] Operational,[A] Operational,,[1] Operational,[A] Operational,,[1] Operational,[A] Operational,,[1] Operational,[A] Operational,,#N/A,#N/A,#N/A,#N/A,#N/A,#N/A,#N/A,#N/A,#N/A,#N/A,#N/A,#N/A,#N/A,#N/A,#N/A
"Janiuay, Iloilo",,,,,,06-030-23-000,06-30-23-000,"Janiuay, Iloilo",Janiuay,Iloilo,Region VI (Western Visayas),Municipality,1st,R6,B,I,2022,https://bldg.ibpls.com/janiuayiloilo/,https://co.ibpls.com/janiuayiloilo/,2023-01,#N/A,#N/A,#N/A,[1] Operational,[A] Operational,,[1] Operational,[A] Operational,,[1] Operational,[A] Operational,,[1] Operational,[A] Operational,,[1] Operational,[A] Operational,,[1] Operational,[A] Operational,,[1] Operational,[A] Operational,,#N/A,#N/A,#N/A,#N/A,#N/A,#N/A,#N/A,#N/A,#N/A,#N/A,#N/A,#N/A,#N/A,#N/A,#N/A
"Lambunao, Iloilo",,,,,,06-030-25-000,06-30-25-000,"Lambunao, Iloilo",Lambunao,Iloilo,Region VI (Western Visayas),Municipality,1st,R6,B,I,2023,NO INSTANCE,NO INSTANCE,,#N/A,#N/A,#N/A,[5] For Training,[C] For Training/Others,,[5] For Training,[C] For Training/Others,,[5] For Training,[C] For Training/Others,,[5] For Training,[C] For Training/Others,,[5] For Training,[C] For Training/Others,,[5] For Training,[C] For Training/Others,,[5] For Training,[C] For Training/Others,,#N/A,#N/A,#N/A,#N/A,#N/A,#N/A,#N/A,#N/A,#N/A,#N/A,#N/A,#N/A,#N/A,#N/A,#N/A
"Laua-An, Antique",,,,,,06-006-09-000,06-06-09-000,"Laua-An, Antique",Laua-An,Antique,Region VI (Western Visayas),Municipality,4th,R6,A,I,2021,https://bldg.ibpls.com/lauaanantique/,https://co.ibpls.com/lauaanantique/,2022-12,#N/A,#N/A,#N/A,[1] Operational,[A] Operational,,[1] Operational,[A] Operational,,[1] Operational,[A] Operational,,[1] Operational,[A] Operational,,[1] Operational,[A] Operational,,[1] Operational,[A] Operational,,[1] Operational,[A] Operational,,#N/A,#N/A,#N/A,#N/A,#N/A,#N/A,#N/A,#N/A,#N/A,#N/A,#N/A,#N/A,#N/A,#N/A,#N/A
"Libertad, Antique",,,,,,06-006-10-000,06-06-10-000,"Libertad, Antique",Libertad,Antique,Region VI (Western Visayas),Municipality,5th,R6,A,I,2021,https://bldg.ibpls.com/libertadantique/,https://co.ibpls.com/libertadantique/,2022-12,#N/A,#N/A,#N/A,[1] Operational,[A] Operational,,[1] Operational,[A] Operational,,[1] Operational,[A] Operational,,[1] Operational,[A] Operational,,[1] Operational,[A] Operational,,[1] Operational,[A] Operational,,[1] Operational,[A] Operational,,#N/A,#N/A,#N/A,#N/A,#N/A,#N/A,#N/A,#N/A,#N/A,#N/A,#N/A,#N/A,#N/A,#N/A,#N/A
"Manapla, Negros Occidental",,,,,,06-045-18-000,06-45-18-000,"Manapla, Negros Occidental",Manapla,Negros Occidental,Region VI (Western Visayas),Municipality,2nd,R6,B,I,2022,https://bldg.ibpls.com/manaplanegrosoccidental/,https://co.ibpls.com/manaplanegrosoccidental/,2023-01,#N/A,#N/A,#N/A,[1] Operational,[A] Operational,,[1] Operational,[A] Operational,,[1] Operational,[A] Operational,,[1] Operational,[A] Operational,,[1] Operational,[A] Operational,,[1] Operational,[A] Operational,,[1] Operational,[A] Operational,,#N/A,#N/A,#N/A,#N/A,#N/A,#N/A,#N/A,#N/A,#N/A,#N/A,#N/A,#N/A,#N/A,#N/A,#N/A
"Miagao, Iloilo",,,,,,06-030-30-000,06-30-30-000,"Miagao, Iloilo",Miagao,Iloilo,Region VI (Western Visayas),Municipality,1st,R6,B,I,2022,NO INSTANCE,NO INSTANCE,2023-01,#N/A,#N/A,#N/A,[5] For Training,[C] For Training/Others,,[5] For Training,[C] For Training/Others,,[5] For Training,[C] For Training/Others,,[5] For Training,[C] For Training/Others,,[5] For Training,[C] For Training/Others,,[5] For Training,[C] For Training/Others,,[5] For Training,[C] For Training/Others,,#N/A,#N/A,#N/A,#N/A,#N/A,#N/A,#N/A,#N/A,#N/A,#N/A,#N/A,#N/A,#N/A,#N/A,#N/A
"Mina, Iloilo",,,,,,06-030-31-000,06-30-31-000,"Mina, Iloilo",Mina,Iloilo,Region VI (Western Visayas),Municipality,5th,R6,A,I,2022,https://bldg.ibpls.com/minailoilo/,https://co.ibpls.com/minailoilo/,2022-12,#N/A,#N/A,#N/A,[1] Operational,[A] Operational,,[1] Operational,[A] Operational,,[1] Operational,[A] Operational,,[1] Operational,[A] Operational,,[1] Operational,[A] Operational,,[1] Operational,[A] Operational,,[1] Operational,[A] Operational,,#N/A,#N/A,#N/A,#N/A,#N/A,#N/A,#N/A,#N/A,#N/A,#N/A,#N/A,#N/A,#N/A,#N/A,#N/A
"Moises Padilla, Negros Occidental",,,,,,06-045-19-000,06-45-19-000,"Moises Padilla, Negros Occidental",Moises Padilla,Negros Occidental,Region VI (Western Visayas),Municipality,3rd,R6,B,I,2022,https://bldg.ibpls.com/moisespadillanegrosoccidental/,https://co.ibpls.com/moisespadillanegrosoccidental/,2023-01,#N/A,#N/A,#N/A,[1] Operational,[A] Operational,,[1] Operational,[A] Operational,,[1] Operational,[A] Operational,,[1] Operational,[A] Operational,,[1] Operational,[A] Operational,,[1] Operational,[A] Operational,,[1] Operational,[A] Operational,,#N/A,#N/A,#N/A,#N/A,#N/A,#N/A,#N/A,#N/A,#N/A,#N/A,#N/A,#N/A,#N/A,#N/A,#N/A
"New Lucena, Iloilo",,,,,,06-030-32-000,06-30-32-000,"New Lucena, Iloilo",New Lucena,Iloilo,Region VI (Western Visayas),Municipality,4th,R6,B,I,2022,https://bldg.ibpls.com/newlucenailoilo/,https://co.ibpls.com/newlucenailoilo/,2023-01,#N/A,#N/A,#N/A,[1] Operational,[A] Operational,,[1] Operational,[A] Operational,,[1] Operational,[A] Operational,,[1] Operational,[A] Operational,,[1] Operational,[A] Operational,,[1] Operational,[A] Operational,,[1] Operational,[A] Operational,,#N/A,#N/A,#N/A,#N/A,#N/A,#N/A,#N/A,#N/A,#N/A,#N/A,#N/A,#N/A,#N/A,#N/A,#N/A
"New Washington, Aklan",,,,,,06-004-15-000,06-04-15-000,"New Washington, Aklan",New Washington,Aklan,Region VI (Western Visayas),Municipality,3rd,R6,A,I,2021,https://bldg.ibpls.com/newwashingtonaklan/,https://co.ibpls.com/newwashingtonaklan/,2022-12,#N/A,#N/A,#N/A,[1] Operational,[A] Operational,,[1] Operational,[A] Operational,,[1] Operational,[A] Operational,,[1] Operational,[A] Operational,,[1] Operational,[A] Operational,,[1] Operational,[A] Operational,,[1] Operational,[A] Operational,,#N/A,#N/A,#N/A,#N/A,#N/A,#N/A,#N/A,#N/A,#N/A,#N/A,#N/A,#N/A,#N/A,#N/A,#N/A
"Oton, Iloilo",,,,,,06-030-34-000,06-30-34-000,"Oton, Iloilo",Oton,Iloilo,Region VI (Western Visayas),Municipality,1st,R6,B,I,2023,NO INSTANCE,NO INSTANCE,,#N/A,#N/A,#N/A,[8] Withdraw,[D] Withdraw,,[8] Withdraw,[D] Withdraw,,[8] Withdraw,[D] Withdraw,,[8] Withdraw,[D] Withdraw,,[8] Withdraw,[D] Withdraw,,[8] Withdraw,[D] Withdraw,,[8] Withdraw,[D] Withdraw,,#N/A,#N/A,#N/A,#N/A,#N/A,#N/A,#N/A,#N/A,#N/A,#N/A,#N/A,#N/A,#N/A,#N/A,#N/A
"Pandan, Antique",,,,,,06-006-11-000,06-06-11-000,"Pandan, Antique",Pandan,Antique,Region VI (Western Visayas),Municipality,4th,R6,A,I,2021,https://bldg.ibpls.com/pandanantique/,https://co.ibpls.com/pandanantique/,2022-12,#N/A,#N/A,#N/A,[1] Operational,[A] Operational,,[1] Operational,[A] Operational,,[1] Operational,[A] Operational,,[1] Operational,[A] Operational,,[1] Operational,[A] Operational,,[1] Operational,[A] Operational,,[1] Operational,[A] Operational,,#N/A,#N/A,#N/A,#N/A,#N/A,#N/A,#N/A,#N/A,#N/A,#N/A,#N/A,#N/A,#N/A,#N/A,#N/A
"Patnongon, Antique",,,,,,06-006-12-000,06-06-12-000,"Patnongon, Antique",Patnongon,Antique,Region VI (Western Visayas),Municipality,3rd,R6,A,I,2021,https://bldg.ibpls.com/patnongonantique/,https://co.ibpls.com/patnongonantique/,2022-12,#N/A,#N/A,#N/A,[1] Operational,[A] Operational,,[1] Operational,[A] Operational,,[1] Operational,[A] Operational,,[1] Operational,[A] Operational,,[1] Operational,[A] Operational,,[1] Operational,[A] Operational,,[1] Operational,[A] Operational,,#N/A,#N/A,#N/A,#N/A,#N/A,#N/A,#N/A,#N/A,#N/A,#N/A,#N/A,#N/A,#N/A,#N/A,#N/A
"San Joaquin, Iloilo",,,,,,06-030-40-000,06-30-40-000,"San Joaquin, Iloilo",San Joaquin,Iloilo,Region VI (Western Visayas),Municipality,2nd,R6,B,I,2023,NO INSTANCE,NO INSTANCE,,#N/A,#N/A,#N/A,[5] For Training,[C] For Training/Others,,[5] For Training,[C] For Training/Others,,[5] For Training,[C] For Training/Others,,[5] For Training,[C] For Training/Others,,[5] For Training,[C] For Training/Others,,[5] For Training,[C] For Training/Others,,[5] For Training,[C] For Training/Others,,#N/A,#N/A,#N/A,#N/A,#N/A,#N/A,#N/A,#N/A,#N/A,#N/A,#N/A,#N/A,#N/A,#N/A,#N/A
"Santa Barbara, Iloilo",,,,,,06-030-43-000,06-30-43-000,"Santa Barbara, Iloilo",Santa Barbara,Iloilo,Region VI (Western Visayas),Municipality,2nd,R6,B,I,2023,https://bldg.ibpls.com/santabarbarailoilo/,https://co.ibpls.com/santabarbarailoilo/,,#N/A,#N/A,#N/A,[1] Operational,[A] Operational,,[1] Operational,[A] Operational,,[1] Operational,[A] Operational,,[1] Operational,[A] Operational,,[1] Operational,[A] Operational,,[1] Operational,[A] Operational,,[1] Operational,[A] Operational,,#N/A,#N/A,#N/A,#N/A,#N/A,#N/A,#N/A,#N/A,#N/A,#N/A,#N/A,#N/A,#N/A,#N/A,#N/A
"Sapi-An, Capiz",,,,,,06-019-15-000,06-19-15-000,"Sapi-An, Capiz",Sapi-An,Capiz,Region VI (Western Visayas),Municipality,4th,R6,A,I,2021,https://bldg.ibpls.com/sapi-ancapiz,https://co.ibpls.com/sapi-ancapiz,2022-12,#N/A,#N/A,#N/A,[1] Operational,[A] Operational,,[1] Operational,[A] Operational,,[1] Operational,[A] Operational,,[1] Operational,[A] Operational,,[1] Operational,[A] Operational,,[1] Operational,[A] Operational,,[1] Operational,[A] Operational,,#N/A,#N/A,#N/A,#N/A,#N/A,#N/A,#N/A,#N/A,#N/A,#N/A,#N/A,#N/A,#N/A,#N/A,#N/A
"Sara, Iloilo",,,,,,06-030-44-000,06-30-44-000,"Sara, Iloilo",Sara,Iloilo,Region VI (Western Visayas),Municipality,2nd,R6,B,I,2023,https://bldg.ibpls.com/sarailoilo/,https://co.ibpls.com/sarailoilo/,,#N/A,#N/A,#N/A,[1] Operational,[A] Operational,,[1] Operational,[A] Operational,,[1] Operational,[A] Operational,,[1] Operational,[A] Operational,,[1] Operational,[A] Operational,,[1] Operational,[A] Operational,,[1] Operational,[A] Operational,,#N/A,#N/A,#N/A,#N/A,#N/A,#N/A,#N/A,#N/A,#N/A,#N/A,#N/A,#N/A,#N/A,#N/A,#N/A
"Sebaste, Antique",,,,,,06-006-15-000,06-06-15-000,"Sebaste, Antique",Sebaste,Antique,Region VI (Western Visayas),Municipality,4th,R6,B,I,2023,NO INSTANCE,NO INSTANCE,,#N/A,#N/A,#N/A,[5] For Training,[C] For Training/Others,,[5] For Training,[C] For Training/Others,,[5] For Training,[C] For Training/Others,,[5] For Training,[C] For Training/Others,,[5] For Training,[C] For Training/Others,,[5] For Training,[C] For Training/Others,,[5] For Training,[C] For Training/Others,,#N/A,#N/A,#N/A,#N/A,#N/A,#N/A,#N/A,#N/A,#N/A,#N/A,#N/A,#N/A,#N/A,#N/A,#N/A
"Tangalan, Aklan",,,,,,06-004-17-000,06-04-17-000,"Tangalan, Aklan",Tangalan,Aklan,Region VI (Western Visayas),Municipality,5th,R6,A,I,2021,https://bldg.ibpls.com/tangalanaklan/,https://co.ibpls.com/tangalanaklan/,2022-12,#N/A,#N/A,#N/A,[1] Operational,[A] Operational,,[1] Operational,[A] Operational,,[1] Operational,[A] Operational,,[1] Operational,[A] Operational,,[1] Operational,[A] Operational,,[1] Operational,[A] Operational,,[1] Operational,[A] Operational,,#N/A,#N/A,#N/A,#N/A,#N/A,#N/A,#N/A,#N/A,#N/A,#N/A,#N/A,#N/A,#N/A,#N/A,#N/A
"Tapaz, Capiz",,,,,,06-019-17-000,06-19-17-000,"Tapaz, Capiz",Tapaz,Capiz,Region VI (Western Visayas),Municipality,1st,R6,A,I,2021,https://bldg.ibpls.com/tapazcapiz/,https://co.ibpls.com/tapazcapiz/,2022-12,#N/A,#N/A,#N/A,[1] Operational,[A] Operational,,[1] Operational,[A] Operational,,[1] Operational,[A] Operational,,[1] Operational,[A] Operational,,[1] Operational,[A] Operational,,[1] Operational,[A] Operational,,[1] Operational,[A] Operational,,#N/A,#N/A,#N/A,#N/A,#N/A,#N/A,#N/A,#N/A,#N/A,#N/A,#N/A,#N/A,#N/A,#N/A,#N/A
"Tobias Fornier, Antique",,,,,,06-006-07-000,06-06-07-000,"Tobias Fornier, Antique",Tobias Fornier,Antique,Region VI (Western Visayas),Municipality,4th,R6,B,I,2020,https://bldg.ibpls.com/tobiasfornierantique,https://co.ibpls.com/tobiasfornierantique,,#N/A,#N/A,#N/A,[8] Withdraw,[D] Withdraw,,[8] Withdraw,[D] Withdraw,,[8] Withdraw,[D] Withdraw,,[8] Withdraw,[D] Withdraw,,[8] Withdraw,[D] Withdraw,,[8] Withdraw,[D] Withdraw,,[8] Withdraw,[D] Withdraw,,#N/A,#N/A,#N/A,#N/A,#N/A,#N/A,#N/A,#N/A,#N/A,#N/A,#N/A,#N/A,#N/A,#N/A,#N/A
"Zarraga, Iloilo",,,,,,06-030-47-000,06-30-47-000,"Zarraga, Iloilo",Zarraga,Iloilo,Region VI (Western Visayas),Municipality,4th,R6,B,I,2023,NO INSTANCE,NO INSTANCE,,#N/A,#N/A,#N/A,[5] For Training,[C] For Training/Others,,[5] For Training,[C] For Training/Others,,[5] For Training,[C] For Training/Others,,[5] For Training,[C] For Training/Others,,[5] For Training,[C] For Training/Others,,[5] For Training,[C] For Training/Others,,[5] For Training,[C] For Training/Others,,#N/A,#N/A,#N/A,#N/A,#N/A,#N/A,#N/A,#N/A,#N/A,#N/A,#N/A,#N/A,#N/A,#N/A,#N/A
"Buenavista, Bohol",,,,,,07-012-09-000,07-12-09-000,"Buenavista, Bohol",Buenavista,Bohol,Region VII (Central Visayas),Municipality,4th,R7,B,J,2021,https://bldg.ibpls.com/buenavistabohol/,https://co.ibpls.com/buenavistabohol/,2023-01,#N/A,#N/A,#N/A,[1] Operational,[A] Operational,,[1] Operational,[A] Operational,,[1] Operational,[A] Operational,,[1] Operational,[A] Operational,,[1] Operational,[A] Operational,,[1] Operational,[A] Operational,,[1] Operational,[A] Operational,,#N/A,#N/A,#N/A,#N/A,#N/A,#N/A,#N/A,#N/A,#N/A,#N/A,#N/A,#N/A,#N/A,#N/A,#N/A
"Candijay, Bohol",,,,,,07-012-11-000,07-12-11-000,"Candijay, Bohol",Candijay,Bohol,Region VII (Central Visayas),Municipality,4th,R7,B,J,2022,https://bldg.ibpls.com/candijaybohol/,https://co.ibpls.com/candijaybohol/,,#N/A,#N/A,#N/A,[1] Operational,[A] Operational,,[1] Operational,[A] Operational,,[1] Operational,[A] Operational,,[1] Operational,[A] Operational,,[1] Operational,[A] Operational,,[1] Operational,[A] Operational,,[1] Operational,[A] Operational,,#N/A,#N/A,#N/A,#N/A,#N/A,#N/A,#N/A,#N/A,#N/A,#N/A,#N/A,#N/A,#N/A,#N/A,#N/A
"Danao, Bohol",,,,,,07-012-18-000,07-12-18-000,"Danao, Bohol",Danao,Bohol,Region VII (Central Visayas),Municipality,4th*,R7,B,J,2022,https://bldg.ibpls.com/danaobohol/,https://co.ibpls.com/danaobohol/,,#N/A,#N/A,#N/A,[1] Operational,[A] Operational,,[1] Operational,[A] Operational,,[1] Operational,[A] Operational,,[1] Operational,[A] Operational,,[1] Operational,[A] Operational,,[1] Operational,[A] Operational,,[1] Operational,[A] Operational,,#N/A,#N/A,#N/A,#N/A,#N/A,#N/A,#N/A,#N/A,#N/A,#N/A,#N/A,#N/A,#N/A,#N/A,#N/A
"Trinidad, Bohol",,,,,,07-012-44-000,07-12-44-000,"Trinidad, Bohol",Trinidad,Bohol,Region VII (Central Visayas),Municipality,3rd,R7,B,J,2022,https://bldg.ibpls.com/trinidadbohol/,https://co.ibpls.com/trinidadbohol/,,#N/A,#N/A,#N/A,[1] Operational,[A] Operational,,[1] Operational,[A] Operational,,[1] Operational,[A] Operational,,[1] Operational,[A] Operational,,[1] Operational,[A] Operational,,[1] Operational,[A] Operational,,[1] Operational,[A] Operational,,#N/A,#N/A,#N/A,#N/A,#N/A,#N/A,#N/A,#N/A,#N/A,#N/A,#N/A,#N/A,#N/A,#N/A,#N/A
"Alcantara, Cebu",,,,,,07-022-01-000,07-22-01-000,"Alcantara, Cebu",Alcantara,Cebu,Region VII (Central Visayas),Municipality,5th,R7,B,J,2021,https://bldg.ibpls.com/alcantaracebu/,https://co.ibpls.com/alcantaracebu/,,#N/A,#N/A,#N/A,[3] Ongoing Data Build-up,[B] Developmental,,[3] Ongoing Data Build-up,[B] Developmental,,[3] Ongoing Data Build-up,[B] Developmental,,[3] Ongoing Data Build-up,[B] Developmental,,[3] Ongoing Data Build-up,[B] Developmental,,[3] Ongoing Data Build-up,[B] Developmental,,[3] Ongoing Data Build-up,[B] Developmental,,#N/A,#N/A,#N/A,#N/A,#N/A,#N/A,#N/A,#N/A,#N/A,#N/A,#N/A,#N/A,#N/A,#N/A,#N/A
"Argao, Cebu",,,,,,07-022-05-000,07-22-05-000,"Argao, Cebu",Argao,Cebu,Region VII (Central Visayas),Municipality,1st,R7,A,J,2021,https://bldg.ibpls.com/argaocebu/,https://co.ibpls.com/argaocebu/,2022-12,#N/A,#N/A,#N/A,[1] Operational,[A] Operational,,[1] Operational,[A] Operational,,[1] Operational,[A] Operational,,[1] Operational,[A] Operational,,[1] Operational,[A] Operational,,[1] Operational,[A] Operational,,[1] Operational,[A] Operational,,#N/A,#N/A,#N/A,#N/A,#N/A,#N/A,#N/A,#N/A,#N/A,#N/A,#N/A,#N/A,#N/A,#N/A,#N/A
"Balamban, Cebu",,,,,,07-022-08-000,07-22-08-000,"Balamban, Cebu",Balamban,Cebu,Region VII (Central Visayas),Municipality,1st,R7,A,J,2021,https://bldg.ibpls.com/balambancebu/,https://co.ibpls.com/balambancebu/,2022-12,#N/A,#N/A,#N/A,[1] Operational,[A] Operational,,[1] Operational,[A] Operational,,[1] Operational,[A] Operational,,[1] Operational,[A] Operational,,[1] Operational,[A] Operational,,[1] Operational,[A] Operational,,[1] Operational,[A] Operational,,#N/A,#N/A,#N/A,#N/A,#N/A,#N/A,#N/A,#N/A,#N/A,#N/A,#N/A,#N/A,#N/A,#N/A,#N/A
"Compostela, Cebu",,,,,,07-022-18-000,07-22-18-000,"Compostela, Cebu",Compostela,Cebu,Region VII (Central Visayas),Municipality,3rd,R7,B,J,2021,https://bldg.ibpls.com/compostelacebu/,https://co.ibpls.com/compostelacebu/,,#N/A,#N/A,#N/A,[3] Ongoing Data Build-up,[B] Developmental,,[3] Ongoing Data Build-up,[B] Developmental,,[3] Ongoing Data Build-up,[B] Developmental,,[3] Ongoing Data Build-up,[B] Developmental,,[3] Ongoing Data Build-up,[B] Developmental,,[3] Ongoing Data Build-up,[B] Developmental,,[3] Ongoing Data Build-up,[B] Developmental,,#N/A,#N/A,#N/A,#N/A,#N/A,#N/A,#N/A,#N/A,#N/A,#N/A,#N/A,#N/A,#N/A,#N/A,#N/A
"Daanbantayan, Cebu",,,,,,07-022-21-000,07-22-21-000,"Daanbantayan, Cebu",Daanbantayan,Cebu,Region VII (Central Visayas),Municipality,1st,R7,B,J,2022,https://bldg.ibpls.com/daanbantayancebu/,	https://co.ibpls.com/daanbantayancebu/,,#N/A,#N/A,#N/A,[3] Ongoing Data Build-up,[B] Developmental,,[3] Ongoing Data Build-up,[B] Developmental,,[3] Ongoing Data Build-up,[B] Developmental,,[3] Ongoing Data Build-up,[B] Developmental,,[3] Ongoing Data Build-up,[B] Developmental,,[3] Ongoing Data Build-up,[B] Developmental,,[3] Ongoing Data Build-up,[B] Developmental,,#N/A,#N/A,#N/A,#N/A,#N/A,#N/A,#N/A,#N/A,#N/A,#N/A,#N/A,#N/A,#N/A,#N/A,#N/A
"Minglanilla, Cebu",,,,,,07-022-32-000,07-22-32-000,"Minglanilla, Cebu",Minglanilla,Cebu,Region VII (Central Visayas),Municipality,1st,R7,B,J,2021,https://bldg.ibpls.com/minglanillacebu/,https://co.ibpls.com/minglanillacebu/,,#N/A,#N/A,#N/A,[7] To Follow-up,[C] For Training/Others,,[7] To Follow-up,[C] For Training/Others,,[7] To Follow-up,[C] For Training/Others,,[7] To Follow-up,[C] For Training/Others,,[7] To Follow-up,[C] For Training/Others,,[7] To Follow-up,[C] For Training/Others,,[7] To Follow-up,[C] For Training/Others,,#N/A,#N/A,#N/A,#N/A,#N/A,#N/A,#N/A,#N/A,#N/A,#N/A,#N/A,#N/A,#N/A,#N/A,#N/A
"Pinamungajan, Cebu",,,,,,07-022-37-000,07-22-37-000,"Pinamungajan, Cebu",Pinamungajan,Cebu,Region VII (Central Visayas),Municipality,2nd,R7,A,J,2020,https://bldg.ibpls.com/pinamungajancebu/,https://co.ibpls.com/pinamungajancebu/,2022-12,#N/A,#N/A,#N/A,[1] Operational,[A] Operational,,[1] Operational,[A] Operational,,[1] Operational,[A] Operational,,[1] Operational,[A] Operational,,[1] Operational,[A] Operational,,[1] Operational,[A] Operational,,[1] Operational,[A] Operational,,#N/A,#N/A,#N/A,#N/A,#N/A,#N/A,#N/A,#N/A,#N/A,#N/A,#N/A,#N/A,#N/A,#N/A,#N/A
"Samboan, Cebu",,,,,,07-022-40-000,07-22-40-000,"Samboan, Cebu",Samboan,Cebu,Region VII (Central Visayas),Municipality,5th,R7,B,J,2022,https://bldg.ibpls.com/samboancebu/,	https://co.ibpls.com/samboancebu/,,#N/A,#N/A,#N/A,[6] With Concerns,[C] For Training/Others,,[6] With Concerns,[C] For Training/Others,,[6] With Concerns,[C] For Training/Others,,[6] With Concerns,[C] For Training/Others,,[6] With Concerns,[C] For Training/Others,,[6] With Concerns,[C] For Training/Others,,[6] With Concerns,[C] For Training/Others,,#N/A,#N/A,#N/A,#N/A,#N/A,#N/A,#N/A,#N/A,#N/A,#N/A,#N/A,#N/A,#N/A,#N/A,#N/A
"San Francisco, Cebu",,,,,,07-022-42-000,07-22-42-000,"San Francisco, Cebu",San Francisco,Cebu,Region VII (Central Visayas),Municipality,3rd,R7,B,J,2021,https://bldg.ibpls.com/sanfranciscocebu/,https://co.ibpls.com/sanfranciscocebu/,,#N/A,#N/A,#N/A,[2] Pilot Testing,[B] Developmental,Waiting for LGU's request of deletion of test data in the system,[2] Pilot Testing,[B] Developmental,,[2] Pilot Testing,[B] Developmental,,[2] Pilot Testing,[B] Developmental,,[2] Pilot Testing,[B] Developmental,,[2] Pilot Testing,[B] Developmental,,[2] Pilot Testing,[B] Developmental,,#N/A,#N/A,#N/A,#N/A,#N/A,#N/A,#N/A,#N/A,#N/A,#N/A,#N/A,#N/A,#N/A,#N/A,#N/A
"Tuburan, Cebu",,,,,,07-022-52-000,07-22-52-000,"Tuburan, Cebu",Tuburan,Cebu,Region VII (Central Visayas),Municipality,2nd,R7,A,J,2021,https://bldg.ibpls.com/tuburancebu/,https://co.ibpls.com/tuburancebu/,2022-12,#N/A,#N/A,#N/A,[1] Operational,[A] Operational,,[1] Operational,[A] Operational,,[1] Operational,[A] Operational,,[1] Operational,[A] Operational,,[1] Operational,[A] Operational,,[1] Operational,[A] Operational,,[1] Operational,[A] Operational,,#N/A,#N/A,#N/A,#N/A,#N/A,#N/A,#N/A,#N/A,#N/A,#N/A,#N/A,#N/A,#N/A,#N/A,#N/A
"Tudela, Cebu",,,,,,07-022-53-000,07-22-53-000,"Tudela, Cebu",Tudela,Cebu,Region VII (Central Visayas),Municipality,5th,R7,A,J,2021,https://bldg.ibpls.com/tudelacebu/,https://co.ibpls.com/tudelacebu/,2022-12,#N/A,#N/A,#N/A,[1] Operational,[A] Operational,,[1] Operational,[A] Operational,,[1] Operational,[A] Operational,,[1] Operational,[A] Operational,,[1] Operational,[A] Operational,,[1] Operational,[A] Operational,,[1] Operational,[A] Operational,,#N/A,#N/A,#N/A,#N/A,#N/A,#N/A,#N/A,#N/A,#N/A,#N/A,#N/A,#N/A,#N/A,#N/A,#N/A
"Amlan, Negros Oriental",,,,,,07-046-01-000,07-46-01-000,"Amlan, Negros Oriental",Amlan,Negros Oriental,Region VII (Central Visayas),Municipality,4th,R7,B,J,2022,https://bldg.ibpls.com/amlannegrosoriental/,	https://co.ibpls.com/amlannegrosoriental/,,#N/A,#N/A,#N/A,[3] Ongoing Data Build-up,[B] Developmental,,[3] Ongoing Data Build-up,[B] Developmental,,[3] Ongoing Data Build-up,[B] Developmental,,[3] Ongoing Data Build-up,[B] Developmental,,[3] Ongoing Data Build-up,[B] Developmental,,[3] Ongoing Data Build-up,[B] Developmental,,[3] Ongoing Data Build-up,[B] Developmental,,#N/A,#N/A,#N/A,#N/A,#N/A,#N/A,#N/A,#N/A,#N/A,#N/A,#N/A,#N/A,#N/A,#N/A,#N/A
"Basay, Negros Oriental",,,,,,07-046-05-000,07-46-05-000,"Basay, Negros Oriental",Basay,Negros Oriental,Region VII (Central Visayas),Municipality,4th,R7,B,J,2022,https://bldg.ibpls.com/basaynegrosoriental/,https://co.ibpls.com/basaynegrosoriental/,,#N/A,#N/A,#N/A,[1] Operational,[A] Operational,,[1] Operational,[A] Operational,,[1] Operational,[A] Operational,,[1] Operational,[A] Operational,,[1] Operational,[A] Operational,,[1] Operational,[A] Operational,,[1] Operational,[A] Operational,,#N/A,#N/A,#N/A,#N/A,#N/A,#N/A,#N/A,#N/A,#N/A,#N/A,#N/A,#N/A,#N/A,#N/A,#N/A
"City of Canlaon, Negros Oriental",,,,,,07-046-08-000,07-46-08-000,"City of Canlaon, Negros Oriental",City of Canlaon,Negros Oriental,Region VII (Central Visayas),City,4th,R7,B,J,2022,https://bldg.ibpls.com/canlaoncitynegrosoriental/,	https://co.ibpls.com/canlaoncitynegrosoriental/,,#N/A,#N/A,#N/A,[1] Operational,[A] Operational,,[1] Operational,[A] Operational,,[1] Operational,[A] Operational,,[1] Operational,[A] Operational,,[1] Operational,[A] Operational,,[1] Operational,[A] Operational,,[1] Operational,[A] Operational,,#N/A,#N/A,#N/A,#N/A,#N/A,#N/A,#N/A,#N/A,#N/A,#N/A,#N/A,#N/A,#N/A,#N/A,#N/A
"San Jose, Negros Oriental",,,,,,07-046-17-000,07-46-17-000,"San Jose, Negros Oriental",San Jose,Negros Oriental,Region VII (Central Visayas),Municipality,5th,R7,B,J,2023,https://bldg.ibpls.com/sanjosenegrosoriental,	https://co.ibpls.com/sanjosenegrosoriental,,#N/A,#N/A,#N/A,[2] Pilot Testing,[B] Developmental,,[2] Pilot Testing,[B] Developmental,,[2] Pilot Testing,[B] Developmental,,[2] Pilot Testing,[B] Developmental,,[2] Pilot Testing,[B] Developmental,,[2] Pilot Testing,[B] Developmental,,[2] Pilot Testing,[B] Developmental,,#N/A,#N/A,#N/A,#N/A,#N/A,#N/A,#N/A,#N/A,#N/A,#N/A,#N/A,#N/A,#N/A,#N/A,#N/A
"Madridejos, Cebu",,,,,,07-022-28-000,07-22-28-000,"Madridejos, Cebu",Madridejos,Cebu,Region VII (Central Visayas),Municipality,4th,R7,B,J,2023,https://bldg.ibpls.com/madridejoscebu/,https://co.ibpls.com/madridejoscebu/,,#N/A,#N/A,#N/A,[1] Operational,[A] Operational,,[1] Operational,[A] Operational,,[1] Operational,[A] Operational,,[1] Operational,[A] Operational,,[1] Operational,[A] Operational,,[1] Operational,[A] Operational,,[1] Operational,[A] Operational,,#N/A,#N/A,#N/A,#N/A,#N/A,#N/A,#N/A,#N/A,#N/A,#N/A,#N/A,#N/A,#N/A,#N/A,#N/A
"City of Borongan, Eastern Samar",,,,,,08-026-04-000,08-26-04-000,"City of Borongan, Eastern Samar",City of Borongan,Eastern Samar,Region VIII (Eastern Visayas),City,1st (as Mun),R8,A,K,2021,https://bldg.ibpls.com/boronganeasternsamar/,https://co.ibpls.com/boronganeasternsamar/,2022-12,#N/A,#N/A,#N/A,[1] Operational,[A] Operational,Normal Operations,[1] Operational,[A] Operational,,[1] Operational,[A] Operational,Normal Operations,[1] Operational,[A] Operational,Normal Operations,[1] Operational,[A] Operational,Normal Operations,[1] Operational,[A] Operational,Normal Operations,[1] Operational,[A] Operational,Normal Operations,#N/A,#N/A,#N/A,#N/A,#N/A,#N/A,#N/A,#N/A,#N/A,#N/A,#N/A,#N/A,#N/A,#N/A,#N/A
"Guiuan, Eastern Samar",,,,,,08-026-09-000,08-26-09-000,"Guiuan, Eastern Samar",Guiuan,Eastern Samar,Region VIII (Eastern Visayas),Municipality,2nd,R8,B,K,2021,https://bldg.ibpls.com/guiuaneasternsamar/,https://co.ibpls.com/guiuaneasternsamar/,,#N/A,#N/A,#N/A,[1] Operational,[A] Operational,Normal Operations,[1] Operational,[A] Operational,,[1] Operational,[A] Operational,Normal Operations,[1] Operational,[A] Operational,Normal Operations,[1] Operational,[A] Operational,Normal Operations,[1] Operational,[A] Operational,Zero transactions for the month of June 2025,[1] Operational,[A] Operational,Zero transactions for the month of June 2025,#N/A,#N/A,#N/A,#N/A,#N/A,#N/A,#N/A,#N/A,#N/A,#N/A,#N/A,#N/A,#N/A,#N/A,#N/A
"Abuyog, Leyte",,,,,,08-037-01-000,08-37-01-000,"Abuyog, Leyte",Abuyog,Leyte,Region VIII (Eastern Visayas),Municipality,1st*,R8,B,K,2021,https://bldg.ibpls.com/abuyogleyte,https://co.ibpls.com/abuyogleyte,,#N/A,#N/A,#N/A,[2] Pilot Testing,[B] Developmental,For refresher training after renewal period,[2] Pilot Testing,[B] Developmental,For refresher training this March 2025,[2] Pilot Testing,[B] Developmental,Done with Refresher Training,[2] Pilot Testing,[B] Developmental,"For deletion of test data, pending implementation",[2] Pilot Testing,[B] Developmental,"For deletion of test data, pending implementation",[2] Pilot Testing,[B] Developmental,"For deletion of test data, pending implementation",[2] Pilot Testing,[B] Developmental,"For deletion of test data, pending implementation",#N/A,#N/A,#N/A,#N/A,#N/A,#N/A,#N/A,#N/A,#N/A,#N/A,#N/A,#N/A,#N/A,#N/A,#N/A
"Alangalang, Leyte",,,,,,08-037-02-000,08-37-02-000,"Alangalang, Leyte",Alangalang,Leyte,Region VIII (Eastern Visayas),Municipality,2nd,R8,A,K,2021,https://bldg.ibpls.com/alangalangleyte/,https://co.ibpls.com/alangalangleyte/,2022-12,#N/A,#N/A,#N/A,[1] Operational,[A] Operational,Normal Operations,[1] Operational,[A] Operational,,[1] Operational,[A] Operational,Normal Operations,[1] Operational,[A] Operational,Normal Operations,[1] Operational,[A] Operational,Normal Operations,[1] Operational,[A] Operational,Normal Operations,[1] Operational,[A] Operational,Normal Operations,#N/A,#N/A,#N/A,#N/A,#N/A,#N/A,#N/A,#N/A,#N/A,#N/A,#N/A,#N/A,#N/A,#N/A,#N/A
"Carigara, Leyte",,,,,,08-037-15-000,08-37-15-000,"Carigara, Leyte",Carigara,Leyte,Region VIII (Eastern Visayas),Municipality,2nd,R8,B,K,2022,https://bldg.ibpls.com/carigaraleyte/,https://co.ibpls.com/carigaraleyte/,2023-01,#N/A,#N/A,#N/A,[1] Operational,[A] Operational,Normal Operations,[1] Operational,[A] Operational,,[1] Operational,[A] Operational,Normal Operations,[1] Operational,[A] Operational,Normal Operations,[1] Operational,[A] Operational,Normal Operations,[1] Operational,[A] Operational,Normal Operations,[1] Operational,[A] Operational,Normal Operations,#N/A,#N/A,#N/A,#N/A,#N/A,#N/A,#N/A,#N/A,#N/A,#N/A,#N/A,#N/A,#N/A,#N/A,#N/A
"Hindang, Leyte",,,,,,08-037-20-000,08-37-20-000,"Hindang, Leyte",Hindang,Leyte,Region VIII (Eastern Visayas),Municipality,5th,R8,B,K,2022,https://bldg.ibpls.com/hindangleyte/,https://co.ibpls.com/hindangleyte/,,#N/A,#N/A,#N/A,[1] Operational,[A] Operational,Normal Operations,[1] Operational,[A] Operational,,[1] Operational,[A] Operational,Normal Operations,[1] Operational,[A] Operational,Normal Operations,[1] Operational,[A] Operational,Normal Operations,[1] Operational,[A] Operational,Normal Operations,[1] Operational,[A] Operational,Normal Operations,#N/A,#N/A,#N/A,#N/A,#N/A,#N/A,#N/A,#N/A,#N/A,#N/A,#N/A,#N/A,#N/A,#N/A,#N/A
"Javier, Leyte",,,,,,08-037-24-000,08-37-24-000,"Javier, Leyte",Javier,Leyte,Region VIII (Eastern Visayas),Municipality,4th*,R8,B,K,2022,https://bldg.ibpls.com/javierleyte/,https://co.ibpls.com/javierleyte/,,#N/A,#N/A,#N/A,[1] Operational,[A] Operational,Normal Operations,[1] Operational,[A] Operational,,[1] Operational,[A] Operational,Zero transactions for the month of March 2025,[1] Operational,[A] Operational,,[1] Operational,[A] Operational,Normal Operations,[1] Operational,[A] Operational,Normal Operations,[1] Operational,[A] Operational,Normal Operations,#N/A,#N/A,#N/A,#N/A,#N/A,#N/A,#N/A,#N/A,#N/A,#N/A,#N/A,#N/A,#N/A,#N/A,#N/A
"La Paz, Leyte",,,,,,08-037-28-000,08-37-28-000,"La Paz, Leyte",La Paz,Leyte,Region VIII (Eastern Visayas),Municipality,5th*,R8,B,K,2022,https://bldg.ibpls.com/lapazleyte,https://co.ibpls.com/lapazleyte,,#N/A,#N/A,#N/A,[1] Operational,[A] Operational,,[1] Operational,[A] Operational,,[1] Operational,[A] Operational,Normal Operations,[1] Operational,[A] Operational,Normal Operations,[1] Operational,[A] Operational,Normal Operations,[1] Operational,[A] Operational,Normal Operations,[1] Operational,[A] Operational,Normal Operations,#N/A,#N/A,#N/A,#N/A,#N/A,#N/A,#N/A,#N/A,#N/A,#N/A,#N/A,#N/A,#N/A,#N/A,#N/A
"Leyte, Leyte",,,,,,08-037-29-000,08-37-29-000,"Leyte, Leyte",Leyte,Leyte,Region VIII (Eastern Visayas),Municipality,4th*,R8,A,K,2022,https://bldg.ibpls.com/leyteleyte/,https://co.ibpls.com/leyteleyte/,2022-12,#N/A,#N/A,#N/A,[1] Operational,[A] Operational,Normal Operations,[1] Operational,[A] Operational,,[1] Operational,[A] Operational,Normal Operations,[1] Operational,[A] Operational,Normal Operations,[1] Operational,[A] Operational,Normal Operations,[1] Operational,[A] Operational,Normal Operations,[1] Operational,[A] Operational,Normal Operations,#N/A,#N/A,#N/A,#N/A,#N/A,#N/A,#N/A,#N/A,#N/A,#N/A,#N/A,#N/A,#N/A,#N/A,#N/A
"Palo, Leyte",,,,,,08-037-39-000,08-37-39-000,"Palo, Leyte",Palo,Leyte,Region VIII (Eastern Visayas),Municipality,3rd,R8,A,K,2020,https://bldg.ibpls.com/paloleyte/,https://co.ibpls.com/paloleyte/,2022-12,#N/A,#N/A,#N/A,[1] Operational,[A] Operational,Normal Operations,[1] Operational,[A] Operational,,[1] Operational,[A] Operational,Normal Operations,[1] Operational,[A] Operational,Normal Operations,[1] Operational,[A] Operational,Normal Operations,[1] Operational,[A] Operational,Normal Operations,[1] Operational,[A] Operational,Normal Operations,#N/A,#N/A,#N/A,#N/A,#N/A,#N/A,#N/A,#N/A,#N/A,#N/A,#N/A,#N/A,#N/A,#N/A,#N/A
"Pastrana, Leyte",,,,,,08-037-41-000,08-37-41-000,"Pastrana, Leyte",Pastrana,Leyte,Region VIII (Eastern Visayas),Municipality,5th*,R8,A,K,2022,https://bldg.ibpls.com/pastranaleyte/,https://co.ibpls.com/pastranaleyte/,2022-12,#N/A,#N/A,#N/A,[1] Operational,[A] Operational,Normal Operations,[1] Operational,[A] Operational,,[1] Operational,[A] Operational,Zero transactions for the month of March 2025,[1] Operational,[A] Operational,Zero transactions for the month of April 2025,[1] Operational,[A] Operational,Normal Operations,[1] Operational,[A] Operational,Normal Operations,[1] Operational,[A] Operational,Zero transactions for the month of July 2025,#N/A,#N/A,#N/A,#N/A,#N/A,#N/A,#N/A,#N/A,#N/A,#N/A,#N/A,#N/A,#N/A,#N/A,#N/A
"Pambujan, Northern Samar",,,,,,08-048-15-000,08-48-15-000,"Pambujan, Northern Samar",Pambujan,Northern Samar,Region VIII (Eastern Visayas),Municipality,4th,R8,A,K,2021,https://bldg.ibpls.com/pambujannorthernsamar/,https://co.ibpls.com/pambujannorthernsamar/,2022-12,#N/A,#N/A,#N/A,[1] Operational,[A] Operational,Normal Operations,[1] Operational,[A] Operational,,[1] Operational,[A] Operational,Normal Operations,[1] Operational,[A] Operational,Normal Operations,[1] Operational,[A] Operational,Normal Operations,[1] Operational,[A] Operational,Normal Operations,[1] Operational,[A] Operational,Normal Operations,#N/A,#N/A,#N/A,#N/A,#N/A,#N/A,#N/A,#N/A,#N/A,#N/A,#N/A,#N/A,#N/A,#N/A,#N/A
"San Roque, Northern Samar",,,,,,08-048-20-000,08-48-20-000,"San Roque, Northern Samar",San Roque,Northern Samar,Region VIII (Eastern Visayas),Municipality,4th,R8,A,K,2021,https://bldg.ibpls.com/sanroquenorthernsamar/,https://co.ibpls.com/sanroquenorthernsamar/,2022-12,#N/A,#N/A,#N/A,[1] Operational,[A] Operational,Zero transactions for the month of January 2025,[1] Operational,[A] Operational,,[1] Operational,[A] Operational,Normal Operations,[1] Operational,[A] Operational,Normal Operations,[1] Operational,[A] Operational,Zero transactions for the month of May 2025,[1] Operational,[A] Operational,Normal Operations,[1] Operational,[A] Operational,Zero transactions for the month of July 2025,#N/A,#N/A,#N/A,#N/A,#N/A,#N/A,#N/A,#N/A,#N/A,#N/A,#N/A,#N/A,#N/A,#N/A,#N/A
"Basey, Samar",,,,,,08-060-02-000,08-60-02-000,"Basey, Samar",Basey,Samar,Region VIII (Eastern Visayas),Municipality,1st,R8,B,K,2021,https://bldg.ibpls.com/baseysamar/,https://co.ibpls.com/baseysamar/,,#N/A,#N/A,#N/A,[1] Operational,[A] Operational,,[1] Operational,[A] Operational,,[1] Operational,[A] Operational,Normal Operations,[1] Operational,[A] Operational,Normal Operations,[1] Operational,[A] Operational,Normal Operations,[1] Operational,[A] Operational,Normal Operations,[1] Operational,[A] Operational,Normal Operations,#N/A,#N/A,#N/A,#N/A,#N/A,#N/A,#N/A,#N/A,#N/A,#N/A,#N/A,#N/A,#N/A,#N/A,#N/A
"Gandara, Samar",,,,,,08-060-07-000,08-60-07-000,"Gandara, Samar",Gandara,Samar,Region VIII (Eastern Visayas),Municipality,2nd,R8,B,K,2021,https://bldg.ibpls.com/gandarasamar,https://co.ibpls.com/gandarasamar,,#N/A,#N/A,#N/A,[2] Pilot Testing,[B] Developmental,Internet Connectivity Issues - Unstable ConnectionForwarded follow letter to LGU regarding their implementation but no response.,[2] Pilot Testing,[B] Developmental,,[2] Pilot Testing,[B] Developmental,Internet Connectivity Issues - Unstable ConnectionForwarded follow letter to LGU regarding their implementation but no response.,[2] Pilot Testing,[B] Developmental,Internet Connectivity Issues - Unstable ConnectionForwarded follow letter to LGU regarding their implementation but no response.,[2] Pilot Testing,[B] Developmental,Internet Connectivity Issues - Unstable ConnectionForwarded follow letter to LGU regarding their implementation but no response.,[2] Pilot Testing,[B] Developmental,Internet Connectivity Issues - Unstable ConnectionForwarded follow letter to LGU regarding their implementation but no response.,[2] Pilot Testing,[B] Developmental,Internet Connectivity Issues - Unstable ConnectionForwarded follow letter to LGU regarding their implementation but no response.,#N/A,#N/A,#N/A,#N/A,#N/A,#N/A,#N/A,#N/A,#N/A,#N/A,#N/A,#N/A,#N/A,#N/A,#N/A
"Jiabong, Samar",,,,,,08-060-09-000,08-60-09-000,"Jiabong, Samar",Jiabong,Samar,Region VIII (Eastern Visayas),Municipality,5th,R8,B,K,2022,https://bldg.ibpls.com/jiabongsamar/,https://co.ibpls.com/jiabongsamar/,,#N/A,#N/A,#N/A,[1] Operational,[A] Operational,,[1] Operational,[A] Operational,,[1] Operational,[A] Operational,Normal Operations,[1] Operational,[A] Operational,Normal Operations,[1] Operational,[A] Operational,Normal Operations,[1] Operational,[A] Operational,Normal Operations,[1] Operational,[A] Operational,Normal Operations,#N/A,#N/A,#N/A,#N/A,#N/A,#N/A,#N/A,#N/A,#N/A,#N/A,#N/A,#N/A,#N/A,#N/A,#N/A
"City of Maasin, Southern Leyte",,,,,,08-064-07-000,08-64-07-000,"City of Maasin, Southern Leyte",City of Maasin,Southern Leyte,Region VIII (Eastern Visayas),City,4th,R8,A,K,2022,https://bldg.ibpls.com/maasinsouthernleyte/,https://co.ibpls.com/maasinsouthernleyte/,2022-12,#N/A,#N/A,#N/A,[1] Operational,[A] Operational,Normal Operations,[1] Operational,[A] Operational,,[1] Operational,[A] Operational,Normal Operations,[1] Operational,[A] Operational,Normal Operations,[1] Operational,[A] Operational,Normal Operations,[1] Operational,[A] Operational,Normal Operations,[1] Operational,[A] Operational,Normal Operations,#N/A,#N/A,#N/A,#N/A,#N/A,#N/A,#N/A,#N/A,#N/A,#N/A,#N/A,#N/A,#N/A,#N/A,#N/A
"Macrohon, Southern Leyte",,,,,,08-064-08-000,08-64-08-000,"Macrohon, Southern Leyte",Macrohon,Southern Leyte,Region VIII (Eastern Visayas),Municipality,4th,R8,A,K,2022,https://bldg.ibpls.com/macrohonsouthernleyte/,https://co.ibpls.com/macrohonsouthernleyte/,2022-12,#N/A,#N/A,#N/A,[1] Operational,[A] Operational,Normal Operations,[1] Operational,[A] Operational,,[1] Operational,[A] Operational,Normal Operations,[1] Operational,[A] Operational,Normal Operations,[1] Operational,[A] Operational,Normal Operations,[1] Operational,[A] Operational,Normal Operations,[1] Operational,[A] Operational,Normal Operations,#N/A,#N/A,#N/A,#N/A,#N/A,#N/A,#N/A,#N/A,#N/A,#N/A,#N/A,#N/A,#N/A,#N/A,#N/A
"San Juan, Southern Leyte",,,,,,08-064-14-000,08-64-14-000,"San Juan, Southern Leyte",San Juan,Southern Leyte,Region VIII (Eastern Visayas),Municipality,5th,R8,A,K,2021,https://bldg.ibpls.com/sanjuansouthernleyte/,https://co.ibpls.com/sanjuansouthernleyte/,2022-12,#N/A,#N/A,#N/A,[1] Operational,[A] Operational,Normal Operations,[1] Operational,[A] Operational,,[1] Operational,[A] Operational,Normal Operations,[1] Operational,[A] Operational,Normal Operations,[1] Operational,[A] Operational,Normal Operations,[1] Operational,[A] Operational,Normal Operations,[1] Operational,[A] Operational,Normal Operations,#N/A,#N/A,#N/A,#N/A,#N/A,#N/A,#N/A,#N/A,#N/A,#N/A,#N/A,#N/A,#N/A,#N/A,#N/A
"Sogod, Southern Leyte",,,,,,08-064-17-000,08-64-17-000,"Sogod, Southern Leyte",Sogod,Southern Leyte,Region VIII (Eastern Visayas),Municipality,2nd,R8,A,K,2021,https://bldg.ibpls.com/sogodsouthernleyte/,https://co.ibpls.com/sogodsouthernleyte/,2022-12,#N/A,#N/A,#N/A,[1] Operational,[A] Operational,Normal Operations,[1] Operational,[A] Operational,,[1] Operational,[A] Operational,Normal Operations,[1] Operational,[A] Operational,Normal Operations,[1] Operational,[A] Operational,Normal Operations,[1] Operational,[A] Operational,Normal Operations,[1] Operational,[A] Operational,Normal Operations,#N/A,#N/A,#N/A,#N/A,#N/A,#N/A,#N/A,#N/A,#N/A,#N/A,#N/A,#N/A,#N/A,#N/A,#N/A
"Tomas Oppus, Southern Leyte",,,,,,08-064-18-000,08-64-18-000,"Tomas Oppus, Southern Leyte",Tomas Oppus,Southern Leyte,Region VIII (Eastern Visayas),Municipality,5th,R8,A,K,2022,https://bldg.ibpls.com/tomasoppussouthernleyte/,https://co.ibpls.com/tomasoppussouthernleyte/,2022-12,#N/A,#N/A,#N/A,[1] Operational,[A] Operational,Normal Operations,[1] Operational,[A] Operational,,[1] Operational,[A] Operational,Normal Operations,[1] Operational,[A] Operational,Normal Operations,[1] Operational,[A] Operational,Normal Operations,[1] Operational,[A] Operational,Normal Operations,[1] Operational,[A] Operational,Normal Operations,#N/A,#N/A,#N/A,#N/A,#N/A,#N/A,#N/A,#N/A,#N/A,#N/A,#N/A,#N/A,#N/A,#N/A,#N/A
"Kawayan, Biliran",,,,,,08-078-06-000,08-78-06-000,"Kawayan, Biliran",Kawayan,Biliran,Region VIII (Eastern Visayas),Municipality,5th*,R8,B,K,2021,https://bldg.ibpls.com/kawayanbiliran,https://co.ibpls.com/kawayanbiliran,,#N/A,#N/A,#N/A,[8] Withdraw,[D] Withdraw,Withdrawn,[8] Withdraw,[D] Withdraw,,[8] Withdraw,[D] Withdraw,Withdrawn,[8] Withdraw,[D] Withdraw,Withdrawn,[8] Withdraw,[D] Withdraw,Withdrawn,[8] Withdraw,[D] Withdraw,Withdrawn,[8] Withdraw,[D] Withdraw,Withdrawn,#N/A,#N/A,#N/A,#N/A,#N/A,#N/A,#N/A,#N/A,#N/A,#N/A,#N/A,#N/A,#N/A,#N/A,#N/A
"Naval, Biliran",,,,,,08-078-08-000,08-78-08-000,"Naval, Biliran",Naval,Biliran,Region VIII (Eastern Visayas),Municipality,2nd,R8,A,K,2021,https://bldg.ibpls.com/navalbiliran/,https://co.ibpls.com/navalbiliran/,2022-12,#N/A,#N/A,#N/A,[1] Operational,[A] Operational,Normal Operations,[1] Operational,[A] Operational,,[1] Operational,[A] Operational,Normal Operations,[1] Operational,[A] Operational,Normal Operations,[1] Operational,[A] Operational,Normal Operations,[1] Operational,[A] Operational,Normal Operations,[1] Operational,[A] Operational,Normal Operations,#N/A,#N/A,#N/A,#N/A,#N/A,#N/A,#N/A,#N/A,#N/A,#N/A,#N/A,#N/A,#N/A,#N/A,#N/A
"Polanco, Zamboanga del Norte",,,,,,09-072-10-000,09-72-10-000,"Polanco, Zamboanga del Norte",Polanco,Zamboanga del Norte,Region IX (Zamboanga Peninsula),Municipality,3rd,R9,A,L,2021,https://bldg.ibpls.com/polancozamboangadelnorte/,https://co.ibpls.com/polancozamboangadelnorte/,2022-12,#N/A,#N/A,#N/A,[1] Operational,[A] Operational,,[1] Operational,[A] Operational,,[1] Operational,[A] Operational,,[1] Operational,[A] Operational,,[1] Operational,[A] Operational,,[1] Operational,[A] Operational,,[1] Operational,[A] Operational,,#N/A,#N/A,#N/A,#N/A,#N/A,#N/A,#N/A,#N/A,#N/A,#N/A,#N/A,#N/A,#N/A,#N/A,#N/A
"Pres. Manuel A. Roxas, Zamboanga del Norte",,,,,,09-072-11-000,09-72-11-000,"Pres. Manuel A. Roxas, Zamboanga del Norte",Pres. Manuel A. Roxas,Zamboanga del Norte,Region IX (Zamboanga Peninsula),Municipality,2nd,R9,B,L,2022,https://bldg.ibpls.com/presmanuelaroxaszamboangadelnorte/,https://co.ibpls.com/presmanuelaroxaszamboangadelnorte/,,#N/A,#N/A,#N/A,[2] Pilot Testing,[B] Developmental,,[2] Pilot Testing,[B] Developmental,,[2] Pilot Testing,[B] Developmental,,[2] Pilot Testing,[B] Developmental,,[7] To Follow-up,[C] For Training/Others,,[7] To Follow-up,[C] For Training/Others,,[7] To Follow-up,[C] For Training/Others,,#N/A,#N/A,#N/A,#N/A,#N/A,#N/A,#N/A,#N/A,#N/A,#N/A,#N/A,#N/A,#N/A,#N/A,#N/A
"Rizal, Zamboanga del Norte",,,,,,09-072-12-000,09-72-12-000,"Rizal, Zamboanga del Norte",Rizal,Zamboanga del Norte,Region IX (Zamboanga Peninsula),Municipality,5th,R9,B,L,2022,https://bldg.ibpls.com/rizalzamboangadelnorte/,https://co.ibpls.com/rizalzamboangadelnorte/,,#N/A,#N/A,#N/A,[2] Pilot Testing,[B] Developmental,,[2] Pilot Testing,[B] Developmental,,[2] Pilot Testing,[B] Developmental,,[2] Pilot Testing,[B] Developmental,,[7] To Follow-up,[C] For Training/Others,,[7] To Follow-up,[C] For Training/Others,,[7] To Follow-up,[C] For Training/Others,,#N/A,#N/A,#N/A,#N/A,#N/A,#N/A,#N/A,#N/A,#N/A,#N/A,#N/A,#N/A,#N/A,#N/A,#N/A
"Siayan, Zamboanga del Norte",,,,,,09-072-15-000,09-72-15-000,"Siayan, Zamboanga del Norte",Siayan,Zamboanga del Norte,Region IX (Zamboanga Peninsula),Municipality,2nd,R9,B,L,2021,https://bldg.ibpls.com/siayanzamboangadelnorte/,https://co.ibpls.com/siayanzamboangadelnorte/,,#N/A,#N/A,#N/A,[1] Operational,[A] Operational,,[1] Operational,[A] Operational,,[1] Operational,[A] Operational,,[1] Operational,[A] Operational,,[1] Operational,[A] Operational,,[1] Operational,[A] Operational,,[1] Operational,[A] Operational,,#N/A,#N/A,#N/A,#N/A,#N/A,#N/A,#N/A,#N/A,#N/A,#N/A,#N/A,#N/A,#N/A,#N/A,#N/A
"Sindangan, Zamboanga del Norte",,,,,,09-072-18-000,09-72-18-000,"Sindangan, Zamboanga del Norte",Sindangan,Zamboanga del Norte,Region IX (Zamboanga Peninsula),Municipality,1st,R9,B,L,2022,https://bldg.ibpls.com/sindanganzamboangadelnorte/,https://co.ibpls.com/sindanganzamboangadelnorte/,,#N/A,#N/A,#N/A,[3] Ongoing Data Build-up,[B] Developmental,,[3] Ongoing Data Build-up,[B] Developmental,,[3] Ongoing Data Build-up,[B] Developmental,,[3] Ongoing Data Build-up,[B] Developmental,,[7] To Follow-up,[C] For Training/Others,,[7] To Follow-up,[C] For Training/Others,,[7] To Follow-up,[C] For Training/Others,,#N/A,#N/A,#N/A,#N/A,#N/A,#N/A,#N/A,#N/A,#N/A,#N/A,#N/A,#N/A,#N/A,#N/A,#N/A
"Dumingag, Zamboanga del Sur",,,,,,09-073-08-000,09-73-08-000,"Dumingag, Zamboanga del Sur",Dumingag,Zamboanga del Sur,Region IX (Zamboanga Peninsula),Municipality,2nd,R9,B,L,2020,https://bldg.ibpls.com/dumingagzamboangadelsur/,https://co.ibpls.com/dumingagzamboangadelsur/,,#N/A,#N/A,#N/A,[3] Ongoing Data Build-up,[B] Developmental,,[3] Ongoing Data Build-up,[B] Developmental,,[3] Ongoing Data Build-up,[B] Developmental,,[3] Ongoing Data Build-up,[B] Developmental,,[7] To Follow-up,[C] For Training/Others,,[7] To Follow-up,[C] For Training/Others,,[7] To Follow-up,[C] For Training/Others,,#N/A,#N/A,#N/A,#N/A,#N/A,#N/A,#N/A,#N/A,#N/A,#N/A,#N/A,#N/A,#N/A,#N/A,#N/A
"Labangan, Zamboanga del Sur",,,,,,09-073-12-000,09-73-12-000,"Labangan, Zamboanga del Sur",Labangan,Zamboanga del Sur,Region IX (Zamboanga Peninsula),Municipality,3rd,R9,B,L,2022,https://bldg.ibpls.com/labanganzamboangadelsur/,https://co.ibpls.com/labanganzamboangadelsur/,2023-01,#N/A,#N/A,#N/A,[6] With Concerns,[C] For Training/Others,,[6] With Concerns,[C] For Training/Others,,[6] With Concerns,[C] For Training/Others,,[6] With Concerns,[C] For Training/Others,,[7] To Follow-up,[C] For Training/Others,,[7] To Follow-up,[C] For Training/Others,,[7] To Follow-up,[C] For Training/Others,,#N/A,#N/A,#N/A,#N/A,#N/A,#N/A,#N/A,#N/A,#N/A,#N/A,#N/A,#N/A,#N/A,#N/A,#N/A
"San Pablo, Zamboanga del Sur",,,,,,09-073-25-000,09-73-25-000,"San Pablo, Zamboanga del Sur",San Pablo,Zamboanga del Sur,Region IX (Zamboanga Peninsula),Municipality,4th*,R9,B,L,2022,https://bldg.ibpls.com/sanpablozamboangadelsur/,https://co.ibpls.com/sanpablozamboangadelsur/,,#N/A,#N/A,#N/A,[2] Pilot Testing,[B] Developmental,,[2] Pilot Testing,[B] Developmental,,[2] Pilot Testing,[B] Developmental,,[2] Pilot Testing,[B] Developmental,,[7] To Follow-up,[C] For Training/Others,,[7] To Follow-up,[C] For Training/Others,,[7] To Follow-up,[C] For Training/Others,,#N/A,#N/A,#N/A,#N/A,#N/A,#N/A,#N/A,#N/A,#N/A,#N/A,#N/A,#N/A,#N/A,#N/A,#N/A
"Lakewood, Zamboanga del Sur",,,,,,09-073-33-000,09-73-33-000,"Lakewood, Zamboanga del Sur",Lakewood,Zamboanga del Sur,Region IX (Zamboanga Peninsula),Municipality,4th,R9,B,L,2022,https://bldg.ibpls.com/lakewoodzamboangadelsur/,https://co.ibpls.com/lakewoodzamboangadelsur/,,#N/A,#N/A,#N/A,[2] Pilot Testing,[B] Developmental,,[2] Pilot Testing,[B] Developmental,,[2] Pilot Testing,[B] Developmental,,[2] Pilot Testing,[B] Developmental,,[1] Operational,[A] Operational,,[1] Operational,[A] Operational,,[1] Operational,[A] Operational,,#N/A,#N/A,#N/A,#N/A,#N/A,#N/A,#N/A,#N/A,#N/A,#N/A,#N/A,#N/A,#N/A,#N/A,#N/A
"Guipos, Zamboanga del Sur",,,,,,09-073-43-000,09-73-43-000,"Guipos, Zamboanga del Sur",Guipos,Zamboanga del Sur,Region IX (Zamboanga Peninsula),Municipality,4th,R9,B,L,2021,https://bldg.ibpls.com/guiposzamboangadelsur/,https://co.ibpls.com/guiposzamboangadelsur/,,#N/A,#N/A,#N/A,[3] Ongoing Data Build-up,[B] Developmental,,[3] Ongoing Data Build-up,[B] Developmental,,[3] Ongoing Data Build-up,[B] Developmental,,[3] Ongoing Data Build-up,[B] Developmental,,[1] Operational,[A] Operational,,[1] Operational,[A] Operational,,[1] Operational,[A] Operational,,#N/A,#N/A,#N/A,#N/A,#N/A,#N/A,#N/A,#N/A,#N/A,#N/A,#N/A,#N/A,#N/A,#N/A,#N/A
"Titay, Zamboanga Sibugay",,,,,,09-083-15-000,09-83-15-000,"Titay, Zamboanga Sibugay",Titay,Zamboanga Sibugay,Region IX (Zamboanga Peninsula),Municipality,2nd,R9,A,L,2021,https://bldg.ibpls.com/titayzamboangasibugay/,https://co.ibpls.com/titayzamboangasibugay/,2022-12,#N/A,#N/A,#N/A,[1] Operational,[A] Operational,,[1] Operational,[A] Operational,,[1] Operational,[A] Operational,,[1] Operational,[A] Operational,,[1] Operational,[A] Operational,,[1] Operational,[A] Operational,,[1] Operational,[A] Operational,,#N/A,#N/A,#N/A,#N/A,#N/A,#N/A,#N/A,#N/A,#N/A,#N/A,#N/A,#N/A,#N/A,#N/A,#N/A
"Matanao, Davao del Sur",,,,,,11-024-10-000,09-83-15-000,"Matanao, Davao del Sur",Matanao,Davao del Sur,Region XI (Davao Region),Municipality,2nd,R11,A,P,2021,https://bldg.ibpls.com/matanaodavaodelsur,https://co.ibpls.com/matanaodavaodelsur,2022-12,#N/A,#N/A,#N/A,[1] Operational,[A] Operational,,[1] Operational,[A] Operational,,[1] Operational,[A] Operational,,[1] Operational,[A] Operational,,[1] Operational,[A] Operational,,[1] Operational,[A] Operational,,[1] Operational,[A] Operational,,#N/A,#N/A,#N/A,#N/A,#N/A,#N/A,#N/A,#N/A,#N/A,#N/A,#N/A,#N/A,#N/A,#N/A,#N/A
"Sablayan, Occidental Mindoro",,,,,,17-051-09-000,09-83-15-000,"Sablayan, Occidental Mindoro",Sablayan,Occidental Mindoro,MIMAROPA Region,Municipality,1st,R4B,A,G,2021,https://bldg.ibpls.com/sablayanoccidentalmindoro,https://co.ibpls.com/sablayanoccidentalmindoro/,2022-12,#N/A,#N/A,#N/A,[1] Operational,[A] Operational,,[1] Operational,[A] Operational,,[1] Operational,[A] Operational,,[1] Operational,[A] Operational,,[1] Operational,[A] Operational,,[1] Operational,[A] Operational,,[1] Operational,[A] Operational,,#N/A,#N/A,#N/A,#N/A,#N/A,#N/A,#N/A,#N/A,#N/A,#N/A,#N/A,#N/A,#N/A,#N/A,#N/A
"City of Mandaue, Cebu",,,,,,07-313-00-000,09-83-15-000,"City of Mandaue, Cebu",City of Mandaue,Cebu,Region VII (Central Visayas),City,1st,R7,A,J,2021,https://bldg.ibpls.com/mandauecitycebu,https://co.ibpls.com/mandauecitycebu,2022-12,#N/A,#N/A,#N/A,[3] Ongoing Data Build-up,[B] Developmental,,[3] Ongoing Data Build-up,[B] Developmental,,[3] Ongoing Data Build-up,[B] Developmental,,[3] Ongoing Data Build-up,[B] Developmental,,[3] Ongoing Data Build-up,[B] Developmental,,[3] Ongoing Data Build-up,[B] Developmental,,[3] Ongoing Data Build-up,[B] Developmental,,#N/A,#N/A,#N/A,#N/A,#N/A,#N/A,#N/A,#N/A,#N/A,#N/A,#N/A,#N/A,#N/A,#N/A,#N/A
"City of Himamaylan, Negros Occidental",,,,,,06-045-10-000,09-83-15-000,"City of Himamaylan, Negros Occidental",City of Himamaylan,Negros Occidental,Region VI (Western Visayas),City,3rd,R6,A,I,2021,https://bldg.ibpls.com/cityofhimamaylannegrosoccidental,https://co.ibpls.com/cityofhimamaylannegrosoccidental,2022-12,#N/A,#N/A,#N/A,[1] Operational,[A] Operational,,[1] Operational,[A] Operational,,[1] Operational,[A] Operational,,[1] Operational,[A] Operational,,[1] Operational,[A] Operational,,[1] Operational,[A] Operational,,[1] Operational,[A] Operational,,#N/A,#N/A,#N/A,#N/A,#N/A,#N/A,#N/A,#N/A,#N/A,#N/A,#N/A,#N/A,#N/A,#N/A,#N/A
"San Remigio, Antique",,,,,,06-006-14-000,09-83-15-000,"San Remigio, Antique",San Remigio,Antique,Region VI (Western Visayas),Municipality,3rd,R6,A,I,2021,,,2022-12,#N/A,#N/A,#N/A,[1] Operational,[A] Operational,,[1] Operational,[A] Operational,,[1] Operational,[A] Operational,,[1] Operational,[A] Operational,,[1] Operational,[A] Operational,,[1] Operational,[A] Operational,,[1] Operational,[A] Operational,,#N/A,#N/A,#N/A,#N/A,#N/A,#N/A,#N/A,#N/A,#N/A,#N/A,#N/A,#N/A,#N/A,#N/A,#N/A
"Kananga, Leyte",,,,,,08-037-26-000,09-83-15-000,"Kananga, Leyte",Kananga,Leyte,Region VIII (Eastern Visayas),Municipality,1st,R8,A,K,2021,,,2022-12,#N/A,#N/A,#N/A,[1] Operational,[A] Operational,Normal Operations,[1] Operational,[A] Operational,,[1] Operational,[A] Operational,Normal Operations,[1] Operational,[A] Operational,Normal Operations,[1] Operational,[A] Operational,Normal Operations,[1] Operational,[A] Operational,Normal Operations,[1] Operational,[A] Operational,Normal Operations,#N/A,#N/A,#N/A,#N/A,#N/A,#N/A,#N/A,#N/A,#N/A,#N/A,#N/A,#N/A,#N/A,#N/A,#N/A
"Mahinog, Camiguin",,,,,,10-018-03-000,09-83-15-000,"Mahinog, Camiguin",Mahinog,Camiguin,Region X (Northern Mindanao),Municipality,5th,R10,A,N,2021,,,2022-12,#N/A,#N/A,#N/A,[1] Operational,[A] Operational,,[1] Operational,[A] Operational,,[1] Operational,[A] Operational,,[1] Operational,[A] Operational,,[1] Operational,[A] Operational,,[1] Operational,[A] Operational,,[1] Operational,[A] Operational,,#N/A,#N/A,#N/A,#N/A,#N/A,#N/A,#N/A,#N/A,#N/A,#N/A,#N/A,#N/A,#N/A,#N/A,#N/A
"Mambajao, Camiguin",,,,,,10-018-04-000,09-83-15-000,"Mambajao, Camiguin",Mambajao,Camiguin,Region X (Northern Mindanao),Municipality,3rd,R10,A,N,2021,,,2022-12,#N/A,#N/A,#N/A,#N/A,#N/A,#N/A,#N/A,#N/A,#N/A,[2] Pilot Testing,[B] Developmental,,[1] Operational,[A] Operational,,[1] Operational,[A] Operational,,[1] Operational,[A] Operational,,[1] Operational,[A] Operational,,#N/A,#N/A,#N/A,#N/A,#N/A,#N/A,#N/A,#N/A,#N/A,#N/A,#N/A,#N/A,#N/A,#N/A,#N/A
"Naawan, Misamis Oriental",,,,,,10-043-20-000,09-83-15-000,"Naawan, Misamis Oriental",Naawan,Misamis Oriental,Region X (Northern Mindanao),Municipality,4th,R10,A,N,2021,,,2022-12,#N/A,#N/A,#N/A,[1] Operational,[A] Operational,,[1] Operational,[A] Operational,,[1] Operational,[A] Operational,,[1] Operational,[A] Operational,,[1] Operational,[A] Operational,,[1] Operational,[A] Operational,,[1] Operational,[A] Operational,,#N/A,#N/A,#N/A,#N/A,#N/A,#N/A,#N/A,#N/A,#N/A,#N/A,#N/A,#N/A,#N/A,#N/A,#N/A
"M'Lang, Cotabato",,,,,,12-047-10-000,09-83-15-000,"M'Lang, Cotabato",M'Lang,Cotabato,Region XII (SOCCSKSARGEN),Municipality,1st,R12,A,Q,2021,,,2022-12,#N/A,#N/A,#N/A,[3] Ongoing Data Build-up,[B] Developmental,,[3] Ongoing Data Build-up,[B] Developmental,,[3] Ongoing Data Build-up,[B] Developmental,,[3] Ongoing Data Build-up,[B] Developmental,,[3] Ongoing Data Build-up,[B] Developmental,,[3] Ongoing Data Build-up,[B] Developmental,,[3] Ongoing Data Build-up,[B] Developmental,,#N/A,#N/A,#N/A,#N/A,#N/A,#N/A,#N/A,#N/A,#N/A,#N/A,#N/A,#N/A,#N/A,#N/A,#N/A
"Pigkawayan, Cotabato",,,,,,12-047-11-000,09-83-15-000,"Pigkawayan, Cotabato",Pigkawayan,Cotabato,Region XII (SOCCSKSARGEN),Municipality,1st,R12,A,Q,2021,,,2022-12,#N/A,#N/A,#N/A,[3] Ongoing Data Build-up,[B] Developmental,,[3] Ongoing Data Build-up,[B] Developmental,,[3] Ongoing Data Build-up,[B] Developmental,,[3] Ongoing Data Build-up,[B] Developmental,,[3] Ongoing Data Build-up,[B] Developmental,,[3] Ongoing Data Build-up,[B] Developmental,,[3] Ongoing Data Build-up,[B] Developmental,,#N/A,#N/A,#N/A,#N/A,#N/A,#N/A,#N/A,#N/A,#N/A,#N/A,#N/A,#N/A,#N/A,#N/A,#N/A
"Governor Generoso, Davao Oriental",,,,,,11-025-06-000,09-83-15-000,"Governor Generoso, Davao Oriental",Governor Generoso,Davao Oriental,Region XI (Davao Region),Municipality,2nd,R11,A,P,2021,https://bldg.ibpls.com/cityofhimamaylannegrosoccidental,https://co.ibpls.com/cityofhimamaylannegrosoccidental,2022-12,#N/A,#N/A,#N/A,[3] Ongoing Data Build-up,[B] Developmental,,[2] Pilot Testing,[B] Developmental,,[2] Pilot Testing,[B] Developmental,,[2] Pilot Testing,[B] Developmental,,[2] Pilot Testing,[B] Developmental,Waiting for LGUs update,[2] Pilot Testing,[B] Developmental,,[2] Pilot Testing,[B] Developmental,,#N/A,#N/A,#N/A,#N/A,#N/A,#N/A,#N/A,#N/A,#N/A,#N/A,#N/A,#N/A,#N/A,#N/A,#N/A
"Aloran, Misamis Occidental",,,,,,10-042-01-000,09-83-15-000,"Aloran, Misamis Occidental",Aloran,Misamis Occidental,Region X (Northern Mindanao),Municipality,4th,R10,A,N,2021,https://bldg.ibpls.com/cityofhimamaylannegrosoccidental,https://co.ibpls.com/cityofhimamaylannegrosoccidental,2022-12,#N/A,#N/A,#N/A,[2] Pilot Testing,[B] Developmental,Processing on adding inspectors before applying,[2] Pilot Testing,[B] Developmental,Processing on adding inspectors before applying,[1] Operational,[A] Operational,,[1] Operational,[A] Operational,,[1] Operational,[A] Operational,,[1] Operational,[A] Operational,,[1] Operational,[A] Operational,,#N/A,#N/A,#N/A,#N/A,#N/A,#N/A,#N/A,#N/A,#N/A,#N/A,#N/A,#N/A,#N/A,#N/A,#N/A
"City of Sipalay, Negros Occidental",,,,,,06-045-27-000,09-83-15-000,"City of Sipalay, Negros Occidental",City of Sipalay,Negros Occidental,Region VI (Western Visayas),City,4th,R6,A,I,2021,https://bldg.ibpls.com/cityofhimamaylannegrosoccidental,https://co.ibpls.com/cityofhimamaylannegrosoccidental,2022-12,#N/A,#N/A,#N/A,[1] Operational,[A] Operational,,[1] Operational,[A] Operational,,[1] Operational,[A] Operational,,[1] Operational,[A] Operational,,[1] Operational,[A] Operational,,[1] Operational,[A] Operational,,[1] Operational,[A] Operational,,#N/A,#N/A,#N/A,#N/A,#N/A,#N/A,#N/A,#N/A,#N/A,#N/A,#N/A,#N/A,#N/A,#N/A,#N/A
"Santa Cruz, Davao del Sur",,,,,,11-024-12-000,09-83-15-000,"Santa Cruz, Davao del Sur",Santa Cruz,Davao del Sur,Region XI (Davao Region),Municipality,1st,R11,A,P,2021,https://bldg.ibpls.com/cityofhimamaylannegrosoccidental,https://co.ibpls.com/cityofhimamaylannegrosoccidental,2022-12,#N/A,#N/A,#N/A,[3] Ongoing Data Build-up,[B] Developmental,,[3] Ongoing Data Build-up,[B] Developmental,,[3] Ongoing Data Build-up,[B] Developmental,,[3] Ongoing Data Build-up,[B] Developmental,,[3] Ongoing Data Build-up,[B] Developmental,Waiting for LGUs update,[3] Ongoing Data Build-up,[B] Developmental,,[2] Pilot Testing,[B] Developmental,,#N/A,#N/A,#N/A,#N/A,#N/A,#N/A,#N/A,#N/A,#N/A,#N/A,#N/A,#N/A,#N/A,#N/A,#N/A
,,,,,,,09-83-15-000,", ",,,,,,,A,,2021,https://bldg.ibpls.com/cityofhimamaylannegrosoccidental,https://co.ibpls.com/cityofhimamaylannegrosoccidental,2022-12,#N/A,#N/A,#N/A,#N/A,#N/A,#N/A,#N/A,#N/A,#N/A,#N/A,#N/A,#N/A,#N/A,#N/A,#N/A,#N/A,#N/A,#N/A,#N/A,#N/A,#N/A,#N/A,#N/A,#N/A,#N/A,#N/A,#N/A,#N/A,#N/A,#N/A,#N/A,#N/A,#N/A,#N/A,#N/A,#N/A,#N/A,#N/A,#N/A
,,,,,,,09-83-15-000,", ",,,,,,,A,,2021,https://bldg.ibpls.com/cityofhimamaylannegrosoccidental,https://co.ibpls.com/cityofhimamaylannegrosoccidental,2022-12,#N/A,#N/A,#N/A,#N/A,#N/A,#N/A,#N/A,#N/A,#N/A,#N/A,#N/A,#N/A,#N/A,#N/A,#N/A,#N/A,#N/A,#N/A,#N/A,#N/A,#N/A,#N/A,#N/A,#N/A,#N/A,#N/A,#N/A,#N/A,#N/A,#N/A,#N/A,#N/A,#N/A,#N/A,#N/A,#N/A,#N/A,#N/A,#N/A
,,,,,,,09-83-15-000,", ",,,,,,,A,,2021,https://bldg.ibpls.com/cityofhimamaylannegrosoccidental,https://co.ibpls.com/cityofhimamaylannegrosoccidental,2022-12,#N/A,#N/A,#N/A,#N/A,#N/A,#N/A,#N/A,#N/A,#N/A,#N/A,#N/A,#N/A,#N/A,#N/A,#N/A,#N/A,#N/A,#N/A,#N/A,#N/A,#N/A,#N/A,#N/A,#N/A,#N/A,#N/A,#N/A,#N/A,#N/A,#N/A,#N/A,#N/A,#N/A,#N/A,#N/A,#N/A,#N/A,#N/A,#N/A
,,,,,,,09-83-15-000,", ",,,,,,,A,,2021,https://bldg.ibpls.com/cityofhimamaylannegrosoccidental,https://co.ibpls.com/cityofhimamaylannegrosoccidental,2022-12,#N/A,#N/A,#N/A,#N/A,#N/A,#N/A,#N/A,#N/A,#N/A,#N/A,#N/A,#N/A,#N/A,#N/A,#N/A,#N/A,#N/A,#N/A,#N/A,#N/A,#N/A,#N/A,#N/A,#N/A,#N/A,#N/A,#N/A,#N/A,#N/A,#N/A,#N/A,#N/A,#N/A,#N/A,#N/A,#N/A,#N/A,#N/A,#N/A
,,,,,,,09-83-15-000,", ",,,,,,,A,,2021,https://bldg.ibpls.com/cityofhimamaylannegrosoccidental,https://co.ibpls.com/cityofhimamaylannegrosoccidental,2022-12,#N/A,#N/A,#N/A,#N/A,#N/A,#N/A,#N/A,#N/A,#N/A,#N/A,#N/A,#N/A,#N/A,#N/A,#N/A,#N/A,#N/A,#N/A,#N/A,#N/A,#N/A,#N/A,#N/A,#N/A,#N/A,#N/A,#N/A,#N/A,#N/A,#N/A,#N/A,#N/A,#N/A,#N/A,#N/A,#N/A,#N/A,#N/A,#N/A
,,,,,,,09-83-15-000,", ",,,,,,,A,,2021,https://bldg.ibpls.com/cityofhimamaylannegrosoccidental,https://co.ibpls.com/cityofhimamaylannegrosoccidental,2022-12,#N/A,#N/A,#N/A,#N/A,#N/A,#N/A,#N/A,#N/A,#N/A,#N/A,#N/A,#N/A,#N/A,#N/A,#N/A,#N/A,#N/A,#N/A,#N/A,#N/A,#N/A,#N/A,#N/A,#N/A,#N/A,#N/A,#N/A,#N/A,#N/A,#N/A,#N/A,#N/A,#N/A,#N/A,#N/A,#N/A,#N/A,#N/A,#N/A
,,,,,,,09-83-15-000,", ",,,,,,,A,,2021,https://bldg.ibpls.com/cityofhimamaylannegrosoccidental,https://co.ibpls.com/cityofhimamaylannegrosoccidental,2022-12,#N/A,#N/A,#N/A,#N/A,#N/A,#N/A,#N/A,#N/A,#N/A,#N/A,#N/A,#N/A,#N/A,#N/A,#N/A,#N/A,#N/A,#N/A,#N/A,#N/A,#N/A,#N/A,#N/A,#N/A,#N/A,#N/A,#N/A,#N/A,#N/A,#N/A,#N/A,#N/A,#N/A,#N/A,#N/A,#N/A,#N/A,#N/A,#N/A
,,,,,,,09-83-15-000,", ",,,,,,,A,,2021,https://bldg.ibpls.com/cityofhimamaylannegrosoccidental,https://co.ibpls.com/cityofhimamaylannegrosoccidental,2022-12,#N/A,#N/A,#N/A,#N/A,#N/A,#N/A,#N/A,#N/A,#N/A,#N/A,#N/A,#N/A,#N/A,#N/A,#N/A,#N/A,#N/A,#N/A,#N/A,#N/A,#N/A,#N/A,#N/A,#N/A,#N/A,#N/A,#N/A,#N/A,#N/A,#N/A,#N/A,#N/A,#N/A,#N/A,#N/A,#N/A,#N/A,#N/A,#N/A
,,,,,,,09-83-15-000,", ",,,,,,,A,,2021,https://bldg.ibpls.com/cityofhimamaylannegrosoccidental,https://co.ibpls.com/cityofhimamaylannegrosoccidental,2022-12,#N/A,#N/A,#N/A,#N/A,#N/A,#N/A,#N/A,#N/A,#N/A,#N/A,#N/A,#N/A,#N/A,#N/A,#N/A,#N/A,#N/A,#N/A,#N/A,#N/A,#N/A,#N/A,#N/A,#N/A,#N/A,#N/A,#N/A,#N/A,#N/A,#N/A,#N/A,#N/A,#N/A,#N/A,#N/A,#N/A,#N/A,#N/A,#N/A
,,,,,,,09-83-15-000,", ",,,,,,,A,,2021,https://bldg.ibpls.com/cityofhimamaylannegrosoccidental,https://co.ibpls.com/cityofhimamaylannegrosoccidental,2022-12,#N/A,#N/A,#N/A,#N/A,#N/A,#N/A,#N/A,#N/A,#N/A,#N/A,#N/A,#N/A,#N/A,#N/A,#N/A,#N/A,#N/A,#N/A,#N/A,#N/A,#N/A,#N/A,#N/A,#N/A,#N/A,#N/A,#N/A,#N/A,#N/A,#N/A,#N/A,#N/A,#N/A,#N/A,#N/A,#N/A,#N/A,#N/A,#N/A
,,,,,,,09-83-15-000,", ",,,,,,,A,,2021,https://bldg.ibpls.com/cityofhimamaylannegrosoccidental,https://co.ibpls.com/cityofhimamaylannegrosoccidental,2022-12,#N/A,#N/A,#N/A,#N/A,#N/A,#N/A,#N/A,#N/A,#N/A,#N/A,#N/A,#N/A,#N/A,#N/A,#N/A,#N/A,#N/A,#N/A,#N/A,#N/A,#N/A,#N/A,#N/A,#N/A,#N/A,#N/A,#N/A,#N/A,#N/A,#N/A,#N/A,#N/A,#N/A,#N/A,#N/A,#N/A,#N/A,#N/A,#N/A
,,,,,,,09-83-15-000,", ",,,,,,,A,,2021,https://bldg.ibpls.com/cityofhimamaylannegrosoccidental,https://co.ibpls.com/cityofhimamaylannegrosoccidental,2022-12,#N/A,#N/A,#N/A,#N/A,#N/A,#N/A,#N/A,#N/A,#N/A,#N/A,#N/A,#N/A,#N/A,#N/A,#N/A,#N/A,#N/A,#N/A,#N/A,#N/A,#N/A,#N/A,#N/A,#N/A,#N/A,#N/A,#N/A,#N/A,#N/A,#N/A,#N/A,#N/A,#N/A,#N/A,#N/A,#N/A,#N/A,#N/A,#N/A
,,,,,,,09-83-15-000,", ",,,,,,,A,,2021,https://bldg.ibpls.com/cityofhimamaylannegrosoccidental,https://co.ibpls.com/cityofhimamaylannegrosoccidental,2022-12,#N/A,#N/A,#N/A,#N/A,#N/A,#N/A,#N/A,#N/A,#N/A,#N/A,#N/A,#N/A,#N/A,#N/A,#N/A,#N/A,#N/A,#N/A,#N/A,#N/A,#N/A,#N/A,#N/A,#N/A,#N/A,#N/A,#N/A,#N/A,#N/A,#N/A,#N/A,#N/A,#N/A,#N/A,#N/A,#N/A,#N/A,#N/A,#N/A
,,,,,,,09-83-15-000,", ",,,,,,,A,,2021,https://bldg.ibpls.com/cityofhimamaylannegrosoccidental,https://co.ibpls.com/cityofhimamaylannegrosoccidental,2022-12,#N/A,#N/A,#N/A,#N/A,#N/A,#N/A,#N/A,#N/A,#N/A,#N/A,#N/A,#N/A,#N/A,#N/A,#N/A,#N/A,#N/A,#N/A,#N/A,#N/A,#N/A,#N/A,#N/A,#N/A,#N/A,#N/A,#N/A,#N/A,#N/A,#N/A,#N/A,#N/A,#N/A,#N/A,#N/A,#N/A,#N/A,#N/A,#N/A
,,,,,,,09-83-15-000,", ",,,,,,,A,,2021,https://bldg.ibpls.com/cityofhimamaylannegrosoccidental,https://co.ibpls.com/cityofhimamaylannegrosoccidental,2022-12,#N/A,#N/A,#N/A,#N/A,#N/A,#N/A,#N/A,#N/A,#N/A,#N/A,#N/A,#N/A,#N/A,#N/A,#N/A,#N/A,#N/A,#N/A,#N/A,#N/A,#N/A,#N/A,#N/A,#N/A,#N/A,#N/A,#N/A,#N/A,#N/A,#N/A,#N/A,#N/A,#N/A,#N/A,#N/A,#N/A,#N/A,#N/A,#N/A
,,,,,,,09-83-15-000,", ",,,,,,,A,,2021,https://bldg.ibpls.com/cityofhimamaylannegrosoccidental,https://co.ibpls.com/cityofhimamaylannegrosoccidental,2022-12,#N/A,#N/A,#N/A,#N/A,#N/A,#N/A,#N/A,#N/A,#N/A,#N/A,#N/A,#N/A,#N/A,#N/A,#N/A,#N/A,#N/A,#N/A,#N/A,#N/A,#N/A,#N/A,#N/A,#N/A,#N/A,#N/A,#N/A,#N/A,#N/A,#N/A,#N/A,#N/A,#N/A,#N/A,#N/A,#N/A,#N/A,#N/A,#N/A
,,,,,,,09-83-15-000,", ",,,,,,,A,,2021,https://bldg.ibpls.com/cityofhimamaylannegrosoccidental,https://co.ibpls.com/cityofhimamaylannegrosoccidental,2022-12,#N/A,#N/A,#N/A,#N/A,#N/A,#N/A,#N/A,#N/A,#N/A,#N/A,#N/A,#N/A,#N/A,#N/A,#N/A,#N/A,#N/A,#N/A,#N/A,#N/A,#N/A,#N/A,#N/A,#N/A,#N/A,#N/A,#N/A,#N/A,#N/A,#N/A,#N/A,#N/A,#N/A,#N/A,#N/A,#N/A,#N/A,#N/A,#N/A
,,,,,,,09-83-15-000,", ",,,,,,,A,,2021,https://bldg.ibpls.com/cityofhimamaylannegrosoccidental,https://co.ibpls.com/cityofhimamaylannegrosoccidental,2022-12,#N/A,#N/A,#N/A,#N/A,#N/A,#N/A,#N/A,#N/A,#N/A,#N/A,#N/A,#N/A,#N/A,#N/A,#N/A,#N/A,#N/A,#N/A,#N/A,#N/A,#N/A,#N/A,#N/A,#N/A,#N/A,#N/A,#N/A,#N/A,#N/A,#N/A,#N/A,#N/A,#N/A,#N/A,#N/A,#N/A,#N/A,#N/A,#N/A
,,,,,,,09-83-15-000,", ",,,,,,,A,,2021,https://bldg.ibpls.com/cityofhimamaylannegrosoccidental,https://co.ibpls.com/cityofhimamaylannegrosoccidental,2022-12,#N/A,#N/A,#N/A,#N/A,#N/A,#N/A,#N/A,#N/A,#N/A,#N/A,#N/A,#N/A,#N/A,#N/A,#N/A,#N/A,#N/A,#N/A,#N/A,#N/A,#N/A,#N/A,#N/A,#N/A,#N/A,#N/A,#N/A,#N/A,#N/A,#N/A,#N/A,#N/A,#N/A,#N/A,#N/A,#N/A,#N/A,#N/A,#N/A
,,,,,,,09-83-15-000,", ",,,,,,,A,,2021,https://bldg.ibpls.com/cityofhimamaylannegrosoccidental,https://co.ibpls.com/cityofhimamaylannegrosoccidental,2022-12,#N/A,#N/A,#N/A,#N/A,#N/A,#N/A,#N/A,#N/A,#N/A,#N/A,#N/A,#N/A,#N/A,#N/A,#N/A,#N/A,#N/A,#N/A,#N/A,#N/A,#N/A,#N/A,#N/A,#N/A,#N/A,#N/A,#N/A,#N/A,#N/A,#N/A,#N/A,#N/A,#N/A,#N/A,#N/A,#N/A,#N/A,#N/A,#N/A
,,,,,,,09-83-15-000,", ",,,,,,,A,,2021,https://bldg.ibpls.com/cityofhimamaylannegrosoccidental,https://co.ibpls.com/cityofhimamaylannegrosoccidental,2022-12,#N/A,#N/A,#N/A,#N/A,#N/A,#N/A,#N/A,#N/A,#N/A,#N/A,#N/A,#N/A,#N/A,#N/A,#N/A,#N/A,#N/A,#N/A,#N/A,#N/A,#N/A,#N/A,#N/A,#N/A,#N/A,#N/A,#N/A,#N/A,#N/A,#N/A,#N/A,#N/A,#N/A,#N/A,#N/A,#N/A,#N/A,#N/A,#N/A
,,,,,,,09-83-15-000,", ",,,,,,,A,,2021,https://bldg.ibpls.com/cityofhimamaylannegrosoccidental,https://co.ibpls.com/cityofhimamaylannegrosoccidental,2022-12,#N/A,#N/A,#N/A,#N/A,#N/A,#N/A,#N/A,#N/A,#N/A,#N/A,#N/A,#N/A,#N/A,#N/A,#N/A,#N/A,#N/A,#N/A,#N/A,#N/A,#N/A,#N/A,#N/A,#N/A,#N/A,#N/A,#N/A,#N/A,#N/A,#N/A,#N/A,#N/A,#N/A,#N/A,#N/A,#N/A,#N/A,#N/A,#N/A
,,,,,,,09-83-15-000,", ",,,,,,,A,,2021,https://bldg.ibpls.com/cityofhimamaylannegrosoccidental,https://co.ibpls.com/cityofhimamaylannegrosoccidental,2022-12,#N/A,#N/A,#N/A,#N/A,#N/A,#N/A,#N/A,#N/A,#N/A,#N/A,#N/A,#N/A,#N/A,#N/A,#N/A,#N/A,#N/A,#N/A,#N/A,#N/A,#N/A,#N/A,#N/A,#N/A,#N/A,#N/A,#N/A,#N/A,#N/A,#N/A,#N/A,#N/A,#N/A,#N/A,#N/A,#N/A,#N/A,#N/A,#N/A
,,,,,,,09-83-15-000,", ",,,,,,,A,,2021,https://bldg.ibpls.com/cityofhimamaylannegrosoccidental,https://co.ibpls.com/cityofhimamaylannegrosoccidental,2022-12,#N/A,#N/A,#N/A,#N/A,#N/A,#N/A,#N/A,#N/A,#N/A,#N/A,#N/A,#N/A,#N/A,#N/A,#N/A,#N/A,#N/A,#N/A,#N/A,#N/A,#N/A,#N/A,#N/A,#N/A,#N/A,#N/A,#N/A,#N/A,#N/A,#N/A,#N/A,#N/A,#N/A,#N/A,#N/A,#N/A,#N/A,#N/A,#N/A
,,,,,,,09-83-15-000,", ",,,,,,,A,,2021,https://bldg.ibpls.com/cityofhimamaylannegrosoccidental,https://co.ibpls.com/cityofhimamaylannegrosoccidental,2022-12,#N/A,#N/A,#N/A,#N/A,#N/A,#N/A,#N/A,#N/A,#N/A,#N/A,#N/A,#N/A,#N/A,#N/A,#N/A,#N/A,#N/A,#N/A,#N/A,#N/A,#N/A,#N/A,#N/A,#N/A,#N/A,#N/A,#N/A,#N/A,#N/A,#N/A,#N/A,#N/A,#N/A,#N/A,#N/A,#N/A,#N/A,#N/A,#N/A
,,,,,,,09-83-15-000,", ",,,,,,,A,,2021,https://bldg.ibpls.com/cityofhimamaylannegrosoccidental,https://co.ibpls.com/cityofhimamaylannegrosoccidental,2022-12,#N/A,#N/A,#N/A,#N/A,#N/A,#N/A,#N/A,#N/A,#N/A,#N/A,#N/A,#N/A,#N/A,#N/A,#N/A,#N/A,#N/A,#N/A,#N/A,#N/A,#N/A,#N/A,#N/A,#N/A,#N/A,#N/A,#N/A,#N/A,#N/A,#N/A,#N/A,#N/A,#N/A,#N/A,#N/A,#N/A,#N/A,#N/A,#N/A
,,,,,,,09-83-15-000,", ",,,,,,,A,,2021,https://bldg.ibpls.com/cityofhimamaylannegrosoccidental,https://co.ibpls.com/cityofhimamaylannegrosoccidental,2022-12,#N/A,#N/A,#N/A,#N/A,#N/A,#N/A,#N/A,#N/A,#N/A,#N/A,#N/A,#N/A,#N/A,#N/A,#N/A,#N/A,#N/A,#N/A,#N/A,#N/A,#N/A,#N/A,#N/A,#N/A,#N/A,#N/A,#N/A,#N/A,#N/A,#N/A,#N/A,#N/A,#N/A,#N/A,#N/A,#N/A,#N/A,#N/A,#N/A
,,,,,,,09-83-15-000,", ",,,,,,,A,,2021,https://bldg.ibpls.com/cityofhimamaylannegrosoccidental,https://co.ibpls.com/cityofhimamaylannegrosoccidental,2022-12,#N/A,#N/A,#N/A,#N/A,#N/A,#N/A,#N/A,#N/A,#N/A,#N/A,#N/A,#N/A,#N/A,#N/A,#N/A,#N/A,#N/A,#N/A,#N/A,#N/A,#N/A,#N/A,#N/A,#N/A,#N/A,#N/A,#N/A,#N/A,#N/A,#N/A,#N/A,#N/A,#N/A,#N/A,#N/A,#N/A,#N/A,#N/A,#N/A
,,,,,,,09-83-15-000,", ",,,,,,,A,,2021,https://bldg.ibpls.com/cityofhimamaylannegrosoccidental,https://co.ibpls.com/cityofhimamaylannegrosoccidental,2022-12,#N/A,#N/A,#N/A,#N/A,#N/A,#N/A,#N/A,#N/A,#N/A,#N/A,#N/A,#N/A,#N/A,#N/A,#N/A,#N/A,#N/A,#N/A,#N/A,#N/A,#N/A,#N/A,#N/A,#N/A,#N/A,#N/A,#N/A,#N/A,#N/A,#N/A,#N/A,#N/A,#N/A,#N/A,#N/A,#N/A,#N/A,#N/A,#N/A
,,,,,,,09-83-15-000,", ",,,,,,,A,,2021,https://bldg.ibpls.com/cityofhimamaylannegrosoccidental,https://co.ibpls.com/cityofhimamaylannegrosoccidental,2022-12,#N/A,#N/A,#N/A,#N/A,#N/A,#N/A,#N/A,#N/A,#N/A,#N/A,#N/A,#N/A,#N/A,#N/A,#N/A,#N/A,#N/A,#N/A,#N/A,#N/A,#N/A,#N/A,#N/A,#N/A,#N/A,#N/A,#N/A,#N/A,#N/A,#N/A,#N/A,#N/A,#N/A,#N/A,#N/A,#N/A,#N/A,#N/A,#N/A
,,,,,,,09-83-15-000,", ",,,,,,,A,,2021,https://bldg.ibpls.com/cityofhimamaylannegrosoccidental,https://co.ibpls.com/cityofhimamaylannegrosoccidental,2022-12,#N/A,#N/A,#N/A,#N/A,#N/A,#N/A,#N/A,#N/A,#N/A,#N/A,#N/A,#N/A,#N/A,#N/A,#N/A,#N/A,#N/A,#N/A,#N/A,#N/A,#N/A,#N/A,#N/A,#N/A,#N/A,#N/A,#N/A,#N/A,#N/A,#N/A,#N/A,#N/A,#N/A,#N/A,#N/A,#N/A,#N/A,#N/A,#N/A
,,,,,,,09-83-15-000,", ",,,,,,,A,,2021,https://bldg.ibpls.com/cityofhimamaylannegrosoccidental,https://co.ibpls.com/cityofhimamaylannegrosoccidental,2022-12,#N/A,#N/A,#N/A,#N/A,#N/A,#N/A,#N/A,#N/A,#N/A,#N/A,#N/A,#N/A,#N/A,#N/A,#N/A,#N/A,#N/A,#N/A,#N/A,#N/A,#N/A,#N/A,#N/A,#N/A,#N/A,#N/A,#N/A,#N/A,#N/A,#N/A,#N/A,#N/A,#N/A,#N/A,#N/A,#N/A,#N/A,#N/A,#N/A
,,,,,,,09-83-15-000,", ",,,,,,,A,,2021,https://bldg.ibpls.com/cityofhimamaylannegrosoccidental,https://co.ibpls.com/cityofhimamaylannegrosoccidental,2022-12,#N/A,#N/A,#N/A,#N/A,#N/A,#N/A,#N/A,#N/A,#N/A,#N/A,#N/A,#N/A,#N/A,#N/A,#N/A,#N/A,#N/A,#N/A,#N/A,#N/A,#N/A,#N/A,#N/A,#N/A,#N/A,#N/A,#N/A,#N/A,#N/A,#N/A,#N/A,#N/A,#N/A,#N/A,#N/A,#N/A,#N/A,#N/A,#N/A
,,,,,,,09-83-15-000,", ",,,,,,,A,,2021,https://bldg.ibpls.com/cityofhimamaylannegrosoccidental,https://co.ibpls.com/cityofhimamaylannegrosoccidental,2022-12,#N/A,#N/A,#N/A,#N/A,#N/A,#N/A,#N/A,#N/A,#N/A,#N/A,#N/A,#N/A,#N/A,#N/A,#N/A,#N/A,#N/A,#N/A,#N/A,#N/A,#N/A,#N/A,#N/A,#N/A,#N/A,#N/A,#N/A,#N/A,#N/A,#N/A,#N/A,#N/A,#N/A,#N/A,#N/A,#N/A,#N/A,#N/A,#N/A
,,,,,,,09-83-15-000,", ",,,,,,,A,,2021,https://bldg.ibpls.com/cityofhimamaylannegrosoccidental,https://co.ibpls.com/cityofhimamaylannegrosoccidental,2022-12,#N/A,#N/A,#N/A,#N/A,#N/A,#N/A,#N/A,#N/A,#N/A,#N/A,#N/A,#N/A,#N/A,#N/A,#N/A,#N/A,#N/A,#N/A,#N/A,#N/A,#N/A,#N/A,#N/A,#N/A,#N/A,#N/A,#N/A,#N/A,#N/A,#N/A,#N/A,#N/A,#N/A,#N/A,#N/A,#N/A,#N/A,#N/A,#N/A
,,,,,,,09-83-15-000,", ",,,,,,,A,,2021,https://bldg.ibpls.com/cityofhimamaylannegrosoccidental,https://co.ibpls.com/cityofhimamaylannegrosoccidental,2022-12,#N/A,#N/A,#N/A,#N/A,#N/A,#N/A,#N/A,#N/A,#N/A,#N/A,#N/A,#N/A,#N/A,#N/A,#N/A,#N/A,#N/A,#N/A,#N/A,#N/A,#N/A,#N/A,#N/A,#N/A,#N/A,#N/A,#N/A,#N/A,#N/A,#N/A,#N/A,#N/A,#N/A,#N/A,#N/A,#N/A,#N/A,#N/A,#N/A
,,,,,,,09-83-15-000,", ",,,,,,,A,,2021,https://bldg.ibpls.com/cityofhimamaylannegrosoccidental,https://co.ibpls.com/cityofhimamaylannegrosoccidental,2022-12,#N/A,#N/A,#N/A,#N/A,#N/A,#N/A,#N/A,#N/A,#N/A,#N/A,#N/A,#N/A,#N/A,#N/A,#N/A,#N/A,#N/A,#N/A,#N/A,#N/A,#N/A,#N/A,#N/A,#N/A,#N/A,#N/A,#N/A,#N/A,#N/A,#N/A,#N/A,#N/A,#N/A,#N/A,#N/A,#N/A,#N/A,#N/A,#N/A
,,,,,,,09-83-15-000,", ",,,,,,,A,,2021,https://bldg.ibpls.com/cityofhimamaylannegrosoccidental,https://co.ibpls.com/cityofhimamaylannegrosoccidental,2022-12,#N/A,#N/A,#N/A,#N/A,#N/A,#N/A,#N/A,#N/A,#N/A,#N/A,#N/A,#N/A,#N/A,#N/A,#N/A,#N/A,#N/A,#N/A,#N/A,#N/A,#N/A,#N/A,#N/A,#N/A,#N/A,#N/A,#N/A,#N/A,#N/A,#N/A,#N/A,#N/A,#N/A,#N/A,#N/A,#N/A,#N/A,#N/A,#N/A
,,,,,,,09-83-15-000,", ",,,,,,,A,,2021,https://bldg.ibpls.com/cityofhimamaylannegrosoccidental,https://co.ibpls.com/cityofhimamaylannegrosoccidental,2022-12,#N/A,#N/A,#N/A,#N/A,#N/A,#N/A,#N/A,#N/A,#N/A,#N/A,#N/A,#N/A,#N/A,#N/A,#N/A,#N/A,#N/A,#N/A,#N/A,#N/A,#N/A,#N/A,#N/A,#N/A,#N/A,#N/A,#N/A,#N/A,#N/A,#N/A,#N/A,#N/A,#N/A,#N/A,#N/A,#N/A,#N/A,#N/A,#N/A
,,,,,,,09-83-15-000,", ",,,,,,,A,,2021,https://bldg.ibpls.com/cityofhimamaylannegrosoccidental,https://co.ibpls.com/cityofhimamaylannegrosoccidental,2022-12,#N/A,#N/A,#N/A,#N/A,#N/A,#N/A,#N/A,#N/A,#N/A,#N/A,#N/A,#N/A,#N/A,#N/A,#N/A,#N/A,#N/A,#N/A,#N/A,#N/A,#N/A,#N/A,#N/A,#N/A,#N/A,#N/A,#N/A,#N/A,#N/A,#N/A,#N/A,#N/A,#N/A,#N/A,#N/A,#N/A,#N/A,#N/A,#N/A
,,,,,,,09-83-15-000,", ",,,,,,,A,,2021,https://bldg.ibpls.com/cityofhimamaylannegrosoccidental,https://co.ibpls.com/cityofhimamaylannegrosoccidental,2022-12,#N/A,#N/A,#N/A,#N/A,#N/A,#N/A,#N/A,#N/A,#N/A,#N/A,#N/A,#N/A,#N/A,#N/A,#N/A,#N/A,#N/A,#N/A,#N/A,#N/A,#N/A,#N/A,#N/A,#N/A,#N/A,#N/A,#N/A,#N/A,#N/A,#N/A,#N/A,#N/A,#N/A,#N/A,#N/A,#N/A,#N/A,#N/A,#N/A
,,,,,,,09-83-15-000,", ",,,,,,,A,,2021,https://bldg.ibpls.com/cityofhimamaylannegrosoccidental,https://co.ibpls.com/cityofhimamaylannegrosoccidental,2022-12,#N/A,#N/A,#N/A,#N/A,#N/A,#N/A,#N/A,#N/A,#N/A,#N/A,#N/A,#N/A,#N/A,#N/A,#N/A,#N/A,#N/A,#N/A,#N/A,#N/A,#N/A,#N/A,#N/A,#N/A,#N/A,#N/A,#N/A,#N/A,#N/A,#N/A,#N/A,#N/A,#N/A,#N/A,#N/A,#N/A,#N/A,#N/A,#N/A
,,,,,,,09-83-15-000,", ",,,,,,,A,,2021,https://bldg.ibpls.com/cityofhimamaylannegrosoccidental,https://co.ibpls.com/cityofhimamaylannegrosoccidental,2022-12,#N/A,#N/A,#N/A,#N/A,#N/A,#N/A,#N/A,#N/A,#N/A,#N/A,#N/A,#N/A,#N/A,#N/A,#N/A,#N/A,#N/A,#N/A,#N/A,#N/A,#N/A,#N/A,#N/A,#N/A,#N/A,#N/A,#N/A,#N/A,#N/A,#N/A,#N/A,#N/A,#N/A,#N/A,#N/A,#N/A,#N/A,#N/A,#N/A
,,,,,,,09-83-15-000,", ",,,,,,,A,,2021,https://bldg.ibpls.com/cityofhimamaylannegrosoccidental,https://co.ibpls.com/cityofhimamaylannegrosoccidental,2022-12,#N/A,#N/A,#N/A,#N/A,#N/A,#N/A,#N/A,#N/A,#N/A,#N/A,#N/A,#N/A,#N/A,#N/A,#N/A,#N/A,#N/A,#N/A,#N/A,#N/A,#N/A,#N/A,#N/A,#N/A,#N/A,#N/A,#N/A,#N/A,#N/A,#N/A,#N/A,#N/A,#N/A,#N/A,#N/A,#N/A,#N/A,#N/A,#N/A
,,,,,,,09-83-15-000,", ",,,,,,,A,,2021,https://bldg.ibpls.com/cityofhimamaylannegrosoccidental,https://co.ibpls.com/cityofhimamaylannegrosoccidental,2022-12,#N/A,#N/A,#N/A,#N/A,#N/A,#N/A,#N/A,#N/A,#N/A,#N/A,#N/A,#N/A,#N/A,#N/A,#N/A,#N/A,#N/A,#N/A,#N/A,#N/A,#N/A,#N/A,#N/A,#N/A,#N/A,#N/A,#N/A,#N/A,#N/A,#N/A,#N/A,#N/A,#N/A,#N/A,#N/A,#N/A,#N/A,#N/A,#N/A
,,,,,,,09-83-15-000,", ",,,,,,,A,,2021,https://bldg.ibpls.com/cityofhimamaylannegrosoccidental,https://co.ibpls.com/cityofhimamaylannegrosoccidental,2022-12,#N/A,#N/A,#N/A,#N/A,#N/A,#N/A,#N/A,#N/A,#N/A,#N/A,#N/A,#N/A,#N/A,#N/A,#N/A,#N/A,#N/A,#N/A,#N/A,#N/A,#N/A,#N/A,#N/A,#N/A,#N/A,#N/A,#N/A,#N/A,#N/A,#N/A,#N/A,#N/A,#N/A,#N/A,#N/A,#N/A,#N/A,#N/A,#N/A
,,,,,,,09-83-15-000,", ",,,,,,,A,,2021,https://bldg.ibpls.com/cityofhimamaylannegrosoccidental,https://co.ibpls.com/cityofhimamaylannegrosoccidental,2022-12,#N/A,#N/A,#N/A,#N/A,#N/A,#N/A,#N/A,#N/A,#N/A,#N/A,#N/A,#N/A,#N/A,#N/A,#N/A,#N/A,#N/A,#N/A,#N/A,#N/A,#N/A,#N/A,#N/A,#N/A,#N/A,#N/A,#N/A,#N/A,#N/A,#N/A,#N/A,#N/A,#N/A,#N/A,#N/A,#N/A,#N/A,#N/A,#N/A
,,,,,,,09-83-15-000,", ",,,,,,,A,,2021,https://bldg.ibpls.com/cityofhimamaylannegrosoccidental,https://co.ibpls.com/cityofhimamaylannegrosoccidental,2022-12,#N/A,#N/A,#N/A,#N/A,#N/A,#N/A,#N/A,#N/A,#N/A,#N/A,#N/A,#N/A,#N/A,#N/A,#N/A,#N/A,#N/A,#N/A,#N/A,#N/A,#N/A,#N/A,#N/A,#N/A,#N/A,#N/A,#N/A,#N/A,#N/A,#N/A,#N/A,#N/A,#N/A,#N/A,#N/A,#N/A,#N/A,#N/A,#N/A
,,,,,,,09-83-15-000,", ",,,,,,,A,,2021,https://bldg.ibpls.com/cityofhimamaylannegrosoccidental,https://co.ibpls.com/cityofhimamaylannegrosoccidental,2022-12,#N/A,#N/A,#N/A,#N/A,#N/A,#N/A,#N/A,#N/A,#N/A,#N/A,#N/A,#N/A,#N/A,#N/A,#N/A,#N/A,#N/A,#N/A,#N/A,#N/A,#N/A,#N/A,#N/A,#N/A,#N/A,#N/A,#N/A,#N/A,#N/A,#N/A,#N/A,#N/A,#N/A,#N/A,#N/A,#N/A,#N/A,#N/A,#N/A
,,,,,,,09-83-15-000,", ",,,,,,,A,,2021,https://bldg.ibpls.com/cityofhimamaylannegrosoccidental,https://co.ibpls.com/cityofhimamaylannegrosoccidental,2022-12,#N/A,#N/A,#N/A,#N/A,#N/A,#N/A,#N/A,#N/A,#N/A,#N/A,#N/A,#N/A,#N/A,#N/A,#N/A,#N/A,#N/A,#N/A,#N/A,#N/A,#N/A,#N/A,#N/A,#N/A,#N/A,#N/A,#N/A,#N/A,#N/A,#N/A,#N/A,#N/A,#N/A,#N/A,#N/A,#N/A,#N/A,#N/A,#N/A
,,,,,,,09-83-15-000,", ",,,,,,,A,,2021,https://bldg.ibpls.com/cityofhimamaylannegrosoccidental,https://co.ibpls.com/cityofhimamaylannegrosoccidental,2022-12,#N/A,#N/A,#N/A,#N/A,#N/A,#N/A,#N/A,#N/A,#N/A,#N/A,#N/A,#N/A,#N/A,#N/A,#N/A,#N/A,#N/A,#N/A,#N/A,#N/A,#N/A,#N/A,#N/A,#N/A,#N/A,#N/A,#N/A,#N/A,#N/A,#N/A,#N/A,#N/A,#N/A,#N/A,#N/A,#N/A,#N/A,#N/A,#N/A
,,,,,,,09-83-15-000,", ",,,,,,,A,,2021,https://bldg.ibpls.com/cityofhimamaylannegrosoccidental,https://co.ibpls.com/cityofhimamaylannegrosoccidental,2022-12,#N/A,#N/A,#N/A,#N/A,#N/A,#N/A,#N/A,#N/A,#N/A,#N/A,#N/A,#N/A,#N/A,#N/A,#N/A,#N/A,#N/A,#N/A,#N/A,#N/A,#N/A,#N/A,#N/A,#N/A,#N/A,#N/A,#N/A,#N/A,#N/A,#N/A,#N/A,#N/A,#N/A,#N/A,#N/A,#N/A,#N/A,#N/A,#N/A
,,,,,,,09-83-15-000,", ",,,,,,,A,,2021,https://bldg.ibpls.com/cityofhimamaylannegrosoccidental,https://co.ibpls.com/cityofhimamaylannegrosoccidental,2022-12,#N/A,#N/A,#N/A,#N/A,#N/A,#N/A,#N/A,#N/A,#N/A,#N/A,#N/A,#N/A,#N/A,#N/A,#N/A,#N/A,#N/A,#N/A,#N/A,#N/A,#N/A,#N/A,#N/A,#N/A,#N/A,#N/A,#N/A,#N/A,#N/A,#N/A,#N/A,#N/A,#N/A,#N/A,#N/A,#N/A,#N/A,#N/A,#N/A
,,,,,,,09-83-15-000,", ",,,,,,,A,,2021,https://bldg.ibpls.com/cityofhimamaylannegrosoccidental,https://co.ibpls.com/cityofhimamaylannegrosoccidental,2022-12,#N/A,#N/A,#N/A,#N/A,#N/A,#N/A,#N/A,#N/A,#N/A,#N/A,#N/A,#N/A,#N/A,#N/A,#N/A,#N/A,#N/A,#N/A,#N/A,#N/A,#N/A,#N/A,#N/A,#N/A,#N/A,#N/A,#N/A,#N/A,#N/A,#N/A,#N/A,#N/A,#N/A,#N/A,#N/A,#N/A,#N/A,#N/A,#N/A
,,,,,,,09-83-15-000,", ",,,,,,,A,,2021,https://bldg.ibpls.com/cityofhimamaylannegrosoccidental,https://co.ibpls.com/cityofhimamaylannegrosoccidental,2022-12,#N/A,#N/A,#N/A,#N/A,#N/A,#N/A,#N/A,#N/A,#N/A,#N/A,#N/A,#N/A,#N/A,#N/A,#N/A,#N/A,#N/A,#N/A,#N/A,#N/A,#N/A,#N/A,#N/A,#N/A,#N/A,#N/A,#N/A,#N/A,#N/A,#N/A,#N/A,#N/A,#N/A,#N/A,#N/A,#N/A,#N/A,#N/A,#N/A
,,,,,,,09-83-15-000,", ",,,,,,,A,,2021,https://bldg.ibpls.com/cityofhimamaylannegrosoccidental,https://co.ibpls.com/cityofhimamaylannegrosoccidental,2022-12,#N/A,#N/A,#N/A,#N/A,#N/A,#N/A,#N/A,#N/A,#N/A,#N/A,#N/A,#N/A,#N/A,#N/A,#N/A,#N/A,#N/A,#N/A,#N/A,#N/A,#N/A,#N/A,#N/A,#N/A,#N/A,#N/A,#N/A,#N/A,#N/A,#N/A,#N/A,#N/A,#N/A,#N/A,#N/A,#N/A,#N/A,#N/A,#N/A
,,,,,,,09-83-15-000,", ",,,,,,,A,,2021,https://bldg.ibpls.com/cityofhimamaylannegrosoccidental,https://co.ibpls.com/cityofhimamaylannegrosoccidental,2022-12,#N/A,#N/A,#N/A,#N/A,#N/A,#N/A,#N/A,#N/A,#N/A,#N/A,#N/A,#N/A,#N/A,#N/A,#N/A,#N/A,#N/A,#N/A,#N/A,#N/A,#N/A,#N/A,#N/A,#N/A,#N/A,#N/A,#N/A,#N/A,#N/A,#N/A,#N/A,#N/A,#N/A,#N/A,#N/A,#N/A,#N/A,#N/A,#N/A
,,,,,,,09-83-15-000,", ",,,,,,,A,,2021,https://bldg.ibpls.com/cityofhimamaylannegrosoccidental,https://co.ibpls.com/cityofhimamaylannegrosoccidental,2022-12,#N/A,#N/A,#N/A,#N/A,#N/A,#N/A,#N/A,#N/A,#N/A,#N/A,#N/A,#N/A,#N/A,#N/A,#N/A,#N/A,#N/A,#N/A,#N/A,#N/A,#N/A,#N/A,#N/A,#N/A,#N/A,#N/A,#N/A,#N/A,#N/A,#N/A,#N/A,#N/A,#N/A,#N/A,#N/A,#N/A,#N/A,#N/A,#N/A
,,,,,,,09-83-15-000,", ",,,,,,,A,,2021,https://bldg.ibpls.com/cityofhimamaylannegrosoccidental,https://co.ibpls.com/cityofhimamaylannegrosoccidental,2022-12,#N/A,#N/A,#N/A,#N/A,#N/A,#N/A,#N/A,#N/A,#N/A,#N/A,#N/A,#N/A,#N/A,#N/A,#N/A,#N/A,#N/A,#N/A,#N/A,#N/A,#N/A,#N/A,#N/A,#N/A,#N/A,#N/A,#N/A,#N/A,#N/A,#N/A,#N/A,#N/A,#N/A,#N/A,#N/A,#N/A,#N/A,#N/A,#N/A
,,,,,,,09-83-15-000,", ",,,,,,,A,,2021,https://bldg.ibpls.com/cityofhimamaylannegrosoccidental,https://co.ibpls.com/cityofhimamaylannegrosoccidental,2022-12,#N/A,#N/A,#N/A,#N/A,#N/A,#N/A,#N/A,#N/A,#N/A,#N/A,#N/A,#N/A,#N/A,#N/A,#N/A,#N/A,#N/A,#N/A,#N/A,#N/A,#N/A,#N/A,#N/A,#N/A,#N/A,#N/A,#N/A,#N/A,#N/A,#N/A,#N/A,#N/A,#N/A,#N/A,#N/A,#N/A,#N/A,#N/A,#N/A
,,,,,,,09-83-15-000,", ",,,,,,,A,,2021,https://bldg.ibpls.com/cityofhimamaylannegrosoccidental,https://co.ibpls.com/cityofhimamaylannegrosoccidental,2022-12,#N/A,#N/A,#N/A,#N/A,#N/A,#N/A,#N/A,#N/A,#N/A,#N/A,#N/A,#N/A,#N/A,#N/A,#N/A,#N/A,#N/A,#N/A,#N/A,#N/A,#N/A,#N/A,#N/A,#N/A,#N/A,#N/A,#N/A,#N/A,#N/A,#N/A,#N/A,#N/A,#N/A,#N/A,#N/A,#N/A,#N/A,#N/A,#N/A
,,,,,,,09-83-15-000,", ",,,,,,,A,,2021,https://bldg.ibpls.com/cityofhimamaylannegrosoccidental,https://co.ibpls.com/cityofhimamaylannegrosoccidental,2022-12,#N/A,#N/A,#N/A,#N/A,#N/A,#N/A,#N/A,#N/A,#N/A,#N/A,#N/A,#N/A,#N/A,#N/A,#N/A,#N/A,#N/A,#N/A,#N/A,#N/A,#N/A,#N/A,#N/A,#N/A,#N/A,#N/A,#N/A,#N/A,#N/A,#N/A,#N/A,#N/A,#N/A,#N/A,#N/A,#N/A,#N/A,#N/A,#N/A
,,,,,,,09-83-15-000,", ",,,,,,,A,,2021,https://bldg.ibpls.com/cityofhimamaylannegrosoccidental,https://co.ibpls.com/cityofhimamaylannegrosoccidental,2022-12,#N/A,#N/A,#N/A,#N/A,#N/A,#N/A,#N/A,#N/A,#N/A,#N/A,#N/A,#N/A,#N/A,#N/A,#N/A,#N/A,#N/A,#N/A,#N/A,#N/A,#N/A,#N/A,#N/A,#N/A,#N/A,#N/A,#N/A,#N/A,#N/A,#N/A,#N/A,#N/A,#N/A,#N/A,#N/A,#N/A,#N/A,#N/A,#N/A
,,,,,,,09-83-15-000,", ",,,,,,,A,,2021,https://bldg.ibpls.com/cityofhimamaylannegrosoccidental,https://co.ibpls.com/cityofhimamaylannegrosoccidental,2022-12,#N/A,#N/A,#N/A,#N/A,#N/A,#N/A,#N/A,#N/A,#N/A,#N/A,#N/A,#N/A,#N/A,#N/A,#N/A,#N/A,#N/A,#N/A,#N/A,#N/A,#N/A,#N/A,#N/A,#N/A,#N/A,#N/A,#N/A,#N/A,#N/A,#N/A,#N/A,#N/A,#N/A,#N/A,#N/A,#N/A,#N/A,#N/A,#N/A
,,,,,,,09-83-15-000,", ",,,,,,,A,,2021,https://bldg.ibpls.com/cityofhimamaylannegrosoccidental,https://co.ibpls.com/cityofhimamaylannegrosoccidental,2022-12,#N/A,#N/A,#N/A,#N/A,#N/A,#N/A,#N/A,#N/A,#N/A,#N/A,#N/A,#N/A,#N/A,#N/A,#N/A,#N/A,#N/A,#N/A,#N/A,#N/A,#N/A,#N/A,#N/A,#N/A,#N/A,#N/A,#N/A,#N/A,#N/A,#N/A,#N/A,#N/A,#N/A,#N/A,#N/A,#N/A,#N/A,#N/A,#N/A
,,,,,,,09-83-15-000,", ",,,,,,,A,,2021,https://bldg.ibpls.com/cityofhimamaylannegrosoccidental,https://co.ibpls.com/cityofhimamaylannegrosoccidental,2022-12,#N/A,#N/A,#N/A,#N/A,#N/A,#N/A,#N/A,#N/A,#N/A,#N/A,#N/A,#N/A,#N/A,#N/A,#N/A,#N/A,#N/A,#N/A,#N/A,#N/A,#N/A,#N/A,#N/A,#N/A,#N/A,#N/A,#N/A,#N/A,#N/A,#N/A,#N/A,#N/A,#N/A,#N/A,#N/A,#N/A,#N/A,#N/A,#N/A
,,,,,,,09-83-15-000,", ",,,,,,,A,,2021,https://bldg.ibpls.com/cityofhimamaylannegrosoccidental,https://co.ibpls.com/cityofhimamaylannegrosoccidental,2022-12,#N/A,#N/A,#N/A,#N/A,#N/A,#N/A,#N/A,#N/A,#N/A,#N/A,#N/A,#N/A,#N/A,#N/A,#N/A,#N/A,#N/A,#N/A,#N/A,#N/A,#N/A,#N/A,#N/A,#N/A,#N/A,#N/A,#N/A,#N/A,#N/A,#N/A,#N/A,#N/A,#N/A,#N/A,#N/A,#N/A,#N/A,#N/A,#N/A
,,,,,,,09-83-15-000,", ",,,,,,,A,,2021,https://bldg.ibpls.com/cityofhimamaylannegrosoccidental,https://co.ibpls.com/cityofhimamaylannegrosoccidental,2022-12,#N/A,#N/A,#N/A,#N/A,#N/A,#N/A,#N/A,#N/A,#N/A,#N/A,#N/A,#N/A,#N/A,#N/A,#N/A,#N/A,#N/A,#N/A,#N/A,#N/A,#N/A,#N/A,#N/A,#N/A,#N/A,#N/A,#N/A,#N/A,#N/A,#N/A,#N/A,#N/A,#N/A,#N/A,#N/A,#N/A,#N/A,#N/A,#N/A
,,,,,,,09-83-15-000,", ",,,,,,,A,,2021,https://bldg.ibpls.com/cityofhimamaylannegrosoccidental,https://co.ibpls.com/cityofhimamaylannegrosoccidental,2022-12,#N/A,#N/A,#N/A,#N/A,#N/A,#N/A,#N/A,#N/A,#N/A,#N/A,#N/A,#N/A,#N/A,#N/A,#N/A,#N/A,#N/A,#N/A,#N/A,#N/A,#N/A,#N/A,#N/A,#N/A,#N/A,#N/A,#N/A,#N/A,#N/A,#N/A,#N/A,#N/A,#N/A,#N/A,#N/A,#N/A,#N/A,#N/A,#N/A
,,,,,,,09-83-15-000,", ",,,,,,,A,,2021,https://bldg.ibpls.com/cityofhimamaylannegrosoccidental,https://co.ibpls.com/cityofhimamaylannegrosoccidental,2022-12,#N/A,#N/A,#N/A,#N/A,#N/A,#N/A,#N/A,#N/A,#N/A,#N/A,#N/A,#N/A,#N/A,#N/A,#N/A,#N/A,#N/A,#N/A,#N/A,#N/A,#N/A,#N/A,#N/A,#N/A,#N/A,#N/A,#N/A,#N/A,#N/A,#N/A,#N/A,#N/A,#N/A,#N/A,#N/A,#N/A,#N/A,#N/A,#N/A
,,,,,,,09-83-15-000,", ",,,,,,,A,,2021,https://bldg.ibpls.com/cityofhimamaylannegrosoccidental,https://co.ibpls.com/cityofhimamaylannegrosoccidental,2022-12,#N/A,#N/A,#N/A,#N/A,#N/A,#N/A,#N/A,#N/A,#N/A,#N/A,#N/A,#N/A,#N/A,#N/A,#N/A,#N/A,#N/A,#N/A,#N/A,#N/A,#N/A,#N/A,#N/A,#N/A,#N/A,#N/A,#N/A,#N/A,#N/A,#N/A,#N/A,#N/A,#N/A,#N/A,#N/A,#N/A,#N/A,#N/A,#N/A
,,,,,,,09-83-15-000,", ",,,,,,,A,,2021,https://bldg.ibpls.com/cityofhimamaylannegrosoccidental,https://co.ibpls.com/cityofhimamaylannegrosoccidental,2022-12,#N/A,#N/A,#N/A,#N/A,#N/A,#N/A,#N/A,#N/A,#N/A,#N/A,#N/A,#N/A,#N/A,#N/A,#N/A,#N/A,#N/A,#N/A,#N/A,#N/A,#N/A,#N/A,#N/A,#N/A,#N/A,#N/A,#N/A,#N/A,#N/A,#N/A,#N/A,#N/A,#N/A,#N/A,#N/A,#N/A,#N/A,#N/A,#N/A
,,,,,,,09-83-15-000,", ",,,,,,,A,,2021,https://bldg.ibpls.com/cityofhimamaylannegrosoccidental,https://co.ibpls.com/cityofhimamaylannegrosoccidental,2022-12,#N/A,#N/A,#N/A,#N/A,#N/A,#N/A,#N/A,#N/A,#N/A,#N/A,#N/A,#N/A,#N/A,#N/A,#N/A,#N/A,#N/A,#N/A,#N/A,#N/A,#N/A,#N/A,#N/A,#N/A,#N/A,#N/A,#N/A,#N/A,#N/A,#N/A,#N/A,#N/A,#N/A,#N/A,#N/A,#N/A,#N/A,#N/A,#N/A
,,,,,,,09-83-15-000,", ",,,,,,,A,,2021,https://bldg.ibpls.com/cityofhimamaylannegrosoccidental,https://co.ibpls.com/cityofhimamaylannegrosoccidental,2022-12,#N/A,#N/A,#N/A,#N/A,#N/A,#N/A,#N/A,#N/A,#N/A,#N/A,#N/A,#N/A,#N/A,#N/A,#N/A,#N/A,#N/A,#N/A,#N/A,#N/A,#N/A,#N/A,#N/A,#N/A,#N/A,#N/A,#N/A,#N/A,#N/A,#N/A,#N/A,#N/A,#N/A,#N/A,#N/A,#N/A,#N/A,#N/A,#N/A
,,,,,,,09-83-15-000,", ",,,,,,,A,,2021,https://bldg.ibpls.com/cityofhimamaylannegrosoccidental,https://co.ibpls.com/cityofhimamaylannegrosoccidental,2022-12,#N/A,#N/A,#N/A,#N/A,#N/A,#N/A,#N/A,#N/A,#N/A,#N/A,#N/A,#N/A,#N/A,#N/A,#N/A,#N/A,#N/A,#N/A,#N/A,#N/A,#N/A,#N/A,#N/A,#N/A,#N/A,#N/A,#N/A,#N/A,#N/A,#N/A,#N/A,#N/A,#N/A,#N/A,#N/A,#N/A,#N/A,#N/A,#N/A
,,,,,,,09-83-15-000,", ",,,,,,,A,,2021,https://bldg.ibpls.com/cityofhimamaylannegrosoccidental,https://co.ibpls.com/cityofhimamaylannegrosoccidental,2022-12,#N/A,#N/A,#N/A,#N/A,#N/A,#N/A,#N/A,#N/A,#N/A,#N/A,#N/A,#N/A,#N/A,#N/A,#N/A,#N/A,#N/A,#N/A,#N/A,#N/A,#N/A,#N/A,#N/A,#N/A,#N/A,#N/A,#N/A,#N/A,#N/A,#N/A,#N/A,#N/A,#N/A,#N/A,#N/A,#N/A,#N/A,#N/A,#N/A
,,,,,,,09-83-15-000,", ",,,,,,,A,,2021,https://bldg.ibpls.com/cityofhimamaylannegrosoccidental,https://co.ibpls.com/cityofhimamaylannegrosoccidental,2022-12,#N/A,#N/A,#N/A,#N/A,#N/A,#N/A,#N/A,#N/A,#N/A,#N/A,#N/A,#N/A,#N/A,#N/A,#N/A,#N/A,#N/A,#N/A,#N/A,#N/A,#N/A,#N/A,#N/A,#N/A,#N/A,#N/A,#N/A,#N/A,#N/A,#N/A,#N/A,#N/A,#N/A,#N/A,#N/A,#N/A,#N/A,#N/A,#N/A
,,,,,,,09-83-15-000,", ",,,,,,,A,,2021,https://bldg.ibpls.com/cityofhimamaylannegrosoccidental,https://co.ibpls.com/cityofhimamaylannegrosoccidental,2022-12,#N/A,#N/A,#N/A,#N/A,#N/A,#N/A,#N/A,#N/A,#N/A,#N/A,#N/A,#N/A,#N/A,#N/A,#N/A,#N/A,#N/A,#N/A,#N/A,#N/A,#N/A,#N/A,#N/A,#N/A,#N/A,#N/A,#N/A,#N/A,#N/A,#N/A,#N/A,#N/A,#N/A,#N/A,#N/A,#N/A,#N/A,#N/A,#N/A
,,,,,,,09-83-15-000,", ",,,,,,,A,,2021,https://bldg.ibpls.com/cityofhimamaylannegrosoccidental,https://co.ibpls.com/cityofhimamaylannegrosoccidental,2022-12,#N/A,#N/A,#N/A,#N/A,#N/A,#N/A,#N/A,#N/A,#N/A,#N/A,#N/A,#N/A,#N/A,#N/A,#N/A,#N/A,#N/A,#N/A,#N/A,#N/A,#N/A,#N/A,#N/A,#N/A,#N/A,#N/A,#N/A,#N/A,#N/A,#N/A,#N/A,#N/A,#N/A,#N/A,#N/A,#N/A,#N/A,#N/A,#N/A
,,,,,,,09-83-15-000,", ",,,,,,,A,,2021,https://bldg.ibpls.com/cityofhimamaylannegrosoccidental,https://co.ibpls.com/cityofhimamaylannegrosoccidental,2022-12,#N/A,#N/A,#N/A,#N/A,#N/A,#N/A,#N/A,#N/A,#N/A,#N/A,#N/A,#N/A,#N/A,#N/A,#N/A,#N/A,#N/A,#N/A,#N/A,#N/A,#N/A,#N/A,#N/A,#N/A,#N/A,#N/A,#N/A,#N/A,#N/A,#N/A,#N/A,#N/A,#N/A,#N/A,#N/A,#N/A,#N/A,#N/A,#N/A
,,,,,,,09-83-15-000,", ",,,,,,,A,,2021,https://bldg.ibpls.com/cityofhimamaylannegrosoccidental,https://co.ibpls.com/cityofhimamaylannegrosoccidental,2022-12,#N/A,#N/A,#N/A,#N/A,#N/A,#N/A,#N/A,#N/A,#N/A,#N/A,#N/A,#N/A,#N/A,#N/A,#N/A,#N/A,#N/A,#N/A,#N/A,#N/A,#N/A,#N/A,#N/A,#N/A,#N/A,#N/A,#N/A,#N/A,#N/A,#N/A,#N/A,#N/A,#N/A,#N/A,#N/A,#N/A,#N/A,#N/A,#N/A
,,,,,,,09-83-15-000,", ",,,,,,,A,,2021,https://bldg.ibpls.com/cityofhimamaylannegrosoccidental,https://co.ibpls.com/cityofhimamaylannegrosoccidental,2022-12,#N/A,#N/A,#N/A,#N/A,#N/A,#N/A,#N/A,#N/A,#N/A,#N/A,#N/A,#N/A,#N/A,#N/A,#N/A,#N/A,#N/A,#N/A,#N/A,#N/A,#N/A,#N/A,#N/A,#N/A,#N/A,#N/A,#N/A,#N/A,#N/A,#N/A,#N/A,#N/A,#N/A,#N/A,#N/A,#N/A,#N/A,#N/A,#N/A
,,,,,,,09-83-15-000,", ",,,,,,,A,,2021,https://bldg.ibpls.com/cityofhimamaylannegrosoccidental,https://co.ibpls.com/cityofhimamaylannegrosoccidental,2022-12,#N/A,#N/A,#N/A,#N/A,#N/A,#N/A,#N/A,#N/A,#N/A,#N/A,#N/A,#N/A,#N/A,#N/A,#N/A,#N/A,#N/A,#N/A,#N/A,#N/A,#N/A,#N/A,#N/A,#N/A,#N/A,#N/A,#N/A,#N/A,#N/A,#N/A,#N/A,#N/A,#N/A,#N/A,#N/A,#N/A,#N/A,#N/A,#N/A
,,,,,,,09-83-15-000,", ",,,,,,,A,,2021,https://bldg.ibpls.com/cityofhimamaylannegrosoccidental,https://co.ibpls.com/cityofhimamaylannegrosoccidental,2022-12,#N/A,#N/A,#N/A,#N/A,#N/A,#N/A,#N/A,#N/A,#N/A,#N/A,#N/A,#N/A,#N/A,#N/A,#N/A,#N/A,#N/A,#N/A,#N/A,#N/A,#N/A,#N/A,#N/A,#N/A,#N/A,#N/A,#N/A,#N/A,#N/A,#N/A,#N/A,#N/A,#N/A,#N/A,#N/A,#N/A,#N/A,#N/A,#N/A
,,,,,,,09-83-15-000,", ",,,,,,,A,,2021,https://bldg.ibpls.com/cityofhimamaylannegrosoccidental,https://co.ibpls.com/cityofhimamaylannegrosoccidental,2022-12,#N/A,#N/A,#N/A,#N/A,#N/A,#N/A,#N/A,#N/A,#N/A,#N/A,#N/A,#N/A,#N/A,#N/A,#N/A,#N/A,#N/A,#N/A,#N/A,#N/A,#N/A,#N/A,#N/A,#N/A,#N/A,#N/A,#N/A,#N/A,#N/A,#N/A,#N/A,#N/A,#N/A,#N/A,#N/A,#N/A,#N/A,#N/A,#N/A
,,,,,,,09-83-15-000,", ",,,,,,,A,,2021,https://bldg.ibpls.com/cityofhimamaylannegrosoccidental,https://co.ibpls.com/cityofhimamaylannegrosoccidental,2022-12,#N/A,#N/A,#N/A,#N/A,#N/A,#N/A,#N/A,#N/A,#N/A,#N/A,#N/A,#N/A,#N/A,#N/A,#N/A,#N/A,#N/A,#N/A,#N/A,#N/A,#N/A,#N/A,#N/A,#N/A,#N/A,#N/A,#N/A,#N/A,#N/A,#N/A,#N/A,#N/A,#N/A,#N/A,#N/A,#N/A,#N/A,#N/A,#N/A
,,,,,,,09-83-15-000,", ",,,,,,,A,,2021,https://bldg.ibpls.com/cityofhimamaylannegrosoccidental,https://co.ibpls.com/cityofhimamaylannegrosoccidental,2022-12,#N/A,#N/A,#N/A,#N/A,#N/A,#N/A,#N/A,#N/A,#N/A,#N/A,#N/A,#N/A,#N/A,#N/A,#N/A,#N/A,#N/A,#N/A,#N/A,#N/A,#N/A,#N/A,#N/A,#N/A,#N/A,#N/A,#N/A,#N/A,#N/A,#N/A,#N/A,#N/A,#N/A,#N/A,#N/A,#N/A,#N/A,#N/A,#N/A
,,,,,,,09-83-15-000,", ",,,,,,,A,,2021,https://bldg.ibpls.com/cityofhimamaylannegrosoccidental,https://co.ibpls.com/cityofhimamaylannegrosoccidental,2022-12,#N/A,#N/A,#N/A,#N/A,#N/A,#N/A,#N/A,#N/A,#N/A,#N/A,#N/A,#N/A,#N/A,#N/A,#N/A,#N/A,#N/A,#N/A,#N/A,#N/A,#N/A,#N/A,#N/A,#N/A,#N/A,#N/A,#N/A,#N/A,#N/A,#N/A,#N/A,#N/A,#N/A,#N/A,#N/A,#N/A,#N/A,#N/A,#N/A
,,,,,,,09-83-15-000,", ",,,,,,,A,,2021,https://bldg.ibpls.com/cityofhimamaylannegrosoccidental,https://co.ibpls.com/cityofhimamaylannegrosoccidental,2022-12,#N/A,#N/A,#N/A,#N/A,#N/A,#N/A,#N/A,#N/A,#N/A,#N/A,#N/A,#N/A,#N/A,#N/A,#N/A,#N/A,#N/A,#N/A,#N/A,#N/A,#N/A,#N/A,#N/A,#N/A,#N/A,#N/A,#N/A,#N/A,#N/A,#N/A,#N/A,#N/A,#N/A,#N/A,#N/A,#N/A,#N/A,#N/A,#N/A
,,,,,,,09-83-15-000,", ",,,,,,,A,,2021,https://bldg.ibpls.com/cityofhimamaylannegrosoccidental,https://co.ibpls.com/cityofhimamaylannegrosoccidental,2022-12,#N/A,#N/A,#N/A,#N/A,#N/A,#N/A,#N/A,#N/A,#N/A,#N/A,#N/A,#N/A,#N/A,#N/A,#N/A,#N/A,#N/A,#N/A,#N/A,#N/A,#N/A,#N/A,#N/A,#N/A,#N/A,#N/A,#N/A,#N/A,#N/A,#N/A,#N/A,#N/A,#N/A,#N/A,#N/A,#N/A,#N/A,#N/A,#N/A
,,,,,,,09-83-15-000,", ",,,,,,,A,,2021,https://bldg.ibpls.com/cityofhimamaylannegrosoccidental,https://co.ibpls.com/cityofhimamaylannegrosoccidental,2022-12,#N/A,#N/A,#N/A,#N/A,#N/A,#N/A,#N/A,#N/A,#N/A,#N/A,#N/A,#N/A,#N/A,#N/A,#N/A,#N/A,#N/A,#N/A,#N/A,#N/A,#N/A,#N/A,#N/A,#N/A,#N/A,#N/A,#N/A,#N/A,#N/A,#N/A,#N/A,#N/A,#N/A,#N/A,#N/A,#N/A,#N/A,#N/A,#N/A
,,,,,,,09-83-15-000,", ",,,,,,,A,,2021,https://bldg.ibpls.com/cityofhimamaylannegrosoccidental,https://co.ibpls.com/cityofhimamaylannegrosoccidental,2022-12,#N/A,#N/A,#N/A,#N/A,#N/A,#N/A,#N/A,#N/A,#N/A,#N/A,#N/A,#N/A,#N/A,#N/A,#N/A,#N/A,#N/A,#N/A,#N/A,#N/A,#N/A,#N/A,#N/A,#N/A,#N/A,#N/A,#N/A,#N/A,#N/A,#N/A,#N/A,#N/A,#N/A,#N/A,#N/A,#N/A,#N/A,#N/A,#N/A
,,,,,,,09-83-15-000,", ",,,,,,,A,,2021,https://bldg.ibpls.com/cityofhimamaylannegrosoccidental,https://co.ibpls.com/cityofhimamaylannegrosoccidental,2022-12,#N/A,#N/A,#N/A,#N/A,#N/A,#N/A,#N/A,#N/A,#N/A,#N/A,#N/A,#N/A,#N/A,#N/A,#N/A,#N/A,#N/A,#N/A,#N/A,#N/A,#N/A,#N/A,#N/A,#N/A,#N/A,#N/A,#N/A,#N/A,#N/A,#N/A,#N/A,#N/A,#N/A,#N/A,#N/A,#N/A,#N/A,#N/A,#N/A
,,,,,,,09-83-15-000,", ",,,,,,,A,,2021,https://bldg.ibpls.com/cityofhimamaylannegrosoccidental,https://co.ibpls.com/cityofhimamaylannegrosoccidental,2022-12,#N/A,#N/A,#N/A,#N/A,#N/A,#N/A,#N/A,#N/A,#N/A,#N/A,#N/A,#N/A,#N/A,#N/A,#N/A,#N/A,#N/A,#N/A,#N/A,#N/A,#N/A,#N/A,#N/A,#N/A,#N/A,#N/A,#N/A,#N/A,#N/A,#N/A,#N/A,#N/A,#N/A,#N/A,#N/A,#N/A,#N/A,#N/A,#N/A
,,,,,,,09-83-15-000,", ",,,,,,,A,,2021,https://bldg.ibpls.com/cityofhimamaylannegrosoccidental,https://co.ibpls.com/cityofhimamaylannegrosoccidental,2022-12,#N/A,#N/A,#N/A,#N/A,#N/A,#N/A,#N/A,#N/A,#N/A,#N/A,#N/A,#N/A,#N/A,#N/A,#N/A,#N/A,#N/A,#N/A,#N/A,#N/A,#N/A,#N/A,#N/A,#N/A,#N/A,#N/A,#N/A,#N/A,#N/A,#N/A,#N/A,#N/A,#N/A,#N/A,#N/A,#N/A,#N/A,#N/A,#N/A
,,,,,,,09-83-15-000,", ",,,,,,,A,,2021,https://bldg.ibpls.com/cityofhimamaylannegrosoccidental,https://co.ibpls.com/cityofhimamaylannegrosoccidental,2022-12,#N/A,#N/A,#N/A,#N/A,#N/A,#N/A,#N/A,#N/A,#N/A,#N/A,#N/A,#N/A,#N/A,#N/A,#N/A,#N/A,#N/A,#N/A,#N/A,#N/A,#N/A,#N/A,#N/A,#N/A,#N/A,#N/A,#N/A,#N/A,#N/A,#N/A,#N/A,#N/A,#N/A,#N/A,#N/A,#N/A,#N/A,#N/A,#N/A