REPORTING PERIOD,,,MONTHLY UTILIZATION STATUS,,LGU PROFILE,,,,,
PERIOD,YEAR,MONTH,LGU FULL NAME,MONTHLY STATUS,UNIVERSAL STATUS,DISTRICT,LEVEL,INCOME CLASS,DICT RO,VERSION
PERIOD ID,YEAR,MONTH,LGU NAME,STATUS,USTATUS,DISTRICT,LEVEL,INCOME CLASS,DICT RO,VERSION
2026-01,2026,[01] January,"Sara, Iloilo",[1] Live,[A] Live,2nd,Mun,2nd,R6,v1
2026-01,2026,[01] January,"Barbaza, Antique",[1] Live,[A] Live,4th,Mun,4th,R6,v1
2026-01,2026,[01] January,"Cabatuan, Iloilo",[1] Live,[A] Live,2nd,Mun,2nd,R6,v1
2026-01,2026,[01] January,"Laua-An, Antique",[1] Live,[A] Live,4th,Mun,4th,R6,v1
2026-01,2026,[01] January,"Malay, Aklan",[1] Live,[A] Live,1st,Mun,1st,R6,v1
2026-01,2026,[01] January,"San Joaquin, Iloilo",[1] Live,[A] Live,2nd,Mun,2nd,R6,v1
2026-01,2026,[01] January,"San Miguel, Iloilo",[1] Live,[A] Live,4th,Mun,4th,R6,v1
2026-01,2026,[01] January,"Sibalom, Antique",[1] Live,[A] Live,2nd,Mun,2nd,R6,v1
2026-01,2026,[01] January,"Tangalan, Aklan",[1] Live,[A] Live,5th,Mun,5th,R6,v1
2026-01,2026,[01] January,"Antipas, Cotabato",[1] Live,[A] Live,2nd,Mun,2nd,R12,v1
2026-01,2026,[01] January,"Bagumbayan, Sultan Kudarat",[1] Live,[A] Live,1st,Mun,1st,R12,v1
2026-01,2026,[01] January,"Columbio, Sultan Kudarat",[1] Live,[A] Live,1st,Mun,1st,R12,v1
2026-01,2026,[01] January,"Esperanza, Sultan Kudarat",[1] Live,[A] Live,1st,Mun,1st,R12,v1
2026-01,2026,[01] January,"Isulan, Sultan Kudarat",[1] Live,[A] Live,1st,Mun,1st,R12,v1
2026-01,2026,[01] January,"Kabacan, Cotabato",[1] Live,[A] Live,1st,Mun,1st,R12,v1
2026-01,2026,[01] January,"Lambayong, Sultan Kudarat",[1] Live,[A] Live,2nd,Mun,2nd,R12,v1
2026-01,2026,[01] January,"Libungan, Cotabato",[1] Live,[A] Live,2nd,Mun,2nd,R12,v1
2026-01,2026,[01] January,"Malapatan, Sarangani",[1] Live,[A] Live,1st,Mun,1st,R12,v1
2026-01,2026,[01] January,"Matalam, Cotabato",[1] Live,[A] Live,1st,Mun,1st,R12,v1
2026-01,2026,[01] January,"Pigkawayan, Cotabato",[1] Live,[A] Live,1st,Mun,1st,R12,v1
2026-01,2026,[01] January,"Pikit, Cotabato",[1] Live,[A] Live,1st,Mun,1st,R12,v1
2026-01,2026,[01] January,"Aborlan, Palawan",[3] With Concerns,[A] Live,1st,Mun,1st,R4B,v1
2026-01,2026,[01] January,"Baco, Oriental Mindoro",[1] Live,[A] Live,3rd,Mun,3rd,R4B,v1
2026-01,2026,[01] January,"Bansud, Oriental Mindoro",[1] Live,[A] Live,2nd,Mun,2nd,R4B,v1
2026-01,2026,[01] January,"Bongabong, Oriental Mindoro",[1] Live,[A] Live,1st,Mun,1st,R4B,v1
2026-01,2026,[01] January,"Bulalacao, Oriental Mindoro",[1] Live,[A] Live,3rd,Mun,3rd,R4B,v1
2026-01,2026,[01] January,"Coron, Palawan",[1] Live,[A] Live,1st,Mun,1st,R4B,v1
2026-01,2026,[01] January,"Culion, Palawan",[3] With Concerns,[A] Live,3rd,Mun,3rd,R4B,v1
2026-01,2026,[01] January,"El Nido, Palawan",[1] Live,[A] Live,1st,Mun,1st,R4B,v1
2026-01,2026,[01] January,"Ferrol, Romblon",[1] Live,[A] Live,6th,Mun,6th,R4B,v1
2026-01,2026,[01] January,"Gloria, Oriental Mindoro",[1] Live,[A] Live,3rd,Mun,3rd,R4B,v1
2026-01,2026,[01] January,"Looc, Occidental Mindoro",[1] Live,[A] Live,5th,Mun,5th,R4B,v1
2026-01,2026,[01] January,"Looc, Romblon",[1] Live,[A] Live,4th,Mun,4th,R4B,v1
2026-01,2026,[01] January,"Naujan, Oriental Mindoro",[1] Live,[A] Live,1st,Mun,1st,R4B,v1
2026-01,2026,[01] January,"Pinamalayan, Oriental Mindoro",[1] Live,[A] Live,1st,Mun,1st,R4B,v1
2026-01,2026,[01] January,"Quezon, Palawan",[3] With Concerns,[A] Live,1st,Mun,1st,R4B,v1
2026-01,2026,[01] January,"Rizal, Palawan",[3] With Concerns,[A] Live,1st,Mun,1st,R4B,v1
2026-01,2026,[01] January,"San Jose, Occidental Mindoro",[1] Live,[A] Live,1st,Mun,1st,R4B,v1
2026-01,2026,[01] January,"San Teodoro, Oriental Mindoro",[1] Live,[A] Live,4th,Mun,4th,R4B,v1
2026-01,2026,[01] January,"San Vicente, Palawan",[1] Live,[A] Live,1st,Mun,1st,R4B,v1
2026-01,2026,[01] January,"Las Nieves, Agusan del Norte",[1] Live,[A] Live,2nd,Mun,2nd,R13,v1
2026-01,2026,[01] January,"San Francisco, Agusan del Sur",[1] Live,[A] Live,1st,Mun,1st,R13,v1
2026-01,2026,[01] January,"Upi, Maguindanao del Norte",[1] Live,[A] Live,1st,Mun,1st,BARMM II,v1
2026-01,2026,[01] January,"Parang, Maguindanao del Norte",[1] Live,[A] Live,1st,Mun,1st,BARMM II,v1
2026-01,2026,[01] January,"Alabat, Quezon",[1] Live,[A] Live,5th,Mun,5th,R4A,v1
2026-01,2026,[01] January,"Alfonso, Cavite",[1] Live,[A] Live,1st,Mun,1st,R4A,v1
2026-01,2026,[01] January,"Amadeo, Cavite",[1] Live,[A] Live,4th,Mun,4th,R4A,v1
2026-01,2026,[01] January,"Balayan, Batangas",[1] Live,[A] Live,1st,Mun,1st,R4A,v1
2026-01,2026,[01] January,"Cardona, Rizal",[1] Live,[A] Live,3rd,Mun,3rd,R4A,v1
2026-01,2026,[01] January,"Famy, Laguna",[1] Live,[A] Live,5th,Mun,5th,R4A,v1
2026-01,2026,[01] January,"General Emilio Aguinaldo, Cavite",[2] System Setup,[B] Developmental,5th,Mun,5th,R4A,v1
2026-01,2026,[01] January,"General Luna, Quezon",[1] Live,[A] Live,4th,Mun,4th,R4A,v1
2026-01,2026,[01] January,"General Nakar, Quezon",[1] Live,[A] Live,1st,Mun,1st,R4A,v1
2026-01,2026,[01] January,"Gumaca, Quezon",[1] Live,[A] Live,1st,Mun,1st,R4A,v1
2026-01,2026,[01] January,"Infanta, Quezon",[1] Live,[A] Live,1st,Mun,1st,R4A,v1
2026-01,2026,[01] January,"Lobo, Batangas",[1] Live,[A] Live,3rd,Mun,3rd,R4A,v1
2026-01,2026,[01] January,"Magallanes, Cavite",[2] System Setup,[B] Developmental,4th,Mun,4th,R4A,v1
2026-01,2026,[01] January,"Naic, Cavite",[1] Live,[A] Live,1st,Mun,1st,R4A,v1
2026-01,2026,[01] January,"Paete, Laguna",[1] Live,[A] Live,4th,Mun,4th,R4A,v1
2026-01,2026,[01] January,"Pitogo, Quezon",[2] System Setup,[B] Developmental,4th,Mun,4th,R4A,v1
2026-01,2026,[01] January,"Polillo, Quezon",[1] Live,[A] Live,3rd,Mun,3rd,R4A,v1
2026-01,2026,[01] January,"Quezon, Quezon",[2] System Setup,[B] Developmental,5th,Mun,5th,R4A,v1
2026-01,2026,[01] January,"Rosario, Cavite",[1] Live,[A] Live,1st,Mun,1st,R4A,v1
2026-01,2026,[01] January,"Sampaloc, Quezon",[1] Live,[A] Live,5th,Mun,5th,R4A,v1
2026-01,2026,[01] January,"San Luis, Batangas",[1] Live,[A] Live,4th,Mun,4th,R4A,v1
2026-01,2026,[01] January,"San Nicolas, Batangas",[1] Live,[A] Live,5th,Mun,5th,R4A,v1
2026-01,2026,[01] January,"Siniloan, Laguna",[1] Live,[A] Live,2nd,Mun,2nd,R4A,v1
2026-01,2026,[01] January,"Tanay, Rizal",[1] Live,[A] Live,1st,Mun,1st,R4A,v1
2026-01,2026,[01] January,"Tuy, Batangas",[1] Live,[A] Live,3rd,Mun,3rd,R4A,v1
2026-01,2026,[01] January,"Bauko, Mountain Province",[1] Live,[A] Live,4th,Mun,4th,CAR,v1
2026-01,2026,[01] January,"Bontoc, Mountain Province",[1] Live,[A] Live,2nd,Mun,2nd,CAR,v1
2026-01,2026,[01] January,"City of Tabuk, Kalinga",[1] Live,[A] Live,5th,City,5th,CAR,v1
2026-01,2026,[01] January,"Hungduan, Ifugao",[1] Live,[A] Live,4th,Mun,4th,CAR,v1
2026-01,2026,[01] January,"Lamut, Ifugao",[1] Live,[A] Live,4th,Mun,4th,CAR,v1
2026-01,2026,[01] January,"Mankayan, Benguet",[1] Live,[A] Live,1st,Mun,1st,CAR,v1
2026-01,2026,[01] January,"Pudtol, Apayao",[1] Live,[A] Live,4th,Mun,4th,CAR,v1
2026-01,2026,[01] January,"Sablan, Benguet",[1] Live,[A] Live,5th,Mun,5th,CAR,v1
2026-01,2026,[01] January,"Tuba, Benguet",[1] Live,[A] Live,1st,Mun,1st,CAR,v1
2026-01,2026,[01] January,"Tublay, Benguet",[1] Live,[A] Live,5th,Mun,5th,CAR,v1
2026-01,2026,[01] January,"Banaue, Ifugao",[1] Live,[A] Live,4th,Mun,4th,CAR,v1
2026-01,2026,[01] January,"Arayat, Pampanga",[1] Live,[A] Live,1st,Mun,1st,R3,v1
2026-01,2026,[01] January,"Baler, Aurora",[1] Live,[A] Live,3rd,Mun,3rd,R3,v1
2026-01,2026,[01] January,"Casiguran, Aurora",[2] System Setup,[B] Developmental,2nd,Mun,2nd,R3,v1
2026-01,2026,[01] January,"City of Olongapo, Zambales",[4] Withdraw,[D] Withdraw,1st,City,1st,R3,
2026-01,2026,[01] January,"City of San Jose Del Monte, Bulacan",[1] Live,[A] Live,1st,City,1st,R3,v1
2026-01,2026,[01] January,"Macabebe, Pampanga",[2] System Setup,[B] Developmental,1st,Mun,1st,R3,v1
2026-01,2026,[01] January,"Magalang, Pampanga",[2] System Setup,[B] Developmental,1st,Mun,1st,R3,v1
2026-01,2026,[01] January,"Rizal, Nueva Ecija",[1] Live,[A] Live,2nd,Mun,2nd,R3,v1
2026-01,2026,[01] January,"San Luis, Pampanga",[1] Live,[A] Live,3rd,Mun,3rd,R3,v1
2026-01,2026,[01] January,"Santo Domingo, Nueva Ecija",[1] Live,[A] Live,3rd,Mun,3rd,R3,v1
2026-01,2026,[01] January,"Talugtug, Nueva Ecija",[2] System Setup,[B] Developmental,4th,Mun,4th,R3,v1
2026-01,2026,[01] January,"Mexico, Pampanga",[2] System Setup,[B] Developmental,1st,Mun,1st,R3,v1
2026-01,2026,[01] January,"Dilasag, Aurora",[2] System Setup,[B] Developmental,3rd,Mun,3rd,R3,v1
2026-01,2026,[01] January,"Bongabon, Nueva Ecija",[2] System Setup,[B] Developmental,2nd,Mun,2nd,R3,v1
2026-01,2026,[01] January,"Aliaga, Nueva Ecija",[2] System Setup,[B] Developmental,2nd,Mun,2nd,R3,v1
2026-01,2026,[01] January,"San Narciso, Zambales",[1] Live,[A] Live,4th,Mun,4th,R3,v1
2026-01,2026,[01] January,"Basay, Negros Oriental",[1] Live,[A] Live,4th,Mun,4th,NIR,v1
2026-01,2026,[01] January,"Dauin, Negros Oriental",[2] System Setup,[B] Developmental,4th,Mun,4th,NIR,v1
2026-01,2026,[01] January,"Enrique Villanueva, Siquijor",[1] Live,[A] Live,5th,Mun,5th,NIR,v1
2026-01,2026,[01] January,"Mabinay, Negros Oriental",[1] Live,[A] Live,1st,Mun,1st,NIR,v1
2026-01,2026,[01] January,"Sibulan, Negros Oriental",[1] Live,[A] Live,2nd,Mun,2nd,NIR,v1
2026-01,2026,[01] January,"City of Himamaylan, Negros Occidental",[1] Live,[A] Live,3rd,City,3rd,NIR,v1
2026-01,2026,[01] January,"Claveria, Misamis Oriental",[1] Live,[A] Live,1st,Mun,1st,R10,v1
2026-01,2026,[01] January,"Caoayan, Ilocos Sur",[1] Live,[A] Live,4th,Mun,4th,R1,v1
2026-01,2026,[01] January,"City of Laoag, Ilocos Norte",[1] Live,[A] Live,3rd,City,3rd,R1,v1
2026-01,2026,[01] January,"Sison, Pangasinan",[1] Live,[A] Live,3rd,Mun,3rd,R1,v1
2026-01,2026,[01] January,"Alcoy, Cebu",[2] System Setup,[B] Developmental,5th,Mun,5th,R7,v1
2026-01,2026,[01] January,"Jagna, Bohol",[2] System Setup,[B] Developmental,3rd,Mun,3rd,R7,v1
2026-01,2026,[01] January,"Madridejos, Cebu",[2] System Setup,[B] Developmental,4th,Mun,4th,R7,v1
2026-01,2026,[01] January,"Pinamungajan, Cebu",[1] Live,[A] Live,2nd,Mun,2nd,R7,v1
2026-01,2026,[01] January,"San Francisco, Cebu",[2] System Setup,[B] Developmental,3rd,Mun,3rd,R7,v1
2026-01,2026,[01] January,"Tuburan, Cebu",[2] System Setup,[B] Developmental,2nd,Mun,2nd,R7,v1
2026-01,2026,[01] January,"City of Borongan, Eastern Samar",[1] Live,[A] Live,1st,City,1st,R8,v1
2026-01,2026,[01] January,"Pastrana, Leyte",[3] With Concerns,[A] Live,5th,Mun,5th,R8,v1
2026-01,2026,[01] January,"Bansalan, Davao del Sur",[1] Live,[A] Live,1st,Mun,1st,R11,v1
2026-01,2026,[01] January,"Cateel, Davao Oriental",[1] Live,[A] Live,2nd,Mun,2nd,R11,v1
2026-01,2026,[01] January,"City of Digos, Davao del Sur",[1] Live,[A] Live,2nd,City,2nd,R11,v1
2026-01,2026,[01] January,"Laak, Davao de Oro",[1] Live,[A] Live,1st,Mun,1st,R11,v1
2026-01,2026,[01] January,"Lupon, Davao Oriental",[1] Live,[A] Live,1st,Mun,1st,R11,v1
2026-01,2026,[01] January,"Manay, Davao Oriental",[1] Live,[A] Live,2nd,Mun,2nd,R11,v1
2026-01,2026,[01] January,"Mawab, Davao de Oro",[1] Live,[A] Live,3rd,Mun,3rd,R11,v1
2026-01,2026,[01] January,"New Bataan, Davao de Oro",[1] Live,[A] Live,1st,Mun,1st,R11,v1
2026-01,2026,[01] January,"San Isidro, Davao Oriental",[1] Live,[A] Live,3rd,Mun,3rd,R11,v1
2026-01,2026,[01] January,"Sulop, Davao del Sur",[1] Live,[A] Live,3rd,Mun,3rd,R11,v1
2026-01,2026,[01] January,"Cabagan, Isabela",[1] Live,[A] Live,1st,Mun,1st,R2,v1
2026-01,2026,[01] January,"City of Ilagan, Isabela",[1] Live,[A] Live,1st,City,1st,R2,v1
2026-01,2026,[01] January,"San Manuel, Isabela",[1] Live,[A] Live,4th,Mun,4th,R2,v1
2026-01,2026,[01] January,"Sanchez-Mira, Cagayan",[1] Live,[A] Live,3rd,Mun,3rd,R2,v1
2026-01,2026,[01] January,"Enrile, Cagayan",[1] Live,[A] Live,3rd,Mun,3rd,R2,v1
2026-02,2026,[02] February,"Barbaza, Antique",[1] Live,[A] Live,4th,Mun,4th,R6,v1
2026-02,2026,[02] February,"Cabatuan, Iloilo",[1] Live,[A] Live,2nd,Mun,2nd,R6,v1
2026-02,2026,[02] February,"Laua-An, Antique",[1] Live,[A] Live,4th,Mun,4th,R6,v1
2026-02,2026,[02] February,"Malay, Aklan",[1] Live,[A] Live,1st,Mun,1st,R6,v1
2026-02,2026,[02] February,"San Joaquin, Iloilo",[1] Live,[A] Live,2nd,Mun,2nd,R6,v1
2026-02,2026,[02] February,"San Miguel, Iloilo",[1] Live,[A] Live,4th,Mun,4th,R6,v1
2026-02,2026,[02] February,"Sara, Iloilo",[1] Live,[A] Live,2nd,Mun,2nd,R6,v1
2026-02,2026,[02] February,"Sibalom, Antique",[1] Live,[A] Live,2nd,Mun,2nd,R6,v1
2026-02,2026,[02] February,"Tangalan, Aklan",[1] Live,[A] Live,5th,Mun,5th,R6,v1
2026-02,2026,[02] February,"Upi, Maguindanao del Norte",[1] Live,[A] Live,1st,Mun,1st,BARMM II,v1
2026-02,2026,[02] February,"Parang, Maguindanao del Norte",[1] Live,[A] Live,1st,Mun,1st,BARMM II,v1
2026-02,2026,[02] February,"Caoayan, Ilocos Sur",[1] Live,[A] Live,4th,Mun,4th,R1,v1
2026-02,2026,[02] February,"City of Laoag, Ilocos Norte",[1] Live,[A] Live,3rd,City,3rd,R1,v1
2026-02,2026,[02] February,"San Nicolas, Ilocos Norte",[2] System Setup,[B] Developmental,2nd,Mun,2nd,R1,v1
2026-02,2026,[02] February,"Santa Cruz, Ilocos Sur",[2] System Setup,[B] Developmental,1st,Mun,1st,R1,v1
2026-02,2026,[02] February,"Sison, Pangasinan",[1] Live,[A] Live,3rd,Mun,3rd,R1,v1
2026-02,2026,[02] February,"Basay, Negros Oriental",[1] Live,[A] Live,4th,Mun,4th,NIR,v1
2026-02,2026,[02] February,"Dauin, Negros Oriental",[2] System Setup,[B] Developmental,4th,Mun,4th,NIR,v1
2026-02,2026,[02] February,"Enrique Villanueva, Siquijor",[1] Live,[A] Live,5th,Mun,5th,NIR,v1
2026-02,2026,[02] February,"Mabinay, Negros Oriental",[1] Live,[A] Live,1st,Mun,1st,NIR,v1
2026-02,2026,[02] February,"Sibulan, Negros Oriental",[1] Live,[A] Live,2nd,Mun,2nd,NIR,v1
2026-02,2026,[02] February,"City of Himamaylan, Negros Occidental",[1] Live,[A] Live,3rd,City,3rd,NIR,v1
2026-02,2026,[02] February,"Claveria, Misamis Oriental",[1] Live,[A] Live,1st,Mun,1st,R10,v1
2026-02,2026,[02] February,"Jasaan, Misamis Oriental",N/A,#N/A,2nd,Mun,2nd,R10,
2026-02,2026,[02] February,"Medina, Misamis Oriental",N/A,#N/A,4th,Mun,4th,R10,
2026-02,2026,[02] February,"Bansalan, Davao del Sur",[1] Live,[A] Live,1st,Mun,1st,R11,v1
2026-02,2026,[02] February,"Cateel, Davao Oriental",[1] Live,[A] Live,2nd,Mun,2nd,R11,v1
2026-02,2026,[02] February,"City of Digos, Davao del Sur",[1] Live,[A] Live,2nd,City,2nd,R11,v1
2026-02,2026,[02] February,"Laak, Davao de Oro",[1] Live,[A] Live,1st,Mun,1st,R11,v1
2026-02,2026,[02] February,"Lupon, Davao Oriental",[1] Live,[A] Live,1st,Mun,1st,R11,v1
2026-02,2026,[02] February,"Manay, Davao Oriental",[1] Live,[A] Live,2nd,Mun,2nd,R11,v1
2026-02,2026,[02] February,"Mawab, Davao de Oro",[1] Live,[A] Live,3rd,Mun,3rd,R11,v1
2026-02,2026,[02] February,"New Bataan, Davao de Oro",[1] Live,[A] Live,1st,Mun,1st,R11,v1
2026-02,2026,[02] February,"San Isidro, Davao Oriental",[1] Live,[A] Live,3rd,Mun,3rd,R11,v1
2026-02,2026,[02] February,"Sulop, Davao del Sur",[1] Live,[A] Live,3rd,Mun,3rd,R11,v1
2026-02,2026,[02] February,"Antipas, Cotabato",[1] Live,[A] Live,2nd,Mun,2nd,R12,v1
2026-02,2026,[02] February,"Bagumbayan, Sultan Kudarat",[1] Live,[A] Live,1st,Mun,1st,R12,v1
2026-02,2026,[02] February,"Columbio, Sultan Kudarat",[1] Live,[A] Live,1st,Mun,1st,R12,v1
2026-02,2026,[02] February,"Esperanza, Sultan Kudarat",[1] Live,[A] Live,1st,Mun,1st,R12,v1
2026-02,2026,[02] February,"Isulan, Sultan Kudarat",[1] Live,[A] Live,1st,Mun,1st,R12,v1
2026-02,2026,[02] February,"Kabacan, Cotabato",[1] Live,[A] Live,1st,Mun,1st,R12,v1
2026-02,2026,[02] February,"Lambayong, Sultan Kudarat",[1] Live,[A] Live,2nd,Mun,2nd,R12,v1
2026-02,2026,[02] February,"Libungan, Cotabato",[1] Live,[A] Live,2nd,Mun,2nd,R12,v1
2026-02,2026,[02] February,"Malapatan, Sarangani",[1] Live,[A] Live,1st,Mun,1st,R12,v1
2026-02,2026,[02] February,"Matalam, Cotabato",[1] Live,[A] Live,1st,Mun,1st,R12,v1
2026-02,2026,[02] February,"Pigkawayan, Cotabato",[1] Live,[A] Live,1st,Mun,1st,R12,v1
2026-02,2026,[02] February,"Pikit, Cotabato",[1] Live,[A] Live,1st,Mun,1st,R12,v1
2026-02,2026,[02] February,"Las Nieves, Agusan del Norte",[1] Live,[A] Live,2nd,Mun,2nd,R13,v1
2026-02,2026,[02] February,"San Francisco, Agusan del Sur",[1] Live,[A] Live,1st,Mun,1st,R13,v1
2026-02,2026,[02] February,"General Emilio Aguinaldo, Cavite",[2] System Setup,[B] Developmental,5th,Mun,5th,R4A,v1
2026-02,2026,[02] February,"Magallanes, Cavite",[2] System Setup,[B] Developmental,4th,Mun,4th,R4A,v1
2026-02,2026,[02] February,"Pitogo, Quezon",[2] System Setup,[B] Developmental,4th,Mun,4th,R4A,v1
2026-02,2026,[02] February,"Quezon, Quezon",[2] System Setup,[B] Developmental,5th,Mun,5th,R4A,v1
2026-02,2026,[02] February,"Alabat, Quezon",[1] Live,[A] Live,5th,Mun,5th,R4A,v1
2026-02,2026,[02] February,"Alfonso, Cavite",[1] Live,[A] Live,1st,Mun,1st,R4A,v1
2026-02,2026,[02] February,"Amadeo, Cavite",[1] Live,[A] Live,4th,Mun,4th,R4A,v1
2026-02,2026,[02] February,"Balayan, Batangas",[1] Live,[A] Live,1st,Mun,1st,R4A,v1
2026-02,2026,[02] February,"Cardona, Rizal",[1] Live,[A] Live,3rd,Mun,3rd,R4A,v1
2026-02,2026,[02] February,"Famy, Laguna",[1] Live,[A] Live,5th,Mun,5th,R4A,v1
2026-02,2026,[02] February,"General Luna, Quezon",[1] Live,[A] Live,4th,Mun,4th,R4A,v1
2026-02,2026,[02] February,"General Nakar, Quezon",[1] Live,[A] Live,1st,Mun,1st,R4A,v1
2026-02,2026,[02] February,"Gumaca, Quezon",[1] Live,[A] Live,1st,Mun,1st,R4A,v1
2026-02,2026,[02] February,"Infanta, Quezon",[1] Live,[A] Live,1st,Mun,1st,R4A,v1
2026-02,2026,[02] February,"Lobo, Batangas",[1] Live,[A] Live,3rd,Mun,3rd,R4A,v1
2026-02,2026,[02] February,"Naic, Cavite",[1] Live,[A] Live,1st,Mun,1st,R4A,v1
2026-02,2026,[02] February,"Paete, Laguna",[1] Live,[A] Live,4th,Mun,4th,R4A,v1
2026-02,2026,[02] February,"Polillo, Quezon",[1] Live,[A] Live,3rd,Mun,3rd,R4A,v1
2026-02,2026,[02] February,"Rosario, Cavite",[1] Live,[A] Live,1st,Mun,1st,R4A,v1
2026-02,2026,[02] February,"Sampaloc, Quezon",[1] Live,[A] Live,5th,Mun,5th,R4A,v1
2026-02,2026,[02] February,"San Luis, Batangas",[1] Live,[A] Live,4th,Mun,4th,R4A,v1
2026-02,2026,[02] February,"San Nicolas, Batangas",[1] Live,[A] Live,5th,Mun,5th,R4A,v1
2026-02,2026,[02] February,"Siniloan, Laguna",[1] Live,[A] Live,2nd,Mun,2nd,R4A,v1
2026-02,2026,[02] February,"Tanay, Rizal",[1] Live,[A] Live,1st,Mun,1st,R4A,v1
2026-02,2026,[02] February,"Tuy, Batangas",[1] Live,[A] Live,3rd,Mun,3rd,R4A,v1
2026-02,2026,[02] February,"Alcoy, Cebu",[2] System Setup,[B] Developmental,5th,Mun,5th,R7,v1
2026-02,2026,[02] February,"Jagna, Bohol",[2] System Setup,[B] Developmental,3rd,Mun,3rd,R7,v1
2026-02,2026,[02] February,"Madridejos, Cebu",[2] System Setup,[B] Developmental,4th,Mun,4th,R7,v1
2026-02,2026,[02] February,"Pinamungajan, Cebu",[1] Live,[A] Live,2nd,Mun,2nd,R7,v1
2026-02,2026,[02] February,"San Francisco, Cebu",[2] System Setup,[B] Developmental,3rd,Mun,3rd,R7,v1
2026-02,2026,[02] February,"Tuburan, Cebu",[2] System Setup,[B] Developmental,2nd,Mun,2nd,R7,v1
2026-02,2026,[02] February,"City of Borongan, Eastern Samar",[1] Live,[A] Live,1st,City,1st,R8,v1
2026-02,2026,[02] February,"Pastrana, Leyte",[3] With Concerns,[A] Live,5th,Mun,5th,R8,v1
2026-02,2026,[02] February,"Calbiga, Samar",[2] System Setup,[B] Developmental,4th,Mun,4th,R8,v1
2026-02,2026,[02] February,"Paranas, Samar",[2] System Setup,[B] Developmental,2nd,Mun,2nd,R8,v1
2026-02,2026,[02] February,"Santa Margarita, Samar",[2] System Setup,[B] Developmental,4th,Mun,4th,R8,v1
2026-02,2026,[02] February,"Abuyog, Leyte",[1] Live,[A] Live,1st,Mun,1st,R8,v1
2026-02,2026,[02] February,"Sogod, Southern Leyte",[2] System Setup,[B] Developmental,2nd,Mun,2nd,R8,v1
2026-02,2026,[02] February,"Mondragon, Northern Samar",[2] System Setup,[B] Developmental,3rd,Mun,3rd,R8,v1
2026-02,2026,[02] February,"San Roque, Northern Samar",[2] System Setup,[B] Developmental,4th,Mun,4th,R8,v1
2026-02,2026,[02] February,"Aborlan, Palawan",[3] With Concerns,[A] Live,1st,Mun,1st,R4B,v1
2026-02,2026,[02] February,"Baco, Oriental Mindoro",[1] Live,[A] Live,3rd,Mun,3rd,R4B,v1
2026-02,2026,[02] February,"Bansud, Oriental Mindoro",[1] Live,[A] Live,2nd,Mun,2nd,R4B,v1
2026-02,2026,[02] February,"Bongabong, Oriental Mindoro",[1] Live,[A] Live,1st,Mun,1st,R4B,v1
2026-02,2026,[02] February,"Bulalacao, Oriental Mindoro",[1] Live,[A] Live,3rd,Mun,3rd,R4B,v1
2026-02,2026,[02] February,"Coron, Palawan",[1] Live,[A] Live,1st,Mun,1st,R4B,v1
2026-02,2026,[02] February,"Culion, Palawan",[3] With Concerns,[A] Live,3rd,Mun,3rd,R4B,v1
2026-02,2026,[02] February,"El Nido, Palawan",[1] Live,[A] Live,1st,Mun,1st,R4B,v1
2026-02,2026,[02] February,"Ferrol, Romblon",[1] Live,[A] Live,6th,Mun,6th,R4B,v1
2026-02,2026,[02] February,"Gloria, Oriental Mindoro",[1] Live,[A] Live,3rd,Mun,3rd,R4B,v1
2026-02,2026,[02] February,"Looc, Occidental Mindoro",[1] Live,[A] Live,5th,Mun,5th,R4B,v1
2026-02,2026,[02] February,"Looc, Romblon",[1] Live,[A] Live,4th,Mun,4th,R4B,v1
2026-02,2026,[02] February,"Naujan, Oriental Mindoro",[1] Live,[A] Live,1st,Mun,1st,R4B,v1
2026-02,2026,[02] February,"Pinamalayan, Oriental Mindoro",[1] Live,[A] Live,1st,Mun,1st,R4B,v1
2026-02,2026,[02] February,"Quezon, Palawan",[3] With Concerns,[A] Live,1st,Mun,1st,R4B,v1
2026-02,2026,[02] February,"Rizal, Palawan",[3] With Concerns,[A] Live,1st,Mun,1st,R4B,v1
2026-02,2026,[02] February,"San Jose, Occidental Mindoro",[1] Live,[A] Live,1st,Mun,1st,R4B,v1
2026-02,2026,[02] February,"San Teodoro, Oriental Mindoro",[1] Live,[A] Live,4th,Mun,4th,R4B,v1
2026-02,2026,[02] February,"San Vicente, Palawan",[1] Live,[A] Live,1st,Mun,1st,R4B,v1
2026-02,2026,[02] February,"Bauko, Mountain Province",[1] Live,[A] Live,4th,Mun,4th,CAR,v1
2026-02,2026,[02] February,"Bontoc, Mountain Province",[1] Live,[A] Live,2nd,Mun,2nd,CAR,v1
2026-02,2026,[02] February,"City of Tabuk, Kalinga",[1] Live,[A] Live,5th,City,5th,CAR,v1
2026-02,2026,[02] February,"Hungduan, Ifugao",[1] Live,[A] Live,4th,Mun,4th,CAR,v1
2026-02,2026,[02] February,"Lamut, Ifugao",[1] Live,[A] Live,4th,Mun,4th,CAR,v1
2026-02,2026,[02] February,"Mankayan, Benguet",[1] Live,[A] Live,1st,Mun,1st,CAR,v1
2026-02,2026,[02] February,"Pudtol, Apayao",[1] Live,[A] Live,4th,Mun,4th,CAR,v1
2026-02,2026,[02] February,"Sablan, Benguet",[1] Live,[A] Live,5th,Mun,5th,CAR,v1
2026-02,2026,[02] February,"Tuba, Benguet",[1] Live,[A] Live,1st,Mun,1st,CAR,v1
2026-02,2026,[02] February,"Tublay, Benguet",[1] Live,[A] Live,5th,Mun,5th,CAR,v1
2026-02,2026,[02] February,"Banaue, Ifugao",[1] Live,[A] Live,4th,Mun,4th,CAR,v1
2026-02,2026,[02] February,"Aliaga, Nueva Ecija",[2] System Setup,[B] Developmental,2nd,Mun,2nd,R3,v1
2026-02,2026,[02] February,"Arayat, Pampanga",[1] Live,[A] Live,1st,Mun,1st,R3,v1
2026-02,2026,[02] February,"Baler, Aurora",[1] Live,[A] Live,3rd,Mun,3rd,R3,v1
2026-02,2026,[02] February,"Bongabon, Nueva Ecija",[2] System Setup,[B] Developmental,2nd,Mun,2nd,R3,v1
2026-02,2026,[02] February,"Casiguran, Aurora",[2] System Setup,[B] Developmental,2nd,Mun,2nd,R3,v1
2026-02,2026,[02] February,"City of Olongapo, Zambales",[4] Withdraw,[D] Withdraw,1st,City,1st,R3,
2026-02,2026,[02] February,"City of San Jose Del Monte, Bulacan",[1] Live,[A] Live,1st,City,1st,R3,v1
2026-02,2026,[02] February,"Dilasag, Aurora",[2] System Setup,[B] Developmental,3rd,Mun,3rd,R3,v1
2026-02,2026,[02] February,"Macabebe, Pampanga",[2] System Setup,[B] Developmental,1st,Mun,1st,R3,v1
2026-02,2026,[02] February,"Magalang, Pampanga",[2] System Setup,[B] Developmental,1st,Mun,1st,R3,v1
2026-02,2026,[02] February,"Mexico, Pampanga",[2] System Setup,[B] Developmental,1st,Mun,1st,R3,v1
2026-02,2026,[02] February,"Rizal, Nueva Ecija",[1] Live,[A] Live,2nd,Mun,2nd,R3,v1
2026-02,2026,[02] February,"San Luis, Pampanga",[1] Live,[A] Live,3rd,Mun,3rd,R3,v1
2026-02,2026,[02] February,"San Narciso, Zambales",[1] Live,[A] Live,4th,Mun,4th,R3,v1
2026-02,2026,[02] February,"Santo Domingo, Nueva Ecija",[1] Live,[A] Live,3rd,Mun,3rd,R3,v1
2026-02,2026,[02] February,"Talugtug, Nueva Ecija",[2] System Setup,[B] Developmental,4th,Mun,4th,R3,v1
2026-02,2026,[02] February,"Cabagan, Isabela",[1] Live,[A] Live,1st,Mun,1st,R2,v1
2026-02,2026,[02] February,"City of Ilagan, Isabela",[1] Live,[A] Live,1st,City,1st,R2,v1
2026-02,2026,[02] February,"San Manuel, Isabela",[1] Live,[A] Live,4th,Mun,4th,R2,v1
2026-02,2026,[02] February,"Sanchez-Mira, Cagayan",[1] Live,[A] Live,3rd,Mun,3rd,R2,v1
2026-02,2026,[02] February,"Enrile, Cagayan",[1] Live,[A] Live,3rd,Mun,3rd,R2,v1
2026-03,2026,[03] March,"Barbaza, Antique",[1] Live,[A] Live,4th,Mun,4th,R6,v1
2026-03,2026,[03] March,"Cabatuan, Iloilo",[1] Live,[A] Live,2nd,Mun,2nd,R6,v1
2026-03,2026,[03] March,"Laua-An, Antique",[1] Live,[A] Live,4th,Mun,4th,R6,v1
2026-03,2026,[03] March,"Malay, Aklan",[1] Live,[A] Live,1st,Mun,1st,R6,v1
2026-03,2026,[03] March,"San Joaquin, Iloilo",[1] Live,[A] Live,2nd,Mun,2nd,R6,v1
2026-03,2026,[03] March,"San Miguel, Iloilo",[1] Live,[A] Live,4th,Mun,4th,R6,v1
2026-03,2026,[03] March,"Sara, Iloilo",[1] Live,[A] Live,2nd,Mun,2nd,R6,v1
2026-03,2026,[03] March,"Sibalom, Antique",[1] Live,[A] Live,2nd,Mun,2nd,R6,v1
2026-03,2026,[03] March,"Tangalan, Aklan",[1] Live,[A] Live,5th,Mun,5th,R6,v1
2026-03,2026,[03] March,"Alcoy, Cebu",[2] System Setup,[B] Developmental,5th,Mun,5th,R7,v1
2026-03,2026,[03] March,"Argao, Cebu",[1] Live,[A] Live,1st,Mun,1st,R7,v1
2026-03,2026,[03] March,"Jagna, Bohol",[2] System Setup,[B] Developmental,3rd,Mun,3rd,R7,v1
2026-03,2026,[03] March,"Madridejos, Cebu",[2] System Setup,[B] Developmental,4th,Mun,4th,R7,v1
2026-03,2026,[03] March,"Pinamungajan, Cebu",[1] Live,[A] Live,2nd,Mun,2nd,R7,v1
2026-03,2026,[03] March,"San Francisco, Cebu",[2] System Setup,[B] Developmental,3rd,Mun,3rd,R7,v1
2026-03,2026,[03] March,"Tuburan, Cebu",[2] System Setup,[B] Developmental,2nd,Mun,2nd,R7,v1
2026-03,2026,[03] March,"Caoayan, Ilocos Sur",[1] Live,[A] Live,4th,Mun,4th,R1,v1
2026-03,2026,[03] March,"City of Laoag, Ilocos Norte",[1] Live,[A] Live,3rd,City,3rd,R1,v1
2026-03,2026,[03] March,"San Nicolas, Ilocos Norte",[2] System Setup,[B] Developmental,2nd,Mun,2nd,R1,v1
2026-03,2026,[03] March,"Santa Cruz, Ilocos Sur",[2] System Setup,[B] Developmental,1st,Mun,1st,R1,v1
2026-03,2026,[03] March,"Sison, Pangasinan",[1] Live,[A] Live,3rd,Mun,3rd,R1,v1
2026-03,2026,[03] March,"City of Batac, Ilocos Norte",[2] System Setup,[B] Developmental,5th,City,5th,R1,v1
2026-03,2026,[03] March,"Aliaga, Nueva Ecija",[2] System Setup,[B] Developmental,2nd,Mun,2nd,R3,v1
2026-03,2026,[03] March,"Arayat, Pampanga",[1] Live,[A] Live,1st,Mun,1st,R3,v1
2026-03,2026,[03] March,"Baler, Aurora",[1] Live,[A] Live,3rd,Mun,3rd,R3,v1
2026-03,2026,[03] March,"Bongabon, Nueva Ecija",[2] System Setup,[B] Developmental,2nd,Mun,2nd,R3,v1
2026-03,2026,[03] March,"Casiguran, Aurora",[2] System Setup,[B] Developmental,2nd,Mun,2nd,R3,v1
2026-03,2026,[03] March,"City of Olongapo, Zambales",[4] Withdraw,[D] Withdraw,1st,City,1st,R3,
2026-03,2026,[03] March,"City of San Jose Del Monte, Bulacan",[1] Live,[A] Live,1st,City,1st,R3,v1
2026-03,2026,[03] March,"Dilasag, Aurora",[2] System Setup,[B] Developmental,3rd,Mun,3rd,R3,v1
2026-03,2026,[03] March,"Macabebe, Pampanga",[2] System Setup,[B] Developmental,1st,Mun,1st,R3,v1
2026-03,2026,[03] March,"Magalang, Pampanga",[2] System Setup,[B] Developmental,1st,Mun,1st,R3,v1
2026-03,2026,[03] March,"Mexico, Pampanga",[2] System Setup,[B] Developmental,1st,Mun,1st,R3,v1
2026-03,2026,[03] March,"Rizal, Nueva Ecija",[1] Live,[A] Live,2nd,Mun,2nd,R3,v1
2026-03,2026,[03] March,"San Luis, Pampanga",[1] Live,[A] Live,3rd,Mun,3rd,R3,v1
2026-03,2026,[03] March,"San Narciso, Zambales",[1] Live,[A] Live,4th,Mun,4th,R3,v1
2026-03,2026,[03] March,"Santo Domingo, Nueva Ecija",[1] Live,[A] Live,3rd,Mun,3rd,R3,v1
2026-03,2026,[03] March,"Talugtug, Nueva Ecija",[2] System Setup,[B] Developmental,4th,Mun,4th,R3,v1
2026-03,2026,[03] March,"Bauko, Mountain Province",[1] Live,[A] Live,4th,Mun,4th,CAR,v1
2026-03,2026,[03] March,"Bontoc, Mountain Province",[1] Live,[A] Live,2nd,Mun,2nd,CAR,v1
2026-03,2026,[03] March,"City of Tabuk, Kalinga",[1] Live,[A] Live,5th,City,5th,CAR,v1
2026-03,2026,[03] March,"Hungduan, Ifugao",[1] Live,[A] Live,4th,Mun,4th,CAR,v1
2026-03,2026,[03] March,"Lamut, Ifugao",[1] Live,[A] Live,4th,Mun,4th,CAR,v1
2026-03,2026,[03] March,"Mankayan, Benguet",[1] Live,[A] Live,1st,Mun,1st,CAR,v1
2026-03,2026,[03] March,"Pudtol, Apayao",[1] Live,[A] Live,4th,Mun,4th,CAR,v1
2026-03,2026,[03] March,"Sablan, Benguet",[1] Live,[A] Live,5th,Mun,5th,CAR,v1
2026-03,2026,[03] March,"Tuba, Benguet",[1] Live,[A] Live,1st,Mun,1st,CAR,v1
2026-03,2026,[03] March,"Tublay, Benguet",[1] Live,[A] Live,5th,Mun,5th,CAR,v1
2026-03,2026,[03] March,"Banaue, Ifugao",[1] Live,[A] Live,4th,Mun,4th,CAR,v1
2026-03,2026,[03] March,"Cabagan, Isabela",[1] Live,[A] Live,1st,Mun,1st,R2,v1
2026-03,2026,[03] March,"City of Ilagan, Isabela",[1] Live,[A] Live,1st,City,1st,R2,v1
2026-03,2026,[03] March,"San Manuel, Isabela",[1] Live,[A] Live,4th,Mun,4th,R2,v1
2026-03,2026,[03] March,"Sanchez-Mira, Cagayan",[1] Live,[A] Live,3rd,Mun,3rd,R2,v1
2026-03,2026,[03] March,"Enrile, Cagayan",[1] Live,[A] Live,3rd,Mun,3rd,R2,v1
2026-03,2026,[03] March,"Claveria, Misamis Oriental",[1] Live,[A] Live,1st,Mun,1st,R10,v1
2026-03,2026,[03] March,"Jasaan, Misamis Oriental",N/A,#N/A,2nd,Mun,2nd,R10,
2026-03,2026,[03] March,"Medina, Misamis Oriental",N/A,#N/A,4th,Mun,4th,R10,
2026-03,2026,[03] March,"Alabat, Quezon",[1] Live,[A] Live,5th,Mun,5th,R4A,v1
2026-03,2026,[03] March,"Alfonso, Cavite",[1] Live,[A] Live,1st,Mun,1st,R4A,v1
2026-03,2026,[03] March,"Amadeo, Cavite",[1] Live,[A] Live,4th,Mun,4th,R4A,v1
2026-03,2026,[03] March,"Balayan, Batangas",[1] Live,[A] Live,1st,Mun,1st,R4A,v1
2026-03,2026,[03] March,"Cardona, Rizal",[1] Live,[A] Live,3rd,Mun,3rd,R4A,v1
2026-03,2026,[03] March,"Famy, Laguna",[1] Live,[A] Live,5th,Mun,5th,R4A,v1
2026-03,2026,[03] March,"General Emilio Aguinaldo, Cavite",[2] System Setup,[B] Developmental,5th,Mun,5th,R4A,v1
2026-03,2026,[03] March,"General Luna, Quezon",[1] Live,[A] Live,4th,Mun,4th,R4A,v1
2026-03,2026,[03] March,"General Nakar, Quezon",[1] Live,[A] Live,1st,Mun,1st,R4A,v1
2026-03,2026,[03] March,"Gumaca, Quezon",[1] Live,[A] Live,1st,Mun,1st,R4A,v1
2026-03,2026,[03] March,"Infanta, Quezon",[1] Live,[A] Live,1st,Mun,1st,R4A,v1
2026-03,2026,[03] March,"Lobo, Batangas",[1] Live,[A] Live,3rd,Mun,3rd,R4A,v1
2026-03,2026,[03] March,"Magallanes, Cavite",[2] System Setup,[B] Developmental,4th,Mun,4th,R4A,v1
2026-03,2026,[03] March,"Naic, Cavite",[1] Live,[A] Live,1st,Mun,1st,R4A,v1
2026-03,2026,[03] March,"Paete, Laguna",[1] Live,[A] Live,4th,Mun,4th,R4A,v1
2026-03,2026,[03] March,"Pitogo, Quezon",[2] System Setup,[B] Developmental,4th,Mun,4th,R4A,v1
2026-03,2026,[03] March,"Polillo, Quezon",[1] Live,[A] Live,3rd,Mun,3rd,R4A,v1
2026-03,2026,[03] March,"Quezon, Quezon",[2] System Setup,[B] Developmental,5th,Mun,5th,R4A,v1
2026-03,2026,[03] March,"Rosario, Cavite",[1] Live,[A] Live,1st,Mun,1st,R4A,v1
2026-03,2026,[03] March,"Sampaloc, Quezon",[1] Live,[A] Live,5th,Mun,5th,R4A,v1
2026-03,2026,[03] March,"San Luis, Batangas",[1] Live,[A] Live,4th,Mun,4th,R4A,v1
2026-03,2026,[03] March,"San Nicolas, Batangas",[1] Live,[A] Live,5th,Mun,5th,R4A,v1
2026-03,2026,[03] March,"Siniloan, Laguna",[1] Live,[A] Live,2nd,Mun,2nd,R4A,v1
2026-03,2026,[03] March,"Tanay, Rizal",[1] Live,[A] Live,1st,Mun,1st,R4A,v1
2026-03,2026,[03] March,"Tuy, Batangas",[1] Live,[A] Live,3rd,Mun,3rd,R4A,v1
2026-03,2026,[03] March,"Bansalan, Davao del Sur",[1] Live,[A] Live,1st,Mun,1st,R11,v1
2026-03,2026,[03] March,"Cateel, Davao Oriental",[1] Live,[A] Live,2nd,Mun,2nd,R11,v1
2026-03,2026,[03] March,"City of Digos, Davao del Sur",[1] Live,[A] Live,2nd,City,2nd,R11,v1
2026-03,2026,[03] March,"Laak, Davao de Oro",[1] Live,[A] Live,1st,Mun,1st,R11,v1
2026-03,2026,[03] March,"Lupon, Davao Oriental",[1] Live,[A] Live,1st,Mun,1st,R11,v1
2026-03,2026,[03] March,"Manay, Davao Oriental",[1] Live,[A] Live,2nd,Mun,2nd,R11,v1
2026-03,2026,[03] March,"Mawab, Davao de Oro",[1] Live,[A] Live,3rd,Mun,3rd,R11,v1
2026-03,2026,[03] March,"New Bataan, Davao de Oro",[1] Live,[A] Live,1st,Mun,1st,R11,v1
2026-03,2026,[03] March,"San Isidro, Davao Oriental",[1] Live,[A] Live,3rd,Mun,3rd,R11,v1
2026-03,2026,[03] March,"Sulop, Davao del Sur",[1] Live,[A] Live,3rd,Mun,3rd,R11,v1
2026-03,2026,[03] March,"Basay, Negros Oriental",[1] Live,[A] Live,4th,Mun,4th,NIR,v1
2026-03,2026,[03] March,"Dauin, Negros Oriental",[2] System Setup,[B] Developmental,4th,Mun,4th,NIR,v1
2026-03,2026,[03] March,"Enrique Villanueva, Siquijor",[1] Live,[A] Live,5th,Mun,5th,NIR,v1
2026-03,2026,[03] March,"Mabinay, Negros Oriental",[1] Live,[A] Live,1st,Mun,1st,NIR,v1
2026-03,2026,[03] March,"Sibulan, Negros Oriental",[1] Live,[A] Live,2nd,Mun,2nd,NIR,v1
2026-03,2026,[03] March,"City of Himamaylan, Negros Occidental",[1] Live,[A] Live,3rd,City,3rd,NIR,v1
2026-03,2026,[03] March,"Las Nieves, Agusan del Norte",[1] Live,[A] Live,2nd,Mun,2nd,R13,v1
2026-03,2026,[03] March,"San Francisco, Agusan del Sur",[1] Live,[A] Live,1st,Mun,1st,R13,v1
2026-03,2026,[03] March,"Abuyog, Leyte",[1] Live,[A] Live,1st,Mun,1st,R8,v1
2026-03,2026,[03] March,"Calbiga, Samar",[2] System Setup,[B] Developmental,4th,Mun,4th,R8,v1
2026-03,2026,[03] March,"City of Borongan, Eastern Samar",[1] Live,[A] Live,1st,City,1st,R8,v1
2026-03,2026,[03] March,"Mondragon, Northern Samar",[1] Live,[A] Live,3rd,Mun,3rd,R8,v1
2026-03,2026,[03] March,"Paranas, Samar",[2] System Setup,[B] Developmental,2nd,Mun,2nd,R8,v1
2026-03,2026,[03] March,"Pastrana, Leyte",[1] Live,[A] Live,5th,Mun,5th,R8,v1
2026-03,2026,[03] March,"San Roque, Northern Samar",[1] Live,[A] Live,4th,Mun,4th,R8,v1
2026-03,2026,[03] March,"Santa Margarita, Samar",[1] Live,[A] Live,4th,Mun,4th,R8,v1
2026-03,2026,[03] March,"Sogod, Southern Leyte",[1] Live,[A] Live,2nd,Mun,2nd,R8,v1
2026-03,2026,[03] March,"Upi, Maguindanao del Norte",[1] Live,[A] Live,1st,Mun,1st,BARMM II,v1
2026-03,2026,[03] March,"Parang, Maguindanao del Norte",[1] Live,[A] Live,1st,Mun,1st,BARMM II,v1
2026-03,2026,[03] March,"Antipas, Cotabato",[1] Live,[A] Live,2nd,Mun,2nd,R12,v1
2026-03,2026,[03] March,"Bagumbayan, Sultan Kudarat",[1] Live,[A] Live,1st,Mun,1st,R12,v1
2026-03,2026,[03] March,"Columbio, Sultan Kudarat",[1] Live,[A] Live,1st,Mun,1st,R12,v1
2026-03,2026,[03] March,"Esperanza, Sultan Kudarat",[1] Live,[A] Live,1st,Mun,1st,R12,v1
2026-03,2026,[03] March,"Isulan, Sultan Kudarat",[1] Live,[A] Live,1st,Mun,1st,R12,v1
2026-03,2026,[03] March,"Kabacan, Cotabato",[1] Live,[A] Live,1st,Mun,1st,R12,v1
2026-03,2026,[03] March,"Lambayong, Sultan Kudarat",[1] Live,[A] Live,2nd,Mun,2nd,R12,v1
2026-03,2026,[03] March,"Libungan, Cotabato",[1] Live,[A] Live,2nd,Mun,2nd,R12,v1
2026-03,2026,[03] March,"Malapatan, Sarangani",[1] Live,[A] Live,1st,Mun,1st,R12,v1
2026-03,2026,[03] March,"Matalam, Cotabato",[1] Live,[A] Live,1st,Mun,1st,R12,v1
2026-03,2026,[03] March,"Pigkawayan, Cotabato",[1] Live,[A] Live,1st,Mun,1st,R12,v1
2026-03,2026,[03] March,"Pikit, Cotabato",[1] Live,[A] Live,1st,Mun,1st,R12,v1
2026-03,2026,[03] March,"Aborlan, Palawan",[3] With Concerns,[A] Live,1st,Mun,1st,R4B,v1
2026-03,2026,[03] March,"Baco, Oriental Mindoro",[1] Live,[A] Live,3rd,Mun,3rd,R4B,v1
2026-03,2026,[03] March,"Bansud, Oriental Mindoro",[1] Live,[A] Live,2nd,Mun,2nd,R4B,v1
2026-03,2026,[03] March,"Bongabong, Oriental Mindoro",[1] Live,[A] Live,1st,Mun,1st,R4B,v1
2026-03,2026,[03] March,"Bulalacao, Oriental Mindoro",[1] Live,[A] Live,3rd,Mun,3rd,R4B,v1
2026-03,2026,[03] March,"Coron, Palawan",[1] Live,[A] Live,1st,Mun,1st,R4B,v1
2026-03,2026,[03] March,"Culion, Palawan",[3] With Concerns,[A] Live,3rd,Mun,3rd,R4B,v1
2026-03,2026,[03] March,"El Nido, Palawan",[1] Live,[A] Live,1st,Mun,1st,R4B,v1
2026-03,2026,[03] March,"Ferrol, Romblon",[1] Live,[A] Live,6th,Mun,6th,R4B,v1
2026-03,2026,[03] March,"Gloria, Oriental Mindoro",[1] Live,[A] Live,3rd,Mun,3rd,R4B,v1
2026-03,2026,[03] March,"Looc, Occidental Mindoro",[1] Live,[A] Live,5th,Mun,5th,R4B,v1
2026-03,2026,[03] March,"Looc, Romblon",[1] Live,[A] Live,4th,Mun,4th,R4B,v1
2026-03,2026,[03] March,"Naujan, Oriental Mindoro",[1] Live,[A] Live,1st,Mun,1st,R4B,v1
2026-03,2026,[03] March,"Pinamalayan, Oriental Mindoro",[1] Live,[A] Live,1st,Mun,1st,R4B,v1
2026-03,2026,[03] March,"Quezon, Palawan",[3] With Concerns,[A] Live,1st,Mun,1st,R4B,v1
2026-03,2026,[03] March,"Rizal, Palawan",[3] With Concerns,[A] Live,1st,Mun,1st,R4B,v1
2026-03,2026,[03] March,"San Jose, Occidental Mindoro",[1] Live,[A] Live,1st,Mun,1st,R4B,v1
2026-03,2026,[03] March,"San Teodoro, Oriental Mindoro",[1] Live,[A] Live,4th,Mun,4th,R4B,v1
2026-03,2026,[03] March,"San Vicente, Palawan",[1] Live,[A] Live,1st,Mun,1st,R4B,v1
,,,"Akbar, Basilan",,,,,,,Not client
,,,"Al-Barka, Basilan",,,,,,,Not client
,,,"Bongao, Tawi-Tawi",,,,,,,Not client
,,,"City of Lamitan, Basilan",,,,,,,Not client
,,,"Hadji Mohammad Ajul, Basilan",,,,,,,Not client
,,,"Hadji Muhtamad, Basilan",,,,,,,Not client
,,,"Hadji Panglima Tahil, Sulu",,,,,,,Not client
,,,"Indanan, Sulu",,,,,,,Not client
,,,"Jolo, Sulu",,,,,,,Not client
,,,"Kalingalan Caluang, Sulu",,,,,,,Not client
,,,"Languyan, Tawi-Tawi",,,,,,,Not client
,,,"Lantawan, Basilan",,,,,,,Not client
,,,"Lugus, Sulu",,,,,,,Not client
,,,"Luuk, Sulu",,,,,,,Not client
,,,"Maimbung, Sulu",,,,,,,Not client
,,,"Maluso, Basilan",,,,,,,Not client
,,,"Mapun, Tawi-Tawi",,,,,,,Not client
,,,"Old Panamao, Sulu",,,,,,,Not client
,,,"Omar, Sulu",,,,,,,Not client
,,,"Pandami, Sulu",,,,,,,Not client
,,,"Panglima Estino, Sulu",,,,,,,Not client
,,,"Panglima Sugala, Tawi-Tawi",,,,,,,Not client
,,,"Pangutaran, Sulu",,,,,,,Not client
,,,"Parang, Sulu",,,,,,,Not client
,,,"Pata, Sulu",,,,,,,Not client
,,,"Patikul, Sulu",,,,,,,Not client
,,,"Sapa-Sapa, Tawi-Tawi",,,,,,,Not client
,,,"Siasi, Sulu",,,,,,,Not client
,,,"Sibutu, Tawi-Tawi",,,,,,,Not client
,,,"Simunul, Tawi-Tawi",,,,,,,Not client
,,,"Sitangkai, Tawi-Tawi",,,,,,,Not client
,,,"South Ubian, Tawi-Tawi",,,,,,,Not client
,,,"Sumisip, Basilan",,,,,,,Not client
,,,"Tabuan-Lasa, Basilan",,,,,,,Not client
,,,"Talipao, Sulu",,,,,,,Not client
,,,"Tandubas, Tawi-Tawi",,,,,,,Not client
,,,"Tapul, Sulu",,,,,,,Not client
,,,"Tipo-Tipo, Basilan",,,,,,,Not client
,,,"Tongkil, Sulu",,,,,,,Not client
,,,"Tuburan, Basilan",,,,,,,Not client
,,,"Turtle Islands, Tawi-Tawi",,,,,,,Not client
,,,"Ungkaya Pukan, Basilan",,,,,,,Not client
,,,"Amai Manabilang, Lanao del Sur",,,,,,,Not client
,,,"Ampatuan, Maguindanao del Sur",,,,,,,Not client
,,,"Bacolod-Kalawi, Lanao del Sur",,,,,,,Not client
,,,"Balabagan, Lanao del Sur",,,,,,,Not client
,,,"Balindong, Lanao del Sur",,,,,,,Not client
,,,"Barira, Maguindanao del Norte",,,,,,,Not client
,,,"Bayang, Lanao del Sur",,,,,,,Not client
,,,"Binidayan, Lanao del Sur",,,,,,,Not client
,,,"Buadiposo-Buntong, Lanao del Sur",,,,,,,Not client
,,,"Bubong, Lanao del Sur",,,,,,,Not client
,,,"Buldon, Maguindanao del Norte",,,,,,,Not client
,,,"Buluan, Maguindanao del Sur",,,,,,,Not client
,,,"Butig, Lanao del Sur",,,,,,,Not client
,,,"Calanogas, Lanao del Sur",,,,,,,Not client
,,,"City of Cotabato, Maguindanao del Norte",,,,,,,Not client
,,,"City of Marawi, Lanao del Sur",,,,,,,Not client
,,,"Datu Abdullah Sangki, Maguindanao del Sur",,,,,,,Not client
,,,"Datu Anggal Midtimbang, Maguindanao del Sur",,,,,,,Not client
,,,"Datu Blah T. Sinsuat, Maguindanao del Norte",,,,,,,Not client
,,,"Datu Hoffer Ampatuan, Maguindanao del Sur",,,,,,,Not client
,,,"Datu Odin Sinsuat, Maguindanao del Norte",,,,,,,Not client
,,,"Datu Paglas, Maguindanao del Sur",,,,,,,Not client
,,,"Datu Piang, Maguindanao del Sur",,,,,,,Not client
,,,"Datu Salibo, Maguindanao del Sur",,,,,,,Not client
,,,"Datu Saudi Ampatuan, Maguindanao del Sur",,,,,,,Not client
,,,"Datu Unsay, Maguindanao del Sur",,,,,,,Not client
,,,"Ditsaan-Ramain, Lanao del Sur",,,,,,,Not client
,,,"Ganassi, Lanao del Sur",,,,,,,Not client
,,,"Gen. S.K. Pendatun, Maguindanao del Sur",,,,,,,Not client
,,,"Guindulungan, Maguindanao del Sur",,,,,,,Not client
,,,"Kabuntalan, Maguindanao del Norte",,,,,,,Not client
,,,"Kadayangan, Special Geographic Area",,,,,,,Not client
,,,"Kapai, Lanao del Sur",,,,,,,Not client
,,,"Kapalawan, Special Geographic Area",,,,,,,Not client
,,,"Kapatagan, Lanao del Sur",,,,,,,Not client
,,,"Ligawasan, Special Geographic Area",,,,,,,Not client
,,,"Lumba-Bayabao, Lanao del Sur",,,,,,,Not client
,,,"Lumbaca-Unayan, Lanao del Sur",,,,,,,Not client
,,,"Lumbatan, Lanao del Sur",,,,,,,Not client
,,,"Lumbayanague, Lanao del Sur",,,,,,,Not client
,,,"Madalum, Lanao del Sur",,,,,,,Not client
,,,"Madamba, Lanao del Sur",,,,,,,Not client
,,,"Maguing, Lanao del Sur",,,,,,,Not client
,,,"Malabang, Lanao del Sur",,,,,,,Not client
,,,"Malidegao, Special Geographic Area",,,,,,,Not client
,,,"Mamasapano, Maguindanao del Sur",,,,,,,Not client
,,,"Mangudadatu, Maguindanao del Sur",,,,,,,Not client
,,,"Marantao, Lanao del Sur",,,,,,,Not client
,,,"Marogong, Lanao del Sur",,,,,,,Not client
,,,"Masiu, Lanao del Sur",,,,,,,Not client
,,,"Matanog, Maguindanao del Norte",,,,,,,Not client
,,,"Mulondo, Lanao del Sur",,,,,,,Not client
,,,"Nabalawag, Special Geographic Area",,,,,,,Not client
,,,"Northern Kabuntalan, Maguindanao del Norte",,,,,,,Not client
,,,"Old Kaabakan, Special Geographic Area",,,,,,,Not client
,,,"Pagagawan, Maguindanao del Sur",,,,,,,Not client
,,,"Pagalungan, Maguindanao del Sur",,,,,,,Not client
,,,"Pagayawan, Lanao del Sur",,,,,,,Not client
,,,"Paglat, Maguindanao del Sur",,,,,,,Not client
,,,"Pahamuddin, Special Geographic Area",,,,,,,Not client
,,,"Pandag, Maguindanao del Sur",,,,,,,Not client
,,,"Piagapo, Lanao del Sur",,,,,,,Not client
,,,"Picong, Lanao del Sur",,,,,,,Not client
,,,"Poona Bayabao, Lanao del Sur",,,,,,,Not client
,,,"Pualas, Lanao del Sur",,,,,,,Not client
,,,"Rajah Buayan, Maguindanao del Sur",,,,,,,Not client
,,,"Saguiaran, Lanao del Sur",,,,,,,Not client
,,,"Shariff Aguak, Maguindanao del Sur",,,,,,,Not client
,,,"Shariff Saydona Mustapha, Maguindanao del Sur",,,,,,,Not client
,,,"South Upi, Maguindanao del Sur",,,,,,,Not client
,,,"Sultan Dumalondong, Lanao del Sur",,,,,,,Not client
,,,"Sultan Kudarat, Maguindanao del Norte",,,,,,,Not client
,,,"Sultan Mastura, Maguindanao del Norte",,,,,,,Not client
,,,"Sultan Sa Barongis, Maguindanao del Sur",,,,,,,Not client
,,,"Tagoloan Ii, Lanao del Sur",,,,,,,Not client
,,,"Talayan, Maguindanao del Sur",,,,,,,Not client
,,,"Talitay, Maguindanao del Norte",,,,,,,Not client
,,,"Tamparan, Lanao del Sur",,,,,,,Not client
,,,"Taraka, Lanao del Sur",,,,,,,Not client
,,,"Tubaran, Lanao del Sur",,,,,,,Not client
,,,"Tugaya, Lanao del Sur",,,,,,,Not client
,,,"Tugunan, Special Geographic Area",,,,,,,Not client
,,,"Wao, Lanao del Sur",,,,,,,Not client
,,,"Aguinaldo, Ifugao",,,,,,,Not client
,,,"Alfonso Lista, Ifugao",,,,,,,Not client
,,,"Asipulo, Ifugao",,,,,,,Not client
,,,"Atok, Benguet",,,,,,,Not client
,,,"Bakun, Benguet",,,,,,,Not client
,,,"Balbalan, Kalinga",,,,,,,Not client
,,,"Bangued, Abra",,,,,,,Not client
,,,"Barlig, Mountain Province",,,,,,,Not client
,,,"Besao, Mountain Province",,,,,,,Not client
,,,"Bokod, Benguet",,,,,,,Not client
,,,"Boliney, Abra",,,,,,,Not client
,,,"Bucay, Abra",,,,,,,Not client
,,,"Bucloc, Abra",,,,,,,Not client
,,,"Buguias, Benguet",,,,,,,Not client
,,,"Calanasan, Apayao",,,,,,,Not client
,,,"City of Baguio, Benguet",,,,,,,Not client
,,,"Conner, Apayao",,,,,,,Not client
,,,"Daguioman, Abra",,,,,,,Not client
,,,"Danglas, Abra",,,,,,,Not client
,,,"Dolores, Abra",,,,,,,Not client
,,,"Flora, Apayao",,,,,,,Not client
,,,"Hingyon, Ifugao",,,,,,,Not client
,,,"Itogon, Benguet",,,,,,,Not client
,,,"Kabayan, Benguet",,,,,,,Not client
,,,"Kabugao, Apayao",,,,,,,Not client
,,,"Kapangan, Benguet",,,,,,,Not client
,,,"Kiangan, Ifugao",,,,,,,Not client
,,,"Kibungan, Benguet",,,,,,,Not client
,,,"La Paz, Abra",,,,,,,Not client
,,,"La Trinidad, Benguet",,,,,,,Not client
,,,"Lacub, Abra",,,,,,,Not client
,,,"Lagangilang, Abra",,,,,,,Not client
,,,"Lagawe, Ifugao",,,,,,,Not client
,,,"Lagayan, Abra",,,,,,,Not client
,,,"Langiden, Abra",,,,,,,Not client
,,,"Licuan-Baay, Abra",,,,,,,Not client
,,,"Luba, Abra",,,,,,,Not client
,,,"Lubuagan, Kalinga",,,,,,,Not client
,,,"Luna, Apayao",,,,,,,Not client
,,,"Malibcong, Abra",,,,,,,Not client
,,,"Manabo, Abra",,,,,,,Not client
,,,"Mayoyao, Ifugao",,,,,,,Not client
,,,"Natonin, Mountain Province",,,,,,,Not client
,,,"Paracelis, Mountain Province",,,,,,,Not client
,,,"Pasil, Kalinga",,,,,,,Not client
,,,"Peñarrubia, Abra",,,,,,,Not client
,,,"Pidigan, Abra",,,,,,,Not client
,,,"Pilar, Abra",,,,,,,Not client
,,,"Pinukpuk, Kalinga",,,,,,,Not client
,,,"Rizal, Kalinga",,,,,,,Not client
,,,"Sabangan, Mountain Province",,,,,,,Not client
,,,"Sadanga, Mountain Province",,,,,,,Not client
,,,"Sagada, Mountain Province",,,,,,,Not client
,,,"Sallapadan, Abra",,,,,,,Not client
,,,"San Isidro, Abra",,,,,,,Not client
,,,"San Juan, Abra",,,,,,,Not client
,,,"San Quintin, Abra",,,,,,,Not client
,,,"Santa Marcela, Apayao",,,,,,,Not client
,,,"Tadian, Mountain Province",,,,,,,Not client
,,,"Tanudan, Kalinga",,,,,,,Not client
,,,"Tayum, Abra",,,,,,,Not client
,,,"Tineg, Abra",,,,,,,Not client
,,,"Tinglayan, Kalinga",,,,,,,Not client
,,,"Tinoc, Ifugao",,,,,,,Not client
,,,"Tubo, Abra",,,,,,,Not client
,,,"Villaviciosa, Abra",,,,,,,Not client
,,,"City of Caloocan, Metro Manila",,,,,,,Not client
,,,"City of Las Piñas, Metro Manila",,,,,,,Not client
,,,"City of Makati, Metro Manila",,,,,,,Not client
,,,"City of Malabon, Metro Manila",,,,,,,Not client
,,,"City of Mandaluyong, Metro Manila",,,,,,,Not client
,,,"City of Manila, Metro Manila",,,,,,,Not client
,,,"City of Marikina, Metro Manila",,,,,,,Not client
,,,"City of Muntinlupa, Metro Manila",,,,,,,Not client
,,,"City of Navotas, Metro Manila",,,,,,,Not client
,,,"City of Parañaque, Metro Manila",,,,,,,Not client
,,,"City of Pasig, Metro Manila",,,,,,,Not client
,,,"City of San Juan, Metro Manila",,,,,,,Not client
,,,"City of Taguig, Metro Manila",,,,,,,Not client
,,,"City of Valenzuela, Metro Manila",,,,,,,Not client
,,,"Pasay City, Metro Manila",,,,,,,Not client
,,,"Pateros, Metro Manila",,,,,,,Not client
,,,"Quezon City, Metro Manila",,,,,,,Not client
,,,"Amlan, Negros Oriental",,,,,,,Not client
,,,"Ayungon, Negros Oriental",,,,,,,Not client
,,,"Bacong, Negros Oriental",,,,,,,Not client
,,,"Binalbagan, Negros Occidental",,,,,,,Not client
,,,"Bindoy, Negros Oriental",,,,,,,Not client
,,,"Calatrava, Negros Occidental",,,,,,,Not client
,,,"Candoni, Negros Occidental",,,,,,,Not client
,,,"Cauayan, Negros Occidental",,,,,,,Not client
,,,"City of Bacolod, Negros Occidental",,,,,,,Not client
,,,"City of Bago, Negros Occidental",,,,,,,Not client
,,,"City of Bais, Negros Oriental",,,,,,,Not client
,,,"City of Bayawan, Negros Oriental",,,,,,,Not client
,,,"City of Cadiz, Negros Occidental",,,,,,,Not client
,,,"City of Canlaon, Negros Oriental",,,,,,,Not client
,,,"City of Dumaguete, Negros Oriental",,,,,,,Not client
,,,"City of Escalante, Negros Occidental",,,,,,,Not client
,,,"City of Guihulngan, Negros Oriental",,,,,,,Not client
,,,"City of Kabankalan, Negros Occidental",,,,,,,Not client
,,,"City of La Carlota, Negros Occidental",,,,,,,Not client
,,,"City of Sagay, Negros Occidental",,,,,,,Not client
,,,"City of San Carlos, Negros Occidental",,,,,,,Not client
,,,"City of Silay, Negros Occidental",,,,,,,Not client
,,,"City of Sipalay, Negros Occidental",,,,,,,Not client
,,,"City of Talisay, Negros Occidental",,,,,,,Not client
,,,"City of Tanjay, Negros Oriental",,,,,,,Not client
,,,"City of Victorias, Negros Occidental",,,,,,,Not client
,,,"Enrique B. Magalona, Negros Occidental",,,,,,,Not client
,,,"Hinigaran, Negros Occidental",,,,,,,Not client
,,,"Hinoba-an, Negros Occidental",,,,,,,Not client
,,,"Ilog, Negros Occidental",,,,,,,Not client
,,,"Isabela, Negros Occidental",,,,,,,Not client
,,,"Jimalalud, Negros Oriental",,,,,,,Not client
,,,"La Castellana, Negros Occidental",,,,,,,Not client
,,,"La Libertad, Negros Oriental",,,,,,,Not client
,,,"Larena, Siquijor",,,,,,,Not client
,,,"Lazi, Siquijor",,,,,,,Not client
,,,"Manapla, Negros Occidental",,,,,,,Not client
,,,"Manjuyod, Negros Oriental",,,,,,,Not client
,,,"Maria, Siquijor",,,,,,,Not client
,,,"Moises Padilla, Negros Occidental",,,,,,,Not client
,,,"Murcia, Negros Occidental",,,,,,,Not client
,,,"Pamplona, Negros Oriental",,,,,,,Not client
,,,"Pontevedra, Negros Occidental",,,,,,,Not client
,,,"Pulupandan, Negros Occidental",,,,,,,Not client
,,,"Salvador Benedicto, Negros Occidental",,,,,,,Not client
,,,"San Enrique, Negros Occidental",,,,,,,Not client
,,,"San Jose, Negros Oriental",,,,,,,Not client
,,,"San Juan, Siquijor",,,,,,,Not client
,,,"Santa Catalina, Negros Oriental",,,,,,,Not client
,,,"Siaton, Negros Oriental",,,,,,,Not client
,,,"Siquijor, Siquijor",,,,,,,Not client
,,,"Tayasan, Negros Oriental",,,,,,,Not client
,,,"Toboso, Negros Occidental",,,,,,,Not client
,,,"Valencia, Negros Oriental",,,,,,,Not client
,,,"Valladolid, Negros Occidental",,,,,,,Not client
,,,"Vallehermoso, Negros Oriental",,,,,,,Not client
,,,"Zamboanguita, Negros Oriental",,,,,,,Not client
,,,"Adams, Ilocos Norte",,,,,,,Not client
,,,"Agno, Pangasinan",,,,,,,Not client
,,,"Agoo, La Union",,,,,,,Not client
,,,"Aguilar, Pangasinan",,,,,,,Not client
,,,"Alcala, Pangasinan",,,,,,,Not client
,,,"Alilem, Ilocos Sur",,,,,,,Not client
,,,"Anda, Pangasinan",,,,,,,Not client
,,,"Aringay, La Union",,,,,,,Not client
,,,"Asingan, Pangasinan",,,,,,,Not client
,,,"Bacarra, Ilocos Norte",,,,,,,Not client
,,,"Bacnotan, La Union",,,,,,,Not client
,,,"Badoc, Ilocos Norte",,,,,,,Not client
,,,"Bagulin, La Union",,,,,,,Not client
,,,"Balaoan, La Union",,,,,,,Not client
,,,"Balungao, Pangasinan",,,,,,,Not client
,,,"Banayoyo, Ilocos Sur",,,,,,,Not client
,,,"Bangar, La Union",,,,,,,Not client
,,,"Bangui, Ilocos Norte",,,,,,,Not client
,,,"Bani, Pangasinan",,,,,,,Not client
,,,"Banna, Ilocos Norte",,,,,,,Not client
,,,"Bantay, Ilocos Sur",,,,,,,Not client
,,,"Basista, Pangasinan",,,,,,,Not client
,,,"Bauang, La Union",,,,,,,Not client
,,,"Bautista, Pangasinan",,,,,,,Not client
,,,"Bayambang, Pangasinan",,,,,,,Not client
,,,"Binalonan, Pangasinan",,,,,,,Not client
,,,"Binmaley, Pangasinan",,,,,,,Not client
,,,"Bolinao, Pangasinan",,,,,,,Not client
,,,"Bugallon, Pangasinan",,,,,,,Not client
,,,"Burgos, Ilocos Norte",,,,,,,Not client
,,,"Burgos, Ilocos Sur",,,,,,,Not client
,,,"Burgos, La Union",,,,,,,Not client
,,,"Burgos, Pangasinan",,,,,,,Not client
,,,"Caba, La Union",,,,,,,Not client
,,,"Cabugao, Ilocos Sur",,,,,,,Not client
,,,"Calasiao, Pangasinan",,,,,,,Not client
,,,"Carasi, Ilocos Norte",,,,,,,Not client
,,,"Cervantes, Ilocos Sur",,,,,,,Not client
,,,"City of Alaminos, Pangasinan",,,,,,,Not client
,,,"City of Candon, Ilocos Sur",,,,,,,Not client
,,,"City of Dagupan, Pangasinan",,,,,,,Not client
,,,"City of San Carlos, Pangasinan",,,,,,,Not client
,,,"City of San Fernando, La Union",,,,,,,Not client
,,,"City of Urdaneta, Pangasinan",,,,,,,Not client
,,,"City of Vigan, Ilocos Sur",,,,,,,Not client
,,,"Currimao, Ilocos Norte",,,,,,,Not client
,,,"Dasol, Pangasinan",,,,,,,Not client
,,,"Dingras, Ilocos Norte",,,,,,,Not client
,,,"Dumalneg, Ilocos Norte",,,,,,,Not client
,,,"Galimuyod, Ilocos Sur",,,,,,,Not client
,,,"Gregorio del Pilar, Ilocos Sur",,,,,,,Not client
,,,"Infanta, Pangasinan",,,,,,,Not client
,,,"Labrador, Pangasinan",,,,,,,Not client
,,,"Laoac, Pangasinan",,,,,,,Not client
,,,"Lidlidda, Ilocos Sur",,,,,,,Not client
,,,"Lingayen, Pangasinan",,,,,,,Not client
,,,"Luna, La Union",,,,,,,Not client
,,,"Mabini, Pangasinan",,,,,,,Not client
,,,"Magsingal, Ilocos Sur",,,,,,,Not client
,,,"Malasiqui, Pangasinan",,,,,,,Not client
,,,"Manaoag, Pangasinan",,,,,,,Not client
,,,"Mangaldan, Pangasinan",,,,,,,Not client
,,,"Mangatarem, Pangasinan",,,,,,,Not client
,,,"Mapandan, Pangasinan",,,,,,,Not client
,,,"Marcos, Ilocos Norte",,,,,,,Not client
,,,"Nagbukel, Ilocos Sur",,,,,,,Not client
,,,"Naguilian, La Union",,,,,,,Not client
,,,"Narvacan, Ilocos Sur",,,,,,,Not client
,,,"Natividad, Pangasinan",,,,,,,Not client
,,,"Nueva Era, Ilocos Norte",,,,,,,Not client
,,,"Pagudpud, Ilocos Norte",,,,,,,Not client
,,,"Paoay, Ilocos Norte",,,,,,,Not client
,,,"Pasuquin, Ilocos Norte",,,,,,,Not client
,,,"Piddig, Ilocos Norte",,,,,,,Not client
,,,"Pinili, Ilocos Norte",,,,,,,Not client
,,,"Pozorrubio, Pangasinan",,,,,,,Not client
,,,"Pugo, La Union",,,,,,,Not client
,,,"Quirino, Ilocos Sur",,,,,,,Not client
,,,"Rosales, Pangasinan",,,,,,,Not client
,,,"Rosario, La Union",,,,,,,Not client
,,,"Salcedo, Ilocos Sur",,,,,,,Not client
,,,"San Emilio, Ilocos Sur",,,,,,,Not client
,,,"San Esteban, Ilocos Sur",,,,,,,Not client
,,,"San Fabian, Pangasinan",,,,,,,Not client
,,,"San Gabriel, La Union",,,,,,,Not client
,,,"San Ildefonso, Ilocos Sur",,,,,,,Not client
,,,"San Jacinto, Pangasinan",,,,,,,Not client
,,,"San Juan, Ilocos Sur",,,,,,,Not client
,,,"San Juan, La Union",,,,,,,Not client
,,,"San Manuel, Pangasinan",,,,,,,Not client
,,,"San Nicolas, Pangasinan",,,,,,,Not client
,,,"San Quintin, Pangasinan",,,,,,,Not client
,,,"San Vicente, Ilocos Sur",,,,,,,Not client
,,,"Santa Barbara, Pangasinan",,,,,,,Not client
,,,"Santa Catalina, Ilocos Sur",,,,,,,Not client
,,,"Santa Lucia, Ilocos Sur",,,,,,,Not client
,,,"Santa Maria, Ilocos Sur",,,,,,,Not client
,,,"Santa Maria, Pangasinan",,,,,,,Not client
,,,"Santa, Ilocos Sur",,,,,,,Not client
,,,"Santiago, Ilocos Sur",,,,,,,Not client
,,,"Santo Domingo, Ilocos Sur",,,,,,,Not client
,,,"Santo Tomas, La Union",,,,,,,Not client
,,,"Santo Tomas, Pangasinan",,,,,,,Not client
,,,"Santol, La Union",,,,,,,Not client
,,,"Sarrat, Ilocos Norte",,,,,,,Not client
,,,"Sigay, Ilocos Sur",,,,,,,Not client
,,,"Sinait, Ilocos Sur",,,,,,,Not client
,,,"Solsona, Ilocos Norte",,,,,,,Not client
,,,"Sual, Pangasinan",,,,,,,Not client
,,,"Sudipen, La Union",,,,,,,Not client
,,,"Sugpon, Ilocos Sur",,,,,,,Not client
,,,"Suyo, Ilocos Sur",,,,,,,Not client
,,,"Tagudin, Ilocos Sur",,,,,,,Not client
,,,"Tayug, Pangasinan",,,,,,,Not client
,,,"Tubao, La Union",,,,,,,Not client
,,,"Umingan, Pangasinan",,,,,,,Not client
,,,"Urbiztondo, Pangasinan",,,,,,,Not client
,,,"Villasis, Pangasinan",,,,,,,Not client
,,,"Vintar, Ilocos Norte",,,,,,,Not client
,,,"Aloran, Misamis Occidental",,,,,,,Not client
,,,"Alubijid, Misamis Oriental",,,,,,,Not client
,,,"Bacolod, Lanao del Norte",,,,,,,Not client
,,,"Baliangao, Misamis Occidental",,,,,,,Not client
,,,"Balingasag, Misamis Oriental",,,,,,,Not client
,,,"Balingoan, Misamis Oriental",,,,,,,Not client
,,,"Baloi, Lanao del Norte",,,,,,,Not client
,,,"Baroy, Lanao del Norte",,,,,,,Not client
,,,"Baungon, Bukidnon",,,,,,,Not client
,,,"Binuangan, Misamis Oriental",,,,,,,Not client
,,,"Bonifacio, Misamis Occidental",,,,,,,Not client
,,,"Cabanglasan, Bukidnon",,,,,,,Not client
,,,"Calamba, Misamis Occidental",,,,,,,Not client
,,,"Catarman, Camiguin",,,,,,,Not client
,,,"City of Cagayan De Oro, Misamis Oriental",,,,,,,Not client
,,,"City of El Salvador, Misamis Oriental",,,,,,,Not client
,,,"City of Gingoog, Misamis Oriental",,,,,,,Not client
,,,"City of Iligan, Lanao del Norte",,,,,,,Not client
,,,"City of Malaybalay, Bukidnon",,,,,,,Not client
,,,"City of Oroquieta, Misamis Occidental",,,,,,,Not client
,,,"City of Ozamiz, Misamis Occidental",,,,,,,Not client
,,,"City of Tangub, Misamis Occidental",,,,,,,Not client
,,,"City of Valencia, Bukidnon",,,,,,,Not client
,,,"Clarin, Misamis Occidental",,,,,,,Not client
,,,"Concepcion, Misamis Occidental",,,,,,,Not client
,,,"Damulog, Bukidnon",,,,,,,Not client
,,,"Dangcagan, Bukidnon",,,,,,,Not client
,,,"Don Carlos, Bukidnon",,,,,,,Not client
,,,"Don Victoriano Chiongbian, Misamis Occidental",,,,,,,Not client
,,,"Gitagum, Misamis Oriental",,,,,,,Not client
,,,"Guinsiliban, Camiguin",,,,,,,Not client
,,,"Impasug-ong, Bukidnon",,,,,,,Not client
,,,"Initao, Misamis Oriental",,,,,,,Not client
,,,"Jimenez, Misamis Occidental",,,,,,,Not client
,,,"Kadingilan, Bukidnon",,,,,,,Not client
,,,"Kalilangan, Bukidnon",,,,,,,Not client
,,,"Kapatagan, Lanao del Norte",,,,,,,Not client
,,,"Kauswagan, Lanao del Norte",,,,,,,Not client
,,,"Kibawe, Bukidnon",,,,,,,Not client
,,,"Kinoguitan, Misamis Oriental",,,,,,,Not client
,,,"Kitaotao, Bukidnon",,,,,,,Not client
,,,"Kolambugan, Lanao del Norte",,,,,,,Not client
,,,"Lagonglong, Misamis Oriental",,,,,,,Not client
,,,"Laguindingan, Misamis Oriental",,,,,,,Not client
,,,"Lala, Lanao del Norte",,,,,,,Not client
,,,"Lantapan, Bukidnon",,,,,,,Not client
,,,"Libertad, Misamis Oriental",,,,,,,Not client
,,,"Libona, Bukidnon",,,,,,,Not client
,,,"Linamon, Lanao del Norte",,,,,,,Not client
,,,"Lopez Jaena, Misamis Occidental",,,,,,,Not client
,,,"Lugait, Misamis Oriental",,,,,,,Not client
,,,"Magsaysay, Lanao del Norte",,,,,,,Not client
,,,"Magsaysay, Misamis Oriental",,,,,,,Not client
,,,"Mahinog, Camiguin",,,,,,,Not client
,,,"Maigo, Lanao del Norte",,,,,,,Not client
,,,"Malitbog, Bukidnon",,,,,,,Not client
,,,"Mambajao, Camiguin",,,,,,,Not client
,,,"Manolo Fortich, Bukidnon",,,,,,,Not client
,,,"Manticao, Misamis Oriental",,,,,,,Not client
,,,"Maramag, Bukidnon",,,,,,,Not client
,,,"Matungao, Lanao del Norte",,,,,,,Not client
,,,"Munai, Lanao del Norte",,,,,,,Not client
,,,"Naawan, Misamis Oriental",,,,,,,Not client
,,,"Nunungan, Lanao del Norte",,,,,,,Not client
,,,"Opol, Misamis Oriental",,,,,,,Not client
,,,"Panaon, Misamis Occidental",,,,,,,Not client
,,,"Pangantucan, Bukidnon",,,,,,,Not client
,,,"Pantao Ragat, Lanao del Norte",,,,,,,Not client
,,,"Pantar, Lanao del Norte",,,,,,,Not client
,,,"Plaridel, Misamis Occidental",,,,,,,Not client
,,,"Poona Piagapo, Lanao del Norte",,,,,,,Not client
,,,"Quezon, Bukidnon",,,,,,,Not client
,,,"Sagay, Camiguin",,,,,,,Not client
,,,"Salay, Misamis Oriental",,,,,,,Not client
,,,"Salvador, Lanao del Norte",,,,,,,Not client
,,,"San Fernando, Bukidnon",,,,,,,Not client
,,,"Sapad, Lanao del Norte",,,,,,,Not client
,,,"Sapang Dalaga, Misamis Occidental",,,,,,,Not client
,,,"Sinacaban, Misamis Occidental",,,,,,,Not client
,,,"Sugbongcogon, Misamis Oriental",,,,,,,Not client
,,,"Sultan Naga Dimaporo, Lanao del Norte",,,,,,,Not client
,,,"Sumilao, Bukidnon",,,,,,,Not client
,,,"Tagoloan, Lanao del Norte",,,,,,,Not client
,,,"Tagoloan, Misamis Oriental",,,,,,,Not client
,,,"Talakag, Bukidnon",,,,,,,Not client
,,,"Talisayan, Misamis Oriental",,,,,,,Not client
,,,"Tangcal, Lanao del Norte",,,,,,,Not client
,,,"Tubod, Lanao del Norte",,,,,,,Not client
,,,"Tudela, Misamis Occidental",,,,,,,Not client
,,,"Villanueva, Misamis Oriental",,,,,,,Not client
,,,"Asuncion, Davao del Norte",,,,,,,Not client
,,,"Baganga, Davao Oriental",,,,,,,Not client
,,,"Banaybanay, Davao Oriental",,,,,,,Not client
,,,"Boston, Davao Oriental",,,,,,,Not client
,,,"Braulio E. Dujali, Davao del Norte",,,,,,,Not client
,,,"Caraga, Davao Oriental",,,,,,,Not client
,,,"Carmen, Davao del Norte",,,,,,,Not client
,,,"City of Davao, Davao del Sur",,,,,,,Not client
,,,"City of Mati, Davao Oriental",,,,,,,Not client
,,,"City of Panabo, Davao del Norte",,,,,,,Not client
,,,"City of Tagum, Davao del Norte",,,,,,,Not client
,,,"Compostela, Davao de Oro",,,,,,,Not client
,,,"Don Marcelino, Davao Occidental",,,,,,,Not client
,,,"Governor Generoso, Davao Oriental",,,,,,,Not client
,,,"Hagonoy, Davao del Sur",,,,,,,Not client
,,,"Island Garden City of Samal, Davao del Norte",,,,,,,Not client
,,,"Jose Abad Santos, Davao Occidental",,,,,,,Not client
,,,"Kapalong, Davao del Norte",,,,,,,Not client
,,,"Kiblawan, Davao del Sur",,,,,,,Not client
,,,"Mabini, Davao de Oro",,,,,,,Not client
,,,"Maco, Davao de Oro",,,,,,,Not client
,,,"Magsaysay, Davao del Sur",,,,,,,Not client
,,,"Malalag, Davao del Sur",,,,,,,Not client
,,,"Malita, Davao Occidental",,,,,,,Not client
,,,"Maragusan, Davao de Oro",,,,,,,Not client
,,,"Matanao, Davao del Sur",,,,,,,Not client
,,,"Monkayo, Davao de Oro",,,,,,,Not client
,,,"Montevista, Davao de Oro",,,,,,,Not client
,,,"Nabunturan, Davao de Oro",,,,,,,Not client
,,,"New Corella, Davao del Norte",,,,,,,Not client
,,,"Padada, Davao del Sur",,,,,,,Not client
,,,"Pantukan, Davao de Oro",,,,,,,Not client
,,,"San Isidro, Davao del Norte",,,,,,,Not client
,,,"Santa Cruz, Davao del Sur",,,,,,,Not client
,,,"Santa Maria, Davao Occidental",,,,,,,Not client
,,,"Santo Tomas, Davao del Norte",,,,,,,Not client
,,,"Sarangani, Davao Occidental",,,,,,,Not client
,,,"Talaingod, Davao del Norte",,,,,,,Not client
,,,"Tarragona, Davao Oriental",,,,,,,Not client
,,,"Alabel, Sarangani",,,,,,,Not client
,,,"Alamada, Cotabato",,,,,,,Not client
,,,"Aleosan, Cotabato",,,,,,,Not client
,,,"Arakan, Cotabato",,,,,,,Not client
,,,"Banga, South Cotabato",,,,,,,Not client
,,,"Banisilan, Cotabato",,,,,,,Not client
,,,"Carmen, Cotabato",,,,,,,Not client
,,,"City of General Santos, South Cotabato",,,,,,,Not client
,,,"City of Kidapawan, Cotabato",,,,,,,Not client
,,,"City of Koronadal, South Cotabato",,,,,,,Not client
,,,"City of Tacurong, Sultan Kudarat",,,,,,,Not client
,,,"Glan, Sarangani",,,,,,,Not client
,,,"Kalamansig, Sultan Kudarat",,,,,,,Not client
,,,"Kiamba, Sarangani",,,,,,,Not client
,,,"Lake Sebu, South Cotabato",,,,,,,Not client
,,,"Lebak, Sultan Kudarat",,,,,,,Not client
,,,"Lutayan, Sultan Kudarat",,,,,,,Not client
,,,"M'Lang, Cotabato",,,,,,,Not client
,,,"Maasim, Sarangani",,,,,,,Not client
,,,"Magpet, Cotabato",,,,,,,Not client
,,,"Maitum, Sarangani",,,,,,,Not client
,,,"Makilala, Cotabato",,,,,,,Not client
,,,"Malungon, Sarangani",,,,,,,Not client
,,,"Midsayap, Cotabato",,,,,,,Not client
,,,"Norala, South Cotabato",,,,,,,Not client
,,,"Palimbang, Sultan Kudarat",,,,,,,Not client
,,,"Polomolok, South Cotabato",,,,,,,Not client
,,,"President Quirino, Sultan Kudarat",,,,,,,Not client
,,,"President Roxas, Cotabato",,,,,,,Not client
,,,"Santo Niño, South Cotabato",,,,,,,Not client
,,,"Sen. Ninoy Aquino, Sultan Kudarat",,,,,,,Not client
,,,"Surallah, South Cotabato",,,,,,,Not client
,,,"T'Boli, South Cotabato",,,,,,,Not client
,,,"Tampakan, South Cotabato",,,,,,,Not client
,,,"Tantangan, South Cotabato",,,,,,,Not client
,,,"Tulunan, Cotabato",,,,,,,Not client
,,,"Tupi, South Cotabato",,,,,,,Not client
,,,"Alegria, Surigao del Norte",,,,,,,Not client
,,,"Bacuag, Surigao del Norte",,,,,,,Not client
,,,"Barobo, Surigao del Sur",,,,,,,Not client
,,,"Basilisa, Dinagat Islands",,,,,,,Not client
,,,"Bayabas, Surigao del Sur",,,,,,,Not client
,,,"Buenavista, Agusan del Norte",,,,,,,Not client
,,,"Bunawan, Agusan del Sur",,,,,,,Not client
,,,"Burgos, Surigao del Norte",,,,,,,Not client
,,,"Cagdianao, Dinagat Islands",,,,,,,Not client
,,,"Cagwait, Surigao del Sur",,,,,,,Not client
,,,"Cantilan, Surigao del Sur",,,,,,,Not client
,,,"Carmen, Agusan del Norte",,,,,,,Not client
,,,"Carmen, Surigao del Sur",,,,,,,Not client
,,,"Carrascal, Surigao del Sur",,,,,,,Not client
,,,"City of Bayugan, Agusan del Sur",,,,,,,Not client
,,,"City of Bislig, Surigao del Sur",,,,,,,Not client
,,,"City of Butuan, Agusan del Norte",,,,,,,Not client
,,,"City of Cabadbaran, Agusan del Norte",,,,,,,Not client
,,,"City of Surigao, Surigao del Norte",,,,,,,Not client
,,,"City of Tandag, Surigao del Sur",,,,,,,Not client
,,,"Claver, Surigao del Norte",,,,,,,Not client
,,,"Cortes, Surigao del Sur",,,,,,,Not client
,,,"Dapa, Surigao del Norte",,,,,,,Not client
,,,"Del Carmen, Surigao del Norte",,,,,,,Not client
,,,"Dinagat, Dinagat Islands",,,,,,,Not client
,,,"Esperanza, Agusan del Sur",,,,,,,Not client
,,,"General Luna, Surigao del Norte",,,,,,,Not client
,,,"Gigaquit, Surigao del Norte",,,,,,,Not client
,,,"Hinatuan, Surigao del Sur",,,,,,,Not client
,,,"Jabonga, Agusan del Norte",,,,,,,Not client
,,,"Kitcharao, Agusan del Norte",,,,,,,Not client
,,,"La Paz, Agusan del Sur",,,,,,,Not client
,,,"Lanuza, Surigao del Sur",,,,,,,Not client
,,,"Lianga, Surigao del Sur",,,,,,,Not client
,,,"Libjo, Dinagat Islands",,,,,,,Not client
,,,"Lingig, Surigao del Sur",,,,,,,Not client
,,,"Loreto, Agusan del Sur",,,,,,,Not client
,,,"Loreto, Dinagat Islands",,,,,,,Not client
,,,"Madrid, Surigao del Sur",,,,,,,Not client
,,,"Magallanes, Agusan del Norte",,,,,,,Not client
,,,"Mainit, Surigao del Norte",,,,,,,Not client
,,,"Malimono, Surigao del Norte",,,,,,,Not client
,,,"Marihatag, Surigao del Sur",,,,,,,Not client
,,,"Nasipit, Agusan del Norte",,,,,,,Not client
,,,"Pilar, Surigao del Norte",,,,,,,Not client
,,,"Placer, Surigao del Norte",,,,,,,Not client
,,,"Prosperidad, Agusan del Sur",,,,,,,Not client
,,,"Remedios T. Romualdez, Agusan del Norte",,,,,,,Not client
,,,"Rosario, Agusan del Sur",,,,,,,Not client
,,,"San Agustin, Surigao del Sur",,,,,,,Not client
,,,"San Benito, Surigao del Norte",,,,,,,Not client
,,,"San Francisco, Surigao del Norte",,,,,,,Not client
,,,"San Isidro, Surigao del Norte",,,,,,,Not client
,,,"San Jose, Dinagat Islands",,,,,,,Not client
,,,"San Luis, Agusan del Sur",,,,,,,Not client
,,,"San Miguel, Surigao del Sur",,,,,,,Not client
,,,"Santa Josefa, Agusan del Sur",,,,,,,Not client
,,,"Santa Monica, Surigao del Norte",,,,,,,Not client
,,,"Santiago, Agusan del Norte",,,,,,,Not client
,,,"Sibagat, Agusan del Sur",,,,,,,Not client
,,,"Sison, Surigao del Norte",,,,,,,Not client
,,,"Socorro, Surigao del Norte",,,,,,,Not client
,,,"Tagana-An, Surigao del Norte",,,,,,,Not client
,,,"Tagbina, Surigao del Sur",,,,,,,Not client
,,,"Tago, Surigao del Sur",,,,,,,Not client
,,,"Talacogon, Agusan del Sur",,,,,,,Not client
,,,"Trento, Agusan del Sur",,,,,,,Not client
,,,"Tubajon, Dinagat Islands",,,,,,,Not client
,,,"Tubay, Agusan del Norte",,,,,,,Not client
,,,"Tubod, Surigao del Norte",,,,,,,Not client
,,,"Veruela, Agusan del Sur",,,,,,,Not client
,,,"Abulug, Cagayan",,,,,,,Not client
,,,"Aglipay, Quirino",,,,,,,Not client
,,,"Alcala, Cagayan",,,,,,,Not client
,,,"Alfonso Castaneda, Nueva Vizcaya",,,,,,,Not client
,,,"Alicia, Isabela",,,,,,,Not client
,,,"Allacapan, Cagayan",,,,,,,Not client
,,,"Ambaguio, Nueva Vizcaya",,,,,,,Not client
,,,"Amulung, Cagayan",,,,,,,Not client
,,,"Angadanan, Isabela",,,,,,,Not client
,,,"Aparri, Cagayan",,,,,,,Not client
,,,"Aritao, Nueva Vizcaya",,,,,,,Not client
,,,"Aurora, Isabela",,,,,,,Not client
,,,"Bagabag, Nueva Vizcaya",,,,,,,Not client
,,,"Baggao, Cagayan",,,,,,,Not client
,,,"Ballesteros, Cagayan",,,,,,,Not client
,,,"Bambang, Nueva Vizcaya",,,,,,,Not client
,,,"Basco, Batanes",,,,,,,Not client
,,,"Bayombong, Nueva Vizcaya",,,,,,,Not client
,,,"Benito Soliven, Isabela",,,,,,,Not client
,,,"Buguey, Cagayan",,,,,,,Not client
,,,"Burgos, Isabela",,,,,,,Not client
,,,"Cabarroguis, Quirino",,,,,,,Not client
,,,"Cabatuan, Isabela",,,,,,,Not client
,,,"Calayan, Cagayan",,,,,,,Not client
,,,"Camalaniugan, Cagayan",,,,,,,Not client
,,,"City of Cauayan, Isabela",,,,,,,Not client
,,,"City of Santiago, Isabela",,,,,,,Not client
,,,"Claveria, Cagayan",,,,,,,Not client
,,,"Cordon, Isabela",,,,,,,Not client
,,,"Delfin Albano, Isabela",,,,,,,Not client
,,,"Diadi, Nueva Vizcaya",,,,,,,Not client
,,,"Diffun, Quirino",,,,,,,Not client
,,,"Dinapigue, Isabela",,,,,,,Not client
,,,"Divilacan, Isabela",,,,,,,Not client
,,,"Dupax del Norte, Nueva Vizcaya",,,,,,,Not client
,,,"Dupax del Sur, Nueva Vizcaya",,,,,,,Not client
,,,"Echague, Isabela",,,,,,,Not client
,,,"Gamu, Isabela",,,,,,,Not client
,,,"Gattaran, Cagayan",,,,,,,Not client
,,,"Gonzaga, Cagayan",,,,,,,Not client
,,,"Iguig, Cagayan",,,,,,,Not client
,,,"Itbayat, Batanes",,,,,,,Not client
,,,"Ivana, Batanes",,,,,,,Not client
,,,"Jones, Isabela",,,,,,,Not client
,,,"Kasibu, Nueva Vizcaya",,,,,,,Not client
,,,"Kayapa, Nueva Vizcaya",,,,,,,Not client
,,,"Lal-Lo, Cagayan",,,,,,,Not client
,,,"Lasam, Cagayan",,,,,,,Not client
,,,"Luna, Isabela",,,,,,,Not client
,,,"Maconacon, Isabela",,,,,,,Not client
,,,"Maddela, Quirino",,,,,,,Not client
,,,"Mahatao, Batanes",,,,,,,Not client
,,,"Mallig, Isabela",,,,,,,Not client
,,,"Nagtipunan, Quirino",,,,,,,Not client
,,,"Naguilian, Isabela",,,,,,,Not client
,,,"Palanan, Isabela",,,,,,,Not client
,,,"Pamplona, Cagayan",,,,,,,Not client
,,,"Peñablanca, Cagayan",,,,,,,Not client
,,,"Piat, Cagayan",,,,,,,Not client
,,,"Quezon, Isabela",,,,,,,Not client
,,,"Quezon, Nueva Vizcaya",,,,,,,Not client
,,,"Quirino, Isabela",,,,,,,Not client
,,,"Ramon, Isabela",,,,,,,Not client
,,,"Reina Mercedes, Isabela",,,,,,,Not client
,,,"Rizal, Cagayan",,,,,,,Not client
,,,"Roxas, Isabela",,,,,,,Not client
,,,"Sabtang, Batanes",,,,,,,Not client
,,,"Saguday, Quirino",,,,,,,Not client
,,,"San Agustin, Isabela",,,,,,,Not client
,,,"San Guillermo, Isabela",,,,,,,Not client
,,,"San Isidro, Isabela",,,,,,,Not client
,,,"San Mariano, Isabela",,,,,,,Not client
,,,"San Mateo, Isabela",,,,,,,Not client
,,,"San Pablo, Isabela",,,,,,,Not client
,,,"Santa Ana, Cagayan",,,,,,,Not client
,,,"Santa Fe, Nueva Vizcaya",,,,,,,Not client
,,,"Santa Maria, Isabela",,,,,,,Not client
,,,"Santa Praxedes, Cagayan",,,,,,,Not client
,,,"Santa Teresita, Cagayan",,,,,,,Not client
,,,"Santo Niño, Cagayan",,,,,,,Not client
,,,"Santo Tomas, Isabela",,,,,,,Not client
,,,"Solana, Cagayan",,,,,,,Not client
,,,"Solano, Nueva Vizcaya",,,,,,,Not client
,,,"Tuao, Cagayan",,,,,,,Not client
,,,"Tuguegarao City, Cagayan",,,,,,,Not client
,,,"Tumauini, Isabela",,,,,,,Not client
,,,"Uyugan, Batanes",,,,,,,Not client
,,,"Villaverde, Nueva Vizcaya",,,,,,,Not client
,,,"Abucay, Bataan",,,,,,,Not client
,,,"Anao, Tarlac",,,,,,,Not client
,,,"Angat, Bulacan",,,,,,,Not client
,,,"Apalit, Pampanga",,,,,,,Not client
,,,"Bacolor, Pampanga",,,,,,,Not client
,,,"Bagac, Bataan",,,,,,,Not client
,,,"Balagtas, Bulacan",,,,,,,Not client
,,,"Bamban, Tarlac",,,,,,,Not client
,,,"Bocaue, Bulacan",,,,,,,Not client
,,,"Botolan, Zambales",,,,,,,Not client
,,,"Bulacan, Bulacan",,,,,,,Not client
,,,"Bustos, Bulacan",,,,,,,Not client
,,,"Cabangan, Zambales",,,,,,,Not client
,,,"Cabiao, Nueva Ecija",,,,,,,Not client
,,,"Calumpit, Bulacan",,,,,,,Not client
,,,"Camiling, Tarlac",,,,,,,Not client
,,,"Candaba, Pampanga",,,,,,,Not client
,,,"Candelaria, Zambales",,,,,,,Not client
,,,"Capas, Tarlac",,,,,,,Not client
,,,"Carranglan, Nueva Ecija",,,,,,,Not client
,,,"Castillejos, Zambales",,,,,,,Not client
,,,"City of Angeles, Pampanga",,,,,,,Not client
,,,"City of Balanga, Bataan",,,,,,,Not client
,,,"City of Baliwag, Bulacan",,,,,,,Not client
,,,"City of Cabanatuan, Nueva Ecija",,,,,,,Not client
,,,"City of Gapan, Nueva Ecija",,,,,,,Not client
,,,"City of Malolos, Bulacan",,,,,,,Not client
,,,"City of Meycauayan, Bulacan",,,,,,,Not client
,,,"City of Palayan, Nueva Ecija",,,,,,,Not client
,,,"City of San Fernando, Pampanga",,,,,,,Not client
,,,"City of Tarlac, Tarlac",,,,,,,Not client
,,,"Concepcion, Tarlac",,,,,,,Not client
,,,"Cuyapo, Nueva Ecija",,,,,,,Not client
,,,"Dinalungan, Aurora",,,,,,,Not client
,,,"Dinalupihan, Bataan",,,,,,,Not client
,,,"Dingalan, Aurora",,,,,,,Not client
,,,"Dipaculao, Aurora",,,,,,,Not client
,,,"Doña Remedios Trinidad, Bulacan",,,,,,,Not client
,,,"Floridablanca, Pampanga",,,,,,,Not client
,,,"Gabaldon, Nueva Ecija",,,,,,,Not client
,,,"General Mamerto Natividad, Nueva Ecija",,,,,,,Not client
,,,"General Tinio, Nueva Ecija",,,,,,,Not client
,,,"Gerona, Tarlac",,,,,,,Not client
,,,"Guagua, Pampanga",,,,,,,Not client
,,,"Guiguinto, Bulacan",,,,,,,Not client
,,,"Guimba, Nueva Ecija",,,,,,,Not client
,,,"Hagonoy, Bulacan",,,,,,,Not client
,,,"Hermosa, Bataan",,,,,,,Not client
,,,"Iba, Zambales",,,,,,,Not client
,,,"Jaen, Nueva Ecija",,,,,,,Not client
,,,"La Paz, Tarlac",,,,,,,Not client
,,,"Laur, Nueva Ecija",,,,,,,Not client
,,,"Licab, Nueva Ecija",,,,,,,Not client
,,,"Limay, Bataan",,,,,,,Not client
,,,"Llanera, Nueva Ecija",,,,,,,Not client
,,,"Lubao, Pampanga",,,,,,,Not client
,,,"Lupao, Nueva Ecija",,,,,,,Not client
,,,"Mabalacat City, Pampanga",,,,,,,Not client
,,,"Maria Aurora, Aurora",,,,,,,Not client
,,,"Marilao, Bulacan",,,,,,,Not client
,,,"Mariveles, Bataan",,,,,,,Not client
,,,"Masantol, Pampanga",,,,,,,Not client
,,,"Masinloc, Zambales",,,,,,,Not client
,,,"Mayantoc, Tarlac",,,,,,,Not client
,,,"Minalin, Pampanga",,,,,,,Not client
,,,"Moncada, Tarlac",,,,,,,Not client
,,,"Morong, Bataan",,,,,,,Not client
,,,"Nampicuan, Nueva Ecija",,,,,,,Not client
,,,"Norzagaray, Bulacan",,,,,,,Not client
,,,"Obando, Bulacan",,,,,,,Not client
,,,"Orani, Bataan",,,,,,,Not client
,,,"Orion, Bataan",,,,,,,Not client
,,,"Palauig, Zambales",,,,,,,Not client
,,,"Pandi, Bulacan",,,,,,,Not client
,,,"Paniqui, Tarlac",,,,,,,Not client
,,,"Pantabangan, Nueva Ecija",,,,,,,Not client
,,,"Paombong, Bulacan",,,,,,,Not client
,,,"Peñaranda, Nueva Ecija",,,,,,,Not client
,,,"Pilar, Bataan",,,,,,,Not client
,,,"Plaridel, Bulacan",,,,,,,Not client
,,,"Porac, Pampanga",,,,,,,Not client
,,,"Pulilan, Bulacan",,,,,,,Not client
,,,"Pura, Tarlac",,,,,,,Not client
,,,"Quezon, Nueva Ecija",,,,,,,Not client
,,,"Ramos, Tarlac",,,,,,,Not client
,,,"Samal, Bataan",,,,,,,Not client
,,,"San Antonio, Nueva Ecija",,,,,,,Not client
,,,"San Antonio, Zambales",,,,,,,Not client
,,,"San Clemente, Tarlac",,,,,,,Not client
,,,"San Felipe, Zambales",,,,,,,Not client
,,,"San Ildefonso, Bulacan",,,,,,,Not client
,,,"San Isidro, Nueva Ecija",,,,,,,Not client
,,,"San Jose City, Nueva Ecija",,,,,,,Not client
,,,"San Jose, Tarlac",,,,,,,Not client
,,,"San Leonardo, Nueva Ecija",,,,,,,Not client
,,,"San Luis, Aurora",,,,,,,Not client
,,,"San Manuel, Tarlac",,,,,,,Not client
,,,"San Marcelino, Zambales",,,,,,,Not client
,,,"San Miguel, Bulacan",,,,,,,Not client
,,,"San Rafael, Bulacan",,,,,,,Not client
,,,"San Simon, Pampanga",,,,,,,Not client
,,,"Santa Ana, Pampanga",,,,,,,Not client
,,,"Santa Cruz, Zambales",,,,,,,Not client
,,,"Santa Ignacia, Tarlac",,,,,,,Not client
,,,"Santa Maria, Bulacan",,,,,,,Not client
,,,"Santa Rita, Pampanga",,,,,,,Not client
,,,"Santa Rosa, Nueva Ecija",,,,,,,Not client
,,,"Sasmuan, Pampanga",,,,,,,Not client
,,,"Science City of Muñoz, Nueva Ecija",,,,,,,Not client
,,,"Sto. Tomas, Pampanga",,,,,,,Not client
,,,"Subic, Zambales",,,,,,,Not client
,,,"Talavera, Nueva Ecija",,,,,,,Not client
,,,"Victoria, Tarlac",,,,,,,Not client
,,,"Zaragoza, Nueva Ecija",,,,,,,Not client
,,,"Agdangan, Quezon",,,,,,,Not client
,,,"Agoncillo, Batangas",,,,,,,Not client
,,,"Alaminos, Laguna",,,,,,,Not client
,,,"Alitagtag, Batangas",,,,,,,Not client
,,,"Angono, Rizal",,,,,,,Not client
,,,"Atimonan, Quezon",,,,,,,Not client
,,,"Balete, Batangas",,,,,,,Not client
,,,"Baras, Rizal",,,,,,,Not client
,,,"Batangas City, Batangas",,,,,,,Not client
,,,"Bauan, Batangas",,,,,,,Not client
,,,"Bay, Laguna",,,,,,,Not client
,,,"Binangonan, Rizal",,,,,,,Not client
,,,"Buenavista, Quezon",,,,,,,Not client
,,,"Burdeos, Quezon",,,,,,,Not client
,,,"Cainta, Rizal",,,,,,,Not client
,,,"Calatagan, Batangas",,,,,,,Not client
,,,"Calauag, Quezon",,,,,,,Not client
,,,"Calauan, Laguna",,,,,,,Not client
,,,"Candelaria, Quezon",,,,,,,Not client
,,,"Catanauan, Quezon",,,,,,,Not client
,,,"Cavinti, Laguna",,,,,,,Not client
,,,"City of Antipolo, Rizal",,,,,,,Not client
,,,"City of Bacoor, Cavite",,,,,,,Not client
,,,"City of Biñan, Laguna",,,,,,,Not client
,,,"City of Cabuyao, Laguna",,,,,,,Not client
,,,"City of Calaca, Batangas",,,,,,,Not client
,,,"City of Calamba, Laguna",,,,,,,Not client
,,,"City of Carmona, Cavite",,,,,,,Not client
,,,"City of Cavite, Cavite",,,,,,,Not client
,,,"City of Dasmariñas, Cavite",,,,,,,Not client
,,,"City of General Trias, Cavite",,,,,,,Not client
,,,"City of Imus, Cavite",,,,,,,Not client
,,,"City of Lipa, Batangas",,,,,,,Not client
,,,"City of Lucena, Quezon",,,,,,,Not client
,,,"City of San Pablo, Laguna",,,,,,,Not client
,,,"City of San Pedro, Laguna",,,,,,,Not client
,,,"City of Santa Rosa, Laguna",,,,,,,Not client
,,,"City of Sto. Tomas, Batangas",,,,,,,Not client
,,,"City of Tagaytay, Cavite",,,,,,,Not client
,,,"City of Tanauan, Batangas",,,,,,,Not client
,,,"City of Tayabas, Quezon",,,,,,,Not client
,,,"City of Trece Martires, Cavite",,,,,,,Not client
,,,"Cuenca, Batangas",,,,,,,Not client
,,,"Dolores, Quezon",,,,,,,Not client
,,,"Gen. Mariano Alvarez, Cavite",,,,,,,Not client
,,,"Guinayangan, Quezon",,,,,,,Not client
,,,"Ibaan, Batangas",,,,,,,Not client
,,,"Indang, Cavite",,,,,,,Not client
,,,"Jala-Jala, Rizal",,,,,,,Not client
,,,"Jomalig, Quezon",,,,,,,Not client
,,,"Kalayaan, Laguna",,,,,,,Not client
,,,"Kawit, Cavite",,,,,,,Not client
,,,"Laurel, Batangas",,,,,,,Not client
,,,"Lemery, Batangas",,,,,,,Not client
,,,"Lian, Batangas",,,,,,,Not client
,,,"Liliw, Laguna",,,,,,,Not client
,,,"Lopez, Quezon",,,,,,,Not client
,,,"Los Baños, Laguna",,,,,,,Not client
,,,"Lucban, Quezon",,,,,,,Not client
,,,"Luisiana, Laguna",,,,,,,Not client
,,,"Lumban, Laguna",,,,,,,Not client
,,,"Mabini, Batangas",,,,,,,Not client
,,,"Mabitac, Laguna",,,,,,,Not client
,,,"Macalelon, Quezon",,,,,,,Not client
,,,"Magdalena, Laguna",,,,,,,Not client
,,,"Majayjay, Laguna",,,,,,,Not client
,,,"Malvar, Batangas",,,,,,,Not client
,,,"Maragondon, Cavite",,,,,,,Not client
,,,"Mataasnakahoy, Batangas",,,,,,,Not client
,,,"Mauban, Quezon",,,,,,,Not client
,,,"Mendez, Cavite",,,,,,,Not client
,,,"Morong, Rizal",,,,,,,Not client
,,,"Mulanay, Quezon",,,,,,,Not client
,,,"Nagcarlan, Laguna",,,,,,,Not client
,,,"Nasugbu, Batangas",,,,,,,Not client
,,,"Noveleta, Cavite",,,,,,,Not client
,,,"Padre Burgos, Quezon",,,,,,,Not client
,,,"Padre Garcia, Batangas",,,,,,,Not client
,,,"Pagbilao, Quezon",,,,,,,Not client
,,,"Pagsanjan, Laguna",,,,,,,Not client
,,,"Pakil, Laguna",,,,,,,Not client
,,,"Pangil, Laguna",,,,,,,Not client
,,,"Panukulan, Quezon",,,,,,,Not client
,,,"Patnanungan, Quezon",,,,,,,Not client
,,,"Perez, Quezon",,,,,,,Not client
,,,"Pila, Laguna",,,,,,,Not client
,,,"Pililla, Rizal",,,,,,,Not client
,,,"Plaridel, Quezon",,,,,,,Not client
,,,"Real, Quezon",,,,,,,Not client
,,,"Rizal, Laguna",,,,,,,Not client
,,,"Rodriguez, Rizal",,,,,,,Not client
,,,"Rosario, Batangas",,,,,,,Not client
,,,"San Andres, Quezon",,,,,,,Not client
,,,"San Antonio, Quezon",,,,,,,Not client
,,,"San Francisco, Quezon",,,,,,,Not client
,,,"San Jose, Batangas",,,,,,,Not client
,,,"San Juan, Batangas",,,,,,,Not client
,,,"San Mateo, Rizal",,,,,,,Not client
,,,"San Narciso, Quezon",,,,,,,Not client
,,,"San Pascual, Batangas",,,,,,,Not client
,,,"Santa Cruz, Laguna",,,,,,,Not client
,,,"Santa Maria, Laguna",,,,,,,Not client
,,,"Santa Teresita, Batangas",,,,,,,Not client
,,,"Sariaya, Quezon",,,,,,,Not client
,,,"Silang, Cavite",,,,,,,Not client
,,,"Taal, Batangas",,,,,,,Not client
,,,"Tagkawayan, Quezon",,,,,,,Not client
,,,"Talisay, Batangas",,,,,,,Not client
,,,"Tanza, Cavite",,,,,,,Not client
,,,"Taysan, Batangas",,,,,,,Not client
,,,"Taytay, Rizal",,,,,,,Not client
,,,"Teresa, Rizal",,,,,,,Not client
,,,"Ternate, Cavite",,,,,,,Not client
,,,"Tiaong, Quezon",,,,,,,Not client
,,,"Tingloy, Batangas",,,,,,,Not client
,,,"Unisan, Quezon",,,,,,,Not client
,,,"Victoria, Laguna",,,,,,,Not client
,,,"Abra De Ilog, Occidental Mindoro",,,,,,,Not client
,,,"Agutaya, Palawan",,,,,,,Not client
,,,"Alcantara, Romblon",,,,,,,Not client
,,,"Araceli, Palawan",,,,,,,Not client
,,,"Balabac, Palawan",,,,,,,Not client
,,,"Banton, Romblon",,,,,,,Not client
,,,"Bataraza, Palawan",,,,,,,Not client
,,,"Boac, Marinduque",,,,,,,Not client
,,,"Brooke's Point, Palawan",,,,,,,Not client
,,,"Buenavista, Marinduque",,,,,,,Not client
,,,"Busuanga, Palawan",,,,,,,Not client
,,,"Cagayancillo, Palawan",,,,,,,Not client
,,,"Cajidiocan, Romblon",,,,,,,Not client
,,,"Calatrava, Romblon",,,,,,,Not client
,,,"Calintaan, Occidental Mindoro",,,,,,,Not client
,,,"City of Calapan, Oriental Mindoro",,,,,,,Not client
,,,"City of Puerto Princesa, Palawan",,,,,,,Not client
,,,"Concepcion, Romblon",,,,,,,Not client
,,,"Corcuera, Romblon",,,,,,,Not client
,,,"Cuyo, Palawan",,,,,,,Not client
,,,"Dumaran, Palawan",,,,,,,Not client
,,,"Gasan, Marinduque",,,,,,,Not client
,,,"Kalayaan, Palawan",,,,,,,Not client
,,,"Linapacan, Palawan",,,,,,,Not client
,,,"Lubang, Occidental Mindoro",,,,,,,Not client
,,,"Magdiwang, Romblon",,,,,,,Not client
,,,"Magsaysay, Occidental Mindoro",,,,,,,Not client
,,,"Magsaysay, Palawan",,,,,,,Not client
,,,"Mamburao, Occidental Mindoro",,,,,,,Not client
,,,"Mansalay, Oriental Mindoro",,,,,,,Not client
,,,"Mogpog, Marinduque",,,,,,,Not client
,,,"Narra, Palawan",,,,,,,Not client
,,,"Odiongan, Romblon",,,,,,,Not client
,,,"Paluan, Occidental Mindoro",,,,,,,Not client
,,,"Pola, Oriental Mindoro",,,,,,,Not client
,,,"Puerto Galera, Oriental Mindoro",,,,,,,Not client
,,,"Rizal, Occidental Mindoro",,,,,,,Not client
,,,"Romblon, Romblon",,,,,,,Not client
,,,"Roxas, Oriental Mindoro",,,,,,,Not client
,,,"Roxas, Palawan",,,,,,,Not client
,,,"Sablayan, Occidental Mindoro",,,,,,,Not client
,,,"San Agustin, Romblon",,,,,,,Not client
,,,"San Andres, Romblon",,,,,,,Not client
,,,"San Fernando, Romblon",,,,,,,Not client
,,,"San Jose, Romblon",,,,,,,Not client
,,,"Santa Cruz, Marinduque",,,,,,,Not client
,,,"Santa Cruz, Occidental Mindoro",,,,,,,Not client
,,,"Santa Fe, Romblon",,,,,,,Not client
,,,"Santa Maria, Romblon",,,,,,,Not client
,,,"Socorro, Oriental Mindoro",,,,,,,Not client
,,,"Sofronio Española, Palawan",,,,,,,Not client
,,,"Taytay, Palawan",,,,,,,Not client
,,,"Torrijos, Marinduque",,,,,,,Not client
,,,"Victoria, Oriental Mindoro",,,,,,,Not client
,,,"Aroroy, Masbate",,,,,,,Not client
,,,"Baao, Camarines Sur",,,,,,,Not client
,,,"Bacacay, Albay",,,,,,,Not client
,,,"Bagamanoc, Catanduanes",,,,,,,Not client
,,,"Balatan, Camarines Sur",,,,,,,Not client
,,,"Baleno, Masbate",,,,,,,Not client
,,,"Balud, Masbate",,,,,,,Not client
,,,"Baras, Catanduanes",,,,,,,Not client
,,,"Barcelona, Sorsogon",,,,,,,Not client
,,,"Basud, Camarines Norte",,,,,,,Not client
,,,"Bato, Camarines Sur",,,,,,,Not client
,,,"Bato, Catanduanes",,,,,,,Not client
,,,"Batuan, Masbate",,,,,,,Not client
,,,"Bombon, Camarines Sur",,,,,,,Not client
,,,"Buhi, Camarines Sur",,,,,,,Not client
,,,"Bula, Camarines Sur",,,,,,,Not client
,,,"Bulan, Sorsogon",,,,,,,Not client
,,,"Bulusan, Sorsogon",,,,,,,Not client
,,,"Cabusao, Camarines Sur",,,,,,,Not client
,,,"Calabanga, Camarines Sur",,,,,,,Not client
,,,"Camalig, Albay",,,,,,,Not client
,,,"Camaligan, Camarines Sur",,,,,,,Not client
,,,"Canaman, Camarines Sur",,,,,,,Not client
,,,"Capalonga, Camarines Norte",,,,,,,Not client
,,,"Caramoan, Camarines Sur",,,,,,,Not client
,,,"Caramoran, Catanduanes",,,,,,,Not client
,,,"Casiguran, Sorsogon",,,,,,,Not client
,,,"Castilla, Sorsogon",,,,,,,Not client
,,,"Cataingan, Masbate",,,,,,,Not client
,,,"Cawayan, Masbate",,,,,,,Not client
,,,"City of Iriga, Camarines Sur",,,,,,,Not client
,,,"City of Legazpi, Albay",,,,,,,Not client
,,,"City of Ligao, Albay",,,,,,,Not client
,,,"City of Masbate, Masbate",,,,,,,Not client
,,,"City of Naga, Camarines Sur",,,,,,,Not client
,,,"City of Sorsogon, Sorsogon",,,,,,,Not client
,,,"City of Tabaco, Albay",,,,,,,Not client
,,,"Claveria, Masbate",,,,,,,Not client
,,,"Daet, Camarines Norte",,,,,,,Not client
,,,"Daraga, Albay",,,,,,,Not client
,,,"Del Gallego, Camarines Sur",,,,,,,Not client
,,,"Dimasalang, Masbate",,,,,,,Not client
,,,"Donsol, Sorsogon",,,,,,,Not client
,,,"Esperanza, Masbate",,,,,,,Not client
,,,"Gainza, Camarines Sur",,,,,,,Not client
,,,"Garchitorena, Camarines Sur",,,,,,,Not client
,,,"Gigmoto, Catanduanes",,,,,,,Not client
,,,"Goa, Camarines Sur",,,,,,,Not client
,,,"Gubat, Sorsogon",,,,,,,Not client
,,,"Guinobatan, Albay",,,,,,,Not client
,,,"Irosin, Sorsogon",,,,,,,Not client
,,,"Jose Panganiban, Camarines Norte",,,,,,,Not client
,,,"Jovellar, Albay",,,,,,,Not client
,,,"Juban, Sorsogon",,,,,,,Not client
,,,"Labo, Camarines Norte",,,,,,,Not client
,,,"Lagonoy, Camarines Sur",,,,,,,Not client
,,,"Libmanan, Camarines Sur",,,,,,,Not client
,,,"Libon, Albay",,,,,,,Not client
,,,"Lupi, Camarines Sur",,,,,,,Not client
,,,"Magallanes, Sorsogon",,,,,,,Not client
,,,"Magarao, Camarines Sur",,,,,,,Not client
,,,"Malilipot, Albay",,,,,,,Not client
,,,"Malinao, Albay",,,,,,,Not client
,,,"Mandaon, Masbate",,,,,,,Not client
,,,"Manito, Albay",,,,,,,Not client
,,,"Matnog, Sorsogon",,,,,,,Not client
,,,"Mercedes, Camarines Norte",,,,,,,Not client
,,,"Milagros, Masbate",,,,,,,Not client
,,,"Milaor, Camarines Sur",,,,,,,Not client
,,,"Minalabac, Camarines Sur",,,,,,,Not client
,,,"Mobo, Masbate",,,,,,,Not client
,,,"Monreal, Masbate",,,,,,,Not client
,,,"Nabua, Camarines Sur",,,,,,,Not client
,,,"Oas, Albay",,,,,,,Not client
,,,"Ocampo, Camarines Sur",,,,,,,Not client
,,,"Palanas, Masbate",,,,,,,Not client
,,,"Pamplona, Camarines Sur",,,,,,,Not client
,,,"Pandan, Catanduanes",,,,,,,Not client
,,,"Panganiban, Catanduanes",,,,,,,Not client
,,,"Paracale, Camarines Norte",,,,,,,Not client
,,,"Pasacao, Camarines Sur",,,,,,,Not client
,,,"Pilar, Sorsogon",,,,,,,Not client
,,,"Pili, Camarines Sur",,,,,,,Not client
,,,"Pio Duran, Albay",,,,,,,Not client
,,,"Pio V. Corpus, Masbate",,,,,,,Not client
,,,"Placer, Masbate",,,,,,,Not client
,,,"Polangui, Albay",,,,,,,Not client
,,,"Presentacion, Camarines Sur",,,,,,,Not client
,,,"Prieto Diaz, Sorsogon",,,,,,,Not client
,,,"Ragay, Camarines Sur",,,,,,,Not client
,,,"Rapu-Rapu, Albay",,,,,,,Not client
,,,"Sagñay, Camarines Sur",,,,,,,Not client
,,,"San Andres, Catanduanes",,,,,,,Not client
,,,"San Fernando, Camarines Sur",,,,,,,Not client
,,,"San Fernando, Masbate",,,,,,,Not client
,,,"San Jacinto, Masbate",,,,,,,Not client
,,,"San Jose, Camarines Sur",,,,,,,Not client
,,,"San Lorenzo Ruiz, Camarines Norte",,,,,,,Not client
,,,"San Miguel, Catanduanes",,,,,,,Not client
,,,"San Pascual, Masbate",,,,,,,Not client
,,,"San Vicente, Camarines Norte",,,,,,,Not client
,,,"Santa Elena, Camarines Norte",,,,,,,Not client
,,,"Santa Magdalena, Sorsogon",,,,,,,Not client
,,,"Santo Domingo, Albay",,,,,,,Not client
,,,"Sipocot, Camarines Sur",,,,,,,Not client
,,,"Siruma, Camarines Sur",,,,,,,Not client
,,,"Talisay, Camarines Norte",,,,,,,Not client
,,,"Tigaon, Camarines Sur",,,,,,,Not client
,,,"Tinambac, Camarines Sur",,,,,,,Not client
,,,"Tiwi, Albay",,,,,,,Not client
,,,"Uson, Masbate",,,,,,,Not client
,,,"Viga, Catanduanes",,,,,,,Not client
,,,"Vinzons, Camarines Norte",,,,,,,Not client
,,,"Virac, Catanduanes",,,,,,,Not client
,,,"Ajuy, Iloilo",,,,,,,Not client
,,,"Alimodian, Iloilo",,,,,,,Not client
,,,"Altavas, Aklan",,,,,,,Not client
,,,"Anilao, Iloilo",,,,,,,Not client
,,,"Anini-Y, Antique",,,,,,,Not client
,,,"Badiangan, Iloilo",,,,,,,Not client
,,,"Balasan, Iloilo",,,,,,,Not client
,,,"Balete, Aklan",,,,,,,Not client
,,,"Banate, Iloilo",,,,,,,Not client
,,,"Banga, Aklan",,,,,,,Not client
,,,"Barotac Nuevo, Iloilo",,,,,,,Not client
,,,"Barotac Viejo, Iloilo",,,,,,,Not client
,,,"Batad, Iloilo",,,,,,,Not client
,,,"Batan, Aklan",,,,,,,Not client
,,,"Belison, Antique",,,,,,,Not client
,,,"Bingawan, Iloilo",,,,,,,Not client
,,,"Buenavista, Guimaras",,,,,,,Not client
,,,"Bugasong, Antique",,,,,,,Not client
,,,"Buruanga, Aklan",,,,,,,Not client
,,,"Calinog, Iloilo",,,,,,,Not client
,,,"Caluya, Antique",,,,,,,Not client
,,,"Carles, Iloilo",,,,,,,Not client
,,,"City of Iloilo, Iloilo",,,,,,,Not client
,,,"City of Passi, Iloilo",,,,,,,Not client
,,,"City of Roxas, Capiz",,,,,,,Not client
,,,"Concepcion, Iloilo",,,,,,,Not client
,,,"Cuartero, Capiz",,,,,,,Not client
,,,"Culasi, Antique",,,,,,,Not client
,,,"Dao, Capiz",,,,,,,Not client
,,,"Dingle, Iloilo",,,,,,,Not client
,,,"Dueñas, Iloilo",,,,,,,Not client
,,,"Dumalag, Capiz",,,,,,,Not client
,,,"Dumangas, Iloilo",,,,,,,Not client
,,,"Dumarao, Capiz",,,,,,,Not client
,,,"Estancia, Iloilo",,,,,,,Not client
,,,"Guimbal, Iloilo",,,,,,,Not client
,,,"Hamtic, Antique",,,,,,,Not client
,,,"Ibajay, Aklan",,,,,,,Not client
,,,"Igbaras, Iloilo",,,,,,,Not client
,,,"Ivisan, Capiz",,,,,,,Not client
,,,"Jamindan, Capiz",,,,,,,Not client
,,,"Janiuay, Iloilo",,,,,,,Not client
,,,"Jordan, Guimaras",,,,,,,Not client
,,,"Kalibo, Aklan",,,,,,,Not client
,,,"Lambunao, Iloilo",,,,,,,Not client
,,,"Leganes, Iloilo",,,,,,,Not client
,,,"Lemery, Iloilo",,,,,,,Not client
,,,"Leon, Iloilo",,,,,,,Not client
,,,"Lezo, Aklan",,,,,,,Not client
,,,"Libacao, Aklan",,,,,,,Not client
,,,"Libertad, Antique",,,,,,,Not client
,,,"Ma-Ayon, Capiz",,,,,,,Not client
,,,"Maasin, Iloilo",,,,,,,Not client
,,,"Madalag, Aklan",,,,,,,Not client
,,,"Makato, Aklan",,,,,,,Not client
,,,"Malinao, Aklan",,,,,,,Not client
,,,"Mambusao, Capiz",,,,,,,Not client
,,,"Miagao, Iloilo",,,,,,,Not client
,,,"Mina, Iloilo",,,,,,,Not client
,,,"Nabas, Aklan",,,,,,,Not client
,,,"New Lucena, Iloilo",,,,,,,Not client
,,,"New Washington, Aklan",,,,,,,Not client
,,,"Nueva Valencia, Guimaras",,,,,,,Not client
,,,"Numancia, Aklan",,,,,,,Not client
,,,"Oton, Iloilo",,,,,,,Not client
,,,"Panay, Capiz",,,,,,,Not client
,,,"Pandan, Antique",,,,,,,Not client
,,,"Panitan, Capiz",,,,,,,Not client
,,,"Patnongon, Antique",,,,,,,Not client
,,,"Pavia, Iloilo",,,,,,,Not client
,,,"Pilar, Capiz",,,,,,,Not client
,,,"Pontevedra, Capiz",,,,,,,Not client
,,,"Pototan, Iloilo",,,,,,,Not client
,,,"President Roxas, Capiz",,,,,,,Not client
,,,"San Dionisio, Iloilo",,,,,,,Not client
,,,"San Enrique, Iloilo",,,,,,,Not client
,,,"San Jose, Antique",,,,,,,Not client
,,,"San Lorenzo, Guimaras",,,,,,,Not client
,,,"San Rafael, Iloilo",,,,,,,Not client
,,,"San Remigio, Antique",,,,,,,Not client
,,,"Santa Barbara, Iloilo",,,,,,,Not client
,,,"Sapi-An, Capiz",,,,,,,Not client
,,,"Sebaste, Antique",,,,,,,Not client
,,,"Sibunag, Guimaras",,,,,,,Not client
,,,"Sigma, Capiz",,,,,,,Not client
,,,"Tapaz, Capiz",,,,,,,Not client
,,,"Tibiao, Antique",,,,,,,Not client
,,,"Tigbauan, Iloilo",,,,,,,Not client
,,,"Tobias Fornier, Antique",,,,,,,Not client
,,,"Tubungan, Iloilo",,,,,,,Not client
,,,"Valderrama, Antique",,,,,,,Not client
,,,"Zarraga, Iloilo",,,,,,,Not client
,,,"Alburquerque, Bohol",,,,,,,Not client
,,,"Alcantara, Cebu",,,,,,,Not client
,,,"Alegria, Cebu",,,,,,,Not client
,,,"Alicia, Bohol",,,,,,,Not client
,,,"Aloguinsan, Cebu",,,,,,,Not client
,,,"Anda, Bohol",,,,,,,Not client
,,,"Antequera, Bohol",,,,,,,Not client
,,,"Asturias, Cebu",,,,,,,Not client
,,,"Baclayon, Bohol",,,,,,,Not client
,,,"Badian, Cebu",,,,,,,Not client
,,,"Balamban, Cebu",,,,,,,Not client
,,,"Balilihan, Bohol",,,,,,,Not client
,,,"Bantayan, Cebu",,,,,,,Not client
,,,"Barili, Cebu",,,,,,,Not client
,,,"Batuan, Bohol",,,,,,,Not client
,,,"Bien Unido, Bohol",,,,,,,Not client
,,,"Bilar, Bohol",,,,,,,Not client
,,,"Boljoon, Cebu",,,,,,,Not client
,,,"Borbon, Cebu",,,,,,,Not client
,,,"Buenavista, Bohol",,,,,,,Not client
,,,"Calape, Bohol",,,,,,,Not client
,,,"Candijay, Bohol",,,,,,,Not client
,,,"Carmen, Bohol",,,,,,,Not client
,,,"Carmen, Cebu",,,,,,,Not client
,,,"Catigbian, Bohol",,,,,,,Not client
,,,"Catmon, Cebu",,,,,,,Not client
,,,"City of Bogo, Cebu",,,,,,,Not client
,,,"City of Carcar, Cebu",,,,,,,Not client
,,,"City of Cebu, Cebu",,,,,,,Not client
,,,"City of Lapu-Lapu, Cebu",,,,,,,Not client
,,,"City of Mandaue, Cebu",,,,,,,Not client
,,,"City of Naga, Cebu",,,,,,,Not client
,,,"City of Tagbilaran, Bohol",,,,,,,Not client
,,,"City of Talisay, Cebu",,,,,,,Not client
,,,"City of Toledo, Cebu",,,,,,,Not client
,,,"Clarin, Bohol",,,,,,,Not client
,,,"Compostela, Cebu",,,,,,,Not client
,,,"Consolacion, Cebu",,,,,,,Not client
,,,"Cordova, Cebu",,,,,,,Not client
,,,"Corella, Bohol",,,,,,,Not client
,,,"Cortes, Bohol",,,,,,,Not client
,,,"Daanbantayan, Cebu",,,,,,,Not client
,,,"Dagohoy, Bohol",,,,,,,Not client
,,,"Dalaguete, Cebu",,,,,,,Not client
,,,"Danao City, Cebu",,,,,,,Not client
,,,"Danao, Bohol",,,,,,,Not client
,,,"Dauis, Bohol",,,,,,,Not client
,,,"Dimiao, Bohol",,,,,,,Not client
,,,"Duero, Bohol",,,,,,,Not client
,,,"Dumanjug, Cebu",,,,,,,Not client
,,,"Garcia Hernandez, Bohol",,,,,,,Not client
,,,"Getafe, Bohol",,,,,,,Not client
,,,"Ginatilan, Cebu",,,,,,,Not client
,,,"Guindulman, Bohol",,,,,,,Not client
,,,"Inabanga, Bohol",,,,,,,Not client
,,,"Lila, Bohol",,,,,,,Not client
,,,"Liloan, Cebu",,,,,,,Not client
,,,"Loay, Bohol",,,,,,,Not client
,,,"Loboc, Bohol",,,,,,,Not client
,,,"Loon, Bohol",,,,,,,Not client
,,,"Mabini, Bohol",,,,,,,Not client
,,,"Malabuyoc, Cebu",,,,,,,Not client
,,,"Maribojoc, Bohol",,,,,,,Not client
,,,"Medellin, Cebu",,,,,,,Not client
,,,"Minglanilla, Cebu",,,,,,,Not client
,,,"Moalboal, Cebu",,,,,,,Not client
,,,"Oslob, Cebu",,,,,,,Not client
,,,"Panglao, Bohol",,,,,,,Not client
,,,"Pilar, Bohol",,,,,,,Not client
,,,"Pilar, Cebu",,,,,,,Not client
,,,"Poro, Cebu",,,,,,,Not client
,,,"President Carlos P. Garcia, Bohol",,,,,,,Not client
,,,"Ronda, Cebu",,,,,,,Not client
,,,"Sagbayan, Bohol",,,,,,,Not client
,,,"Samboan, Cebu",,,,,,,Not client
,,,"San Fernando, Cebu",,,,,,,Not client
,,,"San Isidro, Bohol",,,,,,,Not client
,,,"San Miguel, Bohol",,,,,,,Not client
,,,"San Remigio, Cebu",,,,,,,Not client
,,,"Santa Fe, Cebu",,,,,,,Not client
,,,"Santander, Cebu",,,,,,,Not client
,,,"Sevilla, Bohol",,,,,,,Not client
,,,"Sibonga, Cebu",,,,,,,Not client
,,,"Sierra Bullones, Bohol",,,,,,,Not client
,,,"Sikatuna, Bohol",,,,,,,Not client
,,,"Sogod, Cebu",,,,,,,Not client
,,,"Tabogon, Cebu",,,,,,,Not client
,,,"Tabuelan, Cebu",,,,,,,Not client
,,,"Talibon, Bohol",,,,,,,Not client
,,,"Trinidad, Bohol",,,,,,,Not client
,,,"Tubigon, Bohol",,,,,,,Not client
,,,"Tudela, Cebu",,,,,,,Not client
,,,"Ubay, Bohol",,,,,,,Not client
,,,"Valencia, Bohol",,,,,,,Not client
,,,"Alangalang, Leyte",,,,,,,Not client
,,,"Albuera, Leyte",,,,,,,Not client
,,,"Allen, Northern Samar",,,,,,,Not client
,,,"Almagro, Samar",,,,,,,Not client
,,,"Almeria, Biliran",,,,,,,Not client
,,,"Anahawan, Southern Leyte",,,,,,,Not client
,,,"Arteche, Eastern Samar",,,,,,,Not client
,,,"Babatngon, Leyte",,,,,,,Not client
,,,"Balangiga, Eastern Samar",,,,,,,Not client
,,,"Balangkayan, Eastern Samar",,,,,,,Not client
,,,"Barugo, Leyte",,,,,,,Not client
,,,"Basey, Samar",,,,,,,Not client
,,,"Bato, Leyte",,,,,,,Not client
,,,"Biliran, Biliran",,,,,,,Not client
,,,"Biri, Northern Samar",,,,,,,Not client
,,,"Bobon, Northern Samar",,,,,,,Not client
,,,"Bontoc, Southern Leyte",,,,,,,Not client
,,,"Burauen, Leyte",,,,,,,Not client
,,,"Cabucgayan, Biliran",,,,,,,Not client
,,,"Caibiran, Biliran",,,,,,,Not client
,,,"Calubian, Leyte",,,,,,,Not client
,,,"Can-Avid, Eastern Samar",,,,,,,Not client
,,,"Capoocan, Leyte",,,,,,,Not client
,,,"Capul, Northern Samar",,,,,,,Not client
,,,"Carigara, Leyte",,,,,,,Not client
,,,"Catarman, Northern Samar",,,,,,,Not client
,,,"Catubig, Northern Samar",,,,,,,Not client
,,,"City of Baybay, Leyte",,,,,,,Not client
,,,"City of Calbayog, Samar",,,,,,,Not client
,,,"City of Catbalogan, Samar",,,,,,,Not client
,,,"City of Maasin, Southern Leyte",,,,,,,Not client
,,,"City of Tacloban, Leyte",,,,,,,Not client
,,,"Culaba, Biliran",,,,,,,Not client
,,,"Dagami, Leyte",,,,,,,Not client
,,,"Daram, Samar",,,,,,,Not client
,,,"Dolores, Eastern Samar",,,,,,,Not client
,,,"Dulag, Leyte",,,,,,,Not client
,,,"Gamay, Northern Samar",,,,,,,Not client
,,,"Gandara, Samar",,,,,,,Not client
,,,"General Macarthur, Eastern Samar",,,,,,,Not client
,,,"Giporlos, Eastern Samar",,,,,,,Not client
,,,"Guiuan, Eastern Samar",,,,,,,Not client
,,,"Hernani, Eastern Samar",,,,,,,Not client
,,,"Hilongos, Leyte",,,,,,,Not client
,,,"Hinabangan, Samar",,,,,,,Not client
,,,"Hindang, Leyte",,,,,,,Not client
,,,"Hinunangan, Southern Leyte",,,,,,,Not client
,,,"Hinundayan, Southern Leyte",,,,,,,Not client
,,,"Inopacan, Leyte",,,,,,,Not client
,,,"Isabel, Leyte",,,,,,,Not client
,,,"Jaro, Leyte",,,,,,,Not client
,,,"Javier, Leyte",,,,,,,Not client
,,,"Jiabong, Samar",,,,,,,Not client
,,,"Jipapad, Eastern Samar",,,,,,,Not client
,,,"Julita, Leyte",,,,,,,Not client
,,,"Kananga, Leyte",,,,,,,Not client
,,,"Kawayan, Biliran",,,,,,,Not client
,,,"La Paz, Leyte",,,,,,,Not client
,,,"Laoang, Northern Samar",,,,,,,Not client
,,,"Lapinig, Northern Samar",,,,,,,Not client
,,,"Las Navas, Northern Samar",,,,,,,Not client
,,,"Lavezares, Northern Samar",,,,,,,Not client
,,,"Lawaan, Eastern Samar",,,,,,,Not client
,,,"Leyte, Leyte",,,,,,,Not client
,,,"Libagon, Southern Leyte",,,,,,,Not client
,,,"Liloan, Southern Leyte",,,,,,,Not client
,,,"Limasawa, Southern Leyte",,,,,,,Not client
,,,"Llorente, Eastern Samar",,,,,,,Not client
,,,"Lope De Vega, Northern Samar",,,,,,,Not client
,,,"Macarthur, Leyte",,,,,,,Not client
,,,"Macrohon, Southern Leyte",,,,,,,Not client
,,,"Mahaplag, Leyte",,,,,,,Not client
,,,"Malitbog, Southern Leyte",,,,,,,Not client
,,,"Mapanas, Northern Samar",,,,,,,Not client
,,,"Marabut, Samar",,,,,,,Not client
,,,"Maripipi, Biliran",,,,,,,Not client
,,,"Maslog, Eastern Samar",,,,,,,Not client
,,,"Matag-Ob, Leyte",,,,,,,Not client
,,,"Matalom, Leyte",,,,,,,Not client
,,,"Matuguinao, Samar",,,,,,,Not client
,,,"Maydolong, Eastern Samar",,,,,,,Not client
,,,"Mayorga, Leyte",,,,,,,Not client
,,,"Mercedes, Eastern Samar",,,,,,,Not client
,,,"Merida, Leyte",,,,,,,Not client
,,,"Motiong, Samar",,,,,,,Not client
,,,"Naval, Biliran",,,,,,,Not client
,,,"Oras, Eastern Samar",,,,,,,Not client
,,,"Ormoc City, Leyte",,,,,,,Not client
,,,"Padre Burgos, Southern Leyte",,,,,,,Not client
,,,"Pagsanghan, Samar",,,,,,,Not client
,,,"Palapag, Northern Samar",,,,,,,Not client
,,,"Palo, Leyte",,,,,,,Not client
,,,"Palompon, Leyte",,,,,,,Not client
,,,"Pambujan, Northern Samar",,,,,,,Not client
,,,"Pinabacdao, Samar",,,,,,,Not client
,,,"Pintuyan, Southern Leyte",,,,,,,Not client
,,,"Quinapondan, Eastern Samar",,,,,,,Not client
,,,"Rosario, Northern Samar",,,,,,,Not client
,,,"Saint Bernard, Southern Leyte",,,,,,,Not client
,,,"Salcedo, Eastern Samar",,,,,,,Not client
,,,"San Antonio, Northern Samar",,,,,,,Not client
,,,"San Francisco, Southern Leyte",,,,,,,Not client
,,,"San Isidro, Leyte",,,,,,,Not client
,,,"San Isidro, Northern Samar",,,,,,,Not client
,,,"San Jorge, Samar",,,,,,,Not client
,,,"San Jose De Buan, Samar",,,,,,,Not client
,,,"San Jose, Northern Samar",,,,,,,Not client
,,,"San Juan, Southern Leyte",,,,,,,Not client
,,,"San Julian, Eastern Samar",,,,,,,Not client
,,,"San Miguel, Leyte",,,,,,,Not client
,,,"San Policarpo, Eastern Samar",,,,,,,Not client
,,,"San Ricardo, Southern Leyte",,,,,,,Not client
,,,"San Sebastian, Samar",,,,,,,Not client
,,,"San Vicente, Northern Samar",,,,,,,Not client
,,,"Santa Fe, Leyte",,,,,,,Not client
,,,"Santa Rita, Samar",,,,,,,Not client
,,,"Santo Niño, Samar",,,,,,,Not client
,,,"Silago, Southern Leyte",,,,,,,Not client
,,,"Silvino Lobos, Northern Samar",,,,,,,Not client
,,,"Sulat, Eastern Samar",,,,,,,Not client
,,,"Tabango, Leyte",,,,,,,Not client
,,,"Tabontabon, Leyte",,,,,,,Not client
,,,"Taft, Eastern Samar",,,,,,,Not client
,,,"Tagapul-An, Samar",,,,,,,Not client
,,,"Talalora, Samar",,,,,,,Not client
,,,"Tanauan, Leyte",,,,,,,Not client
,,,"Tarangnan, Samar",,,,,,,Not client
,,,"Tolosa, Leyte",,,,,,,Not client
,,,"Tomas Oppus, Southern Leyte",,,,,,,Not client
,,,"Tunga, Leyte",,,,,,,Not client
,,,"Victoria, Northern Samar",,,,,,,Not client
,,,"Villaba, Leyte",,,,,,,Not client
,,,"Villareal, Samar",,,,,,,Not client
,,,"Zumarraga, Samar",,,,,,,Not client
,,,"Alicia, Zamboanga Sibugay",,,,,,,Not client
,,,"Aurora, Zamboanga del Sur",,,,,,,Not client
,,,"Baliguian, Zamboanga del Norte",,,,,,,Not client
,,,"Bayog, Zamboanga del Sur",,,,,,,Not client
,,,"Buug, Zamboanga Sibugay",,,,,,,Not client
,,,"City of Dapitan, Zamboanga del Norte",,,,,,,Not client
,,,"City of Dipolog, Zamboanga del Norte",,,,,,,Not client
,,,"City of Isabela, Basilan",,,,,,,Not client
,,,"City of Pagadian, Zamboanga del Sur",,,,,,,Not client
,,,"City of Zamboanga, Zamboanga del Sur",,,,,,,Not client
,,,"Dimataling, Zamboanga del Sur",,,,,,,Not client
,,,"Dinas, Zamboanga del Sur",,,,,,,Not client
,,,"Diplahan, Zamboanga Sibugay",,,,,,,Not client
,,,"Dumalinao, Zamboanga del Sur",,,,,,,Not client
,,,"Dumingag, Zamboanga del Sur",,,,,,,Not client
,,,"Godod, Zamboanga del Norte",,,,,,,Not client
,,,"Guipos, Zamboanga del Sur",,,,,,,Not client
,,,"Gutalac, Zamboanga del Norte",,,,,,,Not client
,,,"Imelda, Zamboanga Sibugay",,,,,,,Not client
,,,"Ipil, Zamboanga Sibugay",,,,,,,Not client
,,,"Jose Dalman, Zamboanga del Norte",,,,,,,Not client
,,,"Josefina, Zamboanga del Sur",,,,,,,Not client
,,,"Kabasalan, Zamboanga Sibugay",,,,,,,Not client
,,,"Kalawit, Zamboanga del Norte",,,,,,,Not client
,,,"Katipunan, Zamboanga del Norte",,,,,,,Not client
,,,"Kumalarang, Zamboanga del Sur",,,,,,,Not client
,,,"La Libertad, Zamboanga del Norte",,,,,,,Not client
,,,"Labangan, Zamboanga del Sur",,,,,,,Not client
,,,"Labason, Zamboanga del Norte",,,,,,,Not client
,,,"Lakewood, Zamboanga del Sur",,,,,,,Not client
,,,"Lapuyan, Zamboanga del Sur",,,,,,,Not client
,,,"Leon B. Postigo (Bacungan), Zamboanga del Norte",,,,,,,Not client
,,,"Liloy, Zamboanga del Norte",,,,,,,Not client
,,,"Mabuhay, Zamboanga Sibugay",,,,,,,Not client
,,,"Mahayag, Zamboanga del Sur",,,,,,,Not client
,,,"Malangas, Zamboanga Sibugay",,,,,,,Not client
,,,"Manukan, Zamboanga del Norte",,,,,,,Not client
,,,"Margosatubig, Zamboanga del Sur",,,,,,,Not client
,,,"Midsalip, Zamboanga del Sur",,,,,,,Not client
,,,"Molave, Zamboanga del Sur",,,,,,,Not client
,,,"Mutia, Zamboanga del Norte",,,,,,,Not client
,,,"Naga, Zamboanga Sibugay",,,,,,,Not client
,,,"Olutanga, Zamboanga Sibugay",,,,,,,Not client
,,,"Payao, Zamboanga Sibugay",,,,,,,Not client
,,,"Piñan, Zamboanga del Norte",,,,,,,Not client
,,,"Pitogo, Zamboanga del Sur",,,,,,,Not client
,,,"Polanco, Zamboanga del Norte",,,,,,,Not client
,,,"Pres. Manuel A. Roxas, Zamboanga del Norte",,,,,,,Not client
,,,"Ramon Magsaysay, Zamboanga del Sur",,,,,,,Not client
,,,"Rizal, Zamboanga del Norte",,,,,,,Not client
,,,"Roseller Lim, Zamboanga Sibugay",,,,,,,Not client
,,,"Salug, Zamboanga del Norte",,,,,,,Not client
,,,"San Miguel, Zamboanga del Sur",,,,,,,Not client
,,,"San Pablo, Zamboanga del Sur",,,,,,,Not client
,,,"Sergio Osmeña Sr., Zamboanga del Norte",,,,,,,Not client
,,,"Siay, Zamboanga Sibugay",,,,,,,Not client
,,,"Siayan, Zamboanga del Norte",,,,,,,Not client
,,,"Sibuco, Zamboanga del Norte",,,,,,,Not client
,,,"Sibutad, Zamboanga del Norte",,,,,,,Not client
,,,"Sindangan, Zamboanga del Norte",,,,,,,Not client
,,,"Siocon, Zamboanga del Norte",,,,,,,Not client
,,,"Sirawai, Zamboanga del Norte",,,,,,,Not client
,,,"Sominot, Zamboanga del Sur",,,,,,,Not client
,,,"Tabina, Zamboanga del Sur",,,,,,,Not client
,,,"Talusan, Zamboanga Sibugay",,,,,,,Not client
,,,"Tambulig, Zamboanga del Sur",,,,,,,Not client
,,,"Tampilisan, Zamboanga del Norte",,,,,,,Not client
,,,"Tigbao, Zamboanga del Sur",,,,,,,Not client
,,,"Titay, Zamboanga Sibugay",,,,,,,Not client
,,,"Tukuran, Zamboanga del Sur",,,,,,,Not client
,,,"Tungawan, Zamboanga Sibugay",,,,,,,Not client
,,,"Vincenzo A. Sagun, Zamboanga del Sur",,,,,,,Not client